Date (GMT+1);Non-Renewable;Renewable;Day Ahead Auction (DK1);Day Ahead Auction (DK2)
2024-01-01T00:00+01:00;490.645;3652.345;16.99;29.13
2024-01-01T01:00+01:00;484.565;3405.305;28.14;28.46
2024-01-01T02:00+01:00;497.275;3395.285;26.66;26.66
2024-01-01T03:00+01:00;486.195;3343.325;4.14;24.48
2024-01-01T04:00+01:00;489.21;2965.22;-0.03;24.01
2024-01-01T05:00+01:00;486.39;2946.24;-0.02;15.88
2024-01-01T06:00+01:00;498.935;2850.495;-0.05;15.87
2024-01-01T07:00+01:00;537.6;2925.97;-0.02;22.04
2024-01-01T08:00+01:00;544.185;2778.115;0;25.42
2024-01-01T09:00+01:00;568.37;3185.47;0.08;32.21
2024-01-01T10:00+01:00;645.25;3258.95;41.34;41.34
2024-01-01T11:00+01:00;656.655;3185.745;43.51;43.51
2024-01-01T12:00+01:00;664.86;3013.89;43.02;43.02
2024-01-01T13:00+01:00;671.14;2930.33;44.29;44.29
2024-01-01T14:00+01:00;664.535;2668.095;46.24;46.24
2024-01-01T15:00+01:00;702.795;2842.775;50.61;50.61
2024-01-01T16:00+01:00;835.34;3139.12;59.47;59.47
2024-01-01T17:00+01:00;905.155;3086.765;64.99;64.99
2024-01-01T18:00+01:00;903.595;3117.905;61.74;61.74
2024-01-01T19:00+01:00;889.795;3311.005;61.27;55.07
2024-01-01T20:00+01:00;718.935;3367.015;59.97;48.01
2024-01-01T21:00+01:00;685.23;3446.34;54.92;44.01
2024-01-01T22:00+01:00;677.195;3473.175;47.65;45.2
2024-01-01T23:00+01:00;603.85;3491.79;35.55;38
2024-01-02T00:00+01:00;572.14;3229.23;30.59;38
2024-01-02T01:00+01:00;565.62;2969.14;20.07;33.56
2024-01-02T02:00+01:00;558.665;2887.075;31.03;32.03
2024-01-02T03:00+01:00;545.12;2968.23;18.39;32.29
2024-01-02T04:00+01:00;559.17;3033.64;11.08;36.7
2024-01-02T05:00+01:00;621.255;3490.625;13.78;41.72
2024-01-02T06:00+01:00;672.3;3993.3;47.63;49.18
2024-01-02T07:00+01:00;884.61;4365.82;58.1;58.75
2024-01-02T08:00+01:00;947.48;4776.35;65.67;65.67
2024-01-02T09:00+01:00;955.895;5169.315;64.73;66.11
2024-01-02T10:00+01:00;1067.175;5633.805;68.98;68.98
2024-01-02T11:00+01:00;1088.045;5984.035;73.54;73.54
2024-01-02T12:00+01:00;1091.75;6243.47;78.16;78.16
2024-01-02T13:00+01:00;1081.965;6481.675;78.87;78.87
2024-01-02T14:00+01:00;1126.175;6710.225;79.24;79.24
2024-01-02T15:00+01:00;1239.33;6814.84;79.96;79.96
2024-01-02T16:00+01:00;1260.295;6982.795;81.46;81.46
2024-01-02T17:00+01:00;1200.315;7028.945;80.92;80.92
2024-01-02T18:00+01:00;1145.52;7071.9;74.95;74.95
2024-01-02T19:00+01:00;1004.325;7024.615;63.18;63.18
2024-01-02T20:00+01:00;954.755;7049.645;57.11;57.11
2024-01-02T21:00+01:00;753.435;6920.585;46.89;48.04
2024-01-02T22:00+01:00;711.61;6829.97;40;40
2024-01-02T23:00+01:00;608.51;6700.03;21.81;30
2024-01-03T00:00+01:00;495.94;6699.89;1.04;20
2024-01-03T01:00+01:00;493.36;6561.99;-0.01;15.87
2024-01-03T02:00+01:00;514.61;6548.19;0;15.88
2024-01-03T03:00+01:00;497.31;6300.45;-0.01;15.88
2024-01-03T04:00+01:00;479.905;6070.665;0;15.94
2024-01-03T05:00+01:00;488.35;5986.76;0.02;20.04
2024-01-03T06:00+01:00;513.675;6221.255;1.09;49.44
2024-01-03T07:00+01:00;649.35;6393.08;40.59;53.53
2024-01-03T08:00+01:00;875.965;6574.545;59.61;63.48
2024-01-03T09:00+01:00;812.19;6554.51;60.61;64.99
2024-01-03T10:00+01:00;814.915;6560.365;57;60.19
2024-01-03T11:00+01:00;838.14;6566.62;54.89;59.96
2024-01-03T12:00+01:00;889.165;6521.875;59.8;59.8
2024-01-03T13:00+01:00;940.065;6411.815;58.86;58.86
2024-01-03T14:00+01:00;948.225;6365.865;60.86;64.99
2024-01-03T15:00+01:00;1060.36;6327.06;67.18;68.83
2024-01-03T16:00+01:00;1224.52;6306.71;73.59;73.59
2024-01-03T17:00+01:00;1310.7;6319.63;82.28;82.28
2024-01-03T18:00+01:00;1316.81;6225.28;82.97;82.97
2024-01-03T19:00+01:00;1321.935;6196.385;79.03;79.03
2024-01-03T20:00+01:00;1277.51;6039.85;73.23;73.23
2024-01-03T21:00+01:00;1017.125;5980.485;67.41;67.41
2024-01-03T22:00+01:00;934.335;6063.605;65;65
2024-01-03T23:00+01:00;899.755;6028.135;58.12;58.12
2024-01-04T00:00+01:00;882.08;5977.8;57.3;58.71
2024-01-04T01:00+01:00;865.42;5909.07;50.46;53.6
2024-01-04T02:00+01:00;725.87;5837.85;40;54.44
2024-01-04T03:00+01:00;649.43;5807.06;25.48;55.18
2024-01-04T04:00+01:00;709.325;5818.715;35;58.25
2024-01-04T05:00+01:00;864.445;5866.975;57.73;59.15
2024-01-04T06:00+01:00;1131.445;5925.375;72.65;72.65
2024-01-04T07:00+01:00;1373.635;5764.115;85.02;85.02
2024-01-04T08:00+01:00;1482.28;5435.56;91.47;91.47
2024-01-04T09:00+01:00;1517.005;5203.675;94.2;94.2
2024-01-04T10:00+01:00;1527.765;4957.585;91.61;91.98
2024-01-04T11:00+01:00;1718.49;4654.45;90.03;90.4
2024-01-04T12:00+01:00;1689.435;4255.785;86.3;86.69
2024-01-04T13:00+01:00;1790.61;3776.46;85.96;85.96
2024-01-04T14:00+01:00;1807.045;3299.235;92.11;92.11
2024-01-04T15:00+01:00;1864.495;2957.895;98.62;98.62
2024-01-04T16:00+01:00;1917.845;2638.775;105.73;105.73
2024-01-04T17:00+01:00;2026.325;2574.085;133.23;133.23
2024-01-04T18:00+01:00;2034.105;2474.265;144.65;144.65
2024-01-04T19:00+01:00;1994.3;2320.58;125;125
2024-01-04T20:00+01:00;1984.13;2215.47;103.59;103.59
2024-01-04T21:00+01:00;1844.23;2229.87;100.01;100.01
2024-01-04T22:00+01:00;1697.705;2315.425;94.86;94.86
2024-01-04T23:00+01:00;1478.89;2347.88;88.83;88.83
2024-01-05T00:00+01:00;1246.42;2380.03;86.08;88.83
2024-01-05T01:00+01:00;1141.305;2580.855;80.51;83.09
2024-01-05T02:00+01:00;1133.885;2675.205;77.01;80
2024-01-05T03:00+01:00;1132.115;2856.685;73.21;80.17
2024-01-05T04:00+01:00;1140.195;3144.225;74.05;82.49
2024-01-05T05:00+01:00;1144.955;3317.735;76.03;88.14
2024-01-05T06:00+01:00;1300.12;3551.15;81;109.79
2024-01-05T07:00+01:00;1381.07;3765.95;87;165.01
2024-01-05T08:00+01:00;1398.02;3971.02;89.57;299.01
2024-01-05T09:00+01:00;1430.155;4162.165;94.93;249.12
2024-01-05T10:00+01:00;1487.82;4507.16;96.28;255.86
2024-01-05T11:00+01:00;1622.53;4823.77;98.22;211.11
2024-01-05T12:00+01:00;1550.495;4927.855;92.24;203.28
2024-01-05T13:00+01:00;1498.53;5016.08;91.54;196.98
2024-01-05T14:00+01:00;1547.485;5095.985;96.41;197.86
2024-01-05T15:00+01:00;1651.285;5199.825;100.05;299.94
2024-01-05T16:00+01:00;1829.815;5183.855;102.97;449.64
2024-01-05T17:00+01:00;1876.575;5138.125;107.38;526.25
2024-01-05T18:00+01:00;1942.37;5114.06;108.45;349.95
2024-01-05T19:00+01:00;1866.28;4994.67;103.96;181.91
2024-01-05T20:00+01:00;1838.395;4886.185;100.09;149.6
2024-01-05T21:00+01:00;1699.48;4711.72;94.19;112.82
2024-01-05T22:00+01:00;1660.42;4673.2;94.92;100.1
2024-01-05T23:00+01:00;1489.76;4667.14;86.8;92.87
2024-01-06T00:00+01:00;1481.835;4675.595;82.25;84.88
2024-01-06T01:00+01:00;1436.855;4529.185;80.2;83.2
2024-01-06T02:00+01:00;1428.945;4508.385;76.13;82.03
2024-01-06T03:00+01:00;1374.995;4359.865;73.01;82.18
2024-01-06T04:00+01:00;1354.51;4388.12;73.01;82.53
2024-01-06T05:00+01:00;1347.135;4397.875;74.59;84.13
2024-01-06T06:00+01:00;1359.08;4361.24;75.1;84.48
2024-01-06T07:00+01:00;1520.73;4240.79;81.39;87.43
2024-01-06T08:00+01:00;1659.06;4217.76;88.4;90.87
2024-01-06T09:00+01:00;1805.375;4214.055;92.23;94.98
2024-01-06T10:00+01:00;1848.525;4192.135;97.3;100.41
2024-01-06T11:00+01:00;1922.555;4131.025;100.43;103.65
2024-01-06T12:00+01:00;1878.8;4060.15;99.16;102.33
2024-01-06T13:00+01:00;1738.525;3976.555;95.22;97.75
2024-01-06T14:00+01:00;1693.295;3792.105;92.55;95.51
2024-01-06T15:00+01:00;1744.07;3636.27;95.09;98.5
2024-01-06T16:00+01:00;1794.64;3508.03;99.85;110
2024-01-06T17:00+01:00;1865.22;3539.26;104.69;118.27
2024-01-06T18:00+01:00;1883.28;3462.65;103.84;106.94
2024-01-06T19:00+01:00;1911.635;3441.445;99.31;102.27
2024-01-06T20:00+01:00;1839.925;3324.705;92.23;94.98
2024-01-06T21:00+01:00;1674.76;3200.26;88;90.63
2024-01-06T22:00+01:00;1645.735;3111.465;86.75;89.34
2024-01-06T23:00+01:00;1465.925;2994.295;80.03;82.8
2024-01-07T00:00+01:00;1352.72;2862.04;86.15;86.15
2024-01-07T01:00+01:00;1315.705;2696.625;82.46;82.46
2024-01-07T02:00+01:00;1308.48;2557.27;76.92;79.22
2024-01-07T03:00+01:00;1230.435;2449.445;75.28;77.53
2024-01-07T04:00+01:00;1212.545;2315.095;73.33;76.89
2024-01-07T05:00+01:00;1188.145;2211.065;73.78;77.42
2024-01-07T06:00+01:00;1238.1;2127.63;75.14;78.45
2024-01-07T07:00+01:00;1362.835;2099.525;78.04;80.37
2024-01-07T08:00+01:00;1486.34;2095.23;81.79;84.21
2024-01-07T09:00+01:00;1526.05;2173.51;85.03;87.57
2024-01-07T10:00+01:00;1581.715;2384.125;87.15;89.75
2024-01-07T11:00+01:00;1747.005;2470.615;89.32;91.99
2024-01-07T12:00+01:00;1712.16;2419.08;91.5;91.5
2024-01-07T13:00+01:00;1629.15;2465.22;87.52;87.52
2024-01-07T14:00+01:00;1667.45;2601.19;85.03;87.23
2024-01-07T15:00+01:00;1763.355;2594.065;88.01;90.64
2024-01-07T16:00+01:00;1863.425;2697.775;93.42;96.21
2024-01-07T17:00+01:00;1941.44;2955.09;101.77;104.27
2024-01-07T18:00+01:00;2034.275;3408.445;104.85;106.09
2024-01-07T19:00+01:00;1861.89;3615.58;103.55;103.55
2024-01-07T20:00+01:00;1775.88;3446.23;100.5;100.5
2024-01-07T21:00+01:00;1772.955;3478.155;93.31;93.31
2024-01-07T22:00+01:00;1462.48;3465.97;91.17;91.17
2024-01-07T23:00+01:00;1301.76;3455.29;83.86;83.86
2024-01-08T00:00+01:00;1173.3;3594.86;87.02;87.02
2024-01-08T01:00+01:00;1153.65;3632.2;84.32;84.32
2024-01-08T02:00+01:00;1162.345;3354.515;81.82;81.82
2024-01-08T03:00+01:00;1132.37;3179.55;79.11;79.11
2024-01-08T04:00+01:00;1130.685;3096.275;78.48;78.48
2024-01-08T05:00+01:00;1158.29;3052.5;82.1;82.1
2024-01-08T06:00+01:00;1282.915;2984.915;94.3;94.3
2024-01-08T07:00+01:00;1494.755;2948.725;111.1;111.22
2024-01-08T08:00+01:00;1781.855;2888.665;121.11;121.11
2024-01-08T09:00+01:00;2100.58;2573.91;117.83;120.73
2024-01-08T10:00+01:00;2001.875;2182.595;110.6;113.9
2024-01-08T11:00+01:00;1899.89;2220.15;103;105.54
2024-01-08T12:00+01:00;1690.475;2216.575;95.5;97.84
2024-01-08T13:00+01:00;1650.305;2086.895;94.03;94.88
2024-01-08T14:00+01:00;1717.335;1756.955;102.33;102.46
2024-01-08T15:00+01:00;1765.3;1455.27;107.98;110.64
2024-01-08T16:00+01:00;1762.95;1420.35;123.83;128
2024-01-08T17:00+01:00;1819.175;1462.085;129.15;132.31
2024-01-08T18:00+01:00;1816.865;1460.815;130.01;130.01
2024-01-08T19:00+01:00;1846.96;1367;122.12;122.12
2024-01-08T20:00+01:00;1813.93;1299.07;114.21;114.21
2024-01-08T21:00+01:00;1554.515;1205.105;102.83;102.83
2024-01-08T22:00+01:00;1473.95;1260.84;99.98;99.98
2024-01-08T23:00+01:00;1354.285;1337.605;91.49;91.49
2024-01-09T00:00+01:00;1305.3;1328.12;88.16;88.16
2024-01-09T01:00+01:00;1312.135;1372.325;87.04;87.04
2024-01-09T02:00+01:00;1288.19;1412.25;85;85
2024-01-09T03:00+01:00;1265.03;1421.9;84.14;84.14
2024-01-09T04:00+01:00;1284.89;1436.62;85.72;85.72
2024-01-09T05:00+01:00;1452.985;1234.005;89.28;89.28
2024-01-09T06:00+01:00;1649.715;1274.515;108.51;108.51
2024-01-09T07:00+01:00;1624.03;1304.48;124.06;124.06
2024-01-09T08:00+01:00;1579.64;1292.51;133.24;133.25
2024-01-09T09:00+01:00;1608.175;1256.785;120.91;120.91
2024-01-09T10:00+01:00;1552.69;1327.08;113.19;113.19
2024-01-09T11:00+01:00;1669.23;1455.82;105.78;105.78
2024-01-09T12:00+01:00;1603.89;1616.37;100.22;100.22
2024-01-09T13:00+01:00;1637.075;1598.475;100.82;100.82
2024-01-09T14:00+01:00;1760.62;1478.29;110.89;112.36
2024-01-09T15:00+01:00;1818.62;1398.9;119.4;121.09
2024-01-09T16:00+01:00;1805.61;1287.32;127.85;130.99
2024-01-09T17:00+01:00;1805.715;1201.345;137.84;137.95
2024-01-09T18:00+01:00;1795.31;1146.96;137.8;137.8
2024-01-09T19:00+01:00;1753.325;1142.025;130.43;130.43
2024-01-09T20:00+01:00;1769.69;1127.45;120.24;120.24
2024-01-09T21:00+01:00;1705.415;1145.155;111.68;111.68
2024-01-09T22:00+01:00;1617.855;1125.205;106.18;106.18
2024-01-09T23:00+01:00;1609.25;1149.01;97.09;97.09
2024-01-10T00:00+01:00;1542.525;1007.385;89.29;89.29
2024-01-10T01:00+01:00;1423.57;1012.62;86.76;86.76
2024-01-10T02:00+01:00;1389.185;1041.315;86.73;86.73
2024-01-10T03:00+01:00;1386.24;985.38;86.09;86.09
2024-01-10T04:00+01:00;1341.165;875.365;86.3;86.3
2024-01-10T05:00+01:00;1491.64;644.55;89.05;89.05
2024-01-10T06:00+01:00;1694.385;637.785;108.88;108.88
2024-01-10T07:00+01:00;1768.38;636.94;126.29;129.4
2024-01-10T08:00+01:00;1910.4;638.79;141.28;143
2024-01-10T09:00+01:00;1939.185;692.935;130.39;130.39
2024-01-10T10:00+01:00;1818.265;828.955;118.56;121.47
2024-01-10T11:00+01:00;1787.96;967.23;109.13;109.13
2024-01-10T12:00+01:00;1788.63;1061.33;102.21;102.21
2024-01-10T13:00+01:00;1806.22;1036.68;105.61;108.2
2024-01-10T14:00+01:00;1780.61;971.34;112.91;115.68
2024-01-10T15:00+01:00;1828.59;873.18;123.8;123.8
2024-01-10T16:00+01:00;1793.025;991.485;134.64;134.64
2024-01-10T17:00+01:00;1808.195;1094.985;143.79;143.79
2024-01-10T18:00+01:00;1815.495;1148.005;140;140
2024-01-10T19:00+01:00;1795.26;1248.77;132.15;132.15
2024-01-10T20:00+01:00;1772.725;1350.075;120;120
2024-01-10T21:00+01:00;1652.69;1481.34;109.76;109.76
2024-01-10T22:00+01:00;1585.295;1586.405;104.49;104.49
2024-01-10T23:00+01:00;1452.575;1638.685;90.9;96.03
2024-01-11T00:00+01:00;1463.06;1769.01;91.75;91.75
2024-01-11T01:00+01:00;1314.475;1922.655;88.59;88.59
2024-01-11T02:00+01:00;1246.71;1975.6;87.25;87.25
2024-01-11T03:00+01:00;1233.025;2041.265;82.38;82.38
2024-01-11T04:00+01:00;1223.555;1942.405;81.95;81.95
2024-01-11T05:00+01:00;1252.955;1703.895;89.36;89.36
2024-01-11T06:00+01:00;1624.59;1602.02;102.07;102.07
2024-01-11T07:00+01:00;1817.31;1485.17;116.86;116.86
2024-01-11T08:00+01:00;1738.165;1425.835;141;141
2024-01-11T09:00+01:00;1627.265;1411.315;129.16;129.16
2024-01-11T10:00+01:00;1545.515;1648.505;113.65;113.65
2024-01-11T11:00+01:00;1530.57;1840.84;106.48;106.48
2024-01-11T12:00+01:00;1530.67;1889.33;99.38;99.38
2024-01-11T13:00+01:00;1478.305;1919.775;99;99
2024-01-11T14:00+01:00;1608.32;1977.39;105.98;105.98
2024-01-11T15:00+01:00;1732.84;1967.24;117.96;117.96
2024-01-11T16:00+01:00;1776.835;1740.735;137.35;137.35
2024-01-11T17:00+01:00;1749.23;1493.8;150.09;150.09
2024-01-11T18:00+01:00;1791.945;1288.525;136.69;136.69
2024-01-11T19:00+01:00;1765.315;1113.715;132.31;132.31
2024-01-11T20:00+01:00;1714.145;910.755;117.88;118.95
2024-01-11T21:00+01:00;1679.08;763.26;107.19;107.19
2024-01-11T22:00+01:00;1643.62;745.77;100;100
2024-01-11T23:00+01:00;1542.05;824.56;97.22;97.22
2024-01-12T00:00+01:00;1433.9;990.88;91.04;91.04
2024-01-12T01:00+01:00;1345.26;1209.47;88.22;88.22
2024-01-12T02:00+01:00;1437.175;1534.935;85.22;85.22
2024-01-12T03:00+01:00;1270.715;1720.765;84.63;84.63
2024-01-12T04:00+01:00;1332.35;1998.46;84.34;84.34
2024-01-12T05:00+01:00;1373.94;2057.06;84.24;85.32
2024-01-12T06:00+01:00;1529.015;2036.665;89.24;92.11
2024-01-12T07:00+01:00;1759.66;2169.7;118.16;118.16
2024-01-12T08:00+01:00;1776.08;2129.21;140.74;140.74
2024-01-12T09:00+01:00;1744.685;2278.815;134.96;134.96
2024-01-12T10:00+01:00;1792.71;2426.6;122.01;122.01
2024-01-12T11:00+01:00;1673.33;2593.69;114.73;114.73
2024-01-12T12:00+01:00;1597.525;2775.255;106.98;106.98
2024-01-12T13:00+01:00;1630.1;2684.22;103.08;103.08
2024-01-12T14:00+01:00;1620.81;2391.67;104.54;104.54
2024-01-12T15:00+01:00;1716.775;2246.485;110;110
2024-01-12T16:00+01:00;1789.05;2306.31;120;120
2024-01-12T17:00+01:00;1806.42;2308.42;127.5;127.5
2024-01-12T18:00+01:00;1792.805;2375.325;126;126
2024-01-12T19:00+01:00;1919.32;2439.67;119.47;119.47
2024-01-12T20:00+01:00;1644.435;2602.735;107.13;108.79
2024-01-12T21:00+01:00;1525.62;2905.52;91.7;98.48
2024-01-12T22:00+01:00;1478.975;3143.435;85.02;93.37
2024-01-12T23:00+01:00;1357.135;3539.695;82.49;85.15
2024-01-13T00:00+01:00;1173.355;4069.105;73.07;75.64
2024-01-13T01:00+01:00;1193.335;4471.565;74.85;74.85
2024-01-13T02:00+01:00;1182.435;4714.965;73.65;73.65
2024-01-13T03:00+01:00;1283.805;4721.635;71.37;71.37
2024-01-13T04:00+01:00;1210.31;4863.49;72.24;72.24
2024-01-13T05:00+01:00;1063.025;5084.205;68.73;55.55
2024-01-13T06:00+01:00;1073.665;5228.575;65.18;45.62
2024-01-13T07:00+01:00;1186.655;5658.235;68.51;51.2
2024-01-13T08:00+01:00;1291.585;5928.585;67.16;67.16
2024-01-13T09:00+01:00;1409.585;6096.005;73.31;73.31
2024-01-13T10:00+01:00;1265.88;6376;72.02;72.02
2024-01-13T11:00+01:00;1278.95;6587.8;70.98;70.98
2024-01-13T12:00+01:00;1197.1;6805.71;69.95;69.95
2024-01-13T13:00+01:00;1132.995;6814.595;63.67;63.67
2024-01-13T14:00+01:00;1156.04;6670.9;67.91;67.91
2024-01-13T15:00+01:00;1212.955;6449.975;68.61;68.61
2024-01-13T16:00+01:00;1354.27;6306.51;70.78;70.78
2024-01-13T17:00+01:00;1418.225;6199.275;74.22;74.22
2024-01-13T18:00+01:00;1374.465;6042.335;75.81;75.81
2024-01-13T19:00+01:00;1435.765;5941.795;73.82;73.82
2024-01-13T20:00+01:00;1358.08;5757.83;73.06;73.06
2024-01-13T21:00+01:00;1291.64;5459.44;70.93;70.93
2024-01-13T22:00+01:00;1196.855;4838.885;64.3;62.76
2024-01-13T23:00+01:00;1264.235;4656.685;63.16;61.65
2024-01-14T00:00+01:00;1068.655;4422.135;64.02;64.02
2024-01-14T01:00+01:00;1048.1;4356.15;62.11;62.11
2024-01-14T02:00+01:00;973.6;4227.7;62.93;62.93
2024-01-14T03:00+01:00;962.45;4122.59;64.01;64.01
2024-01-14T04:00+01:00;945.45;4057.82;64.67;64.67
2024-01-14T05:00+01:00;1032.67;3985.76;65.2;65.2
2024-01-14T06:00+01:00;1137.745;3897.415;67.31;67.31
2024-01-14T07:00+01:00;1181.61;3844.94;71.66;71.66
2024-01-14T08:00+01:00;1296.495;3903.465;76.74;76.74
2024-01-14T09:00+01:00;1314.005;4246.975;81.14;81.14
2024-01-14T10:00+01:00;1315.32;4425.26;80.63;80.63
2024-01-14T11:00+01:00;1330.1;4710.37;81.84;81.84
2024-01-14T12:00+01:00;1227.305;4821.485;80.39;80.39
2024-01-14T13:00+01:00;1203.8;4840.82;77.04;77.04
2024-01-14T14:00+01:00;1223.315;4758.925;79.15;79.15
2024-01-14T15:00+01:00;1306.92;4642.45;82.32;82.32
2024-01-14T16:00+01:00;1409.795;4569.925;86.62;86.62
2024-01-14T17:00+01:00;1391.015;4531.595;91.86;91.86
2024-01-14T18:00+01:00;1436.385;4531.845;94.64;94.64
2024-01-14T19:00+01:00;1365.985;4437.165;85.26;85.26
2024-01-14T20:00+01:00;1273.505;4301.025;79.06;79.06
2024-01-14T21:00+01:00;1212.63;4264.19;78.6;78.6
2024-01-14T22:00+01:00;1156.575;4102.465;75.39;75.39
2024-01-14T23:00+01:00;1055.325;4206.445;67.19;66.89
2024-01-15T00:00+01:00;1006.665;4595.785;67.9;69.65
2024-01-15T01:00+01:00;855.955;4843.285;65;66.05
2024-01-15T02:00+01:00;873.91;5212.36;63.94;64.31
2024-01-15T03:00+01:00;892.695;5265.165;62.04;62.04
2024-01-15T04:00+01:00;833.065;5155.435;62.04;63.57
2024-01-15T05:00+01:00;1025.26;5057.69;69.25;70.57
2024-01-15T06:00+01:00;1157.325;4755.135;79.95;79.95
2024-01-15T07:00+01:00;1344.92;4438.65;83.84;83.84
2024-01-15T08:00+01:00;1548.6;4089.07;99.3;99.3
2024-01-15T09:00+01:00;1565.97;3666.88;100.29;100.29
2024-01-15T10:00+01:00;1480.775;3467.455;94.88;94.88
2024-01-15T11:00+01:00;1300.6;3448.59;90.26;90.26
2024-01-15T12:00+01:00;1201.055;3154.655;83.86;83.86
2024-01-15T13:00+01:00;1199.205;2810.345;82.15;82.15
2024-01-15T14:00+01:00;1179.66;2521.41;84.5;84.5
2024-01-15T15:00+01:00;1262.34;2347.26;89.44;89.44
2024-01-15T16:00+01:00;1439.59;2129.14;99.92;99.92
2024-01-15T17:00+01:00;1531.985;1833.045;109.08;109.08
2024-01-15T18:00+01:00;1614.03;1506.85;115.57;115.57
2024-01-15T19:00+01:00;1535.725;1260.535;110.66;110.66
2024-01-15T20:00+01:00;1431.05;1069.57;103.15;103.15
2024-01-15T21:00+01:00;1308.725;956.655;92.95;92.95
2024-01-15T22:00+01:00;1247.325;867.355;89.49;89.49
2024-01-15T23:00+01:00;1190.445;801.965;86.43;86.43
2024-01-16T00:00+01:00;1150.975;780.475;81.45;82.19
2024-01-16T01:00+01:00;1136.28;774.69;81.4;81.4
2024-01-16T02:00+01:00;1127.8;813.05;80.07;80.07
2024-01-16T03:00+01:00;1123.875;796.505;78.26;78.26
2024-01-16T04:00+01:00;1100.5;800.3;77.59;77.59
2024-01-16T05:00+01:00;1211.475;808.845;83.45;83.45
2024-01-16T06:00+01:00;1447.72;777.25;94.07;123
2024-01-16T07:00+01:00;1645.045;819.325;114.77;193.42
2024-01-16T08:00+01:00;1762.825;871.035;150.15;275.59
2024-01-16T09:00+01:00;1796.89;1053;150.32;270.56
2024-01-16T10:00+01:00;1776.97;1176.46;139.4;249.93
2024-01-16T11:00+01:00;1751.595;1443.275;116.91;200.55
2024-01-16T12:00+01:00;1663.73;1686.73;103.43;170.04
2024-01-16T13:00+01:00;1656.845;2029.875;94.98;141.97
2024-01-16T14:00+01:00;1681.325;2444.765;96;143.58
2024-01-16T15:00+01:00;1785.7;2635.58;110.25;156.16
2024-01-16T16:00+01:00;1897.63;3188.32;111.39;170.08
2024-01-16T17:00+01:00;2015.555;3549.865;128.15;170.81
2024-01-16T18:00+01:00;2042.525;3681.395;127.31;133.08
2024-01-16T19:00+01:00;1995.615;3859.885;111.77;111.77
2024-01-16T20:00+01:00;1661.57;4030.53;95.49;95.49
2024-01-16T21:00+01:00;1403.755;4407.805;86.21;86.21
2024-01-16T22:00+01:00;1284.68;4768.37;82.04;82.04
2024-01-16T23:00+01:00;1288.255;5069.065;77.69;77.69
2024-01-17T00:00+01:00;1295.69;5462.54;67.86;69.89
2024-01-17T01:00+01:00;1247.18;5973.86;67.35;69.36
2024-01-17T02:00+01:00;1213.005;6341.335;66.48;68.47
2024-01-17T03:00+01:00;1107.85;6440.72;65.6;67.56
2024-01-17T04:00+01:00;1154.705;6488.105;65.36;67.31
2024-01-17T05:00+01:00;1299.25;6283.59;65.33;67.28
2024-01-17T06:00+01:00;1472.34;5810.79;66.94;70.65
2024-01-17T07:00+01:00;1636.82;5588.83;79.28;79.94
2024-01-17T08:00+01:00;1799.61;5491.12;96;96
2024-01-17T09:00+01:00;1848.11;4884.28;102.87;102.87
2024-01-17T10:00+01:00;1813.615;4667.235;106.91;106.91
2024-01-17T11:00+01:00;1670.02;4661.3;107.66;111.1
2024-01-17T12:00+01:00;1720.235;4526.605;117.71;117.71
2024-01-17T13:00+01:00;1605.775;4183.035;121.7;121.7
2024-01-17T14:00+01:00;1723.24;3696.31;121.74;121.74
2024-01-17T15:00+01:00;1734.62;3270.92;125.46;125.46
2024-01-17T16:00+01:00;1732.685;2900.915;128.56;128.56
2024-01-17T17:00+01:00;1748.7;2531.85;140.52;140.52
2024-01-17T18:00+01:00;1765.88;2411.94;123.59;123.59
2024-01-17T19:00+01:00;1782.295;2201.205;114.28;114.28
2024-01-17T20:00+01:00;1712.83;2183.23;109.8;109.8
2024-01-17T21:00+01:00;1492.165;2131.175;101.09;101.09
2024-01-17T22:00+01:00;1353.185;2150.475;94.28;94.28
2024-01-17T23:00+01:00;1353.265;2260.075;84.17;84.17
2024-01-18T00:00+01:00;1309.95;2124.03;81.33;81.33
2024-01-18T01:00+01:00;1311.755;2025.545;77.2;77.2
2024-01-18T02:00+01:00;1339.67;1989.46;75.29;75.29
2024-01-18T03:00+01:00;1323.115;2012.025;74.91;74.91
2024-01-18T04:00+01:00;1219.97;2102.43;77.57;77.57
2024-01-18T05:00+01:00;1247.535;2215.055;81;81
2024-01-18T06:00+01:00;1464.155;2171.585;91.25;91.44
2024-01-18T07:00+01:00;1799.145;2458.875;111.55;111.55
2024-01-18T08:00+01:00;1894.48;2635.16;125.89;125.89
2024-01-18T09:00+01:00;1900.29;2724.21;122.17;122.17
2024-01-18T10:00+01:00;1875.83;2955.83;110.9;110.9
2024-01-18T11:00+01:00;1795.495;3341.685;107.95;107.95
2024-01-18T12:00+01:00;1604.345;3776.715;93.55;93.55
2024-01-18T13:00+01:00;1367.285;4162.715;87.62;87.62
2024-01-18T14:00+01:00;1369.28;4340.63;86.43;86.43
2024-01-18T15:00+01:00;1533.555;3816.545;94.25;94.25
2024-01-18T16:00+01:00;1695.035;3893.315;99.52;99.52
2024-01-18T17:00+01:00;1983.79;4072.52;104.68;104.68
2024-01-18T18:00+01:00;2025.805;3921.915;103.26;103.26
2024-01-18T19:00+01:00;1809.625;4251.505;94.53;94.53
2024-01-18T20:00+01:00;1618.125;4154.325;86.97;86.97
2024-01-18T21:00+01:00;1493.98;4131.75;81.13;81.13
2024-01-18T22:00+01:00;1358.11;4416.45;77.43;77.43
2024-01-18T23:00+01:00;1359.24;4488.57;71.33;71.33
2024-01-19T00:00+01:00;1276.155;4607.495;68.4;68.4
2024-01-19T01:00+01:00;1242.24;4652.77;65.34;65.34
2024-01-19T02:00+01:00;1212.725;4508.645;64.05;64.05
2024-01-19T03:00+01:00;1160.045;4691.665;62.76;62.76
2024-01-19T04:00+01:00;1137.335;4966.205;63.32;63.32
2024-01-19T05:00+01:00;1292.205;4984.605;65.85;65.85
2024-01-19T06:00+01:00;1534.555;4920.975;75.74;75.74
2024-01-19T07:00+01:00;1900.975;4798.415;85.73;89.38
2024-01-19T08:00+01:00;1992.2;4631.6;104.06;104.27
2024-01-19T09:00+01:00;1914.51;4974.96;102.85;103.3
2024-01-19T10:00+01:00;1817.335;5209.775;95.15;95.85
2024-01-19T11:00+01:00;1767.88;5269.03;86.36;86.56
2024-01-19T12:00+01:00;1678.49;5056.71;76.83;78.72
2024-01-19T13:00+01:00;1666.67;4926.54;73.35;75.15
2024-01-19T14:00+01:00;1606.075;4731.615;75.21;76.91
2024-01-19T15:00+01:00;1665.72;4520.68;77.45;86.95
2024-01-19T16:00+01:00;1840.13;4205.2;84.69;104.6
2024-01-19T17:00+01:00;1976.275;4114.855;93.6;114.77
2024-01-19T18:00+01:00;1827.315;4295.355;88.05;108.49
2024-01-19T19:00+01:00;1734.09;4641;77.37;85.1
2024-01-19T20:00+01:00;1474.405;5176.235;74;75.82
2024-01-19T21:00+01:00;1380.2;5629.68;71.12;73.01
2024-01-19T22:00+01:00;1250.11;6074.51;68.64;70.69
2024-01-19T23:00+01:00;1290.32;6307.99;64.75;66.69
2024-01-20T00:00+01:00;1074.44;6498.69;66;67.62
2024-01-20T01:00+01:00;1028.285;6566.375;63.45;65.01
2024-01-20T02:00+01:00;1096.05;6548.01;63.54;65.1
2024-01-20T03:00+01:00;949.045;6533.895;61.82;63.34
2024-01-20T04:00+01:00;919.755;6441.455;61.85;63.37
2024-01-20T05:00+01:00;972.705;6147.885;61.75;61.75
2024-01-20T06:00+01:00;1067.44;5640.44;62.59;64.45
2024-01-20T07:00+01:00;1229.965;4952.475;66.9;68.55
2024-01-20T08:00+01:00;1530.725;4510.795;74.82;74.82
2024-01-20T09:00+01:00;1520.47;4295.58;77.9;78.85
2024-01-20T10:00+01:00;1428.3;4210.66;71.8;73.57
2024-01-20T11:00+01:00;1507.985;4053.735;70.77;72.51
2024-01-20T12:00+01:00;1430.835;3950.885;67.73;69.75
2024-01-20T13:00+01:00;1390.62;3834.44;68.78;70.79
2024-01-20T14:00+01:00;1468.82;3561.49;73.39;73.39
2024-01-20T15:00+01:00;1492.87;3407.64;79.11;79.11
2024-01-20T16:00+01:00;1478.83;3387.37;87.8;90.05
2024-01-20T17:00+01:00;1541.37;3776.56;94.93;97.27
2024-01-20T18:00+01:00;1565.555;4407.555;99.87;101.11
2024-01-20T19:00+01:00;1566.685;4712.225;91.57;91.57
2024-01-20T20:00+01:00;1459.84;4814.03;80;80
2024-01-20T21:00+01:00;1264.94;4897.23;73.39;73.39
2024-01-20T22:00+01:00;1107.185;5056.835;70.42;70.42
2024-01-20T23:00+01:00;1103.655;5087.795;66.99;66.99
2024-01-21T00:00+01:00;1001.305;5253.185;59.7;59.7
2024-01-21T01:00+01:00;984.9;5298.63;57.55;57.55
2024-01-21T02:00+01:00;987.92;5175.91;55.15;55.15
2024-01-21T03:00+01:00;815.76;5177.81;50.89;50.89
2024-01-21T04:00+01:00;771.895;5394.785;48.51;48.51
2024-01-21T05:00+01:00;761.69;5594.84;47.45;47.45
2024-01-21T06:00+01:00;748.965;5691.145;45.53;45.53
2024-01-21T07:00+01:00;785.02;5900.78;43.96;43.96
2024-01-21T08:00+01:00;935.52;6101.47;51.36;51.36
2024-01-21T09:00+01:00;948.565;6342.445;54.36;54.36
2024-01-21T10:00+01:00;815.955;6493.685;46.06;46.06
2024-01-21T11:00+01:00;826.78;6556.49;48.67;48.67
2024-01-21T12:00+01:00;771.76;6513.87;38.48;38.48
2024-01-21T13:00+01:00;769.665;6495.635;37.69;37.69
2024-01-21T14:00+01:00;771.785;6413.055;44.3;44.3
2024-01-21T15:00+01:00;815.915;6202.765;49.04;49.04
2024-01-21T16:00+01:00;896.915;6056.405;49.83;49.83
2024-01-21T17:00+01:00;1051.985;5990.905;56.65;56.65
2024-01-21T18:00+01:00;1145.93;6125.28;61.45;61.45
2024-01-21T19:00+01:00;1142.155;6284.675;58.64;58.64
2024-01-21T20:00+01:00;1032.935;6402.315;51.5;51.5
2024-01-21T21:00+01:00;959.065;6463.075;52.46;52.46
2024-01-21T22:00+01:00;885.765;6531.525;50.39;50.39
2024-01-21T23:00+01:00;738.125;6580.405;39.46;29.03
2024-01-22T00:00+01:00;624.825;6592.885;36.66;27.3
2024-01-22T01:00+01:00;587.02;6465.05;22.24;22.24
2024-01-22T02:00+01:00;561.795;6315.245;18.62;18.62
2024-01-22T03:00+01:00;536.855;6140.125;5.04;5.04
2024-01-22T04:00+01:00;507.185;5969.175;5.06;5.06
2024-01-22T05:00+01:00;534.55;6088.73;20;20
2024-01-22T06:00+01:00;694.885;6251.745;40.5;40.5
2024-01-22T07:00+01:00;999.145;6496.685;60.47;60.47
2024-01-22T08:00+01:00;1036.465;6634.535;66.48;66.48
2024-01-22T09:00+01:00;1042.34;6733.3;57.58;57.58
2024-01-22T10:00+01:00;1043.29;6894.15;61.55;61.55
2024-01-22T11:00+01:00;1037.08;7119.96;60.6;60.6
2024-01-22T12:00+01:00;996.615;7287.245;56.92;56.92
2024-01-22T13:00+01:00;894.695;7175.875;56.72;56.72
2024-01-22T14:00+01:00;911.82;7000.12;58.23;58.23
2024-01-22T15:00+01:00;916.77;6790.33;59.73;59.73
2024-01-22T16:00+01:00;1033.87;6653.9;59.99;59.99
2024-01-22T17:00+01:00;1091.475;6606.655;61.85;61.85
2024-01-22T18:00+01:00;1092.795;6585.865;61.03;61.03
2024-01-22T19:00+01:00;1039.775;6661.875;60.03;60.03
2024-01-22T20:00+01:00;896.08;6652.47;59.6;59.6
2024-01-22T21:00+01:00;847.32;6525.83;57;57
2024-01-22T22:00+01:00;815.64;6562.99;55.89;26.07
2024-01-22T23:00+01:00;666.08;6501.68;49.88;23.03
2024-01-23T00:00+01:00;568.56;6441.67;16.23;15.84
2024-01-23T01:00+01:00;550.315;6344.785;10.1;10.1
2024-01-23T02:00+01:00;544.665;6257.115;9.37;9.37
2024-01-23T03:00+01:00;557.225;6132.525;4.17;4.17
2024-01-23T04:00+01:00;623.1;6099.44;10.22;10.22
2024-01-23T05:00+01:00;696.11;6208.57;39.23;21.63
2024-01-23T06:00+01:00;786.65;6420.39;58.99;25.73
2024-01-23T07:00+01:00;870.31;6620.67;60.93;60.93
2024-01-23T08:00+01:00;892.225;6745.965;61.9;61.9
2024-01-23T09:00+01:00;878.165;6766.465;61.11;61.11
2024-01-23T10:00+01:00;903.36;6978.21;59.97;59.97
2024-01-23T11:00+01:00;904.055;7201.405;59.44;59.44
2024-01-23T12:00+01:00;985.01;7016.55;59.14;41.58
2024-01-23T13:00+01:00;954.09;6608.92;59.43;26.76
2024-01-23T14:00+01:00;966.685;6077.435;61.9;42.91
2024-01-23T15:00+01:00;1080.39;5345.23;62.76;62.76
2024-01-23T16:00+01:00;1137.285;5035.825;66.29;66.29
2024-01-23T17:00+01:00;1226.3;5045.24;68.46;68.46
2024-01-23T18:00+01:00;1181.765;5209.865;66.78;66.78
2024-01-23T19:00+01:00;1107.16;5194.2;63.34;63.34
2024-01-23T20:00+01:00;1037.5;5789.99;60.46;60.46
2024-01-23T21:00+01:00;866.67;6289.1;53.74;52.45
2024-01-23T22:00+01:00;751.42;6549.22;45.36;40.82
2024-01-23T23:00+01:00;701.9;6645.75;33.26;33.26
2024-01-24T00:00+01:00;626.075;6499.445;3.05;28.61
2024-01-24T01:00+01:00;556.195;5855.165;-0.03;25.17
2024-01-24T02:00+01:00;538.86;5889.64;0;20.64
2024-01-24T03:00+01:00;537.98;5924.11;-0.01;18.82
2024-01-24T04:00+01:00;539.75;5993.52;-0.02;17.85
2024-01-24T05:00+01:00;542.73;5796.38;-0.18;19.55
2024-01-24T06:00+01:00;569.05;6653.29;14.76;25.5
2024-01-24T07:00+01:00;580.17;6863.13;42.09;38.73
2024-01-24T08:00+01:00;662.81;6802.89;50.07;50.07
2024-01-24T09:00+01:00;736.315;6765.085;49.54;49.54
2024-01-24T10:00+01:00;732.36;6709.06;50.1;50.1
2024-01-24T11:00+01:00;753.61;6766.27;50.78;50.76
2024-01-24T12:00+01:00;751.395;6947.805;39.32;39.34
2024-01-24T13:00+01:00;770.55;6906.15;36.44;37.34
2024-01-24T14:00+01:00;769.555;6852.575;45.04;45.04
2024-01-24T15:00+01:00;784.23;6957.78;49.95;49.95
2024-01-24T16:00+01:00;817.48;6876.87;50.8;50.8
2024-01-24T17:00+01:00;867.06;6910.49;54.21;54.21
2024-01-24T18:00+01:00;862.195;6950.405;53.32;53.32
2024-01-24T19:00+01:00;814.31;6883.72;50.09;50.09
2024-01-24T20:00+01:00;828.98;6853.97;42.18;42.18
2024-01-24T21:00+01:00;802.52;6760.15;40.04;40.04
2024-01-24T22:00+01:00;760.4;6810.75;42.01;42.01
2024-01-24T23:00+01:00;709.81;6813.22;38.53;38.53
2024-01-25T00:00+01:00;777.06;6720.27;44.34;43.84
2024-01-25T01:00+01:00;829.705;6605.845;45.06;43.97
2024-01-25T02:00+01:00;836.225;6539.185;43.34;42.76
2024-01-25T03:00+01:00;843.31;6587.54;44.92;43.85
2024-01-25T04:00+01:00;892.925;6563.615;46.22;45.11
2024-01-25T05:00+01:00;972.05;6498.89;52.38;51.01
2024-01-25T06:00+01:00;1057.685;6456.685;58.03;59.39
2024-01-25T07:00+01:00;1094.58;6247.71;66.05;66.05
2024-01-25T08:00+01:00;1302.425;5929.585;89.02;89.02
2024-01-25T09:00+01:00;1349.705;5450.575;85.25;85.25
2024-01-25T10:00+01:00;1266.265;5313.735;81.35;81.35
2024-01-25T11:00+01:00;1113.62;4935.43;76.22;76.22
2024-01-25T12:00+01:00;1066.785;4387.565;73.15;73.15
2024-01-25T13:00+01:00;1116.97;3814.27;75.99;75.99
2024-01-25T14:00+01:00;1282.37;3202.26;84.98;84.98
2024-01-25T15:00+01:00;1341.005;2379.945;92.07;92.07
2024-01-25T16:00+01:00;1443.17;2139.8;101.38;101.38
2024-01-25T17:00+01:00;1459.115;2301.565;123.38;123.38
2024-01-25T18:00+01:00;1445.905;2238.205;115.54;115.54
2024-01-25T19:00+01:00;1384.865;2232.505;98.79;98.79
2024-01-25T20:00+01:00;1324.7;2031.11;91.07;91.07
2024-01-25T21:00+01:00;1246.55;2041.29;86.31;86.31
2024-01-25T22:00+01:00;1111.75;2157.62;80.43;80.43
2024-01-25T23:00+01:00;919.905;2221.205;75.16;75.16
2024-01-26T00:00+01:00;763.495;2476.235;62.8;62.8
2024-01-26T01:00+01:00;762.51;2604.52;61.96;62
2024-01-26T02:00+01:00;554.905;3055.295;58.49;58.49
2024-01-26T03:00+01:00;549.63;3682.25;54.79;56.35
2024-01-26T04:00+01:00;551.54;4198.98;47.62;55.7
2024-01-26T05:00+01:00;569.64;4689.84;50.65;52.16
2024-01-26T06:00+01:00;672.58;5493.79;56.27;57.95
2024-01-26T07:00+01:00;882.465;6106.175;62.97;62.97
2024-01-26T08:00+01:00;1026.66;6373.52;64.94;64.94
2024-01-26T09:00+01:00;1002.255;6596.595;63.8;63.8
2024-01-26T10:00+01:00;983.87;6610.16;61.22;61.22
2024-01-26T11:00+01:00;757.015;6428.635;58.74;58.74
2024-01-26T12:00+01:00;624.965;6620.135;52.28;52.28
2024-01-26T13:00+01:00;701.84;6863.83;46.47;46.47
2024-01-26T14:00+01:00;720.545;6987.845;49.28;49.28
2024-01-26T15:00+01:00;724.445;7059.865;50.11;48.91
2024-01-26T16:00+01:00;673.595;7026.145;52.74;51.48
2024-01-26T17:00+01:00;761.865;7027.845;57.37;57.37
2024-01-26T18:00+01:00;708.615;7046.675;55.28;54.19
2024-01-26T19:00+01:00;717.31;6996.32;54.53;33.51
2024-01-26T20:00+01:00;668.88;6884.6;54.32;27.58
2024-01-26T21:00+01:00;662.325;6596.295;54.35;25.76
2024-01-26T22:00+01:00;732.03;6486.73;54.39;24.39
2024-01-26T23:00+01:00;644.515;6182.445;53.71;21.98
2024-01-27T00:00+01:00;637.64;5969.22;54.44;19.32
2024-01-27T01:00+01:00;629.76;5848.88;55.03;18.26
2024-01-27T02:00+01:00;640.26;5491.53;56.21;17.63
2024-01-27T03:00+01:00;627.49;5013.71;55.05;18.02
2024-01-27T04:00+01:00;618.795;4720.265;55.74;18.49
2024-01-27T05:00+01:00;665.565;4551.165;56.83;18.84
2024-01-27T06:00+01:00;825.64;4448.73;57.24;19.41
2024-01-27T07:00+01:00;911.555;4501.785;57.86;20.71
2024-01-27T08:00+01:00;949.785;4459.575;58.13;28.85
2024-01-27T09:00+01:00;965.875;4535.665;58.5;31.9
2024-01-27T10:00+01:00;947.235;4773.825;58.2;45.82
2024-01-27T11:00+01:00;834.985;4677.615;56.61;56.61
2024-01-27T12:00+01:00;814.18;4839.97;55.84;55.84
2024-01-27T13:00+01:00;796.81;4818.38;53.88;32.49
2024-01-27T14:00+01:00;897.26;4585.48;59.14;39.78
2024-01-27T15:00+01:00;996.37;4488.94;57.95;57.95
2024-01-27T16:00+01:00;1060.995;4465.975;58.93;58.93
2024-01-27T17:00+01:00;1071.15;4632.09;61.75;61.75
2024-01-27T18:00+01:00;1057.845;4616.895;61.31;61.31
2024-01-27T19:00+01:00;958.165;4624.565;59.43;59.43
2024-01-27T20:00+01:00;937.62;4640.56;58.21;58.21
2024-01-27T21:00+01:00;935.845;4680.365;57.85;57.85
2024-01-27T22:00+01:00;887.085;4622.215;57.73;57.73
2024-01-27T23:00+01:00;836.69;4586.86;57.61;57.61
2024-01-28T00:00+01:00;949.61;4545.25;66.77;66.77
2024-01-28T01:00+01:00;935.4;4235.59;58.8;58.8
2024-01-28T02:00+01:00;930.315;3785.685;58.26;58.26
2024-01-28T03:00+01:00;931.68;3522.58;57.72;57.72
2024-01-28T04:00+01:00;950.66;3523.99;57.87;57.87
2024-01-28T05:00+01:00;954.635;3565.185;57.63;57.63
2024-01-28T06:00+01:00;979.68;3543.49;57.72;57.72
2024-01-28T07:00+01:00;969.6;3551.95;58.98;58.98
2024-01-28T08:00+01:00;955.455;3723.935;59.2;59.2
2024-01-28T09:00+01:00;827.81;4137.6;55.08;55.08
2024-01-28T10:00+01:00;697.305;4722.265;51.16;51.16
2024-01-28T11:00+01:00;665.235;4991.225;45.75;45.75
2024-01-28T12:00+01:00;651.84;5204.01;41.58;41.58
2024-01-28T13:00+01:00;653.87;5337.48;40.09;40.09
2024-01-28T14:00+01:00;708.775;5291.335;50.65;50.65
2024-01-28T15:00+01:00;828.685;4961.995;56.41;56.41
2024-01-28T16:00+01:00;974.09;4899.24;57.93;57.93
2024-01-28T17:00+01:00;978.055;5336.995;57.86;57.86
2024-01-28T18:00+01:00;957.36;5677.88;57.33;57.33
2024-01-28T19:00+01:00;894.695;5749.485;56.61;56.61
2024-01-28T20:00+01:00;801.795;5730.995;54.34;29.21
2024-01-28T21:00+01:00;720.68;5691.71;53.79;16.37
2024-01-28T22:00+01:00;698.385;5713.835;53.71;10
2024-01-28T23:00+01:00;595.515;5620.615;52.69;6.92
2024-01-29T00:00+01:00;545.625;5509.435;48.74;15
2024-01-29T01:00+01:00;539.005;5469.325;47.26;9.99
2024-01-29T02:00+01:00;535.74;5306.67;48.12;9.99
2024-01-29T03:00+01:00;535.03;5029.86;47.97;15
2024-01-29T04:00+01:00;536.26;4864.2;51.58;15
2024-01-29T05:00+01:00;618.665;4687.735;55.42;15.01
2024-01-29T06:00+01:00;829.965;4457.825;53.72;24.19
2024-01-29T07:00+01:00;922.305;4006.015;62.02;62.02
2024-01-29T08:00+01:00;1166.98;3561.72;83.23;83.23
2024-01-29T09:00+01:00;1103.375;2995.945;88.39;88.39
2024-01-29T10:00+01:00;993.405;2713.395;78.9;78.9
2024-01-29T11:00+01:00;909.87;2499.33;71.27;71.27
2024-01-29T12:00+01:00;945.575;2230.585;70.24;70.24
2024-01-29T13:00+01:00;1014.535;2178.225;74.99;74.99
2024-01-29T14:00+01:00;1080.675;1782.465;82.55;82.55
2024-01-29T15:00+01:00;1302.005;1595.405;97.6;97.6
2024-01-29T16:00+01:00;1340.73;1495.14;108.43;108.43
2024-01-29T17:00+01:00;1498.915;1486.765;127.42;127.42
2024-01-29T18:00+01:00;1448.12;1525.72;117.3;117.3
2024-01-29T19:00+01:00;1371.02;1423.69;107.52;107.52
2024-01-29T20:00+01:00;1416.14;1192.7;91.98;91.98
2024-01-29T21:00+01:00;1415.05;1095.44;86.79;86.79
2024-01-29T22:00+01:00;1166.695;1006.815;83.42;83.42
2024-01-29T23:00+01:00;1117.955;1135.205;80.29;80.29
2024-01-30T00:00+01:00;969.955;1063.425;71.94;71.94
2024-01-30T01:00+01:00;1039.515;1047.955;68.79;68.79
2024-01-30T02:00+01:00;1032.705;1176.165;69.37;69.37
2024-01-30T03:00+01:00;1029.38;1330.36;67.44;67.44
2024-01-30T04:00+01:00;1057.67;1429.79;67.18;67.18
2024-01-30T05:00+01:00;1233.93;1831.89;69.37;69.37
2024-01-30T06:00+01:00;1403.665;2319.665;68.67;76.55
2024-01-30T07:00+01:00;1422.25;2844.33;75.29;90.6
2024-01-30T08:00+01:00;1477.46;3065.07;83.51;95.93
2024-01-30T09:00+01:00;1468.065;3105.135;84.67;84.93
2024-01-30T10:00+01:00;1414.695;3416.525;77.15;77.15
2024-01-30T11:00+01:00;1416.445;3736.855;65.36;68.42
2024-01-30T12:00+01:00;1384.9;3857.88;63.81;66.47
2024-01-30T13:00+01:00;1353.85;4110.94;63.69;66.59
2024-01-30T14:00+01:00;1347.49;4269.48;64.02;70.21
2024-01-30T15:00+01:00;1340.28;4356.04;62.64;62.64
2024-01-30T16:00+01:00;1385.53;4590.89;63.73;63.73
2024-01-30T17:00+01:00;1352.885;4800.495;71.9;71.9
2024-01-30T18:00+01:00;1306.055;4856.575;61.42;61.42
2024-01-30T19:00+01:00;1266.835;4631.825;58.45;58.45
2024-01-30T20:00+01:00;1200.455;4515.925;56.72;56.72
2024-01-30T21:00+01:00;1145.775;4417.725;53.92;53.92
2024-01-30T22:00+01:00;1031.435;4773.165;53.56;22.56
2024-01-30T23:00+01:00;917.625;4922.475;53.25;24.17
2024-01-31T00:00+01:00;798.785;5313.135;51.61;18.39
2024-01-31T01:00+01:00;760.435;5135.045;51.38;18.46
2024-01-31T02:00+01:00;759.13;5002.9;51.26;18.5
2024-01-31T03:00+01:00;763.96;5271.63;51.06;18.58
2024-01-31T04:00+01:00;811.785;5068.195;51.39;18.96
2024-01-31T05:00+01:00;926.72;4746.22;50.81;19.39
2024-01-31T06:00+01:00;1034.19;4544.42;55.01;25.54
2024-01-31T07:00+01:00;1166.1;4737.82;56.91;56.15
2024-01-31T08:00+01:00;1254.715;4992.995;57.9;57.9
2024-01-31T09:00+01:00;1241.325;5127.755;56.6;51.16
2024-01-31T10:00+01:00;1180.605;5873.125;55.66;41.88
2024-01-31T11:00+01:00;1151.855;6432.905;53.71;22.67
2024-01-31T12:00+01:00;1081.565;7033.075;53.73;20.48
2024-01-31T13:00+01:00;826.855;7227.695;46.42;20.44
2024-01-31T14:00+01:00;791.03;7150.7;40.05;20.08
2024-01-31T15:00+01:00;780.035;7040.255;39.97;20.09
2024-01-31T16:00+01:00;769.665;7043.225;39.92;26.01
2024-01-31T17:00+01:00;826.105;7052.775;49.36;49.36
2024-01-31T18:00+01:00;809.935;7054.725;46.99;26.6
2024-01-31T19:00+01:00;777.8;7018.18;41.24;20.5
2024-01-31T20:00+01:00;654.79;7060.14;36.8;20.03
2024-01-31T21:00+01:00;588.365;7007.195;34.1;16.34
2024-01-31T22:00+01:00;597.865;6899.225;33.53;3.73
2024-01-31T23:00+01:00;596.27;6570.9;39.73;1.6
2024-02-01T00:00+01:00;596.995;6285.415;47.06;9.04
2024-02-01T01:00+01:00;588.09;6207.72;41.12;9.3
2024-02-01T02:00+01:00;594.36;6263.96;42.16;10.02
2024-02-01T03:00+01:00;597.31;6238.54;43.05;10.01
2024-02-01T04:00+01:00;602.065;6305.195;46.91;5.19
2024-02-01T05:00+01:00;612.65;6601.07;49.39;9.01
2024-02-01T06:00+01:00;689.275;6813.835;50.35;19.26
2024-02-01T07:00+01:00;868.835;6935.535;52.27;26.06
2024-02-01T08:00+01:00;988.455;6908.575;52.68;26.22
2024-02-01T09:00+01:00;848.15;7103.72;52.13;19.1
2024-02-01T10:00+01:00;759.89;7443.65;51.49;19.04
2024-02-01T11:00+01:00;900.8;7722.01;50.83;19.04
2024-02-01T12:00+01:00;871.8;7903.37;50.86;16.66
2024-02-01T13:00+01:00;879.435;7815.665;50.42;16.64
2024-02-01T14:00+01:00;842.3;7516.66;50.4;11.76
2024-02-01T15:00+01:00;881.01;7166.72;49.59;16.63
2024-02-01T16:00+01:00;902.6;6693.83;51.45;19.06
2024-02-01T17:00+01:00;1047.445;6475.275;54.93;54.93
2024-02-01T18:00+01:00;1046.95;6089.68;55.07;55.07
2024-02-01T19:00+01:00;1035.695;5820.155;55.06;26.26
2024-02-01T20:00+01:00;1011.78;5527.16;55.03;26.08
2024-02-01T21:00+01:00;940.045;4911.015;54.93;24.9
2024-02-01T22:00+01:00;881.495;4621.425;54.79;16.64
2024-02-01T23:00+01:00;911.37;4629.37;54.32;16.65
2024-02-02T00:00+01:00;893.17;4429.35;55.74;28.04
2024-02-02T01:00+01:00;883.355;4567.545;54.96;27.08
2024-02-02T02:00+01:00;768.26;4474.49;53.98;28.01
2024-02-02T03:00+01:00;751.75;4342.62;52.94;27.05
2024-02-02T04:00+01:00;786.135;4247.175;51.58;21.08
2024-02-02T05:00+01:00;808.5;4380.34;53.09;27.02
2024-02-02T06:00+01:00;894.045;4615.475;54.19;34.85
2024-02-02T07:00+01:00;1069.31;4873.71;57.82;57.82
2024-02-02T08:00+01:00;1062.57;5160.13;59.84;59.84
2024-02-02T09:00+01:00;1065.515;5437.005;58.1;58.1
2024-02-02T10:00+01:00;1000.365;5730.255;56.74;56.74
2024-02-02T11:00+01:00;967.5;5876.66;54.01;54.01
2024-02-02T12:00+01:00;915.735;5977.275;53.52;46.98
2024-02-02T13:00+01:00;892.57;6039.07;53.18;52.34
2024-02-02T14:00+01:00;852.745;6062.205;51.59;45
2024-02-02T15:00+01:00;827.765;6095.645;51.42;31.83
2024-02-02T16:00+01:00;807.7;6105.06;51.69;28.04
2024-02-02T17:00+01:00;819.93;6180.94;52.97;52.97
2024-02-02T18:00+01:00;825.61;5994.67;53.21;53.21
2024-02-02T19:00+01:00;794.045;5933.025;51.74;28.08
2024-02-02T20:00+01:00;756.815;5800.115;51.17;27.08
2024-02-02T21:00+01:00;770.875;5793.765;49.68;25.22
2024-02-02T22:00+01:00;788.03;5780.83;46.03;21.97
2024-02-02T23:00+01:00;739.17;5740.82;36.05;21.06
2024-02-03T00:00+01:00;551.06;5656.28;24.74;5.09
2024-02-03T01:00+01:00;518.75;5641.38;12.85;5.04
2024-02-03T02:00+01:00;501.685;5489.825;6.73;1.79
2024-02-03T03:00+01:00;503.62;5457.5;10.51;1.57
2024-02-03T04:00+01:00;505.82;5366.08;8.53;1.56
2024-02-03T05:00+01:00;507.755;5270.295;8.8;1.59
2024-02-03T06:00+01:00;527.47;5234.35;16.48;5.07
2024-02-03T07:00+01:00;595.555;5254.485;34.17;26.01
2024-02-03T08:00+01:00;668.05;5378.29;45.99;40.75
2024-02-03T09:00+01:00;695.25;5661.64;45.97;45.97
2024-02-03T10:00+01:00;675.54;5940.97;35.62;35.62
2024-02-03T11:00+01:00;659.515;6156.235;30.42;30.42
2024-02-03T12:00+01:00;646.23;6278.29;30.58;30.58
2024-02-03T13:00+01:00;575.285;6150.005;30.62;30.62
2024-02-03T14:00+01:00;584.04;6067.91;40.74;19.01
2024-02-03T15:00+01:00;576.37;5965.77;43.7;16.64
2024-02-03T16:00+01:00;679.67;5774.96;49.36;16.7
2024-02-03T17:00+01:00;923.85;5638.01;57.83;57.83
2024-02-03T18:00+01:00;984.695;5503.985;57.3;57.3
2024-02-03T19:00+01:00;968.545;5462.765;56.19;56.19
2024-02-03T20:00+01:00;973.01;5285.3;53.74;53.74
2024-02-03T21:00+01:00;941.225;5395.855;51.21;51.21
2024-02-03T22:00+01:00;766.73;5378.91;50.81;26.1
2024-02-03T23:00+01:00;633.395;5429.375;38.71;19.04
2024-02-04T00:00+01:00;589.595;5358.605;35.3;1.5
2024-02-04T01:00+01:00;542.82;5235.67;10.04;0.01
2024-02-04T02:00+01:00;514.1;5069.34;3.23;0.01
2024-02-04T03:00+01:00;506.48;4897.56;0.68;0
2024-02-04T04:00+01:00;502.19;4492.98;0;0
2024-02-04T05:00+01:00;505.28;4482.24;0;0
2024-02-04T06:00+01:00;508.32;4556.03;0;0
2024-02-04T07:00+01:00;518.01;5236.88;1.05;1.05
2024-02-04T08:00+01:00;521.775;5620.405;8.87;8.87
2024-02-04T09:00+01:00;515.22;5652.84;9.83;9.83
2024-02-04T10:00+01:00;515.01;5726.49;10.87;10.87
2024-02-04T11:00+01:00;518.995;5804.215;12.81;12.81
2024-02-04T12:00+01:00;500.55;5793.12;13.82;13.82
2024-02-04T13:00+01:00;496.815;5698.245;5.07;9.62
2024-02-04T14:00+01:00;496.485;5676.495;9.83;12.99
2024-02-04T15:00+01:00;502.755;5614.765;15.72;15.72
2024-02-04T16:00+01:00;587.745;5576.625;18.43;22.1
2024-02-04T17:00+01:00;720.09;5693.27;38.91;35.25
2024-02-04T18:00+01:00;765.48;5766.11;46.01;41.9
2024-02-04T19:00+01:00;781.82;5654.19;36.17;35.3
2024-02-04T20:00+01:00;740.355;5510.765;29.05;29.05
2024-02-04T21:00+01:00;732.295;5196.895;24.52;24.52
2024-02-04T22:00+01:00;666.84;4926.48;24.44;24.44
2024-02-04T23:00+01:00;597.295;4745.745;16.99;21.24
2024-02-05T00:00+01:00;548.375;4619.635;1.63;11.78
2024-02-05T01:00+01:00;537.605;4718.605;0.1;10.65
2024-02-05T02:00+01:00;538.09;4671.65;0.1;9.67
2024-02-05T03:00+01:00;534.745;4623.415;0.22;4.99
2024-02-05T04:00+01:00;535.315;4581.365;0.08;7.01
2024-02-05T05:00+01:00;551.245;4504.185;1.65;15.03
2024-02-05T06:00+01:00;730.685;3956.955;38.97;34.2
2024-02-05T07:00+01:00;905.47;3356.07;58.91;55.44
2024-02-05T08:00+01:00;947.685;2865.325;62.32;62.32
2024-02-05T09:00+01:00;931.15;2692.79;56.86;56.86
2024-02-05T10:00+01:00;816.73;2595.75;53.82;52.93
2024-02-05T11:00+01:00;768.29;2953.28;46.27;43.79
2024-02-05T12:00+01:00;668.42;3384.43;48.02;48.02
2024-02-05T13:00+01:00;686.805;3544.455;48.54;48.54
2024-02-05T14:00+01:00;788.455;3457.675;53.98;53.98
2024-02-05T15:00+01:00;940.7;3624.29;55.79;55.79
2024-02-05T16:00+01:00;1116.885;3730.715;60.72;60.72
2024-02-05T17:00+01:00;1206.795;3827.105;68.47;68.47
2024-02-05T18:00+01:00;1208.28;3941.9;68.78;68.78
2024-02-05T19:00+01:00;1195.28;4158.76;61.84;61.84
2024-02-05T20:00+01:00;1154.675;4436.485;60.48;60.48
2024-02-05T21:00+01:00;965.935;4680.805;59.65;59.65
2024-02-05T22:00+01:00;808.405;4774.165;56.3;56.3
2024-02-05T23:00+01:00;781.315;4773.445;47.41;52.29
2024-02-06T00:00+01:00;735.035;4756.635;35.46;35.46
2024-02-06T01:00+01:00;683.705;4809.155;28.2;53.17
2024-02-06T02:00+01:00;682.855;4963.825;10;53.2
2024-02-06T03:00+01:00;685.85;4976.97;4.98;53.21
2024-02-06T04:00+01:00;694.97;5064.45;3.11;49.23
2024-02-06T05:00+01:00;695.885;5184.125;20.09;23.06
2024-02-06T06:00+01:00;830.87;5480.39;50;61.14
2024-02-06T07:00+01:00;1117.945;5615.495;68.16;69.07
2024-02-06T08:00+01:00;1166.145;5688.345;62;74.4
2024-02-06T09:00+01:00;980.495;5613.465;61.35;68.29
2024-02-06T10:00+01:00;909.98;5481.71;58.68;63.9
2024-02-06T11:00+01:00;905.535;5483.495;58.36;62.2
2024-02-06T12:00+01:00;870.21;5667.69;59.09;61.6
2024-02-06T13:00+01:00;796.455;5832.035;58.24;61.35
2024-02-06T14:00+01:00;747.855;5932.555;60.02;61.82
2024-02-06T15:00+01:00;742.93;5778.99;60.06;61.85
2024-02-06T16:00+01:00;790.905;5644.395;60.82;62.63
2024-02-06T17:00+01:00;907.305;5431.265;62.97;64.85
2024-02-06T18:00+01:00;910.045;5283.105;61.96;63.81
2024-02-06T19:00+01:00;838.69;5259.56;61.16;62.16
2024-02-06T20:00+01:00;808.015;5332.635;59.14;60.42
2024-02-06T21:00+01:00;786.305;5376.055;56.44;58.85
2024-02-06T22:00+01:00;765.605;5317.175;56.52;58.04
2024-02-06T23:00+01:00;678.695;5420.855;53.3;55.06
2024-02-07T00:00+01:00;664.535;5386.955;41.17;53.23
2024-02-07T01:00+01:00;626.595;5280.025;37.17;52.37
2024-02-07T02:00+01:00;650.565;5120.075;43.26;43.26
2024-02-07T03:00+01:00;744.06;4828.72;46.59;46.59
2024-02-07T04:00+01:00;823.49;4715.96;54.47;54.47
2024-02-07T05:00+01:00;810.86;4826.63;59.63;60.12
2024-02-07T06:00+01:00;871.73;4939.87;74.83;74.35
2024-02-07T07:00+01:00;1258.935;4750.585;86.67;86.67
2024-02-07T08:00+01:00;1421.47;4394.18;87;87
2024-02-07T09:00+01:00;1386.7;4347.42;85.53;85.53
2024-02-07T10:00+01:00;1324.25;4412.84;81.17;81.17
2024-02-07T11:00+01:00;1195.925;4798.465;78.01;78.01
2024-02-07T12:00+01:00;1158.415;4811.015;75.82;75.82
2024-02-07T13:00+01:00;1362.705;4374.815;78.29;78.29
2024-02-07T14:00+01:00;1336.095;4155.075;77.32;77.32
2024-02-07T15:00+01:00;1585.87;3281.09;86.74;86.74
2024-02-07T16:00+01:00;1885.1;2502.46;97.3;97.3
2024-02-07T17:00+01:00;1872.205;2492.645;120.05;120.05
2024-02-07T18:00+01:00;1889.09;2930.46;136.22;136.22
2024-02-07T19:00+01:00;1828.235;3259.035;109.7;109.7
2024-02-07T20:00+01:00;1838.92;3354.68;99.91;99.91
2024-02-07T21:00+01:00;1733.745;3247.545;87.65;87.65
2024-02-07T22:00+01:00;1476.345;3678.295;83.63;83.63
2024-02-07T23:00+01:00;1302.295;4073.775;79.21;79.21
2024-02-08T00:00+01:00;1226.54;4359.49;73.7;73.7
2024-02-08T01:00+01:00;1175.75;4659.22;73.2;73.2
2024-02-08T02:00+01:00;1161.49;4646.93;72.15;72.15
2024-02-08T03:00+01:00;1139.565;4051.665;71.18;71.18
2024-02-08T04:00+01:00;1110.245;3810.425;70.95;70.95
2024-02-08T05:00+01:00;1121.79;3579.77;75.98;75.98
2024-02-08T06:00+01:00;1337.695;3244.995;87.08;87.08
2024-02-08T07:00+01:00;1651.48;3054.68;110;110
2024-02-08T08:00+01:00;1750.09;2745.01;133.15;133.15
2024-02-08T09:00+01:00;1776.5;2506.92;113.55;113.55
2024-02-08T10:00+01:00;1749.98;2452.54;97.79;97.79
2024-02-08T11:00+01:00;1639.355;2458.965;91.87;91.87
2024-02-08T12:00+01:00;1447.095;2567.465;89.38;89.38
2024-02-08T13:00+01:00;1453.785;2328.725;90.98;90.98
2024-02-08T14:00+01:00;1559.37;1921.62;94.9;94.9
2024-02-08T15:00+01:00;1716.73;1411.48;94.38;94.38
2024-02-08T16:00+01:00;1678.475;1115.995;93.01;93.01
2024-02-08T17:00+01:00;1813.385;1133.395;103;105.53
2024-02-08T18:00+01:00;1743.465;1179.845;94.67;97
2024-02-08T19:00+01:00;1641.225;1153.635;86.06;86.06
2024-02-08T20:00+01:00;1568.855;1219.565;83.2;83.2
2024-02-08T21:00+01:00;1474.96;1403.88;80.61;80.61
2024-02-08T22:00+01:00;1398.675;1679.685;75.6;75.6
2024-02-08T23:00+01:00;1258.555;2013.155;65.98;65.98
2024-02-09T00:00+01:00;1185.985;2243.265;60.43;67.27
2024-02-09T01:00+01:00;1107.725;2730.435;58.61;65.65
2024-02-09T02:00+01:00;1054.76;3510.36;55.74;64.67
2024-02-09T03:00+01:00;1017.715;4060.875;51.61;63.57
2024-02-09T04:00+01:00;999.475;4794.205;49.96;62.97
2024-02-09T05:00+01:00;996.53;5478.69;51.41;60.87
2024-02-09T06:00+01:00;1178.975;5914.285;52.57;67.42
2024-02-09T07:00+01:00;1462.96;6238.28;63.02;69.6
2024-02-09T08:00+01:00;1616.91;6394.37;62.19;75.48
2024-02-09T09:00+01:00;1661.93;6535.52;63.76;73.68
2024-02-09T10:00+01:00;1503.385;6751.865;65.41;71.46
2024-02-09T11:00+01:00;1540.375;6908.395;65.35;70.75
2024-02-09T12:00+01:00;1497.97;6978.5;63.84;69.52
2024-02-09T13:00+01:00;1491.145;7025.095;62.89;69.6
2024-02-09T14:00+01:00;1618.41;7014.22;68.68;70.09
2024-02-09T15:00+01:00;1569.015;6982.835;68.09;70.12
2024-02-09T16:00+01:00;1617.445;6911.025;68.75;70.8
2024-02-09T17:00+01:00;1639.76;6859.24;74.22;76.44
2024-02-09T18:00+01:00;1611.885;6861.925;75.94;75.94
2024-02-09T19:00+01:00;1525.1;6801.41;70.94;70.94
2024-02-09T20:00+01:00;1436.865;6652.605;67.25;67.25
2024-02-09T21:00+01:00;1370.905;6567.775;66.15;66.15
2024-02-09T22:00+01:00;1332.025;6486.905;64.96;64.96
2024-02-09T23:00+01:00;1240.52;6423.19;63.28;63.28
2024-02-10T00:00+01:00;1063.025;6367.525;61.14;61.14
2024-02-10T01:00+01:00;975.11;6289.19;62.03;62.03
2024-02-10T02:00+01:00;968.41;6085.33;62.34;62.34
2024-02-10T03:00+01:00;966.86;6179.97;62.33;62.33
2024-02-10T04:00+01:00;967.3;6235.32;62.35;62.35
2024-02-10T05:00+01:00;1022.96;6332.62;63.35;63.35
2024-02-10T06:00+01:00;1126.46;6341.1;62.64;62.64
2024-02-10T07:00+01:00;1150.52;6420.62;63.26;63.26
2024-02-10T08:00+01:00;1169.06;6458.54;64.74;64.74
2024-02-10T09:00+01:00;1315.925;6385.975;65.72;65.72
2024-02-10T10:00+01:00;1275.4;6346.52;67.47;67.47
2024-02-10T11:00+01:00;1271.085;6265.265;67.27;67.27
2024-02-10T12:00+01:00;1254.615;6139.665;66.18;66.18
2024-02-10T13:00+01:00;1226.39;6078.27;65.12;65.12
2024-02-10T14:00+01:00;1276.795;6033.915;66.91;66.91
2024-02-10T15:00+01:00;1400.505;5989.615;68.01;68.01
2024-02-10T16:00+01:00;1569.81;5870.77;68.92;68.92
2024-02-10T17:00+01:00;1680.95;5838.73;88.4;88.4
2024-02-10T18:00+01:00;1691.64;5825.51;85.27;85.27
2024-02-10T19:00+01:00;1592.62;5870.92;69.06;69.06
2024-02-10T20:00+01:00;1485.35;5807.48;65.28;65.28
2024-02-10T21:00+01:00;1395.69;5715.26;64.18;64.18
2024-02-10T22:00+01:00;1321.215;5717.235;63.38;63.38
2024-02-10T23:00+01:00;1378.235;5597.695;61.93;61.93
2024-02-11T00:00+01:00;1198.92;5617.79;55.48;55.48
2024-02-11T01:00+01:00;1177.94;5670.67;53.67;53.67
2024-02-11T02:00+01:00;1086.67;5644.08;52.6;52.6
2024-02-11T03:00+01:00;957.225;5572.175;46.83;46.83
2024-02-11T04:00+01:00;954.925;5583.395;43.64;43.64
2024-02-11T05:00+01:00;960.385;5624.845;46.25;46.25
2024-02-11T06:00+01:00;1004.55;5667.99;49.19;49.19
2024-02-11T07:00+01:00;1163.69;5828.47;53.16;53.16
2024-02-11T08:00+01:00;1228.495;6024.105;55.06;55.06
2024-02-11T09:00+01:00;1274.845;6129.365;57.97;57.97
2024-02-11T10:00+01:00;1248.645;6243.525;61.16;61.16
2024-02-11T11:00+01:00;1307.455;6260.215;63.97;63.97
2024-02-11T12:00+01:00;1377.805;6194.475;63.05;63.05
2024-02-11T13:00+01:00;1411.89;6056.79;61.73;61.73
2024-02-11T14:00+01:00;1403.375;5925.935;63.33;63.33
2024-02-11T15:00+01:00;1382.34;5829.6;66.02;64.71
2024-02-11T16:00+01:00;1478.445;5745.455;70.69;68.04
2024-02-11T17:00+01:00;1511.03;5604.46;78.34;76.07
2024-02-11T18:00+01:00;1550.68;5340.65;80.58;80.58
2024-02-11T19:00+01:00;1552.585;5069.545;74.95;70.98
2024-02-11T20:00+01:00;1513.49;4791.85;76.59;63.29
2024-02-11T21:00+01:00;1444.945;4492.575;69.93;60.37
2024-02-11T22:00+01:00;1418.5;4151.58;67.86;56.51
2024-02-11T23:00+01:00;1243.025;3877.275;63.88;57.38
2024-02-12T00:00+01:00;1063.35;3732.68;64.35;62.35
2024-02-12T01:00+01:00;1021.065;3430.865;61.59;59.94
2024-02-12T02:00+01:00;1036.13;3142.79;60.65;58.79
2024-02-12T03:00+01:00;999.885;2930.495;59.39;57.77
2024-02-12T04:00+01:00;1039.935;2843.265;59.21;59.21
2024-02-12T05:00+01:00;1122.42;2628.96;65;65
2024-02-12T06:00+01:00;1463.07;2458.03;76;76
2024-02-12T07:00+01:00;1806.85;2221.67;85.41;85.41
2024-02-12T08:00+01:00;1802.33;2204.74;104;104
2024-02-12T09:00+01:00;1801.485;1891.815;96.5;96.5
2024-02-12T10:00+01:00;1681.51;1755.11;85.47;85.47
2024-02-12T11:00+01:00;1529.615;1770.605;79.14;79.14
2024-02-12T12:00+01:00;1352.935;1765.215;67.37;67.37
2024-02-12T13:00+01:00;1417.825;1858.705;63.75;63.75
2024-02-12T14:00+01:00;1371.72;1853.96;63.95;63.95
2024-02-12T15:00+01:00;1463.47;1864.93;66.4;66.4
2024-02-12T16:00+01:00;1688.06;1721.41;78.42;78.42
2024-02-12T17:00+01:00;1805.145;1661.005;93.9;93.9
2024-02-12T18:00+01:00;1826.245;1747.945;96;96
2024-02-12T19:00+01:00;1698.74;1957.78;89.08;89.08
2024-02-12T20:00+01:00;1546;2083.64;79.15;79.15
2024-02-12T21:00+01:00;1433.795;2182.115;71.54;71.54
2024-02-12T22:00+01:00;1363.055;2296.955;65.65;64.29
2024-02-12T23:00+01:00;1373.25;2402.07;61.73;59.94
2024-02-13T00:00+01:00;1228.43;2564.63;66.31;66.31
2024-02-13T01:00+01:00;1136.795;2544.895;65.37;63.8
2024-02-13T02:00+01:00;1366.625;2568.065;63.41;61.1
2024-02-13T03:00+01:00;1318.085;2849.675;60.49;58.96
2024-02-13T04:00+01:00;1152.55;2931.93;60.06;60.06
2024-02-13T05:00+01:00;1106.92;2963.18;62.7;62.7
2024-02-13T06:00+01:00;1204.38;3163.56;66.15;66.15
2024-02-13T07:00+01:00;1462.87;3676.55;75.68;75.68
2024-02-13T08:00+01:00;1647.17;3883.39;88.75;88.75
2024-02-13T09:00+01:00;1371.505;4179.205;74.96;74.96
2024-02-13T10:00+01:00;1248.21;4436.66;69.21;69.21
2024-02-13T11:00+01:00;1035.795;4971.225;63.87;63.87
2024-02-13T12:00+01:00;948.29;5164.4;60.53;60.53
2024-02-13T13:00+01:00;980.16;4954.87;60.26;60.26
2024-02-13T14:00+01:00;1013.36;4741.35;63.1;63.1
2024-02-13T15:00+01:00;1168.135;4283.985;70.7;69
2024-02-13T16:00+01:00;1433.455;3838.045;77.92;77.92
2024-02-13T17:00+01:00;1641.04;3709.92;94.93;94.93
2024-02-13T18:00+01:00;1659.66;3666.99;99.52;99.52
2024-02-13T19:00+01:00;1609.25;3627.48;90.99;90.99
2024-02-13T20:00+01:00;1499.255;3669.115;77.97;77.97
2024-02-13T21:00+01:00;1246.455;3508.175;71.86;71.86
2024-02-13T22:00+01:00;1163.935;3193.855;68.39;68.39
2024-02-13T23:00+01:00;1030.19;3053.45;64.74;64.74
2024-02-14T00:00+01:00;873.62;2885.09;60.63;60.63
2024-02-14T01:00+01:00;858.51;2438.22;59.34;59.34
2024-02-14T02:00+01:00;844.605;2095.325;55.76;55.76
2024-02-14T03:00+01:00;841.96;1904.81;54.79;54.79
2024-02-14T04:00+01:00;852.09;1876.46;55.06;55.06
2024-02-14T05:00+01:00;914.185;1883.175;58.43;58.43
2024-02-14T06:00+01:00;1033.49;1914.85;63.23;63.23
2024-02-14T07:00+01:00;1261.935;1886.705;72.74;72.74
2024-02-14T08:00+01:00;1387.08;1915.36;79.73;79.73
2024-02-14T09:00+01:00;1134.43;1967.85;69.65;69.65
2024-02-14T10:00+01:00;1012.19;1977.73;63.86;63.86
2024-02-14T11:00+01:00;1017.78;1896.56;63.29;63.29
2024-02-14T12:00+01:00;999.45;1709.42;62.63;62.63
2024-02-14T13:00+01:00;982.26;1577.18;63.82;63.82
2024-02-14T14:00+01:00;1063.325;1516.675;69.03;69.03
2024-02-14T15:00+01:00;1169.52;1489.6;72.23;72.23
2024-02-14T16:00+01:00;1286.5;1430.67;78.54;78.54
2024-02-14T17:00+01:00;1482.865;1448.105;82.97;82.97
2024-02-14T18:00+01:00;1504.355;1514.175;87.58;87.58
2024-02-14T19:00+01:00;1531.18;1484.73;84.47;84.47
2024-02-14T20:00+01:00;1270.01;1322.23;76.48;76.48
2024-02-14T21:00+01:00;1050.9;1307.65;69.68;69.68
2024-02-14T22:00+01:00;888.445;1358.625;68.2;68.2
2024-02-14T23:00+01:00;849.65;1384.3;63.8;63.8
2024-02-15T00:00+01:00;787.31;1291.49;61.71;61.71
2024-02-15T01:00+01:00;765.005;1319.145;61.13;61.13
2024-02-15T02:00+01:00;734.68;1350.61;60.3;60.3
2024-02-15T03:00+01:00;741.195;1403.825;59.75;59.75
2024-02-15T04:00+01:00;777.52;1485.14;61.94;61.94
2024-02-15T05:00+01:00;833.99;1582.68;64.48;64.48
2024-02-15T06:00+01:00;981.495;1811.475;72.21;72.21
2024-02-15T07:00+01:00;1134.865;1937.805;81.57;81.57
2024-02-15T08:00+01:00;1160.52;2090.39;82.67;82.67
2024-02-15T09:00+01:00;1151.805;2166.555;78.76;78.76
2024-02-15T10:00+01:00;979.33;2301.95;74.18;74.18
2024-02-15T11:00+01:00;892.885;2334.035;69.96;69.96
2024-02-15T12:00+01:00;867.215;2164.485;66.63;66.63
2024-02-15T13:00+01:00;857.665;2296.745;66.19;66.19
2024-02-15T14:00+01:00;911.845;2309.015;69.91;69.91
2024-02-15T15:00+01:00;1056.755;2281.665;75.05;75.05
2024-02-15T16:00+01:00;1220.02;2306.13;78.73;79.05
2024-02-15T17:00+01:00;1241.355;2614.485;84.89;87
2024-02-15T18:00+01:00;1244.155;3093.845;86.91;86.91
2024-02-15T19:00+01:00;1104.34;3604.02;75.61;75.61
2024-02-15T20:00+01:00;962.16;3857.69;69.56;69.56
2024-02-15T21:00+01:00;782.85;4053.02;62.68;62.68
2024-02-15T22:00+01:00;666.725;4173.965;62.66;62.66
2024-02-15T23:00+01:00;630.47;4168.65;58.91;58.91
2024-02-16T00:00+01:00;545.25;4122.89;51.76;51.76
2024-02-16T01:00+01:00;536.865;4042.835;51.08;51.08
2024-02-16T02:00+01:00;533.485;4054.405;49.92;49.92
2024-02-16T03:00+01:00;523.11;3976.83;48.81;48.81
2024-02-16T04:00+01:00;540.495;4134.205;51.38;51.38
2024-02-16T05:00+01:00;584.435;4304.955;53.53;35.7
2024-02-16T06:00+01:00;668.75;4450.01;55.66;35.81
2024-02-16T07:00+01:00;700.23;4552.09;61.39;61.39
2024-02-16T08:00+01:00;705.37;4802.27;63.13;63.13
2024-02-16T09:00+01:00;686.695;4932.835;61.13;57.69
2024-02-16T10:00+01:00;643.62;4769.43;54.37;53.07
2024-02-16T11:00+01:00;590.75;4619.06;53;35.21
2024-02-16T12:00+01:00;580.16;4577.19;52.33;41.65
2024-02-16T13:00+01:00;575.125;4651.395;52.31;52.31
2024-02-16T14:00+01:00;622.57;4332.69;53.78;32.35
2024-02-16T15:00+01:00;676.645;4468.105;58.98;31.29
2024-02-16T16:00+01:00;680.37;4579.2;58.18;33.95
2024-02-16T17:00+01:00;696.725;5112.075;59.09;37.92
2024-02-16T18:00+01:00;705.47;5686.88;58;36.14
2024-02-16T19:00+01:00;700.055;5872.335;56.58;29.99
2024-02-16T20:00+01:00;697.28;5903.71;54.7;26.36
2024-02-16T21:00+01:00;606.465;6013.425;54.49;25.51
2024-02-16T22:00+01:00;556.965;5990.065;53.62;24.43
2024-02-16T23:00+01:00;545.365;6038.485;53.59;19.56
2024-02-17T00:00+01:00;515.625;6124.895;51.41;19.32
2024-02-17T01:00+01:00;496.705;6045.725;48.54;18.88
2024-02-17T02:00+01:00;487.15;5758.59;50.3;18.43
2024-02-17T03:00+01:00;486.025;5264.225;51.36;13.22
2024-02-17T04:00+01:00;491.03;4778.58;52.88;11.16
2024-02-17T05:00+01:00;522.14;4233.31;53.76;9.99
2024-02-17T06:00+01:00;602.16;3915.32;54.14;11.11
2024-02-17T07:00+01:00;619.305;3559.405;56.9;17.23
2024-02-17T08:00+01:00;701.03;3281.47;64.27;22.08
2024-02-17T09:00+01:00;688.225;3230.365;63.29;30.08
2024-02-17T10:00+01:00;701.995;3282.935;62.02;30.06
2024-02-17T11:00+01:00;686.91;3334.09;60.69;30.03
2024-02-17T12:00+01:00;664.035;3258.195;58.26;30.07
2024-02-17T13:00+01:00;661.405;3084.475;55.25;41.61
2024-02-17T14:00+01:00;666.26;2779.1;59.09;59.09
2024-02-17T15:00+01:00;762.52;2304.67;67.07;67.07
2024-02-17T16:00+01:00;821.43;1705.38;73.22;73.22
2024-02-17T17:00+01:00;1038.945;1528.835;87.93;87.93
2024-02-17T18:00+01:00;1145.195;1481.985;110.06;110.06
2024-02-17T19:00+01:00;1066.145;1398.265;90.28;90.28
2024-02-17T20:00+01:00;1021.1;1371.46;80.93;80.93
2024-02-17T21:00+01:00;856.72;1309.69;74.57;74.57
2024-02-17T22:00+01:00;869.61;1380.77;72.44;72.44
2024-02-17T23:00+01:00;832.735;1705.015;69.11;69.11
2024-02-18T00:00+01:00;797.82;2073.29;62.38;62.38
2024-02-18T01:00+01:00;778.07;2401.71;54.81;54.81
2024-02-18T02:00+01:00;768.25;2608.78;51.44;51.44
2024-02-18T03:00+01:00;693.945;2815.085;50.32;50.32
2024-02-18T04:00+01:00;673.275;3006.495;50.19;50.19
2024-02-18T05:00+01:00;676.005;3440.215;48.47;48.47
2024-02-18T06:00+01:00;672.8;3833.56;46.02;46.02
2024-02-18T07:00+01:00;670.08;4420.41;48.97;48.97
2024-02-18T08:00+01:00;660.4;5041.34;47.28;47.28
2024-02-18T09:00+01:00;641.41;5331.3;43.03;43.03
2024-02-18T10:00+01:00;622.9;5404.01;40.45;40.45
2024-02-18T11:00+01:00;625.635;5385.365;41;41
2024-02-18T12:00+01:00;647.3;5159.23;40.1;40.1
2024-02-18T13:00+01:00;632.915;4598.345;39.88;39.88
2024-02-18T14:00+01:00;632.77;4122.63;42.87;42.87
2024-02-18T15:00+01:00;679.645;3746.375;54.29;46.66
2024-02-18T16:00+01:00;718.57;3441.25;62.87;46.12
2024-02-18T17:00+01:00;876.145;3228.105;72;46.77
2024-02-18T18:00+01:00;918.205;3066.825;73.66;47.97
2024-02-18T19:00+01:00;951.62;3015.89;70.59;43.14
2024-02-18T20:00+01:00;799.77;3123.95;64.71;40.36
2024-02-18T21:00+01:00;695.425;3219.595;59.83;43.14
2024-02-18T22:00+01:00;669.125;3410.725;57.33;44.73
2024-02-18T23:00+01:00;579.93;3124.98;53.94;53.94
2024-02-19T00:00+01:00;559.46;2962.75;44;44
2024-02-19T01:00+01:00;603.515;2716.145;43.04;43.04
2024-02-19T02:00+01:00;616.87;2454.62;44.21;44.21
2024-02-19T03:00+01:00;613.1;2261;43.91;43.91
2024-02-19T04:00+01:00;637.32;2314.26;44.92;44.92
2024-02-19T05:00+01:00;666.695;2527.365;51.57;51.57
2024-02-19T06:00+01:00;911.55;2863.47;68.6;68.6
2024-02-19T07:00+01:00;1094.83;3101.97;79.09;79.09
2024-02-19T08:00+01:00;1151.185;3664.995;83.84;83.84
2024-02-19T09:00+01:00;1122.745;3743.535;75.03;75.03
2024-02-19T10:00+01:00;1092.15;3701.45;70.83;70.83
2024-02-19T11:00+01:00;1038.96;3604.67;69.13;69.13
2024-02-19T12:00+01:00;883.71;3411.26;62.47;62.47
2024-02-19T13:00+01:00;808.845;3327.205;60.01;60.01
2024-02-19T14:00+01:00;821.12;3412.45;64.38;64.38
2024-02-19T15:00+01:00;829.915;3493.865;66.6;67.62
2024-02-19T16:00+01:00;990.37;3326.1;69.79;69.79
2024-02-19T17:00+01:00;1153.945;3271.685;76.25;76.25
2024-02-19T18:00+01:00;1172.44;3257.33;97.65;97.65
2024-02-19T19:00+01:00;1160.755;3285.455;79.98;79.98
2024-02-19T20:00+01:00;1083.58;3275.36;68.92;68.92
2024-02-19T21:00+01:00;900.21;3596.77;56.15;56.15
2024-02-19T22:00+01:00;819;3855.44;53.47;53.47
2024-02-19T23:00+01:00;753.805;3732.885;53.77;53.77
2024-02-20T00:00+01:00;628.85;3753.49;58.06;58.06
2024-02-20T01:00+01:00;605.535;3827.025;54.15;54.15
2024-02-20T02:00+01:00;594.91;3936.15;53.79;53.79
2024-02-20T03:00+01:00;571.525;4039.555;53.37;53.37
2024-02-20T04:00+01:00;587.985;4266.385;51.72;51.72
2024-02-20T05:00+01:00;609.57;4285.26;52.35;52.35
2024-02-20T06:00+01:00;800.31;4213.23;66.59;66.59
2024-02-20T07:00+01:00;970.96;4072.54;86.07;86.22
2024-02-20T08:00+01:00;990.265;3915.445;89.63;88.71
2024-02-20T09:00+01:00;1097.755;3891.895;78.55;77.78
2024-02-20T10:00+01:00;969.335;4324.795;69.84;69.84
2024-02-20T11:00+01:00;876.145;4779.785;60.88;59.42
2024-02-20T12:00+01:00;812.76;4736.47;53.52;53.52
2024-02-20T13:00+01:00;859.195;4865.105;51.42;51.42
2024-02-20T14:00+01:00;899.97;4721.87;51.79;51.79
2024-02-20T15:00+01:00;829.485;4514.005;54.81;54.81
2024-02-20T16:00+01:00;891.35;4372.17;57.6;57.6
2024-02-20T17:00+01:00;977.725;4529.845;68.77;68.77
2024-02-20T18:00+01:00;985.685;4758.715;67.49;67.49
2024-02-20T19:00+01:00;920.735;5287.135;55.65;55.65
2024-02-20T20:00+01:00;732.165;5445.485;52.57;52.57
2024-02-20T21:00+01:00;669.84;5202.49;51.54;43.68
2024-02-20T22:00+01:00;592.37;4933.97;49.06;39.01
2024-02-20T23:00+01:00;544.735;5111.755;49.61;36.01
2024-02-21T00:00+01:00;537.06;5407.1;48.58;37.37
2024-02-21T01:00+01:00;532.245;5522.315;46.91;36.79
2024-02-21T02:00+01:00;533.405;5732.165;46.84;36.82
2024-02-21T03:00+01:00;562.3;6000.92;44.77;36.82
2024-02-21T04:00+01:00;592.47;6158.14;44.66;37.95
2024-02-21T05:00+01:00;595.805;6131.985;46.05;39.02
2024-02-21T06:00+01:00;657.835;6091.445;49.32;42.74
2024-02-21T07:00+01:00;790.08;5723.79;53.39;53.39
2024-02-21T08:00+01:00;924.9;5332.19;55.3;55.3
2024-02-21T09:00+01:00;943.095;5195.505;59.51;56.18
2024-02-21T10:00+01:00;905.86;5178.48;57.22;55.56
2024-02-21T11:00+01:00;865.76;5200.99;57.28;55.35
2024-02-21T12:00+01:00;718.775;5169.455;53.01;51.74
2024-02-21T13:00+01:00;702.725;4942.525;51.21;49.99
2024-02-21T14:00+01:00;711.525;4630.405;53.76;53.76
2024-02-21T15:00+01:00;753.575;3997.475;51.31;50.64
2024-02-21T16:00+01:00;916.305;3707.445;54.93;59.99
2024-02-21T17:00+01:00;986.31;4105.09;57.41;67.96
2024-02-21T18:00+01:00;963.83;4415.47;64.62;66.93
2024-02-21T19:00+01:00;940.17;4788.28;53.96;59.92
2024-02-21T20:00+01:00;765.4;4997.73;50.86;50.86
2024-02-21T21:00+01:00;596.63;5229.94;45.98;45.98
2024-02-21T22:00+01:00;607.39;5434.42;41.71;40.71
2024-02-21T23:00+01:00;594.765;5512.855;35.22;34.38
2024-02-22T00:00+01:00;523.63;5487.75;30.47;30.98
2024-02-22T01:00+01:00;494.03;5347.01;27.42;27.42
2024-02-22T02:00+01:00;491.705;5105.885;27.07;27.07
2024-02-22T03:00+01:00;492.53;4483.11;27.95;27.95
2024-02-22T04:00+01:00;523.07;3708.02;37;30.93
2024-02-22T05:00+01:00;610.895;3133.535;47.91;29.33
2024-02-22T06:00+01:00;835.045;2810.775;63.07;63.07
2024-02-22T07:00+01:00;977.01;2878.76;75;75
2024-02-22T08:00+01:00;1010.51;3046.58;81.91;81.91
2024-02-22T09:00+01:00;1034.765;3102.215;74;74
2024-02-22T10:00+01:00;1102.59;3092.94;69.44;69.44
2024-02-22T11:00+01:00;957.03;3340.16;67.25;67.25
2024-02-22T12:00+01:00;734.08;3460.34;59.57;59.57
2024-02-22T13:00+01:00;717.26;3371.28;57.47;57.47
2024-02-22T14:00+01:00;759.36;3042.96;56.4;56.4
2024-02-22T15:00+01:00;731.685;3012.175;63.1;63.2
2024-02-22T16:00+01:00;821.56;3128.19;60.93;61.73
2024-02-22T17:00+01:00;821.875;3384.445;61.76;61.76
2024-02-22T18:00+01:00;797.03;4092.11;59.91;59.91
2024-02-22T19:00+01:00;724.61;4902.69;52.42;52.42
2024-02-22T20:00+01:00;636.95;5353.82;42.45;42.45
2024-02-22T21:00+01:00;563.95;5720.25;24.48;24.44
2024-02-22T22:00+01:00;474.82;6026.28;12.06;12.06
2024-02-22T23:00+01:00;373.94;6150.18;1.95;1.95
2024-02-23T00:00+01:00;346.015;6085.845;9.23;1.6
2024-02-23T01:00+01:00;343.95;5937.4;1.5;1.04
2024-02-23T02:00+01:00;342.875;5622.295;1.19;1.19
2024-02-23T03:00+01:00;353.965;5242.135;0.1;0.09
2024-02-23T04:00+01:00;343.61;5014.31;0.4;0.02
2024-02-23T05:00+01:00;383.2;5061.43;1.13;0.09
2024-02-23T06:00+01:00;548.365;5548.975;39.68;5.29
2024-02-23T07:00+01:00;745.77;5934.94;57.06;17.07
2024-02-23T08:00+01:00;952.26;6482.72;51.96;24.61
2024-02-23T09:00+01:00;976.135;6884.305;50.5;16.38
2024-02-23T10:00+01:00;794.805;7230.105;46.64;16.33
2024-02-23T11:00+01:00;738.66;7473.92;41.65;16.39
2024-02-23T12:00+01:00;740.165;7642.315;37.1;8.62
2024-02-23T13:00+01:00;735.28;7435.07;33.6;5
2024-02-23T14:00+01:00;740.645;7174.205;39.08;1.58
2024-02-23T15:00+01:00;775.5;6791.26;48.57;9.59
2024-02-23T16:00+01:00;929.625;5956.135;49.99;25.03
2024-02-23T17:00+01:00;937.165;5049.255;53.28;53.28
2024-02-23T18:00+01:00;910.335;4948.495;57.02;57.02
2024-02-23T19:00+01:00;935.435;4815.335;55.21;29.64
2024-02-23T20:00+01:00;958.62;4542.99;54.81;25.05
2024-02-23T21:00+01:00;943.16;4290.33;53.16;25.04
2024-02-23T22:00+01:00;926.905;4035.195;54.05;25.03
2024-02-23T23:00+01:00;984.405;3683.915;57.24;25.1
2024-02-24T00:00+01:00;864.985;3455.815;66.47;66.47
2024-02-24T01:00+01:00;868.095;3149.005;63.9;63.9
2024-02-24T02:00+01:00;769.41;2800.34;59.5;59.5
2024-02-24T03:00+01:00;693.6;2247.93;55.2;55.2
2024-02-24T04:00+01:00;718.24;2238.7;55.39;55.39
2024-02-24T05:00+01:00;720.355;1971.935;57.1;57.1
2024-02-24T06:00+01:00;909.71;2045.37;61.67;61.67
2024-02-24T07:00+01:00;920.365;2024.935;66.11;66.11
2024-02-24T08:00+01:00;925.38;2198.95;64.4;64.4
2024-02-24T09:00+01:00;782.06;2378.24;57.6;57.6
2024-02-24T10:00+01:00;728.285;2480.775;49.16;49.16
2024-02-24T11:00+01:00;664.765;2603.995;45.84;45.84
2024-02-24T12:00+01:00;620.755;2609.155;40.32;40.32
2024-02-24T13:00+01:00;577.125;2532.315;32.22;32.22
2024-02-24T14:00+01:00;586.065;2448.805;37.6;37.6
2024-02-24T15:00+01:00;717.16;2265.47;45;45
2024-02-24T16:00+01:00;851.975;2173.165;55.95;55.95
2024-02-24T17:00+01:00;1014.565;2018.325;71.67;71.67
2024-02-24T18:00+01:00;1004.37;1992.74;80;80
2024-02-24T19:00+01:00;1261.095;2297.445;74.13;74.13
2024-02-24T20:00+01:00;985.26;2383.2;65.17;65.17
2024-02-24T21:00+01:00;879.215;2476.765;59.94;59.94
2024-02-24T22:00+01:00;832.795;2545.625;56;56
2024-02-24T23:00+01:00;741.61;2103.51;52.2;52.2
2024-02-25T00:00+01:00;830.925;2355.825;56.57;56.57
2024-02-25T01:00+01:00;775.94;2621.3;55.44;55.44
2024-02-25T02:00+01:00;707.985;2684.505;55.38;55.38
2024-02-25T03:00+01:00;603.305;2518.885;54.89;54.89
2024-02-25T04:00+01:00;653.545;2307.705;55.19;55.19
2024-02-25T05:00+01:00;704.21;2220.46;55.07;55.07
2024-02-25T06:00+01:00;856.62;2178.48;56.71;56.71
2024-02-25T07:00+01:00;867.815;2262.675;59.92;59.92
2024-02-25T08:00+01:00;906.065;2656.255;61.58;61.58
2024-02-25T09:00+01:00;900.63;2724.13;61.82;61.82
2024-02-25T10:00+01:00;855.58;2674.51;56.31;56.31
2024-02-25T11:00+01:00;749.755;2481.855;54.12;54.12
2024-02-25T12:00+01:00;638.08;2224.43;50;50
2024-02-25T13:00+01:00;626.55;1976.18;46.03;46.03
2024-02-25T14:00+01:00;681.405;1753.595;49.84;49.84
2024-02-25T15:00+01:00;896.575;1735.105;55;55
2024-02-25T16:00+01:00;975.4;1640.91;67.8;67.8
2024-02-25T17:00+01:00;996.35;1386.9;82.19;82.19
2024-02-25T18:00+01:00;1026.99;1315.63;93.69;93.69
2024-02-25T19:00+01:00;1018.3;1209.39;79.18;79.18
2024-02-25T20:00+01:00;996.915;1116.345;69.99;69.99
2024-02-25T21:00+01:00;1097.525;761.725;65.92;65.92
2024-02-25T22:00+01:00;1033.975;752.525;65.23;65.23
2024-02-25T23:00+01:00;911.31;849.6;58.38;58.38
2024-02-26T00:00+01:00;650.275;845.985;57.83;57.83
2024-02-26T01:00+01:00;564.755;887.235;56.82;56.82
2024-02-26T02:00+01:00;572.19;950.1;55.7;55.7
2024-02-26T03:00+01:00;580.35;970.86;51.8;51.8
2024-02-26T04:00+01:00;616.375;1060.865;53.3;53.3
2024-02-26T05:00+01:00;690.635;1126.965;57.92;57.92
2024-02-26T06:00+01:00;970.085;1124.445;70.02;70.02
2024-02-26T07:00+01:00;1016.825;1170.245;79.9;79.9
2024-02-26T08:00+01:00;1017.86;1315.67;81.6;81.6
2024-02-26T09:00+01:00;1009.16;1702.26;73.83;73.83
2024-02-26T10:00+01:00;1018.615;2205.245;66.65;66.65
2024-02-26T11:00+01:00;1028.27;2398.86;65.03;65.03
2024-02-26T12:00+01:00;848.37;2391.87;58.42;58.42
2024-02-26T13:00+01:00;892.275;2310.465;58.19;58.19
2024-02-26T14:00+01:00;880.66;2358.14;61.29;61.29
2024-02-26T15:00+01:00;1050.335;2160.975;64.95;64.95
2024-02-26T16:00+01:00;1160.725;1872.695;69.99;69.99
2024-02-26T17:00+01:00;1190.48;1617.65;77;77
2024-02-26T18:00+01:00;1213.045;1553.145;85.32;85.32
2024-02-26T19:00+01:00;1204.85;1501.02;81.01;81.01
2024-02-26T20:00+01:00;1103.735;1488.845;72.21;72.21
2024-02-26T21:00+01:00;1040.01;1353.83;65.69;65.69
2024-02-26T22:00+01:00;1010.405;1285.205;65.21;65.21
2024-02-26T23:00+01:00;856.14;1161.56;60.76;60.76
2024-02-27T00:00+01:00;715.895;1164.475;57.62;57.62
2024-02-27T01:00+01:00;720.865;1132.565;57.55;57.55
2024-02-27T02:00+01:00;720.69;1148.78;57.35;57.35
2024-02-27T03:00+01:00;720.885;1077.035;56.87;56.87
2024-02-27T04:00+01:00;741.47;1070.64;57.35;57.35
2024-02-27T05:00+01:00;935.965;1053.745;63.1;63.1
2024-02-27T06:00+01:00;1166.725;998.225;74.31;74.31
2024-02-27T07:00+01:00;1307.795;1107.855;95.63;95.63
2024-02-27T08:00+01:00;1351.87;1277.01;95.78;95.78
2024-02-27T09:00+01:00;1294.195;1240.415;80.81;80.81
2024-02-27T10:00+01:00;1163.955;1403.965;68.71;68.71
2024-02-27T11:00+01:00;987.3;1492.34;64.93;64.93
2024-02-27T12:00+01:00;888.47;1543.37;59.26;59.26
2024-02-27T13:00+01:00;890.08;1556.1;59.25;59.25
2024-02-27T14:00+01:00;965.07;1627.26;64.71;64.71
2024-02-27T15:00+01:00;1138.125;1552.735;72.06;72.06
2024-02-27T16:00+01:00;1309.475;1479.195;79.82;79.82
2024-02-27T17:00+01:00;1391.53;1536.84;98.02;98.02
2024-02-27T18:00+01:00;1480.62;1653.02;111.8;111.8
2024-02-27T19:00+01:00;1426.86;1848.3;105.17;105.17
2024-02-27T20:00+01:00;1356.9;1999.26;84.36;84.36
2024-02-27T21:00+01:00;1244.99;2136.98;72.37;72.37
2024-02-27T22:00+01:00;1248.385;2546.765;70.27;70.27
2024-02-27T23:00+01:00;1023.225;2704.775;64.97;64.97
2024-02-28T00:00+01:00;881.495;2856.745;60.36;60.36
2024-02-28T01:00+01:00;946.65;3050.38;59.4;59.4
2024-02-28T02:00+01:00;849.6;3216.05;61.34;61.34
2024-02-28T03:00+01:00;836.855;3300.555;63.46;63.46
2024-02-28T04:00+01:00;834.96;3479.07;63.74;63.74
2024-02-28T05:00+01:00;896.86;3425.7;67.44;67.44
2024-02-28T06:00+01:00;1149.95;3131.35;74.3;74.3
2024-02-28T07:00+01:00;1278.815;2797.305;98.89;98.89
2024-02-28T08:00+01:00;1275.525;2751.875;103.83;104.49
2024-02-28T09:00+01:00;1282.53;2800.15;85.46;85.46
2024-02-28T10:00+01:00;1215.145;2948.915;73.99;73.99
2024-02-28T11:00+01:00;1083.88;3252.09;67.55;67.55
2024-02-28T12:00+01:00;1065.32;3664.32;63.1;63.1
2024-02-28T13:00+01:00;996.41;3597.48;57.9;59.26
2024-02-28T14:00+01:00;1000.055;3542.125;58.5;60.03
2024-02-28T15:00+01:00;1013.16;3236.59;58.89;68.74
2024-02-28T16:00+01:00;1129.58;2899.98;73.57;73.57
2024-02-28T17:00+01:00;1338.435;2559.235;70;93.04
2024-02-28T18:00+01:00;1354.365;2572.145;89.8;93.24
2024-02-28T19:00+01:00;1398.74;2887.51;78.29;78.29
2024-02-28T20:00+01:00;1223.225;3434.175;65.44;65.44
2024-02-28T21:00+01:00;1019.9;3959.07;52.27;52.27
2024-02-28T22:00+01:00;986.555;4330.975;49.89;49.89
2024-02-28T23:00+01:00;973.51;4645.35;47.36;47.36
2024-02-29T00:00+01:00;971.5;4803.89;51.83;51.83
2024-02-29T01:00+01:00;974.06;5103.25;50.72;50.72
2024-02-29T02:00+01:00;967.78;5451;46.7;46.7
2024-02-29T03:00+01:00;968.495;5633.855;45.07;45.07
2024-02-29T04:00+01:00;960.045;5919.495;41;41
2024-02-29T05:00+01:00;959.595;6062.525;42.64;42.64
2024-02-29T06:00+01:00;963.425;6068.625;47.07;47.07
2024-02-29T07:00+01:00;981.8;6214.02;47.24;47.24
2024-02-29T08:00+01:00;962.78;6418.95;49.21;49.21
2024-02-29T09:00+01:00;957.32;6388.78;49.74;49.74
2024-02-29T10:00+01:00;957.895;6538.665;50;50
2024-02-29T11:00+01:00;935.835;6377.905;51.37;24.18
2024-02-29T12:00+01:00;939.5;6113.1;50.89;25.04
2024-02-29T13:00+01:00;950.65;6049.94;50.6;25.01
2024-02-29T14:00+01:00;942.275;5860.065;49.36;25.49
2024-02-29T15:00+01:00;952.215;5633.305;49.91;31.7
2024-02-29T16:00+01:00;970.325;5296.055;47.71;41.94
2024-02-29T17:00+01:00;1122.745;4898.285;62.61;62.61
2024-02-29T18:00+01:00;1115.25;4831.34;61.87;61.87
2024-02-29T19:00+01:00;1004.89;4903.9;54;54
2024-02-29T20:00+01:00;958.725;4798.825;52.57;29.1
2024-02-29T21:00+01:00;933.115;4673.465;51.58;25.05
2024-02-29T22:00+01:00;913.89;4511.5;51.1;25.05
2024-02-29T23:00+01:00;917.73;4489.16;50.35;25.02
2024-03-01T00:00+01:00;1047.285;4396.915;50.81;25.43
2024-03-01T01:00+01:00;1084.9;4310.29;51.51;26.01
2024-03-01T02:00+01:00;1123.51;4130.73;51.95;24.81
2024-03-01T03:00+01:00;1143.57;4040.21;51.91;26.08
2024-03-01T04:00+01:00;1138.03;4102.52;52.03;52.03
2024-03-01T05:00+01:00;1145.915;4241.005;52.52;52.52
2024-03-01T06:00+01:00;1217.355;4331.655;54.46;54.46
2024-03-01T07:00+01:00;1308;4431.32;58.85;58.85
2024-03-01T08:00+01:00;1400.555;4588.805;59.94;59.94
2024-03-01T09:00+01:00;1259.89;4580.62;59.95;59.95
2024-03-01T10:00+01:00;1278.385;4663.425;59.94;59.94
2024-03-01T11:00+01:00;1207.965;4629.795;57.98;57.98
2024-03-01T12:00+01:00;1215.705;4488.225;54.11;54.11
2024-03-01T13:00+01:00;1178.225;4010.285;56.6;56.6
2024-03-01T14:00+01:00;1256.29;3557.42;66.72;66.72
2024-03-01T15:00+01:00;1380.92;3039.82;72.21;72.21
2024-03-01T16:00+01:00;1392.99;2530.9;78.28;78.28
2024-03-01T17:00+01:00;1541.775;2244.665;89.4;89.4
2024-03-01T18:00+01:00;1540.51;2284;93.73;93.73
2024-03-01T19:00+01:00;1561.245;2348.765;87.19;87.19
2024-03-01T20:00+01:00;1391.755;2393.535;77.49;77.49
2024-03-01T21:00+01:00;1236.065;2339.605;71.62;71.62
2024-03-01T22:00+01:00;1258.22;2382.77;70.06;70.06
2024-03-01T23:00+01:00;1294.61;2079.36;66.39;66.39
2024-03-02T00:00+01:00;1237.825;1881.395;59.95;59.95
2024-03-02T01:00+01:00;1099.88;2007.62;56.03;56.03
2024-03-02T02:00+01:00;1128.955;2369.275;56.02;56.02
2024-03-02T03:00+01:00;1112.425;2544.115;55.48;55.48
2024-03-02T04:00+01:00;1164.795;2854.695;54.88;54.88
2024-03-02T05:00+01:00;1083.575;3206.715;55.99;55.99
2024-03-02T06:00+01:00;1129.075;3354.325;56.58;56.58
2024-03-02T07:00+01:00;1055.135;3442.015;58.8;58.8
2024-03-02T08:00+01:00;1066.375;3380.715;59.75;59.75
2024-03-02T09:00+01:00;1105.71;3181.75;65.75;65.75
2024-03-02T10:00+01:00;1056.495;2934.855;60.44;60.44
2024-03-02T11:00+01:00;1009.965;2723.505;59.18;59.18
2024-03-02T12:00+01:00;926.465;2428.555;55.83;55.83
2024-03-02T13:00+01:00;910.64;2165.87;54.9;54.9
2024-03-02T14:00+01:00;1092.455;1990.385;59.86;59.86
2024-03-02T15:00+01:00;1116.585;1711.745;66.08;66.08
2024-03-02T16:00+01:00;1213.56;1474.42;73;73
2024-03-02T17:00+01:00;1377.93;1294.69;80.63;80.63
2024-03-02T18:00+01:00;1505.225;1622.985;93.6;93.6
2024-03-02T19:00+01:00;1563.155;2056.975;89.9;89.9
2024-03-02T20:00+01:00;1365.51;2354.78;76.98;76.98
2024-03-02T21:00+01:00;1304.17;2489.04;69.81;69.81
2024-03-02T22:00+01:00;1230.955;2721.745;60.94;60.94
2024-03-02T23:00+01:00;1135.685;2922.885;54.99;54.99
2024-03-03T00:00+01:00;1049.72;3043.71;54.5;54.5
2024-03-03T01:00+01:00;1035.905;2797.575;53.63;53.63
2024-03-03T02:00+01:00;1029.49;2809.73;53.8;53.8
2024-03-03T03:00+01:00;1006.33;2785.56;55.59;55.59
2024-03-03T04:00+01:00;999.14;2819.59;55.31;55.31
2024-03-03T05:00+01:00;969.755;2813.465;55.82;55.82
2024-03-03T06:00+01:00;989.91;2837;56;56
2024-03-03T07:00+01:00;955.495;2852.345;56.88;56.88
2024-03-03T08:00+01:00;964.715;3197.075;54.77;54.77
2024-03-03T09:00+01:00;1012.145;3495.855;53.99;53.99
2024-03-03T10:00+01:00;928.295;3649.495;52.01;52.01
2024-03-03T11:00+01:00;976.705;3757.305;49.46;49.46
2024-03-03T12:00+01:00;979.675;3734.175;47.51;47.51
2024-03-03T13:00+01:00;979.155;3739.045;42.51;42.51
2024-03-03T14:00+01:00;953.93;3817.87;46.84;46.84
2024-03-03T15:00+01:00;1057.655;3858.035;54.13;54.13
2024-03-03T16:00+01:00;1125.535;3841.715;60.28;60.28
2024-03-03T17:00+01:00;1215.205;3491.335;75.58;75.58
2024-03-03T18:00+01:00;1407.455;3504.185;84.36;84.36
2024-03-03T19:00+01:00;1317.86;3558.99;79.63;79.63
2024-03-03T20:00+01:00;1245.405;3390.605;80.21;80.21
2024-03-03T21:00+01:00;1227.68;3263.17;75;75
2024-03-03T22:00+01:00;1179.46;3186.8;62.15;62.15
2024-03-03T23:00+01:00;1150.56;3046.88;72.42;72.42
2024-03-04T00:00+01:00;1080.94;3089.35;69.13;69.13
2024-03-04T01:00+01:00;1051.165;2957.175;67.9;59.55
2024-03-04T02:00+01:00;1173.355;2725.955;67.41;58.7
2024-03-04T03:00+01:00;1043.885;2590.935;66.22;58.8
2024-03-04T04:00+01:00;997.87;2786.9;65.59;58.99
2024-03-04T05:00+01:00;1168.025;2864.145;70.83;59.88
2024-03-04T06:00+01:00;1444.69;3170.97;81.18;60.92
2024-03-04T07:00+01:00;1461.975;3533.725;96.67;93.58
2024-03-04T08:00+01:00;1489.68;3788.29;102.97;99.78
2024-03-04T09:00+01:00;1522.25;4361.18;85.02;82.2
2024-03-04T10:00+01:00;1188.29;4899.04;71.23;63.72
2024-03-04T11:00+01:00;1091.795;5552.705;61.71;58.52
2024-03-04T12:00+01:00;1112.395;6058.195;61.02;59.25
2024-03-04T13:00+01:00;1107.305;5999.405;60.98;59.21
2024-03-04T14:00+01:00;1050.125;5698.965;61.38;59.6
2024-03-04T15:00+01:00;1045.475;5481.885;59.87;59.87
2024-03-04T16:00+01:00;1164.515;5261.285;60.42;60.42
2024-03-04T17:00+01:00;1343.12;5012.4;78.08;72.33
2024-03-04T18:00+01:00;1321.83;4975.56;74.49;74.49
2024-03-04T19:00+01:00;1220.285;5166.375;64.7;62.78
2024-03-04T20:00+01:00;1105.745;5248.405;62.66;60.89
2024-03-04T21:00+01:00;992.35;5013.64;61.01;59.24
2024-03-04T22:00+01:00;907.96;4899.79;59.98;58.24
2024-03-04T23:00+01:00;917.78;4930.24;59.6;57.87
2024-03-05T00:00+01:00;929.3;5025.46;56.21;56.21
2024-03-05T01:00+01:00;942.35;5066.38;56.48;56.48
2024-03-05T02:00+01:00;976.435;5070.275;56.46;56.46
2024-03-05T03:00+01:00;947.41;5048.56;56.36;56.36
2024-03-05T04:00+01:00;956.18;5149.03;56.47;56.47
2024-03-05T05:00+01:00;978.5;5338.41;57.39;57.39
2024-03-05T06:00+01:00;1051.275;5479.795;58.38;58.38
2024-03-05T07:00+01:00;1186.975;5673.055;60.3;60.3
2024-03-05T08:00+01:00;1261.33;5889.56;61.24;61.24
2024-03-05T09:00+01:00;1100.77;6053.89;59.64;59.64
2024-03-05T10:00+01:00;1044.575;6162.045;59.18;59.18
2024-03-05T11:00+01:00;1011.935;6055.145;59.22;59.22
2024-03-05T12:00+01:00;1037;5699.48;58.61;58.61
2024-03-05T13:00+01:00;1017.7;5886.21;58.59;58.59
2024-03-05T14:00+01:00;1024.255;5836.095;59.06;59.06
2024-03-05T15:00+01:00;1094.23;5305.82;59.65;59.65
2024-03-05T16:00+01:00;1112.84;4650.24;60.69;60.69
2024-03-05T17:00+01:00;1316.385;4382.085;73.86;73.86
2024-03-05T18:00+01:00;1428.895;4255.965;104.38;104.38
2024-03-05T19:00+01:00;1418.785;4341.805;96.6;96.6
2024-03-05T20:00+01:00;1424.61;4271.34;78.42;68.69
2024-03-05T21:00+01:00;1250.295;4344.365;73.07;73.07
2024-03-05T22:00+01:00;1207.835;4385.585;66;61.98
2024-03-05T23:00+01:00;1224.255;4354.715;70;60.79
2024-03-06T00:00+01:00;1181.675;3753.705;71;71
2024-03-06T01:00+01:00;1161.585;2974.505;70.7;70.7
2024-03-06T02:00+01:00;1056.18;2687.11;70.46;70.46
2024-03-06T03:00+01:00;1007.105;2701.305;69.74;69.74
2024-03-06T04:00+01:00;1064.78;2485.79;70.46;70.46
2024-03-06T05:00+01:00;1241.655;2493.435;73.91;73.91
2024-03-06T06:00+01:00;1446.655;2397.005;83.98;83.98
2024-03-06T07:00+01:00;1516.2;2170.48;106.64;106.64
2024-03-06T08:00+01:00;1502.265;2163.275;108.7;108.7
2024-03-06T09:00+01:00;1459.89;2096.49;87.21;87.21
2024-03-06T10:00+01:00;1339.045;2118.435;75.92;75.92
2024-03-06T11:00+01:00;1188.98;2132.28;72.02;72.02
2024-03-06T12:00+01:00;1289.76;2243;69.35;69.35
2024-03-06T13:00+01:00;1092.105;2185.305;69.29;69.29
2024-03-06T14:00+01:00;1048.68;2072.14;70.64;70.64
2024-03-06T15:00+01:00;1167.51;1940.69;72.26;72.26
2024-03-06T16:00+01:00;1348.92;1908.4;81.06;81.06
2024-03-06T17:00+01:00;1420.3;1788.78;100;100
2024-03-06T18:00+01:00;1562.36;1765.66;119.58;119.58
2024-03-06T19:00+01:00;1665.835;1896.585;119.25;119.25
2024-03-06T20:00+01:00;1556.285;1925.075;93.4;93.4
2024-03-06T21:00+01:00;1331.565;1837.685;80.15;80.15
2024-03-06T22:00+01:00;1207.655;1845.425;77.98;77.98
2024-03-06T23:00+01:00;1179.33;1737.8;74.34;74.34
2024-03-07T00:00+01:00;1151.765;1623.435;73.33;73.33
2024-03-07T01:00+01:00;1111;1588.04;72.32;72.32
2024-03-07T02:00+01:00;1063.245;1614.585;70.34;70.34
2024-03-07T03:00+01:00;978.88;1686.12;68.71;68.71
2024-03-07T04:00+01:00;990.42;1713.79;69.89;69.89
2024-03-07T05:00+01:00;1195.195;1725.765;73.13;73.13
2024-03-07T06:00+01:00;1353.11;1698.73;84.27;84.27
2024-03-07T07:00+01:00;1443.635;1807.725;103.2;103.2
2024-03-07T08:00+01:00;1438.74;2107.15;96.7;96.7
2024-03-07T09:00+01:00;1407.195;2323.415;79.09;79.09
2024-03-07T10:00+01:00;1329.485;2516.485;71.31;71.31
2024-03-07T11:00+01:00;1069.89;2756.3;66.16;66.16
2024-03-07T12:00+01:00;997.18;2865.08;61.69;61.69
2024-03-07T13:00+01:00;968.375;3009.325;60.26;60.26
2024-03-07T14:00+01:00;1015.295;3054.975;63.33;63.33
2024-03-07T15:00+01:00;1046.385;2772.625;66.04;66.04
2024-03-07T16:00+01:00;1132;2269.12;69.92;69.92
2024-03-07T17:00+01:00;1359.23;1710.94;89.2;89.2
2024-03-07T18:00+01:00;1396.635;1518.765;105.71;105.71
2024-03-07T19:00+01:00;1419.385;1513.755;90.3;90.3
2024-03-07T20:00+01:00;1361.315;1565.595;82.49;82.49
2024-03-07T21:00+01:00;1207.29;1461.73;73.35;73.35
2024-03-07T22:00+01:00;1255.59;1422.95;73.32;73.32
2024-03-07T23:00+01:00;1111.815;1434.355;67.72;67.72
2024-03-08T00:00+01:00;1143.1;1376.41;68.45;68.45
2024-03-08T01:00+01:00;1115.905;1253.725;66.96;66.96
2024-03-08T02:00+01:00;1115.36;1244.47;67.01;67.01
2024-03-08T03:00+01:00;1117.5;1195.42;65.99;65.99
2024-03-08T04:00+01:00;1098.975;1199.185;66.3;66.3
2024-03-08T05:00+01:00;1125.955;1205.125;67.11;67.11
2024-03-08T06:00+01:00;1332.18;1231.28;82.91;82.91
2024-03-08T07:00+01:00;1397.395;1374.105;95.06;95.06
2024-03-08T08:00+01:00;1387.11;1693.92;88.89;88.89
2024-03-08T09:00+01:00;1340.83;2021.56;74.36;72.57
2024-03-08T10:00+01:00;1121.62;2633.86;57.59;59.37
2024-03-08T11:00+01:00;959.285;3109.735;52.07;55.78
2024-03-08T12:00+01:00;952.165;3340.415;52.6;54.17
2024-03-08T13:00+01:00;945.945;3461.305;51.27;52.8
2024-03-08T14:00+01:00;878.13;3436.74;49.8;51.98
2024-03-08T15:00+01:00;877.895;3215.935;40.25;52.72
2024-03-08T16:00+01:00;1026.955;2832.295;55.74;58.11
2024-03-08T17:00+01:00;1290.405;2499.795;71.98;69.61
2024-03-08T18:00+01:00;1435.3;2711;83.76;83.76
2024-03-08T19:00+01:00;1448.03;3055.83;79.98;79.98
2024-03-08T20:00+01:00;1307.215;3193.625;71.18;71.18
2024-03-08T21:00+01:00;1250.75;3362.36;64.9;64.9
2024-03-08T22:00+01:00;1221.525;3358.965;64.79;64.79
2024-03-08T23:00+01:00;1096.105;3401.945;59.89;59.89
2024-03-09T00:00+01:00;1106.685;3466.775;56.56;57.95
2024-03-09T01:00+01:00;1100.59;3561.55;54.91;54.91
2024-03-09T02:00+01:00;1116.235;3663.305;53.72;53.96
2024-03-09T03:00+01:00;1095.345;3917.665;52.56;53.42
2024-03-09T04:00+01:00;995.945;4159.125;48.6;49.79
2024-03-09T05:00+01:00;1012.84;4451.72;47.79;47.79
2024-03-09T06:00+01:00;1114.64;4778.23;50.47;50.47
2024-03-09T07:00+01:00;1170.835;5109.475;53.06;53.06
2024-03-09T08:00+01:00;1237.855;5786.055;53.06;53.06
2024-03-09T09:00+01:00;1071.045;6345.845;48.12;48.12
2024-03-09T10:00+01:00;924.69;6729.35;32.94;32.94
2024-03-09T11:00+01:00;817.175;6795.845;0.2;0.2
2024-03-09T12:00+01:00;642.925;6500.105;-1.15;0.01
2024-03-09T13:00+01:00;603.565;5585.805;-2.46;0.01
2024-03-09T14:00+01:00;724.005;6368.095;-0.04;0.01
2024-03-09T15:00+01:00;938.78;6912.62;28.19;28.19
2024-03-09T16:00+01:00;1162.185;6635.005;52.64;53.93
2024-03-09T17:00+01:00;1404.535;6138.745;61.39;59.85
2024-03-09T18:00+01:00;1423.61;5891.34;62.06;62.06
2024-03-09T19:00+01:00;1427.28;5797.24;60.16;60.16
2024-03-09T20:00+01:00;1418.425;5746.895;57.24;56.84
2024-03-09T21:00+01:00;1326.2;5860.54;56.9;54.02
2024-03-09T22:00+01:00;1289.45;5807.44;55.62;52.98
2024-03-09T23:00+01:00;1214.88;5932.97;54.37;50.32
2024-03-10T00:00+01:00;1053.12;6002.91;48.65;48.65
2024-03-10T01:00+01:00;968.05;6025.02;46.06;46.06
2024-03-10T02:00+01:00;919.675;6036.675;40.98;40.98
2024-03-10T03:00+01:00;904.785;5969.365;35.55;35.55
2024-03-10T04:00+01:00;897.475;5880.375;32.39;32.39
2024-03-10T05:00+01:00;899.9;5902.86;32.28;32.28
2024-03-10T06:00+01:00;901.64;5936.95;33.91;33.91
2024-03-10T07:00+01:00;890.915;6074.395;39.49;39.49
2024-03-10T08:00+01:00;886.35;6267.72;34.82;34.82
2024-03-10T09:00+01:00;875.85;6384.66;25.25;25.25
2024-03-10T10:00+01:00;853.37;6275.24;2.35;4.63
2024-03-10T11:00+01:00;870.985;6120.385;-0.04;4.98
2024-03-10T12:00+01:00;847.025;6391.405;0;1.51
2024-03-10T13:00+01:00;769.375;6489.285;0;1.58
2024-03-10T14:00+01:00;766.83;6625.87;-0.02;3.41
2024-03-10T15:00+01:00;932.03;6938.94;14.41;14.41
2024-03-10T16:00+01:00;1185.325;6687.185;47.96;48.75
2024-03-10T17:00+01:00;1442.295;6567.015;55.97;55.18
2024-03-10T18:00+01:00;1545.79;6604.98;57.64;57.64
2024-03-10T19:00+01:00;1547;6740.47;56.62;55.55
2024-03-10T20:00+01:00;1527.215;6810.175;53.66;50.01
2024-03-10T21:00+01:00;1474.4;6810.41;53.4;52.45
2024-03-10T22:00+01:00;1422.545;6765.535;53.08;50.01
2024-03-10T23:00+01:00;1319.91;6667.29;52.05;49.09
2024-03-11T00:00+01:00;1147.475;6502.415;48.93;36.68
2024-03-11T01:00+01:00;1146.955;6386.305;49.33;33.9
2024-03-11T02:00+01:00;1182.805;6330.545;50.21;34.84
2024-03-11T03:00+01:00;1135.565;6255.315;49.28;35
2024-03-11T04:00+01:00;1158.98;6360.09;49.99;44.47
2024-03-11T05:00+01:00;1349.595;6382.305;54.95;54.95
2024-03-11T06:00+01:00;1466.03;6386.92;56.44;56.44
2024-03-11T07:00+01:00;1559.825;6613.385;62.27;62.27
2024-03-11T08:00+01:00;1546.72;6945.72;64.79;64.79
2024-03-11T09:00+01:00;1539.93;7215.62;62.85;62.85
2024-03-11T10:00+01:00;1415.065;7416.835;61.9;61.9
2024-03-11T11:00+01:00;1321.09;7142.95;60.44;60.44
2024-03-11T12:00+01:00;1277.115;6948.535;58.85;58.85
2024-03-11T13:00+01:00;1301.305;6553.415;58.92;58.92
2024-03-11T14:00+01:00;1229.21;6527.22;58.72;58.72
2024-03-11T15:00+01:00;1283.79;6030.83;59.95;59.95
2024-03-11T16:00+01:00;1343.575;5711.395;61.61;61.61
2024-03-11T17:00+01:00;1429.13;5384.39;65.32;65.32
2024-03-11T18:00+01:00;1557.565;4939.195;75.19;75.19
2024-03-11T19:00+01:00;1526.22;4535.58;72.1;72.1
2024-03-11T20:00+01:00;1391.51;4233.87;69.2;69.2
2024-03-11T21:00+01:00;1314.355;3915.885;67.55;67.55
2024-03-11T22:00+01:00;1294.805;3499.105;64.69;64.69
2024-03-11T23:00+01:00;1268.89;3160.49;65.77;65.77
2024-03-12T00:00+01:00;1109.55;2888.32;69.19;69.19
2024-03-12T01:00+01:00;1068.28;2536.59;65.56;65.56
2024-03-12T02:00+01:00;1021.94;2212.25;66.51;66.51
2024-03-12T03:00+01:00;1033.8;1983.02;65.2;65.2
2024-03-12T04:00+01:00;1067.17;1902.73;65.96;65.96
2024-03-12T05:00+01:00;1158.855;1847.095;71.37;71.37
2024-03-12T06:00+01:00;1366.635;1859.655;87.06;87.06
2024-03-12T07:00+01:00;1479.575;1785.065;96.55;96.55
2024-03-12T08:00+01:00;1501.015;1784.615;100.78;100.78
2024-03-12T09:00+01:00;1464.99;1703.59;93.81;93.81
2024-03-12T10:00+01:00;1403.555;1789.695;85.42;85.42
2024-03-12T11:00+01:00;1288.415;1913.155;80.68;80.68
2024-03-12T12:00+01:00;1134.165;1814.775;78.44;78.44
2024-03-12T13:00+01:00;1072.965;1769.955;78.26;78.26
2024-03-12T14:00+01:00;1172.235;1576.895;79.02;79.02
2024-03-12T15:00+01:00;1303.95;1375.31;86.34;86.34
2024-03-12T16:00+01:00;1418.895;1246.325;101.61;101.61
2024-03-12T17:00+01:00;1530.71;1143.66;113.06;113.06
2024-03-12T18:00+01:00;1576.805;1156.975;134.92;134.92
2024-03-12T19:00+01:00;1588.19;1239;124.57;124.57
2024-03-12T20:00+01:00;1490.745;1299.715;97.48;97.48
2024-03-12T21:00+01:00;1264.305;1278.105;83.63;83.63
2024-03-12T22:00+01:00;1031.555;1097.055;78.93;78.93
2024-03-12T23:00+01:00;984.985;1176.735;70.33;70.33
2024-03-13T00:00+01:00;1001.365;1252.965;63.93;63.93
2024-03-13T01:00+01:00;949.57;1342.3;62.3;62.3
2024-03-13T02:00+01:00;943.255;1230.405;61.79;61.79
2024-03-13T03:00+01:00;1050.62;1415.45;60.89;60.89
2024-03-13T04:00+01:00;960.91;1519.94;59.87;62.46
2024-03-13T05:00+01:00;967.605;1729.505;62.3;66.8
2024-03-13T06:00+01:00;1280.775;2051.335;77.32;77.32
2024-03-13T07:00+01:00;1403.53;2332.03;76.47;88.27
2024-03-13T08:00+01:00;1424.47;2803.66;89.8;89.91
2024-03-13T09:00+01:00;1408.14;3366.47;76.85;77.71
2024-03-13T10:00+01:00;1275.755;3994.925;67.38;68.07
2024-03-13T11:00+01:00;1167.625;4623.955;62.8;64.85
2024-03-13T12:00+01:00;1176.695;4922.975;61.69;64.61
2024-03-13T13:00+01:00;1178.15;4810.43;59.41;64.83
2024-03-13T14:00+01:00;1178.11;4492.56;58.64;63.96
2024-03-13T15:00+01:00;1181.035;4236.635;57.3;67.84
2024-03-13T16:00+01:00;1218.92;4174.85;60.8;71.77
2024-03-13T17:00+01:00;1281.21;4252.35;66.12;89.91
2024-03-13T18:00+01:00;1283.995;4498.225;72.21;95.45
2024-03-13T19:00+01:00;1239.2;4727.82;65.19;65.19
2024-03-13T20:00+01:00;1109.165;4822.765;51.55;51.55
2024-03-13T21:00+01:00;1033.965;5031.215;54.56;54.56
2024-03-13T22:00+01:00;1000.71;5127.7;53.77;53.77
2024-03-13T23:00+01:00;970.21;5285.34;51.78;51.78
2024-03-14T00:00+01:00;879.895;5437.565;51.82;51.82
2024-03-14T01:00+01:00;840.515;5473.715;50.45;50.45
2024-03-14T02:00+01:00;839.355;5450.555;49.63;49.63
2024-03-14T03:00+01:00;857;5400.07;49.13;49.13
2024-03-14T04:00+01:00;913.23;5253.26;50.71;50.71
2024-03-14T05:00+01:00;893.235;5123.405;51.53;51.53
2024-03-14T06:00+01:00;982.675;4983.805;56.5;56.5
2024-03-14T07:00+01:00;1089.015;5027.275;57.92;57.92
2024-03-14T08:00+01:00;1089.4;5104.43;59.65;59.65
2024-03-14T09:00+01:00;979.215;5046.645;57.89;57.89
2024-03-14T10:00+01:00;914.045;4988.475;52.42;52.42
2024-03-14T11:00+01:00;919.135;5127.155;49.84;49.84
2024-03-14T12:00+01:00;872.875;5209.795;49.71;49.71
2024-03-14T13:00+01:00;851.565;5215.375;46.96;46.96
2024-03-14T14:00+01:00;870.87;5221.6;47.73;47.73
2024-03-14T15:00+01:00;980.87;5089.31;53.68;53.68
2024-03-14T16:00+01:00;1068.86;4847.09;55.84;55.84
2024-03-14T17:00+01:00;1234.09;4503.93;67.81;67.81
2024-03-14T18:00+01:00;1322.96;4438.78;67.08;67.08
2024-03-14T19:00+01:00;1184.815;4357.435;58.25;58.25
2024-03-14T20:00+01:00;1092.97;4445.68;55.99;55.99
2024-03-14T21:00+01:00;1104.115;4555.605;55.14;55.14
2024-03-14T22:00+01:00;1146.75;4627.52;54.45;54.45
2024-03-14T23:00+01:00;1033.91;4539.01;51.66;32.02
2024-03-15T00:00+01:00;918.275;4500.235;47.89;47.89
2024-03-15T01:00+01:00;904;4418.83;46.58;46.58
2024-03-15T02:00+01:00;886.825;4365.305;45.57;45.57
2024-03-15T03:00+01:00;846.705;4384.215;43.95;43.95
2024-03-15T04:00+01:00;851.085;4526.205;44.19;37.41
2024-03-15T05:00+01:00;848.92;4717.99;43.36;43.36
2024-03-15T06:00+01:00;935.4;4992.16;48.3;48.3
2024-03-15T07:00+01:00;1005.72;5223.37;57.75;57.75
2024-03-15T08:00+01:00;1096.29;5430.17;63.93;63.93
2024-03-15T09:00+01:00;1010.93;5509.04;53.8;53.8
2024-03-15T10:00+01:00;954.65;5601.41;46.56;46.56
2024-03-15T11:00+01:00;872.96;5792.06;39.27;39.27
2024-03-15T12:00+01:00;855.97;5758.22;38.34;38.34
2024-03-15T13:00+01:00;802.76;5759.24;36.87;37.95
2024-03-15T14:00+01:00;854.355;5788.615;44.93;43.85
2024-03-15T15:00+01:00;1026.06;5588.8;50.31;50.31
2024-03-15T16:00+01:00;1035.865;5308.605;54.53;54.53
2024-03-15T17:00+01:00;1104.455;5079.995;60.48;60.48
2024-03-15T18:00+01:00;1156.45;5003.38;58.51;58.51
2024-03-15T19:00+01:00;1167.195;5242.195;57.2;57.2
2024-03-15T20:00+01:00;1157.995;5409.805;55.82;55.82
2024-03-15T21:00+01:00;1158.025;5605.785;51.71;51.71
2024-03-15T22:00+01:00;1134.58;5497.56;50.16;50.16
2024-03-15T23:00+01:00;1063.865;5457.665;49.33;38.22
2024-03-16T00:00+01:00;893.495;5507.415;44.12;38.05
2024-03-16T01:00+01:00;824.715;5363.285;42.01;38.09
2024-03-16T02:00+01:00;814.995;5307.055;40.69;36.68
2024-03-16T03:00+01:00;820.27;5273.4;38.88;35.62
2024-03-16T04:00+01:00;819.265;5569.465;38.67;34.9
2024-03-16T05:00+01:00;832.125;5793.835;40.34;34.26
2024-03-16T06:00+01:00;909.945;6150.565;47.26;34.28
2024-03-16T07:00+01:00;863.895;6140.355;49.38;35.57
2024-03-16T08:00+01:00;942.47;6828.41;47.25;37.08
2024-03-16T09:00+01:00;881.74;7577.59;46.76;38.89
2024-03-16T10:00+01:00;804.19;8030.85;44.88;39.19
2024-03-16T11:00+01:00;769.785;8312.445;41.62;38.89
2024-03-16T12:00+01:00;700.71;8298.93;36.7;35.82
2024-03-16T13:00+01:00;698.725;8042.575;21.02;21.9
2024-03-16T14:00+01:00;670.415;7854.535;10.99;12.99
2024-03-16T15:00+01:00;731.815;7473.275;31.01;29
2024-03-16T16:00+01:00;866.15;7060.01;46.98;34.22
2024-03-16T17:00+01:00;932.175;6479.405;49.81;38.22
2024-03-16T18:00+01:00;1049.525;5774.635;53.56;37.92
2024-03-16T19:00+01:00;1057.9;5192.75;52.21;33.16
2024-03-16T20:00+01:00;1064.735;4860.965;52.21;29.69
2024-03-16T21:00+01:00;1098.585;4493.545;53.74;28.88
2024-03-16T22:00+01:00;998.07;4013.7;52.29;25.37
2024-03-16T23:00+01:00;855.855;3420.155;56.62;17.03
2024-03-17T00:00+01:00;851.235;2916.105;64.99;26.4
2024-03-17T01:00+01:00;716.46;2536.03;60.49;27.51
2024-03-17T02:00+01:00;657.465;2292.215;55.83;29.11
2024-03-17T03:00+01:00;610.755;2132.405;57.47;30.3
2024-03-17T04:00+01:00;715.595;1900.505;58.16;35.05
2024-03-17T05:00+01:00;871.715;1736.855;59.9;38.47
2024-03-17T06:00+01:00;888.12;1592.14;60.1;54.53
2024-03-17T07:00+01:00;787.085;1909.965;56.6;56.6
2024-03-17T08:00+01:00;774.185;2505.045;50.58;50.58
2024-03-17T09:00+01:00;800.185;3314.365;47.15;47.15
2024-03-17T10:00+01:00;778.565;3753.415;45.4;45.4
2024-03-17T11:00+01:00;762.67;3821.62;45.91;45.91
2024-03-17T12:00+01:00;742.675;4021.825;41.81;41.81
2024-03-17T13:00+01:00;724.46;4097.68;40.15;40.15
2024-03-17T14:00+01:00;738.62;3733.04;48.06;48.06
2024-03-17T15:00+01:00;841.875;3210.015;56.12;56.12
2024-03-17T16:00+01:00;1202.78;2774.75;71.76;71.76
2024-03-17T17:00+01:00;1364.025;2617.495;82.86;82.86
2024-03-17T18:00+01:00;1411.565;2575.535;94.11;94.31
2024-03-17T19:00+01:00;1355.385;2832.525;88.29;88.29
2024-03-17T20:00+01:00;1224.685;3047.605;62.84;75.08
2024-03-17T21:00+01:00;1051.81;3161.77;59.45;59.45
2024-03-17T22:00+01:00;1012.53;3315.97;57.05;57.05
2024-03-17T23:00+01:00;995.545;3429.875;55.95;55.95
2024-03-18T00:00+01:00;989.125;3462.485;56.18;56.18
2024-03-18T01:00+01:00;997.445;3643.565;55.96;55.96
2024-03-18T02:00+01:00;961.555;3749.395;55.82;55.82
2024-03-18T03:00+01:00;952.62;3800.56;55.68;55.68
2024-03-18T04:00+01:00;956.045;3767.585;55.86;55.86
2024-03-18T05:00+01:00;982.965;3851.525;57.26;57.26
2024-03-18T06:00+01:00;1120.96;4032.72;59.38;84.25
2024-03-18T07:00+01:00;1285.22;4255;68.96;97.71
2024-03-18T08:00+01:00;1327.19;4476.81;94.16;94.16
2024-03-18T09:00+01:00;1243.615;4657.135;80.81;80.81
2024-03-18T10:00+01:00;1189.18;4930.54;72.02;72.02
2024-03-18T11:00+01:00;1130.425;5055.495;65.04;65.04
2024-03-18T12:00+01:00;1129.03;4505.09;62.95;62.95
2024-03-18T13:00+01:00;1121.7;5117.78;60.73;66.66
2024-03-18T14:00+01:00;1058.09;4948.49;57.75;67.28
2024-03-18T15:00+01:00;1139.965;4699.225;65;71.63
2024-03-18T16:00+01:00;1305.98;4380.84;68.38;77.08
2024-03-18T17:00+01:00;1358.285;4186.545;69.09;107.65
2024-03-18T18:00+01:00;1408.97;3915.12;74.46;142.51
2024-03-18T19:00+01:00;1471.485;4000.385;95.16;126.48
2024-03-18T20:00+01:00;1486.845;4078.535;97.88;101.23
2024-03-18T21:00+01:00;1430.68;4087.2;79.74;79.74
2024-03-18T22:00+01:00;1318.45;4152.12;71.2;76.5
2024-03-18T23:00+01:00;1143.72;4120.61;56.99;72.66
2024-03-19T00:00+01:00;986.215;4057.655;56.71;70.27
2024-03-19T01:00+01:00;912.095;4009.355;55.67;69.53
2024-03-19T02:00+01:00;908.68;3868.14;56.66;69.93
2024-03-19T03:00+01:00;888.325;3712.605;51.53;69.84
2024-03-19T04:00+01:00;916.41;3623.02;53.4;56.86
2024-03-19T05:00+01:00;1032.4;3729.43;56.59;69.31
2024-03-19T06:00+01:00;1080.465;3795.205;60.85;87.35
2024-03-19T07:00+01:00;1333.095;4025.285;91.04;110.47
2024-03-19T08:00+01:00;1291.48;4408.58;95.87;95.87
2024-03-19T09:00+01:00;934.71;4742.57;72.02;72.02
2024-03-19T10:00+01:00;821.04;4916.74;64.15;64.15
2024-03-19T11:00+01:00;768.725;5052.165;57.41;57.41
2024-03-19T12:00+01:00;755.3;4778.99;54.47;54.47
2024-03-19T13:00+01:00;730.665;4497.625;54.96;55.36
2024-03-19T14:00+01:00;771.515;4300.875;56.24;59.03
2024-03-19T15:00+01:00;890.075;4132.555;62.3;68.37
2024-03-19T16:00+01:00;1100.12;3861.89;65.26;71.93
2024-03-19T17:00+01:00;1241.245;3950.765;90.7;101.46
2024-03-19T18:00+01:00;1324.18;3906.6;112.45;128.27
2024-03-19T19:00+01:00;1387.31;3857.61;125.26;125.87
2024-03-19T20:00+01:00;1296.9;3631.26;107.36;107.36
2024-03-19T21:00+01:00;1203.665;3387.575;86.88;86.88
2024-03-19T22:00+01:00;920.395;3132.245;81.5;81.5
2024-03-19T23:00+01:00;757.475;2807.545;76.1;76.1
2024-03-20T00:00+01:00;723.92;2464.78;76.01;76.01
2024-03-20T01:00+01:00;693.355;2102.745;73.4;73.4
2024-03-20T02:00+01:00;695.7;1844.41;74.9;74.9
2024-03-20T03:00+01:00;706.405;1687.245;75.7;75.7
2024-03-20T04:00+01:00;706.255;1520.535;76.36;76.36
2024-03-20T05:00+01:00;828.295;1544.045;80.9;80.9
2024-03-20T06:00+01:00;1055.315;1474.525;116;116
2024-03-20T07:00+01:00;1071.68;1454.22;116.24;116.24
2024-03-20T08:00+01:00;1050.845;1498.615;98.33;98.33
2024-03-20T09:00+01:00;903.03;1555.48;70.63;70.63
2024-03-20T10:00+01:00;766.405;1776.405;66;66
2024-03-20T11:00+01:00;695.15;1947.59;65.39;65.39
2024-03-20T12:00+01:00;671.66;2202.55;61.43;61.43
2024-03-20T13:00+01:00;663.25;2369.76;63.95;63.95
2024-03-20T14:00+01:00;656.33;2281.33;64.35;64.35
2024-03-20T15:00+01:00;788.595;2008.375;70.78;70.78
2024-03-20T16:00+01:00;988.195;1699.165;87.07;87.07
2024-03-20T17:00+01:00;1159.295;1333.745;119.68;119.68
2024-03-20T18:00+01:00;1214.175;1254.165;168.54;168.54
2024-03-20T19:00+01:00;1234.945;1277.375;159.05;159.05
2024-03-20T20:00+01:00;1181.44;1365.38;124.95;124.95
2024-03-20T21:00+01:00;1089.77;1510.82;106.52;106.52
2024-03-20T22:00+01:00;1017.935;1706.735;96.07;96.07
2024-03-20T23:00+01:00;762.285;1957.785;79.98;79.98
2024-03-21T00:00+01:00;684.015;2126.905;76.18;76.18
2024-03-21T01:00+01:00;668.055;2167.025;73.37;73.37
2024-03-21T02:00+01:00;658.56;2268.8;71.55;71.55
2024-03-21T03:00+01:00;645.98;2273.89;69.82;69.82
2024-03-21T04:00+01:00;644.755;2082.305;69.3;69.3
2024-03-21T05:00+01:00;735.22;1808.32;71.74;71.74
2024-03-21T06:00+01:00;932.865;1845.495;81;87.11
2024-03-21T07:00+01:00;1012.995;1869.935;98.21;98.21
2024-03-21T08:00+01:00;1000.91;1709.31;102.29;102.29
2024-03-21T09:00+01:00;777.39;2081.27;80;80
2024-03-21T10:00+01:00;651.635;2355.735;72.41;72.41
2024-03-21T11:00+01:00;538.18;2427.82;68.03;68.03
2024-03-21T12:00+01:00;569.185;2549.605;64.64;64.64
2024-03-21T13:00+01:00;631.21;2527.26;59.96;59.96
2024-03-21T14:00+01:00;628.725;2378.225;65.24;65.24
2024-03-21T15:00+01:00;636.48;2247.86;64.69;64.69
2024-03-21T16:00+01:00;729.875;2212.785;75.27;75.27
2024-03-21T17:00+01:00;963.975;2759.165;100.9;100.9
2024-03-21T18:00+01:00;1099.175;3397.305;127.13;127.13
2024-03-21T19:00+01:00;1103.445;4165.985;120.69;122.85
2024-03-21T20:00+01:00;1055.495;4512.585;93.08;93.08
2024-03-21T21:00+01:00;847.005;4640.385;76.27;77.69
2024-03-21T22:00+01:00;689.345;5061.845;67.3;75.62
2024-03-21T23:00+01:00;619.865;5148.885;56.92;56.92
2024-03-22T00:00+01:00;536.93;5294.75;19.92;37.68
2024-03-22T01:00+01:00;505.535;5397.305;34.26;34.26
2024-03-22T02:00+01:00;506.91;5374.51;32.24;32.24
2024-03-22T03:00+01:00;491.135;5392.415;28.92;28.92
2024-03-22T04:00+01:00;499.315;5296.075;31.92;31.92
2024-03-22T05:00+01:00;497.8;5167.09;39.55;36.94
2024-03-22T06:00+01:00;533.71;5110.5;42.38;42.32
2024-03-22T07:00+01:00;618.62;5271.26;64.02;48.05
2024-03-22T08:00+01:00;658.845;5320.155;64.57;53.23
2024-03-22T09:00+01:00;629.895;5478.245;56.32;56.32
2024-03-22T10:00+01:00;550.03;5942.46;51.81;51.81
2024-03-22T11:00+01:00;524.11;6311.82;49.85;49.85
2024-03-22T12:00+01:00;514.11;6586.23;49.76;49.76
2024-03-22T13:00+01:00;519.96;6972.49;50.26;50.26
2024-03-22T14:00+01:00;525.535;6988.135;48.75;48.75
2024-03-22T15:00+01:00;547.615;6854.165;49.81;49.81
2024-03-22T16:00+01:00;592.985;6408.055;53.42;53.42
2024-03-22T17:00+01:00;628.825;5632.335;63.94;63.94
2024-03-22T18:00+01:00;689.72;4901.62;60.63;60.63
2024-03-22T19:00+01:00;694.805;4636.475;62.17;62.17
2024-03-22T20:00+01:00;710.085;4784.905;61.09;61.09
2024-03-22T21:00+01:00;668.355;4826.575;60.5;60.5
2024-03-22T22:00+01:00;657.215;4748.935;60.12;60.12
2024-03-22T23:00+01:00;566.79;4618.72;54.51;54.51
2024-03-23T00:00+01:00;581.015;4492.115;36.79;36.79
2024-03-23T01:00+01:00;563.955;4233.265;49.68;49.68
2024-03-23T02:00+01:00;574.87;3939;51.01;51.01
2024-03-23T03:00+01:00;573.88;3709.19;49.99;49.99
2024-03-23T04:00+01:00;577.225;3653.855;50.44;50.44
2024-03-23T05:00+01:00;576.91;3564.45;48.82;48.82
2024-03-23T06:00+01:00;596.74;3528.18;47.87;47.87
2024-03-23T07:00+01:00;564.13;3928.89;43.48;43.48
2024-03-23T08:00+01:00;538.055;4531.015;37.72;37.72
2024-03-23T09:00+01:00;452.565;5252.835;13.2;23.93
2024-03-23T10:00+01:00;433.35;5672.83;0.02;2.01
2024-03-23T11:00+01:00;359;5865.99;-0.05;1.53
2024-03-23T12:00+01:00;338.435;5873.265;-1.94;0.71
2024-03-23T13:00+01:00;340.14;5387.42;-2.74;0.01
2024-03-23T14:00+01:00;351.91;5216.19;-2.71;0.01
2024-03-23T15:00+01:00;358.78;5557.38;-1.46;2.02
2024-03-23T16:00+01:00;454.32;5408.08;0.07;14.78
2024-03-23T17:00+01:00;609.615;5130.605;47.8;48.29
2024-03-23T18:00+01:00;633.685;4598.355;55.37;54.89
2024-03-23T19:00+01:00;647.1;4573.87;58.64;58.64
2024-03-23T20:00+01:00;647.755;4579.335;52.94;51.81
2024-03-23T21:00+01:00;614.265;4566.635;45.84;46.97
2024-03-23T22:00+01:00;550.425;4479.085;40.28;40.28
2024-03-23T23:00+01:00;468.64;4192.13;28.39;28.39
2024-03-24T00:00+01:00;453.95;4062.7;32.1;36.26
2024-03-24T01:00+01:00;449.69;3861.84;13.28;33.87
2024-03-24T02:00+01:00;453.32;3579.21;10.13;33.37
2024-03-24T03:00+01:00;455.47;3260.74;17;33.54
2024-03-24T04:00+01:00;444.885;3105.095;19.92;19.92
2024-03-24T05:00+01:00;443.42;3048.63;26.82;26.82
2024-03-24T06:00+01:00;441.915;2819.445;24.9;24.9
2024-03-24T07:00+01:00;470.92;2722;36.15;36.15
2024-03-24T08:00+01:00;490.715;2646.275;40.71;41.92
2024-03-24T09:00+01:00;497.28;2719.05;43.78;45.09
2024-03-24T10:00+01:00;507.465;2663.765;42.07;46.25
2024-03-24T11:00+01:00;538.225;2652.435;48.23;48.23
2024-03-24T12:00+01:00;560.805;2528.855;49.63;49.63
2024-03-24T13:00+01:00;565.66;2494.03;48.31;49.24
2024-03-24T14:00+01:00;564.795;2611.695;49.04;49.53
2024-03-24T15:00+01:00;548.48;2654.87;51.23;51.23
2024-03-24T16:00+01:00;558.435;2437.605;52.72;54.9
2024-03-24T17:00+01:00;594.82;2243.52;59.4;59.4
2024-03-24T18:00+01:00;657.275;2111.075;75;75
2024-03-24T19:00+01:00;652.47;2161.89;74.9;74.9
2024-03-24T20:00+01:00;640.925;2025.855;66.9;66.9
2024-03-24T21:00+01:00;619.245;1873.515;64.77;64.77
2024-03-24T22:00+01:00;610.88;1463.61;64.27;64.27
2024-03-24T23:00+01:00;602.795;1241.635;62.97;62.97
2024-03-25T00:00+01:00;611.97;1152.38;62.51;62.51
2024-03-25T01:00+01:00;627.06;1163.01;62.29;62.29
2024-03-25T02:00+01:00;618.68;1061.63;62.48;62.48
2024-03-25T03:00+01:00;613.985;1011.155;64.51;64.51
2024-03-25T04:00+01:00;623.825;1106.405;66.96;66.96
2024-03-25T05:00+01:00;699.305;1272.115;77.14;77.14
2024-03-25T06:00+01:00;994.135;1341.105;88.43;88.43
2024-03-25T07:00+01:00;1058.02;1646.87;113.87;113.87
2024-03-25T08:00+01:00;1078.005;1928.295;99.68;99.68
2024-03-25T09:00+01:00;895.86;2228.9;77.43;77.43
2024-03-25T10:00+01:00;745.93;2416.22;70.05;70.05
2024-03-25T11:00+01:00;739.535;2439.625;63.66;63.66
2024-03-25T12:00+01:00;777.61;2570.73;61.85;61.85
2024-03-25T13:00+01:00;757.89;2522.67;63.22;63.22
2024-03-25T14:00+01:00;846.25;2487.41;64.52;64.52
2024-03-25T15:00+01:00;906.925;2405.125;73.97;73.97
2024-03-25T16:00+01:00;1034.235;2114.985;81.05;81.05
2024-03-25T17:00+01:00;1353.82;1734.14;111.88;111.88
2024-03-25T18:00+01:00;1392.235;1437.375;174.7;174.7
2024-03-25T19:00+01:00;1458.925;1291.395;149.75;149.75
2024-03-25T20:00+01:00;1495.53;1193.58;102.73;102.73
2024-03-25T21:00+01:00;1124.68;1161.87;82.39;82.39
2024-03-25T22:00+01:00;1002.04;1117.77;79.56;79.56
2024-03-25T23:00+01:00;911.33;1074.64;74.74;74.74
2024-03-26T00:00+01:00;870.495;937.505;79.9;79.9
2024-03-26T01:00+01:00;868.97;797.01;73.3;73.3
2024-03-26T02:00+01:00;851.32;783.91;68.91;68.91
2024-03-26T03:00+01:00;847.62;809.54;67.98;67.98
2024-03-26T04:00+01:00;912.95;953.6;70.07;70.07
2024-03-26T05:00+01:00;959.095;1118.915;72.28;72.28
2024-03-26T06:00+01:00;1046;1312.54;80.38;80.38
2024-03-26T07:00+01:00;1016.4;1654.66;79.2;79.2
2024-03-26T08:00+01:00;957.65;2090.84;72.1;72.1
2024-03-26T09:00+01:00;896.99;2745.1;62;59.91
2024-03-26T10:00+01:00;688.02;3638.57;49.5;54.85
2024-03-26T11:00+01:00;622.355;4402.795;49.35;52.22
2024-03-26T12:00+01:00;647.235;4789.565;48.47;49.92
2024-03-26T13:00+01:00;670.16;5135.72;45.94;47.99
2024-03-26T14:00+01:00;680.97;5388.95;37.1;49.56
2024-03-26T15:00+01:00;741.915;5570.295;51.93;55.14
2024-03-26T16:00+01:00;871.56;5543.58;66.9;63.69
2024-03-26T17:00+01:00;935.58;4940.15;66.59;66.59
2024-03-26T18:00+01:00;913.95;4464.68;63.43;63.43
2024-03-26T19:00+01:00;893.46;4422.14;61.64;61.64
2024-03-26T20:00+01:00;830.345;4335.755;58.36;58.36
2024-03-26T21:00+01:00;781.625;4140.965;58.01;58.01
2024-03-26T22:00+01:00;757.1;3872.66;56.65;56.65
2024-03-26T23:00+01:00;732.665;3659.925;55.17;55.17
2024-03-27T00:00+01:00;672.31;3563.43;56.09;56.09
2024-03-27T01:00+01:00;648.375;3407.405;56.91;56.91
2024-03-27T02:00+01:00;636.85;3263.91;57.1;57.1
2024-03-27T03:00+01:00;598.7;3238.49;53.86;53.86
2024-03-27T04:00+01:00;598.37;3338.89;52.95;52.95
2024-03-27T05:00+01:00;621.265;3476.015;54.14;54.14
2024-03-27T06:00+01:00;715.195;3467.835;56.89;56.89
2024-03-27T07:00+01:00;725.435;3689.745;62.37;62.37
2024-03-27T08:00+01:00;689.225;3718.225;61.5;61.5
2024-03-27T09:00+01:00;932.495;3629.395;61.26;61.26
2024-03-27T10:00+01:00;744.27;3837.14;62.86;62.86
2024-03-27T11:00+01:00;608.18;4071.57;57.13;57.13
2024-03-27T12:00+01:00;589.99;4298.03;57.66;57.66
2024-03-27T13:00+01:00;590.23;4150.79;59.54;59.54
2024-03-27T14:00+01:00;633.575;3585.755;61.45;61.45
2024-03-27T15:00+01:00;1016.79;3106.4;62.2;62.2
2024-03-27T16:00+01:00;822.86;2580.63;76;76
2024-03-27T17:00+01:00;1018.88;2069.19;94.44;94.44
2024-03-27T18:00+01:00;1180.31;1829.87;120.42;120.42
2024-03-27T19:00+01:00;1237.28;1696.58;116.88;116.88
2024-03-27T20:00+01:00;1244.595;1646.155;97.6;97.6
2024-03-27T21:00+01:00;1159.16;1501.5;84.25;84.25
2024-03-27T22:00+01:00;1087.74;1237.91;83.02;83.02
2024-03-27T23:00+01:00;817.21;1070.67;74.47;74.47
2024-03-28T00:00+01:00;644.005;1110.735;79.09;79.09
2024-03-28T01:00+01:00;607.655;1197.355;72.6;72.6
2024-03-28T02:00+01:00;561.405;1162.595;65.24;65.24
2024-03-28T03:00+01:00;550.19;1222.74;58.1;58.1
2024-03-28T04:00+01:00;548.285;1310.435;57.4;57.4
2024-03-28T05:00+01:00;585.065;1401.175;57.52;57.52
2024-03-28T06:00+01:00;619.87;1554.81;60.01;60.01
2024-03-28T07:00+01:00;679.12;1992.43;76.05;76.05
2024-03-28T08:00+01:00;678.47;2376.31;80.92;80.92
2024-03-28T09:00+01:00;636.735;2504.435;63.24;63.24
2024-03-28T10:00+01:00;507.705;2352.325;47.07;46.16
2024-03-28T11:00+01:00;473.04;2049.52;37.82;37.91
2024-03-28T12:00+01:00;677.15;2327.58;32.91;32.91
2024-03-28T13:00+01:00;900.465;2469.585;30.29;30.29
2024-03-28T14:00+01:00;925;2748.77;29.47;29.47
2024-03-28T15:00+01:00;759.38;3071.5;24.67;24.67
2024-03-28T16:00+01:00;562.85;3672.19;33.17;34.99
2024-03-28T17:00+01:00;673.845;4108.665;52.72;44.33
2024-03-28T18:00+01:00;770.395;4198.785;63.68;63.68
2024-03-28T19:00+01:00;732.895;4559.785;62.17;62.17
2024-03-28T20:00+01:00;721.515;4636.265;54.84;38.92
2024-03-28T21:00+01:00;663.195;4457.085;51.83;36.1
2024-03-28T22:00+01:00;556.745;4006.745;33.05;31.12
2024-03-28T23:00+01:00;495.365;3964.135;25;24.08
2024-03-29T00:00+01:00;474.72;4077.63;20.6;20.6
2024-03-29T01:00+01:00;419.965;3867.085;18.83;18.38
2024-03-29T02:00+01:00;424.8;3690.95;12.43;12.13
2024-03-29T03:00+01:00;441.335;3874.695;10.24;9.99
2024-03-29T04:00+01:00;436.315;4026.665;12.59;12.01
2024-03-29T05:00+01:00;442.6;4349.64;14.32;12.77
2024-03-29T06:00+01:00;431.01;4705.49;22.02;21.49
2024-03-29T07:00+01:00;423.415;5202.185;22.39;22.39
2024-03-29T08:00+01:00;416.99;5602.15;15.94;15.94
2024-03-29T09:00+01:00;394.685;6030.075;13.28;13.28
2024-03-29T10:00+01:00;387.05;6102.07;16.88;16.88
2024-03-29T11:00+01:00;363.105;6038.245;18.83;18.83
2024-03-29T12:00+01:00;378.57;5605.67;13;13
2024-03-29T13:00+01:00;379.59;5022.87;9.86;9.86
2024-03-29T14:00+01:00;403.78;4430.65;13.44;13.44
2024-03-29T15:00+01:00;490.65;4104.88;21.58;26.19
2024-03-29T16:00+01:00;570.3;3494.16;49.5;44.89
2024-03-29T17:00+01:00;690.21;3008.13;79.93;79.93
2024-03-29T18:00+01:00;890.94;2271.04;101.97;101.97
2024-03-29T19:00+01:00;1094.415;1991.425;105.45;105.45
2024-03-29T20:00+01:00;1037.53;1791.36;87.4;87.4
2024-03-29T21:00+01:00;825.16;1698.15;79.93;79.93
2024-03-29T22:00+01:00;770.595;1850.805;75.89;75.89
2024-03-29T23:00+01:00;805.95;2085.66;70;70
2024-03-30T00:00+01:00;595.86;2256.47;69.3;69.3
2024-03-30T01:00+01:00;553.23;2219.23;58.16;58.16
2024-03-30T02:00+01:00;565.275;2256.025;58.88;58.88
2024-03-30T03:00+01:00;562.795;2376.025;58.95;58.95
2024-03-30T04:00+01:00;555.225;2383.645;59.23;59.23
2024-03-30T05:00+01:00;524.08;2288.16;65.05;65.05
2024-03-30T06:00+01:00;537.445;2392.275;58.57;58.57
2024-03-30T07:00+01:00;566.47;2705.67;47.79;47.79
2024-03-30T08:00+01:00;523.435;3191.395;45.23;45.23
2024-03-30T09:00+01:00;466.485;3333.725;46.18;41.83
2024-03-30T10:00+01:00;447.65;3223.67;36.07;36.04
2024-03-30T11:00+01:00;459.375;3630.635;25.08;25.08
2024-03-30T12:00+01:00;448.33;3877.26;25.74;25.74
2024-03-30T13:00+01:00;444.68;3947.49;13.15;12.75
2024-03-30T14:00+01:00;443.21;3891.16;15.87;16.26
2024-03-30T15:00+01:00;477.05;4075.72;34.2;35.04
2024-03-30T16:00+01:00;518.27;4257.1;52.52;51.29
2024-03-30T17:00+01:00;675.29;4337.81;77.75;56.66
2024-03-30T18:00+01:00;762.645;4429.575;88.11;88.11
2024-03-30T19:00+01:00;729.01;4106.66;59.31;59.31
2024-03-30T20:00+01:00;729.73;4148.14;59.22;59.22
2024-03-30T21:00+01:00;739.56;3545.13;59.03;59.03
2024-03-30T22:00+01:00;740.02;3039.63;70.83;70.83
2024-03-30T23:00+01:00;718.115;2731.425;65.74;65.74
2024-03-31T00:00+01:00;605.665;2413.165;75.7;75.7
2024-03-31T01:00+01:00;572.565;2188.055;66.71;66.71
2024-03-31T03:00+02:00;552.97;2135.69;64.98;64.98
2024-03-31T04:00+02:00;540.895;1657.205;60.48;60.48
2024-03-31T05:00+02:00;536.235;1443.645;58.74;58.74
2024-03-31T06:00+02:00;537.585;1236.175;64.46;64.46
2024-03-31T07:00+02:00;553.05;1166.86;71.51;71.51
2024-03-31T08:00+02:00;526.37;1321.8;65.03;65.03
2024-03-31T09:00+02:00;488.975;1442.035;50.32;49.31
2024-03-31T10:00+02:00;485.21;1730.15;41.03;42.04
2024-03-31T11:00+02:00;478.445;1929.255;35.37;35.37
2024-03-31T12:00+02:00;492.86;1810.9;35.46;35.46
2024-03-31T13:00+02:00;515.03;1625.26;33.1;33.1
2024-03-31T14:00+02:00;527.3;1418.17;30.68;30.68
2024-03-31T15:00+02:00;484.265;1460.525;32.6;32.6
2024-03-31T16:00+02:00;509.055;1613.205;41.07;41.07
2024-03-31T17:00+02:00;669.9;1440.4;66.74;66.74
2024-03-31T18:00+02:00;806.31;1130.87;89.32;89.32
2024-03-31T19:00+02:00;833.77;910.57;117.29;117.29
2024-03-31T20:00+02:00;780.94;977.31;83.72;83.72
2024-03-31T21:00+02:00;756.62;1037;70;70
2024-03-31T22:00+02:00;700.05;970.62;64.51;64.51
2024-03-31T23:00+02:00;666.805;881.365;54.9;54.9
2024-04-01T00:00+02:00;545.475;823.095;49.95;49.95
2024-04-01T01:00+02:00;457.615;757.305;48.98;48.98
2024-04-01T02:00+02:00;390.78;749.01;46.06;46.06
2024-04-01T03:00+02:00;382.09;863.68;43.58;43.58
2024-04-01T04:00+02:00;409.735;959.075;49.4;49.4
2024-04-01T05:00+02:00;427.715;1045.775;52.35;52.35
2024-04-01T06:00+02:00;529.845;1088.995;58.71;58.71
2024-04-01T07:00+02:00;650.8;1211.27;64.49;64.49
2024-04-01T08:00+02:00;643.245;1490.425;58.71;58.71
2024-04-01T09:00+02:00;643.05;1771.15;60.89;60.89
2024-04-01T10:00+02:00;585.725;2199.665;54.36;54.36
2024-04-01T11:00+02:00;508.84;2513.35;44.78;30.39
2024-04-01T12:00+02:00;522.18;2562.34;48.75;18.04
2024-04-01T13:00+02:00;490.275;2525.455;35.19;20.05
2024-04-01T14:00+02:00;473.355;2260.355;34.02;10.03
2024-04-01T15:00+02:00;479.03;2205.74;43.68;4.47
2024-04-01T16:00+02:00;505.385;2398.295;44.4;4.12
2024-04-01T17:00+02:00;454.705;2275.415;40.77;13.15
2024-04-01T18:00+02:00;461.765;2212.965;48.86;34.61
2024-04-01T19:00+02:00;496.365;2249.185;50.08;48.53
2024-04-01T20:00+02:00;479.755;2469.815;51.12;49.88
2024-04-01T21:00+02:00;431.23;2630.81;48.99;45.69
2024-04-01T22:00+02:00;426.38;2562.53;41;25.97
2024-04-01T23:00+02:00;427.77;2460.22;29.63;7.47
2024-04-02T00:00+02:00;413.64;2171.7;43.36;7.97
2024-04-02T01:00+02:00;409.18;2306.48;36.33;1.28
2024-04-02T02:00+02:00;396.475;2699.635;16.46;0.61
2024-04-02T03:00+02:00;397.31;2781.01;7.54;0.87
2024-04-02T04:00+02:00;403.63;3135.68;1.94;1.94
2024-04-02T05:00+02:00;407.83;3559.02;7.27;7.27
2024-04-02T06:00+02:00;501.025;3831.805;57.22;57.22
2024-04-02T07:00+02:00;599.66;4111.56;74.36;74.36
2024-04-02T08:00+02:00;612.75;3907.49;68.93;67.28
2024-04-02T09:00+02:00;610.36;4239.9;46.98;46.82
2024-04-02T10:00+02:00;580.735;4152.355;38.29;38.29
2024-04-02T11:00+02:00;581.685;4028.555;39.3;39.3
2024-04-02T12:00+02:00;602.305;3831.145;40.07;39.28
2024-04-02T13:00+02:00;598.075;3802.055;43.63;38.37
2024-04-02T14:00+02:00;582.56;3707.24;33.38;33.38
2024-04-02T15:00+02:00;537.01;3507.79;25.1;25.1
2024-04-02T16:00+02:00;516.73;3143.17;8.83;8.83
2024-04-02T17:00+02:00;605.685;2657.815;41.46;41.2
2024-04-02T18:00+02:00;880.525;2309.395;72.7;72.7
2024-04-02T19:00+02:00;765.905;2097.235;95.39;95.39
2024-04-02T20:00+02:00;903.405;1962.235;94.88;94.88
2024-04-02T21:00+02:00;838.56;1803.24;78.13;78.13
2024-04-02T22:00+02:00;986.575;1817.355;74.86;74.86
2024-04-02T23:00+02:00;850.055;1751.775;70.88;70.88
2024-04-03T00:00+02:00;866.75;1724.71;74.13;74.13
2024-04-03T01:00+02:00;936.065;1661.695;71.75;71.75
2024-04-03T02:00+02:00;913.97;1619.14;70.05;70.05
2024-04-03T03:00+02:00;872.18;1521.19;64.66;64.66
2024-04-03T04:00+02:00;896.395;1468.445;64.89;64.89
2024-04-03T05:00+02:00;920.495;1412.565;68.73;68.73
2024-04-03T06:00+02:00;988.36;1403.8;94.91;94.91
2024-04-03T07:00+02:00;1088.62;1460.78;117.93;117.93
2024-04-03T08:00+02:00;1112.905;1606.905;117.93;117.93
2024-04-03T09:00+02:00;1118.715;2072.975;100.98;100.98
2024-04-03T10:00+02:00;982.535;2325.065;107.35;107.35
2024-04-03T11:00+02:00;983.92;2527.41;90.81;90.81
2024-04-03T12:00+02:00;1015.515;2764.915;82.03;82.03
2024-04-03T13:00+02:00;961.535;3142.605;76.88;76.88
2024-04-03T14:00+02:00;958.71;3433.64;73.04;73.04
2024-04-03T15:00+02:00;890.295;3522.085;58.77;71.32
2024-04-03T16:00+02:00;859.85;3539.47;60.97;74.86
2024-04-03T17:00+02:00;932.51;3393.35;70.31;90.22
2024-04-03T18:00+02:00;1107.095;3437.975;85;108.14
2024-04-03T19:00+02:00;1122.685;3649.445;106.59;120.35
2024-04-03T20:00+02:00;1055.71;4003.86;99.14;99.14
2024-04-03T21:00+02:00;802.85;4346.83;74.71;74.71
2024-04-03T22:00+02:00;687.45;4577.09;61.49;61.49
2024-04-03T23:00+02:00;605.9;4812.46;55.33;55.33
2024-04-04T00:00+02:00;518.625;5096.615;54.52;54.52
2024-04-04T01:00+02:00;485.4;5297.81;52.01;52.01
2024-04-04T02:00+02:00;484.98;5328.99;50.17;50.17
2024-04-04T03:00+02:00;504.555;5179.805;51.57;51.57
2024-04-04T04:00+02:00;512.24;4870.89;51.94;51.94
2024-04-04T05:00+02:00;557.315;4903.305;54.08;54.08
2024-04-04T06:00+02:00;777.57;4874.29;60.9;60.9
2024-04-04T07:00+02:00;907.39;4607.41;65.47;77.26
2024-04-04T08:00+02:00;1007.355;4297.735;75.33;75.33
2024-04-04T09:00+02:00;1017.63;3984.21;71.79;71.79
2024-04-04T10:00+02:00;869.395;4017.525;69.17;69.17
2024-04-04T11:00+02:00;732.055;4074.235;63.06;63.06
2024-04-04T12:00+02:00;657.285;4041.315;58.08;58.08
2024-04-04T13:00+02:00;685.715;3616.185;56.22;56.22
2024-04-04T14:00+02:00;696.595;3098.495;55.49;55.49
2024-04-04T15:00+02:00;695.89;2778.38;56.17;56.17
2024-04-04T16:00+02:00;701.21;2751.29;57.08;57.08
2024-04-04T17:00+02:00;841.035;2786.775;69.08;69.08
2024-04-04T18:00+02:00;961.645;2928.175;75.36;75.36
2024-04-04T19:00+02:00;1016.065;3308.465;90.48;90.66
2024-04-04T20:00+02:00;943.985;3711.835;69.8;80.58
2024-04-04T21:00+02:00;831.885;3993.185;61.73;71.53
2024-04-04T22:00+02:00;760.34;4336.1;58.92;69.76
2024-04-04T23:00+02:00;751.72;4610.7;57.67;57.67
2024-04-05T00:00+02:00;699.055;4611.565;52.85;46.78
2024-04-05T01:00+02:00;658.86;4872.85;51.2;48.27
2024-04-05T02:00+02:00;641.235;4796.455;49.95;47.52
2024-04-05T03:00+02:00;629.72;4579.2;47.91;46.53
2024-04-05T04:00+02:00;610.855;4199.465;47.37;47.37
2024-04-05T05:00+02:00;633.46;3558.39;47.29;47.29
2024-04-05T06:00+02:00;776.785;2624.575;60.16;74.46
2024-04-05T07:00+02:00;908.18;2000.55;76.79;82.22
2024-04-05T08:00+02:00;944.465;1673.825;80;81
2024-04-05T09:00+02:00;882.945;1603.005;67.59;66.59
2024-04-05T10:00+02:00;780.36;1778.49;50.5;50.5
2024-04-05T11:00+02:00;675.54;2328.79;45.54;45.54
2024-04-05T12:00+02:00;626.07;2961.81;44.43;44.43
2024-04-05T13:00+02:00;625.08;3476.72;40.03;40.03
2024-04-05T14:00+02:00;567.97;3692.98;37.07;37.07
2024-04-05T15:00+02:00;526.35;3831.58;23.69;31.04
2024-04-05T16:00+02:00;541.265;4483.085;8.09;27.61
2024-04-05T17:00+02:00;576.42;5330.71;37.46;39.99
2024-04-05T18:00+02:00;596.95;5830.62;49.65;49.65
2024-04-05T19:00+02:00;646.555;5895.275;53.4;53.4
2024-04-05T20:00+02:00;660.025;5921.475;53.92;53.92
2024-04-05T21:00+02:00;699.41;5912.96;53.4;53.4
2024-04-05T22:00+02:00;697.105;5747.155;52.73;52.73
2024-04-05T23:00+02:00;728.49;5500.14;49.62;49.62
2024-04-06T00:00+02:00;672.725;4974.275;42.31;42.05
2024-04-06T01:00+02:00;663.36;4208.25;43.78;43.78
2024-04-06T02:00+02:00;670.705;3873.285;44;44
2024-04-06T03:00+02:00;683.37;3645.59;44.87;44.87
2024-04-06T04:00+02:00;724.87;3174.33;47.51;47.51
2024-04-06T05:00+02:00;660.895;2722.045;48.25;48.25
2024-04-06T06:00+02:00;735.68;2398.14;49.94;49.94
2024-04-06T07:00+02:00;733.015;2028.135;51.26;51.26
2024-04-06T08:00+02:00;717.71;2261.06;50.23;50.23
2024-04-06T09:00+02:00;671.9;2878.82;48.25;48.25
2024-04-06T10:00+02:00;537.58;3105.68;29.42;39.12
2024-04-06T11:00+02:00;495.405;3209.255;4.6;39.99
2024-04-06T12:00+02:00;479.67;3166.9;16.5;39.55
2024-04-06T13:00+02:00;471.505;3095.525;2;37.84
2024-04-06T14:00+02:00;468.585;3315.415;0.04;34.92
2024-04-06T15:00+02:00;463.67;3874.34;0.06;39.21
2024-04-06T16:00+02:00;472.515;3989.175;0.1;39.87
2024-04-06T17:00+02:00;496.015;4339.265;15.81;46.28
2024-04-06T18:00+02:00;645.68;4488.55;52.7;52.7
2024-04-06T19:00+02:00;682.285;4728.845;50.96;58.37
2024-04-06T20:00+02:00;539.875;5148.125;46.88;48.28
2024-04-06T21:00+02:00;503.25;5323.25;43.71;45.02
2024-04-06T22:00+02:00;498.035;5188.365;39.65;39.86
2024-04-06T23:00+02:00;442.745;5110.095;25.26;25.26
2024-04-07T00:00+02:00;398.68;5121.23;10.97;11.3
2024-04-07T01:00+02:00;386.185;4861.725;0.09;0.1
2024-04-07T02:00+02:00;385.615;4120.865;0;0
2024-04-07T03:00+02:00;400.075;3924.585;0;0
2024-04-07T04:00+02:00;375.4;3798.88;0;0
2024-04-07T05:00+02:00;373.695;4152.195;0;0
2024-04-07T06:00+02:00;371.66;4504.85;0;0
2024-04-07T07:00+02:00;364.675;4682.835;0;0
2024-04-07T08:00+02:00;369.835;5185.515;0;0
2024-04-07T09:00+02:00;366.46;5230.54;-0.01;-0.01
2024-04-07T10:00+02:00;361.195;5969.875;-0.16;-0.16
2024-04-07T11:00+02:00;360.295;4685.905;-3.01;-3.01
2024-04-07T12:00+02:00;363.955;4782.315;-4.1;-3.99
2024-04-07T13:00+02:00;365.95;4610.63;-6.55;-6.55
2024-04-07T14:00+02:00;364.515;4465.565;-10;-10
2024-04-07T15:00+02:00;365.665;4155.945;-5.04;-5.04
2024-04-07T16:00+02:00;364.82;5372.89;-0.16;-0.16
2024-04-07T17:00+02:00;373.27;5865.9;4.28;6.92
2024-04-07T18:00+02:00;467.59;5093.06;38.72;91.46
2024-04-07T19:00+02:00;576.945;4064.625;46.12;108.39
2024-04-07T20:00+02:00;641.315;3401.985;47.79;106.4
2024-04-07T21:00+02:00;690.12;3092.87;48.21;89.95
2024-04-07T22:00+02:00;606.46;3133.24;45.69;77.46
2024-04-07T23:00+02:00;648.695;3548.645;42.75;66.33
2024-04-08T00:00+02:00;582.14;3766.26;41.34;70.77
2024-04-08T01:00+02:00;567.93;3816.67;39.57;66.28
2024-04-08T02:00+02:00;559.535;3972.215;39.16;39.16
2024-04-08T03:00+02:00;507.26;3838.36;41.87;41.87
2024-04-08T04:00+02:00;501.87;3632.53;44.04;44.04
2024-04-08T05:00+02:00;582.845;3418.985;44.86;66.34
2024-04-08T06:00+02:00;584.29;3034.09;50.51;101.99
2024-04-08T07:00+02:00;705.495;2852.925;53.16;149.78
2024-04-08T08:00+02:00;745.595;3020.205;58;128.52
2024-04-08T09:00+02:00;756.055;3417.735;80.88;85.51
2024-04-08T10:00+02:00;707.08;3974.41;54.02;80.6
2024-04-08T11:00+02:00;551.82;4346.47;53.56;71.23
2024-04-08T12:00+02:00;531.065;3985.275;53.24;64.7
2024-04-08T13:00+02:00;472.91;3481.7;56.56;60
2024-04-08T14:00+02:00;466.33;3095.64;57.89;57.89
2024-04-08T15:00+02:00;456.935;2744.565;53.05;63.4
2024-04-08T16:00+02:00;506.43;2144.85;70;70
2024-04-08T17:00+02:00;692.97;1639.08;75.01;75.01
2024-04-08T18:00+02:00;791.87;1288.08;104.9;104.9
2024-04-08T19:00+02:00;873.8;1073.12;137.3;137.3
2024-04-08T20:00+02:00;907.17;905.1;124.8;124.8
2024-04-08T21:00+02:00;864.21;758.41;84.85;84.85
2024-04-08T22:00+02:00;710.415;819.745;77;77
2024-04-08T23:00+02:00;624.42;918.57;70.19;70.19
2024-04-09T00:00+02:00;517.035;1032.165;78.21;78.21
2024-04-09T01:00+02:00;446.585;1302.435;69.39;69.39
2024-04-09T02:00+02:00;452.28;1584.51;64.73;64.73
2024-04-09T03:00+02:00;458.56;1802.91;59.02;59.02
2024-04-09T04:00+02:00;473.665;2293.335;60.84;60.84
2024-04-09T05:00+02:00;460.39;2779.15;65.48;65.48
2024-04-09T06:00+02:00;478.225;3182.405;77.2;84.61
2024-04-09T07:00+02:00;457.54;3429.36;89.95;89.95
2024-04-09T08:00+02:00;444.75;3617.24;79.78;79.78
2024-04-09T09:00+02:00;459.61;3798.07;68.3;68.3
2024-04-09T10:00+02:00;482.485;3860.825;51.56;50.48
2024-04-09T11:00+02:00;378.875;3784.335;43.98;45.07
2024-04-09T12:00+02:00;352.47;4102.29;36.05;37.53
2024-04-09T13:00+02:00;383.69;4139.11;10.09;30.04
2024-04-09T14:00+02:00;378.385;3676.965;10.5;26.93
2024-04-09T15:00+02:00;386.925;3393.015;29.04;29.76
2024-04-09T16:00+02:00;387.645;2998.135;38.27;39.8
2024-04-09T17:00+02:00;411.16;2946.05;49.9;48.37
2024-04-09T18:00+02:00;456.4;3414.76;52.41;64.32
2024-04-09T19:00+02:00;458.385;3502.855;50.29;79.79
2024-04-09T20:00+02:00;457.77;3889.37;50.81;59.95
2024-04-09T21:00+02:00;445.225;4388.845;48.22;48.22
2024-04-09T22:00+02:00;451.965;4793.525;45;45
2024-04-09T23:00+02:00;411.515;5498.025;34.54;34.54
2024-04-10T00:00+02:00;322.555;5969.955;12.9;9.19
2024-04-10T01:00+02:00;306.58;6015.84;5.1;4.1
2024-04-10T02:00+02:00;309.51;6121.67;5;1.56
2024-04-10T03:00+02:00;327.715;6128.335;8.99;1.28
2024-04-10T04:00+02:00;335.87;6265.63;24.7;0.17
2024-04-10T05:00+02:00;330.08;6243;35;1.54
2024-04-10T06:00+02:00;331.955;6365.675;35.01;3.09
2024-04-10T07:00+02:00;405.88;6501.41;40.53;13.58
2024-04-10T08:00+02:00;414.97;6778.34;41.79;19.44
2024-04-10T09:00+02:00;370.345;7045.805;41.48;15.64
2024-04-10T10:00+02:00;336.325;7239.065;41.48;12.74
2024-04-10T11:00+02:00;295.455;7606.895;32.06;6.1
2024-04-10T12:00+02:00;274.09;7913.98;19.21;1.59
2024-04-10T13:00+02:00;242.31;7850.86;8.93;0.36
2024-04-10T14:00+02:00;227.13;7709.14;0.06;0
2024-04-10T15:00+02:00;228.165;7722.335;0.28;0.01
2024-04-10T16:00+02:00;231.515;7448.635;5.3;1.59
2024-04-10T17:00+02:00;311.865;6671.155;16.38;16.38
2024-04-10T18:00+02:00;486.385;5538.175;82.65;82.65
2024-04-10T19:00+02:00;556.155;4160.685;145.46;145.46
2024-04-10T20:00+02:00;559.02;3267.3;141.1;141.1
2024-04-10T21:00+02:00;524.25;3077.99;96.85;96.85
2024-04-10T22:00+02:00;425.21;3368.17;52.56;52.56
2024-04-10T23:00+02:00;390.1;3697.08;47.22;47.22
2024-04-11T00:00+02:00;331.025;3942.645;40.68;40.68
2024-04-11T01:00+02:00;334.985;4283.945;26.67;26.67
2024-04-11T02:00+02:00;318.715;4741.505;22.2;22.2
2024-04-11T03:00+02:00;299;5276.39;9.99;9.99
2024-04-11T04:00+02:00;276.435;5847.635;7.98;1.57
2024-04-11T05:00+02:00;264.58;6246.23;20;1.56
2024-04-11T06:00+02:00;289.675;6347.325;25.75;2.61
2024-04-11T07:00+02:00;296.03;6489.88;39.87;39.87
2024-04-11T08:00+02:00;269.905;6440.145;41.55;41.55
2024-04-11T09:00+02:00;271.55;6522.42;30;30
2024-04-11T10:00+02:00;260.915;6466.015;10.05;10.05
2024-04-11T11:00+02:00;255.45;6531.81;0.86;0.86
2024-04-11T12:00+02:00;277.635;6752.265;0.91;0.91
2024-04-11T13:00+02:00;244.425;6296.325;1.1;1.1
2024-04-11T14:00+02:00;227.875;6666.355;0.57;0.57
2024-04-11T15:00+02:00;225.92;6185.98;12.88;12.88
2024-04-11T16:00+02:00;242.85;5729.87;8.68;8.68
2024-04-11T17:00+02:00;374.345;5525.375;46.53;46.53
2024-04-11T18:00+02:00;512.45;4918.19;95.42;95.42
2024-04-11T19:00+02:00;521.17;4032.13;134.36;134.36
2024-04-11T20:00+02:00;531.07;3538.45;119.8;119.8
2024-04-11T21:00+02:00;494.875;3351.615;91.05;91.05
2024-04-11T22:00+02:00;647.11;3251.06;72.55;72.55
2024-04-11T23:00+02:00;485.005;3126.585;60.47;60.47
2024-04-12T00:00+02:00;390.14;3065.57;45.54;45.54
2024-04-12T01:00+02:00;381.645;3065.585;43.57;43.57
2024-04-12T02:00+02:00;377.36;3107.82;44.47;44.47
2024-04-12T03:00+02:00;369.71;3300.17;40.82;40.82
2024-04-12T04:00+02:00;376.04;3506.86;40;40
2024-04-12T05:00+02:00;380.485;3734.765;40;40
2024-04-12T06:00+02:00;418.175;4005.285;41.29;41.29
2024-04-12T07:00+02:00;429.49;4259.15;48.61;48.61
2024-04-12T08:00+02:00;478.035;4736.565;69.27;69.27
2024-04-12T09:00+02:00;456.075;5570.365;65.59;65.59
2024-04-12T10:00+02:00;369.21;5844.4;42.86;42.16
2024-04-12T11:00+02:00;360.855;6129.715;18.86;24.94
2024-04-12T12:00+02:00;331.34;5388.53;0;20.09
2024-04-12T13:00+02:00;310.74;5250.49;-0.07;4.98
2024-04-12T14:00+02:00;294.585;5558.415;0.01;0.81
2024-04-12T15:00+02:00;290.235;5623.645;0.18;0.43
2024-04-12T16:00+02:00;323.935;5437.255;0.22;17.22
2024-04-12T17:00+02:00;372.09;5176.42;50.35;39.4
2024-04-12T18:00+02:00;410.755;4696.095;59.69;47.12
2024-04-12T19:00+02:00;449.47;4413.15;49.62;47.15
2024-04-12T20:00+02:00;468.82;4089.28;49.53;47.19
2024-04-12T21:00+02:00;476.635;3904.645;47.11;47.11
2024-04-12T22:00+02:00;471.245;3663.455;45.89;45.89
2024-04-12T23:00+02:00;458.6;3352.19;44.13;44.13
2024-04-13T00:00+02:00;416.43;3349.79;32.98;23.46
2024-04-13T01:00+02:00;383.145;3252.575;25.92;25.92
2024-04-13T02:00+02:00;376.125;3183.375;19.36;19.36
2024-04-13T03:00+02:00;359.12;3049.91;17.53;17.53
2024-04-13T04:00+02:00;368.315;3110.225;17.46;17.46
2024-04-13T05:00+02:00;375.315;3183.535;23.31;23.31
2024-04-13T06:00+02:00;384.105;3372.295;27.83;27.83
2024-04-13T07:00+02:00;395.02;3464.74;33.73;33.73
2024-04-13T08:00+02:00;371.91;3808.63;22.6;22.6
2024-04-13T09:00+02:00;335.78;4110.34;8.8;8.8
2024-04-13T10:00+02:00;315.39;3826.72;-0.02;-0.02
2024-04-13T11:00+02:00;287.12;2854.64;-4.04;-4.04
2024-04-13T12:00+02:00;254.42;2855.41;-8.02;-8.02
2024-04-13T13:00+02:00;259.18;2468.01;-20.2;-20.2
2024-04-13T14:00+02:00;257.065;2409.545;-29.32;-29.32
2024-04-13T15:00+02:00;266.33;2136.6;-31.6;-31.6
2024-04-13T16:00+02:00;266.245;2257.105;-19.13;-10.07
2024-04-13T17:00+02:00;287.795;3262.935;-0.16;2
2024-04-13T18:00+02:00;290.505;3479.515;33.37;28.65
2024-04-13T19:00+02:00;322.11;3416.58;50.1;52.66
2024-04-13T20:00+02:00;336.69;3708.56;40.03;40.03
2024-04-13T21:00+02:00;321.665;4213.425;34.65;34.65
2024-04-13T22:00+02:00;303.465;4831.155;20.6;20.6
2024-04-13T23:00+02:00;290.61;5147.38;7.05;7.05
2024-04-14T00:00+02:00;263.98;5398.31;0.43;0.43
2024-04-14T01:00+02:00;254.675;5513.235;0.83;0.83
2024-04-14T02:00+02:00;260.495;5642.485;0.93;0.91
2024-04-14T03:00+02:00;262.31;5674.6;1.13;0.42
2024-04-14T04:00+02:00;260.38;5570.45;2.34;0.49
2024-04-14T05:00+02:00;261.13;5560.05;5.95;2.91
2024-04-14T06:00+02:00;261.535;5877.155;12.86;12.55
2024-04-14T07:00+02:00;261.45;6145.85;13;13
2024-04-14T08:00+02:00;253.275;6815.375;7.41;7.41
2024-04-14T09:00+02:00;239.88;6514.55;0;0
2024-04-14T10:00+02:00;231.37;5632.87;-2.37;-2.3
2024-04-14T11:00+02:00;232.565;4733.835;-12.17;-11.98
2024-04-14T12:00+02:00;231.27;4252.06;-42.23;-42.14
2024-04-14T13:00+02:00;229.6;4059.42;-60.05;-53.31
2024-04-14T14:00+02:00;231.605;3858.425;-60.01;-54
2024-04-14T15:00+02:00;231.67;4003.2;-40.05;-40.05
2024-04-14T16:00+02:00;227.995;4444.005;-6.25;-6.25
2024-04-14T17:00+02:00;301.435;6626.245;1.57;1.57
2024-04-14T18:00+02:00;459.91;6173.9;54.62;21.1
2024-04-14T19:00+02:00;507.795;5367.185;87.8;87.8
2024-04-14T20:00+02:00;510.225;4751.785;119.91;119.91
2024-04-14T21:00+02:00;493.55;4201.62;112.61;112.61
2024-04-14T22:00+02:00;487.21;3604.69;97.16;97.16
2024-04-14T23:00+02:00;488.845;3222.115;79.69;79.69
2024-04-15T00:00+02:00;548.63;2978.08;55.04;46.01
2024-04-15T01:00+02:00;656.08;2743.22;58.67;44.86
2024-04-15T02:00+02:00;474.525;2590.725;70.55;70.55
2024-04-15T03:00+02:00;456.345;2207.935;65.84;65.84
2024-04-15T04:00+02:00;476.905;1750.515;75.23;75.23
2024-04-15T05:00+02:00;576.57;1593.64;86.74;86.74
2024-04-15T06:00+02:00;823.53;1485.24;115.73;115.73
2024-04-15T07:00+02:00;747.635;1876.475;169.15;169.15
2024-04-15T08:00+02:00;736.155;2500.205;153.24;153.24
2024-04-15T09:00+02:00;678.14;3106.43;91.56;91.56
2024-04-15T10:00+02:00;579.08;3651.92;76.24;76.24
2024-04-15T11:00+02:00;487.975;4039.025;57;57
2024-04-15T12:00+02:00;431.495;4409.335;44.15;43
2024-04-15T13:00+02:00;371.055;4522.955;31.74;32.89
2024-04-15T14:00+02:00;340.375;4402.625;12.96;19.5
2024-04-15T15:00+02:00;352.835;4304.825;7.8;29.94
2024-04-15T16:00+02:00;383.445;4340.855;7.99;35.58
2024-04-15T17:00+02:00;419.315;4207.495;46.3;46.3
2024-04-15T18:00+02:00;522.135;3866.145;69.2;69.2
2024-04-15T19:00+02:00;503.145;3872.735;78.92;78.92
2024-04-15T20:00+02:00;518.965;3967.515;77.02;77.02
2024-04-15T21:00+02:00;478.585;3968.855;66.31;66.31
2024-04-15T22:00+02:00;443.93;3835.35;53.77;52.93
2024-04-15T23:00+02:00;404.945;3459.465;34.17;35.01
2024-04-16T00:00+02:00;352.98;3472.48;2.02;31.05
2024-04-16T01:00+02:00;323.635;3384.425;0.04;17.79
2024-04-16T02:00+02:00;325.33;3276.27;0.14;6.65
2024-04-16T03:00+02:00;315.99;3146.78;0.73;5.49
2024-04-16T04:00+02:00;321.915;3122.025;17.47;17.9
2024-04-16T05:00+02:00;362.62;3027.51;36.22;36.22
2024-04-16T06:00+02:00;643.25;3266.52;51.59;51.59
2024-04-16T07:00+02:00;574.865;3375.875;74.26;74.26
2024-04-16T08:00+02:00;518.56;3384.81;74.26;74.26
2024-04-16T09:00+02:00;498.25;3708.19;64.81;64.81
2024-04-16T10:00+02:00;463.805;4310.175;51.03;52.05
2024-04-16T11:00+02:00;439.985;4822.235;42.64;46.15
2024-04-16T12:00+02:00;436.345;5204.835;40;42.96
2024-04-16T13:00+02:00;451.3;4947.63;40.22;42.37
2024-04-16T14:00+02:00;476.75;4814.08;42.08;43.21
2024-04-16T15:00+02:00;487.34;5078.09;48.53;48.53
2024-04-16T16:00+02:00;506.145;4883.655;51.67;61.33
2024-04-16T17:00+02:00;540.445;4334.975;79.67;79.67
2024-04-16T18:00+02:00;645.535;3502.015;92.92;92.92
2024-04-16T19:00+02:00;796.16;2573.61;113.99;113.99
2024-04-16T20:00+02:00;822.245;1989.545;124.52;124.52
2024-04-16T21:00+02:00;840.465;1884.155;104.46;104.46
2024-04-16T22:00+02:00;774.44;1905.24;90.1;90.1
2024-04-16T23:00+02:00;742.18;2011.6;84.1;84.1
2024-04-17T00:00+02:00;632.745;2066.655;83.84;83.84
2024-04-17T01:00+02:00;609.715;1932.735;83.84;83.84
2024-04-17T02:00+02:00;573.73;1967.07;81.35;81.35
2024-04-17T03:00+02:00;573.825;1958.135;82.4;82.4
2024-04-17T04:00+02:00;575.315;1949.685;82.96;82.96
2024-04-17T05:00+02:00;666.34;2049.81;83.73;83.73
2024-04-17T06:00+02:00;907.2;2033.72;109.39;109.39
2024-04-17T07:00+02:00;963.22;2203.79;169.97;169.97
2024-04-17T08:00+02:00;1003.695;2455.885;155.17;155.17
2024-04-17T09:00+02:00;935.185;2729.365;104.62;104.62
2024-04-17T10:00+02:00;713.65;3100.96;83.9;83.9
2024-04-17T11:00+02:00;551.515;3074.975;79.9;79.9
2024-04-17T12:00+02:00;653.6;3331.71;82.98;80.3
2024-04-17T13:00+02:00;555.01;3414.8;80.82;79.06
2024-04-17T14:00+02:00;552.57;3165.49;77.71;77.71
2024-04-17T15:00+02:00;552.11;3032.4;77.03;77.03
2024-04-17T16:00+02:00;622.325;3036.345;80;80
2024-04-17T17:00+02:00;629.34;2764.28;86.9;86.9
2024-04-17T18:00+02:00;861.07;2137.96;114.97;114.97
2024-04-17T19:00+02:00;922.815;1610.985;159.92;159.92
2024-04-17T20:00+02:00;952.305;1336.395;169.9;169.9
2024-04-17T21:00+02:00;981.43;1213.76;130.06;130.06
2024-04-17T22:00+02:00;1019.59;1192.3;99.04;99.04
2024-04-17T23:00+02:00;824.465;1193.605;87.81;87.81
2024-04-18T00:00+02:00;716.69;1147.57;91.83;91.83
2024-04-18T01:00+02:00;719.8;1138.38;87.42;87.42
2024-04-18T02:00+02:00;702.82;1249.68;88.53;88.53
2024-04-18T03:00+02:00;672.905;1271.945;87.76;87.76
2024-04-18T04:00+02:00;613.795;1390.955;89.61;89.61
2024-04-18T05:00+02:00;697.005;1405.805;93.47;93.47
2024-04-18T06:00+02:00;942.525;1638.525;121.88;121.88
2024-04-18T07:00+02:00;984.515;1878.935;155.8;155.8
2024-04-18T08:00+02:00;1218.31;2336.75;131.19;131.19
2024-04-18T09:00+02:00;927.825;2659.255;101.12;101.12
2024-04-18T10:00+02:00;710.815;3102.355;90.21;90.21
2024-04-18T11:00+02:00;568.01;3312.03;83.87;83.87
2024-04-18T12:00+02:00;552.32;3657.52;80.64;80.64
2024-04-18T13:00+02:00;622.56;3815.31;77.2;77.2
2024-04-18T14:00+02:00;569.795;3809.185;73.01;73.01
2024-04-18T15:00+02:00;555.885;3725.005;70.7;70.7
2024-04-18T16:00+02:00;563.13;3279.69;70.88;70.88
2024-04-18T17:00+02:00;652.73;2781.28;81.33;81.33
2024-04-18T18:00+02:00;819.12;2387.32;94.03;94.03
2024-04-18T19:00+02:00;988.08;2268.04;125.24;125.24
2024-04-18T20:00+02:00;1019.255;1850.525;128.83;128.83
2024-04-18T21:00+02:00;971.195;1524.395;105.92;105.92
2024-04-18T22:00+02:00;776.56;1463.81;89.89;89.89
2024-04-18T23:00+02:00;730.64;1462.75;79.37;79.37
2024-04-19T00:00+02:00;651.42;1402.48;77.21;77.21
2024-04-19T01:00+02:00;534.585;1897.245;60.83;60.83
2024-04-19T02:00+02:00;462.595;2042.115;50.53;50.53
2024-04-19T03:00+02:00;413.895;2130.585;49.47;49.47
2024-04-19T04:00+02:00;438.445;2513.515;47.97;47.97
2024-04-19T05:00+02:00;427.175;2810.155;49.08;49.08
2024-04-19T06:00+02:00;443.815;3021.565;60.12;60.12
2024-04-19T07:00+02:00;593.53;3645.32;69.04;70.74
2024-04-19T08:00+02:00;642.5;4187.91;76;77.87
2024-04-19T09:00+02:00;519.6;4458.43;68.3;69.25
2024-04-19T10:00+02:00;437.29;5020.39;60.2;61.27
2024-04-19T11:00+02:00;397.36;5434.3;56.08;57.28
2024-04-19T12:00+02:00;397.85;5516.6;50.91;52.16
2024-04-19T13:00+02:00;404.015;5487.705;47;48.67
2024-04-19T14:00+02:00;383.28;5385.41;44.94;46.38
2024-04-19T15:00+02:00;383.14;5181.8;44.56;47.31
2024-04-19T16:00+02:00;391.23;5408.34;50.91;50.91
2024-04-19T17:00+02:00;423.835;5119.425;56.95;57.36
2024-04-19T18:00+02:00;492.855;4822.215;63.49;63.08
2024-04-19T19:00+02:00;572.25;4269.42;63.75;63.75
2024-04-19T20:00+02:00;602.185;3737.995;64.69;64.69
2024-04-19T21:00+02:00;568.41;3347.7;66.2;64.61
2024-04-19T22:00+02:00;587.915;3087.105;63.95;63.71
2024-04-19T23:00+02:00;506.535;2780.955;63.15;61.63
2024-04-20T00:00+02:00;450.665;2415.625;60.24;58.79
2024-04-20T01:00+02:00;453.41;2015.49;57.97;56.58
2024-04-20T02:00+02:00;479.205;1602.645;57.33;55.95
2024-04-20T03:00+02:00;484.17;1364.94;57.75;57.75
2024-04-20T04:00+02:00;470.68;1232.67;61.04;61.04
2024-04-20T05:00+02:00;431.185;1100.825;62.83;62.83
2024-04-20T06:00+02:00;431.41;1059.42;63.92;63.92
2024-04-20T07:00+02:00;458.985;1262.265;67.98;67.98
2024-04-20T08:00+02:00;518.005;1645.615;65.04;65.04
2024-04-20T09:00+02:00;517.175;2234.015;59.9;59.9
2024-04-20T10:00+02:00;739.45;2662.16;50.05;50.05
2024-04-20T11:00+02:00;721.745;3115.175;38.43;38.43
2024-04-20T12:00+02:00;564.83;3570.2;28.97;28.97
2024-04-20T13:00+02:00;377.88;3908.91;12.33;12.33
2024-04-20T14:00+02:00;340.25;4171.33;10.55;10.55
2024-04-20T15:00+02:00;384.31;4119.72;18.33;18.33
2024-04-20T16:00+02:00;479.96;3554.42;37.41;37.41
2024-04-20T17:00+02:00;588.04;2948.23;62.83;62.83
2024-04-20T18:00+02:00;796.635;2351.055;78.9;78.9
2024-04-20T19:00+02:00;832.6;1816.1;89.61;89.61
2024-04-20T20:00+02:00;838.92;1281.82;97.04;97.04
2024-04-20T21:00+02:00;791.54;1261.5;90.31;90.31
2024-04-20T22:00+02:00;773.485;1523.505;86.07;86.07
2024-04-20T23:00+02:00;752.84;1528.52;82.9;82.9
2024-04-21T00:00+02:00;707.595;1627.745;81.85;81.85
2024-04-21T01:00+02:00;632.095;1661.655;70.59;70.59
2024-04-21T02:00+02:00;473.08;1648.37;69.53;69.53
2024-04-21T03:00+02:00;404.45;1573.48;64.4;64.4
2024-04-21T04:00+02:00;371.335;1449.415;63.88;63.88
2024-04-21T05:00+02:00;373.62;1374.28;63.62;63.62
2024-04-21T06:00+02:00;375.335;1401.315;64.43;64.43
2024-04-21T07:00+02:00;476.96;1880.05;60.53;60.53
2024-04-21T08:00+02:00;501.93;2376.42;60.88;60.88
2024-04-21T09:00+02:00;424.075;3086.055;55.38;54.73
2024-04-21T10:00+02:00;381.355;3624.655;32.99;43.29
2024-04-21T11:00+02:00;404.52;3887.55;36.96;42.47
2024-04-21T12:00+02:00;403.045;3995.015;6.06;43.94
2024-04-21T13:00+02:00;397.855;4227.795;0.28;42.14
2024-04-21T14:00+02:00;400.055;4212.515;-0.9;41.48
2024-04-21T15:00+02:00;404.91;4363.2;0.75;41.93
2024-04-21T16:00+02:00;429.98;4230.64;6.01;47.7
2024-04-21T17:00+02:00;437.71;3811.31;58.22;58.68
2024-04-21T18:00+02:00;618.63;3351.98;74.6;74.6
2024-04-21T19:00+02:00;768.025;2853.155;89.36;89.36
2024-04-21T20:00+02:00;1082.615;2235.055;95.26;95.26
2024-04-21T21:00+02:00;1343.165;2112.645;91.07;91.07
2024-04-21T22:00+02:00;772.5;2081.77;89.41;89.41
2024-04-21T23:00+02:00;737.84;2107.42;88.46;88.46
2024-04-22T00:00+02:00;607.385;2005.845;78.97;78.97
2024-04-22T01:00+02:00;548.795;1636.225;78.05;78.05
2024-04-22T02:00+02:00;549.33;1567.68;78.44;78.44
2024-04-22T03:00+02:00;594.52;1604.45;79.92;79.92
2024-04-22T04:00+02:00;607.655;1713.735;79.79;79.79
2024-04-22T05:00+02:00;709.26;1790.83;87.5;87.5
2024-04-22T06:00+02:00;918.095;2012.425;105.9;105.9
2024-04-22T07:00+02:00;1014.295;2391.685;130.79;130.79
2024-04-22T08:00+02:00;976.08;3059.87;117.46;117.46
2024-04-22T09:00+02:00;867.385;3519.465;97.05;97.05
2024-04-22T10:00+02:00;664.245;3700.155;81.86;81.86
2024-04-22T11:00+02:00;736.475;4051.595;81.24;81.24
2024-04-22T12:00+02:00;638.015;4165.195;77.05;77.05
2024-04-22T13:00+02:00;575.265;3879.245;73.67;73.67
2024-04-22T14:00+02:00;667.15;3498.27;74.13;74.13
2024-04-22T15:00+02:00;706.045;3485.135;75.01;76.59
2024-04-22T16:00+02:00;761.85;3252.09;71.9;81.57
2024-04-22T17:00+02:00;902.835;2742.915;96.79;96.79
2024-04-22T18:00+02:00;1048.34;2185.67;118.2;118.2
2024-04-22T19:00+02:00;1153.46;1730.61;164.05;164.05
2024-04-22T20:00+02:00;1130.245;1352.535;170.96;170.96
2024-04-22T21:00+02:00;1146.945;1114.185;130.05;130.05
2024-04-22T22:00+02:00;1069.395;1094.805;105.77;105.77
2024-04-22T23:00+02:00;919.865;1210.865;96.99;96.99
2024-04-23T00:00+02:00;672.295;1247.815;88.32;88.32
2024-04-23T01:00+02:00;668.365;1396.705;86.69;86.69
2024-04-23T02:00+02:00;685.925;1554.045;85.95;85.95
2024-04-23T03:00+02:00;789.9;1806.21;85.42;85.42
2024-04-23T04:00+02:00;819.145;2037.305;86.35;86.35
2024-04-23T05:00+02:00;948.57;2208.18;97.69;97.69
2024-04-23T06:00+02:00;1158.855;2571.695;121.4;121.4
2024-04-23T07:00+02:00;1250.085;3016.995;181.26;181.26
2024-04-23T08:00+02:00;1280.06;3564.79;136.28;136.28
2024-04-23T09:00+02:00;1135.905;4151.135;98.38;98.38
2024-04-23T10:00+02:00;793.8;4225.55;82.87;82.87
2024-04-23T11:00+02:00;706.79;4362.53;77.26;77.26
2024-04-23T12:00+02:00;697.22;4701.95;77.46;77.46
2024-04-23T13:00+02:00;693.825;4676.865;79.38;79.38
2024-04-23T14:00+02:00;687.305;4714.265;78.62;78.62
2024-04-23T15:00+02:00;690.04;4800.19;80.02;80.02
2024-04-23T16:00+02:00;705.95;4522.28;83.02;83.02
2024-04-23T17:00+02:00;994.705;4023.315;89.97;89.97
2024-04-23T18:00+02:00;1147.94;3605.74;102.4;102.4
2024-04-23T19:00+02:00;1159.6;3385.34;123.01;123.01
2024-04-23T20:00+02:00;1143.115;3133.035;125.07;125.07
2024-04-23T21:00+02:00;1025.885;2983.935;105.1;105.1
2024-04-23T22:00+02:00;825.38;3121.57;92.73;92.73
2024-04-23T23:00+02:00;787.455;3070.175;81.55;81.55
2024-04-24T00:00+02:00;711.45;3084.96;80.55;79.84
2024-04-24T01:00+02:00;670.925;3083.915;76.29;76.1
2024-04-24T02:00+02:00;673.12;3008.55;75.88;75.31
2024-04-24T03:00+02:00;648.805;2995.285;73.07;73.07
2024-04-24T04:00+02:00;681.6;2930.54;76.04;76.04
2024-04-24T05:00+02:00;752.36;2681.84;81.83;81.83
2024-04-24T06:00+02:00;1100.53;2537.72;101.66;101.66
2024-04-24T07:00+02:00;1220.975;2739.395;128.17;131.32
2024-04-24T08:00+02:00;1165.155;2903.475;107.07;129.23
2024-04-24T09:00+02:00;910.045;3091.315;91.81;97.08
2024-04-24T10:00+02:00;779.8;3162.45;90.74;92.97
2024-04-24T11:00+02:00;734.795;3201.025;88.35;91.04
2024-04-24T12:00+02:00;697.01;3331.8;82.6;85.62
2024-04-24T13:00+02:00;715.965;3214.125;80.09;83.48
2024-04-24T14:00+02:00;717.89;3064.39;76.53;80.55
2024-04-24T15:00+02:00;702.725;2977.135;80.71;82.69
2024-04-24T16:00+02:00;748.2;2997.69;81.12;85.15
2024-04-24T17:00+02:00;943.94;2592.82;86.6;96.09
2024-04-24T18:00+02:00;1177.295;2296.045;101.54;104.04
2024-04-24T19:00+02:00;1312.14;2092.76;135.2;135.2
2024-04-24T20:00+02:00;1367.095;1787.185;143.44;143.44
2024-04-24T21:00+02:00;1301.11;1535.25;121.16;121.16
2024-04-24T22:00+02:00;1178.815;1280.015;105.31;105.31
2024-04-24T23:00+02:00;909.58;1183.96;90.21;90.21
2024-04-25T00:00+02:00;846.54;1167.21;83.5;83.5
2024-04-25T01:00+02:00;772.18;1188.29;80;80
2024-04-25T02:00+02:00;785.9;1192.96;77.37;77.37
2024-04-25T03:00+02:00;791.835;1083.295;76.05;76.05
2024-04-25T04:00+02:00;799.62;1066.05;75.24;75.24
2024-04-25T05:00+02:00;939.93;1150.37;84.02;84.02
2024-04-25T06:00+02:00;1274.155;1376.885;102.44;102.44
2024-04-25T07:00+02:00;1349.445;1807.815;129.05;130.98
2024-04-25T08:00+02:00;1331.425;2242.055;112.71;114.36
2024-04-25T09:00+02:00;1018.725;2707.995;92.1;92.56
2024-04-25T10:00+02:00;802.305;3039.415;80.01;80.17
2024-04-25T11:00+02:00;729.21;3400.2;78.2;78.2
2024-04-25T12:00+02:00;754.06;3305.2;73.92;73.92
2024-04-25T13:00+02:00;717.81;3421.47;68.67;69.02
2024-04-25T14:00+02:00;720.485;3658.535;66.41;66.81
2024-04-25T15:00+02:00;720.81;3197.17;69.32;69.38
2024-04-25T16:00+02:00;753.495;2847.065;72.81;72.81
2024-04-25T17:00+02:00;990.805;2466.105;79.88;79.88
2024-04-25T18:00+02:00;1218.465;2145.865;95.17;95.17
2024-04-25T19:00+02:00;1390.345;1683.115;141.09;141.09
2024-04-25T20:00+02:00;1395.46;1441.42;152.29;152.29
2024-04-25T21:00+02:00;1247.26;1482.27;113.71;113.71
2024-04-25T22:00+02:00;895.385;1686.955;91.35;91.35
2024-04-25T23:00+02:00;898.1;1974.92;79.74;79.74
2024-04-26T00:00+02:00;770.37;1713.67;79.87;79.87
2024-04-26T01:00+02:00;597.44;1792.61;74;74
2024-04-26T02:00+02:00;584.03;1860.82;74.2;74.2
2024-04-26T03:00+02:00;584.735;1912.345;74.07;74.07
2024-04-26T04:00+02:00;643.335;2021.685;77.1;77.1
2024-04-26T05:00+02:00;657.235;2214.265;82.98;82.98
2024-04-26T06:00+02:00;915.105;2641.765;93.5;93.5
2024-04-26T07:00+02:00;980;3048.55;104.06;104.06
2024-04-26T08:00+02:00;949.075;3396.445;96.06;96.06
2024-04-26T09:00+02:00;774.33;3777.83;81.08;81.08
2024-04-26T10:00+02:00;738.3;4185.21;77.81;77.81
2024-04-26T11:00+02:00;599.64;4721.91;72.95;72.95
2024-04-26T12:00+02:00;565.48;5083.85;70.35;70.35
2024-04-26T13:00+02:00;564.345;4965.745;68.74;68.74
2024-04-26T14:00+02:00;556.785;4958.595;65.37;65.37
2024-04-26T15:00+02:00;567.31;4348;69.92;69.92
2024-04-26T16:00+02:00;627.55;3882.81;71.7;71.7
2024-04-26T17:00+02:00;820.395;3594.805;80.46;80.46
2024-04-26T18:00+02:00;1028.365;2948.135;93.88;93.88
2024-04-26T19:00+02:00;1064.47;2400.07;128.61;128.74
2024-04-26T20:00+02:00;1041.835;1878.805;136.56;136.56
2024-04-26T21:00+02:00;1032.135;1622.525;110;110
2024-04-26T22:00+02:00;949.455;1503.165;92.71;92.71
2024-04-26T23:00+02:00;824.445;1495.255;88.26;88.26
2024-04-27T00:00+02:00;693.005;1488.135;90.29;90.29
2024-04-27T01:00+02:00;660.435;1381.215;88.9;88.9
2024-04-27T02:00+02:00;658.025;1305.595;86.59;86.59
2024-04-27T03:00+02:00;658.755;1242.065;89.03;89.03
2024-04-27T04:00+02:00;648.485;1232.695;87.69;87.69
2024-04-27T05:00+02:00;723.06;1191.03;83.88;83.88
2024-04-27T06:00+02:00;647.275;1332.595;86.08;86.08
2024-04-27T07:00+02:00;620.015;1646.315;79.04;79.04
2024-04-27T08:00+02:00;589.55;1847.42;68.65;68.65
2024-04-27T09:00+02:00;489.8;2285.02;59.07;59.07
2024-04-27T10:00+02:00;377.985;2823.545;38.21;38.21
2024-04-27T11:00+02:00;331.74;2880.46;26.09;26.09
2024-04-27T12:00+02:00;390.205;3334.655;39.51;39.51
2024-04-27T13:00+02:00;316.13;3514.04;41.41;41.41
2024-04-27T14:00+02:00;310.295;3578.965;24.5;24.5
2024-04-27T15:00+02:00;328.62;3423.98;10.06;10.06
2024-04-27T16:00+02:00;361.79;3105.9;20.93;20.93
2024-04-27T17:00+02:00;448.125;3017.235;62.18;62.36
2024-04-27T18:00+02:00;562.435;3217.275;86.18;86
2024-04-27T19:00+02:00;613.5;3508.26;119.9;119.9
2024-04-27T20:00+02:00;613.13;3877.09;112.27;112.27
2024-04-27T21:00+02:00;541.78;4143.67;85;85
2024-04-27T22:00+02:00;491.94;4246.6;75.9;75.9
2024-04-27T23:00+02:00;466.56;4282.56;65.23;65.23
2024-04-28T00:00+02:00;420.38;3969.51;56.39;56.39
2024-04-28T01:00+02:00;399.135;3643.715;46.14;46.14
2024-04-28T02:00+02:00;400.175;3219.995;39.6;39.6
2024-04-28T03:00+02:00;387.48;2902.59;31.55;32.32
2024-04-28T04:00+02:00;374.57;3004.39;27.6;28.49
2024-04-28T05:00+02:00;372.545;3186.605;26.05;26.69
2024-04-28T06:00+02:00;334.375;3360.525;9.95;9.95
2024-04-28T07:00+02:00;266.005;3334.365;0.25;0.25
2024-04-28T08:00+02:00;257.995;3488.925;0.26;0.26
2024-04-28T09:00+02:00;272.405;4433.205;0.22;0.22
2024-04-28T10:00+02:00;279.22;4637.3;0;0
2024-04-28T11:00+02:00;259.225;5345.265;-0.96;-0.96
2024-04-28T12:00+02:00;263.16;4885.27;-2.42;-1.11
2024-04-28T13:00+02:00;258.615;4190.055;-2.5;-2.5
2024-04-28T14:00+02:00;245.415;3975.855;-2.52;-2.52
2024-04-28T15:00+02:00;228.75;3866.34;-2.1;-2.03
2024-04-28T16:00+02:00;243.26;3603.87;-2.08;-0.98
2024-04-28T17:00+02:00;290.705;3946.455;-0.02;0
2024-04-28T18:00+02:00;315.245;3439.275;25.38;35.44
2024-04-28T19:00+02:00;374.445;3378.325;69.36;59.31
2024-04-28T20:00+02:00;423.145;3722.395;77.45;77.45
2024-04-28T21:00+02:00;444.725;4080.885;78.19;78.19
2024-04-28T22:00+02:00;438.91;4542.04;62.76;62.76
2024-04-28T23:00+02:00;428.105;4960.505;56.03;56.03
2024-04-29T00:00+02:00;444.32;5026.64;41.1;41.1
2024-04-29T01:00+02:00;389.51;5051.09;49.71;49.71
2024-04-29T02:00+02:00;379.335;4615.495;53.5;53.5
2024-04-29T03:00+02:00;395.455;3951.695;59.5;59.5
2024-04-29T04:00+02:00;448.935;3477.185;56.89;56.89
2024-04-29T05:00+02:00;486.055;2871.805;82.13;82.13
2024-04-29T06:00+02:00;495.98;2855.1;99.07;99.07
2024-04-29T07:00+02:00;459.175;3291.965;117.95;117.95
2024-04-29T08:00+02:00;411.04;4429.53;100.69;100.69
2024-04-29T09:00+02:00;375.87;5528.23;75.17;75.17
2024-04-29T10:00+02:00;315.11;5915.52;59.21;59.21
2024-04-29T11:00+02:00;316.385;6133.835;36.46;36.46
2024-04-29T12:00+02:00;331.4;5831.6;36.18;36.18
2024-04-29T13:00+02:00;344.8;5417.56;35.59;35.59
2024-04-29T14:00+02:00;366.705;4928.405;33.63;33.63
2024-04-29T15:00+02:00;386.76;4627.88;35.57;35.57
2024-04-29T16:00+02:00;421.145;4040.385;47.68;47.68
2024-04-29T17:00+02:00;530.295;3693.535;85.75;85.75
2024-04-29T18:00+02:00;599.28;2816.27;104.73;104.73
2024-04-29T19:00+02:00;683.885;2187.805;180.04;180.04
2024-04-29T20:00+02:00;694.89;1865.66;204.57;204.57
2024-04-29T21:00+02:00;636.455;1993.865;108.55;108.55
2024-04-29T22:00+02:00;552.735;2337.545;87.29;87.29
2024-04-29T23:00+02:00;510.715;2536.175;79.2;79.2
2024-04-30T00:00+02:00;432.96;2652.43;71.99;71.99
2024-04-30T01:00+02:00;418.36;2858.41;65.17;65.17
2024-04-30T02:00+02:00;417.92;3053.23;68.72;68.72
2024-04-30T03:00+02:00;417.395;3014.175;63.65;63.65
2024-04-30T04:00+02:00;418.765;3087.825;52.76;52.76
2024-04-30T05:00+02:00;462.32;3398.88;53.47;55.05
2024-04-30T06:00+02:00;457.71;3874.35;55.81;92.67
2024-04-30T07:00+02:00;468.97;4263.27;80.73;99.5
2024-04-30T08:00+02:00;453.45;4784.49;88.46;84.45
2024-04-30T09:00+02:00;392.625;5187.205;77;69.22
2024-04-30T10:00+02:00;354.41;5739.55;62.06;52.54
2024-04-30T11:00+02:00;328.97;6281.55;47.1;43.91
2024-04-30T12:00+02:00;316.49;6375.23;28.05;31.25
2024-04-30T13:00+02:00;273.57;6421.28;11.3;11.3
2024-04-30T14:00+02:00;274.675;6577.735;10;10
2024-04-30T15:00+02:00;287.95;6975.21;19.14;19.41
2024-04-30T16:00+02:00;332.15;6661.04;45.84;45.58
2024-04-30T17:00+02:00;362.805;6072.915;53.39;53.39
2024-04-30T18:00+02:00;408.85;5592.57;61.05;61.05
2024-04-30T19:00+02:00;419.805;4716.955;65.22;65.22
2024-04-30T20:00+02:00;404.315;4351.345;64.73;64.73
2024-04-30T21:00+02:00;378.475;4273.315;66.05;66.05
2024-04-30T22:00+02:00;331.055;4368.025;54.09;54.09
2024-04-30T23:00+02:00;357.745;4379.335;51.54;50.05
2024-05-01T00:00+02:00;373.235;4234.165;48.65;38
2024-05-01T01:00+02:00;334.06;3996.63;48.69;36.61
2024-05-01T02:00+02:00;322.495;3596.645;48.71;35.82
2024-05-01T03:00+02:00;328.02;3402.33;43.99;35.1
2024-05-01T04:00+02:00;418.905;3314.625;47.81;35.59
2024-05-01T05:00+02:00;440.815;3314.595;44.69;35.55
2024-05-01T06:00+02:00;398.285;3355.015;42.48;38.29
2024-05-01T07:00+02:00;351.66;3663.26;28.08;28.08
2024-05-01T08:00+02:00;316.73;4331.63;8.45;8.68
2024-05-01T09:00+02:00;289.085;5020.885;0.01;0.01
2024-05-01T10:00+02:00;274.31;4720.24;-0.97;-0.97
2024-05-01T11:00+02:00;250.28;4504.15;-2.42;-2.42
2024-05-01T12:00+02:00;227.865;4638.905;-2.45;-2.45
2024-05-01T13:00+02:00;227.005;4260.665;-2.09;-2.09
2024-05-01T14:00+02:00;227.92;4363.98;-2.06;-2.06
2024-05-01T15:00+02:00;226.32;4319.14;-2.45;-2.45
2024-05-01T16:00+02:00;221.015;4373.675;-0.98;-0.98
2024-05-01T17:00+02:00;270.17;5075.07;-0.1;-0.1
2024-05-01T18:00+02:00;293.79;5179.24;15.32;23.25
2024-05-01T19:00+02:00;326.34;4275.34;50.4;41.82
2024-05-01T20:00+02:00;333.835;4015.455;50;48.8
2024-05-01T21:00+02:00;305.925;4422.665;34.01;34.01
2024-05-01T22:00+02:00;294.305;4728.625;29.92;29.92
2024-05-01T23:00+02:00;288.945;4852.705;22;22
2024-05-02T00:00+02:00;294.655;4885.785;14.56;14.56
2024-05-02T01:00+02:00;295.54;4835.02;10.94;10.94
2024-05-02T02:00+02:00;289.95;4936.56;10;10
2024-05-02T03:00+02:00;284.385;4950.095;7.8;7.8
2024-05-02T04:00+02:00;291.265;4806.145;10.63;10.94
2024-05-02T05:00+02:00;313.17;4689.74;30.73;30.42
2024-05-02T06:00+02:00;333.09;4745.61;39.82;39.82
2024-05-02T07:00+02:00;298.815;5010.555;51.76;51.76
2024-05-02T08:00+02:00;302.345;5460.975;58.63;58.63
2024-05-02T09:00+02:00;304.28;6220.88;31.45;31.45
2024-05-02T10:00+02:00;272.695;7130.115;5.1;5.22
2024-05-02T11:00+02:00;255.72;6671.34;-0.08;-0.08
2024-05-02T12:00+02:00;243.42;5806.3;-1.73;-1.04
2024-05-02T13:00+02:00;247.535;5282.795;-2.7;-2.7
2024-05-02T14:00+02:00;246.41;6837.83;-0.05;-0.05
2024-05-02T15:00+02:00;255.01;6828.09;-1.39;0
2024-05-02T16:00+02:00;265.92;7756.68;4.04;4.09
2024-05-02T17:00+02:00;313.38;7098.74;34.92;34.92
2024-05-02T18:00+02:00;337.685;6239.335;39.05;39.05
2024-05-02T19:00+02:00;339.545;5172.065;41.92;41.92
2024-05-02T20:00+02:00;343.14;4737.73;41.99;41.99
2024-05-02T21:00+02:00;362.26;4785.98;41.92;41.92
2024-05-02T22:00+02:00;361.215;4942.915;37.87;37.87
2024-05-02T23:00+02:00;343.015;5089.645;33.93;33.93
2024-05-03T00:00+02:00;330.635;5292.765;29.78;29.78
2024-05-03T01:00+02:00;331.83;5313.68;29.35;29.35
2024-05-03T02:00+02:00;327.24;5115.81;29.96;29.96
2024-05-03T03:00+02:00;329.34;4920.25;30.01;30.01
2024-05-03T04:00+02:00;328.645;4831.485;30.44;30.44
2024-05-03T05:00+02:00;321.98;4771.27;31.94;31.94
2024-05-03T06:00+02:00;328.405;4732.765;35.08;35.08
2024-05-03T07:00+02:00;310.075;4947.595;42.96;42.96
2024-05-03T08:00+02:00;304.07;5604.06;42.74;42.74
2024-05-03T09:00+02:00;303.985;6245.835;38.69;38.69
2024-05-03T10:00+02:00;299.475;6644.895;38.09;38.09
2024-05-03T11:00+02:00;295.64;6760.59;33.97;34.98
2024-05-03T12:00+02:00;290.225;6697.895;33.95;34.17
2024-05-03T13:00+02:00;290.07;6675.25;32.61;32.61
2024-05-03T14:00+02:00;289.78;6719.71;31.77;31.77
2024-05-03T15:00+02:00;293.41;6492.32;30.5;32.13
2024-05-03T16:00+02:00;304.09;5908.35;30.4;34.29
2024-05-03T17:00+02:00;576.125;4722.345;45.96;42.07
2024-05-03T18:00+02:00;534.025;3316.535;80.45;80.45
2024-05-03T19:00+02:00;501.915;2584.055;97;97
2024-05-03T20:00+02:00;513.775;2202.705;110.02;110.02
2024-05-03T21:00+02:00;519.875;1675.905;105.27;105.27
2024-05-03T22:00+02:00;701.15;1442.92;91.32;91.32
2024-05-03T23:00+02:00;491.75;1216.03;85.56;85.56
2024-05-04T00:00+02:00;609.08;1133.96;90.8;90.8
2024-05-04T01:00+02:00;429.54;979.57;87.79;87.79
2024-05-04T02:00+02:00;489.365;815.165;86.26;86.26
2024-05-04T03:00+02:00;452.985;715.525;87.72;87.72
2024-05-04T04:00+02:00;397.565;617.735;90.64;90.64
2024-05-04T05:00+02:00;367.68;585.86;98.34;98.34
2024-05-04T06:00+02:00;384.63;601.95;94.19;94.19
2024-05-04T07:00+02:00;382.13;804.89;90.02;90.02
2024-05-04T08:00+02:00;350.71;1050.1;78.48;78.48
2024-05-04T09:00+02:00;439.52;1246.01;62.38;62.38
2024-05-04T10:00+02:00;302.14;1450.83;41.17;41.17
2024-05-04T11:00+02:00;282.59;1896.65;31.18;31.18
2024-05-04T12:00+02:00;273.23;2267.06;24.93;24.93
2024-05-04T13:00+02:00;265.695;2446.115;14.53;14.53
2024-05-04T14:00+02:00;266;2259.3;13.34;13.34
2024-05-04T15:00+02:00;272.615;2395.505;26.03;26.03
2024-05-04T16:00+02:00;316.415;2261.155;63.62;63.62
2024-05-04T17:00+02:00;414.75;1853.07;79.36;79.36
2024-05-04T18:00+02:00;511.695;1349.475;98.01;98.01
2024-05-04T19:00+02:00;522.885;816.355;121.92;121.92
2024-05-04T20:00+02:00;526.59;489.68;135.4;135.4
2024-05-04T21:00+02:00;519.49;430.76;113.56;113.56
2024-05-04T22:00+02:00;452.43;395.35;90.26;90.26
2024-05-04T23:00+02:00;386.445;368.475;83.6;83.6
2024-05-05T00:00+02:00;375.76;431.55;90.58;90.58
2024-05-05T01:00+02:00;479.215;471.665;84.82;84.82
2024-05-05T02:00+02:00;585.77;511.5;83.52;83.52
2024-05-05T03:00+02:00;422.485;450.585;80.49;80.49
2024-05-05T04:00+02:00;377.195;531.295;74.74;74.74
2024-05-05T05:00+02:00;365.645;658.095;71.13;71.13
2024-05-05T06:00+02:00;347.055;917.055;62.16;62.16
2024-05-05T07:00+02:00;338.3;1386.77;55.08;55.08
2024-05-05T08:00+02:00;299.39;1654.5;41.33;41.33
2024-05-05T09:00+02:00;273.73;1970.52;26.12;25.63
2024-05-05T10:00+02:00;254.495;2095.275;8.85;9.33
2024-05-05T11:00+02:00;247.78;2076.67;3.59;3.59
2024-05-05T12:00+02:00;244.155;2252.835;3.18;3.18
2024-05-05T13:00+02:00;243.98;2323.56;1.94;1.94
2024-05-05T14:00+02:00;244.495;2336.755;1.85;1.9
2024-05-05T15:00+02:00;267.76;2410.3;-0.1;4.27
2024-05-05T16:00+02:00;282.795;2600.135;0;4.9
2024-05-05T17:00+02:00;334.755;2696.765;32;32
2024-05-05T18:00+02:00;408.16;2316.46;86.5;86.5
2024-05-05T19:00+02:00;513.32;2290.33;96.24;96.24
2024-05-05T20:00+02:00;541.065;2123.455;111.92;111.92
2024-05-05T21:00+02:00;526.66;1898.71;107.53;107.53
2024-05-05T22:00+02:00;490.12;1882.9;98.74;98.74
2024-05-05T23:00+02:00;462.03;1957.15;88.67;88.67
2024-05-06T00:00+02:00;444.295;1917.525;82.86;82.86
2024-05-06T01:00+02:00;447.46;1970.89;79.59;79.59
2024-05-06T02:00+02:00;443.3;1935.95;80.41;80.41
2024-05-06T03:00+02:00;445.04;1852.94;79.95;79.95
2024-05-06T04:00+02:00;475.36;1953.28;81.69;64.2
2024-05-06T05:00+02:00;465.63;1918.38;87.51;74.02
2024-05-06T06:00+02:00;448.34;2020.96;107.09;107.09
2024-05-06T07:00+02:00;426.32;2299.86;130.26;130.26
2024-05-06T08:00+02:00;409.775;2494.005;100.46;100.46
2024-05-06T09:00+02:00;426.29;2743.56;89;89
2024-05-06T10:00+02:00;470.895;2916.015;81;81
2024-05-06T11:00+02:00;374.095;2646.615;64.27;64.27
2024-05-06T12:00+02:00;359.085;2864.225;76.26;76.26
2024-05-06T13:00+02:00;381.665;2719.675;74.71;74.71
2024-05-06T14:00+02:00;463.575;2698.555;74.89;74.89
2024-05-06T15:00+02:00;404.525;2550.505;81.11;81.11
2024-05-06T16:00+02:00;413.46;2481.18;81.62;81.62
2024-05-06T17:00+02:00;454.85;2288.71;93.36;93.36
2024-05-06T18:00+02:00;573.88;1955.5;108.37;108.37
2024-05-06T19:00+02:00;660.27;1373.27;136.65;136.65
2024-05-06T20:00+02:00;658.575;1210.295;143.99;143.99
2024-05-06T21:00+02:00;648.935;1273.355;107.98;107.98
2024-05-06T22:00+02:00;630.01;1512.96;94.58;94.58
2024-05-06T23:00+02:00;647.365;1889.405;84.42;64.65
2024-05-07T00:00+02:00;467.36;2150.72;81.73;75.96
2024-05-07T01:00+02:00;412.86;2359.67;79.17;75.93
2024-05-07T02:00+02:00;403.315;2429.215;77.23;75.94
2024-05-07T03:00+02:00;403.83;2375.28;79.99;75.97
2024-05-07T04:00+02:00;407.225;2491.255;80.08;75.99
2024-05-07T05:00+02:00;437.44;2433.33;81.89;76.02
2024-05-07T06:00+02:00;460.405;2280.325;95.99;95.99
2024-05-07T07:00+02:00;490.43;2470.4;118.21;118.21
2024-05-07T08:00+02:00;466.895;2821.045;112.66;112.66
2024-05-07T09:00+02:00;463.175;3107.835;91.75;91.75
2024-05-07T10:00+02:00;428.73;3319.68;84;82.62
2024-05-07T11:00+02:00;412.08;3433.21;75.39;70.91
2024-05-07T12:00+02:00;422.21;3537.59;56.91;56.91
2024-05-07T13:00+02:00;404.45;3519.69;51.75;51.75
2024-05-07T14:00+02:00;404.37;3304.92;47.89;47.89
2024-05-07T15:00+02:00;459.805;3092.605;48.81;48.81
2024-05-07T16:00+02:00;529.415;2720.865;75.6;75.6
2024-05-07T17:00+02:00;674.03;2381.46;90.82;90.82
2024-05-07T18:00+02:00;893.135;1845.305;105.86;105.86
2024-05-07T19:00+02:00;793.31;1391;133.85;133.85
2024-05-07T20:00+02:00;844.415;1122.135;151.05;151.05
2024-05-07T21:00+02:00;743.425;1079.665;122.04;122.04
2024-05-07T22:00+02:00;712.25;1103.05;101.7;101.7
2024-05-07T23:00+02:00;533.015;1070.295;88.22;88.22
2024-05-08T00:00+02:00;504.43;1060.7;83.97;83.97
2024-05-08T01:00+02:00;514.57;1084.04;80.84;80.84
2024-05-08T02:00+02:00;505.215;1028.255;80.88;80.88
2024-05-08T03:00+02:00;546.71;1097.96;82.47;82.47
2024-05-08T04:00+02:00;505.685;1082.145;82.48;82.48
2024-05-08T05:00+02:00;494.825;1075.145;81.25;81.25
2024-05-08T06:00+02:00;634.935;1323.415;107.48;107.48
2024-05-08T07:00+02:00;719.485;1601.645;118.96;118.96
2024-05-08T08:00+02:00;702.65;1966.6;110.12;110.12
2024-05-08T09:00+02:00;588.04;2651.78;92.41;92.41
2024-05-08T10:00+02:00;538.64;3086.17;85.4;85.4
2024-05-08T11:00+02:00;487.205;3486.475;79.48;79.48
2024-05-08T12:00+02:00;537.815;3625.165;71.18;71.18
2024-05-08T13:00+02:00;719.62;3483.02;61.93;61.93
2024-05-08T14:00+02:00;706.66;3580.53;62.09;62.09
2024-05-08T15:00+02:00;640.185;3479.125;59.89;59.89
2024-05-08T16:00+02:00;485.07;3477.2;64.1;64.1
2024-05-08T17:00+02:00;482.08;3253.08;87.95;87.95
2024-05-08T18:00+02:00;582.705;2692.585;103.95;103.95
2024-05-08T19:00+02:00;605.505;2088.775;124.48;124.48
2024-05-08T20:00+02:00;574.48;1692.44;134.42;134.42
2024-05-08T21:00+02:00;518.74;1648.54;114.65;114.65
2024-05-08T22:00+02:00;482.485;1668.725;96.54;96.54
2024-05-08T23:00+02:00;414.325;1625.855;87.96;87.96
2024-05-09T00:00+02:00;382.155;1600.995;87.6;87.6
2024-05-09T01:00+02:00;406.105;1538.425;88.06;88.06
2024-05-09T02:00+02:00;397.485;1569.255;82.97;82.97
2024-05-09T03:00+02:00;397.59;1660.79;81.61;81.61
2024-05-09T04:00+02:00;410.77;1713.81;75.51;75.51
2024-05-09T05:00+02:00;416.81;1751.53;76.56;76.56
2024-05-09T06:00+02:00;427.245;1926.345;84;84
2024-05-09T07:00+02:00;435.865;2371.755;80.65;80.65
2024-05-09T08:00+02:00;458.575;2936.765;65.53;65.53
2024-05-09T09:00+02:00;605.025;3391.585;23.34;23.34
2024-05-09T10:00+02:00;663.7;3897.56;5.07;4.98
2024-05-09T11:00+02:00;607.88;4050.62;-0.06;1.09
2024-05-09T12:00+02:00;265;4162.2;-0.65;-0.16
2024-05-09T13:00+02:00;289.04;4098.16;-1.14;-0.59
2024-05-09T14:00+02:00;292.99;3874.5;-1.17;-0.78
2024-05-09T15:00+02:00;291.83;3745.34;-0.69;-0.18
2024-05-09T16:00+02:00;294.945;3651.735;0.68;3.08
2024-05-09T17:00+02:00;352.03;3406.88;64.48;62.07
2024-05-09T18:00+02:00;400.82;3272.44;85.06;85.06
2024-05-09T19:00+02:00;422.31;3025.86;99.41;99.41
2024-05-09T20:00+02:00;471.005;2900.205;118.17;118.17
2024-05-09T21:00+02:00;520.58;3090.21;114.83;114.83
2024-05-09T22:00+02:00;498.74;3034.15;94.65;94.65
2024-05-09T23:00+02:00;449.72;2946.27;87.75;87.75
2024-05-10T00:00+02:00;382.895;3013.735;92.13;92.13
2024-05-10T01:00+02:00;350.535;2833.895;84.93;84.93
2024-05-10T02:00+02:00;347.945;2853.645;77.07;77.07
2024-05-10T03:00+02:00;349.9;2867.76;74.48;74.48
2024-05-10T04:00+02:00;325.455;2830.515;74.78;74.78
2024-05-10T05:00+02:00;348.245;2739.425;63.95;63.95
2024-05-10T06:00+02:00;426.46;2697.16;72.49;72.49
2024-05-10T07:00+02:00;455.245;2641.915;109.47;109.47
2024-05-10T08:00+02:00;451.58;2604.68;95.6;95.6
2024-05-10T09:00+02:00;361.695;2652.485;67.39;67.39
2024-05-10T10:00+02:00;283.06;2572.03;20.84;20.84
2024-05-10T11:00+02:00;274.2;2848.02;2.91;2.87
2024-05-10T12:00+02:00;261.68;3017.71;0.58;0.52
2024-05-10T13:00+02:00;254.075;3230.945;0.41;0.02
2024-05-10T14:00+02:00;251.615;3226.475;0.08;0.02
2024-05-10T15:00+02:00;251.13;3367.86;20.42;20.42
2024-05-10T16:00+02:00;273.73;3310.84;65.46;65.46
2024-05-10T17:00+02:00;337.64;2923.96;78.5;85.88
2024-05-10T18:00+02:00;565.71;2277.64;93.25;105.91
2024-05-10T19:00+02:00;546.08;1916.31;111.13;135.16
2024-05-10T20:00+02:00;548.93;1639.14;159.9;166.63
2024-05-10T21:00+02:00;547.13;1398.75;132.31;136.31
2024-05-10T22:00+02:00;548.255;1288.905;104.87;104.87
2024-05-10T23:00+02:00;501.28;1256.87;90.31;92.16
2024-05-11T00:00+02:00;418.875;1238.445;85.99;96.76
2024-05-11T01:00+02:00;397.93;1203.47;80.84;94.18
2024-05-11T02:00+02:00;382.81;1139.54;79.1;90.03
2024-05-11T03:00+02:00;553.395;1151.815;82.51;89.09
2024-05-11T04:00+02:00;463.98;1253.92;79.04;89.91
2024-05-11T05:00+02:00;394.305;1103.855;79.14;90.7
2024-05-11T06:00+02:00;392.94;1311.94;78;86.72
2024-05-11T07:00+02:00;377.67;1481.22;68.07;79.67
2024-05-11T08:00+02:00;352.195;1867.165;56.47;56.47
2024-05-11T09:00+02:00;300.65;2339.44;6.8;6.97
2024-05-11T10:00+02:00;247.73;2854.39;0.79;0.79
2024-05-11T11:00+02:00;256.94;2782.56;0;0
2024-05-11T12:00+02:00;241.61;2534.95;-0.58;-0.58
2024-05-11T13:00+02:00;216.125;2675.295;-0.88;-0.88
2024-05-11T14:00+02:00;214.88;2747.24;-0.91;-0.91
2024-05-11T15:00+02:00;214.025;3010.405;-0.07;-0.07
2024-05-11T16:00+02:00;218.595;2386.785;-0.41;2.98
2024-05-11T17:00+02:00;276.165;2436.055;32.77;32.77
2024-05-11T18:00+02:00;328.26;1972.42;69.49;78.43
2024-05-11T19:00+02:00;407.395;1438.075;86.02;101.68
2024-05-11T20:00+02:00;466.045;1070.735;108;122.5
2024-05-11T21:00+02:00;476.185;954.775;90.31;103.48
2024-05-11T22:00+02:00;421.3;923.23;78.82;86.26
2024-05-11T23:00+02:00;345.875;974.185;68.02;68.37
2024-05-12T00:00+02:00;348.375;957.865;63;65.49
2024-05-12T01:00+02:00;338.63;800.56;51.36;54.5
2024-05-12T02:00+02:00;349.35;735.47;42.72;44.52
2024-05-12T03:00+02:00;344.905;821.575;39;41.22
2024-05-12T04:00+02:00;352.505;911.935;38.38;46.33
2024-05-12T05:00+02:00;345.83;1017.12;43.5;43.5
2024-05-12T06:00+02:00;352.205;1066.315;17.61;17.61
2024-05-12T07:00+02:00;295.35;1277;4.79;4.79
2024-05-12T08:00+02:00;239.005;1927.965;2.35;1.48
2024-05-12T09:00+02:00;230.78;2061.21;-2.63;-1.23
2024-05-12T10:00+02:00;232.245;2650.415;-2.57;-2.57
2024-05-12T11:00+02:00;235.46;2567.34;-4.07;-4.07
2024-05-12T12:00+02:00;217.835;2481.435;-5.09;-5.09
2024-05-12T13:00+02:00;209.96;2260.79;-6.58;-6.58
2024-05-12T14:00+02:00;232.915;2326.585;-5.16;-5.16
2024-05-12T15:00+02:00;232.46;2659.83;-12.07;-2.09
2024-05-12T16:00+02:00;235.21;2752.85;-28.81;-0.09
2024-05-12T17:00+02:00;263.34;3409.05;-1.33;2.59
2024-05-12T18:00+02:00;315.5;3442.02;22.5;24.72
2024-05-12T19:00+02:00;389.95;2845.01;65.84;63.62
2024-05-12T20:00+02:00;440.17;2432.86;73.92;73.92
2024-05-12T21:00+02:00;453.57;2381.42;55.4;55.4
2024-05-12T22:00+02:00;432.47;2411.26;44.43;44.43
2024-05-12T23:00+02:00;389.285;2386.685;35.61;35.61
2024-05-13T00:00+02:00;378.295;2448.815;26.84;26.84
2024-05-13T01:00+02:00;398.39;2593.69;25.88;25.88
2024-05-13T02:00+02:00;407.035;2654.435;25.71;25.71
2024-05-13T03:00+02:00;392.01;2583.66;24.7;24.7
2024-05-13T04:00+02:00;394.84;2558.56;27;27
2024-05-13T05:00+02:00;409.605;2667.025;36.65;36.65
2024-05-13T06:00+02:00;431.46;2864.01;48.84;48.84
2024-05-13T07:00+02:00;456.695;3121.925;100.95;100.95
2024-05-13T08:00+02:00;523.685;3956.425;76.59;76.59
2024-05-13T09:00+02:00;328.91;4640.05;43.51;37.59
2024-05-13T10:00+02:00;283.25;5240.09;10.38;18.19
2024-05-13T11:00+02:00;273.89;5141.06;-0.97;7.04
2024-05-13T12:00+02:00;270.85;5237.9;-2.5;1.59
2024-05-13T13:00+02:00;275.41;5645.39;-2.27;1.01
2024-05-13T14:00+02:00;270.92;6184.28;-1.81;0.01
2024-05-13T15:00+02:00;264.835;6276.355;-0.73;1.51
2024-05-13T16:00+02:00;276.035;6351.665;0.07;17.19
2024-05-13T17:00+02:00;304.54;5838.27;51.05;33.93
2024-05-13T18:00+02:00;308.475;4971.015;37.6;37.6
2024-05-13T19:00+02:00;338.705;4076.085;43.04;43.04
2024-05-13T20:00+02:00;316.955;3517.045;38.2;38.2
2024-05-13T21:00+02:00;296.49;3374.61;35.12;35.12
2024-05-13T22:00+02:00;351.48;3543.13;31.31;31.31
2024-05-13T23:00+02:00;336.565;3640.155;33.66;33.66
2024-05-14T00:00+02:00;320.03;3594.43;23.38;23.38
2024-05-14T01:00+02:00;319.32;3428.25;19.95;19.95
2024-05-14T02:00+02:00;340.88;3201.94;19.93;19.93
2024-05-14T03:00+02:00;363.335;3102.485;19.95;19.95
2024-05-14T04:00+02:00;389.25;3042.59;20;20
2024-05-14T05:00+02:00;384.515;3130.405;23.01;23.01
2024-05-14T06:00+02:00;378.675;3225.815;38.37;38.37
2024-05-14T07:00+02:00;434.505;3446.315;45.18;54.97
2024-05-14T08:00+02:00;456.255;3905.255;46.75;46.75
2024-05-14T09:00+02:00;315.81;4509.83;5.64;7.73
2024-05-14T10:00+02:00;295.07;4335.76;-2.33;0.33
2024-05-14T11:00+02:00;281.175;3868.295;-3.32;-1.46
2024-05-14T12:00+02:00;260.285;4282.415;-3.34;-3
2024-05-14T13:00+02:00;243.675;4086.625;-3.72;-3.72
2024-05-14T14:00+02:00;220.85;3968.72;-4.99;-4.99
2024-05-14T15:00+02:00;230.27;4143.26;-3.99;-3.99
2024-05-14T16:00+02:00;232.81;6390.55;-2.03;-0.92
2024-05-14T17:00+02:00;274.815;6205.185;-0.04;1.49
2024-05-14T18:00+02:00;278.38;5781.7;34.21;32.68
2024-05-14T19:00+02:00;274.73;4878.74;37.62;37.62
2024-05-14T20:00+02:00;292.48;4199.05;37.72;37.72
2024-05-14T21:00+02:00;298.14;3893.39;36.33;36.33
2024-05-14T22:00+02:00;282.415;3905.045;32.42;32.42
2024-05-14T23:00+02:00;264.88;3960.58;26.85;16.25
2024-05-15T00:00+02:00;262.375;3832.445;30.5;9.59
2024-05-15T01:00+02:00;259.595;3461.365;32.27;8.01
2024-05-15T02:00+02:00;259.15;3273.41;30.52;19.38
2024-05-15T03:00+02:00;260.36;3198.02;30.51;16.16
2024-05-15T04:00+02:00;261.89;3206.97;29.83;9.99
2024-05-15T05:00+02:00;276.335;3288.595;26.88;26.88
2024-05-15T06:00+02:00;305.26;3417.78;36.2;36.2
2024-05-15T07:00+02:00;334.525;3575.105;57.89;57.89
2024-05-15T08:00+02:00;359.33;3843.05;59.96;59.96
2024-05-15T09:00+02:00;353.375;4272.045;43.52;43.52
2024-05-15T10:00+02:00;320.795;4725.325;7.36;7.06
2024-05-15T11:00+02:00;300.685;5175.615;-0.08;0.22
2024-05-15T12:00+02:00;298.465;5386.685;-2.01;-0.93
2024-05-15T13:00+02:00;280.94;5536.66;-1.31;-1.05
2024-05-15T14:00+02:00;282.805;5870.835;-0.95;-0.95
2024-05-15T15:00+02:00;253.665;6793.955;-0.09;-0.09
2024-05-15T16:00+02:00;249.19;7116.32;1.73;1.73
2024-05-15T17:00+02:00;261.29;6175.85;23.77;6.95
2024-05-15T18:00+02:00;273.57;5834.29;28.92;28.92
2024-05-15T19:00+02:00;308.1;5059.51;36.42;36.42
2024-05-15T20:00+02:00;318.49;4524.62;37.16;37.16
2024-05-15T21:00+02:00;309.855;4268.655;35.63;35.63
2024-05-15T22:00+02:00;307.71;4099.68;35.4;35.4
2024-05-15T23:00+02:00;308.135;4233.135;32.97;17.35
2024-05-16T00:00+02:00;300.035;4461.185;21;2.66
2024-05-16T01:00+02:00;305.92;4547.52;19.67;2.73
2024-05-16T02:00+02:00;319.575;4461.895;19.66;3.36
2024-05-16T03:00+02:00;305.77;4373.55;19.23;4.51
2024-05-16T04:00+02:00;273.475;4346.605;19.47;6.87
2024-05-16T05:00+02:00;267.85;4469.2;17.72;17.2
2024-05-16T06:00+02:00;281.905;4634.565;25.97;25.97
2024-05-16T07:00+02:00;273.37;5106.36;46.08;46.08
2024-05-16T08:00+02:00;277.015;5687.435;40.31;40.31
2024-05-16T09:00+02:00;267.695;6476.235;26.75;26.75
2024-05-16T10:00+02:00;238.91;7324.29;11.5;10.32
2024-05-16T11:00+02:00;239.57;7873.19;0.08;1.26
2024-05-16T12:00+02:00;226.51;7690.46;-0.02;-0.02
2024-05-16T13:00+02:00;222.53;7262.32;-0.71;-0.71
2024-05-16T14:00+02:00;220.13;7524.56;-0.16;-0.16
2024-05-16T15:00+02:00;220.62;8322.75;0.01;0.92
2024-05-16T16:00+02:00;222.075;8335.055;10;9.09
2024-05-16T17:00+02:00;227.755;7598.075;17.28;17.28
2024-05-16T18:00+02:00;236.38;6849.2;20.81;20.81
2024-05-16T19:00+02:00;236.37;6028.41;24.36;24.36
2024-05-16T20:00+02:00;243.945;5347.145;26.21;26.21
2024-05-16T21:00+02:00;239.9;5102.58;25.29;25.29
2024-05-16T22:00+02:00;238.415;5086.525;22.41;17.84
2024-05-16T23:00+02:00;226.885;5078.165;27.78;4.3
2024-05-17T00:00+02:00;220.305;5093.035;19.59;3.3
2024-05-17T01:00+02:00;220.98;4888.89;18.69;2.86
2024-05-17T02:00+02:00;221.125;4736.105;18.44;2.81
2024-05-17T03:00+02:00;221.635;4567.005;18.34;2.82
2024-05-17T04:00+02:00;221.115;4280.715;18.77;3.48
2024-05-17T05:00+02:00;220.585;4222.885;19.19;4.99
2024-05-17T06:00+02:00;241.86;4439.05;23.07;23.07
2024-05-17T07:00+02:00;281.415;4749.285;29.97;29.97
2024-05-17T08:00+02:00;288.61;5109.6;32.45;32.45
2024-05-17T09:00+02:00;259.815;5690.615;25.67;25.67
2024-05-17T10:00+02:00;256.685;6257.565;19.47;11.18
2024-05-17T11:00+02:00;265.345;6729.205;18.63;4.21
2024-05-17T12:00+02:00;243.855;7468.155;14.56;2.95
2024-05-17T13:00+02:00;222.49;7812.44;14.09;1.93
2024-05-17T14:00+02:00;225.205;7741.905;13.89;1.25
2024-05-17T15:00+02:00;212.34;7671.66;14.56;2.48
2024-05-17T16:00+02:00;215.93;7228.32;19.17;3.28
2024-05-17T17:00+02:00;219.82;6458.76;19.67;4.98
2024-05-17T18:00+02:00;235.37;5575.58;22.6;7.16
2024-05-17T19:00+02:00;240.665;4656.745;27.01;12.92
2024-05-17T20:00+02:00;241.19;3873.32;33.07;33.07
2024-05-17T21:00+02:00;238.785;3475.165;32.63;32.63
2024-05-17T22:00+02:00;234.045;3406.905;31.04;31.04
2024-05-17T23:00+02:00;231.915;3300.085;30.43;11.37
2024-05-18T00:00+02:00;233.2;3102.62;33.5;9.53
2024-05-18T01:00+02:00;235.11;2895.04;33.47;9.99
2024-05-18T02:00+02:00;237.19;2865.12;34.22;34.22
2024-05-18T03:00+02:00;427.92;2752.83;34.9;34.9
2024-05-18T04:00+02:00;252.58;2664.13;34.83;34.83
2024-05-18T05:00+02:00;355.475;2602.185;35.31;35.31
2024-05-18T06:00+02:00;243.075;2474.975;58.32;58.32
2024-05-18T07:00+02:00;335.81;2538.7;64.31;64.31
2024-05-18T08:00+02:00;305.05;2939.99;58.29;58.29
2024-05-18T09:00+02:00;248.74;3456.42;42.69;42.69
2024-05-18T10:00+02:00;231.63;3983.01;9.43;9.43
2024-05-18T11:00+02:00;228.445;4214.485;0.71;0.71
2024-05-18T12:00+02:00;216.915;4069.865;-0.02;-0.02
2024-05-18T13:00+02:00;218.07;3268.52;-1.3;-1.3
2024-05-18T14:00+02:00;221.35;3206.27;-2.79;-2.79
2024-05-18T15:00+02:00;220.08;3676;-1.92;-1.92
2024-05-18T16:00+02:00;234.18;3467.84;-0.04;-0.04
2024-05-18T17:00+02:00;280.865;3431.055;42.75;3.38
2024-05-18T18:00+02:00;392.13;2808.21;70;49.1
2024-05-18T19:00+02:00;322.775;2180.685;102.33;102.33
2024-05-18T20:00+02:00;319.285;1603.145;124.11;124.11
2024-05-18T21:00+02:00;318.735;1430.545;114.39;114.39
2024-05-18T22:00+02:00;314.7;1437.89;96.52;96.52
2024-05-18T23:00+02:00;260.725;1485.045;86.6;86.6
2024-05-19T00:00+02:00;234.305;1456.375;90.69;90.69
2024-05-19T01:00+02:00;233.05;1233.51;89.06;89.06
2024-05-19T02:00+02:00;233.85;1128.21;88.66;88.66
2024-05-19T03:00+02:00;235.47;1057.84;86.91;86.91
2024-05-19T04:00+02:00;235.27;781.6;86.13;86.13
2024-05-19T05:00+02:00;233.345;625.015;80.56;80.56
2024-05-19T06:00+02:00;269.77;908.48;75.57;75.57
2024-05-19T07:00+02:00;238.61;1419.3;70.24;70.24
2024-05-19T08:00+02:00;223.305;1911.585;46.96;46.96
2024-05-19T09:00+02:00;222.185;2470.685;5.6;5.6
2024-05-19T10:00+02:00;222.19;2931.19;-0.03;-0.03
2024-05-19T11:00+02:00;211.895;3162.835;-0.18;-0.18
2024-05-19T12:00+02:00;220.825;3091.605;-2.06;-2.06
2024-05-19T13:00+02:00;188.67;2573.71;-7.41;-7.41
2024-05-19T14:00+02:00;180.58;2323.51;-15.07;-15.07
2024-05-19T15:00+02:00;183.535;2163.215;-10;-10
2024-05-19T16:00+02:00;178.335;2370.345;-3.79;-3.79
2024-05-19T17:00+02:00;189.02;3475.57;-0.06;-0.06
2024-05-19T18:00+02:00;203.765;3023.715;64.17;64.17
2024-05-19T19:00+02:00;239.775;2182.275;89.59;89.59
2024-05-19T20:00+02:00;263.77;1538.34;113.66;113.66
2024-05-19T21:00+02:00;271.28;1097.51;122.86;122.86
2024-05-19T22:00+02:00;269.065;957.405;101.93;101.93
2024-05-19T23:00+02:00;257.37;866.16;86.14;86.14
2024-05-20T00:00+02:00;252.4;829.19;91.09;91.09
2024-05-20T01:00+02:00;245.76;756.53;82.64;82.64
2024-05-20T02:00+02:00;248.27;695.64;86.73;86.73
2024-05-20T03:00+02:00;249.2;721.57;86.09;86.09
2024-05-20T04:00+02:00;249.795;751.145;88.21;88.21
2024-05-20T05:00+02:00;248.72;782.74;91.46;91.46
2024-05-20T06:00+02:00;247.91;1060.18;104.72;104.72
2024-05-20T07:00+02:00;238.515;1551.555;105.69;105.69
2024-05-20T08:00+02:00;211.37;2201.51;72.24;72.24
2024-05-20T09:00+02:00;220.675;2754.205;32.8;32.8
2024-05-20T10:00+02:00;206.915;3293.275;12.41;12.41
2024-05-20T11:00+02:00;201.11;3762.22;6.06;6.06
2024-05-20T12:00+02:00;192.65;4043.84;2.41;2.41
2024-05-20T13:00+02:00;192.43;3955.27;0.01;0.01
2024-05-20T14:00+02:00;185.275;4025.695;-0.18;0.02
2024-05-20T15:00+02:00;198.475;4260.745;-0.07;3.73
2024-05-20T16:00+02:00;203.735;4494.795;0.89;9.42
2024-05-20T17:00+02:00;204.415;4172.575;59.28;50.75
2024-05-20T18:00+02:00;210.235;3657.755;78.94;78.94
2024-05-20T19:00+02:00;209.85;2998.73;105.96;105.96
2024-05-20T20:00+02:00;223.43;2586.78;125.76;125.76
2024-05-20T21:00+02:00;227.7;2529.83;116.78;116.78
2024-05-20T22:00+02:00;220.04;2628.76;96.63;96.63
2024-05-20T23:00+02:00;213.115;2735.405;79.86;79.86
2024-05-21T00:00+02:00;211.675;2750.475;81.46;66.01
2024-05-21T01:00+02:00;210.29;2883.96;76.4;27.87
2024-05-21T02:00+02:00;272.91;2867.69;52.42;10
2024-05-21T03:00+02:00;315.23;2796.18;49.51;10
2024-05-21T04:00+02:00;226.855;2763.295;49.25;9.99
2024-05-21T05:00+02:00;212.68;2948.57;49.53;31.94
2024-05-21T06:00+02:00;217.55;3177.69;74.15;74.15
2024-05-21T07:00+02:00;233.585;3359.445;117.09;117.09
2024-05-21T08:00+02:00;219.76;4231.98;96.39;96.39
2024-05-21T09:00+02:00;211.71;4796.27;46.99;35.38
2024-05-21T10:00+02:00;206.235;5414.965;31.87;30.29
2024-05-21T11:00+02:00;191.01;5878.18;31.41;25.15
2024-05-21T12:00+02:00;188.275;6430.705;27.41;20.66
2024-05-21T13:00+02:00;187.1;6648.2;29.16;18.33
2024-05-21T14:00+02:00;189.56;6676.11;33.21;15.04
2024-05-21T15:00+02:00;189.41;6634.5;31.06;20.75
2024-05-21T16:00+02:00;191.075;6545.985;30.46;24.99
2024-05-21T17:00+02:00;204.735;5984.775;32.67;31.14
2024-05-21T18:00+02:00;223.035;5195.095;58.32;42.35
2024-05-21T19:00+02:00;239.5;4464;81.59;55.75
2024-05-21T20:00+02:00;240.235;3849.755;68.88;57.36
2024-05-21T21:00+02:00;245.26;3659.97;57.73;57.73
2024-05-21T22:00+02:00;246.655;3894.015;41.76;38.65
2024-05-21T23:00+02:00;231.56;4083.72;44.86;8.33
2024-05-22T00:00+02:00;199.54;4278.81;28;3.42
2024-05-22T01:00+02:00;193.765;4403.765;28;2.81
2024-05-22T02:00+02:00;201.245;4222.685;27.39;2.63
2024-05-22T03:00+02:00;202.055;3908.615;28.12;2.39
2024-05-22T04:00+02:00;194.455;4032.845;28.28;2.92
2024-05-22T05:00+02:00;192.38;3947.35;28.16;4.94
2024-05-22T06:00+02:00;199.515;4677.895;32.3;23.97
2024-05-22T07:00+02:00;202.815;5142.235;40.58;36.45
2024-05-22T08:00+02:00;208.23;5504.59;43.26;38.09
2024-05-22T09:00+02:00;205.73;6028.07;33.28;33.28
2024-05-22T10:00+02:00;203.425;6478.445;31.32;23.13
2024-05-22T11:00+02:00;199.1;6765.64;29.67;9.34
2024-05-22T12:00+02:00;186.365;6987.625;20.48;4.92
2024-05-22T13:00+02:00;190.835;6922.225;3.61;3.61
2024-05-22T14:00+02:00;200.625;6830.635;3.08;3.08
2024-05-22T15:00+02:00;209.17;6721.54;3.03;3.03
2024-05-22T16:00+02:00;209.62;6449.37;14.34;4.29
2024-05-22T17:00+02:00;216.025;5849.585;72.31;13.66
2024-05-22T18:00+02:00;231.075;4991.585;92.16;56.69
2024-05-22T19:00+02:00;250.99;4234.27;99.9;64.43
2024-05-22T20:00+02:00;253.81;3444.44;136.52;64.46
2024-05-22T21:00+02:00;333.11;3014.68;117.34;68.03
2024-05-22T22:00+02:00;562.91;2612.48;99.69;74.62
2024-05-22T23:00+02:00;289.515;2272.085;87.74;68
2024-05-23T00:00+02:00;284.555;2442.545;54.19;54.19
2024-05-23T01:00+02:00;288.865;2548.765;58;58
2024-05-23T02:00+02:00;237.965;2271.155;63.96;63.96
2024-05-23T03:00+02:00;222.32;2085.57;69.31;69.31
2024-05-23T04:00+02:00;223.51;1887.91;68.91;68.91
2024-05-23T05:00+02:00;216.955;1809.785;74.98;74.98
2024-05-23T06:00+02:00;310.17;1869.83;107.98;107.98
2024-05-23T07:00+02:00;227.74;2027.18;118;118
2024-05-23T08:00+02:00;215.75;2012.5;97.84;97.84
2024-05-23T09:00+02:00;235.045;2117.835;75.65;75.65
2024-05-23T10:00+02:00;221.505;2127.505;74.89;74.89
2024-05-23T11:00+02:00;218.58;2053.06;64.1;64.1
2024-05-23T12:00+02:00;209.26;1920.38;52.5;52.5
2024-05-23T13:00+02:00;292.945;1991.525;45.31;45.31
2024-05-23T14:00+02:00;290.21;1708.7;56.98;56.98
2024-05-23T15:00+02:00;303.08;1589.97;71.4;71.4
2024-05-23T16:00+02:00;332.26;1522.17;83.77;83.77
2024-05-23T17:00+02:00;473.13;1529.66;96.64;96.64
2024-05-23T18:00+02:00;534.585;1659.985;111.49;111.49
2024-05-23T19:00+02:00;666.765;1564.255;156.28;156.28
2024-05-23T20:00+02:00;737.57;1275.77;175.74;175.74
2024-05-23T21:00+02:00;559.405;983.625;155.98;155.98
2024-05-23T22:00+02:00;456.17;968.75;123.54;123.54
2024-05-23T23:00+02:00;354.84;1072.75;103.37;103.37
2024-05-24T00:00+02:00;376.13;1126.75;103.17;103.17
2024-05-24T01:00+02:00;447.445;1195.965;94.12;94.12
2024-05-24T02:00+02:00;350.99;1152.98;89.79;89.79
2024-05-24T03:00+02:00;325.78;1057.93;88.22;88.22
2024-05-24T04:00+02:00;374.97;978.72;91.8;91.8
2024-05-24T05:00+02:00;405.115;923.065;103.23;103.23
2024-05-24T06:00+02:00;519.34;1008;123.84;123.84
2024-05-24T07:00+02:00;576.435;1207.345;122.07;122.07
2024-05-24T08:00+02:00;545.535;1718.245;115.9;115.9
2024-05-24T09:00+02:00;522.385;2139.425;106.1;106.1
2024-05-24T10:00+02:00;432.965;2424.305;96.16;96.16
2024-05-24T11:00+02:00;375.71;2680.88;90.07;90.07
2024-05-24T12:00+02:00;519.335;2902.155;83.22;88.98
2024-05-24T13:00+02:00;370.745;2905.395;81.39;87.74
2024-05-24T14:00+02:00;379.07;2987.6;81.23;88.12
2024-05-24T15:00+02:00;340.94;2876.85;83.38;88.18
2024-05-24T16:00+02:00;356.375;2643.695;84;84.27
2024-05-24T17:00+02:00;455.21;2506.21;96;98.79
2024-05-24T18:00+02:00;487.96;2067.82;111.77;111.77
2024-05-24T19:00+02:00;585.055;1539.905;129.99;129.99
2024-05-24T20:00+02:00;562.63;1255.86;125;125
2024-05-24T21:00+02:00;527.64;1229.7;115.84;115.84
2024-05-24T22:00+02:00;535.13;1280.62;109.67;109.67
2024-05-24T23:00+02:00;435.525;1356.655;99.84;99.84
2024-05-25T00:00+02:00;508.83;1283.02;94.88;94.88
2024-05-25T01:00+02:00;356.4;1252.62;91.83;91.83
2024-05-25T02:00+02:00;363.435;1186.265;90.43;90.43
2024-05-25T03:00+02:00;334.725;1187.805;89.16;89.16
2024-05-25T04:00+02:00;330.51;1143.92;89.03;89.03
2024-05-25T05:00+02:00;330.795;1062.415;90.26;90.26
2024-05-25T06:00+02:00;343.415;1345.855;90.68;90.68
2024-05-25T07:00+02:00;346.76;1684.98;86.23;86.23
2024-05-25T08:00+02:00;375.61;2177.05;78.58;78.58
2024-05-25T09:00+02:00;296.205;2551.035;74.75;74.75
2024-05-25T10:00+02:00;215.565;2807.335;54.23;54.23
2024-05-25T11:00+02:00;216.08;2969.06;9.34;9.34
2024-05-25T12:00+02:00;201.255;3048.165;3.24;3.24
2024-05-25T13:00+02:00;190.805;2968.385;0.04;0.04
2024-05-25T14:00+02:00;180.475;2666.345;0;0
2024-05-25T15:00+02:00;181.62;2499.93;0.02;1.05
2024-05-25T16:00+02:00;196.93;2462.83;14.23;13.2
2024-05-25T17:00+02:00;284.825;2135.975;76.04;76.04
2024-05-25T18:00+02:00;254.515;1685.365;96.23;96.23
2024-05-25T19:00+02:00;279.755;1237.965;115.77;115.77
2024-05-25T20:00+02:00;304.855;1039.045;124.36;131.92
2024-05-25T21:00+02:00;290.285;915.705;136.95;136.95
2024-05-25T22:00+02:00;231.39;924.74;115.77;115.77
2024-05-25T23:00+02:00;202.755;1098.735;104.54;104.54
2024-05-26T00:00+02:00;201.55;1124.32;107.36;107.36
2024-05-26T01:00+02:00;202.3;1150.89;98.3;98.3
2024-05-26T02:00+02:00;202.425;1062.585;90.77;90.77
2024-05-26T03:00+02:00;213.215;1021.885;90.1;90.1
2024-05-26T04:00+02:00;278.54;1131.47;91.16;91.16
2024-05-26T05:00+02:00;208.125;1075.935;88.61;88.61
2024-05-26T06:00+02:00;196.805;1278.915;83.49;83.49
2024-05-26T07:00+02:00;198.15;1470.61;71.9;71.9
2024-05-26T08:00+02:00;185.905;1745.735;13.25;12.02
2024-05-26T09:00+02:00;184.215;2158.205;0.02;1.25
2024-05-26T10:00+02:00;183.08;2524.93;0;0
2024-05-26T11:00+02:00;181.225;2477.365;-0.09;-0.09
2024-05-26T12:00+02:00;177.78;2022.04;-2.12;-2.12
2024-05-26T13:00+02:00;174.915;1831.625;-6.05;-6.05
2024-05-26T14:00+02:00;177.17;1859.62;-5.1;-5.1
2024-05-26T15:00+02:00;177.5;1747.61;-2.79;-2.79
2024-05-26T16:00+02:00;167.53;2271.94;-0.6;1.18
2024-05-26T17:00+02:00;177.125;2162.075;57;55.22
2024-05-26T18:00+02:00;205.75;2055.25;93.26;93.26
2024-05-26T19:00+02:00;213.18;1862.36;118.08;118.08
2024-05-26T20:00+02:00;222.215;1730.315;118.74;118.74
2024-05-26T21:00+02:00;239.275;1772.215;121.1;121.1
2024-05-26T22:00+02:00;244.335;2158.045;106.94;106.94
2024-05-26T23:00+02:00;225.34;2571.32;87.5;87.5
2024-05-27T00:00+02:00;213.04;2144.61;78.34;78.34
2024-05-27T01:00+02:00;208.545;1880.395;73.26;73.26
2024-05-27T02:00+02:00;207.955;1688.315;68.48;68.48
2024-05-27T03:00+02:00;204;1602.98;67.87;67.87
2024-05-27T04:00+02:00;195;1675.4;70.3;70.3
2024-05-27T05:00+02:00;231.13;1952.69;76.3;82.02
2024-05-27T06:00+02:00;306.155;2165.355;97.14;108.7
2024-05-27T07:00+02:00;361.62;2555.76;110.56;132.99
2024-05-27T08:00+02:00;354.645;2712.375;124.55;124.55
2024-05-27T09:00+02:00;311.13;3029.97;107.22;107.22
2024-05-27T10:00+02:00;303.49;3440.14;88.44;88.44
2024-05-27T11:00+02:00;321.375;3660.485;86.26;86.26
2024-05-27T12:00+02:00;289.665;3746.415;77.34;77.34
2024-05-27T13:00+02:00;310.88;3855.93;74.46;74.46
2024-05-27T14:00+02:00;306.315;4049.635;64.97;72.96
2024-05-27T15:00+02:00;311.66;4287.75;68.01;77.78
2024-05-27T16:00+02:00;359.35;4039.03;72.49;84.66
2024-05-27T17:00+02:00;459.825;3450.975;90.8;111.04
2024-05-27T18:00+02:00;560.04;2518.47;106.29;131.4
2024-05-27T19:00+02:00;635.855;1746.785;130.44;186.68
2024-05-27T20:00+02:00;587.595;1217.085;154.62;221.46
2024-05-27T21:00+02:00;546.265;918.585;153.7;169.86
2024-05-27T22:00+02:00;564.21;877.21;125.19;131.4
2024-05-27T23:00+02:00;431.455;705.735;106.1;113.78
2024-05-28T00:00+02:00;507.945;807.995;97.78;97.78
2024-05-28T01:00+02:00;419.555;811.555;90.5;90.5
2024-05-28T02:00+02:00;401.6;669.08;87.64;87.64
2024-05-28T03:00+02:00;462.015;815.625;85.22;85.22
2024-05-28T04:00+02:00;360.59;1024.09;83.96;83.96
2024-05-28T05:00+02:00;361.84;1034.81;88.04;88.04
2024-05-28T06:00+02:00;475.795;1140.095;99.36;110.34
2024-05-28T07:00+02:00;624.055;1221.925;120.1;120.1
2024-05-28T08:00+02:00;551.82;1379.48;102.23;102.23
2024-05-28T09:00+02:00;351.555;1645.875;85.43;85.43
2024-05-28T10:00+02:00;322.8;2188.65;72.52;72.52
2024-05-28T11:00+02:00;317.54;2680.61;69.17;69.17
2024-05-28T12:00+02:00;311.065;3074.695;61.1;61.1
2024-05-28T13:00+02:00;313.53;3169.1;55.25;55.25
2024-05-28T14:00+02:00;312.435;3380.235;55.27;55.27
2024-05-28T15:00+02:00;399.435;3383.185;65.66;65.66
2024-05-28T16:00+02:00;457.06;3142.09;72.52;72.52
2024-05-28T17:00+02:00;354.97;2930.74;85.8;85.8
2024-05-28T18:00+02:00;482.555;2576.305;92.47;102.28
2024-05-28T19:00+02:00;490.225;1969.715;112.67;130.05
2024-05-28T20:00+02:00;544.37;1540.59;130.03;144.31
2024-05-28T21:00+02:00;503.4;1394.98;106.67;124
2024-05-28T22:00+02:00;368.56;1427.97;89.76;100.09
2024-05-28T23:00+02:00;349.025;1646.955;79.56;88.78
2024-05-29T00:00+02:00;262.865;1939.235;72.22;72.22
2024-05-29T01:00+02:00;187.27;2223.33;53.1;57.54
2024-05-29T02:00+02:00;180.54;2562.46;49.54;54.28
2024-05-29T03:00+02:00;179.195;2855.075;44.2;50.59
2024-05-29T04:00+02:00;182.585;3100.965;42.14;49.83
2024-05-29T05:00+02:00;179.7;3379.33;41.74;45.91
2024-05-29T06:00+02:00;179.89;3667.95;51.51;72.15
2024-05-29T07:00+02:00;196.26;4135.03;66.07;86.45
2024-05-29T08:00+02:00;195.3;4586.4;62.87;91.52
2024-05-29T09:00+02:00;192.455;4908.135;54.64;69.11
2024-05-29T10:00+02:00;184.625;5076.665;42.09;67.85
2024-05-29T11:00+02:00;178.845;4994.625;41.59;62.12
2024-05-29T12:00+02:00;201.74;4886.58;35.16;59.07
2024-05-29T13:00+02:00;191.015;4499.515;33.1;62.25
2024-05-29T14:00+02:00;191.075;4140.495;34.27;62.18
2024-05-29T15:00+02:00;203.975;3831.605;46.05;69.49
2024-05-29T16:00+02:00;209.005;3831.935;72.67;72.67
2024-05-29T17:00+02:00;205.03;3774.23;89.23;89.23
2024-05-29T18:00+02:00;492.345;3675.465;94.66;94.66
2024-05-29T19:00+02:00;524.78;2856.95;111.44;111.44
2024-05-29T20:00+02:00;599.6;2456.6;126.92;140.5
2024-05-29T21:00+02:00;501.975;2342.075;133.5;143.26
2024-05-29T22:00+02:00;351.655;2261.695;119.6;120.39
2024-05-29T23:00+02:00;318.655;2172.235;95.53;95.53
2024-05-30T00:00+02:00;223.27;2070.9;98.55;100.43
2024-05-30T01:00+02:00;206.135;2042.285;96.2;96.2
2024-05-30T02:00+02:00;274.685;2006.595;84.03;91.21
2024-05-30T03:00+02:00;215.015;1876.055;84.02;93.63
2024-05-30T04:00+02:00;205.125;1716.805;83.96;94.56
2024-05-30T05:00+02:00;201.56;1725.29;84.21;100.79
2024-05-30T06:00+02:00;211.98;1964.42;95.47;103.37
2024-05-30T07:00+02:00;216.585;2276.055;96.04;106.67
2024-05-30T08:00+02:00;220.375;2649.785;97.28;97.71
2024-05-30T09:00+02:00;294.285;2942.205;93.9;93.9
2024-05-30T10:00+02:00;201.15;3131.34;85;85
2024-05-30T11:00+02:00;196.025;3447.195;77.6;80
2024-05-30T12:00+02:00;201.995;3224.285;70.92;70.92
2024-05-30T13:00+02:00;202.62;3165.79;62.97;62.97
2024-05-30T14:00+02:00;201.08;2943.09;58.22;62.97
2024-05-30T15:00+02:00;200.73;2875.34;56.53;67.69
2024-05-30T16:00+02:00;205.67;2497.58;69.96;83.75
2024-05-30T17:00+02:00;219.44;2189.01;75.12;90.13
2024-05-30T18:00+02:00;334.81;1732.53;93.9;110.67
2024-05-30T19:00+02:00;279.71;1151.84;120.96;135.23
2024-05-30T20:00+02:00;401.885;972.885;154.73;154.73
2024-05-30T21:00+02:00;433.265;909.705;143.45;143.45
2024-05-30T22:00+02:00;249.725;922.335;112.11;112.11
2024-05-30T23:00+02:00;217.025;1028.245;100.71;100.71
2024-05-31T00:00+02:00;208.905;1128.995;92;92
2024-05-31T01:00+02:00;207.585;1346.645;78.77;78.77
2024-05-31T02:00+02:00;207.72;1357.91;66.52;66.52
2024-05-31T03:00+02:00;446.81;1320.29;61.7;61.7
2024-05-31T04:00+02:00;226.025;1438.415;62.01;62.01
2024-05-31T05:00+02:00;207.93;1561.69;63.75;63.75
2024-05-31T06:00+02:00;230.18;1697.09;88.96;88.96
2024-05-31T07:00+02:00;235.335;1769.485;91.51;106.49
2024-05-31T08:00+02:00;359.87;2162.93;90.65;106.11
2024-05-31T09:00+02:00;228.225;2700.715;93.72;99.9
2024-05-31T10:00+02:00;221.49;3111.31;77.2;89.76
2024-05-31T11:00+02:00;221.685;3456.345;71.13;80.05
2024-05-31T12:00+02:00;212.725;3569.365;62.66;73.11
2024-05-31T13:00+02:00;213.355;3567.485;59.23;66.85
2024-05-31T14:00+02:00;203.69;3571.69;53.28;63.73
2024-05-31T15:00+02:00;214.09;3721.53;44.52;65.33
2024-05-31T16:00+02:00;258.63;3769.24;44.07;73.27
2024-05-31T17:00+02:00;320.1;3433.31;65.1;84.1
2024-05-31T18:00+02:00;376.25;2921.35;88.71;94.46
2024-05-31T19:00+02:00;431.965;2552.015;98.1;107.94
2024-05-31T20:00+02:00;464.06;2287.81;102.14;115
2024-05-31T21:00+02:00;500.605;1896.515;103.99;107.91
2024-05-31T22:00+02:00;416.945;1722.665;99.29;99.29
2024-05-31T23:00+02:00;420.705;1453.285;84.18;84.18
2024-06-01T00:00+02:00;444.775;1322.505;88.58;88.58
2024-06-01T01:00+02:00;446.88;1151.11;86.68;86.68
2024-06-01T02:00+02:00;463.86;1126.19;77.75;77.75
2024-06-01T03:00+02:00;355.055;1048.595;70.4;70.4
2024-06-01T04:00+02:00;341.235;1052.135;65.11;65.11
2024-06-01T05:00+02:00;363.1;1053.49;65.62;65.62
2024-06-01T06:00+02:00;333.35;1476.95;65.9;65.9
2024-06-01T07:00+02:00;344.21;1960.91;68.09;68.09
2024-06-01T08:00+02:00;357.005;2476.795;70.75;70.75
2024-06-01T09:00+02:00;388.67;2779.91;61.35;61.35
2024-06-01T10:00+02:00;419.665;3140.635;47.16;47.16
2024-06-01T11:00+02:00;312.455;3559.135;41.86;41.86
2024-06-01T12:00+02:00;311.68;3708.54;21.21;21.21
2024-06-01T13:00+02:00;306.985;3752.425;7.44;7.44
2024-06-01T14:00+02:00;300.92;3665.61;2.92;2.92
2024-06-01T15:00+02:00;312.29;4033.85;5.8;5.8
2024-06-01T16:00+02:00;319.64;4033.4;13;13
2024-06-01T17:00+02:00;372.725;3547.345;47.44;52.08
2024-06-01T18:00+02:00;392.325;3105.655;54;67.5
2024-06-01T19:00+02:00;394.2;2700.01;64.78;81.9
2024-06-01T20:00+02:00;358.9;2231.4;74.9;85.86
2024-06-01T21:00+02:00;335.48;1885.2;75.11;81.76
2024-06-01T22:00+02:00;331.72;1832.76;67.6;84.48
2024-06-01T23:00+02:00;315.47;1825.52;65.31;65.39
2024-06-02T00:00+02:00;191.225;1737.995;35.71;35.71
2024-06-02T01:00+02:00;193.485;1722.885;31.12;31.12
2024-06-02T02:00+02:00;199.575;1879.985;15.85;15.85
2024-06-02T03:00+02:00;202.115;1811.005;7.22;7.22
2024-06-02T04:00+02:00;204.505;1771.225;8.96;8.96
2024-06-02T05:00+02:00;203.395;1779.405;5.13;5.13
2024-06-02T06:00+02:00;207.385;1994.555;4.91;4.91
2024-06-02T07:00+02:00;208.815;2341.665;4.11;4.11
2024-06-02T08:00+02:00;209.905;2551.305;0.97;0.97
2024-06-02T09:00+02:00;206.585;3132.425;0;0
2024-06-02T10:00+02:00;196.845;3936.705;1.56;1.56
2024-06-02T11:00+02:00;196.07;4290.01;0.77;0.77
2024-06-02T12:00+02:00;185.05;4409.86;-0.1;-0.1
2024-06-02T13:00+02:00;195.125;3800.215;-4.01;-4.01
2024-06-02T14:00+02:00;197.995;2668.395;-5;-5
2024-06-02T15:00+02:00;193.09;2572.54;-4.36;-4.36
2024-06-02T16:00+02:00;181.005;3394.465;-8.98;-0.08
2024-06-02T17:00+02:00;188.615;4285.435;-1.27;4.93
2024-06-02T18:00+02:00;202.6;3778.97;13.95;14.29
2024-06-02T19:00+02:00;208.46;3336.27;56.84;65.61
2024-06-02T20:00+02:00;207.675;3277.645;67.38;94.99
2024-06-02T21:00+02:00;206.835;3393.375;77.27;106.93
2024-06-02T22:00+02:00;211.75;3435.15;50.7;106.4
2024-06-02T23:00+02:00;207.015;3402.505;50.75;93.55
2024-06-03T00:00+02:00;199.865;3455.455;93.6;93.6
2024-06-03T01:00+02:00;201.51;3541.39;82.55;82.55
2024-06-03T02:00+02:00;201.95;3393.4;80.2;80.2
2024-06-03T03:00+02:00;192.48;3266.27;58.08;64.47
2024-06-03T04:00+02:00;196.595;3375.195;51.54;59.98
2024-06-03T05:00+02:00;209.73;3464.07;51.86;93.86
2024-06-03T06:00+02:00;280.74;3495.88;67.74;133.28
2024-06-03T07:00+02:00;555.88;3747.12;94.66;193.06
2024-06-03T08:00+02:00;502.87;3895.94;112.89;164.48
2024-06-03T09:00+02:00;421.535;4133.825;104.49;128.08
2024-06-03T10:00+02:00;581.035;4346.235;85.49;99.05
2024-06-03T11:00+02:00;572.305;4278.035;78.8;95.9
2024-06-03T12:00+02:00;569.44;4206.11;68.27;81.09
2024-06-03T13:00+02:00;331.16;4353.11;61.08;63.14
2024-06-03T14:00+02:00;182.455;4461.765;55.02;55.02
2024-06-03T15:00+02:00;172.235;4633.275;50.52;51.36
2024-06-03T16:00+02:00;204.915;4706.665;56.87;56.87
2024-06-03T17:00+02:00;200.855;4453.075;75.17;75.17
2024-06-03T18:00+02:00;208.25;4001.23;111.38;111.38
2024-06-03T19:00+02:00;231.115;3476.805;138.47;138.47
2024-06-03T20:00+02:00;303.235;3038.915;179.3;179.3
2024-06-03T21:00+02:00;346.72;2542.73;173.67;173.67
2024-06-03T22:00+02:00;331.5;2206.56;135.51;135.51
2024-06-03T23:00+02:00;325.775;2016.535;105.91;105.91
2024-06-04T00:00+02:00;395.155;1784.495;105.51;105.51
2024-06-04T01:00+02:00;402.935;1513.555;97.78;97.78
2024-06-04T02:00+02:00;430.535;1323.915;95.42;95.42
2024-06-04T03:00+02:00;414.155;1117.355;85.86;85.86
2024-06-04T04:00+02:00;408.415;900.295;80.78;80.78
2024-06-04T05:00+02:00;437.595;810.165;94.28;99.74
2024-06-04T06:00+02:00;482.405;1015.035;145.22;166.94
2024-06-04T07:00+02:00;617.21;1317.68;177.66;177.66
2024-06-04T08:00+02:00;470.275;1816.815;136.66;141.68
2024-06-04T09:00+02:00;453.035;2356.075;112.37;112.37
2024-06-04T10:00+02:00;467.165;2855.555;91.6;91.6
2024-06-04T11:00+02:00;410.545;3240.215;72.39;81.31
2024-06-04T12:00+02:00;502.94;3474.84;61.17;67.34
2024-06-04T13:00+02:00;517;4013.64;47.33;55.27
2024-06-04T14:00+02:00;326.29;4137.87;36.02;43.86
2024-06-04T15:00+02:00;333.25;3804.97;38.18;47.06
2024-06-04T16:00+02:00;451.28;3341.02;43.27;64.03
2024-06-04T17:00+02:00;555.865;3332.965;57.09;84.88
2024-06-04T18:00+02:00;393.855;3196.745;74.08;116.22
2024-06-04T19:00+02:00;421.295;2985.025;94;176.78
2024-06-04T20:00+02:00;466.755;2823.055;105;235.52
2024-06-04T21:00+02:00;437.955;2729.935;112.77;140.68
2024-06-04T22:00+02:00;519.875;3051.895;96.62;107.34
2024-06-04T23:00+02:00;330.67;3446.32;70.01;75.81
2024-06-05T00:00+02:00;317.855;3762.585;15.01;56.85
2024-06-05T01:00+02:00;327.52;3778.27;26;43.93
2024-06-05T02:00+02:00;331.37;3898.12;24.6;24.6
2024-06-05T03:00+02:00;327.85;4102.3;22.92;22.92
2024-06-05T04:00+02:00;325.445;4235.025;22;22
2024-06-05T05:00+02:00;347.59;4219.45;25.56;25.56
2024-06-05T06:00+02:00;337.92;4439.43;36.56;36.56
2024-06-05T07:00+02:00;330.12;5119.31;46.34;46.34
2024-06-05T08:00+02:00;362.78;5704.22;48.71;48.71
2024-06-05T09:00+02:00;325.765;6509.885;42.36;42.36
2024-06-05T10:00+02:00;340.485;6734.375;40.01;40.01
2024-06-05T11:00+02:00;363.295;6289.645;41.91;41.91
2024-06-05T12:00+02:00;357.25;5777.27;34.93;34.93
2024-06-05T13:00+02:00;330.91;5681.44;28.38;28.38
2024-06-05T14:00+02:00;328.07;5280.8;21.93;21.93
2024-06-05T15:00+02:00;318.585;4709.005;24;24
2024-06-05T16:00+02:00;338.51;4734.58;31.06;35.15
2024-06-05T17:00+02:00;318.095;4452.795;65.38;65.38
2024-06-05T18:00+02:00;322.14;4000.28;93.76;102.57
2024-06-05T19:00+02:00;490.805;3231.175;118.48;123.93
2024-06-05T20:00+02:00;418.37;2894.33;140.28;152.15
2024-06-05T21:00+02:00;399.78;2592.5;144.45;158.02
2024-06-05T22:00+02:00;475.685;2444.405;131.54;138.08
2024-06-05T23:00+02:00;421.18;2809.79;103.65;103.65
2024-06-06T00:00+02:00;466.135;2586.305;87.18;87.18
2024-06-06T01:00+02:00;368.26;2794.69;80.6;80.6
2024-06-06T02:00+02:00;387.645;2682.335;76.92;76.92
2024-06-06T03:00+02:00;394.305;2378.685;74.65;74.65
2024-06-06T04:00+02:00;390.215;2378.765;79.83;79.83
2024-06-06T05:00+02:00;389.935;2579.555;89.31;89.31
2024-06-06T06:00+02:00;408.48;2695.2;112;112
2024-06-06T07:00+02:00;501.91;2894.84;117.3;117.3
2024-06-06T08:00+02:00;486.86;3335.01;93.45;93.45
2024-06-06T09:00+02:00;332.925;4046.085;45.25;45.25
2024-06-06T10:00+02:00;340.695;4236.315;47.04;47.04
2024-06-06T11:00+02:00;372.425;3826.015;30.25;14.83
2024-06-06T12:00+02:00;308.955;4170.315;24.33;12.99
2024-06-06T13:00+02:00;333.385;4418.705;19.5;12.65
2024-06-06T14:00+02:00;310.29;4233.13;24.23;12.55
2024-06-06T15:00+02:00;397.665;4142.615;30.98;30.98
2024-06-06T16:00+02:00;501.42;3757.19;49.64;49.64
2024-06-06T17:00+02:00;476.27;3621.41;78.73;78.73
2024-06-06T18:00+02:00;396.11;2799.32;89.92;89.92
2024-06-06T19:00+02:00;547.96;2060.69;111.5;112.91
2024-06-06T20:00+02:00;504.635;1535.065;148.44;160.04
2024-06-06T21:00+02:00;551.98;1270.85;150.02;167.72
2024-06-06T22:00+02:00;529.525;1226.535;123.96;132.45
2024-06-06T23:00+02:00;371.95;1261.36;104.39;104.39
2024-06-07T00:00+02:00;399.68;1365.43;101;101
2024-06-07T01:00+02:00;322.625;1311.835;96.13;96.13
2024-06-07T02:00+02:00;364.88;1171.69;91.7;91.7
2024-06-07T03:00+02:00;371.325;1130.155;87.53;87.53
2024-06-07T04:00+02:00;405.95;1234.37;84.25;84.25
2024-06-07T05:00+02:00;394.58;1432.25;91.9;91.9
2024-06-07T06:00+02:00;435.415;1573.545;107.96;113.95
2024-06-07T07:00+02:00;559.425;2002.205;112.74;119.05
2024-06-07T08:00+02:00;503.785;2794.615;98.6;102.76
2024-06-07T09:00+02:00;325.81;3555.82;77.4;78.56
2024-06-07T10:00+02:00;327.025;3733.245;58.56;60.66
2024-06-07T11:00+02:00;321.905;4129.115;41.39;41.39
2024-06-07T12:00+02:00;339.085;5089.805;33.91;33.91
2024-06-07T13:00+02:00;327.12;5110.97;25.36;25.36
2024-06-07T14:00+02:00;319.36;5002.57;17.41;17.41
2024-06-07T15:00+02:00;332.86;4652.13;13.08;14.59
2024-06-07T16:00+02:00;328.755;4322.025;25.57;24.06
2024-06-07T17:00+02:00;342.085;3960.545;60.09;61.12
2024-06-07T18:00+02:00;354.14;3481.53;81.13;83.17
2024-06-07T19:00+02:00;413.52;2997.75;102;125.49
2024-06-07T20:00+02:00;474.735;2601.345;119.67;151.04
2024-06-07T21:00+02:00;478.455;2111.415;133.87;150.16
2024-06-07T22:00+02:00;433.05;2174.64;112.69;123.84
2024-06-07T23:00+02:00;368.505;2214.885;90;95.11
2024-06-08T00:00+02:00;393.28;2356.4;90.55;96
2024-06-08T01:00+02:00;339.19;2520.31;59.1;65.68
2024-06-08T02:00+02:00;239.14;2792.16;44.27;51.39
2024-06-08T03:00+02:00;232.84;2856.02;36.66;39.98
2024-06-08T04:00+02:00;235.43;2833.9;34.14;34.14
2024-06-08T05:00+02:00;233.575;2848.995;32.91;32.91
2024-06-08T06:00+02:00;233.235;2761.675;35.18;35.18
2024-06-08T07:00+02:00;234.585;3057.315;37.05;38.69
2024-06-08T08:00+02:00;233.45;3214.12;42.2;37.69
2024-06-08T09:00+02:00;209.89;3529.26;12.24;15.1
2024-06-08T10:00+02:00;193.66;3048.07;-0.04;1.51
2024-06-08T11:00+02:00;176.915;2418.235;-2.2;-2.2
2024-06-08T12:00+02:00;187.605;1747.295;-6;-6
2024-06-08T13:00+02:00;205.425;1606.255;-13.88;-13.88
2024-06-08T14:00+02:00;200.295;1546.435;-14.63;-14.63
2024-06-08T15:00+02:00;198.15;1737.01;-13.5;-13.5
2024-06-08T16:00+02:00;201.285;2183.205;-2.54;-2.54
2024-06-08T17:00+02:00;183.9;3635.67;0.01;14.35
2024-06-08T18:00+02:00;206.81;4205.78;27.01;27.01
2024-06-08T19:00+02:00;213.905;4252.555;34.23;40.78
2024-06-08T20:00+02:00;220.665;3991.795;32.57;32.57
2024-06-08T21:00+02:00;234.15;3601.14;31.73;31.73
2024-06-08T22:00+02:00;218.07;3387.82;31.11;31.11
2024-06-08T23:00+02:00;208.685;3830.335;29.59;29.59
2024-06-09T00:00+02:00;192.715;3874.995;69.02;69.02
2024-06-09T01:00+02:00;207.45;3977.18;27.48;27.48
2024-06-09T02:00+02:00;189.13;3996.41;17.02;17.02
2024-06-09T03:00+02:00;186.585;4043.865;9.11;9.11
2024-06-09T04:00+02:00;176.66;3849.67;4.09;4.09
2024-06-09T05:00+02:00;171.67;4070.07;1.87;1.87
2024-06-09T06:00+02:00;178.135;4067.095;4.73;0.72
2024-06-09T07:00+02:00;181.355;4687.985;2.22;0.78
2024-06-09T08:00+02:00;193.1;4404.24;-0.08;-0.08
2024-06-09T09:00+02:00;193.87;3407.6;-2.01;-2.01
2024-06-09T10:00+02:00;192.9;2788.85;-7.6;-7.6
2024-06-09T11:00+02:00;194.545;2819.395;-15;-15
2024-06-09T12:00+02:00;183.93;3123.02;-24.77;-24.77
2024-06-09T13:00+02:00;185.83;3382.36;-32.69;-32.69
2024-06-09T14:00+02:00;200.475;3290.555;-37.13;-37.13
2024-06-09T15:00+02:00;219.58;3230;-28.68;-28.68
2024-06-09T16:00+02:00;235.185;4108.305;-4.99;-4.99
2024-06-09T17:00+02:00;231.82;5849.27;-0.5;-0.59
2024-06-09T18:00+02:00;244.19;6386.74;40;6.1
2024-06-09T19:00+02:00;245.73;5707.25;35.97;35.97
2024-06-09T20:00+02:00;258.58;5241.85;38.14;38.14
2024-06-09T21:00+02:00;256.925;4748.275;40.76;40.76
2024-06-09T22:00+02:00;249.905;4434.885;41.19;41.19
2024-06-09T23:00+02:00;242.805;4449.395;39.09;39.09
2024-06-10T00:00+02:00;235.29;4559.53;37.15;37.15
2024-06-10T01:00+02:00;232.8;4447.1;35.11;35.11
2024-06-10T02:00+02:00;233.975;4372.105;34.42;34.42
2024-06-10T03:00+02:00;234.035;4270.235;34.83;34.83
2024-06-10T04:00+02:00;239.17;4128.91;33.29;22.62
2024-06-10T05:00+02:00;231.705;4240.045;34.19;27.68
2024-06-10T06:00+02:00;245.975;4405.735;39.59;39.59
2024-06-10T07:00+02:00;250.655;4897.625;42.35;42.35
2024-06-10T08:00+02:00;267.98;5586.83;41.26;41.26
2024-06-10T09:00+02:00;282.44;5769.11;38.81;38.81
2024-06-10T10:00+02:00;268.085;6308.925;35.51;35.26
2024-06-10T11:00+02:00;252.97;6283.38;37.4;33.05
2024-06-10T12:00+02:00;249.155;6204.505;39.49;32.32
2024-06-10T13:00+02:00;240.66;5994.12;39.18;32.03
2024-06-10T14:00+02:00;239.15;5671.68;38.84;32
2024-06-10T15:00+02:00;240.115;5257.075;39.16;31.83
2024-06-10T16:00+02:00;253.19;4777.06;31.88;31.88
2024-06-10T17:00+02:00;277.95;4426.25;50.22;50.22
2024-06-10T18:00+02:00;336.235;4119.005;65.74;65.74
2024-06-10T19:00+02:00;327.67;3469.54;109.6;109.6
2024-06-10T20:00+02:00;314.58;2725.67;113.8;121.46
2024-06-10T21:00+02:00;327.695;2432.045;104;110.6
2024-06-10T22:00+02:00;313.6;2157.89;97.16;97.16
2024-06-10T23:00+02:00;289.95;1776.9;77;77
2024-06-11T00:00+02:00;282.78;1578.96;60.07;60.07
2024-06-11T01:00+02:00;278.225;1630.195;56.96;56.96
2024-06-11T02:00+02:00;273.16;1621.97;61.29;62.95
2024-06-11T03:00+02:00;273.425;1801.465;55;55.82
2024-06-11T04:00+02:00;276.705;1842.875;58.07;60.06
2024-06-11T05:00+02:00;266.98;2028.32;59.11;59.11
2024-06-11T06:00+02:00;275.375;2283.055;75.55;81.83
2024-06-11T07:00+02:00;286.49;2565.68;100.05;100.26
2024-06-11T08:00+02:00;297.11;2834.8;91.5;91.5
2024-06-11T09:00+02:00;311.6;3220.88;68.27;68.27
2024-06-11T10:00+02:00;299.425;3646.245;49.92;49.92
2024-06-11T11:00+02:00;289.81;3907.19;32.13;32.96
2024-06-11T12:00+02:00;289.25;3873.48;11.84;29.49
2024-06-11T13:00+02:00;287.535;4226.845;3.3;21.67
2024-06-11T14:00+02:00;276.46;4481.56;1.07;25.04
2024-06-11T15:00+02:00;275.7;4585.36;1.14;27.14
2024-06-11T16:00+02:00;274.695;4677.985;13.89;31.19
2024-06-11T17:00+02:00;289.26;4387.67;53.92;37.97
2024-06-11T18:00+02:00;325.66;4223.46;71.65;71.65
2024-06-11T19:00+02:00;341.175;3968.745;97.6;97.6
2024-06-11T20:00+02:00;349.92;3669.15;123.19;123.19
2024-06-11T21:00+02:00;351.725;3462.145;119.44;119.44
2024-06-11T22:00+02:00;326.21;3527.88;101.1;101.1
2024-06-11T23:00+02:00;302.835;3587.025;49.14;49.14
2024-06-12T00:00+02:00;301.92;3617.51;85.16;85.16
2024-06-12T01:00+02:00;298.845;3557.875;79.98;79.98
2024-06-12T02:00+02:00;305.345;3503.345;70.99;70.99
2024-06-12T03:00+02:00;310.315;3452.545;70.35;70.35
2024-06-12T04:00+02:00;314.525;3535.445;65.36;65.36
2024-06-12T05:00+02:00;319.41;3699.67;73.47;73.47
2024-06-12T06:00+02:00;324.775;4074.055;114.46;114.46
2024-06-12T07:00+02:00;320.025;4394.615;114.9;126.5
2024-06-12T08:00+02:00;316.95;4910.72;103.69;103.69
2024-06-12T09:00+02:00;320.39;5394.84;69.89;78.65
2024-06-12T10:00+02:00;319.64;5415.91;55.42;64.19
2024-06-12T11:00+02:00;314.98;5755.19;45.67;58
2024-06-12T12:00+02:00;303.06;5720.56;40.94;40.94
2024-06-12T13:00+02:00;310.455;5713.725;39.46;39.46
2024-06-12T14:00+02:00;309.905;5562.625;38.73;38.73
2024-06-12T15:00+02:00;350.075;5661.165;40.04;41.4
2024-06-12T16:00+02:00;445.86;5475.1;45.75;63
2024-06-12T17:00+02:00;489.775;5173.135;49.96;81.2
2024-06-12T18:00+02:00;671.615;4767.955;70.55;99.95
2024-06-12T19:00+02:00;567.845;3948.735;119.86;135.7
2024-06-12T20:00+02:00;631.005;3774.745;144.03;154.34
2024-06-12T21:00+02:00;582.36;3575.24;126.1;154.66
2024-06-12T22:00+02:00;532.79;3594.12;128.3;130.88
2024-06-12T23:00+02:00;645.34;3395.59;107.07;107.07
2024-06-13T00:00+02:00;578.055;3330.275;99;99
2024-06-13T01:00+02:00;486.03;3356.24;89.63;93.26
2024-06-13T02:00+02:00;430.925;3357.245;83.62;84.19
2024-06-13T03:00+02:00;442.395;3268.385;80.35;85.21
2024-06-13T04:00+02:00;534.58;3125.18;78.68;83.83
2024-06-13T05:00+02:00;501.99;3092.44;90.24;98.96
2024-06-13T06:00+02:00;510.475;3116.445;85.8;122.41
2024-06-13T07:00+02:00;571.89;3284;122.34;131.09
2024-06-13T08:00+02:00;488.035;3776.035;106.07;115.02
2024-06-13T09:00+02:00;429.635;4168.555;73.79;83.8
2024-06-13T10:00+02:00;425.84;4349.15;56.95;69.01
2024-06-13T11:00+02:00;408.965;4550.525;51.02;61.71
2024-06-13T12:00+02:00;396.25;4680.63;44.15;53.36
2024-06-13T13:00+02:00;405.33;4614.51;43.89;46.96
2024-06-13T14:00+02:00;406.55;4656.74;42;43.35
2024-06-13T15:00+02:00;425.49;4456.63;46.63;53.74
2024-06-13T16:00+02:00;407.92;4073.92;72.35;77.42
2024-06-13T17:00+02:00;432.395;3473.855;80.08;80.08
2024-06-13T18:00+02:00;516.29;2779.82;106.85;106.91
2024-06-13T19:00+02:00;644.86;2094.11;121.65;139.66
2024-06-13T20:00+02:00;688.04;1665.14;166.14;188.35
2024-06-13T21:00+02:00;627.8;1472.46;148.76;163.84
2024-06-13T22:00+02:00;592.875;1083.245;108.37;108.37
2024-06-13T23:00+02:00;503.45;1056.06;85.18;85.18
2024-06-14T00:00+02:00;469.105;1102.545;69.94;83.13
2024-06-14T01:00+02:00;465.25;1175.53;58.94;71.45
2024-06-14T02:00+02:00;399.525;1272.225;53.39;63.93
2024-06-14T03:00+02:00;377;1347.44;50.44;59.53
2024-06-14T04:00+02:00;369.39;1496.98;47.29;55.82
2024-06-14T05:00+02:00;380.925;1612.865;52.72;64.22
2024-06-14T06:00+02:00;428.015;1904.325;72.22;85.01
2024-06-14T07:00+02:00;475.595;2448.715;92;100.95
2024-06-14T08:00+02:00;572.07;2537.35;102.93;104.99
2024-06-14T09:00+02:00;671.85;2983.63;102.54;102.54
2024-06-14T10:00+02:00;469.94;3582.2;82.18;82.18
2024-06-14T11:00+02:00;395.68;3961.49;68.1;68.1
2024-06-14T12:00+02:00;382.36;4244.03;42.86;60.88
2024-06-14T13:00+02:00;383.13;4312.64;39.88;47.46
2024-06-14T14:00+02:00;375.335;4316.735;36.55;40.74
2024-06-14T15:00+02:00;378.535;4303.195;36.95;41
2024-06-14T16:00+02:00;379.2;4025.11;48.79;60.31
2024-06-14T17:00+02:00;426.59;3319.43;75;75
2024-06-14T18:00+02:00;622.92;2951.98;90.98;90.98
2024-06-14T19:00+02:00;513.59;2852.84;113.07;136
2024-06-14T20:00+02:00;507.735;2734.415;127.31;127.31
2024-06-14T21:00+02:00;505.99;2494.75;117.12;117.12
2024-06-14T22:00+02:00;668.58;2678.41;83.41;83.41
2024-06-14T23:00+02:00;490.085;2803.975;59.42;59.42
2024-06-15T00:00+02:00;381.535;2817.695;60.68;60.68
2024-06-15T01:00+02:00;270.595;2732.805;41.04;41.04
2024-06-15T02:00+02:00;268.985;2769.865;29.97;29.97
2024-06-15T03:00+02:00;267.965;2982.235;28.86;28.86
2024-06-15T04:00+02:00;261.66;2987.2;22.51;22.51
2024-06-15T05:00+02:00;255.825;3269.465;10.04;10.04
2024-06-15T06:00+02:00;253.82;3719.9;1.54;1.54
2024-06-15T07:00+02:00;241.575;4197.145;0.09;0.09
2024-06-15T08:00+02:00;238.835;4173.755;0;0
2024-06-15T09:00+02:00;242.77;4043.42;-0.06;-0.06
2024-06-15T10:00+02:00;246.145;3938.525;-0.9;-0.9
2024-06-15T11:00+02:00;213.535;3646.385;-0.75;-0.75
2024-06-15T12:00+02:00;207.355;3583.925;-0.22;-0.22
2024-06-15T13:00+02:00;208.78;3440.39;-0.64;-0.64
2024-06-15T14:00+02:00;214.94;2930.18;-0.95;-0.95
2024-06-15T15:00+02:00;217.145;3160.495;-2.41;-2.41
2024-06-15T16:00+02:00;207.59;3414.05;-2.78;-2.78
2024-06-15T17:00+02:00;199.17;3401.46;-2.78;-2.78
2024-06-15T18:00+02:00;207.97;4687.44;-0.01;15.53
2024-06-15T19:00+02:00;275.66;4324.09;40;31.95
2024-06-15T20:00+02:00;301.415;3613.925;62.09;62.09
2024-06-15T21:00+02:00;299.845;3050.595;67.77;67.77
2024-06-15T22:00+02:00;301.625;2632.395;63.56;64.3
2024-06-15T23:00+02:00;466.315;2652.225;40.4;40.4
2024-06-16T00:00+02:00;290.2;2702.52;24.91;24.91
2024-06-16T01:00+02:00;273.87;2767.45;10.36;10.36
2024-06-16T02:00+02:00;216.83;2880.13;4.92;4.92
2024-06-16T03:00+02:00;208.325;3035.075;2.92;2.92
2024-06-16T04:00+02:00;207.24;2953.25;2.19;2.19
2024-06-16T05:00+02:00;208.26;2948.25;2.53;2.53
2024-06-16T06:00+02:00;203.43;2977.53;2.95;2.95
2024-06-16T07:00+02:00;207.475;3175.925;0.69;0.69
2024-06-16T08:00+02:00;210.235;2954.735;-0.02;-0.02
2024-06-16T09:00+02:00;209.305;2899.805;-0.8;-0.8
2024-06-16T10:00+02:00;209.35;3262.62;-0.58;-0.58
2024-06-16T11:00+02:00;220.075;3395.825;-0.59;-0.59
2024-06-16T12:00+02:00;214.25;3463.5;-0.89;-0.89
2024-06-16T13:00+02:00;210.675;3433.625;-0.8;-0.8
2024-06-16T14:00+02:00;206.85;3179.92;-2.12;-0.11
2024-06-16T15:00+02:00;218.22;2523.73;-2.6;0
2024-06-16T16:00+02:00;201.72;2056.27;-3.37;6.7
2024-06-16T17:00+02:00;200.75;2299.09;-2.34;24.19
2024-06-16T18:00+02:00;214.725;2011.125;56.22;34.84
2024-06-16T19:00+02:00;369.62;1771.66;99.65;99.65
2024-06-16T20:00+02:00;369.74;1683.05;119.15;119.15
2024-06-16T21:00+02:00;450.52;1689.36;121.3;121.3
2024-06-16T22:00+02:00;475.31;1542.57;118.27;118.27
2024-06-16T23:00+02:00;436.31;1447.59;94.44;94.44
2024-06-17T00:00+02:00;668.01;1552.91;76.62;76.62
2024-06-17T01:00+02:00;640.845;1531.335;66.73;66.73
2024-06-17T02:00+02:00;391.405;1576.955;67.16;67.16
2024-06-17T03:00+02:00;375.895;1419.835;70.08;70.08
2024-06-17T04:00+02:00;387.955;1151.335;69.41;69.41
2024-06-17T05:00+02:00;398.06;952.09;84.9;90.02
2024-06-17T06:00+02:00;404.53;1057.05;108.7;119.13
2024-06-17T07:00+02:00;406.755;1342.335;132.41;132.68
2024-06-17T08:00+02:00;526.275;1944.855;116.23;116.23
2024-06-17T09:00+02:00;525.545;2380.575;84.73;84.73
2024-06-17T10:00+02:00;497.86;2687.73;62.11;62.11
2024-06-17T11:00+02:00;382.675;2742.295;48.35;55.01
2024-06-17T12:00+02:00;246.87;2751.26;41.77;41.86
2024-06-17T13:00+02:00;212.85;2946.49;39.45;39.45
2024-06-17T14:00+02:00;212.37;3258.36;42.05;45.5
2024-06-17T15:00+02:00;194.965;3520.955;46.15;53.23
2024-06-17T16:00+02:00;236.815;3358.835;64.21;64.21
2024-06-17T17:00+02:00;346.72;3058.01;88.58;88.58
2024-06-17T18:00+02:00;550.115;2257.465;114.16;114.16
2024-06-17T19:00+02:00;693.06;1517.08;139;157.37
2024-06-17T20:00+02:00;693.585;1136.295;181.54;210.16
2024-06-17T21:00+02:00;674.215;963.135;196.93;200.01
2024-06-17T22:00+02:00;648.915;977.755;128.15;128.15
2024-06-17T23:00+02:00;513.76;1216.33;101.55;101.55
2024-06-18T00:00+02:00;543.635;1441.645;96.92;96.92
2024-06-18T01:00+02:00;536.665;1547.565;90.29;90.29
2024-06-18T02:00+02:00;526.835;1531.295;87.53;87.53
2024-06-18T03:00+02:00;394.76;1605.07;89.29;89.29
2024-06-18T04:00+02:00;376.97;1678.6;90.29;90.29
2024-06-18T05:00+02:00;379.375;1780.355;95.94;95.94
2024-06-18T06:00+02:00;538.195;1875.025;134.49;134.49
2024-06-18T07:00+02:00;522.39;2317.49;130.17;130.17
2024-06-18T08:00+02:00;570.29;2830.65;95.96;95.96
2024-06-18T09:00+02:00;443.1;3279.76;80.9;80.9
2024-06-18T10:00+02:00;330.345;3512.955;69.91;69.91
2024-06-18T11:00+02:00;298.135;3685.925;54.81;54.81
2024-06-18T12:00+02:00;300.85;3689.29;51.05;51.16
2024-06-18T13:00+02:00;403.59;3666.12;51.03;51.03
2024-06-18T14:00+02:00;388.89;3827.56;50.57;57.04
2024-06-18T15:00+02:00;367.9;3670.33;54.58;54.58
2024-06-18T16:00+02:00;499.105;3305.445;76.24;76.24
2024-06-18T17:00+02:00;624.355;2713.545;90.06;90.06
2024-06-18T18:00+02:00;551.44;2292.67;123.01;133.25
2024-06-18T19:00+02:00;614.185;1808.935;158.19;158.19
2024-06-18T20:00+02:00;633.315;1302.845;171.87;171.87
2024-06-18T21:00+02:00;604.49;957.94;134.47;134.47
2024-06-18T22:00+02:00;516.685;853.135;104.2;104.2
2024-06-18T23:00+02:00;393.375;1054.135;91.63;91.63
2024-06-19T00:00+02:00;380.715;1235.015;99.95;99.95
2024-06-19T01:00+02:00;403.705;1364.825;91.43;91.43
2024-06-19T02:00+02:00;462.59;1295.57;86.85;86.85
2024-06-19T03:00+02:00;569.51;1295.61;85.78;85.78
2024-06-19T04:00+02:00;433.58;1556.1;83.47;83.47
2024-06-19T05:00+02:00;407.97;1919.75;84.34;84.34
2024-06-19T06:00+02:00;543.845;2166.455;112.55;112.55
2024-06-19T07:00+02:00;691.69;2749.24;112.46;116.83
2024-06-19T08:00+02:00;498.74;3352.6;103.91;107.33
2024-06-19T09:00+02:00;461.74;4056.71;78.47;86.31
2024-06-19T10:00+02:00;365.495;4451.935;56.44;75.1
2024-06-19T11:00+02:00;334.185;4717.965;44.48;66.23
2024-06-19T12:00+02:00;342.23;4950.19;41.13;56.64
2024-06-19T13:00+02:00;334.055;5428.165;33.56;33.56
2024-06-19T14:00+02:00;336.995;5703.815;21.87;21.87
2024-06-19T15:00+02:00;336.335;5765.865;18.4;18.95
2024-06-19T16:00+02:00;317.5;5906.01;25.07;25.07
2024-06-19T17:00+02:00;317.735;5879.245;39.39;39.39
2024-06-19T18:00+02:00;322.515;5718.835;37.09;37.09
2024-06-19T19:00+02:00;339.32;5182.87;38.48;38.48
2024-06-19T20:00+02:00;343.975;4753.105;46.86;46.86
2024-06-19T21:00+02:00;370.375;4024.945;45.04;45.04
2024-06-19T22:00+02:00;527.81;3551.55;48.02;48.02
2024-06-19T23:00+02:00;455.91;3378.66;44.76;44.76
2024-06-20T00:00+02:00;444.43;3158.69;73.19;73.19
2024-06-20T01:00+02:00;394.315;3014.125;78.62;78.62
2024-06-20T02:00+02:00;381.365;2860.085;78.88;78.88
2024-06-20T03:00+02:00;442.745;2707.745;78.82;78.82
2024-06-20T04:00+02:00;345.75;2525.24;78.62;78.62
2024-06-20T05:00+02:00;415.7;2305.44;86.55;86.55
2024-06-20T06:00+02:00;642.56;2194.58;112.53;112.53
2024-06-20T07:00+02:00;603.805;2601.935;112.63;112.63
2024-06-20T08:00+02:00;533.76;3123.39;102.99;102.99
2024-06-20T09:00+02:00;380.19;3562.18;80.52;80.52
2024-06-20T10:00+02:00;356.405;3974.475;67.72;67.72
2024-06-20T11:00+02:00;393.12;4069.13;58.64;58.64
2024-06-20T12:00+02:00;492.41;4001.05;55.34;55.34
2024-06-20T13:00+02:00;615.01;3800.89;53.7;53.7
2024-06-20T14:00+02:00;659.78;3766.06;55.13;55.13
2024-06-20T15:00+02:00;853.29;3629.44;65.14;65.14
2024-06-20T16:00+02:00;688.1;3439.37;67.16;78.08
2024-06-20T17:00+02:00;672.19;2799.41;98.27;98.27
2024-06-20T18:00+02:00;836.44;2059.72;119.31;119.31
2024-06-20T19:00+02:00;815.54;1387.57;155.62;155.62
2024-06-20T20:00+02:00;795.135;1019.585;200.09;200.09
2024-06-20T21:00+02:00;772.085;708.545;130.06;130.06
2024-06-20T22:00+02:00;638.345;522.185;111.83;111.83
2024-06-20T23:00+02:00;671.41;563.74;95.05;95.05
2024-06-21T00:00+02:00;509.025;601.725;100.81;100.81
2024-06-21T01:00+02:00;472.19;512.69;90.77;90.77
2024-06-21T02:00+02:00;484.12;355.97;89.95;89.95
2024-06-21T03:00+02:00;422.405;219.245;87.83;87.83
2024-06-21T04:00+02:00;651.255;165.155;86.31;86.31
2024-06-21T05:00+02:00;459.71;297;86.14;86.14
2024-06-21T06:00+02:00;510.825;477.575;96.92;96.92
2024-06-21T07:00+02:00;521.47;821.41;122.8;122.8
2024-06-21T08:00+02:00;525.865;1291.075;121.84;121.84
2024-06-21T09:00+02:00;519.955;1849.645;111.67;111.67
2024-06-21T10:00+02:00;531.555;2245.205;100.65;100.65
2024-06-21T11:00+02:00;371.275;2711.645;89.94;89.94
2024-06-21T12:00+02:00;336.985;2867.065;88.54;88.54
2024-06-21T13:00+02:00;336.595;2806.025;82.68;82.68
2024-06-21T14:00+02:00;337.56;2604.72;76.34;76.34
2024-06-21T15:00+02:00;354.165;2298.625;80.06;80.06
2024-06-21T16:00+02:00;371.125;2288.455;86.72;86.72
2024-06-21T17:00+02:00;578.425;1937.445;100.65;100.65
2024-06-21T18:00+02:00;622.53;1830.53;110;110
2024-06-21T19:00+02:00;581.78;1631.17;116.93;116.93
2024-06-21T20:00+02:00;566.125;1435.965;114.4;114.4
2024-06-21T21:00+02:00;563.325;1299.495;105.26;105.26
2024-06-21T22:00+02:00;476.07;1535.33;95.99;95.99
2024-06-21T23:00+02:00;370.53;1546.86;82.14;82.14
2024-06-22T00:00+02:00;341.28;1455.89;80.07;80.07
2024-06-22T01:00+02:00;446.74;1380.35;70.25;70.25
2024-06-22T02:00+02:00;518.3;1331.3;62.43;62.43
2024-06-22T03:00+02:00;343.43;1523.36;50.5;50.5
2024-06-22T04:00+02:00;324.945;1722.965;49.62;49.62
2024-06-22T05:00+02:00;325.605;1761.515;46.47;46.47
2024-06-22T06:00+02:00;330.105;1730.215;60.56;60.56
2024-06-22T07:00+02:00;330.65;1634.16;48.89;48.89
2024-06-22T08:00+02:00;337.535;1753.745;44.92;44.92
2024-06-22T09:00+02:00;341.82;1950.06;34.65;34.34
2024-06-22T10:00+02:00;336.63;1939.33;12.54;12.85
2024-06-22T11:00+02:00;353.855;2226.585;3.59;3.69
2024-06-22T12:00+02:00;347.01;2531.73;2.65;2.72
2024-06-22T13:00+02:00;336.8;2474.73;0.08;0.1
2024-06-22T14:00+02:00;344.915;2698.165;-0.01;0.22
2024-06-22T15:00+02:00;336.615;2917.395;0.08;3.7
2024-06-22T16:00+02:00;342.19;3212.05;4.23;11.74
2024-06-22T17:00+02:00;329.55;3128.04;42.59;35.08
2024-06-22T18:00+02:00;396.19;2984.71;80.49;80.49
2024-06-22T19:00+02:00;424.42;2615.45;112.16;112.16
2024-06-22T20:00+02:00;425.325;2335.575;122.36;122.36
2024-06-22T21:00+02:00;429.87;2131.42;124.05;124.05
2024-06-22T22:00+02:00;401.185;1869.495;110.17;110.17
2024-06-22T23:00+02:00;261.98;1943.48;89.77;89.77
2024-06-23T00:00+02:00;252.29;2018.06;90.49;90.49
2024-06-23T01:00+02:00;247.825;1972.605;79.25;79.25
2024-06-23T02:00+02:00;303.665;1992.045;71.24;68.72
2024-06-23T03:00+02:00;237.62;1861.05;70.67;68.69
2024-06-23T04:00+02:00;237.1;1727.65;66.94;65.28
2024-06-23T05:00+02:00;238.14;1767.49;62.09;56.8
2024-06-23T06:00+02:00;240.725;1856.005;57.9;30.34
2024-06-23T07:00+02:00;241.085;2216.315;46.35;34.99
2024-06-23T08:00+02:00;235.25;2625.22;19.77;25.42
2024-06-23T09:00+02:00;226.745;2753.275;4.24;9.94
2024-06-23T10:00+02:00;231.77;2631.22;0;4.07
2024-06-23T11:00+02:00;215.5;3312.49;1.45;1.6
2024-06-23T12:00+02:00;218.585;3311.175;1.15;1.18
2024-06-23T13:00+02:00;219.275;3397.375;0.43;0.44
2024-06-23T14:00+02:00;219.265;3242.635;-0.24;0.09
2024-06-23T15:00+02:00;226.605;3238.895;-2.04;1.74
2024-06-23T16:00+02:00;240.705;3241.455;-0.27;4.99
2024-06-23T17:00+02:00;228.14;3546.97;22.61;25.73
2024-06-23T18:00+02:00;249.82;2980.6;71.12;68.01
2024-06-23T19:00+02:00;256.615;2275.615;99.5;99.5
2024-06-23T20:00+02:00;256.08;1654.4;115.14;115.14
2024-06-23T21:00+02:00;254.515;1424.415;115.44;115.44
2024-06-23T22:00+02:00;255.01;1393.39;114.33;114.33
2024-06-23T23:00+02:00;252.07;1357.36;99.79;99.79
2024-06-24T00:00+02:00;239.55;1355.09;106.18;106.18
2024-06-24T01:00+02:00;240.08;1396.87;92.19;92.19
2024-06-24T02:00+02:00;242.4;1401.33;84.93;84.93
2024-06-24T03:00+02:00;240.635;1414.655;84.46;84.46
2024-06-24T04:00+02:00;239.875;1314.855;84.96;84.96
2024-06-24T05:00+02:00;240.795;1379.715;97.02;97.02
2024-06-24T06:00+02:00;256.425;1584.715;136.06;136.06
2024-06-24T07:00+02:00;270.135;2032.055;136;136
2024-06-24T08:00+02:00;270.875;2557.205;102.99;102.99
2024-06-24T09:00+02:00;251.26;2889.93;79.34;79.34
2024-06-24T10:00+02:00;250.32;3136.9;53.88;53.88
2024-06-24T11:00+02:00;247.515;3241.495;37.81;37.81
2024-06-24T12:00+02:00;246.74;3331.28;31.19;31.81
2024-06-24T13:00+02:00;259.295;3463.505;29.96;29.96
2024-06-24T14:00+02:00;253.6;3502.05;30.93;30.93
2024-06-24T15:00+02:00;326.85;3386.38;47.85;47.85
2024-06-24T16:00+02:00;305.26;3092.39;66.32;66.32
2024-06-24T17:00+02:00;311.12;2598.82;82.49;82.49
2024-06-24T18:00+02:00;322.42;1886.3;98.39;98.39
2024-06-24T19:00+02:00;299.215;1216.825;153.3;153.3
2024-06-24T20:00+02:00;307.815;753.395;209.32;209.32
2024-06-24T21:00+02:00;297.17;668.9;156;156
2024-06-24T22:00+02:00;271.325;512.245;116.59;116.59
2024-06-24T23:00+02:00;259.735;481.245;91.89;91.89
2024-06-25T00:00+02:00;250.085;484.775;88.8;88.8
2024-06-25T01:00+02:00;248.91;486.72;84.8;84.8
2024-06-25T02:00+02:00;304.52;660.18;84.78;84.78
2024-06-25T03:00+02:00;325.95;738.34;85.22;85.22
2024-06-25T04:00+02:00;267.33;637.66;85.5;85.5
2024-06-25T05:00+02:00;254.595;577.725;94.9;94.9
2024-06-25T06:00+02:00;253.525;852.965;114.8;114.8
2024-06-25T07:00+02:00;257.92;1268.66;122;122
2024-06-25T08:00+02:00;253.07;1984.1;103.8;103.8
2024-06-25T09:00+02:00;251.485;2509.945;74.64;74.64
2024-06-25T10:00+02:00;276.8;2869.31;48.32;34.26
2024-06-25T11:00+02:00;302.57;3057.01;12.83;28.38
2024-06-25T12:00+02:00;298.79;3033.49;0;26.1
2024-06-25T13:00+02:00;300.79;3079.85;4.41;22.08
2024-06-25T14:00+02:00;307.17;3042.4;-0.04;22.77
2024-06-25T15:00+02:00;317.4;3115.24;11.59;25.95
2024-06-25T16:00+02:00;315.295;2979.765;48.37;48.37
2024-06-25T17:00+02:00;316.005;2600.585;74;74
2024-06-25T18:00+02:00;284.765;2147.765;95.9;95.9
2024-06-25T19:00+02:00;280.815;1570.365;128.9;128.9
2024-06-25T20:00+02:00;278.96;1136.31;136.69;136.69
2024-06-25T21:00+02:00;320.47;984.95;122.09;122.09
2024-06-25T22:00+02:00;371.745;857.005;106.57;106.57
2024-06-25T23:00+02:00;406.59;828.76;89.95;89.95
2024-06-26T00:00+02:00;378.59;705.46;56.5;56.5
2024-06-26T01:00+02:00;365.9;562.56;50.06;50.06
2024-06-26T02:00+02:00;428.43;610.97;47.44;47.44
2024-06-26T03:00+02:00;516.305;594.805;43.35;43.35
2024-06-26T04:00+02:00;490.59;575.83;45.53;45.53
2024-06-26T05:00+02:00;456.12;589.3;55.02;55.02
2024-06-26T06:00+02:00;534.38;780.61;72.61;72.61
2024-06-26T07:00+02:00;534.975;1229.495;80.14;80.14
2024-06-26T08:00+02:00;549.8;1886.95;81.41;81.41
2024-06-26T09:00+02:00;379.835;2472.535;59.91;59.91
2024-06-26T10:00+02:00;374.32;2875.02;36.37;36.37
2024-06-26T11:00+02:00;355.925;3240.265;35.79;35.79
2024-06-26T12:00+02:00;320.49;3388.53;32.9;32.9
2024-06-26T13:00+02:00;336.355;3419.335;33.61;32.64
2024-06-26T14:00+02:00;318.455;3332.765;33.54;33.54
2024-06-26T15:00+02:00;344.95;3401.43;32.65;32.65
2024-06-26T16:00+02:00;429.725;3015.705;38.14;38.14
2024-06-26T17:00+02:00;432.56;2709.57;57.35;57.35
2024-06-26T18:00+02:00;601.25;2212.26;93.05;93.05
2024-06-26T19:00+02:00;599.885;1653.305;88.4;88.4
2024-06-26T20:00+02:00;650.095;1229.005;112.05;112.05
2024-06-26T21:00+02:00;604.43;1112.9;99.11;99.11
2024-06-26T22:00+02:00;531.785;1319.765;83.2;83.2
2024-06-26T23:00+02:00;547.595;1360.335;54.87;54.87
2024-06-27T00:00+02:00;513.875;1495.875;96;96
2024-06-27T01:00+02:00;479.5;1596.28;86.9;86.9
2024-06-27T02:00+02:00;549.27;1549.74;80.4;80.4
2024-06-27T03:00+02:00;490.27;1531.68;82.84;82.84
2024-06-27T04:00+02:00;589.92;1519.25;78;78
2024-06-27T05:00+02:00;417.285;1573.355;83.24;83.24
2024-06-27T06:00+02:00;491.415;1768.055;117.51;117.51
2024-06-27T07:00+02:00;579.215;2217.265;124.01;125.11
2024-06-27T08:00+02:00;559.22;2732.06;115;115
2024-06-27T09:00+02:00;540.55;3415.04;88.87;88.87
2024-06-27T10:00+02:00;513.93;3867.42;66.74;66.74
2024-06-27T11:00+02:00;506.04;4020.2;49.61;49.61
2024-06-27T12:00+02:00;476.825;4104.525;33.11;33.11
2024-06-27T13:00+02:00;412.13;4180.76;31.9;31.9
2024-06-27T14:00+02:00;473.915;4264.565;26.84;26.84
2024-06-27T15:00+02:00;482.315;4074.835;23;24.99
2024-06-27T16:00+02:00;510.775;3537.755;25.22;27.04
2024-06-27T17:00+02:00;455.325;3427.655;48.57;73.78
2024-06-27T18:00+02:00;589.64;2898.05;79.53;79.53
2024-06-27T19:00+02:00;706.475;2199.965;110.08;110.08
2024-06-27T20:00+02:00;738.815;2009.235;200.04;200.04
2024-06-27T21:00+02:00;625.25;1910.58;186.18;186.18
2024-06-27T22:00+02:00;561.64;1768.58;125.21;125.21
2024-06-27T23:00+02:00;574.88;1172;101.8;101.8
2024-06-28T00:00+02:00;550.04;941.56;96.85;96.85
2024-06-28T01:00+02:00;559.515;840.765;95.42;95.42
2024-06-28T02:00+02:00;517.41;882.08;86.08;86.08
2024-06-28T03:00+02:00;577.73;667.86;79.97;79.97
2024-06-28T04:00+02:00;610.87;566.66;83.61;83.61
2024-06-28T05:00+02:00;628.99;620.12;91.28;91.28
2024-06-28T06:00+02:00;541.475;720.565;120.29;120.29
2024-06-28T07:00+02:00;624.69;1003.51;108.93;108.93
2024-06-28T08:00+02:00;607.15;1337.03;75.57;84.89
2024-06-28T09:00+02:00;503.55;1646.09;41.24;59.9
2024-06-28T10:00+02:00;397.06;2660.76;22.09;22.09
2024-06-28T11:00+02:00;450.405;3882.715;2.03;4.39
2024-06-28T12:00+02:00;381.155;4691.325;-1.56;1.19
2024-06-28T13:00+02:00;375.545;4786.185;-5.09;-0.02
2024-06-28T14:00+02:00;429.115;5212.365;-9.95;-0.8
2024-06-28T15:00+02:00;385.005;5079.015;-9.91;-0.9
2024-06-28T16:00+02:00;381.06;4935.8;-6.48;-0.02
2024-06-28T17:00+02:00;378.03;6772.12;3.23;3.23
2024-06-28T18:00+02:00;375.16;6230.22;30.14;30.14
2024-06-28T19:00+02:00;385.585;5466.815;39.95;39.95
2024-06-28T20:00+02:00;526.095;4727.235;79.99;79.99
2024-06-28T21:00+02:00;516.225;4465.215;114.88;114.88
2024-06-28T22:00+02:00;514.275;4171.255;126.2;126.2
2024-06-28T23:00+02:00;542.65;3736.76;108.85;108.85
2024-06-29T00:00+02:00;473.475;3195.255;110.4;110.4
2024-06-29T01:00+02:00;468.34;2658.91;108.29;108.29
2024-06-29T02:00+02:00;511.815;2287.655;107.95;107.95
2024-06-29T03:00+02:00;551.555;2114.925;107.19;107.19
2024-06-29T04:00+02:00;516.62;2135.32;105.34;105.34
2024-06-29T05:00+02:00;473.33;2190.47;102.13;102.13
2024-06-29T06:00+02:00;493.38;2173.4;95.09;95.09
2024-06-29T07:00+02:00;505.57;2277.06;82.39;82.39
2024-06-29T08:00+02:00;427.705;2754.335;66.91;66.91
2024-06-29T09:00+02:00;483.435;3175.595;29.58;29.58
2024-06-29T10:00+02:00;451.72;3368.89;5.04;5.04
2024-06-29T11:00+02:00;428.915;3088.695;0.04;0.04
2024-06-29T12:00+02:00;442.645;3058.895;-0.02;-0.02
2024-06-29T13:00+02:00;451.34;2778.57;-0.23;-0.23
2024-06-29T14:00+02:00;465.665;2732.885;-0.08;-0.08
2024-06-29T15:00+02:00;484.38;3234.73;1.3;1.3
2024-06-29T16:00+02:00;479.42;3037.75;11.91;11.91
2024-06-29T17:00+02:00;533.13;2537.64;69.51;69.51
2024-06-29T18:00+02:00;568.65;1909.7;104.3;104.3
2024-06-29T19:00+02:00;637.635;1279.555;126.93;126.93
2024-06-29T20:00+02:00;679.055;817.335;139.2;139.2
2024-06-29T21:00+02:00;655.16;637.04;113.3;113.3
2024-06-29T22:00+02:00;611.905;679.845;100.08;100.08
2024-06-29T23:00+02:00;541.35;787.88;93.83;93.83
2024-06-30T00:00+02:00;511.785;882.725;70.06;70.06
2024-06-30T01:00+02:00;493.825;1098.385;61.69;61.69
2024-06-30T02:00+02:00;486.18;1356.02;66.67;66.67
2024-06-30T03:00+02:00;465.275;1479.455;67.05;67.05
2024-06-30T04:00+02:00;437.62;1637.25;64.36;64.36
2024-06-30T05:00+02:00;485.75;1594.35;51.39;51.39
2024-06-30T06:00+02:00;453.575;1811.815;51.56;51.56
2024-06-30T07:00+02:00;427.975;1585.465;20.42;20.42
2024-06-30T08:00+02:00;434.155;1591.805;6.83;6.83
2024-06-30T09:00+02:00;439.245;1829.285;0.82;0.82
2024-06-30T10:00+02:00;443.505;1776.155;0;0
2024-06-30T11:00+02:00;475.22;1787.54;0;0
2024-06-30T12:00+02:00;467.54;1825.24;0;0
2024-06-30T13:00+02:00;491.76;1941.43;0;0
2024-06-30T14:00+02:00;450.7;1901.01;-0.69;0
2024-06-30T15:00+02:00;468.79;1952.45;0;0
2024-06-30T16:00+02:00;482.005;2152.095;0.91;7.71
2024-06-30T17:00+02:00;468.7;2500.09;36.66;29.86
2024-06-30T18:00+02:00;546.27;2455.78;70.02;70.02
2024-06-30T19:00+02:00;642.59;2121.33;87.26;87.26
2024-06-30T20:00+02:00;584.445;1704.975;99.9;99.9
2024-06-30T21:00+02:00;628.205;1435.435;102.39;102.39
2024-06-30T22:00+02:00;596.105;1415.005;102.16;102.16
2024-06-30T23:00+02:00;550.13;1524.17;93.01;93.01
2024-07-01T00:00+02:00;501.605;1460.255;94.88;94.88
2024-07-01T01:00+02:00;519.96;1587.63;84.32;84.32
2024-07-01T02:00+02:00;531.18;1627.07;78.19;78.19
2024-07-01T03:00+02:00;475.215;1557.645;78.01;78.01
2024-07-01T04:00+02:00;475.545;1400.905;75.63;75.63
2024-07-01T05:00+02:00;514.685;1281.985;80.82;80.82
2024-07-01T06:00+02:00;607.04;1298.97;121.66;121.66
2024-07-01T07:00+02:00;562.96;1642.7;136.51;137.91
2024-07-01T08:00+02:00;582.455;2250.645;129.2;142.36
2024-07-01T09:00+02:00;500.055;2854.875;112.8;112.8
2024-07-01T10:00+02:00;457.975;3475.885;100.6;104.44
2024-07-01T11:00+02:00;502.265;3494.605;86.09;86.15
2024-07-01T12:00+02:00;402.355;3853.935;66.13;66.13
2024-07-01T13:00+02:00;542.805;3898.165;42.72;42.72
2024-07-01T14:00+02:00;388.855;4183.755;34.66;34.66
2024-07-01T15:00+02:00;379.73;4032.05;32.55;33.78
2024-07-01T16:00+02:00;401.225;4056.975;31.06;36.73
2024-07-01T17:00+02:00;593.14;3893.27;55;60.71
2024-07-01T18:00+02:00;659.17;3651.58;72.24;76.17
2024-07-01T19:00+02:00;588.44;3161.92;98.38;100.01
2024-07-01T20:00+02:00;786.87;2817.93;106.07;162.79
2024-07-01T21:00+02:00;592.375;2543.925;126;126
2024-07-01T22:00+02:00;624.065;2428.395;104.93;104.93
2024-07-01T23:00+02:00;757.85;2420.62;87.65;87.65
2024-07-02T00:00+02:00;590.98;2549.46;79.63;79.63
2024-07-02T01:00+02:00;493.28;2515.24;61.99;61.99
2024-07-02T02:00+02:00;465.265;2520.365;50.39;50.39
2024-07-02T03:00+02:00;418.6;2481.67;54.01;54.01
2024-07-02T04:00+02:00;445.955;2410.175;46.12;46.12
2024-07-02T05:00+02:00;440.93;2477.6;50.82;50.82
2024-07-02T06:00+02:00;447.95;2609.01;69.46;76.6
2024-07-02T07:00+02:00;587.3;2872.54;66.52;98.27
2024-07-02T08:00+02:00;658.525;3311.955;81.96;98.84
2024-07-02T09:00+02:00;548.22;3795.43;66.9;85.4
2024-07-02T10:00+02:00;374.345;4160.275;39.3;81.12
2024-07-02T11:00+02:00;381.9;4764.92;35.58;72.77
2024-07-02T12:00+02:00;361.495;5089.195;35.33;70.98
2024-07-02T13:00+02:00;387.095;5313.935;34.59;67.5
2024-07-02T14:00+02:00;384.9;5716.39;33.92;59.47
2024-07-02T15:00+02:00;384.57;5778.15;32.59;60.41
2024-07-02T16:00+02:00;387.155;5659.165;33.44;72.44
2024-07-02T17:00+02:00;393.17;5582.2;35.15;74.08
2024-07-02T18:00+02:00;401.64;5338.59;35.09;82.75
2024-07-02T19:00+02:00;391.585;5066.425;35.82;101.14
2024-07-02T20:00+02:00;393.44;4774.27;41.83;112.24
2024-07-02T21:00+02:00;433.655;4805.425;58.58;85.06
2024-07-02T22:00+02:00;499.765;4597.135;46.36;46.36
2024-07-02T23:00+02:00;412.625;4538.335;40.37;40.37
2024-07-03T00:00+02:00;391.5;4262.53;37.2;37.2
2024-07-03T01:00+02:00;391.335;4352.175;36.04;36.04
2024-07-03T02:00+02:00;437;4381.94;35.83;35.83
2024-07-03T03:00+02:00;397.25;4181.55;36.25;36.25
2024-07-03T04:00+02:00;381.57;3869.35;38.7;38.7
2024-07-03T05:00+02:00;400.67;3480.53;58.9;58.9
2024-07-03T06:00+02:00;577.13;3355.38;86.87;86.87
2024-07-03T07:00+02:00;642.27;3579.76;97.82;97.82
2024-07-03T08:00+02:00;450.805;4220.645;103.46;103.46
2024-07-03T09:00+02:00;470.88;4733.25;55.87;61.4
2024-07-03T10:00+02:00;481.55;4844.51;43.31;43.31
2024-07-03T11:00+02:00;504.2;4786.59;39.97;39.97
2024-07-03T12:00+02:00;479.145;4705.165;39.13;39.13
2024-07-03T13:00+02:00;442.88;4721.44;39.71;39.71
2024-07-03T14:00+02:00;420.58;4598.47;41.04;41.04
2024-07-03T15:00+02:00;443.56;4214.94;42.53;42.53
2024-07-03T16:00+02:00;496.41;3714.79;50.5;50.5
2024-07-03T17:00+02:00;555.13;2945.75;79.17;79.17
2024-07-03T18:00+02:00;849.645;2665.295;93.56;97.21
2024-07-03T19:00+02:00;622.68;2192.61;111.45;115.94
2024-07-03T20:00+02:00;643.895;1809.515;154.18;159.96
2024-07-03T21:00+02:00;585.96;1840.9;105.13;113.1
2024-07-03T22:00+02:00;517.43;1980.79;87.85;90.82
2024-07-03T23:00+02:00;470.635;2436.435;68.9;68.9
2024-07-04T00:00+02:00;395.235;2541.555;58.5;58.5
2024-07-04T01:00+02:00;396.67;2689.25;30.67;30.67
2024-07-04T02:00+02:00;432.64;2850.51;20.68;25.64
2024-07-04T03:00+02:00;404.61;3037.57;17.45;17.45
2024-07-04T04:00+02:00;413.845;3276.745;9.49;9.77
2024-07-04T05:00+02:00;386.535;3829.725;10.02;10.02
2024-07-04T06:00+02:00;396.195;4577.095;26.47;26.47
2024-07-04T07:00+02:00;444.42;4327.85;30;30
2024-07-04T08:00+02:00;465.13;4258.56;31.63;31.63
2024-07-04T09:00+02:00;446.445;4647.455;22.65;23.95
2024-07-04T10:00+02:00;393.315;5171.315;1.9;3.58
2024-07-04T11:00+02:00;395.83;4906.56;0;2.92
2024-07-04T12:00+02:00;383.18;4806.31;-0.04;2.74
2024-07-04T13:00+02:00;407.04;4334.58;-5.03;0.97
2024-07-04T14:00+02:00;389.925;3915.605;-19.09;0
2024-07-04T15:00+02:00;396.435;3934.335;-13.47;0
2024-07-04T16:00+02:00;352.265;3821.395;-5.31;-0.01
2024-07-04T17:00+02:00;338.055;5471.725;-0.03;1.51
2024-07-04T18:00+02:00;386.485;5983.145;6.77;11.72
2024-07-04T19:00+02:00;406.825;5186.895;29;29
2024-07-04T20:00+02:00;479.4;4465.88;45.07;45.07
2024-07-04T21:00+02:00;438.655;3836.235;38.79;38.79
2024-07-04T22:00+02:00;426.22;3593.27;38.68;38.68
2024-07-04T23:00+02:00;431.325;3791.535;38.1;38.1
2024-07-05T00:00+02:00;388.305;3942.055;6.92;6.92
2024-07-05T01:00+02:00;402.365;4096.965;4.83;4.71
2024-07-05T02:00+02:00;387.045;4143.775;4;4.12
2024-07-05T03:00+02:00;339.815;3819.815;2.67;2.67
2024-07-05T04:00+02:00;336.24;3759.15;2.92;2.92
2024-07-05T05:00+02:00;338.04;4134.16;5.72;5.72
2024-07-05T06:00+02:00;441.46;4371.37;19.99;19.99
2024-07-05T07:00+02:00;398.46;4896.61;29.09;28.69
2024-07-05T08:00+02:00;408.495;5648.475;31.47;29.68
2024-07-05T09:00+02:00;416.925;6468.345;18.56;18.56
2024-07-05T10:00+02:00;413.185;6892.945;2.95;2.95
2024-07-05T11:00+02:00;396.88;6264.18;0.41;0.41
2024-07-05T12:00+02:00;416.37;5761.71;-0.04;-0.04
2024-07-05T13:00+02:00;419.485;4715.515;-0.55;-0.55
2024-07-05T14:00+02:00;397.845;4417.825;-0.77;-0.77
2024-07-05T15:00+02:00;419.665;5342.355;-0.03;-0.03
2024-07-05T16:00+02:00;401.29;6149.26;1.93;1.93
2024-07-05T17:00+02:00;376.135;6615.415;16.81;13.06
2024-07-05T18:00+02:00;384.92;6004.95;25.05;23.27
2024-07-05T19:00+02:00;370.25;5721.62;36.7;36.7
2024-07-05T20:00+02:00;490.24;5039.48;37.81;37.81
2024-07-05T21:00+02:00;610.745;4404.245;60.06;60.06
2024-07-05T22:00+02:00;739.715;3800.225;82.86;82.86
2024-07-05T23:00+02:00;595.765;3600.925;84.95;84.95
2024-07-06T00:00+02:00;543.55;2897.59;85.52;85.52
2024-07-06T01:00+02:00;496.945;2366.515;66.06;66.06
2024-07-06T02:00+02:00;474.59;1906.33;63.52;63.52
2024-07-06T03:00+02:00;460.925;1487.425;46.46;46.46
2024-07-06T04:00+02:00;466.45;1343.51;38.62;38.62
2024-07-06T05:00+02:00;478.415;1238.345;15.69;15.69
2024-07-06T06:00+02:00;499.62;1071.85;5.73;5.6
2024-07-06T07:00+02:00;415.805;1390.035;5.37;5.5
2024-07-06T08:00+02:00;509.92;1816.3;3.4;3.48
2024-07-06T09:00+02:00;509.235;1838.165;0.32;0.32
2024-07-06T10:00+02:00;449.665;2206.285;-0.04;-0.04
2024-07-06T11:00+02:00;463.995;3026.755;-0.02;-0.02
2024-07-06T12:00+02:00;464.115;2920.005;-0.03;-0.03
2024-07-06T13:00+02:00;463.255;2804.015;-0.12;-0.12
2024-07-06T14:00+02:00;537.785;2233.995;-2.18;-2.18
2024-07-06T15:00+02:00;464.305;1925.995;-2.71;-2.71
2024-07-06T16:00+02:00;512.33;1933.3;-0.6;-0.6
2024-07-06T17:00+02:00;541.945;2497.295;-0.06;0.01
2024-07-06T18:00+02:00;491.27;3177.12;1.88;1.94
2024-07-06T19:00+02:00;490.725;3429.805;0.22;0.44
2024-07-06T20:00+02:00;351.195;4793.965;6.69;6.69
2024-07-06T21:00+02:00;458.845;5288.885;9.4;9.4
2024-07-06T22:00+02:00;488.43;5713.76;18;18
2024-07-06T23:00+02:00;409.335;5979.155;14.02;6.77
2024-07-07T00:00+02:00;466.94;4214.4;-0.03;-0.02
2024-07-07T01:00+02:00;444.815;3658.795;-0.1;-0.1
2024-07-07T02:00+02:00;491.99;3190.2;-0.8;-0.8
2024-07-07T03:00+02:00;489.245;2838.705;-0.48;-0.48
2024-07-07T04:00+02:00;482.435;3024.335;-0.06;-0.06
2024-07-07T05:00+02:00;492.005;3568.495;-0.01;-0.01
2024-07-07T06:00+02:00;460.145;3857.625;-0.01;-0.01
2024-07-07T07:00+02:00;359.03;3985.1;-0.01;-0.01
2024-07-07T08:00+02:00;424.52;3714.94;-0.6;-0.61
2024-07-07T09:00+02:00;489.295;3240.125;-6.49;-6.47
2024-07-07T10:00+02:00;454.535;3238.055;-9.98;-9.98
2024-07-07T11:00+02:00;553.09;3230.61;-12.04;-12.04
2024-07-07T12:00+02:00;512.005;3096.915;-13.49;-13.49
2024-07-07T13:00+02:00;511.72;3149.79;-15.02;-15.02
2024-07-07T14:00+02:00;447.745;2934.265;-20.98;-19.9
2024-07-07T15:00+02:00;413.55;2797.28;-12.2;-12.2
2024-07-07T16:00+02:00;459.085;3020.635;-6.16;-6.16
2024-07-07T17:00+02:00;468.525;3760.905;-0.08;-0.08
2024-07-07T18:00+02:00;509.755;3677.975;63.99;63.99
2024-07-07T19:00+02:00;579.46;2474.55;90.27;90.27
2024-07-07T20:00+02:00;601.605;1665.345;119.4;125.64
2024-07-07T21:00+02:00;628.295;1296.085;127.05;133.17
2024-07-07T22:00+02:00;563.66;1292.05;115.2;115.2
2024-07-07T23:00+02:00;536.23;1238.33;97.13;97.13
2024-07-08T00:00+02:00;520.14;1189.67;81.62;81.62
2024-07-08T01:00+02:00;540.385;1054.615;76.65;76.65
2024-07-08T02:00+02:00;509.48;1071.68;74.08;74.08
2024-07-08T03:00+02:00;510.845;1070.935;77.72;77.72
2024-07-08T04:00+02:00;565.325;942.515;76.28;76.28
2024-07-08T05:00+02:00;508.81;997.45;79.44;79.44
2024-07-08T06:00+02:00;571.465;1064.635;110;110
2024-07-08T07:00+02:00;575.645;1147.095;123.97;127.18
2024-07-08T08:00+02:00;597.58;1468.74;100.64;100.64
2024-07-08T09:00+02:00;515.825;1951.305;77.61;77.61
2024-07-08T10:00+02:00;413.525;2766.955;53.93;53.93
2024-07-08T11:00+02:00;442.355;3214.545;38.43;38.43
2024-07-08T12:00+02:00;466.785;3370.615;31.79;31.79
2024-07-08T13:00+02:00;456.6;3659.08;29.45;29.45
2024-07-08T14:00+02:00;460.8;3572.85;29.56;29.56
2024-07-08T15:00+02:00;525.49;3334.75;36.75;36.75
2024-07-08T16:00+02:00;496.87;3108.84;64;64
2024-07-08T17:00+02:00;644.25;2725.69;80.2;80.2
2024-07-08T18:00+02:00;665.745;2041.225;102.63;102.63
2024-07-08T19:00+02:00;700.635;1314.325;135;136.49
2024-07-08T20:00+02:00;876.935;810.355;249.01;257.35
2024-07-08T21:00+02:00;697.67;481.16;173.69;173.69
2024-07-08T22:00+02:00;637.005;438.835;113.65;113.65
2024-07-08T23:00+02:00;623.095;398.395;92.02;92.02
2024-07-09T00:00+02:00;549.25;405.25;105.52;105.52
2024-07-09T01:00+02:00;535.82;410.27;95.96;95.96
2024-07-09T02:00+02:00;510.19;384.2;93.08;93.08
2024-07-09T03:00+02:00;494.715;356.515;91.14;91.14
2024-07-09T04:00+02:00;496.95;360.67;87.66;87.66
2024-07-09T05:00+02:00;493.915;468.705;96.83;96.83
2024-07-09T06:00+02:00;546.06;716.61;111.38;111.38
2024-07-09T07:00+02:00;571.115;1126.835;103.76;103.76
2024-07-09T08:00+02:00;551.78;1500.46;94;94
2024-07-09T09:00+02:00;497.235;1718.825;67.26;67.26
2024-07-09T10:00+02:00;403.675;1977.295;46.63;46.63
2024-07-09T11:00+02:00;447.24;2246.13;33.71;33.71
2024-07-09T12:00+02:00;409.435;2655.655;21.95;21.95
2024-07-09T13:00+02:00;423.14;3101.98;15.98;15.98
2024-07-09T14:00+02:00;374.325;3839.625;4.34;4.34
2024-07-09T15:00+02:00;381.965;4574.885;11.08;11.08
2024-07-09T16:00+02:00;406.28;4624.42;53.73;53.73
2024-07-09T17:00+02:00;491.885;4370.725;81.69;81.69
2024-07-09T18:00+02:00;596.03;3960.91;99.27;99.27
2024-07-09T19:00+02:00;608.845;3741.025;110.27;110.27
2024-07-09T20:00+02:00;680.755;3683.495;112.8;112.8
2024-07-09T21:00+02:00;509.285;3761.345;100.32;100.32
2024-07-09T22:00+02:00;446.35;3769.6;45.42;45.42
2024-07-09T23:00+02:00;476.37;3670.69;40.46;40.46
2024-07-10T00:00+02:00;491.05;3590.33;32.59;28.96
2024-07-10T01:00+02:00;437.29;3764.39;32.99;28.18
2024-07-10T02:00+02:00;415.575;3943.375;30.03;27.22
2024-07-10T03:00+02:00;549.48;3584.88;28.73;26.29
2024-07-10T04:00+02:00;463.94;3658.86;30;25.71
2024-07-10T05:00+02:00;400.21;3582.79;32.68;27.04
2024-07-10T06:00+02:00;421.25;3547.18;40.31;40.31
2024-07-10T07:00+02:00;446.08;3967.25;43.58;43.58
2024-07-10T08:00+02:00;491.495;3928.935;83.49;83.49
2024-07-10T09:00+02:00;583.285;3597.255;78.57;78.57
2024-07-10T10:00+02:00;954.85;3531.65;65;65
2024-07-10T11:00+02:00;523.295;3625.835;55.77;55.77
2024-07-10T12:00+02:00;433.44;3854.89;47.13;47.13
2024-07-10T13:00+02:00;404.415;4002.855;40.76;40.76
2024-07-10T14:00+02:00;452.28;3787.3;52.57;52.57
2024-07-10T15:00+02:00;472.585;3674.575;52.91;52.91
2024-07-10T16:00+02:00;441.49;3605.44;59.13;67.48
2024-07-10T17:00+02:00;514.695;3247.075;80.14;80.14
2024-07-10T18:00+02:00;581.56;2576.67;79.77;80.73
2024-07-10T19:00+02:00;684.43;1832.68;99.72;99.72
2024-07-10T20:00+02:00;763.955;1278.555;117;148.61
2024-07-10T21:00+02:00;638.53;1027.78;150.51;164.08
2024-07-10T22:00+02:00;645.45;906.44;113.97;113.97
2024-07-10T23:00+02:00;620.505;819.465;92.92;92.92
2024-07-11T00:00+02:00;544.26;752.38;96.02;96.02
2024-07-11T01:00+02:00;513.265;693.585;79.95;79.95
2024-07-11T02:00+02:00;516.7;671.43;77.06;77.06
2024-07-11T03:00+02:00;455.295;761.745;79.6;79.6
2024-07-11T04:00+02:00;500.825;806.175;80.31;80.31
2024-07-11T05:00+02:00;522.995;846.805;81.98;81.98
2024-07-11T06:00+02:00;591.82;890.51;107.46;107.71
2024-07-11T07:00+02:00;646.915;1238.185;120;120
2024-07-11T08:00+02:00;590.93;1791.42;106.53;106.53
2024-07-11T09:00+02:00;541.6;2231.95;89.11;89.11
2024-07-11T10:00+02:00;466.31;2610.33;80.69;80.69
2024-07-11T11:00+02:00;502.445;2590.725;66.6;66.6
2024-07-11T12:00+02:00;509.37;2526.18;57.44;57.44
2024-07-11T13:00+02:00;478.03;2472.16;47.7;47.7
2024-07-11T14:00+02:00;500.84;2535.85;44.48;44.48
2024-07-11T15:00+02:00;492.535;2672.445;50.1;50.1
2024-07-11T16:00+02:00;495.435;2918.655;60.98;60.98
2024-07-11T17:00+02:00;510.27;2684.84;81.91;81.91
2024-07-11T18:00+02:00;501.335;2199.675;91.58;91.58
2024-07-11T19:00+02:00;681.755;1586.855;117;120
2024-07-11T20:00+02:00;756.91;1114.1;184.33;184.33
2024-07-11T21:00+02:00;696.145;962.275;166.74;166.74
2024-07-11T22:00+02:00;623.435;905.135;121.59;121.59
2024-07-11T23:00+02:00;478.61;944.1;98.12;98.12
2024-07-12T00:00+02:00;509;1044.69;102.42;102.42
2024-07-12T01:00+02:00;509.25;1024.48;87.31;87.31
2024-07-12T02:00+02:00;477.615;1059.385;81.71;81.71
2024-07-12T03:00+02:00;461.185;1047.285;79.98;81.04
2024-07-12T04:00+02:00;468.07;961.62;76.4;80.24
2024-07-12T05:00+02:00;461.745;977.365;79.37;82.23
2024-07-12T06:00+02:00;510.045;1065.595;107.94;107.94
2024-07-12T07:00+02:00;525.05;1276.42;109.92;109.92
2024-07-12T08:00+02:00;585.34;1556.73;109.6;109.6
2024-07-12T09:00+02:00;690.875;1929.745;102.4;102.4
2024-07-12T10:00+02:00;708.23;2192.53;95.87;95.87
2024-07-12T11:00+02:00;574.84;2301.67;89.83;89.83
2024-07-12T12:00+02:00;552.535;2291.325;83.25;83.25
2024-07-12T13:00+02:00;456.335;2536.025;78.6;78.6
2024-07-12T14:00+02:00;510.43;2660.04;78.04;78.04
2024-07-12T15:00+02:00;478.365;2810.085;78.19;78.19
2024-07-12T16:00+02:00;521.08;2537.26;83.66;83.66
2024-07-12T17:00+02:00;538.3;2340.65;79;79
2024-07-12T18:00+02:00;531.595;2382.435;90.05;90.05
2024-07-12T19:00+02:00;518.455;2585.265;96.62;96.62
2024-07-12T20:00+02:00;464.365;2879.415;91.6;91.05
2024-07-12T21:00+02:00;488.07;3031.26;94.61;92.34
2024-07-12T22:00+02:00;454.725;3433.715;85.66;42.08
2024-07-12T23:00+02:00;405.925;3655.055;70.01;26.48
2024-07-13T00:00+02:00;414.12;3891.69;33.74;20.73
2024-07-13T01:00+02:00;420.51;3900.28;32.56;13.33
2024-07-13T02:00+02:00;394.385;3918.915;34.83;9.16
2024-07-13T03:00+02:00;402.805;3973.585;33.2;8
2024-07-13T04:00+02:00;400.32;3972.05;32.65;6.17
2024-07-13T05:00+02:00;395.28;4031.14;30.98;11.85
2024-07-13T06:00+02:00;391.545;3928.285;30.54;30.54
2024-07-13T07:00+02:00;388.895;3750.415;27.82;27.82
2024-07-13T08:00+02:00;397.32;3641.52;26.6;26.6
2024-07-13T09:00+02:00;394.94;3395.71;20.97;20.97
2024-07-13T10:00+02:00;394.46;3262.75;5.16;5.16
2024-07-13T11:00+02:00;435.5;2349.39;0.04;0.04
2024-07-13T12:00+02:00;434.835;2203.715;-0.01;-0.01
2024-07-13T13:00+02:00;385.235;1763.595;-0.87;-0.87
2024-07-13T14:00+02:00;470.975;1790.625;-0.81;-0.81
2024-07-13T15:00+02:00;417.62;2193.17;-0.06;-0.06
2024-07-13T16:00+02:00;415.325;2125.765;1.41;1.52
2024-07-13T17:00+02:00;475.495;1980.435;-0.01;6.32
2024-07-13T18:00+02:00;484.105;1850.375;28.77;22.44
2024-07-13T19:00+02:00;622.13;1733.71;50.33;50.33
2024-07-13T20:00+02:00;612.575;1393.145;75.45;75.45
2024-07-13T21:00+02:00;773.255;1298.465;76.26;76.26
2024-07-13T22:00+02:00;643.175;1321.035;78.84;78.84
2024-07-13T23:00+02:00;673.33;1390.54;63;63
2024-07-14T00:00+02:00;558.5;1306.06;88.95;88.95
2024-07-14T01:00+02:00;494.035;1237.905;63.19;63.19
2024-07-14T02:00+02:00;480.95;1199.91;55.45;55.45
2024-07-14T03:00+02:00;443.125;1245.515;44.3;44.3
2024-07-14T04:00+02:00;498.045;1252.645;37.93;37.93
2024-07-14T05:00+02:00;458.965;1246.765;36.81;36.81
2024-07-14T06:00+02:00;458.91;1462.6;31.96;31.96
2024-07-14T07:00+02:00;458.995;1814.035;14.28;14.28
2024-07-14T08:00+02:00;428.405;1744.135;0.29;0.29
2024-07-14T09:00+02:00;485.46;1665.87;-2.29;-2.29
2024-07-14T10:00+02:00;423.205;1782.095;-3.02;-3.02
2024-07-14T11:00+02:00;395.44;2021.43;-3.4;-3.4
2024-07-14T12:00+02:00;382.36;2173.73;-4.22;-4.22
2024-07-14T13:00+02:00;387.295;2261.295;-5.16;-5.16
2024-07-14T14:00+02:00;456.62;2177.9;-6.41;-6.41
2024-07-14T15:00+02:00;393.945;2154.605;-5.36;-5.36
2024-07-14T16:00+02:00;429.16;2021.36;-10.16;-10.16
2024-07-14T17:00+02:00;391.345;3014.675;-0.05;1.87
2024-07-14T18:00+02:00;413.39;3500.67;46.54;40.46
2024-07-14T19:00+02:00;511.175;3416.585;87.76;91.93
2024-07-14T20:00+02:00;621.395;3207.435;112.8;115.8
2024-07-14T21:00+02:00;633.255;3070.485;108.03;108.68
2024-07-14T22:00+02:00;518.22;3274.84;105.84;105.84
2024-07-14T23:00+02:00;497.055;3247.705;87.06;87.06
2024-07-15T00:00+02:00;490.77;3090.08;79.35;79.35
2024-07-15T01:00+02:00;479.82;2936.34;66.24;66.24
2024-07-15T02:00+02:00;505.885;2773.035;58.17;58.17
2024-07-15T03:00+02:00;651.355;2616.695;48.39;48.39
2024-07-15T04:00+02:00;622.145;2490.935;52.1;52.1
2024-07-15T05:00+02:00;460.685;2441.765;64.62;64.62
2024-07-15T06:00+02:00;487.43;2507.99;64.68;64.68
2024-07-15T07:00+02:00;445.66;2877.64;64.65;64.65
2024-07-15T08:00+02:00;458.1;3330.53;64.61;64.61
2024-07-15T09:00+02:00;413.395;3915.295;40.1;40.1
2024-07-15T10:00+02:00;460.56;4329.4;35.52;26.4
2024-07-15T11:00+02:00;415.77;4732.64;11.29;20.03
2024-07-15T12:00+02:00;402.05;4982.75;0.07;0.44
2024-07-15T13:00+02:00;413.175;4962.885;-0.01;-0.01
2024-07-15T14:00+02:00;447.605;4321.215;-0.07;-0.07
2024-07-15T15:00+02:00;541.905;3911.355;3.54;20.81
2024-07-15T16:00+02:00;683.57;3325.08;44.29;27.02
2024-07-15T17:00+02:00;863.195;2752.275;82;82
2024-07-15T18:00+02:00;1078.785;2088.025;114.35;114.35
2024-07-15T19:00+02:00;1113.28;1432.14;186.24;199.29
2024-07-15T20:00+02:00;1358.335;871.675;214.24;224.96
2024-07-15T21:00+02:00;1317.64;566.86;140.76;143.56
2024-07-15T22:00+02:00;906.69;478.91;92.48;92.48
2024-07-15T23:00+02:00;559.215;426.235;80.1;80.1
2024-07-16T00:00+02:00;494.845;359.615;76.59;76.59
2024-07-16T01:00+02:00;520.605;284.655;63.77;63.77
2024-07-16T02:00+02:00;529.4;385.27;52.49;52.49
2024-07-16T03:00+02:00;563.55;472.16;36.82;36.82
2024-07-16T04:00+02:00;641.665;646.915;38.16;38.16
2024-07-16T05:00+02:00;507.65;813.32;50.32;50.32
2024-07-16T06:00+02:00;714.955;1042.755;71.28;71.28
2024-07-16T07:00+02:00;615.825;1301.415;79.48;79.48
2024-07-16T08:00+02:00;502.45;1682.06;76.17;76.17
2024-07-16T09:00+02:00;507.575;2010.715;62.77;59.07
2024-07-16T10:00+02:00;541.785;2248.175;21.49;25.19
2024-07-16T11:00+02:00;444.89;2187.51;1.43;21.26
2024-07-16T12:00+02:00;525.085;2332.565;2.03;15.84
2024-07-16T13:00+02:00;421.35;2514.52;13.2;13.59
2024-07-16T14:00+02:00;372.245;3142.365;4.06;4.06
2024-07-16T15:00+02:00;378.095;3041.165;1.47;2.9
2024-07-16T16:00+02:00;380.45;2724.64;-0.01;0.01
2024-07-16T17:00+02:00;422.235;2587.755;22.12;25.54
2024-07-16T18:00+02:00;577.22;1937.52;63.02;59.6
2024-07-16T19:00+02:00;611.055;1361.255;81.99;81.99
2024-07-16T20:00+02:00;709.02;787.32;121.6;121.6
2024-07-16T21:00+02:00;676.165;532.265;114.28;114.28
2024-07-16T22:00+02:00;637.78;564.11;105.81;105.81
2024-07-16T23:00+02:00;581.23;671;84.31;84.31
2024-07-17T00:00+02:00;533.13;791.99;87.4;87.4
2024-07-17T01:00+02:00;456.055;838.015;72.98;72.98
2024-07-17T02:00+02:00;469.81;792.77;72.82;72.82
2024-07-17T03:00+02:00;472.195;753.175;70.53;70.53
2024-07-17T04:00+02:00;418.695;721.785;71.05;71.05
2024-07-17T05:00+02:00;464.025;810.715;77.44;77.44
2024-07-17T06:00+02:00;487.14;1027.92;90.05;90.05
2024-07-17T07:00+02:00;502.175;1325.345;99.76;99.76
2024-07-17T08:00+02:00;526.97;1531.38;105.7;105.7
2024-07-17T09:00+02:00;466.28;2025.83;77.14;77.14
2024-07-17T10:00+02:00;511.88;2356.24;58.19;58.19
2024-07-17T11:00+02:00;540.885;2480.775;41.75;41.75
2024-07-17T12:00+02:00;474.81;2760.09;32.59;32.59
2024-07-17T13:00+02:00;498.8;3160.51;21.85;21.85
2024-07-17T14:00+02:00;511.525;3683.815;10.8;10.8
2024-07-17T15:00+02:00;454.645;4025.415;13.47;13.47
2024-07-17T16:00+02:00;389.13;4259.61;38.88;38.88
2024-07-17T17:00+02:00;400.065;4527.615;61.68;61.68
2024-07-17T18:00+02:00;394.19;4468.24;82.93;82.93
2024-07-17T19:00+02:00;508.27;3936.54;106.89;106.89
2024-07-17T20:00+02:00;488.745;3674.625;131.92;131.92
2024-07-17T21:00+02:00;547.54;3245.73;140.03;140.03
2024-07-17T22:00+02:00;558.79;3237.35;114.91;114.91
2024-07-17T23:00+02:00;479.44;3436.93;92.17;92.17
2024-07-18T00:00+02:00;488.515;3337.165;67.91;67.91
2024-07-18T01:00+02:00;447.135;3112.565;73.02;73.02
2024-07-18T02:00+02:00;410.49;3218.4;66.17;66.17
2024-07-18T03:00+02:00;523.37;3070.33;65.85;65.85
2024-07-18T04:00+02:00;499.055;2836.565;62.59;62.59
2024-07-18T05:00+02:00;489.83;2563.55;40;40
2024-07-18T06:00+02:00;555.93;2437.75;87.18;87.18
2024-07-18T07:00+02:00;566.35;2589;94.5;94.5
2024-07-18T08:00+02:00;517.62;3086.13;67.87;67.87
2024-07-18T09:00+02:00;470.66;3453.58;47.1;47.1
2024-07-18T10:00+02:00;464.18;3419.79;36.3;36.3
2024-07-18T11:00+02:00;479.82;3619.56;33.98;33.98
2024-07-18T12:00+02:00;451.575;3714.345;33.95;33.95
2024-07-18T13:00+02:00;440.535;3482.335;33.89;33.89
2024-07-18T14:00+02:00;428.13;3209.01;34.1;34.1
2024-07-18T15:00+02:00;479.63;3059.59;34.98;34.98
2024-07-18T16:00+02:00;435.935;2929.295;26.42;26.42
2024-07-18T17:00+02:00;541.44;2769.67;85.48;85.48
2024-07-18T18:00+02:00;576.81;2305.49;92;92
2024-07-18T19:00+02:00;795.72;1685.1;127.66;127.66
2024-07-18T20:00+02:00;935.93;1207.77;185.38;185.38
2024-07-18T21:00+02:00;677.39;954.92;176.73;176.73
2024-07-18T22:00+02:00;829.745;1010.015;119.54;119.54
2024-07-18T23:00+02:00;630.265;1048.655;101.92;101.92
2024-07-19T00:00+02:00;528.175;1000.325;90.11;90.11
2024-07-19T01:00+02:00;517.025;1002.925;80.45;80.45
2024-07-19T02:00+02:00;485.505;1001.065;79.91;79.91
2024-07-19T03:00+02:00;452.875;970.305;78.21;78.21
2024-07-19T04:00+02:00;448.22;931.65;81.28;81.28
2024-07-19T05:00+02:00;500.925;907.035;89.41;89.41
2024-07-19T06:00+02:00;611.625;926.215;110.89;110.89
2024-07-19T07:00+02:00;562.59;1172.31;108.67;108.67
2024-07-19T08:00+02:00;492.6;1656.18;98.4;98.4
2024-07-19T09:00+02:00;532.545;2101.875;81.43;81.43
2024-07-19T10:00+02:00;465.815;2594.135;70;70
2024-07-19T11:00+02:00;519.65;2648.94;58.75;58.75
2024-07-19T12:00+02:00;508.85;2809.54;44.34;44.34
2024-07-19T13:00+02:00;509.585;2669.495;36.5;36.5
2024-07-19T14:00+02:00;499.065;2645.785;36.2;36.2
2024-07-19T15:00+02:00;625.825;2613.885;42.54;42.54
2024-07-19T16:00+02:00;544.445;2253.385;63.79;63.79
2024-07-19T17:00+02:00;643.24;1792.04;77.34;77.34
2024-07-19T18:00+02:00;601.86;1367.45;91.61;91.61
2024-07-19T19:00+02:00;730.09;856.7;119.04;119.04
2024-07-19T20:00+02:00;738.87;513.2;182.08;182.08
2024-07-19T21:00+02:00;758.375;397.015;120;120
2024-07-19T22:00+02:00;686.025;392.845;106.86;106.86
2024-07-19T23:00+02:00;561.615;403.775;91.55;91.55
2024-07-20T00:00+02:00;492.37;436.45;94.73;94.73
2024-07-20T01:00+02:00;501.665;442.535;89.41;89.41
2024-07-20T02:00+02:00;519.97;487.3;88.25;88.25
2024-07-20T03:00+02:00;513.76;478.64;89.88;89.88
2024-07-20T04:00+02:00;514.915;471.375;94.24;94.24
2024-07-20T05:00+02:00;517.935;527.965;93.8;93.8
2024-07-20T06:00+02:00;558.88;751.93;89.15;89.15
2024-07-20T07:00+02:00;551.24;1074.22;85.99;85.99
2024-07-20T08:00+02:00;525.38;1550.28;68.2;68.2
2024-07-20T09:00+02:00;501.13;2007.4;49.8;39.05
2024-07-20T10:00+02:00;474.235;2443.525;5.15;15.9
2024-07-20T11:00+02:00;435.695;2472.735;0;3.77
2024-07-20T12:00+02:00;503.25;2407.69;-0.21;1.37
2024-07-20T13:00+02:00;518.76;2511.43;0.02;0.02
2024-07-20T14:00+02:00;523.43;2458;-0.25;0.44
2024-07-20T15:00+02:00;501.26;2191.08;-2.71;4.6
2024-07-20T16:00+02:00;515.88;2473.81;2.42;18.01
2024-07-20T17:00+02:00;528.615;2139.225;52.29;36.7
2024-07-20T18:00+02:00;606.785;1824.585;85;85
2024-07-20T19:00+02:00;671.13;1518.08;109.56;109.56
2024-07-20T20:00+02:00;735.145;1458.955;134.75;134.75
2024-07-20T21:00+02:00;875.88;1537.55;108.81;108.81
2024-07-20T22:00+02:00;706.79;1697.34;84.1;84.1
2024-07-20T23:00+02:00;500.225;1864.235;74.51;74.51
2024-07-21T00:00+02:00;688.32;1980.58;63.63;63.63
2024-07-21T01:00+02:00;441.715;2064.365;56.3;56.3
2024-07-21T02:00+02:00;406.71;2023.5;55.2;55.2
2024-07-21T03:00+02:00;412.64;1975.38;60.38;60.38
2024-07-21T04:00+02:00;408.13;1879.71;66.55;66.55
2024-07-21T05:00+02:00;405.2;1901.02;75.24;75.24
2024-07-21T06:00+02:00;417.35;1978.02;64.4;64.4
2024-07-21T07:00+02:00;452.76;2184.27;56.53;56.53
2024-07-21T08:00+02:00;416.035;2536.755;48.68;40.68
2024-07-21T09:00+02:00;418.81;2986.67;10.57;18.57
2024-07-21T10:00+02:00;487.05;2681.11;0.07;1.01
2024-07-21T11:00+02:00;530.27;2958.86;0.03;0.03
2024-07-21T12:00+02:00;752.425;3024.095;0.02;0.02
2024-07-21T13:00+02:00;662.29;2980.68;-0.06;-0.06
2024-07-21T14:00+02:00;528.69;2901.61;-0.18;-0.18
2024-07-21T15:00+02:00;585.86;2636.1;0.04;0.04
2024-07-21T16:00+02:00;561.06;2391.73;0.11;18.68
2024-07-21T17:00+02:00;721.125;1992.325;59.81;41.23
2024-07-21T18:00+02:00;817.46;1666.23;80.45;80.45
2024-07-21T19:00+02:00;642.29;1501.74;108.27;108.27
2024-07-21T20:00+02:00;636.77;1386.45;112.73;112.73
2024-07-21T21:00+02:00;676.83;1194.39;123.29;123.29
2024-07-21T22:00+02:00;634.02;1123.8;109.17;109.17
2024-07-21T23:00+02:00;530.75;1118.13;90.16;90.16
2024-07-22T00:00+02:00;429.78;1103.53;120.84;120.84
2024-07-22T01:00+02:00;563.635;811.665;96.63;96.63
2024-07-22T02:00+02:00;827.715;598.585;86.88;86.88
2024-07-22T03:00+02:00;670.735;788.845;86.93;86.93
2024-07-22T04:00+02:00;479.545;1089.175;81.84;81.84
2024-07-22T05:00+02:00;414.9;1586.71;79.32;79.32
2024-07-22T06:00+02:00;438.665;1686.465;108.71;108.71
2024-07-22T07:00+02:00;415.03;1767.52;120.09;120.09
2024-07-22T08:00+02:00;463.015;2006.065;114.28;114.28
2024-07-22T09:00+02:00;512.125;2187.425;94.34;94.34
2024-07-22T10:00+02:00;550.325;2491.135;63.43;63.43
2024-07-22T11:00+02:00;528.455;2811.555;39.08;39.08
2024-07-22T12:00+02:00;468.68;3415.71;25.61;25.61
2024-07-22T13:00+02:00;445.655;4091.565;23.36;23.36
2024-07-22T14:00+02:00;425.4;4583.07;19.41;19.41
2024-07-22T15:00+02:00;414.015;4829.205;20.38;20.38
2024-07-22T16:00+02:00;500.42;5057.78;22.82;22.82
2024-07-22T17:00+02:00;469.085;4783.925;62.16;62.16
2024-07-22T18:00+02:00;578.345;4028.035;80.91;80.91
2024-07-22T19:00+02:00;624.815;2966.875;99.04;99.04
2024-07-22T20:00+02:00;730.98;2167.97;139.87;139.87
2024-07-22T21:00+02:00;706.125;1743.195;140.26;140.26
2024-07-22T22:00+02:00;566.91;1572.43;111.04;111.04
2024-07-22T23:00+02:00;478.77;1539.51;95.52;95.52
2024-07-23T00:00+02:00;530.945;1436.355;82.85;82.85
2024-07-23T01:00+02:00;522.815;1457.305;74.96;74.96
2024-07-23T02:00+02:00;452.185;1454.525;73.39;73.39
2024-07-23T03:00+02:00;484.51;1248.76;68.13;68.13
2024-07-23T04:00+02:00;675.615;1144.245;70.56;70.56
2024-07-23T05:00+02:00;591.66;974.78;73.68;73.68
2024-07-23T06:00+02:00;613.315;969.485;99.9;99.9
2024-07-23T07:00+02:00;526.245;1001.535;116;116
2024-07-23T08:00+02:00;525.585;1272.395;110.45;110.45
2024-07-23T09:00+02:00;521.495;1563.025;87.29;87.29
2024-07-23T10:00+02:00;512.095;1817.215;68.87;68.87
2024-07-23T11:00+02:00;512.09;1833.83;61.37;61.37
2024-07-23T12:00+02:00;511.94;1662.26;43.42;43.42
2024-07-23T13:00+02:00;611.485;1533.625;38.29;38.29
2024-07-23T14:00+02:00;566.76;1640.59;36.01;36.01
2024-07-23T15:00+02:00;519.9;1644.57;41.96;41.96
2024-07-23T16:00+02:00;512.83;1674.18;64.86;64.86
2024-07-23T17:00+02:00;659.05;1555.18;79.53;79.53
2024-07-23T18:00+02:00;565.25;1444.45;79.92;79.92
2024-07-23T19:00+02:00;577.88;1405.34;96.03;96.03
2024-07-23T20:00+02:00;611.265;1395.145;116.93;116.93
2024-07-23T21:00+02:00;583.575;1426.015;102.01;102.01
2024-07-23T22:00+02:00;666.945;1444.355;99.23;99.23
2024-07-23T23:00+02:00;739.245;1573.365;91.58;91.58
2024-07-24T00:00+02:00;551.185;1783.415;83.55;83.55
2024-07-24T01:00+02:00;524.305;1895.185;78.33;78.33
2024-07-24T02:00+02:00;523.68;2094.01;72.56;72.56
2024-07-24T03:00+02:00;550.215;2273.255;73.6;73.6
2024-07-24T04:00+02:00;530.54;2361.26;56.78;56.78
2024-07-24T05:00+02:00;527.945;2354.775;40.1;40.1
2024-07-24T06:00+02:00;505.755;2746.045;43.35;43.35
2024-07-24T07:00+02:00;503.64;3312.25;45.06;45.06
2024-07-24T08:00+02:00;506.615;3992.505;57.51;57.51
2024-07-24T09:00+02:00;507.455;4499.225;36.22;36.22
2024-07-24T10:00+02:00;507.885;4673.805;25;25
2024-07-24T11:00+02:00;506.19;4785.6;21.19;21.19
2024-07-24T12:00+02:00;504;4890.25;1.58;1.58
2024-07-24T13:00+02:00;504.865;4815.495;-0.15;0
2024-07-24T14:00+02:00;511.605;4729.675;-2.06;0
2024-07-24T15:00+02:00;505.355;4830.615;-1.96;-0.08
2024-07-24T16:00+02:00;503.495;5070.965;2.21;16.7
2024-07-24T17:00+02:00;522.365;4773.115;39.27;24.78
2024-07-24T18:00+02:00;535.57;4040.75;51.89;51.89
2024-07-24T19:00+02:00;565.05;3171.21;89.6;89.6
2024-07-24T20:00+02:00;591.705;2454.895;108.52;108.52
2024-07-24T21:00+02:00;594.885;1989.055;118.11;118.11
2024-07-24T22:00+02:00;589.87;1876.72;109.01;109.01
2024-07-24T23:00+02:00;540.465;1919.075;84.65;84.65
2024-07-25T00:00+02:00;519.77;1843.7;83.7;83.7
2024-07-25T01:00+02:00;522.73;1746.64;77.5;77.5
2024-07-25T02:00+02:00;522.09;1563.16;76.1;76.1
2024-07-25T03:00+02:00;522.3;1278.85;79.92;79.92
2024-07-25T04:00+02:00;524.14;1132.11;76.4;76.4
2024-07-25T05:00+02:00;527.64;917.92;92.53;92.53
2024-07-25T06:00+02:00;545.83;1023.34;106.16;106.16
2024-07-25T07:00+02:00;552.25;1188.98;109.03;109.03
2024-07-25T08:00+02:00;550.255;1693.295;90.98;90.98
2024-07-25T09:00+02:00;515.105;2179.625;71.98;71.98
2024-07-25T10:00+02:00;461.72;2571.61;55.08;55.08
2024-07-25T11:00+02:00;447.665;2905.355;36.95;36.95
2024-07-25T12:00+02:00;421.41;3071.65;24.31;23.73
2024-07-25T13:00+02:00;438.715;2946.205;17.36;17.94
2024-07-25T14:00+02:00;447.31;2790.65;13.27;17.22
2024-07-25T15:00+02:00;571.445;2673.095;26.2;22.25
2024-07-25T16:00+02:00;486.045;2487.215;53.8;53.8
2024-07-25T17:00+02:00;706.855;2295.635;80;80
2024-07-25T18:00+02:00;697.77;2083.97;97;97
2024-07-25T19:00+02:00;674.675;1896.835;119.9;126.93
2024-07-25T20:00+02:00;674.835;1911.055;148.3;155.72
2024-07-25T21:00+02:00;623.9;1710.34;129.97;131.61
2024-07-25T22:00+02:00;547.405;1775.925;100;100
2024-07-25T23:00+02:00;540.045;1890.965;84.95;84.95
2024-07-26T00:00+02:00;601.26;2320.26;81;81
2024-07-26T01:00+02:00;525.255;2655.155;73.5;73.5
2024-07-26T02:00+02:00;532.685;2550.555;75.01;75.01
2024-07-26T03:00+02:00;507.645;2538.765;77.3;77.3
2024-07-26T04:00+02:00;512.515;2437.735;76.9;76.9
2024-07-26T05:00+02:00;527.12;2354.57;79.99;79.99
2024-07-26T06:00+02:00;534.55;2196.88;81.49;81.49
2024-07-26T07:00+02:00;608;2221.38;106.66;106.66
2024-07-26T08:00+02:00;586.37;2264.17;104.1;104.1
2024-07-26T09:00+02:00;568.61;2113.98;96.83;96.83
2024-07-26T10:00+02:00;569.665;2226.135;90.53;90.53
2024-07-26T11:00+02:00;577.58;2322.38;81.35;81.35
2024-07-26T12:00+02:00;559.83;2158.13;70;70
2024-07-26T13:00+02:00;663.165;1968.635;63.12;63.12
2024-07-26T14:00+02:00;521.79;2074.49;60.19;60.19
2024-07-26T15:00+02:00;486.825;2323.655;68.14;68.14
2024-07-26T16:00+02:00;552.4;2223.79;72.84;72.84
2024-07-26T17:00+02:00;504.225;2431.375;88.52;88.52
2024-07-26T18:00+02:00;596.68;2309.03;94.34;94.34
2024-07-26T19:00+02:00;695.17;2004.17;107.79;107.79
2024-07-26T20:00+02:00;741.11;1505.55;143.25;143.25
2024-07-26T21:00+02:00;729.92;1273.41;139;139
2024-07-26T22:00+02:00;634.35;1256.19;106.39;106.39
2024-07-26T23:00+02:00;599.69;1197.84;97.91;97.91
2024-07-27T00:00+02:00;657.725;1189.575;103.88;103.88
2024-07-27T01:00+02:00;629.13;1151.28;103.03;103.03
2024-07-27T02:00+02:00;611.95;1153.02;96.89;96.89
2024-07-27T03:00+02:00;563.84;1080.73;95.15;95.15
2024-07-27T04:00+02:00;573.24;921.1;92.46;92.46
2024-07-27T05:00+02:00;589.085;818.955;90.19;90.19
2024-07-27T06:00+02:00;587.27;876.83;87.09;87.09
2024-07-27T07:00+02:00;506.53;1165.79;82.41;82.41
2024-07-27T08:00+02:00;493.68;1727.29;84.69;84.69
2024-07-27T09:00+02:00;503.51;2282.2;67.67;67.67
2024-07-27T10:00+02:00;458.275;2724.235;60.78;60.78
2024-07-27T11:00+02:00;533.44;2903.09;39.9;39.9
2024-07-27T12:00+02:00;583.77;2976.09;28;28
2024-07-27T13:00+02:00;546.125;2968.055;17.8;17.8
2024-07-27T14:00+02:00;540.32;3114.91;17.92;17.92
2024-07-27T15:00+02:00;537.055;3084.805;35.02;35.02
2024-07-27T16:00+02:00;543.7;2824.93;67.72;67.72
2024-07-27T17:00+02:00;607.475;2313.395;87.06;87.06
2024-07-27T18:00+02:00;640.125;1860.765;104.97;104.97
2024-07-27T19:00+02:00;705.61;1257.45;115.66;116.69
2024-07-27T20:00+02:00;621.87;851.12;121.76;123.1
2024-07-27T21:00+02:00;687.905;732.405;121.82;121.82
2024-07-27T22:00+02:00;633.455;717.205;108.1;108.1
2024-07-27T23:00+02:00;667.365;745.685;97.94;97.94
2024-07-28T00:00+02:00;579.485;776.685;109.99;109.99
2024-07-28T01:00+02:00;545.515;752.115;95.11;95.11
2024-07-28T02:00+02:00;537.015;851.185;88.21;88.21
2024-07-28T03:00+02:00;550.5;985.01;81.53;81.53
2024-07-28T04:00+02:00;550.77;1299.17;78.54;78.54
2024-07-28T05:00+02:00;531.095;1661.255;79.26;79.26
2024-07-28T06:00+02:00;487.29;2111.52;75.53;75.53
2024-07-28T07:00+02:00;495.365;2534.265;72.61;72.61
2024-07-28T08:00+02:00;483.825;3467.525;25.49;25.42
2024-07-28T09:00+02:00;461.715;4556.255;4.92;4.99
2024-07-28T10:00+02:00;458.835;4213.635;0;0
2024-07-28T11:00+02:00;472.24;3647.85;-2.43;-2.43
2024-07-28T12:00+02:00;502.725;2996.345;-15.04;-15.04
2024-07-28T13:00+02:00;448.6;3078.03;-29.8;-29.8
2024-07-28T14:00+02:00;398.815;2978.025;-48.69;-48.69
2024-07-28T15:00+02:00;393.94;3003.15;-33.53;-33.53
2024-07-28T16:00+02:00;401.405;3099.335;-13.28;-13.28
2024-07-28T17:00+02:00;417.39;3633.28;-1.99;-0.26
2024-07-28T18:00+02:00;464.245;5291.335;24.33;4.97
2024-07-28T19:00+02:00;588.62;4443.57;59.39;46.83
2024-07-28T20:00+02:00;601.345;3520.875;78.87;78.87
2024-07-28T21:00+02:00;630.735;3085.585;77.67;77.67
2024-07-28T22:00+02:00;629.235;2986.555;78.98;78.98
2024-07-28T23:00+02:00;530.765;3016.335;75.87;43.28
2024-07-29T00:00+02:00;511.595;2888.845;68.83;51.21
2024-07-29T01:00+02:00;493.255;2725.765;68.2;36.94
2024-07-29T02:00+02:00;475.43;2622.34;69.16;69.16
2024-07-29T03:00+02:00;506.39;2454.18;50.11;50.11
2024-07-29T04:00+02:00;459.435;2440.195;51.57;51.57
2024-07-29T05:00+02:00;452.805;2339.015;54.37;54.37
2024-07-29T06:00+02:00;558.2;2148.12;80.86;80.86
2024-07-29T07:00+02:00;541.395;2309.215;100.93;100.93
2024-07-29T08:00+02:00;578.39;2674.2;98.46;98.46
2024-07-29T09:00+02:00;542.965;2900.365;63.66;63.66
2024-07-29T10:00+02:00;484.84;3229.64;10.58;10.58
2024-07-29T11:00+02:00;506.945;2909.305;-0.16;-0.16
2024-07-29T12:00+02:00;505.12;2462.41;-0.19;-0.19
2024-07-29T13:00+02:00;537.635;2345.415;-1.7;-1.7
2024-07-29T14:00+02:00;514.285;2353.695;-0.98;-0.98
2024-07-29T15:00+02:00;458.425;2650.895;-0.07;-0.07
2024-07-29T16:00+02:00;532.02;2654.64;13.74;13.74
2024-07-29T17:00+02:00;565.705;2130.625;64.48;64.48
2024-07-29T18:00+02:00;687.945;1567.165;96.91;96.91
2024-07-29T19:00+02:00;752.99;983.8;119.72;123.24
2024-07-29T20:00+02:00;737.705;656.205;172.2;178.07
2024-07-29T21:00+02:00;694.905;581.415;132.72;132.72
2024-07-29T22:00+02:00;640.58;597.96;107.8;107.8
2024-07-29T23:00+02:00;613.36;584.22;90.2;90.2
2024-07-30T00:00+02:00;679.155;565.215;78.01;78.01
2024-07-30T01:00+02:00;650.665;528.775;75.77;75.77
2024-07-30T02:00+02:00;596.725;520.725;79.27;79.27
2024-07-30T03:00+02:00;571.305;486.985;83.73;83.73
2024-07-30T04:00+02:00;557.865;465.595;88.59;88.59
2024-07-30T05:00+02:00;566.61;486.69;100.24;100.24
2024-07-30T06:00+02:00;586.125;604.495;115.64;115.64
2024-07-30T07:00+02:00;570.875;861.335;113.48;113.48
2024-07-30T08:00+02:00;562.97;1331.71;99.65;99.65
2024-07-30T09:00+02:00;490.61;1859.94;67.78;67.78
2024-07-30T10:00+02:00;498.05;2195.36;37.52;37.52
2024-07-30T11:00+02:00;544.065;2378.695;7.84;7.84
2024-07-30T12:00+02:00;525.56;2390.11;1.09;1.09
2024-07-30T13:00+02:00;560.995;2397.745;0.01;0.01
2024-07-30T14:00+02:00;518.685;2655.745;-0.06;0.26
2024-07-30T15:00+02:00;529.31;2635.05;13.25;12.93
2024-07-30T16:00+02:00;597.025;2412.595;40.68;40.68
2024-07-30T17:00+02:00;597.205;2073.445;78.1;78.1
2024-07-30T18:00+02:00;668.05;1524.41;103.4;103.4
2024-07-30T19:00+02:00;765.715;947.725;126.76;129.44
2024-07-30T20:00+02:00;755.01;634.99;170.04;177.13
2024-07-30T21:00+02:00;715.44;581.44;147.67;147.67
2024-07-30T22:00+02:00;691.95;742.15;114.98;114.98
2024-07-30T23:00+02:00;574.185;838.005;99.04;99.04
2024-07-31T00:00+02:00;518.105;834.225;98.85;98.85
2024-07-31T01:00+02:00;562.145;842.845;87.29;87.29
2024-07-31T02:00+02:00;681.62;895.97;85.19;85.19
2024-07-31T03:00+02:00;618.165;968.005;82.9;82.9
2024-07-31T04:00+02:00;549.295;1152.105;85.1;85.1
2024-07-31T05:00+02:00;555.855;1306.005;94.12;94.12
2024-07-31T06:00+02:00;576.775;1531.275;105.05;105.05
2024-07-31T07:00+02:00;541.52;1994.47;109.68;110.14
2024-07-31T08:00+02:00;537.915;2816.315;95.26;95.26
2024-07-31T09:00+02:00;503.985;3310.735;78.83;78.83
2024-07-31T10:00+02:00;521.26;3476.64;55.89;55.89
2024-07-31T11:00+02:00;535.475;3596.965;33.46;33.46
2024-07-31T12:00+02:00;504.05;3522.42;21.75;21.75
2024-07-31T13:00+02:00;591.075;3425.765;11.36;11.36
2024-07-31T14:00+02:00;515.09;3484.27;17.53;17.53
2024-07-31T15:00+02:00;462.815;3589.935;31.74;31.74
2024-07-31T16:00+02:00;558.355;3555.025;34.26;34.26
2024-07-31T17:00+02:00;582.545;3249.655;75.8;75.8
2024-07-31T18:00+02:00;645.63;2848.58;95.89;95.89
2024-07-31T19:00+02:00;659.66;2276.72;114.62;115.39
2024-07-31T20:00+02:00;687.135;1734.195;133.63;136.15
2024-07-31T21:00+02:00;618.995;1530.715;112.64;116.19
2024-07-31T22:00+02:00;607.565;1454.045;104.51;104.51
2024-07-31T23:00+02:00;570.555;1292.415;96.49;96.49
2024-08-01T00:00+02:00;544.065;1099.225;96.45;96.45
2024-08-01T01:00+02:00;514.305;1057.065;92.4;92.4
2024-08-01T02:00+02:00;506.93;1072.93;86.85;86.85
2024-08-01T03:00+02:00;512.24;1062.41;84.11;84.11
2024-08-01T04:00+02:00;477.205;1029.235;86.1;86.1
2024-08-01T05:00+02:00;527.385;1009.085;99.1;99.1
2024-08-01T06:00+02:00;525.515;1095.295;114.22;134.39
2024-08-01T07:00+02:00;536.875;1315.485;106.99;109.52
2024-08-01T08:00+02:00;612.69;1697.63;105.95;105.95
2024-08-01T09:00+02:00;591.96;2108.48;90.1;90.1
2024-08-01T10:00+02:00;568.99;2414.34;76.95;76.95
2024-08-01T11:00+02:00;585.6;2723.62;67.64;67.64
2024-08-01T12:00+02:00;527.77;2920.61;64.03;64.03
2024-08-01T13:00+02:00;526.165;2983.515;60.38;60.38
2024-08-01T14:00+02:00;562.755;3125.175;62.13;62.13
2024-08-01T15:00+02:00;532.57;3169.23;70.55;70.55
2024-08-01T16:00+02:00;537.815;2992.215;74.24;74.24
2024-08-01T17:00+02:00;628.98;2672.44;93.78;95.16
2024-08-01T18:00+02:00;756.115;2126.575;102.6;102.83
2024-08-01T19:00+02:00;687.275;1597.725;112.5;112.5
2024-08-01T20:00+02:00;709.535;1145.435;138.07;138.07
2024-08-01T21:00+02:00;685.865;877.325;124.03;124.03
2024-08-01T22:00+02:00;614.99;915.63;112.94;112.94
2024-08-01T23:00+02:00;551.275;947.165;105.7;105.7
2024-08-02T00:00+02:00;597.59;970.99;93.93;93.93
2024-08-02T01:00+02:00;570.44;907.87;89.17;89.17
2024-08-02T02:00+02:00;560.63;821.56;88.11;88.11
2024-08-02T03:00+02:00;551.765;824.535;82.97;82.97
2024-08-02T04:00+02:00;542.435;859.945;86.95;86.95
2024-08-02T05:00+02:00;573.605;888.445;94.44;94.44
2024-08-02T06:00+02:00;554.79;912.76;109.51;109.51
2024-08-02T07:00+02:00;603.915;1025.545;119.79;121.38
2024-08-02T08:00+02:00;615.285;1290.415;113.19;113.19
2024-08-02T09:00+02:00;642.525;1441.115;104.42;104.42
2024-08-02T10:00+02:00;760.66;1521.9;91.68;91.68
2024-08-02T11:00+02:00;756.145;1804.515;77.69;77.69
2024-08-02T12:00+02:00;558.79;2061.39;73.58;73.58
2024-08-02T13:00+02:00;541.1;2041.13;61.94;61.94
2024-08-02T14:00+02:00;446.41;2066.87;53.44;53.44
2024-08-02T15:00+02:00;467.5;2030.22;50.58;50.58
2024-08-02T16:00+02:00;562.55;1909.06;65.42;65.42
2024-08-02T17:00+02:00;559.305;1663.755;77.69;77.69
2024-08-02T18:00+02:00;642.64;1283.44;99.9;102.22
2024-08-02T19:00+02:00;615.565;889.015;128.49;128.49
2024-08-02T20:00+02:00;806.25;677.89;146.19;146.19
2024-08-02T21:00+02:00;642.435;578.025;121.66;121.66
2024-08-02T22:00+02:00;671.195;579.305;114.42;114.42
2024-08-02T23:00+02:00;587.155;609.645;99.01;99.01
2024-08-03T00:00+02:00;524.745;567.035;102.65;102.65
2024-08-03T01:00+02:00;525.69;526.72;99.14;99.14
2024-08-03T02:00+02:00;535.33;539.46;93.3;93.3
2024-08-03T03:00+02:00;535.96;510.73;89.1;89.1
2024-08-03T04:00+02:00;544.59;495.41;86.31;86.31
2024-08-03T05:00+02:00;530.015;511.415;92.1;92.1
2024-08-03T06:00+02:00;512.045;640.565;99.9;99.9
2024-08-03T07:00+02:00;516.915;921.285;95.51;95.51
2024-08-03T08:00+02:00;517.115;1419.115;84.5;84.5
2024-08-03T09:00+02:00;437.365;1824.385;66.06;66.06
2024-08-03T10:00+02:00;418.815;2131.485;32.44;32.44
2024-08-03T11:00+02:00;422.955;2382.745;20.36;20.36
2024-08-03T12:00+02:00;424.73;2463.86;14.66;14.66
2024-08-03T13:00+02:00;466.095;2302.635;6.41;6.41
2024-08-03T14:00+02:00;540.795;2114.715;4.1;4.1
2024-08-03T15:00+02:00;492.79;1878.41;12.38;13.25
2024-08-03T16:00+02:00;500.335;1627.875;32.44;31.57
2024-08-03T17:00+02:00;531.465;1358.645;73.61;73.61
2024-08-03T18:00+02:00;604.67;1228.16;103.55;103.55
2024-08-03T19:00+02:00;663.12;968.46;110.02;110.02
2024-08-03T20:00+02:00;642.69;820.11;119.9;124.64
2024-08-03T21:00+02:00;614.675;603.745;130.85;136.64
2024-08-03T22:00+02:00;720.195;661.905;119.2;119.2
2024-08-03T23:00+02:00;624.38;683.71;101.3;101.3
2024-08-04T00:00+02:00;634.775;611.355;110.21;110.21
2024-08-04T01:00+02:00;571.18;654.6;101.34;101.34
2024-08-04T02:00+02:00;593.325;652.025;96.9;96.9
2024-08-04T03:00+02:00;540.62;772.49;92.68;92.68
2024-08-04T04:00+02:00;537.54;787.66;88.57;88.57
2024-08-04T05:00+02:00;644.975;690.535;83;83
2024-08-04T06:00+02:00;728;712.13;77.7;77.7
2024-08-04T07:00+02:00;536.34;975.15;73.2;73.2
2024-08-04T08:00+02:00;435.25;1326.16;63.93;63.93
2024-08-04T09:00+02:00;432.83;1760.67;28.11;20.93
2024-08-04T10:00+02:00;444.065;2282.175;8.05;15.23
2024-08-04T11:00+02:00;484.56;2591.77;2.05;2.94
2024-08-04T12:00+02:00;462.54;2728.06;0.06;1.05
2024-08-04T13:00+02:00;460.065;3129.885;-0.04;-0.02
2024-08-04T14:00+02:00;445.26;3123.92;-2.14;-1.08
2024-08-04T15:00+02:00;436.38;3967.13;-0.01;-0.01
2024-08-04T16:00+02:00;412.325;4415.215;1;2.99
2024-08-04T17:00+02:00;491.735;4296.165;22.46;21.92
2024-08-04T18:00+02:00;524.705;3765.375;65.2;65.2
2024-08-04T19:00+02:00;581.26;3110.71;86.4;86.4
2024-08-04T20:00+02:00;609.21;2789.24;89.18;89.18
2024-08-04T21:00+02:00;689.87;2766.89;94.9;94.9
2024-08-04T22:00+02:00;528.69;2685;90.2;90.2
2024-08-04T23:00+02:00;487.14;2523.94;66.32;66.32
2024-08-05T00:00+02:00;523.85;2373.4;47.7;47.7
2024-08-05T01:00+02:00;521.225;2159.965;45.93;45.93
2024-08-05T02:00+02:00;532.735;1879.405;43.43;43.43
2024-08-05T03:00+02:00;476.845;1724.415;44.36;44.36
2024-08-05T04:00+02:00;516.12;1620.07;47.07;47.07
2024-08-05T05:00+02:00;488.4;1449.6;75.58;75.58
2024-08-05T06:00+02:00;621.335;1339.405;118.98;118.98
2024-08-05T07:00+02:00;610.26;1430.16;136.75;136.75
2024-08-05T08:00+02:00;613.05;1768.39;113.97;113.97
2024-08-05T09:00+02:00;632.265;2156.735;102.83;102.83
2024-08-05T10:00+02:00;588.565;2585.995;74.5;74.5
2024-08-05T11:00+02:00;618.3;2796.03;64.3;64.3
2024-08-05T12:00+02:00;519.89;2860.68;57.12;57.12
2024-08-05T13:00+02:00;497.325;2807.715;42.05;42.05
2024-08-05T14:00+02:00;460.005;2744.285;36.35;36.35
2024-08-05T15:00+02:00;471.43;2551.7;51.43;51.43
2024-08-05T16:00+02:00;523.215;2320.335;70.1;70.1
2024-08-05T17:00+02:00;562.78;1975.46;85.4;85.4
2024-08-05T18:00+02:00;600.23;1476.24;108.97;108.97
2024-08-05T19:00+02:00;624.335;938.865;152.76;152.76
2024-08-05T20:00+02:00;663.38;550.93;250.01;250.01
2024-08-05T21:00+02:00;659.015;427.425;170.93;170.93
2024-08-05T22:00+02:00;609.025;376.495;120.3;120.3
2024-08-05T23:00+02:00;573.01;283.6;102.92;102.92
2024-08-06T00:00+02:00;537.555;302.165;103.09;103.09
2024-08-06T01:00+02:00;535.615;417.075;95.57;95.57
2024-08-06T02:00+02:00;534.58;533.88;89.24;89.24
2024-08-06T03:00+02:00;534.415;711.055;85.24;85.24
2024-08-06T04:00+02:00;529.015;901.975;85.76;85.76
2024-08-06T05:00+02:00;529.57;1125.65;95.77;95.77
2024-08-06T06:00+02:00;545.565;1299.435;123.86;123.86
2024-08-06T07:00+02:00;545.71;1564.28;126.04;126.04
2024-08-06T08:00+02:00;547.205;2050.725;85.29;85.29
2024-08-06T09:00+02:00;531.245;2569.445;74.51;74.51
2024-08-06T10:00+02:00;516.58;3011.22;36.04;35.22
2024-08-06T11:00+02:00;512.145;3380.805;21.43;22.75
2024-08-06T12:00+02:00;500.235;3466.955;15.86;15.86
2024-08-06T13:00+02:00;495.64;3421.25;2.95;4.49
2024-08-06T14:00+02:00;507.415;3245.575;4.79;8.78
2024-08-06T15:00+02:00;574.705;2963.585;19.44;19.92
2024-08-06T16:00+02:00;636.005;2637.805;39.71;39.23
2024-08-06T17:00+02:00;795.67;2253.88;82.19;82.19
2024-08-06T18:00+02:00;906.385;1744.945;106.29;106.29
2024-08-06T19:00+02:00;975.06;1279.62;174.58;174.58
2024-08-06T20:00+02:00;967.2;1063.41;230.85;230.85
2024-08-06T21:00+02:00;959.475;1207.035;170.45;170.45
2024-08-06T22:00+02:00;864.44;1679.02;118.54;118.54
2024-08-06T23:00+02:00;727.215;2039.155;100.03;100.03
2024-08-07T00:00+02:00;699.14;2139.08;91.39;91.39
2024-08-07T01:00+02:00;896.46;2102.98;83.24;83.24
2024-08-07T02:00+02:00;914.56;2023.34;79.29;79.29
2024-08-07T03:00+02:00;785.375;1902.445;83.24;83.24
2024-08-07T04:00+02:00;778.675;1757.625;86.43;86.43
2024-08-07T05:00+02:00;807.055;1721.475;104.36;104.36
2024-08-07T06:00+02:00;832.545;1626.325;126.07;126.07
2024-08-07T07:00+02:00;862.845;1685.015;127.98;127.98
2024-08-07T08:00+02:00;809.39;2047.2;109.06;109.06
2024-08-07T09:00+02:00;839.87;2346.08;88.91;88.91
2024-08-07T10:00+02:00;827.235;2533.215;73.56;73.56
2024-08-07T11:00+02:00;952.22;2583.14;62.49;62.49
2024-08-07T12:00+02:00;801.13;2614.54;42.14;42.14
2024-08-07T13:00+02:00;748.06;2722.62;35.05;35.05
2024-08-07T14:00+02:00;737.085;2424.275;51.19;51.19
2024-08-07T15:00+02:00;813.415;2575.605;69.28;69.28
2024-08-07T16:00+02:00;516.885;2524.045;85.74;85.74
2024-08-07T17:00+02:00;550.96;1959.56;105.2;105.2
2024-08-07T18:00+02:00;588.38;1735.19;106.41;106.41
2024-08-07T19:00+02:00;615.985;1220.435;119.75;119.75
2024-08-07T20:00+02:00;653.615;1117.105;149.28;149.28
2024-08-07T21:00+02:00;622.6;902.24;134.25;134.25
2024-08-07T22:00+02:00;606.275;1089.635;112.74;112.74
2024-08-07T23:00+02:00;589.905;1292.475;102.78;102.78
2024-08-08T00:00+02:00;584.975;1291.145;96.43;96.43
2024-08-08T01:00+02:00;614.205;1136.035;88.06;88.06
2024-08-08T02:00+02:00;526.67;1219.9;87.36;87.36
2024-08-08T03:00+02:00;459.92;1331.15;88.06;88.06
2024-08-08T04:00+02:00;552.345;1221.795;88.27;88.27
2024-08-08T05:00+02:00;602.17;1218.81;96.11;96.11
2024-08-08T06:00+02:00;596.035;1313.415;110.93;110.93
2024-08-08T07:00+02:00;615.635;1534.405;124.93;124.93
2024-08-08T08:00+02:00;620.555;1733.875;114.41;114.41
2024-08-08T09:00+02:00;597.335;2109.185;106.84;106.84
2024-08-08T10:00+02:00;575.83;2680.53;86.1;86.1
2024-08-08T11:00+02:00;536.44;3200.19;71.6;71.6
2024-08-08T12:00+02:00;557.21;3410.38;56.9;57.09
2024-08-08T13:00+02:00;513.78;3949.16;40.49;40.49
2024-08-08T14:00+02:00;491.625;4190.645;32.18;32.18
2024-08-08T15:00+02:00;493.995;4237.485;40.24;40.24
2024-08-08T16:00+02:00;465.775;3940.685;57.45;57.81
2024-08-08T17:00+02:00;652.355;3576.105;80.52;80.52
2024-08-08T18:00+02:00;913.055;2899.155;101.92;101.92
2024-08-08T19:00+02:00;1044.365;1958.815;138.49;138.49
2024-08-08T20:00+02:00;1124.555;1349.105;197.31;197.31
2024-08-08T21:00+02:00;1143.59;1203.64;135;135
2024-08-08T22:00+02:00;954.435;1488.905;102;102
2024-08-08T23:00+02:00;647.775;1699.835;93.56;93.56
2024-08-09T00:00+02:00;503.82;1996.09;98.12;101.22
2024-08-09T01:00+02:00;502.04;2087.49;73.76;81.91
2024-08-09T02:00+02:00;533.88;2379.45;32.46;65.73
2024-08-09T03:00+02:00;521.425;2985.175;21.15;62.76
2024-08-09T04:00+02:00;500.81;3513.26;10.99;52.03
2024-08-09T05:00+02:00;507.575;3555.895;4.21;38.85
2024-08-09T06:00+02:00;507.415;4135.125;13.03;78.08
2024-08-09T07:00+02:00;522.145;4937.465;16.81;86.29
2024-08-09T08:00+02:00;513.825;5257.105;21.31;57.97
2024-08-09T09:00+02:00;558.045;5301.295;29.15;29.15
2024-08-09T10:00+02:00;544.555;4942.205;8.98;8.76
2024-08-09T11:00+02:00;508.36;4459.54;0.6;2.98
2024-08-09T12:00+02:00;415.31;3809.11;-0.03;0.05
2024-08-09T13:00+02:00;410.985;3635.675;-0.16;-0.16
2024-08-09T14:00+02:00;418.94;3958.06;-0.8;-0.8
2024-08-09T15:00+02:00;417.135;4206.105;-0.11;-0.11
2024-08-09T16:00+02:00;418.335;4824.675;-0.01;-0.01
2024-08-09T17:00+02:00;432.64;5992.78;2.55;2.62
2024-08-09T18:00+02:00;452.99;6061.16;16.16;16.1
2024-08-09T19:00+02:00;444.28;5492.68;25.27;25.27
2024-08-09T20:00+02:00;489.735;4843.405;29.16;29.16
2024-08-09T21:00+02:00;509.605;4495.385;27.58;27.58
2024-08-09T22:00+02:00;479.295;4270.975;26;26
2024-08-09T23:00+02:00;485.845;4196.115;30.41;30.41
2024-08-10T00:00+02:00;453.025;4169.595;20.06;20.06
2024-08-10T01:00+02:00;434.71;4123.65;23.12;23.12
2024-08-10T02:00+02:00;426.68;4103.79;15.76;15.76
2024-08-10T03:00+02:00;423.185;3860.155;9.53;9.53
2024-08-10T04:00+02:00;429.73;3556.66;8.98;8.98
2024-08-10T05:00+02:00;428.395;3777.665;8.59;8.59
2024-08-10T06:00+02:00;431.79;3917.29;11.77;11.77
2024-08-10T07:00+02:00;446.52;4201.53;16.03;16.03
2024-08-10T08:00+02:00;409.855;5133.635;15.01;15.01
2024-08-10T09:00+02:00;401.865;4969.565;0.2;0.2
2024-08-10T10:00+02:00;398.11;4074.15;-3;-3
2024-08-10T11:00+02:00;424.815;3708.885;-12.2;-12.2
2024-08-10T12:00+02:00;394.23;3615.82;-22.49;-22.49
2024-08-10T13:00+02:00;387.925;3499.095;-40.77;-40.77
2024-08-10T14:00+02:00;338.105;3388.045;-40.09;-40.09
2024-08-10T15:00+02:00;353.66;3341.36;-29.67;-29.67
2024-08-10T16:00+02:00;360.17;3438.82;-8.2;-8.13
2024-08-10T17:00+02:00;389.625;5049.025;0.07;0
2024-08-10T18:00+02:00;405.58;6004.93;11.81;11.81
2024-08-10T19:00+02:00;443.72;5124.89;20.08;20.08
2024-08-10T20:00+02:00;685.61;4436.38;42.84;42.84
2024-08-10T21:00+02:00;647.97;4009.12;39.86;39.86
2024-08-10T22:00+02:00;526.57;3832.55;48.45;48.45
2024-08-10T23:00+02:00;444.025;3828.885;42.97;42.97
2024-08-11T00:00+02:00;462.05;3912.62;46.3;46.3
2024-08-11T01:00+02:00;441.765;3920.385;44.76;40.86
2024-08-11T02:00+02:00;444.27;3848.52;44.09;16.91
2024-08-11T03:00+02:00;454.925;3831.655;45.37;16.9
2024-08-11T04:00+02:00;450.73;3684.87;45.34;16.76
2024-08-11T05:00+02:00;489.045;3746.375;45.91;17.01
2024-08-11T06:00+02:00;482.12;3625.28;48.94;17.79
2024-08-11T07:00+02:00;523.29;3839.16;69.73;3
2024-08-11T08:00+02:00;471.64;4307.5;27.8;2.97
2024-08-11T09:00+02:00;498.76;4161.7;0;0
2024-08-11T10:00+02:00;454.465;3123.135;-5.01;-5
2024-08-11T11:00+02:00;499.095;2868.765;-14.99;-14.99
2024-08-11T12:00+02:00;477.82;2912.8;-32.04;-32.04
2024-08-11T13:00+02:00;466.72;2846.45;-59.96;-59.96
2024-08-11T14:00+02:00;429.9;2794.36;-50.09;-39.94
2024-08-11T15:00+02:00;447.58;2552.61;-31.42;-24.53
2024-08-11T16:00+02:00;434.665;3185.205;-4.97;-4.31
2024-08-11T17:00+02:00;490.73;4619.91;1.46;0.79
2024-08-11T18:00+02:00;648.635;3981.275;88.14;88.14
2024-08-11T19:00+02:00;716.21;2945.53;128.8;128.8
2024-08-11T20:00+02:00;811.66;2324.23;137.18;137.18
2024-08-11T21:00+02:00;699.935;2072.445;126.15;126.15
2024-08-11T22:00+02:00;560.945;1972.955;109.99;109.99
2024-08-11T23:00+02:00;550.83;1925.39;97.28;97.28
2024-08-12T00:00+02:00;575.015;1821.445;104.98;104.98
2024-08-12T01:00+02:00;549.6;1733.3;94.62;94.62
2024-08-12T02:00+02:00;540.475;1512.295;85.3;85.3
2024-08-12T03:00+02:00;578.485;1353.585;86.6;86.6
2024-08-12T04:00+02:00;608.86;1225.32;88.85;88.85
2024-08-12T05:00+02:00;589.715;1050.655;114.54;114.54
2024-08-12T06:00+02:00;626.185;896.885;153.82;153.82
2024-08-12T07:00+02:00;669.1;1117.97;153.82;153.82
2024-08-12T08:00+02:00;652.885;1709.655;115.25;115.25
2024-08-12T09:00+02:00;577.77;2322.55;69.9;69.9
2024-08-12T10:00+02:00;531.52;2723.58;40.12;40.12
2024-08-12T11:00+02:00;497.3;3052.37;16.04;16.04
2024-08-12T12:00+02:00;525.86;3167.82;10.06;10.06
2024-08-12T13:00+02:00;503.825;3185.275;6.98;6.98
2024-08-12T14:00+02:00;498.92;3157.54;13.8;13.8
2024-08-12T15:00+02:00;562.14;2944.14;27.87;27.87
2024-08-12T16:00+02:00;590.435;2639.915;48.65;48.65
2024-08-12T17:00+02:00;680.715;2133.525;89.29;89.29
2024-08-12T18:00+02:00;711.015;1460.205;122.78;122.78
2024-08-12T19:00+02:00;844.705;886.685;206.02;206.02
2024-08-12T20:00+02:00;785.775;781.235;224.84;224.84
2024-08-12T21:00+02:00;630;1049.91;128.34;128.34
2024-08-12T22:00+02:00;564.795;1293.895;106.88;106.88
2024-08-12T23:00+02:00;526.145;1804.495;100.05;100.05
2024-08-13T00:00+02:00;431.855;2028.695;99.38;99.38
2024-08-13T01:00+02:00;436.845;2061.145;87.72;87.72
2024-08-13T02:00+02:00;345.115;2138.695;81.25;81.25
2024-08-13T03:00+02:00;336.92;2396.31;67.43;67.43
2024-08-13T04:00+02:00;368.84;2488.71;67.43;67.43
2024-08-13T05:00+02:00;505.71;2299.96;86.11;86.11
2024-08-13T06:00+02:00;824.29;2072.91;124.21;124.21
2024-08-13T07:00+02:00;688.885;2326.345;116.59;116.59
2024-08-13T08:00+02:00;532.665;2916.615;106.41;115.07
2024-08-13T09:00+02:00;493.68;3327.41;68.01;68.01
2024-08-13T10:00+02:00;429.335;4354.275;55.28;67.42
2024-08-13T11:00+02:00;436.64;5058.56;47.07;55.94
2024-08-13T12:00+02:00;453.325;5205.645;43.01;43.01
2024-08-13T13:00+02:00;415.23;5483.23;40.37;40.37
2024-08-13T14:00+02:00;399.575;5613.505;47.86;47.86
2024-08-13T15:00+02:00;411.475;5477.445;38.21;38.21
2024-08-13T16:00+02:00;467.86;5216.36;63.03;63.03
2024-08-13T17:00+02:00;539.985;4759.505;105;105
2024-08-13T18:00+02:00;559.085;4372.715;118.3;118.3
2024-08-13T19:00+02:00;673.7;3728.56;189.46;189.46
2024-08-13T20:00+02:00;677.205;3022.205;192.84;192.84
2024-08-13T21:00+02:00;641.325;3561.175;127.22;127.22
2024-08-13T22:00+02:00;534.71;3863.59;111.48;111.48
2024-08-13T23:00+02:00;487.73;3913.96;104.92;104.92
2024-08-14T00:00+02:00;439.35;3725.39;87.73;87.73
2024-08-14T01:00+02:00;501.875;3381.995;90.05;90.05
2024-08-14T02:00+02:00;529.735;2843.455;86.6;86.6
2024-08-14T03:00+02:00;534.93;1917.41;90.3;90.3
2024-08-14T04:00+02:00;619.48;1639.99;93.6;93.6
2024-08-14T05:00+02:00;626.865;1520.145;107.1;107.1
2024-08-14T06:00+02:00;556.375;2040.295;129.74;129.74
2024-08-14T07:00+02:00;522.805;2390.535;136.62;136.62
2024-08-14T08:00+02:00;525.155;2417.425;120.96;120.96
2024-08-14T09:00+02:00;583.17;2262.5;108.79;108.79
2024-08-14T10:00+02:00;625.69;2053.2;83.08;64.85
2024-08-14T11:00+02:00;594.175;2230.405;77.24;64.76
2024-08-14T12:00+02:00;534.91;2699.76;72.85;35.87
2024-08-14T13:00+02:00;561.195;2890.425;75.38;26.32
2024-08-14T14:00+02:00;572.255;2692.975;74.71;16.77
2024-08-14T15:00+02:00;650.94;2428.37;81.74;81.74
2024-08-14T16:00+02:00;725.735;2085.995;94.36;94.36
2024-08-14T17:00+02:00;826.015;1661.725;105.59;105.59
2024-08-14T18:00+02:00;711.01;1321.16;111.48;111.48
2024-08-14T19:00+02:00;1099.11;1166.31;161.41;161.41
2024-08-14T20:00+02:00;841.825;1183.285;218.92;218.92
2024-08-14T21:00+02:00;746.09;1215.04;148.7;148.7
2024-08-14T22:00+02:00;865.96;1049.3;120.43;120.43
2024-08-14T23:00+02:00;674.23;918.48;109.95;109.95
2024-08-15T00:00+02:00;638.435;829.575;110.33;110.33
2024-08-15T01:00+02:00;560.04;761.53;109.66;109.66
2024-08-15T02:00+02:00;598.02;618.45;105.3;105.3
2024-08-15T03:00+02:00;625.925;538.135;94.74;94.74
2024-08-15T04:00+02:00;675.415;541.955;96.02;96.02
2024-08-15T05:00+02:00;553.215;615.235;108.91;108.91
2024-08-15T06:00+02:00;619.93;582.03;119.75;119.75
2024-08-15T07:00+02:00;749.75;723.05;120.71;120.71
2024-08-15T08:00+02:00;743.95;1157.63;114.97;114.97
2024-08-15T09:00+02:00;579.17;1696.48;91.12;91.12
2024-08-15T10:00+02:00;511.855;2459.395;59.1;59.1
2024-08-15T11:00+02:00;508.365;3042.465;19.94;19.94
2024-08-15T12:00+02:00;456.385;3361.965;9.86;9.86
2024-08-15T13:00+02:00;458.06;3089.66;0.01;4.19
2024-08-15T14:00+02:00;394.045;3094.835;-0.04;3.18
2024-08-15T15:00+02:00;396.665;3797.505;4.25;4.36
2024-08-15T16:00+02:00;393.84;3794.51;33.41;33.31
2024-08-15T17:00+02:00;391.31;3718.28;77.26;77.26
2024-08-15T18:00+02:00;527.32;3555.47;119.93;119.93
2024-08-15T19:00+02:00;590.715;3512.595;142.51;142.51
2024-08-15T20:00+02:00;580.09;3575.88;160.3;160.3
2024-08-15T21:00+02:00;625.85;3403.9;121.47;140.84
2024-08-15T22:00+02:00;527.485;3202.765;111.4;118.87
2024-08-15T23:00+02:00;531.885;3405.765;93.54;93.54
2024-08-16T00:00+02:00;456.42;3344.99;81.31;85.34
2024-08-16T01:00+02:00;528.955;3060.925;73.11;73.11
2024-08-16T02:00+02:00;547.68;2701.34;82.8;82.8
2024-08-16T03:00+02:00;604.43;2334.64;78.56;78.56
2024-08-16T04:00+02:00;522.295;1834.245;87.76;87.76
2024-08-16T05:00+02:00;503.56;1447.78;92.05;92.05
2024-08-16T06:00+02:00;658.635;1225.925;128.42;128.42
2024-08-16T07:00+02:00;604.335;1290.795;134.91;134.91
2024-08-16T08:00+02:00;494.01;1597.52;124.83;124.83
2024-08-16T09:00+02:00;500.51;1753.92;100.95;100.95
2024-08-16T10:00+02:00;492.58;2076.87;76.15;76.15
2024-08-16T11:00+02:00;548.245;2002.035;59.83;59.83
2024-08-16T12:00+02:00;543.355;2199.595;50.68;50.68
2024-08-16T13:00+02:00;539.89;2459.79;49.93;49.93
2024-08-16T14:00+02:00;537.735;2498.515;47.57;47.57
2024-08-16T15:00+02:00;516.63;2508.75;54.4;55.16
2024-08-16T16:00+02:00;556.99;2261.61;82.67;82.67
2024-08-16T17:00+02:00;570.415;2101.085;103.76;103.76
2024-08-16T18:00+02:00;667.97;1698.71;134.92;134.92
2024-08-16T19:00+02:00;747.415;1187.495;230.52;230.52
2024-08-16T20:00+02:00;713.405;865.825;243.12;243.12
2024-08-16T21:00+02:00;715.715;773.935;171.83;171.83
2024-08-16T22:00+02:00;570.52;676.43;134.54;134.54
2024-08-16T23:00+02:00;608.08;752.37;116.17;116.17
2024-08-17T00:00+02:00;551.83;769.12;107.11;107.11
2024-08-17T01:00+02:00;524.17;834.86;109.26;109.26
2024-08-17T02:00+02:00;557.675;927.645;103.13;103.13
2024-08-17T03:00+02:00;583.475;1011.835;101.82;101.82
2024-08-17T04:00+02:00;585.725;1013.465;110.59;110.59
2024-08-17T05:00+02:00;584.65;1006.54;110.84;110.84
2024-08-17T06:00+02:00;560.54;987.46;106.7;106.7
2024-08-17T07:00+02:00;556.61;1164.05;103.97;103.97
2024-08-17T08:00+02:00;508.69;1667.39;103.43;103.43
2024-08-17T09:00+02:00;521.41;2353.41;84;84
2024-08-17T10:00+02:00;495.22;3038.78;69.49;69.49
2024-08-17T11:00+02:00;466.065;3432.625;54.16;54.16
2024-08-17T12:00+02:00;449.03;3571.46;46.83;46.83
2024-08-17T13:00+02:00;462.325;3470.545;40.63;40.63
2024-08-17T14:00+02:00;435.54;3255.2;39.35;39.35
2024-08-17T15:00+02:00;435.54;3121.08;39.56;39.56
2024-08-17T16:00+02:00;492.59;2799;58.88;58.88
2024-08-17T17:00+02:00;450.83;2458.03;88.4;88.4
2024-08-17T18:00+02:00;573.475;1776.965;119.68;119.68
2024-08-17T19:00+02:00;647.855;1071.185;140.56;140.56
2024-08-17T20:00+02:00;607.845;799.695;149.18;149.18
2024-08-17T21:00+02:00;657.8;738.64;126.98;126.98
2024-08-17T22:00+02:00;581.81;753.08;116.7;116.7
2024-08-17T23:00+02:00;595.115;675.315;105.82;105.82
2024-08-18T00:00+02:00;567.36;679.05;111.82;111.82
2024-08-18T01:00+02:00;486.91;743.81;112.8;112.8
2024-08-18T02:00+02:00;481.68;831.8;106.17;106.17
2024-08-18T03:00+02:00;495.85;898.74;106.22;106.22
2024-08-18T04:00+02:00;530.835;845.055;104.75;104.75
2024-08-18T05:00+02:00;580.37;770.39;104.97;104.97
2024-08-18T06:00+02:00;590.64;840.97;99.53;99.53
2024-08-18T07:00+02:00;562.2;1053.59;95.2;95.2
2024-08-18T08:00+02:00;538.405;1264.525;88.2;88.2
2024-08-18T09:00+02:00;519.885;1527.215;82.32;82.32
2024-08-18T10:00+02:00;515.28;1863.99;72.12;72.12
2024-08-18T11:00+02:00;498.525;2226.285;72.52;72.52
2024-08-18T12:00+02:00;451.7;2508.85;66.03;66.03
2024-08-18T13:00+02:00;481.16;2588.99;33.64;33.64
2024-08-18T14:00+02:00;424.92;2946.07;17.72;17.72
2024-08-18T15:00+02:00;452.4;3285.31;37.54;51.28
2024-08-18T16:00+02:00;459.22;3204.31;43.63;69.78
2024-08-18T17:00+02:00;748.615;2776.745;82.39;82.39
2024-08-18T18:00+02:00;557.83;2276.72;83.96;93.85
2024-08-18T19:00+02:00;617.95;1689.6;104.78;109.93
2024-08-18T20:00+02:00;628.795;1557.355;111.88;115.68
2024-08-18T21:00+02:00;625.31;1490.62;109.83;109.83
2024-08-18T22:00+02:00;586.18;1553.4;111.4;111.4
2024-08-18T23:00+02:00;550.955;1490.485;99.45;99.45
2024-08-19T00:00+02:00;520.235;1617.695;97.39;97.39
2024-08-19T01:00+02:00;459.265;1596.105;90.1;90.1
2024-08-19T02:00+02:00;438.46;1614.39;88.7;88.7
2024-08-19T03:00+02:00;488.995;1546.065;84.86;84.86
2024-08-19T04:00+02:00;510.7;1296.28;84.5;84.5
2024-08-19T05:00+02:00;477.96;1034.86;87.97;87.97
2024-08-19T06:00+02:00;550.405;837.315;129;129
2024-08-19T07:00+02:00;605.58;968.21;152.33;152.33
2024-08-19T08:00+02:00;592.45;1488.85;129.6;129.6
2024-08-19T09:00+02:00;519.115;2129.585;112.58;112.58
2024-08-19T10:00+02:00;463.775;2503.705;96.9;96.9
2024-08-19T11:00+02:00;569.17;2791.44;89.74;89.74
2024-08-19T12:00+02:00;554.795;2961.735;84.38;84.38
2024-08-19T13:00+02:00;443.675;3079.785;78.87;78.87
2024-08-19T14:00+02:00;502.71;2943.86;80.21;80.21
2024-08-19T15:00+02:00;481.505;2877.135;79.2;79.9
2024-08-19T16:00+02:00;498.06;2668.88;84.05;84.05
2024-08-19T17:00+02:00;550.75;2151.46;100.7;100.7
2024-08-19T18:00+02:00;699.125;1574.255;113.97;113.97
2024-08-19T19:00+02:00;714.55;1097.44;200;200
2024-08-19T20:00+02:00;694.65;955.95;203.83;203.83
2024-08-19T21:00+02:00;653.295;1124.785;140.11;140.11
2024-08-19T22:00+02:00;507.825;1463.465;100.82;100.82
2024-08-19T23:00+02:00;525.48;1881.08;86.2;86.2
2024-08-20T00:00+02:00;476.6;2271.08;92.86;92.86
2024-08-20T01:00+02:00;500.72;2396.05;69.12;87.4
2024-08-20T02:00+02:00;554.535;2537.415;40.64;83.11
2024-08-20T03:00+02:00;456.125;2752.265;40.57;72.54
2024-08-20T04:00+02:00;414.855;2850.135;37.97;69.81
2024-08-20T05:00+02:00;454.6;2933.93;38.37;83
2024-08-20T06:00+02:00;490.25;3063.36;53.93;69.78
2024-08-20T07:00+02:00;447.985;3167.915;79.85;79.85
2024-08-20T08:00+02:00;563.985;3406.245;108.2;108.2
2024-08-20T09:00+02:00;570.55;3742.8;102.24;102.24
2024-08-20T10:00+02:00;537.34;4155.88;60.58;60.58
2024-08-20T11:00+02:00;416.095;4351.075;46.91;46.91
2024-08-20T12:00+02:00;398.505;4442.355;32.85;32.85
2024-08-20T13:00+02:00;421.905;4375.385;18.22;18.22
2024-08-20T14:00+02:00;376.46;4419.28;20.08;20.08
2024-08-20T15:00+02:00;424.525;4192.995;22.43;22.43
2024-08-20T16:00+02:00;433.385;3665.345;34.91;34.91
2024-08-20T17:00+02:00;663.97;3362.19;94.24;94.24
2024-08-20T18:00+02:00;618.27;3125.31;118.07;118.07
2024-08-20T19:00+02:00;609.49;2797.42;123.66;123.66
2024-08-20T20:00+02:00;563.415;2608.565;145.08;145.08
2024-08-20T21:00+02:00;570.37;2577.76;120;120
2024-08-20T22:00+02:00;570.44;2372.77;103.42;103.42
2024-08-20T23:00+02:00;689.335;2244.895;94.69;94.69
2024-08-21T00:00+02:00;509.43;2010.2;87.36;87.36
2024-08-21T01:00+02:00;514.5;1666.05;76.4;76.4
2024-08-21T02:00+02:00;546.16;1225.35;62.28;62.28
2024-08-21T03:00+02:00;423.535;1427.025;51.22;51.22
2024-08-21T04:00+02:00;423.66;1416.69;36;36
2024-08-21T05:00+02:00;487.33;1428.06;37.72;37.72
2024-08-21T06:00+02:00;501.955;1690.785;44.15;44.15
2024-08-21T07:00+02:00;786.245;2148.405;50.1;50.1
2024-08-21T08:00+02:00;732.435;2669.905;77.95;77.95
2024-08-21T09:00+02:00;454.63;3645.57;46.6;43.82
2024-08-21T10:00+02:00;404.68;4153.07;0.16;2.95
2024-08-21T11:00+02:00;406.475;3748.075;-4.95;1.54
2024-08-21T12:00+02:00;380.255;3375.965;-7.54;-0.78
2024-08-21T13:00+02:00;373.515;3128.575;-4.02;-2.02
2024-08-21T14:00+02:00;385.29;3232.93;-3.36;-2.31
2024-08-21T15:00+02:00;375.87;2865.38;-5.35;-2.02
2024-08-21T16:00+02:00;390.765;2944.915;-12.64;1.05
2024-08-21T17:00+02:00;391.105;4824.735;2.01;3.96
2024-08-21T18:00+02:00;444.93;4537.88;62.6;51.63
2024-08-21T19:00+02:00;471.96;3982.46;66.03;66.03
2024-08-21T20:00+02:00;522.26;3523.03;58.39;58.39
2024-08-21T21:00+02:00;537.13;3390.64;58.61;58.61
2024-08-21T22:00+02:00;504.41;3333.15;77.78;53.03
2024-08-21T23:00+02:00;499.27;3154.38;63.53;19.23
2024-08-22T00:00+02:00;414.01;3015.12;20;20
2024-08-22T01:00+02:00;380.75;2517.46;34.12;28.85
2024-08-22T02:00+02:00;403.88;2438.58;26.04;26.04
2024-08-22T03:00+02:00;383.52;2246.93;20.5;20.5
2024-08-22T04:00+02:00;389.225;2278.855;16.05;16.05
2024-08-22T05:00+02:00;384.845;2305.485;11.11;11.11
2024-08-22T06:00+02:00;392.225;2590.325;21.21;21.21
2024-08-22T07:00+02:00;396.255;3046.525;18.91;18.91
2024-08-22T08:00+02:00;390.905;3368.315;31.1;31.1
2024-08-22T09:00+02:00;402.945;3724.255;14.89;14.89
2024-08-22T10:00+02:00;418.665;4125.155;7.84;7.84
2024-08-22T11:00+02:00;410.955;3636.025;0;3.79
2024-08-22T12:00+02:00;390.82;3125.65;-0.38;2.8
2024-08-22T13:00+02:00;384.75;3113.81;-2.56;1.61
2024-08-22T14:00+02:00;378.665;3201.315;-1.51;1.59
2024-08-22T15:00+02:00;397.36;2989.88;-4.35;1.15
2024-08-22T16:00+02:00;372.86;3506.78;-0.09;3.73
2024-08-22T17:00+02:00;392.875;4572.935;19.39;15.58
2024-08-22T18:00+02:00;419.685;4672.315;53.65;53.65
2024-08-22T19:00+02:00;466.29;4639.26;58;58
2024-08-22T20:00+02:00;530.52;4338.29;66.59;66.59
2024-08-22T21:00+02:00;505.685;4220.735;59.98;59.98
2024-08-22T22:00+02:00;502.755;4175.595;56.62;56.62
2024-08-22T23:00+02:00;501.765;4024.675;56.62;56.62
2024-08-23T00:00+02:00;502.845;3525.985;25.1;25.1
2024-08-23T01:00+02:00;437.56;3210.98;39.93;39.93
2024-08-23T02:00+02:00;412.88;3140.03;33.02;33.02
2024-08-23T03:00+02:00;421.425;3146.805;17;17
2024-08-23T04:00+02:00;408.69;3095.72;9.4;9.4
2024-08-23T05:00+02:00;428.875;3047.155;6.85;6.85
2024-08-23T06:00+02:00;477.855;3155.105;15.01;15.01
2024-08-23T07:00+02:00;488.05;3435.23;25.28;25.28
2024-08-23T08:00+02:00;472.77;3834.44;27.19;27.19
2024-08-23T09:00+02:00;426.025;4502.095;4.06;3.71
2024-08-23T10:00+02:00;365.735;3495.655;-0.01;1.22
2024-08-23T11:00+02:00;358.725;3595.925;-0.09;0.01
2024-08-23T12:00+02:00;343.945;3856.995;-0.08;-0.07
2024-08-23T13:00+02:00;319.37;3913.37;-0.8;-0.8
2024-08-23T14:00+02:00;317.745;3839.575;-2.12;-1.76
2024-08-23T15:00+02:00;330.83;3858.14;-2.13;-0.81
2024-08-23T16:00+02:00;335.54;3963.99;-4.13;0.32
2024-08-23T17:00+02:00;333.43;4717.92;-0.03;2.64
2024-08-23T18:00+02:00;379.83;6040.44;18.6;15.94
2024-08-23T19:00+02:00;383.695;6008.875;10.38;10.38
2024-08-23T20:00+02:00;393.21;5662.21;14.81;14.81
2024-08-23T21:00+02:00;416.895;5346.155;18.52;18.52
2024-08-23T22:00+02:00;466.905;4787.695;26.78;26.78
2024-08-23T23:00+02:00;599.56;3774.63;48.61;48.61
2024-08-24T00:00+02:00;707.045;2884.525;94.4;94.4
2024-08-24T01:00+02:00;621.9;2293.89;79.22;79.22
2024-08-24T02:00+02:00;633.95;1870.15;78.25;78.25
2024-08-24T03:00+02:00;638.625;1624.945;72.53;72.53
2024-08-24T04:00+02:00;616.445;1563.025;78.23;78.23
2024-08-24T05:00+02:00;687.655;1568.445;102.81;102.81
2024-08-24T06:00+02:00;587.12;1694.8;99.9;99.9
2024-08-24T07:00+02:00;567.12;1861.63;99.07;99.07
2024-08-24T08:00+02:00;548.235;2276.895;76.22;76.22
2024-08-24T09:00+02:00;436.265;2921.345;15;15
2024-08-24T10:00+02:00;376;2413.11;-0.03;-0.85
2024-08-24T11:00+02:00;416.385;1805.575;-6.85;-6.04
2024-08-24T12:00+02:00;375.99;1906.85;-12.35;-11.75
2024-08-24T13:00+02:00;358.255;2013.235;-9.39;-9.99
2024-08-24T14:00+02:00;328.45;1867.58;-8.16;-8.16
2024-08-24T15:00+02:00;402.735;1649.735;-9.37;-9.37
2024-08-24T16:00+02:00;482.26;1480.6;-8.15;-4.45
2024-08-24T17:00+02:00;520.79;1647.43;-0.99;-0.97
2024-08-24T18:00+02:00;525.74;1824.5;67.99;67.96
2024-08-24T19:00+02:00;568.625;2182.225;90.2;90.2
2024-08-24T20:00+02:00;544.2;2643.15;80.08;80.08
2024-08-24T21:00+02:00;552.5;2539.93;68.91;68.91
2024-08-24T22:00+02:00;533.88;2088.05;64.14;64.14
2024-08-24T23:00+02:00;435.89;1892.36;49.39;3
2024-08-25T00:00+02:00;387.22;1168.51;0.37;0.37
2024-08-25T01:00+02:00;354.49;1154.74;-0.02;-0.02
2024-08-25T02:00+02:00;402.45;1290.74;-0.34;-0.34
2024-08-25T03:00+02:00;434.08;1069.22;-1;-1
2024-08-25T04:00+02:00;376.19;1081.29;-0.89;-0.89
2024-08-25T05:00+02:00;353.97;1340.19;-0.42;-0.42
2024-08-25T06:00+02:00;342.505;1730.425;-0.05;-0.05
2024-08-25T07:00+02:00;347.89;2180.68;-0.01;-0.01
2024-08-25T08:00+02:00;351.665;2352.335;-0.01;-0.01
2024-08-25T09:00+02:00;333.69;2580.58;-1.39;-1.39
2024-08-25T10:00+02:00;338.39;2916.58;-6.07;-6.07
2024-08-25T11:00+02:00;347.635;3104.075;-10.1;-10.1
2024-08-25T12:00+02:00;362.515;3027.355;-15.5;-15.5
2024-08-25T13:00+02:00;333.34;3165.32;-20.01;-20.01
2024-08-25T14:00+02:00;329.335;3158.145;-19.83;-19.83
2024-08-25T15:00+02:00;298.465;3239.255;-10.15;-10.15
2024-08-25T16:00+02:00;321.315;3526.025;-5.01;-5.01
2024-08-25T17:00+02:00;330.055;4783.805;1;1
2024-08-25T18:00+02:00;375.315;5017.935;42.29;42.29
2024-08-25T19:00+02:00;416.065;3803.365;97.92;97.92
2024-08-25T20:00+02:00;520.075;3026.665;119.45;119.45
2024-08-25T21:00+02:00;555.575;2827.095;105.49;105.49
2024-08-25T22:00+02:00;526.315;2919.565;99.7;99.7
2024-08-25T23:00+02:00;455.67;2898.18;92.48;92.48
2024-08-26T00:00+02:00;396.385;2975.665;19.63;50.66
2024-08-26T01:00+02:00;392.125;3209.225;7.03;22.93
2024-08-26T02:00+02:00;389.67;3308.61;2.77;2.93
2024-08-26T03:00+02:00;386.525;2961.315;1.41;1.41
2024-08-26T04:00+02:00;390.115;3034.085;1.16;1.16
2024-08-26T05:00+02:00;409.895;3485.885;1.93;1.93
2024-08-26T06:00+02:00;411.835;3698.665;24.64;113.11
2024-08-26T07:00+02:00;405.385;3938.165;28.07;153.69
2024-08-26T08:00+02:00;389.655;4331.205;30.98;130.97
2024-08-26T09:00+02:00;410.335;4987.705;30;98.93
2024-08-26T10:00+02:00;368.975;5544.045;25.01;54.87
2024-08-26T11:00+02:00;363.635;6061.115;13.38;4.21
2024-08-26T12:00+02:00;411.72;6201.1;4.98;2.97
2024-08-26T13:00+02:00;362.585;6264.095;5;2.98
2024-08-26T14:00+02:00;372;5982.09;16.29;7.02
2024-08-26T15:00+02:00;400.85;5589.05;24.39;62.98
2024-08-26T16:00+02:00;373.035;5024.505;37.28;88
2024-08-26T17:00+02:00;769.72;3934.5;98.85;99.47
2024-08-26T18:00+02:00;862.35;2924.76;114.09;116.82
2024-08-26T19:00+02:00;809.23;2068.12;186;190.31
2024-08-26T20:00+02:00;983.08;1671.54;224.28;231.06
2024-08-26T21:00+02:00;738.58;1615.67;142.49;143.82
2024-08-26T22:00+02:00;533.24;1398.94;110.86;110.86
2024-08-26T23:00+02:00;676.44;1204.26;106.6;107.54
2024-08-27T00:00+02:00;516.64;1156.38;98.41;98.41
2024-08-27T01:00+02:00;511.71;1157.81;89.86;89.91
2024-08-27T02:00+02:00;502.325;1106.345;85.3;86.45
2024-08-27T03:00+02:00;494.695;921.755;85.3;87.3
2024-08-27T04:00+02:00;564.76;759.01;86;89.1
2024-08-27T05:00+02:00;564.24;739.77;96.2;100.16
2024-08-27T06:00+02:00;577.11;858.65;125.76;125.76
2024-08-27T07:00+02:00;516.585;1281.745;137.99;137.99
2024-08-27T08:00+02:00;496.43;1828.34;111.07;116.01
2024-08-27T09:00+02:00;472.185;2559.975;83.98;89.94
2024-08-27T10:00+02:00;463.06;3259.01;72.32;73.72
2024-08-27T11:00+02:00;466.035;4080.975;28.37;29.13
2024-08-27T12:00+02:00;451.41;4636.2;4.01;5.07
2024-08-27T13:00+02:00;443.05;4404.33;1.18;1.18
2024-08-27T14:00+02:00;452.165;4819.135;2.33;2.33
2024-08-27T15:00+02:00;435.81;5019.24;23.12;23.45
2024-08-27T16:00+02:00;396.615;4833.025;45.4;52.5
2024-08-27T17:00+02:00;459.995;4150.725;88.71;88.71
2024-08-27T18:00+02:00;547.46;3192.44;116.06;116.06
2024-08-27T19:00+02:00;689.995;2211.745;225;232.25
2024-08-27T20:00+02:00;620.21;1862.36;212.2;217.92
2024-08-27T21:00+02:00;632.115;1650.115;120.52;120.52
2024-08-27T22:00+02:00;584.135;1596.515;105.21;105.21
2024-08-27T23:00+02:00;487.605;1697.815;92.47;92.47
2024-08-28T00:00+02:00;447.855;1768.315;90.47;90.47
2024-08-28T01:00+02:00;527.87;1934.86;91.31;91.31
2024-08-28T02:00+02:00;471.92;1777.01;87.48;87.48
2024-08-28T03:00+02:00;474.91;1585.23;89.2;89.2
2024-08-28T04:00+02:00;471.145;1340.405;91.22;91.74
2024-08-28T05:00+02:00;453.525;1282.265;91.73;92.35
2024-08-28T06:00+02:00;527.35;1286.04;113.96;114.99
2024-08-28T07:00+02:00;646.055;1564.655;128.4;128.57
2024-08-28T08:00+02:00;622.775;2010.735;121;121
2024-08-28T09:00+02:00;574.495;2695.935;105.4;105.4
2024-08-28T10:00+02:00;527.305;3207.495;87.56;87.56
2024-08-28T11:00+02:00;503.655;3929.395;68.78;68.78
2024-08-28T12:00+02:00;395.105;4447.295;35.14;35.14
2024-08-28T13:00+02:00;399.705;4777.205;10.4;10.4
2024-08-28T14:00+02:00;449.36;4896.2;8.17;4.02
2024-08-28T15:00+02:00;508.57;4880.63;54.16;4
2024-08-28T16:00+02:00;549.555;4641.835;78.56;4.97
2024-08-28T17:00+02:00;500.36;4367.18;91.78;22.05
2024-08-28T18:00+02:00;605.4;3862.42;110.61;62.24
2024-08-28T19:00+02:00;820.77;3257.52;196.29;84.98
2024-08-28T20:00+02:00;562.385;3405.125;198.89;65.48
2024-08-28T21:00+02:00;546.61;3629.03;124.84;26.82
2024-08-28T22:00+02:00;465.55;3775.27;111.76;4.21
2024-08-28T23:00+02:00;429.065;3773.135;99.7;2.99
2024-08-29T00:00+02:00;380.355;3628.055;93.53;10.07
2024-08-29T01:00+02:00;367.49;3503.06;93.98;10.07
2024-08-29T02:00+02:00;386.56;3210.77;89.81;18
2024-08-29T03:00+02:00;394.935;2949.385;88.68;25.15
2024-08-29T04:00+02:00;414.05;2784.51;89.37;42.05
2024-08-29T05:00+02:00;414.215;2521.365;100.62;101.23
2024-08-29T06:00+02:00;462.005;2288.665;113.91;125.46
2024-08-29T07:00+02:00;551.4;2386.31;133.26;134.47
2024-08-29T08:00+02:00;466.835;2468.195;126.24;126.24
2024-08-29T09:00+02:00;554.65;2921.85;108.71;108.71
2024-08-29T10:00+02:00;459.14;3499.62;92.19;92.19
2024-08-29T11:00+02:00;400.92;3791.86;84.4;84.4
2024-08-29T12:00+02:00;409.84;4078.99;65.78;65.78
2024-08-29T13:00+02:00;392.35;4271.84;45.25;45.25
2024-08-29T14:00+02:00;411.19;4232.38;51.32;51.32
2024-08-29T15:00+02:00;475.275;3960.835;79.45;79.45
2024-08-29T16:00+02:00;501.625;3360.445;90.15;90.15
2024-08-29T17:00+02:00;609.69;2584.36;105.38;105.38
2024-08-29T18:00+02:00;641.255;2228.425;114.69;123.51
2024-08-29T19:00+02:00;702.815;1653.295;219.84;227.49
2024-08-29T20:00+02:00;853.27;1417.08;278.49;289.27
2024-08-29T21:00+02:00;706.64;1334.18;166;169.09
2024-08-29T22:00+02:00;579.98;1339.34;124.93;125
2024-08-29T23:00+02:00;553.33;1321.43;110.1;110.1
2024-08-30T00:00+02:00;455.055;1324.905;109.88;109.88
2024-08-30T01:00+02:00;496.04;1320.45;100.3;100.3
2024-08-30T02:00+02:00;505.71;1323.27;93.53;93.53
2024-08-30T03:00+02:00;478.18;1272.94;93.28;93.28
2024-08-30T04:00+02:00;465.45;1234.71;94.87;97.62
2024-08-30T05:00+02:00;537.985;1151.965;104.16;107.37
2024-08-30T06:00+02:00;574.33;1237.92;136.83;133.55
2024-08-30T07:00+02:00;574.88;1582.88;151.06;146.16
2024-08-30T08:00+02:00;591.055;1953.125;133.55;141.73
2024-08-30T09:00+02:00;550.78;2366.47;113.7;113.7
2024-08-30T10:00+02:00;536.92;2766.06;98.24;98.24
2024-08-30T11:00+02:00;608.315;3119.725;89.95;122.44
2024-08-30T12:00+02:00;635.92;3673.68;86.13;53.63
2024-08-30T13:00+02:00;562;3971.53;80.2;80.2
2024-08-30T14:00+02:00;447.03;4072.46;78.97;79.08
2024-08-30T15:00+02:00;422.015;4085.225;81.98;81.98
2024-08-30T16:00+02:00;470.245;3866.065;85.36;86.35
2024-08-30T17:00+02:00;551.54;3246.7;99.16;101.96
2024-08-30T18:00+02:00;496.625;2486.565;119.99;119.99
2024-08-30T19:00+02:00;467.315;1853.205;144.9;156.11
2024-08-30T20:00+02:00;454.95;1672;137.29;137.29
2024-08-30T21:00+02:00;486.29;1692.76;112.71;112.71
2024-08-30T22:00+02:00;505.96;1785.63;96.83;96.83
2024-08-30T23:00+02:00;571.945;1781.515;95.36;95.36
2024-08-31T00:00+02:00;551.85;1686.32;107.67;107.67
2024-08-31T01:00+02:00;492.44;1741.39;103.34;103.34
2024-08-31T02:00+02:00;499.76;1689.26;102.06;102.06
2024-08-31T03:00+02:00;416.83;1544.15;99.04;99.04
2024-08-31T04:00+02:00;408.975;1558.015;96.65;96.65
2024-08-31T05:00+02:00;425.36;1464.62;98.07;98.07
2024-08-31T06:00+02:00;425.22;1394.95;109.97;109.97
2024-08-31T07:00+02:00;439.205;1558.335;110.75;110.75
2024-08-31T08:00+02:00;487.25;2114.87;109.97;109.97
2024-08-31T09:00+02:00;493.16;2859.59;84.92;84.92
2024-08-31T10:00+02:00;407.865;3148.475;60.13;60.13
2024-08-31T11:00+02:00;381.825;3382.835;18.34;18.34
2024-08-31T12:00+02:00;387.725;3048.445;0.47;0.47
2024-08-31T13:00+02:00;382.205;2542.795;-0.59;-0.59
2024-08-31T14:00+02:00;374.88;2363.21;-0.8;-0.8
2024-08-31T15:00+02:00;385.455;2856.265;2.55;2.55
2024-08-31T16:00+02:00;410.515;2545.325;23.71;23.71
2024-08-31T17:00+02:00;496.775;2064.715;80.02;80.02
2024-08-31T18:00+02:00;451.58;1225.3;117.3;117.3
2024-08-31T19:00+02:00;507.3;680.11;148.29;148.29
2024-08-31T20:00+02:00;532;521.13;126.78;126.78
2024-08-31T21:00+02:00;498.365;556.035;107.29;107.29
2024-08-31T22:00+02:00;435.345;539.775;99.85;99.85
2024-08-31T23:00+02:00;359.115;563.725;89.23;89.23
2024-09-01T00:00+02:00;299.895;704.845;93.76;93.76
2024-09-01T01:00+02:00;294.905;790.495;85.98;85.98
2024-09-01T02:00+02:00;293.03;762.68;80.37;80.37
2024-09-01T03:00+02:00;289.7;686.44;79.57;80.14
2024-09-01T04:00+02:00;373.33;639.52;79.87;79.87
2024-09-01T05:00+02:00;350.85;642.11;76.57;76.57
2024-09-01T06:00+02:00;289.745;722.175;73.8;79.49
2024-09-01T07:00+02:00;285.755;1005.845;72.09;73.1
2024-09-01T08:00+02:00;284.365;1553.545;60.63;60.63
2024-09-01T09:00+02:00;280.96;2040.63;41.27;41.27
2024-09-01T10:00+02:00;266.87;2481.13;12.73;9.32
2024-09-01T11:00+02:00;218.93;2278.53;-0.79;2.62
2024-09-01T12:00+02:00;211.86;2067.93;-3.39;-3.39
2024-09-01T13:00+02:00;245.47;2157.86;-2.72;-2.72
2024-09-01T14:00+02:00;262.645;1789.945;-5.11;-3.44
2024-09-01T15:00+02:00;262;2092.41;-4.99;3.58
2024-09-01T16:00+02:00;273.435;2280.485;25.56;16.99
2024-09-01T17:00+02:00;297.54;1996.02;78.28;78.28
2024-09-01T18:00+02:00;325.11;1641.75;109.11;109.11
2024-09-01T19:00+02:00;359.89;1349.59;131.6;131.6
2024-09-01T20:00+02:00;360.38;1256.23;123.87;123.91
2024-09-01T21:00+02:00;365.72;1267.34;107.63;107.63
2024-09-01T22:00+02:00;478.395;1365.425;102.02;102.02
2024-09-01T23:00+02:00;345.87;1421.47;91.5;91.5
2024-09-02T00:00+02:00;307.195;1491.915;91.24;91.24
2024-09-02T01:00+02:00;294.155;1647.005;94.77;94.77
2024-09-02T02:00+02:00;294.055;1591.505;92.39;92.39
2024-09-02T03:00+02:00;298.215;1462.705;92.51;92.51
2024-09-02T04:00+02:00;309.31;1272.26;91.59;91.59
2024-09-02T05:00+02:00;395.4;1194.81;101.52;101.52
2024-09-02T06:00+02:00;442.025;1321.805;114.73;114.73
2024-09-02T07:00+02:00;448.36;1560.42;133.32;134.95
2024-09-02T08:00+02:00;446.045;2053.145;131.94;131.94
2024-09-02T09:00+02:00;452.92;2560.73;122.64;122.64
2024-09-02T10:00+02:00;439;3086.34;102.83;102.83
2024-09-02T11:00+02:00;440.76;3419.96;90.82;90.82
2024-09-02T12:00+02:00;434.975;3764.905;85.02;85.05
2024-09-02T13:00+02:00;423.795;4119.885;73.36;81.19
2024-09-02T14:00+02:00;421.695;4142.335;72.91;83.63
2024-09-02T15:00+02:00;428.275;3793.455;82.2;88.24
2024-09-02T16:00+02:00;518.535;3501.135;93.63;93.63
2024-09-02T17:00+02:00;587.16;3021.22;112.88;112.88
2024-09-02T18:00+02:00;647.78;2676.06;137.78;137.78
2024-09-02T19:00+02:00;744.135;2454.045;255.4;255.4
2024-09-02T20:00+02:00;737.095;2612.715;210.49;212.06
2024-09-02T21:00+02:00;706.81;3003.51;131.9;131.9
2024-09-02T22:00+02:00;639.495;3010.165;114.24;114.24
2024-09-02T23:00+02:00;620.21;3011.36;103.84;103.84
2024-09-03T00:00+02:00;578.745;2772.055;99.58;99.58
2024-09-03T01:00+02:00;422.805;2859.845;93;93
2024-09-03T02:00+02:00;406.83;2747.49;91.5;91.5
2024-09-03T03:00+02:00;419.985;2864.705;92.97;92.97
2024-09-03T04:00+02:00;449.74;2961.88;96;96
2024-09-03T05:00+02:00;589.605;2937.475;99.91;99.91
2024-09-03T06:00+02:00;596.535;2976.735;123.9;133.92
2024-09-03T07:00+02:00;616.44;2981.23;148.43;148.43
2024-09-03T08:00+02:00;616.91;3134.63;133.95;133.95
2024-09-03T09:00+02:00;596.55;3228.61;115.98;115.98
2024-09-03T10:00+02:00;620.865;3239.865;98.88;98.88
2024-09-03T11:00+02:00;474.36;3523.15;90.02;90.02
2024-09-03T12:00+02:00;403.48;3602.89;84.8;84.8
2024-09-03T13:00+02:00;479.695;3628.145;82.69;82.69
2024-09-03T14:00+02:00;404.44;3577.78;84.13;84.13
2024-09-03T15:00+02:00;412.62;3413.91;86.67;86.67
2024-09-03T16:00+02:00;498.23;2917.06;91.21;91.21
2024-09-03T17:00+02:00;636.63;2431.07;120.95;120.95
2024-09-03T18:00+02:00;755.48;1998.77;217.09;217.09
2024-09-03T19:00+02:00;787.42;1768.09;334.59;334.59
2024-09-03T20:00+02:00;762.785;1706.875;340;340
2024-09-03T21:00+02:00;748.105;1566.525;206.8;206.8
2024-09-03T22:00+02:00;667.87;1443.07;133.2;133.2
2024-09-03T23:00+02:00;632.63;1251.11;117.32;117.32
2024-09-04T00:00+02:00;686.66;949.44;108.17;108.17
2024-09-04T01:00+02:00;665.815;793.615;101.02;101.02
2024-09-04T02:00+02:00;539.055;601.275;98.89;98.89
2024-09-04T03:00+02:00;466.895;557.805;98.34;98.34
2024-09-04T04:00+02:00;470.975;565.725;98.62;98.62
2024-09-04T05:00+02:00;579.475;515.575;109.37;109.37
2024-09-04T06:00+02:00;613.07;630.93;144.02;144.02
2024-09-04T07:00+02:00;633.83;718.92;181.16;181.16
2024-09-04T08:00+02:00;644.515;985.975;155.89;155.89
2024-09-04T09:00+02:00;639.495;1283.405;125.29;125.29
2024-09-04T10:00+02:00;587.265;1604.725;107.21;107.21
2024-09-04T11:00+02:00;410.275;1914.735;96.06;96.06
2024-09-04T12:00+02:00;557.305;2436.415;92;92
2024-09-04T13:00+02:00;400.105;2586.015;90.49;90.49
2024-09-04T14:00+02:00;427.3;2792.64;89.2;89.2
2024-09-04T15:00+02:00;401.34;2665.03;92.72;92.72
2024-09-04T16:00+02:00;564.06;2627.18;101.85;101.85
2024-09-04T17:00+02:00;639.125;2595.045;123.97;123.97
2024-09-04T18:00+02:00;724.7;2382.89;155.7;155.7
2024-09-04T19:00+02:00;772.42;2490.47;303;303
2024-09-04T20:00+02:00;766.7;2714.1;181.95;181.95
2024-09-04T21:00+02:00;687.82;2939.06;130.26;130.26
2024-09-04T22:00+02:00;642.92;3044.51;108.59;82.04
2024-09-04T23:00+02:00;592.825;2972.565;99.58;56.26
2024-09-05T00:00+02:00;458.815;2727.735;101.27;101.27
2024-09-05T01:00+02:00;384.635;2686.625;94.6;94.6
2024-09-05T02:00+02:00;345.56;2689.1;90;90
2024-09-05T03:00+02:00;292.33;2886.85;87.11;87.11
2024-09-05T04:00+02:00;317.355;2860.325;80.57;80.57
2024-09-05T05:00+02:00;329.35;3034.82;51.8;51.8
2024-09-05T06:00+02:00;254.765;3205.715;80.39;80.39
2024-09-05T07:00+02:00;250.055;3395.135;88.88;88.88
2024-09-05T08:00+02:00;251.85;3788.36;54.67;54.67
2024-09-05T09:00+02:00;248.465;4277.245;39.86;39.86
2024-09-05T10:00+02:00;242.665;4996.805;65.06;51.65
2024-09-05T11:00+02:00;231.095;5067.685;0.11;13.52
2024-09-05T12:00+02:00;233.75;4272.77;-0.07;2.93
2024-09-05T13:00+02:00;228.745;3854.075;-0.82;0.01
2024-09-05T14:00+02:00;222.46;4141.8;-0.1;0.01
2024-09-05T15:00+02:00;222.125;3713.245;-2.04;0.01
2024-09-05T16:00+02:00;222.82;4631.57;-0.01;5.56
2024-09-05T17:00+02:00;233.21;5022.03;36.13;29.83
2024-09-05T18:00+02:00;239.105;4269.995;55.5;55.5
2024-09-05T19:00+02:00;244.365;3966.065;51;51
2024-09-05T20:00+02:00;235.735;4024.965;45.64;45.64
2024-09-05T21:00+02:00;246.375;4199.765;39.92;39.92
2024-09-05T22:00+02:00;236.715;4227.135;34.99;34.99
2024-09-05T23:00+02:00;236.69;4264.45;30.81;26.25
2024-09-06T00:00+02:00;235.395;4340.765;22.19;22.19
2024-09-06T01:00+02:00;236.68;4221.49;19.92;19.92
2024-09-06T02:00+02:00;244.02;4161.87;19.9;19.9
2024-09-06T03:00+02:00;249.755;4174.635;20;20
2024-09-06T04:00+02:00;248.775;4214.135;22.25;22.25
2024-09-06T05:00+02:00;250.025;4129.475;24.8;24.8
2024-09-06T06:00+02:00;253.28;4109.81;28.67;28.67
2024-09-06T07:00+02:00;254.82;4236.53;42.25;42.25
2024-09-06T08:00+02:00;255.535;4602.935;43.01;43.01
2024-09-06T09:00+02:00;255.47;5177.24;39.48;39.48
2024-09-06T10:00+02:00;251.7;5665.62;30;30
2024-09-06T11:00+02:00;245.495;6090.695;20.07;20.07
2024-09-06T12:00+02:00;247.3;6065.36;13.61;13.61
2024-09-06T13:00+02:00;246.28;6177.88;12.48;7.95
2024-09-06T14:00+02:00;238.995;5989.285;14.53;7.81
2024-09-06T15:00+02:00;242.49;5643.63;15.01;15.01
2024-09-06T16:00+02:00;246.175;5190.555;15.06;15.06
2024-09-06T17:00+02:00;255.05;5061.93;42.09;42.09
2024-09-06T18:00+02:00;272.295;4247.665;74.67;74.67
2024-09-06T19:00+02:00;303.26;3579.2;99.96;99.96
2024-09-06T20:00+02:00;310.52;3631.22;99.83;99.83
2024-09-06T21:00+02:00;301.895;3785.565;72.95;72.95
2024-09-06T22:00+02:00;288.93;3644.11;46.23;46.23
2024-09-06T23:00+02:00;348.025;3509.785;42.17;42.17
2024-09-07T00:00+02:00;280.725;3290.475;102.3;102.3
2024-09-07T01:00+02:00;271.935;2986.525;96.61;96.61
2024-09-07T02:00+02:00;281.23;2898.46;94.73;94.73
2024-09-07T03:00+02:00;281.245;2710.715;92.41;92.41
2024-09-07T04:00+02:00;265.92;2515.62;94.4;94.4
2024-09-07T05:00+02:00;259.67;2360.87;97.35;97.35
2024-09-07T06:00+02:00;308.92;2328.72;100.26;100.26
2024-09-07T07:00+02:00;284.66;2249.15;102.55;102.55
2024-09-07T08:00+02:00;281.995;2373.965;95.44;95.44
2024-09-07T09:00+02:00;254.17;2715.01;84.19;84.19
2024-09-07T10:00+02:00;254.01;3169.69;51.52;51.52
2024-09-07T11:00+02:00;252.655;3647.795;14.17;14.17
2024-09-07T12:00+02:00;254.44;4136.79;5.48;5.27
2024-09-07T13:00+02:00;255.21;3981.11;1.02;1.24
2024-09-07T14:00+02:00;255.075;3887.755;0.44;3.1
2024-09-07T15:00+02:00;252.79;3907.69;8.41;5.75
2024-09-07T16:00+02:00;253.985;3325.775;49.62;49.62
2024-09-07T17:00+02:00;312.69;2644.45;101.4;101.4
2024-09-07T18:00+02:00;384.23;1984.98;128.57;128.57
2024-09-07T19:00+02:00;397.075;1532.305;150.4;150.4
2024-09-07T20:00+02:00;427.125;1706.875;133;133
2024-09-07T21:00+02:00;358.61;1743.12;101.9;101.9
2024-09-07T22:00+02:00;315.42;1806.2;92.32;92.32
2024-09-07T23:00+02:00;301.675;1832.005;89.24;89.24
2024-09-08T00:00+02:00;266.37;1707.86;93.91;93.91
2024-09-08T01:00+02:00;231.655;1623.115;86.46;86.46
2024-09-08T02:00+02:00;223.095;1564.395;83.68;83.68
2024-09-08T03:00+02:00;224.445;1562.505;82;82
2024-09-08T04:00+02:00;221.58;1507.18;82.39;82.39
2024-09-08T05:00+02:00;231.36;1590.98;85.1;85.1
2024-09-08T06:00+02:00;230.9;1733.18;83.36;83.36
2024-09-08T07:00+02:00;232.82;1906.68;82.07;82.07
2024-09-08T08:00+02:00;225.97;2270.49;76.73;76.73
2024-09-08T09:00+02:00;222.775;2684.875;40.58;40.58
2024-09-08T10:00+02:00;223.58;3292.18;8.29;6.24
2024-09-08T11:00+02:00;226.445;3138.135;0.44;2.49
2024-09-08T12:00+02:00;227.58;3242.09;0.04;0.04
2024-09-08T13:00+02:00;228.64;3400.2;0.01;0.01
2024-09-08T14:00+02:00;222.1;3576.21;1.16;1.19
2024-09-08T15:00+02:00;197.925;4008.105;3.17;3.14
2024-09-08T16:00+02:00;198.69;3319.84;58.62;58.62
2024-09-08T17:00+02:00;247.015;2625.855;95.99;95.99
2024-09-08T18:00+02:00;248.425;2060.785;119.04;119.04
2024-09-08T19:00+02:00;255.955;1653.085;124.15;124.15
2024-09-08T20:00+02:00;260.055;1692.785;128.12;128.12
2024-09-08T21:00+02:00;248.515;1788.115;117.2;117.2
2024-09-08T22:00+02:00;243.005;1697.895;105.8;105.8
2024-09-08T23:00+02:00;232.59;1418.18;97.13;97.13
2024-09-09T00:00+02:00;225.09;1115.55;86.41;86.41
2024-09-09T01:00+02:00;225.82;917.95;85.76;85.76
2024-09-09T02:00+02:00;221.935;1077.705;84.1;84.1
2024-09-09T03:00+02:00;221.035;1137.525;82.03;82.03
2024-09-09T04:00+02:00;221.765;1106.475;85.11;85.11
2024-09-09T05:00+02:00;224.985;1134.105;85.79;85.79
2024-09-09T06:00+02:00;284.125;1199.085;118.47;118.47
2024-09-09T07:00+02:00;386.245;1476.635;140.62;140.62
2024-09-09T08:00+02:00;368.57;1488.9;159.57;159.57
2024-09-09T09:00+02:00;381.255;1483.075;129.68;129.68
2024-09-09T10:00+02:00;332.72;1928.59;110.87;110.87
2024-09-09T11:00+02:00;320.485;2152.535;100.74;100.74
2024-09-09T12:00+02:00;268.3;1731.4;94.98;94.98
2024-09-09T13:00+02:00;322.865;1772.195;89.17;89.17
2024-09-09T14:00+02:00;244.62;2069.72;82.06;82.06
2024-09-09T15:00+02:00;237.615;2605.465;83.98;83.98
2024-09-09T16:00+02:00;233.64;2763.27;78.68;78.68
2024-09-09T17:00+02:00;279.61;2881.54;92.8;92.8
2024-09-09T18:00+02:00;341.595;2890.075;113.15;113.15
2024-09-09T19:00+02:00;358.48;3043.43;114.56;114.56
2024-09-09T20:00+02:00;388.05;3522.58;88.12;88.12
2024-09-09T21:00+02:00;265.15;4075.13;65.02;65.02
2024-09-09T22:00+02:00;234.625;4346.595;33.98;33.98
2024-09-09T23:00+02:00;227.755;4560.085;33.85;33.85
2024-09-10T00:00+02:00;220.105;4288.375;1.91;2.9
2024-09-10T01:00+02:00;215.95;4498.42;2.94;2.94
2024-09-10T02:00+02:00;216.16;4170.83;2.1;2.1
2024-09-10T03:00+02:00;215.415;3667.425;0.69;0.69
2024-09-10T04:00+02:00;215.025;3326.445;0;0
2024-09-10T05:00+02:00;213.785;3277.815;0;0
2024-09-10T06:00+02:00;234.05;3438.54;1.81;1.81
2024-09-10T07:00+02:00;243.215;3980.975;22.55;22.55
2024-09-10T08:00+02:00;250.4;4278.53;67.59;67.59
2024-09-10T09:00+02:00;252.44;4809.56;54.06;54.06
2024-09-10T10:00+02:00;240.85;5387.16;37.88;37.88
2024-09-10T11:00+02:00;219.575;5797.465;9.52;9.52
2024-09-10T12:00+02:00;213.94;5001.47;0.04;0.04
2024-09-10T13:00+02:00;204.98;3914.02;-0.07;-0.07
2024-09-10T14:00+02:00;202.51;3361.06;-0.16;-0.16
2024-09-10T15:00+02:00;204.595;3395.515;-0.04;-0.04
2024-09-10T16:00+02:00;202.69;4794.95;0.22;0.22
2024-09-10T17:00+02:00;214.525;5642.455;20.4;20.4
2024-09-10T18:00+02:00;221.175;4889.555;25.71;25.71
2024-09-10T19:00+02:00;235.69;4673.52;30.05;30.05
2024-09-10T20:00+02:00;254.32;4142.83;35.07;35.07
2024-09-10T21:00+02:00;242.65;3948.03;31.47;22.74
2024-09-10T22:00+02:00;232.33;3793.39;31.14;12.01
2024-09-10T23:00+02:00;234.905;3662.905;32.96;10.14
2024-09-11T00:00+02:00;209.51;3508.33;20.06;20.06
2024-09-11T01:00+02:00;236.545;3185.675;15.04;15.04
2024-09-11T02:00+02:00;234.02;2735.07;16.8;16.8
2024-09-11T03:00+02:00;202.915;2362.315;19.09;19.09
2024-09-11T04:00+02:00;205.85;2081.65;23.91;23.91
2024-09-11T05:00+02:00;212;2051.76;26.84;26.84
2024-09-11T06:00+02:00;226.305;2084.335;48.2;86.79
2024-09-11T07:00+02:00;232.425;1859.345;93.6;97.55
2024-09-11T08:00+02:00;265.49;1864.7;110.72;110.72
2024-09-11T09:00+02:00;241.83;2504.21;97.6;97.6
2024-09-11T10:00+02:00;272.525;2535.595;74.01;76.81
2024-09-11T11:00+02:00;285.115;2613.035;36.91;67.51
2024-09-11T12:00+02:00;276.915;2789.695;32.89;62.45
2024-09-11T13:00+02:00;270.995;3254.865;27.02;27.02
2024-09-11T14:00+02:00;266.58;3405.1;27;27
2024-09-11T15:00+02:00;278.23;3416.91;29.94;29.94
2024-09-11T16:00+02:00;293.235;3391.135;34.15;34.15
2024-09-11T17:00+02:00;339.645;3407.885;84.1;84.1
2024-09-11T18:00+02:00;397.46;2888.51;103.43;103.43
2024-09-11T19:00+02:00;375.29;2905.22;122.19;122.19
2024-09-11T20:00+02:00;380.335;3212.815;126.31;126.31
2024-09-11T21:00+02:00;377.35;3276.58;115.14;115.14
2024-09-11T22:00+02:00;360.66;3035.09;101.65;101.65
2024-09-11T23:00+02:00;356.905;2990.505;101.49;101.49
2024-09-12T00:00+02:00;309.93;2840.31;90.06;90.06
2024-09-12T01:00+02:00;302.17;2396.67;84.09;84.09
2024-09-12T02:00+02:00;319.255;1969.945;80.7;80.7
2024-09-12T03:00+02:00;319.915;1787.515;81.65;81.65
2024-09-12T04:00+02:00;300.95;1619.2;83.05;83.05
2024-09-12T05:00+02:00;327.16;1580.44;86.92;86.92
2024-09-12T06:00+02:00;431.125;1590.095;107.96;107.96
2024-09-12T07:00+02:00;469.73;1795.42;134.94;134.94
2024-09-12T08:00+02:00;468.665;2116.865;135.94;135.94
2024-09-12T09:00+02:00;473.535;2383.155;103.36;103.36
2024-09-12T10:00+02:00;481.39;2746.94;85;85
2024-09-12T11:00+02:00;467.235;3077.935;80.41;80.41
2024-09-12T12:00+02:00;452.59;3140.71;78.62;78.62
2024-09-12T13:00+02:00;460.17;2901.57;78.23;78.23
2024-09-12T14:00+02:00;456.11;2780.05;80.11;80.11
2024-09-12T15:00+02:00;451.85;2735.4;84.93;84.93
2024-09-12T16:00+02:00;533.925;2382.525;91.67;91.67
2024-09-12T17:00+02:00;693.98;1865.54;109.74;109.74
2024-09-12T18:00+02:00;740.34;1728.67;145.19;145.19
2024-09-12T19:00+02:00;819.495;1509.435;300.01;300.01
2024-09-12T20:00+02:00;836.135;1425.735;250.02;250.02
2024-09-12T21:00+02:00;843.415;1331.145;125;125
2024-09-12T22:00+02:00;740.545;1440.015;99.47;99.47
2024-09-12T23:00+02:00;686.055;1606.555;92.04;92.04
2024-09-13T00:00+02:00;647.39;1669.02;99.97;99.97
2024-09-13T01:00+02:00;456.615;1829.505;91.52;91.52
2024-09-13T02:00+02:00;443.93;1772.23;87.31;87.31
2024-09-13T03:00+02:00;417.85;1735.68;86.76;86.76
2024-09-13T04:00+02:00;415.82;1764.24;84.63;84.63
2024-09-13T05:00+02:00;423.71;1804.35;87.92;87.92
2024-09-13T06:00+02:00;532.765;2098.685;98.72;98.72
2024-09-13T07:00+02:00;622.39;2253.11;119.96;119.96
2024-09-13T08:00+02:00;651.585;2613.395;132.24;132.24
2024-09-13T09:00+02:00;687.47;2994.31;116.24;116.24
2024-09-13T10:00+02:00;666.055;3631.785;102.54;102.54
2024-09-13T11:00+02:00;476.745;4002.745;91.5;91.5
2024-09-13T12:00+02:00;432.82;4162;87.66;87.66
2024-09-13T13:00+02:00;371.68;4345.74;76.94;76.94
2024-09-13T14:00+02:00;347.085;4524.885;19.01;19.01
2024-09-13T15:00+02:00;359.35;4645.68;38.93;38.93
2024-09-13T16:00+02:00;360.22;4486.56;45.02;45.02
2024-09-13T17:00+02:00;379.175;4166.305;46.9;46.9
2024-09-13T18:00+02:00;419.18;3586.53;67.68;67.68
2024-09-13T19:00+02:00;449.12;3152.54;89.42;89.42
2024-09-13T20:00+02:00;519.485;2947.165;86.69;86.69
2024-09-13T21:00+02:00;495.96;3025.44;68.8;68.8
2024-09-13T22:00+02:00;485.35;3272.46;58.9;58.9
2024-09-13T23:00+02:00;470.76;3334.29;60.99;14.91
2024-09-14T00:00+02:00;445.91;3157.15;55.61;55.61
2024-09-14T01:00+02:00;413.085;2856.945;50.01;36.74
2024-09-14T02:00+02:00;396.93;2790.73;43.33;22.48
2024-09-14T03:00+02:00;380.995;2695.385;45.18;21.88
2024-09-14T04:00+02:00;382.78;2528.24;46.7;23.12
2024-09-14T05:00+02:00;378.095;2351.285;44.27;26.89
2024-09-14T06:00+02:00;375.89;2201.74;55.35;49.51
2024-09-14T07:00+02:00;381.595;2127.135;65;65
2024-09-14T08:00+02:00;375.425;2334.435;75.54;75.54
2024-09-14T09:00+02:00;344.815;2762.495;66.6;61.92
2024-09-14T10:00+02:00;337.095;3195.865;41.02;26.83
2024-09-14T11:00+02:00;339.795;3437.175;8.08;6
2024-09-14T12:00+02:00;336.93;3014.26;0.86;2.94
2024-09-14T13:00+02:00;342.93;2664.4;0.25;0.42
2024-09-14T14:00+02:00;343.73;2293.15;-0.14;0.83
2024-09-14T15:00+02:00;340.345;2469.095;-0.07;2.96
2024-09-14T16:00+02:00;350.79;2652.67;9.54;6.51
2024-09-14T17:00+02:00;400.555;2214.525;65.09;65.09
2024-09-14T18:00+02:00;510.28;1571.48;94.39;94.39
2024-09-14T19:00+02:00;735.805;1197.065;126.58;126.58
2024-09-14T20:00+02:00;693.32;1163.1;117.85;117.85
2024-09-14T21:00+02:00;685.345;1213.095;103.09;103.09
2024-09-14T22:00+02:00;658.17;1137.48;93.75;93.75
2024-09-14T23:00+02:00;497.745;1027.415;84.76;84.76
2024-09-15T00:00+02:00;449.135;924.685;78.11;78.11
2024-09-15T01:00+02:00;439.18;800.79;70.07;70.07
2024-09-15T02:00+02:00;454.79;826.48;66.6;66.6
2024-09-15T03:00+02:00;436.005;1001.775;67.15;67.15
2024-09-15T04:00+02:00;433.5;949.64;63.66;63.66
2024-09-15T05:00+02:00;573.125;863.845;65.61;65.61
2024-09-15T06:00+02:00;509.24;911.79;69.18;69.18
2024-09-15T07:00+02:00;461.255;922.575;85.42;85.42
2024-09-15T08:00+02:00;451.33;989.18;76.96;76.96
2024-09-15T09:00+02:00;382.315;1121.225;54.07;54.07
2024-09-15T10:00+02:00;356.24;1337.13;10.92;7.35
2024-09-15T11:00+02:00;346.39;1430.15;0.07;3.65
2024-09-15T12:00+02:00;346.535;1306.555;0;2.86
2024-09-15T13:00+02:00;346.88;1358.61;1.96;1.96
2024-09-15T14:00+02:00;344.075;1238.825;-0.2;3.09
2024-09-15T15:00+02:00;345.95;1184.51;-0.27;5.43
2024-09-15T16:00+02:00;357.54;1261.8;19.7;14
2024-09-15T17:00+02:00;459.895;1190.705;82.25;82.25
2024-09-15T18:00+02:00;492.935;1000.345;112.8;112.8
2024-09-15T19:00+02:00;715.49;861.67;133.16;133.16
2024-09-15T20:00+02:00;757.22;921.14;123.6;123.6
2024-09-15T21:00+02:00;755.86;1113.83;112.68;112.68
2024-09-15T22:00+02:00;718.285;1157.815;107.11;107.11
2024-09-15T23:00+02:00;690.34;1221.07;92.6;92.6
2024-09-16T00:00+02:00;555.025;1138.565;92.99;92.99
2024-09-16T01:00+02:00;422.86;1049.45;88.14;88.14
2024-09-16T02:00+02:00;416.87;944.3;87.26;87.26
2024-09-16T03:00+02:00;414.49;847.09;84.93;84.93
2024-09-16T04:00+02:00;426.855;864.005;84.34;84.34
2024-09-16T05:00+02:00;472.255;926.805;88.31;88.31
2024-09-16T06:00+02:00;697.765;1117.305;108;108
2024-09-16T07:00+02:00;752.82;1357.27;130;130
2024-09-16T08:00+02:00;826.28;1590.59;146.06;146.06
2024-09-16T09:00+02:00;753.69;1877.7;126.4;126.4
2024-09-16T10:00+02:00;740.85;1952.29;112.63;112.63
2024-09-16T11:00+02:00;717.215;2069.855;105.02;105.02
2024-09-16T12:00+02:00;683.955;2231.965;96.02;96.02
2024-09-16T13:00+02:00;445.96;2430.77;86.89;86.89
2024-09-16T14:00+02:00;417.065;2412.405;80.86;80.86
2024-09-16T15:00+02:00;418.42;2423.07;75.37;75.37
2024-09-16T16:00+02:00;470.085;2445.615;76.3;76.3
2024-09-16T17:00+02:00;464.38;2362.3;86.98;86.98
2024-09-16T18:00+02:00;666.985;2250.155;107.87;107.87
2024-09-16T19:00+02:00;807.52;1995.57;112.57;112.57
2024-09-16T20:00+02:00;829.485;1941.805;109.01;109.01
2024-09-16T21:00+02:00;561.255;1768.575;90.1;90.1
2024-09-16T22:00+02:00;470.675;1615.465;78.81;78.81
2024-09-16T23:00+02:00;425.95;1477.07;81.53;81.53
2024-09-17T00:00+02:00;416.59;1420.24;85.54;85.54
2024-09-17T01:00+02:00;414.81;1346.3;82.3;82.3
2024-09-17T02:00+02:00;414.55;1262.15;80.51;80.51
2024-09-17T03:00+02:00;413.79;1208.87;79.84;79.84
2024-09-17T04:00+02:00;409.855;1187.135;80.04;80.04
2024-09-17T05:00+02:00;435.09;1451.67;91.52;91.52
2024-09-17T06:00+02:00;662.375;1571.195;108.32;108.32
2024-09-17T07:00+02:00;770.115;1667.465;133.94;133.94
2024-09-17T08:00+02:00;785.895;1757.725;137.52;137.52
2024-09-17T09:00+02:00;700.88;1800.85;108.91;108.91
2024-09-17T10:00+02:00;481.5;2683.35;96.52;96.52
2024-09-17T11:00+02:00;448.575;3317.135;82.39;82.39
2024-09-17T12:00+02:00;415.01;3415.91;59.81;59.81
2024-09-17T13:00+02:00;350.025;3569.275;41.77;41.77
2024-09-17T14:00+02:00;348.54;3392.44;25.64;25.64
2024-09-17T15:00+02:00;360.19;3047.24;44.44;44.44
2024-09-17T16:00+02:00;536.39;2411.59;74.29;74.29
2024-09-17T17:00+02:00;493.82;1930.47;93.5;93.5
2024-09-17T18:00+02:00;705.43;1727.39;112.99;112.99
2024-09-17T19:00+02:00;730.77;1503;132.53;132.53
2024-09-17T20:00+02:00;722.5;1390.3;111.24;111.24
2024-09-17T21:00+02:00;638.525;1318.495;96.12;96.12
2024-09-17T22:00+02:00;439.77;1088.04;89.94;89.94
2024-09-17T23:00+02:00;422.835;1011.785;83.84;83.84
2024-09-18T00:00+02:00;433.215;823.745;85.16;85.16
2024-09-18T01:00+02:00;431.035;770.575;80.94;80.94
2024-09-18T02:00+02:00;431.39;731.11;83.71;83.71
2024-09-18T03:00+02:00;429.42;787.52;83.67;83.67
2024-09-18T04:00+02:00;430.51;859.41;82.51;82.51
2024-09-18T05:00+02:00;491.03;882.27;89.92;89.92
2024-09-18T06:00+02:00;650.385;924.245;105.09;105.09
2024-09-18T07:00+02:00;672.205;1067.935;141.92;141.92
2024-09-18T08:00+02:00;680.88;1449.34;133.07;133.07
2024-09-18T09:00+02:00;606.28;1865.85;102.44;102.44
2024-09-18T10:00+02:00;475.25;2325.23;79;79
2024-09-18T11:00+02:00;396.495;2839.055;55.32;47.82
2024-09-18T12:00+02:00;383.79;2998.31;5.49;12.99
2024-09-18T13:00+02:00;332.62;3017.18;2.19;12.02
2024-09-18T14:00+02:00;330.28;2960.29;1.03;12.68
2024-09-18T15:00+02:00;328.96;2808.35;1.04;14.87
2024-09-18T16:00+02:00;355.685;2661.675;40.05;26.23
2024-09-18T17:00+02:00;440.1;2218.67;87.52;87.52
2024-09-18T18:00+02:00;542.315;1552.335;113.91;113.91
2024-09-18T19:00+02:00;728.51;1330.09;129.92;129.92
2024-09-18T20:00+02:00;736.545;1512.225;108.2;108.2
2024-09-18T21:00+02:00;661.49;1446.54;93.25;93.25
2024-09-18T22:00+02:00;447.68;1349.3;89.92;89.92
2024-09-18T23:00+02:00;433.065;1271.075;79.49;79.49
2024-09-19T00:00+02:00;411.625;1190.935;76.4;76.4
2024-09-19T01:00+02:00;409.03;1086.91;77.53;77.53
2024-09-19T02:00+02:00;410.85;1059.15;78.03;78.03
2024-09-19T03:00+02:00;409.93;1000.86;77.35;77.35
2024-09-19T04:00+02:00;404.31;1046.73;79.26;79.26
2024-09-19T05:00+02:00;441.83;1065.46;89.99;89.99
2024-09-19T06:00+02:00;661.155;1151.365;113.47;113.47
2024-09-19T07:00+02:00;724.6;1333.6;143.24;143.24
2024-09-19T08:00+02:00;676.855;1612.685;124.12;124.12
2024-09-19T09:00+02:00;597.03;2143.62;97.64;97.64
2024-09-19T10:00+02:00;379.07;2826.4;74.81;74.81
2024-09-19T11:00+02:00;389.505;3536.755;50.41;41.58
2024-09-19T12:00+02:00;340.89;3686.83;4.97;13.8
2024-09-19T13:00+02:00;322.005;3674.445;7.13;7.13
2024-09-19T14:00+02:00;333.765;3562.845;4.03;4.03
2024-09-19T15:00+02:00;343.395;3484.065;10.91;14.14
2024-09-19T16:00+02:00;406.11;3207.09;58.55;55.32
2024-09-19T17:00+02:00;457.1;2827.84;91.05;91.05
2024-09-19T18:00+02:00;709.875;2300.895;114.53;114.53
2024-09-19T19:00+02:00;746.575;2047.305;134.3;134.3
2024-09-19T20:00+02:00;724.74;2262.92;113.5;113.5
2024-09-19T21:00+02:00;695.73;2341.98;91.1;91.1
2024-09-19T22:00+02:00;506.755;2172.805;88.97;88.97
2024-09-19T23:00+02:00;440;1927.77;78.87;78.87
2024-09-20T00:00+02:00;420.73;1884.35;72.61;72.61
2024-09-20T01:00+02:00;420.78;1880.28;74.04;74.04
2024-09-20T02:00+02:00;419.025;1765.045;73.42;73.42
2024-09-20T03:00+02:00;417.345;1687.655;73.17;73.17
2024-09-20T04:00+02:00;418.745;1538.075;74.52;74.52
2024-09-20T05:00+02:00;446.88;1395.61;88.39;88.39
2024-09-20T06:00+02:00;671.3;1362.23;108.06;108.06
2024-09-20T07:00+02:00;620.44;1271.34;141.45;141.45
2024-09-20T08:00+02:00;444.285;1390.675;108.6;108.6
2024-09-20T09:00+02:00;488.865;1789.075;88.92;88.92
2024-09-20T10:00+02:00;378.645;2092.755;62.05;62.05
2024-09-20T11:00+02:00;326.83;2777.95;24.69;17.7
2024-09-20T12:00+02:00;321.31;3390.31;8.24;15.24
2024-09-20T13:00+02:00;323.09;3429.68;0.06;11.77
2024-09-20T14:00+02:00;322.12;3506.51;0.07;11.92
2024-09-20T15:00+02:00;328.875;3493.985;7.56;13.94
2024-09-20T16:00+02:00;371.505;3168.785;43.68;37.31
2024-09-20T17:00+02:00;503.15;2602.33;84.12;84.12
2024-09-20T18:00+02:00;635.965;1807.615;106.01;106.01
2024-09-20T19:00+02:00;748.3;1534.08;145.72;145.72
2024-09-20T20:00+02:00;719.71;1574.09;108.84;108.84
2024-09-20T21:00+02:00;546.84;1687.8;91.07;91.07
2024-09-20T22:00+02:00;559.46;1641.86;87.8;87.8
2024-09-20T23:00+02:00;414.465;1525.135;87.08;87.08
2024-09-21T00:00+02:00;285.575;1397.385;88.29;88.29
2024-09-21T01:00+02:00;279.38;1363.08;85.3;85.3
2024-09-21T02:00+02:00;267.81;1289.82;82;82
2024-09-21T03:00+02:00;265.905;1184.385;82.19;82.19
2024-09-21T04:00+02:00;263.66;1127.31;86.38;86.38
2024-09-21T05:00+02:00;269.755;1045.325;89.48;89.48
2024-09-21T06:00+02:00;275.785;1039.225;99.69;99.69
2024-09-21T07:00+02:00;282.12;1057.76;97.76;97.76
2024-09-21T08:00+02:00;279.2;1282.53;85.3;85.3
2024-09-21T09:00+02:00;261.465;1836.885;60.99;60.99
2024-09-21T10:00+02:00;253.695;2639.365;22;22
2024-09-21T11:00+02:00;254.355;3254.525;3.15;3.15
2024-09-21T12:00+02:00;255.76;3452.1;0.01;0.01
2024-09-21T13:00+02:00;255.96;3378.82;0.03;0.03
2024-09-21T14:00+02:00;252.87;3129.72;-0.43;1.93
2024-09-21T15:00+02:00;238.945;3230.235;1.09;5.54
2024-09-21T16:00+02:00;253.16;2780.8;47.26;42.81
2024-09-21T17:00+02:00;308.06;2142.39;97.19;97.19
2024-09-21T18:00+02:00;385.935;1474.775;127.5;127.5
2024-09-21T19:00+02:00;395.75;1304.33;141.99;141.99
2024-09-21T20:00+02:00;395.435;1468.565;112.5;112.5
2024-09-21T21:00+02:00;351.225;1578.875;95.93;95.93
2024-09-21T22:00+02:00;292.725;1628.995;93.6;93.6
2024-09-21T23:00+02:00;272.515;1580.455;88.3;88.3
2024-09-22T00:00+02:00;269.94;1474.66;97.73;97.73
2024-09-22T01:00+02:00;266.92;1390.11;90.05;90.05
2024-09-22T02:00+02:00;268.55;1354.92;89.99;89.99
2024-09-22T03:00+02:00;256.315;1329.085;89.5;89.5
2024-09-22T04:00+02:00;253.38;1265.76;90.75;90.75
2024-09-22T05:00+02:00;258.835;1197.995;90.65;90.65
2024-09-22T06:00+02:00;250.075;1097.125;94.88;94.88
2024-09-22T07:00+02:00;247.365;1115.605;97.31;97.31
2024-09-22T08:00+02:00;236.995;1414.805;86.48;86.48
2024-09-22T09:00+02:00;244.64;2011.12;62.79;62.79
2024-09-22T10:00+02:00;237.215;2646.085;26.17;22.63
2024-09-22T11:00+02:00;240.44;3309.04;11.13;14.67
2024-09-22T12:00+02:00;246.955;3570.665;9.68;10.93
2024-09-22T13:00+02:00;414.015;3718.045;2.03;8
2024-09-22T14:00+02:00;424.935;3566.215;0.01;10.86
2024-09-22T15:00+02:00;254.32;3137.93;9.66;15.26
2024-09-22T16:00+02:00;246.305;2522.805;61.6;56
2024-09-22T17:00+02:00;311.67;1764.07;106.27;106.27
2024-09-22T18:00+02:00;489.695;1195.495;132.23;132.23
2024-09-22T19:00+02:00;380.075;1060.295;157.18;157.18
2024-09-22T20:00+02:00;374.5;1211.61;126.11;126.11
2024-09-22T21:00+02:00;337.435;1363.555;109.54;109.54
2024-09-22T22:00+02:00;291.425;1299.285;98.72;98.72
2024-09-22T23:00+02:00;250.84;1266.38;92;92
2024-09-23T00:00+02:00;238.435;1143.845;90.8;90.8
2024-09-23T01:00+02:00;238.975;976.585;84.08;84.08
2024-09-23T02:00+02:00;237.055;1006.655;85.2;85.2
2024-09-23T03:00+02:00;236.085;933.785;87.15;87.15
2024-09-23T04:00+02:00;236.15;854.33;86.93;86.93
2024-09-23T05:00+02:00;238.395;870.275;97.3;97.3
2024-09-23T06:00+02:00;316.065;1000.445;133.4;133.4
2024-09-23T07:00+02:00;490.38;1221.37;203.73;203.73
2024-09-23T08:00+02:00;341.56;1490.78;151.33;151.33
2024-09-23T09:00+02:00;277.95;1824.82;109.99;109.99
2024-09-23T10:00+02:00;238.83;2463.45;94.66;94.66
2024-09-23T11:00+02:00;236.25;2942.95;80.16;80.16
2024-09-23T12:00+02:00;252.795;3060.145;78.94;78.94
2024-09-23T13:00+02:00;238.52;3023.31;76.55;76.55
2024-09-23T14:00+02:00;251.505;2735.925;76.77;76.77
2024-09-23T15:00+02:00;385.795;2393.675;80.98;80.98
2024-09-23T16:00+02:00;399.17;1812.23;102.25;102.25
2024-09-23T17:00+02:00;457.26;1418.46;136.01;136.01
2024-09-23T18:00+02:00;503.255;1213.725;240.26;240.26
2024-09-23T19:00+02:00;509.795;1219.965;328.39;328.39
2024-09-23T20:00+02:00;499.915;1204.965;178.64;178.64
2024-09-23T21:00+02:00;462.36;1291.21;116.71;116.71
2024-09-23T22:00+02:00;404.63;1361.65;100.93;100.93
2024-09-23T23:00+02:00;272.155;1405.225;91.54;91.54
2024-09-24T00:00+02:00;257.49;1401.13;88.2;88.2
2024-09-24T01:00+02:00;256.605;1416.645;82.51;82.51
2024-09-24T02:00+02:00;257.985;1374.675;83.69;83.69
2024-09-24T03:00+02:00;298.19;1333.47;85.02;85.02
2024-09-24T04:00+02:00;257.625;1268.775;83.26;83.26
2024-09-24T05:00+02:00;280.58;1104.03;88.29;88.29
2024-09-24T06:00+02:00;284.295;1094.045;110.75;110.75
2024-09-24T07:00+02:00;296.74;985.7;141.96;141.96
2024-09-24T08:00+02:00;301.675;1125.605;127.4;127.4
2024-09-24T09:00+02:00;274.51;1290.76;106.02;106.02
2024-09-24T10:00+02:00;300.84;1457.53;92.61;92.61
2024-09-24T11:00+02:00;256.89;1732.53;83.87;83.87
2024-09-24T12:00+02:00;252.26;1937.19;75.75;75.75
2024-09-24T13:00+02:00;251.435;1990.235;68.99;68.99
2024-09-24T14:00+02:00;253.9;1945.62;61.59;61.59
2024-09-24T15:00+02:00;269.26;1982.49;74.94;74.94
2024-09-24T16:00+02:00;329.6;2068.18;83.27;83.27
2024-09-24T17:00+02:00;373.715;1867.745;104.04;104.04
2024-09-24T18:00+02:00;400.055;1929.605;119.05;119.05
2024-09-24T19:00+02:00;402.4;2052.25;124.13;124.13
2024-09-24T20:00+02:00;402.175;2288.395;101.7;101.7
2024-09-24T21:00+02:00;364.075;2800.155;80.44;80.44
2024-09-24T22:00+02:00;396.65;3129.31;74.48;74.48
2024-09-24T23:00+02:00;258.445;3363.865;60.58;60.58
2024-09-25T00:00+02:00;249.22;3751.83;22.16;10.06
2024-09-25T01:00+02:00;249.83;4365.08;17.16;8.35
2024-09-25T02:00+02:00;250.27;4839.24;16.49;6.8
2024-09-25T03:00+02:00;250.88;5038.67;17.21;5.97
2024-09-25T04:00+02:00;248.005;5040.865;21.33;5.77
2024-09-25T05:00+02:00;253.15;4959.16;22.12;9.94
2024-09-25T06:00+02:00;252.035;4862.765;29.64;15.64
2024-09-25T07:00+02:00;257.77;4728.07;44.99;17.5
2024-09-25T08:00+02:00;244.52;4832.5;42.44;17.67
2024-09-25T09:00+02:00;242.005;5286.255;41.65;16.55
2024-09-25T10:00+02:00;226.43;5493.37;23.57;13.44
2024-09-25T11:00+02:00;229.885;5548.655;23.75;8.55
2024-09-25T12:00+02:00;240.42;5743.94;19.1;6.95
2024-09-25T13:00+02:00;249.59;5921.39;18.78;6.91
2024-09-25T14:00+02:00;247.96;5639.12;18.99;5.57
2024-09-25T15:00+02:00;254.325;5009.485;28.18;5.4
2024-09-25T16:00+02:00;433.14;4069.88;75.71;16.41
2024-09-25T17:00+02:00;431.9;3281.54;107.85;107.85
2024-09-25T18:00+02:00;476.69;2308.64;156.2;156.2
2024-09-25T19:00+02:00;491.93;2081.83;195.42;195.42
2024-09-25T20:00+02:00;427.385;1802.885;131.84;131.84
2024-09-25T21:00+02:00;395.39;1572.66;96.61;96.61
2024-09-25T22:00+02:00;381.97;1363.61;91.64;91.64
2024-09-25T23:00+02:00;287.88;1077.61;82.22;82.22
2024-09-26T00:00+02:00;262.78;765.89;66.02;66.02
2024-09-26T01:00+02:00;317.055;706.745;58.78;58.78
2024-09-26T02:00+02:00;305.085;831.355;52.34;52.34
2024-09-26T03:00+02:00;291.365;955.035;49.87;49.87
2024-09-26T04:00+02:00;263.66;1154.01;45.53;45.53
2024-09-26T05:00+02:00;264.795;1481.735;49.71;49.71
2024-09-26T06:00+02:00;269.12;1937.15;72.03;72.03
2024-09-26T07:00+02:00;293.49;2484.44;85.2;85.2
2024-09-26T08:00+02:00;305.795;3102.195;83.4;83.4
2024-09-26T09:00+02:00;351.415;3328.245;67.33;67.33
2024-09-26T10:00+02:00;261.72;3855.8;45.96;42.06
2024-09-26T11:00+02:00;253.68;4159.91;31.62;31.62
2024-09-26T12:00+02:00;251.235;4583.765;17;17
2024-09-26T13:00+02:00;262.035;4730.485;12.08;12.08
2024-09-26T14:00+02:00;264.86;4779.25;12.68;12.68
2024-09-26T15:00+02:00;266.29;4842.54;37.9;17.25
2024-09-26T16:00+02:00;261.63;4904.73;47;20.01
2024-09-26T17:00+02:00;313.835;4530.685;63.68;63.68
2024-09-26T18:00+02:00;338.185;4224.845;80;80
2024-09-26T19:00+02:00;348.78;3904.13;89;89
2024-09-26T20:00+02:00;330.34;3508.32;78.93;78.93
2024-09-26T21:00+02:00;324.71;2764.83;62.84;41.22
2024-09-26T22:00+02:00;311.5;2254.57;52.29;32.64
2024-09-26T23:00+02:00;247.405;2025.405;36.3;22.73
2024-09-27T00:00+02:00;242.96;1875.54;-0.06;5.39
2024-09-27T01:00+02:00;249.975;1600.225;0.04;3.23
2024-09-27T02:00+02:00;254.115;1405.325;-0.01;0.67
2024-09-27T03:00+03:00;244.63;970.77;-0.59;0
2024-09-27T04:00+03:00;240.53;1057.9;-0.2;-0.2
2024-09-27T05:00+02:00;241.835;1383.455;-0.03;-0.03
2024-09-27T06:00+02:00;243.485;2568.475;0;4.18
2024-09-27T07:00+02:00;245.925;2767.365;25.92;11.43
2024-09-27T08:00+02:00;258.61;2973.56;39.92;14.28
2024-09-27T09:00+02:00;249.76;3319.03;7.9;9.5
2024-09-27T10:00+02:00;252.835;3591.205;8.35;8.35
2024-09-27T11:00+02:00;260.34;3801.07;10.83;6
2024-09-27T12:00+02:00;267.93;3819.54;9.64;6.27
2024-09-27T13:00+02:00;277.52;3942.16;4.92;4.92
2024-09-27T14:00+02:00;282.885;3743.355;4.06;4.06
2024-09-27T15:00+02:00;260.97;3641;4.75;4.75
2024-09-27T16:00+02:00;265.835;3288.915;5.01;5.01
2024-09-27T17:00+02:00;316.13;2936.95;37.83;32.82
2024-09-27T18:00+02:00;331.52;2605.5;62.55;62.55
2024-09-27T19:00+02:00;339.465;2512.885;60.47;60.47
2024-09-27T20:00+02:00;352.385;2596.155;59.57;29.34
2024-09-27T21:00+02:00;350.295;2442.935;33.09;19.97
2024-09-27T22:00+02:00;353.43;2445.11;26.03;26.03
2024-09-27T23:00+02:00;348.475;2148.045;25;25
2024-09-28T00:00+02:00;290.085;1961.685;1.77;2.9
2024-09-28T01:00+02:00;268.43;2796.61;3.03;3.03
2024-09-28T02:00+02:00;252.33;3496.29;3.29;3.29
2024-09-28T03:00+02:00;240.61;3556.04;3.16;3.16
2024-09-28T04:00+02:00;250.755;4210.065;3.27;3.27
2024-09-28T05:00+02:00;269.08;4621.66;4.15;4.15
2024-09-28T06:00+02:00;281.455;5014.635;11.96;5.15
2024-09-28T07:00+02:00;277.175;5058.675;22.28;9.1
2024-09-28T08:00+02:00;273.305;5424.485;26.21;14.51
2024-09-28T09:00+02:00;267.635;6190.655;18.91;15.99
2024-09-28T10:00+02:00;249.25;6841.14;9.75;9.75
2024-09-28T11:00+02:00;223.3;6662.75;3.78;3.78
2024-09-28T12:00+02:00;199.83;5372.94;0.65;0.65
2024-09-28T13:00+02:00;213.895;5421.975;0;0
2024-09-28T14:00+02:00;202.375;5252.245;0;0
2024-09-28T15:00+02:00;202.47;5737.12;0.06;3.29
2024-09-28T16:00+02:00;212.545;6237.345;9.82;6.59
2024-09-28T17:00+02:00;253.38;5778.14;43.64;10.09
2024-09-28T18:00+02:00;270.35;4934.99;42.97;42.97
2024-09-28T19:00+02:00;310.33;4723.17;46.84;46.84
2024-09-28T20:00+02:00;306.335;4677.885;36.03;36.03
2024-09-28T21:00+02:00;264.09;4377.63;35.55;10.17
2024-09-28T22:00+02:00;325.605;4146.235;35.28;26.43
2024-09-28T23:00+02:00;399.015;4036.985;41.8;3.76
2024-09-29T00:00+02:00;278.925;3906.945;36.68;3.89
2024-09-29T01:00+02:00;302.55;3781.95;39.44;3.29
2024-09-29T02:00+02:00;279.71;3824.61;44.07;3.3
2024-09-29T03:00+02:00;272.465;3722.845;43.35;10.19
2024-09-29T04:00+02:00;272.535;3536.185;57.74;26.82
2024-09-29T05:00+02:00;269.58;3482.55;73.63;73.63
2024-09-29T06:00+02:00;279.855;3185.005;77;77
2024-09-29T07:00+02:00;301.35;2754.2;98;98
2024-09-29T08:00+02:00;306.82;2640.08;96.88;96.88
2024-09-29T09:00+02:00;252.58;2635.59;54.43;54.43
2024-09-29T10:00+02:00;233.625;2519.535;1.33;1.33
2024-09-29T11:00+02:00;212.17;2702.26;0;0
2024-09-29T12:00+02:00;201.97;2676.73;-0.01;-0.01
2024-09-29T13:00+02:00;207.325;2346.845;-0.49;-0.49
2024-09-29T14:00+02:00;221.42;2278.71;-0.45;-0.45
2024-09-29T15:00+02:00;221.96;2505.09;0;0
2024-09-29T16:00+02:00;229.18;2413.29;43.24;43.24
2024-09-29T17:00+02:00;345.955;1789.875;94.01;94.01
2024-09-29T18:00+02:00;494.7;1356.18;152.59;152.59
2024-09-29T19:00+02:00;496.15;1257.25;167.32;167.32
2024-09-29T20:00+02:00;537.115;1294.735;109.61;109.61
2024-09-29T21:00+02:00;545.5;1365.11;80.13;80.13
2024-09-29T22:00+02:00;497.02;1456.96;64.3;64.3
2024-09-29T23:00+02:00;457.32;1544.66;37.39;37.39
2024-09-30T00:00+02:00;450.19;1721.24;19;19
2024-09-30T01:00+02:00;432.94;1991.59;11.45;11.45
2024-09-30T02:00+02:00;381.065;2124.125;8.4;8.4
2024-09-30T03:00+02:00;372.335;2341.985;5.53;5.53
2024-09-30T04:00+02:00;378.405;2473.635;5.61;9.02
2024-09-30T05:00+02:00;386.08;2564.43;16.98;16.98
2024-09-30T06:00+02:00;405.21;2862.55;42.23;42.23
2024-09-30T07:00+02:00;455.46;3291.81;80.1;80.1
2024-09-30T08:00+02:00;480.495;3707.665;80.1;80.1
2024-09-30T09:00+02:00;421.08;4414.6;60;60
2024-09-30T10:00+02:00;382.16;5456.61;36.58;36.58
2024-09-30T11:00+02:00;388.515;6613.265;20.91;20.91
2024-09-30T12:00+02:00;418.895;7256.225;9.28;9.28
2024-09-30T13:00+02:00;478.935;7154.915;2.06;2.06
2024-09-30T14:00+02:00;486.545;7479.595;7.63;12.73
2024-09-30T15:00+02:00;490.825;7493.125;21.96;16.86
2024-09-30T16:00+02:00;424.87;7076.91;24.19;24.19
2024-09-30T17:00+02:00;357.27;6524.62;32.72;32.72
2024-09-30T18:00+02:00;339.875;5994.575;35.99;35.99
2024-09-30T19:00+02:00;316.305;5639.025;36.63;36.63
2024-09-30T20:00+02:00;329.115;5572.415;36.3;17.1
2024-09-30T21:00+02:00;324.485;5634.475;21.93;4.19
2024-09-30T22:00+02:00;327.03;5414.97;20.01;3.28
2024-09-30T23:00+02:00;318.09;5161.59;9.84;3.25
2024-10-01T00:00+02:00;288.775;4916.805;3.21;3.21
2024-10-01T01:00+02:00;280.79;4447.17;0.07;0.07
2024-10-01T02:00+02:00;278.75;4395.93;0.05;0.05
2024-10-01T03:00+02:00;279.685;4191.585;0.02;0.02
2024-10-01T04:00+02:00;284.55;4288.04;0.09;0.09
2024-10-01T05:00+02:00;295.14;5617.81;6.8;3.3
2024-10-01T06:00+02:00;298.545;5924.765;33.48;10.07
2024-10-01T07:00+02:00;325.59;5984.3;39.42;39.42
2024-10-01T08:00+02:00;360.015;6169.675;41.32;41.32
2024-10-01T09:00+02:00;355.575;6563.795;41.51;41.51
2024-10-01T10:00+02:00;382.615;6822.875;38.65;38.65
2024-10-01T11:00+02:00;378.575;7206.745;34.99;34.99
2024-10-01T12:00+02:00;371.79;7353.53;34.96;31.24
2024-10-01T13:00+02:00;331.94;7169.19;34.99;29.99
2024-10-01T14:00+02:00;335.14;6708.73;34.96;34.96
2024-10-01T15:00+02:00;341.205;6437.975;39.71;39.71
2024-10-01T16:00+02:00;368.54;6183.06;43.56;43.56
2024-10-01T17:00+02:00;409.445;5709.605;52.71;52.71
2024-10-01T18:00+02:00;435.51;5267.33;54.4;54.4
2024-10-01T19:00+02:00;629.615;4980.675;56.52;56.52
2024-10-01T20:00+02:00;537.9;4957.54;49.2;49.2
2024-10-01T21:00+02:00;483.77;4800.31;46.33;46.33
2024-10-01T22:00+02:00;403.775;4673.705;43.14;43.14
2024-10-01T23:00+02:00;343.31;4500.91;41.57;41.57
2024-10-02T00:00+02:00;338.45;4246.39;58.04;58.04
2024-10-02T01:00+02:00;365.605;4254.925;49.26;49.26
2024-10-02T02:00+02:00;356.01;4236.31;50.09;50.09
2024-10-02T03:00+02:00;340.69;4197.9;48.99;48.99
2024-10-02T04:00+02:00;341.18;4141.68;48.64;40.26
2024-10-02T05:00+02:00;383.24;4265.6;48.74;48.74
2024-10-02T06:00+02:00;427.335;4247.475;79.98;79.98
2024-10-02T07:00+02:00;478.93;4315.97;92.91;92.91
2024-10-02T08:00+02:00;657.285;4505.955;122.54;122.54
2024-10-02T09:00+02:00;638.88;4836.57;94.03;94.03
2024-10-02T10:00+02:00;432.79;5625.84;65.02;65.02
2024-10-02T11:00+02:00;379.04;6236.58;52.89;52.89
2024-10-02T12:00+02:00;357.58;5984.33;57.8;57.8
2024-10-02T13:00+02:00;369.72;5451.41;80.07;80.07
2024-10-02T14:00+02:00;393.985;5027.145;78.4;78.4
2024-10-02T15:00+02:00;439.07;4552.35;81.43;81.43
2024-10-02T16:00+02:00;558.785;4154.425;81.51;81.51
2024-10-02T17:00+02:00;693.905;3498.905;100.1;100.1
2024-10-02T18:00+02:00;729.85;2919.3;117.01;117.01
2024-10-02T19:00+02:00;738.855;3100.155;130.07;130.07
2024-10-02T20:00+02:00;698.705;3094.715;114.37;114.37
2024-10-02T21:00+02:00;783;3019.58;96.54;96.54
2024-10-02T22:00+02:00;626.305;2813.125;93.3;93.3
2024-10-02T23:00+02:00;411.955;2754.995;85;85
2024-10-03T00:00+02:00;361.155;2591.345;67.33;67.33
2024-10-03T01:00+02:00;326.845;2471.405;65.86;65.86
2024-10-03T02:00+02:00;309.475;2429.925;65.14;65.14
2024-10-03T03:00+02:00;313.975;2484.695;64.18;64.18
2024-10-03T04:00+02:00;311.165;2376.945;63.98;63.98
2024-10-03T05:00+02:00;311.94;2352.98;64.4;64.4
2024-10-03T06:00+02:00;327.12;2382.37;65.43;65.43
2024-10-03T07:00+02:00;381.205;2434.265;73.37;73.37
2024-10-03T08:00+02:00;397.33;2889.03;76.67;76.67
2024-10-03T09:00+02:00;402.545;3357.705;72.9;72.9
2024-10-03T10:00+02:00;349.87;3816.06;69.28;69.28
2024-10-03T11:00+02:00;311.605;4197.945;63.04;63.04
2024-10-03T12:00+02:00;303.425;4423.135;47.09;47.09
2024-10-03T13:00+02:00;301.11;4261;33.98;33.98
2024-10-03T14:00+02:00;317.07;4059.83;39.14;39.14
2024-10-03T15:00+02:00;336.425;3560.465;51.36;51.36
2024-10-03T16:00+02:00;393.855;2578.745;66.04;66.04
2024-10-03T17:00+02:00;515.795;2026.005;89.7;89.7
2024-10-03T18:00+02:00;719.455;1478.145;110.07;110.07
2024-10-03T19:00+02:00;716.325;1440.385;115.32;115.32
2024-10-03T20:00+02:00;791.22;1425.68;108.28;108.28
2024-10-03T21:00+02:00;797.25;1405.09;98.76;98.76
2024-10-03T22:00+02:00;476.715;1264.635;90.96;90.96
2024-10-03T23:00+02:00;426.605;1143.705;81.46;81.46
2024-10-04T00:00+02:00;429.42;1071.31;73.9;73.9
2024-10-04T01:00+02:00;430.915;1005.325;72.52;72.52
2024-10-04T02:00+02:00;432.905;1023.475;72.1;72.1
2024-10-04T03:00+02:00;430.91;989.87;72;72
2024-10-04T04:00+02:00;432.135;969.065;72.33;72.33
2024-10-04T05:00+02:00;493.405;1045.855;77.1;77.1
2024-10-04T06:00+02:00;879.98;1166.51;103;103
2024-10-04T07:00+02:00;914.385;1156.795;126.54;126.54
2024-10-04T08:00+02:00;925.01;1432.93;141.42;141.42
2024-10-04T09:00+02:00;851.84;1949.02;116.27;116.27
2024-10-04T10:00+02:00;700.655;2653.905;100.09;100.09
2024-10-04T11:00+02:00;548.095;2990.025;85;85
2024-10-04T12:00+02:00;416.7;2942.04;75.07;75.07
2024-10-04T13:00+02:00;409.395;2770.415;73.49;73.49
2024-10-04T14:00+02:00;405.8;2693.98;75.82;75.82
2024-10-04T15:00+02:00;460.22;2432.33;79.07;79.07
2024-10-04T16:00+02:00;695.705;2083.365;89.8;89.8
2024-10-04T17:00+02:00;740.68;1486.24;107.1;107.1
2024-10-04T18:00+02:00;798.91;1013.5;131.97;131.97
2024-10-04T19:00+02:00;810.725;916.855;149.02;149.02
2024-10-04T20:00+02:00;884.19;780.85;123.7;123.7
2024-10-04T21:00+02:00;842.35;871.49;99.9;99.9
2024-10-04T22:00+02:00;858.83;885.09;99.9;99.9
2024-10-04T23:00+02:00;839.095;883.955;90;90
2024-10-05T00:00+02:00;723.77;907.71;93.1;93.1
2024-10-05T01:00+02:00;501.465;865.495;84.64;84.64
2024-10-05T02:00+02:00;443.535;845.785;81.4;81.4
2024-10-05T03:00+02:00;547.785;880.515;75.54;75.54
2024-10-05T04:00+02:00;572.655;887.705;75.72;75.72
2024-10-05T05:00+02:00;435.27;845.49;79.82;79.82
2024-10-05T06:00+02:00;468.085;1055.125;86.2;86.2
2024-10-05T07:00+02:00;657.5;1144.88;100.4;100.4
2024-10-05T08:00+02:00;679.705;1387.125;110.62;110.62
2024-10-05T09:00+02:00;675.855;1736.005;103;103
2024-10-05T10:00+02:00;484.89;2210.44;82.42;82.42
2024-10-05T11:00+02:00;438.165;2580.515;68.27;68.27
2024-10-05T12:00+02:00;438.315;2641.375;51.44;51.44
2024-10-05T13:00+02:00;404.075;2453.035;38.88;38.88
2024-10-05T14:00+02:00;398.28;2328.58;43.49;43.49
2024-10-05T15:00+02:00;400.905;2217.855;56.16;62.92
2024-10-05T16:00+02:00;520.395;1879.725;72.98;77.12
2024-10-05T17:00+02:00;771.215;1503.785;92.55;99.48
2024-10-05T18:00+02:00;835.6;1164.68;138.07;148.65
2024-10-05T19:00+02:00;1004.155;1101.025;137.97;143.28
2024-10-05T20:00+02:00;915.205;1202.225;107.23;107.23
2024-10-05T21:00+02:00;820.035;1196.835;94.57;96.56
2024-10-05T22:00+02:00;618.065;1278.155;84.97;85.23
2024-10-05T23:00+02:00;460.755;1262.845;67;67
2024-10-06T00:00+02:00;376.655;1235.045;65.12;65.33
2024-10-06T01:00+02:00;326.57;1299.05;60.65;60.65
2024-10-06T02:00+02:00;327.275;1362.375;59.1;59.1
2024-10-06T03:00+02:00;319.46;1382.94;58.13;58.13
2024-10-06T04:00+02:00;319.4;1508.6;56.93;56.93
2024-10-06T05:00+02:00;320.03;1565.48;58.13;58.13
2024-10-06T06:00+02:00;319.83;1586.67;57.93;57.93
2024-10-06T07:00+02:00;345.75;1657.3;70.42;70.42
2024-10-06T08:00+02:00;360.745;1977.915;65.87;77.2
2024-10-06T09:00+02:00;339.645;2472.555;60.06;66.06
2024-10-06T10:00+02:00;312.19;2893.8;35.28;26.02
2024-10-06T11:00+02:00;303.11;3296.87;16.68;17
2024-10-06T12:00+02:00;308.74;3734.27;10.69;14.2
2024-10-06T13:00+02:00;317.45;3719.26;5.62;12.52
2024-10-06T14:00+02:00;327.91;3226.1;2.18;15.28
2024-10-06T15:00+02:00;356.095;2847.475;1.79;18.72
2024-10-06T16:00+02:00;410.16;2660.38;53.1;27.2
2024-10-06T17:00+02:00;499.25;2128.45;82.78;90.94
2024-10-06T18:00+02:00;687.955;2149.975;106.3;106.3
2024-10-06T19:00+02:00;674.335;2583.585;97.22;97.22
2024-10-06T20:00+02:00;498.765;2860.865;72.98;72.98
2024-10-06T21:00+02:00;476.99;2910.83;59.37;59.37
2024-10-06T22:00+02:00;435.925;3056.145;58.69;58.69
2024-10-06T23:00+02:00;414.065;3101.895;51.71;51.71
2024-10-07T00:00+02:00;394.855;3273.055;34.58;34.58
2024-10-07T01:00+02:00;393.165;3397.875;35.34;35.34
2024-10-07T02:00+02:00;395.845;3321.775;33.25;33.25
2024-10-07T03:00+02:00;395.705;3369.425;30.15;30.15
2024-10-07T04:00+02:00;395.675;3723.395;34.95;34.95
2024-10-07T05:00+02:00;409.99;4020.74;39.16;39.16
2024-10-07T06:00+02:00;411.75;4197.98;44.99;44.99
2024-10-07T07:00+02:00;409.08;4323.54;50.75;50.75
2024-10-07T08:00+02:00;399.165;4711.295;55.55;55.55
2024-10-07T09:00+02:00;365.055;5025.575;51.48;51.48
2024-10-07T10:00+02:00;360.455;5169.035;49.96;49.96
2024-10-07T11:00+02:00;362.835;5043.735;47.8;47.8
2024-10-07T12:00+02:00;376.235;4790.935;45.73;45.73
2024-10-07T13:00+02:00;373.87;4529.68;43.2;43.2
2024-10-07T14:00+02:00;380.165;3961.755;48.08;48.08
2024-10-07T15:00+02:00;463.05;3704.67;61.45;61.45
2024-10-07T16:00+02:00;681.52;3414.84;88.79;88.79
2024-10-07T17:00+02:00;937.09;2993.67;117.2;117.2
2024-10-07T18:00+02:00;1185.835;2554.905;188.49;188.49
2024-10-07T19:00+02:00;1426.03;2357.88;188.53;188.53
2024-10-07T20:00+02:00;994.285;2145.335;121.98;121.98
2024-10-07T21:00+02:00;1004.575;2000.655;99.93;99.93
2024-10-07T22:00+02:00;908.355;2037.645;91.91;91.91
2024-10-07T23:00+02:00;541.255;1872.045;79.12;79.12
2024-10-08T00:00+02:00;474.405;1645.715;72.33;72.33
2024-10-08T01:00+02:00;456.08;1552.06;67.07;67.07
2024-10-08T02:00+02:00;400.395;1564.635;63.99;63.99
2024-10-08T03:00+02:00;372.91;1461.72;59.67;59.67
2024-10-08T04:00+02:00;379.285;1635.185;59.69;59.69
2024-10-08T05:00+02:00;389.65;1654.72;67.43;67.43
2024-10-08T06:00+02:00;523.43;2131.45;85.97;85.97
2024-10-08T07:00+02:00;656.78;2744.35;110.37;110.37
2024-10-08T08:00+02:00;653.94;3167.17;106.24;106.24
2024-10-08T09:00+02:00;468.7;3378.83;85;85
2024-10-08T10:00+02:00;499.265;3571.495;80.33;80.33
2024-10-08T11:00+02:00;573.205;3609.685;73.42;73.42
2024-10-08T12:00+02:00;461.755;3464.655;66.51;66.51
2024-10-08T13:00+02:00;464.525;3611.825;70.97;70.97
2024-10-08T14:00+02:00;576.925;3590.045;75.79;75.79
2024-10-08T15:00+02:00;629.63;3734.49;77.53;77.53
2024-10-08T16:00+02:00;688.5;3598.43;93.13;101.19
2024-10-08T17:00+02:00;908.625;3234.815;114;126.34
2024-10-08T18:00+02:00;965.27;2932.71;144;156.77
2024-10-08T19:00+02:00;937.965;2896.535;153.09;168.2
2024-10-08T20:00+02:00;936.24;2679.91;114.41;114.41
2024-10-08T21:00+02:00;876.86;2699.96;94.9;94.9
2024-10-08T22:00+02:00;558.56;2493.9;86.6;86.6
2024-10-08T23:00+02:00;498.61;2166.81;67.6;67.6
2024-10-09T00:00+02:00;402.055;1759.725;61.93;61.93
2024-10-09T01:00+02:00;364.88;1607.96;60;60
2024-10-09T02:00+02:00;364.055;1430.195;57.48;57.48
2024-10-09T03:00+02:00;365.64;1251.46;54.32;54.32
2024-10-09T04:00+02:00;369.745;1258.245;57.32;57.32
2024-10-09T05:00+02:00;424.15;1222.1;63.87;63.87
2024-10-09T06:00+02:00;532.45;1588.64;86.7;86.7
2024-10-09T07:00+02:00;755.3;1628.47;110.8;111.19
2024-10-09T08:00+02:00;734.255;1851.195;110.98;110.98
2024-10-09T09:00+02:00;485.41;2203.62;87;87
2024-10-09T10:00+02:00;422.54;2497.97;72.09;72.09
2024-10-09T11:00+02:00;388.72;2503.95;59.9;59.9
2024-10-09T12:00+02:00;390.875;2546.965;59.8;59.8
2024-10-09T13:00+02:00;392.69;2641.21;59.85;59.85
2024-10-09T14:00+02:00;413.875;2632.325;67.63;67.63
2024-10-09T15:00+02:00;511.86;2899.52;77.17;77.17
2024-10-09T16:00+02:00;800.74;2723.48;95;95
2024-10-09T17:00+02:00;948.805;2205.915;117.45;117.45
2024-10-09T18:00+02:00;954.79;1978.6;122.53;122.53
2024-10-09T19:00+02:00;927.17;1880.4;127.12;127.12
2024-10-09T20:00+02:00;914.3;1993.18;111.05;111.05
2024-10-09T21:00+02:00;868.335;2106.035;95.8;95.8
2024-10-09T22:00+02:00;678.725;1981.185;95.1;95.1
2024-10-09T23:00+02:00;458.385;1377.845;82.34;82.34
2024-10-10T00:00+02:00;417.145;1185.415;61.19;61.19
2024-10-10T01:00+02:00;391.13;1142.41;46.89;46.89
2024-10-10T02:00+02:00;387.635;1109.665;37.75;37.75
2024-10-10T03:00+02:00;384.415;976.205;32;32
2024-10-10T04:00+02:00;384.275;955.085;29.64;29.64
2024-10-10T05:00+02:00;399.06;1058.95;39.6;39.6
2024-10-10T06:00+02:00;463.46;1507.03;62.1;62.1
2024-10-10T07:00+02:00;498.695;2359.765;84.9;84.9
2024-10-10T08:00+02:00;525.325;3063.415;80.46;80.46
2024-10-10T09:00+02:00;533.92;3470.95;67.5;67.5
2024-10-10T10:00+02:00;492.085;3902.045;52.01;52.01
2024-10-10T11:00+02:00;418.425;4584.605;38.93;38.93
2024-10-10T12:00+02:00;367.285;5238.105;21.89;21.89
2024-10-10T13:00+02:00;352.16;5872.34;15.94;15.94
2024-10-10T14:00+02:00;376.39;6357.06;20.01;20.01
2024-10-10T15:00+02:00;375.745;6402.745;37.18;37.18
2024-10-10T16:00+02:00;387.875;6319.995;37.18;37.18
2024-10-10T17:00+02:00;397.335;5833.435;38.23;38.23
2024-10-10T18:00+02:00;394.715;5615.855;39.48;39.48
2024-10-10T19:00+02:00;398.715;5714.595;38.64;38.64
2024-10-10T20:00+02:00;387.405;5876.575;36.82;36.82
2024-10-10T21:00+02:00;378.56;5925.44;35.38;25.04
2024-10-10T22:00+02:00;377.115;5815.175;30;13.48
2024-10-10T23:00+02:00;366.46;5688.73;31.68;3.29
2024-10-11T00:00+02:00;382.28;5330.18;34.71;3.27
2024-10-11T01:00+02:00;387.21;5234.89;34.72;3.27
2024-10-11T02:00+02:00;397.3;5070.06;35.09;3.28
2024-10-11T03:00+02:00;403.715;4972.105;35.88;3.27
2024-10-11T04:00+02:00;403.49;4755.34;35.91;3.27
2024-10-11T05:00+02:00;397.195;4607.235;36.76;3.28
2024-10-11T06:00+02:00;419.395;4506.145;41.32;33.9
2024-10-11T07:00+02:00;462.695;4379.475;58.89;58.89
2024-10-11T08:00+02:00;692.215;4303.515;79.63;79.63
2024-10-11T09:00+02:00;426.98;4367.54;53.72;53.72
2024-10-11T10:00+02:00;335.305;4823.945;49.32;49.32
2024-10-11T11:00+02:00;333.18;5295.7;43.57;24.66
2024-10-11T12:00+02:00;323.005;5608.225;42.43;21.04
2024-10-11T13:00+02:00;322.77;5730.16;41.59;33.92
2024-10-11T14:00+02:00;322.665;5662.825;40.13;33.78
2024-10-11T15:00+02:00;340.815;5486.325;39.97;39.97
2024-10-11T16:00+02:00;425.43;5201.59;40.07;40.07
2024-10-11T17:00+02:00;517.555;4835.595;66.59;66.59
2024-10-11T18:00+02:00;833.88;4654.1;125.94;125.94
2024-10-11T19:00+02:00;931.98;4537.63;161.97;161.97
2024-10-11T20:00+02:00;922.13;4435.77;120;120
2024-10-11T21:00+02:00;875.37;4267.05;99.79;99.79
2024-10-11T22:00+02:00;803.29;3923;98.41;98.41
2024-10-11T23:00+02:00;717.915;3332.575;87.83;87.83
2024-10-12T00:00+02:00;563.455;2820.585;90.09;90.09
2024-10-12T01:00+02:00;536.505;2358.215;79.42;79.42
2024-10-12T02:00+02:00;519.595;2161.165;75.58;75.58
2024-10-12T03:00+02:00;514.555;2064.465;75.02;75.02
2024-10-12T04:00+02:00;490.855;2220.185;71.92;71.92
2024-10-12T05:00+02:00;498.955;2146.425;67.9;67.9
2024-10-12T06:00+02:00;526.835;2191.315;71.63;71.63
2024-10-12T07:00+02:00;502.575;2615.275;53.63;53.63
2024-10-12T08:00+02:00;430.9;3055.19;50.71;50.71
2024-10-12T09:00+02:00;388.81;3683.53;41.67;41.67
2024-10-12T10:00+02:00;379.59;4516.7;35.3;35.3
2024-10-12T11:00+02:00;378.255;5166.735;34.28;34.28
2024-10-12T12:00+02:00;337.53;5538.49;24.79;24.79
2024-10-12T13:00+02:00;306.81;5621.21;14.33;14.33
2024-10-12T14:00+02:00;304.47;5518.67;23.34;23.34
2024-10-12T15:00+02:00;359.78;5286.3;35.31;35.31
2024-10-12T16:00+02:00;383.225;4896.525;29.35;29.35
2024-10-12T17:00+02:00;398.565;4745.125;56.8;56.8
2024-10-12T18:00+02:00;402.63;4781.82;48.51;48.51
2024-10-12T19:00+02:00;412.515;4928.525;40.08;40.08
2024-10-12T20:00+02:00;414.8;5201.83;38.78;27.8
2024-10-12T21:00+02:00;402.195;5352.075;38.64;18.08
2024-10-12T22:00+02:00;376.44;5261.38;34.87;13.7
2024-10-12T23:00+02:00;365.73;4917.41;25.37;5.6
2024-10-13T00:00+02:00;371.475;3152.475;0;0
2024-10-13T01:00+02:00;367.945;3078.855;-0.01;-0.01
2024-10-13T02:00+02:00;341.415;2621.415;-0.07;-0.07
2024-10-13T03:00+02:00;326.27;2157.14;-0.37;-0.37
2024-10-13T04:00+02:00;316.865;1865.515;-0.51;-0.51
2024-10-13T05:00+02:00;319.115;1746.645;-0.09;-0.09
2024-10-13T06:00+02:00;349.25;2255.64;-0.01;-0.01
2024-10-13T07:00+02:00;353.535;1876.425;1.72;0.02
2024-10-13T08:00+02:00;358.29;1795.33;17.96;2.75
2024-10-13T09:00+02:00;355.48;1860.06;9.85;3.9
2024-10-13T10:00+02:00;299.785;2607.655;4.91;4.91
2024-10-13T11:00+02:00;295.94;3129.45;6.21;6.21
2024-10-13T12:00+02:00;285.175;3594.785;6.38;6.38
2024-10-13T13:00+02:00;301.295;3799.225;7.1;7.1
2024-10-13T14:00+02:00;306.295;3743.855;7.92;7.92
2024-10-13T15:00+02:00;312.295;3604.335;12.68;12.68
2024-10-13T16:00+02:00;319.265;3308.375;15.85;15.85
2024-10-13T17:00+02:00;330.605;3144.565;22.25;20.94
2024-10-13T18:00+02:00;375.685;3169.735;35.83;34.97
2024-10-13T19:00+02:00;411.61;3164.12;54.05;50.1
2024-10-13T20:00+02:00;428.57;3099.42;39.51;39.51
2024-10-13T21:00+02:00;440.445;3130.555;38.43;38.43
2024-10-13T22:00+02:00;426.23;3223.2;40.13;40.13
2024-10-13T23:00+02:00;392.96;3252.75;36.81;36.81
2024-10-14T00:00+02:00;338.835;3271.595;37.1;37.1
2024-10-14T01:00+02:00;336.42;3145.89;35.25;35.25
2024-10-14T02:00+02:00;341.195;3147.585;35.17;35.17
2024-10-14T03:00+02:00;342.035;3176.485;34.36;34.36
2024-10-14T04:00+02:00;387.195;3349.095;39.33;39.33
2024-10-14T05:00+02:00;432.56;3312.09;62.2;62.2
2024-10-14T06:00+02:00;607.2;3413.2;98.74;98.74
2024-10-14T07:00+02:00;778.18;3243.77;130.53;130.53
2024-10-14T08:00+02:00;886.985;3391.785;153.12;153.12
2024-10-14T09:00+02:00;814.905;3688.225;117.94;117.94
2024-10-14T10:00+02:00;752.635;4137.175;100.95;100.95
2024-10-14T11:00+02:00;509.245;4628.225;93.23;93.23
2024-10-14T12:00+02:00;507.45;4539.92;86.24;86.24
2024-10-14T13:00+02:00;512.58;4567.35;82.6;82.6
2024-10-14T14:00+02:00;585.535;4423.375;74.16;74.16
2024-10-14T15:00+02:00;736.585;4354.285;87.08;87.08
2024-10-14T16:00+02:00;865.195;3796.585;105.79;105.79
2024-10-14T17:00+02:00;970.49;3293.18;158.51;158.51
2024-10-14T18:00+02:00;983.2;2952.05;250;250
2024-10-14T19:00+02:00;991.4;2778.24;263.27;263.27
2024-10-14T20:00+02:00;969.505;2725.015;158;158
2024-10-14T21:00+02:00;911.54;2562.25;114.12;114.12
2024-10-14T22:00+02:00;906.375;2533.935;99.66;99.66
2024-10-14T23:00+02:00;632.965;2516.915;94.8;94.8
2024-10-15T00:00+02:00;490.975;2287.155;91.23;91.23
2024-10-15T01:00+02:00;461.335;2230.735;86.49;86.49
2024-10-15T02:00+02:00;465.625;2053.155;88.35;88.35
2024-10-15T03:00+02:00;465.215;2025.295;84.04;84.04
2024-10-15T04:00+02:00;465.095;1937.845;80.8;80.8
2024-10-15T05:00+02:00;544.495;1851.445;89.51;89.51
2024-10-15T06:00+02:00;905.965;1745.275;114.53;114.53
2024-10-15T07:00+02:00;972.345;1663.835;185.39;185.39
2024-10-15T08:00+02:00;971.485;1707.405;176.61;176.61
2024-10-15T09:00+02:00;905.895;2051.785;110.54;110.54
2024-10-15T10:00+02:00;675.175;2611.125;92.75;92.75
2024-10-15T11:00+02:00;451.31;3188.95;83.05;83.05
2024-10-15T12:00+02:00;463.35;3417.98;78.47;78.47
2024-10-15T13:00+02:00;445.715;3393.705;71.75;71.75
2024-10-15T14:00+02:00;444.45;3052.08;75.9;75.9
2024-10-15T15:00+02:00;2828.26;2720.75;83.36;83.36
2024-10-15T16:00+02:00;726.945;1978.435;89.03;89.03
2024-10-15T17:00+02:00;920.23;1329.94;120.69;120.69
2024-10-15T18:00+02:00;934.195;1318.875;136.79;136.79
2024-10-15T19:00+02:00;878.55;1717.33;97.31;97.31
2024-10-15T20:00+02:00;612.98;2033.48;76.26;76.26
2024-10-15T21:00+02:00;431.565;2240.005;66.65;66.65
2024-10-15T22:00+02:00;351.505;2527.765;59.65;59.65
2024-10-15T23:00+02:00;330.77;2665.14;40.78;40.78
2024-10-16T00:00+02:00;305.02;2817.08;23.35;23.35
2024-10-16T01:00+02:00;304.78;2993.17;12.8;12.8
2024-10-16T02:00+02:00;300.21;3198.91;5.3;5.3
2024-10-16T03:00+02:00;297.87;3193.36;3.61;3.61
2024-10-16T04:00+02:00;299.79;3313.15;3.16;3.25
2024-10-16T05:00+02:00;327.365;3915.135;8.2;8.2
2024-10-16T06:00+02:00;372.785;4377.025;40.35;40.35
2024-10-16T07:00+02:00;380.12;4719.66;47.41;47.41
2024-10-16T08:00+02:00;361.345;5153.775;54.45;54.45
2024-10-16T09:00+02:00;356.555;5855.475;47.55;47.55
2024-10-16T10:00+02:00;333.5;6757.81;26.68;26.68
2024-10-16T11:00+02:00;295.93;7992.79;14.16;14.16
2024-10-16T12:00+02:00;315.265;8126.045;4.09;4.09
2024-10-16T13:00+02:00;328.87;7666.19;2.04;2.95
2024-10-16T14:00+02:00;333.48;7479.83;4;4.13
2024-10-16T15:00+02:00;320.365;7185.725;14.18;14.05
2024-10-16T16:00+02:00;334.325;7250.545;33;16.56
2024-10-16T17:00+02:00;321.485;6511.155;35.25;35.25
2024-10-16T18:00+02:00;325.975;6298.395;37.19;37.19
2024-10-16T19:00+02:00;320.195;6368.205;36.52;36.52
2024-10-16T20:00+02:00;335.605;6357.215;35.85;35.85
2024-10-16T21:00+02:00;338.115;6243.515;34.53;11.49
2024-10-16T22:00+02:00;356.37;6090.48;32.44;5.07
2024-10-16T23:00+02:00;336.44;5820.33;26.54;5.06
2024-10-17T00:00+02:00;286.095;5324.415;17.04;3.29
2024-10-17T01:00+02:00;280.55;5009.66;12.15;3.29
2024-10-17T02:00+02:00;279.5;4826.39;10.48;3.29
2024-10-17T03:00+02:00;284.8;4660.62;5.61;3.28
2024-10-17T04:00+02:00;279.83;4610.85;10.01;3.27
2024-10-17T05:00+02:00;313.38;4893.28;28.97;3.28
2024-10-17T06:00+02:00;355.07;5137.54;35.08;35.08
2024-10-17T07:00+02:00;381.33;5146.52;40.03;40.03
2024-10-17T08:00+02:00;386.455;5196.945;41.12;41.12
2024-10-17T09:00+02:00;373.685;5613.275;40.46;40.46
2024-10-17T10:00+02:00;418.085;6105.575;38.46;38.46
2024-10-17T11:00+02:00;463.095;6143.735;38.48;38.48
2024-10-17T12:00+02:00;468.26;5893.35;38.96;38.96
2024-10-17T13:00+02:00;488.415;5254.385;40.92;40.92
2024-10-17T14:00+02:00;557.46;4384.15;43.29;43.29
2024-10-17T15:00+02:00;617.06;3980.62;63.55;63.55
2024-10-17T16:00+02:00;645.055;3703.555;92.68;92.68
2024-10-17T17:00+02:00;936.24;3447.56;119.7;119.7
2024-10-17T18:00+02:00;1015.99;3201.68;173.21;173.21
2024-10-17T19:00+02:00;1064.54;3153.11;171;171
2024-10-17T20:00+02:00;1092.62;3086.41;117.5;117.5
2024-10-17T21:00+02:00;945.87;2570.52;97.81;97.81
2024-10-17T22:00+02:00;698.04;2283.71;89.05;89.05
2024-10-17T23:00+02:00;622.72;2108.14;82.21;82.21
2024-10-18T00:00+02:00;571.1;1649.83;80.95;80.95
2024-10-18T01:00+02:00;571.975;1443.355;81.16;81.16
2024-10-18T02:00+02:00;586.685;1400.015;82.73;82.73
2024-10-18T03:00+02:00;571.505;1388.465;78.84;78.84
2024-10-18T04:00+02:00;561.61;1246.76;81.19;81.19
2024-10-18T05:00+02:00;596.605;1244.695;84.34;84.34
2024-10-18T06:00+02:00;851.345;1133.735;98.89;98.89
2024-10-18T07:00+02:00;909.305;1358.805;149.78;149.78
2024-10-18T08:00+02:00;968.675;1331.165;156.24;156.24
2024-10-18T09:00+02:00;961.16;1100.41;111;111
2024-10-18T10:00+02:00;896.195;1243.845;95.76;95.76
2024-10-18T11:00+02:00;598.405;1365.715;85.3;85.3
2024-10-18T12:00+02:00;572.665;1608.935;82.96;82.96
2024-10-18T13:00+02:00;590.32;1647.08;80.2;80.2
2024-10-18T14:00+02:00;612.78;1620.23;81.19;81.19
2024-10-18T15:00+02:00;693.2;1524.92;84.34;84.34
2024-10-18T16:00+02:00;990.08;1566.12;103.29;103.29
2024-10-18T17:00+02:00;1056.865;1399.455;133.67;133.67
2024-10-18T18:00+02:00;1057.635;1449.745;181.28;181.28
2024-10-18T19:00+02:00;1035.35;1635.13;142.58;142.58
2024-10-18T20:00+02:00;1001.72;1926.03;103.25;103.25
2024-10-18T21:00+02:00;881.165;1975.965;96.83;96.83
2024-10-18T22:00+02:00;665.425;2188.535;93.26;93.26
2024-10-18T23:00+02:00;633.325;2251.555;85.54;85.54
2024-10-19T00:00+02:00;633.38;2055.16;87.06;87.06
2024-10-19T01:00+02:00;630.98;1858.78;83.03;83.03
2024-10-19T02:00+02:00;596.415;1713.355;79.91;79.91
2024-10-19T03:00+02:00;591.94;1603.97;75.26;75.26
2024-10-19T04:00+02:00;661.4;1503.34;75.87;75.87
2024-10-19T05:00+02:00;641.85;1469.21;76.77;76.77
2024-10-19T06:00+02:00;696.525;1498.705;80;80
2024-10-19T07:00+02:00;735.965;1562.375;91.91;91.91
2024-10-19T08:00+02:00;603.78;1665.16;89.66;89.66
2024-10-19T09:00+02:00;586.555;1672.855;84.6;84.6
2024-10-19T10:00+02:00;564.415;1820.915;78.8;78.8
2024-10-19T11:00+02:00;517.845;2051.305;73.32;73.32
2024-10-19T12:00+02:00;591.545;1938.085;66.16;66.16
2024-10-19T13:00+02:00;519.64;1776.56;60.96;60.96
2024-10-19T14:00+02:00;516.585;1772.905;63.89;63.89
2024-10-19T15:00+02:00;596.185;1486.635;79.07;79.07
2024-10-19T16:00+02:00;858.985;1526.285;98.09;98.09
2024-10-19T17:00+02:00;995.945;1576.915;109.14;109.14
2024-10-19T18:00+02:00;979.65;1799.4;135.82;135.82
2024-10-19T19:00+02:00;975.125;1949.195;118.93;118.93
2024-10-19T20:00+02:00;935.355;1930.815;96.8;96.8
2024-10-19T21:00+02:00;647.825;2258.625;90.18;90.18
2024-10-19T22:00+02:00;589.29;2362.33;83.83;83.83
2024-10-19T23:00+02:00;550.535;2520.605;73.33;73.33
2024-10-20T00:00+02:00;534.075;2690.875;54.04;54.04
2024-10-20T01:00+02:00;538.675;2796.145;54.9;54.9
2024-10-20T02:00+02:00;542.435;2746.205;54.58;54.58
2024-10-20T03:00+02:00;557.11;2844.65;55.91;55.91
2024-10-20T04:00+02:00;505.83;2858.28;59.59;59.59
2024-10-20T05:00+02:00;481.425;2867.315;32.43;32.43
2024-10-20T06:00+02:00;474.375;2972.825;32.23;32.23
2024-10-20T07:00+02:00;497.93;2879.65;39.06;39.06
2024-10-20T08:00+02:00;498.96;2646.07;48.26;48.26
2024-10-20T09:00+02:00;424.67;2899.9;45.75;45.75
2024-10-20T10:00+02:00;338.47;3279.92;6.37;6.37
2024-10-20T11:00+02:00;334.5;2976.09;0.08;0.08
2024-10-20T12:00+02:00;307.355;2499.415;0;0
2024-10-20T13:00+02:00;306.665;1995.065;-0.98;-0.98
2024-10-20T14:00+02:00;337.82;2471.56;-2.01;-2.01
2024-10-20T15:00+02:00;351.905;2980.705;0;0
2024-10-20T16:00+02:00;390.185;3971.435;5.1;5.1
2024-10-20T17:00+02:00;535.6;4257.55;55.45;55.45
2024-10-20T18:00+02:00;550.665;4730.285;42.67;42.67
2024-10-20T19:00+02:00;503.99;5176.02;36.06;36.06
2024-10-20T20:00+02:00;439.2;5539.17;33.91;33.91
2024-10-20T21:00+02:00;429.38;5793.36;20.95;20.95
2024-10-20T22:00+02:00;404.945;5954.945;12.15;12.15
2024-10-20T23:00+02:00;337.325;5356.555;1.93;1.93
2024-10-21T00:00+02:00;304.015;3487.505;-0.1;-0.1
2024-10-21T01:00+02:00;298.05;3237.27;-0.1;-0.1
2024-10-21T02:00+02:00;289.615;3122.985;-0.14;-0.14
2024-10-21T03:00+02:00;312.02;3193.32;-0.08;-0.08
2024-10-21T04:00+02:00;313.035;3335.635;-0.04;-0.04
2024-10-21T05:00+02:00;345.265;5212.825;3.25;3.25
2024-10-21T06:00+02:00;424.81;5565.37;4.37;4.37
2024-10-21T07:00+02:00;474.79;5761.81;40.38;40.38
2024-10-21T08:00+02:00;482.335;5714.325;39.16;39.16
2024-10-21T09:00+02:00;460.58;5759.39;32.2;32.2
2024-10-21T10:00+02:00;404.185;6023.345;28.88;28.88
2024-10-21T11:00+02:00;373.99;6217.26;27.98;27.98
2024-10-21T12:00+02:00;374.19;5998.61;25.27;25.27
2024-10-21T13:00+02:00;390.325;5664.815;28.12;28.12
2024-10-21T14:00+02:00;435.715;5268.195;22.62;22.62
2024-10-21T15:00+02:00;533.205;4899.445;58.27;58.27
2024-10-21T16:00+02:00;622.49;4657.93;89.87;89.87
2024-10-21T17:00+02:00;950.115;4029.165;130.04;130.04
2024-10-21T18:00+02:00;1050.45;3567.35;212.15;212.15
2024-10-21T19:00+02:00;1074.905;3125.485;188.35;188.35
2024-10-21T20:00+02:00;1017.4;2716.28;128.44;128.44
2024-10-21T21:00+02:00;961.135;2481.495;100.6;100.6
2024-10-21T22:00+02:00;900.03;2310.32;97.8;97.8
2024-10-21T23:00+02:00;662.06;1973.4;92.97;92.97
2024-10-22T00:00+02:00;664.795;1773.695;89.42;89.42
2024-10-22T01:00+02:00;616.565;1593.435;87.52;87.52
2024-10-22T02:00+02:00;579.915;1461.895;85.69;85.69
2024-10-22T03:00+02:00;583.345;1460.395;83.6;83.6
2024-10-22T04:00+02:00;578.5;1420.06;83.02;83.02
2024-10-22T05:00+02:00;603.255;1631.265;86;86
2024-10-22T06:00+02:00;788.25;1886.75;98.14;98.14
2024-10-22T07:00+02:00;869.38;2230.98;150;158.52
2024-10-22T08:00+02:00;906.125;2740.775;162.94;170.12
2024-10-22T09:00+02:00;873.305;3205.865;113.44;113.44
2024-10-22T10:00+02:00;598.555;3859.875;98.79;99.22
2024-10-22T11:00+02:00;547.915;4628.505;85.69;87.75
2024-10-22T12:00+02:00;500.645;5522.775;33.08;77.11
2024-10-22T13:00+02:00;485.41;5936.4;31.18;70.88
2024-10-22T14:00+02:00;489.05;5930.94;30.24;73.53
2024-10-22T15:00+02:00;485.335;5622.815;30.81;87.08
2024-10-22T16:00+02:00;4800.385;5062.145;35.28;38.8
2024-10-22T17:00+02:00;872.9;4790.15;101.78;101.78
2024-10-22T18:00+02:00;1003.68;4736.35;139.92;139.92
2024-10-22T19:00+02:00;967.63;4591.05;157.75;157.75
2024-10-22T20:00+02:00;958.04;4560.98;114.02;114.02
2024-10-22T21:00+02:00;892.27;4545.39;93.55;93.55
2024-10-22T22:00+02:00;762.175;4410.015;95.72;95.72
2024-10-22T23:00+02:00;555.335;4376.255;88.35;88.35
2024-10-23T00:00+02:00;544.735;4121.365;80.83;75.28
2024-10-23T01:00+02:00;552.01;3795.19;83.23;83.23
2024-10-23T02:00+02:00;549.35;3377.97;82.02;82.02
2024-10-23T03:00+02:00;550.97;3226.35;83.21;83.21
2024-10-23T04:00+02:00;545.34;2987.01;85.8;85.8
2024-10-23T05:00+02:00;615.97;3047.64;90.64;90.64
2024-10-23T06:00+02:00;911.09;3057.64;104.72;104.72
2024-10-23T07:00+02:00;1014.415;3184.035;137.49;137.49
2024-10-23T08:00+02:00;1033.97;3328.56;161.68;161.68
2024-10-23T09:00+02:00;1031.13;3598.83;128.42;128.42
2024-10-23T10:00+02:00;828.73;3846.26;104.1;104.1
2024-10-23T11:00+02:00;2352.21;3991.56;93.02;93.02
2024-10-23T12:00+02:00;927.02;4273.23;80.58;80.58
2024-10-23T13:00+02:00;601.745;4479.815;77.07;77.07
2024-10-23T14:00+02:00;590.61;4585.84;75.42;75.42
2024-10-23T15:00+02:00;624.155;4168.455;88.21;88.21
2024-10-23T16:00+02:00;825.51;3329.94;93.36;93.36
2024-10-23T17:00+02:00;1065.675;2805.385;135.39;135.39
2024-10-23T18:00+02:00;1086.73;2805.93;191.6;198.37
2024-10-23T19:00+02:00;1082.965;3052.515;176;176
2024-10-23T20:00+02:00;1030.33;3244.49;111.71;111.71
2024-10-23T21:00+02:00;952.52;3396.34;101.22;101.22
2024-10-23T22:00+02:00;857.92;3238.6;102.93;102.93
2024-10-23T23:00+02:00;594.715;3055.965;93.16;93.16
2024-10-24T00:00+02:00;564.095;3043.725;86.76;86.76
2024-10-24T01:00+02:00;562.75;2847.22;80.11;80.11
2024-10-24T02:00+02:00;562.25;2660.84;78.1;78.1
2024-10-24T03:00+02:00;661.025;2675.795;75.67;75.67
2024-10-24T04:00+02:00;565.385;2565.615;71.36;71.36
2024-10-24T05:00+02:00;602.69;2654;80.17;80.17
2024-10-24T06:00+02:00;957.89;2587.72;100.35;100.35
2024-10-24T07:00+02:00;1087.145;2872.055;141.86;141.86
2024-10-24T08:00+02:00;1116.405;3117.445;165.39;165.39
2024-10-24T09:00+02:00;996.78;2918.2;117.3;117.3
2024-10-24T10:00+02:00;921.205;3090.355;101.91;101.91
2024-10-24T11:00+02:00;643.18;3094.92;93.05;93.05
2024-10-24T12:00+02:00;601.815;3124.285;83.96;83.96
2024-10-24T13:00+02:00;593.625;3128.745;79.15;79.15
2024-10-24T14:00+02:00;617.58;3180.1;81.51;81.51
2024-10-24T15:00+02:00;811.35;3071.33;95.7;95.7
2024-10-24T16:00+02:00;874.825;2744.835;108.59;116.17
2024-10-24T17:00+02:00;1054.415;2446.555;123.58;123.58
2024-10-24T18:00+02:00;1067.55;2765.57;138.7;138.7
2024-10-24T19:00+02:00;1057.47;3243.67;114.19;114.19
2024-10-24T20:00+02:00;935.05;3459.78;96.61;96.61
2024-10-24T21:00+02:00;741.33;3705.54;93.64;93.64
2024-10-24T22:00+02:00;590.775;3500.625;89.9;89.9
2024-10-24T23:00+02:00;557.16;3396.9;83.61;83.61
2024-10-25T00:00+02:00;554.555;3051.345;82.5;82.5
2024-10-25T01:00+02:00;557.44;2902.11;82.07;82.07
2024-10-25T02:00+02:00;559.435;2569.515;79.69;79.69
2024-10-25T03:00+02:00;580.66;2442.61;82.6;82.6
2024-10-25T04:00+02:00;600.62;2437;84.47;84.47
2024-10-25T05:00+02:00;697.25;2489.5;94.59;94.59
2024-10-25T06:00+02:00;990.38;2260.71;108.94;108.94
2024-10-25T07:00+02:00;1067.64;2073.24;123.75;123.75
2024-10-25T08:00+02:00;1019.98;1926.94;150.59;150.59
2024-10-25T09:00+02:00;993.88;1566.44;122.43;122.43
2024-10-25T10:00+02:00;793.9;1805.09;108.15;108.15
2024-10-25T11:00+02:00;570.94;1959.47;93.9;93.9
2024-10-25T12:00+02:00;558.83;2042.51;81.08;81.08
2024-10-25T13:00+02:00;562.635;1908.935;78.18;78.18
2024-10-25T14:00+02:00;579.795;1684.555;82.47;82.47
2024-10-25T15:00+02:00;792.515;1678.605;99.33;99.33
2024-10-25T16:00+02:00;914.085;1390.125;118.03;118.03
2024-10-25T17:00+02:00;1067.68;1234.32;158.73;158.73
2024-10-25T18:00+02:00;1142.98;1170.51;227.32;227.32
2024-10-25T19:00+02:00;1146.845;1139.995;184.85;184.85
2024-10-25T20:00+02:00;1108.085;1093.905;123.86;123.86
2024-10-25T21:00+02:00;1010.65;1091.32;116.29;116.29
2024-10-25T22:00+02:00;931.545;1050.545;113.96;113.96
2024-10-25T23:00+02:00;838.42;951.83;107.4;107.4
2024-10-26T00:00+02:00;832.2;781.14;115.29;115.29
2024-10-26T01:00+02:00;832.01;686.53;109.64;109.64
2024-10-26T02:00+02:00;831.165;678.805;106.95;106.95
2024-10-26T03:00+02:00;823.255;684.715;107.79;107.79
2024-10-26T04:00+02:00;819.52;635.28;105.7;105.7
2024-10-26T05:00+02:00;846.985;600.365;106.82;106.82
2024-10-26T06:00+02:00;973.215;608.955;113.93;113.93
2024-10-26T07:00+02:00;1014.385;609.595;125.71;125.71
2024-10-26T08:00+02:00;995.05;606.47;126;126
2024-10-26T09:00+02:00;942.42;838.89;117.57;117.57
2024-10-26T10:00+02:00;839.735;1203.305;101.39;101.39
2024-10-26T11:00+02:00;570.545;1581.795;81.48;81.48
2024-10-26T12:00+02:00;525.41;1929.84;68.35;68.35
2024-10-26T13:00+02:00;525.945;1714.095;63.3;63.3
2024-10-26T14:00+02:00;532.2;1766.12;64.55;64.55
2024-10-26T15:00+02:00;607.92;1596.22;81.44;81.44
2024-10-26T16:00+02:00;937.235;1450.705;100.6;100.6
2024-10-26T17:00+02:00;1055.955;1495.425;125.73;125.73
2024-10-26T18:00+02:00;1076.74;1781.79;150.9;150.9
2024-10-26T19:00+02:00;1157.41;2169.61;118.74;118.74
2024-10-26T20:00+02:00;921.81;2351.19;96.48;96.48
2024-10-26T21:00+02:00;644.065;2639.405;88.76;88.76
2024-10-26T22:00+02:00;623.045;3049.905;87.5;87.5
2024-10-26T23:00+02:00;554.95;3291.65;76.63;76.63
2024-10-27T00:00+02:00;567.005;3389.805;92.22;92.22
2024-10-27T01:00+02:00;566.5;3779.5;84;84
2024-10-27T02:00+02:00;566.5;3701.5;82.23;82.23
2024-10-27T02:00+01:00;566.875;3081.185;80.43;80.43
2024-10-27T03:00+01:00;561.36;2482.87;79.41;79.41
2024-10-27T04:00+01:00;570.81;2267.59;78.79;78.79
2024-10-27T05:00+01:00;568.24;2335.24;85.14;85.14
2024-10-27T06:00+01:00;571.62;2171.82;89.21;89.21
2024-10-27T07:00+01:00;587.11;2463.43;88.05;88.05
2024-10-27T08:00+01:00;560.435;2640.525;84.34;84.34
2024-10-27T09:00+01:00;521.875;3115.335;66.48;66.48
2024-10-27T10:00+01:00;491.045;3615.815;54.72;54.72
2024-10-27T11:00+01:00;489.135;4273.795;42.5;42.5
2024-10-27T12:00+01:00;486.45;4736.39;39.99;39.99
2024-10-27T13:00+01:00;482.685;5144.085;40;40
2024-10-27T14:00+01:00;518.45;4997.21;64.33;64.33
2024-10-27T15:00+01:00;559.56;4595.21;100.93;100.93
2024-10-27T16:00+01:00;792.195;3675.745;117.8;117.8
2024-10-27T17:00+01:00;1038.92;3562.99;148.3;148.3
2024-10-27T18:00+01:00;966.77;3164.45;145.71;145.71
2024-10-27T19:00+01:00;1154.89;2830.49;130.47;130.47
2024-10-27T20:00+01:00;960.43;2778.4;118.11;118.11
2024-10-27T21:00+01:00;906.34;2808.94;111.39;111.39
2024-10-27T22:00+01:00;839.065;2821.035;109.96;109.96
2024-10-27T23:00+01:00;586.655;3121.645;87.26;87.26
2024-10-28T00:00+01:00;554.865;3114.745;95.6;95.6
2024-10-28T01:00+01:00;557.375;3159.325;89.38;89.38
2024-10-28T02:00+01:00;549.06;2961.34;84.14;84.14
2024-10-28T03:00+01:00;542.93;2710.85;79.4;79.4
2024-10-28T04:00+01:00;543.425;2477.545;79.89;79.89
2024-10-28T05:00+01:00;569.155;2281.515;94.12;94.12
2024-10-28T06:00+01:00;748.21;2194.72;98.91;98.91
2024-10-28T07:00+01:00;848.06;2199.66;130.01;130.01
2024-10-28T08:00+01:00;850.005;2405.525;127.38;127.38
2024-10-28T09:00+01:00;848.295;2713.805;116.18;116.18
2024-10-28T10:00+01:00;635.64;3013.43;97.61;97.61
2024-10-28T11:00+01:00;597.44;2929.22;98.31;98.31
2024-10-28T12:00+01:00;606.645;2699.855;94.93;94.93
2024-10-28T13:00+01:00;767.82;2274.38;101.33;101.33
2024-10-28T14:00+01:00;828.955;2339.635;113.93;113.93
2024-10-28T15:00+01:00;937.27;2132.6;121.36;121.36
2024-10-28T16:00+01:00;1002.785;2075.765;124.2;124.2
2024-10-28T17:00+01:00;1081.495;2110.965;141.11;141.11
2024-10-28T18:00+01:00;1046.14;1944.15;148.8;148.8
2024-10-28T19:00+01:00;1048.425;1844.545;146.12;146.12
2024-10-28T20:00+01:00;992.835;1757.915;124.19;124.19
2024-10-28T21:00+01:00;945.645;1612.165;115.59;115.59
2024-10-28T22:00+01:00;904.39;1371;109.96;109.96
2024-10-28T23:00+01:00;800.395;1188.245;102.41;102.41
2024-10-29T00:00+01:00;777.385;1166.705;101.34;101.34
2024-10-29T01:00+01:00;777.495;1083.025;100.04;100.04
2024-10-29T02:00+01:00;796.81;1004.74;98.83;98.83
2024-10-29T03:00+01:00;790.63;1076.42;98.17;98.17
2024-10-29T04:00+01:00;815.97;1039.67;100.02;100.02
2024-10-29T05:00+01:00;806.485;1087.755;113.1;113.1
2024-10-29T06:00+01:00;852.45;1164.63;127.38;127.38
2024-10-29T07:00+01:00;925.28;1193.81;157.73;157.73
2024-10-29T08:00+01:00;925.845;1293.695;151.32;151.32
2024-10-29T09:00+01:00;900.105;1319.555;129.69;129.69
2024-10-29T10:00+01:00;857.845;1468.845;120.7;120.7
2024-10-29T11:00+01:00;840.1;1739.76;112.97;112.97
2024-10-29T12:00+01:00;874.355;1708.195;105.45;105.45
2024-10-29T13:00+01:00;889.21;1849.43;117.73;117.73
2024-10-29T14:00+01:00;929.505;1965.975;135.94;135.94
2024-10-29T15:00+01:00;981.025;1959.805;172.26;172.26
2024-10-29T16:00+01:00;1050.515;1988.135;212.72;212.72
2024-10-29T17:00+01:00;1105.915;2111.455;285.8;285.8
2024-10-29T18:00+01:00;1092.005;2120.675;257.44;257.44
2024-10-29T19:00+01:00;1091.31;2334.75;203.82;203.82
2024-10-29T20:00+01:00;1083.785;2530.685;140.6;140.6
2024-10-29T21:00+01:00;953.885;2987.495;122.75;122.75
2024-10-29T22:00+01:00;895.345;3206.625;116.18;116.18
2024-10-29T23:00+01:00;867.61;3506.51;103.09;103.09
2024-10-30T00:00+01:00;809.95;3723.1;99.73;99.73
2024-10-30T01:00+01:00;662.645;4048.365;98.61;98.61
2024-10-30T02:00+01:00;556.95;4421.86;86.61;86.61
2024-10-30T03:00+01:00;552.32;4393.82;67.12;67.12
2024-10-30T04:00+01:00;551.905;4339.385;64.09;64.09
2024-10-30T05:00+01:00;551.44;4566.58;66.32;66.32
2024-10-30T06:00+01:00;578.68;4814.08;72.78;72.78
2024-10-30T07:00+01:00;775.68;5042.85;99.68;99.68
2024-10-30T08:00+01:00;789.86;5340.69;103.68;103.69
2024-10-30T09:00+01:00;688.565;5665.175;97.69;97.69
2024-10-30T10:00+01:00;573.905;5980.645;62.9;62.9
2024-10-30T11:00+01:00;529.42;6393.42;59.17;59.17
2024-10-30T12:00+01:00;521.88;6507.33;55.66;49.1
2024-10-30T13:00+01:00;528.975;6221.845;52.09;52.09
2024-10-30T14:00+01:00;602.855;5713.225;84.85;84.85
2024-10-30T15:00+01:00;861.895;5094.465;100.65;99.74
2024-10-30T16:00+01:00;966.425;4759.745;142.36;142.36
2024-10-30T17:00+01:00;993.405;4723.005;183.2;183.22
2024-10-30T18:00+01:00;991.325;4600.625;192.89;192.87
2024-10-30T19:00+01:00;988.53;4250.14;159.44;159.42
2024-10-30T20:00+01:00;983.98;4118.38;109.49;109.47
2024-10-30T21:00+01:00;951.245;3992.655;103.71;103.7
2024-10-30T22:00+01:00;952.96;3751.44;108.66;108.65
2024-10-30T23:00+01:00;887.695;3371.345;99.84;99.84
2024-10-31T00:00+01:00;822.875;3295.175;105.16;99.71
2024-10-31T01:00+01:00;685.48;3442.44;98.51;98.51
2024-10-31T02:00+01:00;622.685;3733.715;96.58;96.58
2024-10-31T03:00+01:00;573.7;3912.7;94.81;94.81
2024-10-31T04:00+01:00;577.09;4110.73;88.2;88.2
2024-10-31T05:00+01:00;568.75;4313.09;85.25;85.25
2024-10-31T06:00+01:00;591.04;4788.13;87.91;87.91
2024-10-31T07:00+01:00;639.44;5180.37;99.07;99.08
2024-10-31T08:00+01:00;631.07;5401.36;86.63;86.63
2024-10-31T09:00+01:00;565.165;5672.465;40.31;40.31
2024-10-31T10:00+01:00;503.79;5948.55;20.79;20.79
2024-10-31T11:00+01:00;502.515;6257.195;14.73;14.73
2024-10-31T12:00+01:00;505.945;6370.875;12.41;12.41
2024-10-31T13:00+01:00;494.33;6420.3;15.92;15.92
2024-10-31T14:00+01:00;501.38;6282.89;15.87;15.87
2024-10-31T15:00+01:00;490.665;6144.025;15.52;15.52
2024-10-31T16:00+01:00;466.74;6128.42;15.59;15.59
2024-10-31T17:00+01:00;484.7;6089.68;19.13;19.13
2024-10-31T18:00+01:00;467.835;6070.355;16.72;16.72
2024-10-31T19:00+01:00;444.945;5991.595;14.59;14.59
2024-10-31T20:00+01:00;384.105;5932.705;12.49;12.49
2024-10-31T21:00+01:00;332.145;5875.795;8.81;8.81
2024-10-31T22:00+01:00;342.28;5935.67;7.07;7.07
2024-10-31T23:00+01:00;346.14;5972.46;5.58;3.95
2024-11-01T00:00+01:00;342.035;5563.935;3.24;3.24
2024-11-01T01:00+01:00;338.815;5306.975;2.18;2.18
2024-11-01T02:00+01:00;342.53;4973.82;1.75;1.75
2024-11-01T03:00+01:00;342.125;4795.665;1.56;1.56
2024-11-01T04:00+01:00;343.445;4747.805;1.52;1.52
2024-11-01T05:00+01:00;344.07;4846.44;1.71;1.71
2024-11-01T06:00+01:00;338.68;5471.27;3.23;3.23
2024-11-01T07:00+01:00;349.955;5892.855;4.01;4.01
2024-11-01T08:00+01:00;341.775;5984.255;4.38;4.38
2024-11-01T09:00+01:00;341.475;6057.905;3.35;3.35
2024-11-01T10:00+01:00;334.98;5826.8;3.25;3.25
2024-11-01T11:00+01:00;328.44;5653.69;3.15;3.15
2024-11-01T12:00+01:00;328.12;5727.5;3.22;3.22
2024-11-01T13:00+01:00;325.84;5769.46;3.24;3.24
2024-11-01T14:00+01:00;330.845;5859.225;3.27;3.27
2024-11-01T15:00+01:00;332.155;5906.745;3.29;3.29
2024-11-01T16:00+01:00;343.92;5747;10.36;10.36
2024-11-01T17:00+01:00;394.595;5630.375;13.83;13.83
2024-11-01T18:00+01:00;438.67;5410.81;19.99;19.98
2024-11-01T19:00+01:00;464.265;5217.555;13.18;13.18
2024-11-01T20:00+01:00;471.32;4949.52;14.56;14.55
2024-11-01T21:00+01:00;419.835;4618.625;15.25;15.25
2024-11-01T22:00+01:00;376.41;4409.73;20;20
2024-11-01T23:00+01:00;391.675;4113.415;24.58;24.58
2024-11-02T00:00+01:00;401.35;3919.84;61.94;61.94
2024-11-02T01:00+01:00;464.275;3623.055;79.91;79.91
2024-11-02T02:00+01:00;511.085;3129.685;88.76;88.76
2024-11-02T03:00+01:00;575.9;2748.26;86;86
2024-11-02T04:00+01:00;597.62;2380.09;86.85;86.85
2024-11-02T05:00+01:00;652.265;2002.745;90.76;90.76
2024-11-02T06:00+01:00;799.35;1624.56;96.5;96.5
2024-11-02T07:00+01:00;909.145;1202.355;100.11;100.11
2024-11-02T08:00+01:00;920.99;1183.72;101.16;101.15
2024-11-02T09:00+01:00;897.1;1475.57;109.64;109.63
2024-11-02T10:00+01:00;706.03;1857.22;91.19;91.18
2024-11-02T11:00+01:00;774.12;2100.52;94.44;94.42
2024-11-02T12:00+01:00;673.16;2200.97;88.68;88.66
2024-11-02T13:00+01:00;744.305;1966.115;91.51;91.49
2024-11-02T14:00+01:00;955.835;1625.235;103.42;103.4
2024-11-02T15:00+01:00;1018.115;1127.095;122.3;122.27
2024-11-02T16:00+01:00;1053.44;985.32;137.61;137.58
2024-11-02T17:00+01:00;1099.51;1025.69;158.56;158.55
2024-11-02T18:00+01:00;1102.46;1050.4;149.92;149.9
2024-11-02T19:00+01:00;1055.365;1234.135;134.96;134.93
2024-11-02T20:00+01:00;1057.625;1505.135;122.79;122.78
2024-11-02T21:00+01:00;1051.445;1825.725;111.26;111.26
2024-11-02T22:00+01:00;1026.72;2167.09;106.28;106.28
2024-11-02T23:00+01:00;974.875;2473.495;100.61;100.61
2024-11-03T00:00+01:00;866.805;2689.585;101.19;101.19
2024-11-03T01:00+01:00;713.125;2948.965;96.29;96.29
2024-11-03T02:00+01:00;620.665;3253.685;88.58;88.58
2024-11-03T03:00+01:00;623.13;3647.4;85.08;85.08
2024-11-03T04:00+01:00;591.505;3793.865;76.47;76.47
2024-11-03T05:00+01:00;606.61;4113.52;63.9;63.9
2024-11-03T06:00+01:00;571.375;4282.535;55.94;55.94
2024-11-03T07:00+01:00;549.15;4373.67;45.73;45.73
2024-11-03T08:00+01:00;498.46;4758.62;40.02;40.02
2024-11-03T09:00+01:00;483.73;5113.76;38.9;38.9
2024-11-03T10:00+01:00;486.125;5143.645;33.46;33.46
2024-11-03T11:00+01:00;488.475;5257.085;31.86;31.86
2024-11-03T12:00+01:00;507.69;5357.11;31.47;31.47
2024-11-03T13:00+01:00;506.965;5375.215;33.3;16.98
2024-11-03T14:00+01:00;583.82;5466.9;58.65;21.04
2024-11-03T15:00+01:00;574.155;5315.635;68.49;32
2024-11-03T16:00+01:00;721.065;5324.185;89.41;67.82
2024-11-03T17:00+01:00;857.185;5334.755;96.73;96.73
2024-11-03T18:00+01:00;801.17;5194.5;96.38;96.37
2024-11-03T19:00+01:00;670.775;5216.205;94.55;71.28
2024-11-03T20:00+01:00;689.915;4983.895;88.04;37.2
2024-11-03T21:00+01:00;684.31;4202.18;86.77;39.22
2024-11-03T22:00+01:00;834.38;3749.21;89.21;53.1
2024-11-03T23:00+01:00;682.96;3023.06;92.41;92.4
2024-11-04T00:00+01:00;814.805;2495.885;92.04;92.03
2024-11-04T01:00+01:00;702.55;1963.34;89.96;89.96
2024-11-04T02:00+01:00;700.87;1655.65;90.07;90.06
2024-11-04T03:00+01:00;698.41;1326.78;89.86;89.84
2024-11-04T04:00+01:00;697.85;1106.75;90.8;90.78
2024-11-04T05:00+01:00;904.065;974.465;98.52;98.51
2024-11-04T06:00+01:00;994.26;1146.69;124.89;124.87
2024-11-04T07:00+01:00;1047.21;1247.55;144.91;144.93
2024-11-04T08:00+01:00;1021.475;1290.785;137.34;137.47
2024-11-04T09:00+01:00;961.18;1420.65;120.13;120.15
2024-11-04T10:00+01:00;902.07;1424.17;104.22;100.54
2024-11-04T11:00+01:00;717.345;1354.155;93.63;97.16
2024-11-04T12:00+01:00;818.915;1435.825;95.16;95.2
2024-11-04T13:00+01:00;957.065;1333.515;98.47;98.51
2024-11-04T14:00+01:00;961.42;1378.07;99.98;103.21
2024-11-04T15:00+01:00;989.21;1391.46;128.68;130.47
2024-11-04T16:00+01:00;991.005;1097.855;177.35;179.33
2024-11-04T17:00+01:00;1121.22;1228.93;269.76;276.2
2024-11-04T18:00+01:00;1122.685;1168.045;237.58;241.14
2024-11-04T19:00+01:00;1135.55;1334.68;161.78;162.11
2024-11-04T20:00+01:00;1098.42;1321.45;123;123.01
2024-11-04T21:00+01:00;972.62;1337.34;110.1;110.13
2024-11-04T22:00+01:00;861.065;1289.585;105;105.02
2024-11-04T23:00+01:00;664.245;1099.735;92.72;92.74
2024-11-05T00:00+01:00;637.01;987.87;83.63;83.64
2024-11-05T01:00+01:00;658.62;1188.65;94;94
2024-11-05T02:00+01:00;588.805;1070.925;90.68;90.69
2024-11-05T03:00+01:00;589.91;946.73;91.3;91.3
2024-11-05T04:00+01:00;633.075;936.115;94;94
2024-11-05T05:00+01:00;685.065;1033.805;96.09;96.1
2024-11-05T06:00+01:00;848.9;789.87;106;106.01
2024-11-05T07:00+01:00;819.675;994.835;137.06;137.69
2024-11-05T08:00+01:00;856.545;1093.745;136.21;136.27
2024-11-05T09:00+01:00;870.76;1374.36;118.23;118.27
2024-11-05T10:00+01:00;818.55;1461.53;105.87;105.9
2024-11-05T11:00+01:00;815.175;1478.295;95.28;95.31
2024-11-05T12:00+01:00;815.84;1484.56;94.92;94.95
2024-11-05T13:00+01:00;841.83;1462.81;99.25;99.27
2024-11-05T14:00+01:00;855.21;1499.7;109.51;110.38
2024-11-05T15:00+01:00;1078.69;1482.83;153.87;155.96
2024-11-05T16:00+01:00;1087.115;1451.625;321.78;331.78
2024-11-05T17:00+01:00;1193.83;1556.68;472.99;472.93
2024-11-05T18:00+01:00;1144.25;1600.05;431.02;430.97
2024-11-05T19:00+01:00;1154.925;1593.335;320.33;320.14
2024-11-05T20:00+01:00;1073.665;1515.925;169.7;169.68
2024-11-05T21:00+01:00;1017.62;1282.53;129.9;129.88
2024-11-05T22:00+01:00;949.235;1095.745;117.77;117.76
2024-11-05T23:00+01:00;913.065;1033.475;101.86;101.85
2024-11-06T00:00+01:00;835.885;989.295;99.83;99.8
2024-11-06T01:00+01:00;793.575;834.685;99.05;99.03
2024-11-06T02:00+01:00;622.525;981.015;95.4;95.38
2024-11-06T03:00+01:00;618.975;899.125;95.83;95.81
2024-11-06T04:00+01:00;653.865;897.635;96.16;96.14
2024-11-06T05:00+01:00;642.69;920.28;92.91;92.79
2024-11-06T06:00+01:00;929.455;1103.775;121;120.87
2024-11-06T07:00+01:00;1165.28;1196.67;215.78;217.25
2024-11-06T08:00+01:00;1352.06;1200.17;194;196.46
2024-11-06T09:00+01:00;1089.22;1361.2;141.97;142.74
2024-11-06T10:00+01:00;983.78;1488.03;131.73;133.41
2024-11-06T11:00+01:00;1019.76;1681.42;122.15;123.12
2024-11-06T12:00+01:00;1059.265;1784.905;121.85;123.14
2024-11-06T13:00+01:00;1349.315;1801.685;124.11;125.53
2024-11-06T14:00+01:00;1266.495;1718.515;136.88;139.32
2024-11-06T15:00+01:00;1227.945;1689.935;190.7;191.79
2024-11-06T16:00+01:00;1215.27;1715.01;300.86;300.47
2024-11-06T17:00+01:00;1446.385;1762.785;550;549.27
2024-11-06T18:00+01:00;1282.31;1753.21;335.05;334.61
2024-11-06T19:00+01:00;1213.135;1828.135;246.48;246.11
2024-11-06T20:00+01:00;1155.105;1860.515;160.77;160.54
2024-11-06T21:00+01:00;1023.18;1559.44;128.97;128.79
2024-11-06T22:00+01:00;968.095;1401.855;113;112.84
2024-11-06T23:00+01:00;851.635;1218.135;95.7;95.62
2024-11-07T00:00+01:00;622.4;1200.14;90.02;90
2024-11-07T01:00+01:00;595.3;1342.75;88.82;88.81
2024-11-07T02:00+01:00;585.29;1357.4;87.54;87.54
2024-11-07T03:00+01:00;571.905;1312.795;87.01;87.01
2024-11-07T04:00+01:00;545.72;1231.62;68.19;68.19
2024-11-07T05:00+01:00;619.34;1259.77;91.2;91.08
2024-11-07T06:00+01:00;895.205;1348.215;101.9;101.78
2024-11-07T07:00+01:00;965.545;1565.995;173;172.8
2024-11-07T08:00+01:00;960.17;1503.66;190.94;190.85
2024-11-07T09:00+01:00;976.975;1133.835;152.92;152.85
2024-11-07T10:00+01:00;944.17;1532.45;148.9;148.8
2024-11-07T11:00+01:00;900.185;1730.435;134.81;134.74
2024-11-07T12:00+01:00;901.73;1786.43;135.06;135
2024-11-07T13:00+01:00;897.06;1768.26;132.91;132.85
2024-11-07T14:00+01:00;980.875;1657.565;139.94;139.84
2024-11-07T15:00+01:00;1058.71;1497.74;178.89;180.42
2024-11-07T16:00+01:00;1110.535;1552.795;242.92;242.76
2024-11-07T17:00+01:00;1133.645;1603.645;371.14;370.79
2024-11-07T18:00+01:00;1140.775;1585.255;277.74;277.41
2024-11-07T19:00+01:00;1098.835;1505.125;171.85;171.73
2024-11-07T20:00+01:00;1024.16;1503.82;129.41;129.32
2024-11-07T21:00+01:00;952.565;1248.315;113.92;113.85
2024-11-07T22:00+01:00;905.875;1198.695;111.67;111.52
2024-11-07T23:00+01:00;885.05;1013.72;99.87;99.74
2024-11-08T00:00+01:00;569.1;861.15;70.05;69.97
2024-11-08T01:00+01:00;544.23;726.94;65.68;65.62
2024-11-08T02:00+01:00;542.46;624.7;58.16;58.14
2024-11-08T03:00+01:00;539.3;743.92;57.73;57.71
2024-11-08T04:00+01:00;539.285;680.985;43.59;43.58
2024-11-08T05:00+01:00;612.59;823.75;69.83;69.77
2024-11-08T06:00+01:00;922.33;1234.18;101.08;100.95
2024-11-08T07:00+01:00;1050.22;1354.57;127.55;127.4
2024-11-08T08:00+01:00;1141.465;1423.035;132.91;132.75
2024-11-08T09:00+01:00;1074.28;1580.54;126.52;126.37
2024-11-08T10:00+01:00;974.085;1786.665;117.34;117.26
2024-11-08T11:00+01:00;977.76;1930.61;110.28;110.14
2024-11-08T12:00+01:00;948.075;2023.435;105.59;105.46
2024-11-08T13:00+01:00;917.41;2065.67;95.93;100.92
2024-11-08T14:00+01:00;848.52;2038.87;95.64;100.84
2024-11-08T15:00+01:00;946.53;2033.24;95.85;95.73
2024-11-08T16:00+01:00;1053.96;2169.32;129.1;128.97
2024-11-08T17:00+01:00;1061.85;2287.85;128.56;128.46
2024-11-08T18:00+01:00;976.555;2363.775;101.04;100.91
2024-11-08T19:00+01:00;732.61;2241.52;77.34;77.29
2024-11-08T20:00+01:00;847.45;2612.74;40.04;39.99
2024-11-08T21:00+01:00;761.825;2596.065;38.81;38.77
2024-11-08T22:00+01:00;821.945;2548.335;38.78;38.73
2024-11-08T23:00+01:00;584.915;2486.475;37.75;37.71
2024-11-09T00:00+01:00;644.79;2361.95;105.1;105.09
2024-11-09T01:00+01:00;789.07;2229.56;99.96;99.96
2024-11-09T02:00+01:00;784.13;2263.2;98;98
2024-11-09T03:00+01:00;785.39;2179.49;96.68;96.68
2024-11-09T04:00+01:00;787.84;2265.51;98.41;98.41
2024-11-09T05:00+01:00;793.7;2320.64;100.69;100.67
2024-11-09T06:00+01:00;807.79;2395.4;104.31;104.27
2024-11-09T07:00+01:00;869.345;2147.035;109.87;109.82
2024-11-09T08:00+01:00;943.4;1990.75;114.1;114.05
2024-11-09T09:00+01:00;949.13;2054;114.6;114.55
2024-11-09T10:00+01:00;972.06;1949.39;109.97;109.96
2024-11-09T11:00+01:00;1003.49;1917.18;106.4;106.37
2024-11-09T12:00+01:00;960.435;1750.745;106.88;106.85
2024-11-09T13:00+01:00;991.055;1632.675;108;107.97
2024-11-09T14:00+01:00;1090.04;1560.9;110.18;110.14
2024-11-09T15:00+01:00;1108.915;1620.165;121.46;121.45
2024-11-09T16:00+01:00;1167.025;1564.985;137.23;137.21
2024-11-09T17:00+01:00;1189.975;1504.615;146.93;146.91
2024-11-09T18:00+01:00;1193.7;1569.89;147.8;147.78
2024-11-09T19:00+01:00;1189.595;1506.745;139.9;139.88
2024-11-09T20:00+01:00;1160.17;1490.59;128.32;128.36
2024-11-09T21:00+01:00;1121.245;1402.325;117.96;117.99
2024-11-09T22:00+01:00;1101.5;1382.47;114.53;114.53
2024-11-09T23:00+01:00;1014.52;1394.93;110.1;110.12
2024-11-10T00:00+01:00;916.98;1404.17;104.99;104.95
2024-11-10T01:00+01:00;893.605;1379.645;102.28;102.26
2024-11-10T02:00+01:00;893.475;1311.815;102.01;101.99
2024-11-10T03:00+01:00;893.835;1312.055;100.86;100.84
2024-11-10T04:00+01:00;890.415;1301.915;100.88;100.87
2024-11-10T05:00+01:00;890.865;1316.425;101.98;101.93
2024-11-10T06:00+01:00;894.395;1283.095;100.32;100.26
2024-11-10T07:00+01:00;902.005;1313.965;102.45;102.4
2024-11-10T08:00+01:00;934.795;1396.265;105.38;105.33
2024-11-10T09:00+01:00;934.695;1457.475;110.99;110.94
2024-11-10T10:00+01:00;928.19;1571.65;112.62;112.58
2024-11-10T11:00+01:00;944.065;1669.265;110.13;110.11
2024-11-10T12:00+01:00;954.11;1494.65;110.92;110.89
2024-11-10T13:00+01:00;973.615;1389.865;108.6;108.58
2024-11-10T14:00+01:00;1029.05;1331.74;112.36;112.33
2024-11-10T15:00+01:00;1057.5;1382.57;126.22;126.2
2024-11-10T16:00+01:00;1126.755;1430.185;134.02;134
2024-11-10T17:00+01:00;1184.555;1470.985;148.72;148.71
2024-11-10T18:00+01:00;1191.06;1471.07;146.01;145.99
2024-11-10T19:00+01:00;1166.885;1528.475;138.61;138.59
2024-11-10T20:00+01:00;1116.67;1568.64;125.31;125.28
2024-11-10T21:00+01:00;1037.31;1686.84;115.28;115.25
2024-11-10T22:00+01:00;1012.165;1732.615;111.1;111.03
2024-11-10T23:00+01:00;999.88;1776.31;108.02;107.92
2024-11-11T00:00+01:00;906.68;1813.54;109.65;109.54
2024-11-11T01:00+01:00;889.06;1704.63;103.68;103.59
2024-11-11T02:00+01:00;817.68;1554.68;100;99.91
2024-11-11T03:00+01:00;709.045;1424.115;97.86;97.77
2024-11-11T04:00+01:00;893.67;1324.61;97.5;97.41
2024-11-11T05:00+01:00;1036.785;1352.305;103.89;103.83
2024-11-11T06:00+01:00;1025.885;1510.225;115.69;115.67
2024-11-11T07:00+01:00;1141.44;1586.78;128.35;128.35
2024-11-11T08:00+01:00;1193.135;1533.365;135.06;135.06
2024-11-11T09:00+01:00;1190.63;1602.62;132.94;132.91
2024-11-11T10:00+01:00;1122.18;1654.15;128.5;128.49
2024-11-11T11:00+01:00;1092.465;1595.375;124.21;124.2
2024-11-11T12:00+01:00;1099.525;1679.465;119.84;119.83
2024-11-11T13:00+01:00;1081.355;1725.175;129.02;128.98
2024-11-11T14:00+01:00;1094.465;1683.555;130.44;130.42
2024-11-11T15:00+01:00;1121.58;1690.08;139.05;139.03
2024-11-11T16:00+01:00;1150.21;1689.2;140.94;140.94
2024-11-11T17:00+01:00;1193.695;1664.605;153.18;154.63
2024-11-11T18:00+01:00;1192.705;1629.105;147.09;147.08
2024-11-11T19:00+01:00;1173.74;1534.58;133.7;133.68
2024-11-11T20:00+01:00;1112.705;1431.035;121.94;121.96
2024-11-11T21:00+01:00;907.69;1278.94;112.88;112.89
2024-11-11T22:00+01:00;880.22;1148.72;111.56;111.55
2024-11-11T23:00+01:00;844.695;1124.855;105.4;105.38
2024-11-12T00:00+01:00;871.26;1153.86;110.31;110.28
2024-11-12T01:00+01:00;903.795;1194.065;104.64;104.62
2024-11-12T02:00+01:00;896.2;1211.72;102.69;102.65
2024-11-12T03:00+01:00;890.72;1278.08;103.99;103.97
2024-11-12T04:00+01:00;872.205;1025.665;107.5;107.47
2024-11-12T05:00+01:00;876.995;955.045;118.01;117.99
2024-11-12T06:00+01:00;1032.33;1253.23;147.67;147.67
2024-11-12T07:00+01:00;1224.87;1414.39;185.52;185.57
2024-11-12T08:00+01:00;1243.025;1597.665;201.64;204.1
2024-11-12T09:00+01:00;1265.55;1961.55;220.87;220.91
2024-11-12T10:00+01:00;1189.135;2475.705;190.24;190.27
2024-11-12T11:00+01:00;1097.885;2580.245;171.08;171.11
2024-11-12T12:00+01:00;1096.24;2701.87;161.59;161.62
2024-11-12T13:00+01:00;1104.95;2389.91;156.47;156.47
2024-11-12T14:00+01:00;1138.395;1983.225;174.37;174.38
2024-11-12T15:00+01:00;1214.7;1745.39;218.78;218.76
2024-11-12T16:00+01:00;1279.715;1688.385;272.73;272.7
2024-11-12T17:00+01:00;1346.35;1556.79;317.89;317.84
2024-11-12T18:00+01:00;1236.855;1335.435;225.33;225.36
2024-11-12T19:00+01:00;1232.13;1596.17;171.35;171.37
2024-11-12T20:00+01:00;1146.65;1665.44;149.12;149.13
2024-11-12T21:00+01:00;1011.425;1492.335;131.9;131.89
2024-11-12T22:00+01:00;1037.54;1406.57;125.21;125.19
2024-11-12T23:00+01:00;992.155;1470.085;115.59;115.55
2024-11-13T00:00+01:00;876.14;1528.14;117.15;117.01
2024-11-13T01:00+01:00;865.88;1789.59;111.71;111.58
2024-11-13T02:00+01:00;867.59;1871.55;107.85;107.72
2024-11-13T03:00+01:00;927.47;2024.17;107.45;107.32
2024-11-13T04:00+01:00;869.79;2137.35;107.87;107.76
2024-11-13T05:00+01:00;883.325;2369.775;114.3;114.18
2024-11-13T06:00+01:00;1043.5;2517.11;130.31;130.14
2024-11-13T07:00+01:00;1171.58;2659.08;164.78;164.59
2024-11-13T08:00+01:00;1186.875;2846.685;225.45;225.17
2024-11-13T09:00+01:00;1137.42;3105.26;213.91;217.19
2024-11-13T10:00+01:00;1092.735;3308.475;189.78;200.57
2024-11-13T11:00+01:00;1058.575;3610.735;169.79;177.5
2024-11-13T12:00+01:00;1018.095;3516.465;156.18;160.8
2024-11-13T13:00+01:00;1016.165;3318.615;154.19;161.89
2024-11-13T14:00+01:00;1040.82;3574.59;153.42;153.24
2024-11-13T15:00+01:00;1086.06;3872.48;162.07;161.87
2024-11-13T16:00+01:00;1117.68;3820.8;169.59;178.05
2024-11-13T17:00+01:00;1147.125;4450.355;177.52;177.51
2024-11-13T18:00+01:00;1121.79;4829.76;173.9;173.95
2024-11-13T19:00+01:00;1057.83;4962.28;149.25;149.27
2024-11-13T20:00+01:00;821.4;4777.93;92.94;92.93
2024-11-13T21:00+01:00;620.84;4904.34;73.64;73.62
2024-11-13T22:00+01:00;557.21;4659.58;50.37;50.34
2024-11-13T23:00+01:00;534.71;4332.76;40.06;40.03
2024-11-14T00:00+01:00;517.36;4316.72;51.49;51.49
2024-11-14T01:00+01:00;540.9;4469.13;48.39;48.39
2024-11-14T02:00+01:00;512.33;4369.12;48.92;48.92
2024-11-14T03:00+01:00;532.355;4271.195;49.45;49.45
2024-11-14T04:00+01:00;534.565;4187.255;42.72;42.72
2024-11-14T05:00+01:00;552.63;4237.62;50.84;50.84
2024-11-14T06:00+01:00;679.695;4208.725;82.15;82.15
2024-11-14T07:00+01:00;831.7;4442.61;100.95;100.96
2024-11-14T08:00+01:00;1030.2;4321.98;116.59;116.6
2024-11-14T09:00+01:00;1021.975;4347.625;112.2;112.2
2024-11-14T10:00+01:00;1002.085;4475.735;108.53;108.54
2024-11-14T11:00+01:00;980.13;4500.96;111.61;111.61
2024-11-14T12:00+01:00;1015.495;4407.445;114.02;114.02
2024-11-14T13:00+01:00;1065.965;4175.575;127.4;127.4
2024-11-14T14:00+01:00;1122.41;3614.24;134.01;134.02
2024-11-14T15:00+01:00;1202.36;2858.09;142.18;142.18
2024-11-14T16:00+01:00;1265.355;2409.625;147.41;147.42
2024-11-14T17:00+01:00;1364.61;2347.64;155.91;155.91
2024-11-14T18:00+01:00;1253.9;2533.04;154.09;154.1
2024-11-14T19:00+01:00;1258.855;2839.175;148.29;148.3
2024-11-14T20:00+01:00;1242.135;2983.715;138.58;138.59
2024-11-14T21:00+01:00;1146.665;3443.535;129.44;129.44
2024-11-14T22:00+01:00;1092.225;3779.775;122.89;122.89
2024-11-14T23:00+01:00;989.575;4002.785;112.48;112.47
2024-11-15T00:00+01:00;997.9;4225.65;103.81;103.78
2024-11-15T01:00+01:00;961.105;4400.875;102.19;102.16
2024-11-15T02:00+01:00;914.7;4221.32;100.18;100.16
2024-11-15T03:00+01:00;898.7;4349.24;99.96;99.94
2024-11-15T04:00+01:00;762.125;4494.995;89.39;89.37
2024-11-15T05:00+01:00;811.855;4516.235;89.38;89.35
2024-11-15T06:00+01:00;915.625;4689.035;94.28;94.25
2024-11-15T07:00+01:00;1138.825;4576.335;127.77;127.74
2024-11-15T08:00+01:00;1144.105;4380.785;147.02;147.02
2024-11-15T09:00+01:00;1159.225;4460.835;137.49;137.49
2024-11-15T10:00+01:00;1087.44;4521.06;133.75;133.74
2024-11-15T11:00+01:00;1052.26;4730.94;107.16;107.14
2024-11-15T12:00+01:00;1025.005;4709.065;102.17;102.14
2024-11-15T13:00+01:00;879.76;4689.83;96.32;96.29
2024-11-15T14:00+01:00;835.575;4457.985;95.09;95.06
2024-11-15T15:00+01:00;895.715;4400.195;95.1;95.07
2024-11-15T16:00+01:00;883.635;4662.955;95.17;95.14
2024-11-15T17:00+01:00;894.56;4871.62;99.6;99.57
2024-11-15T18:00+01:00;760.385;5360.135;76.82;76.8
2024-11-15T19:00+01:00;647.135;5659.545;40.01;39.98
2024-11-15T20:00+01:00;603.235;5897.255;39.35;39.35
2024-11-15T21:00+01:00;541.315;6006.015;35.89;32.1
2024-11-15T22:00+01:00;413.685;6136.835;34.78;16.24
2024-11-15T23:00+01:00;362.815;6205.485;32.14;12.22
2024-11-16T00:00+01:00;365.425;6199.085;19.01;11.43
2024-11-16T01:00+01:00;334.935;6013.825;5.43;10.33
2024-11-16T02:00+01:00;329.3;5882.18;4.81;3.53
2024-11-16T03:00+01:00;326.795;5782.615;4.74;3.3
2024-11-16T04:00+01:00;326.55;5733.19;4.84;3.28
2024-11-16T05:00+01:00;317.905;5548.915;4.83;3.28
2024-11-16T06:00+01:00;318.795;5529.615;5.1;3.29
2024-11-16T07:00+01:00;320.38;5590.7;16.75;3.3
2024-11-16T08:00+01:00;381.785;5401.245;22.23;11.42
2024-11-16T09:00+01:00;457.25;5307.81;28.98;11.5
2024-11-16T10:00+01:00;465.375;5012.935;35;22.42
2024-11-16T11:00+01:00;463.74;5104.74;24;27.13
2024-11-16T12:00+01:00;465.02;5453.05;21.87;27.93
2024-11-16T13:00+01:00;487.73;5517.6;20;26.7
2024-11-16T14:00+01:00;485.12;5331.74;24.07;29.54
2024-11-16T15:00+01:00;479.04;5116.85;34.68;36.97
2024-11-16T16:00+01:00;504.68;4953.82;38.96;38.94
2024-11-16T17:00+01:00;539.9;4698.17;47.03;47.01
2024-11-16T18:00+01:00;563.605;4656.415;45.13;45.11
2024-11-16T19:00+01:00;563.645;4464.815;39.82;39.81
2024-11-16T20:00+01:00;509;4661.08;35.01;37.13
2024-11-16T21:00+01:00;517.975;4633.515;38.31;38.96
2024-11-16T22:00+01:00;501.765;4626.935;29.57;32.98
2024-11-16T23:00+01:00;499.565;4694.645;19.86;26.5
2024-11-17T00:00+01:00;460.14;4710.11;16.49;16.49
2024-11-17T01:00+01:00;441;4761.27;17.36;22.15
2024-11-17T02:00+01:00;413.185;4863.495;30;30.32
2024-11-17T03:00+01:00;413.38;4893.6;27.3;28.67
2024-11-17T04:00+01:00;399.515;4907.525;21.72;24.79
2024-11-17T05:00+01:00;409.175;4818.165;24.99;20.1
2024-11-17T06:00+01:00;482.31;4806.71;30.31;27.18
2024-11-17T07:00+01:00;551.005;4821.965;30.92;31.05
2024-11-17T08:00+01:00;533.81;5021.31;26.88;29.44
2024-11-17T09:00+01:00;543.71;5284;27.54;30.05
2024-11-17T10:00+01:00;533.275;5711.675;19.49;24.17
2024-11-17T11:00+01:00;494.76;6061.95;14.85;20
2024-11-17T12:00+01:00;486.545;6130.745;15.08;19.73
2024-11-17T13:00+01:00;488.775;5996.195;14.93;14.92
2024-11-17T14:00+01:00;508.265;5833.135;31.58;37.61
2024-11-17T15:00+01:00;519.03;5402.28;32.31;33.59
2024-11-17T16:00+01:00;590.28;5417.15;37.96;38.27
2024-11-17T17:00+01:00;614.655;5356.845;39.34;39.34
2024-11-17T18:00+01:00;625.53;5256.42;38.63;38.74
2024-11-17T19:00+01:00;624.26;5339.2;37.53;37.87
2024-11-17T20:00+01:00;577.07;5312.73;35.97;36.44
2024-11-17T21:00+01:00;565.415;5186.795;34.81;35.25
2024-11-17T22:00+01:00;550.225;4979.485;33.02;31.42
2024-11-17T23:00+01:00;545.845;4731.275;28.68;23.85
2024-11-18T00:00+01:00;613.91;4440.44;54.55;13.08
2024-11-18T01:00+01:00;627.72;4228.35;53.77;13.1
2024-11-18T02:00+01:00;615.995;4187.225;42.6;13.73
2024-11-18T03:00+01:00;617.605;4025.785;42.29;14.15
2024-11-18T04:00+01:00;622.41;4183.14;42.79;25.49
2024-11-18T05:00+01:00;646.045;4459.445;35.97;29.93
2024-11-18T06:00+01:00;733.205;4473.555;59.21;62.15
2024-11-18T07:00+01:00;907.03;4458.62;94.18;100.16
2024-11-18T08:00+01:00;955.52;4540.42;115.89;118.04
2024-11-18T09:00+01:00;990.075;4618.275;101.02;102.51
2024-11-18T10:00+01:00;841.35;4632.62;84.51;85.93
2024-11-18T11:00+01:00;701.125;4796.535;79.89;81.38
2024-11-18T12:00+01:00;659.2;4875.98;74.89;76.98
2024-11-18T13:00+01:00;644.155;4852.995;67.94;69.78
2024-11-18T14:00+01:00;739.03;4599.85;79.34;82.55
2024-11-18T15:00+01:00;1027.08;4608.43;105.2;113.46
2024-11-18T16:00+01:00;1129.66;4587.65;121.57;131.48
2024-11-18T17:00+01:00;1192.22;4545.02;147.03;158.69
2024-11-18T18:00+01:00;1247.765;4412.075;161.82;161.83
2024-11-18T19:00+01:00;1245.91;4237.44;151.75;151.77
2024-11-18T20:00+01:00;1208.065;4001.925;127.58;127.58
2024-11-18T21:00+01:00;1141.635;3732.315;117.62;117.62
2024-11-18T22:00+01:00;1121.06;3590.71;116.99;116.99
2024-11-18T23:00+01:00;1066.795;3315.885;108.41;108.4
2024-11-19T00:00+01:00;976.535;3241.105;107.06;107.06
2024-11-19T01:00+01:00;971.11;2645.99;101.4;101.4
2024-11-19T02:00+01:00;945.51;2259.87;95.58;95.58
2024-11-19T03:00+01:00;820.855;1917.765;91.73;91.73
2024-11-19T04:00+01:00;827.305;1746.065;95.28;95.29
2024-11-19T05:00+01:00;952.115;1492.265;97.59;95.85
2024-11-19T06:00+01:00;1018.915;1255.585;116.27;118.04
2024-11-19T07:00+01:00;1206.595;1141.185;132.1;135.13
2024-11-19T08:00+01:00;1195.055;1026.485;155.25;156.39
2024-11-19T09:00+01:00;1223.46;1329.75;157.8;159.19
2024-11-19T10:00+01:00;1214.175;1451.765;156.26;156.27
2024-11-19T11:00+01:00;1187.44;1505.96;152.81;152.82
2024-11-19T12:00+01:00;1190.58;1669.1;148.26;148.69
2024-11-19T13:00+01:00;1167.075;1589.245;144.26;144.98
2024-11-19T14:00+01:00;1176.06;1394.68;140.22;140.79
2024-11-19T15:00+01:00;1286.585;1293.255;129.08;130.83
2024-11-19T16:00+01:00;1575.7;1286.15;132.89;132.91
2024-11-19T17:00+01:00;1253.9;1453.85;140.19;141.8
2024-11-19T18:00+01:00;1183.225;1657.925;134.65;133.05
2024-11-19T19:00+01:00;1182.14;1499.59;125.93;125.94
2024-11-19T20:00+01:00;1149.79;1746.97;117.1;117.1
2024-11-19T21:00+01:00;1116.095;1863.055;109.37;109.37
2024-11-19T22:00+01:00;1074.09;1993.25;105.25;105.24
2024-11-19T23:00+01:00;805.935;1886.645;89.84;89.83
2024-11-20T00:00+01:00;755.17;1947.98;100.14;100.14
2024-11-20T01:00+01:00;722.68;1938.39;92;91.99
2024-11-20T02:00+01:00;684.105;1929.375;86.6;86.59
2024-11-20T03:00+01:00;689.6;1924.56;81.52;81.51
2024-11-20T04:00+01:00;703.01;1993.71;81.96;81.95
2024-11-20T05:00+01:00;775.095;2056.225;93.29;93.28
2024-11-20T06:00+01:00;1058.37;2169.41;107.55;107.55
2024-11-20T07:00+01:00;1159.495;2265.445;133.78;135.62
2024-11-20T08:00+01:00;1081.645;2248.845;142.87;142.87
2024-11-20T09:00+01:00;1094.365;2643.675;140;140.1
2024-11-20T10:00+01:00;1113.47;3054.56;120.35;120.35
2024-11-20T11:00+01:00;1140.185;3142.435;107.77;107.77
2024-11-20T12:00+01:00;1115.51;3103.29;97.26;97.26
2024-11-20T13:00+01:00;1096.465;2713.385;97.36;97.37
2024-11-20T14:00+01:00;1129.095;2340.955;106.16;107.14
2024-11-20T15:00+01:00;1212.06;2033.18;127.8;130.38
2024-11-20T16:00+01:00;1252.845;2042.645;133.84;135.11
2024-11-20T17:00+01:00;1261.635;2175.965;142;141.97
2024-11-20T18:00+01:00;1231.325;2175.685;142.58;142.54
2024-11-20T19:00+01:00;1206.175;2197.345;140.26;140.21
2024-11-20T20:00+01:00;1196.665;2213.455;135.98;135.9
2024-11-20T21:00+01:00;1208.25;2120.9;123.05;122.96
2024-11-20T22:00+01:00;1249.615;1929.535;116.42;116.34
2024-11-20T23:00+01:00;1182.035;1932.515;103.5;103.44
2024-11-21T00:00+01:00;1025.95;1915.91;93.96;93.92
2024-11-21T01:00+01:00;979.365;2080.585;90.4;90.37
2024-11-21T02:00+01:00;981.215;2312.585;86.8;86.76
2024-11-21T03:00+01:00;985.455;2362.045;84.15;84.12
2024-11-21T04:00+01:00;978.605;2327.635;84.23;80.15
2024-11-21T05:00+01:00;979.225;2199.135;92.48;92.44
2024-11-21T06:00+01:00;1168.41;2235.98;107.17;107.16
2024-11-21T07:00+01:00;1162.46;2328.55;121.44;121.43
2024-11-21T08:00+01:00;1191.725;1843.815;132.99;132.98
2024-11-21T09:00+01:00;1220.83;1813.29;134.98;134.98
2024-11-21T10:00+01:00;1153.575;1896.265;127.33;127.33
2024-11-21T11:00+01:00;1151.24;2190.15;115.47;115.46
2024-11-21T12:00+01:00;1372.04;1960.87;113.57;113.55
2024-11-21T13:00+01:00;1469.895;2008.235;120.83;120.82
2024-11-21T14:00+01:00;1299.7;1823.86;141.62;141.6
2024-11-21T15:00+01:00;1164.335;1584.525;154.85;154.83
2024-11-21T16:00+01:00;1425.975;1536.215;174.97;174.99
2024-11-21T17:00+01:00;1658.82;1428.64;182.26;182.24
2024-11-21T18:00+01:00;1312.325;1346.145;161.34;161.33
2024-11-21T19:00+01:00;1234.08;1203.52;154.05;154.03
2024-11-21T20:00+01:00;1263.66;1134.33;131.33;131.31
2024-11-21T21:00+01:00;1206.705;1147.675;123.05;123.04
2024-11-21T22:00+01:00;1227.775;1226.335;122.9;122.88
2024-11-21T23:00+01:00;1349.36;1257.92;107.46;107.44
2024-11-22T00:00+01:00;1100.38;1291.24;116.12;116.13
2024-11-22T01:00+01:00;1102.59;1426.81;106.21;106.22
2024-11-22T02:00+01:00;1028.845;1668.695;97.85;97.86
2024-11-22T03:00+01:00;850.68;1627.46;91.37;91.38
2024-11-22T04:00+01:00;866.73;1626.76;88.65;88.67
2024-11-22T05:00+01:00;899.725;1688.215;92.16;91.39
2024-11-22T06:00+01:00;1151.925;1556.885;117.06;117.86
2024-11-22T07:00+01:00;1251.575;1487.745;135.3;138.27
2024-11-22T08:00+01:00;1267.04;1376.41;149.44;169.72
2024-11-22T09:00+01:00;1114.625;1440.655;144.23;154.64
2024-11-22T10:00+01:00;1073.875;1521.235;137.25;140.02
2024-11-22T11:00+01:00;1022.435;1876.105;120.08;134.26
2024-11-22T12:00+01:00;989.925;2376.615;105.77;108.23
2024-11-22T13:00+01:00;967.915;2775.405;95.24;95.53
2024-11-22T14:00+01:00;1039.36;3251.64;96.18;98.07
2024-11-22T15:00+01:00;1115.345;3845.715;106.24;107.79
2024-11-22T16:00+01:00;1253.82;4048.63;111.21;114.4
2024-11-22T17:00+01:00;1302.38;4056.92;128.44;131.37
2024-11-22T18:00+01:00;1309.615;3801.715;134.28;134.74
2024-11-22T19:00+01:00;1295;3630.52;128.8;129.06
2024-11-22T20:00+01:00;1252.15;3672.01;106.21;107.07
2024-11-22T21:00+01:00;1124.17;3597.83;99.47;105.56
2024-11-22T22:00+01:00;1100.845;3885.465;87.11;89.99
2024-11-22T23:00+01:00;895.59;4216.43;76.55;73.69
2024-11-23T00:00+01:00;754.6;4512.91;61.44;61.44
2024-11-23T01:00+01:00;727.63;4752.93;52.54;53.49
2024-11-23T02:00+01:00;707.22;4905.2;50.67;49.96
2024-11-23T03:00+01:00;689.585;4971.105;47.92;47.19
2024-11-23T04:00+01:00;647.23;4671.44;49.27;47.19
2024-11-23T05:00+01:00;657.23;4466.2;49.36;47.59
2024-11-23T06:00+01:00;707.355;4272.235;50.54;47.57
2024-11-23T07:00+01:00;837.515;3966.635;67.18;54.84
2024-11-23T08:00+01:00;1009.7;3577.76;87.35;62.68
2024-11-23T09:00+01:00;1020.645;3454.085;85.62;69.95
2024-11-23T10:00+01:00;1001.125;3516.915;78.54;78.53
2024-11-23T11:00+01:00;995.755;3613.875;73.5;73.49
2024-11-23T12:00+01:00;901.72;3585.02;71.2;71.19
2024-11-23T13:00+01:00;973.365;3467.515;75.85;75.84
2024-11-23T14:00+01:00;1096.265;3344.505;85.68;85.67
2024-11-23T15:00+01:00;1121.825;3515.825;100.62;100.62
2024-11-23T16:00+01:00;1102.52;4118.59;86.04;87.31
2024-11-23T17:00+01:00;1060.92;4523.69;95.17;95.56
2024-11-23T18:00+01:00;796.48;4899.97;84.72;86.08
2024-11-23T19:00+01:00;735.005;5185.065;71;70.99
2024-11-23T20:00+01:00;720.24;5267.04;59.55;59.54
2024-11-23T21:00+01:00;674.435;5307.305;48.03;48.01
2024-11-23T22:00+01:00;615.165;5430.545;39.1;39.08
2024-11-23T23:00+01:00;546.23;5442.38;18.46;18.45
2024-11-24T00:00+01:00;382.1;4528.98;1.55;2.68
2024-11-24T01:00+01:00;314.635;4688.835;1.77;2.03
2024-11-24T02:00+01:00;307.89;4219.68;0.27;1.66
2024-11-24T03:00+01:00;319.98;4280.2;0.37;2.27
2024-11-24T04:00+01:00;345.23;4217.17;0.27;1.72
2024-11-24T05:00+01:00;333.005;4336.435;0.3;2
2024-11-24T06:00+01:00;311.705;4399.215;0.42;2.79
2024-11-24T07:00+01:00;295.085;5196.385;0.51;3.22
2024-11-24T08:00+01:00;313.935;5572.585;1.72;3.23
2024-11-24T09:00+01:00;317.1;5938.51;3.79;3.99
2024-11-24T10:00+01:00;332.96;5989.36;2.28;3.3
2024-11-24T11:00+01:00;327.405;6316.175;2.67;3.38
2024-11-24T12:00+01:00;282.855;6497.095;2.22;3.26
2024-11-24T13:00+01:00;273.785;6445.925;2.62;3.04
2024-11-24T14:00+01:00;280.465;6422.085;3.11;3.27
2024-11-24T15:00+01:00;324.465;6515.215;6.61;6.45
2024-11-24T16:00+01:00;392.645;6608.885;13.99;13.98
2024-11-24T17:00+01:00;382.095;6649.525;15.52;15.51
2024-11-24T18:00+01:00;390.02;6653.48;16.18;16.17
2024-11-24T19:00+01:00;362.215;6644.265;12.02;12.02
2024-11-24T20:00+01:00;358.075;6427.875;7.4;7.4
2024-11-24T21:00+01:00;338.585;6355.225;4.5;4.49
2024-11-24T22:00+01:00;283.01;6234.09;3.27;3.27
2024-11-24T23:00+01:00;300.005;5129.575;0.01;0.01
2024-11-25T00:00+01:00;302.835;4007.485;-1.25;-1.25
2024-11-25T01:00+01:00;329.285;4058.265;-1.59;-1.59
2024-11-25T02:00+01:00;322.235;3835.655;-1.42;-1.42
2024-11-25T03:00+01:00;314.33;3747.36;-1.86;-1.86
2024-11-25T04:00+01:00;313.37;3822.24;-1.42;-1.42
2024-11-25T05:00+01:00;300.82;3990.69;-0.28;-0.28
2024-11-25T06:00+01:00;429.9;5143.92;0;0.09
2024-11-25T07:00+01:00;519.465;6276.895;54.38;54.32
2024-11-25T08:00+01:00;541.815;6166.725;60.61;60.58
2024-11-25T09:00+01:00;547.065;6115.335;40.52;63.3
2024-11-25T10:00+01:00;545.76;6128.67;42.55;42.52
2024-11-25T11:00+01:00;546.52;6135.46;41.37;41.34
2024-11-25T12:00+01:00;540.73;5923.93;40;39.97
2024-11-25T13:00+01:00;535.805;5852.965;48.85;48.82
2024-11-25T14:00+01:00;530.12;5654.23;46.55;46.52
2024-11-25T15:00+01:00;521.45;5283.04;40.36;40.05
2024-11-25T16:00+01:00;537.945;5191.575;42.01;41.65
2024-11-25T17:00+01:00;542.23;5284.31;47.37;47.33
2024-11-25T18:00+01:00;530.45;5344.37;46.53;46.5
2024-11-25T19:00+01:00;508.61;5319.17;40.89;40.71
2024-11-25T20:00+01:00;468.06;5249.02;38.87;38.44
2024-11-25T21:00+01:00;418.305;5101.055;30.51;29.42
2024-11-25T22:00+01:00;432.265;5143.225;26.42;25.02
2024-11-25T23:00+01:00;407.37;5122.03;40;39.62
2024-11-26T00:00+01:00;441.07;5257.57;16.1;22.22
2024-11-26T01:00+01:00;466.305;5395.075;18.5;18.02
2024-11-26T02:00+01:00;498.53;5578.91;20.09;24.22
2024-11-26T03:00+01:00;507.64;5593.39;18.43;23.17
2024-11-26T04:00+01:00;515.445;5741.145;18.57;23.34
2024-11-26T05:00+01:00;522.065;5773.485;19.67;22.47
2024-11-26T06:00+01:00;587.5;6117.49;38.06;38.82
2024-11-26T07:00+01:00;594.08;5986.54;39.57;39.43
2024-11-26T08:00+01:00;586.65;5880.46;41.09;40.96
2024-11-26T09:00+01:00;572.59;5988.63;40;39.88
2024-11-26T10:00+01:00;591.52;6158.26;40.28;40.03
2024-11-26T11:00+01:00;583.45;6360.42;39.97;39.83
2024-11-26T12:00+01:00;573.055;6301.575;39.95;39.8
2024-11-26T13:00+01:00;579.85;6171.44;40.19;40.06
2024-11-26T14:00+01:00;558.445;5750.305;41.06;40.92
2024-11-26T15:00+01:00;563.41;5349.51;47.25;47.23
2024-11-26T16:00+01:00;634.79;5171.46;47.55;47.54
2024-11-26T17:00+01:00;816;4863.81;47.67;47.66
2024-11-26T18:00+01:00;699.225;4507.185;47.66;47.66
2024-11-26T19:00+01:00;676.395;4398.975;41.71;70.44
2024-11-26T20:00+01:00;635.92;4222.99;47.33;47.32
2024-11-26T21:00+01:00;724.61;4229.16;47.61;47.61
2024-11-26T22:00+01:00;661.63;4216.83;42.65;42.64
2024-11-26T23:00+01:00;837.24;4083.58;51.33;38.62
2024-11-27T00:00+01:00;742.36;3860.99;104.74;40.27
2024-11-27T01:00+01:00;793.415;3811.455;106.28;39.08
2024-11-27T02:00+01:00;826.4;3742.58;110;39.65
2024-11-27T03:00+01:00;855.805;3660.535;103.21;40.56
2024-11-27T04:00+01:00;866.215;3538.255;100.87;42.94
2024-11-27T05:00+01:00;898.76;3245;112.11;46.9
2024-11-27T06:00+01:00;1020.76;3020.2;109.5;101.97
2024-11-27T07:00+01:00;1170.12;2618.16;148.2;148.4
2024-11-27T08:00+01:00;1130.345;2502.335;170.48;171.58
2024-11-27T09:00+01:00;1192.485;2368.345;158.74;159.21
2024-11-27T10:00+01:00;1183.82;2302.93;153.1;153.17
2024-11-27T11:00+01:00;1186.985;2119.765;150;150.07
2024-11-27T12:00+01:00;1162.335;1715.065;145.66;145.73
2024-11-27T13:00+01:00;1153.225;1436.935;140.49;140.56
2024-11-27T14:00+01:00;1146.635;1205.455;130.09;130.16
2024-11-27T15:00+01:00;1147.9;1241.92;131.7;131.76
2024-11-27T16:00+01:00;1087.36;1472.55;117.74;117.94
2024-11-27T17:00+01:00;1106.65;1968.08;111.25;112.66
2024-11-27T18:00+01:00;1036.135;2591.785;112.29;113.16
2024-11-27T19:00+01:00;973.845;3077.535;101.84;101.96
2024-11-27T20:00+01:00;672.435;3807.275;78.14;78.23
2024-11-27T21:00+01:00;618.99;4312.78;71.86;71.94
2024-11-27T22:00+01:00;606.245;4758.285;67.05;66.81
2024-11-27T23:00+01:00;568.375;4949.295;48.78;49.03
2024-11-28T00:00+01:00;536.225;5115.665;49.21;49.21
2024-11-28T01:00+01:00;489.13;5129.66;41.21;42.15
2024-11-28T02:00+01:00;488.985;5014.335;32.95;33.72
2024-11-28T03:00+01:00;481.565;4815.745;32.08;32.84
2024-11-28T04:00+01:00;507.18;4554.77;31.69;37.81
2024-11-28T05:00+01:00;530.59;4326.49;52.29;47.88
2024-11-28T06:00+01:00;599.04;4340.11;63.27;63.27
2024-11-28T07:00+01:00;702.625;4818.375;87.56;87.57
2024-11-28T08:00+01:00;872.2;5404.61;102.02;104.62
2024-11-28T09:00+01:00;927.35;5337.6;95.79;100.81
2024-11-28T10:00+01:00;755.99;5298.52;88.93;89.66
2024-11-28T11:00+01:00;719.135;5135.755;86.79;93.93
2024-11-28T12:00+01:00;730.25;4773.23;84.06;91.48
2024-11-28T13:00+01:00;759.18;4402.24;83.76;91.8
2024-11-28T14:00+01:00;888.415;4052.495;95.17;95.18
2024-11-28T15:00+01:00;1092.015;3715.125;106.57;106.6
2024-11-28T16:00+01:00;1201.505;3388.655;132.62;132.64
2024-11-28T17:00+01:00;1254.14;2875.03;149.33;149.35
2024-11-28T18:00+01:00;1216.225;2389.325;158.23;158.24
2024-11-28T19:00+01:00;1257.635;2181.485;153.91;153.92
2024-11-28T20:00+01:00;1224.92;2033.69;143.97;143.98
2024-11-28T21:00+01:00;1164.43;1695.54;132.49;132.5
2024-11-28T22:00+01:00;1140.95;1440.46;122.16;122.16
2024-11-28T23:00+01:00;1088.865;1362.685;112.6;112.6
2024-11-29T00:00+01:00;1030.44;1265.72;110.3;110.35
2024-11-29T01:00+01:00;1030.615;1284.165;107.01;107.04
2024-11-29T02:00+01:00;1035.905;1255.555;103.47;103.51
2024-11-29T03:00+01:00;1021.225;1373.695;102.8;102.83
2024-11-29T04:00+01:00;1035.94;1605.97;105.3;105.33
2024-11-29T05:00+01:00;1093.465;1851.915;115.28;115.32
2024-11-29T06:00+01:00;1196.22;2114.19;135.99;145.18
2024-11-29T07:00+01:00;1261.36;2359.16;163.86;169.37
2024-11-29T08:00+01:00;1269.565;2540.395;173.56;181.44
2024-11-29T09:00+01:00;1258.975;2823.265;157.37;162.57
2024-11-29T10:00+01:00;1231.01;3160.22;138.35;143.09
2024-11-29T11:00+01:00;1174.18;3423.31;120.06;136.47
2024-11-29T12:00+01:00;1116.65;3508.95;110.05;126.65
2024-11-29T13:00+01:00;1122.96;3597.79;114.26;119.52
2024-11-29T14:00+01:00;1126.065;3719.995;109.3;129.55
2024-11-29T15:00+01:00;1156.18;3710.46;122.72;140.99
2024-11-29T16:00+01:00;1199.555;3688.715;122.68;152.01
2024-11-29T17:00+01:00;1266.595;3791.255;144.38;150.51
2024-11-29T18:00+01:00;1277.735;3996.565;142.03;142.06
2024-11-29T19:00+01:00;1267.565;4159.815;130.81;130.81
2024-11-29T20:00+01:00;1179.915;4253.065;119.9;119.9
2024-11-29T21:00+01:00;1075.01;4173.29;112.1;112.1
2024-11-29T22:00+01:00;985.49;4357.02;113.73;113.73
2024-11-29T23:00+01:00;865.985;4546.415;103.28;103.27
2024-11-30T00:00+01:00;686.625;4590.255;79.99;79.99
2024-11-30T01:00+01:00;676.3;4674.27;60.67;60.67
2024-11-30T02:00+01:00;619.94;4676.37;51.74;51.73
2024-11-30T03:00+01:00;625.27;4768.71;39.47;39.46
2024-11-30T04:00+01:00;599.18;4874.58;38.74;38.74
2024-11-30T05:00+01:00;553.785;4861.035;37.17;37.16
2024-11-30T06:00+01:00;549.44;5065.25;38;37.99
2024-11-30T07:00+01:00;548.46;5167.79;40.06;40.04
2024-11-30T08:00+01:00;544.965;5103.065;41.07;41.05
2024-11-30T09:00+01:00;548.675;5349.555;42.01;41.99
2024-11-30T10:00+01:00;548.705;5502.055;41.9;41.88
2024-11-30T11:00+01:00;548.31;5519.31;42.51;42.49
2024-11-30T12:00+01:00;559.43;5217.44;42.08;42.06
2024-11-30T13:00+01:00;837.55;5213.46;55.01;54.99
2024-11-30T14:00+01:00;798.365;4720.855;89.25;89.22
2024-11-30T15:00+01:00;1045.6;4491.17;99.55;99.53
2024-11-30T16:00+01:00;1130.47;4450.9;114.99;114.97
2024-11-30T17:00+01:00;1228.25;4299.43;136.94;136.93
2024-11-30T18:00+01:00;1228.78;4238.03;135.9;135.88
2024-11-30T19:00+01:00;1246.575;4087.965;129.94;129.92
2024-11-30T20:00+01:00;1259.02;3847.21;116.42;116.4
2024-11-30T21:00+01:00;1270.6;3725.67;112.18;112.16
2024-11-30T22:00+01:00;1190.045;3321.095;114.78;114.76
2024-11-30T23:00+01:00;1145.28;3272.58;106.67;106.65
2024-12-01T00:00+01:00;974.515;3200.265;95.2;95.18
2024-12-01T01:00+01:00;819.33;3010.83;90.01;89.99
2024-12-01T02:00+01:00;806.32;2902.99;88.14;88.13
2024-12-01T03:00+01:00;706.165;2856.425;85.7;85.68
2024-12-01T04:00+01:00;663.72;2901.38;84.27;84.25
2024-12-01T05:00+01:00;681.005;2813.795;80;79.98
2024-12-01T06:00+01:00;777.125;2747.145;83.23;83.21
2024-12-01T07:00+01:00;780.33;2571.26;89.19;89.17
2024-12-01T08:00+01:00;1105.13;2772.97;99.19;99.16
2024-12-01T09:00+01:00;961.17;2897.44;94.6;94.58
2024-12-01T10:00+01:00;978.13;3080.32;89.3;89.27
2024-12-01T11:00+01:00;1002;3025.09;82.38;82.36
2024-12-01T12:00+01:00;1013.21;3158.07;85.25;85.22
2024-12-01T13:00+01:00;1001.14;3154.49;83.08;83.06
2024-12-01T14:00+01:00;1044.405;3235.955;90.61;90.59
2024-12-01T15:00+01:00;1125.99;3484.85;102.81;102.79
2024-12-01T16:00+01:00;1120.455;3770.675;117.45;117.45
2024-12-01T17:00+01:00;1082.36;3955.47;109.95;109.95
2024-12-01T18:00+01:00;1036.33;4339.86;101.55;101.53
2024-12-01T19:00+01:00;822.325;4576.315;83.52;83.49
2024-12-01T20:00+01:00;676.835;4672.735;67.29;67.27
2024-12-01T21:00+01:00;637.955;4588.105;58.81;58.79
2024-12-01T22:00+01:00;567.255;4486.955;50.16;50.14
2024-12-01T23:00+01:00;524.765;4227.905;45.39;45.36
2024-12-02T00:00+01:00;494.56;4119.64;22.3;22.3
2024-12-02T01:00+01:00;506.465;4362.885;27.04;27.04
2024-12-02T02:00+01:00;505.98;4425.1;31.54;31.54
2024-12-02T03:00+01:00;485.76;4331.76;31.48;31.48
2024-12-02T04:00+01:00;487.185;4134.205;31.81;31.81
2024-12-02T05:00+01:00;511.96;4094.61;38.16;38.16
2024-12-02T06:00+01:00;543.1;4233.58;53.51;53.51
2024-12-02T07:00+01:00;709.47;4475.03;56.7;102.1
2024-12-02T08:00+01:00;761.655;4654.725;66.54;105.34
2024-12-02T09:00+01:00;685.11;4819.49;65.31;103.62
2024-12-02T10:00+01:00;714.88;4953.37;65.01;101.87
2024-12-02T11:00+01:00;797.73;4785.92;64.99;97.72
2024-12-02T12:00+01:00;918.375;4748.085;67.11;99.02
2024-12-02T13:00+01:00;921.9;4765.03;70.16;108.2
2024-12-02T14:00+01:00;980.335;4659.095;90.97;129.5
2024-12-02T15:00+01:00;1073.395;4306.695;108.28;144.04
2024-12-02T16:00+01:00;1240.08;4168.59;133.7;133.7
2024-12-02T17:00+01:00;1176.53;4114.68;147.07;147.07
2024-12-02T18:00+01:00;1172.46;3899.53;147.9;147.9
2024-12-02T19:00+01:00;1163.17;3828.67;138;138
2024-12-02T20:00+01:00;1124.515;3709.575;115.43;112.89
2024-12-02T21:00+01:00;1136.795;3656.915;100.05;100.05
2024-12-02T22:00+01:00;974.33;3683.86;95.34;95.34
2024-12-02T23:00+01:00;832.835;3666.275;88.69;88.69
2024-12-03T00:00+01:00;933.91;3463.73;95.49;95.49
2024-12-03T01:00+01:00;882.535;3511.185;90.9;90.9
2024-12-03T02:00+01:00;705.74;3381.71;88;88
2024-12-03T03:00+01:00;694.615;3141.265;86.8;86.8
2024-12-03T04:00+01:00;767.555;3138.375;94.96;94.96
2024-12-03T05:00+01:00;879.205;3378.785;95.57;95.58
2024-12-03T06:00+01:00;1038.035;3472.545;119.94;119.94
2024-12-03T07:00+01:00;1135.455;3836.435;142;142.01
2024-12-03T08:00+01:00;1229.88;3983.42;148.66;153.47
2024-12-03T09:00+01:00;1280.765;4284.525;128.92;145.1
2024-12-03T10:00+01:00;1170.84;4615.87;101.06;130.74
2024-12-03T11:00+01:00;1124.885;4950.265;94.97;129.58
2024-12-03T12:00+01:00;1108.145;5040.375;94.92;135.65
2024-12-03T13:00+01:00;1253.8;4998.51;95.2;142.45
2024-12-03T14:00+01:00;1407.45;4754.47;144.34;150.04
2024-12-03T15:00+01:00;1393.175;4569.625;163.96;168.95
2024-12-03T16:00+01:00;1366.235;4609.525;199.28;205.18
2024-12-03T17:00+01:00;1385.38;4603.71;209.14;210.01
2024-12-03T18:00+01:00;1379.33;4805.41;197.88;197.89
2024-12-03T19:00+01:00;1368.165;4782.895;189.83;189.84
2024-12-03T20:00+01:00;1360.27;4422.04;168.44;168.45
2024-12-03T21:00+01:00;1273.67;4045.9;153.13;153.13
2024-12-03T22:00+01:00;1220.965;3886.325;142.08;142.07
2024-12-03T23:00+01:00;1157.82;3722.2;130.81;102.08
2024-12-04T00:00+01:00;1105.215;3646.345;120.99;102.1
2024-12-04T01:00+01:00;1093.58;3563.82;116.66;102.06
2024-12-04T02:00+01:00;1106.29;3450.1;112.79;82.84
2024-12-04T03:00+01:00;1089.135;3410.045;110;73.34
2024-12-04T04:00+01:00;1088.83;3299;111.64;73.9
2024-12-04T05:00+01:00;1123.785;3145.105;119.6;83.87
2024-12-04T06:00+01:00;1244.61;3013.72;140.54;140.55
2024-12-04T07:00+01:00;1356.54;2954.5;204.75;204.76
2024-12-04T08:00+01:00;1372.475;3088.465;268.82;268.84
2024-12-04T09:00+01:00;1366.02;3200.91;244.05;244.07
2024-12-04T10:00+01:00;1330.805;3296.555;212.21;212.23
2024-12-04T11:00+01:00;1338.505;3336.245;198.95;198.96
2024-12-04T12:00+01:00;1372.48;3197.43;192.25;192.31
2024-12-04T13:00+01:00;1405.445;2811.845;192.68;192.71
2024-12-04T14:00+01:00;1419.74;2635.79;207.54;207.61
2024-12-04T15:00+01:00;1460.2;2575.15;227.83;227.92
2024-12-04T16:00+01:00;1483.77;2615.44;251.69;251.8
2024-12-04T17:00+01:00;1476.385;2712.205;287.76;287.87
2024-12-04T18:00+01:00;1462.505;2719.315;230.22;230.3
2024-12-04T19:00+01:00;1417.11;2607.28;194;194.05
2024-12-04T20:00+01:00;1360.1;2425.08;158.8;158.84
2024-12-04T21:00+01:00;1291;2468.1;133;133.03
2024-12-04T22:00+01:00;1257.095;2443.255;120;119.99
2024-12-04T23:00+01:00;1212.15;2414.21;111;110.99
2024-12-05T00:00+01:00;1103.985;2327.475;114.77;114.77
2024-12-05T01:00+01:00;1057.3;2492.25;105.74;105.74
2024-12-05T02:00+01:00;1005.205;2722.745;100.1;100.1
2024-12-05T03:00+01:00;788.06;2855.65;87.14;87.14
2024-12-05T04:00+01:00;762.995;2965.735;76.94;76.94
2024-12-05T05:00+01:00;837.52;3301.02;77.7;77.7
2024-12-05T06:00+01:00;1009.125;3560.085;91.3;91.3
2024-12-05T07:00+01:00;1244.12;3726.85;115;139.65
2024-12-05T08:00+01:00;1502.925;4112.745;128;137.37
2024-12-05T09:00+01:00;1348.4;4685.2;99.91;131.77
2024-12-05T10:00+01:00;1285.98;5196.98;91.87;121.93
2024-12-05T11:00+01:00;1020.95;5652.68;80.14;104.75
2024-12-05T12:00+01:00;966.345;6007.685;75.35;77.69
2024-12-05T13:00+01:00;989.955;6268.905;70.89;71.71
2024-12-05T14:00+01:00;881.64;6523.21;62.93;63.65
2024-12-05T15:00+01:00;839.455;6738.845;61.79;62.12
2024-12-05T16:00+01:00;823.94;6814.4;54.42;60.8
2024-12-05T17:00+01:00;764.215;6875.865;60.4;61.1
2024-12-05T18:00+01:00;672.78;6872.37;53.64;53.31
2024-12-05T19:00+01:00;646.43;6823.79;44.59;42.86
2024-12-05T20:00+01:00;621.245;6685.275;40.75;34.01
2024-12-05T21:00+01:00;610.415;6519.605;46.55;34.38
2024-12-05T22:00+01:00;589.115;6085.965;41.84;36.19
2024-12-05T23:00+01:00;483.64;5881.77;43.14;30.1
2024-12-06T00:00+01:00;381.52;5564.86;10.64;10.64
2024-12-06T01:00+01:00;376.235;5359.415;4.6;4.6
2024-12-06T02:00+01:00;374.94;5330.02;3.87;3.87
2024-12-06T03:00+01:00;378.355;4973.235;2.31;2.62
2024-12-06T04:00+01:00;411.88;4873.28;2.99;3.22
2024-12-06T05:00+01:00;451.34;5160.17;10.35;10.13
2024-12-06T06:00+01:00;742.535;5122.205;62.7;42.22
2024-12-06T07:00+01:00;900.99;4811.78;92.71;92.68
2024-12-06T08:00+01:00;1038.745;4264.255;110.17;110.12
2024-12-06T09:00+01:00;1075.315;3741.915;110.16;110.12
2024-12-06T10:00+01:00;1056.825;3252.475;104.08;104.03
2024-12-06T11:00+01:00;1024.57;2871.86;98.37;98.34
2024-12-06T12:00+01:00;1049.835;2444.765;91.9;91.85
2024-12-06T13:00+01:00;1165.95;2190.96;100.7;100.66
2024-12-06T14:00+01:00;1122.855;1908.125;109;108.96
2024-12-06T15:00+01:00;1107.385;1758.855;116.92;116.91
2024-12-06T16:00+01:00;1143.865;1569.425;131.55;131.55
2024-12-06T17:00+01:00;1184.39;1538.81;142.99;142.99
2024-12-06T18:00+01:00;1180.25;1382.98;151.07;151.07
2024-12-06T19:00+01:00;1189.07;1254.22;142.48;142.43
2024-12-06T20:00+01:00;1199.185;1233.175;130;129.95
2024-12-06T21:00+01:00;1056.005;1227.815;119.42;119.37
2024-12-06T22:00+01:00;1040.415;1098.735;121.08;121.09
2024-12-06T23:00+01:00;950.19;1104.76;102.14;102.15
2024-12-07T00:00+01:00;742.48;1113.5;86.65;86.66
2024-12-07T01:00+01:00;653.775;1250.305;74.32;74.33
2024-12-07T02:00+01:00;623.045;1483.465;68;68
2024-12-07T03:00+01:00;576.46;1666.25;62.36;63.87
2024-12-07T04:00+01:00;536.95;2062.44;49.1;58.09
2024-12-07T05:00+01:00;540.855;2524.555;37.41;37.41
2024-12-07T06:00+01:00;548.805;3021.515;38.26;38.26
2024-12-07T07:00+01:00;563.46;3514.69;41.48;41.48
2024-12-07T08:00+01:00;591.88;3838.01;54.17;54.17
2024-12-07T09:00+01:00;600.35;4157.91;59.1;59.1
2024-12-07T10:00+01:00;593.65;4367.91;53.71;53.71
2024-12-07T11:00+01:00;577.42;4550.21;51.33;51.82
2024-12-07T12:00+01:00;576.505;4686.675;54.13;54.88
2024-12-07T13:00+01:00;577.6;4571.49;54.44;55.2
2024-12-07T14:00+01:00;588.93;4576.92;57.38;57.39
2024-12-07T15:00+01:00;590.17;4743.96;59.11;59.12
2024-12-07T16:00+01:00;610.025;5017.175;60.95;60.95
2024-12-07T17:00+01:00;630.24;5077.53;63;63
2024-12-07T18:00+01:00;648.085;4963.655;62.09;62.1
2024-12-07T19:00+01:00;731.755;4616.425;69.1;69.1
2024-12-07T20:00+01:00;989.06;4366.12;75;75
2024-12-07T21:00+01:00;858.395;4292.455;76.34;76.34
2024-12-07T22:00+01:00;808.77;4169.25;73.99;73.99
2024-12-07T23:00+01:00;593.64;3968.19;68.73;68.73
2024-12-08T00:00+01:00;564.035;3460.385;43.62;43.62
2024-12-08T01:00+01:00;530.075;3389.085;43.62;43.62
2024-12-08T02:00+01:00;524.215;3363.995;50.76;50.75
2024-12-08T03:00+01:00;526.305;3534.365;41.4;41.4
2024-12-08T04:00+01:00;528.725;3810.165;40.6;40.6
2024-12-08T05:00+01:00;529.705;3874.985;40.02;40.02
2024-12-08T06:00+01:00;529.72;4002.57;40.94;40.94
2024-12-08T07:00+01:00;523.01;3939.38;44.08;44.08
2024-12-08T08:00+01:00;555.32;4234.89;45.76;45.76
2024-12-08T09:00+01:00;595.785;4243.105;67.11;67.11
2024-12-08T10:00+01:00;799.085;4344.835;88.91;88.91
2024-12-08T11:00+01:00;851.935;4812.255;103.92;103.92
2024-12-08T12:00+01:00;927.875;5041.795;86.08;86.08
2024-12-08T13:00+01:00;926.55;4789.96;96.55;101.82
2024-12-08T14:00+01:00;829.59;4576.62;85.14;85.15
2024-12-08T15:00+01:00;789.8;4687.3;79.45;79.45
2024-12-08T16:00+01:00;874.185;4841.655;83.27;83.28
2024-12-08T17:00+01:00;808.63;5106.8;82.85;82.87
2024-12-08T18:00+01:00;723.825;5355.665;78.31;78.33
2024-12-08T19:00+01:00;614.255;5440.485;64.81;66.55
2024-12-08T20:00+01:00;572.805;5385.065;57.94;58.74
2024-12-08T21:00+01:00;549.33;5247.05;54.66;54.67
2024-12-08T22:00+01:00;547.835;5214.585;42.57;43.13
2024-12-08T23:00+01:00;546.765;5331.975;40.78;35.4
2024-12-09T00:00+01:00;490.61;5381.64;42.91;42.91
2024-12-09T01:00+01:00;457.62;5624.86;45.2;45.21
2024-12-09T02:00+01:00;431.72;5637.98;35.06;24.76
2024-12-09T03:00+01:00;395.225;5672.055;34.25;18.07
2024-12-09T04:00+01:00;401.525;5716.095;32.59;9.62
2024-12-09T05:00+01:00;486.23;5795.06;38.26;38.24
2024-12-09T06:00+01:00;515.94;5940.72;42.72;51.66
2024-12-09T07:00+01:00;601.71;6089.33;69.03;70.3
2024-12-09T08:00+01:00;625.46;6045.61;81.56;82.14
2024-12-09T09:00+01:00;599.41;6040.04;66.79;67.09
2024-12-09T10:00+01:00;636.985;6055.495;67.12;67.42
2024-12-09T11:00+01:00;755.32;6002.81;68.46;68.77
2024-12-09T12:00+01:00;832.625;5877.785;69.82;70.16
2024-12-09T13:00+01:00;792.455;5608.095;78.94;79.41
2024-12-09T14:00+01:00;837.365;5202.615;92.64;93.32
2024-12-09T15:00+01:00;1050.14;4918.07;112.76;113.51
2024-12-09T16:00+01:00;1073.605;4883.535;115.16;116.05
2024-12-09T17:00+01:00;1150.705;4508.875;118.94;118.94
2024-12-09T18:00+01:00;1168.995;4383.845;116.91;116.92
2024-12-09T19:00+01:00;1222.04;4267.12;122.21;114.19
2024-12-09T20:00+01:00;1241.18;4012.66;113.16;99.88
2024-12-09T21:00+01:00;1179.085;3717.895;100.98;88.28
2024-12-09T22:00+01:00;1128.93;3409.61;98.48;83.58
2024-12-09T23:00+01:00;969.045;3063.415;92.39;74.92
2024-12-10T00:00+01:00;823.405;2893.065;77.27;72.65
2024-12-10T01:00+01:00;742.44;2700.76;85;69.38
2024-12-10T02:00+01:00;692.535;2569.375;86.5;67.11
2024-12-10T03:00+01:00;696.8;2473.3;83.7;68.02
2024-12-10T04:00+01:00;724.8;2369.88;87.21;70.17
2024-12-10T05:00+01:00;849.89;2203.97;89.07;80.46
2024-12-10T06:00+01:00;1225.97;1995.45;112.06;112.07
2024-12-10T07:00+01:00;1290.665;1797.625;135.18;135.19
2024-12-10T08:00+01:00;1317.365;1605.345;169.76;169.78
2024-12-10T09:00+01:00;1403.615;1473.245;182.14;182.15
2024-12-10T10:00+01:00;1442.815;1389.355;184.75;184.77
2024-12-10T11:00+01:00;1438.155;1316.105;186.5;186.51
2024-12-10T12:00+01:00;1447.735;1232.095;180.62;180.65
2024-12-10T13:00+01:00;1415.17;1183.47;190.78;190.8
2024-12-10T14:00+01:00;1403.29;1182.32;189.41;189.43
2024-12-10T15:00+01:00;1458.985;1202.165;197.64;197.64
2024-12-10T16:00+01:00;1421.18;1208.4;199.09;200.19
2024-12-10T17:00+01:00;1423.275;1197.585;199.34;202.39
2024-12-10T18:00+01:00;1460.365;1189.745;181;181.01
2024-12-10T19:00+01:00;1456.175;1175.795;180.17;180.18
2024-12-10T20:00+01:00;1423.53;1168.69;166.6;166.61
2024-12-10T21:00+01:00;1318.76;1218.69;151.15;151.16
2024-12-10T22:00+01:00;1274.95;1261.27;137.94;137.95
2024-12-10T23:00+01:00;1246.16;1333.81;121.37;121.38
2024-12-11T00:00+01:00;1226.68;1399.96;115.94;115.95
2024-12-11T01:00+01:00;1208.14;1528.88;108.22;108.23
2024-12-11T02:00+01:00;1172.51;1547.34;107.31;107.31
2024-12-11T03:00+01:00;1240;1618.29;106.17;106.17
2024-12-11T04:00+01:00;1190.94;1657.69;108.69;108.69
2024-12-11T05:00+01:00;1251.055;1603.135;125.31;125.31
2024-12-11T06:00+01:00;1408.47;1559.48;163.42;163.43
2024-12-11T07:00+01:00;1553.01;1726.77;249.59;295.52
2024-12-11T08:00+01:00;1708.545;1879.745;356.18;368.99
2024-12-11T09:00+01:00;1686.795;2017.345;364.97;377.15
2024-12-11T10:00+01:00;1646.27;2183.78;338.58;348.66
2024-12-11T11:00+01:00;1692.61;2240.73;344.35;380.01
2024-12-11T12:00+01:00;1856.11;2189.01;334;385.89
2024-12-11T13:00+01:00;1945.33;2206.58;333.15;404.93
2024-12-11T14:00+01:00;1945.025;2204.205;362.22;371.98
2024-12-11T15:00+01:00;1857.175;2244.685;377;380.96
2024-12-11T16:00+01:00;1840.67;2273.58;437.87;437.9
2024-12-11T17:00+01:00;1864.6;2326.64;434.86;445.1
2024-12-11T18:00+01:00;1916.86;2278.29;359.92;359.93
2024-12-11T19:00+01:00;1998.905;2187.015;341.25;341.26
2024-12-11T20:00+01:00;1875.355;2040.355;206.82;206.83
2024-12-11T21:00+01:00;1482.75;1851.77;171.2;171.2
2024-12-11T22:00+01:00;1429.245;1748.545;150;150.01
2024-12-11T23:00+01:00;1414.39;1471.72;135.96;135.97
2024-12-12T00:00+01:00;1342.55;1265.66;122.24;122.25
2024-12-12T01:00+01:00;1355.795;1201.715;115.3;115.31
2024-12-12T02:00+01:00;1244.91;1158.98;109.96;109.97
2024-12-12T03:00+01:00;1236.24;1132.22;107.35;107.36
2024-12-12T04:00+01:00;1291.645;1147.165;112.51;112.52
2024-12-12T05:00+01:00;1390.23;1167.2;123.67;123.67
2024-12-12T06:00+01:00;1515.805;1329.305;176.18;176.19
2024-12-12T07:00+01:00;1599.535;1491.975;599.99;600.03
2024-12-12T08:00+01:00;1717.485;1540.235;655.6;655.64
2024-12-12T09:00+01:00;1904.1;1588.19;646.76;646.79
2024-12-12T10:00+01:00;1700.035;1633.525;543.83;543.86
2024-12-12T11:00+01:00;1622.7;1651.94;465.36;465.38
2024-12-12T12:00+01:00;1624.45;1652.18;404.99;405.01
2024-12-12T13:00+01:00;1603.9;1684.42;415.3;415.31
2024-12-12T14:00+01:00;1621.38;1629.52;490.34;490.36
2024-12-12T15:00+01:00;1631.25;1575.4;668.49;668.51
2024-12-12T16:00+01:00;1641.83;1600.11;818.98;819.01
2024-12-12T17:00+01:00;1796.88;1589.27;936.28;936.31
2024-12-12T18:00+01:00;1699.57;1456.81;674.18;674.2
2024-12-12T19:00+01:00;1623.175;1157.845;551.01;551.02
2024-12-12T20:00+01:00;1507.47;1261.2;295.66;295.66
2024-12-12T21:00+01:00;1502.79;1162.04;169.4;169.41
2024-12-12T22:00+01:00;1474.775;1113.765;150;150.01
2024-12-12T23:00+01:00;1451.515;989.215;134.75;134.76
2024-12-13T00:00+01:00;1344.215;1053.305;130.07;130.07
2024-12-13T01:00+01:00;1305.76;1084.03;122.9;122.9
2024-12-13T02:00+01:00;1304.45;1139.61;118.97;118.97
2024-12-13T03:00+01:00;1264.35;1159.99;114.95;114.95
2024-12-13T04:00+01:00;1276.91;1310.66;115.64;115.64
2024-12-13T05:00+01:00;1291.785;1476.975;125.83;125.85
2024-12-13T06:00+01:00;1325.655;1737.895;156.53;156.56
2024-12-13T07:00+01:00;1434.06;1936.46;187.71;187.76
2024-12-13T08:00+01:00;1417.29;2267.9;253;253.03
2024-12-13T09:00+01:00;1389.77;2598.67;245.74;245.77
2024-12-13T10:00+01:00;1372.32;2667.95;208.42;208.44
2024-12-13T11:00+01:00;1391.925;2904.225;174.4;174.42
2024-12-13T12:00+01:00;1336.805;2834.995;166.06;166.07
2024-12-13T13:00+01:00;1350.51;2676.77;165;165.01
2024-12-13T14:00+01:00;1419.075;2536.705;184.5;184.51
2024-12-13T15:00+01:00;1337.385;2324.825;220.77;220.8
2024-12-13T16:00+01:00;1377.505;2325.675;250.06;250.09
2024-12-13T17:00+01:00;1384.205;2525.765;284.21;284.21
2024-12-13T18:00+01:00;1370.45;2452.66;260;260
2024-12-13T19:00+01:00;1362.545;2670.945;225.6;225.61
2024-12-13T20:00+01:00;1279.605;2852.495;175;175
2024-12-13T21:00+01:00;1234.885;2760.085;146.22;146.22
2024-12-13T22:00+01:00;1194.655;2827.025;135.09;135.09
2024-12-13T23:00+01:00;1130.745;2789.125;116.52;116.52
2024-12-14T00:00+01:00;1265.325;2660.985;116.94;116.93
2024-12-14T01:00+01:00;1307.57;2779.18;111.36;111.36
2024-12-14T02:00+01:00;1174.455;2917.745;108.04;108.03
2024-12-14T03:00+01:00;1129.465;3049.755;99.02;99.02
2024-12-14T04:00+01:00;1184.505;3091.835;93.44;93.44
2024-12-14T05:00+01:00;978.495;3215.785;88.11;88.11
2024-12-14T06:00+01:00;1115.66;3346.94;69.46;69.46
2024-12-14T07:00+01:00;983.065;3742.745;78.02;78.02
2024-12-14T08:00+01:00;956.69;4174.92;88.77;88.76
2024-12-14T09:00+01:00;1032.81;4222.92;74.3;74.3
2024-12-14T10:00+01:00;990.105;4327.525;40.21;40.02
2024-12-14T11:00+01:00;785.49;4568.88;37.16;37.15
2024-12-14T12:00+01:00;609.595;4756.285;37.57;37.41
2024-12-14T13:00+01:00;564.275;4847.485;36.67;36.67
2024-12-14T14:00+01:00;573.285;5001.765;35.6;35.4
2024-12-14T15:00+01:00;555.265;4968.765;35.11;35.11
2024-12-14T16:00+01:00;547.73;4821.95;36.77;36.77
2024-12-14T17:00+01:00;588.88;4676.08;37.36;37.36
2024-12-14T18:00+01:00;531.975;4684.025;33.52;24.91
2024-12-14T19:00+01:00;503.635;4742.515;35.12;12.86
2024-12-14T20:00+01:00;530.825;4596.065;31.08;12.88
2024-12-14T21:00+01:00;493.475;4437.175;25.96;12.89
2024-12-14T22:00+01:00;429.495;4518.505;29.58;12.83
2024-12-14T23:00+01:00;435.475;4429.265;29.48;3.3
2024-12-15T00:00+01:00;507.375;4426.895;45.07;22.38
2024-12-15T01:00+01:00;520.655;4295.135;35.27;22.36
2024-12-15T02:00+01:00;517.85;4174.37;31.17;13.98
2024-12-15T03:00+01:00;520.495;4020.045;31.28;22.32
2024-12-15T04:00+01:00;532.095;3795.105;33.75;22.34
2024-12-15T05:00+01:00;533.1;3478.35;36.2;14.21
2024-12-15T06:00+01:00;562.295;3201.085;36.44;25.17
2024-12-15T07:00+01:00;548.69;3205.91;45.19;29.4
2024-12-15T08:00+01:00;565.09;3481.48;49.62;33.82
2024-12-15T09:00+01:00;551.755;4157.945;42.51;41.84
2024-12-15T10:00+01:00;557.04;4681.92;40.31;40.98
2024-12-15T11:00+01:00;561.36;5158.62;39.16;41.58
2024-12-15T12:00+01:00;528.195;5501.015;39.04;42.29
2024-12-15T13:00+01:00;508.855;6115.105;38.37;41.21
2024-12-15T14:00+01:00;478.88;6408.14;36.6;39.38
2024-12-15T15:00+01:00;475.055;6268.345;35.28;37.9
2024-12-15T16:00+01:00;470.21;6244.98;34.28;34.28
2024-12-15T17:00+01:00;426.285;6185.475;31.32;31.32
2024-12-15T18:00+01:00;280.735;6234.095;25.99;25.99
2024-12-15T19:00+01:00;285.885;6368.705;22.38;22.38
2024-12-15T20:00+01:00;280.21;6515.29;18.55;18.55
2024-12-15T21:00+01:00;292.615;6586.945;13.96;13.96
2024-12-15T22:00+01:00;289.495;6518.695;10.08;10.09
2024-12-15T23:00+01:00;273.02;5828.91;2.29;2.29
2024-12-16T00:00+01:00;277.72;4947.12;0.09;0.09
2024-12-16T01:00+01:00;280.69;4708.77;0.1;0.1
2024-12-16T02:00+01:00;281.42;4594;0.05;0.05
2024-12-16T03:00+01:00;281.865;4657.925;0.07;0.07
2024-12-16T04:00+01:00;282.18;4787.76;0.02;0.02
2024-12-16T05:00+01:00;291.455;4823.415;1.75;2.18
2024-12-16T06:00+01:00;371.935;5932.275;7.73;7.28
2024-12-16T07:00+01:00;446.075;5956.255;29.5;29.52
2024-12-16T08:00+01:00;456.26;5789.89;34.5;34.51
2024-12-16T09:00+01:00;408.32;5656;31.79;32.95
2024-12-16T10:00+01:00;368.27;5658.61;30.79;31.44
2024-12-16T11:00+01:00;363.465;5839.655;30.09;30.86
2024-12-16T12:00+01:00;354.405;5988.785;29.41;30.46
2024-12-16T13:00+01:00;354;5918.43;29.09;29.59
2024-12-16T14:00+01:00;351.775;5816.745;28.58;30.65
2024-12-16T15:00+01:00;337.105;5725.275;33;36.09
2024-12-16T16:00+01:00;272.705;5892.015;32.33;35.13
2024-12-16T17:00+01:00;243.94;6055.89;30.96;33.36
2024-12-16T18:00+01:00;266.23;6246.43;32.44;34.74
2024-12-16T19:00+01:00;242.265;6251.715;29.69;29.7
2024-12-16T20:00+01:00;239.76;6126.14;25.47;26.83
2024-12-16T21:00+01:00;254.75;6064.18;22.33;22.35
2024-12-16T22:00+01:00;252.14;6059.76;16.79;8.51
2024-12-16T23:00+01:00;239.83;6119.27;16.59;3.89
2024-12-17T00:00+01:00;238.975;6159.095;14.24;34.79
2024-12-17T01:00+01:00;277.455;6101.825;20.06;21.39
2024-12-17T02:00+01:00;279.94;5946.4;19.75;19.75
2024-12-17T03:00+01:00;279.58;5737.04;20.62;21.3
2024-12-17T04:00+01:00;278.68;5396.69;16.99;22.93
2024-12-17T05:00+01:00;285.85;5018.09;16.56;16.56
2024-12-17T06:00+01:00;322.235;4746.775;35.13;35.14
2024-12-17T07:00+01:00;427.93;4532.47;44.81;44.83
2024-12-17T08:00+01:00;443.815;4095.035;51.5;53.15
2024-12-17T09:00+01:00;448.655;3946.375;56.42;56.45
2024-12-17T10:00+01:00;542.18;3793.9;52.99;53.01
2024-12-17T11:00+01:00;558.235;3914.005;51.16;51.18
2024-12-17T12:00+01:00;561.295;4100.345;60.74;60.77
2024-12-17T13:00+01:00;594.69;4091;63.81;63.84
2024-12-17T14:00+01:00;593.7;3853.38;85.89;85.93
2024-12-17T15:00+01:00;657.915;3769.145;107.36;107.4
2024-12-17T16:00+01:00;688.195;3684.815;112.51;112.55
2024-12-17T17:00+01:00;825.005;3646.505;127.33;127.36
2024-12-17T18:00+01:00;619.365;3596.645;121.6;121.65
2024-12-17T19:00+01:00;606.05;3519.76;108.1;108.14
2024-12-17T20:00+01:00;540.825;3581.315;98.51;98.52
2024-12-17T21:00+01:00;488.7;3574.13;95.84;95.86
2024-12-17T22:00+01:00;394.33;3727.32;80.49;80.5
2024-12-17T23:00+01:00;420.665;3812.665;60.74;60.75
2024-12-18T00:00+01:00;396.16;3806.65;22.53;41.87
2024-12-18T01:00+01:00;380.265;4009.475;30.55;31.54
2024-12-18T02:00+01:00;372.405;4468.975;27.15;27.4
2024-12-18T03:00+01:00;348.03;5005.31;16.32;34.58
2024-12-18T04:00+01:00;335.19;5433.22;14.55;23.46
2024-12-18T05:00+01:00;332.86;5726.75;9.03;27.09
2024-12-18T06:00+01:00;359.365;5940.135;6.05;34.06
2024-12-18T07:00+01:00;491.63;6019.82;39.05;41.87
2024-12-18T08:00+01:00;565.985;6096.765;49.68;55.47
2024-12-18T09:00+01:00;562.695;6118.635;43.28;49.25
2024-12-18T10:00+01:00;572.715;6102.655;33.49;45.07
2024-12-18T11:00+01:00;574.34;6162.51;32.76;42.05
2024-12-18T12:00+01:00;562.775;6248.495;31.79;35.89
2024-12-18T13:00+01:00;567.82;6363.54;31.35;35.14
2024-12-18T14:00+01:00;601.58;6382.44;30.84;33.71
2024-12-18T15:00+01:00;571.635;6419.785;32.88;35.44
2024-12-18T16:00+01:00;528.37;6520.74;28.37;29.65
2024-12-18T17:00+01:00;517.025;6573.155;29.34;29.54
2024-12-18T18:00+01:00;525.545;6646.895;19.67;57.57
2024-12-18T19:00+01:00;453.33;6614.06;17.3;57.28
2024-12-18T20:00+01:00;441.04;6378.4;15.97;52.59
2024-12-18T21:00+01:00;449.67;6198.59;17.86;46.53
2024-12-18T22:00+01:00;456.875;5998.065;20.66;39.28
2024-12-18T23:00+01:00;432.1;5546.65;21.44;21.44
2024-12-19T00:00+01:00;357.22;4824;11.28;11.28
2024-12-19T01:00+01:00;346.605;3674.145;13.23;13.23
2024-12-19T02:00+01:00;350.825;2627.625;5.47;4.89
2024-12-19T03:00+01:00;344.345;1570.815;1.82;1.8
2024-12-19T04:00+01:00;341.635;1371.965;0.31;0.41
2024-12-19T05:00+01:00;337.965;1488.155;2;2.24
2024-12-19T06:00+01:00;362.34;2030.21;8.57;8.33
2024-12-19T07:00+01:00;541.645;2589.555;53.95;53.94
2024-12-19T08:00+01:00;588.82;3381.88;66.48;67.44
2024-12-19T09:00+01:00;546.255;3493.705;67.46;68.42
2024-12-19T10:00+01:00;590.92;3740.53;64.99;65.84
2024-12-19T11:00+01:00;618.87;4270.77;57.41;58.06
2024-12-19T12:00+01:00;643.065;4321.655;37.14;37.78
2024-12-19T13:00+01:00;665.775;4517.965;31.26;31.35
2024-12-19T14:00+01:00;614.465;4681.915;30.53;30.64
2024-12-19T15:00+01:00;650.47;4781.34;30.95;31.06
2024-12-19T16:00+01:00;665.525;4996.085;31.4;31.42
2024-12-19T17:00+01:00;701.115;5208.905;30.88;30.88
2024-12-19T18:00+01:00;574.02;5733.87;21.45;45.82
2024-12-19T19:00+01:00;491.14;6099.42;7.95;71.18
2024-12-19T20:00+01:00;492.6;6229.08;6.45;66.05
2024-12-19T21:00+01:00;476.805;6313.325;6.96;35.96
2024-12-19T22:00+01:00;483.35;6265.11;6.55;20.24
2024-12-19T23:00+01:00;469.03;6298.44;10.92;18.98
2024-12-20T00:00+01:00;434.665;6229.245;11.17;25.84
2024-12-20T01:00+01:00;361.715;6149.735;18.02;16.24
2024-12-20T02:00+01:00;366.305;5786.675;16.31;16.31
2024-12-20T03:00+01:00;346.655;5892.915;17.43;17.43
2024-12-20T04:00+01:00;341.125;5657.555;13.83;17.39
2024-12-20T05:00+01:00;321.13;5913.71;9.04;12.79
2024-12-20T06:00+01:00;322.37;6061.07;5.31;26.89
2024-12-20T07:00+01:00;345.465;6173.575;27.17;29.91
2024-12-20T08:00+01:00;377.4;6080.68;20.24;39.52
2024-12-20T09:00+01:00;380.405;6090.445;30.2;33.39
2024-12-20T10:00+01:00;372.825;6288.875;31.25;32.45
2024-12-20T11:00+01:00;369.425;6238.065;31.94;33.22
2024-12-20T12:00+01:00;391.645;5938.825;33.59;33.81
2024-12-20T13:00+01:00;324.19;5498.07;33.49;33.49
2024-12-20T14:00+01:00;280.165;5056.195;35.07;35.07
2024-12-20T15:00+01:00;379.805;4356.545;44.17;44.03
2024-12-20T16:00+01:00;474.875;3949.265;71.91;71.92
2024-12-20T17:00+01:00;507.45;3746.17;87.88;87.88
2024-12-20T18:00+01:00;472.83;3763.54;78.12;78.12
2024-12-20T19:00+01:00;436.09;3826.6;49.2;49.2
2024-12-20T20:00+01:00;382.125;4249.395;33.57;33.57
2024-12-20T21:00+01:00;329.33;4648.32;30.95;31.37
2024-12-20T22:00+01:00;288.55;5275.65;24.75;37.15
2024-12-20T23:00+01:00;293.65;5618.18;19.91;19.92
2024-12-21T00:00+01:00;252.97;5826.76;11.67;11.67
2024-12-21T01:00+01:00;251.405;5879.395;22.36;22.36
2024-12-21T02:00+01:00;262.52;5818.85;21.56;21.08
2024-12-21T03:00+01:00;281.835;5367.485;19.41;16.13
2024-12-21T04:00+01:00;289.56;4627.09;18.11;15.21
2024-12-21T05:00+01:00;290.61;4382.86;20.04;16.45
2024-12-21T06:00+01:00;263.565;4649.405;20;16.8
2024-12-21T07:00+01:00;263.6;4621.91;21.21;21.21
2024-12-21T08:00+01:00;237.965;4677.805;22.87;22.86
2024-12-21T09:00+01:00;237.24;4851.15;29.33;29.33
2024-12-21T10:00+01:00;236.58;5089.92;31.43;31.43
2024-12-21T11:00+01:00;245.56;5526.28;30.92;30.92
2024-12-21T12:00+01:00;249.655;5832.515;31.12;31.12
2024-12-21T13:00+01:00;245.425;5943.785;29.83;29.83
2024-12-21T14:00+01:00;239.31;6038.11;25.92;25.91
2024-12-21T15:00+01:00;240.07;6171.71;27.28;27.28
2024-12-21T16:00+01:00;241.505;6332.295;29.31;29.31
2024-12-21T17:00+01:00;258;6344.05;29.27;29.28
2024-12-21T18:00+01:00;251.1;6307.36;27.95;27.95
2024-12-21T19:00+01:00;231.56;6217.74;20.73;20.73
2024-12-21T20:00+01:00;248.615;6089.365;15.3;14.92
2024-12-21T21:00+01:00;258.395;5867.095;5.17;5.28
2024-12-21T22:00+01:00;248.585;5577.635;4.23;4.35
2024-12-21T23:00+01:00;248.825;5190.805;3.98;4
2024-12-22T00:00+01:00;270.97;4016.01;1.83;1.98
2024-12-22T01:00+01:00;275.35;3517.57;1.41;1.58
2024-12-22T02:00+01:00;270.53;3334.68;0.23;0.66
2024-12-22T03:00+01:00;270.755;2441.135;-0.09;1.07
2024-12-22T04:00+01:00;272.345;2261.355;-0.77;1.41
2024-12-22T05:00+01:00;275.175;2538.705;-0.03;2.24
2024-12-22T06:00+01:00;272.42;2476.65;-0.04;3.23
2024-12-22T07:00+01:00;275.845;3291.265;2.29;3.87
2024-12-22T08:00+01:00;311.795;3439.525;6.07;6.87
2024-12-22T09:00+01:00;388.67;3421.49;20.6;17.19
2024-12-22T10:00+01:00;375.12;3681.55;20.17;20.16
2024-12-22T11:00+01:00;353.265;3763.805;23;23
2024-12-22T12:00+01:00;338.805;3839.565;21.19;21.19
2024-12-22T13:00+01:00;336.37;3472.29;21.39;21.39
2024-12-22T14:00+01:00;394.665;3412.235;28.02;28.02
2024-12-22T15:00+01:00;380.985;3580.875;41.77;41.78
2024-12-22T16:00+01:00;369.48;3646.48;46.93;46.93
2024-12-22T17:00+01:00;582.05;3831.24;65.47;65.47
2024-12-22T18:00+01:00;503.035;3684.325;60.79;60.8
2024-12-22T19:00+01:00;541.2;3820.27;58.21;58.21
2024-12-22T20:00+01:00;480.235;3837.925;46.93;46.93
2024-12-22T21:00+01:00;367.83;4129.06;36.66;36.66
2024-12-22T22:00+01:00;328.95;4419.3;36.2;36.21
2024-12-22T23:00+01:00;303.21;4557.5;24.5;24.49
2024-12-23T00:00+01:00;267.1;4528.36;29.19;29.19
2024-12-23T01:00+01:00;276.5;4554.89;20.13;20.13
2024-12-23T02:00+01:00;278.885;4734.675;14.31;14.18
2024-12-23T03:00+01:00;275.09;4980.95;9.12;9.25
2024-12-23T04:00+01:00;277.2;5165.22;9.78;9.78
2024-12-23T05:00+01:00;309.96;5142.94;14.8;14.8
2024-12-23T06:00+01:00;383.065;5015.515;17.39;20.7
2024-12-23T07:00+01:00;503.28;4873.97;52.01;48.71
2024-12-23T08:00+01:00;541.29;4666.15;59.34;59.34
2024-12-23T09:00+01:00;544.205;4727.195;59.62;59.63
2024-12-23T10:00+01:00;512.495;5034.635;52.73;52.73
2024-12-23T11:00+01:00;494.755;5218.495;52;52
2024-12-23T12:00+01:00;531.685;5212.755;54.17;54.17
2024-12-23T13:00+01:00;550.485;5143.275;54.81;54.82
2024-12-23T14:00+01:00;561.38;4914.17;61.56;61.56
2024-12-23T15:00+01:00;569.905;4678.645;73.69;73.7
2024-12-23T16:00+01:00;629.85;4652.15;82.56;82.56
2024-12-23T17:00+01:00;717.485;4340.005;98.25;98.25
2024-12-23T18:00+01:00;713.5;4009.36;101.75;101.76
2024-12-23T19:00+01:00;701.845;3534.865;97.47;97.48
2024-12-23T20:00+01:00;712.9;3362.84;92.59;92.6
2024-12-23T21:00+01:00;719.77;2832.69;108.29;108.29
2024-12-23T22:00+01:00;726.425;2177.405;105.82;105.83
2024-12-23T23:00+01:00;702.085;1763.955;96.99;97
2024-12-24T00:00+01:00;583.055;1282.845;86.03;86.03
2024-12-24T01:00+01:00;591.32;1105.95;82.84;82.84
2024-12-24T02:00+01:00;575.36;891.04;81.89;81.89
2024-12-24T03:00+01:00;580.65;818.71;78;78
2024-12-24T04:00+01:00;633.32;953.61;78.78;78.78
2024-12-24T05:00+01:00;598.32;1029.32;80.6;80.6
2024-12-24T06:00+01:00;645.24;1378.38;85.07;85.07
2024-12-24T07:00+01:00;786.79;1682.94;100.83;100.84
2024-12-24T08:00+01:00;840.445;1917.775;115.09;115.09
2024-12-24T09:00+01:00;868.84;2180.92;120.95;120.95
2024-12-24T10:00+01:00;864.36;2656.62;120;120
2024-12-24T11:00+01:00;835.64;2976.12;118.16;118.16
2024-12-24T12:00+01:00;861.025;3345.005;117.49;117.49
2024-12-24T13:00+01:00;734.47;3582.12;115.38;115.38
2024-12-24T14:00+01:00;710.61;3722.58;117.98;117.98
2024-12-24T15:00+01:00;719.615;3940.295;119.5;119.5
2024-12-24T16:00+01:00;738.235;4131.485;120.21;120.21
2024-12-24T17:00+01:00;781.61;4224.38;118;118
2024-12-24T18:00+01:00;787.225;4270.405;110.98;110.98
2024-12-24T19:00+01:00;761.965;4274.445;104.09;104.09
2024-12-24T20:00+01:00;708.63;4060.42;102.56;102.56
2024-12-24T21:00+01:00;686.91;3939.64;94.63;94.63
2024-12-24T22:00+01:00;581.915;4092.365;99.04;90.04
2024-12-24T23:00+01:00;544.165;4117.525;88.19;88.19
2024-12-25T00:00+01:00;482.14;3904.62;91.37;91.37
2024-12-25T01:00+01:00;469.505;3693.155;86.44;86.44
2024-12-25T02:00+01:00;475.485;3638.155;85.07;85.07
2024-12-25T03:00+01:00;473.505;3403.305;68.62;68.61
2024-12-25T04:00+01:00;517.945;3173.585;61.81;61.81
2024-12-25T05:00+01:00;552.415;2997.295;62.75;62.75
2024-12-25T06:00+01:00;486.855;3030.285;62.54;62.54
2024-12-25T07:00+01:00;526.95;2927.8;84.94;84.93
2024-12-25T08:00+01:00;665.255;2956.805;90.21;90.2
2024-12-25T09:00+01:00;658.645;3021.205;99.24;99.22
2024-12-25T10:00+01:00;639.155;2837.915;93.56;93.54
2024-12-25T11:00+01:00;644.905;2816.405;92.55;92.53
2024-12-25T12:00+01:00;701.94;3092.74;94.41;94.39
2024-12-25T13:00+01:00;661.69;3018.71;91.03;91.01
2024-12-25T14:00+01:00;721.055;3017.935;99.17;99.16
2024-12-25T15:00+01:00;771.29;2944.32;112.69;112.68
2024-12-25T16:00+01:00;828.96;3151.62;116.71;116.69
2024-12-25T17:00+01:00;827.685;3321.235;120.52;120.51
2024-12-25T18:00+01:00;852.92;3309.47;119.1;119.08
2024-12-25T19:00+01:00;847.375;3342.105;118;117.99
2024-12-25T20:00+01:00;773.685;3451.515;118.32;118.3
2024-12-25T21:00+01:00;810.89;3409.15;113.01;113.01
2024-12-25T22:00+01:00;733.435;3191.105;114.07;114.07
2024-12-25T23:00+01:00;730.71;3241.46;104.22;104.22
2024-12-26T00:00+01:00;613.79;3101.71;102.17;102.17
2024-12-26T01:00+01:00;570.68;2997.94;95.06;95.06
2024-12-26T02:00+01:00;584.34;2986.2;94.61;94.61
2024-12-26T03:00+01:00;549.625;2585.825;89.64;89.64
2024-12-26T04:00+01:00;541.235;2575.195;90.87;90.87
2024-12-26T05:00+01:00;559.225;2480.075;95.1;95.1
2024-12-26T06:00+01:00;662.73;2257.12;99;99
2024-12-26T07:00+01:00;722.87;2319.88;112.61;112.61
2024-12-26T08:00+01:00;740.485;2203.145;119.1;119.1
2024-12-26T09:00+01:00;816.635;2302.095;118.23;118.23
2024-12-26T10:00+01:00;728.26;2239.51;113.25;113.24
2024-12-26T11:00+01:00;737.595;2284.425;106.01;106.01
2024-12-26T12:00+01:00;788.355;2300.145;107.71;107.71
2024-12-26T13:00+01:00;720.285;2114.695;103.9;103.9
2024-12-26T14:00+01:00;768.475;1845.315;109.64;109.64
2024-12-26T15:00+01:00;845.6;1699.38;120.75;120.75
2024-12-26T16:00+01:00;849.31;1654.19;129.64;129.64
2024-12-26T17:00+01:00;856.605;1653.115;137.9;137.9
2024-12-26T18:00+01:00;866.945;1631.575;138.05;138.05
2024-12-26T19:00+01:00;842.375;1619.275;135.71;135.71
2024-12-26T20:00+01:00;805.295;1637.775;129.13;129.13
2024-12-26T21:00+01:00;824.015;1473.155;120.85;120.85
2024-12-26T22:00+01:00;846.28;1431.9;123.5;123.5
2024-12-26T23:00+01:00;753.775;1370.205;116.98;116.98
2024-12-27T00:00+01:00;582.56;1329.49;106.79;106.79
2024-12-27T01:00+01:00;491.775;1251.125;101.52;101.52
2024-12-27T02:00+01:00;496.83;1184.9;101.03;101.03
2024-12-27T03:00+01:00;490.6;1134.18;99.74;99.74
2024-12-27T04:00+01:00;494.28;1121.4;99.58;99.58
2024-12-27T05:00+01:00;538.715;1163.125;106.2;106.2
2024-12-27T06:00+01:00;658.145;1105.455;115.7;115.7
2024-12-27T07:00+01:00;734.27;1131.28;124.29;124.29
2024-12-27T08:00+01:00;736.98;1150.31;131.85;131.85
2024-12-27T09:00+01:00;757.235;1269.415;130.15;130.15
2024-12-27T10:00+01:00;755.49;1449.71;120.1;120.1
2024-12-27T11:00+01:00;727.74;1601.67;107.94;107.94
2024-12-27T12:00+01:00;727.555;1682.925;107.81;107.81
2024-12-27T13:00+01:00;785.815;1649.795;107.94;107.94
2024-12-27T14:00+01:00;779.45;1646.45;121.65;121.65
2024-12-27T15:00+01:00;813.095;1545.825;136.46;136.46
2024-12-27T16:00+01:00;853.67;1479.21;146.25;146.25
2024-12-27T17:00+01:00;869.905;1402.035;151.8;151.8
2024-12-27T18:00+01:00;901.34;1336.42;158.4;158.4
2024-12-27T19:00+01:00;901.87;1288.73;146.43;146.43
2024-12-27T20:00+01:00;815.9;1274.87;133.14;133.14
2024-12-27T21:00+01:00;978.125;1311.475;125.42;125.42
2024-12-27T22:00+01:00;761.765;1359.555;126.76;126.76
2024-12-27T23:00+01:00;818.1;1408.19;114;114
2024-12-28T00:00+01:00;684.19;1459.37;126.4;126.4
2024-12-28T01:00+01:00;658.125;1490.145;116.63;116.63
2024-12-28T02:00+01:00;655.925;1545.175;110.15;110.15
2024-12-28T03:00+01:00;570.32;1570.9;105.92;105.92
2024-12-28T04:00+01:00;592.44;1552.15;102.93;102.93
2024-12-28T05:00+01:00;542.025;1551.125;105.58;105.58
2024-12-28T06:00+01:00;595.26;1548.04;109.71;109.71
2024-12-28T07:00+01:00;753.595;1528.295;124.24;124.24
2024-12-28T08:00+01:00;748.665;1655.275;128;128
2024-12-28T09:00+01:00;740.4;1779.08;128.3;128.3
2024-12-28T10:00+01:00;744.145;1830.945;122.83;122.83
2024-12-28T11:00+01:00;742.09;2000.1;113.4;113.4
2024-12-28T12:00+01:00;772.3;2171.88;108.97;108.97
2024-12-28T13:00+01:00;777.025;2338.865;110.01;110.01
2024-12-28T14:00+01:00;791.62;2454.72;117.83;117.83
2024-12-28T15:00+01:00;819.765;2544.785;134.8;134.8
2024-12-28T16:00+01:00;823.295;2700.455;139.32;139.32
2024-12-28T17:00+01:00;868.63;2914.38;150.77;150.77
2024-12-28T18:00+01:00;874.45;3102.98;147.51;147.51
2024-12-28T19:00+01:00;869.77;3289.64;140.48;140.48
2024-12-28T20:00+01:00;783.82;3289.59;129.26;129.26
2024-12-28T21:00+01:00;748.01;3320.36;125.9;125.9
2024-12-28T22:00+01:00;756.35;3365.18;121.25;121.25
2024-12-28T23:00+01:00;706.86;3398.71;114.93;114.93
2024-12-29T00:00+01:00;649.935;3480.625;127.39;127.39
2024-12-29T01:00+01:00;637.79;3520.97;114.09;114.09
2024-12-29T02:00+01:00;623.175;3606.055;107.71;107.71
2024-12-29T03:00+01:00;615.955;3861.965;101.7;101.7
2024-12-29T04:00+01:00;590.94;3984.58;97.73;97.73
2024-12-29T05:00+01:00;698.835;4425.625;98.6;98.6
2024-12-29T06:00+01:00;627.135;4768.025;67.1;67.1
2024-12-29T07:00+01:00;573.245;5021.475;57.55;57.56
2024-12-29T08:00+01:00;570.67;5440.53;53.7;53.7
2024-12-29T09:00+01:00;527.99;5532.46;40.86;40.86
2024-12-29T10:00+01:00;451.18;5537.55;25.52;25.52
2024-12-29T11:00+01:00;409.65;5574.29;24.03;24.03
2024-12-29T12:00+01:00;402.705;5572.785;29.22;29.22
2024-12-29T13:00+01:00;411.415;5563.415;28.36;28.36
2024-12-29T14:00+01:00;430.545;5601.325;24.72;24.72
2024-12-29T15:00+01:00;431.635;5698.025;24.65;24.65
2024-12-29T16:00+01:00;437.535;5990.935;27.53;27.53
2024-12-29T17:00+01:00;446.97;6287.18;28.11;28.11
2024-12-29T18:00+01:00;435.625;6367.185;24.98;24.98
2024-12-29T19:00+01:00;431.405;6395.025;24.22;24.22
2024-12-29T20:00+01:00;417.37;6391.32;23.53;22.74
2024-12-29T21:00+01:00;339.89;6500.43;23.2;13.8
2024-12-29T22:00+01:00;297.73;6244.91;20.01;13.75
2024-12-29T23:00+01:00;292.53;5783.2;12.21;13.71
2024-12-30T00:00+01:00;309.98;6309.64;3.59;3.59
2024-12-30T01:00+01:00;309.52;6376.74;13.44;3.58
2024-12-30T02:00+01:00;310.07;6408.9;13.46;3.59
2024-12-30T03:00+01:00;310.92;6361.16;16.56;3.56
2024-12-30T04:00+01:00;309.67;6351.09;19.51;3.59
2024-12-30T05:00+01:00;306.595;6145.735;17.38;3.59
2024-12-30T06:00+01:00;299.565;5960.965;25.62;13.72
2024-12-30T07:00+01:00;345.03;5729.91;34.12;13.79
2024-12-30T08:00+01:00;415.895;5346.765;37.32;31.81
2024-12-30T09:00+01:00;438.745;5077.435;36.38;36.38
2024-12-30T10:00+01:00;444.205;4979.185;38.43;38.43
2024-12-30T11:00+01:00;461.455;5133.955;38.35;38.52
2024-12-30T12:00+01:00;435.805;5261.365;36.32;36.44
2024-12-30T13:00+01:00;473.265;5609.035;34.61;34.7
2024-12-30T14:00+01:00;494.405;5775.805;36.06;36.33
2024-12-30T15:00+01:00;524.55;6012.64;37.43;37.87
2024-12-30T16:00+01:00;527.205;6186.715;39.73;39.97
2024-12-30T17:00+01:00;534.75;6211.89;39.17;39.39
2024-12-30T18:00+01:00;512.625;6157.185;36.86;37.06
2024-12-30T19:00+01:00;497.92;6069.4;33;33
2024-12-30T20:00+01:00;480.985;5706.815;31.5;31.5
2024-12-30T21:00+01:00;476.79;5119.91;31.41;31.41
2024-12-30T22:00+01:00;450.305;4729.365;29.49;29.49
2024-12-30T23:00+01:00;332.07;4236.44;35.66;3.59
2024-12-31T00:00+01:00;317.375;3704.045;50.49;3.6
2024-12-31T01:00+01:00;318.86;2973.14;45.9;5.36
2024-12-31T02:00+01:00;306.215;2373.715;56.43;13.26
2024-12-31T03:00+01:00;376.07;2080.3;34.9;13.79
2024-12-31T04:00+01:00;423.49;2021.29;30.88;17.65
2024-12-31T05:00+01:00;441.2;2119.06;30.21;30.21
2024-12-31T06:00+01:00;428.63;2616.45;40;40
2024-12-31T07:00+01:00;443.115;2950.905;51.88;51.88
2024-12-31T08:00+01:00;469.915;3418.225;78.43;78.43
2024-12-31T09:00+01:00;474.305;3897.165;83.46;83.46
2024-12-31T10:00+01:00;469.68;4463.72;47.92;47.92
2024-12-31T11:00+01:00;462.395;4878.055;42.46;42.46
2024-12-31T12:00+01:00;441.17;5272.78;37.11;38.45
2024-12-31T13:00+01:00;441.045;5850.585;36.34;36.82
2024-12-31T14:00+01:00;438.47;6335.37;19.98;35
2024-12-31T15:00+01:00;447.425;6540.495;17;41.64
2024-12-31T16:00+01:00;453.325;6735.965;18.67;47
2024-12-31T17:00+01:00;417.555;6839.695;20.95;50.21
2024-12-31T18:00+01:00;383.65;6848.79;25.98;25.97
2024-12-31T19:00+01:00;364.575;6906.895;25.02;24.24
2024-12-31T20:00+01:00;292.115;6739.745;19;22.59
2024-12-31T21:00+01:00;236.705;6817.615;15.7;15.7
2024-12-31T22:00+01:00;242.87;6765.44;9.06;7.98
2024-12-31T23:00+01:00;267.51;6528.17;0.52;1.6