ISP (CET/CEST),Area,Reserve Type,Source,Type of Product,Price Type,Price Up (EUR/MWh),Price Down (EUR/MWh)
31/12/2023 23:00:00 - 01/01/2024 00:00:00,SCA|NO2,mFRR,Not Specified,Not Specified,MARGINAL,59.31,59.31
01/01/2024 00:00:00 - 01/01/2024 01:00:00,SCA|NO2,mFRR,Not Specified,Not Specified,MARGINAL,55.0,53.79
01/01/2024 01:00:00 - 01/01/2024 02:00:00,SCA|NO2,mFRR,Not Specified,Not Specified,MARGINAL,53.87,48.98
01/01/2024 02:00:00 - 01/01/2024 03:00:00,SCA|NO2,mFRR,Not Specified,Not Specified,MARGINAL,53.87,27.45
01/01/2024 03:00:00 - 01/01/2024 04:00:00,SCA|NO2,mFRR,Not Specified,Not Specified,MARGINAL,24.48,24.48
01/01/2024 04:00:00 - 01/01/2024 05:00:00,SCA|NO2,mFRR,Not Specified,Not Specified,MARGINAL,36.0,24.01
01/01/2024 05:00:00 - 01/01/2024 06:00:00,SCA|NO2,mFRR,Not Specified,Not Specified,MARGINAL,36.0,21.23
01/01/2024 06:00:00 - 01/01/2024 07:00:00,SCA|NO2,mFRR,Not Specified,Not Specified,MARGINAL,40.11,22.62
01/01/2024 07:00:00 - 01/01/2024 08:00:00,SCA|NO2,mFRR,Not Specified,Not Specified,MARGINAL,44.0,25.04
01/01/2024 08:00:00 - 01/01/2024 09:00:00,SCA|NO2,mFRR,Not Specified,Not Specified,MARGINAL,44.0,26.24
01/01/2024 09:00:00 - 01/01/2024 10:00:00,SCA|NO2,mFRR,Not Specified,Not Specified,MARGINAL,44.0,32.21
01/01/2024 10:00:00 - 01/01/2024 11:00:00,SCA|NO2,mFRR,Not Specified,Not Specified,MARGINAL,48.0,47.71
01/01/2024 11:00:00 - 01/01/2024 12:00:00,SCA|NO2,mFRR,Not Specified,Not Specified,MARGINAL,52.51,52.51
01/01/2024 12:00:00 - 01/01/2024 13:00:00,SCA|NO2,mFRR,Not Specified,Not Specified,MARGINAL,60.0,56.57
01/01/2024 13:00:00 - 01/01/2024 14:00:00,SCA|NO2,mFRR,Not Specified,Not Specified,MARGINAL,60.0,59.82
01/01/2024 14:00:00 - 01/01/2024 15:00:00,SCA|NO2,mFRR,Not Specified,Not Specified,MARGINAL,71.0,62.06
01/01/2024 15:00:00 - 01/01/2024 16:00:00,SCA|NO2,mFRR,Not Specified,Not Specified,MARGINAL,71.0,62.52
01/01/2024 16:00:00 - 01/01/2024 17:00:00,SCA|NO2,mFRR,Not Specified,Not Specified,MARGINAL,71.0,63.19
01/01/2024 17:00:00 - 01/01/2024 18:00:00,SCA|NO2,mFRR,Not Specified,Not Specified,MARGINAL,73.0,64.99
01/01/2024 18:00:00 - 01/01/2024 19:00:00,SCA|NO2,mFRR,Not Specified,Not Specified,MARGINAL,73.0,63.58
01/01/2024 19:00:00 - 01/01/2024 20:00:00,SCA|NO2,mFRR,Not Specified,Not Specified,MARGINAL,70.0,63.1
01/01/2024 20:00:00 - 01/01/2024 21:00:00,SCA|NO2,mFRR,Not Specified,Not Specified,MARGINAL,62.15,62.15
01/01/2024 21:00:00 - 01/01/2024 22:00:00,SCA|NO2,mFRR,Not Specified,Not Specified,MARGINAL,58.27,58.27
01/01/2024 22:00:00 - 01/01/2024 23:00:00,SCA|NO2,mFRR,Not Specified,Not Specified,MARGINAL,52.58,52.58
01/01/2024 23:00:00 - 02/01/2024 00:00:00,SCA|NO2,mFRR,Not Specified,Not Specified,MARGINAL,44.03,44.03
02/01/2024 00:00:00 - 02/01/2024 01:00:00,SCA|NO2,mFRR,Not Specified,Not Specified,MARGINAL,38.0,38.0
02/01/2024 01:00:00 - 02/01/2024 02:00:00,SCA|NO2,mFRR,Not Specified,Not Specified,MARGINAL,33.56,33.56
02/01/2024 02:00:00 - 02/01/2024 03:00:00,SCA|NO2,mFRR,Not Specified,Not Specified,MARGINAL,32.03,32.03
02/01/2024 03:00:00 - 02/01/2024 04:00:00,SCA|NO2,mFRR,Not Specified,Not Specified,MARGINAL,32.29,32.29
02/01/2024 04:00:00 - 02/01/2024 05:00:00,SCA|NO2,mFRR,Not Specified,Not Specified,MARGINAL,36.7,20.0
02/01/2024 05:00:00 - 02/01/2024 06:00:00,SCA|NO2,mFRR,Not Specified,Not Specified,MARGINAL,41.72,20.0
02/01/2024 06:00:00 - 02/01/2024 07:00:00,SCA|NO2,mFRR,Not Specified,Not Specified,MARGINAL,49.18,49.18
02/01/2024 07:00:00 - 02/01/2024 08:00:00,SCA|NO2,mFRR,Not Specified,Not Specified,MARGINAL,62.04,62.04
02/01/2024 08:00:00 - 02/01/2024 09:00:00,SCA|NO2,mFRR,Not Specified,Not Specified,MARGINAL,65.67,65.67
02/01/2024 09:00:00 - 02/01/2024 10:00:00,SCA|NO2,mFRR,Not Specified,Not Specified,MARGINAL,73.0,66.8
02/01/2024 10:00:00 - 02/01/2024 11:00:00,SCA|NO2,mFRR,Not Specified,Not Specified,MARGINAL,84.5,71.08
02/01/2024 11:00:00 - 02/01/2024 12:00:00,SCA|NO2,mFRR,Not Specified,Not Specified,MARGINAL,85.0,73.54
02/01/2024 12:00:00 - 02/01/2024 13:00:00,SCA|NO2,mFRR,Not Specified,Not Specified,MARGINAL,90.16,78.16
02/01/2024 13:00:00 - 02/01/2024 14:00:00,SCA|NO2,mFRR,Not Specified,Not Specified,MARGINAL,90.87,78.87
02/01/2024 14:00:00 - 02/01/2024 15:00:00,SCA|NO2,mFRR,Not Specified,Not Specified,MARGINAL,82.0,79.24
02/01/2024 15:00:00 - 02/01/2024 16:00:00,SCA|NO2,mFRR,Not Specified,Not Specified,MARGINAL,88.0,79.96
02/01/2024 16:00:00 - 02/01/2024 17:00:00,SCA|NO2,mFRR,Not Specified,Not Specified,MARGINAL,88.0,81.46
02/01/2024 17:00:00 - 02/01/2024 18:00:00,SCA|NO2,mFRR,Not Specified,Not Specified,MARGINAL,88.08,80.92
02/01/2024 18:00:00 - 02/01/2024 19:00:00,SCA|NO2,mFRR,Not Specified,Not Specified,MARGINAL,80.11,74.95
02/01/2024 19:00:00 - 02/01/2024 20:00:00,SCA|NO2,mFRR,Not Specified,Not Specified,MARGINAL,66.77,66.77
02/01/2024 20:00:00 - 02/01/2024 21:00:00,SCA|NO2,mFRR,Not Specified,Not Specified,MARGINAL,70.0,64.92
02/01/2024 21:00:00 - 02/01/2024 22:00:00,SCA|NO2,mFRR,Not Specified,Not Specified,MARGINAL,70.0,64.43
02/01/2024 22:00:00 - 02/01/2024 23:00:00,SCA|NO2,mFRR,Not Specified,Not Specified,MARGINAL,72.5,62.61
02/01/2024 23:00:00 - 03/01/2024 00:00:00,SCA|NO2,mFRR,Not Specified,Not Specified,MARGINAL,69.0,59.16
03/01/2024 00:00:00 - 03/01/2024 01:00:00,SCA|NO2,mFRR,Not Specified,Not Specified,MARGINAL,67.0,58.0
03/01/2024 01:00:00 - 03/01/2024 02:00:00,SCA|NO2,mFRR,Not Specified,Not Specified,MARGINAL,58.39,58.39
03/01/2024 02:00:00 - 03/01/2024 03:00:00,SCA|NO2,mFRR,Not Specified,Not Specified,MARGINAL,59.0,58.41
03/01/2024 03:00:00 - 03/01/2024 04:00:00,SCA|NO2,mFRR,Not Specified,Not Specified,MARGINAL,59.0,55.84
03/01/2024 04:00:00 - 03/01/2024 05:00:00,SCA|NO2,mFRR,Not Specified,Not Specified,MARGINAL,59.0,54.53
03/01/2024 05:00:00 - 03/01/2024 06:00:00,SCA|NO2,mFRR,Not Specified,Not Specified,MARGINAL,59.0,58.41
03/01/2024 06:00:00 - 03/01/2024 07:00:00,SCA|NO2,mFRR,Not Specified,Not Specified,MARGINAL,62.7,62.7
03/01/2024 07:00:00 - 03/01/2024 08:00:00,SCA|NO2,mFRR,Not Specified,Not Specified,MARGINAL,74.0,64.81
03/01/2024 08:00:00 - 03/01/2024 09:00:00,SCA|NO2,mFRR,Not Specified,Not Specified,MARGINAL,74.0,65.6
03/01/2024 09:00:00 - 03/01/2024 10:00:00,SCA|NO2,mFRR,Not Specified,Not Specified,MARGINAL,74.0,65.94
03/01/2024 10:00:00 - 03/01/2024 11:00:00,SCA|NO2,mFRR,Not Specified,Not Specified,MARGINAL,74.0,66.42
03/01/2024 11:00:00 - 03/01/2024 12:00:00,SCA|NO2,mFRR,Not Specified,Not Specified,MARGINAL,74.0,65.93
03/01/2024 12:00:00 - 03/01/2024 13:00:00,SCA|NO2,mFRR,Not Specified,Not Specified,MARGINAL,66.4,65.6
03/01/2024 13:00:00 - 03/01/2024 14:00:00,SCA|NO2,mFRR,Not Specified,Not Specified,MARGINAL,71.0,65.15
03/01/2024 14:00:00 - 03/01/2024 15:00:00,SCA|NO2,mFRR,Not Specified,Not Specified,MARGINAL,73.0,65.76
03/01/2024 15:00:00 - 03/01/2024 16:00:00,SCA|NO2,mFRR,Not Specified,Not Specified,MARGINAL,78.0,69.38
03/01/2024 16:00:00 - 03/01/2024 17:00:00,SCA|NO2,mFRR,Not Specified,Not Specified,MARGINAL,84.0,73.59
03/01/2024 17:00:00 - 03/01/2024 18:00:00,SCA|NO2,mFRR,Not Specified,Not Specified,MARGINAL,91.0,82.28
03/01/2024 18:00:00 - 03/01/2024 19:00:00,SCA|NO2,mFRR,Not Specified,Not Specified,MARGINAL,91.0,82.97
03/01/2024 19:00:00 - 03/01/2024 20:00:00,SCA|NO2,mFRR,Not Specified,Not Specified,MARGINAL,91.0,79.03
03/01/2024 20:00:00 - 03/01/2024 21:00:00,SCA|NO2,mFRR,Not Specified,Not Specified,MARGINAL,85.0,73.23
03/01/2024 21:00:00 - 03/01/2024 22:00:00,SCA|NO2,mFRR,Not Specified,Not Specified,MARGINAL,69.2,69.2
03/01/2024 22:00:00 - 03/01/2024 23:00:00,SCA|NO2,mFRR,Not Specified,Not Specified,MARGINAL,75.0,65.42
03/01/2024 23:00:00 - 04/01/2024 00:00:00,SCA|NO2,mFRR,Not Specified,Not Specified,MARGINAL,73.78,63.79
04/01/2024 00:00:00 - 04/01/2024 01:00:00,SCA|NO2,mFRR,Not Specified,Not Specified,MARGINAL,64.03,64.03
04/01/2024 01:00:00 - 04/01/2024 02:00:00,SCA|NO2,mFRR,Not Specified,Not Specified,MARGINAL,63.13,63.13
04/01/2024 02:00:00 - 04/01/2024 03:00:00,SCA|NO2,mFRR,Not Specified,Not Specified,MARGINAL,62.61,62.61
04/01/2024 03:00:00 - 04/01/2024 04:00:00,SCA|NO2,mFRR,Not Specified,Not Specified,MARGINAL,62.41,62.41
04/01/2024 04:00:00 - 04/01/2024 05:00:00,SCA|NO2,mFRR,Not Specified,Not Specified,MARGINAL,62.08,54.0
04/01/2024 05:00:00 - 04/01/2024 06:00:00,SCA|NO2,mFRR,Not Specified,Not Specified,MARGINAL,64.47,53.65
04/01/2024 06:00:00 - 04/01/2024 07:00:00,SCA|NO2,mFRR,Not Specified,Not Specified,MARGINAL,70.38,58.0
04/01/2024 07:00:00 - 04/01/2024 08:00:00,SCA|NO2,mFRR,Not Specified,Not Specified,MARGINAL,92.0,70.5
04/01/2024 08:00:00 - 04/01/2024 09:00:00,SCA|NO2,mFRR,Not Specified,Not Specified,MARGINAL,92.0,91.47
04/01/2024 09:00:00 - 04/01/2024 10:00:00,SCA|NO2,mFRR,Not Specified,Not Specified,MARGINAL,94.2,74.5
04/01/2024 10:00:00 - 04/01/2024 11:00:00,SCA|NO2,mFRR,Not Specified,Not Specified,MARGINAL,94.82,79.0
04/01/2024 11:00:00 - 04/01/2024 12:00:00,SCA|NO2,mFRR,Not Specified,Not Specified,MARGINAL,94.74,90.4
04/01/2024 12:00:00 - 04/01/2024 13:00:00,SCA|NO2,mFRR,Not Specified,Not Specified,MARGINAL,86.69,76.0
04/01/2024 13:00:00 - 04/01/2024 14:00:00,SCA|NO2,mFRR,Not Specified,Not Specified,MARGINAL,85.96,76.0
04/01/2024 14:00:00 - 04/01/2024 15:00:00,SCA|NO2,mFRR,Not Specified,Not Specified,MARGINAL,95.0,79.0
04/01/2024 15:00:00 - 04/01/2024 16:00:00,SCA|NO2,mFRR,Not Specified,Not Specified,MARGINAL,99.0,98.62
04/01/2024 16:00:00 - 04/01/2024 17:00:00,SCA|NO2,mFRR,Not Specified,Not Specified,MARGINAL,106.0,105.73
04/01/2024 17:00:00 - 04/01/2024 18:00:00,SCA|NO2,mFRR,Not Specified,Not Specified,MARGINAL,134.0,133.23
04/01/2024 18:00:00 - 04/01/2024 19:00:00,SCA|NO2,mFRR,Not Specified,Not Specified,MARGINAL,145.0,144.65
04/01/2024 19:00:00 - 04/01/2024 20:00:00,SCA|NO2,mFRR,Not Specified,Not Specified,MARGINAL,122.0,121.37
04/01/2024 20:00:00 - 04/01/2024 21:00:00,SCA|NO2,mFRR,Not Specified,Not Specified,MARGINAL,104.0,100.58
04/01/2024 21:00:00 - 04/01/2024 22:00:00,SCA|NO2,mFRR,Not Specified,Not Specified,MARGINAL,100.0,97.11
04/01/2024 22:00:00 - 04/01/2024 23:00:00,SCA|NO2,mFRR,Not Specified,Not Specified,MARGINAL,95.0,92.11
04/01/2024 23:00:00 - 05/01/2024 00:00:00,SCA|NO2,mFRR,Not Specified,Not Specified,MARGINAL,86.25,86.25
05/01/2024 00:00:00 - 05/01/2024 01:00:00,SCA|NO2,mFRR,Not Specified,Not Specified,MARGINAL,88.83,88.83
05/01/2024 01:00:00 - 05/01/2024 02:00:00,SCA|NO2,mFRR,Not Specified,Not Specified,MARGINAL,83.09,78.0
05/01/2024 02:00:00 - 05/01/2024 03:00:00,SCA|NO2,mFRR,Not Specified,Not Specified,MARGINAL,79.47,71.0
05/01/2024 03:00:00 - 05/01/2024 04:00:00,SCA|NO2,mFRR,Not Specified,Not Specified,MARGINAL,75.39,71.0
05/01/2024 04:00:00 - 05/01/2024 05:00:00,SCA|NO2,mFRR,Not Specified,Not Specified,MARGINAL,76.26,71.0
05/01/2024 05:00:00 - 05/01/2024 06:00:00,SCA|NO2,mFRR,Not Specified,Not Specified,MARGINAL,75.23,70.0
05/01/2024 06:00:00 - 05/01/2024 07:00:00,SCA|NO2,mFRR,Not Specified,Not Specified,MARGINAL,78.65,65.0
05/01/2024 07:00:00 - 05/01/2024 08:00:00,SCA|NO2,mFRR,Not Specified,Not Specified,MARGINAL,84.47,84.47
05/01/2024 08:00:00 - 05/01/2024 09:00:00,SCA|NO2,mFRR,Not Specified,Not Specified,MARGINAL,86.98,86.98
05/01/2024 09:00:00 - 05/01/2024 10:00:00,SCA|NO2,mFRR,Not Specified,Not Specified,MARGINAL,92.18,92.18
05/01/2024 10:00:00 - 05/01/2024 11:00:00,SCA|NO2,mFRR,Not Specified,Not Specified,MARGINAL,204.59,93.49
05/01/2024 11:00:00 - 05/01/2024 12:00:00,SCA|NO2,mFRR,Not Specified,Not Specified,MARGINAL,211.51,95.37
05/01/2024 12:00:00 - 05/01/2024 13:00:00,SCA|NO2,mFRR,Not Specified,Not Specified,MARGINAL,89.56,89.56
05/01/2024 13:00:00 - 05/01/2024 14:00:00,SCA|NO2,mFRR,Not Specified,Not Specified,MARGINAL,88.89,88.89
05/01/2024 14:00:00 - 05/01/2024 15:00:00,SCA|NO2,mFRR,Not Specified,Not Specified,MARGINAL,93.62,93.62
05/01/2024 15:00:00 - 05/01/2024 16:00:00,SCA|NO2,mFRR,Not Specified,Not Specified,MARGINAL,97.15,97.15
05/01/2024 16:00:00 - 05/01/2024 17:00:00,SCA|NO2,mFRR,Not Specified,Not Specified,MARGINAL,99.98,99.98
05/01/2024 17:00:00 - 05/01/2024 18:00:00,SCA|NO2,mFRR,Not Specified,Not Specified,MARGINAL,104.26,104.26
05/01/2024 18:00:00 - 05/01/2024 19:00:00,SCA|NO2,mFRR,Not Specified,Not Specified,MARGINAL,111.68,105.0
05/01/2024 19:00:00 - 05/01/2024 20:00:00,SCA|NO2,mFRR,Not Specified,Not Specified,MARGINAL,100.95,100.95
05/01/2024 20:00:00 - 05/01/2024 21:00:00,SCA|NO2,mFRR,Not Specified,Not Specified,MARGINAL,103.08,103.08
05/01/2024 21:00:00 - 05/01/2024 22:00:00,SCA|NO2,mFRR,Not Specified,Not Specified,MARGINAL,97.0,97.0
05/01/2024 22:00:00 - 05/01/2024 23:00:00,SCA|NO2,mFRR,Not Specified,Not Specified,MARGINAL,97.75,97.75
05/01/2024 23:00:00 - 06/01/2024 00:00:00,SCA|NO2,mFRR,Not Specified,Not Specified,MARGINAL,89.39,89.39
06/01/2024 00:00:00 - 06/01/2024 01:00:00,SCA|NO2,mFRR,Not Specified,Not Specified,MARGINAL,103.47,84.88
06/01/2024 01:00:00 - 06/01/2024 02:00:00,SCA|NO2,mFRR,Not Specified,Not Specified,MARGINAL,95.0,82.77
06/01/2024 02:00:00 - 06/01/2024 03:00:00,SCA|NO2,mFRR,Not Specified,Not Specified,MARGINAL,94.33,78.56
06/01/2024 03:00:00 - 06/01/2024 04:00:00,SCA|NO2,mFRR,Not Specified,Not Specified,MARGINAL,93.0,75.35
06/01/2024 04:00:00 - 06/01/2024 05:00:00,SCA|NO2,mFRR,Not Specified,Not Specified,MARGINAL,92.7,75.35
06/01/2024 05:00:00 - 06/01/2024 06:00:00,SCA|NO2,mFRR,Not Specified,Not Specified,MARGINAL,76.98,76.98
06/01/2024 06:00:00 - 06/01/2024 07:00:00,SCA|NO2,mFRR,Not Specified,Not Specified,MARGINAL,77.5,77.5
06/01/2024 07:00:00 - 06/01/2024 08:00:00,SCA|NO2,mFRR,Not Specified,Not Specified,MARGINAL,86.5,84.0
06/01/2024 08:00:00 - 06/01/2024 09:00:00,SCA|NO2,mFRR,Not Specified,Not Specified,MARGINAL,90.87,90.87
06/01/2024 09:00:00 - 06/01/2024 10:00:00,SCA|NO2,mFRR,Not Specified,Not Specified,MARGINAL,94.98,82.0
06/01/2024 10:00:00 - 06/01/2024 11:00:00,SCA|NO2,mFRR,Not Specified,Not Specified,MARGINAL,100.41,82.0
06/01/2024 11:00:00 - 06/01/2024 12:00:00,SCA|NO2,mFRR,Not Specified,Not Specified,MARGINAL,105.0,103.65
06/01/2024 12:00:00 - 06/01/2024 13:00:00,SCA|NO2,mFRR,Not Specified,Not Specified,MARGINAL,104.0,102.33
06/01/2024 13:00:00 - 06/01/2024 14:00:00,SCA|NO2,mFRR,Not Specified,Not Specified,MARGINAL,98.0,97.75
06/01/2024 14:00:00 - 06/01/2024 15:00:00,SCA|NO2,mFRR,Not Specified,Not Specified,MARGINAL,96.0,95.51
06/01/2024 15:00:00 - 06/01/2024 16:00:00,SCA|NO2,mFRR,Not Specified,Not Specified,MARGINAL,97.74,97.74
06/01/2024 16:00:00 - 06/01/2024 17:00:00,SCA|NO2,mFRR,Not Specified,Not Specified,MARGINAL,110.0,102.83
06/01/2024 17:00:00 - 06/01/2024 18:00:00,SCA|NO2,mFRR,Not Specified,Not Specified,MARGINAL,120.0,107.82
06/01/2024 18:00:00 - 06/01/2024 19:00:00,SCA|NO2,mFRR,Not Specified,Not Specified,MARGINAL,119.0,106.94
06/01/2024 19:00:00 - 06/01/2024 20:00:00,SCA|NO2,mFRR,Not Specified,Not Specified,MARGINAL,119.0,102.27
06/01/2024 20:00:00 - 06/01/2024 21:00:00,SCA|NO2,mFRR,Not Specified,Not Specified,MARGINAL,104.0,94.98
06/01/2024 21:00:00 - 06/01/2024 22:00:00,SCA|NO2,mFRR,Not Specified,Not Specified,MARGINAL,92.0,90.63
06/01/2024 22:00:00 - 06/01/2024 23:00:00,SCA|NO2,mFRR,Not Specified,Not Specified,MARGINAL,89.34,89.34
06/01/2024 23:00:00 - 07/01/2024 00:00:00,SCA|NO2,mFRR,Not Specified,Not Specified,MARGINAL,82.43,82.43
07/01/2024 00:00:00 - 07/01/2024 01:00:00,SCA|NO2,mFRR,Not Specified,Not Specified,MARGINAL,100.0,86.15
07/01/2024 01:00:00 - 07/01/2024 02:00:00,SCA|NO2,mFRR,Not Specified,Not Specified,MARGINAL,100.0,82.46
07/01/2024 02:00:00 - 07/01/2024 03:00:00,SCA|NO2,mFRR,Not Specified,Not Specified,MARGINAL,96.0,79.22
07/01/2024 03:00:00 - 07/01/2024 04:00:00,SCA|NO2,mFRR,Not Specified,Not Specified,MARGINAL,92.0,77.53
07/01/2024 04:00:00 - 07/01/2024 05:00:00,SCA|NO2,mFRR,Not Specified,Not Specified,MARGINAL,92.0,75.52
07/01/2024 05:00:00 - 07/01/2024 06:00:00,SCA|NO2,mFRR,Not Specified,Not Specified,MARGINAL,92.0,75.98
07/01/2024 06:00:00 - 07/01/2024 07:00:00,SCA|NO2,mFRR,Not Specified,Not Specified,MARGINAL,92.0,77.38
07/01/2024 07:00:00 - 07/01/2024 08:00:00,SCA|NO2,mFRR,Not Specified,Not Specified,MARGINAL,90.0,80.37
07/01/2024 08:00:00 - 07/01/2024 09:00:00,SCA|NO2,mFRR,Not Specified,Not Specified,MARGINAL,85.0,84.21
07/01/2024 09:00:00 - 07/01/2024 10:00:00,SCA|NO2,mFRR,Not Specified,Not Specified,MARGINAL,90.0,87.57
07/01/2024 10:00:00 - 07/01/2024 11:00:00,SCA|NO2,mFRR,Not Specified,Not Specified,MARGINAL,102.0,89.75
07/01/2024 11:00:00 - 07/01/2024 12:00:00,SCA|NO2,mFRR,Not Specified,Not Specified,MARGINAL,102.0,91.99
07/01/2024 12:00:00 - 07/01/2024 13:00:00,SCA|NO2,mFRR,Not Specified,Not Specified,MARGINAL,100.0,91.5
07/01/2024 13:00:00 - 07/01/2024 14:00:00,SCA|NO2,mFRR,Not Specified,Not Specified,MARGINAL,100.0,87.52
07/01/2024 14:00:00 - 07/01/2024 15:00:00,SCA|NO2,mFRR,Not Specified,Not Specified,MARGINAL,100.0,87.23
07/01/2024 15:00:00 - 07/01/2024 16:00:00,SCA|NO2,mFRR,Not Specified,Not Specified,MARGINAL,100.0,90.64
07/01/2024 16:00:00 - 07/01/2024 17:00:00,SCA|NO2,mFRR,Not Specified,Not Specified,MARGINAL,100.0,96.21
07/01/2024 17:00:00 - 07/01/2024 18:00:00,SCA|NO2,mFRR,Not Specified,Not Specified,MARGINAL,201.11,104.27
07/01/2024 18:00:00 - 07/01/2024 19:00:00,SCA|NO2,mFRR,Not Specified,Not Specified,MARGINAL,260.0,106.09
07/01/2024 19:00:00 - 07/01/2024 20:00:00,SCA|NO2,mFRR,Not Specified,Not Specified,MARGINAL,179.0,103.55
07/01/2024 20:00:00 - 07/01/2024 21:00:00,SCA|NO2,mFRR,Not Specified,Not Specified,MARGINAL,114.0,100.5
07/01/2024 21:00:00 - 07/01/2024 22:00:00,SCA|NO2,mFRR,Not Specified,Not Specified,MARGINAL,114.0,93.31
07/01/2024 22:00:00 - 07/01/2024 23:00:00,SCA|NO2,mFRR,Not Specified,Not Specified,MARGINAL,114.0,91.17
07/01/2024 23:00:00 - 08/01/2024 00:00:00,SCA|NO2,mFRR,Not Specified,Not Specified,MARGINAL,113.0,83.86
08/01/2024 00:00:00 - 08/01/2024 01:00:00,SCA|NO2,mFRR,Not Specified,Not Specified,MARGINAL,98.0,87.02
08/01/2024 01:00:00 - 08/01/2024 02:00:00,SCA|NO2,mFRR,Not Specified,Not Specified,MARGINAL,84.32,84.32
08/01/2024 02:00:00 - 08/01/2024 03:00:00,SCA|NO2,mFRR,Not Specified,Not Specified,MARGINAL,81.82,81.82
08/01/2024 03:00:00 - 08/01/2024 04:00:00,SCA|NO2,mFRR,Not Specified,Not Specified,MARGINAL,87.0,80.63
08/01/2024 04:00:00 - 08/01/2024 05:00:00,SCA|NO2,mFRR,Not Specified,Not Specified,MARGINAL,87.0,79.04
08/01/2024 05:00:00 - 08/01/2024 06:00:00,SCA|NO2,mFRR,Not Specified,Not Specified,MARGINAL,82.1,82.1
08/01/2024 06:00:00 - 08/01/2024 07:00:00,SCA|NO2,mFRR,Not Specified,Not Specified,MARGINAL,132.0,94.3
08/01/2024 07:00:00 - 08/01/2024 08:00:00,SCA|NO2,mFRR,Not Specified,Not Specified,MARGINAL,125.0,107.87
08/01/2024 08:00:00 - 08/01/2024 09:00:00,SCA|NO2,mFRR,Not Specified,Not Specified,MARGINAL,117.6,82.0
08/01/2024 09:00:00 - 08/01/2024 10:00:00,SCA|NO2,mFRR,Not Specified,Not Specified,MARGINAL,120.73,120.73
08/01/2024 10:00:00 - 08/01/2024 11:00:00,SCA|NO2,mFRR,Not Specified,Not Specified,MARGINAL,189.0,113.9
08/01/2024 11:00:00 - 08/01/2024 12:00:00,SCA|NO2,mFRR,Not Specified,Not Specified,MARGINAL,190.0,101.38
08/01/2024 12:00:00 - 08/01/2024 13:00:00,SCA|NO2,mFRR,Not Specified,Not Specified,MARGINAL,120.68,69.5
08/01/2024 13:00:00 - 08/01/2024 14:00:00,SCA|NO2,mFRR,Not Specified,Not Specified,MARGINAL,92.52,69.5
08/01/2024 14:00:00 - 08/01/2024 15:00:00,SCA|NO2,mFRR,Not Specified,Not Specified,MARGINAL,99.36,99.36
08/01/2024 15:00:00 - 08/01/2024 16:00:00,SCA|NO2,mFRR,Not Specified,Not Specified,MARGINAL,104.85,91.18
08/01/2024 16:00:00 - 08/01/2024 17:00:00,SCA|NO2,mFRR,Not Specified,Not Specified,MARGINAL,120.24,90.0
08/01/2024 17:00:00 - 08/01/2024 18:00:00,SCA|NO2,mFRR,Not Specified,Not Specified,MARGINAL,129.0,125.41
08/01/2024 18:00:00 - 08/01/2024 19:00:00,SCA|NO2,mFRR,Not Specified,Not Specified,MARGINAL,129.0,126.24
08/01/2024 19:00:00 - 08/01/2024 20:00:00,SCA|NO2,mFRR,Not Specified,Not Specified,MARGINAL,129.0,118.57
08/01/2024 20:00:00 - 08/01/2024 21:00:00,SCA|NO2,mFRR,Not Specified,Not Specified,MARGINAL,129.0,110.9
08/01/2024 21:00:00 - 08/01/2024 22:00:00,SCA|NO2,mFRR,Not Specified,Not Specified,MARGINAL,129.0,99.85
08/01/2024 22:00:00 - 08/01/2024 23:00:00,SCA|NO2,mFRR,Not Specified,Not Specified,MARGINAL,132.0,97.08
08/01/2024 23:00:00 - 09/01/2024 00:00:00,SCA|NO2,mFRR,Not Specified,Not Specified,MARGINAL,110.0,88.83
09/01/2024 00:00:00 - 09/01/2024 01:00:00,SCA|NO2,mFRR,Not Specified,Not Specified,MARGINAL,92.0,85.43
09/01/2024 01:00:00 - 09/01/2024 02:00:00,SCA|NO2,mFRR,Not Specified,Not Specified,MARGINAL,92.0,84.34
09/01/2024 02:00:00 - 09/01/2024 03:00:00,SCA|NO2,mFRR,Not Specified,Not Specified,MARGINAL,92.0,82.54
09/01/2024 03:00:00 - 09/01/2024 04:00:00,SCA|NO2,mFRR,Not Specified,Not Specified,MARGINAL,92.0,81.7
09/01/2024 04:00:00 - 09/01/2024 05:00:00,SCA|NO2,mFRR,Not Specified,Not Specified,MARGINAL,92.0,83.23
09/01/2024 05:00:00 - 09/01/2024 06:00:00,SCA|NO2,mFRR,Not Specified,Not Specified,MARGINAL,98.0,86.34
09/01/2024 06:00:00 - 09/01/2024 07:00:00,SCA|NO2,mFRR,Not Specified,Not Specified,MARGINAL,120.0,88.98
09/01/2024 07:00:00 - 09/01/2024 08:00:00,SCA|NO2,mFRR,Not Specified,Not Specified,MARGINAL,135.0,94.88
09/01/2024 08:00:00 - 09/01/2024 09:00:00,SCA|NO2,mFRR,Not Specified,Not Specified,MARGINAL,250.0,129.11
09/01/2024 09:00:00 - 09/01/2024 10:00:00,SCA|NO2,mFRR,Not Specified,Not Specified,MARGINAL,250.0,117.16
09/01/2024 10:00:00 - 09/01/2024 11:00:00,SCA|NO2,mFRR,Not Specified,Not Specified,MARGINAL,250.0,109.91
09/01/2024 11:00:00 - 09/01/2024 12:00:00,SCA|NO2,mFRR,Not Specified,Not Specified,MARGINAL,493.48,102.5
09/01/2024 12:00:00 - 09/01/2024 13:00:00,SCA|NO2,mFRR,Not Specified,Not Specified,MARGINAL,126.0,97.11
09/01/2024 13:00:00 - 09/01/2024 14:00:00,SCA|NO2,mFRR,Not Specified,Not Specified,MARGINAL,97.69,82.0
09/01/2024 14:00:00 - 09/01/2024 15:00:00,SCA|NO2,mFRR,Not Specified,Not Specified,MARGINAL,107.45,83.5
09/01/2024 15:00:00 - 09/01/2024 16:00:00,SCA|NO2,mFRR,Not Specified,Not Specified,MARGINAL,120.0,115.69
09/01/2024 16:00:00 - 09/01/2024 17:00:00,SCA|NO2,mFRR,Not Specified,Not Specified,MARGINAL,134.0,123.88
09/01/2024 17:00:00 - 09/01/2024 18:00:00,SCA|NO2,mFRR,Not Specified,Not Specified,MARGINAL,139.4,133.56
09/01/2024 18:00:00 - 09/01/2024 19:00:00,SCA|NO2,mFRR,Not Specified,Not Specified,MARGINAL,134.03,133.53
09/01/2024 19:00:00 - 09/01/2024 20:00:00,SCA|NO2,mFRR,Not Specified,Not Specified,MARGINAL,139.4,126.38
09/01/2024 20:00:00 - 09/01/2024 21:00:00,SCA|NO2,mFRR,Not Specified,Not Specified,MARGINAL,125.0,116.51
09/01/2024 21:00:00 - 09/01/2024 22:00:00,SCA|NO2,mFRR,Not Specified,Not Specified,MARGINAL,99.96,99.96
09/01/2024 22:00:00 - 09/01/2024 23:00:00,SCA|NO2,mFRR,Not Specified,Not Specified,MARGINAL,91.69,91.69
09/01/2024 23:00:00 - 10/01/2024 00:00:00,SCA|NO2,mFRR,Not Specified,Not Specified,MARGINAL,90.91,90.91
10/01/2024 00:00:00 - 10/01/2024 01:00:00,SCA|NO2,mFRR,Not Specified,Not Specified,MARGINAL,90.0,86.52
10/01/2024 01:00:00 - 10/01/2024 02:00:00,SCA|NO2,mFRR,Not Specified,Not Specified,MARGINAL,90.0,84.07
10/01/2024 02:00:00 - 10/01/2024 03:00:00,SCA|NO2,mFRR,Not Specified,Not Specified,MARGINAL,90.0,84.04
10/01/2024 03:00:00 - 10/01/2024 04:00:00,SCA|NO2,mFRR,Not Specified,Not Specified,MARGINAL,90.0,83.42
10/01/2024 04:00:00 - 10/01/2024 05:00:00,SCA|NO2,mFRR,Not Specified,Not Specified,MARGINAL,90.0,83.63
10/01/2024 05:00:00 - 10/01/2024 06:00:00,SCA|NO2,mFRR,Not Specified,Not Specified,MARGINAL,90.0,82.45
10/01/2024 06:00:00 - 10/01/2024 07:00:00,SCA|NO2,mFRR,Not Specified,Not Specified,MARGINAL,90.0,82.74
10/01/2024 07:00:00 - 10/01/2024 08:00:00,SCA|NO2,mFRR,Not Specified,Not Specified,MARGINAL,111.0,96.89
10/01/2024 08:00:00 - 10/01/2024 09:00:00,SCA|NO2,mFRR,Not Specified,Not Specified,MARGINAL,200.0,136.9
10/01/2024 09:00:00 - 10/01/2024 10:00:00,SCA|NO2,mFRR,Not Specified,Not Specified,MARGINAL,469.35,126.35
10/01/2024 10:00:00 - 10/01/2024 11:00:00,SCA|NO2,mFRR,Not Specified,Not Specified,MARGINAL,157.0,114.88
10/01/2024 11:00:00 - 10/01/2024 12:00:00,SCA|NO2,mFRR,Not Specified,Not Specified,MARGINAL,125.0,105.97
10/01/2024 12:00:00 - 10/01/2024 13:00:00,SCA|NO2,mFRR,Not Specified,Not Specified,MARGINAL,120.0,98.82
10/01/2024 13:00:00 - 10/01/2024 14:00:00,SCA|NO2,mFRR,Not Specified,Not Specified,MARGINAL,105.0,91.49
10/01/2024 14:00:00 - 10/01/2024 15:00:00,SCA|NO2,mFRR,Not Specified,Not Specified,MARGINAL,109.41,109.41
10/01/2024 15:00:00 - 10/01/2024 16:00:00,SCA|NO2,mFRR,Not Specified,Not Specified,MARGINAL,123.0,119.96
10/01/2024 16:00:00 - 10/01/2024 17:00:00,SCA|NO2,mFRR,Not Specified,Not Specified,MARGINAL,125.0,122.06
10/01/2024 17:00:00 - 10/01/2024 18:00:00,SCA|NO2,mFRR,Not Specified,Not Specified,MARGINAL,141.0,139.19
10/01/2024 18:00:00 - 10/01/2024 19:00:00,SCA|NO2,mFRR,Not Specified,Not Specified,MARGINAL,136.0,135.66
10/01/2024 19:00:00 - 10/01/2024 20:00:00,SCA|NO2,mFRR,Not Specified,Not Specified,MARGINAL,130.0,128.06
10/01/2024 20:00:00 - 10/01/2024 21:00:00,SCA|NO2,mFRR,Not Specified,Not Specified,MARGINAL,129.0,116.28
10/01/2024 21:00:00 - 10/01/2024 22:00:00,SCA|NO2,mFRR,Not Specified,Not Specified,MARGINAL,110.16,100.52
10/01/2024 22:00:00 - 10/01/2024 23:00:00,SCA|NO2,mFRR,Not Specified,Not Specified,MARGINAL,101.0,89.46
10/01/2024 23:00:00 - 11/01/2024 00:00:00,SCA|NO2,mFRR,Not Specified,Not Specified,MARGINAL,85.04,85.04
11/01/2024 00:00:00 - 11/01/2024 01:00:00,SCA|NO2,mFRR,Not Specified,Not Specified,MARGINAL,88.9,77.11
11/01/2024 01:00:00 - 11/01/2024 02:00:00,SCA|NO2,mFRR,Not Specified,Not Specified,MARGINAL,85.84,72.41
11/01/2024 02:00:00 - 11/01/2024 03:00:00,SCA|NO2,mFRR,Not Specified,Not Specified,MARGINAL,84.54,71.0
11/01/2024 03:00:00 - 11/01/2024 04:00:00,SCA|NO2,mFRR,Not Specified,Not Specified,MARGINAL,79.83,71.0
11/01/2024 04:00:00 - 11/01/2024 05:00:00,SCA|NO2,mFRR,Not Specified,Not Specified,MARGINAL,79.57,79.57
11/01/2024 05:00:00 - 11/01/2024 06:00:00,SCA|NO2,mFRR,Not Specified,Not Specified,MARGINAL,83.75,76.0
11/01/2024 06:00:00 - 11/01/2024 07:00:00,SCA|NO2,mFRR,Not Specified,Not Specified,MARGINAL,86.74,86.74
11/01/2024 07:00:00 - 11/01/2024 08:00:00,SCA|NO2,mFRR,Not Specified,Not Specified,MARGINAL,110.07,83.0
11/01/2024 08:00:00 - 11/01/2024 09:00:00,SCA|NO2,mFRR,Not Specified,Not Specified,MARGINAL,136.63,85.0
11/01/2024 09:00:00 - 11/01/2024 10:00:00,SCA|NO2,mFRR,Not Specified,Not Specified,MARGINAL,125.03,88.0
11/01/2024 10:00:00 - 11/01/2024 11:00:00,SCA|NO2,mFRR,Not Specified,Not Specified,MARGINAL,110.01,80.46
11/01/2024 11:00:00 - 11/01/2024 12:00:00,SCA|NO2,mFRR,Not Specified,Not Specified,MARGINAL,103.29,85.0
11/01/2024 12:00:00 - 11/01/2024 13:00:00,SCA|NO2,mFRR,Not Specified,Not Specified,MARGINAL,100.0,96.3
11/01/2024 13:00:00 - 11/01/2024 14:00:00,SCA|NO2,mFRR,Not Specified,Not Specified,MARGINAL,100.0,95.93
11/01/2024 14:00:00 - 11/01/2024 15:00:00,SCA|NO2,mFRR,Not Specified,Not Specified,MARGINAL,102.69,102.69
11/01/2024 15:00:00 - 11/01/2024 16:00:00,SCA|NO2,mFRR,Not Specified,Not Specified,MARGINAL,114.3,85.0
11/01/2024 16:00:00 - 11/01/2024 17:00:00,SCA|NO2,mFRR,Not Specified,Not Specified,MARGINAL,133.09,81.0
11/01/2024 17:00:00 - 11/01/2024 18:00:00,SCA|NO2,mFRR,Not Specified,Not Specified,MARGINAL,145.44,81.0
11/01/2024 18:00:00 - 11/01/2024 19:00:00,SCA|NO2,mFRR,Not Specified,Not Specified,MARGINAL,137.0,132.45
11/01/2024 19:00:00 - 11/01/2024 20:00:00,SCA|NO2,mFRR,Not Specified,Not Specified,MARGINAL,146.0,128.21
11/01/2024 20:00:00 - 11/01/2024 21:00:00,SCA|NO2,mFRR,Not Specified,Not Specified,MARGINAL,135.0,114.22
11/01/2024 21:00:00 - 11/01/2024 22:00:00,SCA|NO2,mFRR,Not Specified,Not Specified,MARGINAL,103.76,103.76
11/01/2024 22:00:00 - 11/01/2024 23:00:00,SCA|NO2,mFRR,Not Specified,Not Specified,MARGINAL,95.0,94.49
11/01/2024 23:00:00 - 12/01/2024 00:00:00,SCA|NO2,mFRR,Not Specified,Not Specified,MARGINAL,96.5,85.74
12/01/2024 00:00:00 - 12/01/2024 01:00:00,SCA|NO2,mFRR,Not Specified,Not Specified,MARGINAL,91.43,86.53
12/01/2024 01:00:00 - 12/01/2024 02:00:00,SCA|NO2,mFRR,Not Specified,Not Specified,MARGINAL,83.3,72.41
12/01/2024 02:00:00 - 12/01/2024 03:00:00,SCA|NO2,mFRR,Not Specified,Not Specified,MARGINAL,81.25,66.0
12/01/2024 03:00:00 - 12/01/2024 04:00:00,SCA|NO2,mFRR,Not Specified,Not Specified,MARGINAL,79.84,64.0
12/01/2024 04:00:00 - 12/01/2024 05:00:00,SCA|NO2,mFRR,Not Specified,Not Specified,MARGINAL,79.98,64.0
12/01/2024 05:00:00 - 12/01/2024 06:00:00,SCA|NO2,mFRR,Not Specified,Not Specified,MARGINAL,81.8,64.0
12/01/2024 06:00:00 - 12/01/2024 07:00:00,SCA|NO2,mFRR,Not Specified,Not Specified,MARGINAL,86.66,70.0
12/01/2024 07:00:00 - 12/01/2024 08:00:00,SCA|NO2,mFRR,Not Specified,Not Specified,MARGINAL,111.86,85.0
12/01/2024 08:00:00 - 12/01/2024 09:00:00,SCA|NO2,mFRR,Not Specified,Not Specified,MARGINAL,136.38,87.5
12/01/2024 09:00:00 - 12/01/2024 10:00:00,SCA|NO2,mFRR,Not Specified,Not Specified,MARGINAL,130.78,130.78
12/01/2024 10:00:00 - 12/01/2024 11:00:00,SCA|NO2,mFRR,Not Specified,Not Specified,MARGINAL,118.22,118.22
12/01/2024 11:00:00 - 12/01/2024 12:00:00,SCA|NO2,mFRR,Not Specified,Not Specified,MARGINAL,111.41,111.41
12/01/2024 12:00:00 - 12/01/2024 13:00:00,SCA|NO2,mFRR,Not Specified,Not Specified,MARGINAL,103.67,103.67
12/01/2024 13:00:00 - 12/01/2024 14:00:00,SCA|NO2,mFRR,Not Specified,Not Specified,MARGINAL,99.88,99.88
12/01/2024 14:00:00 - 12/01/2024 15:00:00,SCA|NO2,mFRR,Not Specified,Not Specified,MARGINAL,101.3,101.3
12/01/2024 15:00:00 - 12/01/2024 16:00:00,SCA|NO2,mFRR,Not Specified,Not Specified,MARGINAL,106.81,106.81
12/01/2024 16:00:00 - 12/01/2024 17:00:00,SCA|NO2,mFRR,Not Specified,Not Specified,MARGINAL,116.52,83.0
12/01/2024 17:00:00 - 12/01/2024 18:00:00,SCA|NO2,mFRR,Not Specified,Not Specified,MARGINAL,123.8,83.0
12/01/2024 18:00:00 - 12/01/2024 19:00:00,SCA|NO2,mFRR,Not Specified,Not Specified,MARGINAL,122.35,90.0
12/01/2024 19:00:00 - 12/01/2024 20:00:00,SCA|NO2,mFRR,Not Specified,Not Specified,MARGINAL,116.01,116.01
12/01/2024 20:00:00 - 12/01/2024 21:00:00,SCA|NO2,mFRR,Not Specified,Not Specified,MARGINAL,104.03,104.03
12/01/2024 21:00:00 - 12/01/2024 22:00:00,SCA|NO2,mFRR,Not Specified,Not Specified,MARGINAL,88.77,88.77
12/01/2024 22:00:00 - 12/01/2024 23:00:00,SCA|NO2,mFRR,Not Specified,Not Specified,MARGINAL,82.83,72.0
12/01/2024 23:00:00 - 13/01/2024 00:00:00,SCA|NO2,mFRR,Not Specified,Not Specified,MARGINAL,80.1,72.0
13/01/2024 00:00:00 - 13/01/2024 01:00:00,SCA|NO2,mFRR,Not Specified,Not Specified,MARGINAL,87.0,76.65
13/01/2024 01:00:00 - 13/01/2024 02:00:00,SCA|NO2,mFRR,Not Specified,Not Specified,MARGINAL,80.0,74.85
13/01/2024 02:00:00 - 13/01/2024 03:00:00,SCA|NO2,mFRR,Not Specified,Not Specified,MARGINAL,80.0,74.42
13/01/2024 03:00:00 - 13/01/2024 04:00:00,SCA|NO2,mFRR,Not Specified,Not Specified,MARGINAL,73.5,73.5
13/01/2024 04:00:00 - 13/01/2024 05:00:00,SCA|NO2,mFRR,Not Specified,Not Specified,MARGINAL,72.24,72.24
13/01/2024 05:00:00 - 13/01/2024 06:00:00,SCA|NO2,mFRR,Not Specified,Not Specified,MARGINAL,70.85,70.85
13/01/2024 06:00:00 - 13/01/2024 07:00:00,SCA|NO2,mFRR,Not Specified,Not Specified,MARGINAL,69.22,69.22
13/01/2024 07:00:00 - 13/01/2024 08:00:00,SCA|NO2,mFRR,Not Specified,Not Specified,MARGINAL,70.56,70.56
13/01/2024 08:00:00 - 13/01/2024 09:00:00,SCA|NO2,mFRR,Not Specified,Not Specified,MARGINAL,72.52,72.52
13/01/2024 09:00:00 - 13/01/2024 10:00:00,SCA|NO2,mFRR,Not Specified,Not Specified,MARGINAL,73.31,68.0
13/01/2024 10:00:00 - 13/01/2024 11:00:00,SCA|NO2,mFRR,Not Specified,Not Specified,MARGINAL,80.0,73.01
13/01/2024 11:00:00 - 13/01/2024 12:00:00,SCA|NO2,mFRR,Not Specified,Not Specified,MARGINAL,80.0,72.25
13/01/2024 12:00:00 - 13/01/2024 13:00:00,SCA|NO2,mFRR,Not Specified,Not Specified,MARGINAL,70.56,70.56
13/01/2024 13:00:00 - 13/01/2024 14:00:00,SCA|NO2,mFRR,Not Specified,Not Specified,MARGINAL,67.89,67.89
13/01/2024 14:00:00 - 13/01/2024 15:00:00,SCA|NO2,mFRR,Not Specified,Not Specified,MARGINAL,69.94,69.94
13/01/2024 15:00:00 - 13/01/2024 16:00:00,SCA|NO2,mFRR,Not Specified,Not Specified,MARGINAL,70.71,66.0
13/01/2024 16:00:00 - 13/01/2024 17:00:00,SCA|NO2,mFRR,Not Specified,Not Specified,MARGINAL,72.84,67.05
13/01/2024 17:00:00 - 13/01/2024 18:00:00,SCA|NO2,mFRR,Not Specified,Not Specified,MARGINAL,86.0,74.22
13/01/2024 18:00:00 - 13/01/2024 19:00:00,SCA|NO2,mFRR,Not Specified,Not Specified,MARGINAL,92.0,75.81
13/01/2024 19:00:00 - 13/01/2024 20:00:00,SCA|NO2,mFRR,Not Specified,Not Specified,MARGINAL,85.0,73.82
13/01/2024 20:00:00 - 13/01/2024 21:00:00,SCA|NO2,mFRR,Not Specified,Not Specified,MARGINAL,80.5,73.06
13/01/2024 21:00:00 - 13/01/2024 22:00:00,SCA|NO2,mFRR,Not Specified,Not Specified,MARGINAL,79.0,70.93
13/01/2024 22:00:00 - 13/01/2024 23:00:00,SCA|NO2,mFRR,Not Specified,Not Specified,MARGINAL,81.0,67.66
13/01/2024 23:00:00 - 14/01/2024 00:00:00,SCA|NO2,mFRR,Not Specified,Not Specified,MARGINAL,81.0,66.15
14/01/2024 00:00:00 - 14/01/2024 01:00:00,SCA|NO2,mFRR,Not Specified,Not Specified,MARGINAL,80.0,66.07
14/01/2024 01:00:00 - 14/01/2024 02:00:00,SCA|NO2,mFRR,Not Specified,Not Specified,MARGINAL,70.5,64.1
14/01/2024 02:00:00 - 14/01/2024 03:00:00,SCA|NO2,mFRR,Not Specified,Not Specified,MARGINAL,70.0,64.95
14/01/2024 03:00:00 - 14/01/2024 04:00:00,SCA|NO2,mFRR,Not Specified,Not Specified,MARGINAL,66.06,56.32
14/01/2024 04:00:00 - 14/01/2024 05:00:00,SCA|NO2,mFRR,Not Specified,Not Specified,MARGINAL,66.74,56.32
14/01/2024 05:00:00 - 14/01/2024 06:00:00,SCA|NO2,mFRR,Not Specified,Not Specified,MARGINAL,67.34,56.32
14/01/2024 06:00:00 - 14/01/2024 07:00:00,SCA|NO2,mFRR,Not Specified,Not Specified,MARGINAL,69.41,63.5
14/01/2024 07:00:00 - 14/01/2024 08:00:00,SCA|NO2,mFRR,Not Specified,Not Specified,MARGINAL,73.36,64.0
14/01/2024 08:00:00 - 14/01/2024 09:00:00,SCA|NO2,mFRR,Not Specified,Not Specified,MARGINAL,76.74,70.0
14/01/2024 09:00:00 - 14/01/2024 10:00:00,SCA|NO2,mFRR,Not Specified,Not Specified,MARGINAL,90.0,81.14
14/01/2024 10:00:00 - 14/01/2024 11:00:00,SCA|NO2,mFRR,Not Specified,Not Specified,MARGINAL,92.0,80.63
14/01/2024 11:00:00 - 14/01/2024 12:00:00,SCA|NO2,mFRR,Not Specified,Not Specified,MARGINAL,88.08,81.84
14/01/2024 12:00:00 - 14/01/2024 13:00:00,SCA|NO2,mFRR,Not Specified,Not Specified,MARGINAL,80.39,80.39
14/01/2024 13:00:00 - 14/01/2024 14:00:00,SCA|NO2,mFRR,Not Specified,Not Specified,MARGINAL,77.04,77.04
14/01/2024 14:00:00 - 14/01/2024 15:00:00,SCA|NO2,mFRR,Not Specified,Not Specified,MARGINAL,79.15,71.0
14/01/2024 15:00:00 - 14/01/2024 16:00:00,SCA|NO2,mFRR,Not Specified,Not Specified,MARGINAL,82.32,74.0
14/01/2024 16:00:00 - 14/01/2024 17:00:00,SCA|NO2,mFRR,Not Specified,Not Specified,MARGINAL,90.5,75.0
14/01/2024 17:00:00 - 14/01/2024 18:00:00,SCA|NO2,mFRR,Not Specified,Not Specified,MARGINAL,97.0,91.86
14/01/2024 18:00:00 - 14/01/2024 19:00:00,SCA|NO2,mFRR,Not Specified,Not Specified,MARGINAL,96.0,76.0
14/01/2024 19:00:00 - 14/01/2024 20:00:00,SCA|NO2,mFRR,Not Specified,Not Specified,MARGINAL,85.26,73.46
14/01/2024 20:00:00 - 14/01/2024 21:00:00,SCA|NO2,mFRR,Not Specified,Not Specified,MARGINAL,79.06,74.0
14/01/2024 21:00:00 - 14/01/2024 22:00:00,SCA|NO2,mFRR,Not Specified,Not Specified,MARGINAL,78.41,78.41
14/01/2024 22:00:00 - 14/01/2024 23:00:00,SCA|NO2,mFRR,Not Specified,Not Specified,MARGINAL,80.0,74.67
14/01/2024 23:00:00 - 15/01/2024 00:00:00,SCA|NO2,mFRR,Not Specified,Not Specified,MARGINAL,74.0,69.34
15/01/2024 00:00:00 - 15/01/2024 01:00:00,SCA|NO2,mFRR,Not Specified,Not Specified,MARGINAL,69.65,60.5
15/01/2024 01:00:00 - 15/01/2024 02:00:00,SCA|NO2,mFRR,Not Specified,Not Specified,MARGINAL,67.08,53.0
15/01/2024 02:00:00 - 15/01/2024 03:00:00,SCA|NO2,mFRR,Not Specified,Not Specified,MARGINAL,65.98,53.0
15/01/2024 03:00:00 - 15/01/2024 04:00:00,SCA|NO2,mFRR,Not Specified,Not Specified,MARGINAL,64.03,53.0
15/01/2024 04:00:00 - 15/01/2024 05:00:00,SCA|NO2,mFRR,Not Specified,Not Specified,MARGINAL,64.93,53.0
15/01/2024 05:00:00 - 15/01/2024 06:00:00,SCA|NO2,mFRR,Not Specified,Not Specified,MARGINAL,70.57,58.0
15/01/2024 06:00:00 - 15/01/2024 07:00:00,SCA|NO2,mFRR,Not Specified,Not Specified,MARGINAL,86.0,79.95
15/01/2024 07:00:00 - 15/01/2024 08:00:00,SCA|NO2,mFRR,Not Specified,Not Specified,MARGINAL,89.0,83.84
15/01/2024 08:00:00 - 15/01/2024 09:00:00,SCA|NO2,mFRR,Not Specified,Not Specified,MARGINAL,96.42,80.0
15/01/2024 09:00:00 - 15/01/2024 10:00:00,SCA|NO2,mFRR,Not Specified,Not Specified,MARGINAL,97.39,80.0
15/01/2024 10:00:00 - 15/01/2024 11:00:00,SCA|NO2,mFRR,Not Specified,Not Specified,MARGINAL,94.76,80.0
15/01/2024 11:00:00 - 15/01/2024 12:00:00,SCA|NO2,mFRR,Not Specified,Not Specified,MARGINAL,93.46,90.26
15/01/2024 12:00:00 - 15/01/2024 13:00:00,SCA|NO2,mFRR,Not Specified,Not Specified,MARGINAL,87.32,83.86
15/01/2024 13:00:00 - 15/01/2024 14:00:00,SCA|NO2,mFRR,Not Specified,Not Specified,MARGINAL,82.15,82.15
15/01/2024 14:00:00 - 15/01/2024 15:00:00,SCA|NO2,mFRR,Not Specified,Not Specified,MARGINAL,89.0,84.5
15/01/2024 15:00:00 - 15/01/2024 16:00:00,SCA|NO2,mFRR,Not Specified,Not Specified,MARGINAL,89.44,81.0
15/01/2024 16:00:00 - 15/01/2024 17:00:00,SCA|NO2,mFRR,Not Specified,Not Specified,MARGINAL,97.02,78.5
15/01/2024 17:00:00 - 15/01/2024 18:00:00,SCA|NO2,mFRR,Not Specified,Not Specified,MARGINAL,105.92,80.46
15/01/2024 18:00:00 - 15/01/2024 19:00:00,SCA|NO2,mFRR,Not Specified,Not Specified,MARGINAL,112.22,80.46
15/01/2024 19:00:00 - 15/01/2024 20:00:00,SCA|NO2,mFRR,Not Specified,Not Specified,MARGINAL,107.45,107.45
15/01/2024 20:00:00 - 15/01/2024 21:00:00,SCA|NO2,mFRR,Not Specified,Not Specified,MARGINAL,113.98,100.16
15/01/2024 21:00:00 - 15/01/2024 22:00:00,SCA|NO2,mFRR,Not Specified,Not Specified,MARGINAL,106.0,90.26
15/01/2024 22:00:00 - 15/01/2024 23:00:00,SCA|NO2,mFRR,Not Specified,Not Specified,MARGINAL,95.0,86.9
15/01/2024 23:00:00 - 16/01/2024 00:00:00,SCA|NO2,mFRR,Not Specified,Not Specified,MARGINAL,83.92,83.92
16/01/2024 00:00:00 - 16/01/2024 01:00:00,SCA|NO2,mFRR,Not Specified,Not Specified,MARGINAL,79.09,71.0
16/01/2024 01:00:00 - 16/01/2024 02:00:00,SCA|NO2,mFRR,Not Specified,Not Specified,MARGINAL,79.04,73.0
16/01/2024 02:00:00 - 16/01/2024 03:00:00,SCA|NO2,mFRR,Not Specified,Not Specified,MARGINAL,79.99,73.0
16/01/2024 03:00:00 - 16/01/2024 04:00:00,SCA|NO2,mFRR,Not Specified,Not Specified,MARGINAL,78.26,70.12
16/01/2024 04:00:00 - 16/01/2024 05:00:00,SCA|NO2,mFRR,Not Specified,Not Specified,MARGINAL,76.56,70.12
16/01/2024 05:00:00 - 16/01/2024 06:00:00,SCA|NO2,mFRR,Not Specified,Not Specified,MARGINAL,80.0,73.0
16/01/2024 06:00:00 - 16/01/2024 07:00:00,SCA|NO2,mFRR,Not Specified,Not Specified,MARGINAL,91.15,91.15
16/01/2024 07:00:00 - 16/01/2024 08:00:00,SCA|NO2,mFRR,Not Specified,Not Specified,MARGINAL,111.44,111.44
16/01/2024 08:00:00 - 16/01/2024 09:00:00,SCA|NO2,mFRR,Not Specified,Not Specified,MARGINAL,148.72,148.72
16/01/2024 09:00:00 - 16/01/2024 10:00:00,SCA|NO2,mFRR,Not Specified,Not Specified,,,
16/01/2024 10:00:00 - 16/01/2024 11:00:00,SCA|NO2,mFRR,Not Specified,Not Specified,MARGINAL,135.35,89.5
16/01/2024 11:00:00 - 16/01/2024 12:00:00,SCA|NO2,mFRR,Not Specified,Not Specified,MARGINAL,114.0,113.52
16/01/2024 12:00:00 - 16/01/2024 13:00:00,SCA|NO2,mFRR,Not Specified,Not Specified,MARGINAL,104.0,100.43
16/01/2024 13:00:00 - 16/01/2024 14:00:00,SCA|NO2,mFRR,Not Specified,Not Specified,MARGINAL,102.0,92.22
16/01/2024 14:00:00 - 16/01/2024 15:00:00,SCA|NO2,mFRR,Not Specified,Not Specified,MARGINAL,96.0,93.22
16/01/2024 15:00:00 - 16/01/2024 16:00:00,SCA|NO2,mFRR,Not Specified,Not Specified,MARGINAL,107.05,107.05
16/01/2024 16:00:00 - 16/01/2024 17:00:00,SCA|NO2,mFRR,Not Specified,Not Specified,MARGINAL,128.83,108.16
16/01/2024 17:00:00 - 16/01/2024 18:00:00,SCA|NO2,mFRR,Not Specified,Not Specified,MARGINAL,124.43,124.43
16/01/2024 18:00:00 - 16/01/2024 19:00:00,SCA|NO2,mFRR,Not Specified,Not Specified,MARGINAL,123.62,123.62
16/01/2024 19:00:00 - 16/01/2024 20:00:00,SCA|NO2,mFRR,Not Specified,Not Specified,MARGINAL,108.31,108.31
16/01/2024 20:00:00 - 16/01/2024 21:00:00,SCA|NO2,mFRR,Not Specified,Not Specified,MARGINAL,92.53,92.53
16/01/2024 21:00:00 - 16/01/2024 22:00:00,SCA|NO2,mFRR,Not Specified,Not Specified,MARGINAL,84.12,84.12
16/01/2024 22:00:00 - 16/01/2024 23:00:00,SCA|NO2,mFRR,Not Specified,Not Specified,MARGINAL,79.67,69.0
16/01/2024 23:00:00 - 17/01/2024 00:00:00,SCA|NO2,mFRR,Not Specified,Not Specified,MARGINAL,77.69,62.0
17/01/2024 00:00:00 - 17/01/2024 01:00:00,SCA|NO2,mFRR,Not Specified,Not Specified,MARGINAL,69.89,62.0
17/01/2024 01:00:00 - 17/01/2024 02:00:00,SCA|NO2,mFRR,Not Specified,Not Specified,MARGINAL,70.0,62.0
17/01/2024 02:00:00 - 17/01/2024 03:00:00,SCA|NO2,mFRR,Not Specified,Not Specified,MARGINAL,70.0,68.47
17/01/2024 03:00:00 - 17/01/2024 04:00:00,SCA|NO2,mFRR,Not Specified,Not Specified,MARGINAL,68.0,67.56
17/01/2024 04:00:00 - 17/01/2024 05:00:00,SCA|NO2,mFRR,Not Specified,Not Specified,MARGINAL,67.31,60.06
17/01/2024 05:00:00 - 17/01/2024 06:00:00,SCA|NO2,mFRR,Not Specified,Not Specified,MARGINAL,67.28,59.5
17/01/2024 06:00:00 - 17/01/2024 07:00:00,SCA|NO2,mFRR,Not Specified,Not Specified,MARGINAL,70.65,62.0
17/01/2024 07:00:00 - 17/01/2024 08:00:00,SCA|NO2,mFRR,Not Specified,Not Specified,MARGINAL,79.94,71.05
17/01/2024 08:00:00 - 17/01/2024 09:00:00,SCA|NO2,mFRR,Not Specified,Not Specified,MARGINAL,95.35,87.0
17/01/2024 09:00:00 - 17/01/2024 10:00:00,SCA|NO2,mFRR,Not Specified,Not Specified,MARGINAL,102.87,93.0
17/01/2024 10:00:00 - 17/01/2024 11:00:00,SCA|NO2,mFRR,Not Specified,Not Specified,MARGINAL,109.0,106.91
17/01/2024 11:00:00 - 17/01/2024 12:00:00,SCA|NO2,mFRR,Not Specified,Not Specified,MARGINAL,110.0,107.66
17/01/2024 12:00:00 - 17/01/2024 13:00:00,SCA|NO2,mFRR,Not Specified,Not Specified,MARGINAL,114.06,114.06
17/01/2024 13:00:00 - 17/01/2024 14:00:00,SCA|NO2,mFRR,Not Specified,Not Specified,MARGINAL,117.92,117.92
17/01/2024 14:00:00 - 17/01/2024 15:00:00,SCA|NO2,mFRR,Not Specified,Not Specified,MARGINAL,117.97,80.0
17/01/2024 15:00:00 - 17/01/2024 16:00:00,SCA|NO2,mFRR,Not Specified,Not Specified,MARGINAL,121.82,75.0
17/01/2024 16:00:00 - 17/01/2024 17:00:00,SCA|NO2,mFRR,Not Specified,Not Specified,MARGINAL,124.84,79.0
17/01/2024 17:00:00 - 17/01/2024 18:00:00,SCA|NO2,mFRR,Not Specified,Not Specified,MARGINAL,136.44,80.45
17/01/2024 18:00:00 - 17/01/2024 19:00:00,SCA|NO2,mFRR,Not Specified,Not Specified,MARGINAL,120.01,80.45
17/01/2024 19:00:00 - 17/01/2024 20:00:00,SCA|NO2,mFRR,Not Specified,Not Specified,MARGINAL,110.96,89.0
17/01/2024 20:00:00 - 17/01/2024 21:00:00,SCA|NO2,mFRR,Not Specified,Not Specified,MARGINAL,106.61,84.5
17/01/2024 21:00:00 - 17/01/2024 22:00:00,SCA|NO2,mFRR,Not Specified,Not Specified,MARGINAL,97.51,75.0
17/01/2024 22:00:00 - 17/01/2024 23:00:00,SCA|NO2,mFRR,Not Specified,Not Specified,MARGINAL,91.36,75.0
17/01/2024 23:00:00 - 18/01/2024 00:00:00,SCA|NO2,mFRR,Not Specified,Not Specified,MARGINAL,81.56,72.0
18/01/2024 00:00:00 - 18/01/2024 01:00:00,SCA|NO2,mFRR,Not Specified,Not Specified,MARGINAL,77.34,72.0
18/01/2024 01:00:00 - 18/01/2024 02:00:00,SCA|NO2,mFRR,Not Specified,Not Specified,MARGINAL,74.8,72.0
18/01/2024 02:00:00 - 18/01/2024 03:00:00,SCA|NO2,mFRR,Not Specified,Not Specified,MARGINAL,72.96,69.0
18/01/2024 03:00:00 - 18/01/2024 04:00:00,SCA|NO2,mFRR,Not Specified,Not Specified,MARGINAL,72.58,69.0
18/01/2024 04:00:00 - 18/01/2024 05:00:00,SCA|NO2,mFRR,Not Specified,Not Specified,MARGINAL,75.17,71.0
18/01/2024 05:00:00 - 18/01/2024 06:00:00,SCA|NO2,mFRR,Not Specified,Not Specified,MARGINAL,78.49,74.0
18/01/2024 06:00:00 - 18/01/2024 07:00:00,SCA|NO2,mFRR,Not Specified,Not Specified,MARGINAL,88.6,72.0
18/01/2024 07:00:00 - 18/01/2024 08:00:00,SCA|NO2,mFRR,Not Specified,Not Specified,MARGINAL,107.84,107.84
18/01/2024 08:00:00 - 18/01/2024 09:00:00,SCA|NO2,mFRR,Not Specified,Not Specified,MARGINAL,122.24,76.0
18/01/2024 09:00:00 - 18/01/2024 10:00:00,SCA|NO2,mFRR,Not Specified,Not Specified,MARGINAL,118.63,76.0
18/01/2024 10:00:00 - 18/01/2024 11:00:00,SCA|NO2,mFRR,Not Specified,Not Specified,MARGINAL,114.5,107.9
18/01/2024 11:00:00 - 18/01/2024 12:00:00,SCA|NO2,mFRR,Not Specified,Not Specified,MARGINAL,108.35,104.6
18/01/2024 12:00:00 - 18/01/2024 13:00:00,SCA|NO2,mFRR,Not Specified,Not Specified,MARGINAL,90.65,90.65
18/01/2024 13:00:00 - 18/01/2024 14:00:00,SCA|NO2,mFRR,Not Specified,Not Specified,MARGINAL,84.91,73.0
18/01/2024 14:00:00 - 18/01/2024 15:00:00,SCA|NO2,mFRR,Not Specified,Not Specified,MARGINAL,83.75,73.0
18/01/2024 15:00:00 - 18/01/2024 16:00:00,SCA|NO2,mFRR,Not Specified,Not Specified,MARGINAL,91.33,75.0
18/01/2024 16:00:00 - 18/01/2024 17:00:00,SCA|NO2,mFRR,Not Specified,Not Specified,MARGINAL,101.0,96.44
18/01/2024 17:00:00 - 18/01/2024 18:00:00,SCA|NO2,mFRR,Not Specified,Not Specified,MARGINAL,101.44,101.44
18/01/2024 18:00:00 - 18/01/2024 19:00:00,SCA|NO2,mFRR,Not Specified,Not Specified,MARGINAL,100.48,100.48
18/01/2024 19:00:00 - 18/01/2024 20:00:00,SCA|NO2,mFRR,Not Specified,Not Specified,MARGINAL,91.18,91.18
18/01/2024 20:00:00 - 18/01/2024 21:00:00,SCA|NO2,mFRR,Not Specified,Not Specified,MARGINAL,84.28,84.28
18/01/2024 21:00:00 - 18/01/2024 22:00:00,SCA|NO2,mFRR,Not Specified,Not Specified,MARGINAL,80.54,80.54
18/01/2024 22:00:00 - 18/01/2024 23:00:00,SCA|NO2,mFRR,Not Specified,Not Specified,MARGINAL,77.43,77.43
18/01/2024 23:00:00 - 19/01/2024 00:00:00,SCA|NO2,mFRR,Not Specified,Not Specified,MARGINAL,71.33,61.0
19/01/2024 00:00:00 - 19/01/2024 01:00:00,SCA|NO2,mFRR,Not Specified,Not Specified,MARGINAL,68.4,58.99
19/01/2024 01:00:00 - 19/01/2024 02:00:00,SCA|NO2,mFRR,Not Specified,Not Specified,MARGINAL,65.34,62.0
19/01/2024 02:00:00 - 19/01/2024 03:00:00,SCA|NO2,mFRR,Not Specified,Not Specified,MARGINAL,64.05,62.0
19/01/2024 03:00:00 - 19/01/2024 04:00:00,SCA|NO2,mFRR,Not Specified,Not Specified,MARGINAL,62.76,58.0
19/01/2024 04:00:00 - 19/01/2024 05:00:00,SCA|NO2,mFRR,Not Specified,Not Specified,MARGINAL,63.32,58.0
19/01/2024 05:00:00 - 19/01/2024 06:00:00,SCA|NO2,mFRR,Not Specified,Not Specified,MARGINAL,65.85,57.0
19/01/2024 06:00:00 - 19/01/2024 07:00:00,SCA|NO2,mFRR,Not Specified,Not Specified,MARGINAL,98.0,68.0
19/01/2024 07:00:00 - 19/01/2024 08:00:00,SCA|NO2,mFRR,Not Specified,Not Specified,MARGINAL,98.0,83.25
19/01/2024 08:00:00 - 19/01/2024 09:00:00,SCA|NO2,mFRR,Not Specified,Not Specified,MARGINAL,101.04,73.0
19/01/2024 09:00:00 - 19/01/2024 10:00:00,SCA|NO2,mFRR,Not Specified,Not Specified,MARGINAL,99.87,69.73
19/01/2024 10:00:00 - 19/01/2024 11:00:00,SCA|NO2,mFRR,Not Specified,Not Specified,MARGINAL,92.39,74.0
19/01/2024 11:00:00 - 19/01/2024 12:00:00,SCA|NO2,mFRR,Not Specified,Not Specified,MARGINAL,83.85,74.0
19/01/2024 12:00:00 - 19/01/2024 13:00:00,SCA|NO2,mFRR,Not Specified,Not Specified,MARGINAL,111.82,74.6
19/01/2024 13:00:00 - 19/01/2024 14:00:00,SCA|NO2,mFRR,Not Specified,Not Specified,MARGINAL,98.0,74.2
19/01/2024 14:00:00 - 19/01/2024 15:00:00,SCA|NO2,mFRR,Not Specified,Not Specified,MARGINAL,80.0,71.07
19/01/2024 15:00:00 - 19/01/2024 16:00:00,SCA|NO2,mFRR,Not Specified,Not Specified,MARGINAL,75.21,66.0
19/01/2024 16:00:00 - 19/01/2024 17:00:00,SCA|NO2,mFRR,Not Specified,Not Specified,MARGINAL,82.23,66.0
19/01/2024 17:00:00 - 19/01/2024 18:00:00,SCA|NO2,mFRR,Not Specified,Not Specified,MARGINAL,102.0,90.89
19/01/2024 18:00:00 - 19/01/2024 19:00:00,SCA|NO2,mFRR,Not Specified,Not Specified,MARGINAL,110.0,88.86
19/01/2024 19:00:00 - 19/01/2024 20:00:00,SCA|NO2,mFRR,Not Specified,Not Specified,MARGINAL,97.0,79.68
19/01/2024 20:00:00 - 19/01/2024 21:00:00,SCA|NO2,mFRR,Not Specified,Not Specified,MARGINAL,75.82,67.0
19/01/2024 21:00:00 - 19/01/2024 22:00:00,SCA|NO2,mFRR,Not Specified,Not Specified,MARGINAL,73.01,67.0
19/01/2024 22:00:00 - 19/01/2024 23:00:00,SCA|NO2,mFRR,Not Specified,Not Specified,MARGINAL,70.69,70.69
19/01/2024 23:00:00 - 20/01/2024 00:00:00,SCA|NO2,mFRR,Not Specified,Not Specified,MARGINAL,66.69,66.69
20/01/2024 00:00:00 - 20/01/2024 01:00:00,SCA|NO2,mFRR,Not Specified,Not Specified,MARGINAL,77.0,67.62
20/01/2024 01:00:00 - 20/01/2024 02:00:00,SCA|NO2,mFRR,Not Specified,Not Specified,MARGINAL,69.75,65.35
20/01/2024 02:00:00 - 20/01/2024 03:00:00,SCA|NO2,mFRR,Not Specified,Not Specified,MARGINAL,66.0,65.42
20/01/2024 03:00:00 - 20/01/2024 04:00:00,SCA|NO2,mFRR,Not Specified,Not Specified,MARGINAL,64.0,63.68
20/01/2024 04:00:00 - 20/01/2024 05:00:00,SCA|NO2,mFRR,Not Specified,Not Specified,MARGINAL,64.0,63.7
20/01/2024 05:00:00 - 20/01/2024 06:00:00,SCA|NO2,mFRR,Not Specified,Not Specified,MARGINAL,64.0,63.59
20/01/2024 06:00:00 - 20/01/2024 07:00:00,SCA|NO2,mFRR,Not Specified,Not Specified,MARGINAL,64.45,58.0
20/01/2024 07:00:00 - 20/01/2024 08:00:00,SCA|NO2,mFRR,Not Specified,Not Specified,MARGINAL,68.55,61.5
20/01/2024 08:00:00 - 20/01/2024 09:00:00,SCA|NO2,mFRR,Not Specified,Not Specified,MARGINAL,75.0,62.84
20/01/2024 09:00:00 - 20/01/2024 10:00:00,SCA|NO2,mFRR,Not Specified,Not Specified,MARGINAL,78.85,78.85
20/01/2024 10:00:00 - 20/01/2024 11:00:00,SCA|NO2,mFRR,Not Specified,Not Specified,MARGINAL,74.07,73.57
20/01/2024 11:00:00 - 20/01/2024 12:00:00,SCA|NO2,mFRR,Not Specified,Not Specified,MARGINAL,73.01,72.51
20/01/2024 12:00:00 - 20/01/2024 13:00:00,SCA|NO2,mFRR,Not Specified,Not Specified,MARGINAL,69.75,64.0
20/01/2024 13:00:00 - 20/01/2024 14:00:00,SCA|NO2,mFRR,Not Specified,Not Specified,MARGINAL,70.79,64.0
20/01/2024 14:00:00 - 20/01/2024 15:00:00,SCA|NO2,mFRR,Not Specified,Not Specified,MARGINAL,73.39,64.0
20/01/2024 15:00:00 - 20/01/2024 16:00:00,SCA|NO2,mFRR,Not Specified,Not Specified,MARGINAL,81.0,76.82
20/01/2024 16:00:00 - 20/01/2024 17:00:00,SCA|NO2,mFRR,Not Specified,Not Specified,MARGINAL,95.0,85.26
20/01/2024 17:00:00 - 20/01/2024 18:00:00,SCA|NO2,mFRR,Not Specified,Not Specified,MARGINAL,102.0,92.18
20/01/2024 18:00:00 - 20/01/2024 19:00:00,SCA|NO2,mFRR,Not Specified,Not Specified,MARGINAL,102.0,96.97
20/01/2024 19:00:00 - 20/01/2024 20:00:00,SCA|NO2,mFRR,Not Specified,Not Specified,MARGINAL,91.5,88.91
20/01/2024 20:00:00 - 20/01/2024 21:00:00,SCA|NO2,mFRR,Not Specified,Not Specified,MARGINAL,88.0,79.24
20/01/2024 21:00:00 - 20/01/2024 22:00:00,SCA|NO2,mFRR,Not Specified,Not Specified,MARGINAL,73.39,73.39
20/01/2024 22:00:00 - 20/01/2024 23:00:00,SCA|NO2,mFRR,Not Specified,Not Specified,MARGINAL,70.42,70.42
20/01/2024 23:00:00 - 21/01/2024 00:00:00,SCA|NO2,mFRR,Not Specified,Not Specified,MARGINAL,66.99,58.56
21/01/2024 00:00:00 - 21/01/2024 01:00:00,SCA|NO2,mFRR,Not Specified,Not Specified,MARGINAL,61.48,61.48
21/01/2024 01:00:00 - 21/01/2024 02:00:00,SCA|NO2,mFRR,Not Specified,Not Specified,MARGINAL,59.04,59.04
21/01/2024 02:00:00 - 21/01/2024 03:00:00,SCA|NO2,mFRR,Not Specified,Not Specified,MARGINAL,64.0,56.46
21/01/2024 03:00:00 - 21/01/2024 04:00:00,SCA|NO2,mFRR,Not Specified,Not Specified,MARGINAL,65.0,52.98
21/01/2024 04:00:00 - 21/01/2024 05:00:00,SCA|NO2,mFRR,Not Specified,Not Specified,MARGINAL,63.0,50.06
21/01/2024 05:00:00 - 21/01/2024 06:00:00,SCA|NO2,mFRR,Not Specified,Not Specified,MARGINAL,53.64,48.97
21/01/2024 06:00:00 - 21/01/2024 07:00:00,SCA|NO2,mFRR,Not Specified,Not Specified,MARGINAL,60.0,46.99
21/01/2024 07:00:00 - 21/01/2024 08:00:00,SCA|NO2,mFRR,Not Specified,Not Specified,MARGINAL,60.0,45.37
21/01/2024 08:00:00 - 21/01/2024 09:00:00,SCA|NO2,mFRR,Not Specified,Not Specified,MARGINAL,63.0,53.0
21/01/2024 09:00:00 - 21/01/2024 10:00:00,SCA|NO2,mFRR,Not Specified,Not Specified,MARGINAL,63.5,56.09
21/01/2024 10:00:00 - 21/01/2024 11:00:00,SCA|NO2,mFRR,Not Specified,Not Specified,MARGINAL,63.0,57.2
21/01/2024 11:00:00 - 21/01/2024 12:00:00,SCA|NO2,mFRR,Not Specified,Not Specified,MARGINAL,65.0,58.1
21/01/2024 12:00:00 - 21/01/2024 13:00:00,SCA|NO2,mFRR,Not Specified,Not Specified,MARGINAL,69.0,58.31
21/01/2024 13:00:00 - 21/01/2024 14:00:00,SCA|NO2,mFRR,Not Specified,Not Specified,MARGINAL,69.0,58.05
21/01/2024 14:00:00 - 21/01/2024 15:00:00,SCA|NO2,mFRR,Not Specified,Not Specified,MARGINAL,58.02,58.02
21/01/2024 15:00:00 - 21/01/2024 16:00:00,SCA|NO2,mFRR,Not Specified,Not Specified,MARGINAL,64.0,58.77
21/01/2024 16:00:00 - 21/01/2024 17:00:00,SCA|NO2,mFRR,Not Specified,Not Specified,MARGINAL,65.0,59.96
21/01/2024 17:00:00 - 21/01/2024 18:00:00,SCA|NO2,mFRR,Not Specified,Not Specified,MARGINAL,71.0,60.38
21/01/2024 18:00:00 - 21/01/2024 19:00:00,SCA|NO2,mFRR,Not Specified,Not Specified,MARGINAL,71.0,61.49
21/01/2024 19:00:00 - 21/01/2024 20:00:00,SCA|NO2,mFRR,Not Specified,Not Specified,MARGINAL,68.5,60.39
21/01/2024 20:00:00 - 21/01/2024 21:00:00,SCA|NO2,mFRR,Not Specified,Not Specified,MARGINAL,63.5,57.98
21/01/2024 21:00:00 - 21/01/2024 22:00:00,SCA|NO2,mFRR,Not Specified,Not Specified,MARGINAL,56.7,56.7
21/01/2024 22:00:00 - 21/01/2024 23:00:00,SCA|NO2,mFRR,Not Specified,Not Specified,MARGINAL,56.06,56.06
21/01/2024 23:00:00 - 22/01/2024 00:00:00,SCA|NO2,mFRR,Not Specified,Not Specified,MARGINAL,55.03,55.03
22/01/2024 00:00:00 - 22/01/2024 01:00:00,SCA|NO2,mFRR,Not Specified,Not Specified,MARGINAL,50.35,50.35
22/01/2024 01:00:00 - 22/01/2024 02:00:00,SCA|NO2,mFRR,Not Specified,Not Specified,MARGINAL,49.95,49.95
22/01/2024 02:00:00 - 22/01/2024 03:00:00,SCA|NO2,mFRR,Not Specified,Not Specified,MARGINAL,46.02,46.02
22/01/2024 03:00:00 - 22/01/2024 04:00:00,SCA|NO2,mFRR,Not Specified,Not Specified,MARGINAL,28.85,3.0
22/01/2024 04:00:00 - 22/01/2024 05:00:00,SCA|NO2,mFRR,Not Specified,Not Specified,MARGINAL,18.6,1.0
22/01/2024 05:00:00 - 22/01/2024 06:00:00,SCA|NO2,mFRR,Not Specified,Not Specified,MARGINAL,20.63,5.0
22/01/2024 06:00:00 - 22/01/2024 07:00:00,SCA|NO2,mFRR,Not Specified,Not Specified,MARGINAL,48.88,24.0
22/01/2024 07:00:00 - 22/01/2024 08:00:00,SCA|NO2,mFRR,Not Specified,Not Specified,MARGINAL,59.84,59.84
22/01/2024 08:00:00 - 22/01/2024 09:00:00,SCA|NO2,mFRR,Not Specified,Not Specified,MARGINAL,62.97,50.0
22/01/2024 09:00:00 - 22/01/2024 10:00:00,SCA|NO2,mFRR,Not Specified,Not Specified,MARGINAL,61.14,50.0
22/01/2024 10:00:00 - 22/01/2024 11:00:00,SCA|NO2,mFRR,Not Specified,Not Specified,MARGINAL,62.92,50.0
22/01/2024 11:00:00 - 22/01/2024 12:00:00,SCA|NO2,mFRR,Not Specified,Not Specified,MARGINAL,61.45,51.5
22/01/2024 12:00:00 - 22/01/2024 13:00:00,SCA|NO2,mFRR,Not Specified,Not Specified,MARGINAL,59.82,42.0
22/01/2024 13:00:00 - 22/01/2024 14:00:00,SCA|NO2,mFRR,Not Specified,Not Specified,MARGINAL,58.54,38.5
22/01/2024 14:00:00 - 22/01/2024 15:00:00,SCA|NO2,mFRR,Not Specified,Not Specified,MARGINAL,60.09,40.5
22/01/2024 15:00:00 - 22/01/2024 16:00:00,SCA|NO2,mFRR,Not Specified,Not Specified,MARGINAL,61.39,50.0
22/01/2024 16:00:00 - 22/01/2024 17:00:00,SCA|NO2,mFRR,Not Specified,Not Specified,MARGINAL,61.78,53.0
22/01/2024 17:00:00 - 22/01/2024 18:00:00,SCA|NO2,mFRR,Not Specified,Not Specified,MARGINAL,63.69,58.0
22/01/2024 18:00:00 - 22/01/2024 19:00:00,SCA|NO2,mFRR,Not Specified,Not Specified,MARGINAL,62.85,54.0
22/01/2024 19:00:00 - 22/01/2024 20:00:00,SCA|NO2,mFRR,Not Specified,Not Specified,MARGINAL,61.83,52.0
22/01/2024 20:00:00 - 22/01/2024 21:00:00,SCA|NO2,mFRR,Not Specified,Not Specified,MARGINAL,61.38,45.5
22/01/2024 21:00:00 - 22/01/2024 22:00:00,SCA|NO2,mFRR,Not Specified,Not Specified,MARGINAL,60.22,39.0
22/01/2024 22:00:00 - 22/01/2024 23:00:00,SCA|NO2,mFRR,Not Specified,Not Specified,MARGINAL,57.56,39.0
22/01/2024 23:00:00 - 23/01/2024 00:00:00,SCA|NO2,mFRR,Not Specified,Not Specified,MARGINAL,52.01,16.67
23/01/2024 00:00:00 - 23/01/2024 01:00:00,SCA|NO2,mFRR,Not Specified,Not Specified,MARGINAL,17.4,17.0
23/01/2024 01:00:00 - 23/01/2024 02:00:00,SCA|NO2,mFRR,Not Specified,Not Specified,MARGINAL,11.35,10.5
23/01/2024 02:00:00 - 23/01/2024 03:00:00,SCA|NO2,mFRR,Not Specified,Not Specified,MARGINAL,10.33,2.5
23/01/2024 03:00:00 - 23/01/2024 04:00:00,SCA|NO2,mFRR,Not Specified,Not Specified,MARGINAL,5.17,0.0
23/01/2024 04:00:00 - 23/01/2024 05:00:00,SCA|NO2,mFRR,Not Specified,Not Specified,MARGINAL,25.0,2.0
23/01/2024 05:00:00 - 23/01/2024 06:00:00,SCA|NO2,mFRR,Not Specified,Not Specified,MARGINAL,52.23,10.5
23/01/2024 06:00:00 - 23/01/2024 07:00:00,SCA|NO2,mFRR,Not Specified,Not Specified,MARGINAL,58.99,37.5
23/01/2024 07:00:00 - 23/01/2024 08:00:00,SCA|NO2,mFRR,Not Specified,Not Specified,MARGINAL,61.07,51.0
23/01/2024 08:00:00 - 23/01/2024 09:00:00,SCA|NO2,mFRR,Not Specified,Not Specified,MARGINAL,63.75,51.0
23/01/2024 09:00:00 - 23/01/2024 10:00:00,SCA|NO2,mFRR,Not Specified,Not Specified,MARGINAL,62.93,52.5
23/01/2024 10:00:00 - 23/01/2024 11:00:00,SCA|NO2,mFRR,Not Specified,Not Specified,MARGINAL,61.76,50.5
23/01/2024 11:00:00 - 23/01/2024 12:00:00,SCA|NO2,mFRR,Not Specified,Not Specified,MARGINAL,61.22,44.5
23/01/2024 12:00:00 - 23/01/2024 13:00:00,SCA|NO2,mFRR,Not Specified,Not Specified,MARGINAL,60.91,39.5
23/01/2024 13:00:00 - 23/01/2024 14:00:00,SCA|NO2,mFRR,Not Specified,Not Specified,MARGINAL,61.33,40.23
23/01/2024 14:00:00 - 23/01/2024 15:00:00,SCA|NO2,mFRR,Not Specified,Not Specified,MARGINAL,63.62,49.5
23/01/2024 15:00:00 - 23/01/2024 16:00:00,SCA|NO2,mFRR,Not Specified,Not Specified,MARGINAL,64.64,64.64
23/01/2024 16:00:00 - 23/01/2024 17:00:00,SCA|NO2,mFRR,Not Specified,Not Specified,MARGINAL,66.29,54.98
23/01/2024 17:00:00 - 23/01/2024 18:00:00,SCA|NO2,mFRR,Not Specified,Not Specified,MARGINAL,68.46,53.5
23/01/2024 18:00:00 - 23/01/2024 19:00:00,SCA|NO2,mFRR,Not Specified,Not Specified,MARGINAL,66.78,51.5
23/01/2024 19:00:00 - 23/01/2024 20:00:00,SCA|NO2,mFRR,Not Specified,Not Specified,MARGINAL,63.34,50.5
23/01/2024 20:00:00 - 23/01/2024 21:00:00,SCA|NO2,mFRR,Not Specified,Not Specified,,,
23/01/2024 21:00:00 - 23/01/2024 22:00:00,SCA|NO2,mFRR,Not Specified,Not Specified,MARGINAL,58.04,48.0
23/01/2024 22:00:00 - 23/01/2024 23:00:00,SCA|NO2,mFRR,Not Specified,Not Specified,MARGINAL,59.0,52.92
23/01/2024 23:00:00 - 24/01/2024 00:00:00,SCA|NO2,mFRR,Not Specified,Not Specified,MARGINAL,47.0,33.13
24/01/2024 00:00:00 - 24/01/2024 01:00:00,SCA|NO2,mFRR,Not Specified,Not Specified,MARGINAL,55.5,38.23
24/01/2024 01:00:00 - 24/01/2024 02:00:00,SCA|NO2,mFRR,Not Specified,Not Specified,MARGINAL,50.0,25.17
24/01/2024 02:00:00 - 24/01/2024 03:00:00,SCA|NO2,mFRR,Not Specified,Not Specified,MARGINAL,20.64,12.69
24/01/2024 03:00:00 - 24/01/2024 04:00:00,SCA|NO2,mFRR,Not Specified,Not Specified,MARGINAL,18.82,0.67
24/01/2024 04:00:00 - 24/01/2024 05:00:00,SCA|NO2,mFRR,Not Specified,Not Specified,MARGINAL,17.85,0.67
24/01/2024 05:00:00 - 24/01/2024 06:00:00,SCA|NO2,mFRR,Not Specified,Not Specified,MARGINAL,19.55,0.67
24/01/2024 06:00:00 - 24/01/2024 07:00:00,SCA|NO2,mFRR,Not Specified,Not Specified,MARGINAL,25.5,25.5
24/01/2024 07:00:00 - 24/01/2024 08:00:00,SCA|NO2,mFRR,Not Specified,Not Specified,MARGINAL,49.44,49.44
24/01/2024 08:00:00 - 24/01/2024 09:00:00,SCA|NO2,mFRR,Not Specified,Not Specified,MARGINAL,58.0,53.23
24/01/2024 09:00:00 - 24/01/2024 10:00:00,SCA|NO2,mFRR,Not Specified,Not Specified,MARGINAL,54.31,53.88
24/01/2024 10:00:00 - 24/01/2024 11:00:00,SCA|NO2,mFRR,Not Specified,Not Specified,MARGINAL,56.0,53.68
24/01/2024 11:00:00 - 24/01/2024 12:00:00,SCA|NO2,mFRR,Not Specified,Not Specified,MARGINAL,56.0,53.19
24/01/2024 12:00:00 - 24/01/2024 13:00:00,SCA|NO2,mFRR,Not Specified,Not Specified,MARGINAL,53.78,52.59
24/01/2024 13:00:00 - 24/01/2024 14:00:00,SCA|NO2,mFRR,Not Specified,Not Specified,MARGINAL,53.5,41.0
24/01/2024 14:00:00 - 24/01/2024 15:00:00,SCA|NO2,mFRR,Not Specified,Not Specified,MARGINAL,50.51,41.0
24/01/2024 15:00:00 - 24/01/2024 16:00:00,SCA|NO2,mFRR,Not Specified,Not Specified,MARGINAL,51.54,49.0
24/01/2024 16:00:00 - 24/01/2024 17:00:00,SCA|NO2,mFRR,Not Specified,Not Specified,MARGINAL,60.0,52.96
24/01/2024 17:00:00 - 24/01/2024 18:00:00,SCA|NO2,mFRR,Not Specified,Not Specified,MARGINAL,66.5,55.41
24/01/2024 18:00:00 - 24/01/2024 19:00:00,SCA|NO2,mFRR,Not Specified,Not Specified,MARGINAL,65.0,54.92
24/01/2024 19:00:00 - 24/01/2024 20:00:00,SCA|NO2,mFRR,Not Specified,Not Specified,MARGINAL,64.0,51.81
24/01/2024 20:00:00 - 24/01/2024 21:00:00,SCA|NO2,mFRR,Not Specified,Not Specified,MARGINAL,63.0,50.04
24/01/2024 21:00:00 - 24/01/2024 22:00:00,SCA|NO2,mFRR,Not Specified,Not Specified,MARGINAL,60.0,50.12
24/01/2024 22:00:00 - 24/01/2024 23:00:00,SCA|NO2,mFRR,Not Specified,Not Specified,MARGINAL,60.0,49.9
24/01/2024 23:00:00 - 25/01/2024 00:00:00,SCA|NO2,mFRR,Not Specified,Not Specified,MARGINAL,56.0,47.52
25/01/2024 00:00:00 - 25/01/2024 01:00:00,SCA|NO2,mFRR,Not Specified,Not Specified,MARGINAL,54.5,48.68
25/01/2024 01:00:00 - 25/01/2024 02:00:00,SCA|NO2,mFRR,Not Specified,Not Specified,MARGINAL,51.0,40.0
25/01/2024 02:00:00 - 25/01/2024 03:00:00,SCA|NO2,mFRR,Not Specified,Not Specified,MARGINAL,44.94,35.0
25/01/2024 03:00:00 - 25/01/2024 04:00:00,SCA|NO2,mFRR,Not Specified,Not Specified,MARGINAL,48.66,35.0
25/01/2024 04:00:00 - 25/01/2024 05:00:00,SCA|NO2,mFRR,Not Specified,Not Specified,MARGINAL,50.74,44.0
25/01/2024 05:00:00 - 25/01/2024 06:00:00,SCA|NO2,mFRR,Not Specified,Not Specified,MARGINAL,53.13,53.13
25/01/2024 06:00:00 - 25/01/2024 07:00:00,SCA|NO2,mFRR,Not Specified,Not Specified,MARGINAL,59.39,53.5
25/01/2024 07:00:00 - 25/01/2024 08:00:00,SCA|NO2,mFRR,Not Specified,Not Specified,MARGINAL,66.05,59.0
25/01/2024 08:00:00 - 25/01/2024 09:00:00,SCA|NO2,mFRR,Not Specified,Not Specified,MARGINAL,89.02,62.0
25/01/2024 09:00:00 - 25/01/2024 10:00:00,SCA|NO2,mFRR,Not Specified,Not Specified,MARGINAL,85.25,62.0
25/01/2024 10:00:00 - 25/01/2024 11:00:00,SCA|NO2,mFRR,Not Specified,Not Specified,MARGINAL,81.35,60.0
25/01/2024 11:00:00 - 25/01/2024 12:00:00,SCA|NO2,mFRR,Not Specified,Not Specified,MARGINAL,76.22,56.0
25/01/2024 12:00:00 - 25/01/2024 13:00:00,SCA|NO2,mFRR,Not Specified,Not Specified,MARGINAL,72.63,55.0
25/01/2024 13:00:00 - 25/01/2024 14:00:00,SCA|NO2,mFRR,Not Specified,Not Specified,MARGINAL,75.44,55.0
25/01/2024 14:00:00 - 25/01/2024 15:00:00,SCA|NO2,mFRR,Not Specified,Not Specified,MARGINAL,79.56,55.0
25/01/2024 15:00:00 - 25/01/2024 16:00:00,SCA|NO2,mFRR,Not Specified,Not Specified,MARGINAL,89.1,56.0
25/01/2024 16:00:00 - 25/01/2024 17:00:00,SCA|NO2,mFRR,Not Specified,Not Specified,MARGINAL,81.53,58.0
25/01/2024 17:00:00 - 25/01/2024 18:00:00,SCA|NO2,mFRR,Not Specified,Not Specified,MARGINAL,119.56,59.5
25/01/2024 18:00:00 - 25/01/2024 19:00:00,SCA|NO2,mFRR,Not Specified,Not Specified,MARGINAL,111.96,58.11
25/01/2024 19:00:00 - 25/01/2024 20:00:00,SCA|NO2,mFRR,Not Specified,Not Specified,MARGINAL,95.73,56.0
25/01/2024 20:00:00 - 25/01/2024 21:00:00,SCA|NO2,mFRR,Not Specified,Not Specified,MARGINAL,88.24,57.0
25/01/2024 21:00:00 - 25/01/2024 22:00:00,SCA|NO2,mFRR,Not Specified,Not Specified,MARGINAL,83.64,59.0
25/01/2024 22:00:00 - 25/01/2024 23:00:00,SCA|NO2,mFRR,Not Specified,Not Specified,MARGINAL,77.93,59.5
25/01/2024 23:00:00 - 26/01/2024 00:00:00,SCA|NO2,mFRR,Not Specified,Not Specified,MARGINAL,72.83,55.0
26/01/2024 00:00:00 - 26/01/2024 01:00:00,SCA|NO2,mFRR,Not Specified,Not Specified,MARGINAL,62.8,55.0
26/01/2024 01:00:00 - 26/01/2024 02:00:00,SCA|NO2,mFRR,Not Specified,Not Specified,MARGINAL,60.82,60.82
26/01/2024 02:00:00 - 26/01/2024 03:00:00,SCA|NO2,mFRR,Not Specified,Not Specified,MARGINAL,58.49,58.49
26/01/2024 03:00:00 - 26/01/2024 04:00:00,SCA|NO2,mFRR,Not Specified,Not Specified,MARGINAL,55.94,55.94
26/01/2024 04:00:00 - 26/01/2024 05:00:00,SCA|NO2,mFRR,Not Specified,Not Specified,MARGINAL,54.75,54.75
26/01/2024 05:00:00 - 26/01/2024 06:00:00,SCA|NO2,mFRR,Not Specified,Not Specified,MARGINAL,52.16,52.16
26/01/2024 06:00:00 - 26/01/2024 07:00:00,SCA|NO2,mFRR,Not Specified,Not Specified,MARGINAL,57.95,57.95
26/01/2024 07:00:00 - 26/01/2024 08:00:00,SCA|NO2,mFRR,Not Specified,Not Specified,MARGINAL,72.0,62.97
26/01/2024 08:00:00 - 26/01/2024 09:00:00,SCA|NO2,mFRR,Not Specified,Not Specified,MARGINAL,74.19,64.94
26/01/2024 09:00:00 - 26/01/2024 10:00:00,SCA|NO2,mFRR,Not Specified,Not Specified,MARGINAL,70.5,63.8
26/01/2024 10:00:00 - 26/01/2024 11:00:00,SCA|NO2,mFRR,Not Specified,Not Specified,MARGINAL,65.0,54.32
26/01/2024 11:00:00 - 26/01/2024 12:00:00,SCA|NO2,mFRR,Not Specified,Not Specified,MARGINAL,58.74,53.65
26/01/2024 12:00:00 - 26/01/2024 13:00:00,SCA|NO2,mFRR,Not Specified,Not Specified,MARGINAL,63.0,54.47
26/01/2024 13:00:00 - 26/01/2024 14:00:00,SCA|NO2,mFRR,Not Specified,Not Specified,MARGINAL,63.0,52.18
26/01/2024 14:00:00 - 26/01/2024 15:00:00,SCA|NO2,mFRR,Not Specified,Not Specified,MARGINAL,55.0,41.0
26/01/2024 15:00:00 - 26/01/2024 16:00:00,SCA|NO2,mFRR,Not Specified,Not Specified,MARGINAL,52.78,41.0
26/01/2024 16:00:00 - 26/01/2024 17:00:00,SCA|NO2,mFRR,Not Specified,Not Specified,MARGINAL,54.86,54.86
26/01/2024 17:00:00 - 26/01/2024 18:00:00,SCA|NO2,mFRR,Not Specified,Not Specified,MARGINAL,66.0,57.37
26/01/2024 18:00:00 - 26/01/2024 19:00:00,SCA|NO2,mFRR,Not Specified,Not Specified,MARGINAL,66.0,56.93
26/01/2024 19:00:00 - 26/01/2024 20:00:00,SCA|NO2,mFRR,Not Specified,Not Specified,MARGINAL,64.0,56.16
26/01/2024 20:00:00 - 26/01/2024 21:00:00,SCA|NO2,mFRR,Not Specified,Not Specified,MARGINAL,55.94,55.94
26/01/2024 21:00:00 - 26/01/2024 22:00:00,SCA|NO2,mFRR,Not Specified,Not Specified,MARGINAL,55.97,55.97
26/01/2024 22:00:00 - 26/01/2024 23:00:00,SCA|NO2,mFRR,Not Specified,Not Specified,MARGINAL,56.02,49.0
26/01/2024 23:00:00 - 27/01/2024 00:00:00,SCA|NO2,mFRR,Not Specified,Not Specified,MARGINAL,55.31,49.0
27/01/2024 00:00:00 - 27/01/2024 01:00:00,SCA|NO2,mFRR,Not Specified,Not Specified,MARGINAL,56.07,56.07
27/01/2024 01:00:00 - 27/01/2024 02:00:00,SCA|NO2,mFRR,Not Specified,Not Specified,MARGINAL,56.57,56.57
27/01/2024 02:00:00 - 27/01/2024 03:00:00,SCA|NO2,mFRR,Not Specified,Not Specified,MARGINAL,60.0,56.47
27/01/2024 03:00:00 - 27/01/2024 04:00:00,SCA|NO2,mFRR,Not Specified,Not Specified,MARGINAL,60.0,56.05
27/01/2024 04:00:00 - 27/01/2024 05:00:00,SCA|NO2,mFRR,Not Specified,Not Specified,MARGINAL,60.0,55.74
27/01/2024 05:00:00 - 27/01/2024 06:00:00,SCA|NO2,mFRR,Not Specified,Not Specified,MARGINAL,60.0,56.83
27/01/2024 06:00:00 - 27/01/2024 07:00:00,SCA|NO2,mFRR,Not Specified,Not Specified,MARGINAL,57.24,50.5
27/01/2024 07:00:00 - 27/01/2024 08:00:00,SCA|NO2,mFRR,Not Specified,Not Specified,MARGINAL,57.86,50.5
27/01/2024 08:00:00 - 27/01/2024 09:00:00,SCA|NO2,mFRR,Not Specified,Not Specified,MARGINAL,58.13,50.5
27/01/2024 09:00:00 - 27/01/2024 10:00:00,SCA|NO2,mFRR,Not Specified,Not Specified,MARGINAL,58.5,50.5
27/01/2024 10:00:00 - 27/01/2024 11:00:00,SCA|NO2,mFRR,Not Specified,Not Specified,MARGINAL,58.2,53.65
27/01/2024 11:00:00 - 27/01/2024 12:00:00,SCA|NO2,mFRR,Not Specified,Not Specified,MARGINAL,56.61,56.61
27/01/2024 12:00:00 - 27/01/2024 13:00:00,SCA|NO2,mFRR,Not Specified,Not Specified,MARGINAL,55.84,55.84
27/01/2024 13:00:00 - 27/01/2024 14:00:00,SCA|NO2,mFRR,Not Specified,Not Specified,MARGINAL,55.48,55.48
27/01/2024 14:00:00 - 27/01/2024 15:00:00,SCA|NO2,mFRR,Not Specified,Not Specified,MARGINAL,57.54,57.54
27/01/2024 15:00:00 - 27/01/2024 16:00:00,SCA|NO2,mFRR,Not Specified,Not Specified,MARGINAL,57.95,57.95
27/01/2024 16:00:00 - 27/01/2024 17:00:00,SCA|NO2,mFRR,Not Specified,Not Specified,MARGINAL,58.93,58.93
27/01/2024 17:00:00 - 27/01/2024 18:00:00,SCA|NO2,mFRR,Not Specified,Not Specified,MARGINAL,59.96,59.96
27/01/2024 18:00:00 - 27/01/2024 19:00:00,SCA|NO2,mFRR,Not Specified,Not Specified,MARGINAL,59.54,53.65
27/01/2024 19:00:00 - 27/01/2024 20:00:00,SCA|NO2,mFRR,Not Specified,Not Specified,MARGINAL,59.07,49.0
27/01/2024 20:00:00 - 27/01/2024 21:00:00,SCA|NO2,mFRR,Not Specified,Not Specified,,,
27/01/2024 21:00:00 - 27/01/2024 22:00:00,SCA|NO2,mFRR,Not Specified,Not Specified,MARGINAL,57.85,45.0
27/01/2024 22:00:00 - 27/01/2024 23:00:00,SCA|NO2,mFRR,Not Specified,Not Specified,MARGINAL,57.73,45.0
27/01/2024 23:00:00 - 28/01/2024 00:00:00,SCA|NO2,mFRR,Not Specified,Not Specified,MARGINAL,57.61,45.0
28/01/2024 00:00:00 - 28/01/2024 01:00:00,SCA|NO2,mFRR,Not Specified,Not Specified,MARGINAL,57.52,48.5
28/01/2024 01:00:00 - 28/01/2024 02:00:00,SCA|NO2,mFRR,Not Specified,Not Specified,MARGINAL,57.09,41.0
28/01/2024 02:00:00 - 28/01/2024 03:00:00,SCA|NO2,mFRR,Not Specified,Not Specified,MARGINAL,56.57,41.5
28/01/2024 03:00:00 - 28/01/2024 04:00:00,SCA|NO2,mFRR,Not Specified,Not Specified,MARGINAL,56.05,41.5
28/01/2024 04:00:00 - 28/01/2024 05:00:00,SCA|NO2,mFRR,Not Specified,Not Specified,MARGINAL,56.2,49.5
28/01/2024 05:00:00 - 28/01/2024 06:00:00,SCA|NO2,mFRR,Not Specified,Not Specified,MARGINAL,55.96,55.96
28/01/2024 06:00:00 - 28/01/2024 07:00:00,SCA|NO2,mFRR,Not Specified,Not Specified,MARGINAL,56.05,46.5
28/01/2024 07:00:00 - 28/01/2024 08:00:00,SCA|NO2,mFRR,Not Specified,Not Specified,MARGINAL,56.79,45.5
28/01/2024 08:00:00 - 28/01/2024 09:00:00,SCA|NO2,mFRR,Not Specified,Not Specified,MARGINAL,56.26,39.0
28/01/2024 09:00:00 - 28/01/2024 10:00:00,SCA|NO2,mFRR,Not Specified,Not Specified,MARGINAL,54.9,39.0
28/01/2024 10:00:00 - 28/01/2024 11:00:00,SCA|NO2,mFRR,Not Specified,Not Specified,MARGINAL,51.45,32.5
28/01/2024 11:00:00 - 28/01/2024 12:00:00,SCA|NO2,mFRR,Not Specified,Not Specified,MARGINAL,48.56,32.5
28/01/2024 12:00:00 - 28/01/2024 13:00:00,SCA|NO2,mFRR,Not Specified,Not Specified,MARGINAL,42.91,6.57
28/01/2024 13:00:00 - 28/01/2024 14:00:00,SCA|NO2,mFRR,Not Specified,Not Specified,MARGINAL,45.26,6.57
28/01/2024 14:00:00 - 28/01/2024 15:00:00,SCA|NO2,mFRR,Not Specified,Not Specified,MARGINAL,51.93,51.93
28/01/2024 15:00:00 - 28/01/2024 16:00:00,SCA|NO2,mFRR,Not Specified,Not Specified,MARGINAL,55.13,55.13
28/01/2024 16:00:00 - 28/01/2024 17:00:00,SCA|NO2,mFRR,Not Specified,Not Specified,MARGINAL,57.93,57.93
28/01/2024 17:00:00 - 28/01/2024 18:00:00,SCA|NO2,mFRR,Not Specified,Not Specified,MARGINAL,57.86,57.86
28/01/2024 18:00:00 - 28/01/2024 19:00:00,SCA|NO2,mFRR,Not Specified,Not Specified,MARGINAL,57.33,57.33
28/01/2024 19:00:00 - 28/01/2024 20:00:00,SCA|NO2,mFRR,Not Specified,Not Specified,MARGINAL,56.61,56.61
28/01/2024 20:00:00 - 28/01/2024 21:00:00,SCA|NO2,mFRR,Not Specified,Not Specified,MARGINAL,55.96,55.96
28/01/2024 21:00:00 - 28/01/2024 22:00:00,SCA|NO2,mFRR,Not Specified,Not Specified,MARGINAL,55.39,55.39
28/01/2024 22:00:00 - 28/01/2024 23:00:00,SCA|NO2,mFRR,Not Specified,Not Specified,MARGINAL,55.31,55.31
28/01/2024 23:00:00 - 29/01/2024 00:00:00,SCA|NO2,mFRR,Not Specified,Not Specified,MARGINAL,54.26,54.26
29/01/2024 00:00:00 - 29/01/2024 01:00:00,SCA|NO2,mFRR,Not Specified,Not Specified,MARGINAL,50.09,50.09
29/01/2024 01:00:00 - 29/01/2024 02:00:00,SCA|NO2,mFRR,Not Specified,Not Specified,MARGINAL,48.77,48.77
29/01/2024 02:00:00 - 29/01/2024 03:00:00,SCA|NO2,mFRR,Not Specified,Not Specified,MARGINAL,49.55,49.55
29/01/2024 03:00:00 - 29/01/2024 04:00:00,SCA|NO2,mFRR,Not Specified,Not Specified,MARGINAL,49.56,49.56
29/01/2024 04:00:00 - 29/01/2024 05:00:00,SCA|NO2,mFRR,Not Specified,Not Specified,MARGINAL,52.65,46.0
29/01/2024 05:00:00 - 29/01/2024 06:00:00,SCA|NO2,mFRR,Not Specified,Not Specified,MARGINAL,55.42,46.0
29/01/2024 06:00:00 - 29/01/2024 07:00:00,SCA|NO2,mFRR,Not Specified,Not Specified,MARGINAL,56.66,44.0
29/01/2024 07:00:00 - 29/01/2024 08:00:00,SCA|NO2,mFRR,Not Specified,Not Specified,MARGINAL,59.09,50.0
29/01/2024 08:00:00 - 29/01/2024 09:00:00,SCA|NO2,mFRR,Not Specified,Not Specified,MARGINAL,61.78,50.0
29/01/2024 09:00:00 - 29/01/2024 10:00:00,SCA|NO2,mFRR,Not Specified,Not Specified,MARGINAL,61.68,48.0
29/01/2024 10:00:00 - 29/01/2024 11:00:00,SCA|NO2,mFRR,Not Specified,Not Specified,MARGINAL,61.8,48.0
29/01/2024 11:00:00 - 29/01/2024 12:00:00,SCA|NO2,mFRR,Not Specified,Not Specified,MARGINAL,61.89,50.0
29/01/2024 12:00:00 - 29/01/2024 13:00:00,SCA|NO2,mFRR,Not Specified,Not Specified,MARGINAL,62.61,54.0
29/01/2024 13:00:00 - 29/01/2024 14:00:00,SCA|NO2,mFRR,Not Specified,Not Specified,MARGINAL,62.92,55.0
29/01/2024 14:00:00 - 29/01/2024 15:00:00,SCA|NO2,mFRR,Not Specified,Not Specified,MARGINAL,63.9,55.0
29/01/2024 15:00:00 - 29/01/2024 16:00:00,SCA|NO2,mFRR,Not Specified,Not Specified,MARGINAL,88.97,60.0
29/01/2024 16:00:00 - 29/01/2024 17:00:00,SCA|NO2,mFRR,Not Specified,Not Specified,MARGINAL,105.07,56.0
29/01/2024 17:00:00 - 29/01/2024 18:00:00,SCA|NO2,mFRR,Not Specified,Not Specified,MARGINAL,123.47,61.0
29/01/2024 18:00:00 - 29/01/2024 19:00:00,SCA|NO2,mFRR,Not Specified,Not Specified,MARGINAL,113.66,57.0
29/01/2024 19:00:00 - 29/01/2024 20:00:00,SCA|NO2,mFRR,Not Specified,Not Specified,MARGINAL,104.19,56.0
29/01/2024 20:00:00 - 29/01/2024 21:00:00,SCA|NO2,mFRR,Not Specified,Not Specified,MARGINAL,89.13,58.5
29/01/2024 21:00:00 - 29/01/2024 22:00:00,SCA|NO2,mFRR,Not Specified,Not Specified,MARGINAL,81.83,58.51
29/01/2024 22:00:00 - 29/01/2024 23:00:00,SCA|NO2,mFRR,Not Specified,Not Specified,MARGINAL,64.4,58.37
29/01/2024 23:00:00 - 30/01/2024 00:00:00,SCA|NO2,mFRR,Not Specified,Not Specified,MARGINAL,62.19,55.0
30/01/2024 00:00:00 - 30/01/2024 01:00:00,SCA|NO2,mFRR,Not Specified,Not Specified,MARGINAL,60.12,55.0
30/01/2024 01:00:00 - 30/01/2024 02:00:00,SCA|NO2,mFRR,Not Specified,Not Specified,MARGINAL,59.6,55.0
30/01/2024 02:00:00 - 30/01/2024 03:00:00,SCA|NO2,mFRR,Not Specified,Not Specified,MARGINAL,59.29,59.29
30/01/2024 03:00:00 - 30/01/2024 04:00:00,SCA|NO2,mFRR,Not Specified,Not Specified,MARGINAL,59.16,59.16
30/01/2024 04:00:00 - 30/01/2024 05:00:00,SCA|NO2,mFRR,Not Specified,Not Specified,MARGINAL,59.27,55.0
30/01/2024 05:00:00 - 30/01/2024 06:00:00,SCA|NO2,mFRR,Not Specified,Not Specified,MARGINAL,59.95,55.0
30/01/2024 06:00:00 - 30/01/2024 07:00:00,SCA|NO2,mFRR,Not Specified,Not Specified,MARGINAL,61.95,55.0
30/01/2024 07:00:00 - 30/01/2024 08:00:00,SCA|NO2,mFRR,Not Specified,Not Specified,MARGINAL,70.69,70.69
30/01/2024 08:00:00 - 30/01/2024 09:00:00,SCA|NO2,mFRR,Not Specified,Not Specified,MARGINAL,83.51,83.51
30/01/2024 09:00:00 - 30/01/2024 10:00:00,SCA|NO2,mFRR,Not Specified,Not Specified,MARGINAL,82.22,82.22
30/01/2024 10:00:00 - 30/01/2024 11:00:00,SCA|NO2,mFRR,Not Specified,Not Specified,MARGINAL,74.68,74.68
30/01/2024 11:00:00 - 30/01/2024 12:00:00,SCA|NO2,mFRR,Not Specified,Not Specified,MARGINAL,80.5,64.83
30/01/2024 12:00:00 - 30/01/2024 13:00:00,SCA|NO2,mFRR,Not Specified,Not Specified,MARGINAL,72.5,63.81
30/01/2024 13:00:00 - 30/01/2024 14:00:00,SCA|NO2,mFRR,Not Specified,Not Specified,MARGINAL,75.0,63.69
30/01/2024 14:00:00 - 30/01/2024 15:00:00,SCA|NO2,mFRR,Not Specified,Not Specified,MARGINAL,74.5,64.02
30/01/2024 15:00:00 - 30/01/2024 16:00:00,SCA|NO2,mFRR,Not Specified,Not Specified,MARGINAL,74.0,62.64
30/01/2024 16:00:00 - 30/01/2024 17:00:00,SCA|NO2,mFRR,Not Specified,Not Specified,MARGINAL,74.0,63.73
30/01/2024 17:00:00 - 30/01/2024 18:00:00,SCA|NO2,mFRR,Not Specified,Not Specified,MARGINAL,77.0,69.82
30/01/2024 18:00:00 - 30/01/2024 19:00:00,SCA|NO2,mFRR,Not Specified,Not Specified,MARGINAL,76.0,61.42
30/01/2024 19:00:00 - 30/01/2024 20:00:00,SCA|NO2,mFRR,Not Specified,Not Specified,MARGINAL,72.5,58.45
30/01/2024 20:00:00 - 30/01/2024 21:00:00,SCA|NO2,mFRR,Not Specified,Not Specified,MARGINAL,66.0,56.72
30/01/2024 21:00:00 - 30/01/2024 22:00:00,SCA|NO2,mFRR,Not Specified,Not Specified,MARGINAL,55.53,55.53
30/01/2024 22:00:00 - 30/01/2024 23:00:00,SCA|NO2,mFRR,Not Specified,Not Specified,MARGINAL,55.16,55.16
30/01/2024 23:00:00 - 31/01/2024 00:00:00,SCA|NO2,mFRR,Not Specified,Not Specified,MARGINAL,54.84,54.84
31/01/2024 00:00:00 - 31/01/2024 01:00:00,SCA|NO2,mFRR,Not Specified,Not Specified,MARGINAL,53.15,53.15
31/01/2024 01:00:00 - 31/01/2024 02:00:00,SCA|NO2,mFRR,Not Specified,Not Specified,MARGINAL,52.92,52.92
31/01/2024 02:00:00 - 31/01/2024 03:00:00,SCA|NO2,mFRR,Not Specified,Not Specified,MARGINAL,52.79,52.79
31/01/2024 03:00:00 - 31/01/2024 04:00:00,SCA|NO2,mFRR,Not Specified,Not Specified,MARGINAL,52.59,52.59
31/01/2024 04:00:00 - 31/01/2024 05:00:00,SCA|NO2,mFRR,Not Specified,Not Specified,MARGINAL,52.93,52.93
31/01/2024 05:00:00 - 31/01/2024 06:00:00,SCA|NO2,mFRR,Not Specified,Not Specified,MARGINAL,53.97,53.97
31/01/2024 06:00:00 - 31/01/2024 07:00:00,SCA|NO2,mFRR,Not Specified,Not Specified,,,
31/01/2024 07:00:00 - 31/01/2024 08:00:00,SCA|NO2,mFRR,Not Specified,Not Specified,MARGINAL,56.91,56.91
31/01/2024 08:00:00 - 31/01/2024 09:00:00,SCA|NO2,mFRR,Not Specified,Not Specified,MARGINAL,57.9,57.9
31/01/2024 09:00:00 - 31/01/2024 10:00:00,SCA|NO2,mFRR,Not Specified,Not Specified,MARGINAL,56.6,48.0
31/01/2024 10:00:00 - 31/01/2024 11:00:00,SCA|NO2,mFRR,Not Specified,Not Specified,MARGINAL,55.66,48.0
31/01/2024 11:00:00 - 31/01/2024 12:00:00,SCA|NO2,mFRR,Not Specified,Not Specified,MARGINAL,54.62,50.0
31/01/2024 12:00:00 - 31/01/2024 13:00:00,SCA|NO2,mFRR,Not Specified,Not Specified,MARGINAL,54.08,50.0
31/01/2024 13:00:00 - 31/01/2024 14:00:00,SCA|NO2,mFRR,Not Specified,Not Specified,MARGINAL,53.24,53.24
31/01/2024 14:00:00 - 31/01/2024 15:00:00,SCA|NO2,mFRR,Not Specified,Not Specified,MARGINAL,53.15,53.15
31/01/2024 15:00:00 - 31/01/2024 16:00:00,SCA|NO2,mFRR,Not Specified,Not Specified,MARGINAL,52.85,52.85
31/01/2024 16:00:00 - 31/01/2024 17:00:00,SCA|NO2,mFRR,Not Specified,Not Specified,MARGINAL,55.0,53.0
31/01/2024 17:00:00 - 31/01/2024 18:00:00,SCA|NO2,mFRR,Not Specified,Not Specified,MARGINAL,62.0,52.8
31/01/2024 18:00:00 - 31/01/2024 19:00:00,SCA|NO2,mFRR,Not Specified,Not Specified,MARGINAL,58.0,52.57
31/01/2024 19:00:00 - 31/01/2024 20:00:00,SCA|NO2,mFRR,Not Specified,Not Specified,MARGINAL,58.0,51.96
31/01/2024 20:00:00 - 31/01/2024 21:00:00,SCA|NO2,mFRR,Not Specified,Not Specified,MARGINAL,58.0,51.92
31/01/2024 21:00:00 - 31/01/2024 22:00:00,SCA|NO2,mFRR,Not Specified,Not Specified,MARGINAL,57.0,51.97
31/01/2024 22:00:00 - 31/01/2024 23:00:00,SCA|NO2,mFRR,Not Specified,Not Specified,MARGINAL,55.0,49.89
31/01/2024 23:00:00 - 01/02/2024 00:00:00,SCA|NO2,mFRR,Not Specified,Not Specified,MARGINAL,56.0,44.95
01/02/2024 00:00:00 - 01/02/2024 01:00:00,SCA|NO2,mFRR,Not Specified,Not Specified,MARGINAL,56.0,47.5
01/02/2024 01:00:00 - 01/02/2024 02:00:00,SCA|NO2,mFRR,Not Specified,Not Specified,MARGINAL,52.5,42.44
01/02/2024 02:00:00 - 01/02/2024 03:00:00,SCA|NO2,mFRR,Not Specified,Not Specified,MARGINAL,52.5,43.51
01/02/2024 03:00:00 - 01/02/2024 04:00:00,SCA|NO2,mFRR,Not Specified,Not Specified,MARGINAL,52.5,44.43
01/02/2024 04:00:00 - 01/02/2024 05:00:00,SCA|NO2,mFRR,Not Specified,Not Specified,MARGINAL,48.22,48.22
01/02/2024 05:00:00 - 01/02/2024 06:00:00,SCA|NO2,mFRR,Not Specified,Not Specified,MARGINAL,50.86,50.86
01/02/2024 06:00:00 - 01/02/2024 07:00:00,SCA|NO2,mFRR,Not Specified,Not Specified,MARGINAL,51.85,51.85
01/02/2024 07:00:00 - 01/02/2024 08:00:00,SCA|NO2,mFRR,Not Specified,Not Specified,MARGINAL,64.0,53.83
01/02/2024 08:00:00 - 01/02/2024 09:00:00,SCA|NO2,mFRR,Not Specified,Not Specified,MARGINAL,64.0,54.26
01/02/2024 09:00:00 - 01/02/2024 10:00:00,SCA|NO2,mFRR,Not Specified,Not Specified,MARGINAL,62.0,53.68
01/02/2024 10:00:00 - 01/02/2024 11:00:00,SCA|NO2,mFRR,Not Specified,Not Specified,MARGINAL,53.03,53.03
01/02/2024 11:00:00 - 01/02/2024 12:00:00,SCA|NO2,mFRR,Not Specified,Not Specified,MARGINAL,52.34,52.34
01/02/2024 12:00:00 - 01/02/2024 13:00:00,SCA|NO2,mFRR,Not Specified,Not Specified,MARGINAL,52.38,52.38
01/02/2024 13:00:00 - 01/02/2024 14:00:00,SCA|NO2,mFRR,Not Specified,Not Specified,MARGINAL,51.93,51.93
01/02/2024 14:00:00 - 01/02/2024 15:00:00,SCA|NO2,mFRR,Not Specified,Not Specified,MARGINAL,51.9,51.9
01/02/2024 15:00:00 - 01/02/2024 16:00:00,SCA|NO2,mFRR,Not Specified,Not Specified,MARGINAL,52.28,52.28
01/02/2024 16:00:00 - 01/02/2024 17:00:00,SCA|NO2,mFRR,Not Specified,Not Specified,MARGINAL,53.42,53.42
01/02/2024 17:00:00 - 01/02/2024 18:00:00,SCA|NO2,mFRR,Not Specified,Not Specified,MARGINAL,65.0,54.93
01/02/2024 18:00:00 - 01/02/2024 19:00:00,SCA|NO2,mFRR,Not Specified,Not Specified,MARGINAL,65.0,55.07
01/02/2024 19:00:00 - 01/02/2024 20:00:00,SCA|NO2,mFRR,Not Specified,Not Specified,MARGINAL,55.06,55.06
01/02/2024 20:00:00 - 01/02/2024 21:00:00,SCA|NO2,mFRR,Not Specified,Not Specified,MARGINAL,55.03,55.03
01/02/2024 21:00:00 - 01/02/2024 22:00:00,SCA|NO2,mFRR,Not Specified,Not Specified,MARGINAL,54.93,54.93
01/02/2024 22:00:00 - 01/02/2024 23:00:00,SCA|NO2,mFRR,Not Specified,Not Specified,MARGINAL,54.79,54.79
01/02/2024 23:00:00 - 02/02/2024 00:00:00,SCA|NO2,mFRR,Not Specified,Not Specified,MARGINAL,54.32,54.32
02/02/2024 00:00:00 - 02/02/2024 01:00:00,SCA|NO2,mFRR,Not Specified,Not Specified,MARGINAL,55.74,47.0
02/02/2024 01:00:00 - 02/02/2024 02:00:00,SCA|NO2,mFRR,Not Specified,Not Specified,MARGINAL,54.96,45.0
02/02/2024 02:00:00 - 02/02/2024 03:00:00,SCA|NO2,mFRR,Not Specified,Not Specified,MARGINAL,53.98,44.0
02/02/2024 03:00:00 - 02/02/2024 04:00:00,SCA|NO2,mFRR,Not Specified,Not Specified,MARGINAL,52.94,36.22
02/02/2024 04:00:00 - 02/02/2024 05:00:00,SCA|NO2,mFRR,Not Specified,Not Specified,MARGINAL,51.58,36.22
02/02/2024 05:00:00 - 02/02/2024 06:00:00,SCA|NO2,mFRR,Not Specified,Not Specified,MARGINAL,53.09,45.5
02/02/2024 06:00:00 - 02/02/2024 07:00:00,SCA|NO2,mFRR,Not Specified,Not Specified,MARGINAL,54.19,54.19
02/02/2024 07:00:00 - 02/02/2024 08:00:00,SCA|NO2,mFRR,Not Specified,Not Specified,MARGINAL,67.0,57.82
02/02/2024 08:00:00 - 02/02/2024 09:00:00,SCA|NO2,mFRR,Not Specified,Not Specified,MARGINAL,67.0,59.84
02/02/2024 09:00:00 - 02/02/2024 10:00:00,SCA|NO2,mFRR,Not Specified,Not Specified,MARGINAL,61.0,58.1
02/02/2024 10:00:00 - 02/02/2024 11:00:00,SCA|NO2,mFRR,Not Specified,Not Specified,MARGINAL,61.0,56.74
02/02/2024 11:00:00 - 02/02/2024 12:00:00,SCA|NO2,mFRR,Not Specified,Not Specified,MARGINAL,55.63,55.63
02/02/2024 12:00:00 - 02/02/2024 13:00:00,SCA|NO2,mFRR,Not Specified,Not Specified,MARGINAL,55.12,55.12
02/02/2024 13:00:00 - 02/02/2024 14:00:00,SCA|NO2,mFRR,Not Specified,Not Specified,MARGINAL,54.77,44.0
02/02/2024 14:00:00 - 02/02/2024 15:00:00,SCA|NO2,mFRR,Not Specified,Not Specified,MARGINAL,53.13,43.0
02/02/2024 15:00:00 - 02/02/2024 16:00:00,SCA|NO2,mFRR,Not Specified,Not Specified,MARGINAL,52.95,43.0
02/02/2024 16:00:00 - 02/02/2024 17:00:00,SCA|NO2,mFRR,Not Specified,Not Specified,MARGINAL,53.24,43.0
02/02/2024 17:00:00 - 02/02/2024 18:00:00,SCA|NO2,mFRR,Not Specified,Not Specified,MARGINAL,54.55,47.5
02/02/2024 18:00:00 - 02/02/2024 19:00:00,SCA|NO2,mFRR,Not Specified,Not Specified,MARGINAL,54.8,48.5
02/02/2024 19:00:00 - 02/02/2024 20:00:00,SCA|NO2,mFRR,Not Specified,Not Specified,MARGINAL,53.29,46.0
02/02/2024 20:00:00 - 02/02/2024 21:00:00,SCA|NO2,mFRR,Not Specified,Not Specified,,,
02/02/2024 21:00:00 - 02/02/2024 22:00:00,SCA|NO2,mFRR,Not Specified,Not Specified,MARGINAL,50.7,46.5
02/02/2024 22:00:00 - 02/02/2024 23:00:00,SCA|NO2,mFRR,Not Specified,Not Specified,MARGINAL,47.87,45.0
02/02/2024 23:00:00 - 03/02/2024 00:00:00,SCA|NO2,mFRR,Not Specified,Not Specified,MARGINAL,37.85,34.0
03/02/2024 00:00:00 - 03/02/2024 01:00:00,SCA|NO2,mFRR,Not Specified,Not Specified,MARGINAL,43.19,33.0
03/02/2024 01:00:00 - 03/02/2024 02:00:00,SCA|NO2,mFRR,Not Specified,Not Specified,MARGINAL,44.36,34.5
03/02/2024 02:00:00 - 03/02/2024 03:00:00,SCA|NO2,mFRR,Not Specified,Not Specified,MARGINAL,38.37,1.52
03/02/2024 03:00:00 - 03/02/2024 04:00:00,SCA|NO2,mFRR,Not Specified,Not Specified,MARGINAL,17.29,0.5
03/02/2024 04:00:00 - 03/02/2024 05:00:00,SCA|NO2,mFRR,Not Specified,Not Specified,MARGINAL,8.8,0.5
03/02/2024 05:00:00 - 03/02/2024 06:00:00,SCA|NO2,mFRR,Not Specified,Not Specified,MARGINAL,9.08,-3.0
03/02/2024 06:00:00 - 03/02/2024 07:00:00,SCA|NO2,mFRR,Not Specified,Not Specified,MARGINAL,17.0,0.0
03/02/2024 07:00:00 - 03/02/2024 08:00:00,SCA|NO2,mFRR,Not Specified,Not Specified,MARGINAL,35.26,0.0
03/02/2024 08:00:00 - 03/02/2024 09:00:00,SCA|NO2,mFRR,Not Specified,Not Specified,MARGINAL,47.46,36.0
03/02/2024 09:00:00 - 03/02/2024 10:00:00,SCA|NO2,mFRR,Not Specified,Not Specified,MARGINAL,48.45,44.67
03/02/2024 10:00:00 - 03/02/2024 11:00:00,SCA|NO2,mFRR,Not Specified,Not Specified,MARGINAL,49.44,48.0
03/02/2024 11:00:00 - 03/02/2024 12:00:00,SCA|NO2,mFRR,Not Specified,Not Specified,MARGINAL,49.09,49.09
03/02/2024 12:00:00 - 03/02/2024 13:00:00,SCA|NO2,mFRR,Not Specified,Not Specified,MARGINAL,48.82,39.0
03/02/2024 13:00:00 - 03/02/2024 14:00:00,SCA|NO2,mFRR,Not Specified,Not Specified,MARGINAL,46.92,37.0
03/02/2024 14:00:00 - 03/02/2024 15:00:00,SCA|NO2,mFRR,Not Specified,Not Specified,MARGINAL,43.94,38.0
03/02/2024 15:00:00 - 03/02/2024 16:00:00,SCA|NO2,mFRR,Not Specified,Not Specified,MARGINAL,49.62,36.5
03/02/2024 16:00:00 - 03/02/2024 17:00:00,SCA|NO2,mFRR,Not Specified,Not Specified,MARGINAL,52.34,40.0
03/02/2024 17:00:00 - 03/02/2024 18:00:00,SCA|NO2,mFRR,Not Specified,Not Specified,MARGINAL,55.15,43.0
03/02/2024 18:00:00 - 03/02/2024 19:00:00,SCA|NO2,mFRR,Not Specified,Not Specified,MARGINAL,57.3,43.0
03/02/2024 19:00:00 - 03/02/2024 20:00:00,SCA|NO2,mFRR,Not Specified,Not Specified,MARGINAL,56.19,46.5
03/02/2024 20:00:00 - 03/02/2024 21:00:00,SCA|NO2,mFRR,Not Specified,Not Specified,MARGINAL,54.08,46.5
03/02/2024 21:00:00 - 03/02/2024 22:00:00,SCA|NO2,mFRR,Not Specified,Not Specified,MARGINAL,52.85,46.5
03/02/2024 22:00:00 - 03/02/2024 23:00:00,SCA|NO2,mFRR,Not Specified,Not Specified,MARGINAL,50.81,40.0
03/02/2024 23:00:00 - 04/02/2024 00:00:00,SCA|NO2,mFRR,Not Specified,Not Specified,MARGINAL,42.37,42.37
04/02/2024 00:00:00 - 04/02/2024 01:00:00,SCA|NO2,mFRR,Not Specified,Not Specified,MARGINAL,41.14,41.14
04/02/2024 01:00:00 - 04/02/2024 02:00:00,SCA|NO2,mFRR,Not Specified,Not Specified,MARGINAL,31.19,31.19
04/02/2024 02:00:00 - 04/02/2024 03:00:00,SCA|NO2,mFRR,Not Specified,Not Specified,MARGINAL,6.68,6.68
04/02/2024 03:00:00 - 04/02/2024 04:00:00,SCA|NO2,mFRR,Not Specified,Not Specified,MARGINAL,0.7,0.7
04/02/2024 04:00:00 - 04/02/2024 05:00:00,SCA|NO2,mFRR,Not Specified,Not Specified,MARGINAL,0.0,0.0
04/02/2024 05:00:00 - 04/02/2024 06:00:00,SCA|NO2,mFRR,Not Specified,Not Specified,MARGINAL,0.0,0.0
04/02/2024 06:00:00 - 04/02/2024 07:00:00,SCA|NO2,mFRR,Not Specified,Not Specified,MARGINAL,0.0,0.0
04/02/2024 07:00:00 - 04/02/2024 08:00:00,SCA|NO2,mFRR,Not Specified,Not Specified,MARGINAL,1.08,1.08
04/02/2024 08:00:00 - 04/02/2024 09:00:00,SCA|NO2,mFRR,Not Specified,Not Specified,MARGINAL,11.5,11.5
04/02/2024 09:00:00 - 04/02/2024 10:00:00,SCA|NO2,mFRR,Not Specified,Not Specified,MARGINAL,23.97,-2.0
04/02/2024 10:00:00 - 04/02/2024 11:00:00,SCA|NO2,mFRR,Not Specified,Not Specified,MARGINAL,33.95,-2.0
04/02/2024 11:00:00 - 04/02/2024 12:00:00,SCA|NO2,mFRR,Not Specified,Not Specified,MARGINAL,37.56,-2.0
04/02/2024 12:00:00 - 04/02/2024 13:00:00,SCA|NO2,mFRR,Not Specified,Not Specified,MARGINAL,38.48,-2.5
04/02/2024 13:00:00 - 04/02/2024 14:00:00,SCA|NO2,mFRR,Not Specified,Not Specified,MARGINAL,43.34,-2.0
04/02/2024 14:00:00 - 04/02/2024 15:00:00,SCA|NO2,mFRR,Not Specified,Not Specified,MARGINAL,43.37,-2.0
04/02/2024 15:00:00 - 04/02/2024 16:00:00,SCA|NO2,mFRR,Not Specified,Not Specified,MARGINAL,45.22,25.0
04/02/2024 16:00:00 - 04/02/2024 17:00:00,SCA|NO2,mFRR,Not Specified,Not Specified,MARGINAL,48.58,34.0
04/02/2024 17:00:00 - 04/02/2024 18:00:00,SCA|NO2,mFRR,Not Specified,Not Specified,MARGINAL,51.18,35.0
04/02/2024 18:00:00 - 04/02/2024 19:00:00,SCA|NO2,mFRR,Not Specified,Not Specified,MARGINAL,51.88,37.5
04/02/2024 19:00:00 - 04/02/2024 20:00:00,SCA|NO2,mFRR,Not Specified,Not Specified,MARGINAL,51.49,37.5
04/02/2024 20:00:00 - 04/02/2024 21:00:00,SCA|NO2,mFRR,Not Specified,Not Specified,MARGINAL,51.28,38.0
04/02/2024 21:00:00 - 04/02/2024 22:00:00,SCA|NO2,mFRR,Not Specified,Not Specified,MARGINAL,50.84,40.5
04/02/2024 22:00:00 - 04/02/2024 23:00:00,SCA|NO2,mFRR,Not Specified,Not Specified,MARGINAL,47.26,47.26
04/02/2024 23:00:00 - 05/02/2024 00:00:00,SCA|NO2,mFRR,Not Specified,Not Specified,MARGINAL,39.43,39.43
05/02/2024 00:00:00 - 05/02/2024 01:00:00,SCA|NO2,mFRR,Not Specified,Not Specified,MARGINAL,11.78,11.78
05/02/2024 01:00:00 - 05/02/2024 02:00:00,SCA|NO2,mFRR,Not Specified,Not Specified,MARGINAL,10.65,10.65
05/02/2024 02:00:00 - 05/02/2024 03:00:00,SCA|NO2,mFRR,Not Specified,Not Specified,MARGINAL,9.67,9.67
05/02/2024 03:00:00 - 05/02/2024 04:00:00,SCA|NO2,mFRR,Not Specified,Not Specified,MARGINAL,4.99,-7.92
05/02/2024 04:00:00 - 05/02/2024 05:00:00,SCA|NO2,mFRR,Not Specified,Not Specified,MARGINAL,7.01,-4.03
05/02/2024 05:00:00 - 05/02/2024 06:00:00,SCA|NO2,mFRR,Not Specified,Not Specified,MARGINAL,17.01,-4.03
05/02/2024 06:00:00 - 05/02/2024 07:00:00,SCA|NO2,mFRR,Not Specified,Not Specified,MARGINAL,47.4,47.4
05/02/2024 07:00:00 - 05/02/2024 08:00:00,SCA|NO2,mFRR,Not Specified,Not Specified,MARGINAL,63.0,55.44
05/02/2024 08:00:00 - 05/02/2024 09:00:00,SCA|NO2,mFRR,Not Specified,Not Specified,MARGINAL,71.0,60.82
05/02/2024 09:00:00 - 05/02/2024 10:00:00,SCA|NO2,mFRR,Not Specified,Not Specified,MARGINAL,71.0,56.86
05/02/2024 10:00:00 - 05/02/2024 11:00:00,SCA|NO2,mFRR,Not Specified,Not Specified,MARGINAL,64.0,45.0
05/02/2024 11:00:00 - 05/02/2024 12:00:00,SCA|NO2,mFRR,Not Specified,Not Specified,MARGINAL,50.96,45.0
05/02/2024 12:00:00 - 05/02/2024 13:00:00,SCA|NO2,mFRR,Not Specified,Not Specified,MARGINAL,50.85,45.07
05/02/2024 13:00:00 - 05/02/2024 14:00:00,SCA|NO2,mFRR,Not Specified,Not Specified,MARGINAL,51.88,46.0
05/02/2024 14:00:00 - 05/02/2024 15:00:00,SCA|NO2,mFRR,Not Specified,Not Specified,MARGINAL,55.98,53.98
05/02/2024 15:00:00 - 05/02/2024 16:00:00,SCA|NO2,mFRR,Not Specified,Not Specified,MARGINAL,55.79,49.5
05/02/2024 16:00:00 - 05/02/2024 17:00:00,SCA|NO2,mFRR,Not Specified,Not Specified,MARGINAL,60.72,54.5
05/02/2024 17:00:00 - 05/02/2024 18:00:00,SCA|NO2,mFRR,Not Specified,Not Specified,MARGINAL,72.0,63.0
05/02/2024 18:00:00 - 05/02/2024 19:00:00,SCA|NO2,mFRR,Not Specified,Not Specified,MARGINAL,72.0,68.78
05/02/2024 19:00:00 - 05/02/2024 20:00:00,SCA|NO2,mFRR,Not Specified,Not Specified,MARGINAL,61.84,60.0
05/02/2024 20:00:00 - 05/02/2024 21:00:00,SCA|NO2,mFRR,Not Specified,Not Specified,MARGINAL,60.48,60.48
05/02/2024 21:00:00 - 05/02/2024 22:00:00,SCA|NO2,mFRR,Not Specified,Not Specified,MARGINAL,59.65,52.99
05/02/2024 22:00:00 - 05/02/2024 23:00:00,SCA|NO2,mFRR,Not Specified,Not Specified,MARGINAL,56.3,56.3
05/02/2024 23:00:00 - 06/02/2024 00:00:00,SCA|NO2,mFRR,Not Specified,Not Specified,MARGINAL,52.29,52.29
06/02/2024 00:00:00 - 06/02/2024 01:00:00,SCA|NO2,mFRR,Not Specified,Not Specified,MARGINAL,52.74,43.0
06/02/2024 01:00:00 - 06/02/2024 02:00:00,SCA|NO2,mFRR,Not Specified,Not Specified,MARGINAL,51.05,40.0
06/02/2024 02:00:00 - 06/02/2024 03:00:00,SCA|NO2,mFRR,Not Specified,Not Specified,MARGINAL,48.44,35.0
06/02/2024 03:00:00 - 06/02/2024 04:00:00,SCA|NO2,mFRR,Not Specified,Not Specified,MARGINAL,35.05,35.0
06/02/2024 04:00:00 - 06/02/2024 05:00:00,SCA|NO2,mFRR,Not Specified,Not Specified,MARGINAL,46.42,39.0
06/02/2024 05:00:00 - 06/02/2024 06:00:00,SCA|NO2,mFRR,Not Specified,Not Specified,MARGINAL,49.9,49.9
06/02/2024 06:00:00 - 06/02/2024 07:00:00,SCA|NO2,mFRR,Not Specified,Not Specified,MARGINAL,64.5,53.83
06/02/2024 07:00:00 - 06/02/2024 08:00:00,SCA|NO2,mFRR,Not Specified,Not Specified,MARGINAL,58.53,58.53
06/02/2024 08:00:00 - 06/02/2024 09:00:00,SCA|NO2,mFRR,Not Specified,Not Specified,MARGINAL,62.68,62.68
06/02/2024 09:00:00 - 06/02/2024 10:00:00,SCA|NO2,mFRR,Not Specified,Not Specified,MARGINAL,70.0,63.31
06/02/2024 10:00:00 - 06/02/2024 11:00:00,SCA|NO2,mFRR,Not Specified,Not Specified,MARGINAL,67.0,59.0
06/02/2024 11:00:00 - 06/02/2024 12:00:00,SCA|NO2,mFRR,Not Specified,Not Specified,MARGINAL,60.1,59.0
06/02/2024 12:00:00 - 06/02/2024 13:00:00,SCA|NO2,mFRR,Not Specified,Not Specified,MARGINAL,60.85,55.0
06/02/2024 13:00:00 - 06/02/2024 14:00:00,SCA|NO2,mFRR,Not Specified,Not Specified,MARGINAL,59.98,52.98
06/02/2024 14:00:00 - 06/02/2024 15:00:00,SCA|NO2,mFRR,Not Specified,Not Specified,MARGINAL,61.82,55.0
06/02/2024 15:00:00 - 06/02/2024 16:00:00,SCA|NO2,mFRR,Not Specified,Not Specified,MARGINAL,61.85,56.5
06/02/2024 16:00:00 - 06/02/2024 17:00:00,SCA|NO2,mFRR,Not Specified,Not Specified,MARGINAL,62.63,56.5
06/02/2024 17:00:00 - 06/02/2024 18:00:00,SCA|NO2,mFRR,Not Specified,Not Specified,MARGINAL,64.85,56.5
06/02/2024 18:00:00 - 06/02/2024 19:00:00,SCA|NO2,mFRR,Not Specified,Not Specified,MARGINAL,68.88,63.81
06/02/2024 19:00:00 - 06/02/2024 20:00:00,SCA|NO2,mFRR,Not Specified,Not Specified,MARGINAL,66.35,62.16
06/02/2024 20:00:00 - 06/02/2024 21:00:00,SCA|NO2,mFRR,Not Specified,Not Specified,MARGINAL,60.42,60.42
06/02/2024 21:00:00 - 06/02/2024 22:00:00,SCA|NO2,mFRR,Not Specified,Not Specified,MARGINAL,58.85,50.0
06/02/2024 22:00:00 - 06/02/2024 23:00:00,SCA|NO2,mFRR,Not Specified,Not Specified,MARGINAL,58.04,48.0
06/02/2024 23:00:00 - 07/02/2024 00:00:00,SCA|NO2,mFRR,Not Specified,Not Specified,MARGINAL,55.06,48.5
07/02/2024 00:00:00 - 07/02/2024 01:00:00,SCA|NO2,mFRR,Not Specified,Not Specified,MARGINAL,62.0,53.23
07/02/2024 01:00:00 - 07/02/2024 02:00:00,SCA|NO2,mFRR,Not Specified,Not Specified,MARGINAL,62.0,52.99
07/02/2024 02:00:00 - 07/02/2024 03:00:00,SCA|NO2,mFRR,Not Specified,Not Specified,MARGINAL,67.0,53.26
07/02/2024 03:00:00 - 07/02/2024 04:00:00,SCA|NO2,mFRR,Not Specified,Not Specified,MARGINAL,68.96,53.89
07/02/2024 04:00:00 - 07/02/2024 05:00:00,SCA|NO2,mFRR,Not Specified,Not Specified,MARGINAL,68.47,56.03
07/02/2024 05:00:00 - 07/02/2024 06:00:00,SCA|NO2,mFRR,Not Specified,Not Specified,MARGINAL,67.0,60.12
07/02/2024 06:00:00 - 07/02/2024 07:00:00,SCA|NO2,mFRR,Not Specified,Not Specified,MARGINAL,72.51,72.51
07/02/2024 07:00:00 - 07/02/2024 08:00:00,SCA|NO2,mFRR,Not Specified,Not Specified,MARGINAL,86.67,86.67
07/02/2024 08:00:00 - 07/02/2024 09:00:00,SCA|NO2,mFRR,Not Specified,Not Specified,MARGINAL,87.0,87.0
07/02/2024 09:00:00 - 07/02/2024 10:00:00,SCA|NO2,mFRR,Not Specified,Not Specified,MARGINAL,85.53,85.53
07/02/2024 10:00:00 - 07/02/2024 11:00:00,SCA|NO2,mFRR,Not Specified,Not Specified,MARGINAL,81.17,81.17
07/02/2024 11:00:00 - 07/02/2024 12:00:00,SCA|NO2,mFRR,Not Specified,Not Specified,MARGINAL,76.14,76.14
07/02/2024 12:00:00 - 07/02/2024 13:00:00,SCA|NO2,mFRR,Not Specified,Not Specified,MARGINAL,73.62,67.04
07/02/2024 13:00:00 - 07/02/2024 14:00:00,SCA|NO2,mFRR,Not Specified,Not Specified,MARGINAL,76.02,67.04
07/02/2024 14:00:00 - 07/02/2024 15:00:00,SCA|NO2,mFRR,Not Specified,Not Specified,MARGINAL,80.0,75.07
07/02/2024 15:00:00 - 07/02/2024 16:00:00,SCA|NO2,mFRR,Not Specified,Not Specified,MARGINAL,84.42,84.42
07/02/2024 16:00:00 - 07/02/2024 17:00:00,SCA|NO2,mFRR,Not Specified,Not Specified,MARGINAL,99.0,94.28
07/02/2024 17:00:00 - 07/02/2024 18:00:00,SCA|NO2,mFRR,Not Specified,Not Specified,MARGINAL,140.0,116.57
07/02/2024 18:00:00 - 07/02/2024 19:00:00,SCA|NO2,mFRR,Not Specified,Not Specified,MARGINAL,136.0,132.0
07/02/2024 19:00:00 - 07/02/2024 20:00:00,SCA|NO2,mFRR,Not Specified,Not Specified,MARGINAL,106.79,106.79
07/02/2024 20:00:00 - 07/02/2024 21:00:00,SCA|NO2,mFRR,Not Specified,Not Specified,MARGINAL,97.36,73.5
07/02/2024 21:00:00 - 07/02/2024 22:00:00,SCA|NO2,mFRR,Not Specified,Not Specified,MARGINAL,84.94,74.5
07/02/2024 22:00:00 - 07/02/2024 23:00:00,SCA|NO2,mFRR,Not Specified,Not Specified,MARGINAL,93.86,81.04
07/02/2024 23:00:00 - 08/02/2024 00:00:00,SCA|NO2,mFRR,Not Specified,Not Specified,MARGINAL,76.91,76.91
08/02/2024 00:00:00 - 08/02/2024 01:00:00,SCA|NO2,mFRR,Not Specified,Not Specified,MARGINAL,83.7,71.41
08/02/2024 01:00:00 - 08/02/2024 02:00:00,SCA|NO2,mFRR,Not Specified,Not Specified,MARGINAL,86.5,71.23
08/02/2024 02:00:00 - 08/02/2024 03:00:00,SCA|NO2,mFRR,Not Specified,Not Specified,MARGINAL,80.0,65.5
08/02/2024 03:00:00 - 08/02/2024 04:00:00,SCA|NO2,mFRR,Not Specified,Not Specified,MARGINAL,69.12,65.0
08/02/2024 04:00:00 - 08/02/2024 05:00:00,SCA|NO2,mFRR,Not Specified,Not Specified,MARGINAL,68.89,68.89
08/02/2024 05:00:00 - 08/02/2024 06:00:00,SCA|NO2,mFRR,Not Specified,Not Specified,MARGINAL,74.08,74.08
08/02/2024 06:00:00 - 08/02/2024 07:00:00,SCA|NO2,mFRR,Not Specified,Not Specified,MARGINAL,85.0,84.25
08/02/2024 07:00:00 - 08/02/2024 08:00:00,SCA|NO2,mFRR,Not Specified,Not Specified,MARGINAL,106.59,106.59
08/02/2024 08:00:00 - 08/02/2024 09:00:00,SCA|NO2,mFRR,Not Specified,Not Specified,MARGINAL,129.03,80.15
08/02/2024 09:00:00 - 08/02/2024 10:00:00,SCA|NO2,mFRR,Not Specified,Not Specified,MARGINAL,110.03,80.55
08/02/2024 10:00:00 - 08/02/2024 11:00:00,SCA|NO2,mFRR,Not Specified,Not Specified,MARGINAL,117.0,94.96
08/02/2024 11:00:00 - 08/02/2024 12:00:00,SCA|NO2,mFRR,Not Specified,Not Specified,MARGINAL,115.0,89.21
08/02/2024 12:00:00 - 08/02/2024 13:00:00,SCA|NO2,mFRR,Not Specified,Not Specified,MARGINAL,213.41,86.79
08/02/2024 13:00:00 - 08/02/2024 14:00:00,SCA|NO2,mFRR,Not Specified,Not Specified,MARGINAL,88.34,88.34
08/02/2024 14:00:00 - 08/02/2024 15:00:00,SCA|NO2,mFRR,Not Specified,Not Specified,MARGINAL,91.78,77.0
08/02/2024 15:00:00 - 08/02/2024 16:00:00,SCA|NO2,mFRR,Not Specified,Not Specified,MARGINAL,91.45,77.0
08/02/2024 16:00:00 - 08/02/2024 17:00:00,SCA|NO2,mFRR,Not Specified,Not Specified,MARGINAL,79.35,77.0
08/02/2024 17:00:00 - 08/02/2024 18:00:00,SCA|NO2,mFRR,Not Specified,Not Specified,MARGINAL,95.5,79.75
08/02/2024 18:00:00 - 08/02/2024 19:00:00,SCA|NO2,mFRR,Not Specified,Not Specified,MARGINAL,91.57,91.57
08/02/2024 19:00:00 - 08/02/2024 20:00:00,SCA|NO2,mFRR,Not Specified,Not Specified,MARGINAL,83.56,83.56
08/02/2024 20:00:00 - 08/02/2024 21:00:00,SCA|NO2,mFRR,Not Specified,Not Specified,MARGINAL,80.62,80.62
08/02/2024 21:00:00 - 08/02/2024 22:00:00,SCA|NO2,mFRR,Not Specified,Not Specified,MARGINAL,85.0,78.11
08/02/2024 22:00:00 - 08/02/2024 23:00:00,SCA|NO2,mFRR,Not Specified,Not Specified,MARGINAL,80.0,73.4
08/02/2024 23:00:00 - 09/02/2024 00:00:00,SCA|NO2,mFRR,Not Specified,Not Specified,MARGINAL,76.0,64.06
09/02/2024 00:00:00 - 09/02/2024 01:00:00,SCA|NO2,mFRR,Not Specified,Not Specified,MARGINAL,62.36,62.36
09/02/2024 01:00:00 - 09/02/2024 02:00:00,SCA|NO2,mFRR,Not Specified,Not Specified,MARGINAL,70.0,60.46
09/02/2024 02:00:00 - 09/02/2024 03:00:00,SCA|NO2,mFRR,Not Specified,Not Specified,MARGINAL,57.55,50.5
09/02/2024 03:00:00 - 09/02/2024 04:00:00,SCA|NO2,mFRR,Not Specified,Not Specified,MARGINAL,53.26,39.0
09/02/2024 04:00:00 - 09/02/2024 05:00:00,SCA|NO2,mFRR,Not Specified,Not Specified,MARGINAL,51.56,50.0
09/02/2024 05:00:00 - 09/02/2024 06:00:00,SCA|NO2,mFRR,Not Specified,Not Specified,MARGINAL,52.94,43.0
09/02/2024 06:00:00 - 09/02/2024 07:00:00,SCA|NO2,mFRR,Not Specified,Not Specified,MARGINAL,57.25,46.5
09/02/2024 07:00:00 - 09/02/2024 08:00:00,SCA|NO2,mFRR,Not Specified,Not Specified,MARGINAL,77.0,61.8
09/02/2024 08:00:00 - 09/02/2024 09:00:00,SCA|NO2,mFRR,Not Specified,Not Specified,MARGINAL,83.0,64.05
09/02/2024 09:00:00 - 09/02/2024 10:00:00,SCA|NO2,mFRR,Not Specified,Not Specified,MARGINAL,83.0,65.66
09/02/2024 10:00:00 - 09/02/2024 11:00:00,SCA|NO2,mFRR,Not Specified,Not Specified,MARGINAL,79.13,67.37
09/02/2024 11:00:00 - 09/02/2024 12:00:00,SCA|NO2,mFRR,Not Specified,Not Specified,MARGINAL,80.0,67.3
09/02/2024 12:00:00 - 09/02/2024 13:00:00,SCA|NO2,mFRR,Not Specified,Not Specified,MARGINAL,80.0,65.75
09/02/2024 13:00:00 - 09/02/2024 14:00:00,SCA|NO2,mFRR,Not Specified,Not Specified,MARGINAL,83.02,65.4
09/02/2024 14:00:00 - 09/02/2024 15:00:00,SCA|NO2,mFRR,Not Specified,Not Specified,MARGINAL,80.09,70.09
09/02/2024 15:00:00 - 09/02/2024 16:00:00,SCA|NO2,mFRR,Not Specified,Not Specified,MARGINAL,82.0,70.12
09/02/2024 16:00:00 - 09/02/2024 17:00:00,SCA|NO2,mFRR,Not Specified,Not Specified,MARGINAL,76.5,70.8
09/02/2024 17:00:00 - 09/02/2024 18:00:00,SCA|NO2,mFRR,Not Specified,Not Specified,MARGINAL,85.0,76.44
09/02/2024 18:00:00 - 09/02/2024 19:00:00,SCA|NO2,mFRR,Not Specified,Not Specified,MARGINAL,85.0,75.94
09/02/2024 19:00:00 - 09/02/2024 20:00:00,SCA|NO2,mFRR,Not Specified,Not Specified,MARGINAL,78.0,70.94
09/02/2024 20:00:00 - 09/02/2024 21:00:00,SCA|NO2,mFRR,Not Specified,Not Specified,MARGINAL,67.25,67.25
09/02/2024 21:00:00 - 09/02/2024 22:00:00,SCA|NO2,mFRR,Not Specified,Not Specified,MARGINAL,66.15,66.15
09/02/2024 22:00:00 - 09/02/2024 23:00:00,SCA|NO2,mFRR,Not Specified,Not Specified,MARGINAL,64.96,64.96
09/02/2024 23:00:00 - 10/02/2024 00:00:00,SCA|NO2,mFRR,Not Specified,Not Specified,MARGINAL,63.28,63.28
10/02/2024 00:00:00 - 10/02/2024 01:00:00,SCA|NO2,mFRR,Not Specified,Not Specified,MARGINAL,65.0,61.14
10/02/2024 01:00:00 - 10/02/2024 02:00:00,SCA|NO2,mFRR,Not Specified,Not Specified,MARGINAL,74.0,62.03
10/02/2024 02:00:00 - 10/02/2024 03:00:00,SCA|NO2,mFRR,Not Specified,Not Specified,,,
10/02/2024 03:00:00 - 10/02/2024 04:00:00,SCA|NO2,mFRR,Not Specified,Not Specified,,,
10/02/2024 04:00:00 - 10/02/2024 05:00:00,SCA|NO2,mFRR,Not Specified,Not Specified,,,
10/02/2024 05:00:00 - 10/02/2024 06:00:00,SCA|NO2,mFRR,Not Specified,Not Specified,,,
10/02/2024 06:00:00 - 10/02/2024 07:00:00,SCA|NO2,mFRR,Not Specified,Not Specified,,,
10/02/2024 07:00:00 - 10/02/2024 08:00:00,SCA|NO2,mFRR,Not Specified,Not Specified,,,
10/02/2024 08:00:00 - 10/02/2024 09:00:00,SCA|NO2,mFRR,Not Specified,Not Specified,MARGINAL,76.0,64.74
10/02/2024 09:00:00 - 10/02/2024 10:00:00,SCA|NO2,mFRR,Not Specified,Not Specified,,,
10/02/2024 10:00:00 - 10/02/2024 11:00:00,SCA|NO2,mFRR,Not Specified,Not Specified,,,
10/02/2024 11:00:00 - 10/02/2024 12:00:00,SCA|NO2,mFRR,Not Specified,Not Specified,,,
10/02/2024 12:00:00 - 10/02/2024 13:00:00,SCA|NO2,mFRR,Not Specified,Not Specified,,,
10/02/2024 13:00:00 - 10/02/2024 14:00:00,SCA|NO2,mFRR,Not Specified,Not Specified,,,
10/02/2024 14:00:00 - 10/02/2024 15:00:00,SCA|NO2,mFRR,Not Specified,Not Specified,MARGINAL,78.5,66.91
10/02/2024 15:00:00 - 10/02/2024 16:00:00,SCA|NO2,mFRR,Not Specified,Not Specified,MARGINAL,77.0,68.01
10/02/2024 16:00:00 - 10/02/2024 17:00:00,SCA|NO2,mFRR,Not Specified,Not Specified,MARGINAL,68.92,64.0
10/02/2024 17:00:00 - 10/02/2024 18:00:00,SCA|NO2,mFRR,Not Specified,Not Specified,MARGINAL,86.2,65.0
10/02/2024 18:00:00 - 10/02/2024 19:00:00,SCA|NO2,mFRR,Not Specified,Not Specified,MARGINAL,84.91,84.91
10/02/2024 19:00:00 - 10/02/2024 20:00:00,SCA|NO2,mFRR,Not Specified,Not Specified,MARGINAL,77.0,69.06
10/02/2024 20:00:00 - 10/02/2024 21:00:00,SCA|NO2,mFRR,Not Specified,Not Specified,MARGINAL,65.28,58.0
10/02/2024 21:00:00 - 10/02/2024 22:00:00,SCA|NO2,mFRR,Not Specified,Not Specified,MARGINAL,64.18,58.0
10/02/2024 22:00:00 - 10/02/2024 23:00:00,SCA|NO2,mFRR,Not Specified,Not Specified,MARGINAL,63.38,56.0
10/02/2024 23:00:00 - 11/02/2024 00:00:00,SCA|NO2,mFRR,Not Specified,Not Specified,MARGINAL,61.93,55.0
11/02/2024 00:00:00 - 11/02/2024 01:00:00,SCA|NO2,mFRR,Not Specified,Not Specified,MARGINAL,57.92,57.92
11/02/2024 01:00:00 - 11/02/2024 02:00:00,SCA|NO2,mFRR,Not Specified,Not Specified,MARGINAL,56.39,56.39
11/02/2024 02:00:00 - 11/02/2024 03:00:00,SCA|NO2,mFRR,Not Specified,Not Specified,MARGINAL,54.28,54.28
11/02/2024 03:00:00 - 11/02/2024 04:00:00,SCA|NO2,mFRR,Not Specified,Not Specified,MARGINAL,51.78,43.0
11/02/2024 04:00:00 - 11/02/2024 05:00:00,SCA|NO2,mFRR,Not Specified,Not Specified,MARGINAL,50.88,30.92
11/02/2024 05:00:00 - 11/02/2024 06:00:00,SCA|NO2,mFRR,Not Specified,Not Specified,MARGINAL,51.99,30.91
11/02/2024 06:00:00 - 11/02/2024 07:00:00,SCA|NO2,mFRR,Not Specified,Not Specified,MARGINAL,52.83,39.0
11/02/2024 07:00:00 - 11/02/2024 08:00:00,SCA|NO2,mFRR,Not Specified,Not Specified,MARGINAL,55.97,45.0
11/02/2024 08:00:00 - 11/02/2024 09:00:00,SCA|NO2,mFRR,Not Specified,Not Specified,MARGINAL,56.97,50.5
11/02/2024 09:00:00 - 11/02/2024 10:00:00,SCA|NO2,mFRR,Not Specified,Not Specified,MARGINAL,68.5,58.57
11/02/2024 10:00:00 - 11/02/2024 11:00:00,SCA|NO2,mFRR,Not Specified,Not Specified,MARGINAL,75.5,61.16
11/02/2024 11:00:00 - 11/02/2024 12:00:00,SCA|NO2,mFRR,Not Specified,Not Specified,MARGINAL,77.0,63.97
11/02/2024 12:00:00 - 11/02/2024 13:00:00,SCA|NO2,mFRR,Not Specified,Not Specified,MARGINAL,77.5,63.05
11/02/2024 13:00:00 - 11/02/2024 14:00:00,SCA|NO2,mFRR,Not Specified,Not Specified,MARGINAL,77.5,61.73
11/02/2024 14:00:00 - 11/02/2024 15:00:00,SCA|NO2,mFRR,Not Specified,Not Specified,MARGINAL,70.0,63.33
11/02/2024 15:00:00 - 11/02/2024 16:00:00,SCA|NO2,mFRR,Not Specified,Not Specified,MARGINAL,70.0,64.71
11/02/2024 16:00:00 - 11/02/2024 17:00:00,SCA|NO2,mFRR,Not Specified,Not Specified,MARGINAL,68.04,61.0
11/02/2024 17:00:00 - 11/02/2024 18:00:00,SCA|NO2,mFRR,Not Specified,Not Specified,MARGINAL,76.07,63.5
11/02/2024 18:00:00 - 11/02/2024 19:00:00,SCA|NO2,mFRR,Not Specified,Not Specified,MARGINAL,92.5,78.24
11/02/2024 19:00:00 - 11/02/2024 20:00:00,SCA|NO2,mFRR,Not Specified,Not Specified,MARGINAL,92.5,72.77
11/02/2024 20:00:00 - 11/02/2024 21:00:00,SCA|NO2,mFRR,Not Specified,Not Specified,MARGINAL,92.5,74.37
11/02/2024 21:00:00 - 11/02/2024 22:00:00,SCA|NO2,mFRR,Not Specified,Not Specified,MARGINAL,79.0,67.9
11/02/2024 22:00:00 - 11/02/2024 23:00:00,SCA|NO2,mFRR,Not Specified,Not Specified,MARGINAL,85.0,65.89
11/02/2024 23:00:00 - 12/02/2024 00:00:00,SCA|NO2,mFRR,Not Specified,Not Specified,MARGINAL,80.5,62.02
12/02/2024 00:00:00 - 12/02/2024 01:00:00,SCA|NO2,mFRR,Not Specified,Not Specified,MARGINAL,74.5,62.35
12/02/2024 01:00:00 - 12/02/2024 02:00:00,SCA|NO2,mFRR,Not Specified,Not Specified,MARGINAL,74.5,59.94
12/02/2024 02:00:00 - 12/02/2024 03:00:00,SCA|NO2,mFRR,Not Specified,Not Specified,MARGINAL,68.0,58.79
12/02/2024 03:00:00 - 12/02/2024 04:00:00,SCA|NO2,mFRR,Not Specified,Not Specified,MARGINAL,65.5,57.77
12/02/2024 04:00:00 - 12/02/2024 05:00:00,SCA|NO2,mFRR,Not Specified,Not Specified,MARGINAL,65.0,59.21
12/02/2024 05:00:00 - 12/02/2024 06:00:00,SCA|NO2,mFRR,Not Specified,Not Specified,MARGINAL,70.0,63.01
12/02/2024 06:00:00 - 12/02/2024 07:00:00,SCA|NO2,mFRR,Not Specified,Not Specified,MARGINAL,150.0,66.89
12/02/2024 07:00:00 - 12/02/2024 08:00:00,SCA|NO2,mFRR,Not Specified,Not Specified,MARGINAL,150.0,82.93
12/02/2024 08:00:00 - 12/02/2024 09:00:00,SCA|NO2,mFRR,Not Specified,Not Specified,MARGINAL,104.42,100.98
12/02/2024 09:00:00 - 12/02/2024 10:00:00,SCA|NO2,mFRR,Not Specified,Not Specified,MARGINAL,94.0,93.7
12/02/2024 10:00:00 - 12/02/2024 11:00:00,SCA|NO2,mFRR,Not Specified,Not Specified,MARGINAL,87.0,83.0
12/02/2024 11:00:00 - 12/02/2024 12:00:00,SCA|NO2,mFRR,Not Specified,Not Specified,MARGINAL,87.0,76.8
12/02/2024 12:00:00 - 12/02/2024 13:00:00,SCA|NO2,mFRR,Not Specified,Not Specified,MARGINAL,164.0,65.29
12/02/2024 13:00:00 - 12/02/2024 14:00:00,SCA|NO2,mFRR,Not Specified,Not Specified,MARGINAL,164.0,62.08
12/02/2024 14:00:00 - 12/02/2024 15:00:00,SCA|NO2,mFRR,Not Specified,Not Specified,MARGINAL,77.5,62.38
12/02/2024 15:00:00 - 12/02/2024 16:00:00,SCA|NO2,mFRR,Not Specified,Not Specified,MARGINAL,77.5,64.52
12/02/2024 16:00:00 - 12/02/2024 17:00:00,SCA|NO2,mFRR,Not Specified,Not Specified,MARGINAL,77.0,75.81
12/02/2024 17:00:00 - 12/02/2024 18:00:00,SCA|NO2,mFRR,Not Specified,Not Specified,MARGINAL,108.0,90.99
12/02/2024 18:00:00 - 12/02/2024 19:00:00,SCA|NO2,mFRR,Not Specified,Not Specified,MARGINAL,200.0,93.02
12/02/2024 19:00:00 - 12/02/2024 20:00:00,SCA|NO2,mFRR,Not Specified,Not Specified,MARGINAL,200.0,86.32
12/02/2024 20:00:00 - 12/02/2024 21:00:00,SCA|NO2,mFRR,Not Specified,Not Specified,MARGINAL,100.0,76.53
12/02/2024 21:00:00 - 12/02/2024 22:00:00,SCA|NO2,mFRR,Not Specified,Not Specified,MARGINAL,75.0,67.94
12/02/2024 22:00:00 - 12/02/2024 23:00:00,SCA|NO2,mFRR,Not Specified,Not Specified,MARGINAL,63.75,63.75
12/02/2024 23:00:00 - 13/02/2024 00:00:00,SCA|NO2,mFRR,Not Specified,Not Specified,MARGINAL,59.94,59.94
13/02/2024 00:00:00 - 13/02/2024 01:00:00,SCA|NO2,mFRR,Not Specified,Not Specified,MARGINAL,64.38,59.0
13/02/2024 01:00:00 - 13/02/2024 02:00:00,SCA|NO2,mFRR,Not Specified,Not Specified,MARGINAL,63.22,55.0
13/02/2024 02:00:00 - 13/02/2024 03:00:00,SCA|NO2,mFRR,Not Specified,Not Specified,MARGINAL,61.1,55.0
13/02/2024 03:00:00 - 13/02/2024 04:00:00,SCA|NO2,mFRR,Not Specified,Not Specified,MARGINAL,58.96,54.0
13/02/2024 04:00:00 - 13/02/2024 05:00:00,SCA|NO2,mFRR,Not Specified,Not Specified,MARGINAL,58.82,53.0
13/02/2024 05:00:00 - 13/02/2024 06:00:00,SCA|NO2,mFRR,Not Specified,Not Specified,MARGINAL,60.88,55.0
13/02/2024 06:00:00 - 13/02/2024 07:00:00,SCA|NO2,mFRR,Not Specified,Not Specified,MARGINAL,64.23,64.23
13/02/2024 07:00:00 - 13/02/2024 08:00:00,SCA|NO2,mFRR,Not Specified,Not Specified,MARGINAL,78.0,73.49
13/02/2024 08:00:00 - 13/02/2024 09:00:00,SCA|NO2,mFRR,Not Specified,Not Specified,MARGINAL,87.0,86.18
13/02/2024 09:00:00 - 13/02/2024 10:00:00,SCA|NO2,mFRR,Not Specified,Not Specified,MARGINAL,72.79,72.79
13/02/2024 10:00:00 - 13/02/2024 11:00:00,SCA|NO2,mFRR,Not Specified,Not Specified,MARGINAL,75.0,67.06
13/02/2024 11:00:00 - 13/02/2024 12:00:00,SCA|NO2,mFRR,Not Specified,Not Specified,MARGINAL,73.0,63.87
13/02/2024 12:00:00 - 13/02/2024 13:00:00,SCA|NO2,mFRR,Not Specified,Not Specified,MARGINAL,69.0,60.53
13/02/2024 13:00:00 - 13/02/2024 14:00:00,SCA|NO2,mFRR,Not Specified,Not Specified,MARGINAL,60.26,60.26
13/02/2024 14:00:00 - 13/02/2024 15:00:00,SCA|NO2,mFRR,Not Specified,Not Specified,MARGINAL,63.1,63.1
13/02/2024 15:00:00 - 13/02/2024 16:00:00,SCA|NO2,mFRR,Not Specified,Not Specified,MARGINAL,68.65,68.65
13/02/2024 16:00:00 - 13/02/2024 17:00:00,SCA|NO2,mFRR,Not Specified,Not Specified,MARGINAL,75.78,63.0
13/02/2024 17:00:00 - 13/02/2024 18:00:00,SCA|NO2,mFRR,Not Specified,Not Specified,MARGINAL,92.06,60.37
13/02/2024 18:00:00 - 13/02/2024 19:00:00,SCA|NO2,mFRR,Not Specified,Not Specified,MARGINAL,96.78,63.0
13/02/2024 19:00:00 - 13/02/2024 20:00:00,SCA|NO2,mFRR,Not Specified,Not Specified,MARGINAL,88.21,64.0
13/02/2024 20:00:00 - 13/02/2024 21:00:00,SCA|NO2,mFRR,Not Specified,Not Specified,MARGINAL,75.71,64.0
13/02/2024 21:00:00 - 13/02/2024 22:00:00,SCA|NO2,mFRR,Not Specified,Not Specified,MARGINAL,69.78,69.78
13/02/2024 22:00:00 - 13/02/2024 23:00:00,SCA|NO2,mFRR,Not Specified,Not Specified,MARGINAL,66.2,66.2
13/02/2024 23:00:00 - 14/02/2024 00:00:00,SCA|NO2,mFRR,Not Specified,Not Specified,MARGINAL,63.07,63.07
14/02/2024 00:00:00 - 14/02/2024 01:00:00,SCA|NO2,mFRR,Not Specified,Not Specified,MARGINAL,60.63,60.63
14/02/2024 01:00:00 - 14/02/2024 02:00:00,SCA|NO2,mFRR,Not Specified,Not Specified,MARGINAL,59.34,59.34
14/02/2024 02:00:00 - 14/02/2024 03:00:00,SCA|NO2,mFRR,Not Specified,Not Specified,MARGINAL,60.0,57.55
14/02/2024 03:00:00 - 14/02/2024 04:00:00,SCA|NO2,mFRR,Not Specified,Not Specified,MARGINAL,60.0,56.54
14/02/2024 04:00:00 - 14/02/2024 05:00:00,SCA|NO2,mFRR,Not Specified,Not Specified,MARGINAL,60.0,56.82
14/02/2024 05:00:00 - 14/02/2024 06:00:00,SCA|NO2,mFRR,Not Specified,Not Specified,MARGINAL,59.66,59.66
14/02/2024 06:00:00 - 14/02/2024 07:00:00,SCA|NO2,mFRR,Not Specified,Not Specified,MARGINAL,73.0,61.49
14/02/2024 07:00:00 - 14/02/2024 08:00:00,SCA|NO2,mFRR,Not Specified,Not Specified,MARGINAL,73.0,70.63
14/02/2024 08:00:00 - 14/02/2024 09:00:00,SCA|NO2,mFRR,Not Specified,Not Specified,MARGINAL,77.41,62.0
14/02/2024 09:00:00 - 14/02/2024 10:00:00,SCA|NO2,mFRR,Not Specified,Not Specified,MARGINAL,71.0,62.5
14/02/2024 10:00:00 - 14/02/2024 11:00:00,SCA|NO2,mFRR,Not Specified,Not Specified,MARGINAL,79.24,63.86
14/02/2024 11:00:00 - 14/02/2024 12:00:00,SCA|NO2,mFRR,Not Specified,Not Specified,MARGINAL,80.5,63.29
14/02/2024 12:00:00 - 14/02/2024 13:00:00,SCA|NO2,mFRR,Not Specified,Not Specified,MARGINAL,77.0,62.63
14/02/2024 13:00:00 - 14/02/2024 14:00:00,SCA|NO2,mFRR,Not Specified,Not Specified,MARGINAL,62.9,58.53
14/02/2024 14:00:00 - 14/02/2024 15:00:00,SCA|NO2,mFRR,Not Specified,Not Specified,MARGINAL,66.89,59.0
14/02/2024 15:00:00 - 14/02/2024 16:00:00,SCA|NO2,mFRR,Not Specified,Not Specified,MARGINAL,70.0,62.0
14/02/2024 16:00:00 - 14/02/2024 17:00:00,SCA|NO2,mFRR,Not Specified,Not Specified,MARGINAL,77.0,76.1
14/02/2024 17:00:00 - 14/02/2024 18:00:00,SCA|NO2,mFRR,Not Specified,Not Specified,MARGINAL,80.56,80.56
14/02/2024 18:00:00 - 14/02/2024 19:00:00,SCA|NO2,mFRR,Not Specified,Not Specified,MARGINAL,84.89,84.89
14/02/2024 19:00:00 - 14/02/2024 20:00:00,SCA|NO2,mFRR,Not Specified,Not Specified,MARGINAL,81.85,81.85
14/02/2024 20:00:00 - 14/02/2024 21:00:00,SCA|NO2,mFRR,Not Specified,Not Specified,MARGINAL,74.15,74.15
14/02/2024 21:00:00 - 14/02/2024 22:00:00,SCA|NO2,mFRR,Not Specified,Not Specified,MARGINAL,67.48,67.48
14/02/2024 22:00:00 - 14/02/2024 23:00:00,SCA|NO2,mFRR,Not Specified,Not Specified,MARGINAL,66.02,66.02
14/02/2024 23:00:00 - 15/02/2024 00:00:00,SCA|NO2,mFRR,Not Specified,Not Specified,MARGINAL,61.99,61.99
15/02/2024 00:00:00 - 15/02/2024 01:00:00,SCA|NO2,mFRR,Not Specified,Not Specified,MARGINAL,59.92,59.92
15/02/2024 01:00:00 - 15/02/2024 02:00:00,SCA|NO2,mFRR,Not Specified,Not Specified,MARGINAL,59.36,59.36
15/02/2024 02:00:00 - 15/02/2024 03:00:00,SCA|NO2,mFRR,Not Specified,Not Specified,MARGINAL,58.55,58.55
15/02/2024 03:00:00 - 15/02/2024 04:00:00,SCA|NO2,mFRR,Not Specified,Not Specified,MARGINAL,58.4,58.4
15/02/2024 04:00:00 - 15/02/2024 05:00:00,SCA|NO2,mFRR,Not Specified,Not Specified,MARGINAL,59.51,51.0
15/02/2024 05:00:00 - 15/02/2024 06:00:00,SCA|NO2,mFRR,Not Specified,Not Specified,MARGINAL,61.07,51.5
15/02/2024 06:00:00 - 15/02/2024 07:00:00,SCA|NO2,mFRR,Not Specified,Not Specified,MARGINAL,61.9,61.9
15/02/2024 07:00:00 - 15/02/2024 08:00:00,SCA|NO2,mFRR,Not Specified,Not Specified,MARGINAL,79.04,79.04
15/02/2024 08:00:00 - 15/02/2024 09:00:00,SCA|NO2,mFRR,Not Specified,Not Specified,MARGINAL,80.1,59.5
15/02/2024 09:00:00 - 15/02/2024 10:00:00,SCA|NO2,mFRR,Not Specified,Not Specified,MARGINAL,76.17,76.17
15/02/2024 10:00:00 - 15/02/2024 11:00:00,SCA|NO2,mFRR,Not Specified,Not Specified,MARGINAL,72.03,72.03
15/02/2024 11:00:00 - 15/02/2024 12:00:00,SCA|NO2,mFRR,Not Specified,Not Specified,MARGINAL,67.79,67.79
15/02/2024 12:00:00 - 15/02/2024 13:00:00,SCA|NO2,mFRR,Not Specified,Not Specified,MARGINAL,67.41,64.84
15/02/2024 13:00:00 - 15/02/2024 14:00:00,SCA|NO2,mFRR,Not Specified,Not Specified,MARGINAL,67.5,64.41
15/02/2024 14:00:00 - 15/02/2024 15:00:00,SCA|NO2,mFRR,Not Specified,Not Specified,MARGINAL,67.75,58.0
15/02/2024 15:00:00 - 15/02/2024 16:00:00,SCA|NO2,mFRR,Not Specified,Not Specified,MARGINAL,72.88,56.0
15/02/2024 16:00:00 - 15/02/2024 17:00:00,SCA|NO2,mFRR,Not Specified,Not Specified,MARGINAL,76.45,58.0
15/02/2024 17:00:00 - 15/02/2024 18:00:00,SCA|NO2,mFRR,Not Specified,Not Specified,MARGINAL,82.01,59.0
15/02/2024 18:00:00 - 15/02/2024 19:00:00,SCA|NO2,mFRR,Not Specified,Not Specified,MARGINAL,82.01,62.0
15/02/2024 19:00:00 - 15/02/2024 20:00:00,SCA|NO2,mFRR,Not Specified,Not Specified,MARGINAL,72.55,62.0
15/02/2024 20:00:00 - 15/02/2024 21:00:00,SCA|NO2,mFRR,Not Specified,Not Specified,MARGINAL,66.73,66.73
15/02/2024 21:00:00 - 15/02/2024 22:00:00,SCA|NO2,mFRR,Not Specified,Not Specified,MARGINAL,61.29,61.29
15/02/2024 22:00:00 - 15/02/2024 23:00:00,SCA|NO2,mFRR,Not Specified,Not Specified,MARGINAL,63.0,60.21
15/02/2024 23:00:00 - 16/02/2024 00:00:00,SCA|NO2,mFRR,Not Specified,Not Specified,MARGINAL,58.01,58.01
16/02/2024 00:00:00 - 16/02/2024 01:00:00,SCA|NO2,mFRR,Not Specified,Not Specified,MARGINAL,54.0,53.31
16/02/2024 01:00:00 - 16/02/2024 02:00:00,SCA|NO2,mFRR,Not Specified,Not Specified,MARGINAL,54.99,52.32
16/02/2024 02:00:00 - 16/02/2024 03:00:00,SCA|NO2,mFRR,Not Specified,Not Specified,MARGINAL,54.99,51.41
16/02/2024 03:00:00 - 16/02/2024 04:00:00,SCA|NO2,mFRR,Not Specified,Not Specified,MARGINAL,50.37,50.37
16/02/2024 04:00:00 - 16/02/2024 05:00:00,SCA|NO2,mFRR,Not Specified,Not Specified,MARGINAL,51.82,51.82
16/02/2024 05:00:00 - 16/02/2024 06:00:00,SCA|NO2,mFRR,Not Specified,Not Specified,MARGINAL,53.94,53.94
16/02/2024 06:00:00 - 16/02/2024 07:00:00,SCA|NO2,mFRR,Not Specified,Not Specified,MARGINAL,55.24,55.24
16/02/2024 07:00:00 - 16/02/2024 08:00:00,SCA|NO2,mFRR,Not Specified,Not Specified,MARGINAL,59.61,59.61
16/02/2024 08:00:00 - 16/02/2024 09:00:00,SCA|NO2,mFRR,Not Specified,Not Specified,MARGINAL,61.3,61.3
16/02/2024 09:00:00 - 16/02/2024 10:00:00,SCA|NO2,mFRR,Not Specified,Not Specified,MARGINAL,59.36,59.36
16/02/2024 10:00:00 - 16/02/2024 11:00:00,SCA|NO2,mFRR,Not Specified,Not Specified,MARGINAL,58.0,56.0
16/02/2024 11:00:00 - 16/02/2024 12:00:00,SCA|NO2,mFRR,Not Specified,Not Specified,MARGINAL,58.0,54.47
16/02/2024 12:00:00 - 16/02/2024 13:00:00,SCA|NO2,mFRR,Not Specified,Not Specified,MARGINAL,54.0,54.0
16/02/2024 13:00:00 - 16/02/2024 14:00:00,SCA|NO2,mFRR,Not Specified,Not Specified,MARGINAL,53.99,53.99
16/02/2024 14:00:00 - 16/02/2024 15:00:00,SCA|NO2,mFRR,Not Specified,Not Specified,MARGINAL,56.5,55.27
16/02/2024 15:00:00 - 16/02/2024 16:00:00,SCA|NO2,mFRR,Not Specified,Not Specified,MARGINAL,57.49,57.49
16/02/2024 16:00:00 - 16/02/2024 17:00:00,SCA|NO2,mFRR,Not Specified,Not Specified,MARGINAL,58.18,58.18
16/02/2024 17:00:00 - 16/02/2024 18:00:00,SCA|NO2,mFRR,Not Specified,Not Specified,MARGINAL,63.57,58.27
16/02/2024 18:00:00 - 16/02/2024 19:00:00,SCA|NO2,mFRR,Not Specified,Not Specified,MARGINAL,63.5,57.87
16/02/2024 19:00:00 - 16/02/2024 20:00:00,SCA|NO2,mFRR,Not Specified,Not Specified,MARGINAL,56.34,56.34
16/02/2024 20:00:00 - 16/02/2024 21:00:00,SCA|NO2,mFRR,Not Specified,Not Specified,MARGINAL,54.94,54.94
16/02/2024 21:00:00 - 16/02/2024 22:00:00,SCA|NO2,mFRR,Not Specified,Not Specified,MARGINAL,54.49,54.49
16/02/2024 22:00:00 - 16/02/2024 23:00:00,SCA|NO2,mFRR,Not Specified,Not Specified,MARGINAL,53.62,53.62
16/02/2024 23:00:00 - 17/02/2024 00:00:00,SCA|NO2,mFRR,Not Specified,Not Specified,MARGINAL,53.59,53.59
17/02/2024 00:00:00 - 17/02/2024 01:00:00,SCA|NO2,mFRR,Not Specified,Not Specified,MARGINAL,51.41,51.41
17/02/2024 01:00:00 - 17/02/2024 02:00:00,SCA|NO2,mFRR,Not Specified,Not Specified,MARGINAL,49.99,49.99
17/02/2024 02:00:00 - 17/02/2024 03:00:00,SCA|NO2,mFRR,Not Specified,Not Specified,MARGINAL,50.3,50.3
17/02/2024 03:00:00 - 17/02/2024 04:00:00,SCA|NO2,mFRR,Not Specified,Not Specified,MARGINAL,51.36,51.36
17/02/2024 04:00:00 - 17/02/2024 05:00:00,SCA|NO2,mFRR,Not Specified,Not Specified,MARGINAL,52.88,46.0
17/02/2024 05:00:00 - 17/02/2024 06:00:00,SCA|NO2,mFRR,Not Specified,Not Specified,MARGINAL,53.76,46.0
17/02/2024 06:00:00 - 17/02/2024 07:00:00,SCA|NO2,mFRR,Not Specified,Not Specified,MARGINAL,54.14,45.5
17/02/2024 07:00:00 - 17/02/2024 08:00:00,SCA|NO2,mFRR,Not Specified,Not Specified,MARGINAL,55.6,45.0
17/02/2024 08:00:00 - 17/02/2024 09:00:00,SCA|NO2,mFRR,Not Specified,Not Specified,MARGINAL,58.93,45.0
17/02/2024 09:00:00 - 17/02/2024 10:00:00,SCA|NO2,mFRR,Not Specified,Not Specified,MARGINAL,61.33,46.0
17/02/2024 10:00:00 - 17/02/2024 11:00:00,SCA|NO2,mFRR,Not Specified,Not Specified,MARGINAL,60.09,46.95
17/02/2024 11:00:00 - 17/02/2024 12:00:00,SCA|NO2,mFRR,Not Specified,Not Specified,MARGINAL,58.81,45.0
17/02/2024 12:00:00 - 17/02/2024 13:00:00,SCA|NO2,mFRR,Not Specified,Not Specified,MARGINAL,56.45,43.5
17/02/2024 13:00:00 - 17/02/2024 14:00:00,SCA|NO2,mFRR,Not Specified,Not Specified,MARGINAL,54.76,43.5
17/02/2024 14:00:00 - 17/02/2024 15:00:00,SCA|NO2,mFRR,Not Specified,Not Specified,MARGINAL,56.45,41.32
17/02/2024 15:00:00 - 17/02/2024 16:00:00,SCA|NO2,mFRR,Not Specified,Not Specified,MARGINAL,59.07,40.5
17/02/2024 16:00:00 - 17/02/2024 17:00:00,SCA|NO2,mFRR,Not Specified,Not Specified,MARGINAL,59.78,42.0
17/02/2024 17:00:00 - 17/02/2024 18:00:00,SCA|NO2,mFRR,Not Specified,Not Specified,MARGINAL,63.69,45.0
17/02/2024 18:00:00 - 17/02/2024 19:00:00,SCA|NO2,mFRR,Not Specified,Not Specified,MARGINAL,102.3,47.0
17/02/2024 19:00:00 - 17/02/2024 20:00:00,SCA|NO2,mFRR,Not Specified,Not Specified,MARGINAL,86.65,45.0
17/02/2024 20:00:00 - 17/02/2024 21:00:00,SCA|NO2,mFRR,Not Specified,Not Specified,MARGINAL,77.59,45.0
17/02/2024 21:00:00 - 17/02/2024 22:00:00,SCA|NO2,mFRR,Not Specified,Not Specified,MARGINAL,67.01,45.5
17/02/2024 22:00:00 - 17/02/2024 23:00:00,SCA|NO2,mFRR,Not Specified,Not Specified,MARGINAL,61.19,45.0
17/02/2024 23:00:00 - 18/02/2024 00:00:00,SCA|NO2,mFRR,Not Specified,Not Specified,MARGINAL,59.11,45.0
18/02/2024 00:00:00 - 18/02/2024 01:00:00,SCA|NO2,mFRR,Not Specified,Not Specified,MARGINAL,57.44,44.0
18/02/2024 01:00:00 - 18/02/2024 02:00:00,SCA|NO2,mFRR,Not Specified,Not Specified,MARGINAL,53.44,44.0
18/02/2024 02:00:00 - 18/02/2024 03:00:00,SCA|NO2,mFRR,Not Specified,Not Specified,MARGINAL,51.39,44.0
18/02/2024 03:00:00 - 18/02/2024 04:00:00,SCA|NO2,mFRR,Not Specified,Not Specified,MARGINAL,50.32,44.0
18/02/2024 04:00:00 - 18/02/2024 05:00:00,SCA|NO2,mFRR,Not Specified,Not Specified,MARGINAL,49.37,41.5
18/02/2024 05:00:00 - 18/02/2024 06:00:00,SCA|NO2,mFRR,Not Specified,Not Specified,MARGINAL,48.92,41.5
18/02/2024 06:00:00 - 18/02/2024 07:00:00,SCA|NO2,mFRR,Not Specified,Not Specified,MARGINAL,48.0,47.4
18/02/2024 07:00:00 - 18/02/2024 08:00:00,SCA|NO2,mFRR,Not Specified,Not Specified,MARGINAL,48.97,48.97
18/02/2024 08:00:00 - 18/02/2024 09:00:00,SCA|NO2,mFRR,Not Specified,Not Specified,MARGINAL,47.28,47.28
18/02/2024 09:00:00 - 18/02/2024 10:00:00,SCA|NO2,mFRR,Not Specified,Not Specified,MARGINAL,52.0,44.99
18/02/2024 10:00:00 - 18/02/2024 11:00:00,SCA|NO2,mFRR,Not Specified,Not Specified,MARGINAL,52.0,43.86
18/02/2024 11:00:00 - 18/02/2024 12:00:00,SCA|NO2,mFRR,Not Specified,Not Specified,MARGINAL,53.0,44.23
18/02/2024 12:00:00 - 18/02/2024 13:00:00,SCA|NO2,mFRR,Not Specified,Not Specified,MARGINAL,55.0,45.22
18/02/2024 13:00:00 - 18/02/2024 14:00:00,SCA|NO2,mFRR,Not Specified,Not Specified,MARGINAL,58.0,47.49
18/02/2024 14:00:00 - 18/02/2024 15:00:00,SCA|NO2,mFRR,Not Specified,Not Specified,MARGINAL,57.5,50.16
18/02/2024 15:00:00 - 18/02/2024 16:00:00,SCA|NO2,mFRR,Not Specified,Not Specified,MARGINAL,51.78,51.78
18/02/2024 16:00:00 - 18/02/2024 17:00:00,SCA|NO2,mFRR,Not Specified,Not Specified,MARGINAL,53.63,53.63
18/02/2024 17:00:00 - 18/02/2024 18:00:00,SCA|NO2,mFRR,Not Specified,Not Specified,MARGINAL,65.59,50.49
18/02/2024 18:00:00 - 18/02/2024 19:00:00,SCA|NO2,mFRR,Not Specified,Not Specified,MARGINAL,71.38,54.0
18/02/2024 19:00:00 - 18/02/2024 20:00:00,SCA|NO2,mFRR,Not Specified,Not Specified,MARGINAL,68.4,54.0
18/02/2024 20:00:00 - 18/02/2024 21:00:00,SCA|NO2,mFRR,Not Specified,Not Specified,MARGINAL,62.64,52.0
18/02/2024 21:00:00 - 18/02/2024 22:00:00,SCA|NO2,mFRR,Not Specified,Not Specified,MARGINAL,57.81,47.5
18/02/2024 22:00:00 - 18/02/2024 23:00:00,SCA|NO2,mFRR,Not Specified,Not Specified,MARGINAL,55.59,44.0
18/02/2024 23:00:00 - 19/02/2024 00:00:00,SCA|NO2,mFRR,Not Specified,Not Specified,MARGINAL,52.44,40.5
19/02/2024 00:00:00 - 19/02/2024 01:00:00,SCA|NO2,mFRR,Not Specified,Not Specified,MARGINAL,51.43,40.5
19/02/2024 01:00:00 - 19/02/2024 02:00:00,SCA|NO2,mFRR,Not Specified,Not Specified,MARGINAL,49.92,49.92
19/02/2024 02:00:00 - 19/02/2024 03:00:00,SCA|NO2,mFRR,Not Specified,Not Specified,MARGINAL,48.0,40.0
19/02/2024 03:00:00 - 19/02/2024 04:00:00,SCA|NO2,mFRR,Not Specified,Not Specified,MARGINAL,46.68,37.0
19/02/2024 04:00:00 - 19/02/2024 05:00:00,SCA|NO2,mFRR,Not Specified,Not Specified,MARGINAL,48.27,37.0
19/02/2024 05:00:00 - 19/02/2024 06:00:00,SCA|NO2,mFRR,Not Specified,Not Specified,MARGINAL,51.57,39.0
19/02/2024 06:00:00 - 19/02/2024 07:00:00,SCA|NO2,mFRR,Not Specified,Not Specified,MARGINAL,59.05,51.0
19/02/2024 07:00:00 - 19/02/2024 08:00:00,SCA|NO2,mFRR,Not Specified,Not Specified,MARGINAL,76.79,55.0
19/02/2024 08:00:00 - 19/02/2024 09:00:00,SCA|NO2,mFRR,Not Specified,Not Specified,MARGINAL,81.41,59.0
19/02/2024 09:00:00 - 19/02/2024 10:00:00,SCA|NO2,mFRR,Not Specified,Not Specified,MARGINAL,72.86,54.0
19/02/2024 10:00:00 - 19/02/2024 11:00:00,SCA|NO2,mFRR,Not Specified,Not Specified,MARGINAL,70.0,69.09
19/02/2024 11:00:00 - 19/02/2024 12:00:00,SCA|NO2,mFRR,Not Specified,Not Specified,MARGINAL,68.0,67.01
19/02/2024 12:00:00 - 19/02/2024 13:00:00,SCA|NO2,mFRR,Not Specified,Not Specified,MARGINAL,60.47,60.47
19/02/2024 13:00:00 - 19/02/2024 14:00:00,SCA|NO2,mFRR,Not Specified,Not Specified,MARGINAL,58.27,58.27
19/02/2024 14:00:00 - 19/02/2024 15:00:00,SCA|NO2,mFRR,Not Specified,Not Specified,MARGINAL,61.91,61.91
19/02/2024 15:00:00 - 19/02/2024 16:00:00,SCA|NO2,mFRR,Not Specified,Not Specified,MARGINAL,64.66,64.66
19/02/2024 16:00:00 - 19/02/2024 17:00:00,SCA|NO2,mFRR,Not Specified,Not Specified,MARGINAL,67.62,56.5
19/02/2024 17:00:00 - 19/02/2024 18:00:00,SCA|NO2,mFRR,Not Specified,Not Specified,MARGINAL,74.18,74.18
19/02/2024 18:00:00 - 19/02/2024 19:00:00,SCA|NO2,mFRR,Not Specified,Not Specified,MARGINAL,94.81,94.81
19/02/2024 19:00:00 - 19/02/2024 20:00:00,SCA|NO2,mFRR,Not Specified,Not Specified,MARGINAL,77.66,77.66
19/02/2024 20:00:00 - 19/02/2024 21:00:00,SCA|NO2,mFRR,Not Specified,Not Specified,MARGINAL,68.0,60.76
19/02/2024 21:00:00 - 19/02/2024 22:00:00,SCA|NO2,mFRR,Not Specified,Not Specified,MARGINAL,64.0,56.15
19/02/2024 22:00:00 - 19/02/2024 23:00:00,SCA|NO2,mFRR,Not Specified,Not Specified,MARGINAL,64.0,53.47
19/02/2024 23:00:00 - 20/02/2024 00:00:00,SCA|NO2,mFRR,Not Specified,Not Specified,MARGINAL,60.0,52.7
20/02/2024 00:00:00 - 20/02/2024 01:00:00,SCA|NO2,mFRR,Not Specified,Not Specified,MARGINAL,56.0,53.52
20/02/2024 01:00:00 - 20/02/2024 02:00:00,SCA|NO2,mFRR,Not Specified,Not Specified,MARGINAL,56.0,52.58
20/02/2024 02:00:00 - 20/02/2024 03:00:00,SCA|NO2,mFRR,Not Specified,Not Specified,MARGINAL,56.0,52.23
20/02/2024 03:00:00 - 20/02/2024 04:00:00,SCA|NO2,mFRR,Not Specified,Not Specified,MARGINAL,56.0,51.82
20/02/2024 04:00:00 - 20/02/2024 05:00:00,SCA|NO2,mFRR,Not Specified,Not Specified,MARGINAL,51.35,48.0
20/02/2024 05:00:00 - 20/02/2024 06:00:00,SCA|NO2,mFRR,Not Specified,Not Specified,MARGINAL,52.35,48.0
20/02/2024 06:00:00 - 20/02/2024 07:00:00,SCA|NO2,mFRR,Not Specified,Not Specified,MARGINAL,59.93,48.0
20/02/2024 07:00:00 - 20/02/2024 08:00:00,SCA|NO2,mFRR,Not Specified,Not Specified,MARGINAL,85.66,53.32
20/02/2024 08:00:00 - 20/02/2024 09:00:00,SCA|NO2,mFRR,Not Specified,Not Specified,,,
20/02/2024 09:00:00 - 20/02/2024 10:00:00,SCA|NO2,mFRR,Not Specified,Not Specified,MARGINAL,76.27,54.5
20/02/2024 10:00:00 - 20/02/2024 11:00:00,SCA|NO2,mFRR,Not Specified,Not Specified,MARGINAL,67.81,53.0
20/02/2024 11:00:00 - 20/02/2024 12:00:00,SCA|NO2,mFRR,Not Specified,Not Specified,MARGINAL,59.12,53.0
20/02/2024 12:00:00 - 20/02/2024 13:00:00,SCA|NO2,mFRR,Not Specified,Not Specified,MARGINAL,62.5,53.52
20/02/2024 13:00:00 - 20/02/2024 14:00:00,SCA|NO2,mFRR,Not Specified,Not Specified,MARGINAL,55.0,51.42
20/02/2024 14:00:00 - 20/02/2024 15:00:00,SCA|NO2,mFRR,Not Specified,Not Specified,MARGINAL,55.0,51.79
20/02/2024 15:00:00 - 20/02/2024 16:00:00,SCA|NO2,mFRR,Not Specified,Not Specified,MARGINAL,59.44,54.81
20/02/2024 16:00:00 - 20/02/2024 17:00:00,SCA|NO2,mFRR,Not Specified,Not Specified,MARGINAL,55.93,55.93
20/02/2024 17:00:00 - 20/02/2024 18:00:00,SCA|NO2,mFRR,Not Specified,Not Specified,MARGINAL,67.0,66.77
20/02/2024 18:00:00 - 20/02/2024 19:00:00,SCA|NO2,mFRR,Not Specified,Not Specified,MARGINAL,67.0,65.53
20/02/2024 19:00:00 - 20/02/2024 20:00:00,SCA|NO2,mFRR,Not Specified,Not Specified,MARGINAL,64.0,55.65
20/02/2024 20:00:00 - 20/02/2024 21:00:00,SCA|NO2,mFRR,Not Specified,Not Specified,MARGINAL,64.0,52.57
20/02/2024 21:00:00 - 20/02/2024 22:00:00,SCA|NO2,mFRR,Not Specified,Not Specified,MARGINAL,51.54,51.54
20/02/2024 22:00:00 - 20/02/2024 23:00:00,SCA|NO2,mFRR,Not Specified,Not Specified,MARGINAL,50.53,50.53
20/02/2024 23:00:00 - 21/02/2024 00:00:00,SCA|NO2,mFRR,Not Specified,Not Specified,MARGINAL,50.13,43.0
21/02/2024 00:00:00 - 21/02/2024 01:00:00,SCA|NO2,mFRR,Not Specified,Not Specified,MARGINAL,48.58,40.5
21/02/2024 01:00:00 - 21/02/2024 02:00:00,SCA|NO2,mFRR,Not Specified,Not Specified,MARGINAL,46.96,40.0
21/02/2024 02:00:00 - 21/02/2024 03:00:00,SCA|NO2,mFRR,Not Specified,Not Specified,MARGINAL,46.84,35.0
21/02/2024 03:00:00 - 21/02/2024 04:00:00,SCA|NO2,mFRR,Not Specified,Not Specified,MARGINAL,44.77,31.0
21/02/2024 04:00:00 - 21/02/2024 05:00:00,SCA|NO2,mFRR,Not Specified,Not Specified,MARGINAL,44.66,31.0
21/02/2024 05:00:00 - 21/02/2024 06:00:00,SCA|NO2,mFRR,Not Specified,Not Specified,MARGINAL,47.42,31.0
21/02/2024 06:00:00 - 21/02/2024 07:00:00,SCA|NO2,mFRR,Not Specified,Not Specified,MARGINAL,49.32,35.0
21/02/2024 07:00:00 - 21/02/2024 08:00:00,SCA|NO2,mFRR,Not Specified,Not Specified,MARGINAL,53.39,40.0
21/02/2024 08:00:00 - 21/02/2024 09:00:00,SCA|NO2,mFRR,Not Specified,Not Specified,MARGINAL,55.3,42.0
21/02/2024 09:00:00 - 21/02/2024 10:00:00,SCA|NO2,mFRR,Not Specified,Not Specified,MARGINAL,56.18,44.5
21/02/2024 10:00:00 - 21/02/2024 11:00:00,SCA|NO2,mFRR,Not Specified,Not Specified,MARGINAL,55.56,49.0
21/02/2024 11:00:00 - 21/02/2024 12:00:00,SCA|NO2,mFRR,Not Specified,Not Specified,MARGINAL,55.35,46.0
21/02/2024 12:00:00 - 21/02/2024 13:00:00,SCA|NO2,mFRR,Not Specified,Not Specified,MARGINAL,51.74,44.5
21/02/2024 13:00:00 - 21/02/2024 14:00:00,SCA|NO2,mFRR,Not Specified,Not Specified,MARGINAL,49.99,44.5
21/02/2024 14:00:00 - 21/02/2024 15:00:00,SCA|NO2,mFRR,Not Specified,Not Specified,MARGINAL,51.62,51.62
21/02/2024 15:00:00 - 21/02/2024 16:00:00,SCA|NO2,mFRR,Not Specified,Not Specified,MARGINAL,50.64,50.64
21/02/2024 16:00:00 - 21/02/2024 17:00:00,SCA|NO2,mFRR,Not Specified,Not Specified,MARGINAL,52.82,52.82
21/02/2024 17:00:00 - 21/02/2024 18:00:00,SCA|NO2,mFRR,Not Specified,Not Specified,MARGINAL,58.5,55.74
21/02/2024 18:00:00 - 21/02/2024 19:00:00,SCA|NO2,mFRR,Not Specified,Not Specified,MARGINAL,58.5,54.85
21/02/2024 19:00:00 - 21/02/2024 20:00:00,SCA|NO2,mFRR,Not Specified,Not Specified,MARGINAL,52.68,52.68
21/02/2024 20:00:00 - 21/02/2024 21:00:00,SCA|NO2,mFRR,Not Specified,Not Specified,MARGINAL,54.0,49.48
21/02/2024 21:00:00 - 21/02/2024 22:00:00,SCA|NO2,mFRR,Not Specified,Not Specified,,,
21/02/2024 22:00:00 - 21/02/2024 23:00:00,SCA|NO2,mFRR,Not Specified,Not Specified,MARGINAL,52.0,44.36
21/02/2024 23:00:00 - 22/02/2024 00:00:00,SCA|NO2,mFRR,Not Specified,Not Specified,MARGINAL,42.6,30.0
22/02/2024 00:00:00 - 22/02/2024 01:00:00,SCA|NO2,mFRR,Not Specified,Not Specified,MARGINAL,38.68,22.0
22/02/2024 01:00:00 - 22/02/2024 02:00:00,SCA|NO2,mFRR,Not Specified,Not Specified,MARGINAL,33.44,20.0
22/02/2024 02:00:00 - 22/02/2024 03:00:00,SCA|NO2,mFRR,Not Specified,Not Specified,MARGINAL,37.55,31.5
22/02/2024 03:00:00 - 22/02/2024 04:00:00,SCA|NO2,mFRR,Not Specified,Not Specified,MARGINAL,38.66,25.0
22/02/2024 04:00:00 - 22/02/2024 05:00:00,SCA|NO2,mFRR,Not Specified,Not Specified,MARGINAL,44.11,29.0
22/02/2024 05:00:00 - 22/02/2024 06:00:00,SCA|NO2,mFRR,Not Specified,Not Specified,MARGINAL,48.08,40.0
22/02/2024 06:00:00 - 22/02/2024 07:00:00,SCA|NO2,mFRR,Not Specified,Not Specified,MARGINAL,50.98,49.0
22/02/2024 07:00:00 - 22/02/2024 08:00:00,SCA|NO2,mFRR,Not Specified,Not Specified,MARGINAL,56.96,56.96
22/02/2024 08:00:00 - 22/02/2024 09:00:00,SCA|NO2,mFRR,Not Specified,Not Specified,MARGINAL,79.29,79.29
22/02/2024 09:00:00 - 22/02/2024 10:00:00,SCA|NO2,mFRR,Not Specified,Not Specified,MARGINAL,71.63,50.31
22/02/2024 10:00:00 - 22/02/2024 11:00:00,SCA|NO2,mFRR,Not Specified,Not Specified,MARGINAL,67.21,49.0
22/02/2024 11:00:00 - 22/02/2024 12:00:00,SCA|NO2,mFRR,Not Specified,Not Specified,MARGINAL,65.3,46.28
22/02/2024 12:00:00 - 22/02/2024 13:00:00,SCA|NO2,mFRR,Not Specified,Not Specified,MARGINAL,57.85,46.28
22/02/2024 13:00:00 - 22/02/2024 14:00:00,SCA|NO2,mFRR,Not Specified,Not Specified,MARGINAL,55.8,47.0
22/02/2024 14:00:00 - 22/02/2024 15:00:00,SCA|NO2,mFRR,Not Specified,Not Specified,MARGINAL,54.77,46.0
22/02/2024 15:00:00 - 22/02/2024 16:00:00,SCA|NO2,mFRR,Not Specified,Not Specified,MARGINAL,54.03,45.0
22/02/2024 16:00:00 - 22/02/2024 17:00:00,SCA|NO2,mFRR,Not Specified,Not Specified,MARGINAL,53.56,45.0
22/02/2024 17:00:00 - 22/02/2024 18:00:00,SCA|NO2,mFRR,Not Specified,Not Specified,MARGINAL,53.28,46.0
22/02/2024 18:00:00 - 22/02/2024 19:00:00,SCA|NO2,mFRR,Not Specified,Not Specified,MARGINAL,52.41,52.41
22/02/2024 19:00:00 - 22/02/2024 20:00:00,SCA|NO2,mFRR,Not Specified,Not Specified,MARGINAL,49.42,49.42
22/02/2024 20:00:00 - 22/02/2024 21:00:00,SCA|NO2,mFRR,Not Specified,Not Specified,MARGINAL,47.62,47.62
22/02/2024 21:00:00 - 22/02/2024 22:00:00,SCA|NO2,mFRR,Not Specified,Not Specified,MARGINAL,45.4,45.4
22/02/2024 22:00:00 - 22/02/2024 23:00:00,SCA|NO2,mFRR,Not Specified,Not Specified,MARGINAL,43.99,43.99
22/02/2024 23:00:00 - 23/02/2024 00:00:00,SCA|NO2,mFRR,Not Specified,Not Specified,MARGINAL,42.16,42.16
23/02/2024 00:00:00 - 23/02/2024 01:00:00,SCA|NO2,mFRR,Not Specified,Not Specified,MARGINAL,41.26,41.26
23/02/2024 01:00:00 - 23/02/2024 02:00:00,SCA|NO2,mFRR,Not Specified,Not Specified,MARGINAL,40.67,40.67
23/02/2024 02:00:00 - 23/02/2024 03:00:00,SCA|NO2,mFRR,Not Specified,Not Specified,MARGINAL,40.32,40.32
23/02/2024 03:00:00 - 23/02/2024 04:00:00,SCA|NO2,mFRR,Not Specified,Not Specified,MARGINAL,40.0,40.0
23/02/2024 04:00:00 - 23/02/2024 05:00:00,SCA|NO2,mFRR,Not Specified,Not Specified,MARGINAL,40.34,40.34
23/02/2024 05:00:00 - 23/02/2024 06:00:00,SCA|NO2,mFRR,Not Specified,Not Specified,MARGINAL,41.2,41.2
23/02/2024 06:00:00 - 23/02/2024 07:00:00,SCA|NO2,mFRR,Not Specified,Not Specified,MARGINAL,46.94,45.9
23/02/2024 07:00:00 - 23/02/2024 08:00:00,SCA|NO2,mFRR,Not Specified,Not Specified,MARGINAL,49.55,49.55
23/02/2024 08:00:00 - 23/02/2024 09:00:00,SCA|NO2,mFRR,Not Specified,Not Specified,MARGINAL,51.96,51.96
23/02/2024 09:00:00 - 23/02/2024 10:00:00,SCA|NO2,mFRR,Not Specified,Not Specified,MARGINAL,50.5,50.5
23/02/2024 10:00:00 - 23/02/2024 11:00:00,SCA|NO2,mFRR,Not Specified,Not Specified,MARGINAL,50.23,47.25
23/02/2024 11:00:00 - 23/02/2024 12:00:00,SCA|NO2,mFRR,Not Specified,Not Specified,MARGINAL,50.22,45.18
23/02/2024 12:00:00 - 23/02/2024 13:00:00,SCA|NO2,mFRR,Not Specified,Not Specified,MARGINAL,49.13,43.45
23/02/2024 13:00:00 - 23/02/2024 14:00:00,SCA|NO2,mFRR,Not Specified,Not Specified,MARGINAL,46.56,43.86
23/02/2024 14:00:00 - 23/02/2024 15:00:00,SCA|NO2,mFRR,Not Specified,Not Specified,MARGINAL,45.91,45.91
23/02/2024 15:00:00 - 23/02/2024 16:00:00,SCA|NO2,mFRR,Not Specified,Not Specified,MARGINAL,48.15,48.15
23/02/2024 16:00:00 - 23/02/2024 17:00:00,SCA|NO2,mFRR,Not Specified,Not Specified,MARGINAL,49.99,45.0
23/02/2024 17:00:00 - 23/02/2024 18:00:00,SCA|NO2,mFRR,Not Specified,Not Specified,MARGINAL,53.28,53.28
23/02/2024 18:00:00 - 23/02/2024 19:00:00,SCA|NO2,mFRR,Not Specified,Not Specified,MARGINAL,54.66,54.66
23/02/2024 19:00:00 - 23/02/2024 20:00:00,SCA|NO2,mFRR,Not Specified,Not Specified,MARGINAL,53.61,53.61
23/02/2024 20:00:00 - 23/02/2024 21:00:00,SCA|NO2,mFRR,Not Specified,Not Specified,MARGINAL,53.22,53.22
23/02/2024 21:00:00 - 23/02/2024 22:00:00,SCA|NO2,mFRR,Not Specified,Not Specified,MARGINAL,53.16,53.16
23/02/2024 22:00:00 - 23/02/2024 23:00:00,SCA|NO2,mFRR,Not Specified,Not Specified,MARGINAL,53.28,53.28
23/02/2024 23:00:00 - 24/02/2024 00:00:00,SCA|NO2,mFRR,Not Specified,Not Specified,MARGINAL,53.25,53.25
24/02/2024 00:00:00 - 24/02/2024 01:00:00,SCA|NO2,mFRR,Not Specified,Not Specified,MARGINAL,53.97,44.5
24/02/2024 01:00:00 - 24/02/2024 02:00:00,SCA|NO2,mFRR,Not Specified,Not Specified,MARGINAL,53.52,44.5
24/02/2024 02:00:00 - 24/02/2024 03:00:00,SCA|NO2,mFRR,Not Specified,Not Specified,MARGINAL,53.48,44.5
24/02/2024 03:00:00 - 24/02/2024 04:00:00,SCA|NO2,mFRR,Not Specified,Not Specified,MARGINAL,53.43,44.5
24/02/2024 04:00:00 - 24/02/2024 05:00:00,SCA|NO2,mFRR,Not Specified,Not Specified,MARGINAL,53.49,44.5
24/02/2024 05:00:00 - 24/02/2024 06:00:00,SCA|NO2,mFRR,Not Specified,Not Specified,MARGINAL,53.92,44.5
24/02/2024 06:00:00 - 24/02/2024 07:00:00,SCA|NO2,mFRR,Not Specified,Not Specified,MARGINAL,53.95,46.0
24/02/2024 07:00:00 - 24/02/2024 08:00:00,SCA|NO2,mFRR,Not Specified,Not Specified,MARGINAL,54.61,46.0
24/02/2024 08:00:00 - 24/02/2024 09:00:00,SCA|NO2,mFRR,Not Specified,Not Specified,MARGINAL,54.69,50.5
24/02/2024 09:00:00 - 24/02/2024 10:00:00,SCA|NO2,mFRR,Not Specified,Not Specified,MARGINAL,61.0,52.66
24/02/2024 10:00:00 - 24/02/2024 11:00:00,SCA|NO2,mFRR,Not Specified,Not Specified,MARGINAL,59.0,49.99
24/02/2024 11:00:00 - 24/02/2024 12:00:00,SCA|NO2,mFRR,Not Specified,Not Specified,MARGINAL,55.0,47.61
24/02/2024 12:00:00 - 24/02/2024 13:00:00,SCA|NO2,mFRR,Not Specified,Not Specified,MARGINAL,52.0,45.2
24/02/2024 13:00:00 - 24/02/2024 14:00:00,SCA|NO2,mFRR,Not Specified,Not Specified,MARGINAL,50.0,43.38
24/02/2024 14:00:00 - 24/02/2024 15:00:00,SCA|NO2,mFRR,Not Specified,Not Specified,MARGINAL,46.28,46.28
24/02/2024 15:00:00 - 24/02/2024 16:00:00,SCA|NO2,mFRR,Not Specified,Not Specified,MARGINAL,49.14,49.14
24/02/2024 16:00:00 - 24/02/2024 17:00:00,SCA|NO2,mFRR,Not Specified,Not Specified,MARGINAL,51.7,51.7
24/02/2024 17:00:00 - 24/02/2024 18:00:00,SCA|NO2,mFRR,Not Specified,Not Specified,MARGINAL,56.58,56.58
24/02/2024 18:00:00 - 24/02/2024 19:00:00,SCA|NO2,mFRR,Not Specified,Not Specified,MARGINAL,72.83,72.83
24/02/2024 19:00:00 - 24/02/2024 20:00:00,SCA|NO2,mFRR,Not Specified,Not Specified,MARGINAL,58.98,50.0
24/02/2024 20:00:00 - 24/02/2024 21:00:00,SCA|NO2,mFRR,Not Specified,Not Specified,MARGINAL,56.03,50.0
24/02/2024 21:00:00 - 24/02/2024 22:00:00,SCA|NO2,mFRR,Not Specified,Not Specified,MARGINAL,54.99,50.0
24/02/2024 22:00:00 - 24/02/2024 23:00:00,SCA|NO2,mFRR,Not Specified,Not Specified,MARGINAL,53.22,50.0
24/02/2024 23:00:00 - 25/02/2024 00:00:00,SCA|NO2,mFRR,Not Specified,Not Specified,MARGINAL,51.85,45.0
25/02/2024 00:00:00 - 25/02/2024 01:00:00,SCA|NO2,mFRR,Not Specified,Not Specified,MARGINAL,54.7,50.0
25/02/2024 01:00:00 - 25/02/2024 02:00:00,SCA|NO2,mFRR,Not Specified,Not Specified,MARGINAL,53.72,50.0
25/02/2024 02:00:00 - 25/02/2024 03:00:00,SCA|NO2,mFRR,Not Specified,Not Specified,MARGINAL,53.67,47.0
25/02/2024 03:00:00 - 25/02/2024 04:00:00,SCA|NO2,mFRR,Not Specified,Not Specified,MARGINAL,53.19,46.5
25/02/2024 04:00:00 - 25/02/2024 05:00:00,SCA|NO2,mFRR,Not Specified,Not Specified,MARGINAL,53.48,44.5
25/02/2024 05:00:00 - 25/02/2024 06:00:00,SCA|NO2,mFRR,Not Specified,Not Specified,MARGINAL,53.36,43.35
25/02/2024 06:00:00 - 25/02/2024 07:00:00,SCA|NO2,mFRR,Not Specified,Not Specified,MARGINAL,54.95,44.5
25/02/2024 07:00:00 - 25/02/2024 08:00:00,SCA|NO2,mFRR,Not Specified,Not Specified,MARGINAL,55.45,42.0
25/02/2024 08:00:00 - 25/02/2024 09:00:00,SCA|NO2,mFRR,Not Specified,Not Specified,MARGINAL,56.87,42.0
25/02/2024 09:00:00 - 25/02/2024 10:00:00,SCA|NO2,mFRR,Not Specified,Not Specified,MARGINAL,58.08,42.0
25/02/2024 10:00:00 - 25/02/2024 11:00:00,SCA|NO2,mFRR,Not Specified,Not Specified,MARGINAL,55.02,42.93
25/02/2024 11:00:00 - 25/02/2024 12:00:00,SCA|NO2,mFRR,Not Specified,Not Specified,MARGINAL,52.9,43.0
25/02/2024 12:00:00 - 25/02/2024 13:00:00,SCA|NO2,mFRR,Not Specified,Not Specified,MARGINAL,49.81,43.0
25/02/2024 13:00:00 - 25/02/2024 14:00:00,SCA|NO2,mFRR,Not Specified,Not Specified,MARGINAL,48.22,43.0
25/02/2024 14:00:00 - 25/02/2024 15:00:00,SCA|NO2,mFRR,Not Specified,Not Specified,MARGINAL,51.17,43.0
25/02/2024 15:00:00 - 25/02/2024 16:00:00,SCA|NO2,mFRR,Not Specified,Not Specified,MARGINAL,53.44,47.0
25/02/2024 16:00:00 - 25/02/2024 17:00:00,SCA|NO2,mFRR,Not Specified,Not Specified,MARGINAL,58.99,47.0
25/02/2024 17:00:00 - 25/02/2024 18:00:00,SCA|NO2,mFRR,Not Specified,Not Specified,MARGINAL,79.64,52.0
25/02/2024 18:00:00 - 25/02/2024 19:00:00,SCA|NO2,mFRR,Not Specified,Not Specified,MARGINAL,90.79,54.0
25/02/2024 19:00:00 - 25/02/2024 20:00:00,SCA|NO2,mFRR,Not Specified,Not Specified,MARGINAL,73.17,51.0
25/02/2024 20:00:00 - 25/02/2024 21:00:00,SCA|NO2,mFRR,Not Specified,Not Specified,MARGINAL,63.65,51.0
25/02/2024 21:00:00 - 25/02/2024 22:00:00,SCA|NO2,mFRR,Not Specified,Not Specified,MARGINAL,59.35,51.0
25/02/2024 22:00:00 - 25/02/2024 23:00:00,SCA|NO2,mFRR,Not Specified,Not Specified,MARGINAL,55.98,51.0
25/02/2024 23:00:00 - 26/02/2024 00:00:00,SCA|NO2,mFRR,Not Specified,Not Specified,MARGINAL,55.25,50.0
26/02/2024 00:00:00 - 26/02/2024 01:00:00,SCA|NO2,mFRR,Not Specified,Not Specified,MARGINAL,55.98,50.0
26/02/2024 01:00:00 - 26/02/2024 02:00:00,SCA|NO2,mFRR,Not Specified,Not Specified,MARGINAL,55.0,50.0
26/02/2024 02:00:00 - 26/02/2024 03:00:00,SCA|NO2,mFRR,Not Specified,Not Specified,MARGINAL,53.87,50.5
26/02/2024 03:00:00 - 26/02/2024 04:00:00,SCA|NO2,mFRR,Not Specified,Not Specified,MARGINAL,50.3,50.3
26/02/2024 04:00:00 - 26/02/2024 05:00:00,SCA|NO2,mFRR,Not Specified,Not Specified,MARGINAL,51.75,51.75
26/02/2024 05:00:00 - 26/02/2024 06:00:00,SCA|NO2,mFRR,Not Specified,Not Specified,MARGINAL,54.93,54.93
26/02/2024 06:00:00 - 26/02/2024 07:00:00,SCA|NO2,mFRR,Not Specified,Not Specified,MARGINAL,55.12,55.12
26/02/2024 07:00:00 - 26/02/2024 08:00:00,SCA|NO2,mFRR,Not Specified,Not Specified,MARGINAL,65.1,51.5
26/02/2024 08:00:00 - 26/02/2024 09:00:00,SCA|NO2,mFRR,Not Specified,Not Specified,MARGINAL,79.23,52.19
26/02/2024 09:00:00 - 26/02/2024 10:00:00,SCA|NO2,mFRR,Not Specified,Not Specified,MARGINAL,71.54,71.54
26/02/2024 10:00:00 - 26/02/2024 11:00:00,SCA|NO2,mFRR,Not Specified,Not Specified,MARGINAL,64.59,64.59
26/02/2024 11:00:00 - 26/02/2024 12:00:00,SCA|NO2,mFRR,Not Specified,Not Specified,MARGINAL,62.52,51.5
26/02/2024 12:00:00 - 26/02/2024 13:00:00,SCA|NO2,mFRR,Not Specified,Not Specified,MARGINAL,56.61,56.61
26/02/2024 13:00:00 - 26/02/2024 14:00:00,SCA|NO2,mFRR,Not Specified,Not Specified,MARGINAL,56.33,51.5
26/02/2024 14:00:00 - 26/02/2024 15:00:00,SCA|NO2,mFRR,Not Specified,Not Specified,MARGINAL,58.98,46.76
26/02/2024 15:00:00 - 26/02/2024 16:00:00,SCA|NO2,mFRR,Not Specified,Not Specified,MARGINAL,59.35,46.54
26/02/2024 16:00:00 - 26/02/2024 17:00:00,SCA|NO2,mFRR,Not Specified,Not Specified,MARGINAL,62.45,50.0
26/02/2024 17:00:00 - 26/02/2024 18:00:00,SCA|NO2,mFRR,Not Specified,Not Specified,MARGINAL,74.61,48.5
26/02/2024 18:00:00 - 26/02/2024 19:00:00,SCA|NO2,mFRR,Not Specified,Not Specified,MARGINAL,82.67,50.0
26/02/2024 19:00:00 - 26/02/2024 20:00:00,SCA|NO2,mFRR,Not Specified,Not Specified,MARGINAL,78.5,50.3
26/02/2024 20:00:00 - 26/02/2024 21:00:00,SCA|NO2,mFRR,Not Specified,Not Specified,MARGINAL,69.98,51.0
26/02/2024 21:00:00 - 26/02/2024 22:00:00,SCA|NO2,mFRR,Not Specified,Not Specified,MARGINAL,63.65,51.0
26/02/2024 22:00:00 - 26/02/2024 23:00:00,SCA|NO2,mFRR,Not Specified,Not Specified,MARGINAL,59.95,52.0
26/02/2024 23:00:00 - 27/02/2024 00:00:00,SCA|NO2,mFRR,Not Specified,Not Specified,MARGINAL,58.88,58.88
27/02/2024 00:00:00 - 27/02/2024 01:00:00,SCA|NO2,mFRR,Not Specified,Not Specified,MARGINAL,55.83,51.0
27/02/2024 01:00:00 - 27/02/2024 02:00:00,SCA|NO2,mFRR,Not Specified,Not Specified,MARGINAL,55.65,50.0
27/02/2024 02:00:00 - 27/02/2024 03:00:00,SCA|NO2,mFRR,Not Specified,Not Specified,MARGINAL,55.51,48.0
27/02/2024 03:00:00 - 27/02/2024 04:00:00,SCA|NO2,mFRR,Not Specified,Not Specified,MARGINAL,55.05,46.0
27/02/2024 04:00:00 - 27/02/2024 05:00:00,SCA|NO2,mFRR,Not Specified,Not Specified,MARGINAL,54.96,46.0
27/02/2024 05:00:00 - 27/02/2024 06:00:00,SCA|NO2,mFRR,Not Specified,Not Specified,MARGINAL,55.68,46.0
27/02/2024 06:00:00 - 27/02/2024 07:00:00,SCA|NO2,mFRR,Not Specified,Not Specified,MARGINAL,60.12,47.0
27/02/2024 07:00:00 - 27/02/2024 08:00:00,SCA|NO2,mFRR,Not Specified,Not Specified,MARGINAL,92.67,51.5
27/02/2024 08:00:00 - 27/02/2024 09:00:00,SCA|NO2,mFRR,Not Specified,Not Specified,MARGINAL,92.81,51.5
27/02/2024 09:00:00 - 27/02/2024 10:00:00,SCA|NO2,mFRR,Not Specified,Not Specified,MARGINAL,78.3,56.0
27/02/2024 10:00:00 - 27/02/2024 11:00:00,SCA|NO2,mFRR,Not Specified,Not Specified,MARGINAL,76.0,66.58
27/02/2024 11:00:00 - 27/02/2024 12:00:00,SCA|NO2,mFRR,Not Specified,Not Specified,MARGINAL,76.0,62.92
27/02/2024 12:00:00 - 27/02/2024 13:00:00,SCA|NO2,mFRR,Not Specified,Not Specified,MARGINAL,73.0,57.42
27/02/2024 13:00:00 - 27/02/2024 14:00:00,SCA|NO2,mFRR,Not Specified,Not Specified,MARGINAL,60.0,57.41
27/02/2024 14:00:00 - 27/02/2024 15:00:00,SCA|NO2,mFRR,Not Specified,Not Specified,MARGINAL,60.0,56.01
27/02/2024 15:00:00 - 27/02/2024 16:00:00,SCA|NO2,mFRR,Not Specified,Not Specified,MARGINAL,65.0,57.01
27/02/2024 16:00:00 - 27/02/2024 17:00:00,SCA|NO2,mFRR,Not Specified,Not Specified,MARGINAL,65.0,59.25
27/02/2024 17:00:00 - 27/02/2024 18:00:00,SCA|NO2,mFRR,Not Specified,Not Specified,MARGINAL,65.0,59.96
27/02/2024 18:00:00 - 27/02/2024 19:00:00,SCA|NO2,mFRR,Not Specified,Not Specified,MARGINAL,61.0,59.96
27/02/2024 19:00:00 - 27/02/2024 20:00:00,SCA|NO2,mFRR,Not Specified,Not Specified,MARGINAL,60.5,58.67
27/02/2024 20:00:00 - 27/02/2024 21:00:00,SCA|NO2,mFRR,Not Specified,Not Specified,MARGINAL,56.13,56.13
27/02/2024 21:00:00 - 27/02/2024 22:00:00,SCA|NO2,mFRR,Not Specified,Not Specified,MARGINAL,56.81,56.81
27/02/2024 22:00:00 - 27/02/2024 23:00:00,SCA|NO2,mFRR,Not Specified,Not Specified,MARGINAL,56.05,56.05
27/02/2024 23:00:00 - 28/02/2024 00:00:00,SCA|NO2,mFRR,Not Specified,Not Specified,MARGINAL,55.18,55.18
28/02/2024 00:00:00 - 28/02/2024 01:00:00,SCA|NO2,mFRR,Not Specified,Not Specified,MARGINAL,53.15,53.15
28/02/2024 01:00:00 - 28/02/2024 02:00:00,SCA|NO2,mFRR,Not Specified,Not Specified,MARGINAL,52.35,52.35
28/02/2024 02:00:00 - 28/02/2024 03:00:00,SCA|NO2,mFRR,Not Specified,Not Specified,MARGINAL,53.61,53.61
28/02/2024 03:00:00 - 28/02/2024 04:00:00,SCA|NO2,mFRR,Not Specified,Not Specified,MARGINAL,52.0,47.0
28/02/2024 04:00:00 - 28/02/2024 05:00:00,SCA|NO2,mFRR,Not Specified,Not Specified,MARGINAL,52.0,46.0
28/02/2024 05:00:00 - 28/02/2024 06:00:00,SCA|NO2,mFRR,Not Specified,Not Specified,MARGINAL,53.73,45.0
28/02/2024 06:00:00 - 28/02/2024 07:00:00,SCA|NO2,mFRR,Not Specified,Not Specified,MARGINAL,54.71,45.0
28/02/2024 07:00:00 - 28/02/2024 08:00:00,SCA|NO2,mFRR,Not Specified,Not Specified,MARGINAL,60.09,60.09
28/02/2024 08:00:00 - 28/02/2024 09:00:00,SCA|NO2,mFRR,Not Specified,Not Specified,MARGINAL,57.48,57.48
28/02/2024 09:00:00 - 28/02/2024 10:00:00,SCA|NO2,mFRR,Not Specified,Not Specified,MARGINAL,55.43,55.43
28/02/2024 10:00:00 - 28/02/2024 11:00:00,SCA|NO2,mFRR,Not Specified,Not Specified,MARGINAL,54.09,54.09
28/02/2024 11:00:00 - 28/02/2024 12:00:00,SCA|NO2,mFRR,Not Specified,Not Specified,MARGINAL,53.05,53.05
28/02/2024 12:00:00 - 28/02/2024 13:00:00,SCA|NO2,mFRR,Not Specified,Not Specified,MARGINAL,52.51,50.0
28/02/2024 13:00:00 - 28/02/2024 14:00:00,SCA|NO2,mFRR,Not Specified,Not Specified,MARGINAL,51.57,50.0
28/02/2024 14:00:00 - 28/02/2024 15:00:00,SCA|NO2,mFRR,Not Specified,Not Specified,MARGINAL,51.09,49.0
28/02/2024 15:00:00 - 28/02/2024 16:00:00,SCA|NO2,mFRR,Not Specified,Not Specified,MARGINAL,52.12,49.0
28/02/2024 16:00:00 - 28/02/2024 17:00:00,SCA|NO2,mFRR,Not Specified,Not Specified,MARGINAL,56.28,56.28
28/02/2024 17:00:00 - 28/02/2024 18:00:00,SCA|NO2,mFRR,Not Specified,Not Specified,MARGINAL,57.34,57.34
28/02/2024 18:00:00 - 28/02/2024 19:00:00,SCA|NO2,mFRR,Not Specified,Not Specified,MARGINAL,56.53,50.0
28/02/2024 19:00:00 - 28/02/2024 20:00:00,SCA|NO2,mFRR,Not Specified,Not Specified,MARGINAL,55.49,50.0
28/02/2024 20:00:00 - 28/02/2024 21:00:00,SCA|NO2,mFRR,Not Specified,Not Specified,MARGINAL,53.95,50.0
28/02/2024 21:00:00 - 28/02/2024 22:00:00,SCA|NO2,mFRR,Not Specified,Not Specified,MARGINAL,52.27,52.27
28/02/2024 22:00:00 - 28/02/2024 23:00:00,SCA|NO2,mFRR,Not Specified,Not Specified,MARGINAL,49.89,49.89
28/02/2024 23:00:00 - 29/02/2024 00:00:00,SCA|NO2,mFRR,Not Specified,Not Specified,MARGINAL,47.36,47.36
29/02/2024 00:00:00 - 29/02/2024 01:00:00,SCA|NO2,mFRR,Not Specified,Not Specified,MARGINAL,50.33,39.0
29/02/2024 01:00:00 - 29/02/2024 02:00:00,SCA|NO2,mFRR,Not Specified,Not Specified,MARGINAL,49.25,39.0
29/02/2024 02:00:00 - 29/02/2024 03:00:00,SCA|NO2,mFRR,Not Specified,Not Specified,MARGINAL,48.1,33.5
29/02/2024 03:00:00 - 29/02/2024 04:00:00,SCA|NO2,mFRR,Not Specified,Not Specified,MARGINAL,45.15,33.5
29/02/2024 04:00:00 - 29/02/2024 05:00:00,SCA|NO2,mFRR,Not Specified,Not Specified,MARGINAL,43.49,34.0
29/02/2024 05:00:00 - 29/02/2024 06:00:00,SCA|NO2,mFRR,Not Specified,Not Specified,MARGINAL,45.32,38.5
29/02/2024 06:00:00 - 29/02/2024 07:00:00,SCA|NO2,mFRR,Not Specified,Not Specified,MARGINAL,47.07,36.0
29/02/2024 07:00:00 - 29/02/2024 08:00:00,SCA|NO2,mFRR,Not Specified,Not Specified,MARGINAL,47.24,36.5
29/02/2024 08:00:00 - 29/02/2024 09:00:00,SCA|NO2,mFRR,Not Specified,Not Specified,MARGINAL,49.21,40.0
29/02/2024 09:00:00 - 29/02/2024 10:00:00,SCA|NO2,mFRR,Not Specified,Not Specified,MARGINAL,49.74,41.0
29/02/2024 10:00:00 - 29/02/2024 11:00:00,SCA|NO2,mFRR,Not Specified,Not Specified,MARGINAL,50.0,42.0
29/02/2024 11:00:00 - 29/02/2024 12:00:00,SCA|NO2,mFRR,Not Specified,Not Specified,MARGINAL,51.37,43.5
29/02/2024 12:00:00 - 29/02/2024 13:00:00,SCA|NO2,mFRR,Not Specified,Not Specified,MARGINAL,50.89,42.0
29/02/2024 13:00:00 - 29/02/2024 14:00:00,SCA|NO2,mFRR,Not Specified,Not Specified,MARGINAL,50.6,45.0
29/02/2024 14:00:00 - 29/02/2024 15:00:00,SCA|NO2,mFRR,Not Specified,Not Specified,MARGINAL,49.36,45.0
29/02/2024 15:00:00 - 29/02/2024 16:00:00,SCA|NO2,mFRR,Not Specified,Not Specified,MARGINAL,49.91,45.0
29/02/2024 16:00:00 - 29/02/2024 17:00:00,SCA|NO2,mFRR,Not Specified,Not Specified,MARGINAL,51.25,45.0
29/02/2024 17:00:00 - 29/02/2024 18:00:00,SCA|NO2,mFRR,Not Specified,Not Specified,MARGINAL,55.87,53.0
29/02/2024 18:00:00 - 29/02/2024 19:00:00,SCA|NO2,mFRR,Not Specified,Not Specified,,,
29/02/2024 19:00:00 - 29/02/2024 20:00:00,SCA|NO2,mFRR,Not Specified,Not Specified,MARGINAL,54.0,54.0
29/02/2024 20:00:00 - 29/02/2024 21:00:00,SCA|NO2,mFRR,Not Specified,Not Specified,MARGINAL,52.57,52.57
29/02/2024 21:00:00 - 29/02/2024 22:00:00,SCA|NO2,mFRR,Not Specified,Not Specified,MARGINAL,51.58,48.0
29/02/2024 22:00:00 - 29/02/2024 23:00:00,SCA|NO2,mFRR,Not Specified,Not Specified,MARGINAL,51.1,51.1
29/02/2024 23:00:00 - 01/03/2024 00:00:00,SCA|NO2,mFRR,Not Specified,Not Specified,MARGINAL,50.35,50.35
01/03/2024 00:00:00 - 01/03/2024 01:00:00,SCA|NO2,mFRR,Not Specified,Not Specified,MARGINAL,52.33,52.33
01/03/2024 01:00:00 - 01/03/2024 02:00:00,SCA|NO2,mFRR,Not Specified,Not Specified,MARGINAL,51.51,51.51
01/03/2024 02:00:00 - 01/03/2024 03:00:00,SCA|NO2,mFRR,Not Specified,Not Specified,MARGINAL,51.95,51.95
01/03/2024 03:00:00 - 01/03/2024 04:00:00,SCA|NO2,mFRR,Not Specified,Not Specified,MARGINAL,51.91,51.91
01/03/2024 04:00:00 - 01/03/2024 05:00:00,SCA|NO2,mFRR,Not Specified,Not Specified,MARGINAL,52.03,52.03
01/03/2024 05:00:00 - 01/03/2024 06:00:00,SCA|NO2,mFRR,Not Specified,Not Specified,MARGINAL,52.52,52.52
01/03/2024 06:00:00 - 01/03/2024 07:00:00,SCA|NO2,mFRR,Not Specified,Not Specified,MARGINAL,54.46,54.46
01/03/2024 07:00:00 - 01/03/2024 08:00:00,SCA|NO2,mFRR,Not Specified,Not Specified,MARGINAL,57.15,57.15
01/03/2024 08:00:00 - 01/03/2024 09:00:00,SCA|NO2,mFRR,Not Specified,Not Specified,MARGINAL,58.2,58.2
01/03/2024 09:00:00 - 01/03/2024 10:00:00,SCA|NO2,mFRR,Not Specified,Not Specified,MARGINAL,58.21,58.21
01/03/2024 10:00:00 - 01/03/2024 11:00:00,SCA|NO2,mFRR,Not Specified,Not Specified,MARGINAL,58.2,58.2
01/03/2024 11:00:00 - 01/03/2024 12:00:00,SCA|NO2,mFRR,Not Specified,Not Specified,MARGINAL,56.3,56.3
01/03/2024 12:00:00 - 01/03/2024 13:00:00,SCA|NO2,mFRR,Not Specified,Not Specified,MARGINAL,54.33,54.33
01/03/2024 13:00:00 - 01/03/2024 14:00:00,SCA|NO2,mFRR,Not Specified,Not Specified,MARGINAL,56.6,52.5
01/03/2024 14:00:00 - 01/03/2024 15:00:00,SCA|NO2,mFRR,Not Specified,Not Specified,MARGINAL,61.35,53.0
01/03/2024 15:00:00 - 01/03/2024 16:00:00,SCA|NO2,mFRR,Not Specified,Not Specified,MARGINAL,63.1,54.0
01/03/2024 16:00:00 - 01/03/2024 17:00:00,SCA|NO2,mFRR,Not Specified,Not Specified,MARGINAL,61.93,53.0
01/03/2024 17:00:00 - 01/03/2024 18:00:00,SCA|NO2,mFRR,Not Specified,Not Specified,MARGINAL,63.11,63.11
01/03/2024 18:00:00 - 01/03/2024 19:00:00,SCA|NO2,mFRR,Not Specified,Not Specified,MARGINAL,62.37,62.37
01/03/2024 19:00:00 - 01/03/2024 20:00:00,SCA|NO2,mFRR,Not Specified,Not Specified,MARGINAL,61.79,61.79
01/03/2024 20:00:00 - 01/03/2024 21:00:00,SCA|NO2,mFRR,Not Specified,Not Specified,MARGINAL,60.05,60.05
01/03/2024 21:00:00 - 01/03/2024 22:00:00,SCA|NO2,mFRR,Not Specified,Not Specified,MARGINAL,58.71,58.71
01/03/2024 22:00:00 - 01/03/2024 23:00:00,SCA|NO2,mFRR,Not Specified,Not Specified,MARGINAL,56.36,56.36
01/03/2024 23:00:00 - 02/03/2024 00:00:00,SCA|NO2,mFRR,Not Specified,Not Specified,,,
02/03/2024 00:00:00 - 02/03/2024 01:00:00,SCA|NO2,mFRR,Not Specified,Not Specified,MARGINAL,57.36,57.36
02/03/2024 01:00:00 - 02/03/2024 02:00:00,SCA|NO2,mFRR,Not Specified,Not Specified,MARGINAL,54.96,54.96
02/03/2024 02:00:00 - 02/03/2024 03:00:00,SCA|NO2,mFRR,Not Specified,Not Specified,MARGINAL,54.34,54.34
02/03/2024 03:00:00 - 02/03/2024 04:00:00,SCA|NO2,mFRR,Not Specified,Not Specified,MARGINAL,53.88,53.88
02/03/2024 04:00:00 - 02/03/2024 05:00:00,SCA|NO2,mFRR,Not Specified,Not Specified,MARGINAL,53.37,53.37
02/03/2024 05:00:00 - 02/03/2024 06:00:00,SCA|NO2,mFRR,Not Specified,Not Specified,MARGINAL,54.25,54.25
02/03/2024 06:00:00 - 02/03/2024 07:00:00,SCA|NO2,mFRR,Not Specified,Not Specified,MARGINAL,54.97,54.97
02/03/2024 07:00:00 - 02/03/2024 08:00:00,SCA|NO2,mFRR,Not Specified,Not Specified,MARGINAL,57.1,57.1
02/03/2024 08:00:00 - 02/03/2024 09:00:00,SCA|NO2,mFRR,Not Specified,Not Specified,MARGINAL,58.02,58.02
02/03/2024 09:00:00 - 02/03/2024 10:00:00,SCA|NO2,mFRR,Not Specified,Not Specified,MARGINAL,58.67,58.67
02/03/2024 10:00:00 - 02/03/2024 11:00:00,SCA|NO2,mFRR,Not Specified,Not Specified,MARGINAL,63.0,58.34
02/03/2024 11:00:00 - 02/03/2024 12:00:00,SCA|NO2,mFRR,Not Specified,Not Specified,MARGINAL,63.0,56.85
02/03/2024 12:00:00 - 02/03/2024 13:00:00,SCA|NO2,mFRR,Not Specified,Not Specified,MARGINAL,55.0,45.0
02/03/2024 13:00:00 - 02/03/2024 14:00:00,SCA|NO2,mFRR,Not Specified,Not Specified,MARGINAL,54.81,45.0
02/03/2024 14:00:00 - 02/03/2024 15:00:00,SCA|NO2,mFRR,Not Specified,Not Specified,MARGINAL,56.73,49.0
02/03/2024 15:00:00 - 02/03/2024 16:00:00,SCA|NO2,mFRR,Not Specified,Not Specified,MARGINAL,58.58,58.58
02/03/2024 16:00:00 - 02/03/2024 17:00:00,SCA|NO2,mFRR,Not Specified,Not Specified,MARGINAL,67.0,59.19
02/03/2024 17:00:00 - 02/03/2024 18:00:00,SCA|NO2,mFRR,Not Specified,Not Specified,MARGINAL,70.0,63.07
02/03/2024 18:00:00 - 02/03/2024 19:00:00,SCA|NO2,mFRR,Not Specified,Not Specified,MARGINAL,69.0,63.93
02/03/2024 19:00:00 - 02/03/2024 20:00:00,SCA|NO2,mFRR,Not Specified,Not Specified,MARGINAL,67.0,60.42
02/03/2024 20:00:00 - 02/03/2024 21:00:00,SCA|NO2,mFRR,Not Specified,Not Specified,MARGINAL,60.51,58.55
02/03/2024 21:00:00 - 02/03/2024 22:00:00,SCA|NO2,mFRR,Not Specified,Not Specified,MARGINAL,60.57,58.24
02/03/2024 22:00:00 - 02/03/2024 23:00:00,SCA|NO2,mFRR,Not Specified,Not Specified,MARGINAL,60.0,57.34
02/03/2024 23:00:00 - 03/03/2024 00:00:00,SCA|NO2,mFRR,Not Specified,Not Specified,MARGINAL,54.99,54.99
03/03/2024 00:00:00 - 03/03/2024 01:00:00,SCA|NO2,mFRR,Not Specified,Not Specified,MARGINAL,54.5,54.5
03/03/2024 01:00:00 - 03/03/2024 02:00:00,SCA|NO2,mFRR,Not Specified,Not Specified,MARGINAL,53.63,53.63
03/03/2024 02:00:00 - 03/03/2024 03:00:00,SCA|NO2,mFRR,Not Specified,Not Specified,MARGINAL,53.8,53.8
03/03/2024 03:00:00 - 03/03/2024 04:00:00,SCA|NO2,mFRR,Not Specified,Not Specified,MARGINAL,53.98,46.28
03/03/2024 04:00:00 - 03/03/2024 05:00:00,SCA|NO2,mFRR,Not Specified,Not Specified,MARGINAL,53.71,46.28
03/03/2024 05:00:00 - 03/03/2024 06:00:00,SCA|NO2,mFRR,Not Specified,Not Specified,MARGINAL,54.21,54.21
03/03/2024 06:00:00 - 03/03/2024 07:00:00,SCA|NO2,mFRR,Not Specified,Not Specified,MARGINAL,54.66,54.66
03/03/2024 07:00:00 - 03/03/2024 08:00:00,SCA|NO2,mFRR,Not Specified,Not Specified,MARGINAL,55.51,47.0
03/03/2024 08:00:00 - 03/03/2024 09:00:00,SCA|NO2,mFRR,Not Specified,Not Specified,MARGINAL,54.77,46.0
03/03/2024 09:00:00 - 03/03/2024 10:00:00,SCA|NO2,mFRR,Not Specified,Not Specified,MARGINAL,53.99,44.0
03/03/2024 10:00:00 - 03/03/2024 11:00:00,SCA|NO2,mFRR,Not Specified,Not Specified,MARGINAL,53.46,46.95
03/03/2024 11:00:00 - 03/03/2024 12:00:00,SCA|NO2,mFRR,Not Specified,Not Specified,MARGINAL,51.04,47.0
03/03/2024 12:00:00 - 03/03/2024 13:00:00,SCA|NO2,mFRR,Not Specified,Not Specified,MARGINAL,48.93,48.93
03/03/2024 13:00:00 - 03/03/2024 14:00:00,SCA|NO2,mFRR,Not Specified,Not Specified,MARGINAL,46.89,41.0
03/03/2024 14:00:00 - 03/03/2024 15:00:00,SCA|NO2,mFRR,Not Specified,Not Specified,MARGINAL,50.26,50.26
03/03/2024 15:00:00 - 03/03/2024 16:00:00,SCA|NO2,mFRR,Not Specified,Not Specified,MARGINAL,54.34,54.34
03/03/2024 16:00:00 - 03/03/2024 17:00:00,SCA|NO2,mFRR,Not Specified,Not Specified,MARGINAL,58.35,50.0
03/03/2024 17:00:00 - 03/03/2024 18:00:00,SCA|NO2,mFRR,Not Specified,Not Specified,MARGINAL,62.9,54.0
03/03/2024 18:00:00 - 03/03/2024 19:00:00,SCA|NO2,mFRR,Not Specified,Not Specified,MARGINAL,63.36,54.0
03/03/2024 19:00:00 - 03/03/2024 20:00:00,SCA|NO2,mFRR,Not Specified,Not Specified,MARGINAL,61.14,49.5
03/03/2024 20:00:00 - 03/03/2024 21:00:00,SCA|NO2,mFRR,Not Specified,Not Specified,MARGINAL,59.79,49.5
03/03/2024 21:00:00 - 03/03/2024 22:00:00,SCA|NO2,mFRR,Not Specified,Not Specified,MARGINAL,58.86,48.0
03/03/2024 22:00:00 - 03/03/2024 23:00:00,SCA|NO2,mFRR,Not Specified,Not Specified,MARGINAL,58.32,48.0
03/03/2024 23:00:00 - 04/03/2024 00:00:00,SCA|NO2,mFRR,Not Specified,Not Specified,MARGINAL,57.93,48.5
04/03/2024 00:00:00 - 04/03/2024 01:00:00,SCA|NO2,mFRR,Not Specified,Not Specified,MARGINAL,58.49,50.0
04/03/2024 01:00:00 - 04/03/2024 02:00:00,SCA|NO2,mFRR,Not Specified,Not Specified,MARGINAL,58.81,50.0
04/03/2024 02:00:00 - 04/03/2024 03:00:00,SCA|NO2,mFRR,Not Specified,Not Specified,MARGINAL,58.7,50.0
04/03/2024 03:00:00 - 04/03/2024 04:00:00,SCA|NO2,mFRR,Not Specified,Not Specified,MARGINAL,58.8,51.0
04/03/2024 04:00:00 - 04/03/2024 05:00:00,SCA|NO2,mFRR,Not Specified,Not Specified,MARGINAL,58.99,51.0
04/03/2024 05:00:00 - 04/03/2024 06:00:00,SCA|NO2,mFRR,Not Specified,Not Specified,MARGINAL,59.88,51.0
04/03/2024 06:00:00 - 04/03/2024 07:00:00,SCA|NO2,mFRR,Not Specified,Not Specified,MARGINAL,60.92,56.5
04/03/2024 07:00:00 - 04/03/2024 08:00:00,SCA|NO2,mFRR,Not Specified,Not Specified,MARGINAL,93.58,57.5
04/03/2024 08:00:00 - 04/03/2024 09:00:00,SCA|NO2,mFRR,Not Specified,Not Specified,MARGINAL,99.78,55.86
04/03/2024 09:00:00 - 04/03/2024 10:00:00,SCA|NO2,mFRR,Not Specified,Not Specified,MARGINAL,82.2,54.0
04/03/2024 10:00:00 - 04/03/2024 11:00:00,SCA|NO2,mFRR,Not Specified,Not Specified,MARGINAL,63.72,49.0
04/03/2024 11:00:00 - 04/03/2024 12:00:00,SCA|NO2,mFRR,Not Specified,Not Specified,MARGINAL,59.92,48.5
04/03/2024 12:00:00 - 04/03/2024 13:00:00,SCA|NO2,mFRR,Not Specified,Not Specified,MARGINAL,59.25,48.5
04/03/2024 13:00:00 - 04/03/2024 14:00:00,SCA|NO2,mFRR,Not Specified,Not Specified,MARGINAL,59.21,47.0
04/03/2024 14:00:00 - 04/03/2024 15:00:00,SCA|NO2,mFRR,Not Specified,Not Specified,MARGINAL,59.6,48.5
04/03/2024 15:00:00 - 04/03/2024 16:00:00,SCA|NO2,mFRR,Not Specified,Not Specified,MARGINAL,59.87,53.26
04/03/2024 16:00:00 - 04/03/2024 17:00:00,SCA|NO2,mFRR,Not Specified,Not Specified,MARGINAL,60.42,60.42
04/03/2024 17:00:00 - 04/03/2024 18:00:00,SCA|NO2,mFRR,Not Specified,Not Specified,MARGINAL,72.33,72.33
04/03/2024 18:00:00 - 04/03/2024 19:00:00,SCA|NO2,mFRR,Not Specified,Not Specified,MARGINAL,72.33,72.33
04/03/2024 19:00:00 - 04/03/2024 20:00:00,SCA|NO2,mFRR,Not Specified,Not Specified,MARGINAL,62.78,62.78
04/03/2024 20:00:00 - 04/03/2024 21:00:00,SCA|NO2,mFRR,Not Specified,Not Specified,MARGINAL,60.89,60.89
04/03/2024 21:00:00 - 04/03/2024 22:00:00,SCA|NO2,mFRR,Not Specified,Not Specified,MARGINAL,59.24,59.24
04/03/2024 22:00:00 - 04/03/2024 23:00:00,SCA|NO2,mFRR,Not Specified,Not Specified,MARGINAL,58.24,58.24
04/03/2024 23:00:00 - 05/03/2024 00:00:00,SCA|NO2,mFRR,Not Specified,Not Specified,MARGINAL,57.87,49.0
05/03/2024 00:00:00 - 05/03/2024 01:00:00,SCA|NO2,mFRR,Not Specified,Not Specified,MARGINAL,56.21,49.21
05/03/2024 01:00:00 - 05/03/2024 02:00:00,SCA|NO2,mFRR,Not Specified,Not Specified,MARGINAL,56.48,49.48
05/03/2024 02:00:00 - 05/03/2024 03:00:00,SCA|NO2,mFRR,Not Specified,Not Specified,MARGINAL,56.46,49.46
05/03/2024 03:00:00 - 05/03/2024 04:00:00,SCA|NO2,mFRR,Not Specified,Not Specified,MARGINAL,56.36,49.36
05/03/2024 04:00:00 - 05/03/2024 05:00:00,SCA|NO2,mFRR,Not Specified,Not Specified,MARGINAL,56.47,56.47
05/03/2024 05:00:00 - 05/03/2024 06:00:00,SCA|NO2,mFRR,Not Specified,Not Specified,MARGINAL,57.39,57.39
05/03/2024 06:00:00 - 05/03/2024 07:00:00,SCA|NO2,mFRR,Not Specified,Not Specified,MARGINAL,58.38,50.0
05/03/2024 07:00:00 - 05/03/2024 08:00:00,SCA|NO2,mFRR,Not Specified,Not Specified,MARGINAL,60.3,53.27
05/03/2024 08:00:00 - 05/03/2024 09:00:00,SCA|NO2,mFRR,Not Specified,Not Specified,MARGINAL,61.24,52.42
05/03/2024 09:00:00 - 05/03/2024 10:00:00,SCA|NO2,mFRR,Not Specified,Not Specified,MARGINAL,59.64,50.5
05/03/2024 10:00:00 - 05/03/2024 11:00:00,SCA|NO2,mFRR,Not Specified,Not Specified,MARGINAL,59.18,50.0
05/03/2024 11:00:00 - 05/03/2024 12:00:00,SCA|NO2,mFRR,Not Specified,Not Specified,MARGINAL,59.22,48.0
05/03/2024 12:00:00 - 05/03/2024 13:00:00,SCA|NO2,mFRR,Not Specified,Not Specified,MARGINAL,58.61,48.0
05/03/2024 13:00:00 - 05/03/2024 14:00:00,SCA|NO2,mFRR,Not Specified,Not Specified,MARGINAL,58.59,48.0
05/03/2024 14:00:00 - 05/03/2024 15:00:00,SCA|NO2,mFRR,Not Specified,Not Specified,MARGINAL,59.06,48.0
05/03/2024 15:00:00 - 05/03/2024 16:00:00,SCA|NO2,mFRR,Not Specified,Not Specified,MARGINAL,59.65,48.3
05/03/2024 16:00:00 - 05/03/2024 17:00:00,SCA|NO2,mFRR,Not Specified,Not Specified,MARGINAL,60.69,56.0
05/03/2024 17:00:00 - 05/03/2024 18:00:00,SCA|NO2,mFRR,Not Specified,Not Specified,MARGINAL,73.86,55.0
05/03/2024 18:00:00 - 05/03/2024 19:00:00,SCA|NO2,mFRR,Not Specified,Not Specified,MARGINAL,95.72,56.5
05/03/2024 19:00:00 - 05/03/2024 20:00:00,SCA|NO2,mFRR,Not Specified,Not Specified,MARGINAL,78.77,55.5
05/03/2024 20:00:00 - 05/03/2024 21:00:00,SCA|NO2,mFRR,Not Specified,Not Specified,MARGINAL,67.87,55.5
05/03/2024 21:00:00 - 05/03/2024 22:00:00,SCA|NO2,mFRR,Not Specified,Not Specified,MARGINAL,68.0,56.5
05/03/2024 22:00:00 - 05/03/2024 23:00:00,SCA|NO2,mFRR,Not Specified,Not Specified,MARGINAL,64.0,61.98
05/03/2024 23:00:00 - 06/03/2024 00:00:00,SCA|NO2,mFRR,Not Specified,Not Specified,MARGINAL,60.79,56.58
06/03/2024 00:00:00 - 06/03/2024 01:00:00,SCA|NO2,mFRR,Not Specified,Not Specified,MARGINAL,64.02,59.0
06/03/2024 01:00:00 - 06/03/2024 02:00:00,SCA|NO2,mFRR,Not Specified,Not Specified,MARGINAL,62.77,59.0
06/03/2024 02:00:00 - 06/03/2024 03:00:00,SCA|NO2,mFRR,Not Specified,Not Specified,MARGINAL,62.17,59.0
06/03/2024 03:00:00 - 06/03/2024 04:00:00,SCA|NO2,mFRR,Not Specified,Not Specified,MARGINAL,62.74,59.0
06/03/2024 04:00:00 - 06/03/2024 05:00:00,SCA|NO2,mFRR,Not Specified,Not Specified,MARGINAL,64.92,64.92
06/03/2024 05:00:00 - 06/03/2024 06:00:00,SCA|NO2,mFRR,Not Specified,Not Specified,MARGINAL,68.58,58.5
06/03/2024 06:00:00 - 06/03/2024 07:00:00,SCA|NO2,mFRR,Not Specified,Not Specified,MARGINAL,83.5,58.5
06/03/2024 07:00:00 - 06/03/2024 08:00:00,SCA|NO2,mFRR,Not Specified,Not Specified,MARGINAL,106.0,103.55
06/03/2024 08:00:00 - 06/03/2024 09:00:00,SCA|NO2,mFRR,Not Specified,Not Specified,MARGINAL,107.0,105.33
06/03/2024 09:00:00 - 06/03/2024 10:00:00,SCA|NO2,mFRR,Not Specified,Not Specified,MARGINAL,87.0,84.68
06/03/2024 10:00:00 - 06/03/2024 11:00:00,SCA|NO2,mFRR,Not Specified,Not Specified,MARGINAL,73.39,73.39
06/03/2024 11:00:00 - 06/03/2024 12:00:00,SCA|NO2,mFRR,Not Specified,Not Specified,MARGINAL,69.67,60.0
06/03/2024 12:00:00 - 06/03/2024 13:00:00,SCA|NO2,mFRR,Not Specified,Not Specified,MARGINAL,67.32,60.0
06/03/2024 13:00:00 - 06/03/2024 14:00:00,SCA|NO2,mFRR,Not Specified,Not Specified,MARGINAL,67.21,58.5
06/03/2024 14:00:00 - 06/03/2024 15:00:00,SCA|NO2,mFRR,Not Specified,Not Specified,MARGINAL,68.38,58.5
06/03/2024 15:00:00 - 06/03/2024 16:00:00,SCA|NO2,mFRR,Not Specified,Not Specified,MARGINAL,69.96,58.5
06/03/2024 16:00:00 - 06/03/2024 17:00:00,SCA|NO2,mFRR,Not Specified,Not Specified,MARGINAL,77.24,58.0
06/03/2024 17:00:00 - 06/03/2024 18:00:00,SCA|NO2,mFRR,Not Specified,Not Specified,MARGINAL,96.9,58.0
06/03/2024 18:00:00 - 06/03/2024 19:00:00,SCA|NO2,mFRR,Not Specified,Not Specified,MARGINAL,115.87,115.87
06/03/2024 19:00:00 - 06/03/2024 20:00:00,SCA|NO2,mFRR,Not Specified,Not Specified,MARGINAL,115.55,115.55
06/03/2024 20:00:00 - 06/03/2024 21:00:00,SCA|NO2,mFRR,Not Specified,Not Specified,MARGINAL,91.0,90.5
06/03/2024 21:00:00 - 06/03/2024 22:00:00,SCA|NO2,mFRR,Not Specified,Not Specified,MARGINAL,77.67,59.0
06/03/2024 22:00:00 - 06/03/2024 23:00:00,SCA|NO2,mFRR,Not Specified,Not Specified,MARGINAL,77.2,72.88
06/03/2024 23:00:00 - 07/03/2024 00:00:00,SCA|NO2,mFRR,Not Specified,Not Specified,MARGINAL,70.5,65.55
07/03/2024 00:00:00 - 07/03/2024 01:00:00,SCA|NO2,mFRR,Not Specified,Not Specified,MARGINAL,71.74,67.86
07/03/2024 01:00:00 - 07/03/2024 02:00:00,SCA|NO2,mFRR,Not Specified,Not Specified,MARGINAL,71.42,65.68
07/03/2024 02:00:00 - 07/03/2024 03:00:00,SCA|NO2,mFRR,Not Specified,Not Specified,MARGINAL,71.47,64.77
07/03/2024 03:00:00 - 07/03/2024 04:00:00,SCA|NO2,mFRR,Not Specified,Not Specified,MARGINAL,71.55,64.33
07/03/2024 04:00:00 - 07/03/2024 05:00:00,SCA|NO2,mFRR,Not Specified,Not Specified,MARGINAL,71.0,64.8
07/03/2024 05:00:00 - 07/03/2024 06:00:00,SCA|NO2,mFRR,Not Specified,Not Specified,MARGINAL,73.79,66.34
07/03/2024 06:00:00 - 07/03/2024 07:00:00,SCA|NO2,mFRR,Not Specified,Not Specified,MARGINAL,107.33,78.46
07/03/2024 07:00:00 - 07/03/2024 08:00:00,SCA|NO2,mFRR,Not Specified,Not Specified,MARGINAL,114.04,103.2
07/03/2024 08:00:00 - 07/03/2024 09:00:00,SCA|NO2,mFRR,Not Specified,Not Specified,MARGINAL,106.0,93.9
07/03/2024 09:00:00 - 07/03/2024 10:00:00,SCA|NO2,mFRR,Not Specified,Not Specified,MARGINAL,76.71,60.5
07/03/2024 10:00:00 - 07/03/2024 11:00:00,SCA|NO2,mFRR,Not Specified,Not Specified,MARGINAL,69.02,60.5
07/03/2024 11:00:00 - 07/03/2024 12:00:00,SCA|NO2,mFRR,Not Specified,Not Specified,MARGINAL,64.04,64.04
07/03/2024 12:00:00 - 07/03/2024 13:00:00,SCA|NO2,mFRR,Not Specified,Not Specified,MARGINAL,60.98,59.0
07/03/2024 13:00:00 - 07/03/2024 14:00:00,SCA|NO2,mFRR,Not Specified,Not Specified,MARGINAL,60.26,55.26
07/03/2024 14:00:00 - 07/03/2024 15:00:00,SCA|NO2,mFRR,Not Specified,Not Specified,MARGINAL,61.81,59.0
07/03/2024 15:00:00 - 07/03/2024 16:00:00,SCA|NO2,mFRR,Not Specified,Not Specified,MARGINAL,63.55,63.55
07/03/2024 16:00:00 - 07/03/2024 17:00:00,SCA|NO2,mFRR,Not Specified,Not Specified,MARGINAL,64.88,58.0
07/03/2024 17:00:00 - 07/03/2024 18:00:00,SCA|NO2,mFRR,Not Specified,Not Specified,MARGINAL,86.22,59.5
07/03/2024 18:00:00 - 07/03/2024 19:00:00,SCA|NO2,mFRR,Not Specified,Not Specified,MARGINAL,104.0,102.64
07/03/2024 19:00:00 - 07/03/2024 20:00:00,SCA|NO2,mFRR,Not Specified,Not Specified,MARGINAL,104.0,87.54
07/03/2024 20:00:00 - 07/03/2024 21:00:00,SCA|NO2,mFRR,Not Specified,Not Specified,MARGINAL,79.9,63.0
07/03/2024 21:00:00 - 07/03/2024 22:00:00,SCA|NO2,mFRR,Not Specified,Not Specified,MARGINAL,68.66,63.0
07/03/2024 22:00:00 - 07/03/2024 23:00:00,SCA|NO2,mFRR,Not Specified,Not Specified,MARGINAL,70.0,60.0
07/03/2024 23:00:00 - 08/03/2024 00:00:00,SCA|NO2,mFRR,Not Specified,Not Specified,MARGINAL,69.0,63.68
08/03/2024 00:00:00 - 08/03/2024 01:00:00,SCA|NO2,mFRR,Not Specified,Not Specified,MARGINAL,66.11,59.0
08/03/2024 01:00:00 - 08/03/2024 02:00:00,SCA|NO2,mFRR,Not Specified,Not Specified,MARGINAL,64.89,58.0
08/03/2024 02:00:00 - 08/03/2024 03:00:00,SCA|NO2,mFRR,Not Specified,Not Specified,MARGINAL,64.87,58.0
08/03/2024 03:00:00 - 08/03/2024 04:00:00,SCA|NO2,mFRR,Not Specified,Not Specified,MARGINAL,64.01,55.0
08/03/2024 04:00:00 - 08/03/2024 05:00:00,SCA|NO2,mFRR,Not Specified,Not Specified,MARGINAL,64.24,55.0
08/03/2024 05:00:00 - 08/03/2024 06:00:00,SCA|NO2,mFRR,Not Specified,Not Specified,MARGINAL,65.03,59.0
08/03/2024 06:00:00 - 08/03/2024 07:00:00,SCA|NO2,mFRR,Not Specified,Not Specified,MARGINAL,76.0,61.5
08/03/2024 07:00:00 - 08/03/2024 08:00:00,SCA|NO2,mFRR,Not Specified,Not Specified,MARGINAL,96.0,95.06
08/03/2024 08:00:00 - 08/03/2024 09:00:00,SCA|NO2,mFRR,Not Specified,Not Specified,MARGINAL,89.0,87.39
08/03/2024 09:00:00 - 08/03/2024 10:00:00,SCA|NO2,mFRR,Not Specified,Not Specified,MARGINAL,74.0,60.0
08/03/2024 10:00:00 - 08/03/2024 11:00:00,SCA|NO2,mFRR,Not Specified,Not Specified,MARGINAL,59.37,50.0
08/03/2024 11:00:00 - 08/03/2024 12:00:00,SCA|NO2,mFRR,Not Specified,Not Specified,MARGINAL,55.78,45.0
08/03/2024 12:00:00 - 08/03/2024 13:00:00,SCA|NO2,mFRR,Not Specified,Not Specified,MARGINAL,54.17,45.0
08/03/2024 13:00:00 - 08/03/2024 14:00:00,SCA|NO2,mFRR,Not Specified,Not Specified,MARGINAL,52.8,40.0
08/03/2024 14:00:00 - 08/03/2024 15:00:00,SCA|NO2,mFRR,Not Specified,Not Specified,MARGINAL,51.98,40.0
08/03/2024 15:00:00 - 08/03/2024 16:00:00,SCA|NO2,mFRR,Not Specified,Not Specified,MARGINAL,52.72,40.0
08/03/2024 16:00:00 - 08/03/2024 17:00:00,SCA|NO2,mFRR,Not Specified,Not Specified,MARGINAL,58.11,46.0
08/03/2024 17:00:00 - 08/03/2024 18:00:00,SCA|NO2,mFRR,Not Specified,Not Specified,MARGINAL,63.2,53.0
08/03/2024 18:00:00 - 08/03/2024 19:00:00,SCA|NO2,mFRR,Not Specified,Not Specified,MARGINAL,75.94,61.0
08/03/2024 19:00:00 - 08/03/2024 20:00:00,SCA|NO2,mFRR,Not Specified,Not Specified,MARGINAL,77.44,58.0
08/03/2024 20:00:00 - 08/03/2024 21:00:00,SCA|NO2,mFRR,Not Specified,Not Specified,MARGINAL,68.85,59.0
08/03/2024 21:00:00 - 08/03/2024 22:00:00,SCA|NO2,mFRR,Not Specified,Not Specified,MARGINAL,63.29,53.0
08/03/2024 22:00:00 - 08/03/2024 23:00:00,SCA|NO2,mFRR,Not Specified,Not Specified,MARGINAL,63.02,47.0
08/03/2024 23:00:00 - 09/03/2024 00:00:00,SCA|NO2,mFRR,Not Specified,Not Specified,MARGINAL,59.89,50.0
09/03/2024 00:00:00 - 09/03/2024 01:00:00,SCA|NO2,mFRR,Not Specified,Not Specified,MARGINAL,57.95,45.34
09/03/2024 01:00:00 - 09/03/2024 02:00:00,SCA|NO2,mFRR,Not Specified,Not Specified,MARGINAL,54.91,44.0
09/03/2024 02:00:00 - 09/03/2024 03:00:00,SCA|NO2,mFRR,Not Specified,Not Specified,MARGINAL,53.96,38.23
09/03/2024 03:00:00 - 09/03/2024 04:00:00,SCA|NO2,mFRR,Not Specified,Not Specified,MARGINAL,53.42,38.23
09/03/2024 04:00:00 - 09/03/2024 05:00:00,SCA|NO2,mFRR,Not Specified,Not Specified,MARGINAL,50.05,38.5
09/03/2024 05:00:00 - 09/03/2024 06:00:00,SCA|NO2,mFRR,Not Specified,Not Specified,MARGINAL,49.22,38.63
09/03/2024 06:00:00 - 09/03/2024 07:00:00,SCA|NO2,mFRR,Not Specified,Not Specified,MARGINAL,51.63,39.0
09/03/2024 07:00:00 - 09/03/2024 08:00:00,SCA|NO2,mFRR,Not Specified,Not Specified,MARGINAL,53.06,42.0
09/03/2024 08:00:00 - 09/03/2024 09:00:00,SCA|NO2,mFRR,Not Specified,Not Specified,MARGINAL,53.06,42.0
09/03/2024 09:00:00 - 09/03/2024 10:00:00,SCA|NO2,mFRR,Not Specified,Not Specified,MARGINAL,51.36,42.0
09/03/2024 10:00:00 - 09/03/2024 11:00:00,SCA|NO2,mFRR,Not Specified,Not Specified,MARGINAL,49.31,49.31
09/03/2024 11:00:00 - 09/03/2024 12:00:00,SCA|NO2,mFRR,Not Specified,Not Specified,MARGINAL,47.98,47.98
09/03/2024 12:00:00 - 09/03/2024 13:00:00,SCA|NO2,mFRR,Not Specified,Not Specified,MARGINAL,49.28,35.0
09/03/2024 13:00:00 - 09/03/2024 14:00:00,SCA|NO2,mFRR,Not Specified,Not Specified,MARGINAL,49.09,35.0
09/03/2024 14:00:00 - 09/03/2024 15:00:00,SCA|NO2,mFRR,Not Specified,Not Specified,MARGINAL,48.53,35.0
09/03/2024 15:00:00 - 09/03/2024 16:00:00,SCA|NO2,mFRR,Not Specified,Not Specified,MARGINAL,50.46,41.0
09/03/2024 16:00:00 - 09/03/2024 17:00:00,SCA|NO2,mFRR,Not Specified,Not Specified,MARGINAL,54.17,48.0
09/03/2024 17:00:00 - 09/03/2024 18:00:00,SCA|NO2,mFRR,Not Specified,Not Specified,MARGINAL,59.85,53.0
09/03/2024 18:00:00 - 09/03/2024 19:00:00,SCA|NO2,mFRR,Not Specified,Not Specified,MARGINAL,62.06,53.0
09/03/2024 19:00:00 - 09/03/2024 20:00:00,SCA|NO2,mFRR,Not Specified,Not Specified,MARGINAL,60.16,53.0
09/03/2024 20:00:00 - 09/03/2024 21:00:00,SCA|NO2,mFRR,Not Specified,Not Specified,MARGINAL,64.0,53.0
09/03/2024 21:00:00 - 09/03/2024 22:00:00,SCA|NO2,mFRR,Not Specified,Not Specified,MARGINAL,64.0,58.59
09/03/2024 22:00:00 - 09/03/2024 23:00:00,SCA|NO2,mFRR,Not Specified,Not Specified,MARGINAL,64.0,57.28
09/03/2024 23:00:00 - 10/03/2024 00:00:00,SCA|NO2,mFRR,Not Specified,Not Specified,MARGINAL,62.0,56.0
10/03/2024 00:00:00 - 10/03/2024 01:00:00,SCA|NO2,mFRR,Not Specified,Not Specified,MARGINAL,52.04,52.04
10/03/2024 01:00:00 - 10/03/2024 02:00:00,SCA|NO2,mFRR,Not Specified,Not Specified,MARGINAL,47.53,47.53
10/03/2024 02:00:00 - 10/03/2024 03:00:00,SCA|NO2,mFRR,Not Specified,Not Specified,MARGINAL,42.29,42.29
10/03/2024 03:00:00 - 10/03/2024 04:00:00,SCA|NO2,mFRR,Not Specified,Not Specified,MARGINAL,36.69,36.69
10/03/2024 04:00:00 - 10/03/2024 05:00:00,SCA|NO2,mFRR,Not Specified,Not Specified,MARGINAL,42.0,33.43
10/03/2024 05:00:00 - 10/03/2024 06:00:00,SCA|NO2,mFRR,Not Specified,Not Specified,MARGINAL,47.0,33.32
10/03/2024 06:00:00 - 10/03/2024 07:00:00,SCA|NO2,mFRR,Not Specified,Not Specified,MARGINAL,47.0,34.92
10/03/2024 07:00:00 - 10/03/2024 08:00:00,SCA|NO2,mFRR,Not Specified,Not Specified,MARGINAL,49.0,40.67
10/03/2024 08:00:00 - 10/03/2024 09:00:00,SCA|NO2,mFRR,Not Specified,Not Specified,MARGINAL,47.0,36.01
10/03/2024 09:00:00 - 10/03/2024 10:00:00,SCA|NO2,mFRR,Not Specified,Not Specified,MARGINAL,47.0,37.87
10/03/2024 10:00:00 - 10/03/2024 11:00:00,SCA|NO2,mFRR,Not Specified,Not Specified,MARGINAL,47.16,47.16
10/03/2024 11:00:00 - 10/03/2024 12:00:00,SCA|NO2,mFRR,Not Specified,Not Specified,MARGINAL,50.81,50.81
10/03/2024 12:00:00 - 10/03/2024 13:00:00,SCA|NO2,mFRR,Not Specified,Not Specified,MARGINAL,49.26,49.26
10/03/2024 13:00:00 - 10/03/2024 14:00:00,SCA|NO2,mFRR,Not Specified,Not Specified,MARGINAL,49.08,49.08
10/03/2024 14:00:00 - 10/03/2024 15:00:00,SCA|NO2,mFRR,Not Specified,Not Specified,MARGINAL,49.31,49.31
10/03/2024 15:00:00 - 10/03/2024 16:00:00,SCA|NO2,mFRR,Not Specified,Not Specified,MARGINAL,52.0,49.14
10/03/2024 16:00:00 - 10/03/2024 17:00:00,SCA|NO2,mFRR,Not Specified,Not Specified,MARGINAL,60.0,52.57
10/03/2024 17:00:00 - 10/03/2024 18:00:00,SCA|NO2,mFRR,Not Specified,Not Specified,MARGINAL,60.0,55.97
10/03/2024 18:00:00 - 10/03/2024 19:00:00,SCA|NO2,mFRR,Not Specified,Not Specified,MARGINAL,60.0,57.64
10/03/2024 19:00:00 - 10/03/2024 20:00:00,SCA|NO2,mFRR,Not Specified,Not Specified,MARGINAL,63.0,57.52
10/03/2024 20:00:00 - 10/03/2024 21:00:00,SCA|NO2,mFRR,Not Specified,Not Specified,MARGINAL,63.0,56.06
10/03/2024 21:00:00 - 10/03/2024 22:00:00,SCA|NO2,mFRR,Not Specified,Not Specified,MARGINAL,64.0,55.0
10/03/2024 22:00:00 - 10/03/2024 23:00:00,SCA|NO2,mFRR,Not Specified,Not Specified,MARGINAL,64.0,54.66
10/03/2024 23:00:00 - 11/03/2024 00:00:00,SCA|NO2,mFRR,Not Specified,Not Specified,MARGINAL,63.5,53.71
11/03/2024 00:00:00 - 11/03/2024 01:00:00,SCA|NO2,mFRR,Not Specified,Not Specified,MARGINAL,61.0,51.95
11/03/2024 01:00:00 - 11/03/2024 02:00:00,SCA|NO2,mFRR,Not Specified,Not Specified,MARGINAL,61.0,50.91
11/03/2024 02:00:00 - 11/03/2024 03:00:00,SCA|NO2,mFRR,Not Specified,Not Specified,MARGINAL,55.5,51.82
11/03/2024 03:00:00 - 11/03/2024 04:00:00,SCA|NO2,mFRR,Not Specified,Not Specified,MARGINAL,55.5,51.15
11/03/2024 04:00:00 - 11/03/2024 05:00:00,SCA|NO2,mFRR,Not Specified,Not Specified,MARGINAL,57.0,53.32
11/03/2024 05:00:00 - 11/03/2024 06:00:00,SCA|NO2,mFRR,Not Specified,Not Specified,MARGINAL,65.0,54.95
11/03/2024 06:00:00 - 11/03/2024 07:00:00,SCA|NO2,mFRR,Not Specified,Not Specified,MARGINAL,69.0,57.93
11/03/2024 07:00:00 - 11/03/2024 08:00:00,SCA|NO2,mFRR,Not Specified,Not Specified,MARGINAL,73.78,62.27
11/03/2024 08:00:00 - 11/03/2024 09:00:00,SCA|NO2,mFRR,Not Specified,Not Specified,MARGINAL,73.0,64.79
11/03/2024 09:00:00 - 11/03/2024 10:00:00,SCA|NO2,mFRR,Not Specified,Not Specified,MARGINAL,62.85,56.0
11/03/2024 10:00:00 - 11/03/2024 11:00:00,SCA|NO2,mFRR,Not Specified,Not Specified,MARGINAL,61.9,48.16
11/03/2024 11:00:00 - 11/03/2024 12:00:00,SCA|NO2,mFRR,Not Specified,Not Specified,MARGINAL,60.44,48.0
11/03/2024 12:00:00 - 11/03/2024 13:00:00,SCA|NO2,mFRR,Not Specified,Not Specified,MARGINAL,58.9,48.0
11/03/2024 13:00:00 - 11/03/2024 14:00:00,SCA|NO2,mFRR,Not Specified,Not Specified,MARGINAL,58.92,48.0
11/03/2024 14:00:00 - 11/03/2024 15:00:00,SCA|NO2,mFRR,Not Specified,Not Specified,MARGINAL,58.72,48.0
11/03/2024 15:00:00 - 11/03/2024 16:00:00,SCA|NO2,mFRR,Not Specified,Not Specified,MARGINAL,59.95,51.0
11/03/2024 16:00:00 - 11/03/2024 17:00:00,SCA|NO2,mFRR,Not Specified,Not Specified,MARGINAL,61.61,61.61
11/03/2024 17:00:00 - 11/03/2024 18:00:00,SCA|NO2,mFRR,Not Specified,Not Specified,MARGINAL,74.0,65.32
11/03/2024 18:00:00 - 11/03/2024 19:00:00,SCA|NO2,mFRR,Not Specified,Not Specified,MARGINAL,80.0,73.01
11/03/2024 19:00:00 - 11/03/2024 20:00:00,SCA|NO2,mFRR,Not Specified,Not Specified,MARGINAL,90.0,70.01
11/03/2024 20:00:00 - 11/03/2024 21:00:00,SCA|NO2,mFRR,Not Specified,Not Specified,MARGINAL,90.0,67.19
11/03/2024 21:00:00 - 11/03/2024 22:00:00,SCA|NO2,mFRR,Not Specified,Not Specified,MARGINAL,90.0,65.59
11/03/2024 22:00:00 - 11/03/2024 23:00:00,SCA|NO2,mFRR,Not Specified,Not Specified,MARGINAL,80.0,63.45
11/03/2024 23:00:00 - 12/03/2024 00:00:00,SCA|NO2,mFRR,Not Specified,Not Specified,MARGINAL,75.0,63.23
12/03/2024 00:00:00 - 12/03/2024 01:00:00,SCA|NO2,mFRR,Not Specified,Not Specified,MARGINAL,64.56,56.73
12/03/2024 01:00:00 - 12/03/2024 02:00:00,SCA|NO2,mFRR,Not Specified,Not Specified,MARGINAL,63.46,56.73
12/03/2024 02:00:00 - 12/03/2024 03:00:00,SCA|NO2,mFRR,Not Specified,Not Specified,MARGINAL,63.3,59.0
12/03/2024 03:00:00 - 12/03/2024 04:00:00,SCA|NO2,mFRR,Not Specified,Not Specified,MARGINAL,66.0,63.11
12/03/2024 04:00:00 - 12/03/2024 05:00:00,SCA|NO2,mFRR,Not Specified,Not Specified,MARGINAL,63.85,63.85
12/03/2024 05:00:00 - 12/03/2024 06:00:00,SCA|NO2,mFRR,Not Specified,Not Specified,MARGINAL,69.16,69.16
12/03/2024 06:00:00 - 12/03/2024 07:00:00,SCA|NO2,mFRR,Not Specified,Not Specified,MARGINAL,72.41,60.0
12/03/2024 07:00:00 - 12/03/2024 08:00:00,SCA|NO2,mFRR,Not Specified,Not Specified,MARGINAL,97.5,95.85
12/03/2024 08:00:00 - 12/03/2024 09:00:00,SCA|NO2,mFRR,Not Specified,Not Specified,MARGINAL,100.0,99.3
12/03/2024 09:00:00 - 12/03/2024 10:00:00,SCA|NO2,mFRR,Not Specified,Not Specified,MARGINAL,91.0,68.0
12/03/2024 10:00:00 - 12/03/2024 11:00:00,SCA|NO2,mFRR,Not Specified,Not Specified,MARGINAL,83.11,63.0
12/03/2024 11:00:00 - 12/03/2024 12:00:00,SCA|NO2,mFRR,Not Specified,Not Specified,MARGINAL,78.18,59.96
12/03/2024 12:00:00 - 12/03/2024 13:00:00,SCA|NO2,mFRR,Not Specified,Not Specified,MARGINAL,76.17,59.0
12/03/2024 13:00:00 - 12/03/2024 14:00:00,SCA|NO2,mFRR,Not Specified,Not Specified,MARGINAL,73.67,56.5
12/03/2024 14:00:00 - 12/03/2024 15:00:00,SCA|NO2,mFRR,Not Specified,Not Specified,MARGINAL,70.06,56.5
12/03/2024 15:00:00 - 12/03/2024 16:00:00,SCA|NO2,mFRR,Not Specified,Not Specified,MARGINAL,69.01,59.01
12/03/2024 16:00:00 - 12/03/2024 17:00:00,SCA|NO2,mFRR,Not Specified,Not Specified,MARGINAL,71.5,59.02
12/03/2024 17:00:00 - 12/03/2024 18:00:00,SCA|NO2,mFRR,Not Specified,Not Specified,MARGINAL,76.0,75.38
12/03/2024 18:00:00 - 12/03/2024 19:00:00,SCA|NO2,mFRR,Not Specified,Not Specified,MARGINAL,82.33,82.33
12/03/2024 19:00:00 - 12/03/2024 20:00:00,SCA|NO2,mFRR,Not Specified,Not Specified,MARGINAL,99.13,61.5
12/03/2024 20:00:00 - 12/03/2024 21:00:00,SCA|NO2,mFRR,Not Specified,Not Specified,MARGINAL,71.09,58.0
12/03/2024 21:00:00 - 12/03/2024 22:00:00,SCA|NO2,mFRR,Not Specified,Not Specified,MARGINAL,71.41,58.0
12/03/2024 22:00:00 - 12/03/2024 23:00:00,SCA|NO2,mFRR,Not Specified,Not Specified,MARGINAL,68.27,58.0
12/03/2024 23:00:00 - 13/03/2024 00:00:00,SCA|NO2,mFRR,Not Specified,Not Specified,MARGINAL,63.15,55.0
13/03/2024 00:00:00 - 13/03/2024 01:00:00,SCA|NO2,mFRR,Not Specified,Not Specified,MARGINAL,58.86,53.0
13/03/2024 01:00:00 - 13/03/2024 02:00:00,SCA|NO2,mFRR,Not Specified,Not Specified,MARGINAL,57.34,52.0
13/03/2024 02:00:00 - 13/03/2024 03:00:00,SCA|NO2,mFRR,Not Specified,Not Specified,MARGINAL,56.68,51.68
13/03/2024 03:00:00 - 13/03/2024 04:00:00,SCA|NO2,mFRR,Not Specified,Not Specified,MARGINAL,56.18,50.0
13/03/2024 04:00:00 - 13/03/2024 05:00:00,SCA|NO2,mFRR,Not Specified,Not Specified,MARGINAL,56.49,48.0
13/03/2024 05:00:00 - 13/03/2024 06:00:00,SCA|NO2,mFRR,Not Specified,Not Specified,MARGINAL,58.41,48.41
13/03/2024 06:00:00 - 13/03/2024 07:00:00,SCA|NO2,mFRR,Not Specified,Not Specified,MARGINAL,60.25,50.0
13/03/2024 07:00:00 - 13/03/2024 08:00:00,SCA|NO2,mFRR,Not Specified,Not Specified,MARGINAL,68.65,68.65
13/03/2024 08:00:00 - 13/03/2024 09:00:00,SCA|NO2,mFRR,Not Specified,Not Specified,MARGINAL,87.12,87.12
13/03/2024 09:00:00 - 13/03/2024 10:00:00,SCA|NO2,mFRR,Not Specified,Not Specified,MARGINAL,74.62,74.62
13/03/2024 10:00:00 - 13/03/2024 11:00:00,SCA|NO2,mFRR,Not Specified,Not Specified,MARGINAL,65.43,65.43
13/03/2024 11:00:00 - 13/03/2024 12:00:00,SCA|NO2,mFRR,Not Specified,Not Specified,MARGINAL,60.98,60.98
13/03/2024 12:00:00 - 13/03/2024 13:00:00,SCA|NO2,mFRR,Not Specified,Not Specified,MARGINAL,65.0,59.9
13/03/2024 13:00:00 - 13/03/2024 14:00:00,SCA|NO2,mFRR,Not Specified,Not Specified,MARGINAL,67.68,57.68
13/03/2024 14:00:00 - 13/03/2024 15:00:00,SCA|NO2,mFRR,Not Specified,Not Specified,MARGINAL,68.5,56.94
13/03/2024 15:00:00 - 13/03/2024 16:00:00,SCA|NO2,mFRR,Not Specified,Not Specified,MARGINAL,69.0,56.77
13/03/2024 16:00:00 - 13/03/2024 17:00:00,SCA|NO2,mFRR,Not Specified,Not Specified,MARGINAL,69.0,59.07
13/03/2024 17:00:00 - 13/03/2024 18:00:00,SCA|NO2,mFRR,Not Specified,Not Specified,MARGINAL,67.49,63.04
13/03/2024 18:00:00 - 13/03/2024 19:00:00,SCA|NO2,mFRR,Not Specified,Not Specified,MARGINAL,71.0,63.01
13/03/2024 19:00:00 - 13/03/2024 20:00:00,SCA|NO2,mFRR,Not Specified,Not Specified,MARGINAL,70.7,59.69
13/03/2024 20:00:00 - 13/03/2024 21:00:00,SCA|NO2,mFRR,Not Specified,Not Specified,MARGINAL,64.0,55.87
13/03/2024 21:00:00 - 13/03/2024 22:00:00,SCA|NO2,mFRR,Not Specified,Not Specified,MARGINAL,63.0,54.56
13/03/2024 22:00:00 - 13/03/2024 23:00:00,SCA|NO2,mFRR,Not Specified,Not Specified,MARGINAL,61.0,53.77
13/03/2024 23:00:00 - 14/03/2024 00:00:00,SCA|NO2,mFRR,Not Specified,Not Specified,MARGINAL,53.33,53.33
14/03/2024 00:00:00 - 14/03/2024 01:00:00,SCA|NO2,mFRR,Not Specified,Not Specified,MARGINAL,52.63,52.63
14/03/2024 01:00:00 - 14/03/2024 02:00:00,SCA|NO2,mFRR,Not Specified,Not Specified,MARGINAL,51.95,51.95
14/03/2024 02:00:00 - 14/03/2024 03:00:00,SCA|NO2,mFRR,Not Specified,Not Specified,MARGINAL,51.11,51.11
14/03/2024 03:00:00 - 14/03/2024 04:00:00,SCA|NO2,mFRR,Not Specified,Not Specified,MARGINAL,50.6,50.6
14/03/2024 04:00:00 - 14/03/2024 05:00:00,SCA|NO2,mFRR,Not Specified,Not Specified,MARGINAL,51.97,46.0
14/03/2024 05:00:00 - 14/03/2024 06:00:00,SCA|NO2,mFRR,Not Specified,Not Specified,MARGINAL,53.07,45.0
14/03/2024 06:00:00 - 14/03/2024 07:00:00,SCA|NO2,mFRR,Not Specified,Not Specified,MARGINAL,54.96,46.0
14/03/2024 07:00:00 - 14/03/2024 08:00:00,SCA|NO2,mFRR,Not Specified,Not Specified,MARGINAL,56.24,48.0
14/03/2024 08:00:00 - 14/03/2024 09:00:00,SCA|NO2,mFRR,Not Specified,Not Specified,MARGINAL,57.92,49.0
14/03/2024 09:00:00 - 14/03/2024 10:00:00,SCA|NO2,mFRR,Not Specified,Not Specified,MARGINAL,56.22,46.0
14/03/2024 10:00:00 - 14/03/2024 11:00:00,SCA|NO2,mFRR,Not Specified,Not Specified,MARGINAL,53.98,46.0
14/03/2024 11:00:00 - 14/03/2024 12:00:00,SCA|NO2,mFRR,Not Specified,Not Specified,MARGINAL,51.33,44.0
14/03/2024 12:00:00 - 14/03/2024 13:00:00,SCA|NO2,mFRR,Not Specified,Not Specified,MARGINAL,51.2,43.0
14/03/2024 13:00:00 - 14/03/2024 14:00:00,SCA|NO2,mFRR,Not Specified,Not Specified,MARGINAL,50.47,26.11
14/03/2024 14:00:00 - 14/03/2024 15:00:00,SCA|NO2,mFRR,Not Specified,Not Specified,MARGINAL,52.07,41.0
14/03/2024 15:00:00 - 14/03/2024 16:00:00,SCA|NO2,mFRR,Not Specified,Not Specified,MARGINAL,54.26,43.04
14/03/2024 16:00:00 - 14/03/2024 17:00:00,SCA|NO2,mFRR,Not Specified,Not Specified,MARGINAL,55.26,48.0
14/03/2024 17:00:00 - 14/03/2024 18:00:00,SCA|NO2,mFRR,Not Specified,Not Specified,MARGINAL,58.37,50.0
14/03/2024 18:00:00 - 14/03/2024 19:00:00,SCA|NO2,mFRR,Not Specified,Not Specified,MARGINAL,59.64,53.0
14/03/2024 19:00:00 - 14/03/2024 20:00:00,SCA|NO2,mFRR,Not Specified,Not Specified,MARGINAL,58.25,50.0
14/03/2024 20:00:00 - 14/03/2024 21:00:00,SCA|NO2,mFRR,Not Specified,Not Specified,MARGINAL,55.99,55.99
14/03/2024 21:00:00 - 14/03/2024 22:00:00,SCA|NO2,mFRR,Not Specified,Not Specified,MARGINAL,55.14,55.14
14/03/2024 22:00:00 - 14/03/2024 23:00:00,SCA|NO2,mFRR,Not Specified,Not Specified,MARGINAL,54.45,54.45
14/03/2024 23:00:00 - 15/03/2024 00:00:00,SCA|NO2,mFRR,Not Specified,Not Specified,MARGINAL,52.46,52.46
15/03/2024 00:00:00 - 15/03/2024 01:00:00,SCA|NO2,mFRR,Not Specified,Not Specified,MARGINAL,49.32,49.32
15/03/2024 01:00:00 - 15/03/2024 02:00:00,SCA|NO2,mFRR,Not Specified,Not Specified,MARGINAL,47.97,47.97
15/03/2024 02:00:00 - 15/03/2024 03:00:00,SCA|NO2,mFRR,Not Specified,Not Specified,MARGINAL,46.94,46.94
15/03/2024 03:00:00 - 15/03/2024 04:00:00,SCA|NO2,mFRR,Not Specified,Not Specified,MARGINAL,45.26,45.26
15/03/2024 04:00:00 - 15/03/2024 05:00:00,SCA|NO2,mFRR,Not Specified,Not Specified,MARGINAL,45.51,45.51
15/03/2024 05:00:00 - 15/03/2024 06:00:00,SCA|NO2,mFRR,Not Specified,Not Specified,MARGINAL,47.82,41.0
15/03/2024 06:00:00 - 15/03/2024 07:00:00,SCA|NO2,mFRR,Not Specified,Not Specified,MARGINAL,51.73,42.0
15/03/2024 07:00:00 - 15/03/2024 08:00:00,SCA|NO2,mFRR,Not Specified,Not Specified,MARGINAL,58.0,54.32
15/03/2024 08:00:00 - 15/03/2024 09:00:00,SCA|NO2,mFRR,Not Specified,Not Specified,MARGINAL,61.0,54.71
15/03/2024 09:00:00 - 15/03/2024 10:00:00,SCA|NO2,mFRR,Not Specified,Not Specified,MARGINAL,61.0,53.23
15/03/2024 10:00:00 - 15/03/2024 11:00:00,SCA|NO2,mFRR,Not Specified,Not Specified,MARGINAL,57.0,50.84
15/03/2024 11:00:00 - 15/03/2024 12:00:00,SCA|NO2,mFRR,Not Specified,Not Specified,MARGINAL,48.54,30.0
15/03/2024 12:00:00 - 15/03/2024 13:00:00,SCA|NO2,mFRR,Not Specified,Not Specified,MARGINAL,47.4,25.0
15/03/2024 13:00:00 - 15/03/2024 14:00:00,SCA|NO2,mFRR,Not Specified,Not Specified,MARGINAL,47.54,38.0
15/03/2024 14:00:00 - 15/03/2024 15:00:00,SCA|NO2,mFRR,Not Specified,Not Specified,MARGINAL,49.33,42.0
15/03/2024 15:00:00 - 15/03/2024 16:00:00,SCA|NO2,mFRR,Not Specified,Not Specified,MARGINAL,51.53,51.53
15/03/2024 16:00:00 - 15/03/2024 17:00:00,SCA|NO2,mFRR,Not Specified,Not Specified,MARGINAL,53.31,45.0
15/03/2024 17:00:00 - 15/03/2024 18:00:00,SCA|NO2,mFRR,Not Specified,Not Specified,MARGINAL,55.61,48.5
15/03/2024 18:00:00 - 15/03/2024 19:00:00,SCA|NO2,mFRR,Not Specified,Not Specified,MARGINAL,56.79,52.0
15/03/2024 19:00:00 - 15/03/2024 20:00:00,SCA|NO2,mFRR,Not Specified,Not Specified,MARGINAL,55.54,53.5
15/03/2024 20:00:00 - 15/03/2024 21:00:00,SCA|NO2,mFRR,Not Specified,Not Specified,MARGINAL,54.27,45.5
15/03/2024 21:00:00 - 15/03/2024 22:00:00,SCA|NO2,mFRR,Not Specified,Not Specified,MARGINAL,53.25,45.0
15/03/2024 22:00:00 - 15/03/2024 23:00:00,SCA|NO2,mFRR,Not Specified,Not Specified,MARGINAL,51.66,44.5
15/03/2024 23:00:00 - 16/03/2024 00:00:00,SCA|NO2,mFRR,Not Specified,Not Specified,MARGINAL,50.75,38.0
16/03/2024 00:00:00 - 16/03/2024 01:00:00,SCA|NO2,mFRR,Not Specified,Not Specified,MARGINAL,48.04,43.0
16/03/2024 01:00:00 - 16/03/2024 02:00:00,SCA|NO2,mFRR,Not Specified,Not Specified,MARGINAL,45.49,43.0
16/03/2024 02:00:00 - 16/03/2024 03:00:00,SCA|NO2,mFRR,Not Specified,Not Specified,MARGINAL,41.99,41.99
16/03/2024 03:00:00 - 16/03/2024 04:00:00,SCA|NO2,mFRR,Not Specified,Not Specified,MARGINAL,40.13,40.13
16/03/2024 04:00:00 - 16/03/2024 05:00:00,SCA|NO2,mFRR,Not Specified,Not Specified,MARGINAL,39.91,39.91
16/03/2024 05:00:00 - 16/03/2024 06:00:00,SCA|NO2,mFRR,Not Specified,Not Specified,MARGINAL,46.0,43.14
16/03/2024 06:00:00 - 16/03/2024 07:00:00,SCA|NO2,mFRR,Not Specified,Not Specified,MARGINAL,47.26,47.26
16/03/2024 07:00:00 - 16/03/2024 08:00:00,SCA|NO2,mFRR,Not Specified,Not Specified,MARGINAL,54.0,49.72
16/03/2024 08:00:00 - 16/03/2024 09:00:00,SCA|NO2,mFRR,Not Specified,Not Specified,MARGINAL,54.0,49.61
16/03/2024 09:00:00 - 16/03/2024 10:00:00,SCA|NO2,mFRR,Not Specified,Not Specified,MARGINAL,50.0,48.15
16/03/2024 10:00:00 - 16/03/2024 11:00:00,SCA|NO2,mFRR,Not Specified,Not Specified,MARGINAL,51.5,46.69
16/03/2024 11:00:00 - 16/03/2024 12:00:00,SCA|NO2,mFRR,Not Specified,Not Specified,MARGINAL,52.0,43.95
16/03/2024 12:00:00 - 16/03/2024 13:00:00,SCA|NO2,mFRR,Not Specified,Not Specified,MARGINAL,52.0,40.02
16/03/2024 13:00:00 - 16/03/2024 14:00:00,SCA|NO2,mFRR,Not Specified,Not Specified,MARGINAL,54.0,43.16
16/03/2024 14:00:00 - 16/03/2024 15:00:00,SCA|NO2,mFRR,Not Specified,Not Specified,MARGINAL,54.0,44.69
16/03/2024 15:00:00 - 16/03/2024 16:00:00,SCA|NO2,mFRR,Not Specified,Not Specified,MARGINAL,54.0,47.2
16/03/2024 16:00:00 - 16/03/2024 17:00:00,SCA|NO2,mFRR,Not Specified,Not Specified,MARGINAL,50.0,49.71
16/03/2024 17:00:00 - 16/03/2024 18:00:00,SCA|NO2,mFRR,Not Specified,Not Specified,MARGINAL,54.0,51.56
16/03/2024 18:00:00 - 16/03/2024 19:00:00,SCA|NO2,mFRR,Not Specified,Not Specified,MARGINAL,55.0,53.56
16/03/2024 19:00:00 - 16/03/2024 20:00:00,SCA|NO2,mFRR,Not Specified,Not Specified,MARGINAL,55.0,53.77
16/03/2024 20:00:00 - 16/03/2024 21:00:00,SCA|NO2,mFRR,Not Specified,Not Specified,MARGINAL,54.0,53.77
16/03/2024 21:00:00 - 16/03/2024 22:00:00,SCA|NO2,mFRR,Not Specified,Not Specified,MARGINAL,59.0,53.74
16/03/2024 22:00:00 - 16/03/2024 23:00:00,SCA|NO2,mFRR,Not Specified,Not Specified,MARGINAL,59.0,53.85
16/03/2024 23:00:00 - 17/03/2024 00:00:00,SCA|NO2,mFRR,Not Specified,Not Specified,MARGINAL,59.0,54.98
17/03/2024 00:00:00 - 17/03/2024 01:00:00,SCA|NO2,mFRR,Not Specified,Not Specified,MARGINAL,58.0,54.72
17/03/2024 01:00:00 - 17/03/2024 02:00:00,SCA|NO2,mFRR,Not Specified,Not Specified,MARGINAL,60.0,54.97
17/03/2024 02:00:00 - 17/03/2024 03:00:00,SCA|NO2,mFRR,Not Specified,Not Specified,MARGINAL,55.0,54.22
17/03/2024 03:00:00 - 17/03/2024 04:00:00,SCA|NO2,mFRR,Not Specified,Not Specified,MARGINAL,54.75,54.75
17/03/2024 04:00:00 - 17/03/2024 05:00:00,SCA|NO2,mFRR,Not Specified,Not Specified,MARGINAL,54.79,54.79
17/03/2024 05:00:00 - 17/03/2024 06:00:00,SCA|NO2,mFRR,Not Specified,Not Specified,MARGINAL,55.06,55.06
17/03/2024 06:00:00 - 17/03/2024 07:00:00,SCA|NO2,mFRR,Not Specified,Not Specified,MARGINAL,54.93,47.5
17/03/2024 07:00:00 - 17/03/2024 08:00:00,SCA|NO2,mFRR,Not Specified,Not Specified,MARGINAL,54.25,47.5
17/03/2024 08:00:00 - 17/03/2024 09:00:00,SCA|NO2,mFRR,Not Specified,Not Specified,MARGINAL,51.4,51.4
17/03/2024 09:00:00 - 17/03/2024 10:00:00,SCA|NO2,mFRR,Not Specified,Not Specified,MARGINAL,49.7,49.7
17/03/2024 10:00:00 - 17/03/2024 11:00:00,SCA|NO2,mFRR,Not Specified,Not Specified,MARGINAL,48.15,40.0
17/03/2024 11:00:00 - 17/03/2024 12:00:00,SCA|NO2,mFRR,Not Specified,Not Specified,MARGINAL,47.28,40.0
17/03/2024 12:00:00 - 17/03/2024 13:00:00,SCA|NO2,mFRR,Not Specified,Not Specified,MARGINAL,45.98,41.0
17/03/2024 13:00:00 - 17/03/2024 14:00:00,SCA|NO2,mFRR,Not Specified,Not Specified,MARGINAL,48.91,41.0
17/03/2024 14:00:00 - 17/03/2024 15:00:00,SCA|NO2,mFRR,Not Specified,Not Specified,MARGINAL,51.65,43.0
17/03/2024 15:00:00 - 17/03/2024 16:00:00,SCA|NO2,mFRR,Not Specified,Not Specified,MARGINAL,54.32,45.5
17/03/2024 16:00:00 - 17/03/2024 17:00:00,SCA|NO2,mFRR,Not Specified,Not Specified,MARGINAL,65.5,57.46
17/03/2024 17:00:00 - 17/03/2024 18:00:00,SCA|NO2,mFRR,Not Specified,Not Specified,MARGINAL,74.0,73.18
17/03/2024 18:00:00 - 17/03/2024 19:00:00,SCA|NO2,mFRR,Not Specified,Not Specified,MARGINAL,92.0,91.38
17/03/2024 19:00:00 - 17/03/2024 20:00:00,SCA|NO2,mFRR,Not Specified,Not Specified,MARGINAL,85.56,85.56
17/03/2024 20:00:00 - 17/03/2024 21:00:00,SCA|NO2,mFRR,Not Specified,Not Specified,MARGINAL,61.02,61.02
17/03/2024 21:00:00 - 17/03/2024 22:00:00,SCA|NO2,mFRR,Not Specified,Not Specified,MARGINAL,60.0,57.73
17/03/2024 22:00:00 - 17/03/2024 23:00:00,SCA|NO2,mFRR,Not Specified,Not Specified,MARGINAL,63.0,55.4
17/03/2024 23:00:00 - 18/03/2024 00:00:00,SCA|NO2,mFRR,Not Specified,Not Specified,MARGINAL,63.0,54.32
18/03/2024 00:00:00 - 18/03/2024 01:00:00,SCA|NO2,mFRR,Not Specified,Not Specified,MARGINAL,61.0,54.55
18/03/2024 01:00:00 - 18/03/2024 02:00:00,SCA|NO2,mFRR,Not Specified,Not Specified,MARGINAL,60.0,54.34
18/03/2024 02:00:00 - 18/03/2024 03:00:00,SCA|NO2,mFRR,Not Specified,Not Specified,MARGINAL,54.2,54.2
18/03/2024 03:00:00 - 18/03/2024 04:00:00,SCA|NO2,mFRR,Not Specified,Not Specified,MARGINAL,54.07,54.07
18/03/2024 04:00:00 - 18/03/2024 05:00:00,SCA|NO2,mFRR,Not Specified,Not Specified,MARGINAL,54.24,54.24
18/03/2024 05:00:00 - 18/03/2024 06:00:00,SCA|NO2,mFRR,Not Specified,Not Specified,MARGINAL,55.6,55.6
18/03/2024 06:00:00 - 18/03/2024 07:00:00,SCA|NO2,mFRR,Not Specified,Not Specified,MARGINAL,57.66,57.66
18/03/2024 07:00:00 - 18/03/2024 08:00:00,SCA|NO2,mFRR,Not Specified,Not Specified,MARGINAL,67.0,66.96
18/03/2024 08:00:00 - 18/03/2024 09:00:00,SCA|NO2,mFRR,Not Specified,Not Specified,MARGINAL,92.0,91.43
18/03/2024 09:00:00 - 18/03/2024 10:00:00,SCA|NO2,mFRR,Not Specified,Not Specified,MARGINAL,79.0,78.47
18/03/2024 10:00:00 - 18/03/2024 11:00:00,SCA|NO2,mFRR,Not Specified,Not Specified,MARGINAL,70.0,69.93
18/03/2024 11:00:00 - 18/03/2024 12:00:00,SCA|NO2,mFRR,Not Specified,Not Specified,MARGINAL,63.15,55.0
18/03/2024 12:00:00 - 18/03/2024 13:00:00,SCA|NO2,mFRR,Not Specified,Not Specified,MARGINAL,61.12,55.0
18/03/2024 13:00:00 - 18/03/2024 14:00:00,SCA|NO2,mFRR,Not Specified,Not Specified,MARGINAL,58.97,55.0
18/03/2024 14:00:00 - 18/03/2024 15:00:00,SCA|NO2,mFRR,Not Specified,Not Specified,MARGINAL,57.75,54.0
18/03/2024 15:00:00 - 18/03/2024 16:00:00,SCA|NO2,mFRR,Not Specified,Not Specified,MARGINAL,57.58,53.0
18/03/2024 16:00:00 - 18/03/2024 17:00:00,SCA|NO2,mFRR,Not Specified,Not Specified,MARGINAL,65.0,57.74
18/03/2024 17:00:00 - 18/03/2024 18:00:00,SCA|NO2,mFRR,Not Specified,Not Specified,MARGINAL,65.5,61.82
18/03/2024 18:00:00 - 18/03/2024 19:00:00,SCA|NO2,mFRR,Not Specified,Not Specified,MARGINAL,65.5,60.9
18/03/2024 19:00:00 - 18/03/2024 20:00:00,SCA|NO2,mFRR,Not Specified,Not Specified,MARGINAL,61.0,60.24
18/03/2024 20:00:00 - 18/03/2024 21:00:00,SCA|NO2,mFRR,Not Specified,Not Specified,MARGINAL,59.91,55.0
18/03/2024 21:00:00 - 18/03/2024 22:00:00,SCA|NO2,mFRR,Not Specified,Not Specified,MARGINAL,57.56,54.0
18/03/2024 22:00:00 - 18/03/2024 23:00:00,SCA|NO2,mFRR,Not Specified,Not Specified,MARGINAL,56.83,54.0
18/03/2024 23:00:00 - 19/03/2024 00:00:00,SCA|NO2,mFRR,Not Specified,Not Specified,MARGINAL,55.34,48.0
19/03/2024 00:00:00 - 19/03/2024 01:00:00,SCA|NO2,mFRR,Not Specified,Not Specified,MARGINAL,55.07,48.0
19/03/2024 01:00:00 - 19/03/2024 02:00:00,SCA|NO2,mFRR,Not Specified,Not Specified,MARGINAL,54.06,49.0
19/03/2024 02:00:00 - 19/03/2024 03:00:00,SCA|NO2,mFRR,Not Specified,Not Specified,MARGINAL,53.52,48.5
19/03/2024 03:00:00 - 19/03/2024 04:00:00,SCA|NO2,mFRR,Not Specified,Not Specified,MARGINAL,51.53,47.0
19/03/2024 04:00:00 - 19/03/2024 05:00:00,SCA|NO2,mFRR,Not Specified,Not Specified,MARGINAL,54.5,47.0
19/03/2024 05:00:00 - 19/03/2024 06:00:00,SCA|NO2,mFRR,Not Specified,Not Specified,MARGINAL,54.95,49.0
19/03/2024 06:00:00 - 19/03/2024 07:00:00,SCA|NO2,mFRR,Not Specified,Not Specified,MARGINAL,59.09,50.5
19/03/2024 07:00:00 - 19/03/2024 08:00:00,SCA|NO2,mFRR,Not Specified,Not Specified,MARGINAL,88.4,54.0
19/03/2024 08:00:00 - 19/03/2024 09:00:00,SCA|NO2,mFRR,Not Specified,Not Specified,MARGINAL,93.09,55.5
19/03/2024 09:00:00 - 19/03/2024 10:00:00,SCA|NO2,mFRR,Not Specified,Not Specified,MARGINAL,69.76,69.76
19/03/2024 10:00:00 - 19/03/2024 11:00:00,SCA|NO2,mFRR,Not Specified,Not Specified,MARGINAL,63.0,61.12
19/03/2024 11:00:00 - 19/03/2024 12:00:00,SCA|NO2,mFRR,Not Specified,Not Specified,MARGINAL,62.0,57.09
19/03/2024 12:00:00 - 19/03/2024 13:00:00,SCA|NO2,mFRR,Not Specified,Not Specified,MARGINAL,57.0,49.0
19/03/2024 13:00:00 - 19/03/2024 14:00:00,SCA|NO2,mFRR,Not Specified,Not Specified,MARGINAL,54.96,46.5
19/03/2024 14:00:00 - 19/03/2024 15:00:00,SCA|NO2,mFRR,Not Specified,Not Specified,MARGINAL,65.5,56.24
19/03/2024 15:00:00 - 19/03/2024 16:00:00,SCA|NO2,mFRR,Not Specified,Not Specified,MARGINAL,67.5,58.27
19/03/2024 16:00:00 - 19/03/2024 17:00:00,SCA|NO2,mFRR,Not Specified,Not Specified,MARGINAL,66.5,62.37
19/03/2024 17:00:00 - 19/03/2024 18:00:00,SCA|NO2,mFRR,Not Specified,Not Specified,MARGINAL,68.7,68.7
19/03/2024 18:00:00 - 19/03/2024 19:00:00,SCA|NO2,mFRR,Not Specified,Not Specified,MARGINAL,66.5,66.24
19/03/2024 19:00:00 - 19/03/2024 20:00:00,SCA|NO2,mFRR,Not Specified,Not Specified,MARGINAL,63.33,59.16
19/03/2024 20:00:00 - 19/03/2024 21:00:00,SCA|NO2,mFRR,Not Specified,Not Specified,MARGINAL,69.5,57.52
19/03/2024 21:00:00 - 19/03/2024 22:00:00,SCA|NO2,mFRR,Not Specified,Not Specified,MARGINAL,69.0,57.48
19/03/2024 22:00:00 - 19/03/2024 23:00:00,SCA|NO2,mFRR,Not Specified,Not Specified,MARGINAL,65.0,57.56
19/03/2024 23:00:00 - 20/03/2024 00:00:00,SCA|NO2,mFRR,Not Specified,Not Specified,MARGINAL,62.0,56.78
20/03/2024 00:00:00 - 20/03/2024 01:00:00,SCA|NO2,mFRR,Not Specified,Not Specified,MARGINAL,63.5,57.79
20/03/2024 01:00:00 - 20/03/2024 02:00:00,SCA|NO2,mFRR,Not Specified,Not Specified,MARGINAL,60.5,57.5
20/03/2024 02:00:00 - 20/03/2024 03:00:00,SCA|NO2,mFRR,Not Specified,Not Specified,MARGINAL,59.0,57.31
20/03/2024 03:00:00 - 20/03/2024 04:00:00,SCA|NO2,mFRR,Not Specified,Not Specified,MARGINAL,59.0,57.29
20/03/2024 04:00:00 - 20/03/2024 05:00:00,SCA|NO2,mFRR,Not Specified,Not Specified,MARGINAL,62.0,57.4
20/03/2024 05:00:00 - 20/03/2024 06:00:00,SCA|NO2,mFRR,Not Specified,Not Specified,MARGINAL,62.0,57.94
20/03/2024 06:00:00 - 20/03/2024 07:00:00,SCA|NO2,mFRR,Not Specified,Not Specified,MARGINAL,59.73,53.5
20/03/2024 07:00:00 - 20/03/2024 08:00:00,SCA|NO2,mFRR,Not Specified,Not Specified,MARGINAL,111.95,57.0
20/03/2024 08:00:00 - 20/03/2024 09:00:00,SCA|NO2,mFRR,Not Specified,Not Specified,MARGINAL,96.28,95.97
20/03/2024 09:00:00 - 20/03/2024 10:00:00,SCA|NO2,mFRR,Not Specified,Not Specified,MARGINAL,70.0,68.92
20/03/2024 10:00:00 - 20/03/2024 11:00:00,SCA|NO2,mFRR,Not Specified,Not Specified,MARGINAL,65.5,64.09
20/03/2024 11:00:00 - 20/03/2024 12:00:00,SCA|NO2,mFRR,Not Specified,Not Specified,MARGINAL,65.0,63.36
20/03/2024 12:00:00 - 20/03/2024 13:00:00,SCA|NO2,mFRR,Not Specified,Not Specified,MARGINAL,62.5,59.96
20/03/2024 13:00:00 - 20/03/2024 14:00:00,SCA|NO2,mFRR,Not Specified,Not Specified,MARGINAL,65.0,61.97
20/03/2024 14:00:00 - 20/03/2024 15:00:00,SCA|NO2,mFRR,Not Specified,Not Specified,MARGINAL,62.81,55.0
20/03/2024 15:00:00 - 20/03/2024 16:00:00,SCA|NO2,mFRR,Not Specified,Not Specified,MARGINAL,68.13,55.0
20/03/2024 16:00:00 - 20/03/2024 17:00:00,SCA|NO2,mFRR,Not Specified,Not Specified,MARGINAL,74.82,73.52
20/03/2024 17:00:00 - 20/03/2024 18:00:00,SCA|NO2,mFRR,Not Specified,Not Specified,MARGINAL,113.0,112.29
20/03/2024 18:00:00 - 20/03/2024 19:00:00,SCA|NO2,mFRR,Not Specified,Not Specified,MARGINAL,159.0,158.48
20/03/2024 19:00:00 - 20/03/2024 20:00:00,SCA|NO2,mFRR,Not Specified,Not Specified,MARGINAL,110.0,98.1
20/03/2024 20:00:00 - 20/03/2024 21:00:00,SCA|NO2,mFRR,Not Specified,Not Specified,MARGINAL,70.0,65.02
20/03/2024 21:00:00 - 20/03/2024 22:00:00,SCA|NO2,mFRR,Not Specified,Not Specified,MARGINAL,83.0,61.19
20/03/2024 22:00:00 - 20/03/2024 23:00:00,SCA|NO2,mFRR,Not Specified,Not Specified,MARGINAL,83.0,59.31
20/03/2024 23:00:00 - 21/03/2024 00:00:00,SCA|NO2,mFRR,Not Specified,Not Specified,MARGINAL,67.0,58.09
21/03/2024 00:00:00 - 21/03/2024 01:00:00,SCA|NO2,mFRR,Not Specified,Not Specified,MARGINAL,68.5,59.41
21/03/2024 01:00:00 - 21/03/2024 02:00:00,SCA|NO2,mFRR,Not Specified,Not Specified,MARGINAL,68.5,58.83
21/03/2024 02:00:00 - 21/03/2024 03:00:00,SCA|NO2,mFRR,Not Specified,Not Specified,MARGINAL,68.0,58.51
21/03/2024 03:00:00 - 21/03/2024 04:00:00,SCA|NO2,mFRR,Not Specified,Not Specified,MARGINAL,58.55,52.0
21/03/2024 04:00:00 - 21/03/2024 05:00:00,SCA|NO2,mFRR,Not Specified,Not Specified,MARGINAL,59.03,52.0
21/03/2024 05:00:00 - 21/03/2024 06:00:00,SCA|NO2,mFRR,Not Specified,Not Specified,MARGINAL,61.01,54.0
21/03/2024 06:00:00 - 21/03/2024 07:00:00,SCA|NO2,mFRR,Not Specified,Not Specified,MARGINAL,86.0,66.47
21/03/2024 07:00:00 - 21/03/2024 08:00:00,SCA|NO2,mFRR,Not Specified,Not Specified,MARGINAL,94.27,94.27
21/03/2024 08:00:00 - 21/03/2024 09:00:00,SCA|NO2,mFRR,Not Specified,Not Specified,MARGINAL,102.0,100.01
21/03/2024 09:00:00 - 21/03/2024 10:00:00,SCA|NO2,mFRR,Not Specified,Not Specified,MARGINAL,79.0,77.68
21/03/2024 10:00:00 - 21/03/2024 11:00:00,SCA|NO2,mFRR,Not Specified,Not Specified,MARGINAL,70.34,70.34
21/03/2024 11:00:00 - 21/03/2024 12:00:00,SCA|NO2,mFRR,Not Specified,Not Specified,MARGINAL,66.03,66.03
21/03/2024 12:00:00 - 21/03/2024 13:00:00,SCA|NO2,mFRR,Not Specified,Not Specified,MARGINAL,70.0,62.76
21/03/2024 13:00:00 - 21/03/2024 14:00:00,SCA|NO2,mFRR,Not Specified,Not Specified,MARGINAL,63.0,59.64
21/03/2024 14:00:00 - 21/03/2024 15:00:00,SCA|NO2,mFRR,Not Specified,Not Specified,MARGINAL,67.5,61.93
21/03/2024 15:00:00 - 21/03/2024 16:00:00,SCA|NO2,mFRR,Not Specified,Not Specified,MARGINAL,67.5,62.13
21/03/2024 16:00:00 - 21/03/2024 17:00:00,SCA|NO2,mFRR,Not Specified,Not Specified,MARGINAL,61.76,61.76
21/03/2024 17:00:00 - 21/03/2024 18:00:00,SCA|NO2,mFRR,Not Specified,Not Specified,MARGINAL,89.02,57.0
21/03/2024 18:00:00 - 21/03/2024 19:00:00,SCA|NO2,mFRR,Not Specified,Not Specified,MARGINAL,117.13,56.5
21/03/2024 19:00:00 - 21/03/2024 20:00:00,SCA|NO2,mFRR,Not Specified,Not Specified,MARGINAL,116.83,55.5
21/03/2024 20:00:00 - 21/03/2024 21:00:00,SCA|NO2,mFRR,Not Specified,Not Specified,MARGINAL,81.91,55.5
21/03/2024 21:00:00 - 21/03/2024 22:00:00,SCA|NO2,mFRR,Not Specified,Not Specified,MARGINAL,61.49,57.5
21/03/2024 22:00:00 - 21/03/2024 23:00:00,SCA|NO2,mFRR,Not Specified,Not Specified,MARGINAL,59.52,59.52
21/03/2024 23:00:00 - 22/03/2024 00:00:00,SCA|NO2,mFRR,Not Specified,Not Specified,MARGINAL,56.92,49.5
22/03/2024 00:00:00 - 22/03/2024 01:00:00,SCA|NO2,mFRR,Not Specified,Not Specified,MARGINAL,57.5,54.27
22/03/2024 01:00:00 - 22/03/2024 02:00:00,SCA|NO2,mFRR,Not Specified,Not Specified,MARGINAL,55.0,50.62
22/03/2024 02:00:00 - 22/03/2024 03:00:00,SCA|NO2,mFRR,Not Specified,Not Specified,MARGINAL,52.0,48.15
22/03/2024 03:00:00 - 22/03/2024 04:00:00,SCA|NO2,mFRR,Not Specified,Not Specified,MARGINAL,47.26,47.26
22/03/2024 04:00:00 - 22/03/2024 05:00:00,SCA|NO2,mFRR,Not Specified,Not Specified,MARGINAL,45.21,45.21
22/03/2024 05:00:00 - 22/03/2024 06:00:00,SCA|NO2,mFRR,Not Specified,Not Specified,MARGINAL,48.35,43.0
22/03/2024 06:00:00 - 22/03/2024 07:00:00,SCA|NO2,mFRR,Not Specified,Not Specified,MARGINAL,51.3,43.0
22/03/2024 07:00:00 - 22/03/2024 08:00:00,SCA|NO2,mFRR,Not Specified,Not Specified,MARGINAL,60.0,55.1
22/03/2024 08:00:00 - 22/03/2024 09:00:00,SCA|NO2,mFRR,Not Specified,Not Specified,MARGINAL,59.0,51.73
22/03/2024 09:00:00 - 22/03/2024 10:00:00,SCA|NO2,mFRR,Not Specified,Not Specified,MARGINAL,55.64,46.0
22/03/2024 10:00:00 - 22/03/2024 11:00:00,SCA|NO2,mFRR,Not Specified,Not Specified,MARGINAL,53.25,46.0
22/03/2024 11:00:00 - 22/03/2024 12:00:00,SCA|NO2,mFRR,Not Specified,Not Specified,MARGINAL,51.45,42.0
22/03/2024 12:00:00 - 22/03/2024 13:00:00,SCA|NO2,mFRR,Not Specified,Not Specified,MARGINAL,55.0,42.0
22/03/2024 13:00:00 - 22/03/2024 14:00:00,SCA|NO2,mFRR,Not Specified,Not Specified,MARGINAL,60.0,51.76
22/03/2024 14:00:00 - 22/03/2024 15:00:00,SCA|NO2,mFRR,Not Specified,Not Specified,MARGINAL,51.29,46.0
22/03/2024 15:00:00 - 22/03/2024 16:00:00,SCA|NO2,mFRR,Not Specified,Not Specified,MARGINAL,52.8,46.0
22/03/2024 16:00:00 - 22/03/2024 17:00:00,SCA|NO2,mFRR,Not Specified,Not Specified,MARGINAL,53.42,44.0
22/03/2024 17:00:00 - 22/03/2024 18:00:00,SCA|NO2,mFRR,Not Specified,Not Specified,MARGINAL,58.03,45.0
22/03/2024 18:00:00 - 22/03/2024 19:00:00,SCA|NO2,mFRR,Not Specified,Not Specified,MARGINAL,64.51,59.51
22/03/2024 19:00:00 - 22/03/2024 20:00:00,SCA|NO2,mFRR,Not Specified,Not Specified,MARGINAL,64.5,59.73
22/03/2024 20:00:00 - 22/03/2024 21:00:00,SCA|NO2,mFRR,Not Specified,Not Specified,MARGINAL,61.5,51.5
22/03/2024 21:00:00 - 22/03/2024 22:00:00,SCA|NO2,mFRR,Not Specified,Not Specified,MARGINAL,58.75,50.0
22/03/2024 22:00:00 - 22/03/2024 23:00:00,SCA|NO2,mFRR,Not Specified,Not Specified,MARGINAL,56.8,56.8
22/03/2024 23:00:00 - 23/03/2024 00:00:00,SCA|NO2,mFRR,Not Specified,Not Specified,MARGINAL,54.51,54.51
23/03/2024 00:00:00 - 23/03/2024 01:00:00,SCA|NO2,mFRR,Not Specified,Not Specified,MARGINAL,60.0,53.23
23/03/2024 01:00:00 - 23/03/2024 02:00:00,SCA|NO2,mFRR,Not Specified,Not Specified,MARGINAL,60.0,51.17
23/03/2024 02:00:00 - 23/03/2024 03:00:00,SCA|NO2,mFRR,Not Specified,Not Specified,MARGINAL,60.0,51.01
23/03/2024 03:00:00 - 23/03/2024 04:00:00,SCA|NO2,mFRR,Not Specified,Not Specified,MARGINAL,55.0,50.01
23/03/2024 04:00:00 - 23/03/2024 05:00:00,SCA|NO2,mFRR,Not Specified,Not Specified,MARGINAL,50.44,50.44
23/03/2024 05:00:00 - 23/03/2024 06:00:00,SCA|NO2,mFRR,Not Specified,Not Specified,MARGINAL,50.28,50.28
23/03/2024 06:00:00 - 23/03/2024 07:00:00,SCA|NO2,mFRR,Not Specified,Not Specified,MARGINAL,49.3,49.3
23/03/2024 07:00:00 - 23/03/2024 08:00:00,SCA|NO2,mFRR,Not Specified,Not Specified,MARGINAL,52.0,44.78
23/03/2024 08:00:00 - 23/03/2024 09:00:00,SCA|NO2,mFRR,Not Specified,Not Specified,MARGINAL,42.0,37.72
23/03/2024 09:00:00 - 23/03/2024 10:00:00,SCA|NO2,mFRR,Not Specified,Not Specified,MARGINAL,23.93,23.93
23/03/2024 10:00:00 - 23/03/2024 11:00:00,SCA|NO2,mFRR,Not Specified,Not Specified,MARGINAL,20.0,11.6
23/03/2024 11:00:00 - 23/03/2024 12:00:00,SCA|NO2,mFRR,Not Specified,Not Specified,MARGINAL,10.4,2.0
23/03/2024 12:00:00 - 23/03/2024 13:00:00,SCA|NO2,mFRR,Not Specified,Not Specified,MARGINAL,10.35,2.0
23/03/2024 13:00:00 - 23/03/2024 14:00:00,SCA|NO2,mFRR,Not Specified,Not Specified,MARGINAL,14.52,2.0
23/03/2024 14:00:00 - 23/03/2024 15:00:00,SCA|NO2,mFRR,Not Specified,Not Specified,MARGINAL,23.96,2.0
23/03/2024 15:00:00 - 23/03/2024 16:00:00,SCA|NO2,mFRR,Not Specified,Not Specified,MARGINAL,29.28,9.0
23/03/2024 16:00:00 - 23/03/2024 17:00:00,SCA|NO2,mFRR,Not Specified,Not Specified,MARGINAL,42.0,38.37
23/03/2024 17:00:00 - 23/03/2024 18:00:00,SCA|NO2,mFRR,Not Specified,Not Specified,MARGINAL,52.0,48.29
23/03/2024 18:00:00 - 23/03/2024 19:00:00,SCA|NO2,mFRR,Not Specified,Not Specified,MARGINAL,65.0,54.89
23/03/2024 19:00:00 - 23/03/2024 20:00:00,SCA|NO2,mFRR,Not Specified,Not Specified,MARGINAL,67.5,58.64
23/03/2024 20:00:00 - 23/03/2024 21:00:00,SCA|NO2,mFRR,Not Specified,Not Specified,MARGINAL,65.0,52.94
23/03/2024 21:00:00 - 23/03/2024 22:00:00,SCA|NO2,mFRR,Not Specified,Not Specified,MARGINAL,48.01,48.01
23/03/2024 22:00:00 - 23/03/2024 23:00:00,SCA|NO2,mFRR,Not Specified,Not Specified,MARGINAL,40.28,40.28
23/03/2024 23:00:00 - 24/03/2024 00:00:00,SCA|NO2,mFRR,Not Specified,Not Specified,MARGINAL,31.22,31.22
24/03/2024 00:00:00 - 24/03/2024 01:00:00,SCA|NO2,mFRR,Not Specified,Not Specified,MARGINAL,36.26,19.5
24/03/2024 01:00:00 - 24/03/2024 02:00:00,SCA|NO2,mFRR,Not Specified,Not Specified,MARGINAL,33.87,19.5
24/03/2024 02:00:00 - 24/03/2024 03:00:00,SCA|NO2,mFRR,Not Specified,Not Specified,MARGINAL,33.37,33.37
24/03/2024 03:00:00 - 24/03/2024 04:00:00,SCA|NO2,mFRR,Not Specified,Not Specified,MARGINAL,33.54,33.54
24/03/2024 04:00:00 - 24/03/2024 05:00:00,SCA|NO2,mFRR,Not Specified,Not Specified,MARGINAL,35.16,19.52
24/03/2024 05:00:00 - 24/03/2024 06:00:00,SCA|NO2,mFRR,Not Specified,Not Specified,MARGINAL,36.34,19.5
24/03/2024 06:00:00 - 24/03/2024 07:00:00,SCA|NO2,mFRR,Not Specified,Not Specified,MARGINAL,33.17,19.5
24/03/2024 07:00:00 - 24/03/2024 08:00:00,SCA|NO2,mFRR,Not Specified,Not Specified,MARGINAL,37.23,19.5
24/03/2024 08:00:00 - 24/03/2024 09:00:00,SCA|NO2,mFRR,Not Specified,Not Specified,MARGINAL,41.92,18.91
24/03/2024 09:00:00 - 24/03/2024 10:00:00,SCA|NO2,mFRR,Not Specified,Not Specified,MARGINAL,45.09,27.0
24/03/2024 10:00:00 - 24/03/2024 11:00:00,SCA|NO2,mFRR,Not Specified,Not Specified,MARGINAL,46.25,31.0
24/03/2024 11:00:00 - 24/03/2024 12:00:00,SCA|NO2,mFRR,Not Specified,Not Specified,MARGINAL,48.23,26.0
24/03/2024 12:00:00 - 24/03/2024 13:00:00,SCA|NO2,mFRR,Not Specified,Not Specified,,,
24/03/2024 13:00:00 - 24/03/2024 14:00:00,SCA|NO2,mFRR,Not Specified,Not Specified,MARGINAL,49.75,33.39
24/03/2024 14:00:00 - 24/03/2024 15:00:00,SCA|NO2,mFRR,Not Specified,Not Specified,MARGINAL,50.51,33.52
24/03/2024 15:00:00 - 24/03/2024 16:00:00,SCA|NO2,mFRR,Not Specified,Not Specified,MARGINAL,51.99,33.52
24/03/2024 16:00:00 - 24/03/2024 17:00:00,SCA|NO2,mFRR,Not Specified,Not Specified,MARGINAL,54.9,39.89
24/03/2024 17:00:00 - 24/03/2024 18:00:00,SCA|NO2,mFRR,Not Specified,Not Specified,MARGINAL,59.4,49.57
24/03/2024 18:00:00 - 24/03/2024 19:00:00,SCA|NO2,mFRR,Not Specified,Not Specified,MARGINAL,67.4,55.0
24/03/2024 19:00:00 - 24/03/2024 20:00:00,SCA|NO2,mFRR,Not Specified,Not Specified,MARGINAL,72.73,56.0
24/03/2024 20:00:00 - 24/03/2024 21:00:00,SCA|NO2,mFRR,Not Specified,Not Specified,MARGINAL,64.96,55.0
24/03/2024 21:00:00 - 24/03/2024 22:00:00,SCA|NO2,mFRR,Not Specified,Not Specified,MARGINAL,62.9,54.5
24/03/2024 22:00:00 - 24/03/2024 23:00:00,SCA|NO2,mFRR,Not Specified,Not Specified,MARGINAL,62.41,55.0
24/03/2024 23:00:00 - 25/03/2024 00:00:00,SCA|NO2,mFRR,Not Specified,Not Specified,MARGINAL,61.15,55.0
25/03/2024 00:00:00 - 25/03/2024 01:00:00,SCA|NO2,mFRR,Not Specified,Not Specified,MARGINAL,60.7,51.23
25/03/2024 01:00:00 - 25/03/2024 02:00:00,SCA|NO2,mFRR,Not Specified,Not Specified,MARGINAL,60.49,51.5
25/03/2024 02:00:00 - 25/03/2024 03:00:00,SCA|NO2,mFRR,Not Specified,Not Specified,MARGINAL,60.67,51.5
25/03/2024 03:00:00 - 25/03/2024 04:00:00,SCA|NO2,mFRR,Not Specified,Not Specified,MARGINAL,62.51,54.0
25/03/2024 04:00:00 - 25/03/2024 05:00:00,SCA|NO2,mFRR,Not Specified,Not Specified,MARGINAL,64.88,54.5
25/03/2024 05:00:00 - 25/03/2024 06:00:00,SCA|NO2,mFRR,Not Specified,Not Specified,MARGINAL,74.18,54.5
25/03/2024 06:00:00 - 25/03/2024 07:00:00,SCA|NO2,mFRR,Not Specified,Not Specified,MARGINAL,85.46,54.5
25/03/2024 07:00:00 - 25/03/2024 08:00:00,SCA|NO2,mFRR,Not Specified,Not Specified,MARGINAL,110.57,55.0
25/03/2024 08:00:00 - 25/03/2024 09:00:00,SCA|NO2,mFRR,Not Specified,Not Specified,MARGINAL,96.79,55.5
25/03/2024 09:00:00 - 25/03/2024 10:00:00,SCA|NO2,mFRR,Not Specified,Not Specified,MARGINAL,75.19,55.5
25/03/2024 10:00:00 - 25/03/2024 11:00:00,SCA|NO2,mFRR,Not Specified,Not Specified,MARGINAL,68.02,57.0
25/03/2024 11:00:00 - 25/03/2024 12:00:00,SCA|NO2,mFRR,Not Specified,Not Specified,MARGINAL,65.5,61.69
25/03/2024 12:00:00 - 25/03/2024 13:00:00,SCA|NO2,mFRR,Not Specified,Not Specified,MARGINAL,63.0,60.31
25/03/2024 13:00:00 - 25/03/2024 14:00:00,SCA|NO2,mFRR,Not Specified,Not Specified,MARGINAL,61.26,61.26
25/03/2024 14:00:00 - 25/03/2024 15:00:00,SCA|NO2,mFRR,Not Specified,Not Specified,MARGINAL,62.65,62.65
25/03/2024 15:00:00 - 25/03/2024 16:00:00,SCA|NO2,mFRR,Not Specified,Not Specified,MARGINAL,71.52,71.52
25/03/2024 16:00:00 - 25/03/2024 17:00:00,SCA|NO2,mFRR,Not Specified,Not Specified,MARGINAL,76.96,60.12
25/03/2024 17:00:00 - 25/03/2024 18:00:00,SCA|NO2,mFRR,Not Specified,Not Specified,MARGINAL,101.96,60.12
25/03/2024 18:00:00 - 25/03/2024 19:00:00,SCA|NO2,mFRR,Not Specified,Not Specified,MARGINAL,160.12,60.34
25/03/2024 19:00:00 - 25/03/2024 20:00:00,SCA|NO2,mFRR,Not Specified,Not Specified,MARGINAL,142.56,142.56
25/03/2024 20:00:00 - 25/03/2024 21:00:00,SCA|NO2,mFRR,Not Specified,Not Specified,MARGINAL,99.55,99.55
25/03/2024 21:00:00 - 25/03/2024 22:00:00,SCA|NO2,mFRR,Not Specified,Not Specified,MARGINAL,68.97,59.0
25/03/2024 22:00:00 - 25/03/2024 23:00:00,SCA|NO2,mFRR,Not Specified,Not Specified,MARGINAL,72.73,59.5
25/03/2024 23:00:00 - 26/03/2024 00:00:00,SCA|NO2,mFRR,Not Specified,Not Specified,MARGINAL,68.95,60.34
26/03/2024 00:00:00 - 26/03/2024 01:00:00,SCA|NO2,mFRR,Not Specified,Not Specified,MARGINAL,73.0,70.66
26/03/2024 01:00:00 - 26/03/2024 02:00:00,SCA|NO2,mFRR,Not Specified,Not Specified,MARGINAL,73.15,64.08
26/03/2024 02:00:00 - 26/03/2024 03:00:00,SCA|NO2,mFRR,Not Specified,Not Specified,MARGINAL,73.0,63.76
26/03/2024 03:00:00 - 26/03/2024 04:00:00,SCA|NO2,mFRR,Not Specified,Not Specified,MARGINAL,70.51,63.89
26/03/2024 04:00:00 - 26/03/2024 05:00:00,SCA|NO2,mFRR,Not Specified,Not Specified,MARGINAL,69.5,61.99
26/03/2024 05:00:00 - 26/03/2024 06:00:00,SCA|NO2,mFRR,Not Specified,Not Specified,MARGINAL,69.5,65.12
26/03/2024 06:00:00 - 26/03/2024 07:00:00,SCA|NO2,mFRR,Not Specified,Not Specified,MARGINAL,78.0,72.92
26/03/2024 07:00:00 - 26/03/2024 08:00:00,SCA|NO2,mFRR,Not Specified,Not Specified,MARGINAL,79.2,79.2
26/03/2024 08:00:00 - 26/03/2024 09:00:00,SCA|NO2,mFRR,Not Specified,Not Specified,MARGINAL,69.79,69.79
26/03/2024 09:00:00 - 26/03/2024 10:00:00,SCA|NO2,mFRR,Not Specified,Not Specified,MARGINAL,59.48,59.48
26/03/2024 10:00:00 - 26/03/2024 11:00:00,SCA|NO2,mFRR,Not Specified,Not Specified,MARGINAL,54.85,54.85
26/03/2024 11:00:00 - 26/03/2024 12:00:00,SCA|NO2,mFRR,Not Specified,Not Specified,MARGINAL,52.22,52.22
26/03/2024 12:00:00 - 26/03/2024 13:00:00,SCA|NO2,mFRR,Not Specified,Not Specified,MARGINAL,64.0,49.92
26/03/2024 13:00:00 - 26/03/2024 14:00:00,SCA|NO2,mFRR,Not Specified,Not Specified,MARGINAL,64.0,47.99
26/03/2024 14:00:00 - 26/03/2024 15:00:00,SCA|NO2,mFRR,Not Specified,Not Specified,MARGINAL,66.5,49.56
26/03/2024 15:00:00 - 26/03/2024 16:00:00,SCA|NO2,mFRR,Not Specified,Not Specified,MARGINAL,66.5,55.14
26/03/2024 16:00:00 - 26/03/2024 17:00:00,SCA|NO2,mFRR,Not Specified,Not Specified,MARGINAL,66.5,58.95
26/03/2024 17:00:00 - 26/03/2024 18:00:00,SCA|NO2,mFRR,Not Specified,Not Specified,MARGINAL,61.03,55.0
26/03/2024 18:00:00 - 26/03/2024 19:00:00,SCA|NO2,mFRR,Not Specified,Not Specified,MARGINAL,61.59,55.0
26/03/2024 19:00:00 - 26/03/2024 20:00:00,SCA|NO2,mFRR,Not Specified,Not Specified,MARGINAL,59.86,57.0
26/03/2024 20:00:00 - 26/03/2024 21:00:00,SCA|NO2,mFRR,Not Specified,Not Specified,MARGINAL,62.5,58.36
26/03/2024 21:00:00 - 26/03/2024 22:00:00,SCA|NO2,mFRR,Not Specified,Not Specified,MARGINAL,66.0,58.01
26/03/2024 22:00:00 - 26/03/2024 23:00:00,SCA|NO2,mFRR,Not Specified,Not Specified,MARGINAL,65.0,56.65
26/03/2024 23:00:00 - 27/03/2024 00:00:00,SCA|NO2,mFRR,Not Specified,Not Specified,MARGINAL,55.17,55.17
27/03/2024 00:00:00 - 27/03/2024 01:00:00,SCA|NO2,mFRR,Not Specified,Not Specified,MARGINAL,59.0,56.09
27/03/2024 01:00:00 - 27/03/2024 02:00:00,SCA|NO2,mFRR,Not Specified,Not Specified,MARGINAL,60.0,55.26
27/03/2024 02:00:00 - 27/03/2024 03:00:00,SCA|NO2,mFRR,Not Specified,Not Specified,MARGINAL,59.0,55.45
27/03/2024 03:00:00 - 27/03/2024 04:00:00,SCA|NO2,mFRR,Not Specified,Not Specified,MARGINAL,56.0,53.86
27/03/2024 04:00:00 - 27/03/2024 05:00:00,SCA|NO2,mFRR,Not Specified,Not Specified,MARGINAL,52.95,46.0
27/03/2024 05:00:00 - 27/03/2024 06:00:00,SCA|NO2,mFRR,Not Specified,Not Specified,MARGINAL,54.14,44.0
27/03/2024 06:00:00 - 27/03/2024 07:00:00,SCA|NO2,mFRR,Not Specified,Not Specified,MARGINAL,56.89,48.0
27/03/2024 07:00:00 - 27/03/2024 08:00:00,SCA|NO2,mFRR,Not Specified,Not Specified,MARGINAL,58.91,58.91
27/03/2024 08:00:00 - 27/03/2024 09:00:00,SCA|NO2,mFRR,Not Specified,Not Specified,MARGINAL,59.72,59.72
27/03/2024 09:00:00 - 27/03/2024 10:00:00,SCA|NO2,mFRR,Not Specified,Not Specified,MARGINAL,59.48,59.48
27/03/2024 10:00:00 - 27/03/2024 11:00:00,SCA|NO2,mFRR,Not Specified,Not Specified,MARGINAL,59.38,59.38
27/03/2024 11:00:00 - 27/03/2024 12:00:00,SCA|NO2,mFRR,Not Specified,Not Specified,MARGINAL,57.13,57.13
27/03/2024 12:00:00 - 27/03/2024 13:00:00,SCA|NO2,mFRR,Not Specified,Not Specified,MARGINAL,56.53,56.53
27/03/2024 13:00:00 - 27/03/2024 14:00:00,SCA|NO2,mFRR,Not Specified,Not Specified,MARGINAL,57.66,55.5
27/03/2024 14:00:00 - 27/03/2024 15:00:00,SCA|NO2,mFRR,Not Specified,Not Specified,MARGINAL,59.46,54.0
27/03/2024 15:00:00 - 27/03/2024 16:00:00,SCA|NO2,mFRR,Not Specified,Not Specified,MARGINAL,59.95,54.0
27/03/2024 16:00:00 - 27/03/2024 17:00:00,SCA|NO2,mFRR,Not Specified,Not Specified,MARGINAL,60.49,56.0
27/03/2024 17:00:00 - 27/03/2024 18:00:00,SCA|NO2,mFRR,Not Specified,Not Specified,MARGINAL,60.91,56.0
27/03/2024 18:00:00 - 27/03/2024 19:00:00,SCA|NO2,mFRR,Not Specified,Not Specified,MARGINAL,60.53,56.0
27/03/2024 19:00:00 - 27/03/2024 20:00:00,SCA|NO2,mFRR,Not Specified,Not Specified,MARGINAL,60.34,56.0
27/03/2024 20:00:00 - 27/03/2024 21:00:00,SCA|NO2,mFRR,Not Specified,Not Specified,MARGINAL,60.06,60.06
27/03/2024 21:00:00 - 27/03/2024 22:00:00,SCA|NO2,mFRR,Not Specified,Not Specified,MARGINAL,59.87,59.87
27/03/2024 22:00:00 - 27/03/2024 23:00:00,SCA|NO2,mFRR,Not Specified,Not Specified,MARGINAL,59.53,59.53
27/03/2024 23:00:00 - 28/03/2024 00:00:00,SCA|NO2,mFRR,Not Specified,Not Specified,MARGINAL,59.11,59.11
28/03/2024 00:00:00 - 28/03/2024 01:00:00,SCA|NO2,mFRR,Not Specified,Not Specified,MARGINAL,58.94,58.94
28/03/2024 01:00:00 - 28/03/2024 02:00:00,SCA|NO2,mFRR,Not Specified,Not Specified,MARGINAL,57.98,57.98
28/03/2024 02:00:00 - 28/03/2024 03:00:00,SCA|NO2,mFRR,Not Specified,Not Specified,MARGINAL,57.66,48.0
28/03/2024 03:00:00 - 28/03/2024 04:00:00,SCA|NO2,mFRR,Not Specified,Not Specified,MARGINAL,58.0,48.0
28/03/2024 04:00:00 - 28/03/2024 05:00:00,SCA|NO2,mFRR,Not Specified,Not Specified,MARGINAL,58.0,55.74
28/03/2024 05:00:00 - 28/03/2024 06:00:00,SCA|NO2,mFRR,Not Specified,Not Specified,MARGINAL,58.0,56.46
28/03/2024 06:00:00 - 28/03/2024 07:00:00,SCA|NO2,mFRR,Not Specified,Not Specified,MARGINAL,58.0,57.66
28/03/2024 07:00:00 - 28/03/2024 08:00:00,SCA|NO2,mFRR,Not Specified,Not Specified,MARGINAL,59.0,59.0
28/03/2024 08:00:00 - 28/03/2024 09:00:00,SCA|NO2,mFRR,Not Specified,Not Specified,MARGINAL,57.73,50.0
28/03/2024 09:00:00 - 28/03/2024 10:00:00,SCA|NO2,mFRR,Not Specified,Not Specified,MARGINAL,56.28,50.0
28/03/2024 10:00:00 - 28/03/2024 11:00:00,SCA|NO2,mFRR,Not Specified,Not Specified,MARGINAL,54.03,45.0
28/03/2024 11:00:00 - 28/03/2024 12:00:00,SCA|NO2,mFRR,Not Specified,Not Specified,MARGINAL,49.91,46.0
28/03/2024 12:00:00 - 28/03/2024 13:00:00,SCA|NO2,mFRR,Not Specified,Not Specified,MARGINAL,56.0,45.99
28/03/2024 13:00:00 - 28/03/2024 14:00:00,SCA|NO2,mFRR,Not Specified,Not Specified,MARGINAL,59.0,44.61
28/03/2024 14:00:00 - 28/03/2024 15:00:00,SCA|NO2,mFRR,Not Specified,Not Specified,MARGINAL,51.0,40.96
28/03/2024 15:00:00 - 28/03/2024 16:00:00,SCA|NO2,mFRR,Not Specified,Not Specified,MARGINAL,52.0,42.47
28/03/2024 16:00:00 - 28/03/2024 17:00:00,SCA|NO2,mFRR,Not Specified,Not Specified,MARGINAL,58.14,46.46
28/03/2024 17:00:00 - 28/03/2024 18:00:00,SCA|NO2,mFRR,Not Specified,Not Specified,MARGINAL,55.0,52.46
28/03/2024 18:00:00 - 28/03/2024 19:00:00,SCA|NO2,mFRR,Not Specified,Not Specified,MARGINAL,55.13,55.13
28/03/2024 19:00:00 - 28/03/2024 20:00:00,SCA|NO2,mFRR,Not Specified,Not Specified,MARGINAL,56.92,50.0
28/03/2024 20:00:00 - 28/03/2024 21:00:00,SCA|NO2,mFRR,Not Specified,Not Specified,MARGINAL,54.84,44.0
28/03/2024 21:00:00 - 28/03/2024 22:00:00,SCA|NO2,mFRR,Not Specified,Not Specified,MARGINAL,51.52,40.22
28/03/2024 22:00:00 - 28/03/2024 23:00:00,SCA|NO2,mFRR,Not Specified,Not Specified,MARGINAL,45.0,42.0
28/03/2024 23:00:00 - 29/03/2024 00:00:00,SCA|NO2,mFRR,Not Specified,Not Specified,,,
29/03/2024 00:00:00 - 29/03/2024 01:00:00,SCA|NO2,mFRR,Not Specified,Not Specified,MARGINAL,29.98,29.98
29/03/2024 01:00:00 - 29/03/2024 02:00:00,SCA|NO2,mFRR,Not Specified,Not Specified,MARGINAL,19.46,19.46
29/03/2024 02:00:00 - 29/03/2024 03:00:00,SCA|NO2,mFRR,Not Specified,Not Specified,MARGINAL,16.99,16.99
29/03/2024 03:00:00 - 29/03/2024 04:00:00,SCA|NO2,mFRR,Not Specified,Not Specified,MARGINAL,16.99,16.99
29/03/2024 04:00:00 - 29/03/2024 05:00:00,SCA|NO2,mFRR,Not Specified,Not Specified,MARGINAL,16.99,5.0
29/03/2024 05:00:00 - 29/03/2024 06:00:00,SCA|NO2,mFRR,Not Specified,Not Specified,MARGINAL,17.0,5.5
29/03/2024 06:00:00 - 29/03/2024 07:00:00,SCA|NO2,mFRR,Not Specified,Not Specified,MARGINAL,26.21,5.5
29/03/2024 07:00:00 - 29/03/2024 08:00:00,SCA|NO2,mFRR,Not Specified,Not Specified,MARGINAL,42.25,29.5
29/03/2024 08:00:00 - 29/03/2024 09:00:00,SCA|NO2,mFRR,Not Specified,Not Specified,MARGINAL,42.59,29.5
29/03/2024 09:00:00 - 29/03/2024 10:00:00,SCA|NO2,mFRR,Not Specified,Not Specified,MARGINAL,44.0,29.5
29/03/2024 10:00:00 - 29/03/2024 11:00:00,SCA|NO2,mFRR,Not Specified,Not Specified,MARGINAL,36.65,20.0
29/03/2024 11:00:00 - 29/03/2024 12:00:00,SCA|NO2,mFRR,Not Specified,Not Specified,MARGINAL,19.43,17.17
29/03/2024 12:00:00 - 29/03/2024 13:00:00,SCA|NO2,mFRR,Not Specified,Not Specified,MARGINAL,17.0,17.0
29/03/2024 13:00:00 - 29/03/2024 14:00:00,SCA|NO2,mFRR,Not Specified,Not Specified,MARGINAL,20.27,20.0
29/03/2024 14:00:00 - 29/03/2024 15:00:00,SCA|NO2,mFRR,Not Specified,Not Specified,MARGINAL,46.0,44.27
29/03/2024 15:00:00 - 29/03/2024 16:00:00,SCA|NO2,mFRR,Not Specified,Not Specified,MARGINAL,49.14,49.14
29/03/2024 16:00:00 - 29/03/2024 17:00:00,SCA|NO2,mFRR,Not Specified,Not Specified,MARGINAL,57.0,54.16
29/03/2024 17:00:00 - 29/03/2024 18:00:00,SCA|NO2,mFRR,Not Specified,Not Specified,MARGINAL,61.0,56.02
29/03/2024 18:00:00 - 29/03/2024 19:00:00,SCA|NO2,mFRR,Not Specified,Not Specified,MARGINAL,62.0,57.71
29/03/2024 19:00:00 - 29/03/2024 20:00:00,SCA|NO2,mFRR,Not Specified,Not Specified,MARGINAL,63.0,58.4
29/03/2024 20:00:00 - 29/03/2024 21:00:00,SCA|NO2,mFRR,Not Specified,Not Specified,MARGINAL,63.0,58.63
29/03/2024 21:00:00 - 29/03/2024 22:00:00,SCA|NO2,mFRR,Not Specified,Not Specified,MARGINAL,58.05,58.05
29/03/2024 22:00:00 - 29/03/2024 23:00:00,SCA|NO2,mFRR,Not Specified,Not Specified,MARGINAL,57.78,57.78
29/03/2024 23:00:00 - 30/03/2024 00:00:00,SCA|NO2,mFRR,Not Specified,Not Specified,MARGINAL,57.39,49.5
30/03/2024 00:00:00 - 30/03/2024 01:00:00,SCA|NO2,mFRR,Not Specified,Not Specified,MARGINAL,56.84,49.5
30/03/2024 01:00:00 - 30/03/2024 02:00:00,SCA|NO2,mFRR,Not Specified,Not Specified,MARGINAL,56.3,51.0
30/03/2024 02:00:00 - 30/03/2024 03:00:00,SCA|NO2,mFRR,Not Specified,Not Specified,MARGINAL,56.56,52.0
30/03/2024 03:00:00 - 30/03/2024 04:00:00,SCA|NO2,mFRR,Not Specified,Not Specified,MARGINAL,56.57,52.0
30/03/2024 04:00:00 - 30/03/2024 05:00:00,SCA|NO2,mFRR,Not Specified,Not Specified,MARGINAL,56.27,49.0
30/03/2024 05:00:00 - 30/03/2024 06:00:00,SCA|NO2,mFRR,Not Specified,Not Specified,MARGINAL,56.29,48.0
30/03/2024 06:00:00 - 30/03/2024 07:00:00,SCA|NO2,mFRR,Not Specified,Not Specified,MARGINAL,54.53,48.0
30/03/2024 07:00:00 - 30/03/2024 08:00:00,SCA|NO2,mFRR,Not Specified,Not Specified,MARGINAL,52.62,45.17
30/03/2024 08:00:00 - 30/03/2024 09:00:00,SCA|NO2,mFRR,Not Specified,Not Specified,MARGINAL,48.0,43.6
30/03/2024 09:00:00 - 30/03/2024 10:00:00,SCA|NO2,mFRR,Not Specified,Not Specified,MARGINAL,46.18,46.18
30/03/2024 10:00:00 - 30/03/2024 11:00:00,SCA|NO2,mFRR,Not Specified,Not Specified,MARGINAL,56.0,41.47
30/03/2024 11:00:00 - 30/03/2024 12:00:00,SCA|NO2,mFRR,Not Specified,Not Specified,MARGINAL,56.0,25.83
30/03/2024 12:00:00 - 30/03/2024 13:00:00,SCA|NO2,mFRR,Not Specified,Not Specified,MARGINAL,26.51,26.51
30/03/2024 13:00:00 - 30/03/2024 14:00:00,SCA|NO2,mFRR,Not Specified,Not Specified,MARGINAL,49.0,24.52
30/03/2024 14:00:00 - 30/03/2024 15:00:00,SCA|NO2,mFRR,Not Specified,Not Specified,MARGINAL,57.0,39.96
30/03/2024 15:00:00 - 30/03/2024 16:00:00,SCA|NO2,mFRR,Not Specified,Not Specified,MARGINAL,60.0,47.11
30/03/2024 16:00:00 - 30/03/2024 17:00:00,SCA|NO2,mFRR,Not Specified,Not Specified,MARGINAL,58.0,52.75
30/03/2024 17:00:00 - 30/03/2024 18:00:00,SCA|NO2,mFRR,Not Specified,Not Specified,MARGINAL,56.66,56.66
30/03/2024 18:00:00 - 30/03/2024 19:00:00,SCA|NO2,mFRR,Not Specified,Not Specified,MARGINAL,57.49,57.49
30/03/2024 19:00:00 - 30/03/2024 20:00:00,SCA|NO2,mFRR,Not Specified,Not Specified,MARGINAL,57.59,50.0
30/03/2024 20:00:00 - 30/03/2024 21:00:00,SCA|NO2,mFRR,Not Specified,Not Specified,MARGINAL,57.51,48.0
30/03/2024 21:00:00 - 30/03/2024 22:00:00,SCA|NO2,mFRR,Not Specified,Not Specified,MARGINAL,57.32,47.0
30/03/2024 22:00:00 - 30/03/2024 23:00:00,SCA|NO2,mFRR,Not Specified,Not Specified,MARGINAL,57.45,48.0
30/03/2024 23:00:00 - 31/03/2024 00:00:00,SCA|NO2,mFRR,Not Specified,Not Specified,MARGINAL,57.0,48.0
31/03/2024 00:00:00 - 31/03/2024 01:00:00,SCA|NO2,mFRR,Not Specified,Not Specified,MARGINAL,57.18,48.0
31/03/2024 01:00:00 - 31/03/2024 03:00:00,SCA|NO2,mFRR,Not Specified,Not Specified,MARGINAL,56.96,50.0
31/03/2024 03:00:00 - 31/03/2024 04:00:00,SCA|NO2,mFRR,Not Specified,Not Specified,MARGINAL,57.0,50.0
31/03/2024 04:00:00 - 31/03/2024 05:00:00,SCA|NO2,mFRR,Not Specified,Not Specified,MARGINAL,57.35,49.0
31/03/2024 05:00:00 - 31/03/2024 06:00:00,SCA|NO2,mFRR,Not Specified,Not Specified,MARGINAL,56.92,56.92
31/03/2024 06:00:00 - 31/03/2024 07:00:00,SCA|NO2,mFRR,Not Specified,Not Specified,MARGINAL,57.57,44.5
31/03/2024 07:00:00 - 31/03/2024 08:00:00,SCA|NO2,mFRR,Not Specified,Not Specified,MARGINAL,56.98,42.9
31/03/2024 08:00:00 - 31/03/2024 09:00:00,SCA|NO2,mFRR,Not Specified,Not Specified,MARGINAL,56.21,42.9
31/03/2024 09:00:00 - 31/03/2024 10:00:00,SCA|NO2,mFRR,Not Specified,Not Specified,MARGINAL,53.84,43.0
31/03/2024 10:00:00 - 31/03/2024 11:00:00,SCA|NO2,mFRR,Not Specified,Not Specified,MARGINAL,62.0,43.0
31/03/2024 11:00:00 - 31/03/2024 12:00:00,SCA|NO2,mFRR,Not Specified,Not Specified,MARGINAL,62.0,44.91
31/03/2024 12:00:00 - 31/03/2024 13:00:00,SCA|NO2,mFRR,Not Specified,Not Specified,MARGINAL,59.0,40.33
31/03/2024 13:00:00 - 31/03/2024 14:00:00,SCA|NO2,mFRR,Not Specified,Not Specified,MARGINAL,47.5,40.07
31/03/2024 14:00:00 - 31/03/2024 15:00:00,SCA|NO2,mFRR,Not Specified,Not Specified,MARGINAL,47.5,43.37
31/03/2024 15:00:00 - 31/03/2024 16:00:00,SCA|NO2,mFRR,Not Specified,Not Specified,MARGINAL,47.5,46.57
31/03/2024 16:00:00 - 31/03/2024 17:00:00,SCA|NO2,mFRR,Not Specified,Not Specified,MARGINAL,52.7,47.0
31/03/2024 17:00:00 - 31/03/2024 18:00:00,SCA|NO2,mFRR,Not Specified,Not Specified,MARGINAL,55.11,44.0
31/03/2024 18:00:00 - 31/03/2024 19:00:00,SCA|NO2,mFRR,Not Specified,Not Specified,MARGINAL,57.62,50.95
31/03/2024 19:00:00 - 31/03/2024 20:00:00,SCA|NO2,mFRR,Not Specified,Not Specified,MARGINAL,61.0,58.6
31/03/2024 20:00:00 - 31/03/2024 21:00:00,SCA|NO2,mFRR,Not Specified,Not Specified,MARGINAL,65.0,58.66
31/03/2024 21:00:00 - 31/03/2024 22:00:00,SCA|NO2,mFRR,Not Specified,Not Specified,MARGINAL,65.0,58.4
31/03/2024 22:00:00 - 31/03/2024 23:00:00,SCA|NO2,mFRR,Not Specified,Not Specified,MARGINAL,59.0,57.64
31/03/2024 23:00:00 - 01/04/2024 00:00:00,SCA|NO2,mFRR,Not Specified,Not Specified,MARGINAL,55.31,48.5
01/04/2024 00:00:00 - 01/04/2024 01:00:00,SCA|NO2,mFRR,Not Specified,Not Specified,MARGINAL,53.18,44.5
01/04/2024 01:00:00 - 01/04/2024 02:00:00,SCA|NO2,mFRR,Not Specified,Not Specified,MARGINAL,49.65,43.0
01/04/2024 02:00:00 - 01/04/2024 03:00:00,SCA|NO2,mFRR,Not Specified,Not Specified,MARGINAL,47.54,42.5
01/04/2024 03:00:00 - 01/04/2024 04:00:00,SCA|NO2,mFRR,Not Specified,Not Specified,MARGINAL,44.98,36.62
01/04/2024 04:00:00 - 01/04/2024 05:00:00,SCA|NO2,mFRR,Not Specified,Not Specified,MARGINAL,48.1,35.5
01/04/2024 05:00:00 - 01/04/2024 06:00:00,SCA|NO2,mFRR,Not Specified,Not Specified,MARGINAL,51.94,44.54
01/04/2024 06:00:00 - 01/04/2024 07:00:00,SCA|NO2,mFRR,Not Specified,Not Specified,MARGINAL,55.68,55.68
01/04/2024 07:00:00 - 01/04/2024 08:00:00,SCA|NO2,mFRR,Not Specified,Not Specified,MARGINAL,57.17,57.17
01/04/2024 08:00:00 - 01/04/2024 09:00:00,SCA|NO2,mFRR,Not Specified,Not Specified,MARGINAL,56.83,56.83
01/04/2024 09:00:00 - 01/04/2024 10:00:00,SCA|NO2,mFRR,Not Specified,Not Specified,MARGINAL,56.1,56.1
01/04/2024 10:00:00 - 01/04/2024 11:00:00,SCA|NO2,mFRR,Not Specified,Not Specified,MARGINAL,54.11,47.0
01/04/2024 11:00:00 - 01/04/2024 12:00:00,SCA|NO2,mFRR,Not Specified,Not Specified,MARGINAL,49.83,46.5
01/04/2024 12:00:00 - 01/04/2024 13:00:00,SCA|NO2,mFRR,Not Specified,Not Specified,MARGINAL,48.75,47.0
01/04/2024 13:00:00 - 01/04/2024 14:00:00,SCA|NO2,mFRR,Not Specified,Not Specified,MARGINAL,49.0,44.78
01/04/2024 14:00:00 - 01/04/2024 15:00:00,SCA|NO2,mFRR,Not Specified,Not Specified,MARGINAL,48.0,44.55
01/04/2024 15:00:00 - 01/04/2024 16:00:00,SCA|NO2,mFRR,Not Specified,Not Specified,MARGINAL,44.98,44.98
01/04/2024 16:00:00 - 01/04/2024 17:00:00,SCA|NO2,mFRR,Not Specified,Not Specified,MARGINAL,49.0,45.72
01/04/2024 17:00:00 - 01/04/2024 18:00:00,SCA|NO2,mFRR,Not Specified,Not Specified,MARGINAL,50.0,44.94
01/04/2024 18:00:00 - 01/04/2024 19:00:00,SCA|NO2,mFRR,Not Specified,Not Specified,MARGINAL,48.86,48.86
01/04/2024 19:00:00 - 01/04/2024 20:00:00,SCA|NO2,mFRR,Not Specified,Not Specified,MARGINAL,54.0,50.08
01/04/2024 20:00:00 - 01/04/2024 21:00:00,SCA|NO2,mFRR,Not Specified,Not Specified,MARGINAL,59.0,51.48
01/04/2024 21:00:00 - 01/04/2024 22:00:00,SCA|NO2,mFRR,Not Specified,Not Specified,MARGINAL,48.99,48.99
01/04/2024 22:00:00 - 01/04/2024 23:00:00,SCA|NO2,mFRR,Not Specified,Not Specified,MARGINAL,49.0,44.86
01/04/2024 23:00:00 - 02/04/2024 00:00:00,SCA|NO2,mFRR,Not Specified,Not Specified,MARGINAL,49.0,30.52
02/04/2024 00:00:00 - 02/04/2024 01:00:00,SCA|NO2,mFRR,Not Specified,Not Specified,MARGINAL,44.65,20.0
02/04/2024 01:00:00 - 02/04/2024 02:00:00,SCA|NO2,mFRR,Not Specified,Not Specified,MARGINAL,37.36,1.0
02/04/2024 02:00:00 - 02/04/2024 03:00:00,SCA|NO2,mFRR,Not Specified,Not Specified,MARGINAL,17.0,-10.0
02/04/2024 03:00:00 - 02/04/2024 04:00:00,SCA|NO2,mFRR,Not Specified,Not Specified,MARGINAL,7.79,-10.0
02/04/2024 04:00:00 - 02/04/2024 05:00:00,SCA|NO2,mFRR,Not Specified,Not Specified,MARGINAL,6.39,-10.0
02/04/2024 05:00:00 - 02/04/2024 06:00:00,SCA|NO2,mFRR,Not Specified,Not Specified,MARGINAL,32.42,32.42
02/04/2024 06:00:00 - 02/04/2024 07:00:00,SCA|NO2,mFRR,Not Specified,Not Specified,MARGINAL,57.0,50.58
02/04/2024 07:00:00 - 02/04/2024 08:00:00,SCA|NO2,mFRR,Not Specified,Not Specified,MARGINAL,60.0,55.59
02/04/2024 08:00:00 - 02/04/2024 09:00:00,SCA|NO2,mFRR,Not Specified,Not Specified,MARGINAL,66.5,56.05
02/04/2024 09:00:00 - 02/04/2024 10:00:00,SCA|NO2,mFRR,Not Specified,Not Specified,MARGINAL,66.5,51.96
02/04/2024 10:00:00 - 02/04/2024 11:00:00,SCA|NO2,mFRR,Not Specified,Not Specified,MARGINAL,55.0,46.97
02/04/2024 11:00:00 - 02/04/2024 12:00:00,SCA|NO2,mFRR,Not Specified,Not Specified,MARGINAL,55.0,44.94
02/04/2024 12:00:00 - 02/04/2024 13:00:00,SCA|NO2,mFRR,Not Specified,Not Specified,MARGINAL,58.21,44.95
02/04/2024 13:00:00 - 02/04/2024 14:00:00,SCA|NO2,mFRR,Not Specified,Not Specified,MARGINAL,58.0,44.95
02/04/2024 14:00:00 - 02/04/2024 15:00:00,SCA|NO2,mFRR,Not Specified,Not Specified,MARGINAL,58.0,46.95
02/04/2024 15:00:00 - 02/04/2024 16:00:00,SCA|NO2,mFRR,Not Specified,Not Specified,MARGINAL,55.0,47.96
02/04/2024 16:00:00 - 02/04/2024 17:00:00,SCA|NO2,mFRR,Not Specified,Not Specified,MARGINAL,55.0,49.98
02/04/2024 17:00:00 - 02/04/2024 18:00:00,SCA|NO2,mFRR,Not Specified,Not Specified,MARGINAL,55.0,52.44
02/04/2024 18:00:00 - 02/04/2024 19:00:00,SCA|NO2,mFRR,Not Specified,Not Specified,MARGINAL,64.0,55.42
02/04/2024 19:00:00 - 02/04/2024 20:00:00,SCA|NO2,mFRR,Not Specified,Not Specified,MARGINAL,60.0,56.85
02/04/2024 20:00:00 - 02/04/2024 21:00:00,SCA|NO2,mFRR,Not Specified,Not Specified,MARGINAL,60.0,57.5
02/04/2024 21:00:00 - 02/04/2024 22:00:00,SCA|NO2,mFRR,Not Specified,Not Specified,MARGINAL,66.0,57.83
02/04/2024 22:00:00 - 02/04/2024 23:00:00,SCA|NO2,mFRR,Not Specified,Not Specified,MARGINAL,64.0,57.55
02/04/2024 23:00:00 - 03/04/2024 00:00:00,SCA|NO2,mFRR,Not Specified,Not Specified,MARGINAL,58.0,57.2
03/04/2024 00:00:00 - 03/04/2024 01:00:00,SCA|NO2,mFRR,Not Specified,Not Specified,MARGINAL,58.0,56.88
03/04/2024 01:00:00 - 03/04/2024 02:00:00,SCA|NO2,mFRR,Not Specified,Not Specified,MARGINAL,58.0,55.72
03/04/2024 02:00:00 - 03/04/2024 03:00:00,SCA|NO2,mFRR,Not Specified,Not Specified,MARGINAL,54.67,54.67
03/04/2024 03:00:00 - 03/04/2024 04:00:00,SCA|NO2,mFRR,Not Specified,Not Specified,MARGINAL,54.47,49.0
03/04/2024 04:00:00 - 03/04/2024 05:00:00,SCA|NO2,mFRR,Not Specified,Not Specified,MARGINAL,54.08,49.0
03/04/2024 05:00:00 - 03/04/2024 06:00:00,SCA|NO2,mFRR,Not Specified,Not Specified,MARGINAL,55.07,49.0
03/04/2024 06:00:00 - 03/04/2024 07:00:00,SCA|NO2,mFRR,Not Specified,Not Specified,MARGINAL,56.66,49.0
03/04/2024 07:00:00 - 03/04/2024 08:00:00,SCA|NO2,mFRR,Not Specified,Not Specified,MARGINAL,96.59,64.5
03/04/2024 08:00:00 - 03/04/2024 09:00:00,SCA|NO2,mFRR,Not Specified,Not Specified,MARGINAL,114.28,114.28
03/04/2024 09:00:00 - 03/04/2024 10:00:00,SCA|NO2,mFRR,Not Specified,Not Specified,MARGINAL,97.95,63.5
03/04/2024 10:00:00 - 03/04/2024 11:00:00,SCA|NO2,mFRR,Not Specified,Not Specified,MARGINAL,103.91,50.5
03/04/2024 11:00:00 - 03/04/2024 12:00:00,SCA|NO2,mFRR,Not Specified,Not Specified,MARGINAL,87.99,52.0
03/04/2024 12:00:00 - 03/04/2024 13:00:00,SCA|NO2,mFRR,Not Specified,Not Specified,MARGINAL,78.5,76.22
03/04/2024 13:00:00 - 03/04/2024 14:00:00,SCA|NO2,mFRR,Not Specified,Not Specified,MARGINAL,70.0,67.98
03/04/2024 14:00:00 - 03/04/2024 15:00:00,SCA|NO2,mFRR,Not Specified,Not Specified,MARGINAL,65.0,59.94
03/04/2024 15:00:00 - 03/04/2024 16:00:00,SCA|NO2,mFRR,Not Specified,Not Specified,MARGINAL,60.0,57.07
03/04/2024 16:00:00 - 03/04/2024 17:00:00,SCA|NO2,mFRR,Not Specified,Not Specified,MARGINAL,59.01,54.0
03/04/2024 17:00:00 - 03/04/2024 18:00:00,SCA|NO2,mFRR,Not Specified,Not Specified,MARGINAL,59.34,52.29
03/04/2024 18:00:00 - 03/04/2024 19:00:00,SCA|NO2,mFRR,Not Specified,Not Specified,MARGINAL,62.97,54.0
03/04/2024 19:00:00 - 03/04/2024 20:00:00,SCA|NO2,mFRR,Not Specified,Not Specified,MARGINAL,64.54,64.23
03/04/2024 20:00:00 - 03/04/2024 21:00:00,SCA|NO2,mFRR,Not Specified,Not Specified,MARGINAL,64.52,61.53
03/04/2024 21:00:00 - 03/04/2024 22:00:00,SCA|NO2,mFRR,Not Specified,Not Specified,MARGINAL,62.0,58.46
03/04/2024 22:00:00 - 03/04/2024 23:00:00,SCA|NO2,mFRR,Not Specified,Not Specified,MARGINAL,60.5,57.67
03/04/2024 23:00:00 - 04/04/2024 00:00:00,SCA|NO2,mFRR,Not Specified,Not Specified,MARGINAL,57.5,55.33
04/04/2024 00:00:00 - 04/04/2024 01:00:00,SCA|NO2,mFRR,Not Specified,Not Specified,MARGINAL,54.52,48.0
04/04/2024 01:00:00 - 04/04/2024 02:00:00,SCA|NO2,mFRR,Not Specified,Not Specified,MARGINAL,52.01,45.0
04/04/2024 02:00:00 - 04/04/2024 03:00:00,SCA|NO2,mFRR,Not Specified,Not Specified,MARGINAL,50.17,47.0
04/04/2024 03:00:00 - 04/04/2024 04:00:00,SCA|NO2,mFRR,Not Specified,Not Specified,MARGINAL,59.0,51.57
04/04/2024 04:00:00 - 04/04/2024 05:00:00,SCA|NO2,mFRR,Not Specified,Not Specified,MARGINAL,56.5,51.94
04/04/2024 05:00:00 - 04/04/2024 06:00:00,SCA|NO2,mFRR,Not Specified,Not Specified,MARGINAL,54.08,54.08
04/04/2024 06:00:00 - 04/04/2024 07:00:00,SCA|NO2,mFRR,Not Specified,Not Specified,MARGINAL,57.21,57.21
04/04/2024 07:00:00 - 04/04/2024 08:00:00,SCA|NO2,mFRR,Not Specified,Not Specified,MARGINAL,65.0,55.34
04/04/2024 08:00:00 - 04/04/2024 09:00:00,SCA|NO2,mFRR,Not Specified,Not Specified,MARGINAL,74.0,73.15
04/04/2024 09:00:00 - 04/04/2024 10:00:00,SCA|NO2,mFRR,Not Specified,Not Specified,MARGINAL,72.0,69.71
04/04/2024 10:00:00 - 04/04/2024 11:00:00,SCA|NO2,mFRR,Not Specified,Not Specified,MARGINAL,67.17,53.24
04/04/2024 11:00:00 - 04/04/2024 12:00:00,SCA|NO2,mFRR,Not Specified,Not Specified,MARGINAL,61.23,51.5
04/04/2024 12:00:00 - 04/04/2024 13:00:00,SCA|NO2,mFRR,Not Specified,Not Specified,MARGINAL,57.4,51.5
04/04/2024 13:00:00 - 04/04/2024 14:00:00,SCA|NO2,mFRR,Not Specified,Not Specified,MARGINAL,56.22,56.22
04/04/2024 14:00:00 - 04/04/2024 15:00:00,SCA|NO2,mFRR,Not Specified,Not Specified,MARGINAL,55.49,46.0
04/04/2024 15:00:00 - 04/04/2024 16:00:00,SCA|NO2,mFRR,Not Specified,Not Specified,MARGINAL,56.17,44.5
04/04/2024 16:00:00 - 04/04/2024 17:00:00,SCA|NO2,mFRR,Not Specified,Not Specified,MARGINAL,57.08,44.5
04/04/2024 17:00:00 - 04/04/2024 18:00:00,SCA|NO2,mFRR,Not Specified,Not Specified,MARGINAL,65.17,48.0
04/04/2024 18:00:00 - 04/04/2024 19:00:00,SCA|NO2,mFRR,Not Specified,Not Specified,MARGINAL,73.02,49.0
04/04/2024 19:00:00 - 04/04/2024 20:00:00,SCA|NO2,mFRR,Not Specified,Not Specified,MARGINAL,87.85,51.01
04/04/2024 20:00:00 - 04/04/2024 21:00:00,SCA|NO2,mFRR,Not Specified,Not Specified,MARGINAL,67.78,51.5
04/04/2024 21:00:00 - 04/04/2024 22:00:00,SCA|NO2,mFRR,Not Specified,Not Specified,MARGINAL,59.94,52.5
04/04/2024 22:00:00 - 04/04/2024 23:00:00,SCA|NO2,mFRR,Not Specified,Not Specified,,,
04/04/2024 23:00:00 - 05/04/2024 00:00:00,SCA|NO2,mFRR,Not Specified,Not Specified,MARGINAL,56.0,46.0
05/04/2024 00:00:00 - 05/04/2024 01:00:00,SCA|NO2,mFRR,Not Specified,Not Specified,MARGINAL,52.85,44.0
05/04/2024 01:00:00 - 05/04/2024 02:00:00,SCA|NO2,mFRR,Not Specified,Not Specified,MARGINAL,51.2,38.0
05/04/2024 02:00:00 - 05/04/2024 03:00:00,SCA|NO2,mFRR,Not Specified,Not Specified,MARGINAL,49.95,33.52
05/04/2024 03:00:00 - 05/04/2024 04:00:00,SCA|NO2,mFRR,Not Specified,Not Specified,MARGINAL,49.34,37.0
05/04/2024 04:00:00 - 05/04/2024 05:00:00,SCA|NO2,mFRR,Not Specified,Not Specified,MARGINAL,48.93,16.76
05/04/2024 05:00:00 - 05/04/2024 06:00:00,SCA|NO2,mFRR,Not Specified,Not Specified,MARGINAL,50.92,25.0
05/04/2024 06:00:00 - 05/04/2024 07:00:00,SCA|NO2,mFRR,Not Specified,Not Specified,MARGINAL,53.26,40.0
05/04/2024 07:00:00 - 05/04/2024 08:00:00,SCA|NO2,mFRR,Not Specified,Not Specified,MARGINAL,56.92,45.0
05/04/2024 08:00:00 - 05/04/2024 09:00:00,SCA|NO2,mFRR,Not Specified,Not Specified,MARGINAL,62.31,50.0
05/04/2024 09:00:00 - 05/04/2024 10:00:00,SCA|NO2,mFRR,Not Specified,Not Specified,MARGINAL,63.0,59.96
05/04/2024 10:00:00 - 05/04/2024 11:00:00,SCA|NO2,mFRR,Not Specified,Not Specified,MARGINAL,62.0,52.7
05/04/2024 11:00:00 - 05/04/2024 12:00:00,SCA|NO2,mFRR,Not Specified,Not Specified,MARGINAL,60.0,48.96
05/04/2024 12:00:00 - 05/04/2024 13:00:00,SCA|NO2,mFRR,Not Specified,Not Specified,MARGINAL,45.76,45.76
05/04/2024 13:00:00 - 05/04/2024 14:00:00,SCA|NO2,mFRR,Not Specified,Not Specified,MARGINAL,41.23,41.23
05/04/2024 14:00:00 - 05/04/2024 15:00:00,SCA|NO2,mFRR,Not Specified,Not Specified,MARGINAL,37.07,37.07
05/04/2024 15:00:00 - 05/04/2024 16:00:00,SCA|NO2,mFRR,Not Specified,Not Specified,MARGINAL,24.22,24.22
05/04/2024 16:00:00 - 05/04/2024 17:00:00,SCA|NO2,mFRR,Not Specified,Not Specified,MARGINAL,23.58,23.58
05/04/2024 17:00:00 - 05/04/2024 18:00:00,SCA|NO2,mFRR,Not Specified,Not Specified,MARGINAL,39.99,39.99
05/04/2024 18:00:00 - 05/04/2024 19:00:00,SCA|NO2,mFRR,Not Specified,Not Specified,MARGINAL,49.65,49.65
05/04/2024 19:00:00 - 05/04/2024 20:00:00,SCA|NO2,mFRR,Not Specified,Not Specified,MARGINAL,64.5,53.4
05/04/2024 20:00:00 - 05/04/2024 21:00:00,SCA|NO2,mFRR,Not Specified,Not Specified,MARGINAL,65.0,53.92
05/04/2024 21:00:00 - 05/04/2024 22:00:00,SCA|NO2,mFRR,Not Specified,Not Specified,MARGINAL,65.0,53.4
05/04/2024 22:00:00 - 05/04/2024 23:00:00,SCA|NO2,mFRR,Not Specified,Not Specified,MARGINAL,63.0,52.73
05/04/2024 23:00:00 - 06/04/2024 00:00:00,SCA|NO2,mFRR,Not Specified,Not Specified,MARGINAL,58.0,50.68
06/04/2024 00:00:00 - 06/04/2024 01:00:00,SCA|NO2,mFRR,Not Specified,Not Specified,MARGINAL,53.0,46.26
06/04/2024 01:00:00 - 06/04/2024 02:00:00,SCA|NO2,mFRR,Not Specified,Not Specified,MARGINAL,57.0,45.08
06/04/2024 02:00:00 - 06/04/2024 03:00:00,SCA|NO2,mFRR,Not Specified,Not Specified,MARGINAL,57.0,45.31
06/04/2024 03:00:00 - 06/04/2024 04:00:00,SCA|NO2,mFRR,Not Specified,Not Specified,MARGINAL,55.0,46.09
06/04/2024 04:00:00 - 06/04/2024 05:00:00,SCA|NO2,mFRR,Not Specified,Not Specified,MARGINAL,55.0,47.51
06/04/2024 05:00:00 - 06/04/2024 06:00:00,SCA|NO2,mFRR,Not Specified,Not Specified,MARGINAL,58.0,48.25
06/04/2024 06:00:00 - 06/04/2024 07:00:00,SCA|NO2,mFRR,Not Specified,Not Specified,MARGINAL,60.0,49.94
06/04/2024 07:00:00 - 06/04/2024 08:00:00,SCA|NO2,mFRR,Not Specified,Not Specified,MARGINAL,61.0,51.26
06/04/2024 08:00:00 - 06/04/2024 09:00:00,SCA|NO2,mFRR,Not Specified,Not Specified,MARGINAL,60.0,50.23
06/04/2024 09:00:00 - 06/04/2024 10:00:00,SCA|NO2,mFRR,Not Specified,Not Specified,MARGINAL,55.0,47.31
06/04/2024 10:00:00 - 06/04/2024 11:00:00,SCA|NO2,mFRR,Not Specified,Not Specified,MARGINAL,55.0,39.12
06/04/2024 11:00:00 - 06/04/2024 12:00:00,SCA|NO2,mFRR,Not Specified,Not Specified,MARGINAL,52.0,39.99
06/04/2024 12:00:00 - 06/04/2024 13:00:00,SCA|NO2,mFRR,Not Specified,Not Specified,MARGINAL,39.55,39.55
06/04/2024 13:00:00 - 06/04/2024 14:00:00,SCA|NO2,mFRR,Not Specified,Not Specified,MARGINAL,37.84,37.84
06/04/2024 14:00:00 - 06/04/2024 15:00:00,SCA|NO2,mFRR,Not Specified,Not Specified,MARGINAL,33.55,33.55
06/04/2024 15:00:00 - 06/04/2024 16:00:00,SCA|NO2,mFRR,Not Specified,Not Specified,MARGINAL,28.15,1.0
06/04/2024 16:00:00 - 06/04/2024 17:00:00,SCA|NO2,mFRR,Not Specified,Not Specified,MARGINAL,15.0,1.0
06/04/2024 17:00:00 - 06/04/2024 18:00:00,SCA|NO2,mFRR,Not Specified,Not Specified,MARGINAL,50.0,42.26
06/04/2024 18:00:00 - 06/04/2024 19:00:00,SCA|NO2,mFRR,Not Specified,Not Specified,MARGINAL,46.94,46.94
06/04/2024 19:00:00 - 06/04/2024 20:00:00,SCA|NO2,mFRR,Not Specified,Not Specified,MARGINAL,50.96,50.96
06/04/2024 20:00:00 - 06/04/2024 21:00:00,SCA|NO2,mFRR,Not Specified,Not Specified,MARGINAL,48.28,48.28
06/04/2024 21:00:00 - 06/04/2024 22:00:00,SCA|NO2,mFRR,Not Specified,Not Specified,MARGINAL,45.02,45.02
06/04/2024 22:00:00 - 06/04/2024 23:00:00,SCA|NO2,mFRR,Not Specified,Not Specified,MARGINAL,49.0,40.83
06/04/2024 23:00:00 - 07/04/2024 00:00:00,SCA|NO2,mFRR,Not Specified,Not Specified,MARGINAL,26.01,26.01
07/04/2024 00:00:00 - 07/04/2024 01:00:00,SCA|NO2,mFRR,Not Specified,Not Specified,MARGINAL,11.3,11.3
07/04/2024 01:00:00 - 07/04/2024 02:00:00,SCA|NO2,mFRR,Not Specified,Not Specified,MARGINAL,0.1,0.1
07/04/2024 02:00:00 - 07/04/2024 03:00:00,SCA|NO2,mFRR,Not Specified,Not Specified,MARGINAL,0.0,0.0
07/04/2024 03:00:00 - 07/04/2024 04:00:00,SCA|NO2,mFRR,Not Specified,Not Specified,MARGINAL,0.0,0.0
07/04/2024 04:00:00 - 07/04/2024 05:00:00,SCA|NO2,mFRR,Not Specified,Not Specified,MARGINAL,0.0,0.0
07/04/2024 05:00:00 - 07/04/2024 06:00:00,SCA|NO2,mFRR,Not Specified,Not Specified,MARGINAL,0.0,0.0
07/04/2024 06:00:00 - 07/04/2024 07:00:00,SCA|NO2,mFRR,Not Specified,Not Specified,MARGINAL,0.0,0.0
07/04/2024 07:00:00 - 07/04/2024 08:00:00,SCA|NO2,mFRR,Not Specified,Not Specified,MARGINAL,0.0,0.0
07/04/2024 08:00:00 - 07/04/2024 09:00:00,SCA|NO2,mFRR,Not Specified,Not Specified,MARGINAL,0.0,0.0
07/04/2024 09:00:00 - 07/04/2024 10:00:00,SCA|NO2,mFRR,Not Specified,Not Specified,MARGINAL,-0.01,-0.01
07/04/2024 10:00:00 - 07/04/2024 11:00:00,SCA|NO2,mFRR,Not Specified,Not Specified,MARGINAL,6.6,-0.16
07/04/2024 11:00:00 - 07/04/2024 12:00:00,SCA|NO2,mFRR,Not Specified,Not Specified,MARGINAL,7.2,-3.01
07/04/2024 12:00:00 - 07/04/2024 13:00:00,SCA|NO2,mFRR,Not Specified,Not Specified,MARGINAL,7.2,-11.0
07/04/2024 13:00:00 - 07/04/2024 14:00:00,SCA|NO2,mFRR,Not Specified,Not Specified,MARGINAL,-6.55,-93.85
07/04/2024 14:00:00 - 07/04/2024 15:00:00,SCA|NO2,mFRR,Not Specified,Not Specified,MARGINAL,-10.0,-120.0
07/04/2024 15:00:00 - 07/04/2024 16:00:00,SCA|NO2,mFRR,Not Specified,Not Specified,MARGINAL,-5.04,-1005.04
07/04/2024 16:00:00 - 07/04/2024 17:00:00,SCA|NO2,mFRR,Not Specified,Not Specified,MARGINAL,-0.16,-30.0
07/04/2024 17:00:00 - 07/04/2024 18:00:00,SCA|NO2,mFRR,Not Specified,Not Specified,MARGINAL,6.75,-10.0
07/04/2024 18:00:00 - 07/04/2024 19:00:00,SCA|NO2,mFRR,Not Specified,Not Specified,MARGINAL,38.91,-4.0
07/04/2024 19:00:00 - 07/04/2024 20:00:00,SCA|NO2,mFRR,Not Specified,Not Specified,MARGINAL,46.12,31.5
07/04/2024 20:00:00 - 07/04/2024 21:00:00,SCA|NO2,mFRR,Not Specified,Not Specified,MARGINAL,47.79,47.79
07/04/2024 21:00:00 - 07/04/2024 22:00:00,SCA|NO2,mFRR,Not Specified,Not Specified,MARGINAL,48.21,48.21
07/04/2024 22:00:00 - 07/04/2024 23:00:00,SCA|NO2,mFRR,Not Specified,Not Specified,MARGINAL,45.69,45.69
07/04/2024 23:00:00 - 08/04/2024 00:00:00,SCA|NO2,mFRR,Not Specified,Not Specified,MARGINAL,44.03,30.0
08/04/2024 00:00:00 - 08/04/2024 01:00:00,SCA|NO2,mFRR,Not Specified,Not Specified,MARGINAL,42.57,29.5
08/04/2024 01:00:00 - 08/04/2024 02:00:00,SCA|NO2,mFRR,Not Specified,Not Specified,MARGINAL,40.75,3.0
08/04/2024 02:00:00 - 08/04/2024 03:00:00,SCA|NO2,mFRR,Not Specified,Not Specified,MARGINAL,40.33,3.0
08/04/2024 03:00:00 - 08/04/2024 04:00:00,SCA|NO2,mFRR,Not Specified,Not Specified,MARGINAL,43.12,6.0
08/04/2024 04:00:00 - 08/04/2024 05:00:00,SCA|NO2,mFRR,Not Specified,Not Specified,MARGINAL,45.02,17.0
08/04/2024 05:00:00 - 08/04/2024 06:00:00,SCA|NO2,mFRR,Not Specified,Not Specified,MARGINAL,46.2,20.0
08/04/2024 06:00:00 - 08/04/2024 07:00:00,SCA|NO2,mFRR,Not Specified,Not Specified,MARGINAL,49.04,27.0
08/04/2024 07:00:00 - 08/04/2024 08:00:00,SCA|NO2,mFRR,Not Specified,Not Specified,MARGINAL,51.62,44.0
08/04/2024 08:00:00 - 08/04/2024 09:00:00,SCA|NO2,mFRR,Not Specified,Not Specified,MARGINAL,54.73,44.5
08/04/2024 09:00:00 - 08/04/2024 10:00:00,SCA|NO2,mFRR,Not Specified,Not Specified,MARGINAL,53.5,47.5
08/04/2024 10:00:00 - 08/04/2024 11:00:00,SCA|NO2,mFRR,Not Specified,Not Specified,MARGINAL,52.46,42.5
08/04/2024 11:00:00 - 08/04/2024 12:00:00,SCA|NO2,mFRR,Not Specified,Not Specified,MARGINAL,52.01,40.5
08/04/2024 12:00:00 - 08/04/2024 13:00:00,SCA|NO2,mFRR,Not Specified,Not Specified,MARGINAL,51.7,40.5
08/04/2024 13:00:00 - 08/04/2024 14:00:00,SCA|NO2,mFRR,Not Specified,Not Specified,MARGINAL,51.7,40.5
08/04/2024 14:00:00 - 08/04/2024 15:00:00,SCA|NO2,mFRR,Not Specified,Not Specified,MARGINAL,51.7,42.0
08/04/2024 15:00:00 - 08/04/2024 16:00:00,SCA|NO2,mFRR,Not Specified,Not Specified,MARGINAL,51.51,44.0
08/04/2024 16:00:00 - 08/04/2024 17:00:00,SCA|NO2,mFRR,Not Specified,Not Specified,MARGINAL,51.7,44.5
08/04/2024 17:00:00 - 08/04/2024 18:00:00,SCA|NO2,mFRR,Not Specified,Not Specified,MARGINAL,53.05,44.5
08/04/2024 18:00:00 - 08/04/2024 19:00:00,SCA|NO2,mFRR,Not Specified,Not Specified,MARGINAL,70.0,47.0
08/04/2024 19:00:00 - 08/04/2024 20:00:00,SCA|NO2,mFRR,Not Specified,Not Specified,MARGINAL,72.4,57.5
08/04/2024 20:00:00 - 08/04/2024 21:00:00,SCA|NO2,mFRR,Not Specified,Not Specified,MARGINAL,72.45,58.31
08/04/2024 21:00:00 - 08/04/2024 22:00:00,SCA|NO2,mFRR,Not Specified,Not Specified,MARGINAL,70.5,54.68
08/04/2024 22:00:00 - 08/04/2024 23:00:00,SCA|NO2,mFRR,Not Specified,Not Specified,MARGINAL,69.0,53.3
08/04/2024 23:00:00 - 09/04/2024 00:00:00,SCA|NO2,mFRR,Not Specified,Not Specified,MARGINAL,53.0,52.24
09/04/2024 00:00:00 - 09/04/2024 01:00:00,SCA|NO2,mFRR,Not Specified,Not Specified,MARGINAL,50.65,45.0
09/04/2024 01:00:00 - 09/04/2024 02:00:00,SCA|NO2,mFRR,Not Specified,Not Specified,MARGINAL,50.27,45.0
09/04/2024 02:00:00 - 09/04/2024 03:00:00,SCA|NO2,mFRR,Not Specified,Not Specified,MARGINAL,49.96,49.96
09/04/2024 03:00:00 - 09/04/2024 04:00:00,SCA|NO2,mFRR,Not Specified,Not Specified,MARGINAL,49.56,40.5
09/04/2024 04:00:00 - 09/04/2024 05:00:00,SCA|NO2,mFRR,Not Specified,Not Specified,MARGINAL,49.36,39.0
09/04/2024 05:00:00 - 09/04/2024 06:00:00,SCA|NO2,mFRR,Not Specified,Not Specified,MARGINAL,49.82,40.0
09/04/2024 06:00:00 - 09/04/2024 07:00:00,SCA|NO2,mFRR,Not Specified,Not Specified,MARGINAL,55.36,43.0
09/04/2024 07:00:00 - 09/04/2024 08:00:00,SCA|NO2,mFRR,Not Specified,Not Specified,MARGINAL,85.93,46.04
09/04/2024 08:00:00 - 09/04/2024 09:00:00,SCA|NO2,mFRR,Not Specified,Not Specified,MARGINAL,77.31,43.0
09/04/2024 09:00:00 - 09/04/2024 10:00:00,SCA|NO2,mFRR,Not Specified,Not Specified,MARGINAL,65.78,40.5
09/04/2024 10:00:00 - 09/04/2024 11:00:00,SCA|NO2,mFRR,Not Specified,Not Specified,MARGINAL,50.48,39.0
09/04/2024 11:00:00 - 09/04/2024 12:00:00,SCA|NO2,mFRR,Not Specified,Not Specified,MARGINAL,45.07,35.0
09/04/2024 12:00:00 - 09/04/2024 13:00:00,SCA|NO2,mFRR,Not Specified,Not Specified,MARGINAL,37.53,29.0
09/04/2024 13:00:00 - 09/04/2024 14:00:00,SCA|NO2,mFRR,Not Specified,Not Specified,MARGINAL,15.02,15.02
09/04/2024 14:00:00 - 09/04/2024 15:00:00,SCA|NO2,mFRR,Not Specified,Not Specified,MARGINAL,14.09,14.09
09/04/2024 15:00:00 - 09/04/2024 16:00:00,SCA|NO2,mFRR,Not Specified,Not Specified,MARGINAL,50.0,26.71
09/04/2024 16:00:00 - 09/04/2024 17:00:00,SCA|NO2,mFRR,Not Specified,Not Specified,MARGINAL,55.0,39.72
09/04/2024 17:00:00 - 09/04/2024 18:00:00,SCA|NO2,mFRR,Not Specified,Not Specified,MARGINAL,55.0,48.37
09/04/2024 18:00:00 - 09/04/2024 19:00:00,SCA|NO2,mFRR,Not Specified,Not Specified,MARGINAL,57.0,50.6
09/04/2024 19:00:00 - 09/04/2024 20:00:00,SCA|NO2,mFRR,Not Specified,Not Specified,MARGINAL,58.5,48.83
09/04/2024 20:00:00 - 09/04/2024 21:00:00,SCA|NO2,mFRR,Not Specified,Not Specified,MARGINAL,55.0,40.5
09/04/2024 21:00:00 - 09/04/2024 22:00:00,SCA|NO2,mFRR,Not Specified,Not Specified,MARGINAL,48.22,41.5
09/04/2024 22:00:00 - 09/04/2024 23:00:00,SCA|NO2,mFRR,Not Specified,Not Specified,MARGINAL,45.48,20.11
09/04/2024 23:00:00 - 10/04/2024 00:00:00,SCA|NO2,mFRR,Not Specified,Not Specified,MARGINAL,37.87,0.0
10/04/2024 00:00:00 - 10/04/2024 01:00:00,SCA|NO2,mFRR,Not Specified,Not Specified,MARGINAL,21.21,0.0
10/04/2024 01:00:00 - 10/04/2024 02:00:00,SCA|NO2,mFRR,Not Specified,Not Specified,MARGINAL,5.27,0.0
10/04/2024 02:00:00 - 10/04/2024 03:00:00,SCA|NO2,mFRR,Not Specified,Not Specified,MARGINAL,5.15,-1.0
10/04/2024 03:00:00 - 10/04/2024 04:00:00,SCA|NO2,mFRR,Not Specified,Not Specified,MARGINAL,9.21,-1.0
10/04/2024 04:00:00 - 10/04/2024 05:00:00,SCA|NO2,mFRR,Not Specified,Not Specified,MARGINAL,25.49,-1.0
10/04/2024 05:00:00 - 10/04/2024 06:00:00,SCA|NO2,mFRR,Not Specified,Not Specified,MARGINAL,37.95,2.0
10/04/2024 06:00:00 - 10/04/2024 07:00:00,SCA|NO2,mFRR,Not Specified,Not Specified,MARGINAL,41.07,2.0
10/04/2024 07:00:00 - 10/04/2024 08:00:00,SCA|NO2,mFRR,Not Specified,Not Specified,MARGINAL,41.74,24.0
10/04/2024 08:00:00 - 10/04/2024 09:00:00,SCA|NO2,mFRR,Not Specified,Not Specified,MARGINAL,43.04,43.04
10/04/2024 09:00:00 - 10/04/2024 10:00:00,SCA|NO2,mFRR,Not Specified,Not Specified,MARGINAL,42.72,42.72
10/04/2024 10:00:00 - 10/04/2024 11:00:00,SCA|NO2,mFRR,Not Specified,Not Specified,MARGINAL,42.72,34.0
10/04/2024 11:00:00 - 10/04/2024 12:00:00,SCA|NO2,mFRR,Not Specified,Not Specified,MARGINAL,41.04,4.0
10/04/2024 12:00:00 - 10/04/2024 13:00:00,SCA|NO2,mFRR,Not Specified,Not Specified,MARGINAL,36.41,-2.0
10/04/2024 13:00:00 - 10/04/2024 14:00:00,SCA|NO2,mFRR,Not Specified,Not Specified,MARGINAL,24.76,-5.0
10/04/2024 14:00:00 - 10/04/2024 15:00:00,SCA|NO2,mFRR,Not Specified,Not Specified,MARGINAL,7.59,-10.0
10/04/2024 15:00:00 - 10/04/2024 16:00:00,SCA|NO2,mFRR,Not Specified,Not Specified,MARGINAL,25.28,-10.0
10/04/2024 16:00:00 - 10/04/2024 17:00:00,SCA|NO2,mFRR,Not Specified,Not Specified,MARGINAL,39.08,-4.0
10/04/2024 17:00:00 - 10/04/2024 18:00:00,SCA|NO2,mFRR,Not Specified,Not Specified,MARGINAL,45.97,35.0
10/04/2024 18:00:00 - 10/04/2024 19:00:00,SCA|NO2,mFRR,Not Specified,Not Specified,MARGINAL,50.1,41.5
10/04/2024 19:00:00 - 10/04/2024 20:00:00,SCA|NO2,mFRR,Not Specified,Not Specified,MARGINAL,78.91,78.91
10/04/2024 20:00:00 - 10/04/2024 21:00:00,SCA|NO2,mFRR,Not Specified,Not Specified,MARGINAL,141.1,141.1
10/04/2024 21:00:00 - 10/04/2024 22:00:00,SCA|NO2,mFRR,Not Specified,Not Specified,MARGINAL,89.95,89.95
10/04/2024 22:00:00 - 10/04/2024 23:00:00,SCA|NO2,mFRR,Not Specified,Not Specified,MARGINAL,49.66,49.66
10/04/2024 23:00:00 - 11/04/2024 00:00:00,SCA|NO2,mFRR,Not Specified,Not Specified,MARGINAL,47.22,39.0
11/04/2024 00:00:00 - 11/04/2024 01:00:00,SCA|NO2,mFRR,Not Specified,Not Specified,MARGINAL,42.44,10.06
11/04/2024 01:00:00 - 11/04/2024 02:00:00,SCA|NO2,mFRR,Not Specified,Not Specified,MARGINAL,35.75,0.98
11/04/2024 02:00:00 - 11/04/2024 03:00:00,SCA|NO2,mFRR,Not Specified,Not Specified,MARGINAL,24.46,3.0
11/04/2024 03:00:00 - 11/04/2024 04:00:00,SCA|NO2,mFRR,Not Specified,Not Specified,MARGINAL,12.49,4.0
11/04/2024 04:00:00 - 11/04/2024 05:00:00,SCA|NO2,mFRR,Not Specified,Not Specified,MARGINAL,12.49,4.0
11/04/2024 05:00:00 - 11/04/2024 06:00:00,SCA|NO2,mFRR,Not Specified,Not Specified,MARGINAL,20.6,7.37
11/04/2024 06:00:00 - 11/04/2024 07:00:00,SCA|NO2,mFRR,Not Specified,Not Specified,MARGINAL,50.0,37.59
11/04/2024 07:00:00 - 11/04/2024 08:00:00,SCA|NO2,mFRR,Not Specified,Not Specified,MARGINAL,50.0,41.06
11/04/2024 08:00:00 - 11/04/2024 09:00:00,SCA|NO2,mFRR,Not Specified,Not Specified,MARGINAL,50.0,41.55
11/04/2024 09:00:00 - 11/04/2024 10:00:00,SCA|NO2,mFRR,Not Specified,Not Specified,MARGINAL,45.0,40.28
11/04/2024 10:00:00 - 11/04/2024 11:00:00,SCA|NO2,mFRR,Not Specified,Not Specified,MARGINAL,38.91,38.91
11/04/2024 11:00:00 - 11/04/2024 12:00:00,SCA|NO2,mFRR,Not Specified,Not Specified,MARGINAL,39.09,39.09
11/04/2024 12:00:00 - 11/04/2024 13:00:00,SCA|NO2,mFRR,Not Specified,Not Specified,MARGINAL,38.78,8.0
11/04/2024 13:00:00 - 11/04/2024 14:00:00,SCA|NO2,mFRR,Not Specified,Not Specified,MARGINAL,39.02,11.5
11/04/2024 14:00:00 - 11/04/2024 15:00:00,SCA|NO2,mFRR,Not Specified,Not Specified,MARGINAL,39.68,23.0
11/04/2024 15:00:00 - 11/04/2024 16:00:00,SCA|NO2,mFRR,Not Specified,Not Specified,MARGINAL,41.47,30.0
11/04/2024 16:00:00 - 11/04/2024 17:00:00,SCA|NO2,mFRR,Not Specified,Not Specified,MARGINAL,42.44,33.5
11/04/2024 17:00:00 - 11/04/2024 18:00:00,SCA|NO2,mFRR,Not Specified,Not Specified,MARGINAL,45.61,45.61
11/04/2024 18:00:00 - 11/04/2024 19:00:00,SCA|NO2,mFRR,Not Specified,Not Specified,MARGINAL,47.54,37.0
11/04/2024 19:00:00 - 11/04/2024 20:00:00,SCA|NO2,mFRR,Not Specified,Not Specified,MARGINAL,48.93,40.5
11/04/2024 20:00:00 - 11/04/2024 21:00:00,SCA|NO2,mFRR,Not Specified,Not Specified,MARGINAL,58.6,41.0
11/04/2024 21:00:00 - 11/04/2024 22:00:00,SCA|NO2,mFRR,Not Specified,Not Specified,MARGINAL,59.81,59.81
11/04/2024 22:00:00 - 11/04/2024 23:00:00,SCA|NO2,mFRR,Not Specified,Not Specified,MARGINAL,58.6,41.5
11/04/2024 23:00:00 - 12/04/2024 00:00:00,SCA|NO2,mFRR,Not Specified,Not Specified,MARGINAL,54.52,34.0
12/04/2024 00:00:00 - 12/04/2024 01:00:00,SCA|NO2,mFRR,Not Specified,Not Specified,MARGINAL,45.54,33.51
12/04/2024 01:00:00 - 12/04/2024 02:00:00,SCA|NO2,mFRR,Not Specified,Not Specified,MARGINAL,43.57,27.0
12/04/2024 02:00:00 - 12/04/2024 03:00:00,SCA|NO2,mFRR,Not Specified,Not Specified,MARGINAL,42.0,19.0
12/04/2024 03:00:00 - 12/04/2024 04:00:00,SCA|NO2,mFRR,Not Specified,Not Specified,MARGINAL,40.82,9.0
12/04/2024 04:00:00 - 12/04/2024 05:00:00,SCA|NO2,mFRR,Not Specified,Not Specified,MARGINAL,39.98,10.19
12/04/2024 05:00:00 - 12/04/2024 06:00:00,SCA|NO2,mFRR,Not Specified,Not Specified,MARGINAL,40.0,19.0
12/04/2024 06:00:00 - 12/04/2024 07:00:00,SCA|NO2,mFRR,Not Specified,Not Specified,MARGINAL,41.29,29.0
12/04/2024 07:00:00 - 12/04/2024 08:00:00,SCA|NO2,mFRR,Not Specified,Not Specified,MARGINAL,54.0,47.21
12/04/2024 08:00:00 - 12/04/2024 09:00:00,SCA|NO2,mFRR,Not Specified,Not Specified,MARGINAL,64.09,64.09
12/04/2024 09:00:00 - 12/04/2024 10:00:00,SCA|NO2,mFRR,Not Specified,Not Specified,MARGINAL,61.87,47.5
12/04/2024 10:00:00 - 12/04/2024 11:00:00,SCA|NO2,mFRR,Not Specified,Not Specified,MARGINAL,42.16,29.5
12/04/2024 11:00:00 - 12/04/2024 12:00:00,SCA|NO2,mFRR,Not Specified,Not Specified,MARGINAL,25.74,13.0
12/04/2024 12:00:00 - 12/04/2024 13:00:00,SCA|NO2,mFRR,Not Specified,Not Specified,MARGINAL,4.61,4.61
12/04/2024 13:00:00 - 12/04/2024 14:00:00,SCA|NO2,mFRR,Not Specified,Not Specified,MARGINAL,-0.08,-0.08
12/04/2024 14:00:00 - 12/04/2024 15:00:00,SCA|NO2,mFRR,Not Specified,Not Specified,MARGINAL,0.01,0.0
12/04/2024 15:00:00 - 12/04/2024 16:00:00,SCA|NO2,mFRR,Not Specified,Not Specified,MARGINAL,0.43,-6.03
12/04/2024 16:00:00 - 12/04/2024 17:00:00,SCA|NO2,mFRR,Not Specified,Not Specified,MARGINAL,27.32,10.0
12/04/2024 17:00:00 - 12/04/2024 18:00:00,SCA|NO2,mFRR,Not Specified,Not Specified,MARGINAL,39.4,26.0
12/04/2024 18:00:00 - 12/04/2024 19:00:00,SCA|NO2,mFRR,Not Specified,Not Specified,MARGINAL,43.54,43.54
12/04/2024 19:00:00 - 12/04/2024 20:00:00,SCA|NO2,mFRR,Not Specified,Not Specified,MARGINAL,45.55,45.55
12/04/2024 20:00:00 - 12/04/2024 21:00:00,SCA|NO2,mFRR,Not Specified,Not Specified,MARGINAL,48.09,48.09
12/04/2024 21:00:00 - 12/04/2024 22:00:00,SCA|NO2,mFRR,Not Specified,Not Specified,MARGINAL,49.0,45.74
12/04/2024 22:00:00 - 12/04/2024 23:00:00,SCA|NO2,mFRR,Not Specified,Not Specified,MARGINAL,49.0,44.56
12/04/2024 23:00:00 - 13/04/2024 00:00:00,SCA|NO2,mFRR,Not Specified,Not Specified,MARGINAL,49.0,42.85
13/04/2024 00:00:00 - 13/04/2024 01:00:00,SCA|NO2,mFRR,Not Specified,Not Specified,MARGINAL,50.0,34.15
13/04/2024 01:00:00 - 13/04/2024 02:00:00,SCA|NO2,mFRR,Not Specified,Not Specified,MARGINAL,46.0,25.92
13/04/2024 02:00:00 - 13/04/2024 03:00:00,SCA|NO2,mFRR,Not Specified,Not Specified,MARGINAL,44.0,19.36
13/04/2024 03:00:00 - 13/04/2024 04:00:00,SCA|NO2,mFRR,Not Specified,Not Specified,MARGINAL,44.0,17.53
13/04/2024 04:00:00 - 13/04/2024 05:00:00,SCA|NO2,mFRR,Not Specified,Not Specified,MARGINAL,32.0,17.46
13/04/2024 05:00:00 - 13/04/2024 06:00:00,SCA|NO2,mFRR,Not Specified,Not Specified,MARGINAL,23.31,23.31
13/04/2024 06:00:00 - 13/04/2024 07:00:00,SCA|NO2,mFRR,Not Specified,Not Specified,MARGINAL,27.83,16.96
13/04/2024 07:00:00 - 13/04/2024 08:00:00,SCA|NO2,mFRR,Not Specified,Not Specified,MARGINAL,22.16,16.0
13/04/2024 08:00:00 - 13/04/2024 09:00:00,SCA|NO2,mFRR,Not Specified,Not Specified,MARGINAL,26.5,22.47
13/04/2024 09:00:00 - 13/04/2024 10:00:00,SCA|NO2,mFRR,Not Specified,Not Specified,MARGINAL,26.5,22.44
13/04/2024 10:00:00 - 13/04/2024 11:00:00,SCA|NO2,mFRR,Not Specified,Not Specified,MARGINAL,-0.02,-0.02
13/04/2024 11:00:00 - 13/04/2024 12:00:00,SCA|NO2,mFRR,Not Specified,Not Specified,MARGINAL,-4.04,-4.04
13/04/2024 12:00:00 - 13/04/2024 13:00:00,SCA|NO2,mFRR,Not Specified,Not Specified,MARGINAL,-8.26,-8.26
13/04/2024 13:00:00 - 13/04/2024 14:00:00,SCA|NO2,mFRR,Not Specified,Not Specified,MARGINAL,-20.81,-20.81
13/04/2024 14:00:00 - 13/04/2024 15:00:00,SCA|NO2,mFRR,Not Specified,Not Specified,MARGINAL,-30.2,-30.2
13/04/2024 15:00:00 - 13/04/2024 16:00:00,SCA|NO2,mFRR,Not Specified,Not Specified,MARGINAL,-31.6,-31.6
13/04/2024 16:00:00 - 13/04/2024 17:00:00,SCA|NO2,mFRR,Not Specified,Not Specified,MARGINAL,-10.07,-10.07
13/04/2024 17:00:00 - 13/04/2024 18:00:00,SCA|NO2,mFRR,Not Specified,Not Specified,MARGINAL,21.0,12.49
13/04/2024 18:00:00 - 13/04/2024 19:00:00,SCA|NO2,mFRR,Not Specified,Not Specified,MARGINAL,30.0,8.0
13/04/2024 19:00:00 - 13/04/2024 20:00:00,SCA|NO2,mFRR,Not Specified,Not Specified,MARGINAL,38.0,11.5
13/04/2024 20:00:00 - 13/04/2024 21:00:00,SCA|NO2,mFRR,Not Specified,Not Specified,MARGINAL,38.0,37.32
13/04/2024 21:00:00 - 13/04/2024 22:00:00,SCA|NO2,mFRR,Not Specified,Not Specified,MARGINAL,34.65,34.65
13/04/2024 22:00:00 - 13/04/2024 23:00:00,SCA|NO2,mFRR,Not Specified,Not Specified,MARGINAL,24.0,20.6
13/04/2024 23:00:00 - 14/04/2024 00:00:00,SCA|NO2,mFRR,Not Specified,Not Specified,MARGINAL,21.0,7.26
14/04/2024 00:00:00 - 14/04/2024 01:00:00,SCA|NO2,mFRR,Not Specified,Not Specified,MARGINAL,0.64,-1.5
14/04/2024 01:00:00 - 14/04/2024 02:00:00,SCA|NO2,mFRR,Not Specified,Not Specified,MARGINAL,0.86,-10.0
14/04/2024 02:00:00 - 14/04/2024 03:00:00,SCA|NO2,mFRR,Not Specified,Not Specified,MARGINAL,0.95,-13.0
14/04/2024 03:00:00 - 14/04/2024 04:00:00,SCA|NO2,mFRR,Not Specified,Not Specified,MARGINAL,1.17,-13.0
14/04/2024 04:00:00 - 14/04/2024 05:00:00,SCA|NO2,mFRR,Not Specified,Not Specified,MARGINAL,2.41,-18.0
14/04/2024 05:00:00 - 14/04/2024 06:00:00,SCA|NO2,mFRR,Not Specified,Not Specified,MARGINAL,6.12,-18.0
14/04/2024 06:00:00 - 14/04/2024 07:00:00,SCA|NO2,mFRR,Not Specified,Not Specified,MARGINAL,13.2,-9.0
14/04/2024 07:00:00 - 14/04/2024 08:00:00,SCA|NO2,mFRR,Not Specified,Not Specified,MARGINAL,13.42,-6.0
14/04/2024 08:00:00 - 14/04/2024 09:00:00,SCA|NO2,mFRR,Not Specified,Not Specified,MARGINAL,7.64,0.0
14/04/2024 09:00:00 - 14/04/2024 10:00:00,SCA|NO2,mFRR,Not Specified,Not Specified,MARGINAL,0.0,0.0
14/04/2024 10:00:00 - 14/04/2024 11:00:00,SCA|NO2,mFRR,Not Specified,Not Specified,MARGINAL,1.01,1.01
14/04/2024 11:00:00 - 14/04/2024 12:00:00,SCA|NO2,mFRR,Not Specified,Not Specified,MARGINAL,4.94,1.73
14/04/2024 12:00:00 - 14/04/2024 13:00:00,SCA|NO2,mFRR,Not Specified,Not Specified,MARGINAL,5.67,5.67
14/04/2024 13:00:00 - 14/04/2024 14:00:00,SCA|NO2,mFRR,Not Specified,Not Specified,MARGINAL,5.1,5.1
14/04/2024 14:00:00 - 14/04/2024 15:00:00,SCA|NO2,mFRR,Not Specified,Not Specified,MARGINAL,4.39,4.39
14/04/2024 15:00:00 - 14/04/2024 16:00:00,SCA|NO2,mFRR,Not Specified,Not Specified,MARGINAL,9.99,9.99
14/04/2024 16:00:00 - 14/04/2024 17:00:00,SCA|NO2,mFRR,Not Specified,Not Specified,MARGINAL,24.84,24.84
14/04/2024 17:00:00 - 14/04/2024 18:00:00,SCA|NO2,mFRR,Not Specified,Not Specified,MARGINAL,40.0,37.7
14/04/2024 18:00:00 - 14/04/2024 19:00:00,SCA|NO2,mFRR,Not Specified,Not Specified,MARGINAL,42.29,42.29
14/04/2024 19:00:00 - 14/04/2024 20:00:00,SCA|NO2,mFRR,Not Specified,Not Specified,MARGINAL,45.03,45.03
14/04/2024 20:00:00 - 14/04/2024 21:00:00,SCA|NO2,mFRR,Not Specified,Not Specified,MARGINAL,47.41,41.5
14/04/2024 21:00:00 - 14/04/2024 22:00:00,SCA|NO2,mFRR,Not Specified,Not Specified,MARGINAL,49.9,41.5
14/04/2024 22:00:00 - 14/04/2024 23:00:00,SCA|NO2,mFRR,Not Specified,Not Specified,MARGINAL,49.72,43.0
14/04/2024 23:00:00 - 15/04/2024 00:00:00,SCA|NO2,mFRR,Not Specified,Not Specified,MARGINAL,47.76,41.5
15/04/2024 00:00:00 - 15/04/2024 01:00:00,SCA|NO2,mFRR,Not Specified,Not Specified,MARGINAL,47.06,42.0
15/04/2024 01:00:00 - 15/04/2024 02:00:00,SCA|NO2,mFRR,Not Specified,Not Specified,MARGINAL,45.84,35.5
15/04/2024 02:00:00 - 15/04/2024 03:00:00,SCA|NO2,mFRR,Not Specified,Not Specified,MARGINAL,44.86,32.0
15/04/2024 03:00:00 - 15/04/2024 04:00:00,SCA|NO2,mFRR,Not Specified,Not Specified,MARGINAL,43.14,30.0
15/04/2024 04:00:00 - 15/04/2024 05:00:00,SCA|NO2,mFRR,Not Specified,Not Specified,MARGINAL,40.78,27.0
15/04/2024 05:00:00 - 15/04/2024 06:00:00,SCA|NO2,mFRR,Not Specified,Not Specified,MARGINAL,39.07,22.79
15/04/2024 06:00:00 - 15/04/2024 07:00:00,SCA|NO2,mFRR,Not Specified,Not Specified,MARGINAL,40.83,31.0
15/04/2024 07:00:00 - 15/04/2024 08:00:00,SCA|NO2,mFRR,Not Specified,Not Specified,MARGINAL,55.5,44.4
15/04/2024 08:00:00 - 15/04/2024 09:00:00,SCA|NO2,mFRR,Not Specified,Not Specified,MARGINAL,70.0,49.21
15/04/2024 09:00:00 - 15/04/2024 10:00:00,SCA|NO2,mFRR,Not Specified,Not Specified,MARGINAL,56.0,38.0
15/04/2024 10:00:00 - 15/04/2024 11:00:00,SCA|NO2,mFRR,Not Specified,Not Specified,MARGINAL,49.8,37.5
15/04/2024 11:00:00 - 15/04/2024 12:00:00,SCA|NO2,mFRR,Not Specified,Not Specified,MARGINAL,45.73,33.0
15/04/2024 12:00:00 - 15/04/2024 13:00:00,SCA|NO2,mFRR,Not Specified,Not Specified,MARGINAL,43.0,21.0
15/04/2024 13:00:00 - 15/04/2024 14:00:00,SCA|NO2,mFRR,Not Specified,Not Specified,MARGINAL,34.84,21.0
15/04/2024 14:00:00 - 15/04/2024 15:00:00,SCA|NO2,mFRR,Not Specified,Not Specified,MARGINAL,19.17,0.0
15/04/2024 15:00:00 - 15/04/2024 16:00:00,SCA|NO2,mFRR,Not Specified,Not Specified,MARGINAL,9.46,3.71
15/04/2024 16:00:00 - 15/04/2024 17:00:00,SCA|NO2,mFRR,Not Specified,Not Specified,MARGINAL,35.58,5.0
15/04/2024 17:00:00 - 15/04/2024 18:00:00,SCA|NO2,mFRR,Not Specified,Not Specified,MARGINAL,43.24,9.0
15/04/2024 18:00:00 - 15/04/2024 19:00:00,SCA|NO2,mFRR,Not Specified,Not Specified,MARGINAL,44.39,33.0
15/04/2024 19:00:00 - 15/04/2024 20:00:00,SCA|NO2,mFRR,Not Specified,Not Specified,MARGINAL,46.92,33.0
15/04/2024 20:00:00 - 15/04/2024 21:00:00,SCA|NO2,mFRR,Not Specified,Not Specified,MARGINAL,48.17,43.0
15/04/2024 21:00:00 - 15/04/2024 22:00:00,SCA|NO2,mFRR,Not Specified,Not Specified,MARGINAL,47.3,40.0
15/04/2024 22:00:00 - 15/04/2024 23:00:00,SCA|NO2,mFRR,Not Specified,Not Specified,MARGINAL,45.09,34.0
15/04/2024 23:00:00 - 16/04/2024 00:00:00,SCA|NO2,mFRR,Not Specified,Not Specified,MARGINAL,39.63,30.0
16/04/2024 00:00:00 - 16/04/2024 01:00:00,SCA|NO2,mFRR,Not Specified,Not Specified,MARGINAL,33.23,33.23
16/04/2024 01:00:00 - 16/04/2024 02:00:00,SCA|NO2,mFRR,Not Specified,Not Specified,MARGINAL,17.79,3.0
16/04/2024 02:00:00 - 16/04/2024 03:00:00,SCA|NO2,mFRR,Not Specified,Not Specified,MARGINAL,6.65,-0.26
16/04/2024 03:00:00 - 16/04/2024 04:00:00,SCA|NO2,mFRR,Not Specified,Not Specified,MARGINAL,5.49,5.49
16/04/2024 04:00:00 - 16/04/2024 05:00:00,SCA|NO2,mFRR,Not Specified,Not Specified,MARGINAL,29.0,17.9
16/04/2024 05:00:00 - 16/04/2024 06:00:00,SCA|NO2,mFRR,Not Specified,Not Specified,MARGINAL,36.22,36.22
16/04/2024 06:00:00 - 16/04/2024 07:00:00,SCA|NO2,mFRR,Not Specified,Not Specified,MARGINAL,54.0,49.0
16/04/2024 07:00:00 - 16/04/2024 08:00:00,SCA|NO2,mFRR,Not Specified,Not Specified,MARGINAL,53.29,53.29
16/04/2024 08:00:00 - 16/04/2024 09:00:00,SCA|NO2,mFRR,Not Specified,Not Specified,MARGINAL,59.02,47.0
16/04/2024 09:00:00 - 16/04/2024 10:00:00,SCA|NO2,mFRR,Not Specified,Not Specified,MARGINAL,56.36,37.5
16/04/2024 10:00:00 - 16/04/2024 11:00:00,SCA|NO2,mFRR,Not Specified,Not Specified,MARGINAL,52.05,37.5
16/04/2024 11:00:00 - 16/04/2024 12:00:00,SCA|NO2,mFRR,Not Specified,Not Specified,MARGINAL,46.15,33.51
16/04/2024 12:00:00 - 16/04/2024 13:00:00,SCA|NO2,mFRR,Not Specified,Not Specified,MARGINAL,42.96,35.0
16/04/2024 13:00:00 - 16/04/2024 14:00:00,SCA|NO2,mFRR,Not Specified,Not Specified,MARGINAL,42.37,35.0
16/04/2024 14:00:00 - 16/04/2024 15:00:00,SCA|NO2,mFRR,Not Specified,Not Specified,MARGINAL,57.0,43.21
16/04/2024 15:00:00 - 16/04/2024 16:00:00,SCA|NO2,mFRR,Not Specified,Not Specified,MARGINAL,57.0,44.5
16/04/2024 16:00:00 - 16/04/2024 17:00:00,SCA|NO2,mFRR,Not Specified,Not Specified,MARGINAL,51.67,43.27
16/04/2024 17:00:00 - 16/04/2024 18:00:00,SCA|NO2,mFRR,Not Specified,Not Specified,MARGINAL,55.0,48.0
16/04/2024 18:00:00 - 16/04/2024 19:00:00,SCA|NO2,mFRR,Not Specified,Not Specified,MARGINAL,57.83,48.5
16/04/2024 19:00:00 - 16/04/2024 20:00:00,SCA|NO2,mFRR,Not Specified,Not Specified,MARGINAL,57.1,48.27
16/04/2024 20:00:00 - 16/04/2024 21:00:00,SCA|NO2,mFRR,Not Specified,Not Specified,MARGINAL,56.78,49.6
16/04/2024 21:00:00 - 16/04/2024 22:00:00,SCA|NO2,mFRR,Not Specified,Not Specified,MARGINAL,56.72,51.89
16/04/2024 22:00:00 - 16/04/2024 23:00:00,SCA|NO2,mFRR,Not Specified,Not Specified,MARGINAL,54.24,49.5
16/04/2024 23:00:00 - 17/04/2024 00:00:00,SCA|NO2,mFRR,Not Specified,Not Specified,MARGINAL,53.46,53.46
17/04/2024 00:00:00 - 17/04/2024 01:00:00,SCA|NO2,mFRR,Not Specified,Not Specified,MARGINAL,58.45,47.5
17/04/2024 01:00:00 - 17/04/2024 02:00:00,SCA|NO2,mFRR,Not Specified,Not Specified,MARGINAL,58.41,48.0
17/04/2024 02:00:00 - 17/04/2024 03:00:00,SCA|NO2,mFRR,Not Specified,Not Specified,MARGINAL,58.44,50.0
17/04/2024 03:00:00 - 17/04/2024 04:00:00,SCA|NO2,mFRR,Not Specified,Not Specified,MARGINAL,58.46,50.0
17/04/2024 04:00:00 - 17/04/2024 05:00:00,SCA|NO2,mFRR,Not Specified,Not Specified,MARGINAL,58.52,50.0
17/04/2024 05:00:00 - 17/04/2024 06:00:00,SCA|NO2,mFRR,Not Specified,Not Specified,MARGINAL,58.82,49.6
17/04/2024 06:00:00 - 17/04/2024 07:00:00,SCA|NO2,mFRR,Not Specified,Not Specified,MARGINAL,58.5,47.5
17/04/2024 07:00:00 - 17/04/2024 08:00:00,SCA|NO2,mFRR,Not Specified,Not Specified,MARGINAL,61.63,48.5
17/04/2024 08:00:00 - 17/04/2024 09:00:00,SCA|NO2,mFRR,Not Specified,Not Specified,MARGINAL,62.17,52.0
17/04/2024 09:00:00 - 17/04/2024 10:00:00,SCA|NO2,mFRR,Not Specified,Not Specified,MARGINAL,62.35,49.5
17/04/2024 10:00:00 - 17/04/2024 11:00:00,SCA|NO2,mFRR,Not Specified,Not Specified,MARGINAL,59.95,50.0
17/04/2024 11:00:00 - 17/04/2024 12:00:00,SCA|NO2,mFRR,Not Specified,Not Specified,MARGINAL,59.91,50.0
17/04/2024 12:00:00 - 17/04/2024 13:00:00,SCA|NO2,mFRR,Not Specified,Not Specified,MARGINAL,59.88,50.0
17/04/2024 13:00:00 - 17/04/2024 14:00:00,SCA|NO2,mFRR,Not Specified,Not Specified,MARGINAL,59.96,50.0
17/04/2024 14:00:00 - 17/04/2024 15:00:00,SCA|NO2,mFRR,Not Specified,Not Specified,MARGINAL,59.67,50.5
17/04/2024 15:00:00 - 17/04/2024 16:00:00,SCA|NO2,mFRR,Not Specified,Not Specified,MARGINAL,59.33,50.5
17/04/2024 16:00:00 - 17/04/2024 17:00:00,SCA|NO2,mFRR,Not Specified,Not Specified,MARGINAL,59.25,49.0
17/04/2024 17:00:00 - 17/04/2024 18:00:00,SCA|NO2,mFRR,Not Specified,Not Specified,MARGINAL,62.8,52.0
17/04/2024 18:00:00 - 17/04/2024 19:00:00,SCA|NO2,mFRR,Not Specified,Not Specified,MARGINAL,62.76,52.0
17/04/2024 19:00:00 - 17/04/2024 20:00:00,SCA|NO2,mFRR,Not Specified,Not Specified,MARGINAL,62.22,52.22
17/04/2024 20:00:00 - 17/04/2024 21:00:00,SCA|NO2,mFRR,Not Specified,Not Specified,MARGINAL,62.9,52.5
17/04/2024 21:00:00 - 17/04/2024 22:00:00,SCA|NO2,mFRR,Not Specified,Not Specified,MARGINAL,61.08,60.5
17/04/2024 22:00:00 - 17/04/2024 23:00:00,SCA|NO2,mFRR,Not Specified,Not Specified,MARGINAL,59.99,59.99
17/04/2024 23:00:00 - 18/04/2024 00:00:00,SCA|NO2,mFRR,Not Specified,Not Specified,MARGINAL,59.72,51.5
18/04/2024 00:00:00 - 18/04/2024 01:00:00,SCA|NO2,mFRR,Not Specified,Not Specified,MARGINAL,62.81,54.0
18/04/2024 01:00:00 - 18/04/2024 02:00:00,SCA|NO2,mFRR,Not Specified,Not Specified,MARGINAL,62.58,53.0
18/04/2024 02:00:00 - 18/04/2024 03:00:00,SCA|NO2,mFRR,Not Specified,Not Specified,MARGINAL,62.69,53.0
18/04/2024 03:00:00 - 18/04/2024 04:00:00,SCA|NO2,mFRR,Not Specified,Not Specified,MARGINAL,63.03,53.0
18/04/2024 04:00:00 - 18/04/2024 05:00:00,SCA|NO2,mFRR,Not Specified,Not Specified,MARGINAL,63.81,53.5
18/04/2024 05:00:00 - 18/04/2024 06:00:00,SCA|NO2,mFRR,Not Specified,Not Specified,,,
18/04/2024 06:00:00 - 18/04/2024 07:00:00,SCA|NO2,mFRR,Not Specified,Not Specified,MARGINAL,67.9,54.0
18/04/2024 07:00:00 - 18/04/2024 08:00:00,SCA|NO2,mFRR,Not Specified,Not Specified,MARGINAL,150.34,61.0
18/04/2024 08:00:00 - 18/04/2024 09:00:00,SCA|NO2,mFRR,Not Specified,Not Specified,MARGINAL,127.13,127.13
18/04/2024 09:00:00 - 18/04/2024 10:00:00,SCA|NO2,mFRR,Not Specified,Not Specified,MARGINAL,97.89,63.0
18/04/2024 10:00:00 - 18/04/2024 11:00:00,SCA|NO2,mFRR,Not Specified,Not Specified,MARGINAL,87.02,63.0
18/04/2024 11:00:00 - 18/04/2024 12:00:00,SCA|NO2,mFRR,Not Specified,Not Specified,MARGINAL,74.58,58.0
18/04/2024 12:00:00 - 18/04/2024 13:00:00,SCA|NO2,mFRR,Not Specified,Not Specified,MARGINAL,64.15,60.0
18/04/2024 13:00:00 - 18/04/2024 14:00:00,SCA|NO2,mFRR,Not Specified,Not Specified,MARGINAL,64.71,53.0
18/04/2024 14:00:00 - 18/04/2024 15:00:00,SCA|NO2,mFRR,Not Specified,Not Specified,MARGINAL,62.63,50.0
18/04/2024 15:00:00 - 18/04/2024 16:00:00,SCA|NO2,mFRR,Not Specified,Not Specified,MARGINAL,61.49,45.0
18/04/2024 16:00:00 - 18/04/2024 17:00:00,SCA|NO2,mFRR,Not Specified,Not Specified,MARGINAL,63.15,49.5
18/04/2024 17:00:00 - 18/04/2024 18:00:00,SCA|NO2,mFRR,Not Specified,Not Specified,MARGINAL,64.97,54.0
18/04/2024 18:00:00 - 18/04/2024 19:00:00,SCA|NO2,mFRR,Not Specified,Not Specified,MARGINAL,66.47,56.0
18/04/2024 19:00:00 - 18/04/2024 20:00:00,SCA|NO2,mFRR,Not Specified,Not Specified,MARGINAL,77.04,59.5
18/04/2024 20:00:00 - 18/04/2024 21:00:00,SCA|NO2,mFRR,Not Specified,Not Specified,MARGINAL,74.98,59.5
18/04/2024 21:00:00 - 18/04/2024 22:00:00,SCA|NO2,mFRR,Not Specified,Not Specified,MARGINAL,69.05,58.0
18/04/2024 22:00:00 - 18/04/2024 23:00:00,SCA|NO2,mFRR,Not Specified,Not Specified,MARGINAL,63.98,54.5
18/04/2024 23:00:00 - 19/04/2024 00:00:00,SCA|NO2,mFRR,Not Specified,Not Specified,MARGINAL,62.77,54.0
19/04/2024 00:00:00 - 19/04/2024 01:00:00,SCA|NO2,mFRR,Not Specified,Not Specified,MARGINAL,61.23,53.61
19/04/2024 01:00:00 - 19/04/2024 02:00:00,SCA|NO2,mFRR,Not Specified,Not Specified,MARGINAL,57.38,46.0
19/04/2024 02:00:00 - 19/04/2024 03:00:00,SCA|NO2,mFRR,Not Specified,Not Specified,MARGINAL,50.53,46.0
19/04/2024 03:00:00 - 19/04/2024 04:00:00,SCA|NO2,mFRR,Not Specified,Not Specified,MARGINAL,48.25,46.0
19/04/2024 04:00:00 - 19/04/2024 05:00:00,SCA|NO2,mFRR,Not Specified,Not Specified,MARGINAL,46.91,36.0
19/04/2024 05:00:00 - 19/04/2024 06:00:00,SCA|NO2,mFRR,Not Specified,Not Specified,MARGINAL,49.08,36.0
19/04/2024 06:00:00 - 19/04/2024 07:00:00,SCA|NO2,mFRR,Not Specified,Not Specified,MARGINAL,58.08,58.08
19/04/2024 07:00:00 - 19/04/2024 08:00:00,SCA|NO2,mFRR,Not Specified,Not Specified,MARGINAL,63.08,63.08
19/04/2024 08:00:00 - 19/04/2024 09:00:00,SCA|NO2,mFRR,Not Specified,Not Specified,MARGINAL,63.99,63.99
19/04/2024 09:00:00 - 19/04/2024 10:00:00,SCA|NO2,mFRR,Not Specified,Not Specified,MARGINAL,67.0,63.5
19/04/2024 10:00:00 - 19/04/2024 11:00:00,SCA|NO2,mFRR,Not Specified,Not Specified,MARGINAL,61.27,61.27
19/04/2024 11:00:00 - 19/04/2024 12:00:00,SCA|NO2,mFRR,Not Specified,Not Specified,MARGINAL,57.28,50.0
19/04/2024 12:00:00 - 19/04/2024 13:00:00,SCA|NO2,mFRR,Not Specified,Not Specified,MARGINAL,52.16,40.08
19/04/2024 13:00:00 - 19/04/2024 14:00:00,SCA|NO2,mFRR,Not Specified,Not Specified,MARGINAL,48.67,40.08
19/04/2024 14:00:00 - 19/04/2024 15:00:00,SCA|NO2,mFRR,Not Specified,Not Specified,MARGINAL,54.0,46.38
19/04/2024 15:00:00 - 19/04/2024 16:00:00,SCA|NO2,mFRR,Not Specified,Not Specified,MARGINAL,54.0,47.31
19/04/2024 16:00:00 - 19/04/2024 17:00:00,SCA|NO2,mFRR,Not Specified,Not Specified,MARGINAL,50.91,40.0
19/04/2024 17:00:00 - 19/04/2024 18:00:00,SCA|NO2,mFRR,Not Specified,Not Specified,MARGINAL,56.95,49.38
19/04/2024 18:00:00 - 19/04/2024 19:00:00,SCA|NO2,mFRR,Not Specified,Not Specified,MARGINAL,60.04,60.04
19/04/2024 19:00:00 - 19/04/2024 20:00:00,SCA|NO2,mFRR,Not Specified,Not Specified,MARGINAL,61.86,54.5
19/04/2024 20:00:00 - 19/04/2024 21:00:00,SCA|NO2,mFRR,Not Specified,Not Specified,MARGINAL,62.2,62.2
19/04/2024 21:00:00 - 19/04/2024 22:00:00,SCA|NO2,mFRR,Not Specified,Not Specified,MARGINAL,62.08,62.08
19/04/2024 22:00:00 - 19/04/2024 23:00:00,SCA|NO2,mFRR,Not Specified,Not Specified,MARGINAL,62.09,62.09
19/04/2024 23:00:00 - 20/04/2024 00:00:00,SCA|NO2,mFRR,Not Specified,Not Specified,MARGINAL,61.19,61.19
20/04/2024 00:00:00 - 20/04/2024 01:00:00,SCA|NO2,mFRR,Not Specified,Not Specified,MARGINAL,60.24,60.24
20/04/2024 01:00:00 - 20/04/2024 02:00:00,SCA|NO2,mFRR,Not Specified,Not Specified,MARGINAL,57.97,57.97
20/04/2024 02:00:00 - 20/04/2024 03:00:00,SCA|NO2,mFRR,Not Specified,Not Specified,MARGINAL,60.0,57.33
20/04/2024 03:00:00 - 20/04/2024 04:00:00,SCA|NO2,mFRR,Not Specified,Not Specified,MARGINAL,62.0,57.46
20/04/2024 04:00:00 - 20/04/2024 05:00:00,SCA|NO2,mFRR,Not Specified,Not Specified,MARGINAL,60.0,59.15
20/04/2024 05:00:00 - 20/04/2024 06:00:00,SCA|NO2,mFRR,Not Specified,Not Specified,MARGINAL,60.88,60.88
20/04/2024 06:00:00 - 20/04/2024 07:00:00,SCA|NO2,mFRR,Not Specified,Not Specified,MARGINAL,61.93,57.5
20/04/2024 07:00:00 - 20/04/2024 08:00:00,SCA|NO2,mFRR,Not Specified,Not Specified,MARGINAL,61.81,61.81
20/04/2024 08:00:00 - 20/04/2024 09:00:00,SCA|NO2,mFRR,Not Specified,Not Specified,MARGINAL,60.7,60.7
20/04/2024 09:00:00 - 20/04/2024 10:00:00,SCA|NO2,mFRR,Not Specified,Not Specified,MARGINAL,58.16,48.0
20/04/2024 10:00:00 - 20/04/2024 11:00:00,SCA|NO2,mFRR,Not Specified,Not Specified,MARGINAL,52.85,48.0
20/04/2024 11:00:00 - 20/04/2024 12:00:00,SCA|NO2,mFRR,Not Specified,Not Specified,MARGINAL,40.65,33.01
20/04/2024 12:00:00 - 20/04/2024 13:00:00,SCA|NO2,mFRR,Not Specified,Not Specified,MARGINAL,34.47,27.44
20/04/2024 13:00:00 - 20/04/2024 14:00:00,SCA|NO2,mFRR,Not Specified,Not Specified,MARGINAL,29.8,18.0
20/04/2024 14:00:00 - 20/04/2024 15:00:00,SCA|NO2,mFRR,Not Specified,Not Specified,MARGINAL,28.76,18.0
20/04/2024 15:00:00 - 20/04/2024 16:00:00,SCA|NO2,mFRR,Not Specified,Not Specified,MARGINAL,42.11,22.0
20/04/2024 16:00:00 - 20/04/2024 17:00:00,SCA|NO2,mFRR,Not Specified,Not Specified,MARGINAL,51.4,26.5
20/04/2024 17:00:00 - 20/04/2024 18:00:00,SCA|NO2,mFRR,Not Specified,Not Specified,MARGINAL,56.13,36.0
20/04/2024 18:00:00 - 20/04/2024 19:00:00,SCA|NO2,mFRR,Not Specified,Not Specified,MARGINAL,63.0,59.85
20/04/2024 19:00:00 - 20/04/2024 20:00:00,SCA|NO2,mFRR,Not Specified,Not Specified,MARGINAL,68.0,62.42
20/04/2024 20:00:00 - 20/04/2024 21:00:00,SCA|NO2,mFRR,Not Specified,Not Specified,MARGINAL,73.0,63.22
20/04/2024 21:00:00 - 20/04/2024 22:00:00,SCA|NO2,mFRR,Not Specified,Not Specified,MARGINAL,74.0,63.32
20/04/2024 22:00:00 - 20/04/2024 23:00:00,SCA|NO2,mFRR,Not Specified,Not Specified,MARGINAL,73.0,62.92
20/04/2024 23:00:00 - 21/04/2024 00:00:00,SCA|NO2,mFRR,Not Specified,Not Specified,MARGINAL,69.5,62.3
21/04/2024 00:00:00 - 21/04/2024 01:00:00,SCA|NO2,mFRR,Not Specified,Not Specified,MARGINAL,68.0,63.04
21/04/2024 01:00:00 - 21/04/2024 02:00:00,SCA|NO2,mFRR,Not Specified,Not Specified,MARGINAL,70.5,63.0
21/04/2024 02:00:00 - 21/04/2024 03:00:00,SCA|NO2,mFRR,Not Specified,Not Specified,MARGINAL,73.0,62.64
21/04/2024 03:00:00 - 21/04/2024 04:00:00,SCA|NO2,mFRR,Not Specified,Not Specified,MARGINAL,73.0,62.34
21/04/2024 04:00:00 - 21/04/2024 05:00:00,SCA|NO2,mFRR,Not Specified,Not Specified,MARGINAL,67.0,61.83
21/04/2024 05:00:00 - 21/04/2024 06:00:00,SCA|NO2,mFRR,Not Specified,Not Specified,MARGINAL,61.59,61.59
21/04/2024 06:00:00 - 21/04/2024 07:00:00,SCA|NO2,mFRR,Not Specified,Not Specified,MARGINAL,67.0,61.04
21/04/2024 07:00:00 - 21/04/2024 08:00:00,SCA|NO2,mFRR,Not Specified,Not Specified,MARGINAL,67.0,60.04
21/04/2024 08:00:00 - 21/04/2024 09:00:00,SCA|NO2,mFRR,Not Specified,Not Specified,MARGINAL,67.0,59.17
21/04/2024 09:00:00 - 21/04/2024 10:00:00,SCA|NO2,mFRR,Not Specified,Not Specified,MARGINAL,54.73,37.45
21/04/2024 10:00:00 - 21/04/2024 11:00:00,SCA|NO2,mFRR,Not Specified,Not Specified,MARGINAL,43.29,28.71
21/04/2024 11:00:00 - 21/04/2024 12:00:00,SCA|NO2,mFRR,Not Specified,Not Specified,MARGINAL,42.47,42.47
21/04/2024 12:00:00 - 21/04/2024 13:00:00,SCA|NO2,mFRR,Not Specified,Not Specified,MARGINAL,43.94,43.94
21/04/2024 13:00:00 - 21/04/2024 14:00:00,SCA|NO2,mFRR,Not Specified,Not Specified,MARGINAL,42.14,42.14
21/04/2024 14:00:00 - 21/04/2024 15:00:00,SCA|NO2,mFRR,Not Specified,Not Specified,MARGINAL,41.48,41.48
21/04/2024 15:00:00 - 21/04/2024 16:00:00,SCA|NO2,mFRR,Not Specified,Not Specified,MARGINAL,41.93,41.93
21/04/2024 16:00:00 - 21/04/2024 17:00:00,SCA|NO2,mFRR,Not Specified,Not Specified,MARGINAL,48.15,48.15
21/04/2024 17:00:00 - 21/04/2024 18:00:00,SCA|NO2,mFRR,Not Specified,Not Specified,MARGINAL,58.68,58.68
21/04/2024 18:00:00 - 21/04/2024 19:00:00,SCA|NO2,mFRR,Not Specified,Not Specified,MARGINAL,66.0,61.23
21/04/2024 19:00:00 - 21/04/2024 20:00:00,SCA|NO2,mFRR,Not Specified,Not Specified,MARGINAL,63.35,60.0
21/04/2024 20:00:00 - 21/04/2024 21:00:00,SCA|NO2,mFRR,Not Specified,Not Specified,MARGINAL,66.02,58.5
21/04/2024 21:00:00 - 21/04/2024 22:00:00,SCA|NO2,mFRR,Not Specified,Not Specified,MARGINAL,66.75,59.5
21/04/2024 22:00:00 - 21/04/2024 23:00:00,SCA|NO2,mFRR,Not Specified,Not Specified,MARGINAL,65.45,60.0
21/04/2024 23:00:00 - 22/04/2024 00:00:00,SCA|NO2,mFRR,Not Specified,Not Specified,MARGINAL,66.0,66.0
22/04/2024 00:00:00 - 22/04/2024 01:00:00,SCA|NO2,mFRR,Not Specified,Not Specified,MARGINAL,64.75,64.75
22/04/2024 01:00:00 - 22/04/2024 02:00:00,SCA|NO2,mFRR,Not Specified,Not Specified,MARGINAL,64.65,59.0
22/04/2024 02:00:00 - 22/04/2024 03:00:00,SCA|NO2,mFRR,Not Specified,Not Specified,MARGINAL,64.55,59.0
22/04/2024 03:00:00 - 22/04/2024 04:00:00,SCA|NO2,mFRR,Not Specified,Not Specified,MARGINAL,64.38,58.0
22/04/2024 04:00:00 - 22/04/2024 05:00:00,SCA|NO2,mFRR,Not Specified,Not Specified,MARGINAL,64.7,55.0
22/04/2024 05:00:00 - 22/04/2024 06:00:00,SCA|NO2,mFRR,Not Specified,Not Specified,MARGINAL,64.84,54.94
22/04/2024 06:00:00 - 22/04/2024 07:00:00,SCA|NO2,mFRR,Not Specified,Not Specified,MARGINAL,75.0,56.0
22/04/2024 07:00:00 - 22/04/2024 08:00:00,SCA|NO2,mFRR,Not Specified,Not Specified,MARGINAL,81.0,74.95
22/04/2024 08:00:00 - 22/04/2024 09:00:00,SCA|NO2,mFRR,Not Specified,Not Specified,MARGINAL,117.0,113.82
22/04/2024 09:00:00 - 22/04/2024 10:00:00,SCA|NO2,mFRR,Not Specified,Not Specified,MARGINAL,94.04,94.04
22/04/2024 10:00:00 - 22/04/2024 11:00:00,SCA|NO2,mFRR,Not Specified,Not Specified,MARGINAL,81.0,79.32
22/04/2024 11:00:00 - 22/04/2024 12:00:00,SCA|NO2,mFRR,Not Specified,Not Specified,MARGINAL,77.0,74.63
22/04/2024 12:00:00 - 22/04/2024 13:00:00,SCA|NO2,mFRR,Not Specified,Not Specified,MARGINAL,75.0,70.57
22/04/2024 13:00:00 - 22/04/2024 14:00:00,SCA|NO2,mFRR,Not Specified,Not Specified,MARGINAL,70.38,70.38
22/04/2024 14:00:00 - 22/04/2024 15:00:00,SCA|NO2,mFRR,Not Specified,Not Specified,MARGINAL,71.0,66.39
22/04/2024 15:00:00 - 22/04/2024 16:00:00,SCA|NO2,mFRR,Not Specified,Not Specified,MARGINAL,70.0,66.11
22/04/2024 16:00:00 - 22/04/2024 17:00:00,SCA|NO2,mFRR,Not Specified,Not Specified,MARGINAL,67.51,67.51
22/04/2024 17:00:00 - 22/04/2024 18:00:00,SCA|NO2,mFRR,Not Specified,Not Specified,MARGINAL,69.43,59.0
22/04/2024 18:00:00 - 22/04/2024 19:00:00,SCA|NO2,mFRR,Not Specified,Not Specified,MARGINAL,68.53,68.53
22/04/2024 19:00:00 - 22/04/2024 20:00:00,SCA|NO2,mFRR,Not Specified,Not Specified,MARGINAL,68.01,68.01
22/04/2024 20:00:00 - 22/04/2024 21:00:00,SCA|NO2,mFRR,Not Specified,Not Specified,MARGINAL,68.89,68.89
22/04/2024 21:00:00 - 22/04/2024 22:00:00,SCA|NO2,mFRR,Not Specified,Not Specified,MARGINAL,67.69,67.69
22/04/2024 22:00:00 - 22/04/2024 23:00:00,SCA|NO2,mFRR,Not Specified,Not Specified,MARGINAL,67.1,67.1
22/04/2024 23:00:00 - 23/04/2024 00:00:00,SCA|NO2,mFRR,Not Specified,Not Specified,MARGINAL,66.21,66.21
23/04/2024 00:00:00 - 23/04/2024 01:00:00,SCA|NO2,mFRR,Not Specified,Not Specified,MARGINAL,80.0,67.76
23/04/2024 01:00:00 - 23/04/2024 02:00:00,SCA|NO2,mFRR,Not Specified,Not Specified,MARGINAL,79.0,67.53
23/04/2024 02:00:00 - 23/04/2024 03:00:00,SCA|NO2,mFRR,Not Specified,Not Specified,MARGINAL,80.0,67.33
23/04/2024 03:00:00 - 23/04/2024 04:00:00,SCA|NO2,mFRR,Not Specified,Not Specified,MARGINAL,80.0,67.27
23/04/2024 04:00:00 - 23/04/2024 05:00:00,SCA|NO2,mFRR,Not Specified,Not Specified,MARGINAL,76.0,67.15
23/04/2024 05:00:00 - 23/04/2024 06:00:00,SCA|NO2,mFRR,Not Specified,Not Specified,MARGINAL,77.35,67.39
23/04/2024 06:00:00 - 23/04/2024 07:00:00,SCA|NO2,mFRR,Not Specified,Not Specified,MARGINAL,80.0,68.54
23/04/2024 07:00:00 - 23/04/2024 08:00:00,SCA|NO2,mFRR,Not Specified,Not Specified,MARGINAL,171.0,170.64
23/04/2024 08:00:00 - 23/04/2024 09:00:00,SCA|NO2,mFRR,Not Specified,Not Specified,MARGINAL,132.0,131.92
23/04/2024 09:00:00 - 23/04/2024 10:00:00,SCA|NO2,mFRR,Not Specified,Not Specified,MARGINAL,96.0,64.5
23/04/2024 10:00:00 - 23/04/2024 11:00:00,SCA|NO2,mFRR,Not Specified,Not Specified,MARGINAL,79.83,59.0
23/04/2024 11:00:00 - 23/04/2024 12:00:00,SCA|NO2,mFRR,Not Specified,Not Specified,MARGINAL,74.77,59.0
23/04/2024 12:00:00 - 23/04/2024 13:00:00,SCA|NO2,mFRR,Not Specified,Not Specified,MARGINAL,75.06,64.0
23/04/2024 13:00:00 - 23/04/2024 14:00:00,SCA|NO2,mFRR,Not Specified,Not Specified,MARGINAL,75.74,66.0
23/04/2024 14:00:00 - 23/04/2024 15:00:00,SCA|NO2,mFRR,Not Specified,Not Specified,MARGINAL,76.18,66.0
23/04/2024 15:00:00 - 23/04/2024 16:00:00,SCA|NO2,mFRR,Not Specified,Not Specified,MARGINAL,73.88,62.19
23/04/2024 16:00:00 - 23/04/2024 17:00:00,SCA|NO2,mFRR,Not Specified,Not Specified,MARGINAL,72.87,62.5
23/04/2024 17:00:00 - 23/04/2024 18:00:00,SCA|NO2,mFRR,Not Specified,Not Specified,MARGINAL,70.08,64.0
23/04/2024 18:00:00 - 23/04/2024 19:00:00,SCA|NO2,mFRR,Not Specified,Not Specified,MARGINAL,70.63,70.63
23/04/2024 19:00:00 - 23/04/2024 20:00:00,SCA|NO2,mFRR,Not Specified,Not Specified,MARGINAL,69.99,69.99
23/04/2024 20:00:00 - 23/04/2024 21:00:00,SCA|NO2,mFRR,Not Specified,Not Specified,MARGINAL,70.63,62.0
23/04/2024 21:00:00 - 23/04/2024 22:00:00,SCA|NO2,mFRR,Not Specified,Not Specified,MARGINAL,69.98,64.0
23/04/2024 22:00:00 - 23/04/2024 23:00:00,SCA|NO2,mFRR,Not Specified,Not Specified,MARGINAL,68.97,62.0
23/04/2024 23:00:00 - 24/04/2024 00:00:00,SCA|NO2,mFRR,Not Specified,Not Specified,MARGINAL,68.76,62.0
24/04/2024 00:00:00 - 24/04/2024 01:00:00,SCA|NO2,mFRR,Not Specified,Not Specified,MARGINAL,71.86,64.0
24/04/2024 01:00:00 - 24/04/2024 02:00:00,SCA|NO2,mFRR,Not Specified,Not Specified,MARGINAL,70.59,70.59
24/04/2024 02:00:00 - 24/04/2024 03:00:00,SCA|NO2,mFRR,Not Specified,Not Specified,MARGINAL,70.17,70.17
24/04/2024 03:00:00 - 24/04/2024 04:00:00,SCA|NO2,mFRR,Not Specified,Not Specified,MARGINAL,69.16,69.16
24/04/2024 04:00:00 - 24/04/2024 05:00:00,SCA|NO2,mFRR,Not Specified,Not Specified,MARGINAL,68.45,60.0
24/04/2024 05:00:00 - 24/04/2024 06:00:00,SCA|NO2,mFRR,Not Specified,Not Specified,MARGINAL,69.65,59.0
24/04/2024 06:00:00 - 24/04/2024 07:00:00,SCA|NO2,mFRR,Not Specified,Not Specified,MARGINAL,70.98,59.0
24/04/2024 07:00:00 - 24/04/2024 08:00:00,SCA|NO2,mFRR,Not Specified,Not Specified,MARGINAL,92.72,67.0
24/04/2024 08:00:00 - 24/04/2024 09:00:00,SCA|NO2,mFRR,Not Specified,Not Specified,MARGINAL,104.0,103.75
24/04/2024 09:00:00 - 24/04/2024 10:00:00,SCA|NO2,mFRR,Not Specified,Not Specified,MARGINAL,81.0,79.69
24/04/2024 10:00:00 - 24/04/2024 11:00:00,SCA|NO2,mFRR,Not Specified,Not Specified,MARGINAL,77.37,74.02
24/04/2024 11:00:00 - 24/04/2024 12:00:00,SCA|NO2,mFRR,Not Specified,Not Specified,MARGINAL,73.16,70.0
24/04/2024 12:00:00 - 24/04/2024 13:00:00,SCA|NO2,mFRR,Not Specified,Not Specified,MARGINAL,70.98,70.0
24/04/2024 13:00:00 - 24/04/2024 14:00:00,SCA|NO2,mFRR,Not Specified,Not Specified,MARGINAL,69.65,69.65
24/04/2024 14:00:00 - 24/04/2024 15:00:00,SCA|NO2,mFRR,Not Specified,Not Specified,MARGINAL,69.45,62.0
24/04/2024 15:00:00 - 24/04/2024 16:00:00,SCA|NO2,mFRR,Not Specified,Not Specified,MARGINAL,68.21,62.0
24/04/2024 16:00:00 - 24/04/2024 17:00:00,SCA|NO2,mFRR,Not Specified,Not Specified,MARGINAL,69.39,64.32
24/04/2024 17:00:00 - 24/04/2024 18:00:00,SCA|NO2,mFRR,Not Specified,Not Specified,MARGINAL,68.96,68.96
24/04/2024 18:00:00 - 24/04/2024 19:00:00,SCA|NO2,mFRR,Not Specified,Not Specified,MARGINAL,70.37,70.37
24/04/2024 19:00:00 - 24/04/2024 20:00:00,SCA|NO2,mFRR,Not Specified,Not Specified,MARGINAL,71.56,71.56
24/04/2024 20:00:00 - 24/04/2024 21:00:00,SCA|NO2,mFRR,Not Specified,Not Specified,MARGINAL,80.5,71.97
24/04/2024 21:00:00 - 24/04/2024 22:00:00,SCA|NO2,mFRR,Not Specified,Not Specified,MARGINAL,120.0,72.23
24/04/2024 22:00:00 - 24/04/2024 23:00:00,SCA|NO2,mFRR,Not Specified,Not Specified,MARGINAL,120.0,72.09
24/04/2024 23:00:00 - 25/04/2024 00:00:00,SCA|NO2,mFRR,Not Specified,Not Specified,MARGINAL,96.0,71.57
25/04/2024 00:00:00 - 25/04/2024 01:00:00,SCA|NO2,mFRR,Not Specified,Not Specified,MARGINAL,73.21,73.21
25/04/2024 01:00:00 - 25/04/2024 02:00:00,SCA|NO2,mFRR,Not Specified,Not Specified,MARGINAL,71.65,70.0
25/04/2024 02:00:00 - 25/04/2024 03:00:00,SCA|NO2,mFRR,Not Specified,Not Specified,MARGINAL,71.51,70.0
25/04/2024 03:00:00 - 25/04/2024 04:00:00,SCA|NO2,mFRR,Not Specified,Not Specified,MARGINAL,69.94,69.0
25/04/2024 04:00:00 - 25/04/2024 05:00:00,SCA|NO2,mFRR,Not Specified,Not Specified,MARGINAL,69.16,69.16
25/04/2024 05:00:00 - 25/04/2024 06:00:00,SCA|NO2,mFRR,Not Specified,Not Specified,MARGINAL,68.47,68.47
25/04/2024 06:00:00 - 25/04/2024 07:00:00,SCA|NO2,mFRR,Not Specified,Not Specified,MARGINAL,69.59,69.0
25/04/2024 07:00:00 - 25/04/2024 08:00:00,SCA|NO2,mFRR,Not Specified,Not Specified,MARGINAL,77.6,77.6
25/04/2024 08:00:00 - 25/04/2024 09:00:00,SCA|NO2,mFRR,Not Specified,Not Specified,MARGINAL,89.0,71.99
25/04/2024 09:00:00 - 25/04/2024 10:00:00,SCA|NO2,mFRR,Not Specified,Not Specified,MARGINAL,85.47,85.47
25/04/2024 10:00:00 - 25/04/2024 11:00:00,SCA|NO2,mFRR,Not Specified,Not Specified,MARGINAL,76.64,66.0
25/04/2024 11:00:00 - 25/04/2024 12:00:00,SCA|NO2,mFRR,Not Specified,Not Specified,MARGINAL,71.99,71.0
25/04/2024 12:00:00 - 25/04/2024 13:00:00,SCA|NO2,mFRR,Not Specified,Not Specified,MARGINAL,69.86,69.86
25/04/2024 13:00:00 - 25/04/2024 14:00:00,SCA|NO2,mFRR,Not Specified,Not Specified,MARGINAL,68.6,68.6
25/04/2024 14:00:00 - 25/04/2024 15:00:00,SCA|NO2,mFRR,Not Specified,Not Specified,MARGINAL,76.81,66.81
25/04/2024 15:00:00 - 25/04/2024 16:00:00,SCA|NO2,mFRR,Not Specified,Not Specified,MARGINAL,68.04,68.04
25/04/2024 16:00:00 - 25/04/2024 17:00:00,SCA|NO2,mFRR,Not Specified,Not Specified,MARGINAL,69.68,69.68
25/04/2024 17:00:00 - 25/04/2024 18:00:00,SCA|NO2,mFRR,Not Specified,Not Specified,MARGINAL,77.4,77.4
25/04/2024 18:00:00 - 25/04/2024 19:00:00,SCA|NO2,mFRR,Not Specified,Not Specified,MARGINAL,90.66,69.0
25/04/2024 19:00:00 - 25/04/2024 20:00:00,SCA|NO2,mFRR,Not Specified,Not Specified,MARGINAL,89.0,69.0
25/04/2024 20:00:00 - 25/04/2024 21:00:00,SCA|NO2,mFRR,Not Specified,Not Specified,MARGINAL,90.0,78.4
25/04/2024 21:00:00 - 25/04/2024 22:00:00,SCA|NO2,mFRR,Not Specified,Not Specified,MARGINAL,90.0,74.97
25/04/2024 22:00:00 - 25/04/2024 23:00:00,SCA|NO2,mFRR,Not Specified,Not Specified,MARGINAL,71.84,68.0
25/04/2024 23:00:00 - 26/04/2024 00:00:00,SCA|NO2,mFRR,Not Specified,Not Specified,MARGINAL,71.13,68.0
26/04/2024 00:00:00 - 26/04/2024 01:00:00,SCA|NO2,mFRR,Not Specified,Not Specified,MARGINAL,77.24,65.0
26/04/2024 01:00:00 - 26/04/2024 02:00:00,SCA|NO2,mFRR,Not Specified,Not Specified,MARGINAL,71.71,65.0
26/04/2024 02:00:00 - 26/04/2024 03:00:00,SCA|NO2,mFRR,Not Specified,Not Specified,MARGINAL,71.83,61.14
26/04/2024 03:00:00 - 26/04/2024 04:00:00,SCA|NO2,mFRR,Not Specified,Not Specified,MARGINAL,71.7,60.79
26/04/2024 04:00:00 - 26/04/2024 05:00:00,SCA|NO2,mFRR,Not Specified,Not Specified,MARGINAL,74.1,60.79
26/04/2024 05:00:00 - 26/04/2024 06:00:00,SCA|NO2,mFRR,Not Specified,Not Specified,MARGINAL,76.21,59.41
26/04/2024 06:00:00 - 26/04/2024 07:00:00,SCA|NO2,mFRR,Not Specified,Not Specified,MARGINAL,125.0,64.0
26/04/2024 07:00:00 - 26/04/2024 08:00:00,SCA|NO2,mFRR,Not Specified,Not Specified,MARGINAL,125.0,101.04
26/04/2024 08:00:00 - 26/04/2024 09:00:00,SCA|NO2,mFRR,Not Specified,Not Specified,MARGINAL,96.38,93.08
26/04/2024 09:00:00 - 26/04/2024 10:00:00,SCA|NO2,mFRR,Not Specified,Not Specified,MARGINAL,78.57,67.0
26/04/2024 10:00:00 - 26/04/2024 11:00:00,SCA|NO2,mFRR,Not Specified,Not Specified,MARGINAL,75.4,51.0
26/04/2024 11:00:00 - 26/04/2024 12:00:00,SCA|NO2,mFRR,Not Specified,Not Specified,MARGINAL,70.68,50.0
26/04/2024 12:00:00 - 26/04/2024 13:00:00,SCA|NO2,mFRR,Not Specified,Not Specified,MARGINAL,68.78,49.97
26/04/2024 13:00:00 - 26/04/2024 14:00:00,SCA|NO2,mFRR,Not Specified,Not Specified,MARGINAL,68.36,49.0
26/04/2024 14:00:00 - 26/04/2024 15:00:00,SCA|NO2,mFRR,Not Specified,Not Specified,MARGINAL,65.37,49.0
26/04/2024 15:00:00 - 26/04/2024 16:00:00,SCA|NO2,mFRR,Not Specified,Not Specified,MARGINAL,68.65,57.0
26/04/2024 16:00:00 - 26/04/2024 17:00:00,SCA|NO2,mFRR,Not Specified,Not Specified,MARGINAL,69.47,58.7
26/04/2024 17:00:00 - 26/04/2024 18:00:00,SCA|NO2,mFRR,Not Specified,Not Specified,MARGINAL,86.5,67.04
26/04/2024 18:00:00 - 26/04/2024 19:00:00,SCA|NO2,mFRR,Not Specified,Not Specified,MARGINAL,102.0,90.66
26/04/2024 19:00:00 - 26/04/2024 20:00:00,SCA|NO2,mFRR,Not Specified,Not Specified,MARGINAL,125.0,124.49
26/04/2024 20:00:00 - 26/04/2024 21:00:00,SCA|NO2,mFRR,Not Specified,Not Specified,MARGINAL,132.19,132.19
26/04/2024 21:00:00 - 26/04/2024 22:00:00,SCA|NO2,mFRR,Not Specified,Not Specified,MARGINAL,133.0,105.14
26/04/2024 22:00:00 - 26/04/2024 23:00:00,SCA|NO2,mFRR,Not Specified,Not Specified,MARGINAL,116.0,81.13
26/04/2024 23:00:00 - 27/04/2024 00:00:00,SCA|NO2,mFRR,Not Specified,Not Specified,MARGINAL,78.56,78.56
27/04/2024 00:00:00 - 27/04/2024 01:00:00,SCA|NO2,mFRR,Not Specified,Not Specified,MARGINAL,79.0,73.06
27/04/2024 01:00:00 - 27/04/2024 02:00:00,SCA|NO2,mFRR,Not Specified,Not Specified,MARGINAL,79.0,68.98
27/04/2024 02:00:00 - 27/04/2024 03:00:00,SCA|NO2,mFRR,Not Specified,Not Specified,MARGINAL,78.0,68.03
27/04/2024 03:00:00 - 27/04/2024 04:00:00,SCA|NO2,mFRR,Not Specified,Not Specified,MARGINAL,86.0,68.53
27/04/2024 04:00:00 - 27/04/2024 05:00:00,SCA|NO2,mFRR,Not Specified,Not Specified,MARGINAL,86.0,68.66
27/04/2024 05:00:00 - 27/04/2024 06:00:00,SCA|NO2,mFRR,Not Specified,Not Specified,MARGINAL,76.0,69.56
27/04/2024 06:00:00 - 27/04/2024 07:00:00,SCA|NO2,mFRR,Not Specified,Not Specified,MARGINAL,67.67,67.67
27/04/2024 07:00:00 - 27/04/2024 08:00:00,SCA|NO2,mFRR,Not Specified,Not Specified,MARGINAL,67.35,67.35
27/04/2024 08:00:00 - 27/04/2024 09:00:00,SCA|NO2,mFRR,Not Specified,Not Specified,MARGINAL,63.11,61.0
27/04/2024 09:00:00 - 27/04/2024 10:00:00,SCA|NO2,mFRR,Not Specified,Not Specified,MARGINAL,59.07,59.02
27/04/2024 10:00:00 - 27/04/2024 11:00:00,SCA|NO2,mFRR,Not Specified,Not Specified,MARGINAL,60.5,50.98
27/04/2024 11:00:00 - 27/04/2024 12:00:00,SCA|NO2,mFRR,Not Specified,Not Specified,MARGINAL,59.0,44.01
27/04/2024 12:00:00 - 27/04/2024 13:00:00,SCA|NO2,mFRR,Not Specified,Not Specified,MARGINAL,63.0,43.42
27/04/2024 13:00:00 - 27/04/2024 14:00:00,SCA|NO2,mFRR,Not Specified,Not Specified,MARGINAL,63.0,42.64
27/04/2024 14:00:00 - 27/04/2024 15:00:00,SCA|NO2,mFRR,Not Specified,Not Specified,MARGINAL,52.0,43.05
27/04/2024 15:00:00 - 27/04/2024 16:00:00,SCA|NO2,mFRR,Not Specified,Not Specified,MARGINAL,45.12,45.12
27/04/2024 16:00:00 - 27/04/2024 17:00:00,SCA|NO2,mFRR,Not Specified,Not Specified,MARGINAL,52.72,52.72
27/04/2024 17:00:00 - 27/04/2024 18:00:00,SCA|NO2,mFRR,Not Specified,Not Specified,MARGINAL,61.47,61.47
27/04/2024 18:00:00 - 27/04/2024 19:00:00,SCA|NO2,mFRR,Not Specified,Not Specified,MARGINAL,67.0,63.77
27/04/2024 19:00:00 - 27/04/2024 20:00:00,SCA|NO2,mFRR,Not Specified,Not Specified,MARGINAL,76.0,69.67
27/04/2024 20:00:00 - 27/04/2024 21:00:00,SCA|NO2,mFRR,Not Specified,Not Specified,MARGINAL,77.74,68.3
27/04/2024 21:00:00 - 27/04/2024 22:00:00,SCA|NO2,mFRR,Not Specified,Not Specified,MARGINAL,71.34,65.2
27/04/2024 22:00:00 - 27/04/2024 23:00:00,SCA|NO2,mFRR,Not Specified,Not Specified,MARGINAL,69.85,60.0
27/04/2024 23:00:00 - 28/04/2024 00:00:00,SCA|NO2,mFRR,Not Specified,Not Specified,MARGINAL,63.34,56.0
28/04/2024 00:00:00 - 28/04/2024 01:00:00,SCA|NO2,mFRR,Not Specified,Not Specified,MARGINAL,56.39,48.0
28/04/2024 01:00:00 - 28/04/2024 02:00:00,SCA|NO2,mFRR,Not Specified,Not Specified,MARGINAL,46.14,40.0
28/04/2024 02:00:00 - 28/04/2024 03:00:00,SCA|NO2,mFRR,Not Specified,Not Specified,MARGINAL,39.6,32.0
28/04/2024 03:00:00 - 28/04/2024 04:00:00,SCA|NO2,mFRR,Not Specified,Not Specified,MARGINAL,32.56,25.0
28/04/2024 04:00:00 - 28/04/2024 05:00:00,SCA|NO2,mFRR,Not Specified,Not Specified,MARGINAL,28.49,19.0
28/04/2024 05:00:00 - 28/04/2024 06:00:00,SCA|NO2,mFRR,Not Specified,Not Specified,MARGINAL,26.82,19.0
28/04/2024 06:00:00 - 28/04/2024 07:00:00,SCA|NO2,mFRR,Not Specified,Not Specified,MARGINAL,10.25,10.25
28/04/2024 07:00:00 - 28/04/2024 08:00:00,SCA|NO2,mFRR,Not Specified,Not Specified,MARGINAL,0.1,0.1
28/04/2024 08:00:00 - 28/04/2024 09:00:00,SCA|NO2,mFRR,Not Specified,Not Specified,MARGINAL,49.0,0.42
28/04/2024 09:00:00 - 28/04/2024 10:00:00,SCA|NO2,mFRR,Not Specified,Not Specified,MARGINAL,48.5,0.22
28/04/2024 10:00:00 - 28/04/2024 11:00:00,SCA|NO2,mFRR,Not Specified,Not Specified,MARGINAL,45.0,13.68
28/04/2024 11:00:00 - 28/04/2024 12:00:00,SCA|NO2,mFRR,Not Specified,Not Specified,MARGINAL,45.0,19.41
28/04/2024 12:00:00 - 28/04/2024 13:00:00,SCA|NO2,mFRR,Not Specified,Not Specified,MARGINAL,40.0,14.97
28/04/2024 13:00:00 - 28/04/2024 14:00:00,SCA|NO2,mFRR,Not Specified,Not Specified,MARGINAL,50.0,14.79
28/04/2024 14:00:00 - 28/04/2024 15:00:00,SCA|NO2,mFRR,Not Specified,Not Specified,MARGINAL,50.0,10.53
28/04/2024 15:00:00 - 28/04/2024 16:00:00,SCA|NO2,mFRR,Not Specified,Not Specified,MARGINAL,50.0,11.67
28/04/2024 16:00:00 - 28/04/2024 17:00:00,SCA|NO2,mFRR,Not Specified,Not Specified,MARGINAL,45.0,17.71
28/04/2024 17:00:00 - 28/04/2024 18:00:00,SCA|NO2,mFRR,Not Specified,Not Specified,MARGINAL,27.0,24.77
28/04/2024 18:00:00 - 28/04/2024 19:00:00,SCA|NO2,mFRR,Not Specified,Not Specified,MARGINAL,56.5,35.44
28/04/2024 19:00:00 - 28/04/2024 20:00:00,SCA|NO2,mFRR,Not Specified,Not Specified,MARGINAL,63.5,51.38
28/04/2024 20:00:00 - 28/04/2024 21:00:00,SCA|NO2,mFRR,Not Specified,Not Specified,MARGINAL,60.0,53.5
28/04/2024 21:00:00 - 28/04/2024 22:00:00,SCA|NO2,mFRR,Not Specified,Not Specified,MARGINAL,59.08,49.0
28/04/2024 22:00:00 - 28/04/2024 23:00:00,SCA|NO2,mFRR,Not Specified,Not Specified,MARGINAL,59.31,42.0
28/04/2024 23:00:00 - 29/04/2024 00:00:00,SCA|NO2,mFRR,Not Specified,Not Specified,MARGINAL,56.03,30.5
29/04/2024 00:00:00 - 29/04/2024 01:00:00,SCA|NO2,mFRR,Not Specified,Not Specified,MARGINAL,51.0,42.0
29/04/2024 01:00:00 - 29/04/2024 02:00:00,SCA|NO2,mFRR,Not Specified,Not Specified,MARGINAL,49.71,43.0
29/04/2024 02:00:00 - 29/04/2024 03:00:00,SCA|NO2,mFRR,Not Specified,Not Specified,MARGINAL,53.5,43.0
29/04/2024 03:00:00 - 29/04/2024 04:00:00,SCA|NO2,mFRR,Not Specified,Not Specified,MARGINAL,57.0,54.78
29/04/2024 04:00:00 - 29/04/2024 05:00:00,SCA|NO2,mFRR,Not Specified,Not Specified,MARGINAL,55.24,55.24
29/04/2024 05:00:00 - 29/04/2024 06:00:00,SCA|NO2,mFRR,Not Specified,Not Specified,MARGINAL,56.77,49.5
29/04/2024 06:00:00 - 29/04/2024 07:00:00,SCA|NO2,mFRR,Not Specified,Not Specified,MARGINAL,65.0,54.0
29/04/2024 07:00:00 - 29/04/2024 08:00:00,SCA|NO2,mFRR,Not Specified,Not Specified,MARGINAL,79.99,79.99
29/04/2024 08:00:00 - 29/04/2024 09:00:00,SCA|NO2,mFRR,Not Specified,Not Specified,MARGINAL,96.0,95.77
29/04/2024 09:00:00 - 29/04/2024 10:00:00,SCA|NO2,mFRR,Not Specified,Not Specified,MARGINAL,66.0,62.63
29/04/2024 10:00:00 - 29/04/2024 11:00:00,SCA|NO2,mFRR,Not Specified,Not Specified,MARGINAL,54.41,49.0
29/04/2024 11:00:00 - 29/04/2024 12:00:00,SCA|NO2,mFRR,Not Specified,Not Specified,MARGINAL,49.55,48.5
29/04/2024 12:00:00 - 29/04/2024 13:00:00,SCA|NO2,mFRR,Not Specified,Not Specified,MARGINAL,57.0,38.57
29/04/2024 13:00:00 - 29/04/2024 14:00:00,SCA|NO2,mFRR,Not Specified,Not Specified,MARGINAL,36.73,36.73
29/04/2024 14:00:00 - 29/04/2024 15:00:00,SCA|NO2,mFRR,Not Specified,Not Specified,MARGINAL,39.17,39.17
29/04/2024 15:00:00 - 29/04/2024 16:00:00,SCA|NO2,mFRR,Not Specified,Not Specified,MARGINAL,63.0,47.06
29/04/2024 16:00:00 - 29/04/2024 17:00:00,SCA|NO2,mFRR,Not Specified,Not Specified,MARGINAL,53.6,53.6
29/04/2024 17:00:00 - 29/04/2024 18:00:00,SCA|NO2,mFRR,Not Specified,Not Specified,,,
29/04/2024 18:00:00 - 29/04/2024 19:00:00,SCA|NO2,mFRR,Not Specified,Not Specified,MARGINAL,66.0,63.92
29/04/2024 19:00:00 - 29/04/2024 20:00:00,SCA|NO2,mFRR,Not Specified,Not Specified,MARGINAL,66.0,48.0
29/04/2024 20:00:00 - 29/04/2024 21:00:00,SCA|NO2,mFRR,Not Specified,Not Specified,MARGINAL,65.86,51.0
29/04/2024 21:00:00 - 29/04/2024 22:00:00,SCA|NO2,mFRR,Not Specified,Not Specified,MARGINAL,65.5,51.0
29/04/2024 22:00:00 - 29/04/2024 23:00:00,SCA|NO2,mFRR,Not Specified,Not Specified,MARGINAL,61.12,61.12
29/04/2024 23:00:00 - 30/04/2024 00:00:00,SCA|NO2,mFRR,Not Specified,Not Specified,MARGINAL,55.93,55.93
30/04/2024 00:00:00 - 30/04/2024 01:00:00,SCA|NO2,mFRR,Not Specified,Not Specified,MARGINAL,51.88,51.88
30/04/2024 01:00:00 - 30/04/2024 02:00:00,SCA|NO2,mFRR,Not Specified,Not Specified,MARGINAL,51.37,51.37
30/04/2024 02:00:00 - 30/04/2024 03:00:00,SCA|NO2,mFRR,Not Specified,Not Specified,MARGINAL,51.23,51.23
30/04/2024 03:00:00 - 30/04/2024 04:00:00,SCA|NO2,mFRR,Not Specified,Not Specified,MARGINAL,51.27,51.27
30/04/2024 04:00:00 - 30/04/2024 05:00:00,SCA|NO2,mFRR,Not Specified,Not Specified,MARGINAL,51.23,45.0
30/04/2024 05:00:00 - 30/04/2024 06:00:00,SCA|NO2,mFRR,Not Specified,Not Specified,MARGINAL,51.92,51.92
30/04/2024 06:00:00 - 30/04/2024 07:00:00,SCA|NO2,mFRR,Not Specified,Not Specified,MARGINAL,54.19,47.0
30/04/2024 07:00:00 - 30/04/2024 08:00:00,SCA|NO2,mFRR,Not Specified,Not Specified,MARGINAL,60.03,46.0
30/04/2024 08:00:00 - 30/04/2024 09:00:00,SCA|NO2,mFRR,Not Specified,Not Specified,MARGINAL,74.92,49.5
30/04/2024 09:00:00 - 30/04/2024 10:00:00,SCA|NO2,mFRR,Not Specified,Not Specified,MARGINAL,62.66,45.0
30/04/2024 10:00:00 - 30/04/2024 11:00:00,SCA|NO2,mFRR,Not Specified,Not Specified,MARGINAL,52.54,33.0
30/04/2024 11:00:00 - 30/04/2024 12:00:00,SCA|NO2,mFRR,Not Specified,Not Specified,MARGINAL,47.41,28.0
30/04/2024 12:00:00 - 30/04/2024 13:00:00,SCA|NO2,mFRR,Not Specified,Not Specified,MARGINAL,36.2,14.0
30/04/2024 13:00:00 - 30/04/2024 14:00:00,SCA|NO2,mFRR,Not Specified,Not Specified,MARGINAL,24.1,10.9
30/04/2024 14:00:00 - 30/04/2024 15:00:00,SCA|NO2,mFRR,Not Specified,Not Specified,MARGINAL,14.99,14.99
30/04/2024 15:00:00 - 30/04/2024 16:00:00,SCA|NO2,mFRR,Not Specified,Not Specified,MARGINAL,27.35,15.5
30/04/2024 16:00:00 - 30/04/2024 17:00:00,SCA|NO2,mFRR,Not Specified,Not Specified,MARGINAL,46.03,23.0
30/04/2024 17:00:00 - 30/04/2024 18:00:00,SCA|NO2,mFRR,Not Specified,Not Specified,MARGINAL,52.85,39.0
30/04/2024 18:00:00 - 30/04/2024 19:00:00,SCA|NO2,mFRR,Not Specified,Not Specified,MARGINAL,53.81,46.0
30/04/2024 19:00:00 - 30/04/2024 20:00:00,SCA|NO2,mFRR,Not Specified,Not Specified,MARGINAL,54.3,46.0
30/04/2024 20:00:00 - 30/04/2024 21:00:00,SCA|NO2,mFRR,Not Specified,Not Specified,MARGINAL,54.07,44.0
30/04/2024 21:00:00 - 30/04/2024 22:00:00,SCA|NO2,mFRR,Not Specified,Not Specified,MARGINAL,53.42,44.0
30/04/2024 22:00:00 - 30/04/2024 23:00:00,SCA|NO2,mFRR,Not Specified,Not Specified,MARGINAL,52.52,37.0
30/04/2024 23:00:00 - 01/05/2024 00:00:00,SCA|NO2,mFRR,Not Specified,Not Specified,MARGINAL,50.05,32.5
01/05/2024 00:00:00 - 01/05/2024 01:00:00,SCA|NO2,mFRR,Not Specified,Not Specified,MARGINAL,47.24,29.0
01/05/2024 01:00:00 - 01/05/2024 02:00:00,SCA|NO2,mFRR,Not Specified,Not Specified,MARGINAL,47.28,27.5
01/05/2024 02:00:00 - 01/05/2024 03:00:00,SCA|NO2,mFRR,Not Specified,Not Specified,MARGINAL,47.29,27.5
01/05/2024 03:00:00 - 01/05/2024 04:00:00,SCA|NO2,mFRR,Not Specified,Not Specified,MARGINAL,42.63,27.5
01/05/2024 04:00:00 - 01/05/2024 05:00:00,SCA|NO2,mFRR,Not Specified,Not Specified,MARGINAL,43.09,31.5
01/05/2024 05:00:00 - 01/05/2024 06:00:00,SCA|NO2,mFRR,Not Specified,Not Specified,MARGINAL,40.78,31.5
01/05/2024 06:00:00 - 01/05/2024 07:00:00,SCA|NO2,mFRR,Not Specified,Not Specified,MARGINAL,38.29,25.8
01/05/2024 07:00:00 - 01/05/2024 08:00:00,SCA|NO2,mFRR,Not Specified,Not Specified,MARGINAL,40.0,28.08
01/05/2024 08:00:00 - 01/05/2024 09:00:00,SCA|NO2,mFRR,Not Specified,Not Specified,MARGINAL,14.99,14.99
01/05/2024 09:00:00 - 01/05/2024 10:00:00,SCA|NO2,mFRR,Not Specified,Not Specified,MARGINAL,25.0,3.83
01/05/2024 10:00:00 - 01/05/2024 11:00:00,SCA|NO2,mFRR,Not Specified,Not Specified,MARGINAL,14.0,3.49
01/05/2024 11:00:00 - 01/05/2024 12:00:00,SCA|NO2,mFRR,Not Specified,Not Specified,MARGINAL,4.17,4.17
01/05/2024 12:00:00 - 01/05/2024 13:00:00,SCA|NO2,mFRR,Not Specified,Not Specified,MARGINAL,2.29,2.0
01/05/2024 13:00:00 - 01/05/2024 14:00:00,SCA|NO2,mFRR,Not Specified,Not Specified,MARGINAL,1.5,1.5
01/05/2024 14:00:00 - 01/05/2024 15:00:00,SCA|NO2,mFRR,Not Specified,Not Specified,MARGINAL,0.44,0.44
01/05/2024 15:00:00 - 01/05/2024 16:00:00,SCA|NO2,mFRR,Not Specified,Not Specified,MARGINAL,0.66,0.66
01/05/2024 16:00:00 - 01/05/2024 17:00:00,SCA|NO2,mFRR,Not Specified,Not Specified,MARGINAL,3.29,3.29
01/05/2024 17:00:00 - 01/05/2024 18:00:00,SCA|NO2,mFRR,Not Specified,Not Specified,MARGINAL,4.37,4.37
01/05/2024 18:00:00 - 01/05/2024 19:00:00,SCA|NO2,mFRR,Not Specified,Not Specified,MARGINAL,40.0,23.25
01/05/2024 19:00:00 - 01/05/2024 20:00:00,SCA|NO2,mFRR,Not Specified,Not Specified,MARGINAL,48.0,41.82
01/05/2024 20:00:00 - 01/05/2024 21:00:00,SCA|NO2,mFRR,Not Specified,Not Specified,MARGINAL,48.0,45.75
01/05/2024 21:00:00 - 01/05/2024 22:00:00,SCA|NO2,mFRR,Not Specified,Not Specified,MARGINAL,48.0,35.1
01/05/2024 22:00:00 - 01/05/2024 23:00:00,SCA|NO2,mFRR,Not Specified,Not Specified,MARGINAL,48.0,30.81
01/05/2024 23:00:00 - 02/05/2024 00:00:00,SCA|NO2,mFRR,Not Specified,Not Specified,MARGINAL,22.65,12.0
02/05/2024 00:00:00 - 02/05/2024 01:00:00,SCA|NO2,mFRR,Not Specified,Not Specified,MARGINAL,14.99,10.0
02/05/2024 01:00:00 - 02/05/2024 02:00:00,SCA|NO2,mFRR,Not Specified,Not Specified,MARGINAL,11.27,8.0
02/05/2024 02:00:00 - 02/05/2024 03:00:00,SCA|NO2,mFRR,Not Specified,Not Specified,MARGINAL,10.3,1.0
02/05/2024 03:00:00 - 02/05/2024 04:00:00,SCA|NO2,mFRR,Not Specified,Not Specified,MARGINAL,8.05,1.0
02/05/2024 04:00:00 - 02/05/2024 05:00:00,SCA|NO2,mFRR,Not Specified,Not Specified,MARGINAL,12.16,0.0
02/05/2024 05:00:00 - 02/05/2024 06:00:00,SCA|NO2,mFRR,Not Specified,Not Specified,MARGINAL,30.42,3.0
02/05/2024 06:00:00 - 02/05/2024 07:00:00,SCA|NO2,mFRR,Not Specified,Not Specified,MARGINAL,39.82,10.0
02/05/2024 07:00:00 - 02/05/2024 08:00:00,SCA|NO2,mFRR,Not Specified,Not Specified,MARGINAL,49.63,28.5
02/05/2024 08:00:00 - 02/05/2024 09:00:00,SCA|NO2,mFRR,Not Specified,Not Specified,MARGINAL,46.9,39.0
02/05/2024 09:00:00 - 02/05/2024 10:00:00,SCA|NO2,mFRR,Not Specified,Not Specified,MARGINAL,31.45,31.45
02/05/2024 10:00:00 - 02/05/2024 11:00:00,SCA|NO2,mFRR,Not Specified,Not Specified,MARGINAL,20.32,18.47
02/05/2024 11:00:00 - 02/05/2024 12:00:00,SCA|NO2,mFRR,Not Specified,Not Specified,MARGINAL,8.69,8.0
02/05/2024 12:00:00 - 02/05/2024 13:00:00,SCA|NO2,mFRR,Not Specified,Not Specified,MARGINAL,4.97,4.0
02/05/2024 13:00:00 - 02/05/2024 14:00:00,SCA|NO2,mFRR,Not Specified,Not Specified,MARGINAL,0.08,0.0
02/05/2024 14:00:00 - 02/05/2024 15:00:00,SCA|NO2,mFRR,Not Specified,Not Specified,MARGINAL,1.51,1.51
02/05/2024 15:00:00 - 02/05/2024 16:00:00,SCA|NO2,mFRR,Not Specified,Not Specified,MARGINAL,6.55,6.55
02/05/2024 16:00:00 - 02/05/2024 17:00:00,SCA|NO2,mFRR,Not Specified,Not Specified,MARGINAL,22.02,7.0
02/05/2024 17:00:00 - 02/05/2024 18:00:00,SCA|NO2,mFRR,Not Specified,Not Specified,MARGINAL,34.92,24.0
02/05/2024 18:00:00 - 02/05/2024 19:00:00,SCA|NO2,mFRR,Not Specified,Not Specified,MARGINAL,39.05,24.0
02/05/2024 19:00:00 - 02/05/2024 20:00:00,SCA|NO2,mFRR,Not Specified,Not Specified,MARGINAL,41.92,30.0
02/05/2024 20:00:00 - 02/05/2024 21:00:00,SCA|NO2,mFRR,Not Specified,Not Specified,MARGINAL,41.99,41.99
02/05/2024 21:00:00 - 02/05/2024 22:00:00,SCA|NO2,mFRR,Not Specified,Not Specified,MARGINAL,41.92,41.92
02/05/2024 22:00:00 - 02/05/2024 23:00:00,SCA|NO2,mFRR,Not Specified,Not Specified,MARGINAL,37.87,37.87
02/05/2024 23:00:00 - 03/05/2024 00:00:00,SCA|NO2,mFRR,Not Specified,Not Specified,MARGINAL,33.93,18.1
03/05/2024 00:00:00 - 03/05/2024 01:00:00,SCA|NO2,mFRR,Not Specified,Not Specified,MARGINAL,29.78,8.0
03/05/2024 01:00:00 - 03/05/2024 02:00:00,SCA|NO2,mFRR,Not Specified,Not Specified,MARGINAL,29.35,10.0
03/05/2024 02:00:00 - 03/05/2024 03:00:00,SCA|NO2,mFRR,Not Specified,Not Specified,MARGINAL,29.96,10.0
03/05/2024 03:00:00 - 03/05/2024 04:00:00,SCA|NO2,mFRR,Not Specified,Not Specified,MARGINAL,30.01,10.0
03/05/2024 04:00:00 - 03/05/2024 05:00:00,SCA|NO2,mFRR,Not Specified,Not Specified,MARGINAL,30.44,10.0
03/05/2024 05:00:00 - 03/05/2024 06:00:00,SCA|NO2,mFRR,Not Specified,Not Specified,MARGINAL,31.94,10.0
03/05/2024 06:00:00 - 03/05/2024 07:00:00,SCA|NO2,mFRR,Not Specified,Not Specified,MARGINAL,35.08,18.5
03/05/2024 07:00:00 - 03/05/2024 08:00:00,SCA|NO2,mFRR,Not Specified,Not Specified,MARGINAL,41.71,30.0
03/05/2024 08:00:00 - 03/05/2024 09:00:00,SCA|NO2,mFRR,Not Specified,Not Specified,MARGINAL,41.5,30.0
03/05/2024 09:00:00 - 03/05/2024 10:00:00,SCA|NO2,mFRR,Not Specified,Not Specified,MARGINAL,38.69,38.69
03/05/2024 10:00:00 - 03/05/2024 11:00:00,SCA|NO2,mFRR,Not Specified,Not Specified,MARGINAL,38.09,30.1
03/05/2024 11:00:00 - 03/05/2024 12:00:00,SCA|NO2,mFRR,Not Specified,Not Specified,MARGINAL,34.98,28.0
03/05/2024 12:00:00 - 03/05/2024 13:00:00,SCA|NO2,mFRR,Not Specified,Not Specified,MARGINAL,34.96,24.17
03/05/2024 13:00:00 - 03/05/2024 14:00:00,SCA|NO2,mFRR,Not Specified,Not Specified,MARGINAL,33.59,20.0
03/05/2024 14:00:00 - 03/05/2024 15:00:00,SCA|NO2,mFRR,Not Specified,Not Specified,MARGINAL,32.71,30.0
03/05/2024 15:00:00 - 03/05/2024 16:00:00,SCA|NO2,mFRR,Not Specified,Not Specified,MARGINAL,39.0,35.3
03/05/2024 16:00:00 - 03/05/2024 17:00:00,SCA|NO2,mFRR,Not Specified,Not Specified,MARGINAL,44.94,34.52
03/05/2024 17:00:00 - 03/05/2024 18:00:00,SCA|NO2,mFRR,Not Specified,Not Specified,MARGINAL,47.0,37.49
03/05/2024 18:00:00 - 03/05/2024 19:00:00,SCA|NO2,mFRR,Not Specified,Not Specified,MARGINAL,47.0,39.51
03/05/2024 19:00:00 - 03/05/2024 20:00:00,SCA|NO2,mFRR,Not Specified,Not Specified,MARGINAL,48.0,41.6
03/05/2024 20:00:00 - 03/05/2024 21:00:00,SCA|NO2,mFRR,Not Specified,Not Specified,MARGINAL,45.0,39.76
03/05/2024 21:00:00 - 03/05/2024 22:00:00,SCA|NO2,mFRR,Not Specified,Not Specified,MARGINAL,45.0,41.33
03/05/2024 22:00:00 - 03/05/2024 23:00:00,SCA|NO2,mFRR,Not Specified,Not Specified,MARGINAL,48.57,25.0
03/05/2024 23:00:00 - 04/05/2024 00:00:00,SCA|NO2,mFRR,Not Specified,Not Specified,MARGINAL,48.82,17.0
04/05/2024 00:00:00 - 04/05/2024 01:00:00,SCA|NO2,mFRR,Not Specified,Not Specified,MARGINAL,43.81,25.0
04/05/2024 01:00:00 - 04/05/2024 02:00:00,SCA|NO2,mFRR,Not Specified,Not Specified,MARGINAL,40.73,20.0
04/05/2024 02:00:00 - 04/05/2024 03:00:00,SCA|NO2,mFRR,Not Specified,Not Specified,MARGINAL,41.03,20.0
04/05/2024 03:00:00 - 04/05/2024 04:00:00,SCA|NO2,mFRR,Not Specified,Not Specified,MARGINAL,41.97,18.33
04/05/2024 04:00:00 - 04/05/2024 05:00:00,SCA|NO2,mFRR,Not Specified,Not Specified,MARGINAL,44.06,19.01
04/05/2024 05:00:00 - 04/05/2024 06:00:00,SCA|NO2,mFRR,Not Specified,Not Specified,MARGINAL,44.44,19.5
04/05/2024 06:00:00 - 04/05/2024 07:00:00,SCA|NO2,mFRR,Not Specified,Not Specified,MARGINAL,43.8,18.0
04/05/2024 07:00:00 - 04/05/2024 08:00:00,SCA|NO2,mFRR,Not Specified,Not Specified,MARGINAL,44.49,35.0
04/05/2024 08:00:00 - 04/05/2024 09:00:00,SCA|NO2,mFRR,Not Specified,Not Specified,MARGINAL,45.77,29.0
04/05/2024 09:00:00 - 04/05/2024 10:00:00,SCA|NO2,mFRR,Not Specified,Not Specified,MARGINAL,46.13,35.0
04/05/2024 10:00:00 - 04/05/2024 11:00:00,SCA|NO2,mFRR,Not Specified,Not Specified,MARGINAL,37.84,35.04
04/05/2024 11:00:00 - 04/05/2024 12:00:00,SCA|NO2,mFRR,Not Specified,Not Specified,,,
04/05/2024 12:00:00 - 04/05/2024 13:00:00,SCA|NO2,mFRR,Not Specified,Not Specified,MARGINAL,25.72,14.0
04/05/2024 13:00:00 - 04/05/2024 14:00:00,SCA|NO2,mFRR,Not Specified,Not Specified,MARGINAL,14.99,-1.5
04/05/2024 14:00:00 - 04/05/2024 15:00:00,SCA|NO2,mFRR,Not Specified,Not Specified,MARGINAL,20.26,-1.5
04/05/2024 15:00:00 - 04/05/2024 16:00:00,SCA|NO2,mFRR,Not Specified,Not Specified,MARGINAL,34.92,10.5
04/05/2024 16:00:00 - 04/05/2024 17:00:00,SCA|NO2,mFRR,Not Specified,Not Specified,MARGINAL,44.79,28.09
04/05/2024 17:00:00 - 04/05/2024 18:00:00,SCA|NO2,mFRR,Not Specified,Not Specified,MARGINAL,47.19,28.5
04/05/2024 18:00:00 - 04/05/2024 19:00:00,SCA|NO2,mFRR,Not Specified,Not Specified,MARGINAL,51.0,47.02
04/05/2024 19:00:00 - 04/05/2024 20:00:00,SCA|NO2,mFRR,Not Specified,Not Specified,MARGINAL,51.0,47.7
04/05/2024 20:00:00 - 04/05/2024 21:00:00,SCA|NO2,mFRR,Not Specified,Not Specified,MARGINAL,47.81,47.81
04/05/2024 21:00:00 - 04/05/2024 22:00:00,SCA|NO2,mFRR,Not Specified,Not Specified,MARGINAL,47.77,47.77
04/05/2024 22:00:00 - 04/05/2024 23:00:00,SCA|NO2,mFRR,Not Specified,Not Specified,MARGINAL,47.61,47.61
04/05/2024 23:00:00 - 05/05/2024 00:00:00,SCA|NO2,mFRR,Not Specified,Not Specified,MARGINAL,47.46,36.0
05/05/2024 00:00:00 - 05/05/2024 01:00:00,SCA|NO2,mFRR,Not Specified,Not Specified,MARGINAL,47.46,47.46
05/05/2024 01:00:00 - 05/05/2024 02:00:00,SCA|NO2,mFRR,Not Specified,Not Specified,MARGINAL,47.32,47.32
05/05/2024 02:00:00 - 05/05/2024 03:00:00,SCA|NO2,mFRR,Not Specified,Not Specified,MARGINAL,47.26,47.26
05/05/2024 03:00:00 - 05/05/2024 04:00:00,SCA|NO2,mFRR,Not Specified,Not Specified,MARGINAL,47.26,33.5
05/05/2024 04:00:00 - 05/05/2024 05:00:00,SCA|NO2,mFRR,Not Specified,Not Specified,MARGINAL,47.27,33.5
05/05/2024 05:00:00 - 05/05/2024 06:00:00,SCA|NO2,mFRR,Not Specified,Not Specified,MARGINAL,47.33,36.0
05/05/2024 06:00:00 - 05/05/2024 07:00:00,SCA|NO2,mFRR,Not Specified,Not Specified,MARGINAL,47.47,33.5
05/05/2024 07:00:00 - 05/05/2024 08:00:00,SCA|NO2,mFRR,Not Specified,Not Specified,MARGINAL,46.17,31.5
05/05/2024 08:00:00 - 05/05/2024 09:00:00,SCA|NO2,mFRR,Not Specified,Not Specified,MARGINAL,35.72,10.0
05/05/2024 09:00:00 - 05/05/2024 10:00:00,SCA|NO2,mFRR,Not Specified,Not Specified,MARGINAL,30.67,1.0
05/05/2024 10:00:00 - 05/05/2024 11:00:00,SCA|NO2,mFRR,Not Specified,Not Specified,MARGINAL,15.0,2.5
05/05/2024 11:00:00 - 05/05/2024 12:00:00,SCA|NO2,mFRR,Not Specified,Not Specified,MARGINAL,3.7,-2.0
05/05/2024 12:00:00 - 05/05/2024 13:00:00,SCA|NO2,mFRR,Not Specified,Not Specified,MARGINAL,3.27,3.27
05/05/2024 13:00:00 - 05/05/2024 14:00:00,SCA|NO2,mFRR,Not Specified,Not Specified,MARGINAL,2.0,1.5
05/05/2024 14:00:00 - 05/05/2024 15:00:00,SCA|NO2,mFRR,Not Specified,Not Specified,MARGINAL,1.9,1.4
05/05/2024 15:00:00 - 05/05/2024 16:00:00,SCA|NO2,mFRR,Not Specified,Not Specified,MARGINAL,25.0,11.4
05/05/2024 16:00:00 - 05/05/2024 17:00:00,SCA|NO2,mFRR,Not Specified,Not Specified,MARGINAL,33.0,21.79
05/05/2024 17:00:00 - 05/05/2024 18:00:00,SCA|NO2,mFRR,Not Specified,Not Specified,MARGINAL,35.43,35.43
05/05/2024 18:00:00 - 05/05/2024 19:00:00,SCA|NO2,mFRR,Not Specified,Not Specified,MARGINAL,51.5,46.34
05/05/2024 19:00:00 - 05/05/2024 20:00:00,SCA|NO2,mFRR,Not Specified,Not Specified,MARGINAL,51.5,46.52
05/05/2024 20:00:00 - 05/05/2024 21:00:00,SCA|NO2,mFRR,Not Specified,Not Specified,MARGINAL,46.97,46.52
05/05/2024 21:00:00 - 05/05/2024 22:00:00,SCA|NO2,mFRR,Not Specified,Not Specified,MARGINAL,51.0,47.0
05/05/2024 22:00:00 - 05/05/2024 23:00:00,SCA|NO2,mFRR,Not Specified,Not Specified,MARGINAL,52.0,46.89
05/05/2024 23:00:00 - 06/05/2024 00:00:00,SCA|NO2,mFRR,Not Specified,Not Specified,MARGINAL,46.58,46.58
06/05/2024 00:00:00 - 06/05/2024 01:00:00,SCA|NO2,mFRR,Not Specified,Not Specified,MARGINAL,47.44,47.44
06/05/2024 01:00:00 - 06/05/2024 02:00:00,SCA|NO2,mFRR,Not Specified,Not Specified,MARGINAL,47.31,39.0
06/05/2024 02:00:00 - 06/05/2024 03:00:00,SCA|NO2,mFRR,Not Specified,Not Specified,MARGINAL,47.24,33.5
06/05/2024 03:00:00 - 06/05/2024 04:00:00,SCA|NO2,mFRR,Not Specified,Not Specified,MARGINAL,47.44,36.0
06/05/2024 04:00:00 - 06/05/2024 05:00:00,SCA|NO2,mFRR,Not Specified,Not Specified,MARGINAL,47.72,47.72
06/05/2024 05:00:00 - 06/05/2024 06:00:00,SCA|NO2,mFRR,Not Specified,Not Specified,MARGINAL,46.54,46.54
06/05/2024 06:00:00 - 06/05/2024 07:00:00,SCA|NO2,mFRR,Not Specified,Not Specified,MARGINAL,48.69,48.69
06/05/2024 07:00:00 - 06/05/2024 08:00:00,SCA|NO2,mFRR,Not Specified,Not Specified,MARGINAL,54.43,54.43
06/05/2024 08:00:00 - 06/05/2024 09:00:00,SCA|NO2,mFRR,Not Specified,Not Specified,MARGINAL,67.96,54.0
06/05/2024 09:00:00 - 06/05/2024 10:00:00,SCA|NO2,mFRR,Not Specified,Not Specified,MARGINAL,69.81,54.0
06/05/2024 10:00:00 - 06/05/2024 11:00:00,SCA|NO2,mFRR,Not Specified,Not Specified,MARGINAL,60.02,60.0
06/05/2024 11:00:00 - 06/05/2024 12:00:00,SCA|NO2,mFRR,Not Specified,Not Specified,MARGINAL,49.55,45.82
06/05/2024 12:00:00 - 06/05/2024 13:00:00,SCA|NO2,mFRR,Not Specified,Not Specified,MARGINAL,48.79,48.79
06/05/2024 13:00:00 - 06/05/2024 14:00:00,SCA|NO2,mFRR,Not Specified,Not Specified,MARGINAL,48.92,48.92
06/05/2024 14:00:00 - 06/05/2024 15:00:00,SCA|NO2,mFRR,Not Specified,Not Specified,MARGINAL,52.0,48.59
06/05/2024 15:00:00 - 06/05/2024 16:00:00,SCA|NO2,mFRR,Not Specified,Not Specified,MARGINAL,51.0,48.55
06/05/2024 16:00:00 - 06/05/2024 17:00:00,SCA|NO2,mFRR,Not Specified,Not Specified,MARGINAL,51.0,48.5
06/05/2024 17:00:00 - 06/05/2024 18:00:00,SCA|NO2,mFRR,Not Specified,Not Specified,MARGINAL,58.44,55.08
06/05/2024 18:00:00 - 06/05/2024 19:00:00,SCA|NO2,mFRR,Not Specified,Not Specified,MARGINAL,82.82,82.82
06/05/2024 19:00:00 - 06/05/2024 20:00:00,SCA|NO2,mFRR,Not Specified,Not Specified,MARGINAL,83.44,83.44
06/05/2024 20:00:00 - 06/05/2024 21:00:00,SCA|NO2,mFRR,Not Specified,Not Specified,MARGINAL,134.0,133.54
06/05/2024 21:00:00 - 06/05/2024 22:00:00,SCA|NO2,mFRR,Not Specified,Not Specified,MARGINAL,104.64,104.64
06/05/2024 22:00:00 - 06/05/2024 23:00:00,SCA|NO2,mFRR,Not Specified,Not Specified,MARGINAL,91.56,91.56
06/05/2024 23:00:00 - 07/05/2024 00:00:00,SCA|NO2,mFRR,Not Specified,Not Specified,MARGINAL,55.53,55.53
07/05/2024 00:00:00 - 07/05/2024 01:00:00,SCA|NO2,mFRR,Not Specified,Not Specified,MARGINAL,79.2,46.93
07/05/2024 01:00:00 - 07/05/2024 02:00:00,SCA|NO2,mFRR,Not Specified,Not Specified,MARGINAL,76.71,55.0
07/05/2024 02:00:00 - 07/05/2024 03:00:00,SCA|NO2,mFRR,Not Specified,Not Specified,MARGINAL,74.83,74.83
07/05/2024 03:00:00 - 07/05/2024 04:00:00,SCA|NO2,mFRR,Not Specified,Not Specified,MARGINAL,77.51,77.51
07/05/2024 04:00:00 - 07/05/2024 05:00:00,SCA|NO2,mFRR,Not Specified,Not Specified,MARGINAL,77.6,77.6
07/05/2024 05:00:00 - 07/05/2024 06:00:00,SCA|NO2,mFRR,Not Specified,Not Specified,MARGINAL,79.51,79.51
07/05/2024 06:00:00 - 07/05/2024 07:00:00,SCA|NO2,mFRR,Not Specified,Not Specified,MARGINAL,89.57,89.57
07/05/2024 07:00:00 - 07/05/2024 08:00:00,SCA|NO2,mFRR,Not Specified,Not Specified,MARGINAL,114.78,114.78
07/05/2024 08:00:00 - 07/05/2024 09:00:00,SCA|NO2,mFRR,Not Specified,Not Specified,MARGINAL,109.06,109.06
07/05/2024 09:00:00 - 07/05/2024 10:00:00,SCA|NO2,mFRR,Not Specified,Not Specified,MARGINAL,88.82,41.0
07/05/2024 10:00:00 - 07/05/2024 11:00:00,SCA|NO2,mFRR,Not Specified,Not Specified,MARGINAL,81.56,41.0
07/05/2024 11:00:00 - 07/05/2024 12:00:00,SCA|NO2,mFRR,Not Specified,Not Specified,MARGINAL,69.91,39.0
07/05/2024 12:00:00 - 07/05/2024 13:00:00,SCA|NO2,mFRR,Not Specified,Not Specified,MARGINAL,55.31,46.0
07/05/2024 13:00:00 - 07/05/2024 14:00:00,SCA|NO2,mFRR,Not Specified,Not Specified,MARGINAL,50.25,39.0
07/05/2024 14:00:00 - 07/05/2024 15:00:00,SCA|NO2,mFRR,Not Specified,Not Specified,MARGINAL,46.5,33.04
07/05/2024 15:00:00 - 07/05/2024 16:00:00,SCA|NO2,mFRR,Not Specified,Not Specified,MARGINAL,47.39,31.51
07/05/2024 16:00:00 - 07/05/2024 17:00:00,SCA|NO2,mFRR,Not Specified,Not Specified,MARGINAL,53.01,47.5
07/05/2024 17:00:00 - 07/05/2024 18:00:00,SCA|NO2,mFRR,Not Specified,Not Specified,MARGINAL,58.63,58.63
07/05/2024 18:00:00 - 07/05/2024 19:00:00,SCA|NO2,mFRR,Not Specified,Not Specified,MARGINAL,79.53,61.0
07/05/2024 19:00:00 - 07/05/2024 20:00:00,SCA|NO2,mFRR,Not Specified,Not Specified,MARGINAL,79.99,79.99
07/05/2024 20:00:00 - 07/05/2024 21:00:00,SCA|NO2,mFRR,Not Specified,Not Specified,MARGINAL,97.57,97.57
07/05/2024 21:00:00 - 07/05/2024 22:00:00,SCA|NO2,mFRR,Not Specified,Not Specified,MARGINAL,99.95,99.95
07/05/2024 22:00:00 - 07/05/2024 23:00:00,SCA|NO2,mFRR,Not Specified,Not Specified,MARGINAL,98.45,98.45
07/05/2024 23:00:00 - 08/05/2024 00:00:00,SCA|NO2,mFRR,Not Specified,Not Specified,MARGINAL,76.84,76.84
08/05/2024 00:00:00 - 08/05/2024 01:00:00,SCA|NO2,mFRR,Not Specified,Not Specified,MARGINAL,81.37,48.24
08/05/2024 01:00:00 - 08/05/2024 02:00:00,SCA|NO2,mFRR,Not Specified,Not Specified,MARGINAL,78.33,49.5
08/05/2024 02:00:00 - 08/05/2024 03:00:00,SCA|NO2,mFRR,Not Specified,Not Specified,MARGINAL,78.37,50.0
08/05/2024 03:00:00 - 08/05/2024 04:00:00,SCA|NO2,mFRR,Not Specified,Not Specified,MARGINAL,79.91,46.96
08/05/2024 04:00:00 - 08/05/2024 05:00:00,SCA|NO2,mFRR,Not Specified,Not Specified,MARGINAL,77.6,36.0
08/05/2024 05:00:00 - 08/05/2024 06:00:00,SCA|NO2,mFRR,Not Specified,Not Specified,MARGINAL,72.03,46.5
08/05/2024 06:00:00 - 08/05/2024 07:00:00,SCA|NO2,mFRR,Not Specified,Not Specified,MARGINAL,79.5,47.5
08/05/2024 07:00:00 - 08/05/2024 08:00:00,SCA|NO2,mFRR,Not Specified,Not Specified,MARGINAL,115.51,115.51
08/05/2024 08:00:00 - 08/05/2024 09:00:00,SCA|NO2,mFRR,Not Specified,Not Specified,MARGINAL,106.71,106.71
08/05/2024 09:00:00 - 08/05/2024 10:00:00,SCA|NO2,mFRR,Not Specified,Not Specified,MARGINAL,89.55,89.55
08/05/2024 10:00:00 - 08/05/2024 11:00:00,SCA|NO2,mFRR,Not Specified,Not Specified,MARGINAL,82.75,82.75
08/05/2024 11:00:00 - 08/05/2024 12:00:00,SCA|NO2,mFRR,Not Specified,Not Specified,MARGINAL,77.02,77.02
08/05/2024 12:00:00 - 08/05/2024 13:00:00,SCA|NO2,mFRR,Not Specified,Not Specified,MARGINAL,63.95,63.95
08/05/2024 13:00:00 - 08/05/2024 14:00:00,SCA|NO2,mFRR,Not Specified,Not Specified,MARGINAL,59.95,50.5
08/05/2024 14:00:00 - 08/05/2024 15:00:00,SCA|NO2,mFRR,Not Specified,Not Specified,MARGINAL,60.11,50.5
08/05/2024 15:00:00 - 08/05/2024 16:00:00,SCA|NO2,mFRR,Not Specified,Not Specified,MARGINAL,80.0,57.98
08/05/2024 16:00:00 - 08/05/2024 17:00:00,SCA|NO2,mFRR,Not Specified,Not Specified,MARGINAL,80.0,61.82
08/05/2024 17:00:00 - 08/05/2024 18:00:00,SCA|NO2,mFRR,Not Specified,Not Specified,MARGINAL,72.69,72.69
08/05/2024 18:00:00 - 08/05/2024 19:00:00,SCA|NO2,mFRR,Not Specified,Not Specified,MARGINAL,79.91,79.91
08/05/2024 19:00:00 - 08/05/2024 20:00:00,SCA|NO2,mFRR,Not Specified,Not Specified,MARGINAL,98.43,98.43
08/05/2024 20:00:00 - 08/05/2024 21:00:00,SCA|NO2,mFRR,Not Specified,Not Specified,MARGINAL,83.95,83.95
08/05/2024 21:00:00 - 08/05/2024 22:00:00,SCA|NO2,mFRR,Not Specified,Not Specified,MARGINAL,85.0,85.0
08/05/2024 22:00:00 - 08/05/2024 23:00:00,SCA|NO2,mFRR,Not Specified,Not Specified,MARGINAL,72.45,72.45
08/05/2024 23:00:00 - 09/05/2024 00:00:00,SCA|NO2,mFRR,Not Specified,Not Specified,MARGINAL,70.94,70.94
09/05/2024 00:00:00 - 09/05/2024 01:00:00,SCA|NO2,mFRR,Not Specified,Not Specified,MARGINAL,69.0,61.49
09/05/2024 01:00:00 - 09/05/2024 02:00:00,SCA|NO2,mFRR,Not Specified,Not Specified,MARGINAL,68.64,63.05
09/05/2024 02:00:00 - 09/05/2024 03:00:00,SCA|NO2,mFRR,Not Specified,Not Specified,MARGINAL,61.49,61.49
09/05/2024 03:00:00 - 09/05/2024 04:00:00,SCA|NO2,mFRR,Not Specified,Not Specified,MARGINAL,61.4,61.4
09/05/2024 04:00:00 - 09/05/2024 05:00:00,SCA|NO2,mFRR,Not Specified,Not Specified,MARGINAL,60.5,59.95
09/05/2024 05:00:00 - 09/05/2024 06:00:00,SCA|NO2,mFRR,Not Specified,Not Specified,MARGINAL,61.48,61.48
09/05/2024 06:00:00 - 09/05/2024 07:00:00,SCA|NO2,mFRR,Not Specified,Not Specified,MARGINAL,62.08,62.08
09/05/2024 07:00:00 - 09/05/2024 08:00:00,SCA|NO2,mFRR,Not Specified,Not Specified,MARGINAL,62.59,62.59
09/05/2024 08:00:00 - 09/05/2024 09:00:00,SCA|NO2,mFRR,Not Specified,Not Specified,MARGINAL,60.5,54.19
09/05/2024 09:00:00 - 09/05/2024 10:00:00,SCA|NO2,mFRR,Not Specified,Not Specified,MARGINAL,60.5,38.81
09/05/2024 10:00:00 - 09/05/2024 11:00:00,SCA|NO2,mFRR,Not Specified,Not Specified,MARGINAL,29.0,10.58
09/05/2024 11:00:00 - 09/05/2024 12:00:00,SCA|NO2,mFRR,Not Specified,Not Specified,MARGINAL,19.0,3.3
09/05/2024 12:00:00 - 09/05/2024 13:00:00,SCA|NO2,mFRR,Not Specified,Not Specified,MARGINAL,11.0,0.52
09/05/2024 13:00:00 - 09/05/2024 14:00:00,SCA|NO2,mFRR,Not Specified,Not Specified,MARGINAL,11.0,-0.18
09/05/2024 14:00:00 - 09/05/2024 15:00:00,SCA|NO2,mFRR,Not Specified,Not Specified,MARGINAL,9.16,-0.07
09/05/2024 15:00:00 - 09/05/2024 16:00:00,SCA|NO2,mFRR,Not Specified,Not Specified,MARGINAL,8.1,8.1
09/05/2024 16:00:00 - 09/05/2024 17:00:00,SCA|NO2,mFRR,Not Specified,Not Specified,MARGINAL,36.82,36.82
09/05/2024 17:00:00 - 09/05/2024 18:00:00,SCA|NO2,mFRR,Not Specified,Not Specified,MARGINAL,65.17,44.43
09/05/2024 18:00:00 - 09/05/2024 19:00:00,SCA|NO2,mFRR,Not Specified,Not Specified,MARGINAL,69.0,56.63
09/05/2024 19:00:00 - 09/05/2024 20:00:00,SCA|NO2,mFRR,Not Specified,Not Specified,MARGINAL,86.9,86.9
09/05/2024 20:00:00 - 09/05/2024 21:00:00,SCA|NO2,mFRR,Not Specified,Not Specified,MARGINAL,79.93,79.93
09/05/2024 21:00:00 - 09/05/2024 22:00:00,SCA|NO2,mFRR,Not Specified,Not Specified,MARGINAL,64.58,64.58
09/05/2024 22:00:00 - 09/05/2024 23:00:00,SCA|NO2,mFRR,Not Specified,Not Specified,MARGINAL,64.52,64.52
09/05/2024 23:00:00 - 10/05/2024 00:00:00,SCA|NO2,mFRR,Not Specified,Not Specified,MARGINAL,61.37,61.37
10/05/2024 00:00:00 - 10/05/2024 01:00:00,SCA|NO2,mFRR,Not Specified,Not Specified,MARGINAL,53.04,53.04
10/05/2024 01:00:00 - 10/05/2024 02:00:00,SCA|NO2,mFRR,Not Specified,Not Specified,MARGINAL,50.98,36.5
10/05/2024 02:00:00 - 10/05/2024 03:00:00,SCA|NO2,mFRR,Not Specified,Not Specified,MARGINAL,50.76,36.5
10/05/2024 03:00:00 - 10/05/2024 04:00:00,SCA|NO2,mFRR,Not Specified,Not Specified,MARGINAL,51.47,40.5
10/05/2024 04:00:00 - 10/05/2024 05:00:00,SCA|NO2,mFRR,Not Specified,Not Specified,MARGINAL,51.92,51.92
10/05/2024 05:00:00 - 10/05/2024 06:00:00,SCA|NO2,mFRR,Not Specified,Not Specified,MARGINAL,53.96,44.0
10/05/2024 06:00:00 - 10/05/2024 07:00:00,SCA|NO2,mFRR,Not Specified,Not Specified,MARGINAL,57.97,44.0
10/05/2024 07:00:00 - 10/05/2024 08:00:00,SCA|NO2,mFRR,Not Specified,Not Specified,MARGINAL,57.69,57.69
10/05/2024 08:00:00 - 10/05/2024 09:00:00,SCA|NO2,mFRR,Not Specified,Not Specified,MARGINAL,53.97,46.5
10/05/2024 09:00:00 - 10/05/2024 10:00:00,SCA|NO2,mFRR,Not Specified,Not Specified,MARGINAL,57.5,48.37
10/05/2024 10:00:00 - 10/05/2024 11:00:00,SCA|NO2,mFRR,Not Specified,Not Specified,MARGINAL,39.85,39.85
10/05/2024 11:00:00 - 10/05/2024 12:00:00,SCA|NO2,mFRR,Not Specified,Not Specified,MARGINAL,23.86,7.0
10/05/2024 12:00:00 - 10/05/2024 13:00:00,SCA|NO2,mFRR,Not Specified,Not Specified,MARGINAL,0.6,0.0
10/05/2024 13:00:00 - 10/05/2024 14:00:00,SCA|NO2,mFRR,Not Specified,Not Specified,MARGINAL,0.43,0.0
10/05/2024 14:00:00 - 10/05/2024 15:00:00,SCA|NO2,mFRR,Not Specified,Not Specified,MARGINAL,12.07,12.0
10/05/2024 15:00:00 - 10/05/2024 16:00:00,SCA|NO2,mFRR,Not Specified,Not Specified,MARGINAL,37.97,10.97
10/05/2024 16:00:00 - 10/05/2024 17:00:00,SCA|NO2,mFRR,Not Specified,Not Specified,MARGINAL,47.91,34.0
10/05/2024 17:00:00 - 10/05/2024 18:00:00,SCA|NO2,mFRR,Not Specified,Not Specified,MARGINAL,60.0,51.75
10/05/2024 18:00:00 - 10/05/2024 19:00:00,SCA|NO2,mFRR,Not Specified,Not Specified,MARGINAL,61.0,52.08
10/05/2024 19:00:00 - 10/05/2024 20:00:00,SCA|NO2,mFRR,Not Specified,Not Specified,MARGINAL,61.0,51.14
10/05/2024 20:00:00 - 10/05/2024 21:00:00,SCA|NO2,mFRR,Not Specified,Not Specified,MARGINAL,61.0,50.82
10/05/2024 21:00:00 - 10/05/2024 22:00:00,SCA|NO2,mFRR,Not Specified,Not Specified,MARGINAL,53.5,51.92
10/05/2024 22:00:00 - 10/05/2024 23:00:00,SCA|NO2,mFRR,Not Specified,Not Specified,MARGINAL,53.5,51.79
10/05/2024 23:00:00 - 11/05/2024 00:00:00,SCA|NO2,mFRR,Not Specified,Not Specified,MARGINAL,53.5,51.91
11/05/2024 00:00:00 - 11/05/2024 01:00:00,SCA|NO2,mFRR,Not Specified,Not Specified,MARGINAL,57.0,43.84
11/05/2024 01:00:00 - 11/05/2024 02:00:00,SCA|NO2,mFRR,Not Specified,Not Specified,MARGINAL,56.0,42.23
11/05/2024 02:00:00 - 11/05/2024 03:00:00,SCA|NO2,mFRR,Not Specified,Not Specified,MARGINAL,56.0,41.45
11/05/2024 03:00:00 - 11/05/2024 04:00:00,SCA|NO2,mFRR,Not Specified,Not Specified,MARGINAL,57.0,40.83
11/05/2024 04:00:00 - 11/05/2024 05:00:00,SCA|NO2,mFRR,Not Specified,Not Specified,MARGINAL,57.0,40.82
11/05/2024 05:00:00 - 11/05/2024 06:00:00,SCA|NO2,mFRR,Not Specified,Not Specified,MARGINAL,56.0,40.59
11/05/2024 06:00:00 - 11/05/2024 07:00:00,SCA|NO2,mFRR,Not Specified,Not Specified,MARGINAL,56.0,41.99
11/05/2024 07:00:00 - 11/05/2024 08:00:00,SCA|NO2,mFRR,Not Specified,Not Specified,MARGINAL,56.0,47.57
11/05/2024 08:00:00 - 11/05/2024 09:00:00,SCA|NO2,mFRR,Not Specified,Not Specified,MARGINAL,36.13,36.13
11/05/2024 09:00:00 - 11/05/2024 10:00:00,SCA|NO2,mFRR,Not Specified,Not Specified,MARGINAL,22.21,22.21
11/05/2024 10:00:00 - 11/05/2024 11:00:00,SCA|NO2,mFRR,Not Specified,Not Specified,MARGINAL,8.58,0.27
11/05/2024 11:00:00 - 11/05/2024 12:00:00,SCA|NO2,mFRR,Not Specified,Not Specified,MARGINAL,0.0,0.0
11/05/2024 12:00:00 - 11/05/2024 13:00:00,SCA|NO2,mFRR,Not Specified,Not Specified,MARGINAL,-0.58,-1.08
11/05/2024 13:00:00 - 11/05/2024 14:00:00,SCA|NO2,mFRR,Not Specified,Not Specified,MARGINAL,-0.88,-6.0
11/05/2024 14:00:00 - 11/05/2024 15:00:00,SCA|NO2,mFRR,Not Specified,Not Specified,MARGINAL,-0.91,-6.0
11/05/2024 15:00:00 - 11/05/2024 16:00:00,SCA|NO2,mFRR,Not Specified,Not Specified,MARGINAL,-0.03,-6.0
11/05/2024 16:00:00 - 11/05/2024 17:00:00,SCA|NO2,mFRR,Not Specified,Not Specified,MARGINAL,19.22,-3.0
11/05/2024 17:00:00 - 11/05/2024 18:00:00,SCA|NO2,mFRR,Not Specified,Not Specified,MARGINAL,31.97,6.0
11/05/2024 18:00:00 - 11/05/2024 19:00:00,SCA|NO2,mFRR,Not Specified,Not Specified,MARGINAL,48.17,23.5
11/05/2024 19:00:00 - 11/05/2024 20:00:00,SCA|NO2,mFRR,Not Specified,Not Specified,MARGINAL,52.88,52.88
11/05/2024 20:00:00 - 11/05/2024 21:00:00,SCA|NO2,mFRR,Not Specified,Not Specified,MARGINAL,52.8,52.8
11/05/2024 21:00:00 - 11/05/2024 22:00:00,SCA|NO2,mFRR,Not Specified,Not Specified,MARGINAL,52.86,52.86
11/05/2024 22:00:00 - 11/05/2024 23:00:00,SCA|NO2,mFRR,Not Specified,Not Specified,MARGINAL,51.07,38.0
11/05/2024 23:00:00 - 12/05/2024 00:00:00,SCA|NO2,mFRR,Not Specified,Not Specified,MARGINAL,49.21,36.0
12/05/2024 00:00:00 - 12/05/2024 01:00:00,SCA|NO2,mFRR,Not Specified,Not Specified,MARGINAL,48.13,33.0
12/05/2024 01:00:00 - 12/05/2024 02:00:00,SCA|NO2,mFRR,Not Specified,Not Specified,MARGINAL,42.63,33.0
12/05/2024 02:00:00 - 12/05/2024 03:00:00,SCA|NO2,mFRR,Not Specified,Not Specified,MARGINAL,41.35,33.0
12/05/2024 03:00:00 - 12/05/2024 04:00:00,SCA|NO2,mFRR,Not Specified,Not Specified,MARGINAL,37.96,33.0
12/05/2024 04:00:00 - 12/05/2024 05:00:00,SCA|NO2,mFRR,Not Specified,Not Specified,MARGINAL,38.38,33.0
12/05/2024 05:00:00 - 12/05/2024 06:00:00,SCA|NO2,mFRR,Not Specified,Not Specified,MARGINAL,36.98,33.0
12/05/2024 06:00:00 - 12/05/2024 07:00:00,SCA|NO2,mFRR,Not Specified,Not Specified,MARGINAL,17.61,17.61
12/05/2024 07:00:00 - 12/05/2024 08:00:00,SCA|NO2,mFRR,Not Specified,Not Specified,MARGINAL,4.54,2.0
12/05/2024 08:00:00 - 12/05/2024 09:00:00,SCA|NO2,mFRR,Not Specified,Not Specified,MARGINAL,2.6,-7.0
12/05/2024 09:00:00 - 12/05/2024 10:00:00,SCA|NO2,mFRR,Not Specified,Not Specified,MARGINAL,-0.99,-7.0
12/05/2024 10:00:00 - 12/05/2024 11:00:00,SCA|NO2,mFRR,Not Specified,Not Specified,MARGINAL,-2.57,-8.0
12/05/2024 11:00:00 - 12/05/2024 12:00:00,SCA|NO2,mFRR,Not Specified,Not Specified,MARGINAL,-4.07,-8.0
12/05/2024 12:00:00 - 12/05/2024 13:00:00,SCA|NO2,mFRR,Not Specified,Not Specified,MARGINAL,-5.09,-8.0
12/05/2024 13:00:00 - 12/05/2024 14:00:00,SCA|NO2,mFRR,Not Specified,Not Specified,MARGINAL,-6.58,-6.9
12/05/2024 14:00:00 - 12/05/2024 15:00:00,SCA|NO2,mFRR,Not Specified,Not Specified,MARGINAL,-5.16,-6.0
12/05/2024 15:00:00 - 12/05/2024 16:00:00,SCA|NO2,mFRR,Not Specified,Not Specified,MARGINAL,5.0,-4.0
12/05/2024 16:00:00 - 12/05/2024 17:00:00,SCA|NO2,mFRR,Not Specified,Not Specified,MARGINAL,5.0,-7.0
12/05/2024 17:00:00 - 12/05/2024 18:00:00,SCA|NO2,mFRR,Not Specified,Not Specified,MARGINAL,2.59,-7.0
12/05/2024 18:00:00 - 12/05/2024 19:00:00,SCA|NO2,mFRR,Not Specified,Not Specified,MARGINAL,29.51,20.0
12/05/2024 19:00:00 - 12/05/2024 20:00:00,SCA|NO2,mFRR,Not Specified,Not Specified,MARGINAL,40.09,32.0
12/05/2024 20:00:00 - 12/05/2024 21:00:00,SCA|NO2,mFRR,Not Specified,Not Specified,MARGINAL,55.0,44.93
12/05/2024 21:00:00 - 12/05/2024 22:00:00,SCA|NO2,mFRR,Not Specified,Not Specified,MARGINAL,55.0,48.7
12/05/2024 22:00:00 - 12/05/2024 23:00:00,SCA|NO2,mFRR,Not Specified,Not Specified,MARGINAL,42.11,36.5
12/05/2024 23:00:00 - 13/05/2024 00:00:00,SCA|NO2,mFRR,Not Specified,Not Specified,MARGINAL,35.61,35.61
13/05/2024 00:00:00 - 13/05/2024 01:00:00,SCA|NO2,mFRR,Not Specified,Not Specified,MARGINAL,26.84,22.0
13/05/2024 01:00:00 - 13/05/2024 02:00:00,SCA|NO2,mFRR,Not Specified,Not Specified,MARGINAL,25.25,24.0
13/05/2024 02:00:00 - 13/05/2024 03:00:00,SCA|NO2,mFRR,Not Specified,Not Specified,MARGINAL,25.01,24.0
13/05/2024 03:00:00 - 13/05/2024 04:00:00,SCA|NO2,mFRR,Not Specified,Not Specified,MARGINAL,24.11,24.11
13/05/2024 04:00:00 - 13/05/2024 05:00:00,SCA|NO2,mFRR,Not Specified,Not Specified,MARGINAL,27.0,27.0
13/05/2024 05:00:00 - 13/05/2024 06:00:00,SCA|NO2,mFRR,Not Specified,Not Specified,MARGINAL,34.99,23.5
13/05/2024 06:00:00 - 13/05/2024 07:00:00,SCA|NO2,mFRR,Not Specified,Not Specified,MARGINAL,48.0,29.0
13/05/2024 07:00:00 - 13/05/2024 08:00:00,SCA|NO2,mFRR,Not Specified,Not Specified,MARGINAL,72.0,44.73
13/05/2024 08:00:00 - 13/05/2024 09:00:00,SCA|NO2,mFRR,Not Specified,Not Specified,MARGINAL,70.0,45.19
13/05/2024 09:00:00 - 13/05/2024 10:00:00,SCA|NO2,mFRR,Not Specified,Not Specified,MARGINAL,40.0,37.59
13/05/2024 10:00:00 - 13/05/2024 11:00:00,SCA|NO2,mFRR,Not Specified,Not Specified,MARGINAL,26.55,3.0
13/05/2024 11:00:00 - 13/05/2024 12:00:00,SCA|NO2,mFRR,Not Specified,Not Specified,MARGINAL,7.04,3.0
13/05/2024 12:00:00 - 13/05/2024 13:00:00,SCA|NO2,mFRR,Not Specified,Not Specified,MARGINAL,1.59,1.59
13/05/2024 13:00:00 - 13/05/2024 14:00:00,SCA|NO2,mFRR,Not Specified,Not Specified,MARGINAL,1.01,1.01
13/05/2024 14:00:00 - 13/05/2024 15:00:00,SCA|NO2,mFRR,Not Specified,Not Specified,MARGINAL,23.0,0.3
13/05/2024 15:00:00 - 13/05/2024 16:00:00,SCA|NO2,mFRR,Not Specified,Not Specified,MARGINAL,26.81,1.51
13/05/2024 16:00:00 - 13/05/2024 17:00:00,SCA|NO2,mFRR,Not Specified,Not Specified,MARGINAL,33.0,17.19
13/05/2024 17:00:00 - 13/05/2024 18:00:00,SCA|NO2,mFRR,Not Specified,Not Specified,MARGINAL,43.0,33.93
13/05/2024 18:00:00 - 13/05/2024 19:00:00,SCA|NO2,mFRR,Not Specified,Not Specified,MARGINAL,48.0,37.6
13/05/2024 19:00:00 - 13/05/2024 20:00:00,SCA|NO2,mFRR,Not Specified,Not Specified,MARGINAL,48.0,37.53
13/05/2024 20:00:00 - 13/05/2024 21:00:00,SCA|NO2,mFRR,Not Specified,Not Specified,MARGINAL,48.0,37.09
13/05/2024 21:00:00 - 13/05/2024 22:00:00,SCA|NO2,mFRR,Not Specified,Not Specified,MARGINAL,48.0,34.1
13/05/2024 22:00:00 - 13/05/2024 23:00:00,SCA|NO2,mFRR,Not Specified,Not Specified,MARGINAL,48.0,30.4
13/05/2024 23:00:00 - 14/05/2024 00:00:00,SCA|NO2,mFRR,Not Specified,Not Specified,MARGINAL,48.0,32.68
14/05/2024 00:00:00 - 14/05/2024 01:00:00,SCA|NO2,mFRR,Not Specified,Not Specified,MARGINAL,42.0,23.38
14/05/2024 01:00:00 - 14/05/2024 02:00:00,SCA|NO2,mFRR,Not Specified,Not Specified,MARGINAL,46.0,19.95
14/05/2024 02:00:00 - 14/05/2024 03:00:00,SCA|NO2,mFRR,Not Specified,Not Specified,MARGINAL,46.0,19.93
14/05/2024 03:00:00 - 14/05/2024 04:00:00,SCA|NO2,mFRR,Not Specified,Not Specified,MARGINAL,46.0,19.95
14/05/2024 04:00:00 - 14/05/2024 05:00:00,SCA|NO2,mFRR,Not Specified,Not Specified,MARGINAL,46.0,20.0
14/05/2024 05:00:00 - 14/05/2024 06:00:00,SCA|NO2,mFRR,Not Specified,Not Specified,MARGINAL,46.0,23.01
14/05/2024 06:00:00 - 14/05/2024 07:00:00,SCA|NO2,mFRR,Not Specified,Not Specified,MARGINAL,47.0,36.59
14/05/2024 07:00:00 - 14/05/2024 08:00:00,SCA|NO2,mFRR,Not Specified,Not Specified,MARGINAL,50.0,37.96
14/05/2024 08:00:00 - 14/05/2024 09:00:00,SCA|NO2,mFRR,Not Specified,Not Specified,MARGINAL,50.0,37.39
14/05/2024 09:00:00 - 14/05/2024 10:00:00,SCA|NO2,mFRR,Not Specified,Not Specified,MARGINAL,40.0,14.99
14/05/2024 10:00:00 - 14/05/2024 11:00:00,SCA|NO2,mFRR,Not Specified,Not Specified,MARGINAL,0.33,-4.0
14/05/2024 11:00:00 - 14/05/2024 12:00:00,SCA|NO2,mFRR,Not Specified,Not Specified,MARGINAL,-1.46,-7.91
14/05/2024 12:00:00 - 14/05/2024 13:00:00,SCA|NO2,mFRR,Not Specified,Not Specified,MARGINAL,-3.0,-7.91
14/05/2024 13:00:00 - 14/05/2024 14:00:00,SCA|NO2,mFRR,Not Specified,Not Specified,MARGINAL,-3.72,-9.02
14/05/2024 14:00:00 - 14/05/2024 15:00:00,SCA|NO2,mFRR,Not Specified,Not Specified,MARGINAL,-4.99,-5.49
14/05/2024 15:00:00 - 14/05/2024 16:00:00,SCA|NO2,mFRR,Not Specified,Not Specified,MARGINAL,2.31,-3.99
14/05/2024 16:00:00 - 14/05/2024 17:00:00,SCA|NO2,mFRR,Not Specified,Not Specified,MARGINAL,6.7,-0.1
14/05/2024 17:00:00 - 14/05/2024 18:00:00,SCA|NO2,mFRR,Not Specified,Not Specified,MARGINAL,4.21,4.21
14/05/2024 18:00:00 - 14/05/2024 19:00:00,SCA|NO2,mFRR,Not Specified,Not Specified,MARGINAL,45.0,28.87
14/05/2024 19:00:00 - 14/05/2024 20:00:00,SCA|NO2,mFRR,Not Specified,Not Specified,MARGINAL,46.0,36.53
14/05/2024 20:00:00 - 14/05/2024 21:00:00,SCA|NO2,mFRR,Not Specified,Not Specified,MARGINAL,42.5,36.63
14/05/2024 21:00:00 - 14/05/2024 22:00:00,SCA|NO2,mFRR,Not Specified,Not Specified,MARGINAL,42.5,36.33
14/05/2024 22:00:00 - 14/05/2024 23:00:00,SCA|NO2,mFRR,Not Specified,Not Specified,MARGINAL,32.42,32.42
14/05/2024 23:00:00 - 15/05/2024 00:00:00,SCA|NO2,mFRR,Not Specified,Not Specified,MARGINAL,26.85,26.85
15/05/2024 00:00:00 - 15/05/2024 01:00:00,SCA|NO2,mFRR,Not Specified,Not Specified,MARGINAL,29.62,8.0
15/05/2024 01:00:00 - 15/05/2024 02:00:00,SCA|NO2,mFRR,Not Specified,Not Specified,MARGINAL,31.34,4.0
15/05/2024 02:00:00 - 15/05/2024 03:00:00,SCA|NO2,mFRR,Not Specified,Not Specified,MARGINAL,29.64,4.0
15/05/2024 03:00:00 - 15/05/2024 04:00:00,SCA|NO2,mFRR,Not Specified,Not Specified,MARGINAL,29.62,4.0
15/05/2024 04:00:00 - 15/05/2024 05:00:00,SCA|NO2,mFRR,Not Specified,Not Specified,MARGINAL,28.97,10.0
15/05/2024 05:00:00 - 15/05/2024 06:00:00,SCA|NO2,mFRR,Not Specified,Not Specified,MARGINAL,26.88,26.88
15/05/2024 06:00:00 - 15/05/2024 07:00:00,SCA|NO2,mFRR,Not Specified,Not Specified,MARGINAL,34.37,34.37
15/05/2024 07:00:00 - 15/05/2024 08:00:00,SCA|NO2,mFRR,Not Specified,Not Specified,MARGINAL,38.0,36.61
15/05/2024 08:00:00 - 15/05/2024 09:00:00,SCA|NO2,mFRR,Not Specified,Not Specified,MARGINAL,39.0,37.89
15/05/2024 09:00:00 - 15/05/2024 10:00:00,SCA|NO2,mFRR,Not Specified,Not Specified,MARGINAL,37.0,36.01
15/05/2024 10:00:00 - 15/05/2024 11:00:00,SCA|NO2,mFRR,Not Specified,Not Specified,MARGINAL,30.0,18.53
15/05/2024 11:00:00 - 15/05/2024 12:00:00,SCA|NO2,mFRR,Not Specified,Not Specified,MARGINAL,5.65,-4.02
15/05/2024 12:00:00 - 15/05/2024 13:00:00,SCA|NO2,mFRR,Not Specified,Not Specified,MARGINAL,0.85,-4.02
15/05/2024 13:00:00 - 15/05/2024 14:00:00,SCA|NO2,mFRR,Not Specified,Not Specified,MARGINAL,-0.01,-4.02
15/05/2024 14:00:00 - 15/05/2024 15:00:00,SCA|NO2,mFRR,Not Specified,Not Specified,MARGINAL,-0.19,-4.02
15/05/2024 15:00:00 - 15/05/2024 16:00:00,SCA|NO2,mFRR,Not Specified,Not Specified,MARGINAL,0.83,0.83
15/05/2024 16:00:00 - 15/05/2024 17:00:00,SCA|NO2,mFRR,Not Specified,Not Specified,MARGINAL,7.0,6.68
15/05/2024 17:00:00 - 15/05/2024 18:00:00,SCA|NO2,mFRR,Not Specified,Not Specified,MARGINAL,18.81,5.0
15/05/2024 18:00:00 - 15/05/2024 19:00:00,SCA|NO2,mFRR,Not Specified,Not Specified,MARGINAL,28.92,14.0
15/05/2024 19:00:00 - 15/05/2024 20:00:00,SCA|NO2,mFRR,Not Specified,Not Specified,MARGINAL,34.37,34.37
15/05/2024 20:00:00 - 15/05/2024 21:00:00,SCA|NO2,mFRR,Not Specified,Not Specified,MARGINAL,36.08,36.08
15/05/2024 21:00:00 - 15/05/2024 22:00:00,SCA|NO2,mFRR,Not Specified,Not Specified,MARGINAL,34.59,34.59
15/05/2024 22:00:00 - 15/05/2024 23:00:00,SCA|NO2,mFRR,Not Specified,Not Specified,MARGINAL,34.38,34.38
15/05/2024 23:00:00 - 16/05/2024 00:00:00,SCA|NO2,mFRR,Not Specified,Not Specified,MARGINAL,32.02,32.02
16/05/2024 00:00:00 - 16/05/2024 01:00:00,SCA|NO2,mFRR,Not Specified,Not Specified,MARGINAL,20.39,20.39
16/05/2024 01:00:00 - 16/05/2024 02:00:00,SCA|NO2,mFRR,Not Specified,Not Specified,MARGINAL,19.67,19.67
16/05/2024 02:00:00 - 16/05/2024 03:00:00,SCA|NO2,mFRR,Not Specified,Not Specified,MARGINAL,19.66,11.0
16/05/2024 03:00:00 - 16/05/2024 04:00:00,SCA|NO2,mFRR,Not Specified,Not Specified,MARGINAL,19.23,11.0
16/05/2024 04:00:00 - 16/05/2024 05:00:00,SCA|NO2,mFRR,Not Specified,Not Specified,MARGINAL,19.47,11.0
16/05/2024 05:00:00 - 16/05/2024 06:00:00,SCA|NO2,mFRR,Not Specified,Not Specified,MARGINAL,17.2,10.0
16/05/2024 06:00:00 - 16/05/2024 07:00:00,SCA|NO2,mFRR,Not Specified,Not Specified,MARGINAL,25.22,12.0
16/05/2024 07:00:00 - 16/05/2024 08:00:00,SCA|NO2,mFRR,Not Specified,Not Specified,MARGINAL,35.52,26.0
16/05/2024 08:00:00 - 16/05/2024 09:00:00,SCA|NO2,mFRR,Not Specified,Not Specified,MARGINAL,35.0,35.0
16/05/2024 09:00:00 - 16/05/2024 10:00:00,SCA|NO2,mFRR,Not Specified,Not Specified,MARGINAL,26.75,26.75
16/05/2024 10:00:00 - 16/05/2024 11:00:00,SCA|NO2,mFRR,Not Specified,Not Specified,MARGINAL,16.8,16.8
16/05/2024 11:00:00 - 16/05/2024 12:00:00,SCA|NO2,mFRR,Not Specified,Not Specified,MARGINAL,8.93,8.93
16/05/2024 12:00:00 - 16/05/2024 13:00:00,SCA|NO2,mFRR,Not Specified,Not Specified,MARGINAL,0.73,-1.0
16/05/2024 13:00:00 - 16/05/2024 14:00:00,SCA|NO2,mFRR,Not Specified,Not Specified,MARGINAL,-0.19,-1.0
16/05/2024 14:00:00 - 16/05/2024 15:00:00,SCA|NO2,mFRR,Not Specified,Not Specified,MARGINAL,-0.16,-1.0
16/05/2024 15:00:00 - 16/05/2024 16:00:00,SCA|NO2,mFRR,Not Specified,Not Specified,MARGINAL,0.92,-1.0
16/05/2024 16:00:00 - 16/05/2024 17:00:00,SCA|NO2,mFRR,Not Specified,Not Specified,MARGINAL,10.0,10.0
16/05/2024 17:00:00 - 16/05/2024 18:00:00,SCA|NO2,mFRR,Not Specified,Not Specified,MARGINAL,17.28,17.28
16/05/2024 18:00:00 - 16/05/2024 19:00:00,SCA|NO2,mFRR,Not Specified,Not Specified,MARGINAL,20.81,17.54
16/05/2024 19:00:00 - 16/05/2024 20:00:00,SCA|NO2,mFRR,Not Specified,Not Specified,MARGINAL,24.36,10.0
16/05/2024 20:00:00 - 16/05/2024 21:00:00,SCA|NO2,mFRR,Not Specified,Not Specified,MARGINAL,25.45,10.0
16/05/2024 21:00:00 - 16/05/2024 22:00:00,SCA|NO2,mFRR,Not Specified,Not Specified,MARGINAL,24.55,10.0
16/05/2024 22:00:00 - 16/05/2024 23:00:00,SCA|NO2,mFRR,Not Specified,Not Specified,MARGINAL,22.35,12.0
16/05/2024 23:00:00 - 17/05/2024 00:00:00,SCA|NO2,mFRR,Not Specified,Not Specified,MARGINAL,27.78,12.0
17/05/2024 00:00:00 - 17/05/2024 01:00:00,SCA|NO2,mFRR,Not Specified,Not Specified,MARGINAL,19.92,19.92
17/05/2024 01:00:00 - 17/05/2024 02:00:00,SCA|NO2,mFRR,Not Specified,Not Specified,MARGINAL,19.25,19.25
17/05/2024 02:00:00 - 17/05/2024 03:00:00,SCA|NO2,mFRR,Not Specified,Not Specified,MARGINAL,18.99,18.99
17/05/2024 03:00:00 - 17/05/2024 04:00:00,SCA|NO2,mFRR,Not Specified,Not Specified,MARGINAL,18.8,18.8
17/05/2024 04:00:00 - 17/05/2024 05:00:00,SCA|NO2,mFRR,Not Specified,Not Specified,MARGINAL,18.77,18.77
17/05/2024 05:00:00 - 17/05/2024 06:00:00,SCA|NO2,mFRR,Not Specified,Not Specified,MARGINAL,19.19,19.19
17/05/2024 06:00:00 - 17/05/2024 07:00:00,SCA|NO2,mFRR,Not Specified,Not Specified,MARGINAL,40.0,23.07
17/05/2024 07:00:00 - 17/05/2024 08:00:00,SCA|NO2,mFRR,Not Specified,Not Specified,MARGINAL,45.0,29.97
17/05/2024 08:00:00 - 17/05/2024 09:00:00,SCA|NO2,mFRR,Not Specified,Not Specified,MARGINAL,45.0,32.45
17/05/2024 09:00:00 - 17/05/2024 10:00:00,SCA|NO2,mFRR,Not Specified,Not Specified,MARGINAL,45.5,26.04
17/05/2024 10:00:00 - 17/05/2024 11:00:00,SCA|NO2,mFRR,Not Specified,Not Specified,MARGINAL,40.0,20.06
17/05/2024 11:00:00 - 17/05/2024 12:00:00,SCA|NO2,mFRR,Not Specified,Not Specified,MARGINAL,27.0,19.19
17/05/2024 12:00:00 - 17/05/2024 13:00:00,SCA|NO2,mFRR,Not Specified,Not Specified,MARGINAL,15.0,0.0
17/05/2024 13:00:00 - 17/05/2024 14:00:00,SCA|NO2,mFRR,Not Specified,Not Specified,MARGINAL,14.51,-2.5
17/05/2024 14:00:00 - 17/05/2024 15:00:00,SCA|NO2,mFRR,Not Specified,Not Specified,MARGINAL,14.31,-4.0
17/05/2024 15:00:00 - 17/05/2024 16:00:00,SCA|NO2,mFRR,Not Specified,Not Specified,MARGINAL,15.0,-1.0
17/05/2024 16:00:00 - 17/05/2024 17:00:00,SCA|NO2,mFRR,Not Specified,Not Specified,MARGINAL,19.74,19.74
17/05/2024 17:00:00 - 17/05/2024 18:00:00,SCA|NO2,mFRR,Not Specified,Not Specified,MARGINAL,20.26,20.26
17/05/2024 18:00:00 - 17/05/2024 19:00:00,SCA|NO2,mFRR,Not Specified,Not Specified,MARGINAL,30.0,26.09
17/05/2024 19:00:00 - 17/05/2024 20:00:00,SCA|NO2,mFRR,Not Specified,Not Specified,MARGINAL,30.0,27.01
17/05/2024 20:00:00 - 17/05/2024 21:00:00,SCA|NO2,mFRR,Not Specified,Not Specified,MARGINAL,37.0,28.6
17/05/2024 21:00:00 - 17/05/2024 22:00:00,SCA|NO2,mFRR,Not Specified,Not Specified,MARGINAL,39.0,31.69
17/05/2024 22:00:00 - 17/05/2024 23:00:00,SCA|NO2,mFRR,Not Specified,Not Specified,MARGINAL,30.14,30.14
17/05/2024 23:00:00 - 18/05/2024 00:00:00,SCA|NO2,mFRR,Not Specified,Not Specified,MARGINAL,29.55,29.55
18/05/2024 00:00:00 - 18/05/2024 01:00:00,SCA|NO2,mFRR,Not Specified,Not Specified,MARGINAL,41.0,32.53
18/05/2024 01:00:00 - 18/05/2024 02:00:00,SCA|NO2,mFRR,Not Specified,Not Specified,MARGINAL,38.5,32.49
18/05/2024 02:00:00 - 18/05/2024 03:00:00,SCA|NO2,mFRR,Not Specified,Not Specified,MARGINAL,37.0,33.23
18/05/2024 03:00:00 - 18/05/2024 04:00:00,SCA|NO2,mFRR,Not Specified,Not Specified,MARGINAL,33.89,33.89
18/05/2024 04:00:00 - 18/05/2024 05:00:00,SCA|NO2,mFRR,Not Specified,Not Specified,MARGINAL,33.82,33.82
18/05/2024 05:00:00 - 18/05/2024 06:00:00,SCA|NO2,mFRR,Not Specified,Not Specified,MARGINAL,34.28,34.28
18/05/2024 06:00:00 - 18/05/2024 07:00:00,SCA|NO2,mFRR,Not Specified,Not Specified,MARGINAL,36.58,36.58
18/05/2024 07:00:00 - 18/05/2024 08:00:00,SCA|NO2,mFRR,Not Specified,Not Specified,MARGINAL,44.28,44.28
18/05/2024 08:00:00 - 18/05/2024 09:00:00,SCA|NO2,mFRR,Not Specified,Not Specified,MARGINAL,45.36,45.36
18/05/2024 09:00:00 - 18/05/2024 10:00:00,SCA|NO2,mFRR,Not Specified,Not Specified,MARGINAL,33.36,33.36
18/05/2024 10:00:00 - 18/05/2024 11:00:00,SCA|NO2,mFRR,Not Specified,Not Specified,MARGINAL,28.44,28.44
18/05/2024 11:00:00 - 18/05/2024 12:00:00,SCA|NO2,mFRR,Not Specified,Not Specified,MARGINAL,0.74,0.74
18/05/2024 12:00:00 - 18/05/2024 13:00:00,SCA|NO2,mFRR,Not Specified,Not Specified,MARGINAL,-0.02,-0.02
18/05/2024 13:00:00 - 18/05/2024 14:00:00,SCA|NO2,mFRR,Not Specified,Not Specified,MARGINAL,-1.26,-1.26
18/05/2024 14:00:00 - 18/05/2024 15:00:00,SCA|NO2,mFRR,Not Specified,Not Specified,MARGINAL,10.5,-2.71
18/05/2024 15:00:00 - 18/05/2024 16:00:00,SCA|NO2,mFRR,Not Specified,Not Specified,MARGINAL,10.5,-0.01
18/05/2024 16:00:00 - 18/05/2024 17:00:00,SCA|NO2,mFRR,Not Specified,Not Specified,MARGINAL,28.3,28.3
18/05/2024 17:00:00 - 18/05/2024 18:00:00,SCA|NO2,mFRR,Not Specified,Not Specified,MARGINAL,33.56,33.56
18/05/2024 18:00:00 - 18/05/2024 19:00:00,SCA|NO2,mFRR,Not Specified,Not Specified,MARGINAL,45.28,45.28
18/05/2024 19:00:00 - 18/05/2024 20:00:00,SCA|NO2,mFRR,Not Specified,Not Specified,MARGINAL,44.56,44.56
18/05/2024 20:00:00 - 18/05/2024 21:00:00,SCA|NO2,mFRR,Not Specified,Not Specified,MARGINAL,45.94,45.94
18/05/2024 21:00:00 - 18/05/2024 22:00:00,SCA|NO2,mFRR,Not Specified,Not Specified,MARGINAL,47.21,47.21
18/05/2024 22:00:00 - 18/05/2024 23:00:00,SCA|NO2,mFRR,Not Specified,Not Specified,MARGINAL,45.99,45.99
18/05/2024 23:00:00 - 19/05/2024 00:00:00,SCA|NO2,mFRR,Not Specified,Not Specified,MARGINAL,45.94,45.94
19/05/2024 00:00:00 - 19/05/2024 01:00:00,SCA|NO2,mFRR,Not Specified,Not Specified,MARGINAL,45.8,45.8
19/05/2024 01:00:00 - 19/05/2024 02:00:00,SCA|NO2,mFRR,Not Specified,Not Specified,MARGINAL,45.49,45.49
19/05/2024 02:00:00 - 19/05/2024 03:00:00,SCA|NO2,mFRR,Not Specified,Not Specified,MARGINAL,45.46,45.46
19/05/2024 03:00:00 - 19/05/2024 04:00:00,SCA|NO2,mFRR,Not Specified,Not Specified,,,
19/05/2024 04:00:00 - 19/05/2024 05:00:00,SCA|NO2,mFRR,Not Specified,Not Specified,MARGINAL,45.44,45.44
19/05/2024 05:00:00 - 19/05/2024 06:00:00,SCA|NO2,mFRR,Not Specified,Not Specified,MARGINAL,45.45,45.45
19/05/2024 06:00:00 - 19/05/2024 07:00:00,SCA|NO2,mFRR,Not Specified,Not Specified,MARGINAL,46.84,46.84
19/05/2024 07:00:00 - 19/05/2024 08:00:00,SCA|NO2,mFRR,Not Specified,Not Specified,MARGINAL,45.72,45.72
19/05/2024 08:00:00 - 19/05/2024 09:00:00,SCA|NO2,mFRR,Not Specified,Not Specified,MARGINAL,39.75,19.0
19/05/2024 09:00:00 - 19/05/2024 10:00:00,SCA|NO2,mFRR,Not Specified,Not Specified,MARGINAL,31.08,31.08
19/05/2024 10:00:00 - 19/05/2024 11:00:00,SCA|NO2,mFRR,Not Specified,Not Specified,MARGINAL,7.0,2.41
19/05/2024 11:00:00 - 19/05/2024 12:00:00,SCA|NO2,mFRR,Not Specified,Not Specified,MARGINAL,3.75,-4.0
19/05/2024 12:00:00 - 19/05/2024 13:00:00,SCA|NO2,mFRR,Not Specified,Not Specified,MARGINAL,-2.06,-4.0
19/05/2024 13:00:00 - 19/05/2024 14:00:00,SCA|NO2,mFRR,Not Specified,Not Specified,MARGINAL,-7.41,-7.41
19/05/2024 14:00:00 - 19/05/2024 15:00:00,SCA|NO2,mFRR,Not Specified,Not Specified,MARGINAL,1.0,-15.07
19/05/2024 15:00:00 - 19/05/2024 16:00:00,SCA|NO2,mFRR,Not Specified,Not Specified,MARGINAL,1.0,-5.01
19/05/2024 16:00:00 - 19/05/2024 17:00:00,SCA|NO2,mFRR,Not Specified,Not Specified,MARGINAL,1.93,-1.5
19/05/2024 17:00:00 - 19/05/2024 18:00:00,SCA|NO2,mFRR,Not Specified,Not Specified,MARGINAL,30.66,30.66
19/05/2024 18:00:00 - 19/05/2024 19:00:00,SCA|NO2,mFRR,Not Specified,Not Specified,MARGINAL,44.0,40.32
19/05/2024 19:00:00 - 19/05/2024 20:00:00,SCA|NO2,mFRR,Not Specified,Not Specified,MARGINAL,60.5,47.24
19/05/2024 20:00:00 - 19/05/2024 21:00:00,SCA|NO2,mFRR,Not Specified,Not Specified,MARGINAL,60.5,48.69
19/05/2024 21:00:00 - 19/05/2024 22:00:00,SCA|NO2,mFRR,Not Specified,Not Specified,MARGINAL,60.5,49.3
19/05/2024 22:00:00 - 19/05/2024 23:00:00,SCA|NO2,mFRR,Not Specified,Not Specified,MARGINAL,60.5,47.26
19/05/2024 23:00:00 - 20/05/2024 00:00:00,SCA|NO2,mFRR,Not Specified,Not Specified,MARGINAL,60.0,46.78
20/05/2024 00:00:00 - 20/05/2024 01:00:00,SCA|NO2,mFRR,Not Specified,Not Specified,MARGINAL,48.74,48.74
20/05/2024 01:00:00 - 20/05/2024 02:00:00,SCA|NO2,mFRR,Not Specified,Not Specified,MARGINAL,48.64,41.5
20/05/2024 02:00:00 - 20/05/2024 03:00:00,SCA|NO2,mFRR,Not Specified,Not Specified,MARGINAL,48.7,48.7
20/05/2024 03:00:00 - 20/05/2024 04:00:00,SCA|NO2,mFRR,Not Specified,Not Specified,MARGINAL,48.71,48.71
20/05/2024 04:00:00 - 20/05/2024 05:00:00,SCA|NO2,mFRR,Not Specified,Not Specified,MARGINAL,48.69,48.69
20/05/2024 05:00:00 - 20/05/2024 06:00:00,SCA|NO2,mFRR,Not Specified,Not Specified,MARGINAL,48.75,48.75
20/05/2024 06:00:00 - 20/05/2024 07:00:00,SCA|NO2,mFRR,Not Specified,Not Specified,MARGINAL,49.08,49.08
20/05/2024 07:00:00 - 20/05/2024 08:00:00,SCA|NO2,mFRR,Not Specified,Not Specified,MARGINAL,49.62,41.5
20/05/2024 08:00:00 - 20/05/2024 09:00:00,SCA|NO2,mFRR,Not Specified,Not Specified,MARGINAL,48.2,29.5
20/05/2024 09:00:00 - 20/05/2024 10:00:00,SCA|NO2,mFRR,Not Specified,Not Specified,MARGINAL,39.56,39.56
20/05/2024 10:00:00 - 20/05/2024 11:00:00,SCA|NO2,mFRR,Not Specified,Not Specified,MARGINAL,32.0,25.94
20/05/2024 11:00:00 - 20/05/2024 12:00:00,SCA|NO2,mFRR,Not Specified,Not Specified,MARGINAL,32.0,6.36
20/05/2024 12:00:00 - 20/05/2024 13:00:00,SCA|NO2,mFRR,Not Specified,Not Specified,MARGINAL,2.48,2.48
20/05/2024 13:00:00 - 20/05/2024 14:00:00,SCA|NO2,mFRR,Not Specified,Not Specified,MARGINAL,0.01,0.01
20/05/2024 14:00:00 - 20/05/2024 15:00:00,SCA|NO2,mFRR,Not Specified,Not Specified,MARGINAL,0.02,0.02
20/05/2024 15:00:00 - 20/05/2024 16:00:00,SCA|NO2,mFRR,Not Specified,Not Specified,MARGINAL,7.68,7.68
20/05/2024 16:00:00 - 20/05/2024 17:00:00,SCA|NO2,mFRR,Not Specified,Not Specified,MARGINAL,38.0,34.52
20/05/2024 17:00:00 - 20/05/2024 18:00:00,SCA|NO2,mFRR,Not Specified,Not Specified,MARGINAL,42.92,42.92
20/05/2024 18:00:00 - 20/05/2024 19:00:00,SCA|NO2,mFRR,Not Specified,Not Specified,MARGINAL,55.5,49.67
20/05/2024 19:00:00 - 20/05/2024 20:00:00,SCA|NO2,mFRR,Not Specified,Not Specified,MARGINAL,56.5,49.91
20/05/2024 20:00:00 - 20/05/2024 21:00:00,SCA|NO2,mFRR,Not Specified,Not Specified,MARGINAL,56.0,49.99
20/05/2024 21:00:00 - 20/05/2024 22:00:00,SCA|NO2,mFRR,Not Specified,Not Specified,MARGINAL,54.0,49.64
20/05/2024 22:00:00 - 20/05/2024 23:00:00,SCA|NO2,mFRR,Not Specified,Not Specified,MARGINAL,49.64,49.64
20/05/2024 23:00:00 - 21/05/2024 00:00:00,SCA|NO2,mFRR,Not Specified,Not Specified,MARGINAL,49.23,49.23
21/05/2024 00:00:00 - 21/05/2024 01:00:00,SCA|NO2,mFRR,Not Specified,Not Specified,,,
21/05/2024 01:00:00 - 21/05/2024 02:00:00,SCA|NO2,mFRR,Not Specified,Not Specified,MARGINAL,48.55,48.55
21/05/2024 02:00:00 - 21/05/2024 03:00:00,SCA|NO2,mFRR,Not Specified,Not Specified,MARGINAL,48.33,48.33
21/05/2024 03:00:00 - 21/05/2024 04:00:00,SCA|NO2,mFRR,Not Specified,Not Specified,MARGINAL,48.07,48.07
21/05/2024 04:00:00 - 21/05/2024 05:00:00,SCA|NO2,mFRR,Not Specified,Not Specified,MARGINAL,47.83,31.0
21/05/2024 05:00:00 - 21/05/2024 06:00:00,SCA|NO2,mFRR,Not Specified,Not Specified,MARGINAL,48.09,28.5
21/05/2024 06:00:00 - 21/05/2024 07:00:00,SCA|NO2,mFRR,Not Specified,Not Specified,MARGINAL,48.56,31.0
21/05/2024 07:00:00 - 21/05/2024 08:00:00,SCA|NO2,mFRR,Not Specified,Not Specified,MARGINAL,57.5,49.49
21/05/2024 08:00:00 - 21/05/2024 09:00:00,SCA|NO2,mFRR,Not Specified,Not Specified,MARGINAL,56.0,54.68
21/05/2024 09:00:00 - 21/05/2024 10:00:00,SCA|NO2,mFRR,Not Specified,Not Specified,MARGINAL,48.9,48.9
21/05/2024 10:00:00 - 21/05/2024 11:00:00,SCA|NO2,mFRR,Not Specified,Not Specified,MARGINAL,48.7,48.7
21/05/2024 11:00:00 - 21/05/2024 12:00:00,SCA|NO2,mFRR,Not Specified,Not Specified,MARGINAL,45.99,45.99
21/05/2024 12:00:00 - 21/05/2024 13:00:00,SCA|NO2,mFRR,Not Specified,Not Specified,MARGINAL,37.99,28.23
21/05/2024 13:00:00 - 21/05/2024 14:00:00,SCA|NO2,mFRR,Not Specified,Not Specified,MARGINAL,32.0,30.03
21/05/2024 14:00:00 - 21/05/2024 15:00:00,SCA|NO2,mFRR,Not Specified,Not Specified,MARGINAL,34.2,20.24
21/05/2024 15:00:00 - 21/05/2024 16:00:00,SCA|NO2,mFRR,Not Specified,Not Specified,MARGINAL,39.81,26.5
21/05/2024 16:00:00 - 21/05/2024 17:00:00,SCA|NO2,mFRR,Not Specified,Not Specified,MARGINAL,44.93,26.5
21/05/2024 17:00:00 - 21/05/2024 18:00:00,SCA|NO2,mFRR,Not Specified,Not Specified,MARGINAL,46.88,38.0
21/05/2024 18:00:00 - 21/05/2024 19:00:00,SCA|NO2,mFRR,Not Specified,Not Specified,MARGINAL,48.24,38.0
21/05/2024 19:00:00 - 21/05/2024 20:00:00,SCA|NO2,mFRR,Not Specified,Not Specified,MARGINAL,49.5,49.5
21/05/2024 20:00:00 - 21/05/2024 21:00:00,SCA|NO2,mFRR,Not Specified,Not Specified,MARGINAL,50.29,50.29
21/05/2024 21:00:00 - 21/05/2024 22:00:00,SCA|NO2,mFRR,Not Specified,Not Specified,MARGINAL,49.35,49.35
21/05/2024 22:00:00 - 21/05/2024 23:00:00,SCA|NO2,mFRR,Not Specified,Not Specified,MARGINAL,47.25,47.25
21/05/2024 23:00:00 - 22/05/2024 00:00:00,SCA|NO2,mFRR,Not Specified,Not Specified,MARGINAL,43.56,2.0
22/05/2024 00:00:00 - 22/05/2024 01:00:00,SCA|NO2,mFRR,Not Specified,Not Specified,MARGINAL,32.8,32.8
22/05/2024 01:00:00 - 22/05/2024 02:00:00,SCA|NO2,mFRR,Not Specified,Not Specified,MARGINAL,35.0,28.0
22/05/2024 02:00:00 - 22/05/2024 03:00:00,SCA|NO2,mFRR,Not Specified,Not Specified,MARGINAL,35.0,26.6
22/05/2024 03:00:00 - 22/05/2024 04:00:00,SCA|NO2,mFRR,Not Specified,Not Specified,MARGINAL,41.0,23.81
22/05/2024 04:00:00 - 22/05/2024 05:00:00,SCA|NO2,mFRR,Not Specified,Not Specified,MARGINAL,41.0,23.81
22/05/2024 05:00:00 - 22/05/2024 06:00:00,SCA|NO2,mFRR,Not Specified,Not Specified,MARGINAL,27.93,27.93
22/05/2024 06:00:00 - 22/05/2024 07:00:00,SCA|NO2,mFRR,Not Specified,Not Specified,MARGINAL,31.36,26.5
22/05/2024 07:00:00 - 22/05/2024 08:00:00,SCA|NO2,mFRR,Not Specified,Not Specified,MARGINAL,39.4,18.0
22/05/2024 08:00:00 - 22/05/2024 09:00:00,SCA|NO2,mFRR,Not Specified,Not Specified,MARGINAL,55.0,42.0
22/05/2024 09:00:00 - 22/05/2024 10:00:00,SCA|NO2,mFRR,Not Specified,Not Specified,MARGINAL,52.0,34.27
22/05/2024 10:00:00 - 22/05/2024 11:00:00,SCA|NO2,mFRR,Not Specified,Not Specified,MARGINAL,32.25,20.36
22/05/2024 11:00:00 - 22/05/2024 12:00:00,SCA|NO2,mFRR,Not Specified,Not Specified,MARGINAL,29.67,16.0
22/05/2024 12:00:00 - 22/05/2024 13:00:00,SCA|NO2,mFRR,Not Specified,Not Specified,MARGINAL,21.98,16.0
22/05/2024 13:00:00 - 22/05/2024 14:00:00,SCA|NO2,mFRR,Not Specified,Not Specified,MARGINAL,40.0,16.21
22/05/2024 14:00:00 - 22/05/2024 15:00:00,SCA|NO2,mFRR,Not Specified,Not Specified,MARGINAL,40.0,15.07
22/05/2024 15:00:00 - 22/05/2024 16:00:00,SCA|NO2,mFRR,Not Specified,Not Specified,MARGINAL,42.0,27.87
22/05/2024 16:00:00 - 22/05/2024 17:00:00,SCA|NO2,mFRR,Not Specified,Not Specified,MARGINAL,41.5,32.87
22/05/2024 17:00:00 - 22/05/2024 18:00:00,SCA|NO2,mFRR,Not Specified,Not Specified,MARGINAL,42.91,42.91
22/05/2024 18:00:00 - 22/05/2024 19:00:00,SCA|NO2,mFRR,Not Specified,Not Specified,MARGINAL,50.15,50.15
22/05/2024 19:00:00 - 22/05/2024 20:00:00,SCA|NO2,mFRR,Not Specified,Not Specified,MARGINAL,51.51,51.51
22/05/2024 20:00:00 - 22/05/2024 21:00:00,SCA|NO2,mFRR,Not Specified,Not Specified,MARGINAL,51.59,51.59
22/05/2024 21:00:00 - 22/05/2024 22:00:00,SCA|NO2,mFRR,Not Specified,Not Specified,MARGINAL,51.44,51.44
22/05/2024 22:00:00 - 22/05/2024 23:00:00,SCA|NO2,mFRR,Not Specified,Not Specified,MARGINAL,51.05,51.05
22/05/2024 23:00:00 - 23/05/2024 00:00:00,SCA|NO2,mFRR,Not Specified,Not Specified,MARGINAL,50.77,50.77
23/05/2024 00:00:00 - 23/05/2024 01:00:00,SCA|NO2,mFRR,Not Specified,Not Specified,MARGINAL,52.62,52.62
23/05/2024 01:00:00 - 23/05/2024 02:00:00,SCA|NO2,mFRR,Not Specified,Not Specified,MARGINAL,47.99,47.99
23/05/2024 02:00:00 - 23/05/2024 03:00:00,SCA|NO2,mFRR,Not Specified,Not Specified,MARGINAL,37.77,37.77
23/05/2024 03:00:00 - 23/05/2024 04:00:00,SCA|NO2,mFRR,Not Specified,Not Specified,MARGINAL,32.01,32.01
23/05/2024 04:00:00 - 23/05/2024 05:00:00,SCA|NO2,mFRR,Not Specified,Not Specified,MARGINAL,32.81,32.81
23/05/2024 05:00:00 - 23/05/2024 06:00:00,SCA|NO2,mFRR,Not Specified,Not Specified,MARGINAL,35.37,35.37
23/05/2024 06:00:00 - 23/05/2024 07:00:00,SCA|NO2,mFRR,Not Specified,Not Specified,MARGINAL,50.92,34.0
23/05/2024 07:00:00 - 23/05/2024 08:00:00,SCA|NO2,mFRR,Not Specified,Not Specified,MARGINAL,55.25,34.0
23/05/2024 08:00:00 - 23/05/2024 09:00:00,SCA|NO2,mFRR,Not Specified,Not Specified,MARGINAL,56.24,56.24
23/05/2024 09:00:00 - 23/05/2024 10:00:00,SCA|NO2,mFRR,Not Specified,Not Specified,MARGINAL,55.95,55.95
23/05/2024 10:00:00 - 23/05/2024 11:00:00,SCA|NO2,mFRR,Not Specified,Not Specified,MARGINAL,55.96,40.0
23/05/2024 11:00:00 - 23/05/2024 12:00:00,SCA|NO2,mFRR,Not Specified,Not Specified,MARGINAL,56.89,40.0
23/05/2024 12:00:00 - 23/05/2024 13:00:00,SCA|NO2,mFRR,Not Specified,Not Specified,MARGINAL,51.44,43.0
23/05/2024 13:00:00 - 23/05/2024 14:00:00,SCA|NO2,mFRR,Not Specified,Not Specified,MARGINAL,43.99,41.0
23/05/2024 14:00:00 - 23/05/2024 15:00:00,SCA|NO2,mFRR,Not Specified,Not Specified,MARGINAL,55.12,55.12
23/05/2024 15:00:00 - 23/05/2024 16:00:00,SCA|NO2,mFRR,Not Specified,Not Specified,MARGINAL,57.01,57.01
23/05/2024 16:00:00 - 23/05/2024 17:00:00,SCA|NO2,mFRR,Not Specified,Not Specified,MARGINAL,57.77,57.77
23/05/2024 17:00:00 - 23/05/2024 18:00:00,SCA|NO2,mFRR,Not Specified,Not Specified,MARGINAL,60.22,60.22
23/05/2024 18:00:00 - 23/05/2024 19:00:00,SCA|NO2,mFRR,Not Specified,Not Specified,MARGINAL,60.35,60.35
23/05/2024 19:00:00 - 23/05/2024 20:00:00,SCA|NO2,mFRR,Not Specified,Not Specified,MARGINAL,65.14,65.14
23/05/2024 20:00:00 - 23/05/2024 21:00:00,SCA|NO2,mFRR,Not Specified,Not Specified,MARGINAL,70.02,70.02
23/05/2024 21:00:00 - 23/05/2024 22:00:00,SCA|NO2,mFRR,Not Specified,Not Specified,MARGINAL,65.18,65.18
23/05/2024 22:00:00 - 23/05/2024 23:00:00,SCA|NO2,mFRR,Not Specified,Not Specified,MARGINAL,59.45,48.67
23/05/2024 23:00:00 - 24/05/2024 00:00:00,SCA|NO2,mFRR,Not Specified,Not Specified,MARGINAL,57.37,47.42
24/05/2024 00:00:00 - 24/05/2024 01:00:00,SCA|NO2,mFRR,Not Specified,Not Specified,MARGINAL,54.87,48.09
24/05/2024 01:00:00 - 24/05/2024 02:00:00,SCA|NO2,mFRR,Not Specified,Not Specified,MARGINAL,54.82,39.5
24/05/2024 02:00:00 - 24/05/2024 03:00:00,SCA|NO2,mFRR,Not Specified,Not Specified,MARGINAL,54.82,39.5
24/05/2024 03:00:00 - 24/05/2024 04:00:00,SCA|NO2,mFRR,Not Specified,Not Specified,MARGINAL,54.83,44.0
24/05/2024 04:00:00 - 24/05/2024 05:00:00,SCA|NO2,mFRR,Not Specified,Not Specified,MARGINAL,61.0,54.84
24/05/2024 05:00:00 - 24/05/2024 06:00:00,SCA|NO2,mFRR,Not Specified,Not Specified,MARGINAL,61.0,54.89
24/05/2024 06:00:00 - 24/05/2024 07:00:00,SCA|NO2,mFRR,Not Specified,Not Specified,MARGINAL,64.0,55.77
24/05/2024 07:00:00 - 24/05/2024 08:00:00,SCA|NO2,mFRR,Not Specified,Not Specified,MARGINAL,82.0,67.53
24/05/2024 08:00:00 - 24/05/2024 09:00:00,SCA|NO2,mFRR,Not Specified,Not Specified,MARGINAL,82.0,70.43
24/05/2024 09:00:00 - 24/05/2024 10:00:00,SCA|NO2,mFRR,Not Specified,Not Specified,MARGINAL,82.0,57.41
24/05/2024 10:00:00 - 24/05/2024 11:00:00,SCA|NO2,mFRR,Not Specified,Not Specified,MARGINAL,82.0,56.08
24/05/2024 11:00:00 - 24/05/2024 12:00:00,SCA|NO2,mFRR,Not Specified,Not Specified,MARGINAL,93.0,57.99
24/05/2024 12:00:00 - 24/05/2024 13:00:00,SCA|NO2,mFRR,Not Specified,Not Specified,MARGINAL,93.0,58.0
24/05/2024 13:00:00 - 24/05/2024 14:00:00,SCA|NO2,mFRR,Not Specified,Not Specified,MARGINAL,82.0,56.9
24/05/2024 14:00:00 - 24/05/2024 15:00:00,SCA|NO2,mFRR,Not Specified,Not Specified,,,
24/05/2024 15:00:00 - 24/05/2024 16:00:00,SCA|NO2,mFRR,Not Specified,Not Specified,MARGINAL,75.0,56.16
24/05/2024 16:00:00 - 24/05/2024 17:00:00,SCA|NO2,mFRR,Not Specified,Not Specified,MARGINAL,75.0,56.52
24/05/2024 17:00:00 - 24/05/2024 18:00:00,SCA|NO2,mFRR,Not Specified,Not Specified,MARGINAL,75.0,56.59
24/05/2024 18:00:00 - 24/05/2024 19:00:00,SCA|NO2,mFRR,Not Specified,Not Specified,MARGINAL,61.65,61.65
24/05/2024 19:00:00 - 24/05/2024 20:00:00,SCA|NO2,mFRR,Not Specified,Not Specified,MARGINAL,74.31,74.31
24/05/2024 20:00:00 - 24/05/2024 21:00:00,SCA|NO2,mFRR,Not Specified,Not Specified,MARGINAL,70.33,70.33
24/05/2024 21:00:00 - 24/05/2024 22:00:00,SCA|NO2,mFRR,Not Specified,Not Specified,MARGINAL,65.18,65.18
24/05/2024 22:00:00 - 24/05/2024 23:00:00,SCA|NO2,mFRR,Not Specified,Not Specified,MARGINAL,58.71,58.71
24/05/2024 23:00:00 - 25/05/2024 00:00:00,SCA|NO2,mFRR,Not Specified,Not Specified,MARGINAL,55.66,55.66
25/05/2024 00:00:00 - 25/05/2024 01:00:00,SCA|NO2,mFRR,Not Specified,Not Specified,MARGINAL,54.77,54.77
25/05/2024 01:00:00 - 25/05/2024 02:00:00,SCA|NO2,mFRR,Not Specified,Not Specified,MARGINAL,54.22,54.22
25/05/2024 02:00:00 - 25/05/2024 03:00:00,SCA|NO2,mFRR,Not Specified,Not Specified,MARGINAL,54.32,54.32
25/05/2024 03:00:00 - 25/05/2024 04:00:00,SCA|NO2,mFRR,Not Specified,Not Specified,MARGINAL,54.31,54.31
25/05/2024 04:00:00 - 25/05/2024 05:00:00,SCA|NO2,mFRR,Not Specified,Not Specified,MARGINAL,54.27,54.27
25/05/2024 05:00:00 - 25/05/2024 06:00:00,SCA|NO2,mFRR,Not Specified,Not Specified,MARGINAL,54.5,54.5
25/05/2024 06:00:00 - 25/05/2024 07:00:00,SCA|NO2,mFRR,Not Specified,Not Specified,MARGINAL,55.06,55.06
25/05/2024 07:00:00 - 25/05/2024 08:00:00,SCA|NO2,mFRR,Not Specified,Not Specified,MARGINAL,55.05,55.05
25/05/2024 08:00:00 - 25/05/2024 09:00:00,SCA|NO2,mFRR,Not Specified,Not Specified,MARGINAL,55.01,55.01
25/05/2024 09:00:00 - 25/05/2024 10:00:00,SCA|NO2,mFRR,Not Specified,Not Specified,MARGINAL,55.01,55.01
25/05/2024 10:00:00 - 25/05/2024 11:00:00,SCA|NO2,mFRR,Not Specified,Not Specified,MARGINAL,44.94,44.94
25/05/2024 11:00:00 - 25/05/2024 12:00:00,SCA|NO2,mFRR,Not Specified,Not Specified,MARGINAL,23.0,17.19
25/05/2024 12:00:00 - 25/05/2024 13:00:00,SCA|NO2,mFRR,Not Specified,Not Specified,MARGINAL,3.34,3.34
25/05/2024 13:00:00 - 25/05/2024 14:00:00,SCA|NO2,mFRR,Not Specified,Not Specified,MARGINAL,11.67,0.04
25/05/2024 14:00:00 - 25/05/2024 15:00:00,SCA|NO2,mFRR,Not Specified,Not Specified,MARGINAL,11.67,0.0
25/05/2024 15:00:00 - 25/05/2024 16:00:00,SCA|NO2,mFRR,Not Specified,Not Specified,MARGINAL,1.05,1.05
25/05/2024 16:00:00 - 25/05/2024 17:00:00,SCA|NO2,mFRR,Not Specified,Not Specified,MARGINAL,33.32,33.32
25/05/2024 17:00:00 - 25/05/2024 18:00:00,SCA|NO2,mFRR,Not Specified,Not Specified,MARGINAL,53.3,53.3
25/05/2024 18:00:00 - 25/05/2024 19:00:00,SCA|NO2,mFRR,Not Specified,Not Specified,MARGINAL,56.55,56.55
25/05/2024 19:00:00 - 25/05/2024 20:00:00,SCA|NO2,mFRR,Not Specified,Not Specified,MARGINAL,56.6,56.6
25/05/2024 20:00:00 - 25/05/2024 21:00:00,SCA|NO2,mFRR,Not Specified,Not Specified,MARGINAL,57.62,57.62
25/05/2024 21:00:00 - 25/05/2024 22:00:00,SCA|NO2,mFRR,Not Specified,Not Specified,MARGINAL,56.56,34.0
25/05/2024 22:00:00 - 25/05/2024 23:00:00,SCA|NO2,mFRR,Not Specified,Not Specified,MARGINAL,55.65,15.0
25/05/2024 23:00:00 - 26/05/2024 00:00:00,SCA|NO2,mFRR,Not Specified,Not Specified,MARGINAL,55.07,9.0
26/05/2024 00:00:00 - 26/05/2024 01:00:00,SCA|NO2,mFRR,Not Specified,Not Specified,MARGINAL,55.34,24.5
26/05/2024 01:00:00 - 26/05/2024 02:00:00,SCA|NO2,mFRR,Not Specified,Not Specified,MARGINAL,54.76,29.5
26/05/2024 02:00:00 - 26/05/2024 03:00:00,SCA|NO2,mFRR,Not Specified,Not Specified,MARGINAL,54.37,33.5
26/05/2024 03:00:00 - 26/05/2024 04:00:00,SCA|NO2,mFRR,Not Specified,Not Specified,MARGINAL,54.09,34.5
26/05/2024 04:00:00 - 26/05/2024 05:00:00,SCA|NO2,mFRR,Not Specified,Not Specified,MARGINAL,53.64,33.5
26/05/2024 05:00:00 - 26/05/2024 06:00:00,SCA|NO2,mFRR,Not Specified,Not Specified,MARGINAL,54.21,35.0
26/05/2024 06:00:00 - 26/05/2024 07:00:00,SCA|NO2,mFRR,Not Specified,Not Specified,MARGINAL,54.96,35.0
26/05/2024 07:00:00 - 26/05/2024 08:00:00,SCA|NO2,mFRR,Not Specified,Not Specified,MARGINAL,52.32,24.0
26/05/2024 08:00:00 - 26/05/2024 09:00:00,SCA|NO2,mFRR,Not Specified,Not Specified,MARGINAL,28.95,0.0
26/05/2024 09:00:00 - 26/05/2024 10:00:00,SCA|NO2,mFRR,Not Specified,Not Specified,MARGINAL,1.25,-6.5
26/05/2024 10:00:00 - 26/05/2024 11:00:00,SCA|NO2,mFRR,Not Specified,Not Specified,MARGINAL,0.0,-13.4
26/05/2024 11:00:00 - 26/05/2024 12:00:00,SCA|NO2,mFRR,Not Specified,Not Specified,MARGINAL,-0.09,-13.4
26/05/2024 12:00:00 - 26/05/2024 13:00:00,SCA|NO2,mFRR,Not Specified,Not Specified,MARGINAL,3.0,-2.12
26/05/2024 13:00:00 - 26/05/2024 14:00:00,SCA|NO2,mFRR,Not Specified,Not Specified,MARGINAL,1.0,-6.05
26/05/2024 14:00:00 - 26/05/2024 15:00:00,SCA|NO2,mFRR,Not Specified,Not Specified,MARGINAL,-5.1,-6.0
26/05/2024 15:00:00 - 26/05/2024 16:00:00,SCA|NO2,mFRR,Not Specified,Not Specified,MARGINAL,-0.38,-4.0
26/05/2024 16:00:00 - 26/05/2024 17:00:00,SCA|NO2,mFRR,Not Specified,Not Specified,MARGINAL,19.65,19.65
26/05/2024 17:00:00 - 26/05/2024 18:00:00,SCA|NO2,mFRR,Not Specified,Not Specified,MARGINAL,41.96,12.0
26/05/2024 18:00:00 - 26/05/2024 19:00:00,SCA|NO2,mFRR,Not Specified,Not Specified,MARGINAL,55.22,55.22
26/05/2024 19:00:00 - 26/05/2024 20:00:00,SCA|NO2,mFRR,Not Specified,Not Specified,MARGINAL,56.65,45.5
26/05/2024 20:00:00 - 26/05/2024 21:00:00,SCA|NO2,mFRR,Not Specified,Not Specified,MARGINAL,56.81,45.5
26/05/2024 21:00:00 - 26/05/2024 22:00:00,SCA|NO2,mFRR,Not Specified,Not Specified,MARGINAL,55.83,55.83
26/05/2024 22:00:00 - 26/05/2024 23:00:00,SCA|NO2,mFRR,Not Specified,Not Specified,MARGINAL,55.39,15.0
26/05/2024 23:00:00 - 27/05/2024 00:00:00,SCA|NO2,mFRR,Not Specified,Not Specified,MARGINAL,55.34,1.0
27/05/2024 00:00:00 - 27/05/2024 01:00:00,SCA|NO2,mFRR,Not Specified,Not Specified,MARGINAL,51.92,9.5
27/05/2024 01:00:00 - 27/05/2024 02:00:00,SCA|NO2,mFRR,Not Specified,Not Specified,MARGINAL,51.76,13.0
27/05/2024 02:00:00 - 27/05/2024 03:00:00,SCA|NO2,mFRR,Not Specified,Not Specified,MARGINAL,51.05,13.0
27/05/2024 03:00:00 - 27/05/2024 04:00:00,SCA|NO2,mFRR,Not Specified,Not Specified,MARGINAL,50.98,29.5
27/05/2024 04:00:00 - 27/05/2024 05:00:00,SCA|NO2,mFRR,Not Specified,Not Specified,MARGINAL,49.85,30.0
27/05/2024 05:00:00 - 27/05/2024 06:00:00,SCA|NO2,mFRR,Not Specified,Not Specified,MARGINAL,48.82,43.0
27/05/2024 06:00:00 - 27/05/2024 07:00:00,SCA|NO2,mFRR,Not Specified,Not Specified,MARGINAL,52.22,52.22
27/05/2024 07:00:00 - 27/05/2024 08:00:00,SCA|NO2,mFRR,Not Specified,Not Specified,MARGINAL,59.42,59.42
27/05/2024 08:00:00 - 27/05/2024 09:00:00,SCA|NO2,mFRR,Not Specified,Not Specified,MARGINAL,63.89,63.89
27/05/2024 09:00:00 - 27/05/2024 10:00:00,SCA|NO2,mFRR,Not Specified,Not Specified,MARGINAL,62.63,62.63
27/05/2024 10:00:00 - 27/05/2024 11:00:00,SCA|NO2,mFRR,Not Specified,Not Specified,MARGINAL,58.37,58.37
27/05/2024 11:00:00 - 27/05/2024 12:00:00,SCA|NO2,mFRR,Not Specified,Not Specified,MARGINAL,54.66,54.66
27/05/2024 12:00:00 - 27/05/2024 13:00:00,SCA|NO2,mFRR,Not Specified,Not Specified,MARGINAL,54.75,44.5
27/05/2024 13:00:00 - 27/05/2024 14:00:00,SCA|NO2,mFRR,Not Specified,Not Specified,MARGINAL,54.44,44.5
27/05/2024 14:00:00 - 27/05/2024 15:00:00,SCA|NO2,mFRR,Not Specified,Not Specified,MARGINAL,54.41,54.41
27/05/2024 15:00:00 - 27/05/2024 16:00:00,SCA|NO2,mFRR,Not Specified,Not Specified,,,
27/05/2024 16:00:00 - 27/05/2024 17:00:00,SCA|NO2,mFRR,Not Specified,Not Specified,MARGINAL,55.39,55.39
27/05/2024 17:00:00 - 27/05/2024 18:00:00,SCA|NO2,mFRR,Not Specified,Not Specified,MARGINAL,59.0,55.85
27/05/2024 18:00:00 - 27/05/2024 19:00:00,SCA|NO2,mFRR,Not Specified,Not Specified,MARGINAL,63.5,61.28
27/05/2024 19:00:00 - 27/05/2024 20:00:00,SCA|NO2,mFRR,Not Specified,Not Specified,MARGINAL,68.44,68.44
27/05/2024 20:00:00 - 27/05/2024 21:00:00,SCA|NO2,mFRR,Not Specified,Not Specified,MARGINAL,69.7,69.7
27/05/2024 21:00:00 - 27/05/2024 22:00:00,SCA|NO2,mFRR,Not Specified,Not Specified,MARGINAL,67.64,67.64
27/05/2024 22:00:00 - 27/05/2024 23:00:00,SCA|NO2,mFRR,Not Specified,Not Specified,MARGINAL,59.92,59.92
27/05/2024 23:00:00 - 28/05/2024 00:00:00,SCA|NO2,mFRR,Not Specified,Not Specified,MARGINAL,53.01,53.01
28/05/2024 00:00:00 - 28/05/2024 01:00:00,SCA|NO2,mFRR,Not Specified,Not Specified,MARGINAL,65.5,57.11
28/05/2024 01:00:00 - 28/05/2024 02:00:00,SCA|NO2,mFRR,Not Specified,Not Specified,MARGINAL,65.5,56.86
28/05/2024 02:00:00 - 28/05/2024 03:00:00,SCA|NO2,mFRR,Not Specified,Not Specified,MARGINAL,65.5,56.81
28/05/2024 03:00:00 - 28/05/2024 04:00:00,SCA|NO2,mFRR,Not Specified,Not Specified,MARGINAL,56.85,56.85
28/05/2024 04:00:00 - 28/05/2024 05:00:00,SCA|NO2,mFRR,Not Specified,Not Specified,MARGINAL,56.89,56.89
28/05/2024 05:00:00 - 28/05/2024 06:00:00,SCA|NO2,mFRR,Not Specified,Not Specified,MARGINAL,57.15,52.68
28/05/2024 06:00:00 - 28/05/2024 07:00:00,SCA|NO2,mFRR,Not Specified,Not Specified,MARGINAL,61.45,61.45
28/05/2024 07:00:00 - 28/05/2024 08:00:00,SCA|NO2,mFRR,Not Specified,Not Specified,MARGINAL,72.24,72.24
28/05/2024 08:00:00 - 28/05/2024 09:00:00,SCA|NO2,mFRR,Not Specified,Not Specified,MARGINAL,76.47,76.47
28/05/2024 09:00:00 - 28/05/2024 10:00:00,SCA|NO2,mFRR,Not Specified,Not Specified,MARGINAL,75.0,75.0
28/05/2024 10:00:00 - 28/05/2024 11:00:00,SCA|NO2,mFRR,Not Specified,Not Specified,MARGINAL,61.52,46.0
28/05/2024 11:00:00 - 28/05/2024 12:00:00,SCA|NO2,mFRR,Not Specified,Not Specified,MARGINAL,58.32,46.0
28/05/2024 12:00:00 - 28/05/2024 13:00:00,SCA|NO2,mFRR,Not Specified,Not Specified,MARGINAL,56.78,56.78
28/05/2024 13:00:00 - 28/05/2024 14:00:00,SCA|NO2,mFRR,Not Specified,Not Specified,MARGINAL,53.54,53.54
28/05/2024 14:00:00 - 28/05/2024 15:00:00,SCA|NO2,mFRR,Not Specified,Not Specified,MARGINAL,53.56,50.0
28/05/2024 15:00:00 - 28/05/2024 16:00:00,SCA|NO2,mFRR,Not Specified,Not Specified,MARGINAL,56.88,56.88
28/05/2024 16:00:00 - 28/05/2024 17:00:00,SCA|NO2,mFRR,Not Specified,Not Specified,MARGINAL,57.99,57.99
28/05/2024 17:00:00 - 28/05/2024 18:00:00,SCA|NO2,mFRR,Not Specified,Not Specified,MARGINAL,59.91,53.5
28/05/2024 18:00:00 - 28/05/2024 19:00:00,SCA|NO2,mFRR,Not Specified,Not Specified,MARGINAL,79.98,60.0
28/05/2024 19:00:00 - 28/05/2024 20:00:00,SCA|NO2,mFRR,Not Specified,Not Specified,MARGINAL,79.71,60.0
28/05/2024 20:00:00 - 28/05/2024 21:00:00,SCA|NO2,mFRR,Not Specified,Not Specified,MARGINAL,76.7,76.7
28/05/2024 21:00:00 - 28/05/2024 22:00:00,SCA|NO2,mFRR,Not Specified,Not Specified,MARGINAL,70.52,70.52
28/05/2024 22:00:00 - 28/05/2024 23:00:00,SCA|NO2,mFRR,Not Specified,Not Specified,MARGINAL,58.39,58.39
28/05/2024 23:00:00 - 29/05/2024 00:00:00,SCA|NO2,mFRR,Not Specified,Not Specified,MARGINAL,57.99,48.5
29/05/2024 00:00:00 - 29/05/2024 01:00:00,SCA|NO2,mFRR,Not Specified,Not Specified,MARGINAL,60.93,36.5
29/05/2024 01:00:00 - 29/05/2024 02:00:00,SCA|NO2,mFRR,Not Specified,Not Specified,MARGINAL,51.56,19.0
29/05/2024 02:00:00 - 29/05/2024 03:00:00,SCA|NO2,mFRR,Not Specified,Not Specified,MARGINAL,48.1,18.5
29/05/2024 03:00:00 - 29/05/2024 04:00:00,SCA|NO2,mFRR,Not Specified,Not Specified,MARGINAL,42.91,10.0
29/05/2024 04:00:00 - 29/05/2024 05:00:00,SCA|NO2,mFRR,Not Specified,Not Specified,MARGINAL,40.92,5.5
29/05/2024 05:00:00 - 29/05/2024 06:00:00,SCA|NO2,mFRR,Not Specified,Not Specified,MARGINAL,40.53,8.5
29/05/2024 06:00:00 - 29/05/2024 07:00:00,SCA|NO2,mFRR,Not Specified,Not Specified,MARGINAL,52.19,13.0
29/05/2024 07:00:00 - 29/05/2024 08:00:00,SCA|NO2,mFRR,Not Specified,Not Specified,MARGINAL,61.98,40.0
29/05/2024 08:00:00 - 29/05/2024 09:00:00,SCA|NO2,mFRR,Not Specified,Not Specified,MARGINAL,61.04,40.0
29/05/2024 09:00:00 - 29/05/2024 10:00:00,SCA|NO2,mFRR,Not Specified,Not Specified,MARGINAL,53.05,30.0
29/05/2024 10:00:00 - 29/05/2024 11:00:00,SCA|NO2,mFRR,Not Specified,Not Specified,MARGINAL,40.87,17.0
29/05/2024 11:00:00 - 29/05/2024 12:00:00,SCA|NO2,mFRR,Not Specified,Not Specified,MARGINAL,40.38,11.0
29/05/2024 12:00:00 - 29/05/2024 13:00:00,SCA|NO2,mFRR,Not Specified,Not Specified,MARGINAL,34.14,0.0
29/05/2024 13:00:00 - 29/05/2024 14:00:00,SCA|NO2,mFRR,Not Specified,Not Specified,MARGINAL,32.14,-2.0
29/05/2024 14:00:00 - 29/05/2024 15:00:00,SCA|NO2,mFRR,Not Specified,Not Specified,MARGINAL,33.28,-1.34
29/05/2024 15:00:00 - 29/05/2024 16:00:00,SCA|NO2,mFRR,Not Specified,Not Specified,MARGINAL,41.82,0.0
29/05/2024 16:00:00 - 29/05/2024 17:00:00,SCA|NO2,mFRR,Not Specified,Not Specified,MARGINAL,46.81,10.0
29/05/2024 17:00:00 - 29/05/2024 18:00:00,SCA|NO2,mFRR,Not Specified,Not Specified,MARGINAL,52.9,23.0
29/05/2024 18:00:00 - 29/05/2024 19:00:00,SCA|NO2,mFRR,Not Specified,Not Specified,MARGINAL,71.0,37.5
29/05/2024 19:00:00 - 29/05/2024 20:00:00,SCA|NO2,mFRR,Not Specified,Not Specified,MARGINAL,76.02,40.0
29/05/2024 20:00:00 - 29/05/2024 21:00:00,SCA|NO2,mFRR,Not Specified,Not Specified,MARGINAL,61.21,61.21
29/05/2024 21:00:00 - 29/05/2024 22:00:00,SCA|NO2,mFRR,Not Specified,Not Specified,MARGINAL,58.82,58.82
29/05/2024 22:00:00 - 29/05/2024 23:00:00,SCA|NO2,mFRR,Not Specified,Not Specified,MARGINAL,57.53,57.53
29/05/2024 23:00:00 - 30/05/2024 00:00:00,SCA|NO2,mFRR,Not Specified,Not Specified,MARGINAL,57.54,57.54
30/05/2024 00:00:00 - 30/05/2024 01:00:00,SCA|NO2,mFRR,Not Specified,Not Specified,MARGINAL,54.46,54.46
30/05/2024 01:00:00 - 30/05/2024 02:00:00,SCA|NO2,mFRR,Not Specified,Not Specified,MARGINAL,54.15,54.15
30/05/2024 02:00:00 - 30/05/2024 03:00:00,SCA|NO2,mFRR,Not Specified,Not Specified,MARGINAL,54.25,54.25
30/05/2024 03:00:00 - 30/05/2024 04:00:00,SCA|NO2,mFRR,Not Specified,Not Specified,MARGINAL,54.47,54.47
30/05/2024 04:00:00 - 30/05/2024 05:00:00,SCA|NO2,mFRR,Not Specified,Not Specified,MARGINAL,54.47,54.47
30/05/2024 05:00:00 - 30/05/2024 06:00:00,SCA|NO2,mFRR,Not Specified,Not Specified,MARGINAL,45.85,45.85
30/05/2024 06:00:00 - 30/05/2024 07:00:00,SCA|NO2,mFRR,Not Specified,Not Specified,MARGINAL,45.03,45.03
30/05/2024 07:00:00 - 30/05/2024 08:00:00,SCA|NO2,mFRR,Not Specified,Not Specified,MARGINAL,58.66,58.66
30/05/2024 08:00:00 - 30/05/2024 09:00:00,SCA|NO2,mFRR,Not Specified,Not Specified,MARGINAL,61.71,40.0
30/05/2024 09:00:00 - 30/05/2024 10:00:00,SCA|NO2,mFRR,Not Specified,Not Specified,MARGINAL,63.97,40.0
30/05/2024 10:00:00 - 30/05/2024 11:00:00,SCA|NO2,mFRR,Not Specified,Not Specified,MARGINAL,69.99,43.0
30/05/2024 11:00:00 - 30/05/2024 12:00:00,SCA|NO2,mFRR,Not Specified,Not Specified,MARGINAL,64.98,45.0
30/05/2024 12:00:00 - 30/05/2024 13:00:00,SCA|NO2,mFRR,Not Specified,Not Specified,MARGINAL,59.48,59.48
30/05/2024 13:00:00 - 30/05/2024 14:00:00,SCA|NO2,mFRR,Not Specified,Not Specified,MARGINAL,55.88,55.88
30/05/2024 14:00:00 - 30/05/2024 15:00:00,SCA|NO2,mFRR,Not Specified,Not Specified,MARGINAL,55.88,55.88
30/05/2024 15:00:00 - 30/05/2024 16:00:00,SCA|NO2,mFRR,Not Specified,Not Specified,MARGINAL,54.89,54.89
30/05/2024 16:00:00 - 30/05/2024 17:00:00,SCA|NO2,mFRR,Not Specified,Not Specified,MARGINAL,55.76,55.76
30/05/2024 17:00:00 - 30/05/2024 18:00:00,SCA|NO2,mFRR,Not Specified,Not Specified,MARGINAL,57.66,46.0
30/05/2024 18:00:00 - 30/05/2024 19:00:00,SCA|NO2,mFRR,Not Specified,Not Specified,MARGINAL,75.09,46.5
30/05/2024 19:00:00 - 30/05/2024 20:00:00,SCA|NO2,mFRR,Not Specified,Not Specified,MARGINAL,75.3,49.0
30/05/2024 20:00:00 - 30/05/2024 21:00:00,SCA|NO2,mFRR,Not Specified,Not Specified,MARGINAL,60.95,49.0
30/05/2024 21:00:00 - 30/05/2024 22:00:00,SCA|NO2,mFRR,Not Specified,Not Specified,MARGINAL,60.71,60.71
30/05/2024 22:00:00 - 30/05/2024 23:00:00,SCA|NO2,mFRR,Not Specified,Not Specified,MARGINAL,59.69,59.69
30/05/2024 23:00:00 - 31/05/2024 00:00:00,SCA|NO2,mFRR,Not Specified,Not Specified,MARGINAL,56.96,56.96
31/05/2024 00:00:00 - 31/05/2024 01:00:00,SCA|NO2,mFRR,Not Specified,Not Specified,MARGINAL,59.31,59.31
31/05/2024 01:00:00 - 31/05/2024 02:00:00,SCA|NO2,mFRR,Not Specified,Not Specified,MARGINAL,57.85,57.85
31/05/2024 02:00:00 - 31/05/2024 03:00:00,SCA|NO2,mFRR,Not Specified,Not Specified,MARGINAL,53.06,53.06
31/05/2024 03:00:00 - 31/05/2024 04:00:00,SCA|NO2,mFRR,Not Specified,Not Specified,MARGINAL,51.98,51.98
31/05/2024 04:00:00 - 31/05/2024 05:00:00,SCA|NO2,mFRR,Not Specified,Not Specified,MARGINAL,52.74,52.74
31/05/2024 05:00:00 - 31/05/2024 06:00:00,SCA|NO2,mFRR,Not Specified,Not Specified,MARGINAL,56.34,56.34
31/05/2024 06:00:00 - 31/05/2024 07:00:00,SCA|NO2,mFRR,Not Specified,Not Specified,MARGINAL,59.01,59.01
31/05/2024 07:00:00 - 31/05/2024 08:00:00,SCA|NO2,mFRR,Not Specified,Not Specified,MARGINAL,71.72,71.72
31/05/2024 08:00:00 - 31/05/2024 09:00:00,SCA|NO2,mFRR,Not Specified,Not Specified,MARGINAL,77.0,76.2
31/05/2024 09:00:00 - 31/05/2024 10:00:00,SCA|NO2,mFRR,Not Specified,Not Specified,MARGINAL,77.0,76.02
31/05/2024 10:00:00 - 31/05/2024 11:00:00,SCA|NO2,mFRR,Not Specified,Not Specified,MARGINAL,74.68,74.68
31/05/2024 11:00:00 - 31/05/2024 12:00:00,SCA|NO2,mFRR,Not Specified,Not Specified,MARGINAL,70.0,68.85
31/05/2024 12:00:00 - 31/05/2024 13:00:00,SCA|NO2,mFRR,Not Specified,Not Specified,MARGINAL,63.0,60.65
31/05/2024 13:00:00 - 31/05/2024 14:00:00,SCA|NO2,mFRR,Not Specified,Not Specified,MARGINAL,57.51,57.51
31/05/2024 14:00:00 - 31/05/2024 15:00:00,SCA|NO2,mFRR,Not Specified,Not Specified,MARGINAL,51.73,51.73
31/05/2024 15:00:00 - 31/05/2024 16:00:00,SCA|NO2,mFRR,Not Specified,Not Specified,MARGINAL,43.23,43.23
31/05/2024 16:00:00 - 31/05/2024 17:00:00,SCA|NO2,mFRR,Not Specified,Not Specified,MARGINAL,47.0,47.0
31/05/2024 17:00:00 - 31/05/2024 18:00:00,SCA|NO2,mFRR,Not Specified,Not Specified,MARGINAL,59.0,59.0
31/05/2024 18:00:00 - 31/05/2024 19:00:00,SCA|NO2,mFRR,Not Specified,Not Specified,MARGINAL,60.68,60.68
31/05/2024 19:00:00 - 31/05/2024 20:00:00,SCA|NO2,mFRR,Not Specified,Not Specified,MARGINAL,60.67,60.67
31/05/2024 20:00:00 - 31/05/2024 21:00:00,SCA|NO2,mFRR,Not Specified,Not Specified,MARGINAL,60.68,60.68
31/05/2024 21:00:00 - 31/05/2024 22:00:00,SCA|NO2,mFRR,Not Specified,Not Specified,MARGINAL,59.08,59.08
31/05/2024 22:00:00 - 31/05/2024 23:00:00,SCA|NO2,mFRR,Not Specified,Not Specified,MARGINAL,58.95,58.95
31/05/2024 23:00:00 - 01/06/2024 00:00:00,SCA|NO2,mFRR,Not Specified,Not Specified,MARGINAL,58.2,58.2
01/06/2024 00:00:00 - 01/06/2024 01:00:00,SCA|NO2,mFRR,Not Specified,Not Specified,MARGINAL,52.99,52.99
01/06/2024 01:00:00 - 01/06/2024 02:00:00,SCA|NO2,mFRR,Not Specified,Not Specified,MARGINAL,51.51,51.51
01/06/2024 02:00:00 - 01/06/2024 03:00:00,SCA|NO2,mFRR,Not Specified,Not Specified,MARGINAL,51.2,51.2
01/06/2024 03:00:00 - 01/06/2024 04:00:00,SCA|NO2,mFRR,Not Specified,Not Specified,MARGINAL,51.55,51.55
01/06/2024 04:00:00 - 01/06/2024 05:00:00,SCA|NO2,mFRR,Not Specified,Not Specified,MARGINAL,51.94,40.09
01/06/2024 05:00:00 - 01/06/2024 06:00:00,SCA|NO2,mFRR,Not Specified,Not Specified,MARGINAL,52.9,38.5
01/06/2024 06:00:00 - 01/06/2024 07:00:00,SCA|NO2,mFRR,Not Specified,Not Specified,MARGINAL,57.63,40.0
01/06/2024 07:00:00 - 01/06/2024 08:00:00,SCA|NO2,mFRR,Not Specified,Not Specified,MARGINAL,57.98,40.0
01/06/2024 08:00:00 - 01/06/2024 09:00:00,SCA|NO2,mFRR,Not Specified,Not Specified,MARGINAL,51.96,40.0
01/06/2024 09:00:00 - 01/06/2024 10:00:00,SCA|NO2,mFRR,Not Specified,Not Specified,MARGINAL,52.97,40.0
01/06/2024 10:00:00 - 01/06/2024 11:00:00,SCA|NO2,mFRR,Not Specified,Not Specified,MARGINAL,45.1,45.1
01/06/2024 11:00:00 - 01/06/2024 12:00:00,SCA|NO2,mFRR,Not Specified,Not Specified,MARGINAL,37.38,37.38
01/06/2024 12:00:00 - 01/06/2024 13:00:00,SCA|NO2,mFRR,Not Specified,Not Specified,MARGINAL,24.54,7.0
01/06/2024 13:00:00 - 01/06/2024 14:00:00,SCA|NO2,mFRR,Not Specified,Not Specified,MARGINAL,7.44,4.0
01/06/2024 14:00:00 - 01/06/2024 15:00:00,SCA|NO2,mFRR,Not Specified,Not Specified,MARGINAL,2.92,2.92
01/06/2024 15:00:00 - 01/06/2024 16:00:00,SCA|NO2,mFRR,Not Specified,Not Specified,MARGINAL,5.8,2.0
01/06/2024 16:00:00 - 01/06/2024 17:00:00,SCA|NO2,mFRR,Not Specified,Not Specified,MARGINAL,25.27,1.0
01/06/2024 17:00:00 - 01/06/2024 18:00:00,SCA|NO2,mFRR,Not Specified,Not Specified,MARGINAL,37.79,27.5
01/06/2024 18:00:00 - 01/06/2024 19:00:00,SCA|NO2,mFRR,Not Specified,Not Specified,MARGINAL,48.05,48.05
01/06/2024 19:00:00 - 01/06/2024 20:00:00,SCA|NO2,mFRR,Not Specified,Not Specified,MARGINAL,58.1,58.1
01/06/2024 20:00:00 - 01/06/2024 21:00:00,SCA|NO2,mFRR,Not Specified,Not Specified,MARGINAL,52.98,52.98
01/06/2024 21:00:00 - 01/06/2024 22:00:00,SCA|NO2,mFRR,Not Specified,Not Specified,MARGINAL,49.28,49.28
01/06/2024 22:00:00 - 01/06/2024 23:00:00,SCA|NO2,mFRR,Not Specified,Not Specified,MARGINAL,49.25,49.25
01/06/2024 23:00:00 - 02/06/2024 00:00:00,SCA|NO2,mFRR,Not Specified,Not Specified,MARGINAL,48.9,48.9
02/06/2024 00:00:00 - 02/06/2024 01:00:00,SCA|NO2,mFRR,Not Specified,Not Specified,MARGINAL,34.68,24.5
02/06/2024 01:00:00 - 02/06/2024 02:00:00,SCA|NO2,mFRR,Not Specified,Not Specified,MARGINAL,30.21,0.0
02/06/2024 02:00:00 - 02/06/2024 03:00:00,SCA|NO2,mFRR,Not Specified,Not Specified,MARGINAL,15.39,-1.0
02/06/2024 03:00:00 - 02/06/2024 04:00:00,SCA|NO2,mFRR,Not Specified,Not Specified,MARGINAL,7.01,-6.0
02/06/2024 04:00:00 - 02/06/2024 05:00:00,SCA|NO2,mFRR,Not Specified,Not Specified,MARGINAL,8.7,-6.0
02/06/2024 05:00:00 - 02/06/2024 06:00:00,SCA|NO2,mFRR,Not Specified,Not Specified,MARGINAL,4.98,-7.0
02/06/2024 06:00:00 - 02/06/2024 07:00:00,SCA|NO2,mFRR,Not Specified,Not Specified,MARGINAL,4.91,-7.0
02/06/2024 07:00:00 - 02/06/2024 08:00:00,SCA|NO2,mFRR,Not Specified,Not Specified,MARGINAL,4.11,-7.0
02/06/2024 08:00:00 - 02/06/2024 09:00:00,SCA|NO2,mFRR,Not Specified,Not Specified,MARGINAL,0.97,-7.0
02/06/2024 09:00:00 - 02/06/2024 10:00:00,SCA|NO2,mFRR,Not Specified,Not Specified,MARGINAL,0.0,-5.0
02/06/2024 10:00:00 - 02/06/2024 11:00:00,SCA|NO2,mFRR,Not Specified,Not Specified,MARGINAL,1.56,1.56
02/06/2024 11:00:00 - 02/06/2024 12:00:00,SCA|NO2,mFRR,Not Specified,Not Specified,MARGINAL,10.4,0.77
02/06/2024 12:00:00 - 02/06/2024 13:00:00,SCA|NO2,mFRR,Not Specified,Not Specified,MARGINAL,10.42,-0.1
02/06/2024 13:00:00 - 02/06/2024 14:00:00,SCA|NO2,mFRR,Not Specified,Not Specified,MARGINAL,3.0,-6.0
02/06/2024 14:00:00 - 02/06/2024 15:00:00,SCA|NO2,mFRR,Not Specified,Not Specified,MARGINAL,-5.0,-6.0
02/06/2024 15:00:00 - 02/06/2024 16:00:00,SCA|NO2,mFRR,Not Specified,Not Specified,MARGINAL,-4.36,-5.0
02/06/2024 16:00:00 - 02/06/2024 17:00:00,SCA|NO2,mFRR,Not Specified,Not Specified,MARGINAL,4.0,-0.08
02/06/2024 17:00:00 - 02/06/2024 18:00:00,SCA|NO2,mFRR,Not Specified,Not Specified,MARGINAL,26.28,4.93
02/06/2024 18:00:00 - 02/06/2024 19:00:00,SCA|NO2,mFRR,Not Specified,Not Specified,MARGINAL,39.0,29.21
02/06/2024 19:00:00 - 02/06/2024 20:00:00,SCA|NO2,mFRR,Not Specified,Not Specified,MARGINAL,39.0,35.37
02/06/2024 20:00:00 - 02/06/2024 21:00:00,SCA|NO2,mFRR,Not Specified,Not Specified,MARGINAL,54.18,54.18
02/06/2024 21:00:00 - 02/06/2024 22:00:00,SCA|NO2,mFRR,Not Specified,Not Specified,MARGINAL,54.02,54.02
02/06/2024 22:00:00 - 02/06/2024 23:00:00,SCA|NO2,mFRR,Not Specified,Not Specified,MARGINAL,49.23,49.23
02/06/2024 23:00:00 - 03/06/2024 00:00:00,SCA|NO2,mFRR,Not Specified,Not Specified,MARGINAL,49.28,49.28
03/06/2024 00:00:00 - 03/06/2024 01:00:00,SCA|NO2,mFRR,Not Specified,Not Specified,MARGINAL,50.13,30.5
03/06/2024 01:00:00 - 03/06/2024 02:00:00,SCA|NO2,mFRR,Not Specified,Not Specified,MARGINAL,50.26,28.0
03/06/2024 02:00:00 - 03/06/2024 03:00:00,SCA|NO2,mFRR,Not Specified,Not Specified,MARGINAL,50.49,28.0
03/06/2024 03:00:00 - 03/06/2024 04:00:00,SCA|NO2,mFRR,Not Specified,Not Specified,MARGINAL,54.03,28.0
03/06/2024 04:00:00 - 03/06/2024 05:00:00,SCA|NO2,mFRR,Not Specified,Not Specified,MARGINAL,50.04,28.0
03/06/2024 05:00:00 - 03/06/2024 06:00:00,SCA|NO2,mFRR,Not Specified,Not Specified,MARGINAL,48.74,28.0
03/06/2024 06:00:00 - 03/06/2024 07:00:00,SCA|NO2,mFRR,Not Specified,Not Specified,MARGINAL,37.46,37.46
03/06/2024 07:00:00 - 03/06/2024 08:00:00,SCA|NO2,mFRR,Not Specified,Not Specified,MARGINAL,59.03,59.03
03/06/2024 08:00:00 - 03/06/2024 09:00:00,SCA|NO2,mFRR,Not Specified,Not Specified,MARGINAL,64.93,34.0
03/06/2024 09:00:00 - 03/06/2024 10:00:00,SCA|NO2,mFRR,Not Specified,Not Specified,MARGINAL,60.67,30.0
03/06/2024 10:00:00 - 03/06/2024 11:00:00,SCA|NO2,mFRR,Not Specified,Not Specified,MARGINAL,59.72,30.0
03/06/2024 11:00:00 - 03/06/2024 12:00:00,SCA|NO2,mFRR,Not Specified,Not Specified,MARGINAL,60.63,30.5
03/06/2024 12:00:00 - 03/06/2024 13:00:00,SCA|NO2,mFRR,Not Specified,Not Specified,MARGINAL,60.6,60.6
03/06/2024 13:00:00 - 03/06/2024 14:00:00,SCA|NO2,mFRR,Not Specified,Not Specified,MARGINAL,59.31,59.31
03/06/2024 14:00:00 - 03/06/2024 15:00:00,SCA|NO2,mFRR,Not Specified,Not Specified,MARGINAL,53.43,42.0
03/06/2024 15:00:00 - 03/06/2024 16:00:00,SCA|NO2,mFRR,Not Specified,Not Specified,MARGINAL,49.06,42.0
03/06/2024 16:00:00 - 03/06/2024 17:00:00,SCA|NO2,mFRR,Not Specified,Not Specified,MARGINAL,55.22,55.22
03/06/2024 17:00:00 - 03/06/2024 18:00:00,SCA|NO2,mFRR,Not Specified,Not Specified,MARGINAL,44.92,44.92
03/06/2024 18:00:00 - 03/06/2024 19:00:00,SCA|NO2,mFRR,Not Specified,Not Specified,MARGINAL,55.28,55.28
03/06/2024 19:00:00 - 03/06/2024 20:00:00,SCA|NO2,mFRR,Not Specified,Not Specified,MARGINAL,62.28,62.28
03/06/2024 20:00:00 - 03/06/2024 21:00:00,SCA|NO2,mFRR,Not Specified,Not Specified,MARGINAL,71.26,71.26
03/06/2024 21:00:00 - 03/06/2024 22:00:00,SCA|NO2,mFRR,Not Specified,Not Specified,MARGINAL,61.41,61.41
03/06/2024 22:00:00 - 03/06/2024 23:00:00,SCA|NO2,mFRR,Not Specified,Not Specified,MARGINAL,59.99,30.0
03/06/2024 23:00:00 - 04/06/2024 00:00:00,SCA|NO2,mFRR,Not Specified,Not Specified,MARGINAL,59.14,30.0
04/06/2024 00:00:00 - 04/06/2024 01:00:00,SCA|NO2,mFRR,Not Specified,Not Specified,MARGINAL,60.14,31.0
04/06/2024 01:00:00 - 04/06/2024 02:00:00,SCA|NO2,mFRR,Not Specified,Not Specified,MARGINAL,59.08,31.0
04/06/2024 02:00:00 - 04/06/2024 03:00:00,SCA|NO2,mFRR,Not Specified,Not Specified,MARGINAL,59.12,59.12
04/06/2024 03:00:00 - 04/06/2024 04:00:00,SCA|NO2,mFRR,Not Specified,Not Specified,MARGINAL,59.73,59.73
04/06/2024 04:00:00 - 04/06/2024 05:00:00,SCA|NO2,mFRR,Not Specified,Not Specified,MARGINAL,60.19,60.19
04/06/2024 05:00:00 - 04/06/2024 06:00:00,SCA|NO2,mFRR,Not Specified,Not Specified,MARGINAL,60.59,60.59
04/06/2024 06:00:00 - 04/06/2024 07:00:00,SCA|NO2,mFRR,Not Specified,Not Specified,MARGINAL,62.29,62.29
04/06/2024 07:00:00 - 04/06/2024 08:00:00,SCA|NO2,mFRR,Not Specified,Not Specified,MARGINAL,72.87,72.87
04/06/2024 08:00:00 - 04/06/2024 09:00:00,SCA|NO2,mFRR,Not Specified,Not Specified,MARGINAL,71.97,71.97
04/06/2024 09:00:00 - 04/06/2024 10:00:00,SCA|NO2,mFRR,Not Specified,Not Specified,MARGINAL,60.45,40.0
04/06/2024 10:00:00 - 04/06/2024 11:00:00,SCA|NO2,mFRR,Not Specified,Not Specified,MARGINAL,54.83,33.5
04/06/2024 11:00:00 - 04/06/2024 12:00:00,SCA|NO2,mFRR,Not Specified,Not Specified,MARGINAL,58.65,33.5
04/06/2024 12:00:00 - 04/06/2024 13:00:00,SCA|NO2,mFRR,Not Specified,Not Specified,MARGINAL,59.22,33.0
04/06/2024 13:00:00 - 04/06/2024 14:00:00,SCA|NO2,mFRR,Not Specified,Not Specified,MARGINAL,44.54,25.0
04/06/2024 14:00:00 - 04/06/2024 15:00:00,SCA|NO2,mFRR,Not Specified,Not Specified,MARGINAL,36.02,13.41
04/06/2024 15:00:00 - 04/06/2024 16:00:00,SCA|NO2,mFRR,Not Specified,Not Specified,MARGINAL,37.08,13.41
04/06/2024 16:00:00 - 04/06/2024 17:00:00,SCA|NO2,mFRR,Not Specified,Not Specified,MARGINAL,42.01,31.5
04/06/2024 17:00:00 - 04/06/2024 18:00:00,SCA|NO2,mFRR,Not Specified,Not Specified,MARGINAL,55.26,32.0
04/06/2024 18:00:00 - 04/06/2024 19:00:00,SCA|NO2,mFRR,Not Specified,Not Specified,MARGINAL,60.01,32.0
04/06/2024 19:00:00 - 04/06/2024 20:00:00,SCA|NO2,mFRR,Not Specified,Not Specified,MARGINAL,60.72,34.0
04/06/2024 20:00:00 - 04/06/2024 21:00:00,SCA|NO2,mFRR,Not Specified,Not Specified,MARGINAL,60.74,54.0
04/06/2024 21:00:00 - 04/06/2024 22:00:00,SCA|NO2,mFRR,Not Specified,Not Specified,MARGINAL,55.93,44.0
04/06/2024 22:00:00 - 04/06/2024 23:00:00,SCA|NO2,mFRR,Not Specified,Not Specified,MARGINAL,59.33,59.33
04/06/2024 23:00:00 - 05/06/2024 00:00:00,SCA|NO2,mFRR,Not Specified,Not Specified,MARGINAL,60.04,33.0
05/06/2024 00:00:00 - 05/06/2024 01:00:00,SCA|NO2,mFRR,Not Specified,Not Specified,MARGINAL,68.0,55.08
05/06/2024 01:00:00 - 05/06/2024 02:00:00,SCA|NO2,mFRR,Not Specified,Not Specified,MARGINAL,64.0,42.43
05/06/2024 02:00:00 - 05/06/2024 03:00:00,SCA|NO2,mFRR,Not Specified,Not Specified,MARGINAL,29.0,27.89
05/06/2024 03:00:00 - 05/06/2024 04:00:00,SCA|NO2,mFRR,Not Specified,Not Specified,MARGINAL,40.5,22.92
05/06/2024 04:00:00 - 05/06/2024 05:00:00,SCA|NO2,mFRR,Not Specified,Not Specified,MARGINAL,22.0,22.0
05/06/2024 05:00:00 - 05/06/2024 06:00:00,SCA|NO2,mFRR,Not Specified,Not Specified,,,
05/06/2024 06:00:00 - 05/06/2024 07:00:00,SCA|NO2,mFRR,Not Specified,Not Specified,MARGINAL,35.5,23.46
05/06/2024 07:00:00 - 05/06/2024 08:00:00,SCA|NO2,mFRR,Not Specified,Not Specified,MARGINAL,52.0,32.5
05/06/2024 08:00:00 - 05/06/2024 09:00:00,SCA|NO2,mFRR,Not Specified,Not Specified,MARGINAL,52.0,29.5
05/06/2024 09:00:00 - 05/06/2024 10:00:00,SCA|NO2,mFRR,Not Specified,Not Specified,MARGINAL,41.13,11.0
05/06/2024 10:00:00 - 05/06/2024 11:00:00,SCA|NO2,mFRR,Not Specified,Not Specified,MARGINAL,40.01,2.0
05/06/2024 11:00:00 - 05/06/2024 12:00:00,SCA|NO2,mFRR,Not Specified,Not Specified,MARGINAL,40.7,0.5
05/06/2024 12:00:00 - 05/06/2024 13:00:00,SCA|NO2,mFRR,Not Specified,Not Specified,MARGINAL,35.97,16.5
05/06/2024 13:00:00 - 05/06/2024 14:00:00,SCA|NO2,mFRR,Not Specified,Not Specified,MARGINAL,29.23,-4.0
05/06/2024 14:00:00 - 05/06/2024 15:00:00,SCA|NO2,mFRR,Not Specified,Not Specified,MARGINAL,25.48,-4.5
05/06/2024 15:00:00 - 05/06/2024 16:00:00,SCA|NO2,mFRR,Not Specified,Not Specified,MARGINAL,31.27,-3.0
05/06/2024 16:00:00 - 05/06/2024 17:00:00,SCA|NO2,mFRR,Not Specified,Not Specified,MARGINAL,50.48,5.0
05/06/2024 17:00:00 - 05/06/2024 18:00:00,SCA|NO2,mFRR,Not Specified,Not Specified,MARGINAL,53.62,10.0
05/06/2024 18:00:00 - 05/06/2024 19:00:00,SCA|NO2,mFRR,Not Specified,Not Specified,MARGINAL,65.35,14.0
05/06/2024 19:00:00 - 05/06/2024 20:00:00,SCA|NO2,mFRR,Not Specified,Not Specified,MARGINAL,70.63,30.0
05/06/2024 20:00:00 - 05/06/2024 21:00:00,SCA|NO2,mFRR,Not Specified,Not Specified,MARGINAL,71.65,32.0
05/06/2024 21:00:00 - 05/06/2024 22:00:00,SCA|NO2,mFRR,Not Specified,Not Specified,MARGINAL,68.71,32.0
05/06/2024 22:00:00 - 05/06/2024 23:00:00,SCA|NO2,mFRR,Not Specified,Not Specified,MARGINAL,69.27,40.0
05/06/2024 23:00:00 - 06/06/2024 00:00:00,SCA|NO2,mFRR,Not Specified,Not Specified,MARGINAL,61.06,31.0
06/06/2024 00:00:00 - 06/06/2024 01:00:00,SCA|NO2,mFRR,Not Specified,Not Specified,MARGINAL,58.01,31.0
06/06/2024 01:00:00 - 06/06/2024 02:00:00,SCA|NO2,mFRR,Not Specified,Not Specified,MARGINAL,56.58,56.58
06/06/2024 02:00:00 - 06/06/2024 03:00:00,SCA|NO2,mFRR,Not Specified,Not Specified,MARGINAL,56.31,56.31
06/06/2024 03:00:00 - 06/06/2024 04:00:00,SCA|NO2,mFRR,Not Specified,Not Specified,MARGINAL,56.06,56.06
06/06/2024 04:00:00 - 06/06/2024 05:00:00,SCA|NO2,mFRR,Not Specified,Not Specified,MARGINAL,56.2,56.2
06/06/2024 05:00:00 - 06/06/2024 06:00:00,SCA|NO2,mFRR,Not Specified,Not Specified,MARGINAL,57.62,57.62
06/06/2024 06:00:00 - 06/06/2024 07:00:00,SCA|NO2,mFRR,Not Specified,Not Specified,MARGINAL,59.77,59.77
06/06/2024 07:00:00 - 06/06/2024 08:00:00,SCA|NO2,mFRR,Not Specified,Not Specified,MARGINAL,58.92,58.92
06/06/2024 08:00:00 - 06/06/2024 09:00:00,SCA|NO2,mFRR,Not Specified,Not Specified,MARGINAL,57.55,57.55
06/06/2024 09:00:00 - 06/06/2024 10:00:00,SCA|NO2,mFRR,Not Specified,Not Specified,MARGINAL,56.6,56.6
06/06/2024 10:00:00 - 06/06/2024 11:00:00,SCA|NO2,mFRR,Not Specified,Not Specified,MARGINAL,50.47,50.47
06/06/2024 11:00:00 - 06/06/2024 12:00:00,SCA|NO2,mFRR,Not Specified,Not Specified,MARGINAL,34.81,34.81
06/06/2024 12:00:00 - 06/06/2024 13:00:00,SCA|NO2,mFRR,Not Specified,Not Specified,MARGINAL,25.11,10.5
06/06/2024 13:00:00 - 06/06/2024 14:00:00,SCA|NO2,mFRR,Not Specified,Not Specified,MARGINAL,20.12,6.7
06/06/2024 14:00:00 - 06/06/2024 15:00:00,SCA|NO2,mFRR,Not Specified,Not Specified,MARGINAL,25.0,7.0
06/06/2024 15:00:00 - 06/06/2024 16:00:00,SCA|NO2,mFRR,Not Specified,Not Specified,MARGINAL,40.23,22.5
06/06/2024 16:00:00 - 06/06/2024 17:00:00,SCA|NO2,mFRR,Not Specified,Not Specified,MARGINAL,51.54,22.5
06/06/2024 17:00:00 - 06/06/2024 18:00:00,SCA|NO2,mFRR,Not Specified,Not Specified,MARGINAL,61.44,41.0
06/06/2024 18:00:00 - 06/06/2024 19:00:00,SCA|NO2,mFRR,Not Specified,Not Specified,MARGINAL,60.5,29.0
06/06/2024 19:00:00 - 06/06/2024 20:00:00,SCA|NO2,mFRR,Not Specified,Not Specified,MARGINAL,82.98,38.5
06/06/2024 20:00:00 - 06/06/2024 21:00:00,SCA|NO2,mFRR,Not Specified,Not Specified,MARGINAL,100.14,45.0
06/06/2024 21:00:00 - 06/06/2024 22:00:00,SCA|NO2,mFRR,Not Specified,Not Specified,MARGINAL,60.72,42.0
06/06/2024 22:00:00 - 06/06/2024 23:00:00,SCA|NO2,mFRR,Not Specified,Not Specified,MARGINAL,59.76,42.0
06/06/2024 23:00:00 - 07/06/2024 00:00:00,SCA|NO2,mFRR,Not Specified,Not Specified,MARGINAL,59.73,42.0
07/06/2024 00:00:00 - 07/06/2024 01:00:00,SCA|NO2,mFRR,Not Specified,Not Specified,MARGINAL,56.6,51.0
07/06/2024 01:00:00 - 07/06/2024 02:00:00,SCA|NO2,mFRR,Not Specified,Not Specified,MARGINAL,56.44,51.0
07/06/2024 02:00:00 - 07/06/2024 03:00:00,SCA|NO2,mFRR,Not Specified,Not Specified,MARGINAL,56.41,40.0
07/06/2024 03:00:00 - 07/06/2024 04:00:00,SCA|NO2,mFRR,Not Specified,Not Specified,MARGINAL,54.95,54.95
07/06/2024 04:00:00 - 07/06/2024 05:00:00,SCA|NO2,mFRR,Not Specified,Not Specified,MARGINAL,54.96,54.96
07/06/2024 05:00:00 - 07/06/2024 06:00:00,SCA|NO2,mFRR,Not Specified,Not Specified,MARGINAL,51.22,51.22
07/06/2024 06:00:00 - 07/06/2024 07:00:00,SCA|NO2,mFRR,Not Specified,Not Specified,MARGINAL,56.93,56.93
07/06/2024 07:00:00 - 07/06/2024 08:00:00,SCA|NO2,mFRR,Not Specified,Not Specified,MARGINAL,59.49,59.49
07/06/2024 08:00:00 - 07/06/2024 09:00:00,SCA|NO2,mFRR,Not Specified,Not Specified,MARGINAL,56.8,40.22
07/06/2024 09:00:00 - 07/06/2024 10:00:00,SCA|NO2,mFRR,Not Specified,Not Specified,MARGINAL,54.91,39.0
07/06/2024 10:00:00 - 07/06/2024 11:00:00,SCA|NO2,mFRR,Not Specified,Not Specified,MARGINAL,51.59,32.0
07/06/2024 11:00:00 - 07/06/2024 12:00:00,SCA|NO2,mFRR,Not Specified,Not Specified,MARGINAL,42.91,29.5
07/06/2024 12:00:00 - 07/06/2024 13:00:00,SCA|NO2,mFRR,Not Specified,Not Specified,MARGINAL,33.91,6.0
07/06/2024 13:00:00 - 07/06/2024 14:00:00,SCA|NO2,mFRR,Not Specified,Not Specified,MARGINAL,26.19,6.0
07/06/2024 14:00:00 - 07/06/2024 15:00:00,SCA|NO2,mFRR,Not Specified,Not Specified,MARGINAL,17.97,2.0
07/06/2024 15:00:00 - 07/06/2024 16:00:00,SCA|NO2,mFRR,Not Specified,Not Specified,MARGINAL,19.47,-0.5
07/06/2024 16:00:00 - 07/06/2024 17:00:00,SCA|NO2,mFRR,Not Specified,Not Specified,MARGINAL,33.13,10.0
07/06/2024 17:00:00 - 07/06/2024 18:00:00,SCA|NO2,mFRR,Not Specified,Not Specified,MARGINAL,45.3,25.0
07/06/2024 18:00:00 - 07/06/2024 19:00:00,SCA|NO2,mFRR,Not Specified,Not Specified,MARGINAL,59.21,29.5
07/06/2024 19:00:00 - 07/06/2024 20:00:00,SCA|NO2,mFRR,Not Specified,Not Specified,MARGINAL,56.78,30.0
07/06/2024 20:00:00 - 07/06/2024 21:00:00,SCA|NO2,mFRR,Not Specified,Not Specified,MARGINAL,59.21,32.0
07/06/2024 21:00:00 - 07/06/2024 22:00:00,SCA|NO2,mFRR,Not Specified,Not Specified,MARGINAL,57.09,34.0
07/06/2024 22:00:00 - 07/06/2024 23:00:00,SCA|NO2,mFRR,Not Specified,Not Specified,MARGINAL,50.85,44.0
07/06/2024 23:00:00 - 08/06/2024 00:00:00,SCA|NO2,mFRR,Not Specified,Not Specified,MARGINAL,49.05,33.86
08/06/2024 00:00:00 - 08/06/2024 01:00:00,SCA|NO2,mFRR,Not Specified,Not Specified,MARGINAL,54.56,38.0
08/06/2024 01:00:00 - 08/06/2024 02:00:00,SCA|NO2,mFRR,Not Specified,Not Specified,MARGINAL,49.0,49.0
08/06/2024 02:00:00 - 08/06/2024 03:00:00,SCA|NO2,mFRR,Not Specified,Not Specified,MARGINAL,42.99,31.0
08/06/2024 03:00:00 - 08/06/2024 04:00:00,SCA|NO2,mFRR,Not Specified,Not Specified,MARGINAL,35.6,18.59
08/06/2024 04:00:00 - 08/06/2024 05:00:00,SCA|NO2,mFRR,Not Specified,Not Specified,MARGINAL,33.15,16.0
08/06/2024 05:00:00 - 08/06/2024 06:00:00,SCA|NO2,mFRR,Not Specified,Not Specified,MARGINAL,31.95,16.0
08/06/2024 06:00:00 - 08/06/2024 07:00:00,SCA|NO2,mFRR,Not Specified,Not Specified,MARGINAL,34.16,16.0
08/06/2024 07:00:00 - 08/06/2024 08:00:00,SCA|NO2,mFRR,Not Specified,Not Specified,MARGINAL,35.35,32.0
08/06/2024 08:00:00 - 08/06/2024 09:00:00,SCA|NO2,mFRR,Not Specified,Not Specified,MARGINAL,29.47,29.47
08/06/2024 09:00:00 - 08/06/2024 10:00:00,SCA|NO2,mFRR,Not Specified,Not Specified,MARGINAL,22.26,4.07
08/06/2024 10:00:00 - 08/06/2024 11:00:00,SCA|NO2,mFRR,Not Specified,Not Specified,MARGINAL,1.51,0.0
08/06/2024 11:00:00 - 08/06/2024 12:00:00,SCA|NO2,mFRR,Not Specified,Not Specified,MARGINAL,-2.2,-2.2
08/06/2024 12:00:00 - 08/06/2024 13:00:00,SCA|NO2,mFRR,Not Specified,Not Specified,MARGINAL,-6.0,-10.05
08/06/2024 13:00:00 - 08/06/2024 14:00:00,SCA|NO2,mFRR,Not Specified,Not Specified,MARGINAL,-14.29,-16.0
08/06/2024 14:00:00 - 08/06/2024 15:00:00,SCA|NO2,mFRR,Not Specified,Not Specified,MARGINAL,-15.07,-15.07
08/06/2024 15:00:00 - 08/06/2024 16:00:00,SCA|NO2,mFRR,Not Specified,Not Specified,MARGINAL,4.42,-13.91
08/06/2024 16:00:00 - 08/06/2024 17:00:00,SCA|NO2,mFRR,Not Specified,Not Specified,MARGINAL,4.42,-2.54
08/06/2024 17:00:00 - 08/06/2024 18:00:00,SCA|NO2,mFRR,Not Specified,Not Specified,MARGINAL,30.82,14.35
08/06/2024 18:00:00 - 08/06/2024 19:00:00,SCA|NO2,mFRR,Not Specified,Not Specified,MARGINAL,31.99,27.01
08/06/2024 19:00:00 - 08/06/2024 20:00:00,SCA|NO2,mFRR,Not Specified,Not Specified,MARGINAL,34.23,31.0
08/06/2024 20:00:00 - 08/06/2024 21:00:00,SCA|NO2,mFRR,Not Specified,Not Specified,MARGINAL,33.54,28.0
08/06/2024 21:00:00 - 08/06/2024 22:00:00,SCA|NO2,mFRR,Not Specified,Not Specified,MARGINAL,32.68,25.0
08/06/2024 22:00:00 - 08/06/2024 23:00:00,SCA|NO2,mFRR,Not Specified,Not Specified,MARGINAL,35.0,32.04
08/06/2024 23:00:00 - 09/06/2024 00:00:00,SCA|NO2,mFRR,Not Specified,Not Specified,MARGINAL,35.0,30.47
09/06/2024 00:00:00 - 09/06/2024 01:00:00,SCA|NO2,mFRR,Not Specified,Not Specified,MARGINAL,32.64,7.0
09/06/2024 01:00:00 - 09/06/2024 02:00:00,SCA|NO2,mFRR,Not Specified,Not Specified,MARGINAL,27.48,0.0
09/06/2024 02:00:00 - 09/06/2024 03:00:00,SCA|NO2,mFRR,Not Specified,Not Specified,MARGINAL,17.02,0.0
09/06/2024 03:00:00 - 09/06/2024 04:00:00,SCA|NO2,mFRR,Not Specified,Not Specified,MARGINAL,9.11,0.07
09/06/2024 04:00:00 - 09/06/2024 05:00:00,SCA|NO2,mFRR,Not Specified,Not Specified,MARGINAL,4.09,3.0
09/06/2024 05:00:00 - 09/06/2024 06:00:00,SCA|NO2,mFRR,Not Specified,Not Specified,MARGINAL,1.93,1.93
09/06/2024 06:00:00 - 09/06/2024 07:00:00,SCA|NO2,mFRR,Not Specified,Not Specified,MARGINAL,4.87,4.87
09/06/2024 07:00:00 - 09/06/2024 08:00:00,SCA|NO2,mFRR,Not Specified,Not Specified,MARGINAL,15.0,2.22
09/06/2024 08:00:00 - 09/06/2024 09:00:00,SCA|NO2,mFRR,Not Specified,Not Specified,MARGINAL,-0.08,-1.0
09/06/2024 09:00:00 - 09/06/2024 10:00:00,SCA|NO2,mFRR,Not Specified,Not Specified,MARGINAL,-2.01,-2.01
09/06/2024 10:00:00 - 09/06/2024 11:00:00,SCA|NO2,mFRR,Not Specified,Not Specified,MARGINAL,-7.6,-7.6
09/06/2024 11:00:00 - 09/06/2024 12:00:00,SCA|NO2,mFRR,Not Specified,Not Specified,MARGINAL,3.75,-15.0
09/06/2024 12:00:00 - 09/06/2024 13:00:00,SCA|NO2,mFRR,Not Specified,Not Specified,MARGINAL,3.75,-24.77
09/06/2024 13:00:00 - 09/06/2024 14:00:00,SCA|NO2,mFRR,Not Specified,Not Specified,MARGINAL,3.75,-32.69
09/06/2024 14:00:00 - 09/06/2024 15:00:00,SCA|NO2,mFRR,Not Specified,Not Specified,MARGINAL,3.75,-37.13
09/06/2024 15:00:00 - 09/06/2024 16:00:00,SCA|NO2,mFRR,Not Specified,Not Specified,MARGINAL,-28.68,-28.68
09/06/2024 16:00:00 - 09/06/2024 17:00:00,SCA|NO2,mFRR,Not Specified,Not Specified,MARGINAL,4.42,-4.99
09/06/2024 17:00:00 - 09/06/2024 18:00:00,SCA|NO2,mFRR,Not Specified,Not Specified,MARGINAL,15.91,-0.6
09/06/2024 18:00:00 - 09/06/2024 19:00:00,SCA|NO2,mFRR,Not Specified,Not Specified,MARGINAL,26.57,26.57
09/06/2024 19:00:00 - 09/06/2024 20:00:00,SCA|NO2,mFRR,Not Specified,Not Specified,MARGINAL,35.97,35.97
09/06/2024 20:00:00 - 09/06/2024 21:00:00,SCA|NO2,mFRR,Not Specified,Not Specified,MARGINAL,38.14,38.14
09/06/2024 21:00:00 - 09/06/2024 22:00:00,SCA|NO2,mFRR,Not Specified,Not Specified,MARGINAL,39.58,32.0
09/06/2024 22:00:00 - 09/06/2024 23:00:00,SCA|NO2,mFRR,Not Specified,Not Specified,MARGINAL,40.0,32.0
09/06/2024 23:00:00 - 10/06/2024 00:00:00,SCA|NO2,mFRR,Not Specified,Not Specified,MARGINAL,39.09,31.0
10/06/2024 00:00:00 - 10/06/2024 01:00:00,SCA|NO2,mFRR,Not Specified,Not Specified,MARGINAL,37.15,37.15
10/06/2024 01:00:00 - 10/06/2024 02:00:00,SCA|NO2,mFRR,Not Specified,Not Specified,MARGINAL,35.11,32.0
10/06/2024 02:00:00 - 10/06/2024 03:00:00,SCA|NO2,mFRR,Not Specified,Not Specified,MARGINAL,34.42,34.42
10/06/2024 03:00:00 - 10/06/2024 04:00:00,SCA|NO2,mFRR,Not Specified,Not Specified,MARGINAL,34.83,34.83
10/06/2024 04:00:00 - 10/06/2024 05:00:00,SCA|NO2,mFRR,Not Specified,Not Specified,MARGINAL,33.29,14.79
10/06/2024 05:00:00 - 10/06/2024 06:00:00,SCA|NO2,mFRR,Not Specified,Not Specified,MARGINAL,34.19,14.0
10/06/2024 06:00:00 - 10/06/2024 07:00:00,SCA|NO2,mFRR,Not Specified,Not Specified,MARGINAL,45.0,38.44
10/06/2024 07:00:00 - 10/06/2024 08:00:00,SCA|NO2,mFRR,Not Specified,Not Specified,MARGINAL,44.23,41.12
10/06/2024 08:00:00 - 10/06/2024 09:00:00,SCA|NO2,mFRR,Not Specified,Not Specified,MARGINAL,45.0,41.2
10/06/2024 09:00:00 - 10/06/2024 10:00:00,SCA|NO2,mFRR,Not Specified,Not Specified,MARGINAL,47.0,38.86
10/06/2024 10:00:00 - 10/06/2024 11:00:00,SCA|NO2,mFRR,Not Specified,Not Specified,MARGINAL,50.0,35.51
10/06/2024 11:00:00 - 10/06/2024 12:00:00,SCA|NO2,mFRR,Not Specified,Not Specified,MARGINAL,50.0,37.4
10/06/2024 12:00:00 - 10/06/2024 13:00:00,SCA|NO2,mFRR,Not Specified,Not Specified,MARGINAL,47.0,30.0
10/06/2024 13:00:00 - 10/06/2024 14:00:00,SCA|NO2,mFRR,Not Specified,Not Specified,MARGINAL,39.18,27.0
10/06/2024 14:00:00 - 10/06/2024 15:00:00,SCA|NO2,mFRR,Not Specified,Not Specified,MARGINAL,38.84,22.28
10/06/2024 15:00:00 - 10/06/2024 16:00:00,SCA|NO2,mFRR,Not Specified,Not Specified,MARGINAL,39.16,22.28
10/06/2024 16:00:00 - 10/06/2024 17:00:00,SCA|NO2,mFRR,Not Specified,Not Specified,MARGINAL,42.0,30.16
10/06/2024 17:00:00 - 10/06/2024 18:00:00,SCA|NO2,mFRR,Not Specified,Not Specified,MARGINAL,42.86,42.86
10/06/2024 18:00:00 - 10/06/2024 19:00:00,SCA|NO2,mFRR,Not Specified,Not Specified,MARGINAL,50.69,50.69
10/06/2024 19:00:00 - 10/06/2024 20:00:00,SCA|NO2,mFRR,Not Specified,Not Specified,MARGINAL,57.0,55.01
10/06/2024 20:00:00 - 10/06/2024 21:00:00,SCA|NO2,mFRR,Not Specified,Not Specified,MARGINAL,57.5,36.0
10/06/2024 21:00:00 - 10/06/2024 22:00:00,SCA|NO2,mFRR,Not Specified,Not Specified,MARGINAL,55.93,36.0
10/06/2024 22:00:00 - 10/06/2024 23:00:00,SCA|NO2,mFRR,Not Specified,Not Specified,MARGINAL,47.0,32.0
10/06/2024 23:00:00 - 11/06/2024 00:00:00,SCA|NO2,mFRR,Not Specified,Not Specified,MARGINAL,44.4,32.0
11/06/2024 00:00:00 - 11/06/2024 01:00:00,SCA|NO2,mFRR,Not Specified,Not Specified,MARGINAL,44.92,31.0
11/06/2024 01:00:00 - 11/06/2024 02:00:00,SCA|NO2,mFRR,Not Specified,Not Specified,MARGINAL,43.96,29.0
11/06/2024 02:00:00 - 11/06/2024 03:00:00,SCA|NO2,mFRR,Not Specified,Not Specified,MARGINAL,43.68,26.0
11/06/2024 03:00:00 - 11/06/2024 04:00:00,SCA|NO2,mFRR,Not Specified,Not Specified,MARGINAL,43.67,20.0
11/06/2024 04:00:00 - 11/06/2024 05:00:00,SCA|NO2,mFRR,Not Specified,Not Specified,MARGINAL,43.83,20.0
11/06/2024 05:00:00 - 11/06/2024 06:00:00,SCA|NO2,mFRR,Not Specified,Not Specified,MARGINAL,44.8,20.0
11/06/2024 06:00:00 - 11/06/2024 07:00:00,SCA|NO2,mFRR,Not Specified,Not Specified,MARGINAL,53.3,30.0
11/06/2024 07:00:00 - 11/06/2024 08:00:00,SCA|NO2,mFRR,Not Specified,Not Specified,MARGINAL,97.15,34.0
11/06/2024 08:00:00 - 11/06/2024 09:00:00,SCA|NO2,mFRR,Not Specified,Not Specified,MARGINAL,84.94,35.0
11/06/2024 09:00:00 - 11/06/2024 10:00:00,SCA|NO2,mFRR,Not Specified,Not Specified,MARGINAL,56.87,34.0
11/06/2024 10:00:00 - 11/06/2024 11:00:00,SCA|NO2,mFRR,Not Specified,Not Specified,MARGINAL,42.07,30.0
11/06/2024 11:00:00 - 11/06/2024 12:00:00,SCA|NO2,mFRR,Not Specified,Not Specified,MARGINAL,32.96,30.0
11/06/2024 12:00:00 - 11/06/2024 13:00:00,SCA|NO2,mFRR,Not Specified,Not Specified,MARGINAL,29.49,27.5
11/06/2024 13:00:00 - 11/06/2024 14:00:00,SCA|NO2,mFRR,Not Specified,Not Specified,MARGINAL,21.67,20.0
11/06/2024 14:00:00 - 11/06/2024 15:00:00,SCA|NO2,mFRR,Not Specified,Not Specified,MARGINAL,25.04,5.5
11/06/2024 15:00:00 - 11/06/2024 16:00:00,SCA|NO2,mFRR,Not Specified,Not Specified,MARGINAL,27.14,6.02
11/06/2024 16:00:00 - 11/06/2024 17:00:00,SCA|NO2,mFRR,Not Specified,Not Specified,MARGINAL,31.19,25.0
11/06/2024 17:00:00 - 11/06/2024 18:00:00,SCA|NO2,mFRR,Not Specified,Not Specified,MARGINAL,41.0,33.0
11/06/2024 18:00:00 - 11/06/2024 19:00:00,SCA|NO2,mFRR,Not Specified,Not Specified,MARGINAL,44.54,44.54
11/06/2024 19:00:00 - 11/06/2024 20:00:00,SCA|NO2,mFRR,Not Specified,Not Specified,MARGINAL,53.35,53.35
11/06/2024 20:00:00 - 11/06/2024 21:00:00,SCA|NO2,mFRR,Not Specified,Not Specified,MARGINAL,53.35,53.35
11/06/2024 21:00:00 - 11/06/2024 22:00:00,SCA|NO2,mFRR,Not Specified,Not Specified,MARGINAL,53.37,53.37
11/06/2024 22:00:00 - 11/06/2024 23:00:00,SCA|NO2,mFRR,Not Specified,Not Specified,MARGINAL,51.9,51.9
11/06/2024 23:00:00 - 12/06/2024 00:00:00,SCA|NO2,mFRR,Not Specified,Not Specified,MARGINAL,47.98,45.25
12/06/2024 00:00:00 - 12/06/2024 01:00:00,SCA|NO2,mFRR,Not Specified,Not Specified,MARGINAL,55.0,44.34
12/06/2024 01:00:00 - 12/06/2024 02:00:00,SCA|NO2,mFRR,Not Specified,Not Specified,MARGINAL,55.0,43.96
12/06/2024 02:00:00 - 12/06/2024 03:00:00,SCA|NO2,mFRR,Not Specified,Not Specified,MARGINAL,55.0,43.92
12/06/2024 03:00:00 - 12/06/2024 04:00:00,SCA|NO2,mFRR,Not Specified,Not Specified,MARGINAL,55.0,43.86
12/06/2024 04:00:00 - 12/06/2024 05:00:00,SCA|NO2,mFRR,Not Specified,Not Specified,MARGINAL,54.0,43.87
12/06/2024 05:00:00 - 12/06/2024 06:00:00,SCA|NO2,mFRR,Not Specified,Not Specified,MARGINAL,54.0,44.01
12/06/2024 06:00:00 - 12/06/2024 07:00:00,SCA|NO2,mFRR,Not Specified,Not Specified,MARGINAL,49.81,45.21
12/06/2024 07:00:00 - 12/06/2024 08:00:00,SCA|NO2,mFRR,Not Specified,Not Specified,MARGINAL,111.57,111.57
12/06/2024 08:00:00 - 12/06/2024 09:00:00,SCA|NO2,mFRR,Not Specified,Not Specified,MARGINAL,100.68,100.68
12/06/2024 09:00:00 - 12/06/2024 10:00:00,SCA|NO2,mFRR,Not Specified,Not Specified,MARGINAL,67.87,40.0
12/06/2024 10:00:00 - 12/06/2024 11:00:00,SCA|NO2,mFRR,Not Specified,Not Specified,MARGINAL,51.3,28.0
12/06/2024 11:00:00 - 12/06/2024 12:00:00,SCA|NO2,mFRR,Not Specified,Not Specified,MARGINAL,45.67,26.0
12/06/2024 12:00:00 - 12/06/2024 13:00:00,SCA|NO2,mFRR,Not Specified,Not Specified,MARGINAL,40.94,24.0
12/06/2024 13:00:00 - 12/06/2024 14:00:00,SCA|NO2,mFRR,Not Specified,Not Specified,MARGINAL,39.46,24.0
12/06/2024 14:00:00 - 12/06/2024 15:00:00,SCA|NO2,mFRR,Not Specified,Not Specified,MARGINAL,38.73,22.36
12/06/2024 15:00:00 - 12/06/2024 16:00:00,SCA|NO2,mFRR,Not Specified,Not Specified,MARGINAL,41.4,25.0
12/06/2024 16:00:00 - 12/06/2024 17:00:00,SCA|NO2,mFRR,Not Specified,Not Specified,MARGINAL,44.39,28.0
12/06/2024 17:00:00 - 12/06/2024 18:00:00,SCA|NO2,mFRR,Not Specified,Not Specified,MARGINAL,44.9,38.0
12/06/2024 18:00:00 - 12/06/2024 19:00:00,SCA|NO2,mFRR,Not Specified,Not Specified,MARGINAL,46.21,37.0
12/06/2024 19:00:00 - 12/06/2024 20:00:00,SCA|NO2,mFRR,Not Specified,Not Specified,MARGINAL,46.81,43.0
12/06/2024 20:00:00 - 12/06/2024 21:00:00,SCA|NO2,mFRR,Not Specified,Not Specified,MARGINAL,47.71,45.77
12/06/2024 21:00:00 - 12/06/2024 22:00:00,SCA|NO2,mFRR,Not Specified,Not Specified,MARGINAL,45.91,38.0
12/06/2024 22:00:00 - 12/06/2024 23:00:00,SCA|NO2,mFRR,Not Specified,Not Specified,MARGINAL,44.73,44.73
12/06/2024 23:00:00 - 13/06/2024 00:00:00,SCA|NO2,mFRR,Not Specified,Not Specified,MARGINAL,46.0,43.81
13/06/2024 00:00:00 - 13/06/2024 01:00:00,SCA|NO2,mFRR,Not Specified,Not Specified,MARGINAL,45.0,36.5
13/06/2024 01:00:00 - 13/06/2024 02:00:00,SCA|NO2,mFRR,Not Specified,Not Specified,MARGINAL,44.95,31.0
13/06/2024 02:00:00 - 13/06/2024 03:00:00,SCA|NO2,mFRR,Not Specified,Not Specified,MARGINAL,44.9,30.5
13/06/2024 03:00:00 - 13/06/2024 04:00:00,SCA|NO2,mFRR,Not Specified,Not Specified,MARGINAL,43.87,27.0
13/06/2024 04:00:00 - 13/06/2024 05:00:00,SCA|NO2,mFRR,Not Specified,Not Specified,MARGINAL,44.9,26.0
13/06/2024 05:00:00 - 13/06/2024 06:00:00,SCA|NO2,mFRR,Not Specified,Not Specified,MARGINAL,46.37,27.0
13/06/2024 06:00:00 - 13/06/2024 07:00:00,SCA|NO2,mFRR,Not Specified,Not Specified,MARGINAL,46.77,31.5
13/06/2024 07:00:00 - 13/06/2024 08:00:00,SCA|NO2,mFRR,Not Specified,Not Specified,MARGINAL,76.08,39.5
13/06/2024 08:00:00 - 13/06/2024 09:00:00,SCA|NO2,mFRR,Not Specified,Not Specified,MARGINAL,102.99,39.83
13/06/2024 09:00:00 - 13/06/2024 10:00:00,SCA|NO2,mFRR,Not Specified,Not Specified,MARGINAL,71.43,43.0
13/06/2024 10:00:00 - 13/06/2024 11:00:00,SCA|NO2,mFRR,Not Specified,Not Specified,MARGINAL,55.13,39.0
13/06/2024 11:00:00 - 13/06/2024 12:00:00,SCA|NO2,mFRR,Not Specified,Not Specified,MARGINAL,48.26,34.0
13/06/2024 12:00:00 - 13/06/2024 13:00:00,SCA|NO2,mFRR,Not Specified,Not Specified,MARGINAL,44.15,31.0
13/06/2024 13:00:00 - 13/06/2024 14:00:00,SCA|NO2,mFRR,Not Specified,Not Specified,MARGINAL,42.62,25.0
13/06/2024 14:00:00 - 13/06/2024 15:00:00,SCA|NO2,mFRR,Not Specified,Not Specified,MARGINAL,42.0,27.0
13/06/2024 15:00:00 - 13/06/2024 16:00:00,SCA|NO2,mFRR,Not Specified,Not Specified,MARGINAL,44.06,33.52
13/06/2024 16:00:00 - 13/06/2024 17:00:00,SCA|NO2,mFRR,Not Specified,Not Specified,MARGINAL,47.73,37.0
13/06/2024 17:00:00 - 13/06/2024 18:00:00,SCA|NO2,mFRR,Not Specified,Not Specified,MARGINAL,60.5,50.71
13/06/2024 18:00:00 - 13/06/2024 19:00:00,SCA|NO2,mFRR,Not Specified,Not Specified,MARGINAL,60.5,52.0
13/06/2024 19:00:00 - 13/06/2024 20:00:00,SCA|NO2,mFRR,Not Specified,Not Specified,MARGINAL,125.0,117.76
13/06/2024 20:00:00 - 13/06/2024 21:00:00,SCA|NO2,mFRR,Not Specified,Not Specified,MARGINAL,170.0,160.83
13/06/2024 21:00:00 - 13/06/2024 22:00:00,SCA|NO2,mFRR,Not Specified,Not Specified,MARGINAL,170.0,134.6
13/06/2024 22:00:00 - 13/06/2024 23:00:00,SCA|NO2,mFRR,Not Specified,Not Specified,MARGINAL,97.0,96.41
13/06/2024 23:00:00 - 14/06/2024 00:00:00,SCA|NO2,mFRR,Not Specified,Not Specified,MARGINAL,49.99,49.99
14/06/2024 00:00:00 - 14/06/2024 01:00:00,SCA|NO2,mFRR,Not Specified,Not Specified,MARGINAL,43.54,43.54
14/06/2024 01:00:00 - 14/06/2024 02:00:00,SCA|NO2,mFRR,Not Specified,Not Specified,MARGINAL,41.0,39.91
14/06/2024 02:00:00 - 14/06/2024 03:00:00,SCA|NO2,mFRR,Not Specified,Not Specified,MARGINAL,40.0,36.98
14/06/2024 03:00:00 - 14/06/2024 04:00:00,SCA|NO2,mFRR,Not Specified,Not Specified,MARGINAL,40.0,36.42
14/06/2024 04:00:00 - 14/06/2024 05:00:00,SCA|NO2,mFRR,Not Specified,Not Specified,MARGINAL,39.5,36.08
14/06/2024 05:00:00 - 14/06/2024 06:00:00,SCA|NO2,mFRR,Not Specified,Not Specified,MARGINAL,40.0,38.46
14/06/2024 06:00:00 - 14/06/2024 07:00:00,SCA|NO2,mFRR,Not Specified,Not Specified,MARGINAL,54.26,39.35
14/06/2024 07:00:00 - 14/06/2024 08:00:00,SCA|NO2,mFRR,Not Specified,Not Specified,MARGINAL,57.63,48.93
14/06/2024 08:00:00 - 14/06/2024 09:00:00,SCA|NO2,mFRR,Not Specified,Not Specified,MARGINAL,66.0,50.92
14/06/2024 09:00:00 - 14/06/2024 10:00:00,SCA|NO2,mFRR,Not Specified,Not Specified,MARGINAL,66.0,49.94
14/06/2024 10:00:00 - 14/06/2024 11:00:00,SCA|NO2,mFRR,Not Specified,Not Specified,MARGINAL,60.0,44.94
14/06/2024 11:00:00 - 14/06/2024 12:00:00,SCA|NO2,mFRR,Not Specified,Not Specified,MARGINAL,51.5,41.7
14/06/2024 12:00:00 - 14/06/2024 13:00:00,SCA|NO2,mFRR,Not Specified,Not Specified,MARGINAL,40.96,40.96
14/06/2024 13:00:00 - 14/06/2024 14:00:00,SCA|NO2,mFRR,Not Specified,Not Specified,MARGINAL,39.37,36.0
14/06/2024 14:00:00 - 14/06/2024 15:00:00,SCA|NO2,mFRR,Not Specified,Not Specified,MARGINAL,36.55,32.5
14/06/2024 15:00:00 - 14/06/2024 16:00:00,SCA|NO2,mFRR,Not Specified,Not Specified,MARGINAL,36.95,32.0
14/06/2024 16:00:00 - 14/06/2024 17:00:00,SCA|NO2,mFRR,Not Specified,Not Specified,MARGINAL,39.81,34.0
14/06/2024 17:00:00 - 14/06/2024 18:00:00,SCA|NO2,mFRR,Not Specified,Not Specified,MARGINAL,40.0,34.0
14/06/2024 18:00:00 - 14/06/2024 19:00:00,SCA|NO2,mFRR,Not Specified,Not Specified,MARGINAL,52.5,44.94
14/06/2024 19:00:00 - 14/06/2024 20:00:00,SCA|NO2,mFRR,Not Specified,Not Specified,MARGINAL,45.83,33.19
14/06/2024 20:00:00 - 14/06/2024 21:00:00,SCA|NO2,mFRR,Not Specified,Not Specified,MARGINAL,43.43,32.53
14/06/2024 21:00:00 - 14/06/2024 22:00:00,SCA|NO2,mFRR,Not Specified,Not Specified,MARGINAL,42.96,33.5
14/06/2024 22:00:00 - 14/06/2024 23:00:00,SCA|NO2,mFRR,Not Specified,Not Specified,MARGINAL,40.55,33.14
14/06/2024 23:00:00 - 15/06/2024 00:00:00,SCA|NO2,mFRR,Not Specified,Not Specified,MARGINAL,39.94,33.5
15/06/2024 00:00:00 - 15/06/2024 01:00:00,SCA|NO2,mFRR,Not Specified,Not Specified,MARGINAL,39.97,39.97
15/06/2024 01:00:00 - 15/06/2024 02:00:00,SCA|NO2,mFRR,Not Specified,Not Specified,MARGINAL,38.0,36.93
15/06/2024 02:00:00 - 15/06/2024 03:00:00,SCA|NO2,mFRR,Not Specified,Not Specified,MARGINAL,39.0,31.66
15/06/2024 03:00:00 - 15/06/2024 04:00:00,SCA|NO2,mFRR,Not Specified,Not Specified,MARGINAL,38.0,28.86
15/06/2024 04:00:00 - 15/06/2024 05:00:00,SCA|NO2,mFRR,Not Specified,Not Specified,MARGINAL,38.0,22.51
15/06/2024 05:00:00 - 15/06/2024 06:00:00,SCA|NO2,mFRR,Not Specified,Not Specified,MARGINAL,29.0,10.04
15/06/2024 06:00:00 - 15/06/2024 07:00:00,SCA|NO2,mFRR,Not Specified,Not Specified,MARGINAL,22.0,1.79
15/06/2024 07:00:00 - 15/06/2024 08:00:00,SCA|NO2,mFRR,Not Specified,Not Specified,MARGINAL,22.5,0.24
15/06/2024 08:00:00 - 15/06/2024 09:00:00,SCA|NO2,mFRR,Not Specified,Not Specified,MARGINAL,18.0,0.0
15/06/2024 09:00:00 - 15/06/2024 10:00:00,SCA|NO2,mFRR,Not Specified,Not Specified,MARGINAL,-0.05,-0.05
15/06/2024 10:00:00 - 15/06/2024 11:00:00,SCA|NO2,mFRR,Not Specified,Not Specified,MARGINAL,-0.03,-0.03
15/06/2024 11:00:00 - 15/06/2024 12:00:00,SCA|NO2,mFRR,Not Specified,Not Specified,MARGINAL,-0.05,-0.05
15/06/2024 12:00:00 - 15/06/2024 13:00:00,SCA|NO2,mFRR,Not Specified,Not Specified,MARGINAL,-0.22,-0.22
15/06/2024 13:00:00 - 15/06/2024 14:00:00,SCA|NO2,mFRR,Not Specified,Not Specified,MARGINAL,-0.64,-0.64
15/06/2024 14:00:00 - 15/06/2024 15:00:00,SCA|NO2,mFRR,Not Specified,Not Specified,MARGINAL,-0.95,-0.95
15/06/2024 15:00:00 - 15/06/2024 16:00:00,SCA|NO2,mFRR,Not Specified,Not Specified,MARGINAL,4.42,-0.02
15/06/2024 16:00:00 - 15/06/2024 17:00:00,SCA|NO2,mFRR,Not Specified,Not Specified,MARGINAL,4.42,1.19
15/06/2024 17:00:00 - 15/06/2024 18:00:00,SCA|NO2,mFRR,Not Specified,Not Specified,MARGINAL,9.47,9.47
15/06/2024 18:00:00 - 15/06/2024 19:00:00,SCA|NO2,mFRR,Not Specified,Not Specified,MARGINAL,20.51,5.0
15/06/2024 19:00:00 - 15/06/2024 20:00:00,SCA|NO2,mFRR,Not Specified,Not Specified,MARGINAL,33.02,22.5
15/06/2024 20:00:00 - 15/06/2024 21:00:00,SCA|NO2,mFRR,Not Specified,Not Specified,MARGINAL,39.42,28.5
15/06/2024 21:00:00 - 15/06/2024 22:00:00,SCA|NO2,mFRR,Not Specified,Not Specified,MARGINAL,51.21,34.5
15/06/2024 22:00:00 - 15/06/2024 23:00:00,SCA|NO2,mFRR,Not Specified,Not Specified,MARGINAL,45.45,35.0
15/06/2024 23:00:00 - 16/06/2024 00:00:00,SCA|NO2,mFRR,Not Specified,Not Specified,MARGINAL,39.23,39.23
16/06/2024 00:00:00 - 16/06/2024 01:00:00,SCA|NO2,mFRR,Not Specified,Not Specified,MARGINAL,25.7,25.7
16/06/2024 01:00:00 - 16/06/2024 02:00:00,SCA|NO2,mFRR,Not Specified,Not Specified,MARGINAL,10.36,10.36
16/06/2024 02:00:00 - 16/06/2024 03:00:00,SCA|NO2,mFRR,Not Specified,Not Specified,MARGINAL,4.92,4.92
16/06/2024 03:00:00 - 16/06/2024 04:00:00,SCA|NO2,mFRR,Not Specified,Not Specified,MARGINAL,2.92,2.92
16/06/2024 04:00:00 - 16/06/2024 05:00:00,SCA|NO2,mFRR,Not Specified,Not Specified,MARGINAL,2.19,2.19
16/06/2024 05:00:00 - 16/06/2024 06:00:00,SCA|NO2,mFRR,Not Specified,Not Specified,MARGINAL,2.53,2.13
16/06/2024 06:00:00 - 16/06/2024 07:00:00,SCA|NO2,mFRR,Not Specified,Not Specified,MARGINAL,2.95,2.95
16/06/2024 07:00:00 - 16/06/2024 08:00:00,SCA|NO2,mFRR,Not Specified,Not Specified,MARGINAL,0.69,-1.0
16/06/2024 08:00:00 - 16/06/2024 09:00:00,SCA|NO2,mFRR,Not Specified,Not Specified,MARGINAL,-0.02,-1.0
16/06/2024 09:00:00 - 16/06/2024 10:00:00,SCA|NO2,mFRR,Not Specified,Not Specified,MARGINAL,-0.8,-1.0
16/06/2024 10:00:00 - 16/06/2024 11:00:00,SCA|NO2,mFRR,Not Specified,Not Specified,MARGINAL,-0.58,-1.0
16/06/2024 11:00:00 - 16/06/2024 12:00:00,SCA|NO2,mFRR,Not Specified,Not Specified,MARGINAL,-0.59,-1.0
16/06/2024 12:00:00 - 16/06/2024 13:00:00,SCA|NO2,mFRR,Not Specified,Not Specified,MARGINAL,-0.89,-1.0
16/06/2024 13:00:00 - 16/06/2024 14:00:00,SCA|NO2,mFRR,Not Specified,Not Specified,MARGINAL,-0.8,-2.0
16/06/2024 14:00:00 - 16/06/2024 15:00:00,SCA|NO2,mFRR,Not Specified,Not Specified,MARGINAL,-0.11,-3.0
16/06/2024 15:00:00 - 16/06/2024 16:00:00,SCA|NO2,mFRR,Not Specified,Not Specified,MARGINAL,0.0,-3.0
16/06/2024 16:00:00 - 16/06/2024 17:00:00,SCA|NO2,mFRR,Not Specified,Not Specified,MARGINAL,6.7,-2.0
16/06/2024 17:00:00 - 16/06/2024 18:00:00,SCA|NO2,mFRR,Not Specified,Not Specified,MARGINAL,26.34,11.0
16/06/2024 18:00:00 - 16/06/2024 19:00:00,SCA|NO2,mFRR,Not Specified,Not Specified,MARGINAL,35.07,30.0
16/06/2024 19:00:00 - 16/06/2024 20:00:00,SCA|NO2,mFRR,Not Specified,Not Specified,MARGINAL,42.84,42.84
16/06/2024 20:00:00 - 16/06/2024 21:00:00,SCA|NO2,mFRR,Not Specified,Not Specified,MARGINAL,51.5,43.83
16/06/2024 21:00:00 - 16/06/2024 22:00:00,SCA|NO2,mFRR,Not Specified,Not Specified,MARGINAL,43.92,43.92
16/06/2024 22:00:00 - 16/06/2024 23:00:00,SCA|NO2,mFRR,Not Specified,Not Specified,MARGINAL,43.87,43.87
16/06/2024 23:00:00 - 17/06/2024 00:00:00,SCA|NO2,mFRR,Not Specified,Not Specified,MARGINAL,43.66,33.5
17/06/2024 00:00:00 - 17/06/2024 01:00:00,SCA|NO2,mFRR,Not Specified,Not Specified,MARGINAL,43.67,33.5
17/06/2024 01:00:00 - 17/06/2024 02:00:00,SCA|NO2,mFRR,Not Specified,Not Specified,MARGINAL,43.1,32.0
17/06/2024 02:00:00 - 17/06/2024 03:00:00,SCA|NO2,mFRR,Not Specified,Not Specified,MARGINAL,43.61,33.0
17/06/2024 03:00:00 - 17/06/2024 04:00:00,SCA|NO2,mFRR,Not Specified,Not Specified,MARGINAL,43.64,30.29
17/06/2024 04:00:00 - 17/06/2024 05:00:00,SCA|NO2,mFRR,Not Specified,Not Specified,MARGINAL,43.64,31.68
17/06/2024 05:00:00 - 17/06/2024 06:00:00,SCA|NO2,mFRR,Not Specified,Not Specified,MARGINAL,44.96,44.96
17/06/2024 06:00:00 - 17/06/2024 07:00:00,SCA|NO2,mFRR,Not Specified,Not Specified,MARGINAL,81.62,48.5
17/06/2024 07:00:00 - 17/06/2024 08:00:00,SCA|NO2,mFRR,Not Specified,Not Specified,MARGINAL,129.0,128.57
17/06/2024 08:00:00 - 17/06/2024 09:00:00,SCA|NO2,mFRR,Not Specified,Not Specified,MARGINAL,114.0,112.63
17/06/2024 09:00:00 - 17/06/2024 10:00:00,SCA|NO2,mFRR,Not Specified,Not Specified,MARGINAL,101.5,82.1
17/06/2024 10:00:00 - 17/06/2024 11:00:00,SCA|NO2,mFRR,Not Specified,Not Specified,MARGINAL,61.0,60.18
17/06/2024 11:00:00 - 17/06/2024 12:00:00,SCA|NO2,mFRR,Not Specified,Not Specified,MARGINAL,46.95,46.95
17/06/2024 12:00:00 - 17/06/2024 13:00:00,SCA|NO2,mFRR,Not Specified,Not Specified,MARGINAL,47.0,40.56
17/06/2024 13:00:00 - 17/06/2024 14:00:00,SCA|NO2,mFRR,Not Specified,Not Specified,MARGINAL,38.79,34.0
17/06/2024 14:00:00 - 17/06/2024 15:00:00,SCA|NO2,mFRR,Not Specified,Not Specified,MARGINAL,40.35,31.5
17/06/2024 15:00:00 - 17/06/2024 16:00:00,SCA|NO2,mFRR,Not Specified,Not Specified,MARGINAL,44.82,31.5
17/06/2024 16:00:00 - 17/06/2024 17:00:00,SCA|NO2,mFRR,Not Specified,Not Specified,MARGINAL,52.34,33.0
17/06/2024 17:00:00 - 17/06/2024 18:00:00,SCA|NO2,mFRR,Not Specified,Not Specified,MARGINAL,80.1,37.0
17/06/2024 18:00:00 - 17/06/2024 19:00:00,SCA|NO2,mFRR,Not Specified,Not Specified,MARGINAL,104.71,104.71
17/06/2024 19:00:00 - 17/06/2024 20:00:00,SCA|NO2,mFRR,Not Specified,Not Specified,MARGINAL,134.97,134.97
17/06/2024 20:00:00 - 17/06/2024 21:00:00,SCA|NO2,mFRR,Not Specified,Not Specified,MARGINAL,175.31,175.31
17/06/2024 21:00:00 - 17/06/2024 22:00:00,SCA|NO2,mFRR,Not Specified,Not Specified,MARGINAL,190.63,190.63
17/06/2024 22:00:00 - 17/06/2024 23:00:00,SCA|NO2,mFRR,Not Specified,Not Specified,MARGINAL,122.56,122.56
17/06/2024 23:00:00 - 18/06/2024 00:00:00,SCA|NO2,mFRR,Not Specified,Not Specified,MARGINAL,47.39,45.0
18/06/2024 00:00:00 - 18/06/2024 01:00:00,SCA|NO2,mFRR,Not Specified,Not Specified,MARGINAL,45.0,44.56
18/06/2024 01:00:00 - 18/06/2024 02:00:00,SCA|NO2,mFRR,Not Specified,Not Specified,MARGINAL,44.24,44.24
18/06/2024 02:00:00 - 18/06/2024 03:00:00,SCA|NO2,mFRR,Not Specified,Not Specified,MARGINAL,44.27,44.27
18/06/2024 03:00:00 - 18/06/2024 04:00:00,SCA|NO2,mFRR,Not Specified,Not Specified,MARGINAL,44.4,34.0
18/06/2024 04:00:00 - 18/06/2024 05:00:00,SCA|NO2,mFRR,Not Specified,Not Specified,MARGINAL,44.6,33.0
18/06/2024 05:00:00 - 18/06/2024 06:00:00,SCA|NO2,mFRR,Not Specified,Not Specified,MARGINAL,45.31,33.0
18/06/2024 06:00:00 - 18/06/2024 07:00:00,SCA|NO2,mFRR,Not Specified,Not Specified,MARGINAL,47.0,39.53
18/06/2024 07:00:00 - 18/06/2024 08:00:00,SCA|NO2,mFRR,Not Specified,Not Specified,MARGINAL,49.0,48.91
18/06/2024 08:00:00 - 18/06/2024 09:00:00,SCA|NO2,mFRR,Not Specified,Not Specified,MARGINAL,92.99,92.99
18/06/2024 09:00:00 - 18/06/2024 10:00:00,SCA|NO2,mFRR,Not Specified,Not Specified,MARGINAL,78.39,78.39
18/06/2024 10:00:00 - 18/06/2024 11:00:00,SCA|NO2,mFRR,Not Specified,Not Specified,MARGINAL,67.63,67.63
18/06/2024 11:00:00 - 18/06/2024 12:00:00,SCA|NO2,mFRR,Not Specified,Not Specified,MARGINAL,53.22,53.22
18/06/2024 12:00:00 - 18/06/2024 13:00:00,SCA|NO2,mFRR,Not Specified,Not Specified,MARGINAL,49.57,49.57
18/06/2024 13:00:00 - 18/06/2024 14:00:00,SCA|NO2,mFRR,Not Specified,Not Specified,MARGINAL,49.44,49.44
18/06/2024 14:00:00 - 18/06/2024 15:00:00,SCA|NO2,mFRR,Not Specified,Not Specified,MARGINAL,49.1,49.1
18/06/2024 15:00:00 - 18/06/2024 16:00:00,SCA|NO2,mFRR,Not Specified,Not Specified,MARGINAL,53.0,53.0
18/06/2024 16:00:00 - 18/06/2024 17:00:00,SCA|NO2,mFRR,Not Specified,Not Specified,MARGINAL,61.2,61.2
18/06/2024 17:00:00 - 18/06/2024 18:00:00,SCA|NO2,mFRR,Not Specified,Not Specified,MARGINAL,64.96,64.96
18/06/2024 18:00:00 - 18/06/2024 19:00:00,SCA|NO2,mFRR,Not Specified,Not Specified,MARGINAL,69.96,69.96
18/06/2024 19:00:00 - 18/06/2024 20:00:00,SCA|NO2,mFRR,Not Specified,Not Specified,MARGINAL,58.54,58.54
18/06/2024 20:00:00 - 18/06/2024 21:00:00,SCA|NO2,mFRR,Not Specified,Not Specified,MARGINAL,45.2,45.2
18/06/2024 21:00:00 - 18/06/2024 22:00:00,SCA|NO2,mFRR,Not Specified,Not Specified,MARGINAL,45.13,45.13
18/06/2024 22:00:00 - 18/06/2024 23:00:00,SCA|NO2,mFRR,Not Specified,Not Specified,MARGINAL,52.5,52.5
18/06/2024 23:00:00 - 19/06/2024 00:00:00,SCA|NO2,mFRR,Not Specified,Not Specified,MARGINAL,45.49,45.49
19/06/2024 00:00:00 - 19/06/2024 01:00:00,SCA|NO2,mFRR,Not Specified,Not Specified,MARGINAL,53.38,53.38
19/06/2024 01:00:00 - 19/06/2024 02:00:00,SCA|NO2,mFRR,Not Specified,Not Specified,MARGINAL,52.48,52.48
19/06/2024 02:00:00 - 19/06/2024 03:00:00,SCA|NO2,mFRR,Not Specified,Not Specified,MARGINAL,52.18,52.18
19/06/2024 03:00:00 - 19/06/2024 04:00:00,SCA|NO2,mFRR,Not Specified,Not Specified,MARGINAL,45.62,45.62
19/06/2024 04:00:00 - 19/06/2024 05:00:00,SCA|NO2,mFRR,Not Specified,Not Specified,MARGINAL,43.91,43.91
19/06/2024 05:00:00 - 19/06/2024 06:00:00,SCA|NO2,mFRR,Not Specified,Not Specified,MARGINAL,52.27,52.27
19/06/2024 06:00:00 - 19/06/2024 07:00:00,SCA|NO2,mFRR,Not Specified,Not Specified,MARGINAL,43.19,34.0
19/06/2024 07:00:00 - 19/06/2024 08:00:00,SCA|NO2,mFRR,Not Specified,Not Specified,MARGINAL,108.55,108.55
19/06/2024 08:00:00 - 19/06/2024 09:00:00,SCA|NO2,mFRR,Not Specified,Not Specified,MARGINAL,100.9,35.0
19/06/2024 09:00:00 - 19/06/2024 10:00:00,SCA|NO2,mFRR,Not Specified,Not Specified,MARGINAL,76.19,34.0
19/06/2024 10:00:00 - 19/06/2024 11:00:00,SCA|NO2,mFRR,Not Specified,Not Specified,MARGINAL,53.33,32.0
19/06/2024 11:00:00 - 19/06/2024 12:00:00,SCA|NO2,mFRR,Not Specified,Not Specified,MARGINAL,44.48,25.0
19/06/2024 12:00:00 - 19/06/2024 13:00:00,SCA|NO2,mFRR,Not Specified,Not Specified,MARGINAL,40.13,25.0
19/06/2024 13:00:00 - 19/06/2024 14:00:00,SCA|NO2,mFRR,Not Specified,Not Specified,MARGINAL,34.56,24.9
19/06/2024 14:00:00 - 19/06/2024 15:00:00,SCA|NO2,mFRR,Not Specified,Not Specified,MARGINAL,21.87,12.0
19/06/2024 15:00:00 - 19/06/2024 16:00:00,SCA|NO2,mFRR,Not Specified,Not Specified,MARGINAL,18.95,10.0
19/06/2024 16:00:00 - 19/06/2024 17:00:00,SCA|NO2,mFRR,Not Specified,Not Specified,MARGINAL,28.94,4.0
19/06/2024 17:00:00 - 19/06/2024 18:00:00,SCA|NO2,mFRR,Not Specified,Not Specified,MARGINAL,35.52,17.0
19/06/2024 18:00:00 - 19/06/2024 19:00:00,SCA|NO2,mFRR,Not Specified,Not Specified,MARGINAL,37.09,20.5
19/06/2024 19:00:00 - 19/06/2024 20:00:00,SCA|NO2,mFRR,Not Specified,Not Specified,MARGINAL,38.48,29.0
19/06/2024 20:00:00 - 19/06/2024 21:00:00,SCA|NO2,mFRR,Not Specified,Not Specified,MARGINAL,43.01,30.5
19/06/2024 21:00:00 - 19/06/2024 22:00:00,SCA|NO2,mFRR,Not Specified,Not Specified,MARGINAL,43.74,43.74
19/06/2024 22:00:00 - 19/06/2024 23:00:00,SCA|NO2,mFRR,Not Specified,Not Specified,MARGINAL,46.63,46.63
19/06/2024 23:00:00 - 20/06/2024 00:00:00,SCA|NO2,mFRR,Not Specified,Not Specified,MARGINAL,43.46,43.46
20/06/2024 00:00:00 - 20/06/2024 01:00:00,SCA|NO2,mFRR,Not Specified,Not Specified,MARGINAL,52.51,50.97
20/06/2024 01:00:00 - 20/06/2024 02:00:00,SCA|NO2,mFRR,Not Specified,Not Specified,MARGINAL,58.5,52.04
20/06/2024 02:00:00 - 20/06/2024 03:00:00,SCA|NO2,mFRR,Not Specified,Not Specified,MARGINAL,58.5,52.02
20/06/2024 03:00:00 - 20/06/2024 04:00:00,SCA|NO2,mFRR,Not Specified,Not Specified,MARGINAL,58.5,52.03
20/06/2024 04:00:00 - 20/06/2024 05:00:00,SCA|NO2,mFRR,Not Specified,Not Specified,MARGINAL,44.05,44.05
20/06/2024 05:00:00 - 20/06/2024 06:00:00,SCA|NO2,mFRR,Not Specified,Not Specified,MARGINAL,52.08,52.08
20/06/2024 06:00:00 - 20/06/2024 07:00:00,SCA|NO2,mFRR,Not Specified,Not Specified,MARGINAL,59.98,59.98
20/06/2024 07:00:00 - 20/06/2024 08:00:00,SCA|NO2,mFRR,Not Specified,Not Specified,MARGINAL,60.03,60.03
20/06/2024 08:00:00 - 20/06/2024 09:00:00,SCA|NO2,mFRR,Not Specified,Not Specified,MARGINAL,99.7,99.7
20/06/2024 09:00:00 - 20/06/2024 10:00:00,SCA|NO2,mFRR,Not Specified,Not Specified,MARGINAL,78.19,46.0
20/06/2024 10:00:00 - 20/06/2024 11:00:00,SCA|NO2,mFRR,Not Specified,Not Specified,MARGINAL,65.76,45.0
20/06/2024 11:00:00 - 20/06/2024 12:00:00,SCA|NO2,mFRR,Not Specified,Not Specified,MARGINAL,56.94,33.0
20/06/2024 12:00:00 - 20/06/2024 13:00:00,SCA|NO2,mFRR,Not Specified,Not Specified,MARGINAL,53.74,33.0
20/06/2024 13:00:00 - 20/06/2024 14:00:00,SCA|NO2,mFRR,Not Specified,Not Specified,MARGINAL,52.14,47.0
20/06/2024 14:00:00 - 20/06/2024 15:00:00,SCA|NO2,mFRR,Not Specified,Not Specified,MARGINAL,54.76,54.76
20/06/2024 15:00:00 - 20/06/2024 16:00:00,SCA|NO2,mFRR,Not Specified,Not Specified,MARGINAL,62.02,62.02
20/06/2024 16:00:00 - 20/06/2024 17:00:00,SCA|NO2,mFRR,Not Specified,Not Specified,MARGINAL,60.09,47.0
20/06/2024 17:00:00 - 20/06/2024 18:00:00,SCA|NO2,mFRR,Not Specified,Not Specified,MARGINAL,62.59,62.59
20/06/2024 18:00:00 - 20/06/2024 19:00:00,SCA|NO2,mFRR,Not Specified,Not Specified,MARGINAL,104.04,104.04
20/06/2024 19:00:00 - 20/06/2024 20:00:00,SCA|NO2,mFRR,Not Specified,Not Specified,MARGINAL,61.0,60.66
20/06/2024 20:00:00 - 20/06/2024 21:00:00,SCA|NO2,mFRR,Not Specified,Not Specified,MARGINAL,67.0,60.08
20/06/2024 21:00:00 - 20/06/2024 22:00:00,SCA|NO2,mFRR,Not Specified,Not Specified,MARGINAL,79.0,78.25
20/06/2024 22:00:00 - 20/06/2024 23:00:00,SCA|NO2,mFRR,Not Specified,Not Specified,MARGINAL,72.0,71.98
20/06/2024 23:00:00 - 21/06/2024 00:00:00,SCA|NO2,mFRR,Not Specified,Not Specified,MARGINAL,60.0,60.0
21/06/2024 00:00:00 - 21/06/2024 01:00:00,SCA|NO2,mFRR,Not Specified,Not Specified,MARGINAL,57.47,57.47
21/06/2024 01:00:00 - 21/06/2024 02:00:00,SCA|NO2,mFRR,Not Specified,Not Specified,MARGINAL,56.82,52.69
21/06/2024 02:00:00 - 21/06/2024 03:00:00,SCA|NO2,mFRR,Not Specified,Not Specified,MARGINAL,56.81,52.69
21/06/2024 03:00:00 - 21/06/2024 04:00:00,SCA|NO2,mFRR,Not Specified,Not Specified,MARGINAL,56.71,52.69
21/06/2024 04:00:00 - 21/06/2024 05:00:00,SCA|NO2,mFRR,Not Specified,Not Specified,MARGINAL,56.61,56.61
21/06/2024 05:00:00 - 21/06/2024 06:00:00,SCA|NO2,mFRR,Not Specified,Not Specified,MARGINAL,57.41,57.41
21/06/2024 06:00:00 - 21/06/2024 07:00:00,SCA|NO2,mFRR,Not Specified,Not Specified,MARGINAL,64.43,64.43
21/06/2024 07:00:00 - 21/06/2024 08:00:00,SCA|NO2,mFRR,Not Specified,Not Specified,MARGINAL,79.36,79.36
21/06/2024 08:00:00 - 21/06/2024 09:00:00,SCA|NO2,mFRR,Not Specified,Not Specified,MARGINAL,57.75,57.75
21/06/2024 09:00:00 - 21/06/2024 10:00:00,SCA|NO2,mFRR,Not Specified,Not Specified,MARGINAL,61.34,54.5
21/06/2024 10:00:00 - 21/06/2024 11:00:00,SCA|NO2,mFRR,Not Specified,Not Specified,MARGINAL,58.24,49.0
21/06/2024 11:00:00 - 21/06/2024 12:00:00,SCA|NO2,mFRR,Not Specified,Not Specified,MARGINAL,60.91,49.0
21/06/2024 12:00:00 - 21/06/2024 13:00:00,SCA|NO2,mFRR,Not Specified,Not Specified,MARGINAL,61.34,39.0
21/06/2024 13:00:00 - 21/06/2024 14:00:00,SCA|NO2,mFRR,Not Specified,Not Specified,MARGINAL,56.5,35.0
21/06/2024 14:00:00 - 21/06/2024 15:00:00,SCA|NO2,mFRR,Not Specified,Not Specified,MARGINAL,56.48,34.5
21/06/2024 15:00:00 - 21/06/2024 16:00:00,SCA|NO2,mFRR,Not Specified,Not Specified,MARGINAL,55.52,36.0
21/06/2024 16:00:00 - 21/06/2024 17:00:00,SCA|NO2,mFRR,Not Specified,Not Specified,MARGINAL,55.32,37.0
21/06/2024 17:00:00 - 21/06/2024 18:00:00,SCA|NO2,mFRR,Not Specified,Not Specified,MARGINAL,57.23,57.23
21/06/2024 18:00:00 - 21/06/2024 19:00:00,SCA|NO2,mFRR,Not Specified,Not Specified,MARGINAL,61.32,61.32
21/06/2024 19:00:00 - 21/06/2024 20:00:00,SCA|NO2,mFRR,Not Specified,Not Specified,MARGINAL,61.38,61.38
21/06/2024 20:00:00 - 21/06/2024 21:00:00,SCA|NO2,mFRR,Not Specified,Not Specified,MARGINAL,61.33,61.33
21/06/2024 21:00:00 - 21/06/2024 22:00:00,SCA|NO2,mFRR,Not Specified,Not Specified,MARGINAL,64.48,64.48
21/06/2024 22:00:00 - 21/06/2024 23:00:00,SCA|NO2,mFRR,Not Specified,Not Specified,MARGINAL,61.38,61.38
21/06/2024 23:00:00 - 22/06/2024 00:00:00,SCA|NO2,mFRR,Not Specified,Not Specified,MARGINAL,57.49,57.49
22/06/2024 00:00:00 - 22/06/2024 01:00:00,SCA|NO2,mFRR,Not Specified,Not Specified,MARGINAL,54.6,54.6
22/06/2024 01:00:00 - 22/06/2024 02:00:00,SCA|NO2,mFRR,Not Specified,Not Specified,MARGINAL,54.02,54.02
22/06/2024 02:00:00 - 22/06/2024 03:00:00,SCA|NO2,mFRR,Not Specified,Not Specified,MARGINAL,48.02,48.02
22/06/2024 03:00:00 - 22/06/2024 04:00:00,SCA|NO2,mFRR,Not Specified,Not Specified,MARGINAL,46.97,46.97
22/06/2024 04:00:00 - 22/06/2024 05:00:00,SCA|NO2,mFRR,Not Specified,Not Specified,MARGINAL,47.28,32.0
22/06/2024 05:00:00 - 22/06/2024 06:00:00,SCA|NO2,mFRR,Not Specified,Not Specified,MARGINAL,44.81,20.0
22/06/2024 06:00:00 - 22/06/2024 07:00:00,SCA|NO2,mFRR,Not Specified,Not Specified,MARGINAL,44.76,15.5
22/06/2024 07:00:00 - 22/06/2024 08:00:00,SCA|NO2,mFRR,Not Specified,Not Specified,MARGINAL,46.86,25.0
22/06/2024 08:00:00 - 22/06/2024 09:00:00,SCA|NO2,mFRR,Not Specified,Not Specified,MARGINAL,38.36,20.5
22/06/2024 09:00:00 - 22/06/2024 10:00:00,SCA|NO2,mFRR,Not Specified,Not Specified,MARGINAL,34.8,15.0
22/06/2024 10:00:00 - 22/06/2024 11:00:00,SCA|NO2,mFRR,Not Specified,Not Specified,MARGINAL,16.89,0.0
22/06/2024 11:00:00 - 22/06/2024 12:00:00,SCA|NO2,mFRR,Not Specified,Not Specified,MARGINAL,3.69,0.0
22/06/2024 12:00:00 - 22/06/2024 13:00:00,SCA|NO2,mFRR,Not Specified,Not Specified,MARGINAL,2.72,-2.5
22/06/2024 13:00:00 - 22/06/2024 14:00:00,SCA|NO2,mFRR,Not Specified,Not Specified,MARGINAL,0.1,-4.5
22/06/2024 14:00:00 - 22/06/2024 15:00:00,SCA|NO2,mFRR,Not Specified,Not Specified,MARGINAL,0.22,-5.0
22/06/2024 15:00:00 - 22/06/2024 16:00:00,SCA|NO2,mFRR,Not Specified,Not Specified,MARGINAL,3.7,-5.0
22/06/2024 16:00:00 - 22/06/2024 17:00:00,SCA|NO2,mFRR,Not Specified,Not Specified,MARGINAL,32.97,0.0
22/06/2024 17:00:00 - 22/06/2024 18:00:00,SCA|NO2,mFRR,Not Specified,Not Specified,MARGINAL,36.71,36.71
22/06/2024 18:00:00 - 22/06/2024 19:00:00,SCA|NO2,mFRR,Not Specified,Not Specified,MARGINAL,50.11,50.11
22/06/2024 19:00:00 - 22/06/2024 20:00:00,SCA|NO2,mFRR,Not Specified,Not Specified,MARGINAL,57.63,57.63
22/06/2024 20:00:00 - 22/06/2024 21:00:00,SCA|NO2,mFRR,Not Specified,Not Specified,MARGINAL,60.0,60.0
22/06/2024 21:00:00 - 22/06/2024 22:00:00,SCA|NO2,mFRR,Not Specified,Not Specified,MARGINAL,59.99,59.99
22/06/2024 22:00:00 - 22/06/2024 23:00:00,SCA|NO2,mFRR,Not Specified,Not Specified,MARGINAL,57.03,57.03
22/06/2024 23:00:00 - 23/06/2024 00:00:00,SCA|NO2,mFRR,Not Specified,Not Specified,MARGINAL,56.34,56.34
23/06/2024 00:00:00 - 23/06/2024 01:00:00,SCA|NO2,mFRR,Not Specified,Not Specified,MARGINAL,56.19,56.19
23/06/2024 01:00:00 - 23/06/2024 02:00:00,SCA|NO2,mFRR,Not Specified,Not Specified,MARGINAL,56.0,56.0
23/06/2024 02:00:00 - 23/06/2024 03:00:00,SCA|NO2,mFRR,Not Specified,Not Specified,MARGINAL,48.34,48.34
23/06/2024 03:00:00 - 23/06/2024 04:00:00,SCA|NO2,mFRR,Not Specified,Not Specified,MARGINAL,46.97,46.97
23/06/2024 04:00:00 - 23/06/2024 05:00:00,SCA|NO2,mFRR,Not Specified,Not Specified,MARGINAL,46.91,46.91
23/06/2024 05:00:00 - 23/06/2024 06:00:00,SCA|NO2,mFRR,Not Specified,Not Specified,MARGINAL,46.18,46.18
23/06/2024 06:00:00 - 23/06/2024 07:00:00,SCA|NO2,mFRR,Not Specified,Not Specified,MARGINAL,44.39,44.39
23/06/2024 07:00:00 - 23/06/2024 08:00:00,SCA|NO2,mFRR,Not Specified,Not Specified,MARGINAL,36.15,36.15
23/06/2024 08:00:00 - 23/06/2024 09:00:00,SCA|NO2,mFRR,Not Specified,Not Specified,MARGINAL,29.99,27.0
23/06/2024 09:00:00 - 23/06/2024 10:00:00,SCA|NO2,mFRR,Not Specified,Not Specified,MARGINAL,9.94,9.0
23/06/2024 10:00:00 - 23/06/2024 11:00:00,SCA|NO2,mFRR,Not Specified,Not Specified,MARGINAL,4.07,-1.0
23/06/2024 11:00:00 - 23/06/2024 12:00:00,SCA|NO2,mFRR,Not Specified,Not Specified,MARGINAL,18.0,1.6
23/06/2024 12:00:00 - 23/06/2024 13:00:00,SCA|NO2,mFRR,Not Specified,Not Specified,MARGINAL,7.0,-0.5
23/06/2024 13:00:00 - 23/06/2024 14:00:00,SCA|NO2,mFRR,Not Specified,Not Specified,MARGINAL,0.44,-0.5
23/06/2024 14:00:00 - 23/06/2024 15:00:00,SCA|NO2,mFRR,Not Specified,Not Specified,MARGINAL,0.09,-0.5
23/06/2024 15:00:00 - 23/06/2024 16:00:00,SCA|NO2,mFRR,Not Specified,Not Specified,MARGINAL,1.74,-0.5
23/06/2024 16:00:00 - 23/06/2024 17:00:00,SCA|NO2,mFRR,Not Specified,Not Specified,MARGINAL,14.05,0.0
23/06/2024 17:00:00 - 23/06/2024 18:00:00,SCA|NO2,mFRR,Not Specified,Not Specified,MARGINAL,35.46,9.0
23/06/2024 18:00:00 - 23/06/2024 19:00:00,SCA|NO2,mFRR,Not Specified,Not Specified,MARGINAL,39.19,24.0
23/06/2024 19:00:00 - 23/06/2024 20:00:00,SCA|NO2,mFRR,Not Specified,Not Specified,MARGINAL,57.23,57.23
23/06/2024 20:00:00 - 23/06/2024 21:00:00,SCA|NO2,mFRR,Not Specified,Not Specified,MARGINAL,57.59,57.59
23/06/2024 21:00:00 - 23/06/2024 22:00:00,SCA|NO2,mFRR,Not Specified,Not Specified,MARGINAL,57.5,57.5
23/06/2024 22:00:00 - 23/06/2024 23:00:00,SCA|NO2,mFRR,Not Specified,Not Specified,MARGINAL,57.15,57.15
23/06/2024 23:00:00 - 24/06/2024 00:00:00,SCA|NO2,mFRR,Not Specified,Not Specified,MARGINAL,56.74,56.74
24/06/2024 00:00:00 - 24/06/2024 01:00:00,SCA|NO2,mFRR,Not Specified,Not Specified,MARGINAL,49.93,49.93
24/06/2024 01:00:00 - 24/06/2024 02:00:00,SCA|NO2,mFRR,Not Specified,Not Specified,MARGINAL,47.05,47.05
24/06/2024 02:00:00 - 24/06/2024 03:00:00,SCA|NO2,mFRR,Not Specified,Not Specified,MARGINAL,46.98,46.98
24/06/2024 03:00:00 - 24/06/2024 04:00:00,SCA|NO2,mFRR,Not Specified,Not Specified,MARGINAL,46.99,46.99
24/06/2024 04:00:00 - 24/06/2024 05:00:00,SCA|NO2,mFRR,Not Specified,Not Specified,MARGINAL,49.91,49.91
24/06/2024 05:00:00 - 24/06/2024 06:00:00,SCA|NO2,mFRR,Not Specified,Not Specified,MARGINAL,49.95,49.95
24/06/2024 06:00:00 - 24/06/2024 07:00:00,SCA|NO2,mFRR,Not Specified,Not Specified,MARGINAL,50.0,39.46
24/06/2024 07:00:00 - 24/06/2024 08:00:00,SCA|NO2,mFRR,Not Specified,Not Specified,MARGINAL,125.21,125.21
24/06/2024 08:00:00 - 24/06/2024 09:00:00,SCA|NO2,mFRR,Not Specified,Not Specified,MARGINAL,73.91,73.91
24/06/2024 09:00:00 - 24/06/2024 10:00:00,SCA|NO2,mFRR,Not Specified,Not Specified,MARGINAL,54.89,54.89
24/06/2024 10:00:00 - 24/06/2024 11:00:00,SCA|NO2,mFRR,Not Specified,Not Specified,MARGINAL,49.95,49.95
24/06/2024 11:00:00 - 24/06/2024 12:00:00,SCA|NO2,mFRR,Not Specified,Not Specified,MARGINAL,45.5,37.17
24/06/2024 12:00:00 - 24/06/2024 13:00:00,SCA|NO2,mFRR,Not Specified,Not Specified,MARGINAL,37.0,32.19
24/06/2024 13:00:00 - 24/06/2024 14:00:00,SCA|NO2,mFRR,Not Specified,Not Specified,MARGINAL,37.0,29.96
24/06/2024 14:00:00 - 24/06/2024 15:00:00,SCA|NO2,mFRR,Not Specified,Not Specified,MARGINAL,37.0,28.0
24/06/2024 15:00:00 - 24/06/2024 16:00:00,SCA|NO2,mFRR,Not Specified,Not Specified,MARGINAL,42.66,30.0
24/06/2024 16:00:00 - 24/06/2024 17:00:00,SCA|NO2,mFRR,Not Specified,Not Specified,MARGINAL,54.52,30.0
24/06/2024 17:00:00 - 24/06/2024 18:00:00,SCA|NO2,mFRR,Not Specified,Not Specified,MARGINAL,77.34,34.5
24/06/2024 18:00:00 - 24/06/2024 19:00:00,SCA|NO2,mFRR,Not Specified,Not Specified,MARGINAL,90.12,49.0
24/06/2024 19:00:00 - 24/06/2024 20:00:00,SCA|NO2,mFRR,Not Specified,Not Specified,MARGINAL,147.04,147.04
24/06/2024 20:00:00 - 24/06/2024 21:00:00,SCA|NO2,mFRR,Not Specified,Not Specified,MARGINAL,196.83,196.83
24/06/2024 21:00:00 - 24/06/2024 22:00:00,SCA|NO2,mFRR,Not Specified,Not Specified,MARGINAL,151.08,151.08
24/06/2024 22:00:00 - 24/06/2024 23:00:00,SCA|NO2,mFRR,Not Specified,Not Specified,MARGINAL,112.98,112.98
24/06/2024 23:00:00 - 25/06/2024 00:00:00,SCA|NO2,mFRR,Not Specified,Not Specified,MARGINAL,59.91,59.91
25/06/2024 00:00:00 - 25/06/2024 01:00:00,SCA|NO2,mFRR,Not Specified,Not Specified,MARGINAL,42.07,42.07
25/06/2024 01:00:00 - 25/06/2024 02:00:00,SCA|NO2,mFRR,Not Specified,Not Specified,MARGINAL,39.91,39.91
25/06/2024 02:00:00 - 25/06/2024 03:00:00,SCA|NO2,mFRR,Not Specified,Not Specified,MARGINAL,39.65,39.65
25/06/2024 03:00:00 - 25/06/2024 04:00:00,SCA|NO2,mFRR,Not Specified,Not Specified,MARGINAL,39.42,39.42
25/06/2024 04:00:00 - 25/06/2024 05:00:00,SCA|NO2,mFRR,Not Specified,Not Specified,MARGINAL,38.51,38.51
25/06/2024 05:00:00 - 25/06/2024 06:00:00,SCA|NO2,mFRR,Not Specified,Not Specified,MARGINAL,34.11,34.11
25/06/2024 06:00:00 - 25/06/2024 07:00:00,SCA|NO2,mFRR,Not Specified,Not Specified,MARGINAL,34.36,34.36
25/06/2024 07:00:00 - 25/06/2024 08:00:00,SCA|NO2,mFRR,Not Specified,Not Specified,MARGINAL,36.45,36.45
25/06/2024 08:00:00 - 25/06/2024 09:00:00,SCA|NO2,mFRR,Not Specified,Not Specified,MARGINAL,37.27,37.27
25/06/2024 09:00:00 - 25/06/2024 10:00:00,SCA|NO2,mFRR,Not Specified,Not Specified,MARGINAL,37.48,33.0
25/06/2024 10:00:00 - 25/06/2024 11:00:00,SCA|NO2,mFRR,Not Specified,Not Specified,MARGINAL,34.26,31.26
25/06/2024 11:00:00 - 25/06/2024 12:00:00,SCA|NO2,mFRR,Not Specified,Not Specified,MARGINAL,28.38,28.38
25/06/2024 12:00:00 - 25/06/2024 13:00:00,SCA|NO2,mFRR,Not Specified,Not Specified,MARGINAL,26.1,0.5
25/06/2024 13:00:00 - 25/06/2024 14:00:00,SCA|NO2,mFRR,Not Specified,Not Specified,MARGINAL,22.08,-3.89
25/06/2024 14:00:00 - 25/06/2024 15:00:00,SCA|NO2,mFRR,Not Specified,Not Specified,MARGINAL,22.77,-6.7
25/06/2024 15:00:00 - 25/06/2024 16:00:00,SCA|NO2,mFRR,Not Specified,Not Specified,MARGINAL,25.95,-6.7
25/06/2024 16:00:00 - 25/06/2024 17:00:00,SCA|NO2,mFRR,Not Specified,Not Specified,MARGINAL,60.0,3.0
25/06/2024 17:00:00 - 25/06/2024 18:00:00,SCA|NO2,mFRR,Not Specified,Not Specified,MARGINAL,68.0,38.36
25/06/2024 18:00:00 - 25/06/2024 19:00:00,SCA|NO2,mFRR,Not Specified,Not Specified,MARGINAL,68.0,39.97
25/06/2024 19:00:00 - 25/06/2024 20:00:00,SCA|NO2,mFRR,Not Specified,Not Specified,MARGINAL,45.0,40.42
25/06/2024 20:00:00 - 25/06/2024 21:00:00,SCA|NO2,mFRR,Not Specified,Not Specified,MARGINAL,39.93,39.93
25/06/2024 21:00:00 - 25/06/2024 22:00:00,SCA|NO2,mFRR,Not Specified,Not Specified,MARGINAL,39.92,39.92
25/06/2024 22:00:00 - 25/06/2024 23:00:00,SCA|NO2,mFRR,Not Specified,Not Specified,MARGINAL,37.31,37.31
25/06/2024 23:00:00 - 26/06/2024 00:00:00,SCA|NO2,mFRR,Not Specified,Not Specified,MARGINAL,34.08,34.08
26/06/2024 00:00:00 - 26/06/2024 01:00:00,SCA|NO2,mFRR,Not Specified,Not Specified,MARGINAL,30.64,30.64
26/06/2024 01:00:00 - 26/06/2024 02:00:00,SCA|NO2,mFRR,Not Specified,Not Specified,MARGINAL,30.48,30.48
26/06/2024 02:00:00 - 26/06/2024 03:00:00,SCA|NO2,mFRR,Not Specified,Not Specified,MARGINAL,29.91,29.91
26/06/2024 03:00:00 - 26/06/2024 04:00:00,SCA|NO2,mFRR,Not Specified,Not Specified,MARGINAL,29.98,29.98
26/06/2024 04:00:00 - 26/06/2024 05:00:00,SCA|NO2,mFRR,Not Specified,Not Specified,MARGINAL,29.93,29.93
26/06/2024 05:00:00 - 26/06/2024 06:00:00,SCA|NO2,mFRR,Not Specified,Not Specified,MARGINAL,29.92,29.92
26/06/2024 06:00:00 - 26/06/2024 07:00:00,SCA|NO2,mFRR,Not Specified,Not Specified,MARGINAL,31.29,31.29
26/06/2024 07:00:00 - 26/06/2024 08:00:00,SCA|NO2,mFRR,Not Specified,Not Specified,MARGINAL,39.0,34.0
26/06/2024 08:00:00 - 26/06/2024 09:00:00,SCA|NO2,mFRR,Not Specified,Not Specified,MARGINAL,39.0,35.55
26/06/2024 09:00:00 - 26/06/2024 10:00:00,SCA|NO2,mFRR,Not Specified,Not Specified,MARGINAL,42.0,35.14
26/06/2024 10:00:00 - 26/06/2024 11:00:00,SCA|NO2,mFRR,Not Specified,Not Specified,MARGINAL,42.0,35.31
26/06/2024 11:00:00 - 26/06/2024 12:00:00,SCA|NO2,mFRR,Not Specified,Not Specified,MARGINAL,33.8,33.8
26/06/2024 12:00:00 - 26/06/2024 13:00:00,SCA|NO2,mFRR,Not Specified,Not Specified,MARGINAL,32.9,24.0
26/06/2024 13:00:00 - 26/06/2024 14:00:00,SCA|NO2,mFRR,Not Specified,Not Specified,MARGINAL,32.64,10.0
26/06/2024 14:00:00 - 26/06/2024 15:00:00,SCA|NO2,mFRR,Not Specified,Not Specified,MARGINAL,32.57,10.0
26/06/2024 15:00:00 - 26/06/2024 16:00:00,SCA|NO2,mFRR,Not Specified,Not Specified,MARGINAL,43.0,32.65
26/06/2024 16:00:00 - 26/06/2024 17:00:00,SCA|NO2,mFRR,Not Specified,Not Specified,MARGINAL,46.58,36.08
26/06/2024 17:00:00 - 26/06/2024 18:00:00,SCA|NO2,mFRR,Not Specified,Not Specified,MARGINAL,48.0,34.91
26/06/2024 18:00:00 - 26/06/2024 19:00:00,SCA|NO2,mFRR,Not Specified,Not Specified,MARGINAL,48.0,34.93
26/06/2024 19:00:00 - 26/06/2024 20:00:00,SCA|NO2,mFRR,Not Specified,Not Specified,MARGINAL,50.0,34.96
26/06/2024 20:00:00 - 26/06/2024 21:00:00,SCA|NO2,mFRR,Not Specified,Not Specified,MARGINAL,51.5,34.61
26/06/2024 21:00:00 - 26/06/2024 22:00:00,SCA|NO2,mFRR,Not Specified,Not Specified,MARGINAL,51.5,33.7
26/06/2024 22:00:00 - 26/06/2024 23:00:00,SCA|NO2,mFRR,Not Specified,Not Specified,MARGINAL,48.42,33.12
26/06/2024 23:00:00 - 27/06/2024 00:00:00,SCA|NO2,mFRR,Not Specified,Not Specified,MARGINAL,40.0,32.41
27/06/2024 00:00:00 - 27/06/2024 01:00:00,SCA|NO2,mFRR,Not Specified,Not Specified,MARGINAL,40.0,31.95
27/06/2024 01:00:00 - 27/06/2024 02:00:00,SCA|NO2,mFRR,Not Specified,Not Specified,MARGINAL,38.0,32.58
27/06/2024 02:00:00 - 27/06/2024 03:00:00,SCA|NO2,mFRR,Not Specified,Not Specified,MARGINAL,36.0,32.03
27/06/2024 03:00:00 - 27/06/2024 04:00:00,SCA|NO2,mFRR,Not Specified,Not Specified,MARGINAL,31.77,31.77
27/06/2024 04:00:00 - 27/06/2024 05:00:00,SCA|NO2,mFRR,Not Specified,Not Specified,MARGINAL,31.55,31.55
27/06/2024 05:00:00 - 27/06/2024 06:00:00,SCA|NO2,mFRR,Not Specified,Not Specified,MARGINAL,31.95,31.95
27/06/2024 06:00:00 - 27/06/2024 07:00:00,SCA|NO2,mFRR,Not Specified,Not Specified,MARGINAL,33.7,33.7
27/06/2024 07:00:00 - 27/06/2024 08:00:00,SCA|NO2,mFRR,Not Specified,Not Specified,MARGINAL,37.0,34.14
27/06/2024 08:00:00 - 27/06/2024 09:00:00,SCA|NO2,mFRR,Not Specified,Not Specified,MARGINAL,37.0,36.61
27/06/2024 09:00:00 - 27/06/2024 10:00:00,SCA|NO2,mFRR,Not Specified,Not Specified,MARGINAL,38.0,36.35
27/06/2024 10:00:00 - 27/06/2024 11:00:00,SCA|NO2,mFRR,Not Specified,Not Specified,MARGINAL,36.21,36.21
27/06/2024 11:00:00 - 27/06/2024 12:00:00,SCA|NO2,mFRR,Not Specified,Not Specified,MARGINAL,35.32,35.32
27/06/2024 12:00:00 - 27/06/2024 13:00:00,SCA|NO2,mFRR,Not Specified,Not Specified,MARGINAL,32.15,32.15
27/06/2024 13:00:00 - 27/06/2024 14:00:00,SCA|NO2,mFRR,Not Specified,Not Specified,MARGINAL,29.96,29.96
27/06/2024 14:00:00 - 27/06/2024 15:00:00,SCA|NO2,mFRR,Not Specified,Not Specified,MARGINAL,27.08,27.08
27/06/2024 15:00:00 - 27/06/2024 16:00:00,SCA|NO2,mFRR,Not Specified,Not Specified,MARGINAL,29.08,29.08
27/06/2024 16:00:00 - 27/06/2024 17:00:00,SCA|NO2,mFRR,Not Specified,Not Specified,MARGINAL,38.0,31.05
27/06/2024 17:00:00 - 27/06/2024 18:00:00,SCA|NO2,mFRR,Not Specified,Not Specified,MARGINAL,39.0,33.86
27/06/2024 18:00:00 - 27/06/2024 19:00:00,SCA|NO2,mFRR,Not Specified,Not Specified,MARGINAL,39.91,39.91
27/06/2024 19:00:00 - 27/06/2024 20:00:00,SCA|NO2,mFRR,Not Specified,Not Specified,MARGINAL,39.97,39.97
27/06/2024 20:00:00 - 27/06/2024 21:00:00,SCA|NO2,mFRR,Not Specified,Not Specified,MARGINAL,45.0,39.96
27/06/2024 21:00:00 - 27/06/2024 22:00:00,SCA|NO2,mFRR,Not Specified,Not Specified,MARGINAL,42.0,38.06
27/06/2024 22:00:00 - 27/06/2024 23:00:00,SCA|NO2,mFRR,Not Specified,Not Specified,MARGINAL,40.0,38.06
27/06/2024 23:00:00 - 28/06/2024 00:00:00,SCA|NO2,mFRR,Not Specified,Not Specified,MARGINAL,37.18,37.18
28/06/2024 00:00:00 - 28/06/2024 01:00:00,SCA|NO2,mFRR,Not Specified,Not Specified,MARGINAL,34.0,32.73
28/06/2024 01:00:00 - 28/06/2024 02:00:00,SCA|NO2,mFRR,Not Specified,Not Specified,MARGINAL,34.0,31.36
28/06/2024 02:00:00 - 28/06/2024 03:00:00,SCA|NO2,mFRR,Not Specified,Not Specified,MARGINAL,30.45,30.45
28/06/2024 03:00:00 - 28/06/2024 04:00:00,SCA|NO2,mFRR,Not Specified,Not Specified,MARGINAL,28.56,28.56
28/06/2024 04:00:00 - 28/06/2024 05:00:00,SCA|NO2,mFRR,Not Specified,Not Specified,MARGINAL,27.53,27.53
28/06/2024 05:00:00 - 28/06/2024 06:00:00,SCA|NO2,mFRR,Not Specified,Not Specified,MARGINAL,27.13,27.13
28/06/2024 06:00:00 - 28/06/2024 07:00:00,SCA|NO2,mFRR,Not Specified,Not Specified,MARGINAL,30.76,30.76
28/06/2024 07:00:00 - 28/06/2024 08:00:00,SCA|NO2,mFRR,Not Specified,Not Specified,MARGINAL,40.0,33.13
28/06/2024 08:00:00 - 28/06/2024 09:00:00,SCA|NO2,mFRR,Not Specified,Not Specified,MARGINAL,40.0,33.13
28/06/2024 09:00:00 - 28/06/2024 10:00:00,SCA|NO2,mFRR,Not Specified,Not Specified,MARGINAL,40.0,29.2
28/06/2024 10:00:00 - 28/06/2024 11:00:00,SCA|NO2,mFRR,Not Specified,Not Specified,MARGINAL,40.0,22.09
28/06/2024 11:00:00 - 28/06/2024 12:00:00,SCA|NO2,mFRR,Not Specified,Not Specified,MARGINAL,4.39,4.39
28/06/2024 12:00:00 - 28/06/2024 13:00:00,SCA|NO2,mFRR,Not Specified,Not Specified,MARGINAL,1.19,1.19
28/06/2024 13:00:00 - 28/06/2024 14:00:00,SCA|NO2,mFRR,Not Specified,Not Specified,MARGINAL,7.2,-1.02
28/06/2024 14:00:00 - 28/06/2024 15:00:00,SCA|NO2,mFRR,Not Specified,Not Specified,MARGINAL,5.0,-0.8
28/06/2024 15:00:00 - 28/06/2024 16:00:00,SCA|NO2,mFRR,Not Specified,Not Specified,MARGINAL,4.42,-0.9
28/06/2024 16:00:00 - 28/06/2024 17:00:00,SCA|NO2,mFRR,Not Specified,Not Specified,MARGINAL,1.0,1.0
28/06/2024 17:00:00 - 28/06/2024 18:00:00,SCA|NO2,mFRR,Not Specified,Not Specified,MARGINAL,25.41,25.41
28/06/2024 18:00:00 - 28/06/2024 19:00:00,SCA|NO2,mFRR,Not Specified,Not Specified,MARGINAL,31.17,22.0
28/06/2024 19:00:00 - 28/06/2024 20:00:00,SCA|NO2,mFRR,Not Specified,Not Specified,MARGINAL,37.34,22.0
28/06/2024 20:00:00 - 28/06/2024 21:00:00,SCA|NO2,mFRR,Not Specified,Not Specified,MARGINAL,40.0,38.45
28/06/2024 21:00:00 - 28/06/2024 22:00:00,SCA|NO2,mFRR,Not Specified,Not Specified,MARGINAL,40.0,39.38
28/06/2024 22:00:00 - 28/06/2024 23:00:00,SCA|NO2,mFRR,Not Specified,Not Specified,MARGINAL,42.04,42.04
28/06/2024 23:00:00 - 29/06/2024 00:00:00,SCA|NO2,mFRR,Not Specified,Not Specified,MARGINAL,40.66,40.66
29/06/2024 00:00:00 - 29/06/2024 01:00:00,SCA|NO2,mFRR,Not Specified,Not Specified,MARGINAL,41.13,41.13
29/06/2024 01:00:00 - 29/06/2024 02:00:00,SCA|NO2,mFRR,Not Specified,Not Specified,MARGINAL,40.78,40.78
29/06/2024 02:00:00 - 29/06/2024 03:00:00,SCA|NO2,mFRR,Not Specified,Not Specified,MARGINAL,41.01,41.01
29/06/2024 03:00:00 - 29/06/2024 04:00:00,SCA|NO2,mFRR,Not Specified,Not Specified,MARGINAL,41.45,41.45
29/06/2024 04:00:00 - 29/06/2024 05:00:00,SCA|NO2,mFRR,Not Specified,Not Specified,MARGINAL,41.65,22.0
29/06/2024 05:00:00 - 29/06/2024 06:00:00,SCA|NO2,mFRR,Not Specified,Not Specified,MARGINAL,44.19,25.0
29/06/2024 06:00:00 - 29/06/2024 07:00:00,SCA|NO2,mFRR,Not Specified,Not Specified,MARGINAL,49.91,49.91
29/06/2024 07:00:00 - 29/06/2024 08:00:00,SCA|NO2,mFRR,Not Specified,Not Specified,MARGINAL,45.82,45.82
29/06/2024 08:00:00 - 29/06/2024 09:00:00,SCA|NO2,mFRR,Not Specified,Not Specified,MARGINAL,32.01,32.01
29/06/2024 09:00:00 - 29/06/2024 10:00:00,SCA|NO2,mFRR,Not Specified,Not Specified,MARGINAL,28.91,13.0
29/06/2024 10:00:00 - 29/06/2024 11:00:00,SCA|NO2,mFRR,Not Specified,Not Specified,MARGINAL,25.04,-3.7
29/06/2024 11:00:00 - 29/06/2024 12:00:00,SCA|NO2,mFRR,Not Specified,Not Specified,MARGINAL,13.01,-7.91
29/06/2024 12:00:00 - 29/06/2024 13:00:00,SCA|NO2,mFRR,Not Specified,Not Specified,MARGINAL,0.01,-10.0
29/06/2024 13:00:00 - 29/06/2024 14:00:00,SCA|NO2,mFRR,Not Specified,Not Specified,MARGINAL,-0.01,-10.0
29/06/2024 14:00:00 - 29/06/2024 15:00:00,SCA|NO2,mFRR,Not Specified,Not Specified,MARGINAL,15.05,-6.0
29/06/2024 15:00:00 - 29/06/2024 16:00:00,SCA|NO2,mFRR,Not Specified,Not Specified,MARGINAL,26.41,-4.5
29/06/2024 16:00:00 - 29/06/2024 17:00:00,SCA|NO2,mFRR,Not Specified,Not Specified,MARGINAL,30.52,10.0
29/06/2024 17:00:00 - 29/06/2024 18:00:00,SCA|NO2,mFRR,Not Specified,Not Specified,MARGINAL,37.54,28.0
29/06/2024 18:00:00 - 29/06/2024 19:00:00,SCA|NO2,mFRR,Not Specified,Not Specified,MARGINAL,50.32,39.77
29/06/2024 19:00:00 - 29/06/2024 20:00:00,SCA|NO2,mFRR,Not Specified,Not Specified,MARGINAL,50.74,50.74
29/06/2024 20:00:00 - 29/06/2024 21:00:00,SCA|NO2,mFRR,Not Specified,Not Specified,MARGINAL,50.63,50.63
29/06/2024 21:00:00 - 29/06/2024 22:00:00,SCA|NO2,mFRR,Not Specified,Not Specified,MARGINAL,50.88,50.88
29/06/2024 22:00:00 - 29/06/2024 23:00:00,SCA|NO2,mFRR,Not Specified,Not Specified,MARGINAL,50.04,50.04
29/06/2024 23:00:00 - 30/06/2024 00:00:00,SCA|NO2,mFRR,Not Specified,Not Specified,MARGINAL,41.06,36.5
30/06/2024 00:00:00 - 30/06/2024 01:00:00,SCA|NO2,mFRR,Not Specified,Not Specified,MARGINAL,49.79,36.5
30/06/2024 01:00:00 - 30/06/2024 02:00:00,SCA|NO2,mFRR,Not Specified,Not Specified,MARGINAL,44.87,36.5
30/06/2024 02:00:00 - 30/06/2024 03:00:00,SCA|NO2,mFRR,Not Specified,Not Specified,MARGINAL,45.94,36.5
30/06/2024 03:00:00 - 30/06/2024 04:00:00,SCA|NO2,mFRR,Not Specified,Not Specified,MARGINAL,49.91,36.5
30/06/2024 04:00:00 - 30/06/2024 05:00:00,SCA|NO2,mFRR,Not Specified,Not Specified,MARGINAL,49.96,36.5
30/06/2024 05:00:00 - 30/06/2024 06:00:00,SCA|NO2,mFRR,Not Specified,Not Specified,MARGINAL,44.91,36.5
30/06/2024 06:00:00 - 30/06/2024 07:00:00,SCA|NO2,mFRR,Not Specified,Not Specified,MARGINAL,31.29,4.83
30/06/2024 07:00:00 - 30/06/2024 08:00:00,SCA|NO2,mFRR,Not Specified,Not Specified,MARGINAL,25.45,8.0
30/06/2024 08:00:00 - 30/06/2024 09:00:00,SCA|NO2,mFRR,Not Specified,Not Specified,MARGINAL,18.84,8.0
30/06/2024 09:00:00 - 30/06/2024 10:00:00,SCA|NO2,mFRR,Not Specified,Not Specified,MARGINAL,18.0,6.11
30/06/2024 10:00:00 - 30/06/2024 11:00:00,SCA|NO2,mFRR,Not Specified,Not Specified,MARGINAL,0.85,0.85
30/06/2024 11:00:00 - 30/06/2024 12:00:00,SCA|NO2,mFRR,Not Specified,Not Specified,MARGINAL,0.0,0.0
30/06/2024 12:00:00 - 30/06/2024 13:00:00,SCA|NO2,mFRR,Not Specified,Not Specified,MARGINAL,32.0,0.0
30/06/2024 13:00:00 - 30/06/2024 14:00:00,SCA|NO2,mFRR,Not Specified,Not Specified,MARGINAL,32.0,0.0
30/06/2024 14:00:00 - 30/06/2024 15:00:00,SCA|NO2,mFRR,Not Specified,Not Specified,MARGINAL,26.0,0.97
30/06/2024 15:00:00 - 30/06/2024 16:00:00,SCA|NO2,mFRR,Not Specified,Not Specified,MARGINAL,33.0,19.29
30/06/2024 16:00:00 - 30/06/2024 17:00:00,SCA|NO2,mFRR,Not Specified,Not Specified,MARGINAL,40.83,27.68
30/06/2024 17:00:00 - 30/06/2024 18:00:00,SCA|NO2,mFRR,Not Specified,Not Specified,MARGINAL,45.0,30.03
30/06/2024 18:00:00 - 30/06/2024 19:00:00,SCA|NO2,mFRR,Not Specified,Not Specified,MARGINAL,45.0,34.93
30/06/2024 19:00:00 - 30/06/2024 20:00:00,SCA|NO2,mFRR,Not Specified,Not Specified,MARGINAL,50.01,50.01
30/06/2024 20:00:00 - 30/06/2024 21:00:00,SCA|NO2,mFRR,Not Specified,Not Specified,MARGINAL,50.34,50.34
30/06/2024 21:00:00 - 30/06/2024 22:00:00,SCA|NO2,mFRR,Not Specified,Not Specified,MARGINAL,49.67,49.67
30/06/2024 22:00:00 - 30/06/2024 23:00:00,SCA|NO2,mFRR,Not Specified,Not Specified,MARGINAL,52.5,43.76
30/06/2024 23:00:00 - 01/07/2024 00:00:00,SCA|NO2,mFRR,Not Specified,Not Specified,MARGINAL,52.0,42.47
01/07/2024 00:00:00 - 01/07/2024 01:00:00,SCA|NO2,mFRR,Not Specified,Not Specified,MARGINAL,42.76,42.76
01/07/2024 01:00:00 - 01/07/2024 02:00:00,SCA|NO2,mFRR,Not Specified,Not Specified,MARGINAL,43.64,43.64
01/07/2024 02:00:00 - 01/07/2024 03:00:00,SCA|NO2,mFRR,Not Specified,Not Specified,MARGINAL,46.24,46.24
01/07/2024 03:00:00 - 01/07/2024 04:00:00,SCA|NO2,mFRR,Not Specified,Not Specified,MARGINAL,46.88,46.88
01/07/2024 04:00:00 - 01/07/2024 05:00:00,SCA|NO2,mFRR,Not Specified,Not Specified,MARGINAL,46.2,46.2
01/07/2024 05:00:00 - 01/07/2024 06:00:00,SCA|NO2,mFRR,Not Specified,Not Specified,MARGINAL,46.74,46.74
01/07/2024 06:00:00 - 01/07/2024 07:00:00,SCA|NO2,mFRR,Not Specified,Not Specified,MARGINAL,50.02,50.02
01/07/2024 07:00:00 - 01/07/2024 08:00:00,SCA|NO2,mFRR,Not Specified,Not Specified,MARGINAL,48.36,48.36
01/07/2024 08:00:00 - 01/07/2024 09:00:00,SCA|NO2,mFRR,Not Specified,Not Specified,MARGINAL,48.39,48.39
01/07/2024 09:00:00 - 01/07/2024 10:00:00,SCA|NO2,mFRR,Not Specified,Not Specified,MARGINAL,47.43,47.43
01/07/2024 10:00:00 - 01/07/2024 11:00:00,SCA|NO2,mFRR,Not Specified,Not Specified,MARGINAL,47.26,47.26
01/07/2024 11:00:00 - 01/07/2024 12:00:00,SCA|NO2,mFRR,Not Specified,Not Specified,MARGINAL,50.05,50.05
01/07/2024 12:00:00 - 01/07/2024 13:00:00,SCA|NO2,mFRR,Not Specified,Not Specified,MARGINAL,49.9,49.9
01/07/2024 13:00:00 - 01/07/2024 14:00:00,SCA|NO2,mFRR,Not Specified,Not Specified,MARGINAL,42.46,40.48
01/07/2024 14:00:00 - 01/07/2024 15:00:00,SCA|NO2,mFRR,Not Specified,Not Specified,MARGINAL,42.53,34.66
01/07/2024 15:00:00 - 01/07/2024 16:00:00,SCA|NO2,mFRR,Not Specified,Not Specified,MARGINAL,32.55,32.55
01/07/2024 16:00:00 - 01/07/2024 17:00:00,SCA|NO2,mFRR,Not Specified,Not Specified,MARGINAL,34.87,34.87
01/07/2024 17:00:00 - 01/07/2024 18:00:00,SCA|NO2,mFRR,Not Specified,Not Specified,MARGINAL,42.54,42.54
01/07/2024 18:00:00 - 01/07/2024 19:00:00,SCA|NO2,mFRR,Not Specified,Not Specified,MARGINAL,43.55,43.55
01/07/2024 19:00:00 - 01/07/2024 20:00:00,SCA|NO2,mFRR,Not Specified,Not Specified,MARGINAL,47.67,47.67
01/07/2024 20:00:00 - 01/07/2024 21:00:00,SCA|NO2,mFRR,Not Specified,Not Specified,MARGINAL,48.39,48.39
01/07/2024 21:00:00 - 01/07/2024 22:00:00,SCA|NO2,mFRR,Not Specified,Not Specified,MARGINAL,50.04,50.04
01/07/2024 22:00:00 - 01/07/2024 23:00:00,SCA|NO2,mFRR,Not Specified,Not Specified,MARGINAL,47.76,47.76
01/07/2024 23:00:00 - 02/07/2024 00:00:00,SCA|NO2,mFRR,Not Specified,Not Specified,MARGINAL,44.19,44.19
02/07/2024 00:00:00 - 02/07/2024 01:00:00,SCA|NO2,mFRR,Not Specified,Not Specified,MARGINAL,47.34,47.34
02/07/2024 01:00:00 - 02/07/2024 02:00:00,SCA|NO2,mFRR,Not Specified,Not Specified,MARGINAL,47.42,47.42
02/07/2024 02:00:00 - 02/07/2024 03:00:00,SCA|NO2,mFRR,Not Specified,Not Specified,MARGINAL,46.77,40.5
02/07/2024 03:00:00 - 02/07/2024 04:00:00,SCA|NO2,mFRR,Not Specified,Not Specified,MARGINAL,46.02,46.02
02/07/2024 04:00:00 - 02/07/2024 05:00:00,SCA|NO2,mFRR,Not Specified,Not Specified,MARGINAL,44.79,44.79
02/07/2024 05:00:00 - 02/07/2024 06:00:00,SCA|NO2,mFRR,Not Specified,Not Specified,MARGINAL,45.15,31.5
02/07/2024 06:00:00 - 02/07/2024 07:00:00,SCA|NO2,mFRR,Not Specified,Not Specified,MARGINAL,45.14,31.5
02/07/2024 07:00:00 - 02/07/2024 08:00:00,SCA|NO2,mFRR,Not Specified,Not Specified,MARGINAL,38.28,38.28
02/07/2024 08:00:00 - 02/07/2024 09:00:00,SCA|NO2,mFRR,Not Specified,Not Specified,MARGINAL,37.95,37.95
02/07/2024 09:00:00 - 02/07/2024 10:00:00,SCA|NO2,mFRR,Not Specified,Not Specified,MARGINAL,38.11,38.11
02/07/2024 10:00:00 - 02/07/2024 11:00:00,SCA|NO2,mFRR,Not Specified,Not Specified,MARGINAL,37.0,36.21
02/07/2024 11:00:00 - 02/07/2024 12:00:00,SCA|NO2,mFRR,Not Specified,Not Specified,MARGINAL,37.0,35.58
02/07/2024 12:00:00 - 02/07/2024 13:00:00,SCA|NO2,mFRR,Not Specified,Not Specified,MARGINAL,35.33,35.33
02/07/2024 13:00:00 - 02/07/2024 14:00:00,SCA|NO2,mFRR,Not Specified,Not Specified,MARGINAL,40.0,34.59
02/07/2024 14:00:00 - 02/07/2024 15:00:00,SCA|NO2,mFRR,Not Specified,Not Specified,MARGINAL,40.0,33.92
02/07/2024 15:00:00 - 02/07/2024 16:00:00,SCA|NO2,mFRR,Not Specified,Not Specified,MARGINAL,37.0,32.59
02/07/2024 16:00:00 - 02/07/2024 17:00:00,SCA|NO2,mFRR,Not Specified,Not Specified,MARGINAL,37.0,33.44
02/07/2024 17:00:00 - 02/07/2024 18:00:00,SCA|NO2,mFRR,Not Specified,Not Specified,MARGINAL,35.15,35.15
02/07/2024 18:00:00 - 02/07/2024 19:00:00,SCA|NO2,mFRR,Not Specified,Not Specified,MARGINAL,54.0,35.09
02/07/2024 19:00:00 - 02/07/2024 20:00:00,SCA|NO2,mFRR,Not Specified,Not Specified,MARGINAL,57.0,35.82
02/07/2024 20:00:00 - 02/07/2024 21:00:00,SCA|NO2,mFRR,Not Specified,Not Specified,MARGINAL,54.5,37.54
02/07/2024 21:00:00 - 02/07/2024 22:00:00,SCA|NO2,mFRR,Not Specified,Not Specified,MARGINAL,54.0,38.8
02/07/2024 22:00:00 - 02/07/2024 23:00:00,SCA|NO2,mFRR,Not Specified,Not Specified,MARGINAL,54.0,37.97
02/07/2024 23:00:00 - 03/07/2024 00:00:00,SCA|NO2,mFRR,Not Specified,Not Specified,MARGINAL,54.0,39.2
03/07/2024 00:00:00 - 03/07/2024 01:00:00,SCA|NO2,mFRR,Not Specified,Not Specified,MARGINAL,53.0,36.12
03/07/2024 01:00:00 - 03/07/2024 02:00:00,SCA|NO2,mFRR,Not Specified,Not Specified,MARGINAL,53.0,35.0
03/07/2024 02:00:00 - 03/07/2024 03:00:00,SCA|NO2,mFRR,Not Specified,Not Specified,MARGINAL,53.0,34.79
03/07/2024 03:00:00 - 03/07/2024 04:00:00,SCA|NO2,mFRR,Not Specified,Not Specified,MARGINAL,53.5,35.2
03/07/2024 04:00:00 - 03/07/2024 05:00:00,SCA|NO2,mFRR,Not Specified,Not Specified,MARGINAL,53.0,37.58
03/07/2024 05:00:00 - 03/07/2024 06:00:00,SCA|NO2,mFRR,Not Specified,Not Specified,MARGINAL,39.78,39.78
03/07/2024 06:00:00 - 03/07/2024 07:00:00,SCA|NO2,mFRR,Not Specified,Not Specified,MARGINAL,53.5,40.23
03/07/2024 07:00:00 - 03/07/2024 08:00:00,SCA|NO2,mFRR,Not Specified,Not Specified,MARGINAL,57.0,39.38
03/07/2024 08:00:00 - 03/07/2024 09:00:00,SCA|NO2,mFRR,Not Specified,Not Specified,MARGINAL,59.5,41.05
03/07/2024 09:00:00 - 03/07/2024 10:00:00,SCA|NO2,mFRR,Not Specified,Not Specified,MARGINAL,57.0,41.66
03/07/2024 10:00:00 - 03/07/2024 11:00:00,SCA|NO2,mFRR,Not Specified,Not Specified,MARGINAL,41.74,41.74
03/07/2024 11:00:00 - 03/07/2024 12:00:00,SCA|NO2,mFRR,Not Specified,Not Specified,MARGINAL,39.12,39.12
03/07/2024 12:00:00 - 03/07/2024 13:00:00,SCA|NO2,mFRR,Not Specified,Not Specified,MARGINAL,38.0,38.0
03/07/2024 13:00:00 - 03/07/2024 14:00:00,SCA|NO2,mFRR,Not Specified,Not Specified,MARGINAL,38.56,38.56
03/07/2024 14:00:00 - 03/07/2024 15:00:00,SCA|NO2,mFRR,Not Specified,Not Specified,MARGINAL,39.85,28.0
03/07/2024 15:00:00 - 03/07/2024 16:00:00,SCA|NO2,mFRR,Not Specified,Not Specified,MARGINAL,41.3,25.0
03/07/2024 16:00:00 - 03/07/2024 17:00:00,SCA|NO2,mFRR,Not Specified,Not Specified,MARGINAL,40.69,25.0
03/07/2024 17:00:00 - 03/07/2024 18:00:00,SCA|NO2,mFRR,Not Specified,Not Specified,MARGINAL,50.16,32.0
03/07/2024 18:00:00 - 03/07/2024 19:00:00,SCA|NO2,mFRR,Not Specified,Not Specified,MARGINAL,50.59,50.59
03/07/2024 19:00:00 - 03/07/2024 20:00:00,SCA|NO2,mFRR,Not Specified,Not Specified,MARGINAL,50.69,50.69
03/07/2024 20:00:00 - 03/07/2024 21:00:00,SCA|NO2,mFRR,Not Specified,Not Specified,MARGINAL,50.23,50.23
03/07/2024 21:00:00 - 03/07/2024 22:00:00,SCA|NO2,mFRR,Not Specified,Not Specified,MARGINAL,49.97,49.97
03/07/2024 22:00:00 - 03/07/2024 23:00:00,SCA|NO2,mFRR,Not Specified,Not Specified,MARGINAL,44.3,44.3
03/07/2024 23:00:00 - 04/07/2024 00:00:00,SCA|NO2,mFRR,Not Specified,Not Specified,MARGINAL,39.98,34.5
04/07/2024 00:00:00 - 04/07/2024 01:00:00,SCA|NO2,mFRR,Not Specified,Not Specified,MARGINAL,37.78,37.78
04/07/2024 01:00:00 - 04/07/2024 02:00:00,SCA|NO2,mFRR,Not Specified,Not Specified,MARGINAL,31.67,31.67
04/07/2024 02:00:00 - 04/07/2024 03:00:00,SCA|NO2,mFRR,Not Specified,Not Specified,MARGINAL,25.64,25.64
04/07/2024 03:00:00 - 04/07/2024 04:00:00,SCA|NO2,mFRR,Not Specified,Not Specified,MARGINAL,24.0,17.45
04/07/2024 04:00:00 - 04/07/2024 05:00:00,SCA|NO2,mFRR,Not Specified,Not Specified,MARGINAL,18.0,9.77
04/07/2024 05:00:00 - 04/07/2024 06:00:00,SCA|NO2,mFRR,Not Specified,Not Specified,MARGINAL,18.0,9.95
04/07/2024 06:00:00 - 04/07/2024 07:00:00,SCA|NO2,mFRR,Not Specified,Not Specified,MARGINAL,26.47,26.47
04/07/2024 07:00:00 - 04/07/2024 08:00:00,SCA|NO2,mFRR,Not Specified,Not Specified,MARGINAL,32.0,30.0
04/07/2024 08:00:00 - 04/07/2024 09:00:00,SCA|NO2,mFRR,Not Specified,Not Specified,MARGINAL,34.0,30.33
04/07/2024 09:00:00 - 04/07/2024 10:00:00,SCA|NO2,mFRR,Not Specified,Not Specified,MARGINAL,31.0,23.95
04/07/2024 10:00:00 - 04/07/2024 11:00:00,SCA|NO2,mFRR,Not Specified,Not Specified,MARGINAL,33.0,3.58
04/07/2024 11:00:00 - 04/07/2024 12:00:00,SCA|NO2,mFRR,Not Specified,Not Specified,MARGINAL,33.0,0.0
04/07/2024 12:00:00 - 04/07/2024 13:00:00,SCA|NO2,mFRR,Not Specified,Not Specified,MARGINAL,-0.04,-0.04
04/07/2024 13:00:00 - 04/07/2024 14:00:00,SCA|NO2,mFRR,Not Specified,Not Specified,MARGINAL,-5.18,-5.18
04/07/2024 14:00:00 - 04/07/2024 15:00:00,SCA|NO2,mFRR,Not Specified,Not Specified,MARGINAL,-19.66,-19.66
04/07/2024 15:00:00 - 04/07/2024 16:00:00,SCA|NO2,mFRR,Not Specified,Not Specified,MARGINAL,-18.6,-18.6
04/07/2024 16:00:00 - 04/07/2024 17:00:00,SCA|NO2,mFRR,Not Specified,Not Specified,MARGINAL,-0.06,-0.06
04/07/2024 17:00:00 - 04/07/2024 18:00:00,SCA|NO2,mFRR,Not Specified,Not Specified,MARGINAL,1.51,1.51
04/07/2024 18:00:00 - 04/07/2024 19:00:00,SCA|NO2,mFRR,Not Specified,Not Specified,MARGINAL,11.72,6.0
04/07/2024 19:00:00 - 04/07/2024 20:00:00,SCA|NO2,mFRR,Not Specified,Not Specified,MARGINAL,30.84,20.0
04/07/2024 20:00:00 - 04/07/2024 21:00:00,SCA|NO2,mFRR,Not Specified,Not Specified,MARGINAL,36.48,30.0
04/07/2024 21:00:00 - 04/07/2024 22:00:00,SCA|NO2,mFRR,Not Specified,Not Specified,MARGINAL,37.67,33.0
04/07/2024 22:00:00 - 04/07/2024 23:00:00,SCA|NO2,mFRR,Not Specified,Not Specified,MARGINAL,37.55,33.0
04/07/2024 23:00:00 - 05/07/2024 00:00:00,SCA|NO2,mFRR,Not Specified,Not Specified,MARGINAL,36.99,33.0
05/07/2024 00:00:00 - 05/07/2024 01:00:00,SCA|NO2,mFRR,Not Specified,Not Specified,MARGINAL,30.44,9.0
05/07/2024 01:00:00 - 05/07/2024 02:00:00,SCA|NO2,mFRR,Not Specified,Not Specified,MARGINAL,19.51,5.0
05/07/2024 02:00:00 - 05/07/2024 03:00:00,SCA|NO2,mFRR,Not Specified,Not Specified,MARGINAL,4.12,1.0
05/07/2024 03:00:00 - 05/07/2024 04:00:00,SCA|NO2,mFRR,Not Specified,Not Specified,MARGINAL,2.67,1.0
05/07/2024 04:00:00 - 05/07/2024 05:00:00,SCA|NO2,mFRR,Not Specified,Not Specified,MARGINAL,2.92,2.92
05/07/2024 05:00:00 - 05/07/2024 06:00:00,SCA|NO2,mFRR,Not Specified,Not Specified,MARGINAL,5.72,5.72
05/07/2024 06:00:00 - 05/07/2024 07:00:00,SCA|NO2,mFRR,Not Specified,Not Specified,MARGINAL,20.84,20.84
05/07/2024 07:00:00 - 05/07/2024 08:00:00,SCA|NO2,mFRR,Not Specified,Not Specified,MARGINAL,32.0,29.96
05/07/2024 08:00:00 - 05/07/2024 09:00:00,SCA|NO2,mFRR,Not Specified,Not Specified,MARGINAL,32.0,31.47
05/07/2024 09:00:00 - 05/07/2024 10:00:00,SCA|NO2,mFRR,Not Specified,Not Specified,MARGINAL,30.0,24.55
05/07/2024 10:00:00 - 05/07/2024 11:00:00,SCA|NO2,mFRR,Not Specified,Not Specified,MARGINAL,30.0,4.38
05/07/2024 11:00:00 - 05/07/2024 12:00:00,SCA|NO2,mFRR,Not Specified,Not Specified,MARGINAL,28.0,0.44
05/07/2024 12:00:00 - 05/07/2024 13:00:00,SCA|NO2,mFRR,Not Specified,Not Specified,MARGINAL,23.0,0.44
05/07/2024 13:00:00 - 05/07/2024 14:00:00,SCA|NO2,mFRR,Not Specified,Not Specified,MARGINAL,23.0,-0.04
05/07/2024 14:00:00 - 05/07/2024 15:00:00,SCA|NO2,mFRR,Not Specified,Not Specified,MARGINAL,23.0,-0.05
05/07/2024 15:00:00 - 05/07/2024 16:00:00,SCA|NO2,mFRR,Not Specified,Not Specified,MARGINAL,9.42,9.42
05/07/2024 16:00:00 - 05/07/2024 17:00:00,SCA|NO2,mFRR,Not Specified,Not Specified,MARGINAL,27.5,26.98
05/07/2024 17:00:00 - 05/07/2024 18:00:00,SCA|NO2,mFRR,Not Specified,Not Specified,MARGINAL,29.49,29.49
05/07/2024 18:00:00 - 05/07/2024 19:00:00,SCA|NO2,mFRR,Not Specified,Not Specified,MARGINAL,33.63,33.63
05/07/2024 19:00:00 - 05/07/2024 20:00:00,SCA|NO2,mFRR,Not Specified,Not Specified,MARGINAL,36.7,33.0
05/07/2024 20:00:00 - 05/07/2024 21:00:00,SCA|NO2,mFRR,Not Specified,Not Specified,MARGINAL,37.81,33.0
05/07/2024 21:00:00 - 05/07/2024 22:00:00,SCA|NO2,mFRR,Not Specified,Not Specified,MARGINAL,41.29,33.0
05/07/2024 22:00:00 - 05/07/2024 23:00:00,SCA|NO2,mFRR,Not Specified,Not Specified,MARGINAL,42.45,29.0
05/07/2024 23:00:00 - 06/07/2024 00:00:00,SCA|NO2,mFRR,Not Specified,Not Specified,MARGINAL,42.49,29.0
06/07/2024 00:00:00 - 06/07/2024 01:00:00,SCA|NO2,mFRR,Not Specified,Not Specified,MARGINAL,46.6,30.5
06/07/2024 01:00:00 - 06/07/2024 02:00:00,SCA|NO2,mFRR,Not Specified,Not Specified,MARGINAL,46.52,46.0
06/07/2024 02:00:00 - 06/07/2024 03:00:00,SCA|NO2,mFRR,Not Specified,Not Specified,MARGINAL,46.49,46.0
06/07/2024 03:00:00 - 06/07/2024 04:00:00,SCA|NO2,mFRR,Not Specified,Not Specified,MARGINAL,42.96,39.0
06/07/2024 04:00:00 - 06/07/2024 05:00:00,SCA|NO2,mFRR,Not Specified,Not Specified,MARGINAL,34.36,22.0
06/07/2024 05:00:00 - 06/07/2024 06:00:00,SCA|NO2,mFRR,Not Specified,Not Specified,MARGINAL,19.95,15.0
06/07/2024 06:00:00 - 06/07/2024 07:00:00,SCA|NO2,mFRR,Not Specified,Not Specified,MARGINAL,30.0,6.13
06/07/2024 07:00:00 - 06/07/2024 08:00:00,SCA|NO2,mFRR,Not Specified,Not Specified,MARGINAL,30.0,5.54
06/07/2024 08:00:00 - 06/07/2024 09:00:00,SCA|NO2,mFRR,Not Specified,Not Specified,MARGINAL,28.0,3.5
06/07/2024 09:00:00 - 06/07/2024 10:00:00,SCA|NO2,mFRR,Not Specified,Not Specified,MARGINAL,22.0,0.33
06/07/2024 10:00:00 - 06/07/2024 11:00:00,SCA|NO2,mFRR,Not Specified,Not Specified,MARGINAL,8.0,-0.04
06/07/2024 11:00:00 - 06/07/2024 12:00:00,SCA|NO2,mFRR,Not Specified,Not Specified,MARGINAL,8.0,-0.02
06/07/2024 12:00:00 - 06/07/2024 13:00:00,SCA|NO2,mFRR,Not Specified,Not Specified,MARGINAL,7.0,-1.0
06/07/2024 13:00:00 - 06/07/2024 14:00:00,SCA|NO2,mFRR,Not Specified,Not Specified,MARGINAL,-0.12,-4.0
06/07/2024 14:00:00 - 06/07/2024 15:00:00,SCA|NO2,mFRR,Not Specified,Not Specified,MARGINAL,-2.18,-8.0
06/07/2024 15:00:00 - 06/07/2024 16:00:00,SCA|NO2,mFRR,Not Specified,Not Specified,MARGINAL,-2.71,-8.0
06/07/2024 16:00:00 - 06/07/2024 17:00:00,SCA|NO2,mFRR,Not Specified,Not Specified,MARGINAL,-0.6,-4.2
06/07/2024 17:00:00 - 06/07/2024 18:00:00,SCA|NO2,mFRR,Not Specified,Not Specified,MARGINAL,28.0,0.01
06/07/2024 18:00:00 - 06/07/2024 19:00:00,SCA|NO2,mFRR,Not Specified,Not Specified,MARGINAL,28.0,1.94
06/07/2024 19:00:00 - 06/07/2024 20:00:00,SCA|NO2,mFRR,Not Specified,Not Specified,MARGINAL,30.0,0.44
06/07/2024 20:00:00 - 06/07/2024 21:00:00,SCA|NO2,mFRR,Not Specified,Not Specified,MARGINAL,25.0,6.69
06/07/2024 21:00:00 - 06/07/2024 22:00:00,SCA|NO2,mFRR,Not Specified,Not Specified,MARGINAL,19.0,9.91
06/07/2024 22:00:00 - 06/07/2024 23:00:00,SCA|NO2,mFRR,Not Specified,Not Specified,MARGINAL,18.3,0.0
06/07/2024 23:00:00 - 07/07/2024 00:00:00,SCA|NO2,mFRR,Not Specified,Not Specified,MARGINAL,14.44,0.0
07/07/2024 00:00:00 - 07/07/2024 01:00:00,SCA|NO2,mFRR,Not Specified,Not Specified,MARGINAL,20.0,-0.02
07/07/2024 01:00:00 - 07/07/2024 02:00:00,SCA|NO2,mFRR,Not Specified,Not Specified,MARGINAL,20.0,-0.1
07/07/2024 02:00:00 - 07/07/2024 03:00:00,SCA|NO2,mFRR,Not Specified,Not Specified,MARGINAL,19.2,-0.8
07/07/2024 03:00:00 - 07/07/2024 04:00:00,SCA|NO2,mFRR,Not Specified,Not Specified,MARGINAL,-0.48,-0.48
07/07/2024 04:00:00 - 07/07/2024 05:00:00,SCA|NO2,mFRR,Not Specified,Not Specified,MARGINAL,-0.06,-0.33
07/07/2024 05:00:00 - 07/07/2024 06:00:00,SCA|NO2,mFRR,Not Specified,Not Specified,MARGINAL,6.7,-0.01
07/07/2024 06:00:00 - 07/07/2024 07:00:00,SCA|NO2,mFRR,Not Specified,Not Specified,MARGINAL,6.7,-0.01
07/07/2024 07:00:00 - 07/07/2024 08:00:00,SCA|NO2,mFRR,Not Specified,Not Specified,MARGINAL,6.7,-0.01
07/07/2024 08:00:00 - 07/07/2024 09:00:00,SCA|NO2,mFRR,Not Specified,Not Specified,MARGINAL,-0.61,-3.0
07/07/2024 09:00:00 - 07/07/2024 10:00:00,SCA|NO2,mFRR,Not Specified,Not Specified,MARGINAL,-6.47,-9.5
07/07/2024 10:00:00 - 07/07/2024 11:00:00,SCA|NO2,mFRR,Not Specified,Not Specified,MARGINAL,-9.98,-9.98
07/07/2024 11:00:00 - 07/07/2024 12:00:00,SCA|NO2,mFRR,Not Specified,Not Specified,MARGINAL,-12.04,-12.04
07/07/2024 12:00:00 - 07/07/2024 13:00:00,SCA|NO2,mFRR,Not Specified,Not Specified,MARGINAL,3.35,-13.49
07/07/2024 13:00:00 - 07/07/2024 14:00:00,SCA|NO2,mFRR,Not Specified,Not Specified,MARGINAL,3.35,-15.02
07/07/2024 14:00:00 - 07/07/2024 15:00:00,SCA|NO2,mFRR,Not Specified,Not Specified,MARGINAL,3.35,-19.9
07/07/2024 15:00:00 - 07/07/2024 16:00:00,SCA|NO2,mFRR,Not Specified,Not Specified,MARGINAL,1.0,1.0
07/07/2024 16:00:00 - 07/07/2024 17:00:00,SCA|NO2,mFRR,Not Specified,Not Specified,MARGINAL,17.92,17.92
07/07/2024 17:00:00 - 07/07/2024 18:00:00,SCA|NO2,mFRR,Not Specified,Not Specified,MARGINAL,29.0,29.0
07/07/2024 18:00:00 - 07/07/2024 19:00:00,SCA|NO2,mFRR,Not Specified,Not Specified,MARGINAL,34.9,33.0
07/07/2024 19:00:00 - 07/07/2024 20:00:00,SCA|NO2,mFRR,Not Specified,Not Specified,MARGINAL,43.71,33.0
07/07/2024 20:00:00 - 07/07/2024 21:00:00,SCA|NO2,mFRR,Not Specified,Not Specified,MARGINAL,45.17,45.17
07/07/2024 21:00:00 - 07/07/2024 22:00:00,SCA|NO2,mFRR,Not Specified,Not Specified,MARGINAL,45.91,45.91
07/07/2024 22:00:00 - 07/07/2024 23:00:00,SCA|NO2,mFRR,Not Specified,Not Specified,MARGINAL,45.06,45.06
07/07/2024 23:00:00 - 08/07/2024 00:00:00,SCA|NO2,mFRR,Not Specified,Not Specified,MARGINAL,44.95,44.95
08/07/2024 00:00:00 - 08/07/2024 01:00:00,SCA|NO2,mFRR,Not Specified,Not Specified,MARGINAL,43.42,35.0
08/07/2024 01:00:00 - 08/07/2024 02:00:00,SCA|NO2,mFRR,Not Specified,Not Specified,MARGINAL,42.99,35.0
08/07/2024 02:00:00 - 08/07/2024 03:00:00,SCA|NO2,mFRR,Not Specified,Not Specified,MARGINAL,42.93,35.0
08/07/2024 03:00:00 - 08/07/2024 04:00:00,SCA|NO2,mFRR,Not Specified,Not Specified,MARGINAL,42.91,35.0
08/07/2024 04:00:00 - 08/07/2024 05:00:00,SCA|NO2,mFRR,Not Specified,Not Specified,MARGINAL,42.98,42.98
08/07/2024 05:00:00 - 08/07/2024 06:00:00,SCA|NO2,mFRR,Not Specified,Not Specified,MARGINAL,43.39,43.39
08/07/2024 06:00:00 - 08/07/2024 07:00:00,SCA|NO2,mFRR,Not Specified,Not Specified,MARGINAL,44.29,44.29
08/07/2024 07:00:00 - 08/07/2024 08:00:00,SCA|NO2,mFRR,Not Specified,Not Specified,MARGINAL,42.37,42.37
08/07/2024 08:00:00 - 08/07/2024 09:00:00,SCA|NO2,mFRR,Not Specified,Not Specified,MARGINAL,41.39,41.39
08/07/2024 09:00:00 - 08/07/2024 10:00:00,SCA|NO2,mFRR,Not Specified,Not Specified,MARGINAL,41.38,41.38
08/07/2024 10:00:00 - 08/07/2024 11:00:00,SCA|NO2,mFRR,Not Specified,Not Specified,MARGINAL,41.35,41.35
08/07/2024 11:00:00 - 08/07/2024 12:00:00,SCA|NO2,mFRR,Not Specified,Not Specified,MARGINAL,36.92,34.0
08/07/2024 12:00:00 - 08/07/2024 13:00:00,SCA|NO2,mFRR,Not Specified,Not Specified,MARGINAL,31.93,18.0
08/07/2024 13:00:00 - 08/07/2024 14:00:00,SCA|NO2,mFRR,Not Specified,Not Specified,MARGINAL,29.45,14.0
08/07/2024 14:00:00 - 08/07/2024 15:00:00,SCA|NO2,mFRR,Not Specified,Not Specified,MARGINAL,30.23,20.0
08/07/2024 15:00:00 - 08/07/2024 16:00:00,SCA|NO2,mFRR,Not Specified,Not Specified,MARGINAL,36.08,30.0
08/07/2024 16:00:00 - 08/07/2024 17:00:00,SCA|NO2,mFRR,Not Specified,Not Specified,MARGINAL,38.97,33.5
08/07/2024 17:00:00 - 08/07/2024 18:00:00,SCA|NO2,mFRR,Not Specified,Not Specified,MARGINAL,43.42,43.42
08/07/2024 18:00:00 - 08/07/2024 19:00:00,SCA|NO2,mFRR,Not Specified,Not Specified,MARGINAL,43.87,35.0
08/07/2024 19:00:00 - 08/07/2024 20:00:00,SCA|NO2,mFRR,Not Specified,Not Specified,MARGINAL,44.05,37.0
08/07/2024 20:00:00 - 08/07/2024 21:00:00,SCA|NO2,mFRR,Not Specified,Not Specified,MARGINAL,44.09,37.0
08/07/2024 21:00:00 - 08/07/2024 22:00:00,SCA|NO2,mFRR,Not Specified,Not Specified,MARGINAL,44.11,37.0
08/07/2024 22:00:00 - 08/07/2024 23:00:00,SCA|NO2,mFRR,Not Specified,Not Specified,MARGINAL,43.44,37.0
08/07/2024 23:00:00 - 09/07/2024 00:00:00,SCA|NO2,mFRR,Not Specified,Not Specified,MARGINAL,43.13,37.0
09/07/2024 00:00:00 - 09/07/2024 01:00:00,SCA|NO2,mFRR,Not Specified,Not Specified,MARGINAL,43.85,43.85
09/07/2024 01:00:00 - 09/07/2024 02:00:00,SCA|NO2,mFRR,Not Specified,Not Specified,MARGINAL,42.94,42.94
09/07/2024 02:00:00 - 09/07/2024 03:00:00,SCA|NO2,mFRR,Not Specified,Not Specified,MARGINAL,42.45,42.45
09/07/2024 03:00:00 - 09/07/2024 04:00:00,SCA|NO2,mFRR,Not Specified,Not Specified,MARGINAL,42.23,42.23
09/07/2024 04:00:00 - 09/07/2024 05:00:00,SCA|NO2,mFRR,Not Specified,Not Specified,MARGINAL,42.14,42.14
09/07/2024 05:00:00 - 09/07/2024 06:00:00,SCA|NO2,mFRR,Not Specified,Not Specified,MARGINAL,42.6,42.6
09/07/2024 06:00:00 - 09/07/2024 07:00:00,SCA|NO2,mFRR,Not Specified,Not Specified,MARGINAL,44.98,44.98
09/07/2024 07:00:00 - 09/07/2024 08:00:00,SCA|NO2,mFRR,Not Specified,Not Specified,MARGINAL,45.38,45.38
09/07/2024 08:00:00 - 09/07/2024 09:00:00,SCA|NO2,mFRR,Not Specified,Not Specified,MARGINAL,44.9,44.9
09/07/2024 09:00:00 - 09/07/2024 10:00:00,SCA|NO2,mFRR,Not Specified,Not Specified,MARGINAL,42.07,35.5
09/07/2024 10:00:00 - 09/07/2024 11:00:00,SCA|NO2,mFRR,Not Specified,Not Specified,MARGINAL,37.98,37.98
09/07/2024 11:00:00 - 09/07/2024 12:00:00,SCA|NO2,mFRR,Not Specified,Not Specified,MARGINAL,34.61,34.61
09/07/2024 12:00:00 - 09/07/2024 13:00:00,SCA|NO2,mFRR,Not Specified,Not Specified,MARGINAL,29.25,29.25
09/07/2024 13:00:00 - 09/07/2024 14:00:00,SCA|NO2,mFRR,Not Specified,Not Specified,MARGINAL,25.27,25.27
09/07/2024 14:00:00 - 09/07/2024 15:00:00,SCA|NO2,mFRR,Not Specified,Not Specified,MARGINAL,26.68,26.68
09/07/2024 15:00:00 - 09/07/2024 16:00:00,SCA|NO2,mFRR,Not Specified,Not Specified,MARGINAL,32.9,32.9
09/07/2024 16:00:00 - 09/07/2024 17:00:00,SCA|NO2,mFRR,Not Specified,Not Specified,MARGINAL,36.39,36.39
09/07/2024 17:00:00 - 09/07/2024 18:00:00,SCA|NO2,mFRR,Not Specified,Not Specified,MARGINAL,44.73,44.73
09/07/2024 18:00:00 - 09/07/2024 19:00:00,SCA|NO2,mFRR,Not Specified,Not Specified,MARGINAL,44.99,44.99
09/07/2024 19:00:00 - 09/07/2024 20:00:00,SCA|NO2,mFRR,Not Specified,Not Specified,MARGINAL,45.08,45.08
09/07/2024 20:00:00 - 09/07/2024 21:00:00,SCA|NO2,mFRR,Not Specified,Not Specified,MARGINAL,44.43,44.43
09/07/2024 21:00:00 - 09/07/2024 22:00:00,SCA|NO2,mFRR,Not Specified,Not Specified,MARGINAL,44.11,44.11
09/07/2024 22:00:00 - 09/07/2024 23:00:00,SCA|NO2,mFRR,Not Specified,Not Specified,MARGINAL,41.2,32.5
09/07/2024 23:00:00 - 10/07/2024 00:00:00,SCA|NO2,mFRR,Not Specified,Not Specified,MARGINAL,39.28,32.5
10/07/2024 00:00:00 - 10/07/2024 01:00:00,SCA|NO2,mFRR,Not Specified,Not Specified,MARGINAL,34.94,34.94
10/07/2024 01:00:00 - 10/07/2024 02:00:00,SCA|NO2,mFRR,Not Specified,Not Specified,MARGINAL,36.0,32.99
10/07/2024 02:00:00 - 10/07/2024 03:00:00,SCA|NO2,mFRR,Not Specified,Not Specified,MARGINAL,36.0,30.03
10/07/2024 03:00:00 - 10/07/2024 04:00:00,SCA|NO2,mFRR,Not Specified,Not Specified,MARGINAL,33.0,28.73
10/07/2024 04:00:00 - 10/07/2024 05:00:00,SCA|NO2,mFRR,Not Specified,Not Specified,MARGINAL,31.95,30.0
10/07/2024 05:00:00 - 10/07/2024 06:00:00,SCA|NO2,mFRR,Not Specified,Not Specified,MARGINAL,32.68,32.68
10/07/2024 06:00:00 - 10/07/2024 07:00:00,SCA|NO2,mFRR,Not Specified,Not Specified,MARGINAL,36.49,36.49
10/07/2024 07:00:00 - 10/07/2024 08:00:00,SCA|NO2,mFRR,Not Specified,Not Specified,MARGINAL,37.47,22.0
10/07/2024 08:00:00 - 10/07/2024 09:00:00,SCA|NO2,mFRR,Not Specified,Not Specified,MARGINAL,37.71,22.0
10/07/2024 09:00:00 - 10/07/2024 10:00:00,SCA|NO2,mFRR,Not Specified,Not Specified,MARGINAL,38.06,28.39
10/07/2024 10:00:00 - 10/07/2024 11:00:00,SCA|NO2,mFRR,Not Specified,Not Specified,MARGINAL,38.06,38.06
10/07/2024 11:00:00 - 10/07/2024 12:00:00,SCA|NO2,mFRR,Not Specified,Not Specified,MARGINAL,38.47,34.5
10/07/2024 12:00:00 - 10/07/2024 13:00:00,SCA|NO2,mFRR,Not Specified,Not Specified,MARGINAL,37.77,34.5
10/07/2024 13:00:00 - 10/07/2024 14:00:00,SCA|NO2,mFRR,Not Specified,Not Specified,MARGINAL,37.2,37.2
10/07/2024 14:00:00 - 10/07/2024 15:00:00,SCA|NO2,mFRR,Not Specified,Not Specified,MARGINAL,36.87,36.87
10/07/2024 15:00:00 - 10/07/2024 16:00:00,SCA|NO2,mFRR,Not Specified,Not Specified,MARGINAL,36.46,36.46
10/07/2024 16:00:00 - 10/07/2024 17:00:00,SCA|NO2,mFRR,Not Specified,Not Specified,MARGINAL,38.0,37.27
10/07/2024 17:00:00 - 10/07/2024 18:00:00,SCA|NO2,mFRR,Not Specified,Not Specified,MARGINAL,49.0,38.62
10/07/2024 18:00:00 - 10/07/2024 19:00:00,SCA|NO2,mFRR,Not Specified,Not Specified,MARGINAL,49.0,40.3
10/07/2024 19:00:00 - 10/07/2024 20:00:00,SCA|NO2,mFRR,Not Specified,Not Specified,MARGINAL,48.0,42.97
10/07/2024 20:00:00 - 10/07/2024 21:00:00,SCA|NO2,mFRR,Not Specified,Not Specified,MARGINAL,48.0,33.5
10/07/2024 21:00:00 - 10/07/2024 22:00:00,SCA|NO2,mFRR,Not Specified,Not Specified,MARGINAL,39.99,33.5
10/07/2024 22:00:00 - 10/07/2024 23:00:00,SCA|NO2,mFRR,Not Specified,Not Specified,MARGINAL,39.32,33.5
10/07/2024 23:00:00 - 11/07/2024 00:00:00,SCA|NO2,mFRR,Not Specified,Not Specified,MARGINAL,39.24,33.5
11/07/2024 00:00:00 - 11/07/2024 01:00:00,SCA|NO2,mFRR,Not Specified,Not Specified,MARGINAL,39.63,31.0
11/07/2024 01:00:00 - 11/07/2024 02:00:00,SCA|NO2,mFRR,Not Specified,Not Specified,MARGINAL,38.98,31.0
11/07/2024 02:00:00 - 11/07/2024 03:00:00,SCA|NO2,mFRR,Not Specified,Not Specified,MARGINAL,38.99,30.0
11/07/2024 03:00:00 - 11/07/2024 04:00:00,SCA|NO2,mFRR,Not Specified,Not Specified,MARGINAL,39.17,29.0
11/07/2024 04:00:00 - 11/07/2024 05:00:00,SCA|NO2,mFRR,Not Specified,Not Specified,MARGINAL,39.58,29.0
11/07/2024 05:00:00 - 11/07/2024 06:00:00,SCA|NO2,mFRR,Not Specified,Not Specified,MARGINAL,41.58,29.0
11/07/2024 06:00:00 - 11/07/2024 07:00:00,SCA|NO2,mFRR,Not Specified,Not Specified,MARGINAL,40.8,31.5
11/07/2024 07:00:00 - 11/07/2024 08:00:00,SCA|NO2,mFRR,Not Specified,Not Specified,MARGINAL,41.5,41.5
11/07/2024 08:00:00 - 11/07/2024 09:00:00,SCA|NO2,mFRR,Not Specified,Not Specified,MARGINAL,44.9,44.9
11/07/2024 09:00:00 - 11/07/2024 10:00:00,SCA|NO2,mFRR,Not Specified,Not Specified,MARGINAL,40.63,40.63
11/07/2024 10:00:00 - 11/07/2024 11:00:00,SCA|NO2,mFRR,Not Specified,Not Specified,MARGINAL,40.22,40.22
11/07/2024 11:00:00 - 11/07/2024 12:00:00,SCA|NO2,mFRR,Not Specified,Not Specified,MARGINAL,40.14,40.14
11/07/2024 12:00:00 - 11/07/2024 13:00:00,SCA|NO2,mFRR,Not Specified,Not Specified,MARGINAL,40.74,33.5
11/07/2024 13:00:00 - 11/07/2024 14:00:00,SCA|NO2,mFRR,Not Specified,Not Specified,MARGINAL,41.62,41.62
11/07/2024 14:00:00 - 11/07/2024 15:00:00,SCA|NO2,mFRR,Not Specified,Not Specified,MARGINAL,42.21,42.21
11/07/2024 15:00:00 - 11/07/2024 16:00:00,SCA|NO2,mFRR,Not Specified,Not Specified,MARGINAL,43.15,43.15
11/07/2024 16:00:00 - 11/07/2024 17:00:00,SCA|NO2,mFRR,Not Specified,Not Specified,MARGINAL,42.5,42.5
11/07/2024 17:00:00 - 11/07/2024 18:00:00,SCA|NO2,mFRR,Not Specified,Not Specified,MARGINAL,44.45,44.45
11/07/2024 18:00:00 - 11/07/2024 19:00:00,SCA|NO2,mFRR,Not Specified,Not Specified,MARGINAL,42.51,42.51
11/07/2024 19:00:00 - 11/07/2024 20:00:00,SCA|NO2,mFRR,Not Specified,Not Specified,MARGINAL,44.13,44.13
11/07/2024 20:00:00 - 11/07/2024 21:00:00,SCA|NO2,mFRR,Not Specified,Not Specified,MARGINAL,43.65,43.65
11/07/2024 21:00:00 - 11/07/2024 22:00:00,SCA|NO2,mFRR,Not Specified,Not Specified,MARGINAL,43.53,43.53
11/07/2024 22:00:00 - 11/07/2024 23:00:00,SCA|NO2,mFRR,Not Specified,Not Specified,MARGINAL,41.18,41.18
11/07/2024 23:00:00 - 12/07/2024 00:00:00,SCA|NO2,mFRR,Not Specified,Not Specified,MARGINAL,41.26,41.26
12/07/2024 00:00:00 - 12/07/2024 01:00:00,SCA|NO2,mFRR,Not Specified,Not Specified,MARGINAL,42.45,42.45
12/07/2024 01:00:00 - 12/07/2024 02:00:00,SCA|NO2,mFRR,Not Specified,Not Specified,MARGINAL,40.42,40.42
12/07/2024 02:00:00 - 12/07/2024 03:00:00,SCA|NO2,mFRR,Not Specified,Not Specified,MARGINAL,39.97,39.97
12/07/2024 03:00:00 - 12/07/2024 04:00:00,SCA|NO2,mFRR,Not Specified,Not Specified,MARGINAL,39.95,39.95
12/07/2024 04:00:00 - 12/07/2024 05:00:00,SCA|NO2,mFRR,Not Specified,Not Specified,MARGINAL,39.94,39.94
12/07/2024 05:00:00 - 12/07/2024 06:00:00,SCA|NO2,mFRR,Not Specified,Not Specified,MARGINAL,42.11,42.11
12/07/2024 06:00:00 - 12/07/2024 07:00:00,SCA|NO2,mFRR,Not Specified,Not Specified,MARGINAL,39.99,31.5
12/07/2024 07:00:00 - 12/07/2024 08:00:00,SCA|NO2,mFRR,Not Specified,Not Specified,MARGINAL,38.91,33.0
12/07/2024 08:00:00 - 12/07/2024 09:00:00,SCA|NO2,mFRR,Not Specified,Not Specified,MARGINAL,36.65,33.0
12/07/2024 09:00:00 - 12/07/2024 10:00:00,SCA|NO2,mFRR,Not Specified,Not Specified,MARGINAL,35.97,35.97
12/07/2024 10:00:00 - 12/07/2024 11:00:00,SCA|NO2,mFRR,Not Specified,Not Specified,MARGINAL,35.93,35.93
12/07/2024 11:00:00 - 12/07/2024 12:00:00,SCA|NO2,mFRR,Not Specified,Not Specified,MARGINAL,35.99,35.99
12/07/2024 12:00:00 - 12/07/2024 13:00:00,SCA|NO2,mFRR,Not Specified,Not Specified,MARGINAL,36.4,36.4
12/07/2024 13:00:00 - 12/07/2024 14:00:00,SCA|NO2,mFRR,Not Specified,Not Specified,MARGINAL,36.87,36.87
12/07/2024 14:00:00 - 12/07/2024 15:00:00,SCA|NO2,mFRR,Not Specified,Not Specified,MARGINAL,36.91,36.91
12/07/2024 15:00:00 - 12/07/2024 16:00:00,SCA|NO2,mFRR,Not Specified,Not Specified,MARGINAL,36.29,36.29
12/07/2024 16:00:00 - 12/07/2024 17:00:00,SCA|NO2,mFRR,Not Specified,Not Specified,MARGINAL,36.57,36.57
12/07/2024 17:00:00 - 12/07/2024 18:00:00,SCA|NO2,mFRR,Not Specified,Not Specified,MARGINAL,40.38,40.38
12/07/2024 18:00:00 - 12/07/2024 19:00:00,SCA|NO2,mFRR,Not Specified,Not Specified,MARGINAL,44.08,44.08
12/07/2024 19:00:00 - 12/07/2024 20:00:00,SCA|NO2,mFRR,Not Specified,Not Specified,MARGINAL,44.44,44.44
12/07/2024 20:00:00 - 12/07/2024 21:00:00,SCA|NO2,mFRR,Not Specified,Not Specified,MARGINAL,44.01,44.01
12/07/2024 21:00:00 - 12/07/2024 22:00:00,SCA|NO2,mFRR,Not Specified,Not Specified,MARGINAL,42.96,42.96
12/07/2024 22:00:00 - 12/07/2024 23:00:00,SCA|NO2,mFRR,Not Specified,Not Specified,MARGINAL,40.29,40.29
12/07/2024 23:00:00 - 13/07/2024 00:00:00,SCA|NO2,mFRR,Not Specified,Not Specified,MARGINAL,40.71,40.71
13/07/2024 00:00:00 - 13/07/2024 01:00:00,SCA|NO2,mFRR,Not Specified,Not Specified,MARGINAL,45.0,37.27
13/07/2024 01:00:00 - 13/07/2024 02:00:00,SCA|NO2,mFRR,Not Specified,Not Specified,MARGINAL,42.0,35.13
13/07/2024 02:00:00 - 13/07/2024 03:00:00,SCA|NO2,mFRR,Not Specified,Not Specified,MARGINAL,33.82,33.82
13/07/2024 03:00:00 - 13/07/2024 04:00:00,SCA|NO2,mFRR,Not Specified,Not Specified,MARGINAL,32.24,32.24
13/07/2024 04:00:00 - 13/07/2024 05:00:00,SCA|NO2,mFRR,Not Specified,Not Specified,MARGINAL,31.71,31.71
13/07/2024 05:00:00 - 13/07/2024 06:00:00,SCA|NO2,mFRR,Not Specified,Not Specified,MARGINAL,30.09,30.09
13/07/2024 06:00:00 - 13/07/2024 07:00:00,SCA|NO2,mFRR,Not Specified,Not Specified,MARGINAL,29.65,24.0
13/07/2024 07:00:00 - 13/07/2024 08:00:00,SCA|NO2,mFRR,Not Specified,Not Specified,MARGINAL,32.88,27.01
13/07/2024 08:00:00 - 13/07/2024 09:00:00,SCA|NO2,mFRR,Not Specified,Not Specified,MARGINAL,34.0,25.83
13/07/2024 09:00:00 - 13/07/2024 10:00:00,SCA|NO2,mFRR,Not Specified,Not Specified,MARGINAL,30.02,20.97
13/07/2024 10:00:00 - 13/07/2024 11:00:00,SCA|NO2,mFRR,Not Specified,Not Specified,MARGINAL,5.93,5.93
13/07/2024 11:00:00 - 13/07/2024 12:00:00,SCA|NO2,mFRR,Not Specified,Not Specified,MARGINAL,17.0,0.04
13/07/2024 12:00:00 - 13/07/2024 13:00:00,SCA|NO2,mFRR,Not Specified,Not Specified,MARGINAL,31.35,-0.01
13/07/2024 13:00:00 - 13/07/2024 14:00:00,SCA|NO2,mFRR,Not Specified,Not Specified,MARGINAL,30.0,-0.87
13/07/2024 14:00:00 - 13/07/2024 15:00:00,SCA|NO2,mFRR,Not Specified,Not Specified,MARGINAL,29.0,-0.81
13/07/2024 15:00:00 - 13/07/2024 16:00:00,SCA|NO2,mFRR,Not Specified,Not Specified,MARGINAL,23.76,-0.06
13/07/2024 16:00:00 - 13/07/2024 17:00:00,SCA|NO2,mFRR,Not Specified,Not Specified,MARGINAL,25.0,1.52
13/07/2024 17:00:00 - 13/07/2024 18:00:00,SCA|NO2,mFRR,Not Specified,Not Specified,MARGINAL,34.0,18.69
13/07/2024 18:00:00 - 13/07/2024 19:00:00,SCA|NO2,mFRR,Not Specified,Not Specified,MARGINAL,43.5,27.38
13/07/2024 19:00:00 - 13/07/2024 20:00:00,SCA|NO2,mFRR,Not Specified,Not Specified,MARGINAL,50.0,34.91
13/07/2024 20:00:00 - 13/07/2024 21:00:00,SCA|NO2,mFRR,Not Specified,Not Specified,MARGINAL,59.0,41.31
13/07/2024 21:00:00 - 13/07/2024 22:00:00,SCA|NO2,mFRR,Not Specified,Not Specified,MARGINAL,59.0,40.85
13/07/2024 22:00:00 - 13/07/2024 23:00:00,SCA|NO2,mFRR,Not Specified,Not Specified,MARGINAL,50.0,39.19
13/07/2024 23:00:00 - 14/07/2024 00:00:00,SCA|NO2,mFRR,Not Specified,Not Specified,MARGINAL,50.0,38.97
14/07/2024 00:00:00 - 14/07/2024 01:00:00,SCA|NO2,mFRR,Not Specified,Not Specified,MARGINAL,50.0,37.97
14/07/2024 01:00:00 - 14/07/2024 02:00:00,SCA|NO2,mFRR,Not Specified,Not Specified,MARGINAL,37.91,37.91
14/07/2024 02:00:00 - 14/07/2024 03:00:00,SCA|NO2,mFRR,Not Specified,Not Specified,MARGINAL,37.65,37.65
14/07/2024 03:00:00 - 14/07/2024 04:00:00,SCA|NO2,mFRR,Not Specified,Not Specified,MARGINAL,37.44,37.44
14/07/2024 04:00:00 - 14/07/2024 05:00:00,SCA|NO2,mFRR,Not Specified,Not Specified,MARGINAL,36.75,36.75
14/07/2024 05:00:00 - 14/07/2024 06:00:00,SCA|NO2,mFRR,Not Specified,Not Specified,MARGINAL,35.12,35.12
14/07/2024 06:00:00 - 14/07/2024 07:00:00,SCA|NO2,mFRR,Not Specified,Not Specified,MARGINAL,27.77,27.77
14/07/2024 07:00:00 - 14/07/2024 08:00:00,SCA|NO2,mFRR,Not Specified,Not Specified,MARGINAL,17.58,17.58
14/07/2024 08:00:00 - 14/07/2024 09:00:00,SCA|NO2,mFRR,Not Specified,Not Specified,MARGINAL,0.29,-2.0
14/07/2024 09:00:00 - 14/07/2024 10:00:00,SCA|NO2,mFRR,Not Specified,Not Specified,MARGINAL,-2.29,-5.5
14/07/2024 10:00:00 - 14/07/2024 11:00:00,SCA|NO2,mFRR,Not Specified,Not Specified,MARGINAL,-3.02,-5.76
14/07/2024 11:00:00 - 14/07/2024 12:00:00,SCA|NO2,mFRR,Not Specified,Not Specified,MARGINAL,-3.4,-5.0
14/07/2024 12:00:00 - 14/07/2024 13:00:00,SCA|NO2,mFRR,Not Specified,Not Specified,MARGINAL,-4.22,-4.22
14/07/2024 13:00:00 - 14/07/2024 14:00:00,SCA|NO2,mFRR,Not Specified,Not Specified,MARGINAL,-5.16,-5.16
14/07/2024 14:00:00 - 14/07/2024 15:00:00,SCA|NO2,mFRR,Not Specified,Not Specified,MARGINAL,-6.41,-6.41
14/07/2024 15:00:00 - 14/07/2024 16:00:00,SCA|NO2,mFRR,Not Specified,Not Specified,MARGINAL,-4.78,-5.0
14/07/2024 16:00:00 - 14/07/2024 17:00:00,SCA|NO2,mFRR,Not Specified,Not Specified,MARGINAL,7.65,7.65
14/07/2024 17:00:00 - 14/07/2024 18:00:00,SCA|NO2,mFRR,Not Specified,Not Specified,MARGINAL,24.47,24.47
14/07/2024 18:00:00 - 14/07/2024 19:00:00,SCA|NO2,mFRR,Not Specified,Not Specified,MARGINAL,32.95,19.24
14/07/2024 19:00:00 - 14/07/2024 20:00:00,SCA|NO2,mFRR,Not Specified,Not Specified,MARGINAL,38.56,38.56
14/07/2024 20:00:00 - 14/07/2024 21:00:00,SCA|NO2,mFRR,Not Specified,Not Specified,MARGINAL,39.0,39.0
14/07/2024 21:00:00 - 14/07/2024 22:00:00,SCA|NO2,mFRR,Not Specified,Not Specified,MARGINAL,38.99,38.99
14/07/2024 22:00:00 - 14/07/2024 23:00:00,SCA|NO2,mFRR,Not Specified,Not Specified,MARGINAL,38.16,38.16
14/07/2024 23:00:00 - 15/07/2024 00:00:00,SCA|NO2,mFRR,Not Specified,Not Specified,MARGINAL,37.96,30.0
15/07/2024 00:00:00 - 15/07/2024 01:00:00,SCA|NO2,mFRR,Not Specified,Not Specified,MARGINAL,38.06,30.0
15/07/2024 01:00:00 - 15/07/2024 02:00:00,SCA|NO2,mFRR,Not Specified,Not Specified,MARGINAL,37.91,30.0
15/07/2024 02:00:00 - 15/07/2024 03:00:00,SCA|NO2,mFRR,Not Specified,Not Specified,MARGINAL,37.6,37.6
15/07/2024 03:00:00 - 15/07/2024 04:00:00,SCA|NO2,mFRR,Not Specified,Not Specified,MARGINAL,37.55,37.55
15/07/2024 04:00:00 - 15/07/2024 05:00:00,SCA|NO2,mFRR,Not Specified,Not Specified,MARGINAL,37.42,37.42
15/07/2024 05:00:00 - 15/07/2024 06:00:00,SCA|NO2,mFRR,Not Specified,Not Specified,MARGINAL,37.98,37.98
15/07/2024 06:00:00 - 15/07/2024 07:00:00,SCA|NO2,mFRR,Not Specified,Not Specified,MARGINAL,39.12,39.12
15/07/2024 07:00:00 - 15/07/2024 08:00:00,SCA|NO2,mFRR,Not Specified,Not Specified,MARGINAL,37.11,20.0
15/07/2024 08:00:00 - 15/07/2024 09:00:00,SCA|NO2,mFRR,Not Specified,Not Specified,MARGINAL,38.79,20.0
15/07/2024 09:00:00 - 15/07/2024 10:00:00,SCA|NO2,mFRR,Not Specified,Not Specified,MARGINAL,37.06,28.0
15/07/2024 10:00:00 - 15/07/2024 11:00:00,SCA|NO2,mFRR,Not Specified,Not Specified,MARGINAL,31.62,20.0
15/07/2024 11:00:00 - 15/07/2024 12:00:00,SCA|NO2,mFRR,Not Specified,Not Specified,MARGINAL,21.29,10.0
15/07/2024 12:00:00 - 15/07/2024 13:00:00,SCA|NO2,mFRR,Not Specified,Not Specified,MARGINAL,15.87,9.0
15/07/2024 13:00:00 - 15/07/2024 14:00:00,SCA|NO2,mFRR,Not Specified,Not Specified,MARGINAL,10.0,10.0
15/07/2024 14:00:00 - 15/07/2024 15:00:00,SCA|NO2,mFRR,Not Specified,Not Specified,MARGINAL,18.39,18.39
15/07/2024 15:00:00 - 15/07/2024 16:00:00,SCA|NO2,mFRR,Not Specified,Not Specified,MARGINAL,26.61,25.99
15/07/2024 16:00:00 - 15/07/2024 17:00:00,SCA|NO2,mFRR,Not Specified,Not Specified,MARGINAL,32.98,32.98
15/07/2024 17:00:00 - 15/07/2024 18:00:00,SCA|NO2,mFRR,Not Specified,Not Specified,MARGINAL,48.0,38.92
15/07/2024 18:00:00 - 15/07/2024 19:00:00,SCA|NO2,mFRR,Not Specified,Not Specified,MARGINAL,45.0,45.0
15/07/2024 19:00:00 - 15/07/2024 20:00:00,SCA|NO2,mFRR,Not Specified,Not Specified,MARGINAL,46.9,46.9
15/07/2024 20:00:00 - 15/07/2024 21:00:00,SCA|NO2,mFRR,Not Specified,Not Specified,MARGINAL,47.11,47.11
15/07/2024 21:00:00 - 15/07/2024 22:00:00,SCA|NO2,mFRR,Not Specified,Not Specified,MARGINAL,44.99,44.99
15/07/2024 22:00:00 - 15/07/2024 23:00:00,SCA|NO2,mFRR,Not Specified,Not Specified,MARGINAL,42.91,42.91
15/07/2024 23:00:00 - 16/07/2024 00:00:00,SCA|NO2,mFRR,Not Specified,Not Specified,MARGINAL,42.66,42.66
16/07/2024 00:00:00 - 16/07/2024 01:00:00,SCA|NO2,mFRR,Not Specified,Not Specified,MARGINAL,39.73,39.73
16/07/2024 01:00:00 - 16/07/2024 02:00:00,SCA|NO2,mFRR,Not Specified,Not Specified,MARGINAL,39.15,39.15
16/07/2024 02:00:00 - 16/07/2024 03:00:00,SCA|NO2,mFRR,Not Specified,Not Specified,MARGINAL,38.28,38.28
16/07/2024 03:00:00 - 16/07/2024 04:00:00,SCA|NO2,mFRR,Not Specified,Not Specified,MARGINAL,35.68,35.68
16/07/2024 04:00:00 - 16/07/2024 05:00:00,SCA|NO2,mFRR,Not Specified,Not Specified,MARGINAL,36.92,36.92
16/07/2024 05:00:00 - 16/07/2024 06:00:00,SCA|NO2,mFRR,Not Specified,Not Specified,MARGINAL,37.96,37.96
16/07/2024 06:00:00 - 16/07/2024 07:00:00,SCA|NO2,mFRR,Not Specified,Not Specified,MARGINAL,38.19,38.19
16/07/2024 07:00:00 - 16/07/2024 08:00:00,SCA|NO2,mFRR,Not Specified,Not Specified,MARGINAL,37.76,37.76
16/07/2024 08:00:00 - 16/07/2024 09:00:00,SCA|NO2,mFRR,Not Specified,Not Specified,MARGINAL,38.06,38.06
16/07/2024 09:00:00 - 16/07/2024 10:00:00,SCA|NO2,mFRR,Not Specified,Not Specified,MARGINAL,32.46,32.46
16/07/2024 10:00:00 - 16/07/2024 11:00:00,SCA|NO2,mFRR,Not Specified,Not Specified,MARGINAL,29.39,29.39
16/07/2024 11:00:00 - 16/07/2024 12:00:00,SCA|NO2,mFRR,Not Specified,Not Specified,MARGINAL,21.26,21.26
16/07/2024 12:00:00 - 16/07/2024 13:00:00,SCA|NO2,mFRR,Not Specified,Not Specified,MARGINAL,28.54,15.84
16/07/2024 13:00:00 - 16/07/2024 14:00:00,SCA|NO2,mFRR,Not Specified,Not Specified,MARGINAL,24.0,13.59
16/07/2024 14:00:00 - 16/07/2024 15:00:00,SCA|NO2,mFRR,Not Specified,Not Specified,MARGINAL,14.05,14.05
16/07/2024 15:00:00 - 16/07/2024 16:00:00,SCA|NO2,mFRR,Not Specified,Not Specified,MARGINAL,19.11,19.11
16/07/2024 16:00:00 - 16/07/2024 17:00:00,SCA|NO2,mFRR,Not Specified,Not Specified,MARGINAL,23.82,23.82
16/07/2024 17:00:00 - 16/07/2024 18:00:00,SCA|NO2,mFRR,Not Specified,Not Specified,MARGINAL,29.3,29.3
16/07/2024 18:00:00 - 16/07/2024 19:00:00,SCA|NO2,mFRR,Not Specified,Not Specified,MARGINAL,34.91,34.91
16/07/2024 19:00:00 - 16/07/2024 20:00:00,SCA|NO2,mFRR,Not Specified,Not Specified,MARGINAL,40.76,40.76
16/07/2024 20:00:00 - 16/07/2024 21:00:00,SCA|NO2,mFRR,Not Specified,Not Specified,MARGINAL,42.32,40.18
16/07/2024 21:00:00 - 16/07/2024 22:00:00,SCA|NO2,mFRR,Not Specified,Not Specified,MARGINAL,40.7,40.7
16/07/2024 22:00:00 - 16/07/2024 23:00:00,SCA|NO2,mFRR,Not Specified,Not Specified,MARGINAL,38.6,38.6
16/07/2024 23:00:00 - 17/07/2024 00:00:00,SCA|NO2,mFRR,Not Specified,Not Specified,MARGINAL,38.14,38.14
17/07/2024 00:00:00 - 17/07/2024 01:00:00,SCA|NO2,mFRR,Not Specified,Not Specified,MARGINAL,39.6,39.6
17/07/2024 01:00:00 - 17/07/2024 02:00:00,SCA|NO2,mFRR,Not Specified,Not Specified,MARGINAL,38.92,26.8
17/07/2024 02:00:00 - 17/07/2024 03:00:00,SCA|NO2,mFRR,Not Specified,Not Specified,MARGINAL,38.23,26.5
17/07/2024 03:00:00 - 17/07/2024 04:00:00,SCA|NO2,mFRR,Not Specified,Not Specified,MARGINAL,37.65,25.5
17/07/2024 04:00:00 - 17/07/2024 05:00:00,SCA|NO2,mFRR,Not Specified,Not Specified,MARGINAL,37.17,37.17
17/07/2024 05:00:00 - 17/07/2024 06:00:00,SCA|NO2,mFRR,Not Specified,Not Specified,MARGINAL,37.96,28.0
17/07/2024 06:00:00 - 17/07/2024 07:00:00,SCA|NO2,mFRR,Not Specified,Not Specified,MARGINAL,38.25,19.5
17/07/2024 07:00:00 - 17/07/2024 08:00:00,SCA|NO2,mFRR,Not Specified,Not Specified,MARGINAL,36.97,18.5
17/07/2024 08:00:00 - 17/07/2024 09:00:00,SCA|NO2,mFRR,Not Specified,Not Specified,MARGINAL,37.7,21.0
17/07/2024 09:00:00 - 17/07/2024 10:00:00,SCA|NO2,mFRR,Not Specified,Not Specified,MARGINAL,37.85,28.0
17/07/2024 10:00:00 - 17/07/2024 11:00:00,SCA|NO2,mFRR,Not Specified,Not Specified,MARGINAL,39.49,39.49
17/07/2024 11:00:00 - 17/07/2024 12:00:00,SCA|NO2,mFRR,Not Specified,Not Specified,MARGINAL,38.86,38.86
17/07/2024 12:00:00 - 17/07/2024 13:00:00,SCA|NO2,mFRR,Not Specified,Not Specified,MARGINAL,31.8,31.8
17/07/2024 13:00:00 - 17/07/2024 14:00:00,SCA|NO2,mFRR,Not Specified,Not Specified,MARGINAL,23.95,23.95
17/07/2024 14:00:00 - 17/07/2024 15:00:00,SCA|NO2,mFRR,Not Specified,Not Specified,MARGINAL,26.5,12.28
17/07/2024 15:00:00 - 17/07/2024 16:00:00,SCA|NO2,mFRR,Not Specified,Not Specified,MARGINAL,24.95,24.95
17/07/2024 16:00:00 - 17/07/2024 17:00:00,SCA|NO2,mFRR,Not Specified,Not Specified,MARGINAL,31.74,19.0
17/07/2024 17:00:00 - 17/07/2024 18:00:00,SCA|NO2,mFRR,Not Specified,Not Specified,MARGINAL,37.97,19.0
17/07/2024 18:00:00 - 17/07/2024 19:00:00,SCA|NO2,mFRR,Not Specified,Not Specified,MARGINAL,36.37,16.0
17/07/2024 19:00:00 - 17/07/2024 20:00:00,SCA|NO2,mFRR,Not Specified,Not Specified,MARGINAL,36.77,16.0
17/07/2024 20:00:00 - 17/07/2024 21:00:00,SCA|NO2,mFRR,Not Specified,Not Specified,MARGINAL,38.73,18.0
17/07/2024 21:00:00 - 17/07/2024 22:00:00,SCA|NO2,mFRR,Not Specified,Not Specified,MARGINAL,39.14,20.0
17/07/2024 22:00:00 - 17/07/2024 23:00:00,SCA|NO2,mFRR,Not Specified,Not Specified,MARGINAL,38.56,20.0
17/07/2024 23:00:00 - 18/07/2024 00:00:00,SCA|NO2,mFRR,Not Specified,Not Specified,MARGINAL,38.52,28.0
18/07/2024 00:00:00 - 18/07/2024 01:00:00,SCA|NO2,mFRR,Not Specified,Not Specified,MARGINAL,35.7,22.5
18/07/2024 01:00:00 - 18/07/2024 02:00:00,SCA|NO2,mFRR,Not Specified,Not Specified,MARGINAL,35.28,35.28
18/07/2024 02:00:00 - 18/07/2024 03:00:00,SCA|NO2,mFRR,Not Specified,Not Specified,MARGINAL,35.04,35.04
18/07/2024 03:00:00 - 18/07/2024 04:00:00,SCA|NO2,mFRR,Not Specified,Not Specified,MARGINAL,35.0,35.0
18/07/2024 04:00:00 - 18/07/2024 05:00:00,SCA|NO2,mFRR,Not Specified,Not Specified,MARGINAL,35.07,35.07
18/07/2024 05:00:00 - 18/07/2024 06:00:00,SCA|NO2,mFRR,Not Specified,Not Specified,MARGINAL,35.97,35.97
18/07/2024 06:00:00 - 18/07/2024 07:00:00,SCA|NO2,mFRR,Not Specified,Not Specified,MARGINAL,37.3,37.3
18/07/2024 07:00:00 - 18/07/2024 08:00:00,SCA|NO2,mFRR,Not Specified,Not Specified,MARGINAL,37.12,37.12
18/07/2024 08:00:00 - 18/07/2024 09:00:00,SCA|NO2,mFRR,Not Specified,Not Specified,MARGINAL,37.12,37.12
18/07/2024 09:00:00 - 18/07/2024 10:00:00,SCA|NO2,mFRR,Not Specified,Not Specified,MARGINAL,35.9,16.0
18/07/2024 10:00:00 - 18/07/2024 11:00:00,SCA|NO2,mFRR,Not Specified,Not Specified,MARGINAL,35.24,17.0
18/07/2024 11:00:00 - 18/07/2024 12:00:00,SCA|NO2,mFRR,Not Specified,Not Specified,MARGINAL,33.0,19.0
18/07/2024 12:00:00 - 18/07/2024 13:00:00,SCA|NO2,mFRR,Not Specified,Not Specified,MARGINAL,32.96,14.1
18/07/2024 13:00:00 - 18/07/2024 14:00:00,SCA|NO2,mFRR,Not Specified,Not Specified,MARGINAL,32.91,2.0
18/07/2024 14:00:00 - 18/07/2024 15:00:00,SCA|NO2,mFRR,Not Specified,Not Specified,MARGINAL,33.11,2.0
18/07/2024 15:00:00 - 18/07/2024 16:00:00,SCA|NO2,mFRR,Not Specified,Not Specified,MARGINAL,33.96,10.0
18/07/2024 16:00:00 - 18/07/2024 17:00:00,SCA|NO2,mFRR,Not Specified,Not Specified,MARGINAL,34.98,34.98
18/07/2024 17:00:00 - 18/07/2024 18:00:00,SCA|NO2,mFRR,Not Specified,Not Specified,MARGINAL,43.62,43.62
18/07/2024 18:00:00 - 18/07/2024 19:00:00,SCA|NO2,mFRR,Not Specified,Not Specified,MARGINAL,43.56,43.56
18/07/2024 19:00:00 - 18/07/2024 20:00:00,SCA|NO2,mFRR,Not Specified,Not Specified,MARGINAL,41.59,41.59
18/07/2024 20:00:00 - 18/07/2024 21:00:00,SCA|NO2,mFRR,Not Specified,Not Specified,MARGINAL,41.38,41.38
18/07/2024 21:00:00 - 18/07/2024 22:00:00,SCA|NO2,mFRR,Not Specified,Not Specified,MARGINAL,40.96,40.96
18/07/2024 22:00:00 - 18/07/2024 23:00:00,SCA|NO2,mFRR,Not Specified,Not Specified,MARGINAL,40.77,40.77
18/07/2024 23:00:00 - 19/07/2024 00:00:00,SCA|NO2,mFRR,Not Specified,Not Specified,MARGINAL,40.24,40.24
19/07/2024 00:00:00 - 19/07/2024 01:00:00,SCA|NO2,mFRR,Not Specified,Not Specified,MARGINAL,37.4,37.4
19/07/2024 01:00:00 - 19/07/2024 02:00:00,SCA|NO2,mFRR,Not Specified,Not Specified,MARGINAL,37.08,37.08
19/07/2024 02:00:00 - 19/07/2024 03:00:00,SCA|NO2,mFRR,Not Specified,Not Specified,MARGINAL,36.95,36.95
19/07/2024 03:00:00 - 19/07/2024 04:00:00,SCA|NO2,mFRR,Not Specified,Not Specified,MARGINAL,36.98,36.98
19/07/2024 04:00:00 - 19/07/2024 05:00:00,SCA|NO2,mFRR,Not Specified,Not Specified,MARGINAL,37.01,37.01
19/07/2024 05:00:00 - 19/07/2024 06:00:00,SCA|NO2,mFRR,Not Specified,Not Specified,MARGINAL,37.97,37.97
19/07/2024 06:00:00 - 19/07/2024 07:00:00,SCA|NO2,mFRR,Not Specified,Not Specified,MARGINAL,38.67,38.67
19/07/2024 07:00:00 - 19/07/2024 08:00:00,SCA|NO2,mFRR,Not Specified,Not Specified,MARGINAL,40.23,40.23
19/07/2024 08:00:00 - 19/07/2024 09:00:00,SCA|NO2,mFRR,Not Specified,Not Specified,MARGINAL,38.41,24.0
19/07/2024 09:00:00 - 19/07/2024 10:00:00,SCA|NO2,mFRR,Not Specified,Not Specified,MARGINAL,37.59,23.46
19/07/2024 10:00:00 - 19/07/2024 11:00:00,SCA|NO2,mFRR,Not Specified,Not Specified,MARGINAL,36.98,20.0
19/07/2024 11:00:00 - 19/07/2024 12:00:00,SCA|NO2,mFRR,Not Specified,Not Specified,MARGINAL,40.3,20.0
19/07/2024 12:00:00 - 19/07/2024 13:00:00,SCA|NO2,mFRR,Not Specified,Not Specified,MARGINAL,40.84,21.96
19/07/2024 13:00:00 - 19/07/2024 14:00:00,SCA|NO2,mFRR,Not Specified,Not Specified,MARGINAL,35.44,17.0
19/07/2024 14:00:00 - 19/07/2024 15:00:00,SCA|NO2,mFRR,Not Specified,Not Specified,MARGINAL,35.15,15.5
19/07/2024 15:00:00 - 19/07/2024 16:00:00,SCA|NO2,mFRR,Not Specified,Not Specified,MARGINAL,41.14,24.0
19/07/2024 16:00:00 - 19/07/2024 17:00:00,SCA|NO2,mFRR,Not Specified,Not Specified,MARGINAL,41.75,24.0
19/07/2024 17:00:00 - 19/07/2024 18:00:00,SCA|NO2,mFRR,Not Specified,Not Specified,MARGINAL,45.71,24.0
19/07/2024 18:00:00 - 19/07/2024 19:00:00,SCA|NO2,mFRR,Not Specified,Not Specified,MARGINAL,44.76,30.5
19/07/2024 19:00:00 - 19/07/2024 20:00:00,SCA|NO2,mFRR,Not Specified,Not Specified,MARGINAL,41.97,30.5
19/07/2024 20:00:00 - 19/07/2024 21:00:00,SCA|NO2,mFRR,Not Specified,Not Specified,MARGINAL,41.26,41.26
19/07/2024 21:00:00 - 19/07/2024 22:00:00,SCA|NO2,mFRR,Not Specified,Not Specified,MARGINAL,40.77,40.77
19/07/2024 22:00:00 - 19/07/2024 23:00:00,SCA|NO2,mFRR,Not Specified,Not Specified,MARGINAL,40.22,40.22
19/07/2024 23:00:00 - 20/07/2024 00:00:00,SCA|NO2,mFRR,Not Specified,Not Specified,MARGINAL,36.11,36.11
20/07/2024 00:00:00 - 20/07/2024 01:00:00,SCA|NO2,mFRR,Not Specified,Not Specified,MARGINAL,38.44,38.44
20/07/2024 01:00:00 - 20/07/2024 02:00:00,SCA|NO2,mFRR,Not Specified,Not Specified,MARGINAL,38.31,38.31
20/07/2024 02:00:00 - 20/07/2024 03:00:00,SCA|NO2,mFRR,Not Specified,Not Specified,MARGINAL,34.95,34.95
20/07/2024 03:00:00 - 20/07/2024 04:00:00,SCA|NO2,mFRR,Not Specified,Not Specified,MARGINAL,37.5,37.5
20/07/2024 04:00:00 - 20/07/2024 05:00:00,SCA|NO2,mFRR,Not Specified,Not Specified,MARGINAL,37.6,37.6
20/07/2024 05:00:00 - 20/07/2024 06:00:00,SCA|NO2,mFRR,Not Specified,Not Specified,MARGINAL,37.96,37.96
20/07/2024 06:00:00 - 20/07/2024 07:00:00,SCA|NO2,mFRR,Not Specified,Not Specified,MARGINAL,38.68,38.68
20/07/2024 07:00:00 - 20/07/2024 08:00:00,SCA|NO2,mFRR,Not Specified,Not Specified,MARGINAL,36.43,36.43
20/07/2024 08:00:00 - 20/07/2024 09:00:00,SCA|NO2,mFRR,Not Specified,Not Specified,MARGINAL,36.93,36.93
20/07/2024 09:00:00 - 20/07/2024 10:00:00,SCA|NO2,mFRR,Not Specified,Not Specified,MARGINAL,32.93,32.93
20/07/2024 10:00:00 - 20/07/2024 11:00:00,SCA|NO2,mFRR,Not Specified,Not Specified,MARGINAL,23.52,23.52
20/07/2024 11:00:00 - 20/07/2024 12:00:00,SCA|NO2,mFRR,Not Specified,Not Specified,MARGINAL,11.71,11.71
20/07/2024 12:00:00 - 20/07/2024 13:00:00,SCA|NO2,mFRR,Not Specified,Not Specified,MARGINAL,1.37,0.0
20/07/2024 13:00:00 - 20/07/2024 14:00:00,SCA|NO2,mFRR,Not Specified,Not Specified,MARGINAL,0.02,-3.0
20/07/2024 14:00:00 - 20/07/2024 15:00:00,SCA|NO2,mFRR,Not Specified,Not Specified,MARGINAL,0.44,-3.0
20/07/2024 15:00:00 - 20/07/2024 16:00:00,SCA|NO2,mFRR,Not Specified,Not Specified,MARGINAL,10.6,-3.0
20/07/2024 16:00:00 - 20/07/2024 17:00:00,SCA|NO2,mFRR,Not Specified,Not Specified,MARGINAL,22.47,0.0
20/07/2024 17:00:00 - 20/07/2024 18:00:00,SCA|NO2,mFRR,Not Specified,Not Specified,MARGINAL,31.36,16.5
20/07/2024 18:00:00 - 20/07/2024 19:00:00,SCA|NO2,mFRR,Not Specified,Not Specified,MARGINAL,38.85,38.85
20/07/2024 19:00:00 - 20/07/2024 20:00:00,SCA|NO2,mFRR,Not Specified,Not Specified,MARGINAL,37.87,37.87
20/07/2024 20:00:00 - 20/07/2024 21:00:00,SCA|NO2,mFRR,Not Specified,Not Specified,MARGINAL,37.03,37.03
20/07/2024 21:00:00 - 20/07/2024 22:00:00,SCA|NO2,mFRR,Not Specified,Not Specified,MARGINAL,36.4,36.4
20/07/2024 22:00:00 - 20/07/2024 23:00:00,SCA|NO2,mFRR,Not Specified,Not Specified,MARGINAL,34.96,34.96
20/07/2024 23:00:00 - 21/07/2024 00:00:00,SCA|NO2,mFRR,Not Specified,Not Specified,MARGINAL,33.98,33.98
21/07/2024 00:00:00 - 21/07/2024 01:00:00,SCA|NO2,mFRR,Not Specified,Not Specified,MARGINAL,33.95,33.95
21/07/2024 01:00:00 - 21/07/2024 02:00:00,SCA|NO2,mFRR,Not Specified,Not Specified,MARGINAL,33.86,33.86
21/07/2024 02:00:00 - 21/07/2024 03:00:00,SCA|NO2,mFRR,Not Specified,Not Specified,MARGINAL,32.97,32.97
21/07/2024 03:00:00 - 21/07/2024 04:00:00,SCA|NO2,mFRR,Not Specified,Not Specified,MARGINAL,32.93,32.93
21/07/2024 04:00:00 - 21/07/2024 05:00:00,SCA|NO2,mFRR,Not Specified,Not Specified,MARGINAL,32.97,32.97
21/07/2024 05:00:00 - 21/07/2024 06:00:00,SCA|NO2,mFRR,Not Specified,Not Specified,MARGINAL,32.97,32.97
21/07/2024 06:00:00 - 21/07/2024 07:00:00,SCA|NO2,mFRR,Not Specified,Not Specified,MARGINAL,32.93,32.93
21/07/2024 07:00:00 - 21/07/2024 08:00:00,SCA|NO2,mFRR,Not Specified,Not Specified,MARGINAL,33.96,33.96
21/07/2024 08:00:00 - 21/07/2024 09:00:00,SCA|NO2,mFRR,Not Specified,Not Specified,MARGINAL,28.97,28.97
21/07/2024 09:00:00 - 21/07/2024 10:00:00,SCA|NO2,mFRR,Not Specified,Not Specified,MARGINAL,20.43,20.43
21/07/2024 10:00:00 - 21/07/2024 11:00:00,SCA|NO2,mFRR,Not Specified,Not Specified,MARGINAL,9.93,3.0
21/07/2024 11:00:00 - 21/07/2024 12:00:00,SCA|NO2,mFRR,Not Specified,Not Specified,MARGINAL,0.62,-1.0
21/07/2024 12:00:00 - 21/07/2024 13:00:00,SCA|NO2,mFRR,Not Specified,Not Specified,MARGINAL,0.02,-0.48
21/07/2024 13:00:00 - 21/07/2024 14:00:00,SCA|NO2,mFRR,Not Specified,Not Specified,MARGINAL,-0.06,-0.06
21/07/2024 14:00:00 - 21/07/2024 15:00:00,SCA|NO2,mFRR,Not Specified,Not Specified,MARGINAL,2.03,2.03
21/07/2024 15:00:00 - 21/07/2024 16:00:00,SCA|NO2,mFRR,Not Specified,Not Specified,MARGINAL,15.71,2.5
21/07/2024 16:00:00 - 21/07/2024 17:00:00,SCA|NO2,mFRR,Not Specified,Not Specified,MARGINAL,26.62,16.0
21/07/2024 17:00:00 - 21/07/2024 18:00:00,SCA|NO2,mFRR,Not Specified,Not Specified,MARGINAL,35.07,35.07
21/07/2024 18:00:00 - 21/07/2024 19:00:00,SCA|NO2,mFRR,Not Specified,Not Specified,MARGINAL,44.05,44.05
21/07/2024 19:00:00 - 21/07/2024 20:00:00,SCA|NO2,mFRR,Not Specified,Not Specified,MARGINAL,43.66,43.66
21/07/2024 20:00:00 - 21/07/2024 21:00:00,SCA|NO2,mFRR,Not Specified,Not Specified,MARGINAL,43.94,43.94
21/07/2024 21:00:00 - 21/07/2024 22:00:00,SCA|NO2,mFRR,Not Specified,Not Specified,MARGINAL,44.28,44.28
21/07/2024 22:00:00 - 21/07/2024 23:00:00,SCA|NO2,mFRR,Not Specified,Not Specified,MARGINAL,41.07,41.07
21/07/2024 23:00:00 - 22/07/2024 00:00:00,SCA|NO2,mFRR,Not Specified,Not Specified,MARGINAL,42.18,28.0
22/07/2024 00:00:00 - 22/07/2024 01:00:00,SCA|NO2,mFRR,Not Specified,Not Specified,MARGINAL,41.64,28.0
22/07/2024 01:00:00 - 22/07/2024 02:00:00,SCA|NO2,mFRR,Not Specified,Not Specified,MARGINAL,40.78,28.0
22/07/2024 02:00:00 - 22/07/2024 03:00:00,SCA|NO2,mFRR,Not Specified,Not Specified,MARGINAL,40.5,28.0
22/07/2024 03:00:00 - 22/07/2024 04:00:00,SCA|NO2,mFRR,Not Specified,Not Specified,MARGINAL,39.41,39.41
22/07/2024 04:00:00 - 22/07/2024 05:00:00,SCA|NO2,mFRR,Not Specified,Not Specified,MARGINAL,38.81,38.81
22/07/2024 05:00:00 - 22/07/2024 06:00:00,SCA|NO2,mFRR,Not Specified,Not Specified,MARGINAL,38.84,25.0
22/07/2024 06:00:00 - 22/07/2024 07:00:00,SCA|NO2,mFRR,Not Specified,Not Specified,MARGINAL,39.25,25.0
22/07/2024 07:00:00 - 22/07/2024 08:00:00,SCA|NO2,mFRR,Not Specified,Not Specified,MARGINAL,38.85,20.0
22/07/2024 08:00:00 - 22/07/2024 09:00:00,SCA|NO2,mFRR,Not Specified,Not Specified,MARGINAL,39.34,21.0
22/07/2024 09:00:00 - 22/07/2024 10:00:00,SCA|NO2,mFRR,Not Specified,Not Specified,MARGINAL,40.24,23.0
22/07/2024 10:00:00 - 22/07/2024 11:00:00,SCA|NO2,mFRR,Not Specified,Not Specified,MARGINAL,38.86,23.46
22/07/2024 11:00:00 - 22/07/2024 12:00:00,SCA|NO2,mFRR,Not Specified,Not Specified,MARGINAL,34.14,34.14
22/07/2024 12:00:00 - 22/07/2024 13:00:00,SCA|NO2,mFRR,Not Specified,Not Specified,MARGINAL,29.97,29.97
22/07/2024 13:00:00 - 22/07/2024 14:00:00,SCA|NO2,mFRR,Not Specified,Not Specified,MARGINAL,25.58,16.0
22/07/2024 14:00:00 - 22/07/2024 15:00:00,SCA|NO2,mFRR,Not Specified,Not Specified,MARGINAL,19.41,2.0
22/07/2024 15:00:00 - 22/07/2024 16:00:00,SCA|NO2,mFRR,Not Specified,Not Specified,MARGINAL,23.3,2.0
22/07/2024 16:00:00 - 22/07/2024 17:00:00,SCA|NO2,mFRR,Not Specified,Not Specified,MARGINAL,35.62,18.0
22/07/2024 17:00:00 - 22/07/2024 18:00:00,SCA|NO2,mFRR,Not Specified,Not Specified,MARGINAL,40.22,19.0
22/07/2024 18:00:00 - 22/07/2024 19:00:00,SCA|NO2,mFRR,Not Specified,Not Specified,MARGINAL,43.1,20.5
22/07/2024 19:00:00 - 22/07/2024 20:00:00,SCA|NO2,mFRR,Not Specified,Not Specified,MARGINAL,44.95,28.0
22/07/2024 20:00:00 - 22/07/2024 21:00:00,SCA|NO2,mFRR,Not Specified,Not Specified,MARGINAL,45.75,45.75
22/07/2024 21:00:00 - 22/07/2024 22:00:00,SCA|NO2,mFRR,Not Specified,Not Specified,MARGINAL,47.35,47.35
22/07/2024 22:00:00 - 22/07/2024 23:00:00,SCA|NO2,mFRR,Not Specified,Not Specified,MARGINAL,46.83,46.83
22/07/2024 23:00:00 - 23/07/2024 00:00:00,SCA|NO2,mFRR,Not Specified,Not Specified,MARGINAL,43.96,43.96
23/07/2024 00:00:00 - 23/07/2024 01:00:00,SCA|NO2,mFRR,Not Specified,Not Specified,MARGINAL,43.16,36.0
23/07/2024 01:00:00 - 23/07/2024 02:00:00,SCA|NO2,mFRR,Not Specified,Not Specified,MARGINAL,42.8,36.0
23/07/2024 02:00:00 - 23/07/2024 03:00:00,SCA|NO2,mFRR,Not Specified,Not Specified,MARGINAL,42.75,36.0
23/07/2024 03:00:00 - 23/07/2024 04:00:00,SCA|NO2,mFRR,Not Specified,Not Specified,MARGINAL,42.71,36.0
23/07/2024 04:00:00 - 23/07/2024 05:00:00,SCA|NO2,mFRR,Not Specified,Not Specified,MARGINAL,42.71,42.71
23/07/2024 05:00:00 - 23/07/2024 06:00:00,SCA|NO2,mFRR,Not Specified,Not Specified,MARGINAL,43.0,43.0
23/07/2024 06:00:00 - 23/07/2024 07:00:00,SCA|NO2,mFRR,Not Specified,Not Specified,MARGINAL,44.05,44.05
23/07/2024 07:00:00 - 23/07/2024 08:00:00,SCA|NO2,mFRR,Not Specified,Not Specified,MARGINAL,44.23,36.0
23/07/2024 08:00:00 - 23/07/2024 09:00:00,SCA|NO2,mFRR,Not Specified,Not Specified,MARGINAL,43.5,43.5
23/07/2024 09:00:00 - 23/07/2024 10:00:00,SCA|NO2,mFRR,Not Specified,Not Specified,MARGINAL,42.64,42.64
23/07/2024 10:00:00 - 23/07/2024 11:00:00,SCA|NO2,mFRR,Not Specified,Not Specified,MARGINAL,41.09,21.54
23/07/2024 11:00:00 - 23/07/2024 12:00:00,SCA|NO2,mFRR,Not Specified,Not Specified,MARGINAL,44.54,21.02
23/07/2024 12:00:00 - 23/07/2024 13:00:00,SCA|NO2,mFRR,Not Specified,Not Specified,MARGINAL,42.08,35.0
23/07/2024 13:00:00 - 23/07/2024 14:00:00,SCA|NO2,mFRR,Not Specified,Not Specified,MARGINAL,37.11,37.11
23/07/2024 14:00:00 - 23/07/2024 15:00:00,SCA|NO2,mFRR,Not Specified,Not Specified,MARGINAL,34.97,34.97
23/07/2024 15:00:00 - 23/07/2024 16:00:00,SCA|NO2,mFRR,Not Specified,Not Specified,MARGINAL,39.36,39.36
23/07/2024 16:00:00 - 23/07/2024 17:00:00,SCA|NO2,mFRR,Not Specified,Not Specified,MARGINAL,41.29,41.29
23/07/2024 17:00:00 - 23/07/2024 18:00:00,SCA|NO2,mFRR,Not Specified,Not Specified,MARGINAL,41.19,41.19
23/07/2024 18:00:00 - 23/07/2024 19:00:00,SCA|NO2,mFRR,Not Specified,Not Specified,MARGINAL,41.33,41.33
23/07/2024 19:00:00 - 23/07/2024 20:00:00,SCA|NO2,mFRR,Not Specified,Not Specified,MARGINAL,41.46,41.46
23/07/2024 20:00:00 - 23/07/2024 21:00:00,SCA|NO2,mFRR,Not Specified,Not Specified,MARGINAL,40.44,40.44
23/07/2024 21:00:00 - 23/07/2024 22:00:00,SCA|NO2,mFRR,Not Specified,Not Specified,MARGINAL,39.58,39.58
23/07/2024 22:00:00 - 23/07/2024 23:00:00,SCA|NO2,mFRR,Not Specified,Not Specified,MARGINAL,37.14,37.14
23/07/2024 23:00:00 - 24/07/2024 00:00:00,SCA|NO2,mFRR,Not Specified,Not Specified,MARGINAL,36.94,19.0
24/07/2024 00:00:00 - 24/07/2024 01:00:00,SCA|NO2,mFRR,Not Specified,Not Specified,MARGINAL,41.0,19.7
24/07/2024 01:00:00 - 24/07/2024 02:00:00,SCA|NO2,mFRR,Not Specified,Not Specified,MARGINAL,41.0,36.02
24/07/2024 02:00:00 - 24/07/2024 03:00:00,SCA|NO2,mFRR,Not Specified,Not Specified,MARGINAL,41.0,35.74
24/07/2024 03:00:00 - 24/07/2024 04:00:00,SCA|NO2,mFRR,Not Specified,Not Specified,MARGINAL,41.0,35.2
24/07/2024 04:00:00 - 24/07/2024 05:00:00,SCA|NO2,mFRR,Not Specified,Not Specified,MARGINAL,41.0,34.99
24/07/2024 05:00:00 - 24/07/2024 06:00:00,SCA|NO2,mFRR,Not Specified,Not Specified,MARGINAL,41.0,35.79
24/07/2024 06:00:00 - 24/07/2024 07:00:00,SCA|NO2,mFRR,Not Specified,Not Specified,MARGINAL,41.0,36.08
24/07/2024 07:00:00 - 24/07/2024 08:00:00,SCA|NO2,mFRR,Not Specified,Not Specified,MARGINAL,36.37,14.0
24/07/2024 08:00:00 - 24/07/2024 09:00:00,SCA|NO2,mFRR,Not Specified,Not Specified,MARGINAL,34.99,14.0
24/07/2024 09:00:00 - 24/07/2024 10:00:00,SCA|NO2,mFRR,Not Specified,Not Specified,MARGINAL,33.71,14.0
24/07/2024 10:00:00 - 24/07/2024 11:00:00,SCA|NO2,mFRR,Not Specified,Not Specified,MARGINAL,28.55,14.5
24/07/2024 11:00:00 - 24/07/2024 12:00:00,SCA|NO2,mFRR,Not Specified,Not Specified,MARGINAL,26.18,20.1
24/07/2024 12:00:00 - 24/07/2024 13:00:00,SCA|NO2,mFRR,Not Specified,Not Specified,MARGINAL,25.11,15.51
24/07/2024 13:00:00 - 24/07/2024 14:00:00,SCA|NO2,mFRR,Not Specified,Not Specified,MARGINAL,5.17,5.17
24/07/2024 14:00:00 - 24/07/2024 15:00:00,SCA|NO2,mFRR,Not Specified,Not Specified,MARGINAL,5.68,1.0
24/07/2024 15:00:00 - 24/07/2024 16:00:00,SCA|NO2,mFRR,Not Specified,Not Specified,MARGINAL,15.29,1.0
24/07/2024 16:00:00 - 24/07/2024 17:00:00,SCA|NO2,mFRR,Not Specified,Not Specified,MARGINAL,25.0,19.45
24/07/2024 17:00:00 - 24/07/2024 18:00:00,SCA|NO2,mFRR,Not Specified,Not Specified,MARGINAL,28.35,17.0
24/07/2024 18:00:00 - 24/07/2024 19:00:00,SCA|NO2,mFRR,Not Specified,Not Specified,MARGINAL,38.98,17.0
24/07/2024 19:00:00 - 24/07/2024 20:00:00,SCA|NO2,mFRR,Not Specified,Not Specified,MARGINAL,42.43,33.0
24/07/2024 20:00:00 - 24/07/2024 21:00:00,SCA|NO2,mFRR,Not Specified,Not Specified,MARGINAL,43.34,33.0
24/07/2024 21:00:00 - 24/07/2024 22:00:00,SCA|NO2,mFRR,Not Specified,Not Specified,MARGINAL,44.37,33.0
24/07/2024 22:00:00 - 24/07/2024 23:00:00,SCA|NO2,mFRR,Not Specified,Not Specified,MARGINAL,43.9,33.0
24/07/2024 23:00:00 - 25/07/2024 00:00:00,SCA|NO2,mFRR,Not Specified,Not Specified,MARGINAL,43.62,43.62
25/07/2024 00:00:00 - 25/07/2024 01:00:00,SCA|NO2,mFRR,Not Specified,Not Specified,MARGINAL,38.89,38.89
25/07/2024 01:00:00 - 25/07/2024 02:00:00,SCA|NO2,mFRR,Not Specified,Not Specified,MARGINAL,39.44,39.44
25/07/2024 02:00:00 - 25/07/2024 03:00:00,SCA|NO2,mFRR,Not Specified,Not Specified,MARGINAL,39.49,39.49
25/07/2024 03:00:00 - 25/07/2024 04:00:00,SCA|NO2,mFRR,Not Specified,Not Specified,MARGINAL,39.98,34.5
25/07/2024 04:00:00 - 25/07/2024 05:00:00,SCA|NO2,mFRR,Not Specified,Not Specified,MARGINAL,40.56,34.5
25/07/2024 05:00:00 - 25/07/2024 06:00:00,SCA|NO2,mFRR,Not Specified,Not Specified,MARGINAL,42.52,34.5
25/07/2024 06:00:00 - 25/07/2024 07:00:00,SCA|NO2,mFRR,Not Specified,Not Specified,MARGINAL,42.87,42.87
25/07/2024 07:00:00 - 25/07/2024 08:00:00,SCA|NO2,mFRR,Not Specified,Not Specified,MARGINAL,42.81,42.81
25/07/2024 08:00:00 - 25/07/2024 09:00:00,SCA|NO2,mFRR,Not Specified,Not Specified,MARGINAL,42.28,33.0
25/07/2024 09:00:00 - 25/07/2024 10:00:00,SCA|NO2,mFRR,Not Specified,Not Specified,MARGINAL,40.76,31.41
25/07/2024 10:00:00 - 25/07/2024 11:00:00,SCA|NO2,mFRR,Not Specified,Not Specified,MARGINAL,40.71,25.0
25/07/2024 11:00:00 - 25/07/2024 12:00:00,SCA|NO2,mFRR,Not Specified,Not Specified,MARGINAL,38.05,17.0
25/07/2024 12:00:00 - 25/07/2024 13:00:00,SCA|NO2,mFRR,Not Specified,Not Specified,MARGINAL,25.07,18.0
25/07/2024 13:00:00 - 25/07/2024 14:00:00,SCA|NO2,mFRR,Not Specified,Not Specified,MARGINAL,17.94,2.0
25/07/2024 14:00:00 - 25/07/2024 15:00:00,SCA|NO2,mFRR,Not Specified,Not Specified,MARGINAL,17.22,2.0
25/07/2024 15:00:00 - 25/07/2024 16:00:00,SCA|NO2,mFRR,Not Specified,Not Specified,MARGINAL,33.36,13.0
25/07/2024 16:00:00 - 25/07/2024 17:00:00,SCA|NO2,mFRR,Not Specified,Not Specified,MARGINAL,40.12,23.45
25/07/2024 17:00:00 - 25/07/2024 18:00:00,SCA|NO2,mFRR,Not Specified,Not Specified,MARGINAL,42.8,42.8
25/07/2024 18:00:00 - 25/07/2024 19:00:00,SCA|NO2,mFRR,Not Specified,Not Specified,MARGINAL,43.27,43.27
25/07/2024 19:00:00 - 25/07/2024 20:00:00,SCA|NO2,mFRR,Not Specified,Not Specified,MARGINAL,43.12,43.12
25/07/2024 20:00:00 - 25/07/2024 21:00:00,SCA|NO2,mFRR,Not Specified,Not Specified,MARGINAL,43.12,43.12
25/07/2024 21:00:00 - 25/07/2024 22:00:00,SCA|NO2,mFRR,Not Specified,Not Specified,MARGINAL,43.14,39.0
25/07/2024 22:00:00 - 25/07/2024 23:00:00,SCA|NO2,mFRR,Not Specified,Not Specified,MARGINAL,42.23,39.0
25/07/2024 23:00:00 - 26/07/2024 00:00:00,SCA|NO2,mFRR,Not Specified,Not Specified,MARGINAL,40.7,33.5
26/07/2024 00:00:00 - 26/07/2024 01:00:00,SCA|NO2,mFRR,Not Specified,Not Specified,MARGINAL,39.46,39.46
26/07/2024 01:00:00 - 26/07/2024 02:00:00,SCA|NO2,mFRR,Not Specified,Not Specified,MARGINAL,38.95,38.95
26/07/2024 02:00:00 - 26/07/2024 03:00:00,SCA|NO2,mFRR,Not Specified,Not Specified,MARGINAL,39.17,25.0
26/07/2024 03:00:00 - 26/07/2024 04:00:00,SCA|NO2,mFRR,Not Specified,Not Specified,MARGINAL,39.41,39.41
26/07/2024 04:00:00 - 26/07/2024 05:00:00,SCA|NO2,mFRR,Not Specified,Not Specified,MARGINAL,39.44,39.44
26/07/2024 05:00:00 - 26/07/2024 06:00:00,SCA|NO2,mFRR,Not Specified,Not Specified,MARGINAL,40.03,40.03
26/07/2024 06:00:00 - 26/07/2024 07:00:00,SCA|NO2,mFRR,Not Specified,Not Specified,MARGINAL,40.18,40.18
26/07/2024 07:00:00 - 26/07/2024 08:00:00,SCA|NO2,mFRR,Not Specified,Not Specified,MARGINAL,42.45,42.45
26/07/2024 08:00:00 - 26/07/2024 09:00:00,SCA|NO2,mFRR,Not Specified,Not Specified,MARGINAL,42.42,38.0
26/07/2024 09:00:00 - 26/07/2024 10:00:00,SCA|NO2,mFRR,Not Specified,Not Specified,MARGINAL,42.17,38.0
26/07/2024 10:00:00 - 26/07/2024 11:00:00,SCA|NO2,mFRR,Not Specified,Not Specified,MARGINAL,41.26,41.26
26/07/2024 11:00:00 - 26/07/2024 12:00:00,SCA|NO2,mFRR,Not Specified,Not Specified,MARGINAL,43.13,43.13
26/07/2024 12:00:00 - 26/07/2024 13:00:00,SCA|NO2,mFRR,Not Specified,Not Specified,MARGINAL,46.35,46.35
26/07/2024 13:00:00 - 26/07/2024 14:00:00,SCA|NO2,mFRR,Not Specified,Not Specified,MARGINAL,49.78,49.78
26/07/2024 14:00:00 - 26/07/2024 15:00:00,SCA|NO2,mFRR,Not Specified,Not Specified,MARGINAL,48.4,48.4
26/07/2024 15:00:00 - 26/07/2024 16:00:00,SCA|NO2,mFRR,Not Specified,Not Specified,MARGINAL,47.84,47.84
26/07/2024 16:00:00 - 26/07/2024 17:00:00,SCA|NO2,mFRR,Not Specified,Not Specified,MARGINAL,46.91,46.91
26/07/2024 17:00:00 - 26/07/2024 18:00:00,SCA|NO2,mFRR,Not Specified,Not Specified,MARGINAL,48.03,48.03
26/07/2024 18:00:00 - 26/07/2024 19:00:00,SCA|NO2,mFRR,Not Specified,Not Specified,MARGINAL,49.28,49.28
26/07/2024 19:00:00 - 26/07/2024 20:00:00,SCA|NO2,mFRR,Not Specified,Not Specified,MARGINAL,49.7,49.7
26/07/2024 20:00:00 - 26/07/2024 21:00:00,SCA|NO2,mFRR,Not Specified,Not Specified,MARGINAL,47.71,47.71
26/07/2024 21:00:00 - 26/07/2024 22:00:00,SCA|NO2,mFRR,Not Specified,Not Specified,MARGINAL,47.69,47.69
26/07/2024 22:00:00 - 26/07/2024 23:00:00,SCA|NO2,mFRR,Not Specified,Not Specified,MARGINAL,47.59,36.5
26/07/2024 23:00:00 - 27/07/2024 00:00:00,SCA|NO2,mFRR,Not Specified,Not Specified,MARGINAL,46.95,36.5
27/07/2024 00:00:00 - 27/07/2024 01:00:00,SCA|NO2,mFRR,Not Specified,Not Specified,MARGINAL,48.94,48.94
27/07/2024 01:00:00 - 27/07/2024 02:00:00,SCA|NO2,mFRR,Not Specified,Not Specified,MARGINAL,48.49,48.49
27/07/2024 02:00:00 - 27/07/2024 03:00:00,SCA|NO2,mFRR,Not Specified,Not Specified,MARGINAL,48.05,48.05
27/07/2024 03:00:00 - 27/07/2024 04:00:00,SCA|NO2,mFRR,Not Specified,Not Specified,MARGINAL,47.67,47.67
27/07/2024 04:00:00 - 27/07/2024 05:00:00,SCA|NO2,mFRR,Not Specified,Not Specified,MARGINAL,47.7,47.7
27/07/2024 05:00:00 - 27/07/2024 06:00:00,SCA|NO2,mFRR,Not Specified,Not Specified,MARGINAL,48.53,48.53
27/07/2024 06:00:00 - 27/07/2024 07:00:00,SCA|NO2,mFRR,Not Specified,Not Specified,MARGINAL,48.75,48.75
27/07/2024 07:00:00 - 27/07/2024 08:00:00,SCA|NO2,mFRR,Not Specified,Not Specified,MARGINAL,49.93,49.93
27/07/2024 08:00:00 - 27/07/2024 09:00:00,SCA|NO2,mFRR,Not Specified,Not Specified,MARGINAL,49.91,49.91
27/07/2024 09:00:00 - 27/07/2024 10:00:00,SCA|NO2,mFRR,Not Specified,Not Specified,MARGINAL,49.99,49.99
27/07/2024 10:00:00 - 27/07/2024 11:00:00,SCA|NO2,mFRR,Not Specified,Not Specified,MARGINAL,48.77,48.77
27/07/2024 11:00:00 - 27/07/2024 12:00:00,SCA|NO2,mFRR,Not Specified,Not Specified,MARGINAL,41.14,41.14
27/07/2024 12:00:00 - 27/07/2024 13:00:00,SCA|NO2,mFRR,Not Specified,Not Specified,MARGINAL,35.0,35.0
27/07/2024 13:00:00 - 27/07/2024 14:00:00,SCA|NO2,mFRR,Not Specified,Not Specified,MARGINAL,18.37,18.37
27/07/2024 14:00:00 - 27/07/2024 15:00:00,SCA|NO2,mFRR,Not Specified,Not Specified,MARGINAL,32.53,32.53
27/07/2024 15:00:00 - 27/07/2024 16:00:00,SCA|NO2,mFRR,Not Specified,Not Specified,MARGINAL,40.0,40.0
27/07/2024 16:00:00 - 27/07/2024 17:00:00,SCA|NO2,mFRR,Not Specified,Not Specified,MARGINAL,45.52,45.52
27/07/2024 17:00:00 - 27/07/2024 18:00:00,SCA|NO2,mFRR,Not Specified,Not Specified,MARGINAL,56.54,56.54
27/07/2024 18:00:00 - 27/07/2024 19:00:00,SCA|NO2,mFRR,Not Specified,Not Specified,MARGINAL,58.15,45.0
27/07/2024 19:00:00 - 27/07/2024 20:00:00,SCA|NO2,mFRR,Not Specified,Not Specified,MARGINAL,55.42,41.5
27/07/2024 20:00:00 - 27/07/2024 21:00:00,SCA|NO2,mFRR,Not Specified,Not Specified,MARGINAL,51.96,41.5
27/07/2024 21:00:00 - 27/07/2024 22:00:00,SCA|NO2,mFRR,Not Specified,Not Specified,MARGINAL,51.93,51.93
27/07/2024 22:00:00 - 27/07/2024 23:00:00,SCA|NO2,mFRR,Not Specified,Not Specified,MARGINAL,49.93,49.93
27/07/2024 23:00:00 - 28/07/2024 00:00:00,SCA|NO2,mFRR,Not Specified,Not Specified,MARGINAL,49.68,49.68
28/07/2024 00:00:00 - 28/07/2024 01:00:00,SCA|NO2,mFRR,Not Specified,Not Specified,MARGINAL,53.17,29.5
28/07/2024 01:00:00 - 28/07/2024 02:00:00,SCA|NO2,mFRR,Not Specified,Not Specified,MARGINAL,50.41,29.5
28/07/2024 02:00:00 - 28/07/2024 03:00:00,SCA|NO2,mFRR,Not Specified,Not Specified,MARGINAL,50.03,26.0
28/07/2024 03:00:00 - 28/07/2024 04:00:00,SCA|NO2,mFRR,Not Specified,Not Specified,MARGINAL,50.0,28.5
28/07/2024 04:00:00 - 28/07/2024 05:00:00,SCA|NO2,mFRR,Not Specified,Not Specified,MARGINAL,49.99,28.5
28/07/2024 05:00:00 - 28/07/2024 06:00:00,SCA|NO2,mFRR,Not Specified,Not Specified,MARGINAL,49.93,28.0
28/07/2024 06:00:00 - 28/07/2024 07:00:00,SCA|NO2,mFRR,Not Specified,Not Specified,MARGINAL,49.87,26.0
28/07/2024 07:00:00 - 28/07/2024 08:00:00,SCA|NO2,mFRR,Not Specified,Not Specified,MARGINAL,44.11,28.5
28/07/2024 08:00:00 - 28/07/2024 09:00:00,SCA|NO2,mFRR,Not Specified,Not Specified,MARGINAL,36.94,36.94
28/07/2024 09:00:00 - 28/07/2024 10:00:00,SCA|NO2,mFRR,Not Specified,Not Specified,MARGINAL,19.01,19.01
28/07/2024 10:00:00 - 28/07/2024 11:00:00,SCA|NO2,mFRR,Not Specified,Not Specified,MARGINAL,0.0,-10.0
28/07/2024 11:00:00 - 28/07/2024 12:00:00,SCA|NO2,mFRR,Not Specified,Not Specified,MARGINAL,-2.43,-16.0
28/07/2024 12:00:00 - 28/07/2024 13:00:00,SCA|NO2,mFRR,Not Specified,Not Specified,MARGINAL,-15.04,-50.0
28/07/2024 13:00:00 - 28/07/2024 14:00:00,SCA|NO2,mFRR,Not Specified,Not Specified,MARGINAL,-29.8,-45.0
28/07/2024 14:00:00 - 28/07/2024 15:00:00,SCA|NO2,mFRR,Not Specified,Not Specified,MARGINAL,-48.69,-49.69
28/07/2024 15:00:00 - 28/07/2024 16:00:00,SCA|NO2,mFRR,Not Specified,Not Specified,MARGINAL,-33.53,-33.8
28/07/2024 16:00:00 - 28/07/2024 17:00:00,SCA|NO2,mFRR,Not Specified,Not Specified,MARGINAL,-5.02,-13.78
28/07/2024 17:00:00 - 28/07/2024 18:00:00,SCA|NO2,mFRR,Not Specified,Not Specified,MARGINAL,18.77,18.77
28/07/2024 18:00:00 - 28/07/2024 19:00:00,SCA|NO2,mFRR,Not Specified,Not Specified,MARGINAL,37.27,37.27
28/07/2024 19:00:00 - 28/07/2024 20:00:00,SCA|NO2,mFRR,Not Specified,Not Specified,MARGINAL,44.14,19.0
28/07/2024 20:00:00 - 28/07/2024 21:00:00,SCA|NO2,mFRR,Not Specified,Not Specified,MARGINAL,45.46,21.5
28/07/2024 21:00:00 - 28/07/2024 22:00:00,SCA|NO2,mFRR,Not Specified,Not Specified,MARGINAL,49.7,49.7
28/07/2024 22:00:00 - 28/07/2024 23:00:00,SCA|NO2,mFRR,Not Specified,Not Specified,MARGINAL,48.15,48.15
28/07/2024 23:00:00 - 29/07/2024 00:00:00,SCA|NO2,mFRR,Not Specified,Not Specified,MARGINAL,47.24,47.24
29/07/2024 00:00:00 - 29/07/2024 01:00:00,SCA|NO2,mFRR,Not Specified,Not Specified,MARGINAL,44.96,44.96
29/07/2024 01:00:00 - 29/07/2024 02:00:00,SCA|NO2,mFRR,Not Specified,Not Specified,MARGINAL,44.41,18.0
29/07/2024 02:00:00 - 29/07/2024 03:00:00,SCA|NO2,mFRR,Not Specified,Not Specified,MARGINAL,44.37,44.37
29/07/2024 03:00:00 - 29/07/2024 04:00:00,SCA|NO2,mFRR,Not Specified,Not Specified,MARGINAL,44.58,28.5
29/07/2024 04:00:00 - 29/07/2024 05:00:00,SCA|NO2,mFRR,Not Specified,Not Specified,MARGINAL,44.98,35.0
29/07/2024 05:00:00 - 29/07/2024 06:00:00,SCA|NO2,mFRR,Not Specified,Not Specified,MARGINAL,46.99,46.99
29/07/2024 06:00:00 - 29/07/2024 07:00:00,SCA|NO2,mFRR,Not Specified,Not Specified,MARGINAL,47.0,47.0
29/07/2024 07:00:00 - 29/07/2024 08:00:00,SCA|NO2,mFRR,Not Specified,Not Specified,MARGINAL,48.46,48.46
29/07/2024 08:00:00 - 29/07/2024 09:00:00,SCA|NO2,mFRR,Not Specified,Not Specified,MARGINAL,50.69,50.69
29/07/2024 09:00:00 - 29/07/2024 10:00:00,SCA|NO2,mFRR,Not Specified,Not Specified,MARGINAL,42.73,17.5
29/07/2024 10:00:00 - 29/07/2024 11:00:00,SCA|NO2,mFRR,Not Specified,Not Specified,MARGINAL,35.81,13.0
29/07/2024 11:00:00 - 29/07/2024 12:00:00,SCA|NO2,mFRR,Not Specified,Not Specified,MARGINAL,20.97,12.0
29/07/2024 12:00:00 - 29/07/2024 13:00:00,SCA|NO2,mFRR,Not Specified,Not Specified,MARGINAL,4.18,0.0
29/07/2024 13:00:00 - 29/07/2024 14:00:00,SCA|NO2,mFRR,Not Specified,Not Specified,MARGINAL,-1.7,-2.0
29/07/2024 14:00:00 - 29/07/2024 15:00:00,SCA|NO2,mFRR,Not Specified,Not Specified,MARGINAL,0.42,-2.0
29/07/2024 15:00:00 - 29/07/2024 16:00:00,SCA|NO2,mFRR,Not Specified,Not Specified,MARGINAL,26.79,13.0
29/07/2024 16:00:00 - 29/07/2024 17:00:00,SCA|NO2,mFRR,Not Specified,Not Specified,MARGINAL,40.97,40.97
29/07/2024 17:00:00 - 29/07/2024 18:00:00,SCA|NO2,mFRR,Not Specified,Not Specified,MARGINAL,44.76,44.76
29/07/2024 18:00:00 - 29/07/2024 19:00:00,SCA|NO2,mFRR,Not Specified,Not Specified,MARGINAL,55.68,46.0
29/07/2024 19:00:00 - 29/07/2024 20:00:00,SCA|NO2,mFRR,Not Specified,Not Specified,MARGINAL,115.89,115.89
29/07/2024 20:00:00 - 29/07/2024 21:00:00,SCA|NO2,mFRR,Not Specified,Not Specified,MARGINAL,64.09,64.09
29/07/2024 21:00:00 - 29/07/2024 22:00:00,SCA|NO2,mFRR,Not Specified,Not Specified,MARGINAL,62.31,62.31
29/07/2024 22:00:00 - 29/07/2024 23:00:00,SCA|NO2,mFRR,Not Specified,Not Specified,MARGINAL,55.22,55.22
29/07/2024 23:00:00 - 30/07/2024 00:00:00,SCA|NO2,mFRR,Not Specified,Not Specified,MARGINAL,52.03,52.03
30/07/2024 00:00:00 - 30/07/2024 01:00:00,SCA|NO2,mFRR,Not Specified,Not Specified,MARGINAL,50.27,50.27
30/07/2024 01:00:00 - 30/07/2024 02:00:00,SCA|NO2,mFRR,Not Specified,Not Specified,MARGINAL,49.98,49.98
30/07/2024 02:00:00 - 30/07/2024 03:00:00,SCA|NO2,mFRR,Not Specified,Not Specified,MARGINAL,49.94,49.94
30/07/2024 03:00:00 - 30/07/2024 04:00:00,SCA|NO2,mFRR,Not Specified,Not Specified,MARGINAL,49.92,49.92
30/07/2024 04:00:00 - 30/07/2024 05:00:00,SCA|NO2,mFRR,Not Specified,Not Specified,MARGINAL,49.64,49.64
30/07/2024 05:00:00 - 30/07/2024 06:00:00,SCA|NO2,mFRR,Not Specified,Not Specified,MARGINAL,49.99,49.99
30/07/2024 06:00:00 - 30/07/2024 07:00:00,SCA|NO2,mFRR,Not Specified,Not Specified,MARGINAL,51.35,51.35
30/07/2024 07:00:00 - 30/07/2024 08:00:00,SCA|NO2,mFRR,Not Specified,Not Specified,MARGINAL,54.31,54.31
30/07/2024 08:00:00 - 30/07/2024 09:00:00,SCA|NO2,mFRR,Not Specified,Not Specified,MARGINAL,50.0,50.0
30/07/2024 09:00:00 - 30/07/2024 10:00:00,SCA|NO2,mFRR,Not Specified,Not Specified,MARGINAL,43.96,43.96
30/07/2024 10:00:00 - 30/07/2024 11:00:00,SCA|NO2,mFRR,Not Specified,Not Specified,MARGINAL,39.93,39.93
30/07/2024 11:00:00 - 30/07/2024 12:00:00,SCA|NO2,mFRR,Not Specified,Not Specified,MARGINAL,27.57,27.57
30/07/2024 12:00:00 - 30/07/2024 13:00:00,SCA|NO2,mFRR,Not Specified,Not Specified,MARGINAL,8.0,1.12
30/07/2024 13:00:00 - 30/07/2024 14:00:00,SCA|NO2,mFRR,Not Specified,Not Specified,MARGINAL,0.01,0.01
30/07/2024 14:00:00 - 30/07/2024 15:00:00,SCA|NO2,mFRR,Not Specified,Not Specified,MARGINAL,19.0,1.0
30/07/2024 15:00:00 - 30/07/2024 16:00:00,SCA|NO2,mFRR,Not Specified,Not Specified,MARGINAL,35.63,35.63
30/07/2024 16:00:00 - 30/07/2024 17:00:00,SCA|NO2,mFRR,Not Specified,Not Specified,MARGINAL,42.52,42.52
30/07/2024 17:00:00 - 30/07/2024 18:00:00,SCA|NO2,mFRR,Not Specified,Not Specified,MARGINAL,49.55,49.55
30/07/2024 18:00:00 - 30/07/2024 19:00:00,SCA|NO2,mFRR,Not Specified,Not Specified,MARGINAL,98.92,98.92
30/07/2024 19:00:00 - 30/07/2024 20:00:00,SCA|NO2,mFRR,Not Specified,Not Specified,MARGINAL,123.08,123.08
30/07/2024 20:00:00 - 30/07/2024 21:00:00,SCA|NO2,mFRR,Not Specified,Not Specified,MARGINAL,159.41,159.41
30/07/2024 21:00:00 - 30/07/2024 22:00:00,SCA|NO2,mFRR,Not Specified,Not Specified,MARGINAL,140.0,140.0
30/07/2024 22:00:00 - 30/07/2024 23:00:00,SCA|NO2,mFRR,Not Specified,Not Specified,MARGINAL,64.19,64.19
30/07/2024 23:00:00 - 31/07/2024 00:00:00,SCA|NO2,mFRR,Not Specified,Not Specified,MARGINAL,51.94,51.94
31/07/2024 00:00:00 - 31/07/2024 01:00:00,SCA|NO2,mFRR,Not Specified,Not Specified,MARGINAL,55.4,32.0
31/07/2024 01:00:00 - 31/07/2024 02:00:00,SCA|NO2,mFRR,Not Specified,Not Specified,MARGINAL,54.91,25.0
31/07/2024 02:00:00 - 31/07/2024 03:00:00,SCA|NO2,mFRR,Not Specified,Not Specified,MARGINAL,54.64,25.0
31/07/2024 03:00:00 - 31/07/2024 04:00:00,SCA|NO2,mFRR,Not Specified,Not Specified,MARGINAL,54.78,54.78
31/07/2024 04:00:00 - 31/07/2024 05:00:00,SCA|NO2,mFRR,Not Specified,Not Specified,MARGINAL,54.91,54.91
31/07/2024 05:00:00 - 31/07/2024 06:00:00,SCA|NO2,mFRR,Not Specified,Not Specified,MARGINAL,55.06,55.06
31/07/2024 06:00:00 - 31/07/2024 07:00:00,SCA|NO2,mFRR,Not Specified,Not Specified,MARGINAL,60.29,60.29
31/07/2024 07:00:00 - 31/07/2024 08:00:00,SCA|NO2,mFRR,Not Specified,Not Specified,MARGINAL,68.74,68.74
31/07/2024 08:00:00 - 31/07/2024 09:00:00,SCA|NO2,mFRR,Not Specified,Not Specified,MARGINAL,64.21,40.0
31/07/2024 09:00:00 - 31/07/2024 10:00:00,SCA|NO2,mFRR,Not Specified,Not Specified,MARGINAL,56.4,32.0
31/07/2024 10:00:00 - 31/07/2024 11:00:00,SCA|NO2,mFRR,Not Specified,Not Specified,MARGINAL,48.08,24.0
31/07/2024 11:00:00 - 31/07/2024 12:00:00,SCA|NO2,mFRR,Not Specified,Not Specified,MARGINAL,39.46,24.0
31/07/2024 12:00:00 - 31/07/2024 13:00:00,SCA|NO2,mFRR,Not Specified,Not Specified,MARGINAL,23.59,20.0
31/07/2024 13:00:00 - 31/07/2024 14:00:00,SCA|NO2,mFRR,Not Specified,Not Specified,MARGINAL,11.73,11.73
31/07/2024 14:00:00 - 31/07/2024 15:00:00,SCA|NO2,mFRR,Not Specified,Not Specified,MARGINAL,20.11,19.0
31/07/2024 15:00:00 - 31/07/2024 16:00:00,SCA|NO2,mFRR,Not Specified,Not Specified,MARGINAL,36.99,35.0
31/07/2024 16:00:00 - 31/07/2024 17:00:00,SCA|NO2,mFRR,Not Specified,Not Specified,MARGINAL,46.41,46.41
31/07/2024 17:00:00 - 31/07/2024 18:00:00,SCA|NO2,mFRR,Not Specified,Not Specified,MARGINAL,51.2,51.2
31/07/2024 18:00:00 - 31/07/2024 19:00:00,SCA|NO2,mFRR,Not Specified,Not Specified,MARGINAL,51.79,51.79
31/07/2024 19:00:00 - 31/07/2024 20:00:00,SCA|NO2,mFRR,Not Specified,Not Specified,MARGINAL,52.68,49.59
31/07/2024 20:00:00 - 31/07/2024 21:00:00,SCA|NO2,mFRR,Not Specified,Not Specified,MARGINAL,52.33,52.33
31/07/2024 21:00:00 - 31/07/2024 22:00:00,SCA|NO2,mFRR,Not Specified,Not Specified,MARGINAL,51.8,51.8
31/07/2024 22:00:00 - 31/07/2024 23:00:00,SCA|NO2,mFRR,Not Specified,Not Specified,MARGINAL,51.34,51.34
31/07/2024 23:00:00 - 01/08/2024 00:00:00,SCA|NO2,mFRR,Not Specified,Not Specified,MARGINAL,51.32,51.32
01/08/2024 00:00:00 - 01/08/2024 01:00:00,SCA|NO2,mFRR,Not Specified,Not Specified,MARGINAL,54.51,54.51
01/08/2024 01:00:00 - 01/08/2024 02:00:00,SCA|NO2,mFRR,Not Specified,Not Specified,MARGINAL,54.26,54.26
01/08/2024 02:00:00 - 01/08/2024 03:00:00,SCA|NO2,mFRR,Not Specified,Not Specified,MARGINAL,53.7,53.7
01/08/2024 03:00:00 - 01/08/2024 04:00:00,SCA|NO2,mFRR,Not Specified,Not Specified,MARGINAL,54.44,54.44
01/08/2024 04:00:00 - 01/08/2024 05:00:00,SCA|NO2,mFRR,Not Specified,Not Specified,MARGINAL,54.59,54.59
01/08/2024 05:00:00 - 01/08/2024 06:00:00,SCA|NO2,mFRR,Not Specified,Not Specified,MARGINAL,54.74,54.74
01/08/2024 06:00:00 - 01/08/2024 07:00:00,SCA|NO2,mFRR,Not Specified,Not Specified,MARGINAL,55.93,55.93
01/08/2024 07:00:00 - 01/08/2024 08:00:00,SCA|NO2,mFRR,Not Specified,Not Specified,MARGINAL,55.51,55.51
01/08/2024 08:00:00 - 01/08/2024 09:00:00,SCA|NO2,mFRR,Not Specified,Not Specified,MARGINAL,56.71,56.71
01/08/2024 09:00:00 - 01/08/2024 10:00:00,SCA|NO2,mFRR,Not Specified,Not Specified,MARGINAL,55.31,55.31
01/08/2024 10:00:00 - 01/08/2024 11:00:00,SCA|NO2,mFRR,Not Specified,Not Specified,MARGINAL,57.68,57.68
01/08/2024 11:00:00 - 01/08/2024 12:00:00,SCA|NO2,mFRR,Not Specified,Not Specified,MARGINAL,58.32,58.32
01/08/2024 12:00:00 - 01/08/2024 13:00:00,SCA|NO2,mFRR,Not Specified,Not Specified,MARGINAL,61.88,52.0
01/08/2024 13:00:00 - 01/08/2024 14:00:00,SCA|NO2,mFRR,Not Specified,Not Specified,MARGINAL,58.51,55.5
01/08/2024 14:00:00 - 01/08/2024 15:00:00,SCA|NO2,mFRR,Not Specified,Not Specified,MARGINAL,60.14,55.5
01/08/2024 15:00:00 - 01/08/2024 16:00:00,SCA|NO2,mFRR,Not Specified,Not Specified,MARGINAL,61.46,61.46
01/08/2024 16:00:00 - 01/08/2024 17:00:00,SCA|NO2,mFRR,Not Specified,Not Specified,MARGINAL,59.18,59.18
01/08/2024 17:00:00 - 01/08/2024 18:00:00,SCA|NO2,mFRR,Not Specified,Not Specified,MARGINAL,59.9,59.9
01/08/2024 18:00:00 - 01/08/2024 19:00:00,SCA|NO2,mFRR,Not Specified,Not Specified,MARGINAL,59.16,59.16
01/08/2024 19:00:00 - 01/08/2024 20:00:00,SCA|NO2,mFRR,Not Specified,Not Specified,MARGINAL,63.02,63.02
01/08/2024 20:00:00 - 01/08/2024 21:00:00,SCA|NO2,mFRR,Not Specified,Not Specified,MARGINAL,59.92,59.92
01/08/2024 21:00:00 - 01/08/2024 22:00:00,SCA|NO2,mFRR,Not Specified,Not Specified,MARGINAL,59.92,59.92
01/08/2024 22:00:00 - 01/08/2024 23:00:00,SCA|NO2,mFRR,Not Specified,Not Specified,MARGINAL,58.35,58.35
01/08/2024 23:00:00 - 02/08/2024 00:00:00,SCA|NO2,mFRR,Not Specified,Not Specified,MARGINAL,55.81,55.81
02/08/2024 00:00:00 - 02/08/2024 01:00:00,SCA|NO2,mFRR,Not Specified,Not Specified,MARGINAL,60.07,60.07
02/08/2024 01:00:00 - 02/08/2024 02:00:00,SCA|NO2,mFRR,Not Specified,Not Specified,MARGINAL,59.97,59.97
02/08/2024 02:00:00 - 02/08/2024 03:00:00,SCA|NO2,mFRR,Not Specified,Not Specified,MARGINAL,59.61,59.61
02/08/2024 03:00:00 - 02/08/2024 04:00:00,SCA|NO2,mFRR,Not Specified,Not Specified,MARGINAL,59.66,59.66
02/08/2024 04:00:00 - 02/08/2024 05:00:00,SCA|NO2,mFRR,Not Specified,Not Specified,MARGINAL,59.81,45.5
02/08/2024 05:00:00 - 02/08/2024 06:00:00,SCA|NO2,mFRR,Not Specified,Not Specified,MARGINAL,59.98,45.5
02/08/2024 06:00:00 - 02/08/2024 07:00:00,SCA|NO2,mFRR,Not Specified,Not Specified,MARGINAL,59.4,44.5
02/08/2024 07:00:00 - 02/08/2024 08:00:00,SCA|NO2,mFRR,Not Specified,Not Specified,MARGINAL,60.2,46.0
02/08/2024 08:00:00 - 02/08/2024 09:00:00,SCA|NO2,mFRR,Not Specified,Not Specified,MARGINAL,61.11,49.27
02/08/2024 09:00:00 - 02/08/2024 10:00:00,SCA|NO2,mFRR,Not Specified,Not Specified,MARGINAL,61.52,61.52
02/08/2024 10:00:00 - 02/08/2024 11:00:00,SCA|NO2,mFRR,Not Specified,Not Specified,MARGINAL,61.26,61.26
02/08/2024 11:00:00 - 02/08/2024 12:00:00,SCA|NO2,mFRR,Not Specified,Not Specified,MARGINAL,61.28,61.28
02/08/2024 12:00:00 - 02/08/2024 13:00:00,SCA|NO2,mFRR,Not Specified,Not Specified,MARGINAL,61.09,61.09
02/08/2024 13:00:00 - 02/08/2024 14:00:00,SCA|NO2,mFRR,Not Specified,Not Specified,MARGINAL,59.92,49.27
02/08/2024 14:00:00 - 02/08/2024 15:00:00,SCA|NO2,mFRR,Not Specified,Not Specified,MARGINAL,51.89,50.0
02/08/2024 15:00:00 - 02/08/2024 16:00:00,SCA|NO2,mFRR,Not Specified,Not Specified,MARGINAL,52.4,52.4
02/08/2024 16:00:00 - 02/08/2024 17:00:00,SCA|NO2,mFRR,Not Specified,Not Specified,MARGINAL,60.0,55.0
02/08/2024 17:00:00 - 02/08/2024 18:00:00,SCA|NO2,mFRR,Not Specified,Not Specified,MARGINAL,61.19,54.5
02/08/2024 18:00:00 - 02/08/2024 19:00:00,SCA|NO2,mFRR,Not Specified,Not Specified,MARGINAL,62.65,53.5
02/08/2024 19:00:00 - 02/08/2024 20:00:00,SCA|NO2,mFRR,Not Specified,Not Specified,MARGINAL,63.25,53.5
02/08/2024 20:00:00 - 02/08/2024 21:00:00,SCA|NO2,mFRR,Not Specified,Not Specified,MARGINAL,62.2,62.2
02/08/2024 21:00:00 - 02/08/2024 22:00:00,SCA|NO2,mFRR,Not Specified,Not Specified,MARGINAL,61.85,61.85
02/08/2024 22:00:00 - 02/08/2024 23:00:00,SCA|NO2,mFRR,Not Specified,Not Specified,MARGINAL,60.8,60.8
02/08/2024 23:00:00 - 03/08/2024 00:00:00,SCA|NO2,mFRR,Not Specified,Not Specified,MARGINAL,60.1,60.1
03/08/2024 00:00:00 - 03/08/2024 01:00:00,SCA|NO2,mFRR,Not Specified,Not Specified,MARGINAL,61.03,61.03
03/08/2024 01:00:00 - 03/08/2024 02:00:00,SCA|NO2,mFRR,Not Specified,Not Specified,MARGINAL,60.95,60.95
03/08/2024 02:00:00 - 03/08/2024 03:00:00,SCA|NO2,mFRR,Not Specified,Not Specified,MARGINAL,61.23,61.23
03/08/2024 03:00:00 - 03/08/2024 04:00:00,SCA|NO2,mFRR,Not Specified,Not Specified,MARGINAL,61.22,61.22
03/08/2024 04:00:00 - 03/08/2024 05:00:00,SCA|NO2,mFRR,Not Specified,Not Specified,MARGINAL,61.19,61.19
03/08/2024 05:00:00 - 03/08/2024 06:00:00,SCA|NO2,mFRR,Not Specified,Not Specified,MARGINAL,61.18,61.18
03/08/2024 06:00:00 - 03/08/2024 07:00:00,SCA|NO2,mFRR,Not Specified,Not Specified,MARGINAL,60.86,60.86
03/08/2024 07:00:00 - 03/08/2024 08:00:00,SCA|NO2,mFRR,Not Specified,Not Specified,MARGINAL,60.66,60.66
03/08/2024 08:00:00 - 03/08/2024 09:00:00,SCA|NO2,mFRR,Not Specified,Not Specified,MARGINAL,60.33,60.33
03/08/2024 09:00:00 - 03/08/2024 10:00:00,SCA|NO2,mFRR,Not Specified,Not Specified,MARGINAL,53.56,28.0
03/08/2024 10:00:00 - 03/08/2024 11:00:00,SCA|NO2,mFRR,Not Specified,Not Specified,MARGINAL,47.4,13.4
03/08/2024 11:00:00 - 03/08/2024 12:00:00,SCA|NO2,mFRR,Not Specified,Not Specified,MARGINAL,32.75,1.5
03/08/2024 12:00:00 - 03/08/2024 13:00:00,SCA|NO2,mFRR,Not Specified,Not Specified,MARGINAL,15.15,1.5
03/08/2024 13:00:00 - 03/08/2024 14:00:00,SCA|NO2,mFRR,Not Specified,Not Specified,MARGINAL,6.61,-2.0
03/08/2024 14:00:00 - 03/08/2024 15:00:00,SCA|NO2,mFRR,Not Specified,Not Specified,MARGINAL,4.24,-2.0
03/08/2024 15:00:00 - 03/08/2024 16:00:00,SCA|NO2,mFRR,Not Specified,Not Specified,MARGINAL,37.65,14.0
03/08/2024 16:00:00 - 03/08/2024 17:00:00,SCA|NO2,mFRR,Not Specified,Not Specified,MARGINAL,48.82,48.82
03/08/2024 17:00:00 - 03/08/2024 18:00:00,SCA|NO2,mFRR,Not Specified,Not Specified,MARGINAL,59.66,59.66
03/08/2024 18:00:00 - 03/08/2024 19:00:00,SCA|NO2,mFRR,Not Specified,Not Specified,MARGINAL,61.26,61.26
03/08/2024 19:00:00 - 03/08/2024 20:00:00,SCA|NO2,mFRR,Not Specified,Not Specified,MARGINAL,61.69,61.69
03/08/2024 20:00:00 - 03/08/2024 21:00:00,SCA|NO2,mFRR,Not Specified,Not Specified,MARGINAL,61.93,61.93
03/08/2024 21:00:00 - 03/08/2024 22:00:00,SCA|NO2,mFRR,Not Specified,Not Specified,MARGINAL,61.87,61.87
03/08/2024 22:00:00 - 03/08/2024 23:00:00,SCA|NO2,mFRR,Not Specified,Not Specified,MARGINAL,61.61,61.61
03/08/2024 23:00:00 - 04/08/2024 00:00:00,SCA|NO2,mFRR,Not Specified,Not Specified,,,
04/08/2024 00:00:00 - 04/08/2024 01:00:00,SCA|NO2,mFRR,Not Specified,Not Specified,MARGINAL,61.09,61.09
04/08/2024 01:00:00 - 04/08/2024 02:00:00,SCA|NO2,mFRR,Not Specified,Not Specified,MARGINAL,60.91,60.91
04/08/2024 02:00:00 - 04/08/2024 03:00:00,SCA|NO2,mFRR,Not Specified,Not Specified,MARGINAL,60.84,60.84
04/08/2024 03:00:00 - 04/08/2024 04:00:00,SCA|NO2,mFRR,Not Specified,Not Specified,MARGINAL,60.72,60.72
04/08/2024 04:00:00 - 04/08/2024 05:00:00,SCA|NO2,mFRR,Not Specified,Not Specified,MARGINAL,60.66,60.66
04/08/2024 05:00:00 - 04/08/2024 06:00:00,SCA|NO2,mFRR,Not Specified,Not Specified,MARGINAL,60.79,57.0
04/08/2024 06:00:00 - 04/08/2024 07:00:00,SCA|NO2,mFRR,Not Specified,Not Specified,MARGINAL,60.73,57.0
04/08/2024 07:00:00 - 04/08/2024 08:00:00,SCA|NO2,mFRR,Not Specified,Not Specified,MARGINAL,58.86,58.86
04/08/2024 08:00:00 - 04/08/2024 09:00:00,SCA|NO2,mFRR,Not Specified,Not Specified,MARGINAL,46.36,31.06
04/08/2024 09:00:00 - 04/08/2024 10:00:00,SCA|NO2,mFRR,Not Specified,Not Specified,MARGINAL,38.75,20.0
04/08/2024 10:00:00 - 04/08/2024 11:00:00,SCA|NO2,mFRR,Not Specified,Not Specified,MARGINAL,18.21,14.0
04/08/2024 11:00:00 - 04/08/2024 12:00:00,SCA|NO2,mFRR,Not Specified,Not Specified,MARGINAL,4.97,4.97
04/08/2024 12:00:00 - 04/08/2024 13:00:00,SCA|NO2,mFRR,Not Specified,Not Specified,MARGINAL,4.26,4.26
04/08/2024 13:00:00 - 04/08/2024 14:00:00,SCA|NO2,mFRR,Not Specified,Not Specified,MARGINAL,-0.02,-0.02
04/08/2024 14:00:00 - 04/08/2024 15:00:00,SCA|NO2,mFRR,Not Specified,Not Specified,MARGINAL,1.92,1.92
04/08/2024 15:00:00 - 04/08/2024 16:00:00,SCA|NO2,mFRR,Not Specified,Not Specified,MARGINAL,4.98,4.98
04/08/2024 16:00:00 - 04/08/2024 17:00:00,SCA|NO2,mFRR,Not Specified,Not Specified,MARGINAL,16.54,16.54
04/08/2024 17:00:00 - 04/08/2024 18:00:00,SCA|NO2,mFRR,Not Specified,Not Specified,MARGINAL,38.79,38.79
04/08/2024 18:00:00 - 04/08/2024 19:00:00,SCA|NO2,mFRR,Not Specified,Not Specified,MARGINAL,46.85,46.85
04/08/2024 19:00:00 - 04/08/2024 20:00:00,SCA|NO2,mFRR,Not Specified,Not Specified,,,
04/08/2024 20:00:00 - 04/08/2024 21:00:00,SCA|NO2,mFRR,Not Specified,Not Specified,MARGINAL,60.47,60.47
04/08/2024 21:00:00 - 04/08/2024 22:00:00,SCA|NO2,mFRR,Not Specified,Not Specified,MARGINAL,60.37,46.0
04/08/2024 22:00:00 - 04/08/2024 23:00:00,SCA|NO2,mFRR,Not Specified,Not Specified,MARGINAL,60.33,46.0
04/08/2024 23:00:00 - 05/08/2024 00:00:00,SCA|NO2,mFRR,Not Specified,Not Specified,MARGINAL,58.94,46.0
05/08/2024 00:00:00 - 05/08/2024 01:00:00,SCA|NO2,mFRR,Not Specified,Not Specified,MARGINAL,49.92,49.92
05/08/2024 01:00:00 - 05/08/2024 02:00:00,SCA|NO2,mFRR,Not Specified,Not Specified,MARGINAL,44.6,44.6
05/08/2024 02:00:00 - 05/08/2024 03:00:00,SCA|NO2,mFRR,Not Specified,Not Specified,MARGINAL,42.17,42.17
05/08/2024 03:00:00 - 05/08/2024 04:00:00,SCA|NO2,mFRR,Not Specified,Not Specified,MARGINAL,43.07,43.07
05/08/2024 04:00:00 - 05/08/2024 05:00:00,SCA|NO2,mFRR,Not Specified,Not Specified,MARGINAL,45.71,45.71
05/08/2024 05:00:00 - 05/08/2024 06:00:00,SCA|NO2,mFRR,Not Specified,Not Specified,MARGINAL,47.74,47.74
05/08/2024 06:00:00 - 05/08/2024 07:00:00,SCA|NO2,mFRR,Not Specified,Not Specified,MARGINAL,51.5,51.5
05/08/2024 07:00:00 - 05/08/2024 08:00:00,SCA|NO2,mFRR,Not Specified,Not Specified,MARGINAL,55.33,55.33
05/08/2024 08:00:00 - 05/08/2024 09:00:00,SCA|NO2,mFRR,Not Specified,Not Specified,MARGINAL,60.87,60.87
05/08/2024 09:00:00 - 05/08/2024 10:00:00,SCA|NO2,mFRR,Not Specified,Not Specified,MARGINAL,61.42,61.42
05/08/2024 10:00:00 - 05/08/2024 11:00:00,SCA|NO2,mFRR,Not Specified,Not Specified,MARGINAL,61.13,61.13
05/08/2024 11:00:00 - 05/08/2024 12:00:00,SCA|NO2,mFRR,Not Specified,Not Specified,MARGINAL,61.5,61.5
05/08/2024 12:00:00 - 05/08/2024 13:00:00,SCA|NO2,mFRR,Not Specified,Not Specified,MARGINAL,55.35,55.35
05/08/2024 13:00:00 - 05/08/2024 14:00:00,SCA|NO2,mFRR,Not Specified,Not Specified,MARGINAL,41.88,41.88
05/08/2024 14:00:00 - 05/08/2024 15:00:00,SCA|NO2,mFRR,Not Specified,Not Specified,MARGINAL,39.9,27.0
05/08/2024 15:00:00 - 05/08/2024 16:00:00,SCA|NO2,mFRR,Not Specified,Not Specified,MARGINAL,52.82,20.0
05/08/2024 16:00:00 - 05/08/2024 17:00:00,SCA|NO2,mFRR,Not Specified,Not Specified,MARGINAL,60.57,27.0
05/08/2024 17:00:00 - 05/08/2024 18:00:00,SCA|NO2,mFRR,Not Specified,Not Specified,MARGINAL,60.86,60.86
05/08/2024 18:00:00 - 05/08/2024 19:00:00,SCA|NO2,mFRR,Not Specified,Not Specified,MARGINAL,61.34,61.34
05/08/2024 19:00:00 - 05/08/2024 20:00:00,SCA|NO2,mFRR,Not Specified,Not Specified,MARGINAL,61.77,61.77
05/08/2024 20:00:00 - 05/08/2024 21:00:00,SCA|NO2,mFRR,Not Specified,Not Specified,MARGINAL,61.66,61.66
05/08/2024 21:00:00 - 05/08/2024 22:00:00,SCA|NO2,mFRR,Not Specified,Not Specified,MARGINAL,61.58,53.5
05/08/2024 22:00:00 - 05/08/2024 23:00:00,SCA|NO2,mFRR,Not Specified,Not Specified,MARGINAL,61.11,53.5
05/08/2024 23:00:00 - 06/08/2024 00:00:00,SCA|NO2,mFRR,Not Specified,Not Specified,MARGINAL,60.62,56.0
06/08/2024 00:00:00 - 06/08/2024 01:00:00,SCA|NO2,mFRR,Not Specified,Not Specified,MARGINAL,58.52,58.52
06/08/2024 01:00:00 - 06/08/2024 02:00:00,SCA|NO2,mFRR,Not Specified,Not Specified,MARGINAL,57.65,57.65
06/08/2024 02:00:00 - 06/08/2024 03:00:00,SCA|NO2,mFRR,Not Specified,Not Specified,MARGINAL,56.67,56.67
06/08/2024 03:00:00 - 06/08/2024 04:00:00,SCA|NO2,mFRR,Not Specified,Not Specified,MARGINAL,55.73,55.73
06/08/2024 04:00:00 - 06/08/2024 05:00:00,SCA|NO2,mFRR,Not Specified,Not Specified,MARGINAL,54.71,54.71
06/08/2024 05:00:00 - 06/08/2024 06:00:00,SCA|NO2,mFRR,Not Specified,Not Specified,MARGINAL,55.97,55.97
06/08/2024 06:00:00 - 06/08/2024 07:00:00,SCA|NO2,mFRR,Not Specified,Not Specified,MARGINAL,55.94,55.94
06/08/2024 07:00:00 - 06/08/2024 08:00:00,SCA|NO2,mFRR,Not Specified,Not Specified,MARGINAL,53.44,44.0
06/08/2024 08:00:00 - 06/08/2024 09:00:00,SCA|NO2,mFRR,Not Specified,Not Specified,MARGINAL,53.45,44.0
06/08/2024 09:00:00 - 06/08/2024 10:00:00,SCA|NO2,mFRR,Not Specified,Not Specified,MARGINAL,48.09,40.0
06/08/2024 10:00:00 - 06/08/2024 11:00:00,SCA|NO2,mFRR,Not Specified,Not Specified,MARGINAL,44.36,44.36
06/08/2024 11:00:00 - 06/08/2024 12:00:00,SCA|NO2,mFRR,Not Specified,Not Specified,MARGINAL,24.48,18.0
06/08/2024 12:00:00 - 06/08/2024 13:00:00,SCA|NO2,mFRR,Not Specified,Not Specified,MARGINAL,29.0,20.3
06/08/2024 13:00:00 - 06/08/2024 14:00:00,SCA|NO2,mFRR,Not Specified,Not Specified,MARGINAL,29.0,16.33
06/08/2024 14:00:00 - 06/08/2024 15:00:00,SCA|NO2,mFRR,Not Specified,Not Specified,MARGINAL,25.0,20.43
06/08/2024 15:00:00 - 06/08/2024 16:00:00,SCA|NO2,mFRR,Not Specified,Not Specified,MARGINAL,31.1,31.1
06/08/2024 16:00:00 - 06/08/2024 17:00:00,SCA|NO2,mFRR,Not Specified,Not Specified,MARGINAL,43.42,43.42
06/08/2024 17:00:00 - 06/08/2024 18:00:00,SCA|NO2,mFRR,Not Specified,Not Specified,MARGINAL,65.0,47.95
06/08/2024 18:00:00 - 06/08/2024 19:00:00,SCA|NO2,mFRR,Not Specified,Not Specified,MARGINAL,66.0,57.54
06/08/2024 19:00:00 - 06/08/2024 20:00:00,SCA|NO2,mFRR,Not Specified,Not Specified,MARGINAL,66.0,58.75
06/08/2024 20:00:00 - 06/08/2024 21:00:00,SCA|NO2,mFRR,Not Specified,Not Specified,MARGINAL,64.0,58.41
06/08/2024 21:00:00 - 06/08/2024 22:00:00,SCA|NO2,mFRR,Not Specified,Not Specified,MARGINAL,64.0,58.02
06/08/2024 22:00:00 - 06/08/2024 23:00:00,SCA|NO2,mFRR,Not Specified,Not Specified,MARGINAL,54.47,54.47
06/08/2024 23:00:00 - 07/08/2024 00:00:00,SCA|NO2,mFRR,Not Specified,Not Specified,MARGINAL,51.84,37.5
07/08/2024 00:00:00 - 07/08/2024 01:00:00,SCA|NO2,mFRR,Not Specified,Not Specified,MARGINAL,49.67,37.5
07/08/2024 01:00:00 - 07/08/2024 02:00:00,SCA|NO2,mFRR,Not Specified,Not Specified,MARGINAL,48.89,48.89
07/08/2024 02:00:00 - 07/08/2024 03:00:00,SCA|NO2,mFRR,Not Specified,Not Specified,MARGINAL,48.72,48.72
07/08/2024 03:00:00 - 07/08/2024 04:00:00,SCA|NO2,mFRR,Not Specified,Not Specified,MARGINAL,48.66,48.66
07/08/2024 04:00:00 - 07/08/2024 05:00:00,SCA|NO2,mFRR,Not Specified,Not Specified,MARGINAL,46.87,46.87
07/08/2024 05:00:00 - 07/08/2024 06:00:00,SCA|NO2,mFRR,Not Specified,Not Specified,MARGINAL,44.29,44.29
07/08/2024 06:00:00 - 07/08/2024 07:00:00,SCA|NO2,mFRR,Not Specified,Not Specified,MARGINAL,48.66,48.66
07/08/2024 07:00:00 - 07/08/2024 08:00:00,SCA|NO2,mFRR,Not Specified,Not Specified,MARGINAL,49.4,49.4
07/08/2024 08:00:00 - 07/08/2024 09:00:00,SCA|NO2,mFRR,Not Specified,Not Specified,MARGINAL,50.87,50.87
07/08/2024 09:00:00 - 07/08/2024 10:00:00,SCA|NO2,mFRR,Not Specified,Not Specified,MARGINAL,48.96,48.96
07/08/2024 10:00:00 - 07/08/2024 11:00:00,SCA|NO2,mFRR,Not Specified,Not Specified,MARGINAL,45.63,45.63
07/08/2024 11:00:00 - 07/08/2024 12:00:00,SCA|NO2,mFRR,Not Specified,Not Specified,MARGINAL,43.91,43.91
07/08/2024 12:00:00 - 07/08/2024 13:00:00,SCA|NO2,mFRR,Not Specified,Not Specified,MARGINAL,40.84,40.84
07/08/2024 13:00:00 - 07/08/2024 14:00:00,SCA|NO2,mFRR,Not Specified,Not Specified,MARGINAL,35.32,35.32
07/08/2024 14:00:00 - 07/08/2024 15:00:00,SCA|NO2,mFRR,Not Specified,Not Specified,MARGINAL,48.25,33.14
07/08/2024 15:00:00 - 07/08/2024 16:00:00,SCA|NO2,mFRR,Not Specified,Not Specified,MARGINAL,47.14,47.14
07/08/2024 16:00:00 - 07/08/2024 17:00:00,SCA|NO2,mFRR,Not Specified,Not Specified,MARGINAL,48.72,48.72
07/08/2024 17:00:00 - 07/08/2024 18:00:00,SCA|NO2,mFRR,Not Specified,Not Specified,MARGINAL,47.93,47.93
07/08/2024 18:00:00 - 07/08/2024 19:00:00,SCA|NO2,mFRR,Not Specified,Not Specified,MARGINAL,51.48,51.48
07/08/2024 19:00:00 - 07/08/2024 20:00:00,SCA|NO2,mFRR,Not Specified,Not Specified,MARGINAL,57.06,57.06
07/08/2024 20:00:00 - 07/08/2024 21:00:00,SCA|NO2,mFRR,Not Specified,Not Specified,MARGINAL,57.14,57.14
07/08/2024 21:00:00 - 07/08/2024 22:00:00,SCA|NO2,mFRR,Not Specified,Not Specified,MARGINAL,56.21,56.21
07/08/2024 22:00:00 - 07/08/2024 23:00:00,SCA|NO2,mFRR,Not Specified,Not Specified,MARGINAL,56.63,56.63
07/08/2024 23:00:00 - 08/08/2024 00:00:00,SCA|NO2,mFRR,Not Specified,Not Specified,MARGINAL,56.12,56.12
08/08/2024 00:00:00 - 08/08/2024 01:00:00,SCA|NO2,mFRR,Not Specified,Not Specified,MARGINAL,51.53,51.53
08/08/2024 01:00:00 - 08/08/2024 02:00:00,SCA|NO2,mFRR,Not Specified,Not Specified,MARGINAL,47.7,47.7
08/08/2024 02:00:00 - 08/08/2024 03:00:00,SCA|NO2,mFRR,Not Specified,Not Specified,MARGINAL,45.55,45.55
08/08/2024 03:00:00 - 08/08/2024 04:00:00,SCA|NO2,mFRR,Not Specified,Not Specified,MARGINAL,43.52,43.52
08/08/2024 04:00:00 - 08/08/2024 05:00:00,SCA|NO2,mFRR,Not Specified,Not Specified,MARGINAL,45.32,45.32
08/08/2024 05:00:00 - 08/08/2024 06:00:00,SCA|NO2,mFRR,Not Specified,Not Specified,MARGINAL,49.43,49.43
08/08/2024 06:00:00 - 08/08/2024 07:00:00,SCA|NO2,mFRR,Not Specified,Not Specified,MARGINAL,56.02,56.02
08/08/2024 07:00:00 - 08/08/2024 08:00:00,SCA|NO2,mFRR,Not Specified,Not Specified,MARGINAL,56.25,56.25
08/08/2024 08:00:00 - 08/08/2024 09:00:00,SCA|NO2,mFRR,Not Specified,Not Specified,MARGINAL,55.96,55.96
08/08/2024 09:00:00 - 08/08/2024 10:00:00,SCA|NO2,mFRR,Not Specified,Not Specified,MARGINAL,49.96,49.96
08/08/2024 10:00:00 - 08/08/2024 11:00:00,SCA|NO2,mFRR,Not Specified,Not Specified,MARGINAL,49.83,49.83
08/08/2024 11:00:00 - 08/08/2024 12:00:00,SCA|NO2,mFRR,Not Specified,Not Specified,MARGINAL,56.18,56.18
08/08/2024 12:00:00 - 08/08/2024 13:00:00,SCA|NO2,mFRR,Not Specified,Not Specified,MARGINAL,51.08,43.5
08/08/2024 13:00:00 - 08/08/2024 14:00:00,SCA|NO2,mFRR,Not Specified,Not Specified,MARGINAL,43.47,16.0
08/08/2024 14:00:00 - 08/08/2024 15:00:00,SCA|NO2,mFRR,Not Specified,Not Specified,MARGINAL,31.26,16.0
08/08/2024 15:00:00 - 08/08/2024 16:00:00,SCA|NO2,mFRR,Not Specified,Not Specified,MARGINAL,43.82,19.0
08/08/2024 16:00:00 - 08/08/2024 17:00:00,SCA|NO2,mFRR,Not Specified,Not Specified,MARGINAL,51.04,35.0
08/08/2024 17:00:00 - 08/08/2024 18:00:00,SCA|NO2,mFRR,Not Specified,Not Specified,MARGINAL,56.44,43.0
08/08/2024 18:00:00 - 08/08/2024 19:00:00,SCA|NO2,mFRR,Not Specified,Not Specified,MARGINAL,56.69,56.69
08/08/2024 19:00:00 - 08/08/2024 20:00:00,SCA|NO2,mFRR,Not Specified,Not Specified,MARGINAL,57.17,57.17
08/08/2024 20:00:00 - 08/08/2024 21:00:00,SCA|NO2,mFRR,Not Specified,Not Specified,MARGINAL,57.22,57.22
08/08/2024 21:00:00 - 08/08/2024 22:00:00,SCA|NO2,mFRR,Not Specified,Not Specified,MARGINAL,57.06,57.06
08/08/2024 22:00:00 - 08/08/2024 23:00:00,SCA|NO2,mFRR,Not Specified,Not Specified,MARGINAL,56.71,43.0
08/08/2024 23:00:00 - 09/08/2024 00:00:00,SCA|NO2,mFRR,Not Specified,Not Specified,MARGINAL,49.92,43.0
09/08/2024 00:00:00 - 09/08/2024 01:00:00,SCA|NO2,mFRR,Not Specified,Not Specified,MARGINAL,48.04,38.0
09/08/2024 01:00:00 - 09/08/2024 02:00:00,SCA|NO2,mFRR,Not Specified,Not Specified,MARGINAL,42.73,12.5
09/08/2024 02:00:00 - 09/08/2024 03:00:00,SCA|NO2,mFRR,Not Specified,Not Specified,MARGINAL,31.52,4.0
09/08/2024 03:00:00 - 09/08/2024 04:00:00,SCA|NO2,mFRR,Not Specified,Not Specified,MARGINAL,20.1,-2.0
09/08/2024 04:00:00 - 09/08/2024 05:00:00,SCA|NO2,mFRR,Not Specified,Not Specified,MARGINAL,10.99,-2.5
09/08/2024 05:00:00 - 09/08/2024 06:00:00,SCA|NO2,mFRR,Not Specified,Not Specified,MARGINAL,4.21,-2.5
09/08/2024 06:00:00 - 09/08/2024 07:00:00,SCA|NO2,mFRR,Not Specified,Not Specified,MARGINAL,12.65,-4.0
09/08/2024 07:00:00 - 09/08/2024 08:00:00,SCA|NO2,mFRR,Not Specified,Not Specified,MARGINAL,16.33,1.0
09/08/2024 08:00:00 - 09/08/2024 09:00:00,SCA|NO2,mFRR,Not Specified,Not Specified,MARGINAL,20.29,10.0
09/08/2024 09:00:00 - 09/08/2024 10:00:00,SCA|NO2,mFRR,Not Specified,Not Specified,MARGINAL,20.04,10.0
09/08/2024 10:00:00 - 09/08/2024 11:00:00,SCA|NO2,mFRR,Not Specified,Not Specified,MARGINAL,16.31,0.0
09/08/2024 11:00:00 - 09/08/2024 12:00:00,SCA|NO2,mFRR,Not Specified,Not Specified,MARGINAL,3.88,0.0
09/08/2024 12:00:00 - 09/08/2024 13:00:00,SCA|NO2,mFRR,Not Specified,Not Specified,MARGINAL,0.05,-0.45
09/08/2024 13:00:00 - 09/08/2024 14:00:00,SCA|NO2,mFRR,Not Specified,Not Specified,MARGINAL,-0.16,-0.16
09/08/2024 14:00:00 - 09/08/2024 15:00:00,SCA|NO2,mFRR,Not Specified,Not Specified,MARGINAL,-0.83,-0.83
09/08/2024 15:00:00 - 09/08/2024 16:00:00,SCA|NO2,mFRR,Not Specified,Not Specified,MARGINAL,-0.11,-4.0
09/08/2024 16:00:00 - 09/08/2024 17:00:00,SCA|NO2,mFRR,Not Specified,Not Specified,MARGINAL,-0.01,-9.0
09/08/2024 17:00:00 - 09/08/2024 18:00:00,SCA|NO2,mFRR,Not Specified,Not Specified,MARGINAL,2.63,-4.8
09/08/2024 18:00:00 - 09/08/2024 19:00:00,SCA|NO2,mFRR,Not Specified,Not Specified,MARGINAL,16.65,-3.5
09/08/2024 19:00:00 - 09/08/2024 20:00:00,SCA|NO2,mFRR,Not Specified,Not Specified,MARGINAL,26.03,0.0
09/08/2024 20:00:00 - 09/08/2024 21:00:00,SCA|NO2,mFRR,Not Specified,Not Specified,MARGINAL,30.03,-1.0
09/08/2024 21:00:00 - 09/08/2024 22:00:00,SCA|NO2,mFRR,Not Specified,Not Specified,MARGINAL,28.4,-1.0
09/08/2024 22:00:00 - 09/08/2024 23:00:00,SCA|NO2,mFRR,Not Specified,Not Specified,MARGINAL,26.78,0.0
09/08/2024 23:00:00 - 10/08/2024 00:00:00,SCA|NO2,mFRR,Not Specified,Not Specified,MARGINAL,31.32,0.0
10/08/2024 00:00:00 - 10/08/2024 01:00:00,SCA|NO2,mFRR,Not Specified,Not Specified,MARGINAL,33.77,-1.0
10/08/2024 01:00:00 - 10/08/2024 02:00:00,SCA|NO2,mFRR,Not Specified,Not Specified,MARGINAL,23.81,8.0
10/08/2024 02:00:00 - 10/08/2024 03:00:00,SCA|NO2,mFRR,Not Specified,Not Specified,MARGINAL,16.23,16.23
10/08/2024 03:00:00 - 10/08/2024 04:00:00,SCA|NO2,mFRR,Not Specified,Not Specified,MARGINAL,9.81,9.81
10/08/2024 04:00:00 - 10/08/2024 05:00:00,SCA|NO2,mFRR,Not Specified,Not Specified,MARGINAL,9.25,-2.0
10/08/2024 05:00:00 - 10/08/2024 06:00:00,SCA|NO2,mFRR,Not Specified,Not Specified,MARGINAL,8.85,-2.0
10/08/2024 06:00:00 - 10/08/2024 07:00:00,SCA|NO2,mFRR,Not Specified,Not Specified,MARGINAL,12.12,-2.0
10/08/2024 07:00:00 - 10/08/2024 08:00:00,SCA|NO2,mFRR,Not Specified,Not Specified,MARGINAL,16.51,-2.0
10/08/2024 08:00:00 - 10/08/2024 09:00:00,SCA|NO2,mFRR,Not Specified,Not Specified,MARGINAL,15.46,15.46
10/08/2024 09:00:00 - 10/08/2024 10:00:00,SCA|NO2,mFRR,Not Specified,Not Specified,MARGINAL,0.12,0.12
10/08/2024 10:00:00 - 10/08/2024 11:00:00,SCA|NO2,mFRR,Not Specified,Not Specified,MARGINAL,-3.0,-3.0
10/08/2024 11:00:00 - 10/08/2024 12:00:00,SCA|NO2,mFRR,Not Specified,Not Specified,MARGINAL,-12.2,-12.2
10/08/2024 12:00:00 - 10/08/2024 13:00:00,SCA|NO2,mFRR,Not Specified,Not Specified,MARGINAL,-22.49,-22.49
10/08/2024 13:00:00 - 10/08/2024 14:00:00,SCA|NO2,mFRR,Not Specified,Not Specified,MARGINAL,-40.77,-40.77
10/08/2024 14:00:00 - 10/08/2024 15:00:00,SCA|NO2,mFRR,Not Specified,Not Specified,MARGINAL,-40.09,-40.09
10/08/2024 15:00:00 - 10/08/2024 16:00:00,SCA|NO2,mFRR,Not Specified,Not Specified,MARGINAL,-29.67,-29.67
10/08/2024 16:00:00 - 10/08/2024 17:00:00,SCA|NO2,mFRR,Not Specified,Not Specified,MARGINAL,-1.89,-5.0
10/08/2024 17:00:00 - 10/08/2024 18:00:00,SCA|NO2,mFRR,Not Specified,Not Specified,MARGINAL,1.94,-3.89
10/08/2024 18:00:00 - 10/08/2024 19:00:00,SCA|NO2,mFRR,Not Specified,Not Specified,MARGINAL,21.8,0.5
10/08/2024 19:00:00 - 10/08/2024 20:00:00,SCA|NO2,mFRR,Not Specified,Not Specified,MARGINAL,21.35,0.5
10/08/2024 20:00:00 - 10/08/2024 21:00:00,SCA|NO2,mFRR,Not Specified,Not Specified,MARGINAL,34.95,34.95
10/08/2024 21:00:00 - 10/08/2024 22:00:00,SCA|NO2,mFRR,Not Specified,Not Specified,MARGINAL,40.35,40.35
10/08/2024 22:00:00 - 10/08/2024 23:00:00,SCA|NO2,mFRR,Not Specified,Not Specified,MARGINAL,42.48,42.48
10/08/2024 23:00:00 - 11/08/2024 00:00:00,SCA|NO2,mFRR,Not Specified,Not Specified,MARGINAL,41.72,41.72
11/08/2024 00:00:00 - 11/08/2024 01:00:00,SCA|NO2,mFRR,Not Specified,Not Specified,MARGINAL,44.96,44.96
11/08/2024 01:00:00 - 11/08/2024 02:00:00,SCA|NO2,mFRR,Not Specified,Not Specified,MARGINAL,43.46,43.46
11/08/2024 02:00:00 - 11/08/2024 03:00:00,SCA|NO2,mFRR,Not Specified,Not Specified,MARGINAL,42.82,42.82
11/08/2024 03:00:00 - 11/08/2024 04:00:00,SCA|NO2,mFRR,Not Specified,Not Specified,MARGINAL,44.05,44.05
11/08/2024 04:00:00 - 11/08/2024 05:00:00,SCA|NO2,mFRR,Not Specified,Not Specified,MARGINAL,44.02,44.02
11/08/2024 05:00:00 - 11/08/2024 06:00:00,SCA|NO2,mFRR,Not Specified,Not Specified,MARGINAL,44.57,44.57
11/08/2024 06:00:00 - 11/08/2024 07:00:00,SCA|NO2,mFRR,Not Specified,Not Specified,MARGINAL,46.45,46.45
11/08/2024 07:00:00 - 11/08/2024 08:00:00,SCA|NO2,mFRR,Not Specified,Not Specified,MARGINAL,44.0,44.0
11/08/2024 08:00:00 - 11/08/2024 09:00:00,SCA|NO2,mFRR,Not Specified,Not Specified,MARGINAL,37.51,37.51
11/08/2024 09:00:00 - 11/08/2024 10:00:00,SCA|NO2,mFRR,Not Specified,Not Specified,MARGINAL,9.95,9.95
11/08/2024 10:00:00 - 11/08/2024 11:00:00,SCA|NO2,mFRR,Not Specified,Not Specified,MARGINAL,-0.88,-4.0
11/08/2024 11:00:00 - 11/08/2024 12:00:00,SCA|NO2,mFRR,Not Specified,Not Specified,MARGINAL,-14.99,-14.99
11/08/2024 12:00:00 - 11/08/2024 13:00:00,SCA|NO2,mFRR,Not Specified,Not Specified,MARGINAL,-32.04,-32.04
11/08/2024 13:00:00 - 11/08/2024 14:00:00,SCA|NO2,mFRR,Not Specified,Not Specified,MARGINAL,-59.96,-59.96
11/08/2024 14:00:00 - 11/08/2024 15:00:00,SCA|NO2,mFRR,Not Specified,Not Specified,MARGINAL,-39.94,-39.94
11/08/2024 15:00:00 - 11/08/2024 16:00:00,SCA|NO2,mFRR,Not Specified,Not Specified,MARGINAL,-0.07,-6.0
11/08/2024 16:00:00 - 11/08/2024 17:00:00,SCA|NO2,mFRR,Not Specified,Not Specified,MARGINAL,22.55,-0.5
11/08/2024 17:00:00 - 11/08/2024 18:00:00,SCA|NO2,mFRR,Not Specified,Not Specified,MARGINAL,41.99,41.99
11/08/2024 18:00:00 - 11/08/2024 19:00:00,SCA|NO2,mFRR,Not Specified,Not Specified,MARGINAL,44.31,44.31
11/08/2024 19:00:00 - 11/08/2024 20:00:00,SCA|NO2,mFRR,Not Specified,Not Specified,MARGINAL,54.5,54.5
11/08/2024 20:00:00 - 11/08/2024 21:00:00,SCA|NO2,mFRR,Not Specified,Not Specified,MARGINAL,55.06,55.06
11/08/2024 21:00:00 - 11/08/2024 22:00:00,SCA|NO2,mFRR,Not Specified,Not Specified,MARGINAL,55.06,55.06
11/08/2024 22:00:00 - 11/08/2024 23:00:00,SCA|NO2,mFRR,Not Specified,Not Specified,MARGINAL,54.57,54.57
11/08/2024 23:00:00 - 12/08/2024 00:00:00,SCA|NO2,mFRR,Not Specified,Not Specified,MARGINAL,54.39,54.39
12/08/2024 00:00:00 - 12/08/2024 01:00:00,SCA|NO2,mFRR,Not Specified,Not Specified,MARGINAL,51.61,51.61
12/08/2024 01:00:00 - 12/08/2024 02:00:00,SCA|NO2,mFRR,Not Specified,Not Specified,MARGINAL,46.28,46.28
12/08/2024 02:00:00 - 12/08/2024 03:00:00,SCA|NO2,mFRR,Not Specified,Not Specified,MARGINAL,43.52,43.52
12/08/2024 03:00:00 - 12/08/2024 04:00:00,SCA|NO2,mFRR,Not Specified,Not Specified,MARGINAL,42.57,34.5
12/08/2024 04:00:00 - 12/08/2024 05:00:00,SCA|NO2,mFRR,Not Specified,Not Specified,MARGINAL,40.66,20.0
12/08/2024 05:00:00 - 12/08/2024 06:00:00,SCA|NO2,mFRR,Not Specified,Not Specified,MARGINAL,28.75,20.0
12/08/2024 06:00:00 - 12/08/2024 07:00:00,SCA|NO2,mFRR,Not Specified,Not Specified,MARGINAL,39.93,20.0
12/08/2024 07:00:00 - 12/08/2024 08:00:00,SCA|NO2,mFRR,Not Specified,Not Specified,MARGINAL,45.54,45.54
12/08/2024 08:00:00 - 12/08/2024 09:00:00,SCA|NO2,mFRR,Not Specified,Not Specified,MARGINAL,48.54,48.54
12/08/2024 09:00:00 - 12/08/2024 10:00:00,SCA|NO2,mFRR,Not Specified,Not Specified,MARGINAL,49.4,49.4
12/08/2024 10:00:00 - 12/08/2024 11:00:00,SCA|NO2,mFRR,Not Specified,Not Specified,MARGINAL,41.96,41.96
12/08/2024 11:00:00 - 12/08/2024 12:00:00,SCA|NO2,mFRR,Not Specified,Not Specified,MARGINAL,15.75,15.75
12/08/2024 12:00:00 - 12/08/2024 13:00:00,SCA|NO2,mFRR,Not Specified,Not Specified,MARGINAL,11.19,5.5
12/08/2024 13:00:00 - 12/08/2024 14:00:00,SCA|NO2,mFRR,Not Specified,Not Specified,MARGINAL,7.21,5.5
12/08/2024 14:00:00 - 12/08/2024 15:00:00,SCA|NO2,mFRR,Not Specified,Not Specified,MARGINAL,27.0,9.47
12/08/2024 15:00:00 - 12/08/2024 16:00:00,SCA|NO2,mFRR,Not Specified,Not Specified,MARGINAL,42.93,20.0
12/08/2024 16:00:00 - 12/08/2024 17:00:00,SCA|NO2,mFRR,Not Specified,Not Specified,MARGINAL,45.94,45.94
12/08/2024 17:00:00 - 12/08/2024 18:00:00,SCA|NO2,mFRR,Not Specified,Not Specified,MARGINAL,53.62,53.62
12/08/2024 18:00:00 - 12/08/2024 19:00:00,SCA|NO2,mFRR,Not Specified,Not Specified,MARGINAL,67.55,67.55
12/08/2024 19:00:00 - 12/08/2024 20:00:00,SCA|NO2,mFRR,Not Specified,Not Specified,MARGINAL,192.61,192.61
12/08/2024 20:00:00 - 12/08/2024 21:00:00,SCA|NO2,mFRR,Not Specified,Not Specified,MARGINAL,62.37,62.37
12/08/2024 21:00:00 - 12/08/2024 22:00:00,SCA|NO2,mFRR,Not Specified,Not Specified,MARGINAL,53.36,53.36
12/08/2024 22:00:00 - 12/08/2024 23:00:00,SCA|NO2,mFRR,Not Specified,Not Specified,MARGINAL,52.23,52.23
12/08/2024 23:00:00 - 13/08/2024 00:00:00,SCA|NO2,mFRR,Not Specified,Not Specified,MARGINAL,50.62,50.62
13/08/2024 00:00:00 - 13/08/2024 01:00:00,SCA|NO2,mFRR,Not Specified,Not Specified,MARGINAL,51.17,51.17
13/08/2024 01:00:00 - 13/08/2024 02:00:00,SCA|NO2,mFRR,Not Specified,Not Specified,MARGINAL,49.42,30.0
13/08/2024 02:00:00 - 13/08/2024 03:00:00,SCA|NO2,mFRR,Not Specified,Not Specified,MARGINAL,48.66,37.0
13/08/2024 03:00:00 - 13/08/2024 04:00:00,SCA|NO2,mFRR,Not Specified,Not Specified,MARGINAL,47.85,47.85
13/08/2024 04:00:00 - 13/08/2024 05:00:00,SCA|NO2,mFRR,Not Specified,Not Specified,MARGINAL,47.34,47.34
13/08/2024 05:00:00 - 13/08/2024 06:00:00,SCA|NO2,mFRR,Not Specified,Not Specified,MARGINAL,47.25,47.25
13/08/2024 06:00:00 - 13/08/2024 07:00:00,SCA|NO2,mFRR,Not Specified,Not Specified,MARGINAL,48.44,48.44
13/08/2024 07:00:00 - 13/08/2024 08:00:00,SCA|NO2,mFRR,Not Specified,Not Specified,MARGINAL,47.57,47.57
13/08/2024 08:00:00 - 13/08/2024 09:00:00,SCA|NO2,mFRR,Not Specified,Not Specified,MARGINAL,49.03,49.03
13/08/2024 09:00:00 - 13/08/2024 10:00:00,SCA|NO2,mFRR,Not Specified,Not Specified,MARGINAL,47.99,47.99
13/08/2024 10:00:00 - 13/08/2024 11:00:00,SCA|NO2,mFRR,Not Specified,Not Specified,MARGINAL,49.9,49.9
13/08/2024 11:00:00 - 13/08/2024 12:00:00,SCA|NO2,mFRR,Not Specified,Not Specified,MARGINAL,48.84,48.84
13/08/2024 12:00:00 - 13/08/2024 13:00:00,SCA|NO2,mFRR,Not Specified,Not Specified,MARGINAL,42.41,30.0
13/08/2024 13:00:00 - 13/08/2024 14:00:00,SCA|NO2,mFRR,Not Specified,Not Specified,MARGINAL,40.12,21.0
13/08/2024 14:00:00 - 13/08/2024 15:00:00,SCA|NO2,mFRR,Not Specified,Not Specified,MARGINAL,45.55,20.0
13/08/2024 15:00:00 - 13/08/2024 16:00:00,SCA|NO2,mFRR,Not Specified,Not Specified,MARGINAL,48.72,33.5
13/08/2024 16:00:00 - 13/08/2024 17:00:00,SCA|NO2,mFRR,Not Specified,Not Specified,MARGINAL,49.59,49.59
13/08/2024 17:00:00 - 13/08/2024 18:00:00,SCA|NO2,mFRR,Not Specified,Not Specified,MARGINAL,52.48,52.48
13/08/2024 18:00:00 - 13/08/2024 19:00:00,SCA|NO2,mFRR,Not Specified,Not Specified,MARGINAL,52.84,52.84
13/08/2024 19:00:00 - 13/08/2024 20:00:00,SCA|NO2,mFRR,Not Specified,Not Specified,MARGINAL,52.98,52.98
13/08/2024 20:00:00 - 13/08/2024 21:00:00,SCA|NO2,mFRR,Not Specified,Not Specified,MARGINAL,52.47,52.47
13/08/2024 21:00:00 - 13/08/2024 22:00:00,SCA|NO2,mFRR,Not Specified,Not Specified,MARGINAL,50.93,50.93
13/08/2024 22:00:00 - 13/08/2024 23:00:00,SCA|NO2,mFRR,Not Specified,Not Specified,MARGINAL,49.47,40.5
13/08/2024 23:00:00 - 14/08/2024 00:00:00,SCA|NO2,mFRR,Not Specified,Not Specified,MARGINAL,49.96,21.0
14/08/2024 00:00:00 - 14/08/2024 01:00:00,SCA|NO2,mFRR,Not Specified,Not Specified,MARGINAL,47.79,17.0
14/08/2024 01:00:00 - 14/08/2024 02:00:00,SCA|NO2,mFRR,Not Specified,Not Specified,MARGINAL,51.73,18.0
14/08/2024 02:00:00 - 14/08/2024 03:00:00,SCA|NO2,mFRR,Not Specified,Not Specified,MARGINAL,54.06,25.0
14/08/2024 03:00:00 - 14/08/2024 04:00:00,SCA|NO2,mFRR,Not Specified,Not Specified,MARGINAL,54.11,25.0
14/08/2024 04:00:00 - 14/08/2024 05:00:00,SCA|NO2,mFRR,Not Specified,Not Specified,MARGINAL,54.8,47.0
14/08/2024 05:00:00 - 14/08/2024 06:00:00,SCA|NO2,mFRR,Not Specified,Not Specified,MARGINAL,55.04,47.0
14/08/2024 06:00:00 - 14/08/2024 07:00:00,SCA|NO2,mFRR,Not Specified,Not Specified,MARGINAL,55.19,49.0
14/08/2024 07:00:00 - 14/08/2024 08:00:00,SCA|NO2,mFRR,Not Specified,Not Specified,MARGINAL,55.21,41.0
14/08/2024 08:00:00 - 14/08/2024 09:00:00,SCA|NO2,mFRR,Not Specified,Not Specified,MARGINAL,55.32,49.0
14/08/2024 09:00:00 - 14/08/2024 10:00:00,SCA|NO2,mFRR,Not Specified,Not Specified,MARGINAL,54.95,49.0
14/08/2024 10:00:00 - 14/08/2024 11:00:00,SCA|NO2,mFRR,Not Specified,Not Specified,MARGINAL,54.9,54.9
14/08/2024 11:00:00 - 14/08/2024 12:00:00,SCA|NO2,mFRR,Not Specified,Not Specified,MARGINAL,55.05,55.05
14/08/2024 12:00:00 - 14/08/2024 13:00:00,SCA|NO2,mFRR,Not Specified,Not Specified,MARGINAL,55.19,55.19
14/08/2024 13:00:00 - 14/08/2024 14:00:00,SCA|NO2,mFRR,Not Specified,Not Specified,MARGINAL,55.64,49.0
14/08/2024 14:00:00 - 14/08/2024 15:00:00,SCA|NO2,mFRR,Not Specified,Not Specified,MARGINAL,55.91,49.0
14/08/2024 15:00:00 - 14/08/2024 16:00:00,SCA|NO2,mFRR,Not Specified,Not Specified,MARGINAL,57.07,49.0
14/08/2024 16:00:00 - 14/08/2024 17:00:00,SCA|NO2,mFRR,Not Specified,Not Specified,MARGINAL,65.0,55.99
14/08/2024 17:00:00 - 14/08/2024 18:00:00,SCA|NO2,mFRR,Not Specified,Not Specified,MARGINAL,64.5,57.28
14/08/2024 18:00:00 - 14/08/2024 19:00:00,SCA|NO2,mFRR,Not Specified,Not Specified,MARGINAL,63.5,59.62
14/08/2024 19:00:00 - 14/08/2024 20:00:00,SCA|NO2,mFRR,Not Specified,Not Specified,MARGINAL,65.0,57.09
14/08/2024 20:00:00 - 14/08/2024 21:00:00,SCA|NO2,mFRR,Not Specified,Not Specified,MARGINAL,65.0,55.93
14/08/2024 21:00:00 - 14/08/2024 22:00:00,SCA|NO2,mFRR,Not Specified,Not Specified,MARGINAL,63.5,58.01
14/08/2024 22:00:00 - 14/08/2024 23:00:00,SCA|NO2,mFRR,Not Specified,Not Specified,MARGINAL,63.5,55.9
14/08/2024 23:00:00 - 15/08/2024 00:00:00,SCA|NO2,mFRR,Not Specified,Not Specified,MARGINAL,55.8,55.8
15/08/2024 00:00:00 - 15/08/2024 01:00:00,SCA|NO2,mFRR,Not Specified,Not Specified,MARGINAL,57.47,57.47
15/08/2024 01:00:00 - 15/08/2024 02:00:00,SCA|NO2,mFRR,Not Specified,Not Specified,MARGINAL,57.16,57.16
15/08/2024 02:00:00 - 15/08/2024 03:00:00,SCA|NO2,mFRR,Not Specified,Not Specified,MARGINAL,56.69,56.69
15/08/2024 03:00:00 - 15/08/2024 04:00:00,SCA|NO2,mFRR,Not Specified,Not Specified,MARGINAL,54.92,54.92
15/08/2024 04:00:00 - 15/08/2024 05:00:00,SCA|NO2,mFRR,Not Specified,Not Specified,MARGINAL,48.2,41.0
15/08/2024 05:00:00 - 15/08/2024 06:00:00,SCA|NO2,mFRR,Not Specified,Not Specified,MARGINAL,48.05,41.0
15/08/2024 06:00:00 - 15/08/2024 07:00:00,SCA|NO2,mFRR,Not Specified,Not Specified,MARGINAL,56.09,56.09
15/08/2024 07:00:00 - 15/08/2024 08:00:00,SCA|NO2,mFRR,Not Specified,Not Specified,MARGINAL,56.68,56.68
15/08/2024 08:00:00 - 15/08/2024 09:00:00,SCA|NO2,mFRR,Not Specified,Not Specified,MARGINAL,60.0,57.91
15/08/2024 09:00:00 - 15/08/2024 10:00:00,SCA|NO2,mFRR,Not Specified,Not Specified,MARGINAL,60.0,56.63
15/08/2024 10:00:00 - 15/08/2024 11:00:00,SCA|NO2,mFRR,Not Specified,Not Specified,MARGINAL,47.99,47.99
15/08/2024 11:00:00 - 15/08/2024 12:00:00,SCA|NO2,mFRR,Not Specified,Not Specified,MARGINAL,39.9,39.9
15/08/2024 12:00:00 - 15/08/2024 13:00:00,SCA|NO2,mFRR,Not Specified,Not Specified,MARGINAL,15.11,5.0
15/08/2024 13:00:00 - 15/08/2024 14:00:00,SCA|NO2,mFRR,Not Specified,Not Specified,MARGINAL,9.94,3.0
15/08/2024 14:00:00 - 15/08/2024 15:00:00,SCA|NO2,mFRR,Not Specified,Not Specified,MARGINAL,10.01,10.01
15/08/2024 15:00:00 - 15/08/2024 16:00:00,SCA|NO2,mFRR,Not Specified,Not Specified,MARGINAL,16.0,15.8
15/08/2024 16:00:00 - 15/08/2024 17:00:00,SCA|NO2,mFRR,Not Specified,Not Specified,MARGINAL,40.88,40.88
15/08/2024 17:00:00 - 15/08/2024 18:00:00,SCA|NO2,mFRR,Not Specified,Not Specified,MARGINAL,44.98,44.98
15/08/2024 18:00:00 - 15/08/2024 19:00:00,SCA|NO2,mFRR,Not Specified,Not Specified,MARGINAL,51.96,51.96
15/08/2024 19:00:00 - 15/08/2024 20:00:00,SCA|NO2,mFRR,Not Specified,Not Specified,MARGINAL,56.09,56.09
15/08/2024 20:00:00 - 15/08/2024 21:00:00,SCA|NO2,mFRR,Not Specified,Not Specified,MARGINAL,56.16,40.0
15/08/2024 21:00:00 - 15/08/2024 22:00:00,SCA|NO2,mFRR,Not Specified,Not Specified,MARGINAL,56.32,40.0
15/08/2024 22:00:00 - 15/08/2024 23:00:00,SCA|NO2,mFRR,Not Specified,Not Specified,MARGINAL,55.56,44.0
15/08/2024 23:00:00 - 16/08/2024 00:00:00,SCA|NO2,mFRR,Not Specified,Not Specified,MARGINAL,56.06,56.06
16/08/2024 00:00:00 - 16/08/2024 01:00:00,SCA|NO2,mFRR,Not Specified,Not Specified,MARGINAL,56.18,44.0
16/08/2024 01:00:00 - 16/08/2024 02:00:00,SCA|NO2,mFRR,Not Specified,Not Specified,MARGINAL,55.61,55.61
16/08/2024 02:00:00 - 16/08/2024 03:00:00,SCA|NO2,mFRR,Not Specified,Not Specified,MARGINAL,54.94,54.94
16/08/2024 03:00:00 - 16/08/2024 04:00:00,SCA|NO2,mFRR,Not Specified,Not Specified,MARGINAL,55.22,55.22
16/08/2024 04:00:00 - 16/08/2024 05:00:00,SCA|NO2,mFRR,Not Specified,Not Specified,MARGINAL,50.05,40.0
16/08/2024 05:00:00 - 16/08/2024 06:00:00,SCA|NO2,mFRR,Not Specified,Not Specified,MARGINAL,56.31,44.0
16/08/2024 06:00:00 - 16/08/2024 07:00:00,SCA|NO2,mFRR,Not Specified,Not Specified,MARGINAL,56.66,44.0
16/08/2024 07:00:00 - 16/08/2024 08:00:00,SCA|NO2,mFRR,Not Specified,Not Specified,MARGINAL,56.78,56.78
16/08/2024 08:00:00 - 16/08/2024 09:00:00,SCA|NO2,mFRR,Not Specified,Not Specified,MARGINAL,56.24,56.24
16/08/2024 09:00:00 - 16/08/2024 10:00:00,SCA|NO2,mFRR,Not Specified,Not Specified,MARGINAL,55.71,55.71
16/08/2024 10:00:00 - 16/08/2024 11:00:00,SCA|NO2,mFRR,Not Specified,Not Specified,MARGINAL,55.06,33.5
16/08/2024 11:00:00 - 16/08/2024 12:00:00,SCA|NO2,mFRR,Not Specified,Not Specified,MARGINAL,56.54,33.5
16/08/2024 12:00:00 - 16/08/2024 13:00:00,SCA|NO2,mFRR,Not Specified,Not Specified,MARGINAL,49.21,33.5
16/08/2024 13:00:00 - 16/08/2024 14:00:00,SCA|NO2,mFRR,Not Specified,Not Specified,MARGINAL,48.49,37.0
16/08/2024 14:00:00 - 16/08/2024 15:00:00,SCA|NO2,mFRR,Not Specified,Not Specified,MARGINAL,46.19,46.19
16/08/2024 15:00:00 - 16/08/2024 16:00:00,SCA|NO2,mFRR,Not Specified,Not Specified,MARGINAL,52.52,52.52
16/08/2024 16:00:00 - 16/08/2024 17:00:00,SCA|NO2,mFRR,Not Specified,Not Specified,MARGINAL,53.43,53.43
16/08/2024 17:00:00 - 16/08/2024 18:00:00,SCA|NO2,mFRR,Not Specified,Not Specified,MARGINAL,56.89,56.89
16/08/2024 18:00:00 - 16/08/2024 19:00:00,SCA|NO2,mFRR,Not Specified,Not Specified,MARGINAL,56.9,56.9
16/08/2024 19:00:00 - 16/08/2024 20:00:00,SCA|NO2,mFRR,Not Specified,Not Specified,MARGINAL,57.04,57.04
16/08/2024 20:00:00 - 16/08/2024 21:00:00,SCA|NO2,mFRR,Not Specified,Not Specified,MARGINAL,57.01,57.01
16/08/2024 21:00:00 - 16/08/2024 22:00:00,SCA|NO2,mFRR,Not Specified,Not Specified,MARGINAL,56.95,56.95
16/08/2024 22:00:00 - 16/08/2024 23:00:00,SCA|NO2,mFRR,Not Specified,Not Specified,MARGINAL,56.51,56.51
16/08/2024 23:00:00 - 17/08/2024 00:00:00,SCA|NO2,mFRR,Not Specified,Not Specified,MARGINAL,56.4,56.4
17/08/2024 00:00:00 - 17/08/2024 01:00:00,SCA|NO2,mFRR,Not Specified,Not Specified,MARGINAL,54.75,54.75
17/08/2024 01:00:00 - 17/08/2024 02:00:00,SCA|NO2,mFRR,Not Specified,Not Specified,MARGINAL,54.42,54.42
17/08/2024 02:00:00 - 17/08/2024 03:00:00,SCA|NO2,mFRR,Not Specified,Not Specified,MARGINAL,54.3,54.3
17/08/2024 03:00:00 - 17/08/2024 04:00:00,SCA|NO2,mFRR,Not Specified,Not Specified,MARGINAL,54.23,54.23
17/08/2024 04:00:00 - 17/08/2024 05:00:00,SCA|NO2,mFRR,Not Specified,Not Specified,MARGINAL,54.23,54.23
17/08/2024 05:00:00 - 17/08/2024 06:00:00,SCA|NO2,mFRR,Not Specified,Not Specified,MARGINAL,54.17,54.17
17/08/2024 06:00:00 - 17/08/2024 07:00:00,SCA|NO2,mFRR,Not Specified,Not Specified,MARGINAL,54.24,54.24
17/08/2024 07:00:00 - 17/08/2024 08:00:00,SCA|NO2,mFRR,Not Specified,Not Specified,MARGINAL,54.36,54.36
17/08/2024 08:00:00 - 17/08/2024 09:00:00,SCA|NO2,mFRR,Not Specified,Not Specified,MARGINAL,54.59,54.59
17/08/2024 09:00:00 - 17/08/2024 10:00:00,SCA|NO2,mFRR,Not Specified,Not Specified,MARGINAL,54.39,54.39
17/08/2024 10:00:00 - 17/08/2024 11:00:00,SCA|NO2,mFRR,Not Specified,Not Specified,MARGINAL,52.99,52.99
17/08/2024 11:00:00 - 17/08/2024 12:00:00,SCA|NO2,mFRR,Not Specified,Not Specified,MARGINAL,52.59,52.59
17/08/2024 12:00:00 - 17/08/2024 13:00:00,SCA|NO2,mFRR,Not Specified,Not Specified,MARGINAL,45.48,45.48
17/08/2024 13:00:00 - 17/08/2024 14:00:00,SCA|NO2,mFRR,Not Specified,Not Specified,MARGINAL,39.45,39.45
17/08/2024 14:00:00 - 17/08/2024 15:00:00,SCA|NO2,mFRR,Not Specified,Not Specified,MARGINAL,63.0,38.21
17/08/2024 15:00:00 - 17/08/2024 16:00:00,SCA|NO2,mFRR,Not Specified,Not Specified,MARGINAL,63.0,43.03
17/08/2024 16:00:00 - 17/08/2024 17:00:00,SCA|NO2,mFRR,Not Specified,Not Specified,MARGINAL,52.56,52.56
17/08/2024 17:00:00 - 17/08/2024 18:00:00,SCA|NO2,mFRR,Not Specified,Not Specified,MARGINAL,65.0,54.63
17/08/2024 18:00:00 - 17/08/2024 19:00:00,SCA|NO2,mFRR,Not Specified,Not Specified,MARGINAL,63.5,55.05
17/08/2024 19:00:00 - 17/08/2024 20:00:00,SCA|NO2,mFRR,Not Specified,Not Specified,MARGINAL,63.5,55.03
17/08/2024 20:00:00 - 17/08/2024 21:00:00,SCA|NO2,mFRR,Not Specified,Not Specified,MARGINAL,63.5,55.02
17/08/2024 21:00:00 - 17/08/2024 22:00:00,SCA|NO2,mFRR,Not Specified,Not Specified,MARGINAL,63.5,54.99
17/08/2024 22:00:00 - 17/08/2024 23:00:00,SCA|NO2,mFRR,Not Specified,Not Specified,MARGINAL,63.5,54.82
17/08/2024 23:00:00 - 18/08/2024 00:00:00,SCA|NO2,mFRR,Not Specified,Not Specified,MARGINAL,56.0,54.71
18/08/2024 00:00:00 - 18/08/2024 01:00:00,SCA|NO2,mFRR,Not Specified,Not Specified,MARGINAL,53.14,53.14
18/08/2024 01:00:00 - 18/08/2024 02:00:00,SCA|NO2,mFRR,Not Specified,Not Specified,MARGINAL,53.05,53.05
18/08/2024 02:00:00 - 18/08/2024 03:00:00,SCA|NO2,mFRR,Not Specified,Not Specified,MARGINAL,52.87,52.87
18/08/2024 03:00:00 - 18/08/2024 04:00:00,SCA|NO2,mFRR,Not Specified,Not Specified,MARGINAL,52.73,52.73
18/08/2024 04:00:00 - 18/08/2024 05:00:00,SCA|NO2,mFRR,Not Specified,Not Specified,MARGINAL,52.14,52.14
18/08/2024 05:00:00 - 18/08/2024 06:00:00,SCA|NO2,mFRR,Not Specified,Not Specified,MARGINAL,45.12,45.12
18/08/2024 06:00:00 - 18/08/2024 07:00:00,SCA|NO2,mFRR,Not Specified,Not Specified,MARGINAL,52.44,52.44
18/08/2024 07:00:00 - 18/08/2024 08:00:00,SCA|NO2,mFRR,Not Specified,Not Specified,MARGINAL,49.98,49.98
18/08/2024 08:00:00 - 18/08/2024 09:00:00,SCA|NO2,mFRR,Not Specified,Not Specified,MARGINAL,52.18,52.18
18/08/2024 09:00:00 - 18/08/2024 10:00:00,SCA|NO2,mFRR,Not Specified,Not Specified,MARGINAL,43.2,43.2
18/08/2024 10:00:00 - 18/08/2024 11:00:00,SCA|NO2,mFRR,Not Specified,Not Specified,MARGINAL,39.97,39.97
18/08/2024 11:00:00 - 18/08/2024 12:00:00,SCA|NO2,mFRR,Not Specified,Not Specified,MARGINAL,39.87,39.87
18/08/2024 12:00:00 - 18/08/2024 13:00:00,SCA|NO2,mFRR,Not Specified,Not Specified,MARGINAL,37.15,37.15
18/08/2024 13:00:00 - 18/08/2024 14:00:00,SCA|NO2,mFRR,Not Specified,Not Specified,MARGINAL,28.43,28.43
18/08/2024 14:00:00 - 18/08/2024 15:00:00,SCA|NO2,mFRR,Not Specified,Not Specified,MARGINAL,17.17,17.17
18/08/2024 15:00:00 - 18/08/2024 16:00:00,SCA|NO2,mFRR,Not Specified,Not Specified,MARGINAL,36.45,36.45
18/08/2024 16:00:00 - 18/08/2024 17:00:00,SCA|NO2,mFRR,Not Specified,Not Specified,MARGINAL,58.0,39.99
18/08/2024 17:00:00 - 18/08/2024 18:00:00,SCA|NO2,mFRR,Not Specified,Not Specified,MARGINAL,63.0,42.66
18/08/2024 18:00:00 - 18/08/2024 19:00:00,SCA|NO2,mFRR,Not Specified,Not Specified,MARGINAL,63.0,46.23
18/08/2024 19:00:00 - 18/08/2024 20:00:00,SCA|NO2,mFRR,Not Specified,Not Specified,MARGINAL,64.0,52.67
18/08/2024 20:00:00 - 18/08/2024 21:00:00,SCA|NO2,mFRR,Not Specified,Not Specified,MARGINAL,64.0,52.85
18/08/2024 21:00:00 - 18/08/2024 22:00:00,SCA|NO2,mFRR,Not Specified,Not Specified,MARGINAL,64.0,52.88
18/08/2024 22:00:00 - 18/08/2024 23:00:00,SCA|NO2,mFRR,Not Specified,Not Specified,MARGINAL,63.0,52.56
18/08/2024 23:00:00 - 19/08/2024 00:00:00,SCA|NO2,mFRR,Not Specified,Not Specified,MARGINAL,63.0,52.13
19/08/2024 00:00:00 - 19/08/2024 01:00:00,SCA|NO2,mFRR,Not Specified,Not Specified,MARGINAL,65.0,54.12
19/08/2024 01:00:00 - 19/08/2024 02:00:00,SCA|NO2,mFRR,Not Specified,Not Specified,MARGINAL,49.99,49.99
19/08/2024 02:00:00 - 19/08/2024 03:00:00,SCA|NO2,mFRR,Not Specified,Not Specified,MARGINAL,49.73,49.73
19/08/2024 03:00:00 - 19/08/2024 04:00:00,SCA|NO2,mFRR,Not Specified,Not Specified,MARGINAL,51.88,51.88
19/08/2024 04:00:00 - 19/08/2024 05:00:00,SCA|NO2,mFRR,Not Specified,Not Specified,MARGINAL,54.13,54.13
19/08/2024 05:00:00 - 19/08/2024 06:00:00,SCA|NO2,mFRR,Not Specified,Not Specified,MARGINAL,54.61,54.61
19/08/2024 06:00:00 - 19/08/2024 07:00:00,SCA|NO2,mFRR,Not Specified,Not Specified,MARGINAL,55.05,55.05
19/08/2024 07:00:00 - 19/08/2024 08:00:00,SCA|NO2,mFRR,Not Specified,Not Specified,MARGINAL,75.0,55.11
19/08/2024 08:00:00 - 19/08/2024 09:00:00,SCA|NO2,mFRR,Not Specified,Not Specified,MARGINAL,75.0,55.31
19/08/2024 09:00:00 - 19/08/2024 10:00:00,SCA|NO2,mFRR,Not Specified,Not Specified,MARGINAL,67.0,54.69
19/08/2024 10:00:00 - 19/08/2024 11:00:00,SCA|NO2,mFRR,Not Specified,Not Specified,MARGINAL,54.97,44.5
19/08/2024 11:00:00 - 19/08/2024 12:00:00,SCA|NO2,mFRR,Not Specified,Not Specified,MARGINAL,55.15,50.5
19/08/2024 12:00:00 - 19/08/2024 13:00:00,SCA|NO2,mFRR,Not Specified,Not Specified,MARGINAL,55.16,50.5
19/08/2024 13:00:00 - 19/08/2024 14:00:00,SCA|NO2,mFRR,Not Specified,Not Specified,MARGINAL,55.29,55.29
19/08/2024 14:00:00 - 19/08/2024 15:00:00,SCA|NO2,mFRR,Not Specified,Not Specified,MARGINAL,55.09,44.0
19/08/2024 15:00:00 - 19/08/2024 16:00:00,SCA|NO2,mFRR,Not Specified,Not Specified,MARGINAL,54.95,49.5
19/08/2024 16:00:00 - 19/08/2024 17:00:00,SCA|NO2,mFRR,Not Specified,Not Specified,MARGINAL,54.77,49.59
19/08/2024 17:00:00 - 19/08/2024 18:00:00,SCA|NO2,mFRR,Not Specified,Not Specified,MARGINAL,55.06,55.06
19/08/2024 18:00:00 - 19/08/2024 19:00:00,SCA|NO2,mFRR,Not Specified,Not Specified,MARGINAL,66.0,55.1
19/08/2024 19:00:00 - 19/08/2024 20:00:00,SCA|NO2,mFRR,Not Specified,Not Specified,MARGINAL,64.0,55.39
19/08/2024 20:00:00 - 19/08/2024 21:00:00,SCA|NO2,mFRR,Not Specified,Not Specified,MARGINAL,64.0,55.27
19/08/2024 21:00:00 - 19/08/2024 22:00:00,SCA|NO2,mFRR,Not Specified,Not Specified,MARGINAL,56.0,54.93
19/08/2024 22:00:00 - 19/08/2024 23:00:00,SCA|NO2,mFRR,Not Specified,Not Specified,MARGINAL,58.0,54.47
19/08/2024 23:00:00 - 20/08/2024 00:00:00,SCA|NO2,mFRR,Not Specified,Not Specified,MARGINAL,52.91,52.91
20/08/2024 00:00:00 - 20/08/2024 01:00:00,SCA|NO2,mFRR,Not Specified,Not Specified,MARGINAL,49.98,49.98
20/08/2024 01:00:00 - 20/08/2024 02:00:00,SCA|NO2,mFRR,Not Specified,Not Specified,MARGINAL,41.35,41.0
20/08/2024 02:00:00 - 20/08/2024 03:00:00,SCA|NO2,mFRR,Not Specified,Not Specified,MARGINAL,39.47,39.47
20/08/2024 03:00:00 - 20/08/2024 04:00:00,SCA|NO2,mFRR,Not Specified,Not Specified,MARGINAL,39.39,39.39
20/08/2024 04:00:00 - 20/08/2024 05:00:00,SCA|NO2,mFRR,Not Specified,Not Specified,MARGINAL,33.08,33.08
20/08/2024 05:00:00 - 20/08/2024 06:00:00,SCA|NO2,mFRR,Not Specified,Not Specified,MARGINAL,37.26,37.26
20/08/2024 06:00:00 - 20/08/2024 07:00:00,SCA|NO2,mFRR,Not Specified,Not Specified,MARGINAL,49.2,49.2
20/08/2024 07:00:00 - 20/08/2024 08:00:00,SCA|NO2,mFRR,Not Specified,Not Specified,MARGINAL,55.5,49.92
20/08/2024 08:00:00 - 20/08/2024 09:00:00,SCA|NO2,mFRR,Not Specified,Not Specified,MARGINAL,54.04,54.04
20/08/2024 09:00:00 - 20/08/2024 10:00:00,SCA|NO2,mFRR,Not Specified,Not Specified,MARGINAL,54.12,54.12
20/08/2024 10:00:00 - 20/08/2024 11:00:00,SCA|NO2,mFRR,Not Specified,Not Specified,MARGINAL,54.29,54.29
20/08/2024 11:00:00 - 20/08/2024 12:00:00,SCA|NO2,mFRR,Not Specified,Not Specified,MARGINAL,59.5,43.64
20/08/2024 12:00:00 - 20/08/2024 13:00:00,SCA|NO2,mFRR,Not Specified,Not Specified,MARGINAL,36.52,36.52
20/08/2024 13:00:00 - 20/08/2024 14:00:00,SCA|NO2,mFRR,Not Specified,Not Specified,MARGINAL,17.69,17.69
20/08/2024 14:00:00 - 20/08/2024 15:00:00,SCA|NO2,mFRR,Not Specified,Not Specified,MARGINAL,19.5,1.0
20/08/2024 15:00:00 - 20/08/2024 16:00:00,SCA|NO2,mFRR,Not Specified,Not Specified,MARGINAL,21.78,1.0
20/08/2024 16:00:00 - 20/08/2024 17:00:00,SCA|NO2,mFRR,Not Specified,Not Specified,MARGINAL,42.26,6.0
20/08/2024 17:00:00 - 20/08/2024 18:00:00,SCA|NO2,mFRR,Not Specified,Not Specified,MARGINAL,60.0,26.0
20/08/2024 18:00:00 - 20/08/2024 19:00:00,SCA|NO2,mFRR,Not Specified,Not Specified,MARGINAL,64.99,64.99
20/08/2024 19:00:00 - 20/08/2024 20:00:00,SCA|NO2,mFRR,Not Specified,Not Specified,MARGINAL,119.7,119.7
20/08/2024 20:00:00 - 20/08/2024 21:00:00,SCA|NO2,mFRR,Not Specified,Not Specified,MARGINAL,94.04,45.0
20/08/2024 21:00:00 - 20/08/2024 22:00:00,SCA|NO2,mFRR,Not Specified,Not Specified,MARGINAL,116.16,45.0
20/08/2024 22:00:00 - 20/08/2024 23:00:00,SCA|NO2,mFRR,Not Specified,Not Specified,MARGINAL,64.94,47.5
20/08/2024 23:00:00 - 21/08/2024 00:00:00,SCA|NO2,mFRR,Not Specified,Not Specified,MARGINAL,55.76,49.5
21/08/2024 00:00:00 - 21/08/2024 01:00:00,SCA|NO2,mFRR,Not Specified,Not Specified,MARGINAL,57.34,49.5
21/08/2024 01:00:00 - 21/08/2024 02:00:00,SCA|NO2,mFRR,Not Specified,Not Specified,MARGINAL,55.43,36.5
21/08/2024 02:00:00 - 21/08/2024 03:00:00,SCA|NO2,mFRR,Not Specified,Not Specified,MARGINAL,42.78,33.0
21/08/2024 03:00:00 - 21/08/2024 04:00:00,SCA|NO2,mFRR,Not Specified,Not Specified,MARGINAL,39.92,0.0
21/08/2024 04:00:00 - 21/08/2024 05:00:00,SCA|NO2,mFRR,Not Specified,Not Specified,MARGINAL,20.39,-2.0
21/08/2024 05:00:00 - 21/08/2024 06:00:00,SCA|NO2,mFRR,Not Specified,Not Specified,MARGINAL,36.63,4.0
21/08/2024 06:00:00 - 21/08/2024 07:00:00,SCA|NO2,mFRR,Not Specified,Not Specified,MARGINAL,42.87,24.0
21/08/2024 07:00:00 - 21/08/2024 08:00:00,SCA|NO2,mFRR,Not Specified,Not Specified,MARGINAL,48.65,36.5
21/08/2024 08:00:00 - 21/08/2024 09:00:00,SCA|NO2,mFRR,Not Specified,Not Specified,MARGINAL,57.31,57.31
21/08/2024 09:00:00 - 21/08/2024 10:00:00,SCA|NO2,mFRR,Not Specified,Not Specified,MARGINAL,41.76,41.76
21/08/2024 10:00:00 - 21/08/2024 11:00:00,SCA|NO2,mFRR,Not Specified,Not Specified,MARGINAL,22.49,2.95
21/08/2024 11:00:00 - 21/08/2024 12:00:00,SCA|NO2,mFRR,Not Specified,Not Specified,MARGINAL,7.86,1.86
21/08/2024 12:00:00 - 21/08/2024 13:00:00,SCA|NO2,mFRR,Not Specified,Not Specified,MARGINAL,5.5,0.43
21/08/2024 13:00:00 - 21/08/2024 14:00:00,SCA|NO2,mFRR,Not Specified,Not Specified,MARGINAL,0.0,0.0
21/08/2024 14:00:00 - 21/08/2024 15:00:00,SCA|NO2,mFRR,Not Specified,Not Specified,MARGINAL,-0.07,-0.07
21/08/2024 15:00:00 - 21/08/2024 16:00:00,SCA|NO2,mFRR,Not Specified,Not Specified,MARGINAL,-0.01,-0.01
21/08/2024 16:00:00 - 21/08/2024 17:00:00,SCA|NO2,mFRR,Not Specified,Not Specified,MARGINAL,1.4,1.4
21/08/2024 17:00:00 - 21/08/2024 18:00:00,SCA|NO2,mFRR,Not Specified,Not Specified,MARGINAL,3.96,3.96
21/08/2024 18:00:00 - 21/08/2024 19:00:00,SCA|NO2,mFRR,Not Specified,Not Specified,MARGINAL,43.76,43.76
21/08/2024 19:00:00 - 21/08/2024 20:00:00,SCA|NO2,mFRR,Not Specified,Not Specified,MARGINAL,56.83,56.83
21/08/2024 20:00:00 - 21/08/2024 21:00:00,SCA|NO2,mFRR,Not Specified,Not Specified,MARGINAL,56.69,49.0
21/08/2024 21:00:00 - 21/08/2024 22:00:00,SCA|NO2,mFRR,Not Specified,Not Specified,MARGINAL,56.91,49.0
21/08/2024 22:00:00 - 21/08/2024 23:00:00,SCA|NO2,mFRR,Not Specified,Not Specified,MARGINAL,56.44,35.5
21/08/2024 23:00:00 - 22/08/2024 00:00:00,SCA|NO2,mFRR,Not Specified,Not Specified,MARGINAL,56.34,28.0
22/08/2024 00:00:00 - 22/08/2024 01:00:00,SCA|NO2,mFRR,Not Specified,Not Specified,MARGINAL,43.29,-2.0
22/08/2024 01:00:00 - 22/08/2024 02:00:00,SCA|NO2,mFRR,Not Specified,Not Specified,MARGINAL,33.13,-2.0
22/08/2024 02:00:00 - 22/08/2024 03:00:00,SCA|NO2,mFRR,Not Specified,Not Specified,MARGINAL,25.29,-5.0
22/08/2024 03:00:00 - 22/08/2024 04:00:00,SCA|NO2,mFRR,Not Specified,Not Specified,MARGINAL,19.91,-3.0
22/08/2024 04:00:00 - 22/08/2024 05:00:00,SCA|NO2,mFRR,Not Specified,Not Specified,MARGINAL,12.68,-3.0
22/08/2024 05:00:00 - 22/08/2024 06:00:00,SCA|NO2,mFRR,Not Specified,Not Specified,MARGINAL,3.07,-4.5
22/08/2024 06:00:00 - 22/08/2024 07:00:00,SCA|NO2,mFRR,Not Specified,Not Specified,MARGINAL,4.92,-4.5
22/08/2024 07:00:00 - 22/08/2024 08:00:00,SCA|NO2,mFRR,Not Specified,Not Specified,MARGINAL,11.07,0.0
22/08/2024 08:00:00 - 22/08/2024 09:00:00,SCA|NO2,mFRR,Not Specified,Not Specified,MARGINAL,15.37,3.0
22/08/2024 09:00:00 - 22/08/2024 10:00:00,SCA|NO2,mFRR,Not Specified,Not Specified,MARGINAL,13.94,1.0
22/08/2024 10:00:00 - 22/08/2024 11:00:00,SCA|NO2,mFRR,Not Specified,Not Specified,MARGINAL,6.99,0.0
22/08/2024 11:00:00 - 22/08/2024 12:00:00,SCA|NO2,mFRR,Not Specified,Not Specified,MARGINAL,3.79,0.0
22/08/2024 12:00:00 - 22/08/2024 13:00:00,SCA|NO2,mFRR,Not Specified,Not Specified,MARGINAL,1.14,-1.0
22/08/2024 13:00:00 - 22/08/2024 14:00:00,SCA|NO2,mFRR,Not Specified,Not Specified,MARGINAL,-0.61,-1.0
22/08/2024 14:00:00 - 22/08/2024 15:00:00,SCA|NO2,mFRR,Not Specified,Not Specified,MARGINAL,-0.07,-1.0
22/08/2024 15:00:00 - 22/08/2024 16:00:00,SCA|NO2,mFRR,Not Specified,Not Specified,MARGINAL,1.15,-3.5
22/08/2024 16:00:00 - 22/08/2024 17:00:00,SCA|NO2,mFRR,Not Specified,Not Specified,MARGINAL,3.73,3.73
22/08/2024 17:00:00 - 22/08/2024 18:00:00,SCA|NO2,mFRR,Not Specified,Not Specified,MARGINAL,16.15,16.15
22/08/2024 18:00:00 - 22/08/2024 19:00:00,SCA|NO2,mFRR,Not Specified,Not Specified,MARGINAL,44.15,44.15
22/08/2024 19:00:00 - 22/08/2024 20:00:00,SCA|NO2,mFRR,Not Specified,Not Specified,MARGINAL,56.12,40.0
22/08/2024 20:00:00 - 22/08/2024 21:00:00,SCA|NO2,mFRR,Not Specified,Not Specified,MARGINAL,58.12,42.5
22/08/2024 21:00:00 - 22/08/2024 22:00:00,SCA|NO2,mFRR,Not Specified,Not Specified,MARGINAL,58.24,42.5
22/08/2024 22:00:00 - 22/08/2024 23:00:00,SCA|NO2,mFRR,Not Specified,Not Specified,MARGINAL,54.97,49.59
22/08/2024 23:00:00 - 23/08/2024 00:00:00,SCA|NO2,mFRR,Not Specified,Not Specified,MARGINAL,54.97,32.5
23/08/2024 00:00:00 - 23/08/2024 01:00:00,SCA|NO2,mFRR,Not Specified,Not Specified,MARGINAL,46.14,35.0
23/08/2024 01:00:00 - 23/08/2024 02:00:00,SCA|NO2,mFRR,Not Specified,Not Specified,MARGINAL,38.77,38.77
23/08/2024 02:00:00 - 23/08/2024 03:00:00,SCA|NO2,mFRR,Not Specified,Not Specified,MARGINAL,32.06,32.06
23/08/2024 03:00:00 - 23/08/2024 04:00:00,SCA|NO2,mFRR,Not Specified,Not Specified,MARGINAL,16.51,-1.5
23/08/2024 04:00:00 - 23/08/2024 05:00:00,SCA|NO2,mFRR,Not Specified,Not Specified,MARGINAL,9.13,-1.5
23/08/2024 05:00:00 - 23/08/2024 06:00:00,SCA|NO2,mFRR,Not Specified,Not Specified,MARGINAL,6.65,-3.0
23/08/2024 06:00:00 - 23/08/2024 07:00:00,SCA|NO2,mFRR,Not Specified,Not Specified,MARGINAL,14.57,-3.0
23/08/2024 07:00:00 - 23/08/2024 08:00:00,SCA|NO2,mFRR,Not Specified,Not Specified,MARGINAL,24.55,0.0
23/08/2024 08:00:00 - 23/08/2024 09:00:00,SCA|NO2,mFRR,Not Specified,Not Specified,MARGINAL,24.97,24.97
23/08/2024 09:00:00 - 23/08/2024 10:00:00,SCA|NO2,mFRR,Not Specified,Not Specified,MARGINAL,10.0,4.06
23/08/2024 10:00:00 - 23/08/2024 11:00:00,SCA|NO2,mFRR,Not Specified,Not Specified,MARGINAL,1.22,1.22
23/08/2024 11:00:00 - 23/08/2024 12:00:00,SCA|NO2,mFRR,Not Specified,Not Specified,MARGINAL,6.0,0.01
23/08/2024 12:00:00 - 23/08/2024 13:00:00,SCA|NO2,mFRR,Not Specified,Not Specified,MARGINAL,5.5,-0.07
23/08/2024 13:00:00 - 23/08/2024 14:00:00,SCA|NO2,mFRR,Not Specified,Not Specified,MARGINAL,5.5,-0.8
23/08/2024 14:00:00 - 23/08/2024 15:00:00,SCA|NO2,mFRR,Not Specified,Not Specified,MARGINAL,-1.76,-1.76
23/08/2024 15:00:00 - 23/08/2024 16:00:00,SCA|NO2,mFRR,Not Specified,Not Specified,MARGINAL,-0.81,-0.81
23/08/2024 16:00:00 - 23/08/2024 17:00:00,SCA|NO2,mFRR,Not Specified,Not Specified,MARGINAL,5.0,0.32
23/08/2024 17:00:00 - 23/08/2024 18:00:00,SCA|NO2,mFRR,Not Specified,Not Specified,MARGINAL,7.5,2.64
23/08/2024 18:00:00 - 23/08/2024 19:00:00,SCA|NO2,mFRR,Not Specified,Not Specified,MARGINAL,11.92,-2.0
23/08/2024 19:00:00 - 23/08/2024 20:00:00,SCA|NO2,mFRR,Not Specified,Not Specified,MARGINAL,10.69,-2.5
23/08/2024 20:00:00 - 23/08/2024 21:00:00,SCA|NO2,mFRR,Not Specified,Not Specified,MARGINAL,15.25,-3.89
23/08/2024 21:00:00 - 23/08/2024 22:00:00,SCA|NO2,mFRR,Not Specified,Not Specified,MARGINAL,17.99,-2.0
23/08/2024 22:00:00 - 23/08/2024 23:00:00,SCA|NO2,mFRR,Not Specified,Not Specified,MARGINAL,42.0,0.5
23/08/2024 23:00:00 - 24/08/2024 00:00:00,SCA|NO2,mFRR,Not Specified,Not Specified,MARGINAL,64.0,39.63
24/08/2024 00:00:00 - 24/08/2024 01:00:00,SCA|NO2,mFRR,Not Specified,Not Specified,MARGINAL,45.04,45.04
24/08/2024 01:00:00 - 24/08/2024 02:00:00,SCA|NO2,mFRR,Not Specified,Not Specified,MARGINAL,55.58,55.58
24/08/2024 02:00:00 - 24/08/2024 03:00:00,SCA|NO2,mFRR,Not Specified,Not Specified,MARGINAL,54.99,54.99
24/08/2024 03:00:00 - 24/08/2024 04:00:00,SCA|NO2,mFRR,Not Specified,Not Specified,MARGINAL,54.98,54.98
24/08/2024 04:00:00 - 24/08/2024 05:00:00,SCA|NO2,mFRR,Not Specified,Not Specified,MARGINAL,54.94,54.94
24/08/2024 05:00:00 - 24/08/2024 06:00:00,SCA|NO2,mFRR,Not Specified,Not Specified,MARGINAL,50.42,50.42
24/08/2024 06:00:00 - 24/08/2024 07:00:00,SCA|NO2,mFRR,Not Specified,Not Specified,MARGINAL,45.67,45.67
24/08/2024 07:00:00 - 24/08/2024 08:00:00,SCA|NO2,mFRR,Not Specified,Not Specified,MARGINAL,42.47,42.47
24/08/2024 08:00:00 - 24/08/2024 09:00:00,SCA|NO2,mFRR,Not Specified,Not Specified,MARGINAL,43.27,43.27
24/08/2024 09:00:00 - 24/08/2024 10:00:00,SCA|NO2,mFRR,Not Specified,Not Specified,MARGINAL,19.99,19.99
24/08/2024 10:00:00 - 24/08/2024 11:00:00,SCA|NO2,mFRR,Not Specified,Not Specified,MARGINAL,4.0,1.23
24/08/2024 11:00:00 - 24/08/2024 12:00:00,SCA|NO2,mFRR,Not Specified,Not Specified,MARGINAL,-0.03,-0.03
24/08/2024 12:00:00 - 24/08/2024 13:00:00,SCA|NO2,mFRR,Not Specified,Not Specified,MARGINAL,-2.55,-2.55
24/08/2024 13:00:00 - 24/08/2024 14:00:00,SCA|NO2,mFRR,Not Specified,Not Specified,MARGINAL,1.0,-5.09
24/08/2024 14:00:00 - 24/08/2024 15:00:00,SCA|NO2,mFRR,Not Specified,Not Specified,MARGINAL,1.0,-5.09
24/08/2024 15:00:00 - 24/08/2024 16:00:00,SCA|NO2,mFRR,Not Specified,Not Specified,MARGINAL,-1.5,-1.5
24/08/2024 16:00:00 - 24/08/2024 17:00:00,SCA|NO2,mFRR,Not Specified,Not Specified,MARGINAL,4.0,1.0
24/08/2024 17:00:00 - 24/08/2024 18:00:00,SCA|NO2,mFRR,Not Specified,Not Specified,MARGINAL,19.95,19.95
24/08/2024 18:00:00 - 24/08/2024 19:00:00,SCA|NO2,mFRR,Not Specified,Not Specified,MARGINAL,25.06,25.06
24/08/2024 19:00:00 - 24/08/2024 20:00:00,SCA|NO2,mFRR,Not Specified,Not Specified,MARGINAL,49.04,49.04
24/08/2024 20:00:00 - 24/08/2024 21:00:00,SCA|NO2,mFRR,Not Specified,Not Specified,MARGINAL,47.18,27.5
24/08/2024 21:00:00 - 24/08/2024 22:00:00,SCA|NO2,mFRR,Not Specified,Not Specified,MARGINAL,45.76,17.0
24/08/2024 22:00:00 - 24/08/2024 23:00:00,SCA|NO2,mFRR,Not Specified,Not Specified,MARGINAL,44.63,-0.5
24/08/2024 23:00:00 - 25/08/2024 00:00:00,SCA|NO2,mFRR,Not Specified,Not Specified,MARGINAL,43.76,-0.5
25/08/2024 00:00:00 - 25/08/2024 01:00:00,SCA|NO2,mFRR,Not Specified,Not Specified,MARGINAL,1.12,1.12
25/08/2024 01:00:00 - 25/08/2024 02:00:00,SCA|NO2,mFRR,Not Specified,Not Specified,MARGINAL,-0.02,-0.02
25/08/2024 02:00:00 - 25/08/2024 03:00:00,SCA|NO2,mFRR,Not Specified,Not Specified,MARGINAL,-0.33,-3.02
25/08/2024 03:00:00 - 25/08/2024 04:00:00,SCA|NO2,mFRR,Not Specified,Not Specified,MARGINAL,-1.0,-4.0
25/08/2024 04:00:00 - 25/08/2024 05:00:00,SCA|NO2,mFRR,Not Specified,Not Specified,MARGINAL,-0.92,-0.92
25/08/2024 05:00:00 - 25/08/2024 06:00:00,SCA|NO2,mFRR,Not Specified,Not Specified,MARGINAL,-0.43,-3.0
25/08/2024 06:00:00 - 25/08/2024 07:00:00,SCA|NO2,mFRR,Not Specified,Not Specified,MARGINAL,-0.05,-4.5
25/08/2024 07:00:00 - 25/08/2024 08:00:00,SCA|NO2,mFRR,Not Specified,Not Specified,MARGINAL,-0.01,-3.0
25/08/2024 08:00:00 - 25/08/2024 09:00:00,SCA|NO2,mFRR,Not Specified,Not Specified,MARGINAL,-0.06,-1.5
25/08/2024 09:00:00 - 25/08/2024 10:00:00,SCA|NO2,mFRR,Not Specified,Not Specified,MARGINAL,1.0,-1.54
25/08/2024 10:00:00 - 25/08/2024 11:00:00,SCA|NO2,mFRR,Not Specified,Not Specified,MARGINAL,1.0,-6.07
25/08/2024 11:00:00 - 25/08/2024 12:00:00,SCA|NO2,mFRR,Not Specified,Not Specified,MARGINAL,1.0,-10.1
25/08/2024 12:00:00 - 25/08/2024 13:00:00,SCA|NO2,mFRR,Not Specified,Not Specified,MARGINAL,-15.5,-15.5
25/08/2024 13:00:00 - 25/08/2024 14:00:00,SCA|NO2,mFRR,Not Specified,Not Specified,MARGINAL,-20.01,-20.41
25/08/2024 14:00:00 - 25/08/2024 15:00:00,SCA|NO2,mFRR,Not Specified,Not Specified,MARGINAL,-19.83,-20.33
25/08/2024 15:00:00 - 25/08/2024 16:00:00,SCA|NO2,mFRR,Not Specified,Not Specified,MARGINAL,-10.15,-10.15
25/08/2024 16:00:00 - 25/08/2024 17:00:00,SCA|NO2,mFRR,Not Specified,Not Specified,MARGINAL,2.0,-3.0
25/08/2024 17:00:00 - 25/08/2024 18:00:00,SCA|NO2,mFRR,Not Specified,Not Specified,MARGINAL,5.12,-2.0
25/08/2024 18:00:00 - 25/08/2024 19:00:00,SCA|NO2,mFRR,Not Specified,Not Specified,MARGINAL,31.25,-3.5
25/08/2024 19:00:00 - 25/08/2024 20:00:00,SCA|NO2,mFRR,Not Specified,Not Specified,MARGINAL,43.87,-3.0
25/08/2024 20:00:00 - 25/08/2024 21:00:00,SCA|NO2,mFRR,Not Specified,Not Specified,MARGINAL,46.89,46.89
25/08/2024 21:00:00 - 25/08/2024 22:00:00,SCA|NO2,mFRR,Not Specified,Not Specified,MARGINAL,46.73,46.73
25/08/2024 22:00:00 - 25/08/2024 23:00:00,SCA|NO2,mFRR,Not Specified,Not Specified,MARGINAL,40.36,40.36
25/08/2024 23:00:00 - 26/08/2024 00:00:00,SCA|NO2,mFRR,Not Specified,Not Specified,MARGINAL,37.32,15.0
26/08/2024 00:00:00 - 26/08/2024 01:00:00,SCA|NO2,mFRR,Not Specified,Not Specified,MARGINAL,24.57,-2.0
26/08/2024 01:00:00 - 26/08/2024 02:00:00,SCA|NO2,mFRR,Not Specified,Not Specified,MARGINAL,6.83,-3.0
26/08/2024 02:00:00 - 26/08/2024 03:00:00,SCA|NO2,mFRR,Not Specified,Not Specified,MARGINAL,2.69,-4.5
26/08/2024 03:00:00 - 26/08/2024 04:00:00,SCA|NO2,mFRR,Not Specified,Not Specified,MARGINAL,1.37,-4.2
26/08/2024 04:00:00 - 26/08/2024 05:00:00,SCA|NO2,mFRR,Not Specified,Not Specified,MARGINAL,1.13,-4.2
26/08/2024 05:00:00 - 26/08/2024 06:00:00,SCA|NO2,mFRR,Not Specified,Not Specified,MARGINAL,1.87,-4.2
26/08/2024 06:00:00 - 26/08/2024 07:00:00,SCA|NO2,mFRR,Not Specified,Not Specified,MARGINAL,23.92,-3.0
26/08/2024 07:00:00 - 26/08/2024 08:00:00,SCA|NO2,mFRR,Not Specified,Not Specified,MARGINAL,27.26,27.26
26/08/2024 08:00:00 - 26/08/2024 09:00:00,SCA|NO2,mFRR,Not Specified,Not Specified,MARGINAL,65.0,30.08
26/08/2024 09:00:00 - 26/08/2024 10:00:00,SCA|NO2,mFRR,Not Specified,Not Specified,MARGINAL,65.0,29.13
26/08/2024 10:00:00 - 26/08/2024 11:00:00,SCA|NO2,mFRR,Not Specified,Not Specified,MARGINAL,40.0,24.29
26/08/2024 11:00:00 - 26/08/2024 12:00:00,SCA|NO2,mFRR,Not Specified,Not Specified,MARGINAL,25.0,13.0
26/08/2024 12:00:00 - 26/08/2024 13:00:00,SCA|NO2,mFRR,Not Specified,Not Specified,MARGINAL,4.84,-2.0
26/08/2024 13:00:00 - 26/08/2024 14:00:00,SCA|NO2,mFRR,Not Specified,Not Specified,MARGINAL,4.85,-2.0
26/08/2024 14:00:00 - 26/08/2024 15:00:00,SCA|NO2,mFRR,Not Specified,Not Specified,MARGINAL,15.81,15.81
26/08/2024 15:00:00 - 26/08/2024 16:00:00,SCA|NO2,mFRR,Not Specified,Not Specified,MARGINAL,23.69,23.69
26/08/2024 16:00:00 - 26/08/2024 17:00:00,SCA|NO2,mFRR,Not Specified,Not Specified,MARGINAL,36.95,27.0
26/08/2024 17:00:00 - 26/08/2024 18:00:00,SCA|NO2,mFRR,Not Specified,Not Specified,MARGINAL,52.64,52.64
26/08/2024 18:00:00 - 26/08/2024 19:00:00,SCA|NO2,mFRR,Not Specified,Not Specified,MARGINAL,56.25,56.25
26/08/2024 19:00:00 - 26/08/2024 20:00:00,SCA|NO2,mFRR,Not Specified,Not Specified,MARGINAL,56.32,56.32
26/08/2024 20:00:00 - 26/08/2024 21:00:00,SCA|NO2,mFRR,Not Specified,Not Specified,MARGINAL,56.43,56.43
26/08/2024 21:00:00 - 26/08/2024 22:00:00,SCA|NO2,mFRR,Not Specified,Not Specified,MARGINAL,56.49,56.49
26/08/2024 22:00:00 - 26/08/2024 23:00:00,SCA|NO2,mFRR,Not Specified,Not Specified,MARGINAL,56.11,56.11
26/08/2024 23:00:00 - 27/08/2024 00:00:00,SCA|NO2,mFRR,Not Specified,Not Specified,MARGINAL,55.66,55.66
27/08/2024 00:00:00 - 27/08/2024 01:00:00,SCA|NO2,mFRR,Not Specified,Not Specified,MARGINAL,52.36,52.36
27/08/2024 01:00:00 - 27/08/2024 02:00:00,SCA|NO2,mFRR,Not Specified,Not Specified,MARGINAL,49.96,49.96
27/08/2024 02:00:00 - 27/08/2024 03:00:00,SCA|NO2,mFRR,Not Specified,Not Specified,MARGINAL,48.45,48.45
27/08/2024 03:00:00 - 27/08/2024 04:00:00,SCA|NO2,mFRR,Not Specified,Not Specified,MARGINAL,39.96,39.96
27/08/2024 04:00:00 - 27/08/2024 05:00:00,SCA|NO2,mFRR,Not Specified,Not Specified,MARGINAL,36.64,36.64
27/08/2024 05:00:00 - 27/08/2024 06:00:00,SCA|NO2,mFRR,Not Specified,Not Specified,MARGINAL,36.22,36.22
27/08/2024 06:00:00 - 27/08/2024 07:00:00,SCA|NO2,mFRR,Not Specified,Not Specified,MARGINAL,47.94,47.94
27/08/2024 07:00:00 - 27/08/2024 08:00:00,SCA|NO2,mFRR,Not Specified,Not Specified,MARGINAL,47.98,31.0
27/08/2024 08:00:00 - 27/08/2024 09:00:00,SCA|NO2,mFRR,Not Specified,Not Specified,MARGINAL,44.14,31.0
27/08/2024 09:00:00 - 27/08/2024 10:00:00,SCA|NO2,mFRR,Not Specified,Not Specified,MARGINAL,43.95,43.95
27/08/2024 10:00:00 - 27/08/2024 11:00:00,SCA|NO2,mFRR,Not Specified,Not Specified,MARGINAL,42.63,30.0
27/08/2024 11:00:00 - 27/08/2024 12:00:00,SCA|NO2,mFRR,Not Specified,Not Specified,MARGINAL,28.22,1.0
27/08/2024 12:00:00 - 27/08/2024 13:00:00,SCA|NO2,mFRR,Not Specified,Not Specified,MARGINAL,4.87,-1.0
27/08/2024 13:00:00 - 27/08/2024 14:00:00,SCA|NO2,mFRR,Not Specified,Not Specified,MARGINAL,1.18,-6.0
27/08/2024 14:00:00 - 27/08/2024 15:00:00,SCA|NO2,mFRR,Not Specified,Not Specified,MARGINAL,2.28,-6.0
27/08/2024 15:00:00 - 27/08/2024 16:00:00,SCA|NO2,mFRR,Not Specified,Not Specified,MARGINAL,22.72,-4.0
27/08/2024 16:00:00 - 27/08/2024 17:00:00,SCA|NO2,mFRR,Not Specified,Not Specified,MARGINAL,39.99,6.7
27/08/2024 17:00:00 - 27/08/2024 18:00:00,SCA|NO2,mFRR,Not Specified,Not Specified,MARGINAL,44.41,17.0
27/08/2024 18:00:00 - 27/08/2024 19:00:00,SCA|NO2,mFRR,Not Specified,Not Specified,MARGINAL,44.16,17.5
27/08/2024 19:00:00 - 27/08/2024 20:00:00,SCA|NO2,mFRR,Not Specified,Not Specified,MARGINAL,44.81,20.0
27/08/2024 20:00:00 - 27/08/2024 21:00:00,SCA|NO2,mFRR,Not Specified,Not Specified,MARGINAL,44.16,44.16
27/08/2024 21:00:00 - 27/08/2024 22:00:00,SCA|NO2,mFRR,Not Specified,Not Specified,MARGINAL,44.9,44.9
27/08/2024 22:00:00 - 27/08/2024 23:00:00,SCA|NO2,mFRR,Not Specified,Not Specified,MARGINAL,43.87,43.87
27/08/2024 23:00:00 - 28/08/2024 00:00:00,SCA|NO2,mFRR,Not Specified,Not Specified,MARGINAL,44.91,44.91
28/08/2024 00:00:00 - 28/08/2024 01:00:00,SCA|NO2,mFRR,Not Specified,Not Specified,MARGINAL,41.62,41.62
28/08/2024 01:00:00 - 28/08/2024 02:00:00,SCA|NO2,mFRR,Not Specified,Not Specified,MARGINAL,39.87,39.87
28/08/2024 02:00:00 - 28/08/2024 03:00:00,SCA|NO2,mFRR,Not Specified,Not Specified,MARGINAL,39.01,39.01
28/08/2024 03:00:00 - 28/08/2024 04:00:00,SCA|NO2,mFRR,Not Specified,Not Specified,MARGINAL,39.38,39.38
28/08/2024 04:00:00 - 28/08/2024 05:00:00,SCA|NO2,mFRR,Not Specified,Not Specified,MARGINAL,39.98,39.98
28/08/2024 05:00:00 - 28/08/2024 06:00:00,SCA|NO2,mFRR,Not Specified,Not Specified,MARGINAL,43.0,43.0
28/08/2024 06:00:00 - 28/08/2024 07:00:00,SCA|NO2,mFRR,Not Specified,Not Specified,MARGINAL,41.84,41.84
28/08/2024 07:00:00 - 28/08/2024 08:00:00,SCA|NO2,mFRR,Not Specified,Not Specified,MARGINAL,51.0,38.92
28/08/2024 08:00:00 - 28/08/2024 09:00:00,SCA|NO2,mFRR,Not Specified,Not Specified,MARGINAL,51.0,39.92
28/08/2024 09:00:00 - 28/08/2024 10:00:00,SCA|NO2,mFRR,Not Specified,Not Specified,MARGINAL,56.0,39.94
28/08/2024 10:00:00 - 28/08/2024 11:00:00,SCA|NO2,mFRR,Not Specified,Not Specified,MARGINAL,38.79,38.79
28/08/2024 11:00:00 - 28/08/2024 12:00:00,SCA|NO2,mFRR,Not Specified,Not Specified,MARGINAL,39.94,39.94
28/08/2024 12:00:00 - 28/08/2024 13:00:00,SCA|NO2,mFRR,Not Specified,Not Specified,MARGINAL,34.05,34.05
28/08/2024 13:00:00 - 28/08/2024 14:00:00,SCA|NO2,mFRR,Not Specified,Not Specified,MARGINAL,10.17,10.17
28/08/2024 14:00:00 - 28/08/2024 15:00:00,SCA|NO2,mFRR,Not Specified,Not Specified,MARGINAL,17.92,-3.0
28/08/2024 15:00:00 - 28/08/2024 16:00:00,SCA|NO2,mFRR,Not Specified,Not Specified,MARGINAL,39.92,23.0
28/08/2024 16:00:00 - 28/08/2024 17:00:00,SCA|NO2,mFRR,Not Specified,Not Specified,MARGINAL,39.96,26.81
28/08/2024 17:00:00 - 28/08/2024 18:00:00,SCA|NO2,mFRR,Not Specified,Not Specified,MARGINAL,40.05,40.05
28/08/2024 18:00:00 - 28/08/2024 19:00:00,SCA|NO2,mFRR,Not Specified,Not Specified,MARGINAL,41.08,26.81
28/08/2024 19:00:00 - 28/08/2024 20:00:00,SCA|NO2,mFRR,Not Specified,Not Specified,MARGINAL,40.19,40.19
28/08/2024 20:00:00 - 28/08/2024 21:00:00,SCA|NO2,mFRR,Not Specified,Not Specified,MARGINAL,38.79,38.79
28/08/2024 21:00:00 - 28/08/2024 22:00:00,SCA|NO2,mFRR,Not Specified,Not Specified,MARGINAL,38.5,38.5
28/08/2024 22:00:00 - 28/08/2024 23:00:00,SCA|NO2,mFRR,Not Specified,Not Specified,MARGINAL,38.06,38.06
28/08/2024 23:00:00 - 29/08/2024 00:00:00,SCA|NO2,mFRR,Not Specified,Not Specified,MARGINAL,31.81,29.49
29/08/2024 00:00:00 - 29/08/2024 01:00:00,SCA|NO2,mFRR,Not Specified,Not Specified,MARGINAL,36.27,36.27
29/08/2024 01:00:00 - 29/08/2024 02:00:00,SCA|NO2,mFRR,Not Specified,Not Specified,MARGINAL,35.27,35.27
29/08/2024 02:00:00 - 29/08/2024 03:00:00,SCA|NO2,mFRR,Not Specified,Not Specified,MARGINAL,35.46,35.46
29/08/2024 03:00:00 - 29/08/2024 04:00:00,SCA|NO2,mFRR,Not Specified,Not Specified,MARGINAL,35.24,35.24
29/08/2024 04:00:00 - 29/08/2024 05:00:00,SCA|NO2,mFRR,Not Specified,Not Specified,MARGINAL,37.01,37.01
29/08/2024 05:00:00 - 29/08/2024 06:00:00,SCA|NO2,mFRR,Not Specified,Not Specified,MARGINAL,38.82,38.82
29/08/2024 06:00:00 - 29/08/2024 07:00:00,SCA|NO2,mFRR,Not Specified,Not Specified,MARGINAL,39.63,39.63
29/08/2024 07:00:00 - 29/08/2024 08:00:00,SCA|NO2,mFRR,Not Specified,Not Specified,MARGINAL,40.37,40.37
29/08/2024 08:00:00 - 29/08/2024 09:00:00,SCA|NO2,mFRR,Not Specified,Not Specified,MARGINAL,41.35,33.0
29/08/2024 09:00:00 - 29/08/2024 10:00:00,SCA|NO2,mFRR,Not Specified,Not Specified,MARGINAL,40.52,40.52
29/08/2024 10:00:00 - 29/08/2024 11:00:00,SCA|NO2,mFRR,Not Specified,Not Specified,MARGINAL,40.15,40.15
29/08/2024 11:00:00 - 29/08/2024 12:00:00,SCA|NO2,mFRR,Not Specified,Not Specified,MARGINAL,40.85,34.0
29/08/2024 12:00:00 - 29/08/2024 13:00:00,SCA|NO2,mFRR,Not Specified,Not Specified,MARGINAL,42.19,42.19
29/08/2024 13:00:00 - 29/08/2024 14:00:00,SCA|NO2,mFRR,Not Specified,Not Specified,MARGINAL,42.1,42.1
29/08/2024 14:00:00 - 29/08/2024 15:00:00,SCA|NO2,mFRR,Not Specified,Not Specified,MARGINAL,42.27,42.27
29/08/2024 15:00:00 - 29/08/2024 16:00:00,SCA|NO2,mFRR,Not Specified,Not Specified,MARGINAL,40.95,40.95
29/08/2024 16:00:00 - 29/08/2024 17:00:00,SCA|NO2,mFRR,Not Specified,Not Specified,MARGINAL,42.08,42.08
29/08/2024 17:00:00 - 29/08/2024 18:00:00,SCA|NO2,mFRR,Not Specified,Not Specified,MARGINAL,39.3,39.3
29/08/2024 18:00:00 - 29/08/2024 19:00:00,SCA|NO2,mFRR,Not Specified,Not Specified,MARGINAL,38.8,38.8
29/08/2024 19:00:00 - 29/08/2024 20:00:00,SCA|NO2,mFRR,Not Specified,Not Specified,MARGINAL,39.01,39.01
29/08/2024 20:00:00 - 29/08/2024 21:00:00,SCA|NO2,mFRR,Not Specified,Not Specified,MARGINAL,38.84,38.84
29/08/2024 21:00:00 - 29/08/2024 22:00:00,SCA|NO2,mFRR,Not Specified,Not Specified,MARGINAL,38.66,38.66
29/08/2024 22:00:00 - 29/08/2024 23:00:00,SCA|NO2,mFRR,Not Specified,Not Specified,MARGINAL,38.02,38.02
29/08/2024 23:00:00 - 30/08/2024 00:00:00,SCA|NO2,mFRR,Not Specified,Not Specified,MARGINAL,39.36,39.36
30/08/2024 00:00:00 - 30/08/2024 01:00:00,SCA|NO2,mFRR,Not Specified,Not Specified,MARGINAL,41.01,39.37
30/08/2024 01:00:00 - 30/08/2024 02:00:00,SCA|NO2,mFRR,Not Specified,Not Specified,MARGINAL,40.87,40.87
30/08/2024 02:00:00 - 30/08/2024 03:00:00,SCA|NO2,mFRR,Not Specified,Not Specified,MARGINAL,40.83,40.83
30/08/2024 03:00:00 - 30/08/2024 04:00:00,SCA|NO2,mFRR,Not Specified,Not Specified,MARGINAL,37.72,37.72
30/08/2024 04:00:00 - 30/08/2024 05:00:00,SCA|NO2,mFRR,Not Specified,Not Specified,MARGINAL,40.86,40.86
30/08/2024 05:00:00 - 30/08/2024 06:00:00,SCA|NO2,mFRR,Not Specified,Not Specified,MARGINAL,41.06,41.06
30/08/2024 06:00:00 - 30/08/2024 07:00:00,SCA|NO2,mFRR,Not Specified,Not Specified,MARGINAL,40.94,40.94
30/08/2024 07:00:00 - 30/08/2024 08:00:00,SCA|NO2,mFRR,Not Specified,Not Specified,MARGINAL,43.54,43.54
30/08/2024 08:00:00 - 30/08/2024 09:00:00,SCA|NO2,mFRR,Not Specified,Not Specified,MARGINAL,44.88,44.88
30/08/2024 09:00:00 - 30/08/2024 10:00:00,SCA|NO2,mFRR,Not Specified,Not Specified,MARGINAL,44.56,44.56
30/08/2024 10:00:00 - 30/08/2024 11:00:00,SCA|NO2,mFRR,Not Specified,Not Specified,MARGINAL,41.59,41.59
30/08/2024 11:00:00 - 30/08/2024 12:00:00,SCA|NO2,mFRR,Not Specified,Not Specified,MARGINAL,41.07,41.07
30/08/2024 12:00:00 - 30/08/2024 13:00:00,SCA|NO2,mFRR,Not Specified,Not Specified,MARGINAL,41.22,41.22
30/08/2024 13:00:00 - 30/08/2024 14:00:00,SCA|NO2,mFRR,Not Specified,Not Specified,MARGINAL,41.11,41.11
30/08/2024 14:00:00 - 30/08/2024 15:00:00,SCA|NO2,mFRR,Not Specified,Not Specified,MARGINAL,41.18,41.18
30/08/2024 15:00:00 - 30/08/2024 16:00:00,SCA|NO2,mFRR,Not Specified,Not Specified,MARGINAL,41.28,41.28
30/08/2024 16:00:00 - 30/08/2024 17:00:00,SCA|NO2,mFRR,Not Specified,Not Specified,MARGINAL,41.34,41.34
30/08/2024 17:00:00 - 30/08/2024 18:00:00,SCA|NO2,mFRR,Not Specified,Not Specified,MARGINAL,41.98,41.98
30/08/2024 18:00:00 - 30/08/2024 19:00:00,SCA|NO2,mFRR,Not Specified,Not Specified,MARGINAL,42.91,31.0
30/08/2024 19:00:00 - 30/08/2024 20:00:00,SCA|NO2,mFRR,Not Specified,Not Specified,MARGINAL,44.95,31.0
30/08/2024 20:00:00 - 30/08/2024 21:00:00,SCA|NO2,mFRR,Not Specified,Not Specified,MARGINAL,44.94,31.0
30/08/2024 21:00:00 - 30/08/2024 22:00:00,SCA|NO2,mFRR,Not Specified,Not Specified,MARGINAL,44.91,31.0
30/08/2024 22:00:00 - 30/08/2024 23:00:00,SCA|NO2,mFRR,Not Specified,Not Specified,MARGINAL,43.02,31.0
30/08/2024 23:00:00 - 31/08/2024 00:00:00,SCA|NO2,mFRR,Not Specified,Not Specified,MARGINAL,41.73,31.0
31/08/2024 00:00:00 - 31/08/2024 01:00:00,SCA|NO2,mFRR,Not Specified,Not Specified,MARGINAL,46.56,46.56
31/08/2024 01:00:00 - 31/08/2024 02:00:00,SCA|NO2,mFRR,Not Specified,Not Specified,MARGINAL,45.7,30.0
31/08/2024 02:00:00 - 31/08/2024 03:00:00,SCA|NO2,mFRR,Not Specified,Not Specified,MARGINAL,45.19,25.0
31/08/2024 03:00:00 - 31/08/2024 04:00:00,SCA|NO2,mFRR,Not Specified,Not Specified,MARGINAL,45.17,25.0
31/08/2024 04:00:00 - 31/08/2024 05:00:00,SCA|NO2,mFRR,Not Specified,Not Specified,MARGINAL,45.32,25.0
31/08/2024 05:00:00 - 31/08/2024 06:00:00,SCA|NO2,mFRR,Not Specified,Not Specified,MARGINAL,45.59,25.0
31/08/2024 06:00:00 - 31/08/2024 07:00:00,SCA|NO2,mFRR,Not Specified,Not Specified,MARGINAL,46.9,25.0
31/08/2024 07:00:00 - 31/08/2024 08:00:00,SCA|NO2,mFRR,Not Specified,Not Specified,MARGINAL,46.98,29.0
31/08/2024 08:00:00 - 31/08/2024 09:00:00,SCA|NO2,mFRR,Not Specified,Not Specified,MARGINAL,50.08,29.0
31/08/2024 09:00:00 - 31/08/2024 10:00:00,SCA|NO2,mFRR,Not Specified,Not Specified,MARGINAL,51.83,51.83
31/08/2024 10:00:00 - 31/08/2024 11:00:00,SCA|NO2,mFRR,Not Specified,Not Specified,MARGINAL,42.71,19.0
31/08/2024 11:00:00 - 31/08/2024 12:00:00,SCA|NO2,mFRR,Not Specified,Not Specified,MARGINAL,27.74,0.0
31/08/2024 12:00:00 - 31/08/2024 13:00:00,SCA|NO2,mFRR,Not Specified,Not Specified,MARGINAL,5.67,-3.89
31/08/2024 13:00:00 - 31/08/2024 14:00:00,SCA|NO2,mFRR,Not Specified,Not Specified,MARGINAL,-0.04,-7.0
31/08/2024 14:00:00 - 31/08/2024 15:00:00,SCA|NO2,mFRR,Not Specified,Not Specified,,,
31/08/2024 15:00:00 - 31/08/2024 16:00:00,SCA|NO2,mFRR,Not Specified,Not Specified,MARGINAL,20.89,0.0
31/08/2024 16:00:00 - 31/08/2024 17:00:00,SCA|NO2,mFRR,Not Specified,Not Specified,MARGINAL,36.14,1.0
31/08/2024 17:00:00 - 31/08/2024 18:00:00,SCA|NO2,mFRR,Not Specified,Not Specified,MARGINAL,44.93,19.0
31/08/2024 18:00:00 - 31/08/2024 19:00:00,SCA|NO2,mFRR,Not Specified,Not Specified,MARGINAL,54.19,20.0
31/08/2024 19:00:00 - 31/08/2024 20:00:00,SCA|NO2,mFRR,Not Specified,Not Specified,MARGINAL,51.82,51.82
31/08/2024 20:00:00 - 31/08/2024 21:00:00,SCA|NO2,mFRR,Not Specified,Not Specified,MARGINAL,51.82,51.82
31/08/2024 21:00:00 - 31/08/2024 22:00:00,SCA|NO2,mFRR,Not Specified,Not Specified,MARGINAL,51.85,51.85
31/08/2024 22:00:00 - 31/08/2024 23:00:00,SCA|NO2,mFRR,Not Specified,Not Specified,MARGINAL,51.1,51.1
31/08/2024 23:00:00 - 01/09/2024 00:00:00,SCA|NO2,mFRR,Not Specified,Not Specified,MARGINAL,50.28,50.28
01/09/2024 00:00:00 - 01/09/2024 01:00:00,SCA|NO2,mFRR,Not Specified,Not Specified,MARGINAL,54.82,54.82
01/09/2024 01:00:00 - 01/09/2024 02:00:00,SCA|NO2,mFRR,Not Specified,Not Specified,MARGINAL,54.57,54.57
01/09/2024 02:00:00 - 01/09/2024 03:00:00,SCA|NO2,mFRR,Not Specified,Not Specified,MARGINAL,54.57,54.57
01/09/2024 03:00:00 - 01/09/2024 04:00:00,SCA|NO2,mFRR,Not Specified,Not Specified,MARGINAL,54.57,54.57
01/09/2024 04:00:00 - 01/09/2024 05:00:00,SCA|NO2,mFRR,Not Specified,Not Specified,MARGINAL,54.51,54.51
01/09/2024 05:00:00 - 01/09/2024 06:00:00,SCA|NO2,mFRR,Not Specified,Not Specified,MARGINAL,54.4,54.4
01/09/2024 06:00:00 - 01/09/2024 07:00:00,SCA|NO2,mFRR,Not Specified,Not Specified,MARGINAL,54.1,54.1
01/09/2024 07:00:00 - 01/09/2024 08:00:00,SCA|NO2,mFRR,Not Specified,Not Specified,MARGINAL,53.24,53.24
01/09/2024 08:00:00 - 01/09/2024 09:00:00,SCA|NO2,mFRR,Not Specified,Not Specified,MARGINAL,48.49,48.49
01/09/2024 09:00:00 - 01/09/2024 10:00:00,SCA|NO2,mFRR,Not Specified,Not Specified,MARGINAL,38.71,38.71
01/09/2024 10:00:00 - 01/09/2024 11:00:00,SCA|NO2,mFRR,Not Specified,Not Specified,MARGINAL,26.0,14.91
01/09/2024 11:00:00 - 01/09/2024 12:00:00,SCA|NO2,mFRR,Not Specified,Not Specified,MARGINAL,4.82,4.82
01/09/2024 12:00:00 - 01/09/2024 13:00:00,SCA|NO2,mFRR,Not Specified,Not Specified,MARGINAL,0.23,0.23
01/09/2024 13:00:00 - 01/09/2024 14:00:00,SCA|NO2,mFRR,Not Specified,Not Specified,MARGINAL,0.23,0.23
01/09/2024 14:00:00 - 01/09/2024 15:00:00,SCA|NO2,mFRR,Not Specified,Not Specified,MARGINAL,1.6,1.6
01/09/2024 15:00:00 - 01/09/2024 16:00:00,SCA|NO2,mFRR,Not Specified,Not Specified,MARGINAL,14.27,14.27
01/09/2024 16:00:00 - 01/09/2024 17:00:00,SCA|NO2,mFRR,Not Specified,Not Specified,MARGINAL,27.3,27.3
01/09/2024 17:00:00 - 01/09/2024 18:00:00,SCA|NO2,mFRR,Not Specified,Not Specified,MARGINAL,44.9,44.9
01/09/2024 18:00:00 - 01/09/2024 19:00:00,SCA|NO2,mFRR,Not Specified,Not Specified,MARGINAL,53.52,53.52
01/09/2024 19:00:00 - 01/09/2024 20:00:00,SCA|NO2,mFRR,Not Specified,Not Specified,MARGINAL,54.23,33.52
01/09/2024 20:00:00 - 01/09/2024 21:00:00,SCA|NO2,mFRR,Not Specified,Not Specified,MARGINAL,54.76,54.76
01/09/2024 21:00:00 - 01/09/2024 22:00:00,SCA|NO2,mFRR,Not Specified,Not Specified,MARGINAL,54.22,54.22
01/09/2024 22:00:00 - 01/09/2024 23:00:00,SCA|NO2,mFRR,Not Specified,Not Specified,MARGINAL,52.22,52.22
01/09/2024 23:00:00 - 02/09/2024 00:00:00,SCA|NO2,mFRR,Not Specified,Not Specified,MARGINAL,48.19,40.22
02/09/2024 00:00:00 - 02/09/2024 01:00:00,SCA|NO2,mFRR,Not Specified,Not Specified,MARGINAL,50.58,50.58
02/09/2024 01:00:00 - 02/09/2024 02:00:00,SCA|NO2,mFRR,Not Specified,Not Specified,MARGINAL,49.36,49.36
02/09/2024 02:00:00 - 02/09/2024 03:00:00,SCA|NO2,mFRR,Not Specified,Not Specified,MARGINAL,49.18,49.18
02/09/2024 03:00:00 - 02/09/2024 04:00:00,SCA|NO2,mFRR,Not Specified,Not Specified,MARGINAL,49.14,49.14
02/09/2024 04:00:00 - 02/09/2024 05:00:00,SCA|NO2,mFRR,Not Specified,Not Specified,MARGINAL,49.62,49.62
02/09/2024 05:00:00 - 02/09/2024 06:00:00,SCA|NO2,mFRR,Not Specified,Not Specified,MARGINAL,53.06,53.06
02/09/2024 06:00:00 - 02/09/2024 07:00:00,SCA|NO2,mFRR,Not Specified,Not Specified,MARGINAL,66.0,54.42
02/09/2024 07:00:00 - 02/09/2024 08:00:00,SCA|NO2,mFRR,Not Specified,Not Specified,MARGINAL,66.0,55.56
02/09/2024 08:00:00 - 02/09/2024 09:00:00,SCA|NO2,mFRR,Not Specified,Not Specified,MARGINAL,90.0,90.0
02/09/2024 09:00:00 - 02/09/2024 10:00:00,SCA|NO2,mFRR,Not Specified,Not Specified,MARGINAL,67.0,65.35
02/09/2024 10:00:00 - 02/09/2024 11:00:00,SCA|NO2,mFRR,Not Specified,Not Specified,MARGINAL,66.0,57.88
02/09/2024 11:00:00 - 02/09/2024 12:00:00,SCA|NO2,mFRR,Not Specified,Not Specified,MARGINAL,55.86,55.86
02/09/2024 12:00:00 - 02/09/2024 13:00:00,SCA|NO2,mFRR,Not Specified,Not Specified,MARGINAL,55.03,55.03
02/09/2024 13:00:00 - 02/09/2024 14:00:00,SCA|NO2,mFRR,Not Specified,Not Specified,MARGINAL,54.62,54.62
02/09/2024 14:00:00 - 02/09/2024 15:00:00,SCA|NO2,mFRR,Not Specified,Not Specified,MARGINAL,54.43,40.0
02/09/2024 15:00:00 - 02/09/2024 16:00:00,SCA|NO2,mFRR,Not Specified,Not Specified,MARGINAL,64.0,40.0
02/09/2024 16:00:00 - 02/09/2024 17:00:00,SCA|NO2,mFRR,Not Specified,Not Specified,MARGINAL,64.0,54.07
02/09/2024 17:00:00 - 02/09/2024 18:00:00,SCA|NO2,mFRR,Not Specified,Not Specified,MARGINAL,69.5,54.53
02/09/2024 18:00:00 - 02/09/2024 19:00:00,SCA|NO2,mFRR,Not Specified,Not Specified,MARGINAL,70.0,55.34
02/09/2024 19:00:00 - 02/09/2024 20:00:00,SCA|NO2,mFRR,Not Specified,Not Specified,MARGINAL,67.0,50.52
02/09/2024 20:00:00 - 02/09/2024 21:00:00,SCA|NO2,mFRR,Not Specified,Not Specified,MARGINAL,65.0,45.99
02/09/2024 21:00:00 - 02/09/2024 22:00:00,SCA|NO2,mFRR,Not Specified,Not Specified,MARGINAL,60.0,45.53
02/09/2024 22:00:00 - 02/09/2024 23:00:00,SCA|NO2,mFRR,Not Specified,Not Specified,MARGINAL,43.78,43.78
02/09/2024 23:00:00 - 03/09/2024 00:00:00,SCA|NO2,mFRR,Not Specified,Not Specified,MARGINAL,41.92,41.92
03/09/2024 00:00:00 - 03/09/2024 01:00:00,SCA|NO2,mFRR,Not Specified,Not Specified,MARGINAL,42.63,42.63
03/09/2024 01:00:00 - 03/09/2024 02:00:00,SCA|NO2,mFRR,Not Specified,Not Specified,MARGINAL,41.93,41.93
03/09/2024 02:00:00 - 03/09/2024 03:00:00,SCA|NO2,mFRR,Not Specified,Not Specified,MARGINAL,42.27,29.0
03/09/2024 03:00:00 - 03/09/2024 04:00:00,SCA|NO2,mFRR,Not Specified,Not Specified,MARGINAL,42.93,29.0
03/09/2024 04:00:00 - 03/09/2024 05:00:00,SCA|NO2,mFRR,Not Specified,Not Specified,MARGINAL,43.79,17.0
03/09/2024 05:00:00 - 03/09/2024 06:00:00,SCA|NO2,mFRR,Not Specified,Not Specified,MARGINAL,45.22,17.0
03/09/2024 06:00:00 - 03/09/2024 07:00:00,SCA|NO2,mFRR,Not Specified,Not Specified,MARGINAL,42.56,22.5
03/09/2024 07:00:00 - 03/09/2024 08:00:00,SCA|NO2,mFRR,Not Specified,Not Specified,MARGINAL,51.41,34.0
03/09/2024 08:00:00 - 03/09/2024 09:00:00,SCA|NO2,mFRR,Not Specified,Not Specified,MARGINAL,56.74,40.0
03/09/2024 09:00:00 - 03/09/2024 10:00:00,SCA|NO2,mFRR,Not Specified,Not Specified,MARGINAL,54.42,40.0
03/09/2024 10:00:00 - 03/09/2024 11:00:00,SCA|NO2,mFRR,Not Specified,Not Specified,MARGINAL,56.14,40.0
03/09/2024 11:00:00 - 03/09/2024 12:00:00,SCA|NO2,mFRR,Not Specified,Not Specified,MARGINAL,56.81,56.81
03/09/2024 12:00:00 - 03/09/2024 13:00:00,SCA|NO2,mFRR,Not Specified,Not Specified,MARGINAL,60.5,50.77
03/09/2024 13:00:00 - 03/09/2024 14:00:00,SCA|NO2,mFRR,Not Specified,Not Specified,MARGINAL,60.5,56.0
03/09/2024 14:00:00 - 03/09/2024 15:00:00,SCA|NO2,mFRR,Not Specified,Not Specified,MARGINAL,63.5,56.13
03/09/2024 15:00:00 - 03/09/2024 16:00:00,SCA|NO2,mFRR,Not Specified,Not Specified,MARGINAL,63.5,56.8
03/09/2024 16:00:00 - 03/09/2024 17:00:00,SCA|NO2,mFRR,Not Specified,Not Specified,MARGINAL,63.5,56.47
03/09/2024 17:00:00 - 03/09/2024 18:00:00,SCA|NO2,mFRR,Not Specified,Not Specified,MARGINAL,63.5,56.66
03/09/2024 18:00:00 - 03/09/2024 19:00:00,SCA|NO2,mFRR,Not Specified,Not Specified,MARGINAL,60.5,56.96
03/09/2024 19:00:00 - 03/09/2024 20:00:00,SCA|NO2,mFRR,Not Specified,Not Specified,MARGINAL,63.5,57.15
03/09/2024 20:00:00 - 03/09/2024 21:00:00,SCA|NO2,mFRR,Not Specified,Not Specified,MARGINAL,57.03,34.0
03/09/2024 21:00:00 - 03/09/2024 22:00:00,SCA|NO2,mFRR,Not Specified,Not Specified,MARGINAL,56.95,34.0
03/09/2024 22:00:00 - 03/09/2024 23:00:00,SCA|NO2,mFRR,Not Specified,Not Specified,MARGINAL,56.68,34.0
03/09/2024 23:00:00 - 04/09/2024 00:00:00,SCA|NO2,mFRR,Not Specified,Not Specified,MARGINAL,56.26,28.0
04/09/2024 00:00:00 - 04/09/2024 01:00:00,SCA|NO2,mFRR,Not Specified,Not Specified,MARGINAL,54.43,26.5
04/09/2024 01:00:00 - 04/09/2024 02:00:00,SCA|NO2,mFRR,Not Specified,Not Specified,MARGINAL,54.29,26.5
04/09/2024 02:00:00 - 04/09/2024 03:00:00,SCA|NO2,mFRR,Not Specified,Not Specified,MARGINAL,54.23,26.5
04/09/2024 03:00:00 - 04/09/2024 04:00:00,SCA|NO2,mFRR,Not Specified,Not Specified,MARGINAL,54.26,26.5
04/09/2024 04:00:00 - 04/09/2024 05:00:00,SCA|NO2,mFRR,Not Specified,Not Specified,MARGINAL,54.42,26.5
04/09/2024 05:00:00 - 04/09/2024 06:00:00,SCA|NO2,mFRR,Not Specified,Not Specified,MARGINAL,54.7,26.5
04/09/2024 06:00:00 - 04/09/2024 07:00:00,SCA|NO2,mFRR,Not Specified,Not Specified,MARGINAL,54.66,27.0
04/09/2024 07:00:00 - 04/09/2024 08:00:00,SCA|NO2,mFRR,Not Specified,Not Specified,MARGINAL,54.49,26.5
04/09/2024 08:00:00 - 04/09/2024 09:00:00,SCA|NO2,mFRR,Not Specified,Not Specified,MARGINAL,54.59,46.93
04/09/2024 09:00:00 - 04/09/2024 10:00:00,SCA|NO2,mFRR,Not Specified,Not Specified,MARGINAL,61.0,54.73
04/09/2024 10:00:00 - 04/09/2024 11:00:00,SCA|NO2,mFRR,Not Specified,Not Specified,MARGINAL,61.0,54.6
04/09/2024 11:00:00 - 04/09/2024 12:00:00,SCA|NO2,mFRR,Not Specified,Not Specified,MARGINAL,67.0,48.07
04/09/2024 12:00:00 - 04/09/2024 13:00:00,SCA|NO2,mFRR,Not Specified,Not Specified,MARGINAL,65.0,45.7
04/09/2024 13:00:00 - 04/09/2024 14:00:00,SCA|NO2,mFRR,Not Specified,Not Specified,MARGINAL,45.56,45.56
04/09/2024 14:00:00 - 04/09/2024 15:00:00,SCA|NO2,mFRR,Not Specified,Not Specified,MARGINAL,49.93,49.93
04/09/2024 15:00:00 - 04/09/2024 16:00:00,SCA|NO2,mFRR,Not Specified,Not Specified,MARGINAL,54.11,54.11
04/09/2024 16:00:00 - 04/09/2024 17:00:00,SCA|NO2,mFRR,Not Specified,Not Specified,MARGINAL,54.21,54.21
04/09/2024 17:00:00 - 04/09/2024 18:00:00,SCA|NO2,mFRR,Not Specified,Not Specified,MARGINAL,54.25,54.25
04/09/2024 18:00:00 - 04/09/2024 19:00:00,SCA|NO2,mFRR,Not Specified,Not Specified,MARGINAL,54.4,54.4
04/09/2024 19:00:00 - 04/09/2024 20:00:00,SCA|NO2,mFRR,Not Specified,Not Specified,MARGINAL,54.51,54.51
04/09/2024 20:00:00 - 04/09/2024 21:00:00,SCA|NO2,mFRR,Not Specified,Not Specified,MARGINAL,54.16,54.16
04/09/2024 21:00:00 - 04/09/2024 22:00:00,SCA|NO2,mFRR,Not Specified,Not Specified,MARGINAL,47.94,39.82
04/09/2024 22:00:00 - 04/09/2024 23:00:00,SCA|NO2,mFRR,Not Specified,Not Specified,MARGINAL,44.95,39.82
04/09/2024 23:00:00 - 05/09/2024 00:00:00,SCA|NO2,mFRR,Not Specified,Not Specified,MARGINAL,44.5,44.5
05/09/2024 00:00:00 - 05/09/2024 01:00:00,SCA|NO2,mFRR,Not Specified,Not Specified,MARGINAL,43.88,23.0
05/09/2024 01:00:00 - 05/09/2024 02:00:00,SCA|NO2,mFRR,Not Specified,Not Specified,MARGINAL,42.44,23.0
05/09/2024 02:00:00 - 05/09/2024 03:00:00,SCA|NO2,mFRR,Not Specified,Not Specified,MARGINAL,40.77,23.0
05/09/2024 03:00:00 - 05/09/2024 04:00:00,SCA|NO2,mFRR,Not Specified,Not Specified,MARGINAL,39.52,23.0
05/09/2024 04:00:00 - 05/09/2024 05:00:00,SCA|NO2,mFRR,Not Specified,Not Specified,MARGINAL,38.85,23.0
05/09/2024 05:00:00 - 05/09/2024 06:00:00,SCA|NO2,mFRR,Not Specified,Not Specified,MARGINAL,39.44,23.0
05/09/2024 06:00:00 - 05/09/2024 07:00:00,SCA|NO2,mFRR,Not Specified,Not Specified,MARGINAL,40.07,23.0
05/09/2024 07:00:00 - 05/09/2024 08:00:00,SCA|NO2,mFRR,Not Specified,Not Specified,MARGINAL,42.98,23.0
05/09/2024 08:00:00 - 05/09/2024 09:00:00,SCA|NO2,mFRR,Not Specified,Not Specified,MARGINAL,49.99,49.99
05/09/2024 09:00:00 - 05/09/2024 10:00:00,SCA|NO2,mFRR,Not Specified,Not Specified,MARGINAL,39.86,39.86
05/09/2024 10:00:00 - 05/09/2024 11:00:00,SCA|NO2,mFRR,Not Specified,Not Specified,MARGINAL,36.63,36.63
05/09/2024 11:00:00 - 05/09/2024 12:00:00,SCA|NO2,mFRR,Not Specified,Not Specified,MARGINAL,18.17,13.0
05/09/2024 12:00:00 - 05/09/2024 13:00:00,SCA|NO2,mFRR,Not Specified,Not Specified,MARGINAL,4.32,4.32
05/09/2024 13:00:00 - 05/09/2024 14:00:00,SCA|NO2,mFRR,Not Specified,Not Specified,MARGINAL,3.24,0.0
05/09/2024 14:00:00 - 05/09/2024 15:00:00,SCA|NO2,mFRR,Not Specified,Not Specified,MARGINAL,3.03,0.0
05/09/2024 15:00:00 - 05/09/2024 16:00:00,SCA|NO2,mFRR,Not Specified,Not Specified,MARGINAL,3.96,0.0
05/09/2024 16:00:00 - 05/09/2024 17:00:00,SCA|NO2,mFRR,Not Specified,Not Specified,MARGINAL,12.78,6.0
05/09/2024 17:00:00 - 05/09/2024 18:00:00,SCA|NO2,mFRR,Not Specified,Not Specified,MARGINAL,26.79,26.79
05/09/2024 18:00:00 - 05/09/2024 19:00:00,SCA|NO2,mFRR,Not Specified,Not Specified,MARGINAL,42.73,42.73
05/09/2024 19:00:00 - 05/09/2024 20:00:00,SCA|NO2,mFRR,Not Specified,Not Specified,MARGINAL,47.39,47.39
05/09/2024 20:00:00 - 05/09/2024 21:00:00,SCA|NO2,mFRR,Not Specified,Not Specified,MARGINAL,43.58,43.58
05/09/2024 21:00:00 - 05/09/2024 22:00:00,SCA|NO2,mFRR,Not Specified,Not Specified,MARGINAL,39.49,39.49
05/09/2024 22:00:00 - 05/09/2024 23:00:00,SCA|NO2,mFRR,Not Specified,Not Specified,MARGINAL,33.98,18.0
05/09/2024 23:00:00 - 06/09/2024 00:00:00,SCA|NO2,mFRR,Not Specified,Not Specified,MARGINAL,29.92,13.0
06/09/2024 00:00:00 - 06/09/2024 01:00:00,SCA|NO2,mFRR,Not Specified,Not Specified,MARGINAL,22.86,10.0
06/09/2024 01:00:00 - 06/09/2024 02:00:00,SCA|NO2,mFRR,Not Specified,Not Specified,MARGINAL,20.52,10.0
06/09/2024 02:00:00 - 06/09/2024 03:00:00,SCA|NO2,mFRR,Not Specified,Not Specified,MARGINAL,20.5,10.0
06/09/2024 03:00:00 - 06/09/2024 04:00:00,SCA|NO2,mFRR,Not Specified,Not Specified,MARGINAL,20.59,10.0
06/09/2024 04:00:00 - 06/09/2024 05:00:00,SCA|NO2,mFRR,Not Specified,Not Specified,MARGINAL,22.91,1.0
06/09/2024 05:00:00 - 06/09/2024 06:00:00,SCA|NO2,mFRR,Not Specified,Not Specified,MARGINAL,24.58,10.0
06/09/2024 06:00:00 - 06/09/2024 07:00:00,SCA|NO2,mFRR,Not Specified,Not Specified,MARGINAL,30.16,13.0
06/09/2024 07:00:00 - 06/09/2024 08:00:00,SCA|NO2,mFRR,Not Specified,Not Specified,MARGINAL,38.7,20.0
06/09/2024 08:00:00 - 06/09/2024 09:00:00,SCA|NO2,mFRR,Not Specified,Not Specified,MARGINAL,41.77,41.77
06/09/2024 09:00:00 - 06/09/2024 10:00:00,SCA|NO2,mFRR,Not Specified,Not Specified,MARGINAL,36.96,36.96
06/09/2024 10:00:00 - 06/09/2024 11:00:00,SCA|NO2,mFRR,Not Specified,Not Specified,MARGINAL,29.0,28.57
06/09/2024 11:00:00 - 06/09/2024 12:00:00,SCA|NO2,mFRR,Not Specified,Not Specified,MARGINAL,22.65,4.0
06/09/2024 12:00:00 - 06/09/2024 13:00:00,SCA|NO2,mFRR,Not Specified,Not Specified,MARGINAL,14.01,-1.0
06/09/2024 13:00:00 - 06/09/2024 14:00:00,SCA|NO2,mFRR,Not Specified,Not Specified,MARGINAL,12.86,-1.5
06/09/2024 14:00:00 - 06/09/2024 15:00:00,SCA|NO2,mFRR,Not Specified,Not Specified,MARGINAL,15.0,-0.5
06/09/2024 15:00:00 - 06/09/2024 16:00:00,SCA|NO2,mFRR,Not Specified,Not Specified,MARGINAL,29.13,0.0
06/09/2024 16:00:00 - 06/09/2024 17:00:00,SCA|NO2,mFRR,Not Specified,Not Specified,MARGINAL,33.82,11.0
06/09/2024 17:00:00 - 06/09/2024 18:00:00,SCA|NO2,mFRR,Not Specified,Not Specified,MARGINAL,34.95,34.95
06/09/2024 18:00:00 - 06/09/2024 19:00:00,SCA|NO2,mFRR,Not Specified,Not Specified,MARGINAL,44.63,44.63
06/09/2024 19:00:00 - 06/09/2024 20:00:00,SCA|NO2,mFRR,Not Specified,Not Specified,MARGINAL,50.14,50.14
06/09/2024 20:00:00 - 06/09/2024 21:00:00,SCA|NO2,mFRR,Not Specified,Not Specified,MARGINAL,50.03,50.03
06/09/2024 21:00:00 - 06/09/2024 22:00:00,SCA|NO2,mFRR,Not Specified,Not Specified,MARGINAL,44.65,44.65
06/09/2024 22:00:00 - 06/09/2024 23:00:00,SCA|NO2,mFRR,Not Specified,Not Specified,MARGINAL,41.79,41.79
06/09/2024 23:00:00 - 07/09/2024 00:00:00,SCA|NO2,mFRR,Not Specified,Not Specified,MARGINAL,40.42,40.42
07/09/2024 00:00:00 - 07/09/2024 01:00:00,SCA|NO2,mFRR,Not Specified,Not Specified,MARGINAL,41.21,20.0
07/09/2024 01:00:00 - 07/09/2024 02:00:00,SCA|NO2,mFRR,Not Specified,Not Specified,MARGINAL,40.19,22.5
07/09/2024 02:00:00 - 07/09/2024 03:00:00,SCA|NO2,mFRR,Not Specified,Not Specified,MARGINAL,40.0,14.48
07/09/2024 03:00:00 - 07/09/2024 04:00:00,SCA|NO2,mFRR,Not Specified,Not Specified,MARGINAL,39.93,14.48
07/09/2024 04:00:00 - 07/09/2024 05:00:00,SCA|NO2,mFRR,Not Specified,Not Specified,MARGINAL,40.59,18.0
07/09/2024 05:00:00 - 07/09/2024 06:00:00,SCA|NO2,mFRR,Not Specified,Not Specified,MARGINAL,42.48,21.0
07/09/2024 06:00:00 - 07/09/2024 07:00:00,SCA|NO2,mFRR,Not Specified,Not Specified,MARGINAL,42.59,22.5
07/09/2024 07:00:00 - 07/09/2024 08:00:00,SCA|NO2,mFRR,Not Specified,Not Specified,MARGINAL,42.56,42.56
07/09/2024 08:00:00 - 07/09/2024 09:00:00,SCA|NO2,mFRR,Not Specified,Not Specified,MARGINAL,44.97,44.97
07/09/2024 09:00:00 - 07/09/2024 10:00:00,SCA|NO2,mFRR,Not Specified,Not Specified,MARGINAL,46.4,46.4
07/09/2024 10:00:00 - 07/09/2024 11:00:00,SCA|NO2,mFRR,Not Specified,Not Specified,MARGINAL,33.65,33.65
07/09/2024 11:00:00 - 07/09/2024 12:00:00,SCA|NO2,mFRR,Not Specified,Not Specified,MARGINAL,25.43,6.0
07/09/2024 12:00:00 - 07/09/2024 13:00:00,SCA|NO2,mFRR,Not Specified,Not Specified,MARGINAL,10.06,1.5
07/09/2024 13:00:00 - 07/09/2024 14:00:00,SCA|NO2,mFRR,Not Specified,Not Specified,MARGINAL,1.24,0.0
07/09/2024 14:00:00 - 07/09/2024 15:00:00,SCA|NO2,mFRR,Not Specified,Not Specified,MARGINAL,3.1,1.0
07/09/2024 15:00:00 - 07/09/2024 16:00:00,SCA|NO2,mFRR,Not Specified,Not Specified,MARGINAL,24.92,2.0
07/09/2024 16:00:00 - 07/09/2024 17:00:00,SCA|NO2,mFRR,Not Specified,Not Specified,MARGINAL,40.9,15.5
07/09/2024 17:00:00 - 07/09/2024 18:00:00,SCA|NO2,mFRR,Not Specified,Not Specified,MARGINAL,50.82,50.82
07/09/2024 18:00:00 - 07/09/2024 19:00:00,SCA|NO2,mFRR,Not Specified,Not Specified,MARGINAL,50.75,50.75
07/09/2024 19:00:00 - 07/09/2024 20:00:00,SCA|NO2,mFRR,Not Specified,Not Specified,MARGINAL,50.6,50.6
07/09/2024 20:00:00 - 07/09/2024 21:00:00,SCA|NO2,mFRR,Not Specified,Not Specified,MARGINAL,50.25,50.25
07/09/2024 21:00:00 - 07/09/2024 22:00:00,SCA|NO2,mFRR,Not Specified,Not Specified,MARGINAL,50.31,21.0
07/09/2024 22:00:00 - 07/09/2024 23:00:00,SCA|NO2,mFRR,Not Specified,Not Specified,MARGINAL,46.33,21.0
07/09/2024 23:00:00 - 08/09/2024 00:00:00,SCA|NO2,mFRR,Not Specified,Not Specified,MARGINAL,42.55,24.5
08/09/2024 00:00:00 - 08/09/2024 01:00:00,SCA|NO2,mFRR,Not Specified,Not Specified,MARGINAL,50.35,26.0
08/09/2024 01:00:00 - 08/09/2024 02:00:00,SCA|NO2,mFRR,Not Specified,Not Specified,MARGINAL,47.77,25.0
08/09/2024 02:00:00 - 08/09/2024 03:00:00,SCA|NO2,mFRR,Not Specified,Not Specified,MARGINAL,48.26,25.0
08/09/2024 03:00:00 - 08/09/2024 04:00:00,SCA|NO2,mFRR,Not Specified,Not Specified,MARGINAL,46.33,25.0
08/09/2024 04:00:00 - 08/09/2024 05:00:00,SCA|NO2,mFRR,Not Specified,Not Specified,MARGINAL,44.99,25.0
08/09/2024 05:00:00 - 08/09/2024 06:00:00,SCA|NO2,mFRR,Not Specified,Not Specified,MARGINAL,47.69,25.0
08/09/2024 06:00:00 - 08/09/2024 07:00:00,SCA|NO2,mFRR,Not Specified,Not Specified,MARGINAL,44.96,25.0
08/09/2024 07:00:00 - 08/09/2024 08:00:00,SCA|NO2,mFRR,Not Specified,Not Specified,MARGINAL,41.76,25.0
08/09/2024 08:00:00 - 08/09/2024 09:00:00,SCA|NO2,mFRR,Not Specified,Not Specified,MARGINAL,42.07,25.0
08/09/2024 09:00:00 - 08/09/2024 10:00:00,SCA|NO2,mFRR,Not Specified,Not Specified,MARGINAL,24.97,24.97
08/09/2024 10:00:00 - 08/09/2024 11:00:00,SCA|NO2,mFRR,Not Specified,Not Specified,MARGINAL,20.87,20.87
08/09/2024 11:00:00 - 08/09/2024 12:00:00,SCA|NO2,mFRR,Not Specified,Not Specified,MARGINAL,2.49,-1.0
08/09/2024 12:00:00 - 08/09/2024 13:00:00,SCA|NO2,mFRR,Not Specified,Not Specified,MARGINAL,0.04,-3.0
08/09/2024 13:00:00 - 08/09/2024 14:00:00,SCA|NO2,mFRR,Not Specified,Not Specified,MARGINAL,0.01,-3.0
08/09/2024 14:00:00 - 08/09/2024 15:00:00,SCA|NO2,mFRR,Not Specified,Not Specified,MARGINAL,1.2,-2.0
08/09/2024 15:00:00 - 08/09/2024 16:00:00,SCA|NO2,mFRR,Not Specified,Not Specified,MARGINAL,24.98,12.0
08/09/2024 16:00:00 - 08/09/2024 17:00:00,SCA|NO2,mFRR,Not Specified,Not Specified,MARGINAL,34.95,22.5
08/09/2024 17:00:00 - 08/09/2024 18:00:00,SCA|NO2,mFRR,Not Specified,Not Specified,MARGINAL,50.81,50.81
08/09/2024 18:00:00 - 08/09/2024 19:00:00,SCA|NO2,mFRR,Not Specified,Not Specified,MARGINAL,50.12,50.12
08/09/2024 19:00:00 - 08/09/2024 20:00:00,SCA|NO2,mFRR,Not Specified,Not Specified,MARGINAL,50.21,46.91
08/09/2024 20:00:00 - 08/09/2024 21:00:00,SCA|NO2,mFRR,Not Specified,Not Specified,MARGINAL,60.0,50.12
08/09/2024 21:00:00 - 08/09/2024 22:00:00,SCA|NO2,mFRR,Not Specified,Not Specified,MARGINAL,60.0,50.24
08/09/2024 22:00:00 - 08/09/2024 23:00:00,SCA|NO2,mFRR,Not Specified,Not Specified,,,
08/09/2024 23:00:00 - 09/09/2024 00:00:00,SCA|NO2,mFRR,Not Specified,Not Specified,MARGINAL,49.36,49.36
09/09/2024 00:00:00 - 09/09/2024 01:00:00,SCA|NO2,mFRR,Not Specified,Not Specified,MARGINAL,43.81,43.0
09/09/2024 01:00:00 - 09/09/2024 02:00:00,SCA|NO2,mFRR,Not Specified,Not Specified,MARGINAL,47.21,47.21
09/09/2024 02:00:00 - 09/09/2024 03:00:00,SCA|NO2,mFRR,Not Specified,Not Specified,MARGINAL,51.93,30.0
09/09/2024 03:00:00 - 09/09/2024 04:00:00,SCA|NO2,mFRR,Not Specified,Not Specified,MARGINAL,51.94,23.5
09/09/2024 04:00:00 - 09/09/2024 05:00:00,SCA|NO2,mFRR,Not Specified,Not Specified,MARGINAL,52.06,25.0
09/09/2024 05:00:00 - 09/09/2024 06:00:00,SCA|NO2,mFRR,Not Specified,Not Specified,MARGINAL,52.34,30.0
09/09/2024 06:00:00 - 09/09/2024 07:00:00,SCA|NO2,mFRR,Not Specified,Not Specified,MARGINAL,52.59,35.0
09/09/2024 07:00:00 - 09/09/2024 08:00:00,SCA|NO2,mFRR,Not Specified,Not Specified,MARGINAL,53.51,53.51
09/09/2024 08:00:00 - 09/09/2024 09:00:00,SCA|NO2,mFRR,Not Specified,Not Specified,MARGINAL,154.62,154.62
09/09/2024 09:00:00 - 09/09/2024 10:00:00,SCA|NO2,mFRR,Not Specified,Not Specified,MARGINAL,59.95,59.95
09/09/2024 10:00:00 - 09/09/2024 11:00:00,SCA|NO2,mFRR,Not Specified,Not Specified,MARGINAL,53.89,53.89
09/09/2024 11:00:00 - 09/09/2024 12:00:00,SCA|NO2,mFRR,Not Specified,Not Specified,MARGINAL,53.63,53.63
09/09/2024 12:00:00 - 09/09/2024 13:00:00,SCA|NO2,mFRR,Not Specified,Not Specified,MARGINAL,53.95,53.95
09/09/2024 13:00:00 - 09/09/2024 14:00:00,SCA|NO2,mFRR,Not Specified,Not Specified,MARGINAL,53.41,53.41
09/09/2024 14:00:00 - 09/09/2024 15:00:00,SCA|NO2,mFRR,Not Specified,Not Specified,MARGINAL,52.98,52.98
09/09/2024 15:00:00 - 09/09/2024 16:00:00,SCA|NO2,mFRR,Not Specified,Not Specified,MARGINAL,52.78,52.78
09/09/2024 16:00:00 - 09/09/2024 17:00:00,SCA|NO2,mFRR,Not Specified,Not Specified,MARGINAL,52.24,52.24
09/09/2024 17:00:00 - 09/09/2024 18:00:00,SCA|NO2,mFRR,Not Specified,Not Specified,MARGINAL,52.42,52.42
09/09/2024 18:00:00 - 09/09/2024 19:00:00,SCA|NO2,mFRR,Not Specified,Not Specified,MARGINAL,52.15,52.15
09/09/2024 19:00:00 - 09/09/2024 20:00:00,SCA|NO2,mFRR,Not Specified,Not Specified,MARGINAL,51.92,51.92
09/09/2024 20:00:00 - 09/09/2024 21:00:00,SCA|NO2,mFRR,Not Specified,Not Specified,MARGINAL,47.06,47.06
09/09/2024 21:00:00 - 09/09/2024 22:00:00,SCA|NO2,mFRR,Not Specified,Not Specified,MARGINAL,47.08,12.0
09/09/2024 22:00:00 - 09/09/2024 23:00:00,SCA|NO2,mFRR,Not Specified,Not Specified,MARGINAL,35.96,-0.5
09/09/2024 23:00:00 - 10/09/2024 00:00:00,SCA|NO2,mFRR,Not Specified,Not Specified,MARGINAL,32.87,2.68
10/09/2024 00:00:00 - 10/09/2024 01:00:00,SCA|NO2,mFRR,Not Specified,Not Specified,MARGINAL,24.98,24.98
10/09/2024 01:00:00 - 10/09/2024 02:00:00,SCA|NO2,mFRR,Not Specified,Not Specified,MARGINAL,43.0,19.01
10/09/2024 02:00:00 - 10/09/2024 03:00:00,SCA|NO2,mFRR,Not Specified,Not Specified,MARGINAL,7.0,2.04
10/09/2024 03:00:00 - 10/09/2024 04:00:00,SCA|NO2,mFRR,Not Specified,Not Specified,MARGINAL,7.0,0.67
10/09/2024 04:00:00 - 10/09/2024 05:00:00,SCA|NO2,mFRR,Not Specified,Not Specified,MARGINAL,2.5,0.0
10/09/2024 05:00:00 - 10/09/2024 06:00:00,SCA|NO2,mFRR,Not Specified,Not Specified,MARGINAL,2.5,0.0
10/09/2024 06:00:00 - 10/09/2024 07:00:00,SCA|NO2,mFRR,Not Specified,Not Specified,MARGINAL,15.15,15.15
10/09/2024 07:00:00 - 10/09/2024 08:00:00,SCA|NO2,mFRR,Not Specified,Not Specified,MARGINAL,61.5,25.7
10/09/2024 08:00:00 - 10/09/2024 09:00:00,SCA|NO2,mFRR,Not Specified,Not Specified,MARGINAL,62.5,48.92
10/09/2024 09:00:00 - 10/09/2024 10:00:00,SCA|NO2,mFRR,Not Specified,Not Specified,MARGINAL,52.5,52.5
10/09/2024 10:00:00 - 10/09/2024 11:00:00,SCA|NO2,mFRR,Not Specified,Not Specified,MARGINAL,36.78,36.78
10/09/2024 11:00:00 - 10/09/2024 12:00:00,SCA|NO2,mFRR,Not Specified,Not Specified,MARGINAL,9.24,9.24
10/09/2024 12:00:00 - 10/09/2024 13:00:00,SCA|NO2,mFRR,Not Specified,Not Specified,MARGINAL,0.04,0.04
10/09/2024 13:00:00 - 10/09/2024 14:00:00,SCA|NO2,mFRR,Not Specified,Not Specified,MARGINAL,-0.07,-1.0
10/09/2024 14:00:00 - 10/09/2024 15:00:00,SCA|NO2,mFRR,Not Specified,Not Specified,MARGINAL,-0.16,-3.0
10/09/2024 15:00:00 - 10/09/2024 16:00:00,SCA|NO2,mFRR,Not Specified,Not Specified,MARGINAL,2.5,-3.0
10/09/2024 16:00:00 - 10/09/2024 17:00:00,SCA|NO2,mFRR,Not Specified,Not Specified,MARGINAL,10.0,0.42
10/09/2024 17:00:00 - 10/09/2024 18:00:00,SCA|NO2,mFRR,Not Specified,Not Specified,MARGINAL,19.62,19.62
10/09/2024 18:00:00 - 10/09/2024 19:00:00,SCA|NO2,mFRR,Not Specified,Not Specified,MARGINAL,24.96,24.96
10/09/2024 19:00:00 - 10/09/2024 20:00:00,SCA|NO2,mFRR,Not Specified,Not Specified,MARGINAL,29.17,14.0
10/09/2024 20:00:00 - 10/09/2024 21:00:00,SCA|NO2,mFRR,Not Specified,Not Specified,MARGINAL,34.05,0.0
10/09/2024 21:00:00 - 10/09/2024 22:00:00,SCA|NO2,mFRR,Not Specified,Not Specified,MARGINAL,30.55,0.0
10/09/2024 22:00:00 - 10/09/2024 23:00:00,SCA|NO2,mFRR,Not Specified,Not Specified,MARGINAL,30.24,10.0
10/09/2024 23:00:00 - 11/09/2024 00:00:00,SCA|NO2,mFRR,Not Specified,Not Specified,MARGINAL,32.01,2.68
11/09/2024 00:00:00 - 11/09/2024 01:00:00,SCA|NO2,mFRR,Not Specified,Not Specified,MARGINAL,20.65,20.65
11/09/2024 01:00:00 - 11/09/2024 02:00:00,SCA|NO2,mFRR,Not Specified,Not Specified,MARGINAL,14.6,14.6
11/09/2024 02:00:00 - 11/09/2024 03:00:00,SCA|NO2,mFRR,Not Specified,Not Specified,MARGINAL,16.31,-1.57
11/09/2024 03:00:00 - 11/09/2024 04:00:00,SCA|NO2,mFRR,Not Specified,Not Specified,MARGINAL,18.53,-1.57
11/09/2024 04:00:00 - 11/09/2024 05:00:00,SCA|NO2,mFRR,Not Specified,Not Specified,MARGINAL,23.22,-2.0
11/09/2024 05:00:00 - 11/09/2024 06:00:00,SCA|NO2,mFRR,Not Specified,Not Specified,MARGINAL,32.15,-1.5
11/09/2024 06:00:00 - 11/09/2024 07:00:00,SCA|NO2,mFRR,Not Specified,Not Specified,MARGINAL,40.71,0.0
11/09/2024 07:00:00 - 11/09/2024 08:00:00,SCA|NO2,mFRR,Not Specified,Not Specified,MARGINAL,44.62,14.0
11/09/2024 08:00:00 - 11/09/2024 09:00:00,SCA|NO2,mFRR,Not Specified,Not Specified,MARGINAL,55.0,44.92
11/09/2024 09:00:00 - 11/09/2024 10:00:00,SCA|NO2,mFRR,Not Specified,Not Specified,MARGINAL,55.0,41.77
11/09/2024 10:00:00 - 11/09/2024 11:00:00,SCA|NO2,mFRR,Not Specified,Not Specified,MARGINAL,40.95,40.95
11/09/2024 11:00:00 - 11/09/2024 12:00:00,SCA|NO2,mFRR,Not Specified,Not Specified,MARGINAL,35.84,35.84
11/09/2024 12:00:00 - 11/09/2024 13:00:00,SCA|NO2,mFRR,Not Specified,Not Specified,MARGINAL,31.93,31.93
11/09/2024 13:00:00 - 11/09/2024 14:00:00,SCA|NO2,mFRR,Not Specified,Not Specified,MARGINAL,26.24,26.24
11/09/2024 14:00:00 - 11/09/2024 15:00:00,SCA|NO2,mFRR,Not Specified,Not Specified,MARGINAL,26.22,18.0
11/09/2024 15:00:00 - 11/09/2024 16:00:00,SCA|NO2,mFRR,Not Specified,Not Specified,,,
11/09/2024 16:00:00 - 11/09/2024 17:00:00,SCA|NO2,mFRR,Not Specified,Not Specified,MARGINAL,33.16,33.16
11/09/2024 17:00:00 - 11/09/2024 18:00:00,SCA|NO2,mFRR,Not Specified,Not Specified,MARGINAL,47.35,43.0
11/09/2024 18:00:00 - 11/09/2024 19:00:00,SCA|NO2,mFRR,Not Specified,Not Specified,MARGINAL,50.45,26.0
11/09/2024 19:00:00 - 11/09/2024 20:00:00,SCA|NO2,mFRR,Not Specified,Not Specified,MARGINAL,50.84,50.84
11/09/2024 20:00:00 - 11/09/2024 21:00:00,SCA|NO2,mFRR,Not Specified,Not Specified,MARGINAL,50.95,50.95
11/09/2024 21:00:00 - 11/09/2024 22:00:00,SCA|NO2,mFRR,Not Specified,Not Specified,MARGINAL,50.66,46.91
11/09/2024 22:00:00 - 11/09/2024 23:00:00,SCA|NO2,mFRR,Not Specified,Not Specified,MARGINAL,50.45,46.91
11/09/2024 23:00:00 - 12/09/2024 00:00:00,SCA|NO2,mFRR,Not Specified,Not Specified,MARGINAL,50.25,50.25
12/09/2024 00:00:00 - 12/09/2024 01:00:00,SCA|NO2,mFRR,Not Specified,Not Specified,MARGINAL,50.22,26.8
12/09/2024 01:00:00 - 12/09/2024 02:00:00,SCA|NO2,mFRR,Not Specified,Not Specified,MARGINAL,49.92,28.0
12/09/2024 02:00:00 - 12/09/2024 03:00:00,SCA|NO2,mFRR,Not Specified,Not Specified,MARGINAL,48.92,48.92
12/09/2024 03:00:00 - 12/09/2024 04:00:00,SCA|NO2,mFRR,Not Specified,Not Specified,MARGINAL,46.78,46.78
12/09/2024 04:00:00 - 12/09/2024 05:00:00,SCA|NO2,mFRR,Not Specified,Not Specified,MARGINAL,48.58,40.07
12/09/2024 05:00:00 - 12/09/2024 06:00:00,SCA|NO2,mFRR,Not Specified,Not Specified,MARGINAL,50.2,28.0
12/09/2024 06:00:00 - 12/09/2024 07:00:00,SCA|NO2,mFRR,Not Specified,Not Specified,MARGINAL,50.5,50.5
12/09/2024 07:00:00 - 12/09/2024 08:00:00,SCA|NO2,mFRR,Not Specified,Not Specified,MARGINAL,51.02,51.02
12/09/2024 08:00:00 - 12/09/2024 09:00:00,SCA|NO2,mFRR,Not Specified,Not Specified,MARGINAL,51.34,51.34
12/09/2024 09:00:00 - 12/09/2024 10:00:00,SCA|NO2,mFRR,Not Specified,Not Specified,MARGINAL,51.08,51.08
12/09/2024 10:00:00 - 12/09/2024 11:00:00,SCA|NO2,mFRR,Not Specified,Not Specified,MARGINAL,50.24,22.0
12/09/2024 11:00:00 - 12/09/2024 12:00:00,SCA|NO2,mFRR,Not Specified,Not Specified,MARGINAL,50.28,21.44
12/09/2024 12:00:00 - 12/09/2024 13:00:00,SCA|NO2,mFRR,Not Specified,Not Specified,MARGINAL,50.12,26.0
12/09/2024 13:00:00 - 12/09/2024 14:00:00,SCA|NO2,mFRR,Not Specified,Not Specified,MARGINAL,50.46,35.0
12/09/2024 14:00:00 - 12/09/2024 15:00:00,SCA|NO2,mFRR,Not Specified,Not Specified,MARGINAL,50.77,35.0
12/09/2024 15:00:00 - 12/09/2024 16:00:00,SCA|NO2,mFRR,Not Specified,Not Specified,MARGINAL,51.12,35.0
12/09/2024 16:00:00 - 12/09/2024 17:00:00,SCA|NO2,mFRR,Not Specified,Not Specified,MARGINAL,50.58,26.67
12/09/2024 17:00:00 - 12/09/2024 18:00:00,SCA|NO2,mFRR,Not Specified,Not Specified,MARGINAL,50.45,28.0
12/09/2024 18:00:00 - 12/09/2024 19:00:00,SCA|NO2,mFRR,Not Specified,Not Specified,MARGINAL,50.57,28.0
12/09/2024 19:00:00 - 12/09/2024 20:00:00,SCA|NO2,mFRR,Not Specified,Not Specified,MARGINAL,51.05,51.05
12/09/2024 20:00:00 - 12/09/2024 21:00:00,SCA|NO2,mFRR,Not Specified,Not Specified,MARGINAL,51.07,51.07
12/09/2024 21:00:00 - 12/09/2024 22:00:00,SCA|NO2,mFRR,Not Specified,Not Specified,MARGINAL,50.95,50.95
12/09/2024 22:00:00 - 12/09/2024 23:00:00,SCA|NO2,mFRR,Not Specified,Not Specified,MARGINAL,50.42,50.42
12/09/2024 23:00:00 - 13/09/2024 00:00:00,SCA|NO2,mFRR,Not Specified,Not Specified,MARGINAL,50.03,46.77
13/09/2024 00:00:00 - 13/09/2024 01:00:00,SCA|NO2,mFRR,Not Specified,Not Specified,MARGINAL,48.47,37.0
13/09/2024 01:00:00 - 13/09/2024 02:00:00,SCA|NO2,mFRR,Not Specified,Not Specified,MARGINAL,48.19,46.57
13/09/2024 02:00:00 - 13/09/2024 03:00:00,SCA|NO2,mFRR,Not Specified,Not Specified,MARGINAL,48.17,48.17
13/09/2024 03:00:00 - 13/09/2024 04:00:00,SCA|NO2,mFRR,Not Specified,Not Specified,MARGINAL,48.18,48.18
13/09/2024 04:00:00 - 13/09/2024 05:00:00,SCA|NO2,mFRR,Not Specified,Not Specified,MARGINAL,48.49,48.49
13/09/2024 05:00:00 - 13/09/2024 06:00:00,SCA|NO2,mFRR,Not Specified,Not Specified,MARGINAL,48.96,48.96
13/09/2024 06:00:00 - 13/09/2024 07:00:00,SCA|NO2,mFRR,Not Specified,Not Specified,MARGINAL,48.94,48.94
13/09/2024 07:00:00 - 13/09/2024 08:00:00,SCA|NO2,mFRR,Not Specified,Not Specified,MARGINAL,50.0,49.99
13/09/2024 08:00:00 - 13/09/2024 09:00:00,SCA|NO2,mFRR,Not Specified,Not Specified,MARGINAL,89.89,89.89
13/09/2024 09:00:00 - 13/09/2024 10:00:00,SCA|NO2,mFRR,Not Specified,Not Specified,MARGINAL,51.9,51.9
13/09/2024 10:00:00 - 13/09/2024 11:00:00,SCA|NO2,mFRR,Not Specified,Not Specified,MARGINAL,50.3,50.3
13/09/2024 11:00:00 - 13/09/2024 12:00:00,SCA|NO2,mFRR,Not Specified,Not Specified,MARGINAL,48.39,31.0
13/09/2024 12:00:00 - 13/09/2024 13:00:00,SCA|NO2,mFRR,Not Specified,Not Specified,MARGINAL,49.43,35.0
13/09/2024 13:00:00 - 13/09/2024 14:00:00,SCA|NO2,mFRR,Not Specified,Not Specified,MARGINAL,48.33,40.07
13/09/2024 14:00:00 - 13/09/2024 15:00:00,SCA|NO2,mFRR,Not Specified,Not Specified,MARGINAL,39.91,39.91
13/09/2024 15:00:00 - 13/09/2024 16:00:00,SCA|NO2,mFRR,Not Specified,Not Specified,MARGINAL,37.8,37.8
13/09/2024 16:00:00 - 13/09/2024 17:00:00,SCA|NO2,mFRR,Not Specified,Not Specified,MARGINAL,45.07,45.07
13/09/2024 17:00:00 - 13/09/2024 18:00:00,SCA|NO2,mFRR,Not Specified,Not Specified,MARGINAL,44.19,44.19
13/09/2024 18:00:00 - 13/09/2024 19:00:00,SCA|NO2,mFRR,Not Specified,Not Specified,MARGINAL,45.14,45.14
13/09/2024 19:00:00 - 13/09/2024 20:00:00,SCA|NO2,mFRR,Not Specified,Not Specified,MARGINAL,45.77,45.77
13/09/2024 20:00:00 - 13/09/2024 21:00:00,SCA|NO2,mFRR,Not Specified,Not Specified,MARGINAL,45.93,45.93
13/09/2024 21:00:00 - 13/09/2024 22:00:00,SCA|NO2,mFRR,Not Specified,Not Specified,MARGINAL,45.6,45.6
13/09/2024 22:00:00 - 13/09/2024 23:00:00,SCA|NO2,mFRR,Not Specified,Not Specified,MARGINAL,44.93,44.93
13/09/2024 23:00:00 - 14/09/2024 00:00:00,SCA|NO2,mFRR,Not Specified,Not Specified,MARGINAL,42.93,42.93
14/09/2024 00:00:00 - 14/09/2024 01:00:00,SCA|NO2,mFRR,Not Specified,Not Specified,MARGINAL,44.51,44.51
14/09/2024 01:00:00 - 14/09/2024 02:00:00,SCA|NO2,mFRR,Not Specified,Not Specified,MARGINAL,43.52,43.52
14/09/2024 02:00:00 - 14/09/2024 03:00:00,SCA|NO2,mFRR,Not Specified,Not Specified,MARGINAL,41.98,41.98
14/09/2024 03:00:00 - 14/09/2024 04:00:00,SCA|NO2,mFRR,Not Specified,Not Specified,MARGINAL,42.96,42.96
14/09/2024 04:00:00 - 14/09/2024 05:00:00,SCA|NO2,mFRR,Not Specified,Not Specified,MARGINAL,43.06,43.06
14/09/2024 05:00:00 - 14/09/2024 06:00:00,SCA|NO2,mFRR,Not Specified,Not Specified,MARGINAL,42.9,42.9
14/09/2024 06:00:00 - 14/09/2024 07:00:00,SCA|NO2,mFRR,Not Specified,Not Specified,MARGINAL,40.76,40.76
14/09/2024 07:00:00 - 14/09/2024 08:00:00,SCA|NO2,mFRR,Not Specified,Not Specified,MARGINAL,39.96,39.96
14/09/2024 08:00:00 - 14/09/2024 09:00:00,SCA|NO2,mFRR,Not Specified,Not Specified,MARGINAL,41.92,41.92
14/09/2024 09:00:00 - 14/09/2024 10:00:00,SCA|NO2,mFRR,Not Specified,Not Specified,MARGINAL,42.5,42.5
14/09/2024 10:00:00 - 14/09/2024 11:00:00,SCA|NO2,mFRR,Not Specified,Not Specified,MARGINAL,31.99,31.99
14/09/2024 11:00:00 - 14/09/2024 12:00:00,SCA|NO2,mFRR,Not Specified,Not Specified,MARGINAL,13.58,3.0
14/09/2024 12:00:00 - 14/09/2024 13:00:00,SCA|NO2,mFRR,Not Specified,Not Specified,MARGINAL,2.94,-6.0
14/09/2024 13:00:00 - 14/09/2024 14:00:00,SCA|NO2,mFRR,Not Specified,Not Specified,MARGINAL,0.42,-8.0
14/09/2024 14:00:00 - 14/09/2024 15:00:00,SCA|NO2,mFRR,Not Specified,Not Specified,MARGINAL,0.83,-11.0
14/09/2024 15:00:00 - 14/09/2024 16:00:00,SCA|NO2,mFRR,Not Specified,Not Specified,MARGINAL,2.97,-9.0
14/09/2024 16:00:00 - 14/09/2024 17:00:00,SCA|NO2,mFRR,Not Specified,Not Specified,MARGINAL,22.48,0.97
14/09/2024 17:00:00 - 14/09/2024 18:00:00,SCA|NO2,mFRR,Not Specified,Not Specified,MARGINAL,45.51,15.0
14/09/2024 18:00:00 - 14/09/2024 19:00:00,SCA|NO2,mFRR,Not Specified,Not Specified,MARGINAL,44.17,44.17
14/09/2024 19:00:00 - 14/09/2024 20:00:00,SCA|NO2,mFRR,Not Specified,Not Specified,MARGINAL,44.09,44.09
14/09/2024 20:00:00 - 14/09/2024 21:00:00,SCA|NO2,mFRR,Not Specified,Not Specified,MARGINAL,42.5,42.5
14/09/2024 21:00:00 - 14/09/2024 22:00:00,SCA|NO2,mFRR,Not Specified,Not Specified,MARGINAL,41.58,41.58
14/09/2024 22:00:00 - 14/09/2024 23:00:00,SCA|NO2,mFRR,Not Specified,Not Specified,MARGINAL,40.76,40.76
14/09/2024 23:00:00 - 15/09/2024 00:00:00,SCA|NO2,mFRR,Not Specified,Not Specified,MARGINAL,38.82,38.82
15/09/2024 00:00:00 - 15/09/2024 01:00:00,SCA|NO2,mFRR,Not Specified,Not Specified,MARGINAL,40.82,40.82
15/09/2024 01:00:00 - 15/09/2024 02:00:00,SCA|NO2,mFRR,Not Specified,Not Specified,MARGINAL,40.81,23.0
15/09/2024 02:00:00 - 15/09/2024 03:00:00,SCA|NO2,mFRR,Not Specified,Not Specified,MARGINAL,40.66,10.0
15/09/2024 03:00:00 - 15/09/2024 04:00:00,SCA|NO2,mFRR,Not Specified,Not Specified,MARGINAL,40.5,10.0
15/09/2024 04:00:00 - 15/09/2024 05:00:00,SCA|NO2,mFRR,Not Specified,Not Specified,MARGINAL,40.58,18.0
15/09/2024 05:00:00 - 15/09/2024 06:00:00,SCA|NO2,mFRR,Not Specified,Not Specified,MARGINAL,40.19,40.19
15/09/2024 06:00:00 - 15/09/2024 07:00:00,SCA|NO2,mFRR,Not Specified,Not Specified,MARGINAL,37.0,37.0
15/09/2024 07:00:00 - 15/09/2024 08:00:00,SCA|NO2,mFRR,Not Specified,Not Specified,MARGINAL,38.44,21.44
15/09/2024 08:00:00 - 15/09/2024 09:00:00,SCA|NO2,mFRR,Not Specified,Not Specified,MARGINAL,40.01,21.44
15/09/2024 09:00:00 - 15/09/2024 10:00:00,SCA|NO2,mFRR,Not Specified,Not Specified,MARGINAL,37.31,26.0
15/09/2024 10:00:00 - 15/09/2024 11:00:00,SCA|NO2,mFRR,Not Specified,Not Specified,MARGINAL,19.32,19.32
15/09/2024 11:00:00 - 15/09/2024 12:00:00,SCA|NO2,mFRR,Not Specified,Not Specified,MARGINAL,3.65,1.76
15/09/2024 12:00:00 - 15/09/2024 13:00:00,SCA|NO2,mFRR,Not Specified,Not Specified,MARGINAL,2.86,1.76
15/09/2024 13:00:00 - 15/09/2024 14:00:00,SCA|NO2,mFRR,Not Specified,Not Specified,MARGINAL,1.96,1.76
15/09/2024 14:00:00 - 15/09/2024 15:00:00,SCA|NO2,mFRR,Not Specified,Not Specified,MARGINAL,3.09,1.76
15/09/2024 15:00:00 - 15/09/2024 16:00:00,SCA|NO2,mFRR,Not Specified,Not Specified,MARGINAL,18.41,2.9
15/09/2024 16:00:00 - 15/09/2024 17:00:00,SCA|NO2,mFRR,Not Specified,Not Specified,MARGINAL,31.11,15.0
15/09/2024 17:00:00 - 15/09/2024 18:00:00,SCA|NO2,mFRR,Not Specified,Not Specified,MARGINAL,43.57,23.0
15/09/2024 18:00:00 - 15/09/2024 19:00:00,SCA|NO2,mFRR,Not Specified,Not Specified,MARGINAL,46.43,46.43
15/09/2024 19:00:00 - 15/09/2024 20:00:00,SCA|NO2,mFRR,Not Specified,Not Specified,MARGINAL,59.0,46.26
15/09/2024 20:00:00 - 15/09/2024 21:00:00,SCA|NO2,mFRR,Not Specified,Not Specified,MARGINAL,59.5,49.96
15/09/2024 21:00:00 - 15/09/2024 22:00:00,SCA|NO2,mFRR,Not Specified,Not Specified,MARGINAL,55.0,48.02
15/09/2024 22:00:00 - 15/09/2024 23:00:00,SCA|NO2,mFRR,Not Specified,Not Specified,MARGINAL,45.84,45.84
15/09/2024 23:00:00 - 16/09/2024 00:00:00,SCA|NO2,mFRR,Not Specified,Not Specified,MARGINAL,44.96,44.96
16/09/2024 00:00:00 - 16/09/2024 01:00:00,SCA|NO2,mFRR,Not Specified,Not Specified,MARGINAL,47.86,47.86
16/09/2024 01:00:00 - 16/09/2024 02:00:00,SCA|NO2,mFRR,Not Specified,Not Specified,MARGINAL,45.94,45.94
16/09/2024 02:00:00 - 16/09/2024 03:00:00,SCA|NO2,mFRR,Not Specified,Not Specified,MARGINAL,45.54,45.54
16/09/2024 03:00:00 - 16/09/2024 04:00:00,SCA|NO2,mFRR,Not Specified,Not Specified,MARGINAL,45.0,45.0
16/09/2024 04:00:00 - 16/09/2024 05:00:00,SCA|NO2,mFRR,Not Specified,Not Specified,MARGINAL,45.28,45.28
16/09/2024 05:00:00 - 16/09/2024 06:00:00,SCA|NO2,mFRR,Not Specified,Not Specified,MARGINAL,46.5,46.5
16/09/2024 06:00:00 - 16/09/2024 07:00:00,SCA|NO2,mFRR,Not Specified,Not Specified,MARGINAL,47.87,47.87
16/09/2024 07:00:00 - 16/09/2024 08:00:00,SCA|NO2,mFRR,Not Specified,Not Specified,MARGINAL,51.08,51.08
16/09/2024 08:00:00 - 16/09/2024 09:00:00,SCA|NO2,mFRR,Not Specified,Not Specified,MARGINAL,124.47,124.47
16/09/2024 09:00:00 - 16/09/2024 10:00:00,SCA|NO2,mFRR,Not Specified,Not Specified,MARGINAL,85.93,85.93
16/09/2024 10:00:00 - 16/09/2024 11:00:00,SCA|NO2,mFRR,Not Specified,Not Specified,MARGINAL,50.1,50.1
16/09/2024 11:00:00 - 16/09/2024 12:00:00,SCA|NO2,mFRR,Not Specified,Not Specified,MARGINAL,41.69,40.1
16/09/2024 12:00:00 - 16/09/2024 13:00:00,SCA|NO2,mFRR,Not Specified,Not Specified,MARGINAL,42.31,42.31
16/09/2024 13:00:00 - 16/09/2024 14:00:00,SCA|NO2,mFRR,Not Specified,Not Specified,MARGINAL,40.14,40.14
16/09/2024 14:00:00 - 16/09/2024 15:00:00,SCA|NO2,mFRR,Not Specified,Not Specified,MARGINAL,59.0,41.85
16/09/2024 15:00:00 - 16/09/2024 16:00:00,SCA|NO2,mFRR,Not Specified,Not Specified,MARGINAL,59.0,42.96
16/09/2024 16:00:00 - 16/09/2024 17:00:00,SCA|NO2,mFRR,Not Specified,Not Specified,MARGINAL,59.0,43.05
16/09/2024 17:00:00 - 16/09/2024 18:00:00,SCA|NO2,mFRR,Not Specified,Not Specified,MARGINAL,45.74,45.74
16/09/2024 18:00:00 - 16/09/2024 19:00:00,SCA|NO2,mFRR,Not Specified,Not Specified,MARGINAL,55.5,45.97
16/09/2024 19:00:00 - 16/09/2024 20:00:00,SCA|NO2,mFRR,Not Specified,Not Specified,MARGINAL,60.0,45.53
16/09/2024 20:00:00 - 16/09/2024 21:00:00,SCA|NO2,mFRR,Not Specified,Not Specified,MARGINAL,60.0,44.04
16/09/2024 21:00:00 - 16/09/2024 22:00:00,SCA|NO2,mFRR,Not Specified,Not Specified,MARGINAL,59.0,37.2
16/09/2024 22:00:00 - 16/09/2024 23:00:00,SCA|NO2,mFRR,Not Specified,Not Specified,MARGINAL,59.0,35.91
16/09/2024 23:00:00 - 17/09/2024 00:00:00,SCA|NO2,mFRR,Not Specified,Not Specified,MARGINAL,52.0,35.06
17/09/2024 00:00:00 - 17/09/2024 01:00:00,SCA|NO2,mFRR,Not Specified,Not Specified,MARGINAL,58.5,39.54
17/09/2024 01:00:00 - 17/09/2024 02:00:00,SCA|NO2,mFRR,Not Specified,Not Specified,MARGINAL,58.5,38.55
17/09/2024 02:00:00 - 17/09/2024 03:00:00,SCA|NO2,mFRR,Not Specified,Not Specified,MARGINAL,38.56,38.56
17/09/2024 03:00:00 - 17/09/2024 04:00:00,SCA|NO2,mFRR,Not Specified,Not Specified,MARGINAL,38.6,38.6
17/09/2024 04:00:00 - 17/09/2024 05:00:00,SCA|NO2,mFRR,Not Specified,Not Specified,MARGINAL,39.29,39.29
17/09/2024 05:00:00 - 17/09/2024 06:00:00,SCA|NO2,mFRR,Not Specified,Not Specified,MARGINAL,41.19,41.19
17/09/2024 06:00:00 - 17/09/2024 07:00:00,SCA|NO2,mFRR,Not Specified,Not Specified,MARGINAL,42.96,42.96
17/09/2024 07:00:00 - 17/09/2024 08:00:00,SCA|NO2,mFRR,Not Specified,Not Specified,MARGINAL,50.65,50.65
17/09/2024 08:00:00 - 17/09/2024 09:00:00,SCA|NO2,mFRR,Not Specified,Not Specified,MARGINAL,52.46,52.46
17/09/2024 09:00:00 - 17/09/2024 10:00:00,SCA|NO2,mFRR,Not Specified,Not Specified,MARGINAL,50.43,50.43
17/09/2024 10:00:00 - 17/09/2024 11:00:00,SCA|NO2,mFRR,Not Specified,Not Specified,MARGINAL,45.52,45.52
17/09/2024 11:00:00 - 17/09/2024 12:00:00,SCA|NO2,mFRR,Not Specified,Not Specified,MARGINAL,49.92,49.92
17/09/2024 12:00:00 - 17/09/2024 13:00:00,SCA|NO2,mFRR,Not Specified,Not Specified,MARGINAL,53.5,45.03
17/09/2024 13:00:00 - 17/09/2024 14:00:00,SCA|NO2,mFRR,Not Specified,Not Specified,MARGINAL,57.41,40.56
17/09/2024 14:00:00 - 17/09/2024 15:00:00,SCA|NO2,mFRR,Not Specified,Not Specified,MARGINAL,53.48,26.69
17/09/2024 15:00:00 - 17/09/2024 16:00:00,SCA|NO2,mFRR,Not Specified,Not Specified,MARGINAL,41.36,41.36
17/09/2024 16:00:00 - 17/09/2024 17:00:00,SCA|NO2,mFRR,Not Specified,Not Specified,MARGINAL,44.15,44.15
17/09/2024 17:00:00 - 17/09/2024 18:00:00,SCA|NO2,mFRR,Not Specified,Not Specified,MARGINAL,51.28,51.28
17/09/2024 18:00:00 - 17/09/2024 19:00:00,SCA|NO2,mFRR,Not Specified,Not Specified,MARGINAL,53.25,53.25
17/09/2024 19:00:00 - 17/09/2024 20:00:00,SCA|NO2,mFRR,Not Specified,Not Specified,MARGINAL,51.49,51.49
17/09/2024 20:00:00 - 17/09/2024 21:00:00,SCA|NO2,mFRR,Not Specified,Not Specified,MARGINAL,52.32,52.32
17/09/2024 21:00:00 - 17/09/2024 22:00:00,SCA|NO2,mFRR,Not Specified,Not Specified,MARGINAL,49.9,20.0
17/09/2024 22:00:00 - 17/09/2024 23:00:00,SCA|NO2,mFRR,Not Specified,Not Specified,MARGINAL,41.41,10.0
17/09/2024 23:00:00 - 18/09/2024 00:00:00,SCA|NO2,mFRR,Not Specified,Not Specified,MARGINAL,39.53,8.0
18/09/2024 00:00:00 - 18/09/2024 01:00:00,SCA|NO2,mFRR,Not Specified,Not Specified,MARGINAL,41.32,41.32
18/09/2024 01:00:00 - 18/09/2024 02:00:00,SCA|NO2,mFRR,Not Specified,Not Specified,MARGINAL,40.94,40.94
18/09/2024 02:00:00 - 18/09/2024 03:00:00,SCA|NO2,mFRR,Not Specified,Not Specified,MARGINAL,40.92,40.92
18/09/2024 03:00:00 - 18/09/2024 04:00:00,SCA|NO2,mFRR,Not Specified,Not Specified,MARGINAL,40.94,40.94
18/09/2024 04:00:00 - 18/09/2024 05:00:00,SCA|NO2,mFRR,Not Specified,Not Specified,MARGINAL,41.25,41.25
18/09/2024 05:00:00 - 18/09/2024 06:00:00,SCA|NO2,mFRR,Not Specified,Not Specified,MARGINAL,39.21,39.21
18/09/2024 06:00:00 - 18/09/2024 07:00:00,SCA|NO2,mFRR,Not Specified,Not Specified,MARGINAL,41.39,41.39
18/09/2024 07:00:00 - 18/09/2024 08:00:00,SCA|NO2,mFRR,Not Specified,Not Specified,MARGINAL,49.42,49.42
18/09/2024 08:00:00 - 18/09/2024 09:00:00,SCA|NO2,mFRR,Not Specified,Not Specified,MARGINAL,53.39,28.0
18/09/2024 09:00:00 - 18/09/2024 10:00:00,SCA|NO2,mFRR,Not Specified,Not Specified,MARGINAL,48.08,18.0
18/09/2024 10:00:00 - 18/09/2024 11:00:00,SCA|NO2,mFRR,Not Specified,Not Specified,MARGINAL,42.6,18.0
18/09/2024 11:00:00 - 18/09/2024 12:00:00,SCA|NO2,mFRR,Not Specified,Not Specified,MARGINAL,34.97,18.0
18/09/2024 12:00:00 - 18/09/2024 13:00:00,SCA|NO2,mFRR,Not Specified,Not Specified,MARGINAL,58.0,24.92
18/09/2024 13:00:00 - 18/09/2024 14:00:00,SCA|NO2,mFRR,Not Specified,Not Specified,MARGINAL,12.02,12.02
18/09/2024 14:00:00 - 18/09/2024 15:00:00,SCA|NO2,mFRR,Not Specified,Not Specified,MARGINAL,12.68,0.0
18/09/2024 15:00:00 - 18/09/2024 16:00:00,SCA|NO2,mFRR,Not Specified,Not Specified,MARGINAL,26.36,2.0
18/09/2024 16:00:00 - 18/09/2024 17:00:00,SCA|NO2,mFRR,Not Specified,Not Specified,MARGINAL,36.18,18.0
18/09/2024 17:00:00 - 18/09/2024 18:00:00,SCA|NO2,mFRR,Not Specified,Not Specified,MARGINAL,44.0,42.08
18/09/2024 18:00:00 - 18/09/2024 19:00:00,SCA|NO2,mFRR,Not Specified,Not Specified,MARGINAL,47.81,47.81
18/09/2024 19:00:00 - 18/09/2024 20:00:00,SCA|NO2,mFRR,Not Specified,Not Specified,MARGINAL,49.93,49.93
18/09/2024 20:00:00 - 18/09/2024 21:00:00,SCA|NO2,mFRR,Not Specified,Not Specified,MARGINAL,49.27,49.27
18/09/2024 21:00:00 - 18/09/2024 22:00:00,SCA|NO2,mFRR,Not Specified,Not Specified,MARGINAL,43.95,26.0
18/09/2024 22:00:00 - 18/09/2024 23:00:00,SCA|NO2,mFRR,Not Specified,Not Specified,MARGINAL,41.89,25.46
18/09/2024 23:00:00 - 19/09/2024 00:00:00,SCA|NO2,mFRR,Not Specified,Not Specified,MARGINAL,38.7,38.7
19/09/2024 00:00:00 - 19/09/2024 01:00:00,SCA|NO2,mFRR,Not Specified,Not Specified,MARGINAL,38.83,21.44
19/09/2024 01:00:00 - 19/09/2024 02:00:00,SCA|NO2,mFRR,Not Specified,Not Specified,MARGINAL,37.98,22.0
19/09/2024 02:00:00 - 19/09/2024 03:00:00,SCA|NO2,mFRR,Not Specified,Not Specified,MARGINAL,37.92,22.0
19/09/2024 03:00:00 - 19/09/2024 04:00:00,SCA|NO2,mFRR,Not Specified,Not Specified,MARGINAL,37.45,37.45
19/09/2024 04:00:00 - 19/09/2024 05:00:00,SCA|NO2,mFRR,Not Specified,Not Specified,MARGINAL,37.68,37.68
19/09/2024 05:00:00 - 19/09/2024 06:00:00,SCA|NO2,mFRR,Not Specified,Not Specified,MARGINAL,36.02,36.02
19/09/2024 06:00:00 - 19/09/2024 07:00:00,SCA|NO2,mFRR,Not Specified,Not Specified,MARGINAL,38.85,38.85
19/09/2024 07:00:00 - 19/09/2024 08:00:00,SCA|NO2,mFRR,Not Specified,Not Specified,MARGINAL,40.95,40.95
19/09/2024 08:00:00 - 19/09/2024 09:00:00,SCA|NO2,mFRR,Not Specified,Not Specified,MARGINAL,41.12,26.67
19/09/2024 09:00:00 - 19/09/2024 10:00:00,SCA|NO2,mFRR,Not Specified,Not Specified,MARGINAL,41.06,26.67
19/09/2024 10:00:00 - 19/09/2024 11:00:00,SCA|NO2,mFRR,Not Specified,Not Specified,MARGINAL,40.99,26.67
19/09/2024 11:00:00 - 19/09/2024 12:00:00,SCA|NO2,mFRR,Not Specified,Not Specified,MARGINAL,36.45,22.0
19/09/2024 12:00:00 - 19/09/2024 13:00:00,SCA|NO2,mFRR,Not Specified,Not Specified,MARGINAL,29.91,19.5
19/09/2024 13:00:00 - 19/09/2024 14:00:00,SCA|NO2,mFRR,Not Specified,Not Specified,MARGINAL,15.72,-2.91
19/09/2024 14:00:00 - 19/09/2024 15:00:00,SCA|NO2,mFRR,Not Specified,Not Specified,MARGINAL,16.91,-5.0
19/09/2024 15:00:00 - 19/09/2024 16:00:00,SCA|NO2,mFRR,Not Specified,Not Specified,MARGINAL,29.92,-1.0
19/09/2024 16:00:00 - 19/09/2024 17:00:00,SCA|NO2,mFRR,Not Specified,Not Specified,MARGINAL,37.35,20.5
19/09/2024 17:00:00 - 19/09/2024 18:00:00,SCA|NO2,mFRR,Not Specified,Not Specified,MARGINAL,40.92,40.92
19/09/2024 18:00:00 - 19/09/2024 19:00:00,SCA|NO2,mFRR,Not Specified,Not Specified,MARGINAL,40.94,20.0
19/09/2024 19:00:00 - 19/09/2024 20:00:00,SCA|NO2,mFRR,Not Specified,Not Specified,MARGINAL,40.91,20.0
19/09/2024 20:00:00 - 19/09/2024 21:00:00,SCA|NO2,mFRR,Not Specified,Not Specified,MARGINAL,40.99,25.0
19/09/2024 21:00:00 - 19/09/2024 22:00:00,SCA|NO2,mFRR,Not Specified,Not Specified,MARGINAL,40.9,40.9
19/09/2024 22:00:00 - 19/09/2024 23:00:00,SCA|NO2,mFRR,Not Specified,Not Specified,MARGINAL,40.95,40.95
19/09/2024 23:00:00 - 20/09/2024 00:00:00,SCA|NO2,mFRR,Not Specified,Not Specified,MARGINAL,40.12,40.12
20/09/2024 00:00:00 - 20/09/2024 01:00:00,SCA|NO2,mFRR,Not Specified,Not Specified,MARGINAL,38.59,38.59
20/09/2024 01:00:00 - 20/09/2024 02:00:00,SCA|NO2,mFRR,Not Specified,Not Specified,MARGINAL,37.94,37.94
20/09/2024 02:00:00 - 20/09/2024 03:00:00,SCA|NO2,mFRR,Not Specified,Not Specified,MARGINAL,37.85,37.85
20/09/2024 03:00:00 - 20/09/2024 04:00:00,SCA|NO2,mFRR,Not Specified,Not Specified,MARGINAL,37.51,37.51
20/09/2024 04:00:00 - 20/09/2024 05:00:00,SCA|NO2,mFRR,Not Specified,Not Specified,MARGINAL,37.4,37.4
20/09/2024 05:00:00 - 20/09/2024 06:00:00,SCA|NO2,mFRR,Not Specified,Not Specified,MARGINAL,35.99,35.99
20/09/2024 06:00:00 - 20/09/2024 07:00:00,SCA|NO2,mFRR,Not Specified,Not Specified,MARGINAL,37.97,37.97
20/09/2024 07:00:00 - 20/09/2024 08:00:00,SCA|NO2,mFRR,Not Specified,Not Specified,MARGINAL,40.91,40.91
20/09/2024 08:00:00 - 20/09/2024 09:00:00,SCA|NO2,mFRR,Not Specified,Not Specified,MARGINAL,40.95,40.95
20/09/2024 09:00:00 - 20/09/2024 10:00:00,SCA|NO2,mFRR,Not Specified,Not Specified,MARGINAL,40.96,40.96
20/09/2024 10:00:00 - 20/09/2024 11:00:00,SCA|NO2,mFRR,Not Specified,Not Specified,MARGINAL,33.63,33.63
20/09/2024 11:00:00 - 20/09/2024 12:00:00,SCA|NO2,mFRR,Not Specified,Not Specified,MARGINAL,26.24,26.24
20/09/2024 12:00:00 - 20/09/2024 13:00:00,SCA|NO2,mFRR,Not Specified,Not Specified,MARGINAL,21.7,21.7
20/09/2024 13:00:00 - 20/09/2024 14:00:00,SCA|NO2,mFRR,Not Specified,Not Specified,MARGINAL,11.77,11.77
20/09/2024 14:00:00 - 20/09/2024 15:00:00,SCA|NO2,mFRR,Not Specified,Not Specified,MARGINAL,17.71,17.71
20/09/2024 15:00:00 - 20/09/2024 16:00:00,SCA|NO2,mFRR,Not Specified,Not Specified,MARGINAL,25.13,18.5
20/09/2024 16:00:00 - 20/09/2024 17:00:00,SCA|NO2,mFRR,Not Specified,Not Specified,MARGINAL,29.98,29.98
20/09/2024 17:00:00 - 20/09/2024 18:00:00,SCA|NO2,mFRR,Not Specified,Not Specified,MARGINAL,44.41,44.41
20/09/2024 18:00:00 - 20/09/2024 19:00:00,SCA|NO2,mFRR,Not Specified,Not Specified,MARGINAL,46.3,46.3
20/09/2024 19:00:00 - 20/09/2024 20:00:00,SCA|NO2,mFRR,Not Specified,Not Specified,MARGINAL,46.82,46.82
20/09/2024 20:00:00 - 20/09/2024 21:00:00,SCA|NO2,mFRR,Not Specified,Not Specified,MARGINAL,47.01,42.5
20/09/2024 21:00:00 - 20/09/2024 22:00:00,SCA|NO2,mFRR,Not Specified,Not Specified,MARGINAL,46.47,25.0
20/09/2024 22:00:00 - 20/09/2024 23:00:00,SCA|NO2,mFRR,Not Specified,Not Specified,MARGINAL,46.46,46.46
20/09/2024 23:00:00 - 21/09/2024 00:00:00,SCA|NO2,mFRR,Not Specified,Not Specified,MARGINAL,45.92,45.92
21/09/2024 00:00:00 - 21/09/2024 01:00:00,SCA|NO2,mFRR,Not Specified,Not Specified,MARGINAL,44.02,20.5
21/09/2024 01:00:00 - 21/09/2024 02:00:00,SCA|NO2,mFRR,Not Specified,Not Specified,MARGINAL,42.69,20.5
21/09/2024 02:00:00 - 21/09/2024 03:00:00,SCA|NO2,mFRR,Not Specified,Not Specified,MARGINAL,42.77,20.5
21/09/2024 03:00:00 - 21/09/2024 04:00:00,SCA|NO2,mFRR,Not Specified,Not Specified,MARGINAL,44.22,20.5
21/09/2024 04:00:00 - 21/09/2024 05:00:00,SCA|NO2,mFRR,Not Specified,Not Specified,MARGINAL,44.51,20.5
21/09/2024 05:00:00 - 21/09/2024 06:00:00,SCA|NO2,mFRR,Not Specified,Not Specified,MARGINAL,44.63,20.5
21/09/2024 06:00:00 - 21/09/2024 07:00:00,SCA|NO2,mFRR,Not Specified,Not Specified,MARGINAL,44.43,29.5
21/09/2024 07:00:00 - 21/09/2024 08:00:00,SCA|NO2,mFRR,Not Specified,Not Specified,MARGINAL,44.09,44.09
21/09/2024 08:00:00 - 21/09/2024 09:00:00,SCA|NO2,mFRR,Not Specified,Not Specified,MARGINAL,43.36,30.0
21/09/2024 09:00:00 - 21/09/2024 10:00:00,SCA|NO2,mFRR,Not Specified,Not Specified,MARGINAL,35.8,35.8
21/09/2024 10:00:00 - 21/09/2024 11:00:00,SCA|NO2,mFRR,Not Specified,Not Specified,MARGINAL,23.03,23.03
21/09/2024 11:00:00 - 21/09/2024 12:00:00,SCA|NO2,mFRR,Not Specified,Not Specified,MARGINAL,19.93,19.93
21/09/2024 12:00:00 - 21/09/2024 13:00:00,SCA|NO2,mFRR,Not Specified,Not Specified,MARGINAL,5.04,-1.0
21/09/2024 13:00:00 - 21/09/2024 14:00:00,SCA|NO2,mFRR,Not Specified,Not Specified,MARGINAL,4.28,-3.8
21/09/2024 14:00:00 - 21/09/2024 15:00:00,SCA|NO2,mFRR,Not Specified,Not Specified,MARGINAL,19.22,19.22
21/09/2024 15:00:00 - 21/09/2024 16:00:00,SCA|NO2,mFRR,Not Specified,Not Specified,MARGINAL,25.83,25.83
21/09/2024 16:00:00 - 21/09/2024 17:00:00,SCA|NO2,mFRR,Not Specified,Not Specified,MARGINAL,39.59,39.59
21/09/2024 17:00:00 - 21/09/2024 18:00:00,SCA|NO2,mFRR,Not Specified,Not Specified,MARGINAL,44.81,44.81
21/09/2024 18:00:00 - 21/09/2024 19:00:00,SCA|NO2,mFRR,Not Specified,Not Specified,MARGINAL,45.63,45.63
21/09/2024 19:00:00 - 21/09/2024 20:00:00,SCA|NO2,mFRR,Not Specified,Not Specified,MARGINAL,45.7,45.7
21/09/2024 20:00:00 - 21/09/2024 21:00:00,SCA|NO2,mFRR,Not Specified,Not Specified,MARGINAL,45.49,45.49
21/09/2024 21:00:00 - 21/09/2024 22:00:00,SCA|NO2,mFRR,Not Specified,Not Specified,MARGINAL,45.26,45.26
21/09/2024 22:00:00 - 21/09/2024 23:00:00,SCA|NO2,mFRR,Not Specified,Not Specified,MARGINAL,44.94,44.94
21/09/2024 23:00:00 - 22/09/2024 00:00:00,SCA|NO2,mFRR,Not Specified,Not Specified,MARGINAL,44.51,44.51
22/09/2024 00:00:00 - 22/09/2024 01:00:00,SCA|NO2,mFRR,Not Specified,Not Specified,MARGINAL,44.13,44.13
22/09/2024 01:00:00 - 22/09/2024 02:00:00,SCA|NO2,mFRR,Not Specified,Not Specified,MARGINAL,40.74,25.0
22/09/2024 02:00:00 - 22/09/2024 03:00:00,SCA|NO2,mFRR,Not Specified,Not Specified,MARGINAL,44.13,25.0
22/09/2024 03:00:00 - 22/09/2024 04:00:00,SCA|NO2,mFRR,Not Specified,Not Specified,MARGINAL,41.95,41.95
22/09/2024 04:00:00 - 22/09/2024 05:00:00,SCA|NO2,mFRR,Not Specified,Not Specified,MARGINAL,42.17,42.17
22/09/2024 05:00:00 - 22/09/2024 06:00:00,SCA|NO2,mFRR,Not Specified,Not Specified,MARGINAL,44.93,44.93
22/09/2024 06:00:00 - 22/09/2024 07:00:00,SCA|NO2,mFRR,Not Specified,Not Specified,MARGINAL,46.0,46.0
22/09/2024 07:00:00 - 22/09/2024 08:00:00,SCA|NO2,mFRR,Not Specified,Not Specified,MARGINAL,46.07,26.0
22/09/2024 08:00:00 - 22/09/2024 09:00:00,SCA|NO2,mFRR,Not Specified,Not Specified,MARGINAL,41.67,26.0
22/09/2024 09:00:00 - 22/09/2024 10:00:00,SCA|NO2,mFRR,Not Specified,Not Specified,MARGINAL,40.76,26.0
22/09/2024 10:00:00 - 22/09/2024 11:00:00,SCA|NO2,mFRR,Not Specified,Not Specified,MARGINAL,29.05,29.05
22/09/2024 11:00:00 - 22/09/2024 12:00:00,SCA|NO2,mFRR,Not Specified,Not Specified,MARGINAL,23.8,14.0
22/09/2024 12:00:00 - 22/09/2024 13:00:00,SCA|NO2,mFRR,Not Specified,Not Specified,MARGINAL,17.0,12.04
22/09/2024 13:00:00 - 22/09/2024 14:00:00,SCA|NO2,mFRR,Not Specified,Not Specified,MARGINAL,19.0,8.0
22/09/2024 14:00:00 - 22/09/2024 15:00:00,SCA|NO2,mFRR,Not Specified,Not Specified,MARGINAL,19.93,19.93
22/09/2024 15:00:00 - 22/09/2024 16:00:00,SCA|NO2,mFRR,Not Specified,Not Specified,MARGINAL,30.39,30.39
22/09/2024 16:00:00 - 22/09/2024 17:00:00,SCA|NO2,mFRR,Not Specified,Not Specified,MARGINAL,39.14,19.69
22/09/2024 17:00:00 - 22/09/2024 18:00:00,SCA|NO2,mFRR,Not Specified,Not Specified,MARGINAL,46.76,20.0
22/09/2024 18:00:00 - 22/09/2024 19:00:00,SCA|NO2,mFRR,Not Specified,Not Specified,MARGINAL,46.56,46.56
22/09/2024 19:00:00 - 22/09/2024 20:00:00,SCA|NO2,mFRR,Not Specified,Not Specified,MARGINAL,46.61,46.61
22/09/2024 20:00:00 - 22/09/2024 21:00:00,SCA|NO2,mFRR,Not Specified,Not Specified,MARGINAL,46.64,46.64
22/09/2024 21:00:00 - 22/09/2024 22:00:00,SCA|NO2,mFRR,Not Specified,Not Specified,MARGINAL,46.68,46.68
22/09/2024 22:00:00 - 22/09/2024 23:00:00,SCA|NO2,mFRR,Not Specified,Not Specified,MARGINAL,46.54,46.54
22/09/2024 23:00:00 - 23/09/2024 00:00:00,SCA|NO2,mFRR,Not Specified,Not Specified,MARGINAL,46.36,46.36
23/09/2024 00:00:00 - 23/09/2024 01:00:00,SCA|NO2,mFRR,Not Specified,Not Specified,MARGINAL,44.51,44.51
23/09/2024 01:00:00 - 23/09/2024 02:00:00,SCA|NO2,mFRR,Not Specified,Not Specified,MARGINAL,44.46,44.46
23/09/2024 02:00:00 - 23/09/2024 03:00:00,SCA|NO2,mFRR,Not Specified,Not Specified,MARGINAL,44.4,44.4
23/09/2024 03:00:00 - 23/09/2024 04:00:00,SCA|NO2,mFRR,Not Specified,Not Specified,MARGINAL,44.38,44.38
23/09/2024 04:00:00 - 23/09/2024 05:00:00,SCA|NO2,mFRR,Not Specified,Not Specified,MARGINAL,44.43,44.43
23/09/2024 05:00:00 - 23/09/2024 06:00:00,SCA|NO2,mFRR,Not Specified,Not Specified,MARGINAL,44.15,44.15
23/09/2024 06:00:00 - 23/09/2024 07:00:00,SCA|NO2,mFRR,Not Specified,Not Specified,MARGINAL,38.74,38.74
23/09/2024 07:00:00 - 23/09/2024 08:00:00,SCA|NO2,mFRR,Not Specified,Not Specified,MARGINAL,37.0,37.0
23/09/2024 08:00:00 - 23/09/2024 09:00:00,SCA|NO2,mFRR,Not Specified,Not Specified,MARGINAL,44.13,44.13
23/09/2024 09:00:00 - 23/09/2024 10:00:00,SCA|NO2,mFRR,Not Specified,Not Specified,MARGINAL,44.16,44.16
23/09/2024 10:00:00 - 23/09/2024 11:00:00,SCA|NO2,mFRR,Not Specified,Not Specified,MARGINAL,44.12,44.12
23/09/2024 11:00:00 - 23/09/2024 12:00:00,SCA|NO2,mFRR,Not Specified,Not Specified,MARGINAL,52.5,43.59
23/09/2024 12:00:00 - 23/09/2024 13:00:00,SCA|NO2,mFRR,Not Specified,Not Specified,MARGINAL,54.0,44.12
23/09/2024 13:00:00 - 23/09/2024 14:00:00,SCA|NO2,mFRR,Not Specified,Not Specified,MARGINAL,48.0,44.13
23/09/2024 14:00:00 - 23/09/2024 15:00:00,SCA|NO2,mFRR,Not Specified,Not Specified,MARGINAL,48.0,44.05
23/09/2024 15:00:00 - 23/09/2024 16:00:00,SCA|NO2,mFRR,Not Specified,Not Specified,MARGINAL,43.53,43.53
23/09/2024 16:00:00 - 23/09/2024 17:00:00,SCA|NO2,mFRR,Not Specified,Not Specified,MARGINAL,54.0,39.98
23/09/2024 17:00:00 - 23/09/2024 18:00:00,SCA|NO2,mFRR,Not Specified,Not Specified,MARGINAL,54.0,39.99
23/09/2024 18:00:00 - 23/09/2024 19:00:00,SCA|NO2,mFRR,Not Specified,Not Specified,MARGINAL,54.0,44.05
23/09/2024 19:00:00 - 23/09/2024 20:00:00,SCA|NO2,mFRR,Not Specified,Not Specified,MARGINAL,44.04,44.04
23/09/2024 20:00:00 - 23/09/2024 21:00:00,SCA|NO2,mFRR,Not Specified,Not Specified,MARGINAL,44.0,44.0
23/09/2024 21:00:00 - 23/09/2024 22:00:00,SCA|NO2,mFRR,Not Specified,Not Specified,MARGINAL,39.99,39.99
23/09/2024 22:00:00 - 23/09/2024 23:00:00,SCA|NO2,mFRR,Not Specified,Not Specified,MARGINAL,39.95,27.0
23/09/2024 23:00:00 - 24/09/2024 00:00:00,SCA|NO2,mFRR,Not Specified,Not Specified,MARGINAL,39.8,27.0
24/09/2024 00:00:00 - 24/09/2024 01:00:00,SCA|NO2,mFRR,Not Specified,Not Specified,MARGINAL,39.95,28.5
24/09/2024 01:00:00 - 24/09/2024 02:00:00,SCA|NO2,mFRR,Not Specified,Not Specified,MARGINAL,39.94,28.5
24/09/2024 02:00:00 - 24/09/2024 03:00:00,SCA|NO2,mFRR,Not Specified,Not Specified,MARGINAL,39.92,27.5
24/09/2024 03:00:00 - 24/09/2024 04:00:00,SCA|NO2,mFRR,Not Specified,Not Specified,MARGINAL,39.91,27.5
24/09/2024 04:00:00 - 24/09/2024 05:00:00,SCA|NO2,mFRR,Not Specified,Not Specified,MARGINAL,39.9,27.5
24/09/2024 05:00:00 - 24/09/2024 06:00:00,SCA|NO2,mFRR,Not Specified,Not Specified,MARGINAL,39.94,27.5
24/09/2024 06:00:00 - 24/09/2024 07:00:00,SCA|NO2,mFRR,Not Specified,Not Specified,MARGINAL,41.33,27.5
24/09/2024 07:00:00 - 24/09/2024 08:00:00,SCA|NO2,mFRR,Not Specified,Not Specified,MARGINAL,44.97,25.0
24/09/2024 08:00:00 - 24/09/2024 09:00:00,SCA|NO2,mFRR,Not Specified,Not Specified,MARGINAL,46.28,25.0
24/09/2024 09:00:00 - 24/09/2024 10:00:00,SCA|NO2,mFRR,Not Specified,Not Specified,MARGINAL,46.26,46.26
24/09/2024 10:00:00 - 24/09/2024 11:00:00,SCA|NO2,mFRR,Not Specified,Not Specified,MARGINAL,46.16,46.16
24/09/2024 11:00:00 - 24/09/2024 12:00:00,SCA|NO2,mFRR,Not Specified,Not Specified,MARGINAL,46.03,46.03
24/09/2024 12:00:00 - 24/09/2024 13:00:00,SCA|NO2,mFRR,Not Specified,Not Specified,MARGINAL,46.11,46.11
24/09/2024 13:00:00 - 24/09/2024 14:00:00,SCA|NO2,mFRR,Not Specified,Not Specified,MARGINAL,46.17,46.17
24/09/2024 14:00:00 - 24/09/2024 15:00:00,SCA|NO2,mFRR,Not Specified,Not Specified,MARGINAL,43.96,43.96
24/09/2024 15:00:00 - 24/09/2024 16:00:00,SCA|NO2,mFRR,Not Specified,Not Specified,MARGINAL,42.43,42.43
24/09/2024 16:00:00 - 24/09/2024 17:00:00,SCA|NO2,mFRR,Not Specified,Not Specified,MARGINAL,41.14,41.14
24/09/2024 17:00:00 - 24/09/2024 18:00:00,SCA|NO2,mFRR,Not Specified,Not Specified,MARGINAL,41.77,41.77
24/09/2024 18:00:00 - 24/09/2024 19:00:00,SCA|NO2,mFRR,Not Specified,Not Specified,MARGINAL,41.73,41.73
24/09/2024 19:00:00 - 24/09/2024 20:00:00,SCA|NO2,mFRR,Not Specified,Not Specified,MARGINAL,42.4,42.4
24/09/2024 20:00:00 - 24/09/2024 21:00:00,SCA|NO2,mFRR,Not Specified,Not Specified,MARGINAL,43.56,43.56
24/09/2024 21:00:00 - 24/09/2024 22:00:00,SCA|NO2,mFRR,Not Specified,Not Specified,MARGINAL,41.96,41.96
24/09/2024 22:00:00 - 24/09/2024 23:00:00,SCA|NO2,mFRR,Not Specified,Not Specified,MARGINAL,41.75,41.75
24/09/2024 23:00:00 - 25/09/2024 00:00:00,SCA|NO2,mFRR,Not Specified,Not Specified,MARGINAL,40.72,40.72
25/09/2024 00:00:00 - 25/09/2024 01:00:00,SCA|NO2,mFRR,Not Specified,Not Specified,MARGINAL,40.28,40.28
25/09/2024 01:00:00 - 25/09/2024 02:00:00,SCA|NO2,mFRR,Not Specified,Not Specified,MARGINAL,36.02,36.02
25/09/2024 02:00:00 - 25/09/2024 03:00:00,SCA|NO2,mFRR,Not Specified,Not Specified,MARGINAL,27.67,27.67
25/09/2024 03:00:00 - 25/09/2024 04:00:00,SCA|NO2,mFRR,Not Specified,Not Specified,MARGINAL,23.82,23.82
25/09/2024 04:00:00 - 25/09/2024 05:00:00,SCA|NO2,mFRR,Not Specified,Not Specified,MARGINAL,21.96,21.96
25/09/2024 05:00:00 - 25/09/2024 06:00:00,SCA|NO2,mFRR,Not Specified,Not Specified,MARGINAL,26.13,26.13
25/09/2024 06:00:00 - 25/09/2024 07:00:00,SCA|NO2,mFRR,Not Specified,Not Specified,MARGINAL,30.36,30.36
25/09/2024 07:00:00 - 25/09/2024 08:00:00,SCA|NO2,mFRR,Not Specified,Not Specified,MARGINAL,37.46,37.46
25/09/2024 08:00:00 - 25/09/2024 09:00:00,SCA|NO2,mFRR,Not Specified,Not Specified,MARGINAL,40.29,20.12
25/09/2024 09:00:00 - 25/09/2024 10:00:00,SCA|NO2,mFRR,Not Specified,Not Specified,MARGINAL,34.72,21.0
25/09/2024 10:00:00 - 25/09/2024 11:00:00,SCA|NO2,mFRR,Not Specified,Not Specified,MARGINAL,29.54,29.54
25/09/2024 11:00:00 - 25/09/2024 12:00:00,SCA|NO2,mFRR,Not Specified,Not Specified,MARGINAL,54.0,24.46
25/09/2024 12:00:00 - 25/09/2024 13:00:00,SCA|NO2,mFRR,Not Specified,Not Specified,MARGINAL,41.5,19.71
25/09/2024 13:00:00 - 25/09/2024 14:00:00,SCA|NO2,mFRR,Not Specified,Not Specified,MARGINAL,45.0,21.78
25/09/2024 14:00:00 - 25/09/2024 15:00:00,SCA|NO2,mFRR,Not Specified,Not Specified,MARGINAL,54.0,29.98
25/09/2024 15:00:00 - 25/09/2024 16:00:00,SCA|NO2,mFRR,Not Specified,Not Specified,MARGINAL,54.0,37.27
25/09/2024 16:00:00 - 25/09/2024 17:00:00,SCA|NO2,mFRR,Not Specified,Not Specified,MARGINAL,39.21,39.21
25/09/2024 17:00:00 - 25/09/2024 18:00:00,SCA|NO2,mFRR,Not Specified,Not Specified,MARGINAL,39.73,39.73
25/09/2024 18:00:00 - 25/09/2024 19:00:00,SCA|NO2,mFRR,Not Specified,Not Specified,MARGINAL,33.07,33.07
25/09/2024 19:00:00 - 25/09/2024 20:00:00,SCA|NO2,mFRR,Not Specified,Not Specified,MARGINAL,36.76,36.76
25/09/2024 20:00:00 - 25/09/2024 21:00:00,SCA|NO2,mFRR,Not Specified,Not Specified,MARGINAL,39.29,25.0
25/09/2024 21:00:00 - 25/09/2024 22:00:00,SCA|NO2,mFRR,Not Specified,Not Specified,MARGINAL,39.45,39.45
25/09/2024 22:00:00 - 25/09/2024 23:00:00,SCA|NO2,mFRR,Not Specified,Not Specified,MARGINAL,39.28,39.28
25/09/2024 23:00:00 - 26/09/2024 00:00:00,SCA|NO2,mFRR,Not Specified,Not Specified,MARGINAL,38.89,38.89
26/09/2024 00:00:00 - 26/09/2024 01:00:00,SCA|NO2,mFRR,Not Specified,Not Specified,MARGINAL,38.52,38.52
26/09/2024 01:00:00 - 26/09/2024 02:00:00,SCA|NO2,mFRR,Not Specified,Not Specified,MARGINAL,37.92,37.92
26/09/2024 02:00:00 - 26/09/2024 03:00:00,SCA|NO2,mFRR,Not Specified,Not Specified,MARGINAL,37.92,37.92
26/09/2024 03:00:00 - 26/09/2024 04:00:00,SCA|NO2,mFRR,Not Specified,Not Specified,MARGINAL,37.92,37.92
26/09/2024 04:00:00 - 26/09/2024 05:00:00,SCA|NO2,mFRR,Not Specified,Not Specified,MARGINAL,37.91,37.91
26/09/2024 05:00:00 - 26/09/2024 06:00:00,SCA|NO2,mFRR,Not Specified,Not Specified,MARGINAL,50.5,38.76
26/09/2024 06:00:00 - 26/09/2024 07:00:00,SCA|NO2,mFRR,Not Specified,Not Specified,MARGINAL,39.91,39.91
26/09/2024 07:00:00 - 26/09/2024 08:00:00,SCA|NO2,mFRR,Not Specified,Not Specified,MARGINAL,41.56,41.56
26/09/2024 08:00:00 - 26/09/2024 09:00:00,SCA|NO2,mFRR,Not Specified,Not Specified,MARGINAL,40.36,40.36
26/09/2024 09:00:00 - 26/09/2024 10:00:00,SCA|NO2,mFRR,Not Specified,Not Specified,MARGINAL,39.98,39.98
26/09/2024 10:00:00 - 26/09/2024 11:00:00,SCA|NO2,mFRR,Not Specified,Not Specified,MARGINAL,39.99,39.99
26/09/2024 11:00:00 - 26/09/2024 12:00:00,SCA|NO2,mFRR,Not Specified,Not Specified,MARGINAL,27.94,20.0
26/09/2024 12:00:00 - 26/09/2024 13:00:00,SCA|NO2,mFRR,Not Specified,Not Specified,MARGINAL,20.24,16.5
26/09/2024 13:00:00 - 26/09/2024 14:00:00,SCA|NO2,mFRR,Not Specified,Not Specified,MARGINAL,16.93,16.93
26/09/2024 14:00:00 - 26/09/2024 15:00:00,SCA|NO2,mFRR,Not Specified,Not Specified,MARGINAL,19.86,19.86
26/09/2024 15:00:00 - 26/09/2024 16:00:00,SCA|NO2,mFRR,Not Specified,Not Specified,MARGINAL,29.95,18.0
26/09/2024 16:00:00 - 26/09/2024 17:00:00,SCA|NO2,mFRR,Not Specified,Not Specified,MARGINAL,37.14,17.0
26/09/2024 17:00:00 - 26/09/2024 18:00:00,SCA|NO2,mFRR,Not Specified,Not Specified,MARGINAL,39.62,21.0
26/09/2024 18:00:00 - 26/09/2024 19:00:00,SCA|NO2,mFRR,Not Specified,Not Specified,MARGINAL,39.18,25.0
26/09/2024 19:00:00 - 26/09/2024 20:00:00,SCA|NO2,mFRR,Not Specified,Not Specified,MARGINAL,39.94,25.0
26/09/2024 20:00:00 - 26/09/2024 21:00:00,SCA|NO2,mFRR,Not Specified,Not Specified,MARGINAL,44.07,25.0
26/09/2024 21:00:00 - 26/09/2024 22:00:00,SCA|NO2,mFRR,Not Specified,Not Specified,MARGINAL,43.73,28.0
26/09/2024 22:00:00 - 26/09/2024 23:00:00,SCA|NO2,mFRR,Not Specified,Not Specified,MARGINAL,41.5,20.0
26/09/2024 23:00:00 - 27/09/2024 00:00:00,SCA|NO2,mFRR,Not Specified,Not Specified,MARGINAL,35.18,13.5
27/09/2024 00:00:00 - 27/09/2024 01:00:00,SCA|NO2,mFRR,Not Specified,Not Specified,MARGINAL,26.57,26.57
27/09/2024 01:00:00 - 27/09/2024 02:00:00,SCA|NO2,mFRR,Not Specified,Not Specified,,,
27/09/2024 02:00:00 - 27/09/2024 03:00:00,SCA|NO2,mFRR,Not Specified,Not Specified,MARGINAL,0.67,0.67
27/09/2024 03:00:00 - 27/09/2024 04:00:00,SCA|NO2,mFRR,Not Specified,Not Specified,MARGINAL,0.0,0.0
27/09/2024 04:00:00 - 27/09/2024 05:00:00,SCA|NO2,mFRR,Not Specified,Not Specified,MARGINAL,-0.2,-4.86
27/09/2024 05:00:00 - 27/09/2024 06:00:00,SCA|NO2,mFRR,Not Specified,Not Specified,MARGINAL,-0.03,-4.86
27/09/2024 06:00:00 - 27/09/2024 07:00:00,SCA|NO2,mFRR,Not Specified,Not Specified,MARGINAL,19.0,3.0
27/09/2024 07:00:00 - 27/09/2024 08:00:00,SCA|NO2,mFRR,Not Specified,Not Specified,MARGINAL,25.0,21.28
27/09/2024 08:00:00 - 27/09/2024 09:00:00,SCA|NO2,mFRR,Not Specified,Not Specified,MARGINAL,23.9,23.9
27/09/2024 09:00:00 - 27/09/2024 10:00:00,SCA|NO2,mFRR,Not Specified,Not Specified,MARGINAL,19.19,19.19
27/09/2024 10:00:00 - 27/09/2024 11:00:00,SCA|NO2,mFRR,Not Specified,Not Specified,MARGINAL,12.01,12.01
27/09/2024 11:00:00 - 27/09/2024 12:00:00,SCA|NO2,mFRR,Not Specified,Not Specified,MARGINAL,20.0,11.99
27/09/2024 12:00:00 - 27/09/2024 13:00:00,SCA|NO2,mFRR,Not Specified,Not Specified,MARGINAL,9.92,9.12
27/09/2024 13:00:00 - 27/09/2024 14:00:00,SCA|NO2,mFRR,Not Specified,Not Specified,MARGINAL,10.94,9.0
27/09/2024 14:00:00 - 27/09/2024 15:00:00,SCA|NO2,mFRR,Not Specified,Not Specified,MARGINAL,14.83,7.0
27/09/2024 15:00:00 - 27/09/2024 16:00:00,SCA|NO2,mFRR,Not Specified,Not Specified,MARGINAL,20.5,17.27
27/09/2024 16:00:00 - 27/09/2024 17:00:00,SCA|NO2,mFRR,Not Specified,Not Specified,MARGINAL,20.95,20.95
27/09/2024 17:00:00 - 27/09/2024 18:00:00,SCA|NO2,mFRR,Not Specified,Not Specified,MARGINAL,25.22,25.22
27/09/2024 18:00:00 - 27/09/2024 19:00:00,SCA|NO2,mFRR,Not Specified,Not Specified,MARGINAL,37.07,37.07
27/09/2024 19:00:00 - 27/09/2024 20:00:00,SCA|NO2,mFRR,Not Specified,Not Specified,MARGINAL,42.49,19.5
27/09/2024 20:00:00 - 27/09/2024 21:00:00,SCA|NO2,mFRR,Not Specified,Not Specified,MARGINAL,41.81,18.0
27/09/2024 21:00:00 - 27/09/2024 22:00:00,SCA|NO2,mFRR,Not Specified,Not Specified,MARGINAL,32.13,15.0
27/09/2024 22:00:00 - 27/09/2024 23:00:00,SCA|NO2,mFRR,Not Specified,Not Specified,MARGINAL,25.27,13.0
27/09/2024 23:00:00 - 28/09/2024 00:00:00,SCA|NO2,mFRR,Not Specified,Not Specified,MARGINAL,24.28,16.0
28/09/2024 00:00:00 - 28/09/2024 01:00:00,SCA|NO2,mFRR,Not Specified,Not Specified,,,
28/09/2024 01:00:00 - 28/09/2024 02:00:00,SCA|NO2,mFRR,Not Specified,Not Specified,MARGINAL,21.0,14.84
28/09/2024 02:00:00 - 28/09/2024 03:00:00,SCA|NO2,mFRR,Not Specified,Not Specified,MARGINAL,20.0,3.4
28/09/2024 03:00:00 - 28/09/2024 04:00:00,SCA|NO2,mFRR,Not Specified,Not Specified,MARGINAL,17.08,3.26
28/09/2024 04:00:00 - 28/09/2024 05:00:00,SCA|NO2,mFRR,Not Specified,Not Specified,MARGINAL,19.0,3.38
28/09/2024 05:00:00 - 28/09/2024 06:00:00,SCA|NO2,mFRR,Not Specified,Not Specified,MARGINAL,22.0,4.28
28/09/2024 06:00:00 - 28/09/2024 07:00:00,SCA|NO2,mFRR,Not Specified,Not Specified,MARGINAL,28.0,12.34
28/09/2024 07:00:00 - 28/09/2024 08:00:00,SCA|NO2,mFRR,Not Specified,Not Specified,MARGINAL,29.0,22.92
28/09/2024 08:00:00 - 28/09/2024 09:00:00,SCA|NO2,mFRR,Not Specified,Not Specified,MARGINAL,34.0,24.25
28/09/2024 09:00:00 - 28/09/2024 10:00:00,SCA|NO2,mFRR,Not Specified,Not Specified,MARGINAL,32.5,20.78
28/09/2024 10:00:00 - 28/09/2024 11:00:00,SCA|NO2,mFRR,Not Specified,Not Specified,MARGINAL,27.0,-2.0
28/09/2024 11:00:00 - 28/09/2024 12:00:00,SCA|NO2,mFRR,Not Specified,Not Specified,MARGINAL,12.0,-6.0
28/09/2024 12:00:00 - 28/09/2024 13:00:00,SCA|NO2,mFRR,Not Specified,Not Specified,MARGINAL,4.17,-6.0
28/09/2024 13:00:00 - 28/09/2024 14:00:00,SCA|NO2,mFRR,Not Specified,Not Specified,MARGINAL,3.62,-1.0
28/09/2024 14:00:00 - 28/09/2024 15:00:00,SCA|NO2,mFRR,Not Specified,Not Specified,MARGINAL,5.73,-4.0
28/09/2024 15:00:00 - 28/09/2024 16:00:00,SCA|NO2,mFRR,Not Specified,Not Specified,MARGINAL,19.96,-4.0
28/09/2024 16:00:00 - 28/09/2024 17:00:00,SCA|NO2,mFRR,Not Specified,Not Specified,MARGINAL,24.5,0.0
28/09/2024 17:00:00 - 28/09/2024 18:00:00,SCA|NO2,mFRR,Not Specified,Not Specified,MARGINAL,31.0,28.27
28/09/2024 18:00:00 - 28/09/2024 19:00:00,SCA|NO2,mFRR,Not Specified,Not Specified,MARGINAL,40.0,30.99
28/09/2024 19:00:00 - 28/09/2024 20:00:00,SCA|NO2,mFRR,Not Specified,Not Specified,MARGINAL,50.0,34.78
28/09/2024 20:00:00 - 28/09/2024 21:00:00,SCA|NO2,mFRR,Not Specified,Not Specified,MARGINAL,50.0,34.99
28/09/2024 21:00:00 - 28/09/2024 22:00:00,SCA|NO2,mFRR,Not Specified,Not Specified,MARGINAL,45.0,34.52
28/09/2024 22:00:00 - 28/09/2024 23:00:00,SCA|NO2,mFRR,Not Specified,Not Specified,MARGINAL,50.0,34.94
28/09/2024 23:00:00 - 29/09/2024 00:00:00,SCA|NO2,mFRR,Not Specified,Not Specified,MARGINAL,70.0,39.91
29/09/2024 00:00:00 - 29/09/2024 01:00:00,SCA|NO2,mFRR,Not Specified,Not Specified,MARGINAL,63.0,35.61
29/09/2024 01:00:00 - 29/09/2024 02:00:00,SCA|NO2,mFRR,Not Specified,Not Specified,MARGINAL,63.0,38.3
29/09/2024 02:00:00 - 29/09/2024 03:00:00,SCA|NO2,mFRR,Not Specified,Not Specified,MARGINAL,60.0,42.79
29/09/2024 03:00:00 - 29/09/2024 04:00:00,SCA|NO2,mFRR,Not Specified,Not Specified,MARGINAL,60.0,42.01
29/09/2024 04:00:00 - 29/09/2024 05:00:00,SCA|NO2,mFRR,Not Specified,Not Specified,MARGINAL,60.0,46.83
29/09/2024 05:00:00 - 29/09/2024 06:00:00,SCA|NO2,mFRR,Not Specified,Not Specified,MARGINAL,47.29,47.29
29/09/2024 06:00:00 - 29/09/2024 07:00:00,SCA|NO2,mFRR,Not Specified,Not Specified,MARGINAL,47.7,47.7
29/09/2024 07:00:00 - 29/09/2024 08:00:00,SCA|NO2,mFRR,Not Specified,Not Specified,MARGINAL,47.53,47.53
29/09/2024 08:00:00 - 29/09/2024 09:00:00,SCA|NO2,mFRR,Not Specified,Not Specified,MARGINAL,44.98,44.98
29/09/2024 09:00:00 - 29/09/2024 10:00:00,SCA|NO2,mFRR,Not Specified,Not Specified,MARGINAL,31.7,31.7
29/09/2024 10:00:00 - 29/09/2024 11:00:00,SCA|NO2,mFRR,Not Specified,Not Specified,MARGINAL,30.03,15.0
29/09/2024 11:00:00 - 29/09/2024 12:00:00,SCA|NO2,mFRR,Not Specified,Not Specified,MARGINAL,25.0,-6.0
29/09/2024 12:00:00 - 29/09/2024 13:00:00,SCA|NO2,mFRR,Not Specified,Not Specified,MARGINAL,20.99,-6.0
29/09/2024 13:00:00 - 29/09/2024 14:00:00,SCA|NO2,mFRR,Not Specified,Not Specified,MARGINAL,21.68,-6.0
29/09/2024 14:00:00 - 29/09/2024 15:00:00,SCA|NO2,mFRR,Not Specified,Not Specified,MARGINAL,24.92,0.0
29/09/2024 15:00:00 - 29/09/2024 16:00:00,SCA|NO2,mFRR,Not Specified,Not Specified,MARGINAL,30.41,5.0
29/09/2024 16:00:00 - 29/09/2024 17:00:00,SCA|NO2,mFRR,Not Specified,Not Specified,MARGINAL,35.65,21.5
29/09/2024 17:00:00 - 29/09/2024 18:00:00,SCA|NO2,mFRR,Not Specified,Not Specified,MARGINAL,85.0,34.5
29/09/2024 18:00:00 - 29/09/2024 19:00:00,SCA|NO2,mFRR,Not Specified,Not Specified,MARGINAL,95.5,48.73
29/09/2024 19:00:00 - 29/09/2024 20:00:00,SCA|NO2,mFRR,Not Specified,Not Specified,MARGINAL,95.5,48.99
29/09/2024 20:00:00 - 29/09/2024 21:00:00,SCA|NO2,mFRR,Not Specified,Not Specified,MARGINAL,95.5,48.99
29/09/2024 21:00:00 - 29/09/2024 22:00:00,SCA|NO2,mFRR,Not Specified,Not Specified,MARGINAL,80.0,48.69
29/09/2024 22:00:00 - 29/09/2024 23:00:00,SCA|NO2,mFRR,Not Specified,Not Specified,MARGINAL,77.0,48.57
29/09/2024 23:00:00 - 30/09/2024 00:00:00,SCA|NO2,mFRR,Not Specified,Not Specified,MARGINAL,52.0,36.3
30/09/2024 00:00:00 - 30/09/2024 01:00:00,SCA|NO2,mFRR,Not Specified,Not Specified,MARGINAL,27.06,13.0
30/09/2024 01:00:00 - 30/09/2024 02:00:00,SCA|NO2,mFRR,Not Specified,Not Specified,MARGINAL,17.55,0.0
30/09/2024 02:00:00 - 30/09/2024 03:00:00,SCA|NO2,mFRR,Not Specified,Not Specified,MARGINAL,8.4,-1.0
30/09/2024 03:00:00 - 30/09/2024 04:00:00,SCA|NO2,mFRR,Not Specified,Not Specified,MARGINAL,5.53,-2.3
30/09/2024 04:00:00 - 30/09/2024 05:00:00,SCA|NO2,mFRR,Not Specified,Not Specified,MARGINAL,9.02,-2.3
30/09/2024 05:00:00 - 30/09/2024 06:00:00,SCA|NO2,mFRR,Not Specified,Not Specified,MARGINAL,22.41,9.0
30/09/2024 06:00:00 - 30/09/2024 07:00:00,SCA|NO2,mFRR,Not Specified,Not Specified,MARGINAL,36.09,20.0
30/09/2024 07:00:00 - 30/09/2024 08:00:00,SCA|NO2,mFRR,Not Specified,Not Specified,MARGINAL,56.51,56.51
30/09/2024 08:00:00 - 30/09/2024 09:00:00,SCA|NO2,mFRR,Not Specified,Not Specified,MARGINAL,65.0,57.07
30/09/2024 09:00:00 - 30/09/2024 10:00:00,SCA|NO2,mFRR,Not Specified,Not Specified,MARGINAL,49.0,35.0
30/09/2024 10:00:00 - 30/09/2024 11:00:00,SCA|NO2,mFRR,Not Specified,Not Specified,MARGINAL,36.11,34.0
30/09/2024 11:00:00 - 30/09/2024 12:00:00,SCA|NO2,mFRR,Not Specified,Not Specified,MARGINAL,24.39,12.0
30/09/2024 12:00:00 - 30/09/2024 13:00:00,SCA|NO2,mFRR,Not Specified,Not Specified,MARGINAL,19.92,2.0
30/09/2024 13:00:00 - 30/09/2024 14:00:00,SCA|NO2,mFRR,Not Specified,Not Specified,MARGINAL,13.72,-2.0
30/09/2024 14:00:00 - 30/09/2024 15:00:00,SCA|NO2,mFRR,Not Specified,Not Specified,MARGINAL,14.99,-2.0
30/09/2024 15:00:00 - 30/09/2024 16:00:00,SCA|NO2,mFRR,Not Specified,Not Specified,MARGINAL,22.61,2.0
30/09/2024 16:00:00 - 30/09/2024 17:00:00,SCA|NO2,mFRR,Not Specified,Not Specified,MARGINAL,26.97,16.0
30/09/2024 17:00:00 - 30/09/2024 18:00:00,SCA|NO2,mFRR,Not Specified,Not Specified,MARGINAL,32.72,32.72
30/09/2024 18:00:00 - 30/09/2024 19:00:00,SCA|NO2,mFRR,Not Specified,Not Specified,MARGINAL,35.99,25.0
30/09/2024 19:00:00 - 30/09/2024 20:00:00,SCA|NO2,mFRR,Not Specified,Not Specified,MARGINAL,36.63,25.0
30/09/2024 20:00:00 - 30/09/2024 21:00:00,SCA|NO2,mFRR,Not Specified,Not Specified,MARGINAL,34.14,34.14
30/09/2024 21:00:00 - 30/09/2024 22:00:00,SCA|NO2,mFRR,Not Specified,Not Specified,MARGINAL,25.78,25.78
30/09/2024 22:00:00 - 30/09/2024 23:00:00,SCA|NO2,mFRR,Not Specified,Not Specified,MARGINAL,20.65,20.65
30/09/2024 23:00:00 - 01/10/2024 00:00:00,SCA|NO2,mFRR,Not Specified,Not Specified,MARGINAL,10.16,10.16
01/10/2024 00:00:00 - 01/10/2024 01:00:00,SCA|NO2,mFRR,Not Specified,Not Specified,MARGINAL,3.31,3.31
01/10/2024 01:00:00 - 01/10/2024 02:00:00,SCA|NO2,mFRR,Not Specified,Not Specified,MARGINAL,0.08,0.08
01/10/2024 02:00:00 - 01/10/2024 03:00:00,SCA|NO2,mFRR,Not Specified,Not Specified,MARGINAL,0.05,-1.0
01/10/2024 03:00:00 - 01/10/2024 04:00:00,SCA|NO2,mFRR,Not Specified,Not Specified,MARGINAL,0.02,0.0
01/10/2024 04:00:00 - 01/10/2024 05:00:00,SCA|NO2,mFRR,Not Specified,Not Specified,MARGINAL,8.0,8.0
01/10/2024 05:00:00 - 01/10/2024 06:00:00,SCA|NO2,mFRR,Not Specified,Not Specified,MARGINAL,25.25,25.25
01/10/2024 06:00:00 - 01/10/2024 07:00:00,SCA|NO2,mFRR,Not Specified,Not Specified,MARGINAL,33.35,33.35
01/10/2024 07:00:00 - 01/10/2024 08:00:00,SCA|NO2,mFRR,Not Specified,Not Specified,MARGINAL,38.03,38.03
01/10/2024 08:00:00 - 01/10/2024 09:00:00,SCA|NO2,mFRR,Not Specified,Not Specified,MARGINAL,41.32,41.32
01/10/2024 09:00:00 - 01/10/2024 10:00:00,SCA|NO2,mFRR,Not Specified,Not Specified,MARGINAL,41.51,41.51
01/10/2024 10:00:00 - 01/10/2024 11:00:00,SCA|NO2,mFRR,Not Specified,Not Specified,MARGINAL,38.65,38.65
01/10/2024 11:00:00 - 01/10/2024 12:00:00,SCA|NO2,mFRR,Not Specified,Not Specified,MARGINAL,36.04,29.0
01/10/2024 12:00:00 - 01/10/2024 13:00:00,SCA|NO2,mFRR,Not Specified,Not Specified,MARGINAL,36.0,29.0
01/10/2024 13:00:00 - 01/10/2024 14:00:00,SCA|NO2,mFRR,Not Specified,Not Specified,MARGINAL,36.03,29.0
01/10/2024 14:00:00 - 01/10/2024 15:00:00,SCA|NO2,mFRR,Not Specified,Not Specified,MARGINAL,36.01,28.5
01/10/2024 15:00:00 - 01/10/2024 16:00:00,SCA|NO2,mFRR,Not Specified,Not Specified,MARGINAL,39.71,28.5
01/10/2024 16:00:00 - 01/10/2024 17:00:00,SCA|NO2,mFRR,Not Specified,Not Specified,MARGINAL,43.56,40.0
01/10/2024 17:00:00 - 01/10/2024 18:00:00,SCA|NO2,mFRR,Not Specified,Not Specified,MARGINAL,53.0,49.92
01/10/2024 18:00:00 - 01/10/2024 19:00:00,SCA|NO2,mFRR,Not Specified,Not Specified,MARGINAL,53.0,52.83
01/10/2024 19:00:00 - 01/10/2024 20:00:00,SCA|NO2,mFRR,Not Specified,Not Specified,MARGINAL,55.0,54.88
01/10/2024 20:00:00 - 01/10/2024 21:00:00,SCA|NO2,mFRR,Not Specified,Not Specified,MARGINAL,54.88,47.77
01/10/2024 21:00:00 - 01/10/2024 22:00:00,SCA|NO2,mFRR,Not Specified,Not Specified,MARGINAL,54.0,44.99
01/10/2024 22:00:00 - 01/10/2024 23:00:00,SCA|NO2,mFRR,Not Specified,Not Specified,MARGINAL,46.9,41.89
01/10/2024 23:00:00 - 02/10/2024 00:00:00,SCA|NO2,mFRR,Not Specified,Not Specified,MARGINAL,40.36,40.36
02/10/2024 00:00:00 - 02/10/2024 01:00:00,SCA|NO2,mFRR,Not Specified,Not Specified,MARGINAL,46.73,46.73
02/10/2024 01:00:00 - 02/10/2024 02:00:00,SCA|NO2,mFRR,Not Specified,Not Specified,MARGINAL,47.84,32.0
02/10/2024 02:00:00 - 02/10/2024 03:00:00,SCA|NO2,mFRR,Not Specified,Not Specified,MARGINAL,48.64,30.0
02/10/2024 03:00:00 - 02/10/2024 04:00:00,SCA|NO2,mFRR,Not Specified,Not Specified,MARGINAL,47.57,29.73
02/10/2024 04:00:00 - 02/10/2024 05:00:00,SCA|NO2,mFRR,Not Specified,Not Specified,MARGINAL,47.23,27.5
02/10/2024 05:00:00 - 02/10/2024 06:00:00,SCA|NO2,mFRR,Not Specified,Not Specified,MARGINAL,47.32,27.5
02/10/2024 06:00:00 - 02/10/2024 07:00:00,SCA|NO2,mFRR,Not Specified,Not Specified,MARGINAL,50.72,36.0
02/10/2024 07:00:00 - 02/10/2024 08:00:00,SCA|NO2,mFRR,Not Specified,Not Specified,MARGINAL,82.0,81.12
02/10/2024 08:00:00 - 02/10/2024 09:00:00,SCA|NO2,mFRR,Not Specified,Not Specified,MARGINAL,122.54,55.0
02/10/2024 09:00:00 - 02/10/2024 10:00:00,SCA|NO2,mFRR,Not Specified,Not Specified,MARGINAL,91.3,55.0
02/10/2024 10:00:00 - 02/10/2024 11:00:00,SCA|NO2,mFRR,Not Specified,Not Specified,MARGINAL,61.93,47.5
02/10/2024 11:00:00 - 02/10/2024 12:00:00,SCA|NO2,mFRR,Not Specified,Not Specified,MARGINAL,51.36,35.0
02/10/2024 12:00:00 - 02/10/2024 13:00:00,SCA|NO2,mFRR,Not Specified,Not Specified,MARGINAL,54.9,30.0
02/10/2024 13:00:00 - 02/10/2024 14:00:00,SCA|NO2,mFRR,Not Specified,Not Specified,MARGINAL,50.47,28.0
02/10/2024 14:00:00 - 02/10/2024 15:00:00,SCA|NO2,mFRR,Not Specified,Not Specified,MARGINAL,50.34,34.5
02/10/2024 15:00:00 - 02/10/2024 16:00:00,SCA|NO2,mFRR,Not Specified,Not Specified,MARGINAL,50.01,37.0
02/10/2024 16:00:00 - 02/10/2024 17:00:00,SCA|NO2,mFRR,Not Specified,Not Specified,MARGINAL,51.75,45.0
02/10/2024 17:00:00 - 02/10/2024 18:00:00,SCA|NO2,mFRR,Not Specified,Not Specified,MARGINAL,59.87,45.0
02/10/2024 18:00:00 - 02/10/2024 19:00:00,SCA|NO2,mFRR,Not Specified,Not Specified,MARGINAL,57.29,53.68
02/10/2024 19:00:00 - 02/10/2024 20:00:00,SCA|NO2,mFRR,Not Specified,Not Specified,MARGINAL,53.32,53.32
02/10/2024 20:00:00 - 02/10/2024 21:00:00,SCA|NO2,mFRR,Not Specified,Not Specified,MARGINAL,51.11,51.11
02/10/2024 21:00:00 - 02/10/2024 22:00:00,SCA|NO2,mFRR,Not Specified,Not Specified,MARGINAL,50.14,50.14
02/10/2024 22:00:00 - 02/10/2024 23:00:00,SCA|NO2,mFRR,Not Specified,Not Specified,MARGINAL,48.87,48.87
02/10/2024 23:00:00 - 03/10/2024 00:00:00,SCA|NO2,mFRR,Not Specified,Not Specified,MARGINAL,47.11,40.0
03/10/2024 00:00:00 - 03/10/2024 01:00:00,SCA|NO2,mFRR,Not Specified,Not Specified,MARGINAL,47.9,37.5
03/10/2024 01:00:00 - 03/10/2024 02:00:00,SCA|NO2,mFRR,Not Specified,Not Specified,MARGINAL,47.03,37.0
03/10/2024 02:00:00 - 03/10/2024 03:00:00,SCA|NO2,mFRR,Not Specified,Not Specified,MARGINAL,46.58,37.0
03/10/2024 03:00:00 - 03/10/2024 04:00:00,SCA|NO2,mFRR,Not Specified,Not Specified,MARGINAL,46.31,39.0
03/10/2024 04:00:00 - 03/10/2024 05:00:00,SCA|NO2,mFRR,Not Specified,Not Specified,MARGINAL,46.71,29.5
03/10/2024 05:00:00 - 03/10/2024 06:00:00,SCA|NO2,mFRR,Not Specified,Not Specified,MARGINAL,48.16,29.5
03/10/2024 06:00:00 - 03/10/2024 07:00:00,SCA|NO2,mFRR,Not Specified,Not Specified,MARGINAL,49.03,36.0
03/10/2024 07:00:00 - 03/10/2024 08:00:00,SCA|NO2,mFRR,Not Specified,Not Specified,MARGINAL,71.09,42.5
03/10/2024 08:00:00 - 03/10/2024 09:00:00,SCA|NO2,mFRR,Not Specified,Not Specified,MARGINAL,74.29,74.0
03/10/2024 09:00:00 - 03/10/2024 10:00:00,SCA|NO2,mFRR,Not Specified,Not Specified,MARGINAL,64.97,55.0
03/10/2024 10:00:00 - 03/10/2024 11:00:00,SCA|NO2,mFRR,Not Specified,Not Specified,MARGINAL,51.06,50.06
03/10/2024 11:00:00 - 03/10/2024 12:00:00,SCA|NO2,mFRR,Not Specified,Not Specified,MARGINAL,49.15,40.0
03/10/2024 12:00:00 - 03/10/2024 13:00:00,SCA|NO2,mFRR,Not Specified,Not Specified,MARGINAL,45.13,40.0
03/10/2024 13:00:00 - 03/10/2024 14:00:00,SCA|NO2,mFRR,Not Specified,Not Specified,MARGINAL,35.58,35.0
03/10/2024 14:00:00 - 03/10/2024 15:00:00,SCA|NO2,mFRR,Not Specified,Not Specified,MARGINAL,39.6,37.0
03/10/2024 15:00:00 - 03/10/2024 16:00:00,SCA|NO2,mFRR,Not Specified,Not Specified,MARGINAL,48.1,40.0
03/10/2024 16:00:00 - 03/10/2024 17:00:00,SCA|NO2,mFRR,Not Specified,Not Specified,MARGINAL,49.32,40.0
03/10/2024 17:00:00 - 03/10/2024 18:00:00,SCA|NO2,mFRR,Not Specified,Not Specified,MARGINAL,51.09,42.5
03/10/2024 18:00:00 - 03/10/2024 19:00:00,SCA|NO2,mFRR,Not Specified,Not Specified,MARGINAL,58.83,58.83
03/10/2024 19:00:00 - 03/10/2024 20:00:00,SCA|NO2,mFRR,Not Specified,Not Specified,MARGINAL,60.0,60.0
03/10/2024 20:00:00 - 03/10/2024 21:00:00,SCA|NO2,mFRR,Not Specified,Not Specified,MARGINAL,65.55,65.55
03/10/2024 21:00:00 - 03/10/2024 22:00:00,SCA|NO2,mFRR,Not Specified,Not Specified,MARGINAL,53.0,53.0
03/10/2024 22:00:00 - 03/10/2024 23:00:00,SCA|NO2,mFRR,Not Specified,Not Specified,MARGINAL,49.88,49.88
03/10/2024 23:00:00 - 04/10/2024 00:00:00,SCA|NO2,mFRR,Not Specified,Not Specified,MARGINAL,49.07,49.07
04/10/2024 00:00:00 - 04/10/2024 01:00:00,SCA|NO2,mFRR,Not Specified,Not Specified,MARGINAL,48.32,48.32
04/10/2024 01:00:00 - 04/10/2024 02:00:00,SCA|NO2,mFRR,Not Specified,Not Specified,MARGINAL,48.2,48.2
04/10/2024 02:00:00 - 04/10/2024 03:00:00,SCA|NO2,mFRR,Not Specified,Not Specified,MARGINAL,48.02,48.02
04/10/2024 03:00:00 - 04/10/2024 04:00:00,SCA|NO2,mFRR,Not Specified,Not Specified,MARGINAL,48.05,48.05
04/10/2024 04:00:00 - 04/10/2024 05:00:00,SCA|NO2,mFRR,Not Specified,Not Specified,MARGINAL,48.1,48.1
04/10/2024 05:00:00 - 04/10/2024 06:00:00,SCA|NO2,mFRR,Not Specified,Not Specified,MARGINAL,48.24,48.24
04/10/2024 06:00:00 - 04/10/2024 07:00:00,SCA|NO2,mFRR,Not Specified,Not Specified,MARGINAL,58.0,49.13
04/10/2024 07:00:00 - 04/10/2024 08:00:00,SCA|NO2,mFRR,Not Specified,Not Specified,MARGINAL,122.61,122.61
04/10/2024 08:00:00 - 04/10/2024 09:00:00,SCA|NO2,mFRR,Not Specified,Not Specified,MARGINAL,136.89,136.89
04/10/2024 09:00:00 - 04/10/2024 10:00:00,SCA|NO2,mFRR,Not Specified,Not Specified,MARGINAL,112.66,52.5
04/10/2024 10:00:00 - 04/10/2024 11:00:00,SCA|NO2,mFRR,Not Specified,Not Specified,MARGINAL,56.95,56.95
04/10/2024 11:00:00 - 04/10/2024 12:00:00,SCA|NO2,mFRR,Not Specified,Not Specified,MARGINAL,49.77,49.77
04/10/2024 12:00:00 - 04/10/2024 13:00:00,SCA|NO2,mFRR,Not Specified,Not Specified,MARGINAL,49.57,49.57
04/10/2024 13:00:00 - 04/10/2024 14:00:00,SCA|NO2,mFRR,Not Specified,Not Specified,MARGINAL,49.38,49.38
04/10/2024 14:00:00 - 04/10/2024 15:00:00,SCA|NO2,mFRR,Not Specified,Not Specified,MARGINAL,49.31,40.0
04/10/2024 15:00:00 - 04/10/2024 16:00:00,SCA|NO2,mFRR,Not Specified,Not Specified,MARGINAL,49.1,39.0
04/10/2024 16:00:00 - 04/10/2024 17:00:00,SCA|NO2,mFRR,Not Specified,Not Specified,MARGINAL,49.06,39.5
04/10/2024 17:00:00 - 04/10/2024 18:00:00,SCA|NO2,mFRR,Not Specified,Not Specified,MARGINAL,49.18,49.18
04/10/2024 18:00:00 - 04/10/2024 19:00:00,SCA|NO2,mFRR,Not Specified,Not Specified,MARGINAL,79.98,79.98
04/10/2024 19:00:00 - 04/10/2024 20:00:00,SCA|NO2,mFRR,Not Specified,Not Specified,MARGINAL,123.05,123.05
04/10/2024 20:00:00 - 04/10/2024 21:00:00,SCA|NO2,mFRR,Not Specified,Not Specified,MARGINAL,49.6,44.0
04/10/2024 21:00:00 - 04/10/2024 22:00:00,SCA|NO2,mFRR,Not Specified,Not Specified,MARGINAL,49.87,44.0
04/10/2024 22:00:00 - 04/10/2024 23:00:00,SCA|NO2,mFRR,Not Specified,Not Specified,MARGINAL,49.42,49.42
04/10/2024 23:00:00 - 05/10/2024 00:00:00,SCA|NO2,mFRR,Not Specified,Not Specified,MARGINAL,49.04,49.04
05/10/2024 00:00:00 - 05/10/2024 01:00:00,SCA|NO2,mFRR,Not Specified,Not Specified,MARGINAL,48.74,48.74
05/10/2024 01:00:00 - 05/10/2024 02:00:00,SCA|NO2,mFRR,Not Specified,Not Specified,MARGINAL,48.44,48.44
05/10/2024 02:00:00 - 05/10/2024 03:00:00,SCA|NO2,mFRR,Not Specified,Not Specified,MARGINAL,48.38,48.38
05/10/2024 03:00:00 - 05/10/2024 04:00:00,SCA|NO2,mFRR,Not Specified,Not Specified,MARGINAL,48.31,48.31
05/10/2024 04:00:00 - 05/10/2024 05:00:00,SCA|NO2,mFRR,Not Specified,Not Specified,MARGINAL,48.27,48.27
05/10/2024 05:00:00 - 05/10/2024 06:00:00,SCA|NO2,mFRR,Not Specified,Not Specified,MARGINAL,48.22,48.22
05/10/2024 06:00:00 - 05/10/2024 07:00:00,SCA|NO2,mFRR,Not Specified,Not Specified,MARGINAL,48.38,48.38
05/10/2024 07:00:00 - 05/10/2024 08:00:00,SCA|NO2,mFRR,Not Specified,Not Specified,MARGINAL,48.45,48.45
05/10/2024 08:00:00 - 05/10/2024 09:00:00,SCA|NO2,mFRR,Not Specified,Not Specified,MARGINAL,48.85,48.85
05/10/2024 09:00:00 - 05/10/2024 10:00:00,SCA|NO2,mFRR,Not Specified,Not Specified,MARGINAL,48.92,48.92
05/10/2024 10:00:00 - 05/10/2024 11:00:00,SCA|NO2,mFRR,Not Specified,Not Specified,MARGINAL,48.94,48.94
05/10/2024 11:00:00 - 05/10/2024 12:00:00,SCA|NO2,mFRR,Not Specified,Not Specified,MARGINAL,48.83,48.83
05/10/2024 12:00:00 - 05/10/2024 13:00:00,SCA|NO2,mFRR,Not Specified,Not Specified,MARGINAL,48.05,48.05
05/10/2024 13:00:00 - 05/10/2024 14:00:00,SCA|NO2,mFRR,Not Specified,Not Specified,MARGINAL,39.23,39.23
05/10/2024 14:00:00 - 05/10/2024 15:00:00,SCA|NO2,mFRR,Not Specified,Not Specified,MARGINAL,42.22,42.22
05/10/2024 15:00:00 - 05/10/2024 16:00:00,SCA|NO2,mFRR,Not Specified,Not Specified,MARGINAL,48.0,48.0
05/10/2024 16:00:00 - 05/10/2024 17:00:00,SCA|NO2,mFRR,Not Specified,Not Specified,MARGINAL,48.91,48.91
05/10/2024 17:00:00 - 05/10/2024 18:00:00,SCA|NO2,mFRR,Not Specified,Not Specified,MARGINAL,48.99,48.99
05/10/2024 18:00:00 - 05/10/2024 19:00:00,SCA|NO2,mFRR,Not Specified,Not Specified,MARGINAL,49.01,49.01
05/10/2024 19:00:00 - 05/10/2024 20:00:00,SCA|NO2,mFRR,Not Specified,Not Specified,MARGINAL,48.86,48.86
05/10/2024 20:00:00 - 05/10/2024 21:00:00,SCA|NO2,mFRR,Not Specified,Not Specified,MARGINAL,48.66,48.66
05/10/2024 21:00:00 - 05/10/2024 22:00:00,SCA|NO2,mFRR,Not Specified,Not Specified,MARGINAL,48.55,46.79
05/10/2024 22:00:00 - 05/10/2024 23:00:00,SCA|NO2,mFRR,Not Specified,Not Specified,MARGINAL,48.41,48.41
05/10/2024 23:00:00 - 06/10/2024 00:00:00,SCA|NO2,mFRR,Not Specified,Not Specified,MARGINAL,48.26,40.0
06/10/2024 00:00:00 - 06/10/2024 01:00:00,SCA|NO2,mFRR,Not Specified,Not Specified,MARGINAL,48.44,40.0
06/10/2024 01:00:00 - 06/10/2024 02:00:00,SCA|NO2,mFRR,Not Specified,Not Specified,MARGINAL,47.54,43.0
06/10/2024 02:00:00 - 06/10/2024 03:00:00,SCA|NO2,mFRR,Not Specified,Not Specified,MARGINAL,47.59,47.59
06/10/2024 03:00:00 - 06/10/2024 04:00:00,SCA|NO2,mFRR,Not Specified,Not Specified,MARGINAL,47.49,47.49
06/10/2024 04:00:00 - 06/10/2024 05:00:00,SCA|NO2,mFRR,Not Specified,Not Specified,MARGINAL,47.69,47.69
06/10/2024 05:00:00 - 06/10/2024 06:00:00,SCA|NO2,mFRR,Not Specified,Not Specified,MARGINAL,47.73,47.73
06/10/2024 06:00:00 - 06/10/2024 07:00:00,SCA|NO2,mFRR,Not Specified,Not Specified,MARGINAL,47.73,37.0
06/10/2024 07:00:00 - 06/10/2024 08:00:00,SCA|NO2,mFRR,Not Specified,Not Specified,MARGINAL,48.22,36.88
06/10/2024 08:00:00 - 06/10/2024 09:00:00,SCA|NO2,mFRR,Not Specified,Not Specified,MARGINAL,47.24,36.0
06/10/2024 09:00:00 - 06/10/2024 10:00:00,SCA|NO2,mFRR,Not Specified,Not Specified,MARGINAL,42.68,38.0
06/10/2024 10:00:00 - 06/10/2024 11:00:00,SCA|NO2,mFRR,Not Specified,Not Specified,MARGINAL,37.14,37.14
06/10/2024 11:00:00 - 06/10/2024 12:00:00,SCA|NO2,mFRR,Not Specified,Not Specified,MARGINAL,32.5,32.25
06/10/2024 12:00:00 - 06/10/2024 13:00:00,SCA|NO2,mFRR,Not Specified,Not Specified,MARGINAL,32.5,27.36
06/10/2024 13:00:00 - 06/10/2024 14:00:00,SCA|NO2,mFRR,Not Specified,Not Specified,MARGINAL,26.22,18.0
06/10/2024 14:00:00 - 06/10/2024 15:00:00,SCA|NO2,mFRR,Not Specified,Not Specified,MARGINAL,28.76,16.0
06/10/2024 15:00:00 - 06/10/2024 16:00:00,SCA|NO2,mFRR,Not Specified,Not Specified,MARGINAL,33.71,26.0
06/10/2024 16:00:00 - 06/10/2024 17:00:00,SCA|NO2,mFRR,Not Specified,Not Specified,MARGINAL,38.45,38.45
06/10/2024 17:00:00 - 06/10/2024 18:00:00,SCA|NO2,mFRR,Not Specified,Not Specified,MARGINAL,45.16,45.16
06/10/2024 18:00:00 - 06/10/2024 19:00:00,SCA|NO2,mFRR,Not Specified,Not Specified,MARGINAL,48.0,48.0
06/10/2024 19:00:00 - 06/10/2024 20:00:00,SCA|NO2,mFRR,Not Specified,Not Specified,MARGINAL,48.24,48.24
06/10/2024 20:00:00 - 06/10/2024 21:00:00,SCA|NO2,mFRR,Not Specified,Not Specified,MARGINAL,48.1,48.1
06/10/2024 21:00:00 - 06/10/2024 22:00:00,SCA|NO2,mFRR,Not Specified,Not Specified,MARGINAL,47.54,47.54
06/10/2024 22:00:00 - 06/10/2024 23:00:00,SCA|NO2,mFRR,Not Specified,Not Specified,MARGINAL,47.06,47.06
06/10/2024 23:00:00 - 07/10/2024 00:00:00,SCA|NO2,mFRR,Not Specified,Not Specified,MARGINAL,46.66,46.66
07/10/2024 00:00:00 - 07/10/2024 01:00:00,SCA|NO2,mFRR,Not Specified,Not Specified,MARGINAL,44.92,44.92
07/10/2024 01:00:00 - 07/10/2024 02:00:00,SCA|NO2,mFRR,Not Specified,Not Specified,MARGINAL,35.34,35.34
07/10/2024 02:00:00 - 07/10/2024 03:00:00,SCA|NO2,mFRR,Not Specified,Not Specified,MARGINAL,33.25,28.0
07/10/2024 03:00:00 - 07/10/2024 04:00:00,SCA|NO2,mFRR,Not Specified,Not Specified,MARGINAL,30.15,30.0
07/10/2024 04:00:00 - 07/10/2024 05:00:00,SCA|NO2,mFRR,Not Specified,Not Specified,MARGINAL,34.95,30.0
07/10/2024 05:00:00 - 07/10/2024 06:00:00,SCA|NO2,mFRR,Not Specified,Not Specified,MARGINAL,39.16,33.0
07/10/2024 06:00:00 - 07/10/2024 07:00:00,SCA|NO2,mFRR,Not Specified,Not Specified,MARGINAL,42.85,38.5
07/10/2024 07:00:00 - 07/10/2024 08:00:00,SCA|NO2,mFRR,Not Specified,Not Specified,MARGINAL,54.0,48.98
07/10/2024 08:00:00 - 07/10/2024 09:00:00,SCA|NO2,mFRR,Not Specified,Not Specified,MARGINAL,54.0,53.94
07/10/2024 09:00:00 - 07/10/2024 10:00:00,SCA|NO2,mFRR,Not Specified,Not Specified,MARGINAL,49.99,49.99
07/10/2024 10:00:00 - 07/10/2024 11:00:00,SCA|NO2,mFRR,Not Specified,Not Specified,MARGINAL,48.51,48.51
07/10/2024 11:00:00 - 07/10/2024 12:00:00,SCA|NO2,mFRR,Not Specified,Not Specified,MARGINAL,46.41,46.41
07/10/2024 12:00:00 - 07/10/2024 13:00:00,SCA|NO2,mFRR,Not Specified,Not Specified,MARGINAL,44.41,44.41
07/10/2024 13:00:00 - 07/10/2024 14:00:00,SCA|NO2,mFRR,Not Specified,Not Specified,MARGINAL,41.95,41.95
07/10/2024 14:00:00 - 07/10/2024 15:00:00,SCA|NO2,mFRR,Not Specified,Not Specified,MARGINAL,46.69,38.0
07/10/2024 15:00:00 - 07/10/2024 16:00:00,SCA|NO2,mFRR,Not Specified,Not Specified,MARGINAL,48.34,47.62
07/10/2024 16:00:00 - 07/10/2024 17:00:00,SCA|NO2,mFRR,Not Specified,Not Specified,MARGINAL,48.34,47.33
07/10/2024 17:00:00 - 07/10/2024 18:00:00,SCA|NO2,mFRR,Not Specified,Not Specified,MARGINAL,49.17,48.29
07/10/2024 18:00:00 - 07/10/2024 19:00:00,SCA|NO2,mFRR,Not Specified,Not Specified,MARGINAL,49.34,48.46
07/10/2024 19:00:00 - 07/10/2024 20:00:00,SCA|NO2,mFRR,Not Specified,Not Specified,MARGINAL,48.01,48.01
07/10/2024 20:00:00 - 07/10/2024 21:00:00,SCA|NO2,mFRR,Not Specified,Not Specified,MARGINAL,48.05,48.05
07/10/2024 21:00:00 - 07/10/2024 22:00:00,SCA|NO2,mFRR,Not Specified,Not Specified,MARGINAL,48.08,48.08
07/10/2024 22:00:00 - 07/10/2024 23:00:00,SCA|NO2,mFRR,Not Specified,Not Specified,MARGINAL,48.03,37.5
07/10/2024 23:00:00 - 08/10/2024 00:00:00,SCA|NO2,mFRR,Not Specified,Not Specified,MARGINAL,47.2,32.5
08/10/2024 00:00:00 - 08/10/2024 01:00:00,SCA|NO2,mFRR,Not Specified,Not Specified,MARGINAL,46.47,37.0
08/10/2024 01:00:00 - 08/10/2024 02:00:00,SCA|NO2,mFRR,Not Specified,Not Specified,MARGINAL,45.81,32.5
08/10/2024 02:00:00 - 08/10/2024 03:00:00,SCA|NO2,mFRR,Not Specified,Not Specified,MARGINAL,45.69,32.5
08/10/2024 03:00:00 - 08/10/2024 04:00:00,SCA|NO2,mFRR,Not Specified,Not Specified,MARGINAL,45.63,30.0
08/10/2024 04:00:00 - 08/10/2024 05:00:00,SCA|NO2,mFRR,Not Specified,Not Specified,MARGINAL,45.8,28.5
08/10/2024 05:00:00 - 08/10/2024 06:00:00,SCA|NO2,mFRR,Not Specified,Not Specified,MARGINAL,46.35,30.0
08/10/2024 06:00:00 - 08/10/2024 07:00:00,SCA|NO2,mFRR,Not Specified,Not Specified,MARGINAL,47.45,36.5
08/10/2024 07:00:00 - 08/10/2024 08:00:00,SCA|NO2,mFRR,Not Specified,Not Specified,MARGINAL,47.94,39.0
08/10/2024 08:00:00 - 08/10/2024 09:00:00,SCA|NO2,mFRR,Not Specified,Not Specified,MARGINAL,68.85,39.0
08/10/2024 09:00:00 - 08/10/2024 10:00:00,SCA|NO2,mFRR,Not Specified,Not Specified,MARGINAL,82.37,38.5
08/10/2024 10:00:00 - 08/10/2024 11:00:00,SCA|NO2,mFRR,Not Specified,Not Specified,MARGINAL,51.45,36.0
08/10/2024 11:00:00 - 08/10/2024 12:00:00,SCA|NO2,mFRR,Not Specified,Not Specified,MARGINAL,47.8,38.0
08/10/2024 12:00:00 - 08/10/2024 13:00:00,SCA|NO2,mFRR,Not Specified,Not Specified,MARGINAL,47.67,47.67
08/10/2024 13:00:00 - 08/10/2024 14:00:00,SCA|NO2,mFRR,Not Specified,Not Specified,MARGINAL,47.68,47.68
08/10/2024 14:00:00 - 08/10/2024 15:00:00,SCA|NO2,mFRR,Not Specified,Not Specified,MARGINAL,47.6,47.6
08/10/2024 15:00:00 - 08/10/2024 16:00:00,SCA|NO2,mFRR,Not Specified,Not Specified,MARGINAL,47.69,47.69
08/10/2024 16:00:00 - 08/10/2024 17:00:00,SCA|NO2,mFRR,Not Specified,Not Specified,MARGINAL,47.57,47.57
08/10/2024 17:00:00 - 08/10/2024 18:00:00,SCA|NO2,mFRR,Not Specified,Not Specified,MARGINAL,47.8,47.8
08/10/2024 18:00:00 - 08/10/2024 19:00:00,SCA|NO2,mFRR,Not Specified,Not Specified,MARGINAL,48.07,48.07
08/10/2024 19:00:00 - 08/10/2024 20:00:00,SCA|NO2,mFRR,Not Specified,Not Specified,MARGINAL,47.94,40.0
08/10/2024 20:00:00 - 08/10/2024 21:00:00,SCA|NO2,mFRR,Not Specified,Not Specified,MARGINAL,47.87,40.0
08/10/2024 21:00:00 - 08/10/2024 22:00:00,SCA|NO2,mFRR,Not Specified,Not Specified,MARGINAL,47.87,39.5
08/10/2024 22:00:00 - 08/10/2024 23:00:00,SCA|NO2,mFRR,Not Specified,Not Specified,MARGINAL,47.6,38.0
08/10/2024 23:00:00 - 09/10/2024 00:00:00,SCA|NO2,mFRR,Not Specified,Not Specified,MARGINAL,47.31,40.0
09/10/2024 00:00:00 - 09/10/2024 01:00:00,SCA|NO2,mFRR,Not Specified,Not Specified,MARGINAL,41.38,41.38
09/10/2024 01:00:00 - 09/10/2024 02:00:00,SCA|NO2,mFRR,Not Specified,Not Specified,MARGINAL,41.2,41.2
09/10/2024 02:00:00 - 09/10/2024 03:00:00,SCA|NO2,mFRR,Not Specified,Not Specified,MARGINAL,41.36,41.36
09/10/2024 03:00:00 - 09/10/2024 04:00:00,SCA|NO2,mFRR,Not Specified,Not Specified,MARGINAL,41.69,41.69
09/10/2024 04:00:00 - 09/10/2024 05:00:00,SCA|NO2,mFRR,Not Specified,Not Specified,MARGINAL,43.79,43.79
09/10/2024 05:00:00 - 09/10/2024 06:00:00,SCA|NO2,mFRR,Not Specified,Not Specified,MARGINAL,46.06,46.06
09/10/2024 06:00:00 - 09/10/2024 07:00:00,SCA|NO2,mFRR,Not Specified,Not Specified,MARGINAL,46.7,46.7
09/10/2024 07:00:00 - 09/10/2024 08:00:00,SCA|NO2,mFRR,Not Specified,Not Specified,MARGINAL,46.57,46.57
09/10/2024 08:00:00 - 09/10/2024 09:00:00,SCA|NO2,mFRR,Not Specified,Not Specified,MARGINAL,46.56,46.56
09/10/2024 09:00:00 - 09/10/2024 10:00:00,SCA|NO2,mFRR,Not Specified,Not Specified,MARGINAL,46.24,46.24
09/10/2024 10:00:00 - 09/10/2024 11:00:00,SCA|NO2,mFRR,Not Specified,Not Specified,MARGINAL,46.11,46.11
09/10/2024 11:00:00 - 09/10/2024 12:00:00,SCA|NO2,mFRR,Not Specified,Not Specified,MARGINAL,46.1,46.1
09/10/2024 12:00:00 - 09/10/2024 13:00:00,SCA|NO2,mFRR,Not Specified,Not Specified,MARGINAL,46.05,46.05
09/10/2024 13:00:00 - 09/10/2024 14:00:00,SCA|NO2,mFRR,Not Specified,Not Specified,MARGINAL,46.1,46.1
09/10/2024 14:00:00 - 09/10/2024 15:00:00,SCA|NO2,mFRR,Not Specified,Not Specified,MARGINAL,46.15,46.15
09/10/2024 15:00:00 - 09/10/2024 16:00:00,SCA|NO2,mFRR,Not Specified,Not Specified,MARGINAL,46.06,46.06
09/10/2024 16:00:00 - 09/10/2024 17:00:00,SCA|NO2,mFRR,Not Specified,Not Specified,MARGINAL,46.29,46.29
09/10/2024 17:00:00 - 09/10/2024 18:00:00,SCA|NO2,mFRR,Not Specified,Not Specified,MARGINAL,46.45,46.45
09/10/2024 18:00:00 - 09/10/2024 19:00:00,SCA|NO2,mFRR,Not Specified,Not Specified,MARGINAL,46.52,46.52
09/10/2024 19:00:00 - 09/10/2024 20:00:00,SCA|NO2,mFRR,Not Specified,Not Specified,MARGINAL,46.73,46.0
09/10/2024 20:00:00 - 09/10/2024 21:00:00,SCA|NO2,mFRR,Not Specified,Not Specified,MARGINAL,46.65,46.65
09/10/2024 21:00:00 - 09/10/2024 22:00:00,SCA|NO2,mFRR,Not Specified,Not Specified,MARGINAL,46.5,46.5
09/10/2024 22:00:00 - 09/10/2024 23:00:00,SCA|NO2,mFRR,Not Specified,Not Specified,MARGINAL,46.17,46.17
09/10/2024 23:00:00 - 10/10/2024 00:00:00,SCA|NO2,mFRR,Not Specified,Not Specified,MARGINAL,46.02,39.0
10/10/2024 00:00:00 - 10/10/2024 01:00:00,SCA|NO2,mFRR,Not Specified,Not Specified,MARGINAL,46.89,39.0
10/10/2024 01:00:00 - 10/10/2024 02:00:00,SCA|NO2,mFRR,Not Specified,Not Specified,MARGINAL,43.94,43.94
10/10/2024 02:00:00 - 10/10/2024 03:00:00,SCA|NO2,mFRR,Not Specified,Not Specified,MARGINAL,37.75,37.75
10/10/2024 03:00:00 - 10/10/2024 04:00:00,SCA|NO2,mFRR,Not Specified,Not Specified,MARGINAL,32.0,32.0
10/10/2024 04:00:00 - 10/10/2024 05:00:00,SCA|NO2,mFRR,Not Specified,Not Specified,MARGINAL,30.2,30.2
10/10/2024 05:00:00 - 10/10/2024 06:00:00,SCA|NO2,mFRR,Not Specified,Not Specified,MARGINAL,38.95,38.95
10/10/2024 06:00:00 - 10/10/2024 07:00:00,SCA|NO2,mFRR,Not Specified,Not Specified,MARGINAL,47.35,47.35
10/10/2024 07:00:00 - 10/10/2024 08:00:00,SCA|NO2,mFRR,Not Specified,Not Specified,MARGINAL,47.67,47.67
10/10/2024 08:00:00 - 10/10/2024 09:00:00,SCA|NO2,mFRR,Not Specified,Not Specified,MARGINAL,47.47,47.47
10/10/2024 09:00:00 - 10/10/2024 10:00:00,SCA|NO2,mFRR,Not Specified,Not Specified,MARGINAL,46.27,46.27
10/10/2024 10:00:00 - 10/10/2024 11:00:00,SCA|NO2,mFRR,Not Specified,Not Specified,MARGINAL,42.09,42.09
10/10/2024 11:00:00 - 10/10/2024 12:00:00,SCA|NO2,mFRR,Not Specified,Not Specified,MARGINAL,38.0,38.0
10/10/2024 12:00:00 - 10/10/2024 13:00:00,SCA|NO2,mFRR,Not Specified,Not Specified,MARGINAL,31.58,31.58
10/10/2024 13:00:00 - 10/10/2024 14:00:00,SCA|NO2,mFRR,Not Specified,Not Specified,MARGINAL,30.0,19.9
10/10/2024 14:00:00 - 10/10/2024 15:00:00,SCA|NO2,mFRR,Not Specified,Not Specified,MARGINAL,30.0,28.75
10/10/2024 15:00:00 - 10/10/2024 16:00:00,SCA|NO2,mFRR,Not Specified,Not Specified,MARGINAL,37.18,37.18
10/10/2024 16:00:00 - 10/10/2024 17:00:00,SCA|NO2,mFRR,Not Specified,Not Specified,MARGINAL,37.18,37.18
10/10/2024 17:00:00 - 10/10/2024 18:00:00,SCA|NO2,mFRR,Not Specified,Not Specified,MARGINAL,38.23,38.23
10/10/2024 18:00:00 - 10/10/2024 19:00:00,SCA|NO2,mFRR,Not Specified,Not Specified,MARGINAL,39.48,39.48
10/10/2024 19:00:00 - 10/10/2024 20:00:00,SCA|NO2,mFRR,Not Specified,Not Specified,MARGINAL,38.64,38.64
10/10/2024 20:00:00 - 10/10/2024 21:00:00,SCA|NO2,mFRR,Not Specified,Not Specified,MARGINAL,37.92,37.92
10/10/2024 21:00:00 - 10/10/2024 22:00:00,SCA|NO2,mFRR,Not Specified,Not Specified,MARGINAL,36.44,36.44
10/10/2024 22:00:00 - 10/10/2024 23:00:00,SCA|NO2,mFRR,Not Specified,Not Specified,MARGINAL,32.99,32.99
10/10/2024 23:00:00 - 11/10/2024 00:00:00,SCA|NO2,mFRR,Not Specified,Not Specified,MARGINAL,32.63,32.63
11/10/2024 00:00:00 - 11/10/2024 01:00:00,SCA|NO2,mFRR,Not Specified,Not Specified,MARGINAL,34.77,34.77
11/10/2024 01:00:00 - 11/10/2024 02:00:00,SCA|NO2,mFRR,Not Specified,Not Specified,MARGINAL,34.72,34.72
11/10/2024 02:00:00 - 11/10/2024 03:00:00,SCA|NO2,mFRR,Not Specified,Not Specified,MARGINAL,35.42,35.42
11/10/2024 03:00:00 - 11/10/2024 04:00:00,SCA|NO2,mFRR,Not Specified,Not Specified,MARGINAL,35.88,35.88
11/10/2024 04:00:00 - 11/10/2024 05:00:00,SCA|NO2,mFRR,Not Specified,Not Specified,MARGINAL,36.98,36.98
11/10/2024 05:00:00 - 11/10/2024 06:00:00,SCA|NO2,mFRR,Not Specified,Not Specified,MARGINAL,39.51,39.51
11/10/2024 06:00:00 - 11/10/2024 07:00:00,SCA|NO2,mFRR,Not Specified,Not Specified,MARGINAL,41.62,37.0
11/10/2024 07:00:00 - 11/10/2024 08:00:00,SCA|NO2,mFRR,Not Specified,Not Specified,MARGINAL,46.94,46.94
11/10/2024 08:00:00 - 11/10/2024 09:00:00,SCA|NO2,mFRR,Not Specified,Not Specified,MARGINAL,49.0,48.99
11/10/2024 09:00:00 - 11/10/2024 10:00:00,SCA|NO2,mFRR,Not Specified,Not Specified,,,
11/10/2024 10:00:00 - 11/10/2024 11:00:00,SCA|NO2,mFRR,Not Specified,Not Specified,MARGINAL,54.0,46.62
11/10/2024 11:00:00 - 11/10/2024 12:00:00,SCA|NO2,mFRR,Not Specified,Not Specified,MARGINAL,55.0,43.57
11/10/2024 12:00:00 - 11/10/2024 13:00:00,SCA|NO2,mFRR,Not Specified,Not Specified,MARGINAL,47.0,42.43
11/10/2024 13:00:00 - 11/10/2024 14:00:00,SCA|NO2,mFRR,Not Specified,Not Specified,MARGINAL,41.59,41.59
11/10/2024 14:00:00 - 11/10/2024 15:00:00,SCA|NO2,mFRR,Not Specified,Not Specified,MARGINAL,40.13,40.13
11/10/2024 15:00:00 - 11/10/2024 16:00:00,SCA|NO2,mFRR,Not Specified,Not Specified,MARGINAL,39.97,39.97
11/10/2024 16:00:00 - 11/10/2024 17:00:00,SCA|NO2,mFRR,Not Specified,Not Specified,MARGINAL,40.97,40.97
11/10/2024 17:00:00 - 11/10/2024 18:00:00,SCA|NO2,mFRR,Not Specified,Not Specified,MARGINAL,43.94,43.94
11/10/2024 18:00:00 - 11/10/2024 19:00:00,SCA|NO2,mFRR,Not Specified,Not Specified,MARGINAL,44.98,44.98
11/10/2024 19:00:00 - 11/10/2024 20:00:00,SCA|NO2,mFRR,Not Specified,Not Specified,MARGINAL,46.53,46.53
11/10/2024 20:00:00 - 11/10/2024 21:00:00,SCA|NO2,mFRR,Not Specified,Not Specified,MARGINAL,48.9,39.0
11/10/2024 21:00:00 - 11/10/2024 22:00:00,SCA|NO2,mFRR,Not Specified,Not Specified,MARGINAL,50.35,38.21
11/10/2024 22:00:00 - 11/10/2024 23:00:00,SCA|NO2,mFRR,Not Specified,Not Specified,MARGINAL,50.31,38.0
11/10/2024 23:00:00 - 12/10/2024 00:00:00,SCA|NO2,mFRR,Not Specified,Not Specified,MARGINAL,47.95,40.0
12/10/2024 00:00:00 - 12/10/2024 01:00:00,SCA|NO2,mFRR,Not Specified,Not Specified,MARGINAL,46.91,40.22
12/10/2024 01:00:00 - 12/10/2024 02:00:00,SCA|NO2,mFRR,Not Specified,Not Specified,MARGINAL,46.86,40.0
12/10/2024 02:00:00 - 12/10/2024 03:00:00,SCA|NO2,mFRR,Not Specified,Not Specified,MARGINAL,46.78,40.0
12/10/2024 03:00:00 - 12/10/2024 04:00:00,SCA|NO2,mFRR,Not Specified,Not Specified,MARGINAL,46.73,40.0
12/10/2024 04:00:00 - 12/10/2024 05:00:00,SCA|NO2,mFRR,Not Specified,Not Specified,MARGINAL,46.59,46.59
12/10/2024 05:00:00 - 12/10/2024 06:00:00,SCA|NO2,mFRR,Not Specified,Not Specified,MARGINAL,46.48,46.48
12/10/2024 06:00:00 - 12/10/2024 07:00:00,SCA|NO2,mFRR,Not Specified,Not Specified,MARGINAL,55.5,46.16
12/10/2024 07:00:00 - 12/10/2024 08:00:00,SCA|NO2,mFRR,Not Specified,Not Specified,MARGINAL,55.5,43.99
12/10/2024 08:00:00 - 12/10/2024 09:00:00,SCA|NO2,mFRR,Not Specified,Not Specified,MARGINAL,43.58,43.58
12/10/2024 09:00:00 - 12/10/2024 10:00:00,SCA|NO2,mFRR,Not Specified,Not Specified,MARGINAL,39.94,23.0
12/10/2024 10:00:00 - 12/10/2024 11:00:00,SCA|NO2,mFRR,Not Specified,Not Specified,MARGINAL,41.0,37.03
12/10/2024 11:00:00 - 12/10/2024 12:00:00,SCA|NO2,mFRR,Not Specified,Not Specified,MARGINAL,41.0,34.28
12/10/2024 12:00:00 - 12/10/2024 13:00:00,SCA|NO2,mFRR,Not Specified,Not Specified,MARGINAL,40.0,26.68
12/10/2024 13:00:00 - 12/10/2024 14:00:00,SCA|NO2,mFRR,Not Specified,Not Specified,MARGINAL,38.5,18.16
12/10/2024 14:00:00 - 12/10/2024 15:00:00,SCA|NO2,mFRR,Not Specified,Not Specified,MARGINAL,40.0,30.62
12/10/2024 15:00:00 - 12/10/2024 16:00:00,SCA|NO2,mFRR,Not Specified,Not Specified,MARGINAL,42.0,35.31
12/10/2024 16:00:00 - 12/10/2024 17:00:00,SCA|NO2,mFRR,Not Specified,Not Specified,MARGINAL,47.0,39.03
12/10/2024 17:00:00 - 12/10/2024 18:00:00,SCA|NO2,mFRR,Not Specified,Not Specified,MARGINAL,48.0,41.23
12/10/2024 18:00:00 - 12/10/2024 19:00:00,SCA|NO2,mFRR,Not Specified,Not Specified,MARGINAL,45.0,44.1
12/10/2024 19:00:00 - 12/10/2024 20:00:00,SCA|NO2,mFRR,Not Specified,Not Specified,MARGINAL,46.0,41.92
12/10/2024 20:00:00 - 12/10/2024 21:00:00,SCA|NO2,mFRR,Not Specified,Not Specified,MARGINAL,42.0,34.0
12/10/2024 21:00:00 - 12/10/2024 22:00:00,SCA|NO2,mFRR,Not Specified,Not Specified,MARGINAL,39.8,28.0
12/10/2024 22:00:00 - 12/10/2024 23:00:00,SCA|NO2,mFRR,Not Specified,Not Specified,MARGINAL,34.99,28.0
12/10/2024 23:00:00 - 13/10/2024 00:00:00,SCA|NO2,mFRR,Not Specified,Not Specified,MARGINAL,26.18,26.18
13/10/2024 00:00:00 - 13/10/2024 01:00:00,SCA|NO2,mFRR,Not Specified,Not Specified,MARGINAL,0.0,0.0
13/10/2024 01:00:00 - 13/10/2024 02:00:00,SCA|NO2,mFRR,Not Specified,Not Specified,MARGINAL,25.0,-0.01
13/10/2024 02:00:00 - 13/10/2024 03:00:00,SCA|NO2,mFRR,Not Specified,Not Specified,MARGINAL,25.0,-0.07
13/10/2024 03:00:00 - 13/10/2024 04:00:00,SCA|NO2,mFRR,Not Specified,Not Specified,MARGINAL,-0.37,-0.37
13/10/2024 04:00:00 - 13/10/2024 05:00:00,SCA|NO2,mFRR,Not Specified,Not Specified,MARGINAL,-0.51,-0.51
13/10/2024 05:00:00 - 13/10/2024 06:00:00,SCA|NO2,mFRR,Not Specified,Not Specified,MARGINAL,-0.09,-0.09
13/10/2024 06:00:00 - 13/10/2024 07:00:00,SCA|NO2,mFRR,Not Specified,Not Specified,MARGINAL,-0.01,-0.01
13/10/2024 07:00:00 - 13/10/2024 08:00:00,SCA|NO2,mFRR,Not Specified,Not Specified,MARGINAL,30.0,1.77
13/10/2024 08:00:00 - 13/10/2024 09:00:00,SCA|NO2,mFRR,Not Specified,Not Specified,MARGINAL,36.0,18.5
13/10/2024 09:00:00 - 13/10/2024 10:00:00,SCA|NO2,mFRR,Not Specified,Not Specified,MARGINAL,31.5,10.15
13/10/2024 10:00:00 - 13/10/2024 11:00:00,SCA|NO2,mFRR,Not Specified,Not Specified,MARGINAL,5.06,5.06
13/10/2024 11:00:00 - 13/10/2024 12:00:00,SCA|NO2,mFRR,Not Specified,Not Specified,MARGINAL,17.02,6.4
13/10/2024 12:00:00 - 13/10/2024 13:00:00,SCA|NO2,mFRR,Not Specified,Not Specified,MARGINAL,17.02,6.57
13/10/2024 13:00:00 - 13/10/2024 14:00:00,SCA|NO2,mFRR,Not Specified,Not Specified,MARGINAL,17.0,7.31
13/10/2024 14:00:00 - 13/10/2024 15:00:00,SCA|NO2,mFRR,Not Specified,Not Specified,MARGINAL,19.0,8.16
13/10/2024 15:00:00 - 13/10/2024 16:00:00,SCA|NO2,mFRR,Not Specified,Not Specified,MARGINAL,19.0,13.06
13/10/2024 16:00:00 - 13/10/2024 17:00:00,SCA|NO2,mFRR,Not Specified,Not Specified,MARGINAL,25.44,25.44
13/10/2024 17:00:00 - 13/10/2024 18:00:00,SCA|NO2,mFRR,Not Specified,Not Specified,MARGINAL,31.21,31.21
13/10/2024 18:00:00 - 13/10/2024 19:00:00,SCA|NO2,mFRR,Not Specified,Not Specified,MARGINAL,34.97,34.97
13/10/2024 19:00:00 - 13/10/2024 20:00:00,SCA|NO2,mFRR,Not Specified,Not Specified,MARGINAL,47.0,40.2
13/10/2024 20:00:00 - 13/10/2024 21:00:00,SCA|NO2,mFRR,Not Specified,Not Specified,MARGINAL,47.0,39.51
13/10/2024 21:00:00 - 13/10/2024 22:00:00,SCA|NO2,mFRR,Not Specified,Not Specified,MARGINAL,47.0,38.43
13/10/2024 22:00:00 - 13/10/2024 23:00:00,SCA|NO2,mFRR,Not Specified,Not Specified,MARGINAL,38.96,38.96
13/10/2024 23:00:00 - 14/10/2024 00:00:00,SCA|NO2,mFRR,Not Specified,Not Specified,MARGINAL,36.81,36.81
14/10/2024 00:00:00 - 14/10/2024 01:00:00,SCA|NO2,mFRR,Not Specified,Not Specified,,,
14/10/2024 01:00:00 - 14/10/2024 02:00:00,SCA|NO2,mFRR,Not Specified,Not Specified,MARGINAL,35.25,35.0
14/10/2024 02:00:00 - 14/10/2024 03:00:00,SCA|NO2,mFRR,Not Specified,Not Specified,MARGINAL,35.17,33.0
14/10/2024 03:00:00 - 14/10/2024 04:00:00,SCA|NO2,mFRR,Not Specified,Not Specified,MARGINAL,35.46,32.0
14/10/2024 04:00:00 - 14/10/2024 05:00:00,SCA|NO2,mFRR,Not Specified,Not Specified,MARGINAL,40.66,33.0
14/10/2024 05:00:00 - 14/10/2024 06:00:00,SCA|NO2,mFRR,Not Specified,Not Specified,MARGINAL,43.01,32.0
14/10/2024 06:00:00 - 14/10/2024 07:00:00,SCA|NO2,mFRR,Not Specified,Not Specified,MARGINAL,44.22,32.0
14/10/2024 07:00:00 - 14/10/2024 08:00:00,SCA|NO2,mFRR,Not Specified,Not Specified,MARGINAL,49.93,40.0
14/10/2024 08:00:00 - 14/10/2024 09:00:00,SCA|NO2,mFRR,Not Specified,Not Specified,MARGINAL,53.28,53.28
14/10/2024 09:00:00 - 14/10/2024 10:00:00,SCA|NO2,mFRR,Not Specified,Not Specified,MARGINAL,52.49,52.49
14/10/2024 10:00:00 - 14/10/2024 11:00:00,SCA|NO2,mFRR,Not Specified,Not Specified,MARGINAL,49.53,49.53
14/10/2024 11:00:00 - 14/10/2024 12:00:00,SCA|NO2,mFRR,Not Specified,Not Specified,MARGINAL,46.33,40.0
14/10/2024 12:00:00 - 14/10/2024 13:00:00,SCA|NO2,mFRR,Not Specified,Not Specified,MARGINAL,45.35,38.5
14/10/2024 13:00:00 - 14/10/2024 14:00:00,SCA|NO2,mFRR,Not Specified,Not Specified,MARGINAL,44.39,36.0
14/10/2024 14:00:00 - 14/10/2024 15:00:00,SCA|NO2,mFRR,Not Specified,Not Specified,MARGINAL,44.4,36.0
14/10/2024 15:00:00 - 14/10/2024 16:00:00,SCA|NO2,mFRR,Not Specified,Not Specified,MARGINAL,45.03,36.0
14/10/2024 16:00:00 - 14/10/2024 17:00:00,SCA|NO2,mFRR,Not Specified,Not Specified,MARGINAL,46.27,36.0
14/10/2024 17:00:00 - 14/10/2024 18:00:00,SCA|NO2,mFRR,Not Specified,Not Specified,MARGINAL,48.63,39.5
14/10/2024 18:00:00 - 14/10/2024 19:00:00,SCA|NO2,mFRR,Not Specified,Not Specified,MARGINAL,51.34,41.0
14/10/2024 19:00:00 - 14/10/2024 20:00:00,SCA|NO2,mFRR,Not Specified,Not Specified,MARGINAL,53.47,53.47
14/10/2024 20:00:00 - 14/10/2024 21:00:00,SCA|NO2,mFRR,Not Specified,Not Specified,MARGINAL,47.73,47.73
14/10/2024 21:00:00 - 14/10/2024 22:00:00,SCA|NO2,mFRR,Not Specified,Not Specified,MARGINAL,44.96,41.5
14/10/2024 22:00:00 - 14/10/2024 23:00:00,SCA|NO2,mFRR,Not Specified,Not Specified,MARGINAL,44.1,37.0
14/10/2024 23:00:00 - 15/10/2024 00:00:00,SCA|NO2,mFRR,Not Specified,Not Specified,MARGINAL,42.37,35.0
15/10/2024 00:00:00 - 15/10/2024 01:00:00,SCA|NO2,mFRR,Not Specified,Not Specified,MARGINAL,43.67,37.5
15/10/2024 01:00:00 - 15/10/2024 02:00:00,SCA|NO2,mFRR,Not Specified,Not Specified,MARGINAL,43.18,37.5
15/10/2024 02:00:00 - 15/10/2024 03:00:00,SCA|NO2,mFRR,Not Specified,Not Specified,MARGINAL,42.98,37.5
15/10/2024 03:00:00 - 15/10/2024 04:00:00,SCA|NO2,mFRR,Not Specified,Not Specified,MARGINAL,42.98,37.5
15/10/2024 04:00:00 - 15/10/2024 05:00:00,SCA|NO2,mFRR,Not Specified,Not Specified,MARGINAL,43.07,37.5
15/10/2024 05:00:00 - 15/10/2024 06:00:00,SCA|NO2,mFRR,Not Specified,Not Specified,MARGINAL,43.67,37.5
15/10/2024 06:00:00 - 15/10/2024 07:00:00,SCA|NO2,mFRR,Not Specified,Not Specified,MARGINAL,48.5,40.0
15/10/2024 07:00:00 - 15/10/2024 08:00:00,SCA|NO2,mFRR,Not Specified,Not Specified,MARGINAL,131.0,129.35
15/10/2024 08:00:00 - 15/10/2024 09:00:00,SCA|NO2,mFRR,Not Specified,Not Specified,MARGINAL,167.0,165.65
15/10/2024 09:00:00 - 15/10/2024 10:00:00,SCA|NO2,mFRR,Not Specified,Not Specified,MARGINAL,108.0,106.38
15/10/2024 10:00:00 - 15/10/2024 11:00:00,SCA|NO2,mFRR,Not Specified,Not Specified,MARGINAL,60.0,59.51
15/10/2024 11:00:00 - 15/10/2024 12:00:00,SCA|NO2,mFRR,Not Specified,Not Specified,MARGINAL,48.38,48.38
15/10/2024 12:00:00 - 15/10/2024 13:00:00,SCA|NO2,mFRR,Not Specified,Not Specified,MARGINAL,47.61,47.61
15/10/2024 13:00:00 - 15/10/2024 14:00:00,SCA|NO2,mFRR,Not Specified,Not Specified,MARGINAL,46.92,42.0
15/10/2024 14:00:00 - 15/10/2024 15:00:00,SCA|NO2,mFRR,Not Specified,Not Specified,MARGINAL,45.24,42.0
15/10/2024 15:00:00 - 15/10/2024 16:00:00,SCA|NO2,mFRR,Not Specified,Not Specified,MARGINAL,45.17,40.5
15/10/2024 16:00:00 - 15/10/2024 17:00:00,SCA|NO2,mFRR,Not Specified,Not Specified,MARGINAL,45.52,43.0
15/10/2024 17:00:00 - 15/10/2024 18:00:00,SCA|NO2,mFRR,Not Specified,Not Specified,MARGINAL,48.46,48.46
15/10/2024 18:00:00 - 15/10/2024 19:00:00,SCA|NO2,mFRR,Not Specified,Not Specified,MARGINAL,60.62,43.0
15/10/2024 19:00:00 - 15/10/2024 20:00:00,SCA|NO2,mFRR,Not Specified,Not Specified,MARGINAL,61.56,43.0
15/10/2024 20:00:00 - 15/10/2024 21:00:00,SCA|NO2,mFRR,Not Specified,Not Specified,MARGINAL,48.47,43.0
15/10/2024 21:00:00 - 15/10/2024 22:00:00,SCA|NO2,mFRR,Not Specified,Not Specified,MARGINAL,48.51,48.51
15/10/2024 22:00:00 - 15/10/2024 23:00:00,SCA|NO2,mFRR,Not Specified,Not Specified,MARGINAL,45.21,45.21
15/10/2024 23:00:00 - 16/10/2024 00:00:00,SCA|NO2,mFRR,Not Specified,Not Specified,MARGINAL,40.78,40.78
16/10/2024 00:00:00 - 16/10/2024 01:00:00,SCA|NO2,mFRR,Not Specified,Not Specified,MARGINAL,34.56,34.56
16/10/2024 01:00:00 - 16/10/2024 02:00:00,SCA|NO2,mFRR,Not Specified,Not Specified,MARGINAL,13.22,13.22
16/10/2024 02:00:00 - 16/10/2024 03:00:00,SCA|NO2,mFRR,Not Specified,Not Specified,MARGINAL,5.46,5.46
16/10/2024 03:00:00 - 16/10/2024 04:00:00,SCA|NO2,mFRR,Not Specified,Not Specified,MARGINAL,3.72,3.34
16/10/2024 04:00:00 - 16/10/2024 05:00:00,SCA|NO2,mFRR,Not Specified,Not Specified,MARGINAL,3.25,3.25
16/10/2024 05:00:00 - 16/10/2024 06:00:00,SCA|NO2,mFRR,Not Specified,Not Specified,MARGINAL,15.01,15.0
16/10/2024 06:00:00 - 16/10/2024 07:00:00,SCA|NO2,mFRR,Not Specified,Not Specified,MARGINAL,34.72,25.5
16/10/2024 07:00:00 - 16/10/2024 08:00:00,SCA|NO2,mFRR,Not Specified,Not Specified,MARGINAL,44.12,36.86
16/10/2024 08:00:00 - 16/10/2024 09:00:00,SCA|NO2,mFRR,Not Specified,Not Specified,MARGINAL,46.43,27.0
16/10/2024 09:00:00 - 16/10/2024 10:00:00,SCA|NO2,mFRR,Not Specified,Not Specified,MARGINAL,40.2,25.5
16/10/2024 10:00:00 - 16/10/2024 11:00:00,SCA|NO2,mFRR,Not Specified,Not Specified,MARGINAL,34.03,23.0
16/10/2024 11:00:00 - 16/10/2024 12:00:00,SCA|NO2,mFRR,Not Specified,Not Specified,MARGINAL,19.96,1.34
16/10/2024 12:00:00 - 16/10/2024 13:00:00,SCA|NO2,mFRR,Not Specified,Not Specified,MARGINAL,4.23,-3.0
16/10/2024 13:00:00 - 16/10/2024 14:00:00,SCA|NO2,mFRR,Not Specified,Not Specified,MARGINAL,2.95,-3.0
16/10/2024 14:00:00 - 16/10/2024 15:00:00,SCA|NO2,mFRR,Not Specified,Not Specified,MARGINAL,4.13,-3.0
16/10/2024 15:00:00 - 16/10/2024 16:00:00,SCA|NO2,mFRR,Not Specified,Not Specified,MARGINAL,18.81,-0.5
16/10/2024 16:00:00 - 16/10/2024 17:00:00,SCA|NO2,mFRR,Not Specified,Not Specified,MARGINAL,31.95,23.0
16/10/2024 17:00:00 - 16/10/2024 18:00:00,SCA|NO2,mFRR,Not Specified,Not Specified,MARGINAL,35.25,23.0
16/10/2024 18:00:00 - 16/10/2024 19:00:00,SCA|NO2,mFRR,Not Specified,Not Specified,MARGINAL,37.19,19.0
16/10/2024 19:00:00 - 16/10/2024 20:00:00,SCA|NO2,mFRR,Not Specified,Not Specified,MARGINAL,36.52,21.0
16/10/2024 20:00:00 - 16/10/2024 21:00:00,SCA|NO2,mFRR,Not Specified,Not Specified,MARGINAL,35.85,9.0
16/10/2024 21:00:00 - 16/10/2024 22:00:00,SCA|NO2,mFRR,Not Specified,Not Specified,MARGINAL,34.53,10.0
16/10/2024 22:00:00 - 16/10/2024 23:00:00,SCA|NO2,mFRR,Not Specified,Not Specified,MARGINAL,32.44,19.5
16/10/2024 23:00:00 - 17/10/2024 00:00:00,SCA|NO2,mFRR,Not Specified,Not Specified,MARGINAL,27.27,7.5
17/10/2024 00:00:00 - 17/10/2024 01:00:00,SCA|NO2,mFRR,Not Specified,Not Specified,MARGINAL,17.59,4.0
17/10/2024 01:00:00 - 17/10/2024 02:00:00,SCA|NO2,mFRR,Not Specified,Not Specified,MARGINAL,12.51,6.0
17/10/2024 02:00:00 - 17/10/2024 03:00:00,SCA|NO2,mFRR,Not Specified,Not Specified,MARGINAL,10.79,6.0
17/10/2024 03:00:00 - 17/10/2024 04:00:00,SCA|NO2,mFRR,Not Specified,Not Specified,MARGINAL,5.78,5.34
17/10/2024 04:00:00 - 17/10/2024 05:00:00,SCA|NO2,mFRR,Not Specified,Not Specified,MARGINAL,10.31,9.74
17/10/2024 05:00:00 - 17/10/2024 06:00:00,SCA|NO2,mFRR,Not Specified,Not Specified,MARGINAL,28.97,28.97
17/10/2024 06:00:00 - 17/10/2024 07:00:00,SCA|NO2,mFRR,Not Specified,Not Specified,MARGINAL,36.13,22.0
17/10/2024 07:00:00 - 17/10/2024 08:00:00,SCA|NO2,mFRR,Not Specified,Not Specified,MARGINAL,38.87,29.0
17/10/2024 08:00:00 - 17/10/2024 09:00:00,SCA|NO2,mFRR,Not Specified,Not Specified,MARGINAL,39.93,26.0
17/10/2024 09:00:00 - 17/10/2024 10:00:00,SCA|NO2,mFRR,Not Specified,Not Specified,MARGINAL,39.29,22.0
17/10/2024 10:00:00 - 17/10/2024 11:00:00,SCA|NO2,mFRR,Not Specified,Not Specified,MARGINAL,38.46,12.0
17/10/2024 11:00:00 - 17/10/2024 12:00:00,SCA|NO2,mFRR,Not Specified,Not Specified,MARGINAL,38.48,6.0
17/10/2024 12:00:00 - 17/10/2024 13:00:00,SCA|NO2,mFRR,Not Specified,Not Specified,MARGINAL,38.96,10.0
17/10/2024 13:00:00 - 17/10/2024 14:00:00,SCA|NO2,mFRR,Not Specified,Not Specified,MARGINAL,39.7,10.0
17/10/2024 14:00:00 - 17/10/2024 15:00:00,SCA|NO2,mFRR,Not Specified,Not Specified,MARGINAL,40.94,23.0
17/10/2024 15:00:00 - 17/10/2024 16:00:00,SCA|NO2,mFRR,Not Specified,Not Specified,MARGINAL,39.94,30.5
17/10/2024 16:00:00 - 17/10/2024 17:00:00,SCA|NO2,mFRR,Not Specified,Not Specified,MARGINAL,39.69,39.69
17/10/2024 17:00:00 - 17/10/2024 18:00:00,SCA|NO2,mFRR,Not Specified,Not Specified,MARGINAL,39.88,30.0
17/10/2024 18:00:00 - 17/10/2024 19:00:00,SCA|NO2,mFRR,Not Specified,Not Specified,MARGINAL,40.37,30.0
17/10/2024 19:00:00 - 17/10/2024 20:00:00,SCA|NO2,mFRR,Not Specified,Not Specified,MARGINAL,41.46,24.5
17/10/2024 20:00:00 - 17/10/2024 21:00:00,SCA|NO2,mFRR,Not Specified,Not Specified,MARGINAL,41.09,23.0
17/10/2024 21:00:00 - 17/10/2024 22:00:00,SCA|NO2,mFRR,Not Specified,Not Specified,MARGINAL,40.85,23.0
17/10/2024 22:00:00 - 17/10/2024 23:00:00,SCA|NO2,mFRR,Not Specified,Not Specified,MARGINAL,41.19,20.0
17/10/2024 23:00:00 - 18/10/2024 00:00:00,SCA|NO2,mFRR,Not Specified,Not Specified,MARGINAL,39.64,15.0
18/10/2024 00:00:00 - 18/10/2024 01:00:00,SCA|NO2,mFRR,Not Specified,Not Specified,MARGINAL,39.45,30.0
18/10/2024 01:00:00 - 18/10/2024 02:00:00,SCA|NO2,mFRR,Not Specified,Not Specified,MARGINAL,39.35,31.5
18/10/2024 02:00:00 - 18/10/2024 03:00:00,SCA|NO2,mFRR,Not Specified,Not Specified,MARGINAL,39.23,31.0
18/10/2024 03:00:00 - 18/10/2024 04:00:00,SCA|NO2,mFRR,Not Specified,Not Specified,MARGINAL,39.15,31.0
18/10/2024 04:00:00 - 18/10/2024 05:00:00,SCA|NO2,mFRR,Not Specified,Not Specified,MARGINAL,39.2,39.2
18/10/2024 05:00:00 - 18/10/2024 06:00:00,SCA|NO2,mFRR,Not Specified,Not Specified,MARGINAL,39.93,34.0
18/10/2024 06:00:00 - 18/10/2024 07:00:00,SCA|NO2,mFRR,Not Specified,Not Specified,MARGINAL,42.27,35.0
18/10/2024 07:00:00 - 18/10/2024 08:00:00,SCA|NO2,mFRR,Not Specified,Not Specified,MARGINAL,43.25,43.25
18/10/2024 08:00:00 - 18/10/2024 09:00:00,SCA|NO2,mFRR,Not Specified,Not Specified,MARGINAL,43.33,43.33
18/10/2024 09:00:00 - 18/10/2024 10:00:00,SCA|NO2,mFRR,Not Specified,Not Specified,MARGINAL,42.39,42.39
18/10/2024 10:00:00 - 18/10/2024 11:00:00,SCA|NO2,mFRR,Not Specified,Not Specified,MARGINAL,41.82,41.82
18/10/2024 11:00:00 - 18/10/2024 12:00:00,SCA|NO2,mFRR,Not Specified,Not Specified,MARGINAL,42.39,42.39
18/10/2024 12:00:00 - 18/10/2024 13:00:00,SCA|NO2,mFRR,Not Specified,Not Specified,MARGINAL,42.18,42.18
18/10/2024 13:00:00 - 18/10/2024 14:00:00,SCA|NO2,mFRR,Not Specified,Not Specified,MARGINAL,41.84,41.84
18/10/2024 14:00:00 - 18/10/2024 15:00:00,SCA|NO2,mFRR,Not Specified,Not Specified,MARGINAL,41.74,41.74
18/10/2024 15:00:00 - 18/10/2024 16:00:00,SCA|NO2,mFRR,Not Specified,Not Specified,MARGINAL,40.83,40.83
18/10/2024 16:00:00 - 18/10/2024 17:00:00,SCA|NO2,mFRR,Not Specified,Not Specified,MARGINAL,42.01,42.01
18/10/2024 17:00:00 - 18/10/2024 18:00:00,SCA|NO2,mFRR,Not Specified,Not Specified,MARGINAL,44.0,42.83
18/10/2024 18:00:00 - 18/10/2024 19:00:00,SCA|NO2,mFRR,Not Specified,Not Specified,MARGINAL,44.0,43.01
18/10/2024 19:00:00 - 18/10/2024 20:00:00,SCA|NO2,mFRR,Not Specified,Not Specified,MARGINAL,42.66,42.66
18/10/2024 20:00:00 - 18/10/2024 21:00:00,SCA|NO2,mFRR,Not Specified,Not Specified,MARGINAL,42.18,42.18
18/10/2024 21:00:00 - 18/10/2024 22:00:00,SCA|NO2,mFRR,Not Specified,Not Specified,MARGINAL,41.54,31.0
18/10/2024 22:00:00 - 18/10/2024 23:00:00,SCA|NO2,mFRR,Not Specified,Not Specified,MARGINAL,39.73,29.0
18/10/2024 23:00:00 - 19/10/2024 00:00:00,SCA|NO2,mFRR,Not Specified,Not Specified,MARGINAL,38.4,28.0
19/10/2024 00:00:00 - 19/10/2024 01:00:00,SCA|NO2,mFRR,Not Specified,Not Specified,MARGINAL,39.45,33.0
19/10/2024 01:00:00 - 19/10/2024 02:00:00,SCA|NO2,mFRR,Not Specified,Not Specified,MARGINAL,39.24,33.0
19/10/2024 02:00:00 - 19/10/2024 03:00:00,SCA|NO2,mFRR,Not Specified,Not Specified,MARGINAL,39.04,33.0
19/10/2024 03:00:00 - 19/10/2024 04:00:00,SCA|NO2,mFRR,Not Specified,Not Specified,MARGINAL,38.93,33.0
19/10/2024 04:00:00 - 19/10/2024 05:00:00,SCA|NO2,mFRR,Not Specified,Not Specified,MARGINAL,38.53,38.53
19/10/2024 05:00:00 - 19/10/2024 06:00:00,SCA|NO2,mFRR,Not Specified,Not Specified,MARGINAL,38.84,38.84
19/10/2024 06:00:00 - 19/10/2024 07:00:00,SCA|NO2,mFRR,Not Specified,Not Specified,MARGINAL,38.83,38.83
19/10/2024 07:00:00 - 19/10/2024 08:00:00,SCA|NO2,mFRR,Not Specified,Not Specified,MARGINAL,39.18,39.18
19/10/2024 08:00:00 - 19/10/2024 09:00:00,SCA|NO2,mFRR,Not Specified,Not Specified,MARGINAL,39.92,39.92
19/10/2024 09:00:00 - 19/10/2024 10:00:00,SCA|NO2,mFRR,Not Specified,Not Specified,MARGINAL,40.43,40.43
19/10/2024 10:00:00 - 19/10/2024 11:00:00,SCA|NO2,mFRR,Not Specified,Not Specified,MARGINAL,40.93,40.93
19/10/2024 11:00:00 - 19/10/2024 12:00:00,SCA|NO2,mFRR,Not Specified,Not Specified,MARGINAL,40.86,40.86
19/10/2024 12:00:00 - 19/10/2024 13:00:00,SCA|NO2,mFRR,Not Specified,Not Specified,MARGINAL,40.94,33.0
19/10/2024 13:00:00 - 19/10/2024 14:00:00,SCA|NO2,mFRR,Not Specified,Not Specified,MARGINAL,40.92,33.0
19/10/2024 14:00:00 - 19/10/2024 15:00:00,SCA|NO2,mFRR,Not Specified,Not Specified,MARGINAL,40.9,33.0
19/10/2024 15:00:00 - 19/10/2024 16:00:00,SCA|NO2,mFRR,Not Specified,Not Specified,MARGINAL,40.77,33.0
19/10/2024 16:00:00 - 19/10/2024 17:00:00,SCA|NO2,mFRR,Not Specified,Not Specified,MARGINAL,41.4,41.4
19/10/2024 17:00:00 - 19/10/2024 18:00:00,SCA|NO2,mFRR,Not Specified,Not Specified,MARGINAL,43.24,43.24
19/10/2024 18:00:00 - 19/10/2024 19:00:00,SCA|NO2,mFRR,Not Specified,Not Specified,MARGINAL,43.81,43.81
19/10/2024 19:00:00 - 19/10/2024 20:00:00,SCA|NO2,mFRR,Not Specified,Not Specified,MARGINAL,44.11,35.0
19/10/2024 20:00:00 - 19/10/2024 21:00:00,SCA|NO2,mFRR,Not Specified,Not Specified,MARGINAL,43.35,35.0
19/10/2024 21:00:00 - 19/10/2024 22:00:00,SCA|NO2,mFRR,Not Specified,Not Specified,MARGINAL,41.95,33.0
19/10/2024 22:00:00 - 19/10/2024 23:00:00,SCA|NO2,mFRR,Not Specified,Not Specified,MARGINAL,41.27,33.0
19/10/2024 23:00:00 - 20/10/2024 00:00:00,SCA|NO2,mFRR,Not Specified,Not Specified,MARGINAL,40.24,33.0
20/10/2024 00:00:00 - 20/10/2024 01:00:00,SCA|NO2,mFRR,Not Specified,Not Specified,MARGINAL,40.71,40.71
20/10/2024 01:00:00 - 20/10/2024 02:00:00,SCA|NO2,mFRR,Not Specified,Not Specified,MARGINAL,40.4,40.4
20/10/2024 02:00:00 - 20/10/2024 03:00:00,SCA|NO2,mFRR,Not Specified,Not Specified,MARGINAL,40.02,40.02
20/10/2024 03:00:00 - 20/10/2024 04:00:00,SCA|NO2,mFRR,Not Specified,Not Specified,MARGINAL,39.64,30.5
20/10/2024 04:00:00 - 20/10/2024 05:00:00,SCA|NO2,mFRR,Not Specified,Not Specified,MARGINAL,39.76,29.0
20/10/2024 05:00:00 - 20/10/2024 06:00:00,SCA|NO2,mFRR,Not Specified,Not Specified,MARGINAL,36.29,29.0
20/10/2024 06:00:00 - 20/10/2024 07:00:00,SCA|NO2,mFRR,Not Specified,Not Specified,MARGINAL,32.23,32.23
20/10/2024 07:00:00 - 20/10/2024 08:00:00,SCA|NO2,mFRR,Not Specified,Not Specified,MARGINAL,37.93,37.93
20/10/2024 08:00:00 - 20/10/2024 09:00:00,SCA|NO2,mFRR,Not Specified,Not Specified,MARGINAL,40.65,31.0
20/10/2024 09:00:00 - 20/10/2024 10:00:00,SCA|NO2,mFRR,Not Specified,Not Specified,MARGINAL,33.1,26.82
20/10/2024 10:00:00 - 20/10/2024 11:00:00,SCA|NO2,mFRR,Not Specified,Not Specified,MARGINAL,24.62,22.0
20/10/2024 11:00:00 - 20/10/2024 12:00:00,SCA|NO2,mFRR,Not Specified,Not Specified,MARGINAL,0.08,0.08
20/10/2024 12:00:00 - 20/10/2024 13:00:00,SCA|NO2,mFRR,Not Specified,Not Specified,MARGINAL,0.0,0.0
20/10/2024 13:00:00 - 20/10/2024 14:00:00,SCA|NO2,mFRR,Not Specified,Not Specified,MARGINAL,-0.98,-0.98
20/10/2024 14:00:00 - 20/10/2024 15:00:00,SCA|NO2,mFRR,Not Specified,Not Specified,MARGINAL,9.0,-2.01
20/10/2024 15:00:00 - 20/10/2024 16:00:00,SCA|NO2,mFRR,Not Specified,Not Specified,MARGINAL,9.0,-3.0
20/10/2024 16:00:00 - 20/10/2024 17:00:00,SCA|NO2,mFRR,Not Specified,Not Specified,MARGINAL,26.56,26.56
20/10/2024 17:00:00 - 20/10/2024 18:00:00,SCA|NO2,mFRR,Not Specified,Not Specified,MARGINAL,33.99,33.99
20/10/2024 18:00:00 - 20/10/2024 19:00:00,SCA|NO2,mFRR,Not Specified,Not Specified,MARGINAL,38.19,38.19
20/10/2024 19:00:00 - 20/10/2024 20:00:00,SCA|NO2,mFRR,Not Specified,Not Specified,MARGINAL,36.06,18.88
20/10/2024 20:00:00 - 20/10/2024 21:00:00,SCA|NO2,mFRR,Not Specified,Not Specified,MARGINAL,33.28,-0.49
20/10/2024 21:00:00 - 20/10/2024 22:00:00,SCA|NO2,mFRR,Not Specified,Not Specified,MARGINAL,21.58,-2.0
20/10/2024 22:00:00 - 20/10/2024 23:00:00,SCA|NO2,mFRR,Not Specified,Not Specified,MARGINAL,12.26,-1.02
20/10/2024 23:00:00 - 21/10/2024 00:00:00,SCA|NO2,mFRR,Not Specified,Not Specified,MARGINAL,1.95,-2.5
21/10/2024 00:00:00 - 21/10/2024 01:00:00,SCA|NO2,mFRR,Not Specified,Not Specified,MARGINAL,-0.09,-2.5
21/10/2024 01:00:00 - 21/10/2024 02:00:00,SCA|NO2,mFRR,Not Specified,Not Specified,MARGINAL,-0.1,-2.0
21/10/2024 02:00:00 - 21/10/2024 03:00:00,SCA|NO2,mFRR,Not Specified,Not Specified,MARGINAL,-0.14,-3.8
21/10/2024 03:00:00 - 21/10/2024 04:00:00,SCA|NO2,mFRR,Not Specified,Not Specified,MARGINAL,-0.08,-6.0
21/10/2024 04:00:00 - 21/10/2024 05:00:00,SCA|NO2,mFRR,Not Specified,Not Specified,MARGINAL,-0.04,-5.62
21/10/2024 05:00:00 - 21/10/2024 06:00:00,SCA|NO2,mFRR,Not Specified,Not Specified,MARGINAL,3.34,-7.91
21/10/2024 06:00:00 - 21/10/2024 07:00:00,SCA|NO2,mFRR,Not Specified,Not Specified,MARGINAL,25.96,-5.0
21/10/2024 07:00:00 - 21/10/2024 08:00:00,SCA|NO2,mFRR,Not Specified,Not Specified,MARGINAL,27.47,15.0
21/10/2024 08:00:00 - 21/10/2024 09:00:00,SCA|NO2,mFRR,Not Specified,Not Specified,MARGINAL,30.89,30.89
21/10/2024 09:00:00 - 21/10/2024 10:00:00,SCA|NO2,mFRR,Not Specified,Not Specified,MARGINAL,31.27,15.0
21/10/2024 10:00:00 - 21/10/2024 11:00:00,SCA|NO2,mFRR,Not Specified,Not Specified,MARGINAL,29.74,15.0
21/10/2024 11:00:00 - 21/10/2024 12:00:00,SCA|NO2,mFRR,Not Specified,Not Specified,MARGINAL,28.82,15.0
21/10/2024 12:00:00 - 21/10/2024 13:00:00,SCA|NO2,mFRR,Not Specified,Not Specified,MARGINAL,29.9,21.0
21/10/2024 13:00:00 - 21/10/2024 14:00:00,SCA|NO2,mFRR,Not Specified,Not Specified,MARGINAL,30.89,21.0
21/10/2024 14:00:00 - 21/10/2024 15:00:00,SCA|NO2,mFRR,Not Specified,Not Specified,MARGINAL,33.97,25.0
21/10/2024 15:00:00 - 21/10/2024 16:00:00,SCA|NO2,mFRR,Not Specified,Not Specified,MARGINAL,35.62,25.0
21/10/2024 16:00:00 - 21/10/2024 17:00:00,SCA|NO2,mFRR,Not Specified,Not Specified,MARGINAL,35.7,25.0
21/10/2024 17:00:00 - 21/10/2024 18:00:00,SCA|NO2,mFRR,Not Specified,Not Specified,MARGINAL,40.59,29.0
21/10/2024 18:00:00 - 21/10/2024 19:00:00,SCA|NO2,mFRR,Not Specified,Not Specified,MARGINAL,40.92,40.92
21/10/2024 19:00:00 - 21/10/2024 20:00:00,SCA|NO2,mFRR,Not Specified,Not Specified,MARGINAL,41.19,41.19
21/10/2024 20:00:00 - 21/10/2024 21:00:00,SCA|NO2,mFRR,Not Specified,Not Specified,MARGINAL,40.66,40.66
21/10/2024 21:00:00 - 21/10/2024 22:00:00,SCA|NO2,mFRR,Not Specified,Not Specified,MARGINAL,40.28,40.28
21/10/2024 22:00:00 - 21/10/2024 23:00:00,SCA|NO2,mFRR,Not Specified,Not Specified,MARGINAL,39.79,39.79
21/10/2024 23:00:00 - 22/10/2024 00:00:00,SCA|NO2,mFRR,Not Specified,Not Specified,MARGINAL,39.11,26.0
22/10/2024 00:00:00 - 22/10/2024 01:00:00,SCA|NO2,mFRR,Not Specified,Not Specified,MARGINAL,35.71,21.5
22/10/2024 01:00:00 - 22/10/2024 02:00:00,SCA|NO2,mFRR,Not Specified,Not Specified,MARGINAL,35.58,21.5
22/10/2024 02:00:00 - 22/10/2024 03:00:00,SCA|NO2,mFRR,Not Specified,Not Specified,MARGINAL,35.04,35.04
22/10/2024 03:00:00 - 22/10/2024 04:00:00,SCA|NO2,mFRR,Not Specified,Not Specified,MARGINAL,34.01,34.01
22/10/2024 04:00:00 - 22/10/2024 05:00:00,SCA|NO2,mFRR,Not Specified,Not Specified,MARGINAL,34.97,34.97
22/10/2024 05:00:00 - 22/10/2024 06:00:00,SCA|NO2,mFRR,Not Specified,Not Specified,MARGINAL,35.64,35.64
22/10/2024 06:00:00 - 22/10/2024 07:00:00,SCA|NO2,mFRR,Not Specified,Not Specified,MARGINAL,43.5,32.86
22/10/2024 07:00:00 - 22/10/2024 08:00:00,SCA|NO2,mFRR,Not Specified,Not Specified,MARGINAL,43.5,34.86
22/10/2024 08:00:00 - 22/10/2024 09:00:00,SCA|NO2,mFRR,Not Specified,Not Specified,MARGINAL,43.5,35.5
22/10/2024 09:00:00 - 22/10/2024 10:00:00,SCA|NO2,mFRR,Not Specified,Not Specified,MARGINAL,37.0,35.51
22/10/2024 10:00:00 - 22/10/2024 11:00:00,SCA|NO2,mFRR,Not Specified,Not Specified,MARGINAL,40.0,35.53
22/10/2024 11:00:00 - 22/10/2024 12:00:00,SCA|NO2,mFRR,Not Specified,Not Specified,MARGINAL,40.0,35.2
22/10/2024 12:00:00 - 22/10/2024 13:00:00,SCA|NO2,mFRR,Not Specified,Not Specified,MARGINAL,33.08,33.08
22/10/2024 13:00:00 - 22/10/2024 14:00:00,SCA|NO2,mFRR,Not Specified,Not Specified,MARGINAL,31.18,2.33
22/10/2024 14:00:00 - 22/10/2024 15:00:00,SCA|NO2,mFRR,Not Specified,Not Specified,MARGINAL,29.88,0.08
22/10/2024 15:00:00 - 22/10/2024 16:00:00,SCA|NO2,mFRR,Not Specified,Not Specified,MARGINAL,30.81,0.67
22/10/2024 16:00:00 - 22/10/2024 17:00:00,SCA|NO2,mFRR,Not Specified,Not Specified,MARGINAL,32.85,27.0
22/10/2024 17:00:00 - 22/10/2024 18:00:00,SCA|NO2,mFRR,Not Specified,Not Specified,MARGINAL,40.0,36.0
22/10/2024 18:00:00 - 22/10/2024 19:00:00,SCA|NO2,mFRR,Not Specified,Not Specified,MARGINAL,40.0,35.5
22/10/2024 19:00:00 - 22/10/2024 20:00:00,SCA|NO2,mFRR,Not Specified,Not Specified,MARGINAL,35.54,19.0
22/10/2024 20:00:00 - 22/10/2024 21:00:00,SCA|NO2,mFRR,Not Specified,Not Specified,MARGINAL,35.51,19.0
22/10/2024 21:00:00 - 22/10/2024 22:00:00,SCA|NO2,mFRR,Not Specified,Not Specified,MARGINAL,35.23,20.0
22/10/2024 22:00:00 - 22/10/2024 23:00:00,SCA|NO2,mFRR,Not Specified,Not Specified,MARGINAL,34.29,34.29
22/10/2024 23:00:00 - 23/10/2024 00:00:00,SCA|NO2,mFRR,Not Specified,Not Specified,MARGINAL,32.28,23.5
23/10/2024 00:00:00 - 23/10/2024 01:00:00,SCA|NO2,mFRR,Not Specified,Not Specified,MARGINAL,32.94,14.5
23/10/2024 01:00:00 - 23/10/2024 02:00:00,SCA|NO2,mFRR,Not Specified,Not Specified,MARGINAL,34.98,14.0
23/10/2024 02:00:00 - 23/10/2024 03:00:00,SCA|NO2,mFRR,Not Specified,Not Specified,MARGINAL,37.54,20.0
23/10/2024 03:00:00 - 23/10/2024 04:00:00,SCA|NO2,mFRR,Not Specified,Not Specified,MARGINAL,38.01,14.0
23/10/2024 04:00:00 - 23/10/2024 05:00:00,SCA|NO2,mFRR,Not Specified,Not Specified,MARGINAL,38.44,14.0
23/10/2024 05:00:00 - 23/10/2024 06:00:00,SCA|NO2,mFRR,Not Specified,Not Specified,MARGINAL,39.0,14.0
23/10/2024 06:00:00 - 23/10/2024 07:00:00,SCA|NO2,mFRR,Not Specified,Not Specified,MARGINAL,39.94,39.94
23/10/2024 07:00:00 - 23/10/2024 08:00:00,SCA|NO2,mFRR,Not Specified,Not Specified,MARGINAL,39.83,39.83
23/10/2024 08:00:00 - 23/10/2024 09:00:00,SCA|NO2,mFRR,Not Specified,Not Specified,MARGINAL,53.0,40.61
23/10/2024 09:00:00 - 23/10/2024 10:00:00,SCA|NO2,mFRR,Not Specified,Not Specified,MARGINAL,52.0,39.97
23/10/2024 10:00:00 - 23/10/2024 11:00:00,SCA|NO2,mFRR,Not Specified,Not Specified,MARGINAL,38.85,38.85
23/10/2024 11:00:00 - 23/10/2024 12:00:00,SCA|NO2,mFRR,Not Specified,Not Specified,MARGINAL,36.35,36.35
23/10/2024 12:00:00 - 23/10/2024 13:00:00,SCA|NO2,mFRR,Not Specified,Not Specified,MARGINAL,34.43,34.43
23/10/2024 13:00:00 - 23/10/2024 14:00:00,SCA|NO2,mFRR,Not Specified,Not Specified,MARGINAL,34.93,34.93
23/10/2024 14:00:00 - 23/10/2024 15:00:00,SCA|NO2,mFRR,Not Specified,Not Specified,MARGINAL,37.35,37.35
23/10/2024 15:00:00 - 23/10/2024 16:00:00,SCA|NO2,mFRR,Not Specified,Not Specified,MARGINAL,51.5,38.59
23/10/2024 16:00:00 - 23/10/2024 17:00:00,SCA|NO2,mFRR,Not Specified,Not Specified,MARGINAL,51.5,39.01
23/10/2024 17:00:00 - 23/10/2024 18:00:00,SCA|NO2,mFRR,Not Specified,Not Specified,MARGINAL,39.55,39.55
23/10/2024 18:00:00 - 23/10/2024 19:00:00,SCA|NO2,mFRR,Not Specified,Not Specified,MARGINAL,39.87,39.87
23/10/2024 19:00:00 - 23/10/2024 20:00:00,SCA|NO2,mFRR,Not Specified,Not Specified,MARGINAL,40.65,40.65
23/10/2024 20:00:00 - 23/10/2024 21:00:00,SCA|NO2,mFRR,Not Specified,Not Specified,MARGINAL,40.92,40.92
23/10/2024 21:00:00 - 23/10/2024 22:00:00,SCA|NO2,mFRR,Not Specified,Not Specified,MARGINAL,40.91,40.91
23/10/2024 22:00:00 - 23/10/2024 23:00:00,SCA|NO2,mFRR,Not Specified,Not Specified,MARGINAL,39.93,39.93
23/10/2024 23:00:00 - 24/10/2024 00:00:00,SCA|NO2,mFRR,Not Specified,Not Specified,MARGINAL,39.01,39.01
24/10/2024 00:00:00 - 24/10/2024 01:00:00,SCA|NO2,mFRR,Not Specified,Not Specified,MARGINAL,41.88,26.0
24/10/2024 01:00:00 - 24/10/2024 02:00:00,SCA|NO2,mFRR,Not Specified,Not Specified,MARGINAL,41.02,41.02
24/10/2024 02:00:00 - 24/10/2024 03:00:00,SCA|NO2,mFRR,Not Specified,Not Specified,MARGINAL,40.6,23.5
24/10/2024 03:00:00 - 24/10/2024 04:00:00,SCA|NO2,mFRR,Not Specified,Not Specified,MARGINAL,40.51,22.0
24/10/2024 04:00:00 - 24/10/2024 05:00:00,SCA|NO2,mFRR,Not Specified,Not Specified,,,
24/10/2024 05:00:00 - 24/10/2024 06:00:00,SCA|NO2,mFRR,Not Specified,Not Specified,MARGINAL,40.56,15.0
24/10/2024 06:00:00 - 24/10/2024 07:00:00,SCA|NO2,mFRR,Not Specified,Not Specified,MARGINAL,35.39,25.0
24/10/2024 07:00:00 - 24/10/2024 08:00:00,SCA|NO2,mFRR,Not Specified,Not Specified,MARGINAL,39.9,39.9
24/10/2024 08:00:00 - 24/10/2024 09:00:00,SCA|NO2,mFRR,Not Specified,Not Specified,MARGINAL,40.53,22.0
24/10/2024 09:00:00 - 24/10/2024 10:00:00,SCA|NO2,mFRR,Not Specified,Not Specified,MARGINAL,38.39,25.0
24/10/2024 10:00:00 - 24/10/2024 11:00:00,SCA|NO2,mFRR,Not Specified,Not Specified,MARGINAL,35.55,35.55
24/10/2024 11:00:00 - 24/10/2024 12:00:00,SCA|NO2,mFRR,Not Specified,Not Specified,MARGINAL,34.99,34.99
24/10/2024 12:00:00 - 24/10/2024 13:00:00,SCA|NO2,mFRR,Not Specified,Not Specified,MARGINAL,34.64,20.0
24/10/2024 13:00:00 - 24/10/2024 14:00:00,SCA|NO2,mFRR,Not Specified,Not Specified,MARGINAL,34.26,18.0
24/10/2024 14:00:00 - 24/10/2024 15:00:00,SCA|NO2,mFRR,Not Specified,Not Specified,MARGINAL,34.21,20.0
24/10/2024 15:00:00 - 24/10/2024 16:00:00,SCA|NO2,mFRR,Not Specified,Not Specified,MARGINAL,34.89,25.0
24/10/2024 16:00:00 - 24/10/2024 17:00:00,SCA|NO2,mFRR,Not Specified,Not Specified,MARGINAL,35.09,35.09
24/10/2024 17:00:00 - 24/10/2024 18:00:00,SCA|NO2,mFRR,Not Specified,Not Specified,MARGINAL,36.24,22.0
24/10/2024 18:00:00 - 24/10/2024 19:00:00,SCA|NO2,mFRR,Not Specified,Not Specified,MARGINAL,35.15,20.0
24/10/2024 19:00:00 - 24/10/2024 20:00:00,SCA|NO2,mFRR,Not Specified,Not Specified,MARGINAL,35.07,19.0
24/10/2024 20:00:00 - 24/10/2024 21:00:00,SCA|NO2,mFRR,Not Specified,Not Specified,MARGINAL,35.22,17.33
24/10/2024 21:00:00 - 24/10/2024 22:00:00,SCA|NO2,mFRR,Not Specified,Not Specified,MARGINAL,35.03,19.0
24/10/2024 22:00:00 - 24/10/2024 23:00:00,SCA|NO2,mFRR,Not Specified,Not Specified,MARGINAL,34.81,18.0
24/10/2024 23:00:00 - 25/10/2024 00:00:00,SCA|NO2,mFRR,Not Specified,Not Specified,MARGINAL,34.85,15.0
25/10/2024 00:00:00 - 25/10/2024 01:00:00,SCA|NO2,mFRR,Not Specified,Not Specified,MARGINAL,34.28,34.28
25/10/2024 01:00:00 - 25/10/2024 02:00:00,SCA|NO2,mFRR,Not Specified,Not Specified,MARGINAL,34.51,34.51
25/10/2024 02:00:00 - 25/10/2024 03:00:00,SCA|NO2,mFRR,Not Specified,Not Specified,MARGINAL,34.92,34.92
25/10/2024 03:00:00 - 25/10/2024 04:00:00,SCA|NO2,mFRR,Not Specified,Not Specified,MARGINAL,35.34,35.34
25/10/2024 04:00:00 - 25/10/2024 05:00:00,SCA|NO2,mFRR,Not Specified,Not Specified,MARGINAL,37.98,37.98
25/10/2024 05:00:00 - 25/10/2024 06:00:00,SCA|NO2,mFRR,Not Specified,Not Specified,MARGINAL,39.95,39.95
25/10/2024 06:00:00 - 25/10/2024 07:00:00,SCA|NO2,mFRR,Not Specified,Not Specified,MARGINAL,45.0,45.0
25/10/2024 07:00:00 - 25/10/2024 08:00:00,SCA|NO2,mFRR,Not Specified,Not Specified,MARGINAL,42.89,42.89
25/10/2024 08:00:00 - 25/10/2024 09:00:00,SCA|NO2,mFRR,Not Specified,Not Specified,MARGINAL,44.94,44.94
25/10/2024 09:00:00 - 25/10/2024 10:00:00,SCA|NO2,mFRR,Not Specified,Not Specified,MARGINAL,46.0,41.76
25/10/2024 10:00:00 - 25/10/2024 11:00:00,SCA|NO2,mFRR,Not Specified,Not Specified,MARGINAL,46.0,40.87
25/10/2024 11:00:00 - 25/10/2024 12:00:00,SCA|NO2,mFRR,Not Specified,Not Specified,MARGINAL,40.27,40.27
25/10/2024 12:00:00 - 25/10/2024 13:00:00,SCA|NO2,mFRR,Not Specified,Not Specified,MARGINAL,42.11,42.11
25/10/2024 13:00:00 - 25/10/2024 14:00:00,SCA|NO2,mFRR,Not Specified,Not Specified,MARGINAL,44.95,44.95
25/10/2024 14:00:00 - 25/10/2024 15:00:00,SCA|NO2,mFRR,Not Specified,Not Specified,MARGINAL,45.14,45.14
25/10/2024 15:00:00 - 25/10/2024 16:00:00,SCA|NO2,mFRR,Not Specified,Not Specified,MARGINAL,45.32,45.32
25/10/2024 16:00:00 - 25/10/2024 17:00:00,SCA|NO2,mFRR,Not Specified,Not Specified,MARGINAL,45.73,45.73
25/10/2024 17:00:00 - 25/10/2024 18:00:00,SCA|NO2,mFRR,Not Specified,Not Specified,MARGINAL,48.06,48.06
25/10/2024 18:00:00 - 25/10/2024 19:00:00,SCA|NO2,mFRR,Not Specified,Not Specified,MARGINAL,53.43,53.43
25/10/2024 19:00:00 - 25/10/2024 20:00:00,SCA|NO2,mFRR,Not Specified,Not Specified,MARGINAL,53.71,53.71
25/10/2024 20:00:00 - 25/10/2024 21:00:00,SCA|NO2,mFRR,Not Specified,Not Specified,MARGINAL,53.43,53.43
25/10/2024 21:00:00 - 25/10/2024 22:00:00,SCA|NO2,mFRR,Not Specified,Not Specified,MARGINAL,52.18,52.18
25/10/2024 22:00:00 - 25/10/2024 23:00:00,SCA|NO2,mFRR,Not Specified,Not Specified,MARGINAL,51.68,51.68
25/10/2024 23:00:00 - 26/10/2024 00:00:00,SCA|NO2,mFRR,Not Specified,Not Specified,MARGINAL,46.72,46.72
26/10/2024 00:00:00 - 26/10/2024 01:00:00,SCA|NO2,mFRR,Not Specified,Not Specified,MARGINAL,46.49,46.49
26/10/2024 01:00:00 - 26/10/2024 02:00:00,SCA|NO2,mFRR,Not Specified,Not Specified,MARGINAL,46.32,46.32
26/10/2024 02:00:00 - 26/10/2024 03:00:00,SCA|NO2,mFRR,Not Specified,Not Specified,MARGINAL,46.22,46.22
26/10/2024 03:00:00 - 26/10/2024 04:00:00,SCA|NO2,mFRR,Not Specified,Not Specified,MARGINAL,45.94,45.94
26/10/2024 04:00:00 - 26/10/2024 05:00:00,SCA|NO2,mFRR,Not Specified,Not Specified,MARGINAL,45.92,45.92
26/10/2024 05:00:00 - 26/10/2024 06:00:00,SCA|NO2,mFRR,Not Specified,Not Specified,MARGINAL,45.9,45.9
26/10/2024 06:00:00 - 26/10/2024 07:00:00,SCA|NO2,mFRR,Not Specified,Not Specified,MARGINAL,45.94,45.94
26/10/2024 07:00:00 - 26/10/2024 08:00:00,SCA|NO2,mFRR,Not Specified,Not Specified,MARGINAL,46.05,46.05
26/10/2024 08:00:00 - 26/10/2024 09:00:00,SCA|NO2,mFRR,Not Specified,Not Specified,MARGINAL,46.11,46.11
26/10/2024 09:00:00 - 26/10/2024 10:00:00,SCA|NO2,mFRR,Not Specified,Not Specified,MARGINAL,46.11,46.11
26/10/2024 10:00:00 - 26/10/2024 11:00:00,SCA|NO2,mFRR,Not Specified,Not Specified,MARGINAL,45.94,45.94
26/10/2024 11:00:00 - 26/10/2024 12:00:00,SCA|NO2,mFRR,Not Specified,Not Specified,MARGINAL,45.94,45.94
26/10/2024 12:00:00 - 26/10/2024 13:00:00,SCA|NO2,mFRR,Not Specified,Not Specified,MARGINAL,45.79,35.5
26/10/2024 13:00:00 - 26/10/2024 14:00:00,SCA|NO2,mFRR,Not Specified,Not Specified,MARGINAL,45.49,45.49
26/10/2024 14:00:00 - 26/10/2024 15:00:00,SCA|NO2,mFRR,Not Specified,Not Specified,MARGINAL,45.59,45.59
26/10/2024 15:00:00 - 26/10/2024 16:00:00,SCA|NO2,mFRR,Not Specified,Not Specified,MARGINAL,45.62,45.62
26/10/2024 16:00:00 - 26/10/2024 17:00:00,SCA|NO2,mFRR,Not Specified,Not Specified,MARGINAL,45.46,45.46
26/10/2024 17:00:00 - 26/10/2024 18:00:00,SCA|NO2,mFRR,Not Specified,Not Specified,MARGINAL,45.37,45.37
26/10/2024 18:00:00 - 26/10/2024 19:00:00,SCA|NO2,mFRR,Not Specified,Not Specified,MARGINAL,45.1,45.1
26/10/2024 19:00:00 - 26/10/2024 20:00:00,SCA|NO2,mFRR,Not Specified,Not Specified,MARGINAL,44.74,44.74
26/10/2024 20:00:00 - 26/10/2024 21:00:00,SCA|NO2,mFRR,Not Specified,Not Specified,MARGINAL,44.47,29.5
26/10/2024 21:00:00 - 26/10/2024 22:00:00,SCA|NO2,mFRR,Not Specified,Not Specified,MARGINAL,44.24,35.0
26/10/2024 22:00:00 - 26/10/2024 23:00:00,SCA|NO2,mFRR,Not Specified,Not Specified,MARGINAL,44.36,35.0
26/10/2024 23:00:00 - 27/10/2024 00:00:00,SCA|NO2,mFRR,Not Specified,Not Specified,MARGINAL,44.47,44.47
27/10/2024 00:00:00 - 27/10/2024 01:00:00,SCA|NO2,mFRR,Not Specified,Not Specified,MARGINAL,45.21,45.21
27/10/2024 01:00:00 - 27/10/2024 02:00:00,SCA|NO2,mFRR,Not Specified,Not Specified,MARGINAL,45.11,45.11
27/10/2024 02:00:00 - 27/10/2024 02:00:00,SCA|NO2,mFRR,Not Specified,Not Specified,MARGINAL,44.86,44.86
27/10/2024 02:00:00 - 27/10/2024 03:00:00,SCA|NO2,mFRR,Not Specified,Not Specified,MARGINAL,44.38,44.38
27/10/2024 03:00:00 - 27/10/2024 04:00:00,SCA|NO2,mFRR,Not Specified,Not Specified,MARGINAL,44.32,44.32
27/10/2024 04:00:00 - 27/10/2024 05:00:00,SCA|NO2,mFRR,Not Specified,Not Specified,MARGINAL,43.43,43.43
27/10/2024 05:00:00 - 27/10/2024 06:00:00,SCA|NO2,mFRR,Not Specified,Not Specified,MARGINAL,43.27,43.27
27/10/2024 06:00:00 - 27/10/2024 07:00:00,SCA|NO2,mFRR,Not Specified,Not Specified,MARGINAL,43.42,28.5
27/10/2024 07:00:00 - 27/10/2024 08:00:00,SCA|NO2,mFRR,Not Specified,Not Specified,MARGINAL,43.34,43.34
27/10/2024 08:00:00 - 27/10/2024 09:00:00,SCA|NO2,mFRR,Not Specified,Not Specified,MARGINAL,44.63,44.63
27/10/2024 09:00:00 - 27/10/2024 10:00:00,SCA|NO2,mFRR,Not Specified,Not Specified,MARGINAL,45.07,45.07
27/10/2024 10:00:00 - 27/10/2024 11:00:00,SCA|NO2,mFRR,Not Specified,Not Specified,MARGINAL,45.13,45.13
27/10/2024 11:00:00 - 27/10/2024 12:00:00,SCA|NO2,mFRR,Not Specified,Not Specified,MARGINAL,41.18,41.18
27/10/2024 12:00:00 - 27/10/2024 13:00:00,SCA|NO2,mFRR,Not Specified,Not Specified,MARGINAL,38.75,38.75
27/10/2024 13:00:00 - 27/10/2024 14:00:00,SCA|NO2,mFRR,Not Specified,Not Specified,MARGINAL,38.81,38.81
27/10/2024 14:00:00 - 27/10/2024 15:00:00,SCA|NO2,mFRR,Not Specified,Not Specified,MARGINAL,44.34,44.34
27/10/2024 15:00:00 - 27/10/2024 16:00:00,SCA|NO2,mFRR,Not Specified,Not Specified,MARGINAL,44.63,44.63
27/10/2024 16:00:00 - 27/10/2024 17:00:00,SCA|NO2,mFRR,Not Specified,Not Specified,MARGINAL,45.01,45.01
27/10/2024 17:00:00 - 27/10/2024 18:00:00,SCA|NO2,mFRR,Not Specified,Not Specified,MARGINAL,45.2,45.2
27/10/2024 18:00:00 - 27/10/2024 19:00:00,SCA|NO2,mFRR,Not Specified,Not Specified,MARGINAL,45.41,45.41
27/10/2024 19:00:00 - 27/10/2024 20:00:00,SCA|NO2,mFRR,Not Specified,Not Specified,MARGINAL,45.52,45.52
27/10/2024 20:00:00 - 27/10/2024 21:00:00,SCA|NO2,mFRR,Not Specified,Not Specified,MARGINAL,45.61,45.61
27/10/2024 21:00:00 - 27/10/2024 22:00:00,SCA|NO2,mFRR,Not Specified,Not Specified,MARGINAL,45.55,45.55
27/10/2024 22:00:00 - 27/10/2024 23:00:00,SCA|NO2,mFRR,Not Specified,Not Specified,MARGINAL,45.5,45.5
27/10/2024 23:00:00 - 28/10/2024 00:00:00,SCA|NO2,mFRR,Not Specified,Not Specified,MARGINAL,45.4,45.4
28/10/2024 00:00:00 - 28/10/2024 01:00:00,SCA|NO2,mFRR,Not Specified,Not Specified,MARGINAL,45.39,45.39
28/10/2024 01:00:00 - 28/10/2024 02:00:00,SCA|NO2,mFRR,Not Specified,Not Specified,MARGINAL,45.34,45.34
28/10/2024 02:00:00 - 28/10/2024 03:00:00,SCA|NO2,mFRR,Not Specified,Not Specified,MARGINAL,45.37,45.37
28/10/2024 03:00:00 - 28/10/2024 04:00:00,SCA|NO2,mFRR,Not Specified,Not Specified,MARGINAL,45.37,45.37
28/10/2024 04:00:00 - 28/10/2024 05:00:00,SCA|NO2,mFRR,Not Specified,Not Specified,MARGINAL,45.47,45.47
28/10/2024 05:00:00 - 28/10/2024 06:00:00,SCA|NO2,mFRR,Not Specified,Not Specified,MARGINAL,45.5,45.5
28/10/2024 06:00:00 - 28/10/2024 07:00:00,SCA|NO2,mFRR,Not Specified,Not Specified,MARGINAL,45.64,45.64
28/10/2024 07:00:00 - 28/10/2024 08:00:00,SCA|NO2,mFRR,Not Specified,Not Specified,MARGINAL,49.93,36.0
28/10/2024 08:00:00 - 28/10/2024 09:00:00,SCA|NO2,mFRR,Not Specified,Not Specified,MARGINAL,50.73,50.73
28/10/2024 09:00:00 - 28/10/2024 10:00:00,SCA|NO2,mFRR,Not Specified,Not Specified,MARGINAL,49.97,49.97
28/10/2024 10:00:00 - 28/10/2024 11:00:00,SCA|NO2,mFRR,Not Specified,Not Specified,MARGINAL,46.08,37.0
28/10/2024 11:00:00 - 28/10/2024 12:00:00,SCA|NO2,mFRR,Not Specified,Not Specified,MARGINAL,46.08,37.0
28/10/2024 12:00:00 - 28/10/2024 13:00:00,SCA|NO2,mFRR,Not Specified,Not Specified,MARGINAL,45.91,37.0
28/10/2024 13:00:00 - 28/10/2024 14:00:00,SCA|NO2,mFRR,Not Specified,Not Specified,MARGINAL,45.81,37.0
28/10/2024 14:00:00 - 28/10/2024 15:00:00,SCA|NO2,mFRR,Not Specified,Not Specified,MARGINAL,45.92,45.92
28/10/2024 15:00:00 - 28/10/2024 16:00:00,SCA|NO2,mFRR,Not Specified,Not Specified,MARGINAL,45.94,45.94
28/10/2024 16:00:00 - 28/10/2024 17:00:00,SCA|NO2,mFRR,Not Specified,Not Specified,MARGINAL,53.0,46.04
28/10/2024 17:00:00 - 28/10/2024 18:00:00,SCA|NO2,mFRR,Not Specified,Not Specified,MARGINAL,53.0,46.37
28/10/2024 18:00:00 - 28/10/2024 19:00:00,SCA|NO2,mFRR,Not Specified,Not Specified,MARGINAL,53.0,49.84
28/10/2024 19:00:00 - 28/10/2024 20:00:00,SCA|NO2,mFRR,Not Specified,Not Specified,MARGINAL,53.0,52.28
28/10/2024 20:00:00 - 28/10/2024 21:00:00,SCA|NO2,mFRR,Not Specified,Not Specified,MARGINAL,53.0,49.95
28/10/2024 21:00:00 - 28/10/2024 22:00:00,SCA|NO2,mFRR,Not Specified,Not Specified,MARGINAL,49.93,49.93
28/10/2024 22:00:00 - 28/10/2024 23:00:00,SCA|NO2,mFRR,Not Specified,Not Specified,MARGINAL,47.37,47.37
28/10/2024 23:00:00 - 29/10/2024 00:00:00,SCA|NO2,mFRR,Not Specified,Not Specified,MARGINAL,46.06,46.06
29/10/2024 00:00:00 - 29/10/2024 01:00:00,SCA|NO2,mFRR,Not Specified,Not Specified,MARGINAL,47.42,47.42
29/10/2024 01:00:00 - 29/10/2024 02:00:00,SCA|NO2,mFRR,Not Specified,Not Specified,MARGINAL,47.42,47.42
29/10/2024 02:00:00 - 29/10/2024 03:00:00,SCA|NO2,mFRR,Not Specified,Not Specified,MARGINAL,45.96,45.96
29/10/2024 03:00:00 - 29/10/2024 04:00:00,SCA|NO2,mFRR,Not Specified,Not Specified,MARGINAL,46.74,46.74
29/10/2024 04:00:00 - 29/10/2024 05:00:00,SCA|NO2,mFRR,Not Specified,Not Specified,MARGINAL,46.74,46.74
29/10/2024 05:00:00 - 29/10/2024 06:00:00,SCA|NO2,mFRR,Not Specified,Not Specified,MARGINAL,46.87,46.87
29/10/2024 06:00:00 - 29/10/2024 07:00:00,SCA|NO2,mFRR,Not Specified,Not Specified,MARGINAL,69.23,69.23
29/10/2024 07:00:00 - 29/10/2024 08:00:00,SCA|NO2,mFRR,Not Specified,Not Specified,MARGINAL,153.0,152.84
29/10/2024 08:00:00 - 29/10/2024 09:00:00,SCA|NO2,mFRR,Not Specified,Not Specified,MARGINAL,141.0,140.07
29/10/2024 09:00:00 - 29/10/2024 10:00:00,SCA|NO2,mFRR,Not Specified,Not Specified,MARGINAL,125.67,68.5
29/10/2024 10:00:00 - 29/10/2024 11:00:00,SCA|NO2,mFRR,Not Specified,Not Specified,MARGINAL,116.96,75.0
29/10/2024 11:00:00 - 29/10/2024 12:00:00,SCA|NO2,mFRR,Not Specified,Not Specified,MARGINAL,105.2,105.2
29/10/2024 12:00:00 - 29/10/2024 13:00:00,SCA|NO2,mFRR,Not Specified,Not Specified,MARGINAL,96.78,69.5
29/10/2024 13:00:00 - 29/10/2024 14:00:00,SCA|NO2,mFRR,Not Specified,Not Specified,MARGINAL,50.13,50.13
29/10/2024 14:00:00 - 29/10/2024 15:00:00,SCA|NO2,mFRR,Not Specified,Not Specified,MARGINAL,47.38,47.38
29/10/2024 15:00:00 - 29/10/2024 16:00:00,SCA|NO2,mFRR,Not Specified,Not Specified,MARGINAL,47.01,47.01
29/10/2024 16:00:00 - 29/10/2024 17:00:00,SCA|NO2,mFRR,Not Specified,Not Specified,MARGINAL,46.53,46.53
29/10/2024 17:00:00 - 29/10/2024 18:00:00,SCA|NO2,mFRR,Not Specified,Not Specified,MARGINAL,49.99,49.99
29/10/2024 18:00:00 - 29/10/2024 19:00:00,SCA|NO2,mFRR,Not Specified,Not Specified,MARGINAL,50.95,50.95
29/10/2024 19:00:00 - 29/10/2024 20:00:00,SCA|NO2,mFRR,Not Specified,Not Specified,MARGINAL,50.91,37.5
29/10/2024 20:00:00 - 29/10/2024 21:00:00,SCA|NO2,mFRR,Not Specified,Not Specified,MARGINAL,49.08,37.5
29/10/2024 21:00:00 - 29/10/2024 22:00:00,SCA|NO2,mFRR,Not Specified,Not Specified,MARGINAL,49.95,49.95
29/10/2024 22:00:00 - 29/10/2024 23:00:00,SCA|NO2,mFRR,Not Specified,Not Specified,MARGINAL,46.51,39.0
29/10/2024 23:00:00 - 30/10/2024 00:00:00,SCA|NO2,mFRR,Not Specified,Not Specified,MARGINAL,45.15,38.5
30/10/2024 00:00:00 - 30/10/2024 01:00:00,SCA|NO2,mFRR,Not Specified,Not Specified,MARGINAL,41.58,41.58
30/10/2024 01:00:00 - 30/10/2024 02:00:00,SCA|NO2,mFRR,Not Specified,Not Specified,MARGINAL,39.97,39.97
30/10/2024 02:00:00 - 30/10/2024 03:00:00,SCA|NO2,mFRR,Not Specified,Not Specified,MARGINAL,39.42,39.42
30/10/2024 03:00:00 - 30/10/2024 04:00:00,SCA|NO2,mFRR,Not Specified,Not Specified,MARGINAL,40.07,40.07
30/10/2024 04:00:00 - 30/10/2024 05:00:00,SCA|NO2,mFRR,Not Specified,Not Specified,MARGINAL,38.48,38.48
30/10/2024 05:00:00 - 30/10/2024 06:00:00,SCA|NO2,mFRR,Not Specified,Not Specified,MARGINAL,40.54,40.54
30/10/2024 06:00:00 - 30/10/2024 07:00:00,SCA|NO2,mFRR,Not Specified,Not Specified,MARGINAL,41.84,41.84
30/10/2024 07:00:00 - 30/10/2024 08:00:00,SCA|NO2,mFRR,Not Specified,Not Specified,MARGINAL,44.97,44.97
30/10/2024 08:00:00 - 30/10/2024 09:00:00,SCA|NO2,mFRR,Not Specified,Not Specified,MARGINAL,44.16,44.16
30/10/2024 09:00:00 - 30/10/2024 10:00:00,SCA|NO2,mFRR,Not Specified,Not Specified,MARGINAL,42.69,42.69
30/10/2024 10:00:00 - 30/10/2024 11:00:00,SCA|NO2,mFRR,Not Specified,Not Specified,MARGINAL,41.75,41.75
30/10/2024 11:00:00 - 30/10/2024 12:00:00,SCA|NO2,mFRR,Not Specified,Not Specified,MARGINAL,40.11,40.11
30/10/2024 12:00:00 - 30/10/2024 13:00:00,SCA|NO2,mFRR,Not Specified,Not Specified,MARGINAL,40.44,21.0
30/10/2024 13:00:00 - 30/10/2024 14:00:00,SCA|NO2,mFRR,Not Specified,Not Specified,MARGINAL,39.98,21.0
30/10/2024 14:00:00 - 30/10/2024 15:00:00,SCA|NO2,mFRR,Not Specified,Not Specified,MARGINAL,40.72,27.0
30/10/2024 15:00:00 - 30/10/2024 16:00:00,SCA|NO2,mFRR,Not Specified,Not Specified,MARGINAL,40.35,29.0
30/10/2024 16:00:00 - 30/10/2024 17:00:00,SCA|NO2,mFRR,Not Specified,Not Specified,MARGINAL,42.46,29.0
30/10/2024 17:00:00 - 30/10/2024 18:00:00,SCA|NO2,mFRR,Not Specified,Not Specified,MARGINAL,42.46,42.46
30/10/2024 18:00:00 - 30/10/2024 19:00:00,SCA|NO2,mFRR,Not Specified,Not Specified,MARGINAL,44.78,44.78
30/10/2024 19:00:00 - 30/10/2024 20:00:00,SCA|NO2,mFRR,Not Specified,Not Specified,MARGINAL,51.51,51.51
30/10/2024 20:00:00 - 30/10/2024 21:00:00,SCA|NO2,mFRR,Not Specified,Not Specified,MARGINAL,51.51,51.51
30/10/2024 21:00:00 - 30/10/2024 22:00:00,SCA|NO2,mFRR,Not Specified,Not Specified,MARGINAL,48.64,48.64
30/10/2024 22:00:00 - 30/10/2024 23:00:00,SCA|NO2,mFRR,Not Specified,Not Specified,MARGINAL,45.6,45.6
30/10/2024 23:00:00 - 31/10/2024 00:00:00,SCA|NO2,mFRR,Not Specified,Not Specified,MARGINAL,43.09,27.0
31/10/2024 00:00:00 - 31/10/2024 01:00:00,SCA|NO2,mFRR,Not Specified,Not Specified,MARGINAL,42.96,42.96
31/10/2024 01:00:00 - 31/10/2024 02:00:00,SCA|NO2,mFRR,Not Specified,Not Specified,MARGINAL,42.53,42.53
31/10/2024 02:00:00 - 31/10/2024 03:00:00,SCA|NO2,mFRR,Not Specified,Not Specified,MARGINAL,42.16,21.0
31/10/2024 03:00:00 - 31/10/2024 04:00:00,SCA|NO2,mFRR,Not Specified,Not Specified,MARGINAL,39.99,3.0
31/10/2024 04:00:00 - 31/10/2024 05:00:00,SCA|NO2,mFRR,Not Specified,Not Specified,MARGINAL,39.86,3.0
31/10/2024 05:00:00 - 31/10/2024 06:00:00,SCA|NO2,mFRR,Not Specified,Not Specified,MARGINAL,39.08,13.27
31/10/2024 06:00:00 - 31/10/2024 07:00:00,SCA|NO2,mFRR,Not Specified,Not Specified,MARGINAL,40.86,10.0
31/10/2024 07:00:00 - 31/10/2024 08:00:00,SCA|NO2,mFRR,Not Specified,Not Specified,MARGINAL,44.35,19.0
31/10/2024 08:00:00 - 31/10/2024 09:00:00,SCA|NO2,mFRR,Not Specified,Not Specified,MARGINAL,42.93,15.0
31/10/2024 09:00:00 - 31/10/2024 10:00:00,SCA|NO2,mFRR,Not Specified,Not Specified,MARGINAL,35.82,20.0
31/10/2024 10:00:00 - 31/10/2024 11:00:00,SCA|NO2,mFRR,Not Specified,Not Specified,MARGINAL,32.82,32.82
31/10/2024 11:00:00 - 31/10/2024 12:00:00,SCA|NO2,mFRR,Not Specified,Not Specified,MARGINAL,26.51,26.51
31/10/2024 12:00:00 - 31/10/2024 13:00:00,SCA|NO2,mFRR,Not Specified,Not Specified,MARGINAL,20.14,18.43
31/10/2024 13:00:00 - 31/10/2024 14:00:00,SCA|NO2,mFRR,Not Specified,Not Specified,MARGINAL,18.17,17.09
31/10/2024 14:00:00 - 31/10/2024 15:00:00,SCA|NO2,mFRR,Not Specified,Not Specified,MARGINAL,17.01,17.01
31/10/2024 15:00:00 - 31/10/2024 16:00:00,SCA|NO2,mFRR,Not Specified,Not Specified,MARGINAL,16.6,16.6
31/10/2024 16:00:00 - 31/10/2024 17:00:00,SCA|NO2,mFRR,Not Specified,Not Specified,MARGINAL,16.75,16.75
31/10/2024 17:00:00 - 31/10/2024 18:00:00,SCA|NO2,mFRR,Not Specified,Not Specified,MARGINAL,19.44,19.44
31/10/2024 18:00:00 - 31/10/2024 19:00:00,SCA|NO2,mFRR,Not Specified,Not Specified,MARGINAL,16.96,16.96
31/10/2024 19:00:00 - 31/10/2024 20:00:00,SCA|NO2,mFRR,Not Specified,Not Specified,MARGINAL,15.67,7.0
31/10/2024 20:00:00 - 31/10/2024 21:00:00,SCA|NO2,mFRR,Not Specified,Not Specified,MARGINAL,13.18,13.18
31/10/2024 21:00:00 - 31/10/2024 22:00:00,SCA|NO2,mFRR,Not Specified,Not Specified,MARGINAL,9.25,9.25
31/10/2024 22:00:00 - 31/10/2024 23:00:00,SCA|NO2,mFRR,Not Specified,Not Specified,MARGINAL,7.41,7.41
31/10/2024 23:00:00 - 01/11/2024 00:00:00,SCA|NO2,mFRR,Not Specified,Not Specified,MARGINAL,5.86,5.86
01/11/2024 00:00:00 - 01/11/2024 01:00:00,SCA|NO2,mFRR,Not Specified,Not Specified,MARGINAL,1.71,1.71
01/11/2024 01:00:00 - 01/11/2024 02:00:00,SCA|NO2,mFRR,Not Specified,Not Specified,MARGINAL,2.21,-0.97
01/11/2024 02:00:00 - 01/11/2024 03:00:00,SCA|NO2,mFRR,Not Specified,Not Specified,MARGINAL,1.78,-0.97
01/11/2024 03:00:00 - 01/11/2024 04:00:00,SCA|NO2,mFRR,Not Specified,Not Specified,MARGINAL,1.59,-0.98
01/11/2024 04:00:00 - 01/11/2024 05:00:00,SCA|NO2,mFRR,Not Specified,Not Specified,MARGINAL,3.5,1.54
01/11/2024 05:00:00 - 01/11/2024 06:00:00,SCA|NO2,mFRR,Not Specified,Not Specified,MARGINAL,1.73,1.73
01/11/2024 06:00:00 - 01/11/2024 07:00:00,SCA|NO2,mFRR,Not Specified,Not Specified,MARGINAL,3.5,3.27
01/11/2024 07:00:00 - 01/11/2024 08:00:00,SCA|NO2,mFRR,Not Specified,Not Specified,MARGINAL,4.0,0.0
01/11/2024 08:00:00 - 01/11/2024 09:00:00,SCA|NO2,mFRR,Not Specified,Not Specified,MARGINAL,4.36,-2.0
01/11/2024 09:00:00 - 01/11/2024 10:00:00,SCA|NO2,mFRR,Not Specified,Not Specified,MARGINAL,3.32,-2.0
01/11/2024 10:00:00 - 01/11/2024 11:00:00,SCA|NO2,mFRR,Not Specified,Not Specified,MARGINAL,3.24,-2.0
01/11/2024 11:00:00 - 01/11/2024 12:00:00,SCA|NO2,mFRR,Not Specified,Not Specified,MARGINAL,3.18,-1.5
01/11/2024 12:00:00 - 01/11/2024 13:00:00,SCA|NO2,mFRR,Not Specified,Not Specified,MARGINAL,3.21,0.0
01/11/2024 13:00:00 - 01/11/2024 14:00:00,SCA|NO2,mFRR,Not Specified,Not Specified,MARGINAL,3.22,0.0
01/11/2024 14:00:00 - 01/11/2024 15:00:00,SCA|NO2,mFRR,Not Specified,Not Specified,MARGINAL,3.23,0.0
01/11/2024 15:00:00 - 01/11/2024 16:00:00,SCA|NO2,mFRR,Not Specified,Not Specified,MARGINAL,3.25,0.0
01/11/2024 16:00:00 - 01/11/2024 17:00:00,SCA|NO2,mFRR,Not Specified,Not Specified,MARGINAL,12.0,10.0
01/11/2024 17:00:00 - 01/11/2024 18:00:00,SCA|NO2,mFRR,Not Specified,Not Specified,MARGINAL,18.0,13.83
01/11/2024 18:00:00 - 01/11/2024 19:00:00,SCA|NO2,mFRR,Not Specified,Not Specified,MARGINAL,20.01,20.01
01/11/2024 19:00:00 - 01/11/2024 20:00:00,SCA|NO2,mFRR,Not Specified,Not Specified,MARGINAL,13.23,13.23
01/11/2024 20:00:00 - 01/11/2024 21:00:00,SCA|NO2,mFRR,Not Specified,Not Specified,MARGINAL,14.64,14.64
01/11/2024 21:00:00 - 01/11/2024 22:00:00,SCA|NO2,mFRR,Not Specified,Not Specified,MARGINAL,14.83,14.83
01/11/2024 22:00:00 - 01/11/2024 23:00:00,SCA|NO2,mFRR,Not Specified,Not Specified,MARGINAL,19.4,19.4
01/11/2024 23:00:00 - 02/11/2024 00:00:00,SCA|NO2,mFRR,Not Specified,Not Specified,MARGINAL,23.81,23.81
02/11/2024 00:00:00 - 02/11/2024 01:00:00,SCA|NO2,mFRR,Not Specified,Not Specified,MARGINAL,39.09,39.09
02/11/2024 01:00:00 - 02/11/2024 02:00:00,SCA|NO2,mFRR,Not Specified,Not Specified,MARGINAL,39.97,39.97
02/11/2024 02:00:00 - 02/11/2024 03:00:00,SCA|NO2,mFRR,Not Specified,Not Specified,MARGINAL,38.79,38.79
02/11/2024 03:00:00 - 02/11/2024 04:00:00,SCA|NO2,mFRR,Not Specified,Not Specified,MARGINAL,38.71,38.71
02/11/2024 04:00:00 - 02/11/2024 05:00:00,SCA|NO2,mFRR,Not Specified,Not Specified,MARGINAL,34.93,34.93
02/11/2024 05:00:00 - 02/11/2024 06:00:00,SCA|NO2,mFRR,Not Specified,Not Specified,MARGINAL,35.51,35.51
02/11/2024 06:00:00 - 02/11/2024 07:00:00,SCA|NO2,mFRR,Not Specified,Not Specified,MARGINAL,38.12,38.12
02/11/2024 07:00:00 - 02/11/2024 08:00:00,SCA|NO2,mFRR,Not Specified,Not Specified,MARGINAL,39.29,39.29
02/11/2024 08:00:00 - 02/11/2024 09:00:00,SCA|NO2,mFRR,Not Specified,Not Specified,MARGINAL,39.39,39.39
02/11/2024 09:00:00 - 02/11/2024 10:00:00,SCA|NO2,mFRR,Not Specified,Not Specified,MARGINAL,39.94,39.94
02/11/2024 10:00:00 - 02/11/2024 11:00:00,SCA|NO2,mFRR,Not Specified,Not Specified,MARGINAL,40.15,40.15
02/11/2024 11:00:00 - 02/11/2024 12:00:00,SCA|NO2,mFRR,Not Specified,Not Specified,MARGINAL,39.91,39.91
02/11/2024 12:00:00 - 02/11/2024 13:00:00,SCA|NO2,mFRR,Not Specified,Not Specified,MARGINAL,40.82,40.82
02/11/2024 13:00:00 - 02/11/2024 14:00:00,SCA|NO2,mFRR,Not Specified,Not Specified,MARGINAL,42.48,42.48
02/11/2024 14:00:00 - 02/11/2024 15:00:00,SCA|NO2,mFRR,Not Specified,Not Specified,MARGINAL,44.93,44.93
02/11/2024 15:00:00 - 02/11/2024 16:00:00,SCA|NO2,mFRR,Not Specified,Not Specified,MARGINAL,49.8,49.8
02/11/2024 16:00:00 - 02/11/2024 17:00:00,SCA|NO2,mFRR,Not Specified,Not Specified,MARGINAL,75.03,75.03
02/11/2024 17:00:00 - 02/11/2024 18:00:00,SCA|NO2,mFRR,Not Specified,Not Specified,MARGINAL,65.28,65.28
02/11/2024 18:00:00 - 02/11/2024 19:00:00,SCA|NO2,mFRR,Not Specified,Not Specified,MARGINAL,54.96,54.96
02/11/2024 19:00:00 - 02/11/2024 20:00:00,SCA|NO2,mFRR,Not Specified,Not Specified,MARGINAL,48.58,34.5
02/11/2024 20:00:00 - 02/11/2024 21:00:00,SCA|NO2,mFRR,Not Specified,Not Specified,MARGINAL,45.78,34.5
02/11/2024 21:00:00 - 02/11/2024 22:00:00,SCA|NO2,mFRR,Not Specified,Not Specified,MARGINAL,43.8,43.8
02/11/2024 22:00:00 - 02/11/2024 23:00:00,SCA|NO2,mFRR,Not Specified,Not Specified,MARGINAL,41.51,41.51
02/11/2024 23:00:00 - 03/11/2024 00:00:00,SCA|NO2,mFRR,Not Specified,Not Specified,,,
03/11/2024 00:00:00 - 03/11/2024 01:00:00,SCA|NO2,mFRR,Not Specified,Not Specified,MARGINAL,40.74,40.74
03/11/2024 01:00:00 - 03/11/2024 02:00:00,SCA|NO2,mFRR,Not Specified,Not Specified,MARGINAL,40.06,40.06
03/11/2024 02:00:00 - 03/11/2024 03:00:00,SCA|NO2,mFRR,Not Specified,Not Specified,MARGINAL,38.18,38.18
03/11/2024 03:00:00 - 03/11/2024 04:00:00,SCA|NO2,mFRR,Not Specified,Not Specified,MARGINAL,39.6,39.6
03/11/2024 04:00:00 - 03/11/2024 05:00:00,SCA|NO2,mFRR,Not Specified,Not Specified,MARGINAL,38.13,38.13
03/11/2024 05:00:00 - 03/11/2024 06:00:00,SCA|NO2,mFRR,Not Specified,Not Specified,MARGINAL,38.2,20.0
03/11/2024 06:00:00 - 03/11/2024 07:00:00,SCA|NO2,mFRR,Not Specified,Not Specified,MARGINAL,38.1,20.0
03/11/2024 07:00:00 - 03/11/2024 08:00:00,SCA|NO2,mFRR,Not Specified,Not Specified,MARGINAL,32.46,32.46
03/11/2024 08:00:00 - 03/11/2024 09:00:00,SCA|NO2,mFRR,Not Specified,Not Specified,MARGINAL,32.04,32.04
03/11/2024 09:00:00 - 03/11/2024 10:00:00,SCA|NO2,mFRR,Not Specified,Not Specified,MARGINAL,32.71,32.71
03/11/2024 10:00:00 - 03/11/2024 11:00:00,SCA|NO2,mFRR,Not Specified,Not Specified,MARGINAL,32.43,32.43
03/11/2024 11:00:00 - 03/11/2024 12:00:00,SCA|NO2,mFRR,Not Specified,Not Specified,MARGINAL,30.82,21.0
03/11/2024 12:00:00 - 03/11/2024 13:00:00,SCA|NO2,mFRR,Not Specified,Not Specified,MARGINAL,30.45,22.0
03/11/2024 13:00:00 - 03/11/2024 14:00:00,SCA|NO2,mFRR,Not Specified,Not Specified,MARGINAL,47.5,32.2
03/11/2024 14:00:00 - 03/11/2024 15:00:00,SCA|NO2,mFRR,Not Specified,Not Specified,MARGINAL,47.5,39.74
03/11/2024 15:00:00 - 03/11/2024 16:00:00,SCA|NO2,mFRR,Not Specified,Not Specified,MARGINAL,40.7,40.7
03/11/2024 16:00:00 - 03/11/2024 17:00:00,SCA|NO2,mFRR,Not Specified,Not Specified,MARGINAL,41.19,41.19
03/11/2024 17:00:00 - 03/11/2024 18:00:00,SCA|NO2,mFRR,Not Specified,Not Specified,MARGINAL,41.35,41.35
03/11/2024 18:00:00 - 03/11/2024 19:00:00,SCA|NO2,mFRR,Not Specified,Not Specified,MARGINAL,40.5,40.5
03/11/2024 19:00:00 - 03/11/2024 20:00:00,SCA|NO2,mFRR,Not Specified,Not Specified,MARGINAL,40.11,40.11
03/11/2024 20:00:00 - 03/11/2024 21:00:00,SCA|NO2,mFRR,Not Specified,Not Specified,MARGINAL,40.21,34.0
03/11/2024 21:00:00 - 03/11/2024 22:00:00,SCA|NO2,mFRR,Not Specified,Not Specified,MARGINAL,39.99,29.63
03/11/2024 22:00:00 - 03/11/2024 23:00:00,SCA|NO2,mFRR,Not Specified,Not Specified,MARGINAL,38.17,38.17
03/11/2024 23:00:00 - 04/11/2024 00:00:00,SCA|NO2,mFRR,Not Specified,Not Specified,MARGINAL,39.98,39.98
04/11/2024 00:00:00 - 04/11/2024 01:00:00,SCA|NO2,mFRR,Not Specified,Not Specified,MARGINAL,48.0,40.19
04/11/2024 01:00:00 - 04/11/2024 02:00:00,SCA|NO2,mFRR,Not Specified,Not Specified,MARGINAL,40.2,40.2
04/11/2024 02:00:00 - 04/11/2024 03:00:00,SCA|NO2,mFRR,Not Specified,Not Specified,MARGINAL,40.43,25.0
04/11/2024 03:00:00 - 04/11/2024 04:00:00,SCA|NO2,mFRR,Not Specified,Not Specified,MARGINAL,40.48,22.5
04/11/2024 04:00:00 - 04/11/2024 05:00:00,SCA|NO2,mFRR,Not Specified,Not Specified,MARGINAL,41.14,22.5
04/11/2024 05:00:00 - 04/11/2024 06:00:00,SCA|NO2,mFRR,Not Specified,Not Specified,MARGINAL,42.97,35.5
04/11/2024 06:00:00 - 04/11/2024 07:00:00,SCA|NO2,mFRR,Not Specified,Not Specified,MARGINAL,49.42,33.5
04/11/2024 07:00:00 - 04/11/2024 08:00:00,SCA|NO2,mFRR,Not Specified,Not Specified,MARGINAL,144.0,142.81
04/11/2024 08:00:00 - 04/11/2024 09:00:00,SCA|NO2,mFRR,Not Specified,Not Specified,MARGINAL,142.0,105.2
04/11/2024 09:00:00 - 04/11/2024 10:00:00,SCA|NO2,mFRR,Not Specified,Not Specified,MARGINAL,121.99,121.99
04/11/2024 10:00:00 - 04/11/2024 11:00:00,SCA|NO2,mFRR,Not Specified,Not Specified,MARGINAL,52.72,52.72
04/11/2024 11:00:00 - 04/11/2024 12:00:00,SCA|NO2,mFRR,Not Specified,Not Specified,MARGINAL,47.43,47.43
04/11/2024 12:00:00 - 04/11/2024 13:00:00,SCA|NO2,mFRR,Not Specified,Not Specified,MARGINAL,46.02,46.02
04/11/2024 13:00:00 - 04/11/2024 14:00:00,SCA|NO2,mFRR,Not Specified,Not Specified,MARGINAL,55.0,44.99
04/11/2024 14:00:00 - 04/11/2024 15:00:00,SCA|NO2,mFRR,Not Specified,Not Specified,MARGINAL,50.5,45.57
04/11/2024 15:00:00 - 04/11/2024 16:00:00,SCA|NO2,mFRR,Not Specified,Not Specified,MARGINAL,50.5,46.63
04/11/2024 16:00:00 - 04/11/2024 17:00:00,SCA|NO2,mFRR,Not Specified,Not Specified,MARGINAL,59.5,59.5
04/11/2024 17:00:00 - 04/11/2024 18:00:00,SCA|NO2,mFRR,Not Specified,Not Specified,MARGINAL,107.36,107.36
04/11/2024 18:00:00 - 04/11/2024 19:00:00,SCA|NO2,mFRR,Not Specified,Not Specified,MARGINAL,87.36,87.36
04/11/2024 19:00:00 - 04/11/2024 20:00:00,SCA|NO2,mFRR,Not Specified,Not Specified,MARGINAL,144.59,144.59
04/11/2024 20:00:00 - 04/11/2024 21:00:00,SCA|NO2,mFRR,Not Specified,Not Specified,MARGINAL,82.0,82.0
04/11/2024 21:00:00 - 04/11/2024 22:00:00,SCA|NO2,mFRR,Not Specified,Not Specified,MARGINAL,53.56,53.56
04/11/2024 22:00:00 - 04/11/2024 23:00:00,SCA|NO2,mFRR,Not Specified,Not Specified,MARGINAL,48.93,48.93
04/11/2024 23:00:00 - 05/11/2024 00:00:00,SCA|NO2,mFRR,Not Specified,Not Specified,MARGINAL,45.57,45.57
05/11/2024 00:00:00 - 05/11/2024 01:00:00,SCA|NO2,mFRR,Not Specified,Not Specified,MARGINAL,41.03,41.03
05/11/2024 01:00:00 - 05/11/2024 02:00:00,SCA|NO2,mFRR,Not Specified,Not Specified,MARGINAL,40.77,40.77
05/11/2024 02:00:00 - 05/11/2024 03:00:00,SCA|NO2,mFRR,Not Specified,Not Specified,MARGINAL,40.77,40.77
05/11/2024 03:00:00 - 05/11/2024 04:00:00,SCA|NO2,mFRR,Not Specified,Not Specified,MARGINAL,40.65,40.65
05/11/2024 04:00:00 - 05/11/2024 05:00:00,SCA|NO2,mFRR,Not Specified,Not Specified,MARGINAL,40.73,40.73
05/11/2024 05:00:00 - 05/11/2024 06:00:00,SCA|NO2,mFRR,Not Specified,Not Specified,MARGINAL,40.87,40.87
05/11/2024 06:00:00 - 05/11/2024 07:00:00,SCA|NO2,mFRR,Not Specified,Not Specified,MARGINAL,42.0,42.0
05/11/2024 07:00:00 - 05/11/2024 08:00:00,SCA|NO2,mFRR,Not Specified,Not Specified,MARGINAL,48.86,48.86
05/11/2024 08:00:00 - 05/11/2024 09:00:00,SCA|NO2,mFRR,Not Specified,Not Specified,MARGINAL,48.9,48.0
05/11/2024 09:00:00 - 05/11/2024 10:00:00,SCA|NO2,mFRR,Not Specified,Not Specified,MARGINAL,49.92,49.92
05/11/2024 10:00:00 - 05/11/2024 11:00:00,SCA|NO2,mFRR,Not Specified,Not Specified,MARGINAL,48.0,45.16
05/11/2024 11:00:00 - 05/11/2024 12:00:00,SCA|NO2,mFRR,Not Specified,Not Specified,MARGINAL,50.0,43.51
05/11/2024 12:00:00 - 05/11/2024 13:00:00,SCA|NO2,mFRR,Not Specified,Not Specified,MARGINAL,48.5,42.52
05/11/2024 13:00:00 - 05/11/2024 14:00:00,SCA|NO2,mFRR,Not Specified,Not Specified,MARGINAL,51.0,43.34
05/11/2024 14:00:00 - 05/11/2024 15:00:00,SCA|NO2,mFRR,Not Specified,Not Specified,MARGINAL,51.0,43.29
05/11/2024 15:00:00 - 05/11/2024 16:00:00,SCA|NO2,mFRR,Not Specified,Not Specified,MARGINAL,51.0,42.58
05/11/2024 16:00:00 - 05/11/2024 17:00:00,SCA|NO2,mFRR,Not Specified,Not Specified,MARGINAL,51.0,44.31
05/11/2024 17:00:00 - 05/11/2024 18:00:00,SCA|NO2,mFRR,Not Specified,Not Specified,MARGINAL,52.0,45.48
05/11/2024 18:00:00 - 05/11/2024 19:00:00,SCA|NO2,mFRR,Not Specified,Not Specified,MARGINAL,47.0,46.98
05/11/2024 19:00:00 - 05/11/2024 20:00:00,SCA|NO2,mFRR,Not Specified,Not Specified,MARGINAL,44.9,44.9
05/11/2024 20:00:00 - 05/11/2024 21:00:00,SCA|NO2,mFRR,Not Specified,Not Specified,MARGINAL,46.66,46.66
05/11/2024 21:00:00 - 05/11/2024 22:00:00,SCA|NO2,mFRR,Not Specified,Not Specified,,,
05/11/2024 22:00:00 - 05/11/2024 23:00:00,SCA|NO2,mFRR,Not Specified,Not Specified,MARGINAL,43.35,43.35
05/11/2024 23:00:00 - 06/11/2024 00:00:00,SCA|NO2,mFRR,Not Specified,Not Specified,MARGINAL,41.33,41.33
06/11/2024 00:00:00 - 06/11/2024 01:00:00,SCA|NO2,mFRR,Not Specified,Not Specified,MARGINAL,42.0,41.23
06/11/2024 01:00:00 - 06/11/2024 02:00:00,SCA|NO2,mFRR,Not Specified,Not Specified,MARGINAL,42.0,41.03
06/11/2024 02:00:00 - 06/11/2024 03:00:00,SCA|NO2,mFRR,Not Specified,Not Specified,MARGINAL,42.0,40.87
06/11/2024 03:00:00 - 06/11/2024 04:00:00,SCA|NO2,mFRR,Not Specified,Not Specified,MARGINAL,42.0,40.84
06/11/2024 04:00:00 - 06/11/2024 05:00:00,SCA|NO2,mFRR,Not Specified,Not Specified,MARGINAL,42.0,40.84
06/11/2024 05:00:00 - 06/11/2024 06:00:00,SCA|NO2,mFRR,Not Specified,Not Specified,MARGINAL,41.09,41.09
06/11/2024 06:00:00 - 06/11/2024 07:00:00,SCA|NO2,mFRR,Not Specified,Not Specified,MARGINAL,41.64,41.64
06/11/2024 07:00:00 - 06/11/2024 08:00:00,SCA|NO2,mFRR,Not Specified,Not Specified,MARGINAL,43.56,43.56
06/11/2024 08:00:00 - 06/11/2024 09:00:00,SCA|NO2,mFRR,Not Specified,Not Specified,MARGINAL,44.88,44.88
06/11/2024 09:00:00 - 06/11/2024 10:00:00,SCA|NO2,mFRR,Not Specified,Not Specified,MARGINAL,42.61,42.61
06/11/2024 10:00:00 - 06/11/2024 11:00:00,SCA|NO2,mFRR,Not Specified,Not Specified,MARGINAL,42.09,42.09
06/11/2024 11:00:00 - 06/11/2024 12:00:00,SCA|NO2,mFRR,Not Specified,Not Specified,MARGINAL,50.5,41.66
06/11/2024 12:00:00 - 06/11/2024 13:00:00,SCA|NO2,mFRR,Not Specified,Not Specified,MARGINAL,50.0,41.54
06/11/2024 13:00:00 - 06/11/2024 14:00:00,SCA|NO2,mFRR,Not Specified,Not Specified,MARGINAL,46.0,41.67
06/11/2024 14:00:00 - 06/11/2024 15:00:00,SCA|NO2,mFRR,Not Specified,Not Specified,MARGINAL,46.0,41.51
06/11/2024 15:00:00 - 06/11/2024 16:00:00,SCA|NO2,mFRR,Not Specified,Not Specified,MARGINAL,47.0,41.62
06/11/2024 16:00:00 - 06/11/2024 17:00:00,SCA|NO2,mFRR,Not Specified,Not Specified,MARGINAL,46.0,42.02
06/11/2024 17:00:00 - 06/11/2024 18:00:00,SCA|NO2,mFRR,Not Specified,Not Specified,MARGINAL,46.0,42.56
06/11/2024 18:00:00 - 06/11/2024 19:00:00,SCA|NO2,mFRR,Not Specified,Not Specified,MARGINAL,45.0,41.89
06/11/2024 19:00:00 - 06/11/2024 20:00:00,SCA|NO2,mFRR,Not Specified,Not Specified,MARGINAL,45.0,43.5
06/11/2024 20:00:00 - 06/11/2024 21:00:00,SCA|NO2,mFRR,Not Specified,Not Specified,MARGINAL,43.23,43.23
06/11/2024 21:00:00 - 06/11/2024 22:00:00,SCA|NO2,mFRR,Not Specified,Not Specified,MARGINAL,44.0,42.03
06/11/2024 22:00:00 - 06/11/2024 23:00:00,SCA|NO2,mFRR,Not Specified,Not Specified,MARGINAL,42.0,41.65
06/11/2024 23:00:00 - 07/11/2024 00:00:00,SCA|NO2,mFRR,Not Specified,Not Specified,MARGINAL,41.15,41.15
07/11/2024 00:00:00 - 07/11/2024 01:00:00,SCA|NO2,mFRR,Not Specified,Not Specified,MARGINAL,44.0,40.01
07/11/2024 01:00:00 - 07/11/2024 02:00:00,SCA|NO2,mFRR,Not Specified,Not Specified,MARGINAL,44.0,38.86
07/11/2024 02:00:00 - 07/11/2024 03:00:00,SCA|NO2,mFRR,Not Specified,Not Specified,MARGINAL,42.0,38.62
07/11/2024 03:00:00 - 07/11/2024 04:00:00,SCA|NO2,mFRR,Not Specified,Not Specified,MARGINAL,40.0,38.64
07/11/2024 04:00:00 - 07/11/2024 05:00:00,SCA|NO2,mFRR,Not Specified,Not Specified,MARGINAL,40.0,38.88
07/11/2024 05:00:00 - 07/11/2024 06:00:00,SCA|NO2,mFRR,Not Specified,Not Specified,MARGINAL,39.65,39.65
07/11/2024 06:00:00 - 07/11/2024 07:00:00,SCA|NO2,mFRR,Not Specified,Not Specified,MARGINAL,42.81,42.81
07/11/2024 07:00:00 - 07/11/2024 08:00:00,SCA|NO2,mFRR,Not Specified,Not Specified,MARGINAL,48.43,48.43
07/11/2024 08:00:00 - 07/11/2024 09:00:00,SCA|NO2,mFRR,Not Specified,Not Specified,MARGINAL,54.0,53.23
07/11/2024 09:00:00 - 07/11/2024 10:00:00,SCA|NO2,mFRR,Not Specified,Not Specified,MARGINAL,50.0,46.7
07/11/2024 10:00:00 - 07/11/2024 11:00:00,SCA|NO2,mFRR,Not Specified,Not Specified,MARGINAL,50.0,42.94
07/11/2024 11:00:00 - 07/11/2024 12:00:00,SCA|NO2,mFRR,Not Specified,Not Specified,MARGINAL,45.0,41.92
07/11/2024 12:00:00 - 07/11/2024 13:00:00,SCA|NO2,mFRR,Not Specified,Not Specified,MARGINAL,45.0,41.17
07/11/2024 13:00:00 - 07/11/2024 14:00:00,SCA|NO2,mFRR,Not Specified,Not Specified,MARGINAL,45.0,40.5
07/11/2024 14:00:00 - 07/11/2024 15:00:00,SCA|NO2,mFRR,Not Specified,Not Specified,MARGINAL,53.0,40.82
07/11/2024 15:00:00 - 07/11/2024 16:00:00,SCA|NO2,mFRR,Not Specified,Not Specified,MARGINAL,55.0,41.9
07/11/2024 16:00:00 - 07/11/2024 17:00:00,SCA|NO2,mFRR,Not Specified,Not Specified,MARGINAL,57.0,42.69
07/11/2024 17:00:00 - 07/11/2024 18:00:00,SCA|NO2,mFRR,Not Specified,Not Specified,MARGINAL,70.0,43.22
07/11/2024 18:00:00 - 07/11/2024 19:00:00,SCA|NO2,mFRR,Not Specified,Not Specified,MARGINAL,46.0,44.0
07/11/2024 19:00:00 - 07/11/2024 20:00:00,SCA|NO2,mFRR,Not Specified,Not Specified,MARGINAL,45.0,44.91
07/11/2024 20:00:00 - 07/11/2024 21:00:00,SCA|NO2,mFRR,Not Specified,Not Specified,MARGINAL,45.0,43.91
07/11/2024 21:00:00 - 07/11/2024 22:00:00,SCA|NO2,mFRR,Not Specified,Not Specified,MARGINAL,43.0,42.9
07/11/2024 22:00:00 - 07/11/2024 23:00:00,SCA|NO2,mFRR,Not Specified,Not Specified,MARGINAL,43.0,41.54
07/11/2024 23:00:00 - 08/11/2024 00:00:00,SCA|NO2,mFRR,Not Specified,Not Specified,MARGINAL,40.0,39.79
08/11/2024 00:00:00 - 08/11/2024 01:00:00,SCA|NO2,mFRR,Not Specified,Not Specified,MARGINAL,38.92,38.92
08/11/2024 01:00:00 - 08/11/2024 02:00:00,SCA|NO2,mFRR,Not Specified,Not Specified,MARGINAL,38.54,38.54
08/11/2024 02:00:00 - 08/11/2024 03:00:00,SCA|NO2,mFRR,Not Specified,Not Specified,MARGINAL,38.26,38.26
08/11/2024 03:00:00 - 08/11/2024 04:00:00,SCA|NO2,mFRR,Not Specified,Not Specified,MARGINAL,38.67,38.67
08/11/2024 04:00:00 - 08/11/2024 05:00:00,SCA|NO2,mFRR,Not Specified,Not Specified,MARGINAL,38.31,38.31
08/11/2024 05:00:00 - 08/11/2024 06:00:00,SCA|NO2,mFRR,Not Specified,Not Specified,MARGINAL,38.9,38.9
08/11/2024 06:00:00 - 08/11/2024 07:00:00,SCA|NO2,mFRR,Not Specified,Not Specified,MARGINAL,40.21,40.21
08/11/2024 07:00:00 - 08/11/2024 08:00:00,SCA|NO2,mFRR,Not Specified,Not Specified,MARGINAL,46.0,44.98
08/11/2024 08:00:00 - 08/11/2024 09:00:00,SCA|NO2,mFRR,Not Specified,Not Specified,MARGINAL,48.27,48.27
08/11/2024 09:00:00 - 08/11/2024 10:00:00,SCA|NO2,mFRR,Not Specified,Not Specified,MARGINAL,48.0,45.96
08/11/2024 10:00:00 - 08/11/2024 11:00:00,SCA|NO2,mFRR,Not Specified,Not Specified,MARGINAL,47.0,45.0
08/11/2024 11:00:00 - 08/11/2024 12:00:00,SCA|NO2,mFRR,Not Specified,Not Specified,MARGINAL,45.0,43.75
08/11/2024 12:00:00 - 08/11/2024 13:00:00,SCA|NO2,mFRR,Not Specified,Not Specified,MARGINAL,45.0,41.44
08/11/2024 13:00:00 - 08/11/2024 14:00:00,SCA|NO2,mFRR,Not Specified,Not Specified,MARGINAL,40.86,40.86
08/11/2024 14:00:00 - 08/11/2024 15:00:00,SCA|NO2,mFRR,Not Specified,Not Specified,MARGINAL,39.89,39.89
08/11/2024 15:00:00 - 08/11/2024 16:00:00,SCA|NO2,mFRR,Not Specified,Not Specified,MARGINAL,46.0,38.81
08/11/2024 16:00:00 - 08/11/2024 17:00:00,SCA|NO2,mFRR,Not Specified,Not Specified,MARGINAL,46.0,39.99
08/11/2024 17:00:00 - 08/11/2024 18:00:00,SCA|NO2,mFRR,Not Specified,Not Specified,MARGINAL,41.15,41.15
08/11/2024 18:00:00 - 08/11/2024 19:00:00,SCA|NO2,mFRR,Not Specified,Not Specified,MARGINAL,48.0,41.31
08/11/2024 19:00:00 - 08/11/2024 20:00:00,SCA|NO2,mFRR,Not Specified,Not Specified,MARGINAL,45.5,41.76
08/11/2024 20:00:00 - 08/11/2024 21:00:00,SCA|NO2,mFRR,Not Specified,Not Specified,MARGINAL,40.13,40.13
08/11/2024 21:00:00 - 08/11/2024 22:00:00,SCA|NO2,mFRR,Not Specified,Not Specified,MARGINAL,44.0,38.84
08/11/2024 22:00:00 - 08/11/2024 23:00:00,SCA|NO2,mFRR,Not Specified,Not Specified,MARGINAL,44.0,38.91
08/11/2024 23:00:00 - 09/11/2024 00:00:00,SCA|NO2,mFRR,Not Specified,Not Specified,MARGINAL,44.0,37.85
09/11/2024 00:00:00 - 09/11/2024 01:00:00,SCA|NO2,mFRR,Not Specified,Not Specified,MARGINAL,43.25,43.25
09/11/2024 01:00:00 - 09/11/2024 02:00:00,SCA|NO2,mFRR,Not Specified,Not Specified,MARGINAL,42.54,42.54
09/11/2024 02:00:00 - 09/11/2024 03:00:00,SCA|NO2,mFRR,Not Specified,Not Specified,MARGINAL,42.75,42.75
09/11/2024 03:00:00 - 09/11/2024 04:00:00,SCA|NO2,mFRR,Not Specified,Not Specified,MARGINAL,41.8,41.8
09/11/2024 04:00:00 - 09/11/2024 05:00:00,SCA|NO2,mFRR,Not Specified,Not Specified,MARGINAL,42.68,42.68
09/11/2024 05:00:00 - 09/11/2024 06:00:00,SCA|NO2,mFRR,Not Specified,Not Specified,MARGINAL,40.91,40.91
09/11/2024 06:00:00 - 09/11/2024 07:00:00,SCA|NO2,mFRR,Not Specified,Not Specified,MARGINAL,44.83,44.83
09/11/2024 07:00:00 - 09/11/2024 08:00:00,SCA|NO2,mFRR,Not Specified,Not Specified,MARGINAL,43.31,43.31
09/11/2024 08:00:00 - 09/11/2024 09:00:00,SCA|NO2,mFRR,Not Specified,Not Specified,MARGINAL,44.99,44.99
09/11/2024 09:00:00 - 09/11/2024 10:00:00,SCA|NO2,mFRR,Not Specified,Not Specified,MARGINAL,45.71,45.71
09/11/2024 10:00:00 - 09/11/2024 11:00:00,SCA|NO2,mFRR,Not Specified,Not Specified,MARGINAL,44.96,44.96
09/11/2024 11:00:00 - 09/11/2024 12:00:00,SCA|NO2,mFRR,Not Specified,Not Specified,MARGINAL,43.08,43.08
09/11/2024 12:00:00 - 09/11/2024 13:00:00,SCA|NO2,mFRR,Not Specified,Not Specified,MARGINAL,55.0,44.91
09/11/2024 13:00:00 - 09/11/2024 14:00:00,SCA|NO2,mFRR,Not Specified,Not Specified,MARGINAL,55.0,44.93
09/11/2024 14:00:00 - 09/11/2024 15:00:00,SCA|NO2,mFRR,Not Specified,Not Specified,MARGINAL,50.0,45.7
09/11/2024 15:00:00 - 09/11/2024 16:00:00,SCA|NO2,mFRR,Not Specified,Not Specified,MARGINAL,50.0,46.92
09/11/2024 16:00:00 - 09/11/2024 17:00:00,SCA|NO2,mFRR,Not Specified,Not Specified,MARGINAL,46.96,46.96
09/11/2024 17:00:00 - 09/11/2024 18:00:00,SCA|NO2,mFRR,Not Specified,Not Specified,MARGINAL,47.94,42.0
09/11/2024 18:00:00 - 09/11/2024 19:00:00,SCA|NO2,mFRR,Not Specified,Not Specified,MARGINAL,47.0,47.0
09/11/2024 19:00:00 - 09/11/2024 20:00:00,SCA|NO2,mFRR,Not Specified,Not Specified,MARGINAL,100.92,100.92
09/11/2024 20:00:00 - 09/11/2024 21:00:00,SCA|NO2,mFRR,Not Specified,Not Specified,MARGINAL,97.88,97.88
09/11/2024 21:00:00 - 09/11/2024 22:00:00,SCA|NO2,mFRR,Not Specified,Not Specified,MARGINAL,97.81,97.81
09/11/2024 22:00:00 - 09/11/2024 23:00:00,SCA|NO2,mFRR,Not Specified,Not Specified,,,
09/11/2024 23:00:00 - 10/11/2024 00:00:00,SCA|NO2,mFRR,Not Specified,Not Specified,MARGINAL,47.35,47.35
10/11/2024 00:00:00 - 10/11/2024 01:00:00,SCA|NO2,mFRR,Not Specified,Not Specified,MARGINAL,43.41,43.41
10/11/2024 01:00:00 - 10/11/2024 02:00:00,SCA|NO2,mFRR,Not Specified,Not Specified,MARGINAL,42.99,42.99
10/11/2024 02:00:00 - 10/11/2024 03:00:00,SCA|NO2,mFRR,Not Specified,Not Specified,MARGINAL,42.53,42.53
10/11/2024 03:00:00 - 10/11/2024 04:00:00,SCA|NO2,mFRR,Not Specified,Not Specified,MARGINAL,42.43,42.43
10/11/2024 04:00:00 - 10/11/2024 05:00:00,SCA|NO2,mFRR,Not Specified,Not Specified,MARGINAL,42.38,42.38
10/11/2024 05:00:00 - 10/11/2024 06:00:00,SCA|NO2,mFRR,Not Specified,Not Specified,MARGINAL,43.69,43.69
10/11/2024 06:00:00 - 10/11/2024 07:00:00,SCA|NO2,mFRR,Not Specified,Not Specified,MARGINAL,44.94,44.94
10/11/2024 07:00:00 - 10/11/2024 08:00:00,SCA|NO2,mFRR,Not Specified,Not Specified,MARGINAL,44.01,44.01
10/11/2024 08:00:00 - 10/11/2024 09:00:00,SCA|NO2,mFRR,Not Specified,Not Specified,MARGINAL,44.07,44.07
10/11/2024 09:00:00 - 10/11/2024 10:00:00,SCA|NO2,mFRR,Not Specified,Not Specified,MARGINAL,45.0,45.0
10/11/2024 10:00:00 - 10/11/2024 11:00:00,SCA|NO2,mFRR,Not Specified,Not Specified,MARGINAL,55.0,45.71
10/11/2024 11:00:00 - 10/11/2024 12:00:00,SCA|NO2,mFRR,Not Specified,Not Specified,MARGINAL,55.0,45.93
10/11/2024 12:00:00 - 10/11/2024 13:00:00,SCA|NO2,mFRR,Not Specified,Not Specified,MARGINAL,50.0,45.95
10/11/2024 13:00:00 - 10/11/2024 14:00:00,SCA|NO2,mFRR,Not Specified,Not Specified,MARGINAL,45.71,45.71
10/11/2024 14:00:00 - 10/11/2024 15:00:00,SCA|NO2,mFRR,Not Specified,Not Specified,MARGINAL,45.45,45.45
10/11/2024 15:00:00 - 10/11/2024 16:00:00,SCA|NO2,mFRR,Not Specified,Not Specified,MARGINAL,45.94,45.94
10/11/2024 16:00:00 - 10/11/2024 17:00:00,SCA|NO2,mFRR,Not Specified,Not Specified,MARGINAL,46.0,46.0
10/11/2024 17:00:00 - 10/11/2024 18:00:00,SCA|NO2,mFRR,Not Specified,Not Specified,MARGINAL,45.98,45.98
10/11/2024 18:00:00 - 10/11/2024 19:00:00,SCA|NO2,mFRR,Not Specified,Not Specified,MARGINAL,55.0,45.94
10/11/2024 19:00:00 - 10/11/2024 20:00:00,SCA|NO2,mFRR,Not Specified,Not Specified,MARGINAL,100.0,50.37
10/11/2024 20:00:00 - 10/11/2024 21:00:00,SCA|NO2,mFRR,Not Specified,Not Specified,MARGINAL,74.0,49.96
10/11/2024 21:00:00 - 10/11/2024 22:00:00,SCA|NO2,mFRR,Not Specified,Not Specified,MARGINAL,49.0,49.0
10/11/2024 22:00:00 - 10/11/2024 23:00:00,SCA|NO2,mFRR,Not Specified,Not Specified,MARGINAL,45.95,45.95
10/11/2024 23:00:00 - 11/11/2024 00:00:00,SCA|NO2,mFRR,Not Specified,Not Specified,MARGINAL,44.99,44.99
11/11/2024 00:00:00 - 11/11/2024 01:00:00,SCA|NO2,mFRR,Not Specified,Not Specified,MARGINAL,43.2,43.2
11/11/2024 01:00:00 - 11/11/2024 02:00:00,SCA|NO2,mFRR,Not Specified,Not Specified,MARGINAL,42.97,42.97
11/11/2024 02:00:00 - 11/11/2024 03:00:00,SCA|NO2,mFRR,Not Specified,Not Specified,MARGINAL,42.77,42.77
11/11/2024 03:00:00 - 11/11/2024 04:00:00,SCA|NO2,mFRR,Not Specified,Not Specified,MARGINAL,42.91,42.91
11/11/2024 04:00:00 - 11/11/2024 05:00:00,SCA|NO2,mFRR,Not Specified,Not Specified,MARGINAL,43.07,43.07
11/11/2024 05:00:00 - 11/11/2024 06:00:00,SCA|NO2,mFRR,Not Specified,Not Specified,MARGINAL,43.63,43.63
11/11/2024 06:00:00 - 11/11/2024 07:00:00,SCA|NO2,mFRR,Not Specified,Not Specified,MARGINAL,49.97,49.97
11/11/2024 07:00:00 - 11/11/2024 08:00:00,SCA|NO2,mFRR,Not Specified,Not Specified,MARGINAL,114.54,114.54
11/11/2024 08:00:00 - 11/11/2024 09:00:00,SCA|NO2,mFRR,Not Specified,Not Specified,MARGINAL,117.99,117.99
11/11/2024 09:00:00 - 11/11/2024 10:00:00,SCA|NO2,mFRR,Not Specified,Not Specified,MARGINAL,57.99,57.99
11/11/2024 10:00:00 - 11/11/2024 11:00:00,SCA|NO2,mFRR,Not Specified,Not Specified,MARGINAL,49.16,49.16
11/11/2024 11:00:00 - 11/11/2024 12:00:00,SCA|NO2,mFRR,Not Specified,Not Specified,MARGINAL,44.64,44.64
11/11/2024 12:00:00 - 11/11/2024 13:00:00,SCA|NO2,mFRR,Not Specified,Not Specified,MARGINAL,46.0,44.95
11/11/2024 13:00:00 - 11/11/2024 14:00:00,SCA|NO2,mFRR,Not Specified,Not Specified,MARGINAL,55.0,43.85
11/11/2024 14:00:00 - 11/11/2024 15:00:00,SCA|NO2,mFRR,Not Specified,Not Specified,MARGINAL,50.0,43.02
11/11/2024 15:00:00 - 11/11/2024 16:00:00,SCA|NO2,mFRR,Not Specified,Not Specified,MARGINAL,51.0,43.63
11/11/2024 16:00:00 - 11/11/2024 17:00:00,SCA|NO2,mFRR,Not Specified,Not Specified,MARGINAL,55.0,44.56
11/11/2024 17:00:00 - 11/11/2024 18:00:00,SCA|NO2,mFRR,Not Specified,Not Specified,MARGINAL,55.0,45.97
11/11/2024 18:00:00 - 11/11/2024 19:00:00,SCA|NO2,mFRR,Not Specified,Not Specified,MARGINAL,48.83,48.83
11/11/2024 19:00:00 - 11/11/2024 20:00:00,SCA|NO2,mFRR,Not Specified,Not Specified,MARGINAL,45.93,45.93
11/11/2024 20:00:00 - 11/11/2024 21:00:00,SCA|NO2,mFRR,Not Specified,Not Specified,MARGINAL,45.13,45.13
11/11/2024 21:00:00 - 11/11/2024 22:00:00,SCA|NO2,mFRR,Not Specified,Not Specified,MARGINAL,45.67,45.67
11/11/2024 22:00:00 - 11/11/2024 23:00:00,SCA|NO2,mFRR,Not Specified,Not Specified,MARGINAL,44.67,44.67
11/11/2024 23:00:00 - 12/11/2024 00:00:00,SCA|NO2,mFRR,Not Specified,Not Specified,MARGINAL,41.67,41.67
12/11/2024 00:00:00 - 12/11/2024 01:00:00,SCA|NO2,mFRR,Not Specified,Not Specified,MARGINAL,42.08,42.08
12/11/2024 01:00:00 - 12/11/2024 02:00:00,SCA|NO2,mFRR,Not Specified,Not Specified,MARGINAL,41.99,41.99
12/11/2024 02:00:00 - 12/11/2024 03:00:00,SCA|NO2,mFRR,Not Specified,Not Specified,MARGINAL,41.95,41.95
12/11/2024 03:00:00 - 12/11/2024 04:00:00,SCA|NO2,mFRR,Not Specified,Not Specified,MARGINAL,41.93,41.93
12/11/2024 04:00:00 - 12/11/2024 05:00:00,SCA|NO2,mFRR,Not Specified,Not Specified,MARGINAL,41.98,36.0
12/11/2024 05:00:00 - 12/11/2024 06:00:00,SCA|NO2,mFRR,Not Specified,Not Specified,MARGINAL,42.95,36.0
12/11/2024 06:00:00 - 12/11/2024 07:00:00,SCA|NO2,mFRR,Not Specified,Not Specified,MARGINAL,49.0,36.0
12/11/2024 07:00:00 - 12/11/2024 08:00:00,SCA|NO2,mFRR,Not Specified,Not Specified,MARGINAL,108.0,106.79
12/11/2024 08:00:00 - 12/11/2024 09:00:00,SCA|NO2,mFRR,Not Specified,Not Specified,MARGINAL,174.0,173.39
12/11/2024 09:00:00 - 12/11/2024 10:00:00,SCA|NO2,mFRR,Not Specified,Not Specified,MARGINAL,147.9,147.9
12/11/2024 10:00:00 - 12/11/2024 11:00:00,SCA|NO2,mFRR,Not Specified,Not Specified,MARGINAL,142.32,139.0
12/11/2024 11:00:00 - 12/11/2024 12:00:00,SCA|NO2,mFRR,Not Specified,Not Specified,MARGINAL,120.83,120.83
12/11/2024 12:00:00 - 12/11/2024 13:00:00,SCA|NO2,mFRR,Not Specified,Not Specified,MARGINAL,101.73,101.73
12/11/2024 13:00:00 - 12/11/2024 14:00:00,SCA|NO2,mFRR,Not Specified,Not Specified,MARGINAL,60.74,60.74
12/11/2024 14:00:00 - 12/11/2024 15:00:00,SCA|NO2,mFRR,Not Specified,Not Specified,MARGINAL,69.82,69.82
12/11/2024 15:00:00 - 12/11/2024 16:00:00,SCA|NO2,mFRR,Not Specified,Not Specified,MARGINAL,60.82,60.82
12/11/2024 16:00:00 - 12/11/2024 17:00:00,SCA|NO2,mFRR,Not Specified,Not Specified,MARGINAL,70.3,70.3
12/11/2024 17:00:00 - 12/11/2024 18:00:00,SCA|NO2,mFRR,Not Specified,Not Specified,MARGINAL,62.91,62.91
12/11/2024 18:00:00 - 12/11/2024 19:00:00,SCA|NO2,mFRR,Not Specified,Not Specified,MARGINAL,66.17,66.17
12/11/2024 19:00:00 - 12/11/2024 20:00:00,SCA|NO2,mFRR,Not Specified,Not Specified,MARGINAL,52.51,52.51
12/11/2024 20:00:00 - 12/11/2024 21:00:00,SCA|NO2,mFRR,Not Specified,Not Specified,MARGINAL,50.0,47.84
12/11/2024 21:00:00 - 12/11/2024 22:00:00,SCA|NO2,mFRR,Not Specified,Not Specified,MARGINAL,51.0,48.91
12/11/2024 22:00:00 - 12/11/2024 23:00:00,SCA|NO2,mFRR,Not Specified,Not Specified,MARGINAL,50.0,47.87
12/11/2024 23:00:00 - 13/11/2024 00:00:00,SCA|NO2,mFRR,Not Specified,Not Specified,MARGINAL,42.36,42.36
13/11/2024 00:00:00 - 13/11/2024 01:00:00,SCA|NO2,mFRR,Not Specified,Not Specified,MARGINAL,41.16,39.0
13/11/2024 01:00:00 - 13/11/2024 02:00:00,SCA|NO2,mFRR,Not Specified,Not Specified,MARGINAL,40.06,40.06
13/11/2024 02:00:00 - 13/11/2024 03:00:00,SCA|NO2,mFRR,Not Specified,Not Specified,MARGINAL,39.96,39.96
13/11/2024 03:00:00 - 13/11/2024 04:00:00,SCA|NO2,mFRR,Not Specified,Not Specified,MARGINAL,39.93,39.93
13/11/2024 04:00:00 - 13/11/2024 05:00:00,SCA|NO2,mFRR,Not Specified,Not Specified,MARGINAL,39.99,39.99
13/11/2024 05:00:00 - 13/11/2024 06:00:00,SCA|NO2,mFRR,Not Specified,Not Specified,MARGINAL,41.07,41.07
13/11/2024 06:00:00 - 13/11/2024 07:00:00,SCA|NO2,mFRR,Not Specified,Not Specified,MARGINAL,46.03,46.03
13/11/2024 07:00:00 - 13/11/2024 08:00:00,SCA|NO2,mFRR,Not Specified,Not Specified,MARGINAL,49.9,49.9
13/11/2024 08:00:00 - 13/11/2024 09:00:00,SCA|NO2,mFRR,Not Specified,Not Specified,MARGINAL,53.19,53.19
13/11/2024 09:00:00 - 13/11/2024 10:00:00,SCA|NO2,mFRR,Not Specified,Not Specified,MARGINAL,49.97,49.97
13/11/2024 10:00:00 - 13/11/2024 11:00:00,SCA|NO2,mFRR,Not Specified,Not Specified,MARGINAL,46.45,38.0
13/11/2024 11:00:00 - 13/11/2024 12:00:00,SCA|NO2,mFRR,Not Specified,Not Specified,MARGINAL,44.95,35.0
13/11/2024 12:00:00 - 13/11/2024 13:00:00,SCA|NO2,mFRR,Not Specified,Not Specified,MARGINAL,44.36,35.0
13/11/2024 13:00:00 - 13/11/2024 14:00:00,SCA|NO2,mFRR,Not Specified,Not Specified,MARGINAL,42.18,34.5
13/11/2024 14:00:00 - 13/11/2024 15:00:00,SCA|NO2,mFRR,Not Specified,Not Specified,MARGINAL,41.92,33.5
13/11/2024 15:00:00 - 13/11/2024 16:00:00,SCA|NO2,mFRR,Not Specified,Not Specified,MARGINAL,41.69,33.5
13/11/2024 16:00:00 - 13/11/2024 17:00:00,SCA|NO2,mFRR,Not Specified,Not Specified,MARGINAL,42.31,42.31
13/11/2024 17:00:00 - 13/11/2024 18:00:00,SCA|NO2,mFRR,Not Specified,Not Specified,MARGINAL,49.97,40.5
13/11/2024 18:00:00 - 13/11/2024 19:00:00,SCA|NO2,mFRR,Not Specified,Not Specified,MARGINAL,62.85,60.0
13/11/2024 19:00:00 - 13/11/2024 20:00:00,SCA|NO2,mFRR,Not Specified,Not Specified,MARGINAL,49.95,41.0
13/11/2024 20:00:00 - 13/11/2024 21:00:00,SCA|NO2,mFRR,Not Specified,Not Specified,MARGINAL,45.18,41.0
13/11/2024 21:00:00 - 13/11/2024 22:00:00,SCA|NO2,mFRR,Not Specified,Not Specified,MARGINAL,43.57,43.57
13/11/2024 22:00:00 - 13/11/2024 23:00:00,SCA|NO2,mFRR,Not Specified,Not Specified,MARGINAL,40.75,40.75
13/11/2024 23:00:00 - 14/11/2024 00:00:00,SCA|NO2,mFRR,Not Specified,Not Specified,MARGINAL,38.82,38.82
14/11/2024 00:00:00 - 14/11/2024 01:00:00,SCA|NO2,mFRR,Not Specified,Not Specified,MARGINAL,41.03,41.03
14/11/2024 01:00:00 - 14/11/2024 02:00:00,SCA|NO2,mFRR,Not Specified,Not Specified,MARGINAL,40.9,40.9
14/11/2024 02:00:00 - 14/11/2024 03:00:00,SCA|NO2,mFRR,Not Specified,Not Specified,MARGINAL,40.97,40.97
14/11/2024 03:00:00 - 14/11/2024 04:00:00,SCA|NO2,mFRR,Not Specified,Not Specified,MARGINAL,40.91,40.91
14/11/2024 04:00:00 - 14/11/2024 05:00:00,SCA|NO2,mFRR,Not Specified,Not Specified,MARGINAL,41.02,41.02
14/11/2024 05:00:00 - 14/11/2024 06:00:00,SCA|NO2,mFRR,Not Specified,Not Specified,MARGINAL,41.22,41.22
14/11/2024 06:00:00 - 14/11/2024 07:00:00,SCA|NO2,mFRR,Not Specified,Not Specified,MARGINAL,42.16,35.0
14/11/2024 07:00:00 - 14/11/2024 08:00:00,SCA|NO2,mFRR,Not Specified,Not Specified,MARGINAL,45.81,40.5
14/11/2024 08:00:00 - 14/11/2024 09:00:00,SCA|NO2,mFRR,Not Specified,Not Specified,MARGINAL,52.4,52.4
14/11/2024 09:00:00 - 14/11/2024 10:00:00,SCA|NO2,mFRR,Not Specified,Not Specified,MARGINAL,49.36,42.0
14/11/2024 10:00:00 - 14/11/2024 11:00:00,SCA|NO2,mFRR,Not Specified,Not Specified,MARGINAL,45.54,42.0
14/11/2024 11:00:00 - 14/11/2024 12:00:00,SCA|NO2,mFRR,Not Specified,Not Specified,MARGINAL,44.96,44.96
14/11/2024 12:00:00 - 14/11/2024 13:00:00,SCA|NO2,mFRR,Not Specified,Not Specified,MARGINAL,44.04,44.04
14/11/2024 13:00:00 - 14/11/2024 14:00:00,SCA|NO2,mFRR,Not Specified,Not Specified,MARGINAL,45.0,43.12
14/11/2024 14:00:00 - 14/11/2024 15:00:00,SCA|NO2,mFRR,Not Specified,Not Specified,MARGINAL,45.0,43.04
14/11/2024 15:00:00 - 14/11/2024 16:00:00,SCA|NO2,mFRR,Not Specified,Not Specified,MARGINAL,58.0,42.76
14/11/2024 16:00:00 - 14/11/2024 17:00:00,SCA|NO2,mFRR,Not Specified,Not Specified,MARGINAL,65.5,44.91
14/11/2024 17:00:00 - 14/11/2024 18:00:00,SCA|NO2,mFRR,Not Specified,Not Specified,MARGINAL,91.0,46.71
14/11/2024 18:00:00 - 14/11/2024 19:00:00,SCA|NO2,mFRR,Not Specified,Not Specified,MARGINAL,61.0,49.92
14/11/2024 19:00:00 - 14/11/2024 20:00:00,SCA|NO2,mFRR,Not Specified,Not Specified,MARGINAL,59.0,58.48
14/11/2024 20:00:00 - 14/11/2024 21:00:00,SCA|NO2,mFRR,Not Specified,Not Specified,MARGINAL,50.09,50.09
14/11/2024 21:00:00 - 14/11/2024 22:00:00,SCA|NO2,mFRR,Not Specified,Not Specified,MARGINAL,48.0,45.89
14/11/2024 22:00:00 - 14/11/2024 23:00:00,SCA|NO2,mFRR,Not Specified,Not Specified,MARGINAL,48.0,42.79
14/11/2024 23:00:00 - 15/11/2024 00:00:00,SCA|NO2,mFRR,Not Specified,Not Specified,MARGINAL,41.92,41.92
15/11/2024 00:00:00 - 15/11/2024 01:00:00,SCA|NO2,mFRR,Not Specified,Not Specified,MARGINAL,47.0,41.93
15/11/2024 01:00:00 - 15/11/2024 02:00:00,SCA|NO2,mFRR,Not Specified,Not Specified,MARGINAL,47.0,41.79
15/11/2024 02:00:00 - 15/11/2024 03:00:00,SCA|NO2,mFRR,Not Specified,Not Specified,MARGINAL,42.23,42.23
15/11/2024 03:00:00 - 15/11/2024 04:00:00,SCA|NO2,mFRR,Not Specified,Not Specified,MARGINAL,42.35,42.35
15/11/2024 04:00:00 - 15/11/2024 05:00:00,SCA|NO2,mFRR,Not Specified,Not Specified,MARGINAL,42.26,42.26
15/11/2024 05:00:00 - 15/11/2024 06:00:00,SCA|NO2,mFRR,Not Specified,Not Specified,MARGINAL,42.09,42.09
15/11/2024 06:00:00 - 15/11/2024 07:00:00,SCA|NO2,mFRR,Not Specified,Not Specified,MARGINAL,44.5,43.09
15/11/2024 07:00:00 - 15/11/2024 08:00:00,SCA|NO2,mFRR,Not Specified,Not Specified,MARGINAL,50.0,45.74
15/11/2024 08:00:00 - 15/11/2024 09:00:00,SCA|NO2,mFRR,Not Specified,Not Specified,MARGINAL,50.0,48.26
15/11/2024 09:00:00 - 15/11/2024 10:00:00,SCA|NO2,mFRR,Not Specified,Not Specified,MARGINAL,54.0,50.86
15/11/2024 10:00:00 - 15/11/2024 11:00:00,SCA|NO2,mFRR,Not Specified,Not Specified,MARGINAL,54.0,47.47
15/11/2024 11:00:00 - 15/11/2024 12:00:00,SCA|NO2,mFRR,Not Specified,Not Specified,MARGINAL,48.5,44.98
15/11/2024 12:00:00 - 15/11/2024 13:00:00,SCA|NO2,mFRR,Not Specified,Not Specified,MARGINAL,46.5,44.8
15/11/2024 13:00:00 - 15/11/2024 14:00:00,SCA|NO2,mFRR,Not Specified,Not Specified,MARGINAL,46.5,43.41
15/11/2024 14:00:00 - 15/11/2024 15:00:00,SCA|NO2,mFRR,Not Specified,Not Specified,MARGINAL,45.5,42.68
15/11/2024 15:00:00 - 15/11/2024 16:00:00,SCA|NO2,mFRR,Not Specified,Not Specified,MARGINAL,41.77,41.77
15/11/2024 16:00:00 - 15/11/2024 17:00:00,SCA|NO2,mFRR,Not Specified,Not Specified,MARGINAL,41.8,41.8
15/11/2024 17:00:00 - 15/11/2024 18:00:00,SCA|NO2,mFRR,Not Specified,Not Specified,MARGINAL,41.73,41.73
15/11/2024 18:00:00 - 15/11/2024 19:00:00,SCA|NO2,mFRR,Not Specified,Not Specified,MARGINAL,41.6,34.0
15/11/2024 19:00:00 - 15/11/2024 20:00:00,SCA|NO2,mFRR,Not Specified,Not Specified,MARGINAL,40.87,40.87
15/11/2024 20:00:00 - 15/11/2024 21:00:00,SCA|NO2,mFRR,Not Specified,Not Specified,MARGINAL,39.97,39.97
15/11/2024 21:00:00 - 15/11/2024 22:00:00,SCA|NO2,mFRR,Not Specified,Not Specified,MARGINAL,38.3,38.3
15/11/2024 22:00:00 - 15/11/2024 23:00:00,SCA|NO2,mFRR,Not Specified,Not Specified,MARGINAL,34.92,32.0
15/11/2024 23:00:00 - 16/11/2024 00:00:00,SCA|NO2,mFRR,Not Specified,Not Specified,MARGINAL,33.03,30.0
16/11/2024 00:00:00 - 16/11/2024 01:00:00,SCA|NO2,mFRR,Not Specified,Not Specified,MARGINAL,40.0,34.12
16/11/2024 01:00:00 - 16/11/2024 02:00:00,SCA|NO2,mFRR,Not Specified,Not Specified,MARGINAL,40.0,33.06
16/11/2024 02:00:00 - 16/11/2024 03:00:00,SCA|NO2,mFRR,Not Specified,Not Specified,MARGINAL,32.92,28.0
16/11/2024 03:00:00 - 16/11/2024 04:00:00,SCA|NO2,mFRR,Not Specified,Not Specified,MARGINAL,32.76,28.0
16/11/2024 04:00:00 - 16/11/2024 05:00:00,SCA|NO2,mFRR,Not Specified,Not Specified,MARGINAL,33.4,28.0
16/11/2024 05:00:00 - 16/11/2024 06:00:00,SCA|NO2,mFRR,Not Specified,Not Specified,MARGINAL,33.21,28.0
16/11/2024 06:00:00 - 16/11/2024 07:00:00,SCA|NO2,mFRR,Not Specified,Not Specified,MARGINAL,33.06,28.0
16/11/2024 07:00:00 - 16/11/2024 08:00:00,SCA|NO2,mFRR,Not Specified,Not Specified,MARGINAL,34.93,28.0
16/11/2024 08:00:00 - 16/11/2024 09:00:00,SCA|NO2,mFRR,Not Specified,Not Specified,MARGINAL,37.15,28.0
16/11/2024 09:00:00 - 16/11/2024 10:00:00,SCA|NO2,mFRR,Not Specified,Not Specified,MARGINAL,38.95,32.0
16/11/2024 10:00:00 - 16/11/2024 11:00:00,SCA|NO2,mFRR,Not Specified,Not Specified,MARGINAL,40.04,40.04
16/11/2024 11:00:00 - 16/11/2024 12:00:00,SCA|NO2,mFRR,Not Specified,Not Specified,MARGINAL,40.06,40.06
16/11/2024 12:00:00 - 16/11/2024 13:00:00,SCA|NO2,mFRR,Not Specified,Not Specified,MARGINAL,39.94,39.94
16/11/2024 13:00:00 - 16/11/2024 14:00:00,SCA|NO2,mFRR,Not Specified,Not Specified,MARGINAL,40.02,28.0
16/11/2024 14:00:00 - 16/11/2024 15:00:00,SCA|NO2,mFRR,Not Specified,Not Specified,MARGINAL,40.03,28.0
16/11/2024 15:00:00 - 16/11/2024 16:00:00,SCA|NO2,mFRR,Not Specified,Not Specified,MARGINAL,40.37,28.0
16/11/2024 16:00:00 - 16/11/2024 17:00:00,SCA|NO2,mFRR,Not Specified,Not Specified,MARGINAL,41.11,32.0
16/11/2024 17:00:00 - 16/11/2024 18:00:00,SCA|NO2,mFRR,Not Specified,Not Specified,MARGINAL,41.94,35.5
16/11/2024 18:00:00 - 16/11/2024 19:00:00,SCA|NO2,mFRR,Not Specified,Not Specified,MARGINAL,41.39,41.39
16/11/2024 19:00:00 - 16/11/2024 20:00:00,SCA|NO2,mFRR,Not Specified,Not Specified,MARGINAL,40.66,40.66
16/11/2024 20:00:00 - 16/11/2024 21:00:00,SCA|NO2,mFRR,Not Specified,Not Specified,MARGINAL,40.1,25.0
16/11/2024 21:00:00 - 16/11/2024 22:00:00,SCA|NO2,mFRR,Not Specified,Not Specified,MARGINAL,39.04,25.0
16/11/2024 22:00:00 - 16/11/2024 23:00:00,SCA|NO2,mFRR,Not Specified,Not Specified,MARGINAL,38.94,38.94
16/11/2024 23:00:00 - 17/11/2024 00:00:00,SCA|NO2,mFRR,Not Specified,Not Specified,MARGINAL,38.99,38.99
17/11/2024 00:00:00 - 17/11/2024 01:00:00,SCA|NO2,mFRR,Not Specified,Not Specified,MARGINAL,40.5,34.71
17/11/2024 01:00:00 - 17/11/2024 02:00:00,SCA|NO2,mFRR,Not Specified,Not Specified,MARGINAL,42.0,32.99
17/11/2024 02:00:00 - 17/11/2024 03:00:00,SCA|NO2,mFRR,Not Specified,Not Specified,MARGINAL,42.0,31.89
17/11/2024 03:00:00 - 17/11/2024 04:00:00,SCA|NO2,mFRR,Not Specified,Not Specified,MARGINAL,41.0,32.44
17/11/2024 04:00:00 - 17/11/2024 05:00:00,SCA|NO2,mFRR,Not Specified,Not Specified,MARGINAL,41.0,32.04
17/11/2024 05:00:00 - 17/11/2024 06:00:00,SCA|NO2,mFRR,Not Specified,Not Specified,MARGINAL,41.0,31.95
17/11/2024 06:00:00 - 17/11/2024 07:00:00,SCA|NO2,mFRR,Not Specified,Not Specified,MARGINAL,41.0,31.25
17/11/2024 07:00:00 - 17/11/2024 08:00:00,SCA|NO2,mFRR,Not Specified,Not Specified,MARGINAL,41.0,32.34
17/11/2024 08:00:00 - 17/11/2024 09:00:00,SCA|NO2,mFRR,Not Specified,Not Specified,MARGINAL,35.93,35.93
17/11/2024 09:00:00 - 17/11/2024 10:00:00,SCA|NO2,mFRR,Not Specified,Not Specified,MARGINAL,42.0,36.38
17/11/2024 10:00:00 - 17/11/2024 11:00:00,SCA|NO2,mFRR,Not Specified,Not Specified,MARGINAL,39.5,35.2
17/11/2024 11:00:00 - 17/11/2024 12:00:00,SCA|NO2,mFRR,Not Specified,Not Specified,MARGINAL,45.0,32.12
17/11/2024 12:00:00 - 17/11/2024 13:00:00,SCA|NO2,mFRR,Not Specified,Not Specified,MARGINAL,43.0,30.81
17/11/2024 13:00:00 - 17/11/2024 14:00:00,SCA|NO2,mFRR,Not Specified,Not Specified,MARGINAL,40.5,31.37
17/11/2024 14:00:00 - 17/11/2024 15:00:00,SCA|NO2,mFRR,Not Specified,Not Specified,MARGINAL,40.0,36.44
17/11/2024 15:00:00 - 17/11/2024 16:00:00,SCA|NO2,mFRR,Not Specified,Not Specified,MARGINAL,37.56,37.56
17/11/2024 16:00:00 - 17/11/2024 17:00:00,SCA|NO2,mFRR,Not Specified,Not Specified,MARGINAL,49.5,40.16
17/11/2024 17:00:00 - 17/11/2024 18:00:00,SCA|NO2,mFRR,Not Specified,Not Specified,MARGINAL,50.5,40.56
17/11/2024 18:00:00 - 17/11/2024 19:00:00,SCA|NO2,mFRR,Not Specified,Not Specified,MARGINAL,50.5,40.17
17/11/2024 19:00:00 - 17/11/2024 20:00:00,SCA|NO2,mFRR,Not Specified,Not Specified,MARGINAL,50.5,39.78
17/11/2024 20:00:00 - 17/11/2024 21:00:00,SCA|NO2,mFRR,Not Specified,Not Specified,MARGINAL,50.5,38.6
17/11/2024 21:00:00 - 17/11/2024 22:00:00,SCA|NO2,mFRR,Not Specified,Not Specified,MARGINAL,49.5,37.3
17/11/2024 22:00:00 - 17/11/2024 23:00:00,SCA|NO2,mFRR,Not Specified,Not Specified,MARGINAL,48.0,36.95
17/11/2024 23:00:00 - 18/11/2024 00:00:00,SCA|NO2,mFRR,Not Specified,Not Specified,MARGINAL,48.0,36.8
18/11/2024 00:00:00 - 18/11/2024 01:00:00,SCA|NO2,mFRR,Not Specified,Not Specified,MARGINAL,49.0,39.97
18/11/2024 01:00:00 - 18/11/2024 02:00:00,SCA|NO2,mFRR,Not Specified,Not Specified,MARGINAL,40.56,40.56
18/11/2024 02:00:00 - 18/11/2024 03:00:00,SCA|NO2,mFRR,Not Specified,Not Specified,MARGINAL,41.38,41.38
18/11/2024 03:00:00 - 18/11/2024 04:00:00,SCA|NO2,mFRR,Not Specified,Not Specified,,,
18/11/2024 04:00:00 - 18/11/2024 05:00:00,SCA|NO2,mFRR,Not Specified,Not Specified,MARGINAL,41.61,41.61
18/11/2024 05:00:00 - 18/11/2024 06:00:00,SCA|NO2,mFRR,Not Specified,Not Specified,MARGINAL,41.87,41.87
18/11/2024 06:00:00 - 18/11/2024 07:00:00,SCA|NO2,mFRR,Not Specified,Not Specified,MARGINAL,62.0,48.29
18/11/2024 07:00:00 - 18/11/2024 08:00:00,SCA|NO2,mFRR,Not Specified,Not Specified,MARGINAL,64.0,61.03
18/11/2024 08:00:00 - 18/11/2024 09:00:00,SCA|NO2,mFRR,Not Specified,Not Specified,MARGINAL,120.0,119.35
18/11/2024 09:00:00 - 18/11/2024 10:00:00,SCA|NO2,mFRR,Not Specified,Not Specified,MARGINAL,98.75,98.75
18/11/2024 10:00:00 - 18/11/2024 11:00:00,SCA|NO2,mFRR,Not Specified,Not Specified,MARGINAL,82.63,82.63
18/11/2024 11:00:00 - 18/11/2024 12:00:00,SCA|NO2,mFRR,Not Specified,Not Specified,MARGINAL,78.13,78.13
18/11/2024 12:00:00 - 18/11/2024 13:00:00,SCA|NO2,mFRR,Not Specified,Not Specified,MARGINAL,74.0,74.0
18/11/2024 13:00:00 - 18/11/2024 14:00:00,SCA|NO2,mFRR,Not Specified,Not Specified,MARGINAL,101.24,67.14
18/11/2024 14:00:00 - 18/11/2024 15:00:00,SCA|NO2,mFRR,Not Specified,Not Specified,MARGINAL,180.0,66.12
18/11/2024 15:00:00 - 18/11/2024 16:00:00,SCA|NO2,mFRR,Not Specified,Not Specified,MARGINAL,200.0,59.08
18/11/2024 16:00:00 - 18/11/2024 17:00:00,SCA|NO2,mFRR,Not Specified,Not Specified,MARGINAL,75.0,65.06
18/11/2024 17:00:00 - 18/11/2024 18:00:00,SCA|NO2,mFRR,Not Specified,Not Specified,MARGINAL,81.61,81.61
18/11/2024 18:00:00 - 18/11/2024 19:00:00,SCA|NO2,mFRR,Not Specified,Not Specified,MARGINAL,158.02,89.5
18/11/2024 19:00:00 - 18/11/2024 20:00:00,SCA|NO2,mFRR,Not Specified,Not Specified,MARGINAL,149.4,84.5
18/11/2024 20:00:00 - 18/11/2024 21:00:00,SCA|NO2,mFRR,Not Specified,Not Specified,MARGINAL,126.43,126.43
18/11/2024 21:00:00 - 18/11/2024 22:00:00,SCA|NO2,mFRR,Not Specified,Not Specified,MARGINAL,115.82,115.82
18/11/2024 22:00:00 - 18/11/2024 23:00:00,SCA|NO2,mFRR,Not Specified,Not Specified,MARGINAL,114.95,114.95
18/11/2024 23:00:00 - 19/11/2024 00:00:00,SCA|NO2,mFRR,Not Specified,Not Specified,MARGINAL,106.8,106.8
19/11/2024 00:00:00 - 19/11/2024 01:00:00,SCA|NO2,mFRR,Not Specified,Not Specified,MARGINAL,104.84,104.84
19/11/2024 01:00:00 - 19/11/2024 02:00:00,SCA|NO2,mFRR,Not Specified,Not Specified,MARGINAL,95.77,68.0
19/11/2024 02:00:00 - 19/11/2024 03:00:00,SCA|NO2,mFRR,Not Specified,Not Specified,MARGINAL,90.06,59.01
19/11/2024 03:00:00 - 19/11/2024 04:00:00,SCA|NO2,mFRR,Not Specified,Not Specified,MARGINAL,87.53,59.02
19/11/2024 04:00:00 - 19/11/2024 05:00:00,SCA|NO2,mFRR,Not Specified,Not Specified,MARGINAL,84.02,60.61
19/11/2024 05:00:00 - 19/11/2024 06:00:00,SCA|NO2,mFRR,Not Specified,Not Specified,MARGINAL,89.73,68.0
19/11/2024 06:00:00 - 19/11/2024 07:00:00,SCA|NO2,mFRR,Not Specified,Not Specified,MARGINAL,101.02,70.0
19/11/2024 07:00:00 - 19/11/2024 08:00:00,SCA|NO2,mFRR,Not Specified,Not Specified,MARGINAL,143.64,143.64
19/11/2024 08:00:00 - 19/11/2024 09:00:00,SCA|NO2,mFRR,Not Specified,Not Specified,MARGINAL,150.35,150.35
19/11/2024 09:00:00 - 19/11/2024 10:00:00,SCA|NO2,mFRR,Not Specified,Not Specified,MARGINAL,153.8,153.8
19/11/2024 10:00:00 - 19/11/2024 11:00:00,SCA|NO2,mFRR,Not Specified,Not Specified,MARGINAL,152.27,152.27
19/11/2024 11:00:00 - 19/11/2024 12:00:00,SCA|NO2,mFRR,Not Specified,Not Specified,MARGINAL,148.91,148.91
19/11/2024 12:00:00 - 19/11/2024 13:00:00,SCA|NO2,mFRR,Not Specified,Not Specified,MARGINAL,144.48,144.48
19/11/2024 13:00:00 - 19/11/2024 14:00:00,SCA|NO2,mFRR,Not Specified,Not Specified,MARGINAL,140.49,140.49
19/11/2024 14:00:00 - 19/11/2024 15:00:00,SCA|NO2,mFRR,Not Specified,Not Specified,MARGINAL,170.0,136.68
19/11/2024 15:00:00 - 19/11/2024 16:00:00,SCA|NO2,mFRR,Not Specified,Not Specified,MARGINAL,920.0,125.7
19/11/2024 16:00:00 - 19/11/2024 17:00:00,SCA|NO2,mFRR,Not Specified,Not Specified,MARGINAL,920.0,130.19
19/11/2024 17:00:00 - 19/11/2024 18:00:00,SCA|NO2,mFRR,Not Specified,Not Specified,MARGINAL,190.0,135.5
19/11/2024 18:00:00 - 19/11/2024 19:00:00,SCA|NO2,mFRR,Not Specified,Not Specified,MARGINAL,132.96,80.5
19/11/2024 19:00:00 - 19/11/2024 20:00:00,SCA|NO2,mFRR,Not Specified,Not Specified,MARGINAL,122.91,68.38
19/11/2024 20:00:00 - 19/11/2024 21:00:00,SCA|NO2,mFRR,Not Specified,Not Specified,MARGINAL,118.75,118.75
19/11/2024 21:00:00 - 19/11/2024 22:00:00,SCA|NO2,mFRR,Not Specified,Not Specified,MARGINAL,106.81,106.81
19/11/2024 22:00:00 - 19/11/2024 23:00:00,SCA|NO2,mFRR,Not Specified,Not Specified,MARGINAL,106.72,103.16
19/11/2024 23:00:00 - 20/11/2024 00:00:00,SCA|NO2,mFRR,Not Specified,Not Specified,MARGINAL,73.31,73.31
20/11/2024 00:00:00 - 20/11/2024 01:00:00,SCA|NO2,mFRR,Not Specified,Not Specified,MARGINAL,83.1,83.1
20/11/2024 01:00:00 - 20/11/2024 02:00:00,SCA|NO2,mFRR,Not Specified,Not Specified,MARGINAL,70.78,70.78
20/11/2024 02:00:00 - 20/11/2024 03:00:00,SCA|NO2,mFRR,Not Specified,Not Specified,MARGINAL,63.53,63.53
20/11/2024 03:00:00 - 20/11/2024 04:00:00,SCA|NO2,mFRR,Not Specified,Not Specified,MARGINAL,59.62,59.62
20/11/2024 04:00:00 - 20/11/2024 05:00:00,SCA|NO2,mFRR,Not Specified,Not Specified,MARGINAL,57.76,57.76
20/11/2024 05:00:00 - 20/11/2024 06:00:00,SCA|NO2,mFRR,Not Specified,Not Specified,MARGINAL,63.54,63.54
20/11/2024 06:00:00 - 20/11/2024 07:00:00,SCA|NO2,mFRR,Not Specified,Not Specified,MARGINAL,95.4,95.4
20/11/2024 07:00:00 - 20/11/2024 08:00:00,SCA|NO2,mFRR,Not Specified,Not Specified,MARGINAL,130.86,130.86
20/11/2024 08:00:00 - 20/11/2024 09:00:00,SCA|NO2,mFRR,Not Specified,Not Specified,MARGINAL,141.05,141.05
20/11/2024 09:00:00 - 20/11/2024 10:00:00,SCA|NO2,mFRR,Not Specified,Not Specified,MARGINAL,136.65,136.65
20/11/2024 10:00:00 - 20/11/2024 11:00:00,SCA|NO2,mFRR,Not Specified,Not Specified,MARGINAL,118.56,118.56
20/11/2024 11:00:00 - 20/11/2024 12:00:00,SCA|NO2,mFRR,Not Specified,Not Specified,MARGINAL,105.0,104.3
20/11/2024 12:00:00 - 20/11/2024 13:00:00,SCA|NO2,mFRR,Not Specified,Not Specified,MARGINAL,106.41,94.84
20/11/2024 13:00:00 - 20/11/2024 14:00:00,SCA|NO2,mFRR,Not Specified,Not Specified,MARGINAL,83.65,83.65
20/11/2024 14:00:00 - 20/11/2024 15:00:00,SCA|NO2,mFRR,Not Specified,Not Specified,MARGINAL,91.8,91.8
20/11/2024 15:00:00 - 20/11/2024 16:00:00,SCA|NO2,mFRR,Not Specified,Not Specified,MARGINAL,108.0,108.0
20/11/2024 16:00:00 - 20/11/2024 17:00:00,SCA|NO2,mFRR,Not Specified,Not Specified,MARGINAL,113.22,113.22
20/11/2024 17:00:00 - 20/11/2024 18:00:00,SCA|NO2,mFRR,Not Specified,Not Specified,MARGINAL,137.58,137.58
20/11/2024 18:00:00 - 20/11/2024 19:00:00,SCA|NO2,mFRR,Not Specified,Not Specified,MARGINAL,138.1,138.1
20/11/2024 19:00:00 - 20/11/2024 20:00:00,SCA|NO2,mFRR,Not Specified,Not Specified,MARGINAL,135.97,135.97
20/11/2024 20:00:00 - 20/11/2024 21:00:00,SCA|NO2,mFRR,Not Specified,Not Specified,MARGINAL,132.1,132.1
20/11/2024 21:00:00 - 20/11/2024 22:00:00,SCA|NO2,mFRR,Not Specified,Not Specified,MARGINAL,119.57,119.57
20/11/2024 22:00:00 - 20/11/2024 23:00:00,SCA|NO2,mFRR,Not Specified,Not Specified,MARGINAL,108.2,108.2
20/11/2024 23:00:00 - 21/11/2024 00:00:00,SCA|NO2,mFRR,Not Specified,Not Specified,MARGINAL,79.02,50.0
21/11/2024 00:00:00 - 21/11/2024 01:00:00,SCA|NO2,mFRR,Not Specified,Not Specified,MARGINAL,69.02,69.02
21/11/2024 01:00:00 - 21/11/2024 02:00:00,SCA|NO2,mFRR,Not Specified,Not Specified,MARGINAL,57.61,57.61
21/11/2024 02:00:00 - 21/11/2024 03:00:00,SCA|NO2,mFRR,Not Specified,Not Specified,MARGINAL,57.9,57.9
21/11/2024 03:00:00 - 21/11/2024 04:00:00,SCA|NO2,mFRR,Not Specified,Not Specified,MARGINAL,64.1,64.1
21/11/2024 04:00:00 - 21/11/2024 05:00:00,SCA|NO2,mFRR,Not Specified,Not Specified,MARGINAL,68.34,68.34
21/11/2024 05:00:00 - 21/11/2024 06:00:00,SCA|NO2,mFRR,Not Specified,Not Specified,MARGINAL,69.14,69.14
21/11/2024 06:00:00 - 21/11/2024 07:00:00,SCA|NO2,mFRR,Not Specified,Not Specified,MARGINAL,110.0,103.46
21/11/2024 07:00:00 - 21/11/2024 08:00:00,SCA|NO2,mFRR,Not Specified,Not Specified,MARGINAL,118.39,118.39
21/11/2024 08:00:00 - 21/11/2024 09:00:00,SCA|NO2,mFRR,Not Specified,Not Specified,MARGINAL,130.0,129.61
21/11/2024 09:00:00 - 21/11/2024 10:00:00,SCA|NO2,mFRR,Not Specified,Not Specified,MARGINAL,132.0,131.56
21/11/2024 10:00:00 - 21/11/2024 11:00:00,SCA|NO2,mFRR,Not Specified,Not Specified,MARGINAL,124.0,123.94
21/11/2024 11:00:00 - 21/11/2024 12:00:00,SCA|NO2,mFRR,Not Specified,Not Specified,MARGINAL,113.0,112.69
21/11/2024 12:00:00 - 21/11/2024 13:00:00,SCA|NO2,mFRR,Not Specified,Not Specified,MARGINAL,109.5,109.08
21/11/2024 13:00:00 - 21/11/2024 14:00:00,SCA|NO2,mFRR,Not Specified,Not Specified,MARGINAL,170.0,117.22
21/11/2024 14:00:00 - 21/11/2024 15:00:00,SCA|NO2,mFRR,Not Specified,Not Specified,MARGINAL,170.0,132.77
21/11/2024 15:00:00 - 21/11/2024 16:00:00,SCA|NO2,mFRR,Not Specified,Not Specified,MARGINAL,185.0,144.14
21/11/2024 16:00:00 - 21/11/2024 17:00:00,SCA|NO2,mFRR,Not Specified,Not Specified,MARGINAL,1000.0,125.91
21/11/2024 17:00:00 - 21/11/2024 18:00:00,SCA|NO2,mFRR,Not Specified,Not Specified,MARGINAL,1000.0,169.77
21/11/2024 18:00:00 - 21/11/2024 19:00:00,SCA|NO2,mFRR,Not Specified,Not Specified,MARGINAL,335.16,153.31
21/11/2024 19:00:00 - 21/11/2024 20:00:00,SCA|NO2,mFRR,Not Specified,Not Specified,MARGINAL,146.47,146.47
21/11/2024 20:00:00 - 21/11/2024 21:00:00,SCA|NO2,mFRR,Not Specified,Not Specified,MARGINAL,125.92,125.92
21/11/2024 21:00:00 - 21/11/2024 22:00:00,SCA|NO2,mFRR,Not Specified,Not Specified,MARGINAL,120.0,119.3
21/11/2024 22:00:00 - 21/11/2024 23:00:00,SCA|NO2,mFRR,Not Specified,Not Specified,MARGINAL,122.5,119.15
21/11/2024 23:00:00 - 22/11/2024 00:00:00,SCA|NO2,mFRR,Not Specified,Not Specified,MARGINAL,120.0,94.27
22/11/2024 00:00:00 - 22/11/2024 01:00:00,SCA|NO2,mFRR,Not Specified,Not Specified,MARGINAL,110.0,80.08
22/11/2024 01:00:00 - 22/11/2024 02:00:00,SCA|NO2,mFRR,Not Specified,Not Specified,MARGINAL,75.0,67.63
22/11/2024 02:00:00 - 22/11/2024 03:00:00,SCA|NO2,mFRR,Not Specified,Not Specified,MARGINAL,68.39,68.39
22/11/2024 03:00:00 - 22/11/2024 04:00:00,SCA|NO2,mFRR,Not Specified,Not Specified,MARGINAL,68.29,68.29
22/11/2024 04:00:00 - 22/11/2024 05:00:00,SCA|NO2,mFRR,Not Specified,Not Specified,MARGINAL,71.0,68.37
22/11/2024 05:00:00 - 22/11/2024 06:00:00,SCA|NO2,mFRR,Not Specified,Not Specified,MARGINAL,72.99,72.99
22/11/2024 06:00:00 - 22/11/2024 07:00:00,SCA|NO2,mFRR,Not Specified,Not Specified,MARGINAL,114.0,111.62
22/11/2024 07:00:00 - 22/11/2024 08:00:00,SCA|NO2,mFRR,Not Specified,Not Specified,MARGINAL,131.38,131.38
22/11/2024 08:00:00 - 22/11/2024 09:00:00,SCA|NO2,mFRR,Not Specified,Not Specified,MARGINAL,139.6,139.6
22/11/2024 09:00:00 - 22/11/2024 10:00:00,SCA|NO2,mFRR,Not Specified,Not Specified,MARGINAL,139.14,139.14
22/11/2024 10:00:00 - 22/11/2024 11:00:00,SCA|NO2,mFRR,Not Specified,Not Specified,MARGINAL,132.03,132.03
22/11/2024 11:00:00 - 22/11/2024 12:00:00,SCA|NO2,mFRR,Not Specified,Not Specified,MARGINAL,114.0,113.54
22/11/2024 12:00:00 - 22/11/2024 13:00:00,SCA|NO2,mFRR,Not Specified,Not Specified,MARGINAL,104.0,102.37
22/11/2024 13:00:00 - 22/11/2024 14:00:00,SCA|NO2,mFRR,Not Specified,Not Specified,MARGINAL,94.5,91.89
22/11/2024 14:00:00 - 22/11/2024 15:00:00,SCA|NO2,mFRR,Not Specified,Not Specified,MARGINAL,92.36,92.36
22/11/2024 15:00:00 - 22/11/2024 16:00:00,SCA|NO2,mFRR,Not Specified,Not Specified,MARGINAL,72.07,72.07
22/11/2024 16:00:00 - 22/11/2024 17:00:00,SCA|NO2,mFRR,Not Specified,Not Specified,MARGINAL,75.06,75.06
22/11/2024 17:00:00 - 22/11/2024 18:00:00,SCA|NO2,mFRR,Not Specified,Not Specified,MARGINAL,81.99,80.0
22/11/2024 18:00:00 - 22/11/2024 19:00:00,SCA|NO2,mFRR,Not Specified,Not Specified,MARGINAL,112.68,112.68
22/11/2024 19:00:00 - 22/11/2024 20:00:00,SCA|NO2,mFRR,Not Specified,Not Specified,MARGINAL,127.0,110.42
22/11/2024 20:00:00 - 22/11/2024 21:00:00,SCA|NO2,mFRR,Not Specified,Not Specified,MARGINAL,90.0,77.6
22/11/2024 21:00:00 - 22/11/2024 22:00:00,SCA|NO2,mFRR,Not Specified,Not Specified,MARGINAL,96.5,77.5
22/11/2024 22:00:00 - 22/11/2024 23:00:00,SCA|NO2,mFRR,Not Specified,Not Specified,MARGINAL,132.0,67.81
22/11/2024 23:00:00 - 23/11/2024 00:00:00,SCA|NO2,mFRR,Not Specified,Not Specified,MARGINAL,73.0,59.9
23/11/2024 00:00:00 - 23/11/2024 01:00:00,SCA|NO2,mFRR,Not Specified,Not Specified,MARGINAL,68.0,53.55
23/11/2024 01:00:00 - 23/11/2024 02:00:00,SCA|NO2,mFRR,Not Specified,Not Specified,MARGINAL,63.0,49.08
23/11/2024 02:00:00 - 23/11/2024 03:00:00,SCA|NO2,mFRR,Not Specified,Not Specified,MARGINAL,52.0,47.93
23/11/2024 03:00:00 - 23/11/2024 04:00:00,SCA|NO2,mFRR,Not Specified,Not Specified,MARGINAL,50.0,47.2
23/11/2024 04:00:00 - 23/11/2024 05:00:00,SCA|NO2,mFRR,Not Specified,Not Specified,MARGINAL,52.0,47.52
23/11/2024 05:00:00 - 23/11/2024 06:00:00,SCA|NO2,mFRR,Not Specified,Not Specified,MARGINAL,63.0,48.39
23/11/2024 06:00:00 - 23/11/2024 07:00:00,SCA|NO2,mFRR,Not Specified,Not Specified,MARGINAL,63.0,49.71
23/11/2024 07:00:00 - 23/11/2024 08:00:00,SCA|NO2,mFRR,Not Specified,Not Specified,MARGINAL,67.5,54.87
23/11/2024 08:00:00 - 23/11/2024 09:00:00,SCA|NO2,mFRR,Not Specified,Not Specified,MARGINAL,67.5,59.3
23/11/2024 09:00:00 - 23/11/2024 10:00:00,SCA|NO2,mFRR,Not Specified,Not Specified,MARGINAL,70.0,62.74
23/11/2024 10:00:00 - 23/11/2024 11:00:00,SCA|NO2,mFRR,Not Specified,Not Specified,MARGINAL,70.0,64.06
23/11/2024 11:00:00 - 23/11/2024 12:00:00,SCA|NO2,mFRR,Not Specified,Not Specified,MARGINAL,68.5,63.35
23/11/2024 12:00:00 - 23/11/2024 13:00:00,SCA|NO2,mFRR,Not Specified,Not Specified,MARGINAL,63.77,63.77
23/11/2024 13:00:00 - 23/11/2024 14:00:00,SCA|NO2,mFRR,Not Specified,Not Specified,MARGINAL,64.14,64.14
23/11/2024 14:00:00 - 23/11/2024 15:00:00,SCA|NO2,mFRR,Not Specified,Not Specified,MARGINAL,65.0,65.0
23/11/2024 15:00:00 - 23/11/2024 16:00:00,SCA|NO2,mFRR,Not Specified,Not Specified,MARGINAL,64.64,51.62
23/11/2024 16:00:00 - 23/11/2024 17:00:00,SCA|NO2,mFRR,Not Specified,Not Specified,MARGINAL,69.52,42.0
23/11/2024 17:00:00 - 23/11/2024 18:00:00,SCA|NO2,mFRR,Not Specified,Not Specified,MARGINAL,72.87,40.0
23/11/2024 18:00:00 - 23/11/2024 19:00:00,SCA|NO2,mFRR,Not Specified,Not Specified,MARGINAL,66.57,37.5
23/11/2024 19:00:00 - 23/11/2024 20:00:00,SCA|NO2,mFRR,Not Specified,Not Specified,MARGINAL,62.73,33.5
23/11/2024 20:00:00 - 23/11/2024 21:00:00,SCA|NO2,mFRR,Not Specified,Not Specified,MARGINAL,52.66,33.5
23/11/2024 21:00:00 - 23/11/2024 22:00:00,SCA|NO2,mFRR,Not Specified,Not Specified,MARGINAL,46.77,30.0
23/11/2024 22:00:00 - 23/11/2024 23:00:00,SCA|NO2,mFRR,Not Specified,Not Specified,MARGINAL,43.42,30.0
23/11/2024 23:00:00 - 24/11/2024 00:00:00,SCA|NO2,mFRR,Not Specified,Not Specified,MARGINAL,31.69,31.69
24/11/2024 00:00:00 - 24/11/2024 01:00:00,SCA|NO2,mFRR,Not Specified,Not Specified,MARGINAL,29.99,29.99
24/11/2024 01:00:00 - 24/11/2024 02:00:00,SCA|NO2,mFRR,Not Specified,Not Specified,MARGINAL,34.0,20.62
24/11/2024 02:00:00 - 24/11/2024 03:00:00,SCA|NO2,mFRR,Not Specified,Not Specified,MARGINAL,34.0,18.26
24/11/2024 03:00:00 - 24/11/2024 04:00:00,SCA|NO2,mFRR,Not Specified,Not Specified,MARGINAL,13.24,13.24
24/11/2024 04:00:00 - 24/11/2024 05:00:00,SCA|NO2,mFRR,Not Specified,Not Specified,MARGINAL,34.0,19.36
24/11/2024 05:00:00 - 24/11/2024 06:00:00,SCA|NO2,mFRR,Not Specified,Not Specified,MARGINAL,39.0,16.82
24/11/2024 06:00:00 - 24/11/2024 07:00:00,SCA|NO2,mFRR,Not Specified,Not Specified,MARGINAL,33.5,11.16
24/11/2024 07:00:00 - 24/11/2024 08:00:00,SCA|NO2,mFRR,Not Specified,Not Specified,MARGINAL,33.5,12.3
24/11/2024 08:00:00 - 24/11/2024 09:00:00,SCA|NO2,mFRR,Not Specified,Not Specified,MARGINAL,31.0,16.57
24/11/2024 09:00:00 - 24/11/2024 10:00:00,SCA|NO2,mFRR,Not Specified,Not Specified,MARGINAL,17.98,17.98
24/11/2024 10:00:00 - 24/11/2024 11:00:00,SCA|NO2,mFRR,Not Specified,Not Specified,MARGINAL,33.5,24.92
24/11/2024 11:00:00 - 24/11/2024 12:00:00,SCA|NO2,mFRR,Not Specified,Not Specified,MARGINAL,42.0,28.11
24/11/2024 12:00:00 - 24/11/2024 13:00:00,SCA|NO2,mFRR,Not Specified,Not Specified,MARGINAL,43.0,29.06
24/11/2024 13:00:00 - 24/11/2024 14:00:00,SCA|NO2,mFRR,Not Specified,Not Specified,MARGINAL,43.0,28.97
24/11/2024 14:00:00 - 24/11/2024 15:00:00,SCA|NO2,mFRR,Not Specified,Not Specified,MARGINAL,43.0,29.05
24/11/2024 15:00:00 - 24/11/2024 16:00:00,SCA|NO2,mFRR,Not Specified,Not Specified,MARGINAL,46.0,32.48
24/11/2024 16:00:00 - 24/11/2024 17:00:00,SCA|NO2,mFRR,Not Specified,Not Specified,MARGINAL,44.0,34.05
24/11/2024 17:00:00 - 24/11/2024 18:00:00,SCA|NO2,mFRR,Not Specified,Not Specified,MARGINAL,46.0,35.39
24/11/2024 18:00:00 - 24/11/2024 19:00:00,SCA|NO2,mFRR,Not Specified,Not Specified,MARGINAL,46.0,37.08
24/11/2024 19:00:00 - 24/11/2024 20:00:00,SCA|NO2,mFRR,Not Specified,Not Specified,MARGINAL,44.0,35.55
24/11/2024 20:00:00 - 24/11/2024 21:00:00,SCA|NO2,mFRR,Not Specified,Not Specified,MARGINAL,41.0,34.51
24/11/2024 21:00:00 - 24/11/2024 22:00:00,SCA|NO2,mFRR,Not Specified,Not Specified,MARGINAL,31.5,29.94
24/11/2024 22:00:00 - 24/11/2024 23:00:00,SCA|NO2,mFRR,Not Specified,Not Specified,MARGINAL,24.1,24.1
24/11/2024 23:00:00 - 25/11/2024 00:00:00,SCA|NO2,mFRR,Not Specified,Not Specified,MARGINAL,14.18,14.18
25/11/2024 00:00:00 - 25/11/2024 01:00:00,SCA|NO2,mFRR,Not Specified,Not Specified,MARGINAL,15.45,15.45
25/11/2024 01:00:00 - 25/11/2024 02:00:00,SCA|NO2,mFRR,Not Specified,Not Specified,MARGINAL,12.38,12.38
25/11/2024 02:00:00 - 25/11/2024 03:00:00,SCA|NO2,mFRR,Not Specified,Not Specified,MARGINAL,9.33,9.33
25/11/2024 03:00:00 - 25/11/2024 04:00:00,SCA|NO2,mFRR,Not Specified,Not Specified,MARGINAL,9.78,5.0
25/11/2024 04:00:00 - 25/11/2024 05:00:00,SCA|NO2,mFRR,Not Specified,Not Specified,MARGINAL,12.47,1.0
25/11/2024 05:00:00 - 25/11/2024 06:00:00,SCA|NO2,mFRR,Not Specified,Not Specified,MARGINAL,21.14,5.0
25/11/2024 06:00:00 - 25/11/2024 07:00:00,SCA|NO2,mFRR,Not Specified,Not Specified,MARGINAL,33.0,29.7
25/11/2024 07:00:00 - 25/11/2024 08:00:00,SCA|NO2,mFRR,Not Specified,Not Specified,MARGINAL,42.04,36.0
25/11/2024 08:00:00 - 25/11/2024 09:00:00,SCA|NO2,mFRR,Not Specified,Not Specified,MARGINAL,46.23,33.0
25/11/2024 09:00:00 - 25/11/2024 10:00:00,SCA|NO2,mFRR,Not Specified,Not Specified,MARGINAL,46.14,26.5
25/11/2024 10:00:00 - 25/11/2024 11:00:00,SCA|NO2,mFRR,Not Specified,Not Specified,MARGINAL,43.58,32.5
25/11/2024 11:00:00 - 25/11/2024 12:00:00,SCA|NO2,mFRR,Not Specified,Not Specified,MARGINAL,42.61,32.5
25/11/2024 12:00:00 - 25/11/2024 13:00:00,SCA|NO2,mFRR,Not Specified,Not Specified,MARGINAL,43.27,34.0
25/11/2024 13:00:00 - 25/11/2024 14:00:00,SCA|NO2,mFRR,Not Specified,Not Specified,MARGINAL,44.95,35.0
25/11/2024 14:00:00 - 25/11/2024 15:00:00,SCA|NO2,mFRR,Not Specified,Not Specified,MARGINAL,44.95,35.0
25/11/2024 15:00:00 - 25/11/2024 16:00:00,SCA|NO2,mFRR,Not Specified,Not Specified,MARGINAL,44.78,35.0
25/11/2024 16:00:00 - 25/11/2024 17:00:00,SCA|NO2,mFRR,Not Specified,Not Specified,MARGINAL,45.02,32.0
25/11/2024 17:00:00 - 25/11/2024 18:00:00,SCA|NO2,mFRR,Not Specified,Not Specified,MARGINAL,45.74,32.0
25/11/2024 18:00:00 - 25/11/2024 19:00:00,SCA|NO2,mFRR,Not Specified,Not Specified,MARGINAL,44.94,32.0
25/11/2024 19:00:00 - 25/11/2024 20:00:00,SCA|NO2,mFRR,Not Specified,Not Specified,MARGINAL,44.82,30.0
25/11/2024 20:00:00 - 25/11/2024 21:00:00,SCA|NO2,mFRR,Not Specified,Not Specified,MARGINAL,43.84,30.0
25/11/2024 21:00:00 - 25/11/2024 22:00:00,SCA|NO2,mFRR,Not Specified,Not Specified,MARGINAL,43.7,30.5
25/11/2024 22:00:00 - 25/11/2024 23:00:00,SCA|NO2,mFRR,Not Specified,Not Specified,MARGINAL,43.19,23.0
25/11/2024 23:00:00 - 26/11/2024 00:00:00,SCA|NO2,mFRR,Not Specified,Not Specified,MARGINAL,42.77,23.0
26/11/2024 00:00:00 - 26/11/2024 01:00:00,SCA|NO2,mFRR,Not Specified,Not Specified,MARGINAL,37.45,25.0
26/11/2024 01:00:00 - 26/11/2024 02:00:00,SCA|NO2,mFRR,Not Specified,Not Specified,MARGINAL,37.5,37.5
26/11/2024 02:00:00 - 26/11/2024 03:00:00,SCA|NO2,mFRR,Not Specified,Not Specified,MARGINAL,35.67,27.5
26/11/2024 03:00:00 - 26/11/2024 04:00:00,SCA|NO2,mFRR,Not Specified,Not Specified,MARGINAL,36.17,27.5
26/11/2024 04:00:00 - 26/11/2024 05:00:00,SCA|NO2,mFRR,Not Specified,Not Specified,MARGINAL,36.44,27.5
26/11/2024 05:00:00 - 26/11/2024 06:00:00,SCA|NO2,mFRR,Not Specified,Not Specified,MARGINAL,36.27,27.5
26/11/2024 06:00:00 - 26/11/2024 07:00:00,SCA|NO2,mFRR,Not Specified,Not Specified,MARGINAL,42.21,42.21
26/11/2024 07:00:00 - 26/11/2024 08:00:00,SCA|NO2,mFRR,Not Specified,Not Specified,MARGINAL,44.03,32.0
26/11/2024 08:00:00 - 26/11/2024 09:00:00,SCA|NO2,mFRR,Not Specified,Not Specified,MARGINAL,45.53,32.0
26/11/2024 09:00:00 - 26/11/2024 10:00:00,SCA|NO2,mFRR,Not Specified,Not Specified,MARGINAL,44.95,30.0
26/11/2024 10:00:00 - 26/11/2024 11:00:00,SCA|NO2,mFRR,Not Specified,Not Specified,MARGINAL,44.06,28.5
26/11/2024 11:00:00 - 26/11/2024 12:00:00,SCA|NO2,mFRR,Not Specified,Not Specified,MARGINAL,43.42,28.5
26/11/2024 12:00:00 - 26/11/2024 13:00:00,SCA|NO2,mFRR,Not Specified,Not Specified,MARGINAL,43.47,28.0
26/11/2024 13:00:00 - 26/11/2024 14:00:00,SCA|NO2,mFRR,Not Specified,Not Specified,MARGINAL,43.56,25.0
26/11/2024 14:00:00 - 26/11/2024 15:00:00,SCA|NO2,mFRR,Not Specified,Not Specified,MARGINAL,44.25,28.0
26/11/2024 15:00:00 - 26/11/2024 16:00:00,SCA|NO2,mFRR,Not Specified,Not Specified,MARGINAL,45.72,42.0
26/11/2024 16:00:00 - 26/11/2024 17:00:00,SCA|NO2,mFRR,Not Specified,Not Specified,MARGINAL,46.08,46.08
26/11/2024 17:00:00 - 26/11/2024 18:00:00,SCA|NO2,mFRR,Not Specified,Not Specified,MARGINAL,46.25,46.25
26/11/2024 18:00:00 - 26/11/2024 19:00:00,SCA|NO2,mFRR,Not Specified,Not Specified,MARGINAL,46.26,41.0
26/11/2024 19:00:00 - 26/11/2024 20:00:00,SCA|NO2,mFRR,Not Specified,Not Specified,MARGINAL,46.11,41.0
26/11/2024 20:00:00 - 26/11/2024 21:00:00,SCA|NO2,mFRR,Not Specified,Not Specified,MARGINAL,45.87,36.0
26/11/2024 21:00:00 - 26/11/2024 22:00:00,SCA|NO2,mFRR,Not Specified,Not Specified,MARGINAL,46.12,36.5
26/11/2024 22:00:00 - 26/11/2024 23:00:00,SCA|NO2,mFRR,Not Specified,Not Specified,MARGINAL,45.41,45.41
26/11/2024 23:00:00 - 27/11/2024 00:00:00,SCA|NO2,mFRR,Not Specified,Not Specified,MARGINAL,45.52,45.52
27/11/2024 00:00:00 - 27/11/2024 01:00:00,SCA|NO2,mFRR,Not Specified,Not Specified,MARGINAL,44.5,44.5
27/11/2024 01:00:00 - 27/11/2024 02:00:00,SCA|NO2,mFRR,Not Specified,Not Specified,MARGINAL,44.3,44.3
27/11/2024 02:00:00 - 27/11/2024 03:00:00,SCA|NO2,mFRR,Not Specified,Not Specified,MARGINAL,44.7,44.7
27/11/2024 03:00:00 - 27/11/2024 04:00:00,SCA|NO2,mFRR,Not Specified,Not Specified,MARGINAL,45.0,45.0
27/11/2024 04:00:00 - 27/11/2024 05:00:00,SCA|NO2,mFRR,Not Specified,Not Specified,MARGINAL,46.1,46.1
27/11/2024 05:00:00 - 27/11/2024 06:00:00,SCA|NO2,mFRR,Not Specified,Not Specified,MARGINAL,46.55,46.55
27/11/2024 06:00:00 - 27/11/2024 07:00:00,SCA|NO2,mFRR,Not Specified,Not Specified,MARGINAL,50.4,50.4
27/11/2024 07:00:00 - 27/11/2024 08:00:00,SCA|NO2,mFRR,Not Specified,Not Specified,MARGINAL,69.7,69.7
27/11/2024 08:00:00 - 27/11/2024 09:00:00,SCA|NO2,mFRR,Not Specified,Not Specified,MARGINAL,74.77,74.77
27/11/2024 09:00:00 - 27/11/2024 10:00:00,SCA|NO2,mFRR,Not Specified,Not Specified,MARGINAL,72.91,72.91
27/11/2024 10:00:00 - 27/11/2024 11:00:00,SCA|NO2,mFRR,Not Specified,Not Specified,MARGINAL,74.62,74.62
27/11/2024 11:00:00 - 27/11/2024 12:00:00,SCA|NO2,mFRR,Not Specified,Not Specified,MARGINAL,74.47,70.97
27/11/2024 12:00:00 - 27/11/2024 13:00:00,SCA|NO2,mFRR,Not Specified,Not Specified,MARGINAL,75.53,75.32
27/11/2024 13:00:00 - 27/11/2024 14:00:00,SCA|NO2,mFRR,Not Specified,Not Specified,MARGINAL,70.81,70.81
27/11/2024 14:00:00 - 27/11/2024 15:00:00,SCA|NO2,mFRR,Not Specified,Not Specified,MARGINAL,68.17,55.83
27/11/2024 15:00:00 - 27/11/2024 16:00:00,SCA|NO2,mFRR,Not Specified,Not Specified,MARGINAL,70.75,55.0
27/11/2024 16:00:00 - 27/11/2024 17:00:00,SCA|NO2,mFRR,Not Specified,Not Specified,MARGINAL,74.91,55.0
27/11/2024 17:00:00 - 27/11/2024 18:00:00,SCA|NO2,mFRR,Not Specified,Not Specified,MARGINAL,103.61,73.5
27/11/2024 18:00:00 - 27/11/2024 19:00:00,SCA|NO2,mFRR,Not Specified,Not Specified,MARGINAL,104.66,61.81
27/11/2024 19:00:00 - 27/11/2024 20:00:00,SCA|NO2,mFRR,Not Specified,Not Specified,MARGINAL,94.24,61.81
27/11/2024 20:00:00 - 27/11/2024 21:00:00,SCA|NO2,mFRR,Not Specified,Not Specified,MARGINAL,74.1,55.0
27/11/2024 21:00:00 - 27/11/2024 22:00:00,SCA|NO2,mFRR,Not Specified,Not Specified,MARGINAL,69.52,49.0
27/11/2024 22:00:00 - 27/11/2024 23:00:00,SCA|NO2,mFRR,Not Specified,Not Specified,MARGINAL,61.74,47.5
27/11/2024 23:00:00 - 28/11/2024 00:00:00,SCA|NO2,mFRR,Not Specified,Not Specified,MARGINAL,47.22,42.0
28/11/2024 00:00:00 - 28/11/2024 01:00:00,SCA|NO2,mFRR,Not Specified,Not Specified,MARGINAL,47.41,41.5
28/11/2024 01:00:00 - 28/11/2024 02:00:00,SCA|NO2,mFRR,Not Specified,Not Specified,MARGINAL,40.14,38.0
28/11/2024 02:00:00 - 28/11/2024 03:00:00,SCA|NO2,mFRR,Not Specified,Not Specified,MARGINAL,33.99,32.5
28/11/2024 03:00:00 - 28/11/2024 04:00:00,SCA|NO2,mFRR,Not Specified,Not Specified,MARGINAL,33.1,31.0
28/11/2024 04:00:00 - 28/11/2024 05:00:00,SCA|NO2,mFRR,Not Specified,Not Specified,MARGINAL,37.26,32.5
28/11/2024 05:00:00 - 28/11/2024 06:00:00,SCA|NO2,mFRR,Not Specified,Not Specified,MARGINAL,46.2,46.2
28/11/2024 06:00:00 - 28/11/2024 07:00:00,SCA|NO2,mFRR,Not Specified,Not Specified,MARGINAL,59.3,59.3
28/11/2024 07:00:00 - 28/11/2024 08:00:00,SCA|NO2,mFRR,Not Specified,Not Specified,MARGINAL,88.0,85.3
28/11/2024 08:00:00 - 28/11/2024 09:00:00,SCA|NO2,mFRR,Not Specified,Not Specified,MARGINAL,102.0,98.87
28/11/2024 09:00:00 - 28/11/2024 10:00:00,SCA|NO2,mFRR,Not Specified,Not Specified,MARGINAL,92.72,92.72
28/11/2024 10:00:00 - 28/11/2024 11:00:00,SCA|NO2,mFRR,Not Specified,Not Specified,MARGINAL,82.64,82.64
28/11/2024 11:00:00 - 28/11/2024 12:00:00,SCA|NO2,mFRR,Not Specified,Not Specified,MARGINAL,70.42,70.42
28/11/2024 12:00:00 - 28/11/2024 13:00:00,SCA|NO2,mFRR,Not Specified,Not Specified,MARGINAL,67.38,67.38
28/11/2024 13:00:00 - 28/11/2024 14:00:00,SCA|NO2,mFRR,Not Specified,Not Specified,MARGINAL,66.13,66.13
28/11/2024 14:00:00 - 28/11/2024 15:00:00,SCA|NO2,mFRR,Not Specified,Not Specified,MARGINAL,185.0,83.28
28/11/2024 15:00:00 - 28/11/2024 16:00:00,SCA|NO2,mFRR,Not Specified,Not Specified,MARGINAL,125.0,79.79
28/11/2024 16:00:00 - 28/11/2024 17:00:00,SCA|NO2,mFRR,Not Specified,Not Specified,MARGINAL,109.33,109.33
28/11/2024 17:00:00 - 28/11/2024 18:00:00,SCA|NO2,mFRR,Not Specified,Not Specified,MARGINAL,144.86,80.0
28/11/2024 18:00:00 - 28/11/2024 19:00:00,SCA|NO2,mFRR,Not Specified,Not Specified,MARGINAL,153.36,80.0
28/11/2024 19:00:00 - 28/11/2024 20:00:00,SCA|NO2,mFRR,Not Specified,Not Specified,MARGINAL,149.17,149.17
28/11/2024 20:00:00 - 28/11/2024 21:00:00,SCA|NO2,mFRR,Not Specified,Not Specified,MARGINAL,139.21,139.21
28/11/2024 21:00:00 - 28/11/2024 22:00:00,SCA|NO2,mFRR,Not Specified,Not Specified,MARGINAL,128.05,128.05
28/11/2024 22:00:00 - 28/11/2024 23:00:00,SCA|NO2,mFRR,Not Specified,Not Specified,MARGINAL,117.22,117.22
28/11/2024 23:00:00 - 29/11/2024 00:00:00,SCA|NO2,mFRR,Not Specified,Not Specified,MARGINAL,65.0,59.47
29/11/2024 00:00:00 - 29/11/2024 01:00:00,SCA|NO2,mFRR,Not Specified,Not Specified,MARGINAL,60.5,47.53
29/11/2024 01:00:00 - 29/11/2024 02:00:00,SCA|NO2,mFRR,Not Specified,Not Specified,MARGINAL,60.5,45.86
29/11/2024 02:00:00 - 29/11/2024 03:00:00,SCA|NO2,mFRR,Not Specified,Not Specified,MARGINAL,60.5,45.79
29/11/2024 03:00:00 - 29/11/2024 04:00:00,SCA|NO2,mFRR,Not Specified,Not Specified,MARGINAL,60.5,45.54
29/11/2024 04:00:00 - 29/11/2024 05:00:00,SCA|NO2,mFRR,Not Specified,Not Specified,MARGINAL,60.5,45.13
29/11/2024 05:00:00 - 29/11/2024 06:00:00,SCA|NO2,mFRR,Not Specified,Not Specified,MARGINAL,60.0,46.19
29/11/2024 06:00:00 - 29/11/2024 07:00:00,SCA|NO2,mFRR,Not Specified,Not Specified,MARGINAL,58.0,57.97
29/11/2024 07:00:00 - 29/11/2024 08:00:00,SCA|NO2,mFRR,Not Specified,Not Specified,MARGINAL,73.0,72.94
29/11/2024 08:00:00 - 29/11/2024 09:00:00,SCA|NO2,mFRR,Not Specified,Not Specified,MARGINAL,76.38,76.38
29/11/2024 09:00:00 - 29/11/2024 10:00:00,SCA|NO2,mFRR,Not Specified,Not Specified,MARGINAL,68.0,65.96
29/11/2024 10:00:00 - 29/11/2024 11:00:00,SCA|NO2,mFRR,Not Specified,Not Specified,MARGINAL,62.0,57.91
29/11/2024 11:00:00 - 29/11/2024 12:00:00,SCA|NO2,mFRR,Not Specified,Not Specified,MARGINAL,60.5,53.95
29/11/2024 12:00:00 - 29/11/2024 13:00:00,SCA|NO2,mFRR,Not Specified,Not Specified,MARGINAL,60.5,50.52
29/11/2024 13:00:00 - 29/11/2024 14:00:00,SCA|NO2,mFRR,Not Specified,Not Specified,MARGINAL,61.0,48.87
29/11/2024 14:00:00 - 29/11/2024 15:00:00,SCA|NO2,mFRR,Not Specified,Not Specified,MARGINAL,61.0,48.27
29/11/2024 15:00:00 - 29/11/2024 16:00:00,SCA|NO2,mFRR,Not Specified,Not Specified,MARGINAL,48.45,48.45
29/11/2024 16:00:00 - 29/11/2024 17:00:00,SCA|NO2,mFRR,Not Specified,Not Specified,MARGINAL,51.02,51.02
29/11/2024 17:00:00 - 29/11/2024 18:00:00,SCA|NO2,mFRR,Not Specified,Not Specified,MARGINAL,50.89,50.89
29/11/2024 18:00:00 - 29/11/2024 19:00:00,SCA|NO2,mFRR,Not Specified,Not Specified,MARGINAL,45.63,45.63
29/11/2024 19:00:00 - 29/11/2024 20:00:00,SCA|NO2,mFRR,Not Specified,Not Specified,MARGINAL,44.87,44.87
29/11/2024 20:00:00 - 29/11/2024 21:00:00,SCA|NO2,mFRR,Not Specified,Not Specified,MARGINAL,43.85,43.85
29/11/2024 21:00:00 - 29/11/2024 22:00:00,SCA|NO2,mFRR,Not Specified,Not Specified,MARGINAL,43.25,43.25
29/11/2024 22:00:00 - 29/11/2024 23:00:00,SCA|NO2,mFRR,Not Specified,Not Specified,MARGINAL,42.86,42.86
29/11/2024 23:00:00 - 30/11/2024 00:00:00,SCA|NO2,mFRR,Not Specified,Not Specified,MARGINAL,41.7,41.7
30/11/2024 00:00:00 - 30/11/2024 01:00:00,SCA|NO2,mFRR,Not Specified,Not Specified,MARGINAL,39.84,39.84
30/11/2024 01:00:00 - 30/11/2024 02:00:00,SCA|NO2,mFRR,Not Specified,Not Specified,MARGINAL,39.29,29.0
30/11/2024 02:00:00 - 30/11/2024 03:00:00,SCA|NO2,mFRR,Not Specified,Not Specified,MARGINAL,38.86,30.0
30/11/2024 03:00:00 - 30/11/2024 04:00:00,SCA|NO2,mFRR,Not Specified,Not Specified,MARGINAL,38.76,38.76
30/11/2024 04:00:00 - 30/11/2024 05:00:00,SCA|NO2,mFRR,Not Specified,Not Specified,MARGINAL,37.93,32.5
30/11/2024 05:00:00 - 30/11/2024 06:00:00,SCA|NO2,mFRR,Not Specified,Not Specified,MARGINAL,36.17,32.5
30/11/2024 06:00:00 - 30/11/2024 07:00:00,SCA|NO2,mFRR,Not Specified,Not Specified,MARGINAL,36.92,29.0
30/11/2024 07:00:00 - 30/11/2024 08:00:00,SCA|NO2,mFRR,Not Specified,Not Specified,MARGINAL,38.74,25.5
30/11/2024 08:00:00 - 30/11/2024 09:00:00,SCA|NO2,mFRR,Not Specified,Not Specified,MARGINAL,39.71,25.5
30/11/2024 09:00:00 - 30/11/2024 10:00:00,SCA|NO2,mFRR,Not Specified,Not Specified,MARGINAL,40.59,25.5
30/11/2024 10:00:00 - 30/11/2024 11:00:00,SCA|NO2,mFRR,Not Specified,Not Specified,MARGINAL,40.48,25.5
30/11/2024 11:00:00 - 30/11/2024 12:00:00,SCA|NO2,mFRR,Not Specified,Not Specified,MARGINAL,41.16,26.0
30/11/2024 12:00:00 - 30/11/2024 13:00:00,SCA|NO2,mFRR,Not Specified,Not Specified,MARGINAL,40.87,30.0
30/11/2024 13:00:00 - 30/11/2024 14:00:00,SCA|NO2,mFRR,Not Specified,Not Specified,MARGINAL,41.94,41.94
30/11/2024 14:00:00 - 30/11/2024 15:00:00,SCA|NO2,mFRR,Not Specified,Not Specified,MARGINAL,41.96,41.96
30/11/2024 15:00:00 - 30/11/2024 16:00:00,SCA|NO2,mFRR,Not Specified,Not Specified,MARGINAL,42.08,42.08
30/11/2024 16:00:00 - 30/11/2024 17:00:00,SCA|NO2,mFRR,Not Specified,Not Specified,MARGINAL,42.8,42.8
30/11/2024 17:00:00 - 30/11/2024 18:00:00,SCA|NO2,mFRR,Not Specified,Not Specified,MARGINAL,42.89,42.89
30/11/2024 18:00:00 - 30/11/2024 19:00:00,SCA|NO2,mFRR,Not Specified,Not Specified,MARGINAL,42.34,42.34
30/11/2024 19:00:00 - 30/11/2024 20:00:00,SCA|NO2,mFRR,Not Specified,Not Specified,MARGINAL,41.92,36.0
30/11/2024 20:00:00 - 30/11/2024 21:00:00,SCA|NO2,mFRR,Not Specified,Not Specified,MARGINAL,41.76,36.0
30/11/2024 21:00:00 - 30/11/2024 22:00:00,SCA|NO2,mFRR,Not Specified,Not Specified,MARGINAL,41.39,41.39
30/11/2024 22:00:00 - 30/11/2024 23:00:00,SCA|NO2,mFRR,Not Specified,Not Specified,MARGINAL,40.6,40.6
30/11/2024 23:00:00 - 01/12/2024 00:00:00,SCA|NO2,mFRR,Not Specified,Not Specified,MARGINAL,40.0,40.0
01/12/2024 00:00:00 - 01/12/2024 01:00:00,SCA|NO2,mFRR,Not Specified,Not Specified,MARGINAL,38.45,33.0
01/12/2024 01:00:00 - 01/12/2024 02:00:00,SCA|NO2,mFRR,Not Specified,Not Specified,MARGINAL,38.53,33.0
01/12/2024 02:00:00 - 01/12/2024 03:00:00,SCA|NO2,mFRR,Not Specified,Not Specified,MARGINAL,38.4,30.0
01/12/2024 03:00:00 - 01/12/2024 04:00:00,SCA|NO2,mFRR,Not Specified,Not Specified,MARGINAL,38.3,30.0
01/12/2024 04:00:00 - 01/12/2024 05:00:00,SCA|NO2,mFRR,Not Specified,Not Specified,MARGINAL,38.26,30.0
01/12/2024 05:00:00 - 01/12/2024 06:00:00,SCA|NO2,mFRR,Not Specified,Not Specified,MARGINAL,38.42,30.0
01/12/2024 06:00:00 - 01/12/2024 07:00:00,SCA|NO2,mFRR,Not Specified,Not Specified,MARGINAL,38.63,30.0
01/12/2024 07:00:00 - 01/12/2024 08:00:00,SCA|NO2,mFRR,Not Specified,Not Specified,MARGINAL,38.92,30.0
01/12/2024 08:00:00 - 01/12/2024 09:00:00,SCA|NO2,mFRR,Not Specified,Not Specified,MARGINAL,38.9,30.0
01/12/2024 09:00:00 - 01/12/2024 10:00:00,SCA|NO2,mFRR,Not Specified,Not Specified,MARGINAL,39.11,29.0
01/12/2024 10:00:00 - 01/12/2024 11:00:00,SCA|NO2,mFRR,Not Specified,Not Specified,MARGINAL,39.32,30.0
01/12/2024 11:00:00 - 01/12/2024 12:00:00,SCA|NO2,mFRR,Not Specified,Not Specified,MARGINAL,39.62,30.5
01/12/2024 12:00:00 - 01/12/2024 13:00:00,SCA|NO2,mFRR,Not Specified,Not Specified,MARGINAL,39.43,31.0
01/12/2024 13:00:00 - 01/12/2024 14:00:00,SCA|NO2,mFRR,Not Specified,Not Specified,MARGINAL,39.42,32.0
01/12/2024 14:00:00 - 01/12/2024 15:00:00,SCA|NO2,mFRR,Not Specified,Not Specified,MARGINAL,39.57,30.5
01/12/2024 15:00:00 - 01/12/2024 16:00:00,SCA|NO2,mFRR,Not Specified,Not Specified,MARGINAL,39.53,31.5
01/12/2024 16:00:00 - 01/12/2024 17:00:00,SCA|NO2,mFRR,Not Specified,Not Specified,MARGINAL,39.88,39.88
01/12/2024 17:00:00 - 01/12/2024 18:00:00,SCA|NO2,mFRR,Not Specified,Not Specified,MARGINAL,39.97,39.97
01/12/2024 18:00:00 - 01/12/2024 19:00:00,SCA|NO2,mFRR,Not Specified,Not Specified,MARGINAL,39.82,39.82
01/12/2024 19:00:00 - 01/12/2024 20:00:00,SCA|NO2,mFRR,Not Specified,Not Specified,MARGINAL,39.4,35.8
01/12/2024 20:00:00 - 01/12/2024 21:00:00,SCA|NO2,mFRR,Not Specified,Not Specified,MARGINAL,39.21,34.0
01/12/2024 21:00:00 - 01/12/2024 22:00:00,SCA|NO2,mFRR,Not Specified,Not Specified,MARGINAL,38.83,30.84
01/12/2024 22:00:00 - 01/12/2024 23:00:00,SCA|NO2,mFRR,Not Specified,Not Specified,MARGINAL,38.92,30.84
01/12/2024 23:00:00 - 02/12/2024 00:00:00,SCA|NO2,mFRR,Not Specified,Not Specified,MARGINAL,38.67,35.0
02/12/2024 00:00:00 - 02/12/2024 01:00:00,SCA|NO2,mFRR,Not Specified,Not Specified,MARGINAL,39.0,35.05
02/12/2024 01:00:00 - 02/12/2024 02:00:00,SCA|NO2,mFRR,Not Specified,Not Specified,MARGINAL,39.0,32.81
02/12/2024 02:00:00 - 02/12/2024 03:00:00,SCA|NO2,mFRR,Not Specified,Not Specified,MARGINAL,37.0,30.57
02/12/2024 03:00:00 - 02/12/2024 04:00:00,SCA|NO2,mFRR,Not Specified,Not Specified,MARGINAL,37.0,30.5
02/12/2024 04:00:00 - 02/12/2024 05:00:00,SCA|NO2,mFRR,Not Specified,Not Specified,MARGINAL,34.5,30.84
02/12/2024 05:00:00 - 02/12/2024 06:00:00,SCA|NO2,mFRR,Not Specified,Not Specified,MARGINAL,37.4,37.4
02/12/2024 06:00:00 - 02/12/2024 07:00:00,SCA|NO2,mFRR,Not Specified,Not Specified,MARGINAL,40.5,39.32
02/12/2024 07:00:00 - 02/12/2024 08:00:00,SCA|NO2,mFRR,Not Specified,Not Specified,MARGINAL,47.0,40.72
02/12/2024 08:00:00 - 02/12/2024 09:00:00,SCA|NO2,mFRR,Not Specified,Not Specified,MARGINAL,47.0,41.98
02/12/2024 09:00:00 - 02/12/2024 10:00:00,SCA|NO2,mFRR,Not Specified,Not Specified,MARGINAL,47.0,41.8
02/12/2024 10:00:00 - 02/12/2024 11:00:00,SCA|NO2,mFRR,Not Specified,Not Specified,MARGINAL,47.0,42.12
02/12/2024 11:00:00 - 02/12/2024 12:00:00,SCA|NO2,mFRR,Not Specified,Not Specified,MARGINAL,53.0,41.94
02/12/2024 12:00:00 - 02/12/2024 13:00:00,SCA|NO2,mFRR,Not Specified,Not Specified,MARGINAL,53.0,41.74
02/12/2024 13:00:00 - 02/12/2024 14:00:00,SCA|NO2,mFRR,Not Specified,Not Specified,MARGINAL,53.0,41.63
02/12/2024 14:00:00 - 02/12/2024 15:00:00,SCA|NO2,mFRR,Not Specified,Not Specified,MARGINAL,55.5,41.49
02/12/2024 15:00:00 - 02/12/2024 16:00:00,SCA|NO2,mFRR,Not Specified,Not Specified,MARGINAL,60.5,41.94
02/12/2024 16:00:00 - 02/12/2024 17:00:00,SCA|NO2,mFRR,Not Specified,Not Specified,MARGINAL,60.5,42.49
02/12/2024 17:00:00 - 02/12/2024 18:00:00,SCA|NO2,mFRR,Not Specified,Not Specified,MARGINAL,60.5,41.99
02/12/2024 18:00:00 - 02/12/2024 19:00:00,SCA|NO2,mFRR,Not Specified,Not Specified,MARGINAL,53.0,41.63
02/12/2024 19:00:00 - 02/12/2024 20:00:00,SCA|NO2,mFRR,Not Specified,Not Specified,MARGINAL,50.0,40.59
02/12/2024 20:00:00 - 02/12/2024 21:00:00,SCA|NO2,mFRR,Not Specified,Not Specified,MARGINAL,49.0,39.99
02/12/2024 21:00:00 - 02/12/2024 22:00:00,SCA|NO2,mFRR,Not Specified,Not Specified,MARGINAL,48.0,39.54
02/12/2024 22:00:00 - 02/12/2024 23:00:00,SCA|NO2,mFRR,Not Specified,Not Specified,MARGINAL,48.0,38.89
02/12/2024 23:00:00 - 03/12/2024 00:00:00,SCA|NO2,mFRR,Not Specified,Not Specified,MARGINAL,45.5,38.66
03/12/2024 00:00:00 - 03/12/2024 01:00:00,SCA|NO2,mFRR,Not Specified,Not Specified,MARGINAL,45.0,40.66
03/12/2024 01:00:00 - 03/12/2024 02:00:00,SCA|NO2,mFRR,Not Specified,Not Specified,MARGINAL,53.0,41.46
03/12/2024 02:00:00 - 03/12/2024 03:00:00,SCA|NO2,mFRR,Not Specified,Not Specified,MARGINAL,53.0,41.62
03/12/2024 03:00:00 - 03/12/2024 04:00:00,SCA|NO2,mFRR,Not Specified,Not Specified,MARGINAL,45.0,41.8
03/12/2024 04:00:00 - 03/12/2024 05:00:00,SCA|NO2,mFRR,Not Specified,Not Specified,MARGINAL,41.93,41.93
03/12/2024 05:00:00 - 03/12/2024 06:00:00,SCA|NO2,mFRR,Not Specified,Not Specified,MARGINAL,42.54,42.54
03/12/2024 06:00:00 - 03/12/2024 07:00:00,SCA|NO2,mFRR,Not Specified,Not Specified,MARGINAL,49.98,49.98
03/12/2024 07:00:00 - 03/12/2024 08:00:00,SCA|NO2,mFRR,Not Specified,Not Specified,MARGINAL,116.44,116.44
03/12/2024 08:00:00 - 03/12/2024 09:00:00,SCA|NO2,mFRR,Not Specified,Not Specified,MARGINAL,126.27,126.27
03/12/2024 09:00:00 - 03/12/2024 10:00:00,SCA|NO2,mFRR,Not Specified,Not Specified,MARGINAL,117.16,117.16
03/12/2024 10:00:00 - 03/12/2024 11:00:00,SCA|NO2,mFRR,Not Specified,Not Specified,MARGINAL,101.41,101.41
03/12/2024 11:00:00 - 03/12/2024 12:00:00,SCA|NO2,mFRR,Not Specified,Not Specified,MARGINAL,67.31,67.31
03/12/2024 12:00:00 - 03/12/2024 13:00:00,SCA|NO2,mFRR,Not Specified,Not Specified,MARGINAL,64.54,64.54
03/12/2024 13:00:00 - 03/12/2024 14:00:00,SCA|NO2,mFRR,Not Specified,Not Specified,MARGINAL,56.87,41.0
03/12/2024 14:00:00 - 03/12/2024 15:00:00,SCA|NO2,mFRR,Not Specified,Not Specified,MARGINAL,63.43,41.0
03/12/2024 15:00:00 - 03/12/2024 16:00:00,SCA|NO2,mFRR,Not Specified,Not Specified,MARGINAL,65.62,43.5
03/12/2024 16:00:00 - 03/12/2024 17:00:00,SCA|NO2,mFRR,Not Specified,Not Specified,MARGINAL,77.14,75.09
03/12/2024 17:00:00 - 03/12/2024 18:00:00,SCA|NO2,mFRR,Not Specified,Not Specified,MARGINAL,203.9,99.5
03/12/2024 18:00:00 - 03/12/2024 19:00:00,SCA|NO2,mFRR,Not Specified,Not Specified,MARGINAL,192.04,100.0
03/12/2024 19:00:00 - 03/12/2024 20:00:00,SCA|NO2,mFRR,Not Specified,Not Specified,MARGINAL,184.85,90.0
03/12/2024 20:00:00 - 03/12/2024 21:00:00,SCA|NO2,mFRR,Not Specified,Not Specified,MARGINAL,164.11,164.11
03/12/2024 21:00:00 - 03/12/2024 22:00:00,SCA|NO2,mFRR,Not Specified,Not Specified,MARGINAL,148.77,148.77
03/12/2024 22:00:00 - 03/12/2024 23:00:00,SCA|NO2,mFRR,Not Specified,Not Specified,MARGINAL,125.38,125.38
03/12/2024 23:00:00 - 04/12/2024 00:00:00,SCA|NO2,mFRR,Not Specified,Not Specified,MARGINAL,55.83,55.83
04/12/2024 00:00:00 - 04/12/2024 01:00:00,SCA|NO2,mFRR,Not Specified,Not Specified,MARGINAL,59.0,56.19
04/12/2024 01:00:00 - 04/12/2024 02:00:00,SCA|NO2,mFRR,Not Specified,Not Specified,MARGINAL,59.0,51.77
04/12/2024 02:00:00 - 04/12/2024 03:00:00,SCA|NO2,mFRR,Not Specified,Not Specified,MARGINAL,61.0,53.21
04/12/2024 03:00:00 - 04/12/2024 04:00:00,SCA|NO2,mFRR,Not Specified,Not Specified,MARGINAL,61.0,54.19
04/12/2024 04:00:00 - 04/12/2024 05:00:00,SCA|NO2,mFRR,Not Specified,Not Specified,MARGINAL,61.0,54.74
04/12/2024 05:00:00 - 04/12/2024 06:00:00,SCA|NO2,mFRR,Not Specified,Not Specified,MARGINAL,65.31,65.31
04/12/2024 06:00:00 - 04/12/2024 07:00:00,SCA|NO2,mFRR,Not Specified,Not Specified,MARGINAL,138.92,51.0
04/12/2024 07:00:00 - 04/12/2024 08:00:00,SCA|NO2,mFRR,Not Specified,Not Specified,MARGINAL,184.48,80.0
04/12/2024 08:00:00 - 04/12/2024 09:00:00,SCA|NO2,mFRR,Not Specified,Not Specified,MARGINAL,258.04,195.0
04/12/2024 09:00:00 - 04/12/2024 10:00:00,SCA|NO2,mFRR,Not Specified,Not Specified,MARGINAL,236.39,236.39
04/12/2024 10:00:00 - 04/12/2024 11:00:00,SCA|NO2,mFRR,Not Specified,Not Specified,MARGINAL,196.6,196.6
04/12/2024 11:00:00 - 04/12/2024 12:00:00,SCA|NO2,mFRR,Not Specified,Not Specified,MARGINAL,185.85,185.85
04/12/2024 12:00:00 - 04/12/2024 13:00:00,SCA|NO2,mFRR,Not Specified,Not Specified,MARGINAL,109.23,87.28
04/12/2024 13:00:00 - 04/12/2024 14:00:00,SCA|NO2,mFRR,Not Specified,Not Specified,MARGINAL,185.78,88.71
04/12/2024 14:00:00 - 04/12/2024 15:00:00,SCA|NO2,mFRR,Not Specified,Not Specified,MARGINAL,107.22,107.22
04/12/2024 15:00:00 - 04/12/2024 16:00:00,SCA|NO2,mFRR,Not Specified,Not Specified,MARGINAL,109.82,109.82
04/12/2024 16:00:00 - 04/12/2024 17:00:00,SCA|NO2,mFRR,Not Specified,Not Specified,MARGINAL,108.88,108.88
04/12/2024 17:00:00 - 04/12/2024 18:00:00,SCA|NO2,mFRR,Not Specified,Not Specified,MARGINAL,94.54,94.54
04/12/2024 18:00:00 - 04/12/2024 19:00:00,SCA|NO2,mFRR,Not Specified,Not Specified,MARGINAL,89.68,89.68
04/12/2024 19:00:00 - 04/12/2024 20:00:00,SCA|NO2,mFRR,Not Specified,Not Specified,MARGINAL,68.45,68.45
04/12/2024 20:00:00 - 04/12/2024 21:00:00,SCA|NO2,mFRR,Not Specified,Not Specified,MARGINAL,75.6,70.02
04/12/2024 21:00:00 - 04/12/2024 22:00:00,SCA|NO2,mFRR,Not Specified,Not Specified,MARGINAL,79.54,79.54
04/12/2024 22:00:00 - 04/12/2024 23:00:00,SCA|NO2,mFRR,Not Specified,Not Specified,MARGINAL,113.71,113.71
04/12/2024 23:00:00 - 05/12/2024 00:00:00,SCA|NO2,mFRR,Not Specified,Not Specified,MARGINAL,64.54,64.54
05/12/2024 00:00:00 - 05/12/2024 01:00:00,SCA|NO2,mFRR,Not Specified,Not Specified,MARGINAL,56.0,47.56
05/12/2024 01:00:00 - 05/12/2024 02:00:00,SCA|NO2,mFRR,Not Specified,Not Specified,MARGINAL,56.0,46.96
05/12/2024 02:00:00 - 05/12/2024 03:00:00,SCA|NO2,mFRR,Not Specified,Not Specified,MARGINAL,60.0,47.25
05/12/2024 03:00:00 - 05/12/2024 04:00:00,SCA|NO2,mFRR,Not Specified,Not Specified,MARGINAL,60.0,46.65
05/12/2024 04:00:00 - 05/12/2024 05:00:00,SCA|NO2,mFRR,Not Specified,Not Specified,MARGINAL,66.0,46.64
05/12/2024 05:00:00 - 05/12/2024 06:00:00,SCA|NO2,mFRR,Not Specified,Not Specified,MARGINAL,66.0,48.06
05/12/2024 06:00:00 - 05/12/2024 07:00:00,SCA|NO2,mFRR,Not Specified,Not Specified,MARGINAL,81.0,71.21
05/12/2024 07:00:00 - 05/12/2024 08:00:00,SCA|NO2,mFRR,Not Specified,Not Specified,MARGINAL,97.0,95.98
05/12/2024 08:00:00 - 05/12/2024 09:00:00,SCA|NO2,mFRR,Not Specified,Not Specified,MARGINAL,116.0,110.71
05/12/2024 09:00:00 - 05/12/2024 10:00:00,SCA|NO2,mFRR,Not Specified,Not Specified,MARGINAL,88.0,86.72
05/12/2024 10:00:00 - 05/12/2024 11:00:00,SCA|NO2,mFRR,Not Specified,Not Specified,MARGINAL,79.84,79.84
05/12/2024 11:00:00 - 05/12/2024 12:00:00,SCA|NO2,mFRR,Not Specified,Not Specified,MARGINAL,69.79,69.79
05/12/2024 12:00:00 - 05/12/2024 13:00:00,SCA|NO2,mFRR,Not Specified,Not Specified,MARGINAL,65.71,65.71
05/12/2024 13:00:00 - 05/12/2024 14:00:00,SCA|NO2,mFRR,Not Specified,Not Specified,MARGINAL,61.83,61.83
05/12/2024 14:00:00 - 05/12/2024 15:00:00,SCA|NO2,mFRR,Not Specified,Not Specified,MARGINAL,60.0,55.03
05/12/2024 15:00:00 - 05/12/2024 16:00:00,SCA|NO2,mFRR,Not Specified,Not Specified,MARGINAL,60.0,54.13
05/12/2024 16:00:00 - 05/12/2024 17:00:00,SCA|NO2,mFRR,Not Specified,Not Specified,MARGINAL,52.22,52.22
05/12/2024 17:00:00 - 05/12/2024 18:00:00,SCA|NO2,mFRR,Not Specified,Not Specified,MARGINAL,52.1,52.1
05/12/2024 18:00:00 - 05/12/2024 19:00:00,SCA|NO2,mFRR,Not Specified,Not Specified,MARGINAL,64.0,48.43
05/12/2024 19:00:00 - 05/12/2024 20:00:00,SCA|NO2,mFRR,Not Specified,Not Specified,MARGINAL,52.0,47.61
05/12/2024 20:00:00 - 05/12/2024 21:00:00,SCA|NO2,mFRR,Not Specified,Not Specified,MARGINAL,52.0,46.94
05/12/2024 21:00:00 - 05/12/2024 22:00:00,SCA|NO2,mFRR,Not Specified,Not Specified,MARGINAL,50.0,47.61
05/12/2024 22:00:00 - 05/12/2024 23:00:00,SCA|NO2,mFRR,Not Specified,Not Specified,MARGINAL,49.0,41.59
05/12/2024 23:00:00 - 06/12/2024 00:00:00,SCA|NO2,mFRR,Not Specified,Not Specified,MARGINAL,47.0,41.23
06/12/2024 00:00:00 - 06/12/2024 01:00:00,SCA|NO2,mFRR,Not Specified,Not Specified,MARGINAL,38.0,36.81
06/12/2024 01:00:00 - 06/12/2024 02:00:00,SCA|NO2,mFRR,Not Specified,Not Specified,MARGINAL,29.91,29.91
06/12/2024 02:00:00 - 06/12/2024 03:00:00,SCA|NO2,mFRR,Not Specified,Not Specified,MARGINAL,18.99,18.99
06/12/2024 03:00:00 - 06/12/2024 04:00:00,SCA|NO2,mFRR,Not Specified,Not Specified,MARGINAL,19.0,19.0
06/12/2024 04:00:00 - 06/12/2024 05:00:00,SCA|NO2,mFRR,Not Specified,Not Specified,MARGINAL,24.93,24.93
06/12/2024 05:00:00 - 06/12/2024 06:00:00,SCA|NO2,mFRR,Not Specified,Not Specified,MARGINAL,34.7,34.7
06/12/2024 06:00:00 - 06/12/2024 07:00:00,SCA|NO2,mFRR,Not Specified,Not Specified,MARGINAL,43.59,43.59
06/12/2024 07:00:00 - 06/12/2024 08:00:00,SCA|NO2,mFRR,Not Specified,Not Specified,MARGINAL,60.33,60.33
06/12/2024 08:00:00 - 06/12/2024 09:00:00,SCA|NO2,mFRR,Not Specified,Not Specified,MARGINAL,106.49,106.49
06/12/2024 09:00:00 - 06/12/2024 10:00:00,SCA|NO2,mFRR,Not Specified,Not Specified,MARGINAL,106.62,106.62
06/12/2024 10:00:00 - 06/12/2024 11:00:00,SCA|NO2,mFRR,Not Specified,Not Specified,MARGINAL,100.74,100.74
06/12/2024 11:00:00 - 06/12/2024 12:00:00,SCA|NO2,mFRR,Not Specified,Not Specified,MARGINAL,95.21,51.0
06/12/2024 12:00:00 - 06/12/2024 13:00:00,SCA|NO2,mFRR,Not Specified,Not Specified,MARGINAL,88.74,54.0
06/12/2024 13:00:00 - 06/12/2024 14:00:00,SCA|NO2,mFRR,Not Specified,Not Specified,MARGINAL,97.49,97.49
06/12/2024 14:00:00 - 06/12/2024 15:00:00,SCA|NO2,mFRR,Not Specified,Not Specified,MARGINAL,105.57,105.57
06/12/2024 15:00:00 - 06/12/2024 16:00:00,SCA|NO2,mFRR,Not Specified,Not Specified,MARGINAL,85.0,84.07
06/12/2024 16:00:00 - 06/12/2024 17:00:00,SCA|NO2,mFRR,Not Specified,Not Specified,MARGINAL,127.18,127.18
06/12/2024 17:00:00 - 06/12/2024 18:00:00,SCA|NO2,mFRR,Not Specified,Not Specified,MARGINAL,138.24,138.24
06/12/2024 18:00:00 - 06/12/2024 19:00:00,SCA|NO2,mFRR,Not Specified,Not Specified,MARGINAL,146.02,75.0
06/12/2024 19:00:00 - 06/12/2024 20:00:00,SCA|NO2,mFRR,Not Specified,Not Specified,MARGINAL,137.66,70.0
06/12/2024 20:00:00 - 06/12/2024 21:00:00,SCA|NO2,mFRR,Not Specified,Not Specified,MARGINAL,125.78,47.5
06/12/2024 21:00:00 - 06/12/2024 22:00:00,SCA|NO2,mFRR,Not Specified,Not Specified,MARGINAL,115.57,45.0
06/12/2024 22:00:00 - 06/12/2024 23:00:00,SCA|NO2,mFRR,Not Specified,Not Specified,MARGINAL,89.45,45.0
06/12/2024 23:00:00 - 07/12/2024 00:00:00,SCA|NO2,mFRR,Not Specified,Not Specified,MARGINAL,53.29,53.29
07/12/2024 00:00:00 - 07/12/2024 01:00:00,SCA|NO2,mFRR,Not Specified,Not Specified,MARGINAL,51.92,46.93
07/12/2024 01:00:00 - 07/12/2024 02:00:00,SCA|NO2,mFRR,Not Specified,Not Specified,MARGINAL,48.87,48.87
07/12/2024 02:00:00 - 07/12/2024 03:00:00,SCA|NO2,mFRR,Not Specified,Not Specified,MARGINAL,44.23,44.23
07/12/2024 03:00:00 - 07/12/2024 04:00:00,SCA|NO2,mFRR,Not Specified,Not Specified,MARGINAL,42.92,37.0
07/12/2024 04:00:00 - 07/12/2024 05:00:00,SCA|NO2,mFRR,Not Specified,Not Specified,MARGINAL,41.45,37.0
07/12/2024 05:00:00 - 07/12/2024 06:00:00,SCA|NO2,mFRR,Not Specified,Not Specified,MARGINAL,38.41,38.41
07/12/2024 06:00:00 - 07/12/2024 07:00:00,SCA|NO2,mFRR,Not Specified,Not Specified,MARGINAL,40.0,38.24
07/12/2024 07:00:00 - 07/12/2024 08:00:00,SCA|NO2,mFRR,Not Specified,Not Specified,MARGINAL,40.92,40.92
07/12/2024 08:00:00 - 07/12/2024 09:00:00,SCA|NO2,mFRR,Not Specified,Not Specified,MARGINAL,43.64,43.64
07/12/2024 09:00:00 - 07/12/2024 10:00:00,SCA|NO2,mFRR,Not Specified,Not Specified,MARGINAL,44.56,37.5
07/12/2024 10:00:00 - 07/12/2024 11:00:00,SCA|NO2,mFRR,Not Specified,Not Specified,MARGINAL,45.69,37.5
07/12/2024 11:00:00 - 07/12/2024 12:00:00,SCA|NO2,mFRR,Not Specified,Not Specified,MARGINAL,46.92,38.5
07/12/2024 12:00:00 - 07/12/2024 13:00:00,SCA|NO2,mFRR,Not Specified,Not Specified,MARGINAL,46.98,46.98
07/12/2024 13:00:00 - 07/12/2024 14:00:00,SCA|NO2,mFRR,Not Specified,Not Specified,MARGINAL,47.24,47.24
07/12/2024 14:00:00 - 07/12/2024 15:00:00,SCA|NO2,mFRR,Not Specified,Not Specified,MARGINAL,50.0,49.32
07/12/2024 15:00:00 - 07/12/2024 16:00:00,SCA|NO2,mFRR,Not Specified,Not Specified,MARGINAL,51.65,51.65
07/12/2024 16:00:00 - 07/12/2024 17:00:00,SCA|NO2,mFRR,Not Specified,Not Specified,MARGINAL,51.97,51.97
07/12/2024 17:00:00 - 07/12/2024 18:00:00,SCA|NO2,mFRR,Not Specified,Not Specified,MARGINAL,54.04,54.04
07/12/2024 18:00:00 - 07/12/2024 19:00:00,SCA|NO2,mFRR,Not Specified,Not Specified,MARGINAL,60.0,52.95
07/12/2024 19:00:00 - 07/12/2024 20:00:00,SCA|NO2,mFRR,Not Specified,Not Specified,MARGINAL,60.0,55.37
07/12/2024 20:00:00 - 07/12/2024 21:00:00,SCA|NO2,mFRR,Not Specified,Not Specified,MARGINAL,54.0,52.09
07/12/2024 21:00:00 - 07/12/2024 22:00:00,SCA|NO2,mFRR,Not Specified,Not Specified,MARGINAL,53.0,51.96
07/12/2024 22:00:00 - 07/12/2024 23:00:00,SCA|NO2,mFRR,Not Specified,Not Specified,MARGINAL,53.57,53.57
07/12/2024 23:00:00 - 08/12/2024 00:00:00,SCA|NO2,mFRR,Not Specified,Not Specified,MARGINAL,44.83,44.83
08/12/2024 00:00:00 - 08/12/2024 01:00:00,SCA|NO2,mFRR,Not Specified,Not Specified,MARGINAL,50.0,42.44
08/12/2024 01:00:00 - 08/12/2024 02:00:00,SCA|NO2,mFRR,Not Specified,Not Specified,MARGINAL,51.0,42.55
08/12/2024 02:00:00 - 08/12/2024 03:00:00,SCA|NO2,mFRR,Not Specified,Not Specified,MARGINAL,51.0,41.48
08/12/2024 03:00:00 - 08/12/2024 04:00:00,SCA|NO2,mFRR,Not Specified,Not Specified,MARGINAL,45.0,40.36
08/12/2024 04:00:00 - 08/12/2024 05:00:00,SCA|NO2,mFRR,Not Specified,Not Specified,MARGINAL,45.0,39.58
08/12/2024 05:00:00 - 08/12/2024 06:00:00,SCA|NO2,mFRR,Not Specified,Not Specified,MARGINAL,38.99,38.99
08/12/2024 06:00:00 - 08/12/2024 07:00:00,SCA|NO2,mFRR,Not Specified,Not Specified,MARGINAL,39.84,39.84
08/12/2024 07:00:00 - 08/12/2024 08:00:00,SCA|NO2,mFRR,Not Specified,Not Specified,MARGINAL,42.77,33.53
08/12/2024 08:00:00 - 08/12/2024 09:00:00,SCA|NO2,mFRR,Not Specified,Not Specified,MARGINAL,44.4,33.52
08/12/2024 09:00:00 - 08/12/2024 10:00:00,SCA|NO2,mFRR,Not Specified,Not Specified,MARGINAL,51.89,35.0
08/12/2024 10:00:00 - 08/12/2024 11:00:00,SCA|NO2,mFRR,Not Specified,Not Specified,MARGINAL,62.12,37.5
08/12/2024 11:00:00 - 08/12/2024 12:00:00,SCA|NO2,mFRR,Not Specified,Not Specified,MARGINAL,62.28,62.28
08/12/2024 12:00:00 - 08/12/2024 13:00:00,SCA|NO2,mFRR,Not Specified,Not Specified,MARGINAL,67.01,67.01
08/12/2024 13:00:00 - 08/12/2024 14:00:00,SCA|NO2,mFRR,Not Specified,Not Specified,MARGINAL,63.07,63.07
08/12/2024 14:00:00 - 08/12/2024 15:00:00,SCA|NO2,mFRR,Not Specified,Not Specified,MARGINAL,76.78,76.78
08/12/2024 15:00:00 - 08/12/2024 16:00:00,SCA|NO2,mFRR,Not Specified,Not Specified,MARGINAL,77.83,77.83
08/12/2024 16:00:00 - 08/12/2024 17:00:00,SCA|NO2,mFRR,Not Specified,Not Specified,MARGINAL,81.64,43.0
08/12/2024 17:00:00 - 08/12/2024 18:00:00,SCA|NO2,mFRR,Not Specified,Not Specified,MARGINAL,74.62,51.0
08/12/2024 18:00:00 - 08/12/2024 19:00:00,SCA|NO2,mFRR,Not Specified,Not Specified,MARGINAL,65.45,65.45
08/12/2024 19:00:00 - 08/12/2024 20:00:00,SCA|NO2,mFRR,Not Specified,Not Specified,MARGINAL,60.12,60.12
08/12/2024 20:00:00 - 08/12/2024 21:00:00,SCA|NO2,mFRR,Not Specified,Not Specified,MARGINAL,53.34,53.34
08/12/2024 21:00:00 - 08/12/2024 22:00:00,SCA|NO2,mFRR,Not Specified,Not Specified,MARGINAL,50.0,48.61
08/12/2024 22:00:00 - 08/12/2024 23:00:00,SCA|NO2,mFRR,Not Specified,Not Specified,MARGINAL,50.0,43.56
08/12/2024 23:00:00 - 09/12/2024 00:00:00,SCA|NO2,mFRR,Not Specified,Not Specified,MARGINAL,48.5,41.49
09/12/2024 00:00:00 - 09/12/2024 01:00:00,SCA|NO2,mFRR,Not Specified,Not Specified,MARGINAL,41.52,33.52
09/12/2024 01:00:00 - 09/12/2024 02:00:00,SCA|NO2,mFRR,Not Specified,Not Specified,MARGINAL,40.96,31.0
09/12/2024 02:00:00 - 09/12/2024 03:00:00,SCA|NO2,mFRR,Not Specified,Not Specified,MARGINAL,38.72,38.72
09/12/2024 03:00:00 - 09/12/2024 04:00:00,SCA|NO2,mFRR,Not Specified,Not Specified,MARGINAL,35.14,35.14
09/12/2024 04:00:00 - 09/12/2024 05:00:00,SCA|NO2,mFRR,Not Specified,Not Specified,MARGINAL,38.84,32.0
09/12/2024 05:00:00 - 09/12/2024 06:00:00,SCA|NO2,mFRR,Not Specified,Not Specified,MARGINAL,40.89,36.0
09/12/2024 06:00:00 - 09/12/2024 07:00:00,SCA|NO2,mFRR,Not Specified,Not Specified,MARGINAL,45.56,35.5
09/12/2024 07:00:00 - 09/12/2024 08:00:00,SCA|NO2,mFRR,Not Specified,Not Specified,MARGINAL,62.55,39.5
09/12/2024 08:00:00 - 09/12/2024 09:00:00,SCA|NO2,mFRR,Not Specified,Not Specified,MARGINAL,79.36,79.36
09/12/2024 09:00:00 - 09/12/2024 10:00:00,SCA|NO2,mFRR,Not Specified,Not Specified,MARGINAL,64.84,64.84
09/12/2024 10:00:00 - 09/12/2024 11:00:00,SCA|NO2,mFRR,Not Specified,Not Specified,MARGINAL,65.17,65.17
09/12/2024 11:00:00 - 09/12/2024 12:00:00,SCA|NO2,mFRR,Not Specified,Not Specified,MARGINAL,66.47,66.47
09/12/2024 12:00:00 - 09/12/2024 13:00:00,SCA|NO2,mFRR,Not Specified,Not Specified,MARGINAL,67.81,67.81
09/12/2024 13:00:00 - 09/12/2024 14:00:00,SCA|NO2,mFRR,Not Specified,Not Specified,MARGINAL,76.73,76.73
09/12/2024 14:00:00 - 09/12/2024 15:00:00,SCA|NO2,mFRR,Not Specified,Not Specified,MARGINAL,90.17,90.17
09/12/2024 15:00:00 - 09/12/2024 16:00:00,SCA|NO2,mFRR,Not Specified,Not Specified,MARGINAL,110.26,110.26
09/12/2024 16:00:00 - 09/12/2024 17:00:00,SCA|NO2,mFRR,Not Specified,Not Specified,MARGINAL,112.08,112.08
09/12/2024 17:00:00 - 09/12/2024 18:00:00,SCA|NO2,mFRR,Not Specified,Not Specified,MARGINAL,116.53,116.53
09/12/2024 18:00:00 - 09/12/2024 19:00:00,SCA|NO2,mFRR,Not Specified,Not Specified,MARGINAL,114.61,114.61
09/12/2024 19:00:00 - 09/12/2024 20:00:00,SCA|NO2,mFRR,Not Specified,Not Specified,MARGINAL,121.6,121.6
09/12/2024 20:00:00 - 09/12/2024 21:00:00,SCA|NO2,mFRR,Not Specified,Not Specified,MARGINAL,111.25,111.25
09/12/2024 21:00:00 - 09/12/2024 22:00:00,SCA|NO2,mFRR,Not Specified,Not Specified,MARGINAL,97.72,97.72
09/12/2024 22:00:00 - 09/12/2024 23:00:00,SCA|NO2,mFRR,Not Specified,Not Specified,MARGINAL,91.33,91.33
09/12/2024 23:00:00 - 10/12/2024 00:00:00,SCA|NO2,mFRR,Not Specified,Not Specified,MARGINAL,82.09,82.09
10/12/2024 00:00:00 - 10/12/2024 01:00:00,SCA|NO2,mFRR,Not Specified,Not Specified,MARGINAL,74.63,74.63
10/12/2024 01:00:00 - 10/12/2024 02:00:00,SCA|NO2,mFRR,Not Specified,Not Specified,MARGINAL,65.6,65.6
10/12/2024 02:00:00 - 10/12/2024 03:00:00,SCA|NO2,mFRR,Not Specified,Not Specified,MARGINAL,62.28,62.28
10/12/2024 03:00:00 - 10/12/2024 04:00:00,SCA|NO2,mFRR,Not Specified,Not Specified,MARGINAL,63.3,63.3
10/12/2024 04:00:00 - 10/12/2024 05:00:00,SCA|NO2,mFRR,Not Specified,Not Specified,MARGINAL,66.27,66.27
10/12/2024 05:00:00 - 10/12/2024 06:00:00,SCA|NO2,mFRR,Not Specified,Not Specified,MARGINAL,78.44,78.44
10/12/2024 06:00:00 - 10/12/2024 07:00:00,SCA|NO2,mFRR,Not Specified,Not Specified,MARGINAL,108.11,108.11
10/12/2024 07:00:00 - 10/12/2024 08:00:00,SCA|NO2,mFRR,Not Specified,Not Specified,MARGINAL,117.0,116.15
10/12/2024 08:00:00 - 10/12/2024 09:00:00,SCA|NO2,mFRR,Not Specified,Not Specified,MARGINAL,138.07,138.07
10/12/2024 09:00:00 - 10/12/2024 10:00:00,SCA|NO2,mFRR,Not Specified,Not Specified,MARGINAL,162.57,162.57
10/12/2024 10:00:00 - 10/12/2024 11:00:00,SCA|NO2,mFRR,Not Specified,Not Specified,MARGINAL,160.62,160.62
10/12/2024 11:00:00 - 10/12/2024 12:00:00,SCA|NO2,mFRR,Not Specified,Not Specified,MARGINAL,165.09,165.09
10/12/2024 12:00:00 - 10/12/2024 13:00:00,SCA|NO2,mFRR,Not Specified,Not Specified,MARGINAL,151.5,146.01
10/12/2024 13:00:00 - 10/12/2024 14:00:00,SCA|NO2,mFRR,Not Specified,Not Specified,MARGINAL,167.15,167.15
10/12/2024 14:00:00 - 10/12/2024 15:00:00,SCA|NO2,mFRR,Not Specified,Not Specified,MARGINAL,174.73,174.73
10/12/2024 15:00:00 - 10/12/2024 16:00:00,SCA|NO2,mFRR,Not Specified,Not Specified,MARGINAL,182.15,182.15
10/12/2024 16:00:00 - 10/12/2024 17:00:00,SCA|NO2,mFRR,Not Specified,Not Specified,MARGINAL,185.69,185.69
10/12/2024 17:00:00 - 10/12/2024 18:00:00,SCA|NO2,mFRR,Not Specified,Not Specified,MARGINAL,166.01,166.01
10/12/2024 18:00:00 - 10/12/2024 19:00:00,SCA|NO2,mFRR,Not Specified,Not Specified,MARGINAL,174.75,174.75
10/12/2024 19:00:00 - 10/12/2024 20:00:00,SCA|NO2,mFRR,Not Specified,Not Specified,MARGINAL,173.97,173.97
10/12/2024 20:00:00 - 10/12/2024 21:00:00,SCA|NO2,mFRR,Not Specified,Not Specified,MARGINAL,147.43,147.43
10/12/2024 21:00:00 - 10/12/2024 22:00:00,SCA|NO2,mFRR,Not Specified,Not Specified,MARGINAL,115.91,115.91
10/12/2024 22:00:00 - 10/12/2024 23:00:00,SCA|NO2,mFRR,Not Specified,Not Specified,MARGINAL,84.5,79.7
10/12/2024 23:00:00 - 11/12/2024 00:00:00,SCA|NO2,mFRR,Not Specified,Not Specified,MARGINAL,80.0,69.8
11/12/2024 00:00:00 - 11/12/2024 01:00:00,SCA|NO2,mFRR,Not Specified,Not Specified,,,
11/12/2024 01:00:00 - 11/12/2024 02:00:00,SCA|NO2,mFRR,Not Specified,Not Specified,MARGINAL,75.0,57.83
11/12/2024 02:00:00 - 11/12/2024 03:00:00,SCA|NO2,mFRR,Not Specified,Not Specified,MARGINAL,75.0,54.98
11/12/2024 03:00:00 - 11/12/2024 04:00:00,SCA|NO2,mFRR,Not Specified,Not Specified,MARGINAL,75.0,54.9
11/12/2024 04:00:00 - 11/12/2024 05:00:00,SCA|NO2,mFRR,Not Specified,Not Specified,MARGINAL,63.0,54.52
11/12/2024 05:00:00 - 11/12/2024 06:00:00,SCA|NO2,mFRR,Not Specified,Not Specified,MARGINAL,61.84,61.84
11/12/2024 06:00:00 - 11/12/2024 07:00:00,SCA|NO2,mFRR,Not Specified,Not Specified,MARGINAL,81.0,80.79
11/12/2024 07:00:00 - 11/12/2024 08:00:00,SCA|NO2,mFRR,Not Specified,Not Specified,MARGINAL,179.0,178.64
11/12/2024 08:00:00 - 11/12/2024 09:00:00,SCA|NO2,mFRR,Not Specified,Not Specified,MARGINAL,292.0,291.21
11/12/2024 09:00:00 - 11/12/2024 10:00:00,SCA|NO2,mFRR,Not Specified,Not Specified,MARGINAL,301.86,301.86
11/12/2024 10:00:00 - 11/12/2024 11:00:00,SCA|NO2,mFRR,Not Specified,Not Specified,MARGINAL,281.99,281.99
11/12/2024 11:00:00 - 11/12/2024 12:00:00,SCA|NO2,mFRR,Not Specified,Not Specified,MARGINAL,308.72,308.72
11/12/2024 12:00:00 - 11/12/2024 13:00:00,SCA|NO2,mFRR,Not Specified,Not Specified,MARGINAL,301.26,301.26
11/12/2024 13:00:00 - 11/12/2024 14:00:00,SCA|NO2,mFRR,Not Specified,Not Specified,MARGINAL,289.55,289.55
11/12/2024 14:00:00 - 11/12/2024 15:00:00,SCA|NO2,mFRR,Not Specified,Not Specified,MARGINAL,350.0,350.0
11/12/2024 15:00:00 - 11/12/2024 16:00:00,SCA|NO2,mFRR,Not Specified,Not Specified,MARGINAL,366.65,366.65
11/12/2024 16:00:00 - 11/12/2024 17:00:00,SCA|NO2,mFRR,Not Specified,Not Specified,MARGINAL,422.62,422.62
11/12/2024 17:00:00 - 11/12/2024 18:00:00,SCA|NO2,mFRR,Not Specified,Not Specified,MARGINAL,429.68,429.68
11/12/2024 18:00:00 - 11/12/2024 19:00:00,SCA|NO2,mFRR,Not Specified,Not Specified,MARGINAL,347.0,347.0
11/12/2024 19:00:00 - 11/12/2024 20:00:00,SCA|NO2,mFRR,Not Specified,Not Specified,MARGINAL,329.73,329.73
11/12/2024 20:00:00 - 11/12/2024 21:00:00,SCA|NO2,mFRR,Not Specified,Not Specified,MARGINAL,199.17,199.17
11/12/2024 21:00:00 - 11/12/2024 22:00:00,SCA|NO2,mFRR,Not Specified,Not Specified,MARGINAL,161.1,161.1
11/12/2024 22:00:00 - 11/12/2024 23:00:00,SCA|NO2,mFRR,Not Specified,Not Specified,MARGINAL,144.54,144.54
11/12/2024 23:00:00 - 12/12/2024 00:00:00,SCA|NO2,mFRR,Not Specified,Not Specified,MARGINAL,130.93,130.93
12/12/2024 00:00:00 - 12/12/2024 01:00:00,SCA|NO2,mFRR,Not Specified,Not Specified,MARGINAL,117.81,60.0
12/12/2024 01:00:00 - 12/12/2024 02:00:00,SCA|NO2,mFRR,Not Specified,Not Specified,MARGINAL,111.06,70.0
12/12/2024 02:00:00 - 12/12/2024 03:00:00,SCA|NO2,mFRR,Not Specified,Not Specified,MARGINAL,105.92,70.0
12/12/2024 03:00:00 - 12/12/2024 04:00:00,SCA|NO2,mFRR,Not Specified,Not Specified,MARGINAL,103.41,103.41
12/12/2024 04:00:00 - 12/12/2024 05:00:00,SCA|NO2,mFRR,Not Specified,Not Specified,MARGINAL,108.36,108.36
12/12/2024 05:00:00 - 12/12/2024 06:00:00,SCA|NO2,mFRR,Not Specified,Not Specified,MARGINAL,106.55,75.0
12/12/2024 06:00:00 - 12/12/2024 07:00:00,SCA|NO2,mFRR,Not Specified,Not Specified,MARGINAL,169.35,75.0
12/12/2024 07:00:00 - 12/12/2024 08:00:00,SCA|NO2,mFRR,Not Specified,Not Specified,MARGINAL,434.96,434.96
12/12/2024 08:00:00 - 12/12/2024 09:00:00,SCA|NO2,mFRR,Not Specified,Not Specified,MARGINAL,396.44,396.44
12/12/2024 09:00:00 - 12/12/2024 10:00:00,SCA|NO2,mFRR,Not Specified,Not Specified,MARGINAL,478.27,478.27
12/12/2024 10:00:00 - 12/12/2024 11:00:00,SCA|NO2,mFRR,Not Specified,Not Specified,MARGINAL,482.33,482.33
12/12/2024 11:00:00 - 12/12/2024 12:00:00,SCA|NO2,mFRR,Not Specified,Not Specified,MARGINAL,418.39,418.39
12/12/2024 12:00:00 - 12/12/2024 13:00:00,SCA|NO2,mFRR,Not Specified,Not Specified,MARGINAL,367.84,184.5
12/12/2024 13:00:00 - 12/12/2024 14:00:00,SCA|NO2,mFRR,Not Specified,Not Specified,MARGINAL,386.13,184.5
12/12/2024 14:00:00 - 12/12/2024 15:00:00,SCA|NO2,mFRR,Not Specified,Not Specified,MARGINAL,449.44,208.0
12/12/2024 15:00:00 - 12/12/2024 16:00:00,SCA|NO2,mFRR,Not Specified,Not Specified,MARGINAL,614.91,220.0
12/12/2024 16:00:00 - 12/12/2024 17:00:00,SCA|NO2,mFRR,Not Specified,Not Specified,MARGINAL,740.68,310.0
12/12/2024 17:00:00 - 12/12/2024 18:00:00,SCA|NO2,mFRR,Not Specified,Not Specified,MARGINAL,898.25,411.5
12/12/2024 18:00:00 - 12/12/2024 19:00:00,SCA|NO2,mFRR,Not Specified,Not Specified,MARGINAL,646.77,141.24
12/12/2024 19:00:00 - 12/12/2024 20:00:00,SCA|NO2,mFRR,Not Specified,Not Specified,MARGINAL,528.74,65.71
12/12/2024 20:00:00 - 12/12/2024 21:00:00,SCA|NO2,mFRR,Not Specified,Not Specified,MARGINAL,284.13,80.0
12/12/2024 21:00:00 - 12/12/2024 22:00:00,SCA|NO2,mFRR,Not Specified,Not Specified,MARGINAL,162.66,68.5
12/12/2024 22:00:00 - 12/12/2024 23:00:00,SCA|NO2,mFRR,Not Specified,Not Specified,MARGINAL,144.79,64.0
12/12/2024 23:00:00 - 13/12/2024 00:00:00,SCA|NO2,mFRR,Not Specified,Not Specified,MARGINAL,104.6,50.5
13/12/2024 00:00:00 - 13/12/2024 01:00:00,SCA|NO2,mFRR,Not Specified,Not Specified,MARGINAL,60.72,50.0
13/12/2024 01:00:00 - 13/12/2024 02:00:00,SCA|NO2,mFRR,Not Specified,Not Specified,MARGINAL,55.6,55.6
13/12/2024 02:00:00 - 13/12/2024 03:00:00,SCA|NO2,mFRR,Not Specified,Not Specified,MARGINAL,49.92,49.92
13/12/2024 03:00:00 - 13/12/2024 04:00:00,SCA|NO2,mFRR,Not Specified,Not Specified,MARGINAL,45.59,42.0
13/12/2024 04:00:00 - 13/12/2024 05:00:00,SCA|NO2,mFRR,Not Specified,Not Specified,MARGINAL,48.34,41.0
13/12/2024 05:00:00 - 13/12/2024 06:00:00,SCA|NO2,mFRR,Not Specified,Not Specified,MARGINAL,49.91,37.5
13/12/2024 06:00:00 - 13/12/2024 07:00:00,SCA|NO2,mFRR,Not Specified,Not Specified,MARGINAL,58.9,37.5
13/12/2024 07:00:00 - 13/12/2024 08:00:00,SCA|NO2,mFRR,Not Specified,Not Specified,MARGINAL,96.22,50.0
13/12/2024 08:00:00 - 13/12/2024 09:00:00,SCA|NO2,mFRR,Not Specified,Not Specified,MARGINAL,187.24,76.0
13/12/2024 09:00:00 - 13/12/2024 10:00:00,SCA|NO2,mFRR,Not Specified,Not Specified,MARGINAL,235.37,80.0
13/12/2024 10:00:00 - 13/12/2024 11:00:00,SCA|NO2,mFRR,Not Specified,Not Specified,MARGINAL,200.0,80.0
13/12/2024 11:00:00 - 13/12/2024 12:00:00,SCA|NO2,mFRR,Not Specified,Not Specified,MARGINAL,167.28,53.5
13/12/2024 12:00:00 - 13/12/2024 13:00:00,SCA|NO2,mFRR,Not Specified,Not Specified,MARGINAL,159.3,50.0
13/12/2024 13:00:00 - 13/12/2024 14:00:00,SCA|NO2,mFRR,Not Specified,Not Specified,MARGINAL,158.35,50.0
13/12/2024 14:00:00 - 13/12/2024 15:00:00,SCA|NO2,mFRR,Not Specified,Not Specified,MARGINAL,176.82,52.0
13/12/2024 15:00:00 - 13/12/2024 16:00:00,SCA|NO2,mFRR,Not Specified,Not Specified,MARGINAL,179.13,85.0
13/12/2024 16:00:00 - 13/12/2024 17:00:00,SCA|NO2,mFRR,Not Specified,Not Specified,MARGINAL,112.18,70.0
13/12/2024 17:00:00 - 13/12/2024 18:00:00,SCA|NO2,mFRR,Not Specified,Not Specified,MARGINAL,124.55,70.0
13/12/2024 18:00:00 - 13/12/2024 19:00:00,SCA|NO2,mFRR,Not Specified,Not Specified,MARGINAL,130.4,50.0
13/12/2024 19:00:00 - 13/12/2024 20:00:00,SCA|NO2,mFRR,Not Specified,Not Specified,MARGINAL,57.79,43.0
13/12/2024 20:00:00 - 13/12/2024 21:00:00,SCA|NO2,mFRR,Not Specified,Not Specified,MARGINAL,58.06,40.0
13/12/2024 21:00:00 - 13/12/2024 22:00:00,SCA|NO2,mFRR,Not Specified,Not Specified,MARGINAL,58.97,40.0
13/12/2024 22:00:00 - 13/12/2024 23:00:00,SCA|NO2,mFRR,Not Specified,Not Specified,MARGINAL,51.7,40.36
13/12/2024 23:00:00 - 14/12/2024 00:00:00,SCA|NO2,mFRR,Not Specified,Not Specified,MARGINAL,45.96,37.5
14/12/2024 00:00:00 - 14/12/2024 01:00:00,SCA|NO2,mFRR,Not Specified,Not Specified,MARGINAL,46.0,37.83
14/12/2024 01:00:00 - 14/12/2024 02:00:00,SCA|NO2,mFRR,Not Specified,Not Specified,MARGINAL,46.0,37.46
14/12/2024 02:00:00 - 14/12/2024 03:00:00,SCA|NO2,mFRR,Not Specified,Not Specified,MARGINAL,37.18,37.18
14/12/2024 03:00:00 - 14/12/2024 04:00:00,SCA|NO2,mFRR,Not Specified,Not Specified,MARGINAL,36.94,36.94
14/12/2024 04:00:00 - 14/12/2024 05:00:00,SCA|NO2,mFRR,Not Specified,Not Specified,MARGINAL,36.77,36.77
14/12/2024 05:00:00 - 14/12/2024 06:00:00,SCA|NO2,mFRR,Not Specified,Not Specified,MARGINAL,45.0,36.69
14/12/2024 06:00:00 - 14/12/2024 07:00:00,SCA|NO2,mFRR,Not Specified,Not Specified,MARGINAL,45.0,36.69
14/12/2024 07:00:00 - 14/12/2024 08:00:00,SCA|NO2,mFRR,Not Specified,Not Specified,MARGINAL,45.0,36.56
14/12/2024 08:00:00 - 14/12/2024 09:00:00,SCA|NO2,mFRR,Not Specified,Not Specified,MARGINAL,42.0,37.26
14/12/2024 09:00:00 - 14/12/2024 10:00:00,SCA|NO2,mFRR,Not Specified,Not Specified,MARGINAL,46.0,37.8
14/12/2024 10:00:00 - 14/12/2024 11:00:00,SCA|NO2,mFRR,Not Specified,Not Specified,MARGINAL,46.0,38.09
14/12/2024 11:00:00 - 14/12/2024 12:00:00,SCA|NO2,mFRR,Not Specified,Not Specified,MARGINAL,46.0,37.01
14/12/2024 12:00:00 - 14/12/2024 13:00:00,SCA|NO2,mFRR,Not Specified,Not Specified,MARGINAL,45.0,36.44
14/12/2024 13:00:00 - 14/12/2024 14:00:00,SCA|NO2,mFRR,Not Specified,Not Specified,MARGINAL,43.0,35.56
14/12/2024 14:00:00 - 14/12/2024 15:00:00,SCA|NO2,mFRR,Not Specified,Not Specified,MARGINAL,43.5,34.6
14/12/2024 15:00:00 - 14/12/2024 16:00:00,SCA|NO2,mFRR,Not Specified,Not Specified,MARGINAL,43.0,34.05
14/12/2024 16:00:00 - 14/12/2024 17:00:00,SCA|NO2,mFRR,Not Specified,Not Specified,MARGINAL,44.0,35.65
14/12/2024 17:00:00 - 14/12/2024 18:00:00,SCA|NO2,mFRR,Not Specified,Not Specified,MARGINAL,46.0,36.22
14/12/2024 18:00:00 - 14/12/2024 19:00:00,SCA|NO2,mFRR,Not Specified,Not Specified,MARGINAL,46.0,34.77
14/12/2024 19:00:00 - 14/12/2024 20:00:00,SCA|NO2,mFRR,Not Specified,Not Specified,MARGINAL,43.0,34.01
14/12/2024 20:00:00 - 14/12/2024 21:00:00,SCA|NO2,mFRR,Not Specified,Not Specified,MARGINAL,41.0,31.89
14/12/2024 21:00:00 - 14/12/2024 22:00:00,SCA|NO2,mFRR,Not Specified,Not Specified,MARGINAL,42.0,30.43
14/12/2024 22:00:00 - 14/12/2024 23:00:00,SCA|NO2,mFRR,Not Specified,Not Specified,MARGINAL,43.0,30.34
14/12/2024 23:00:00 - 15/12/2024 00:00:00,SCA|NO2,mFRR,Not Specified,Not Specified,MARGINAL,43.0,30.22
15/12/2024 00:00:00 - 15/12/2024 01:00:00,SCA|NO2,mFRR,Not Specified,Not Specified,MARGINAL,42.5,28.95
15/12/2024 01:00:00 - 15/12/2024 02:00:00,SCA|NO2,mFRR,Not Specified,Not Specified,MARGINAL,42.5,30.94
15/12/2024 02:00:00 - 15/12/2024 03:00:00,SCA|NO2,mFRR,Not Specified,Not Specified,MARGINAL,42.0,30.26
15/12/2024 03:00:00 - 15/12/2024 04:00:00,SCA|NO2,mFRR,Not Specified,Not Specified,MARGINAL,40.0,30.41
15/12/2024 04:00:00 - 15/12/2024 05:00:00,SCA|NO2,mFRR,Not Specified,Not Specified,MARGINAL,41.0,33.59
15/12/2024 05:00:00 - 15/12/2024 06:00:00,SCA|NO2,mFRR,Not Specified,Not Specified,MARGINAL,41.0,34.78
15/12/2024 06:00:00 - 15/12/2024 07:00:00,SCA|NO2,mFRR,Not Specified,Not Specified,MARGINAL,41.0,35.86
15/12/2024 07:00:00 - 15/12/2024 08:00:00,SCA|NO2,mFRR,Not Specified,Not Specified,MARGINAL,38.0,35.72
15/12/2024 08:00:00 - 15/12/2024 09:00:00,SCA|NO2,mFRR,Not Specified,Not Specified,MARGINAL,38.17,30.5
15/12/2024 09:00:00 - 15/12/2024 10:00:00,SCA|NO2,mFRR,Not Specified,Not Specified,MARGINAL,39.58,35.0
15/12/2024 10:00:00 - 15/12/2024 11:00:00,SCA|NO2,mFRR,Not Specified,Not Specified,MARGINAL,39.15,37.0
15/12/2024 11:00:00 - 15/12/2024 12:00:00,SCA|NO2,mFRR,Not Specified,Not Specified,MARGINAL,36.63,36.63
15/12/2024 12:00:00 - 15/12/2024 13:00:00,SCA|NO2,mFRR,Not Specified,Not Specified,MARGINAL,39.5,35.54
15/12/2024 13:00:00 - 15/12/2024 14:00:00,SCA|NO2,mFRR,Not Specified,Not Specified,MARGINAL,34.91,34.91
15/12/2024 14:00:00 - 15/12/2024 15:00:00,SCA|NO2,mFRR,Not Specified,Not Specified,MARGINAL,33.44,25.0
15/12/2024 15:00:00 - 15/12/2024 16:00:00,SCA|NO2,mFRR,Not Specified,Not Specified,MARGINAL,32.12,27.0
15/12/2024 16:00:00 - 15/12/2024 17:00:00,SCA|NO2,mFRR,Not Specified,Not Specified,MARGINAL,32.06,32.06
15/12/2024 17:00:00 - 15/12/2024 18:00:00,SCA|NO2,mFRR,Not Specified,Not Specified,MARGINAL,41.0,30.01
15/12/2024 18:00:00 - 15/12/2024 19:00:00,SCA|NO2,mFRR,Not Specified,Not Specified,MARGINAL,41.0,27.47
15/12/2024 19:00:00 - 15/12/2024 20:00:00,SCA|NO2,mFRR,Not Specified,Not Specified,MARGINAL,40.5,24.35
15/12/2024 20:00:00 - 15/12/2024 21:00:00,SCA|NO2,mFRR,Not Specified,Not Specified,MARGINAL,37.0,19.14
15/12/2024 21:00:00 - 15/12/2024 22:00:00,SCA|NO2,mFRR,Not Specified,Not Specified,MARGINAL,39.0,14.4
15/12/2024 22:00:00 - 15/12/2024 23:00:00,SCA|NO2,mFRR,Not Specified,Not Specified,MARGINAL,38.0,10.36
15/12/2024 23:00:00 - 16/12/2024 00:00:00,SCA|NO2,mFRR,Not Specified,Not Specified,MARGINAL,15.02,2.37
16/12/2024 00:00:00 - 16/12/2024 01:00:00,SCA|NO2,mFRR,Not Specified,Not Specified,MARGINAL,6.84,-1.98
16/12/2024 01:00:00 - 16/12/2024 02:00:00,SCA|NO2,mFRR,Not Specified,Not Specified,MARGINAL,0.4,-1.98
16/12/2024 02:00:00 - 16/12/2024 03:00:00,SCA|NO2,mFRR,Not Specified,Not Specified,MARGINAL,0.28,-1.0
16/12/2024 03:00:00 - 16/12/2024 04:00:00,SCA|NO2,mFRR,Not Specified,Not Specified,MARGINAL,0.29,-1.0
16/12/2024 04:00:00 - 16/12/2024 05:00:00,SCA|NO2,mFRR,Not Specified,Not Specified,MARGINAL,0.43,-1.0
16/12/2024 05:00:00 - 16/12/2024 06:00:00,SCA|NO2,mFRR,Not Specified,Not Specified,MARGINAL,2.18,0.0
16/12/2024 06:00:00 - 16/12/2024 07:00:00,SCA|NO2,mFRR,Not Specified,Not Specified,MARGINAL,15.96,2.0
16/12/2024 07:00:00 - 16/12/2024 08:00:00,SCA|NO2,mFRR,Not Specified,Not Specified,MARGINAL,33.5,28.32
16/12/2024 08:00:00 - 16/12/2024 09:00:00,SCA|NO2,mFRR,Not Specified,Not Specified,MARGINAL,33.0,29.97
16/12/2024 09:00:00 - 16/12/2024 10:00:00,SCA|NO2,mFRR,Not Specified,Not Specified,MARGINAL,29.91,29.91
16/12/2024 10:00:00 - 16/12/2024 11:00:00,SCA|NO2,mFRR,Not Specified,Not Specified,MARGINAL,29.89,23.5
16/12/2024 11:00:00 - 16/12/2024 12:00:00,SCA|NO2,mFRR,Not Specified,Not Specified,MARGINAL,29.23,23.5
16/12/2024 12:00:00 - 16/12/2024 13:00:00,SCA|NO2,mFRR,Not Specified,Not Specified,MARGINAL,28.59,23.5
16/12/2024 13:00:00 - 16/12/2024 14:00:00,SCA|NO2,mFRR,Not Specified,Not Specified,MARGINAL,28.28,23.5
16/12/2024 14:00:00 - 16/12/2024 15:00:00,SCA|NO2,mFRR,Not Specified,Not Specified,MARGINAL,28.94,23.0
16/12/2024 15:00:00 - 16/12/2024 16:00:00,SCA|NO2,mFRR,Not Specified,Not Specified,MARGINAL,34.0,30.86
16/12/2024 16:00:00 - 16/12/2024 17:00:00,SCA|NO2,mFRR,Not Specified,Not Specified,MARGINAL,34.0,31.39
16/12/2024 17:00:00 - 16/12/2024 18:00:00,SCA|NO2,mFRR,Not Specified,Not Specified,MARGINAL,34.0,30.09
16/12/2024 18:00:00 - 16/12/2024 19:00:00,SCA|NO2,mFRR,Not Specified,Not Specified,MARGINAL,29.9,29.9
16/12/2024 19:00:00 - 16/12/2024 20:00:00,SCA|NO2,mFRR,Not Specified,Not Specified,MARGINAL,28.04,28.04
16/12/2024 20:00:00 - 16/12/2024 21:00:00,SCA|NO2,mFRR,Not Specified,Not Specified,MARGINAL,27.46,27.46
16/12/2024 21:00:00 - 16/12/2024 22:00:00,SCA|NO2,mFRR,Not Specified,Not Specified,MARGINAL,24.95,24.95
16/12/2024 22:00:00 - 16/12/2024 23:00:00,SCA|NO2,mFRR,Not Specified,Not Specified,,,
16/12/2024 23:00:00 - 17/12/2024 00:00:00,SCA|NO2,mFRR,Not Specified,Not Specified,MARGINAL,27.5,17.05
17/12/2024 00:00:00 - 17/12/2024 01:00:00,SCA|NO2,mFRR,Not Specified,Not Specified,MARGINAL,26.0,19.93
17/12/2024 01:00:00 - 17/12/2024 02:00:00,SCA|NO2,mFRR,Not Specified,Not Specified,MARGINAL,26.0,20.87
17/12/2024 02:00:00 - 17/12/2024 03:00:00,SCA|NO2,mFRR,Not Specified,Not Specified,MARGINAL,25.5,20.25
17/12/2024 03:00:00 - 17/12/2024 04:00:00,SCA|NO2,mFRR,Not Specified,Not Specified,MARGINAL,22.02,22.02
17/12/2024 04:00:00 - 17/12/2024 05:00:00,SCA|NO2,mFRR,Not Specified,Not Specified,MARGINAL,22.91,22.91
17/12/2024 05:00:00 - 17/12/2024 06:00:00,SCA|NO2,mFRR,Not Specified,Not Specified,MARGINAL,26.5,25.63
17/12/2024 06:00:00 - 17/12/2024 07:00:00,SCA|NO2,mFRR,Not Specified,Not Specified,MARGINAL,36.0,29.98
17/12/2024 07:00:00 - 17/12/2024 08:00:00,SCA|NO2,mFRR,Not Specified,Not Specified,MARGINAL,38.5,35.12
17/12/2024 08:00:00 - 17/12/2024 09:00:00,SCA|NO2,mFRR,Not Specified,Not Specified,MARGINAL,42.0,41.93
17/12/2024 09:00:00 - 17/12/2024 10:00:00,SCA|NO2,mFRR,Not Specified,Not Specified,MARGINAL,46.0,43.28
17/12/2024 10:00:00 - 17/12/2024 11:00:00,SCA|NO2,mFRR,Not Specified,Not Specified,MARGINAL,46.0,42.96
17/12/2024 11:00:00 - 17/12/2024 12:00:00,SCA|NO2,mFRR,Not Specified,Not Specified,MARGINAL,43.0,41.97
17/12/2024 12:00:00 - 17/12/2024 13:00:00,SCA|NO2,mFRR,Not Specified,Not Specified,MARGINAL,41.24,41.24
17/12/2024 13:00:00 - 17/12/2024 14:00:00,SCA|NO2,mFRR,Not Specified,Not Specified,MARGINAL,44.96,44.66
17/12/2024 14:00:00 - 17/12/2024 15:00:00,SCA|NO2,mFRR,Not Specified,Not Specified,MARGINAL,69.37,69.37
17/12/2024 15:00:00 - 17/12/2024 16:00:00,SCA|NO2,mFRR,Not Specified,Not Specified,MARGINAL,90.56,90.56
17/12/2024 16:00:00 - 17/12/2024 17:00:00,SCA|NO2,mFRR,Not Specified,Not Specified,MARGINAL,78.5,78.5
17/12/2024 17:00:00 - 17/12/2024 18:00:00,SCA|NO2,mFRR,Not Specified,Not Specified,MARGINAL,122.31,122.31
17/12/2024 18:00:00 - 17/12/2024 19:00:00,SCA|NO2,mFRR,Not Specified,Not Specified,MARGINAL,78.75,78.75
17/12/2024 19:00:00 - 17/12/2024 20:00:00,SCA|NO2,mFRR,Not Specified,Not Specified,MARGINAL,70.0,70.0
17/12/2024 20:00:00 - 17/12/2024 21:00:00,SCA|NO2,mFRR,Not Specified,Not Specified,MARGINAL,94.67,94.67
17/12/2024 21:00:00 - 17/12/2024 22:00:00,SCA|NO2,mFRR,Not Specified,Not Specified,MARGINAL,67.98,67.98
17/12/2024 22:00:00 - 17/12/2024 23:00:00,SCA|NO2,mFRR,Not Specified,Not Specified,MARGINAL,48.0,44.92
17/12/2024 23:00:00 - 18/12/2024 00:00:00,SCA|NO2,mFRR,Not Specified,Not Specified,MARGINAL,44.0,37.89
18/12/2024 00:00:00 - 18/12/2024 01:00:00,SCA|NO2,mFRR,Not Specified,Not Specified,MARGINAL,31.93,31.93
18/12/2024 01:00:00 - 18/12/2024 02:00:00,SCA|NO2,mFRR,Not Specified,Not Specified,MARGINAL,28.6,28.6
18/12/2024 02:00:00 - 18/12/2024 03:00:00,SCA|NO2,mFRR,Not Specified,Not Specified,MARGINAL,25.74,19.22
18/12/2024 03:00:00 - 18/12/2024 04:00:00,SCA|NO2,mFRR,Not Specified,Not Specified,MARGINAL,23.27,18.0
18/12/2024 04:00:00 - 18/12/2024 05:00:00,SCA|NO2,mFRR,Not Specified,Not Specified,MARGINAL,22.09,15.0
18/12/2024 05:00:00 - 18/12/2024 06:00:00,SCA|NO2,mFRR,Not Specified,Not Specified,MARGINAL,23.33,15.0
18/12/2024 06:00:00 - 18/12/2024 07:00:00,SCA|NO2,mFRR,Not Specified,Not Specified,MARGINAL,27.96,17.0
18/12/2024 07:00:00 - 18/12/2024 08:00:00,SCA|NO2,mFRR,Not Specified,Not Specified,MARGINAL,32.28,26.81
18/12/2024 08:00:00 - 18/12/2024 09:00:00,SCA|NO2,mFRR,Not Specified,Not Specified,MARGINAL,37.1,27.0
18/12/2024 09:00:00 - 18/12/2024 10:00:00,SCA|NO2,mFRR,Not Specified,Not Specified,MARGINAL,33.42,26.81
18/12/2024 10:00:00 - 18/12/2024 11:00:00,SCA|NO2,mFRR,Not Specified,Not Specified,MARGINAL,32.42,26.82
18/12/2024 11:00:00 - 18/12/2024 12:00:00,SCA|NO2,mFRR,Not Specified,Not Specified,MARGINAL,31.76,26.82
18/12/2024 12:00:00 - 18/12/2024 13:00:00,SCA|NO2,mFRR,Not Specified,Not Specified,MARGINAL,35.5,30.91
18/12/2024 13:00:00 - 18/12/2024 14:00:00,SCA|NO2,mFRR,Not Specified,Not Specified,MARGINAL,30.51,24.5
18/12/2024 14:00:00 - 18/12/2024 15:00:00,SCA|NO2,mFRR,Not Specified,Not Specified,MARGINAL,30.02,22.0
18/12/2024 15:00:00 - 18/12/2024 16:00:00,SCA|NO2,mFRR,Not Specified,Not Specified,MARGINAL,30.13,22.0
18/12/2024 16:00:00 - 18/12/2024 17:00:00,SCA|NO2,mFRR,Not Specified,Not Specified,MARGINAL,28.2,22.0
18/12/2024 17:00:00 - 18/12/2024 18:00:00,SCA|NO2,mFRR,Not Specified,Not Specified,MARGINAL,29.4,22.0
18/12/2024 18:00:00 - 18/12/2024 19:00:00,SCA|NO2,mFRR,Not Specified,Not Specified,MARGINAL,28.46,18.5
18/12/2024 19:00:00 - 18/12/2024 20:00:00,SCA|NO2,mFRR,Not Specified,Not Specified,MARGINAL,25.04,16.5
18/12/2024 20:00:00 - 18/12/2024 21:00:00,SCA|NO2,mFRR,Not Specified,Not Specified,MARGINAL,23.0,16.5
18/12/2024 21:00:00 - 18/12/2024 22:00:00,SCA|NO2,mFRR,Not Specified,Not Specified,MARGINAL,23.48,16.5
18/12/2024 22:00:00 - 18/12/2024 23:00:00,SCA|NO2,mFRR,Not Specified,Not Specified,MARGINAL,23.13,17.0
18/12/2024 23:00:00 - 19/12/2024 00:00:00,SCA|NO2,mFRR,Not Specified,Not Specified,MARGINAL,20.76,10.0
19/12/2024 00:00:00 - 19/12/2024 01:00:00,SCA|NO2,mFRR,Not Specified,Not Specified,MARGINAL,18.45,10.0
19/12/2024 01:00:00 - 19/12/2024 02:00:00,SCA|NO2,mFRR,Not Specified,Not Specified,MARGINAL,22.5,13.63
19/12/2024 02:00:00 - 19/12/2024 03:00:00,SCA|NO2,mFRR,Not Specified,Not Specified,MARGINAL,22.5,5.62
19/12/2024 03:00:00 - 19/12/2024 04:00:00,SCA|NO2,mFRR,Not Specified,Not Specified,MARGINAL,20.0,2.63
19/12/2024 04:00:00 - 19/12/2024 05:00:00,SCA|NO2,mFRR,Not Specified,Not Specified,MARGINAL,18.0,4.73
19/12/2024 05:00:00 - 19/12/2024 06:00:00,SCA|NO2,mFRR,Not Specified,Not Specified,MARGINAL,17.0,15.95
19/12/2024 06:00:00 - 19/12/2024 07:00:00,SCA|NO2,mFRR,Not Specified,Not Specified,MARGINAL,19.57,19.57
19/12/2024 07:00:00 - 19/12/2024 08:00:00,SCA|NO2,mFRR,Not Specified,Not Specified,MARGINAL,28.05,22.0
19/12/2024 08:00:00 - 19/12/2024 09:00:00,SCA|NO2,mFRR,Not Specified,Not Specified,MARGINAL,33.79,21.0
19/12/2024 09:00:00 - 19/12/2024 10:00:00,SCA|NO2,mFRR,Not Specified,Not Specified,MARGINAL,32.01,20.0
19/12/2024 10:00:00 - 19/12/2024 11:00:00,SCA|NO2,mFRR,Not Specified,Not Specified,MARGINAL,32.37,25.0
19/12/2024 11:00:00 - 19/12/2024 12:00:00,SCA|NO2,mFRR,Not Specified,Not Specified,MARGINAL,32.09,25.0
19/12/2024 12:00:00 - 19/12/2024 13:00:00,SCA|NO2,mFRR,Not Specified,Not Specified,MARGINAL,37.0,25.0
19/12/2024 13:00:00 - 19/12/2024 14:00:00,SCA|NO2,mFRR,Not Specified,Not Specified,MARGINAL,37.0,30.39
19/12/2024 14:00:00 - 19/12/2024 15:00:00,SCA|NO2,mFRR,Not Specified,Not Specified,MARGINAL,34.0,29.79
19/12/2024 15:00:00 - 19/12/2024 16:00:00,SCA|NO2,mFRR,Not Specified,Not Specified,MARGINAL,38.0,30.15
19/12/2024 16:00:00 - 19/12/2024 17:00:00,SCA|NO2,mFRR,Not Specified,Not Specified,MARGINAL,38.0,30.33
19/12/2024 17:00:00 - 19/12/2024 18:00:00,SCA|NO2,mFRR,Not Specified,Not Specified,MARGINAL,39.0,30.12
19/12/2024 18:00:00 - 19/12/2024 19:00:00,SCA|NO2,mFRR,Not Specified,Not Specified,MARGINAL,39.0,30.11
19/12/2024 19:00:00 - 19/12/2024 20:00:00,SCA|NO2,mFRR,Not Specified,Not Specified,MARGINAL,38.5,30.06
19/12/2024 20:00:00 - 19/12/2024 21:00:00,SCA|NO2,mFRR,Not Specified,Not Specified,MARGINAL,39.0,27.55
19/12/2024 21:00:00 - 19/12/2024 22:00:00,SCA|NO2,mFRR,Not Specified,Not Specified,MARGINAL,38.0,26.5
19/12/2024 22:00:00 - 19/12/2024 23:00:00,SCA|NO2,mFRR,Not Specified,Not Specified,MARGINAL,37.5,24.61
19/12/2024 23:00:00 - 20/12/2024 00:00:00,SCA|NO2,mFRR,Not Specified,Not Specified,MARGINAL,32.0,23.69
20/12/2024 00:00:00 - 20/12/2024 01:00:00,SCA|NO2,mFRR,Not Specified,Not Specified,MARGINAL,26.0,21.2
20/12/2024 01:00:00 - 20/12/2024 02:00:00,SCA|NO2,mFRR,Not Specified,Not Specified,MARGINAL,20.49,20.49
20/12/2024 02:00:00 - 20/12/2024 03:00:00,SCA|NO2,mFRR,Not Specified,Not Specified,MARGINAL,24.0,17.0
20/12/2024 03:00:00 - 20/12/2024 04:00:00,SCA|NO2,mFRR,Not Specified,Not Specified,MARGINAL,24.0,17.0
20/12/2024 04:00:00 - 20/12/2024 05:00:00,SCA|NO2,mFRR,Not Specified,Not Specified,MARGINAL,24.0,17.78
20/12/2024 05:00:00 - 20/12/2024 06:00:00,SCA|NO2,mFRR,Not Specified,Not Specified,MARGINAL,24.0,20.54
20/12/2024 06:00:00 - 20/12/2024 07:00:00,SCA|NO2,mFRR,Not Specified,Not Specified,MARGINAL,25.87,23.74
20/12/2024 07:00:00 - 20/12/2024 08:00:00,SCA|NO2,mFRR,Not Specified,Not Specified,MARGINAL,33.0,25.55
20/12/2024 08:00:00 - 20/12/2024 09:00:00,SCA|NO2,mFRR,Not Specified,Not Specified,MARGINAL,35.0,26.59
20/12/2024 09:00:00 - 20/12/2024 10:00:00,SCA|NO2,mFRR,Not Specified,Not Specified,MARGINAL,35.0,27.78
20/12/2024 10:00:00 - 20/12/2024 11:00:00,SCA|NO2,mFRR,Not Specified,Not Specified,MARGINAL,28.38,28.38
20/12/2024 11:00:00 - 20/12/2024 12:00:00,SCA|NO2,mFRR,Not Specified,Not Specified,MARGINAL,28.49,28.49
20/12/2024 12:00:00 - 20/12/2024 13:00:00,SCA|NO2,mFRR,Not Specified,Not Specified,MARGINAL,28.02,28.02
20/12/2024 13:00:00 - 20/12/2024 14:00:00,SCA|NO2,mFRR,Not Specified,Not Specified,MARGINAL,33.0,28.91
20/12/2024 14:00:00 - 20/12/2024 15:00:00,SCA|NO2,mFRR,Not Specified,Not Specified,MARGINAL,36.72,30.19
20/12/2024 15:00:00 - 20/12/2024 16:00:00,SCA|NO2,mFRR,Not Specified,Not Specified,MARGINAL,45.0,32.76
20/12/2024 16:00:00 - 20/12/2024 17:00:00,SCA|NO2,mFRR,Not Specified,Not Specified,MARGINAL,45.0,32.88
20/12/2024 17:00:00 - 20/12/2024 18:00:00,SCA|NO2,mFRR,Not Specified,Not Specified,MARGINAL,45.5,32.68
20/12/2024 18:00:00 - 20/12/2024 19:00:00,SCA|NO2,mFRR,Not Specified,Not Specified,MARGINAL,45.5,31.5
20/12/2024 19:00:00 - 20/12/2024 20:00:00,SCA|NO2,mFRR,Not Specified,Not Specified,MARGINAL,44.5,30.44
20/12/2024 20:00:00 - 20/12/2024 21:00:00,SCA|NO2,mFRR,Not Specified,Not Specified,MARGINAL,40.5,28.88
20/12/2024 21:00:00 - 20/12/2024 22:00:00,SCA|NO2,mFRR,Not Specified,Not Specified,MARGINAL,39.5,27.1
20/12/2024 22:00:00 - 20/12/2024 23:00:00,SCA|NO2,mFRR,Not Specified,Not Specified,MARGINAL,37.5,25.68
20/12/2024 23:00:00 - 21/12/2024 00:00:00,SCA|NO2,mFRR,Not Specified,Not Specified,MARGINAL,32.5,23.76
21/12/2024 00:00:00 - 21/12/2024 01:00:00,SCA|NO2,mFRR,Not Specified,Not Specified,MARGINAL,28.0,24.79
21/12/2024 01:00:00 - 21/12/2024 02:00:00,SCA|NO2,mFRR,Not Specified,Not Specified,MARGINAL,26.0,23.25
21/12/2024 02:00:00 - 21/12/2024 03:00:00,SCA|NO2,mFRR,Not Specified,Not Specified,MARGINAL,22.27,9.0
21/12/2024 03:00:00 - 21/12/2024 04:00:00,SCA|NO2,mFRR,Not Specified,Not Specified,MARGINAL,20.09,9.0
21/12/2024 04:00:00 - 21/12/2024 05:00:00,SCA|NO2,mFRR,Not Specified,Not Specified,MARGINAL,18.75,9.0
21/12/2024 05:00:00 - 21/12/2024 06:00:00,SCA|NO2,mFRR,Not Specified,Not Specified,MARGINAL,20.74,10.0
21/12/2024 06:00:00 - 21/12/2024 07:00:00,SCA|NO2,mFRR,Not Specified,Not Specified,MARGINAL,19.98,5.82
21/12/2024 07:00:00 - 21/12/2024 08:00:00,SCA|NO2,mFRR,Not Specified,Not Specified,MARGINAL,21.95,11.0
21/12/2024 08:00:00 - 21/12/2024 09:00:00,SCA|NO2,mFRR,Not Specified,Not Specified,MARGINAL,23.66,17.16
21/12/2024 09:00:00 - 21/12/2024 10:00:00,SCA|NO2,mFRR,Not Specified,Not Specified,MARGINAL,28.55,21.0
21/12/2024 10:00:00 - 21/12/2024 11:00:00,SCA|NO2,mFRR,Not Specified,Not Specified,MARGINAL,30.58,20.0
21/12/2024 11:00:00 - 21/12/2024 12:00:00,SCA|NO2,mFRR,Not Specified,Not Specified,MARGINAL,30.05,17.5
21/12/2024 12:00:00 - 21/12/2024 13:00:00,SCA|NO2,mFRR,Not Specified,Not Specified,MARGINAL,30.27,15.5
21/12/2024 13:00:00 - 21/12/2024 14:00:00,SCA|NO2,mFRR,Not Specified,Not Specified,MARGINAL,28.97,15.5
21/12/2024 14:00:00 - 21/12/2024 15:00:00,SCA|NO2,mFRR,Not Specified,Not Specified,MARGINAL,26.47,17.5
21/12/2024 15:00:00 - 21/12/2024 16:00:00,SCA|NO2,mFRR,Not Specified,Not Specified,MARGINAL,27.78,17.5
21/12/2024 16:00:00 - 21/12/2024 17:00:00,SCA|NO2,mFRR,Not Specified,Not Specified,MARGINAL,28.42,20.5
21/12/2024 17:00:00 - 21/12/2024 18:00:00,SCA|NO2,mFRR,Not Specified,Not Specified,MARGINAL,32.0,28.39
21/12/2024 18:00:00 - 21/12/2024 19:00:00,SCA|NO2,mFRR,Not Specified,Not Specified,MARGINAL,28.0,26.36
21/12/2024 19:00:00 - 21/12/2024 20:00:00,SCA|NO2,mFRR,Not Specified,Not Specified,MARGINAL,23.14,17.5
21/12/2024 20:00:00 - 21/12/2024 21:00:00,SCA|NO2,mFRR,Not Specified,Not Specified,MARGINAL,18.51,10.0
21/12/2024 21:00:00 - 21/12/2024 22:00:00,SCA|NO2,mFRR,Not Specified,Not Specified,MARGINAL,12.06,4.0
21/12/2024 22:00:00 - 21/12/2024 23:00:00,SCA|NO2,mFRR,Not Specified,Not Specified,MARGINAL,8.65,4.0
21/12/2024 23:00:00 - 22/12/2024 00:00:00,SCA|NO2,mFRR,Not Specified,Not Specified,MARGINAL,4.6,2.0
22/12/2024 00:00:00 - 22/12/2024 01:00:00,SCA|NO2,mFRR,Not Specified,Not Specified,MARGINAL,5.91,5.91
22/12/2024 01:00:00 - 22/12/2024 02:00:00,SCA|NO2,mFRR,Not Specified,Not Specified,MARGINAL,5.69,5.0
22/12/2024 02:00:00 - 22/12/2024 03:00:00,SCA|NO2,mFRR,Not Specified,Not Specified,MARGINAL,6.13,2.5
22/12/2024 03:00:00 - 22/12/2024 04:00:00,SCA|NO2,mFRR,Not Specified,Not Specified,MARGINAL,6.17,0.0
22/12/2024 04:00:00 - 22/12/2024 05:00:00,SCA|NO2,mFRR,Not Specified,Not Specified,MARGINAL,6.35,2.0
22/12/2024 05:00:00 - 22/12/2024 06:00:00,SCA|NO2,mFRR,Not Specified,Not Specified,MARGINAL,5.65,2.0
22/12/2024 06:00:00 - 22/12/2024 07:00:00,SCA|NO2,mFRR,Not Specified,Not Specified,MARGINAL,6.34,4.0
22/12/2024 07:00:00 - 22/12/2024 08:00:00,SCA|NO2,mFRR,Not Specified,Not Specified,MARGINAL,5.67,2.5
22/12/2024 08:00:00 - 22/12/2024 09:00:00,SCA|NO2,mFRR,Not Specified,Not Specified,MARGINAL,7.37,3.0
22/12/2024 09:00:00 - 22/12/2024 10:00:00,SCA|NO2,mFRR,Not Specified,Not Specified,MARGINAL,21.27,17.5
22/12/2024 10:00:00 - 22/12/2024 11:00:00,SCA|NO2,mFRR,Not Specified,Not Specified,MARGINAL,21.06,19.0
22/12/2024 11:00:00 - 22/12/2024 12:00:00,SCA|NO2,mFRR,Not Specified,Not Specified,MARGINAL,23.56,21.44
22/12/2024 12:00:00 - 22/12/2024 13:00:00,SCA|NO2,mFRR,Not Specified,Not Specified,MARGINAL,23.55,23.55
22/12/2024 13:00:00 - 22/12/2024 14:00:00,SCA|NO2,mFRR,Not Specified,Not Specified,MARGINAL,24.93,23.0
22/12/2024 14:00:00 - 22/12/2024 15:00:00,SCA|NO2,mFRR,Not Specified,Not Specified,MARGINAL,29.36,23.0
22/12/2024 15:00:00 - 22/12/2024 16:00:00,SCA|NO2,mFRR,Not Specified,Not Specified,MARGINAL,33.07,26.0
22/12/2024 16:00:00 - 22/12/2024 17:00:00,SCA|NO2,mFRR,Not Specified,Not Specified,MARGINAL,39.93,26.5
22/12/2024 17:00:00 - 22/12/2024 18:00:00,SCA|NO2,mFRR,Not Specified,Not Specified,MARGINAL,44.86,24.5
22/12/2024 18:00:00 - 22/12/2024 19:00:00,SCA|NO2,mFRR,Not Specified,Not Specified,MARGINAL,44.0,26.81
22/12/2024 19:00:00 - 22/12/2024 20:00:00,SCA|NO2,mFRR,Not Specified,Not Specified,MARGINAL,38.35,38.35
22/12/2024 20:00:00 - 22/12/2024 21:00:00,SCA|NO2,mFRR,Not Specified,Not Specified,MARGINAL,35.54,27.0
22/12/2024 21:00:00 - 22/12/2024 22:00:00,SCA|NO2,mFRR,Not Specified,Not Specified,MARGINAL,32.88,27.0
22/12/2024 22:00:00 - 22/12/2024 23:00:00,SCA|NO2,mFRR,Not Specified,Not Specified,MARGINAL,32.26,26.0
22/12/2024 23:00:00 - 23/12/2024 00:00:00,SCA|NO2,mFRR,Not Specified,Not Specified,MARGINAL,26.64,21.5
23/12/2024 00:00:00 - 23/12/2024 01:00:00,SCA|NO2,mFRR,Not Specified,Not Specified,MARGINAL,26.55,19.5
23/12/2024 01:00:00 - 23/12/2024 02:00:00,SCA|NO2,mFRR,Not Specified,Not Specified,MARGINAL,22.01,20.0
23/12/2024 02:00:00 - 23/12/2024 03:00:00,SCA|NO2,mFRR,Not Specified,Not Specified,MARGINAL,15.35,15.35
23/12/2024 03:00:00 - 23/12/2024 04:00:00,SCA|NO2,mFRR,Not Specified,Not Specified,MARGINAL,9.42,9.42
23/12/2024 04:00:00 - 23/12/2024 05:00:00,SCA|NO2,mFRR,Not Specified,Not Specified,MARGINAL,10.36,6.47
23/12/2024 05:00:00 - 23/12/2024 06:00:00,SCA|NO2,mFRR,Not Specified,Not Specified,MARGINAL,18.0,10.0
23/12/2024 06:00:00 - 23/12/2024 07:00:00,SCA|NO2,mFRR,Not Specified,Not Specified,MARGINAL,24.56,22.0
23/12/2024 07:00:00 - 23/12/2024 08:00:00,SCA|NO2,mFRR,Not Specified,Not Specified,MARGINAL,37.47,22.0
23/12/2024 08:00:00 - 23/12/2024 09:00:00,SCA|NO2,mFRR,Not Specified,Not Specified,MARGINAL,48.26,24.0
23/12/2024 09:00:00 - 23/12/2024 10:00:00,SCA|NO2,mFRR,Not Specified,Not Specified,MARGINAL,48.43,27.0
23/12/2024 10:00:00 - 23/12/2024 11:00:00,SCA|NO2,mFRR,Not Specified,Not Specified,MARGINAL,44.27,27.0
23/12/2024 11:00:00 - 23/12/2024 12:00:00,SCA|NO2,mFRR,Not Specified,Not Specified,MARGINAL,43.72,27.0
23/12/2024 12:00:00 - 23/12/2024 13:00:00,SCA|NO2,mFRR,Not Specified,Not Specified,MARGINAL,45.52,27.0
23/12/2024 13:00:00 - 23/12/2024 14:00:00,SCA|NO2,mFRR,Not Specified,Not Specified,MARGINAL,46.14,27.0
23/12/2024 14:00:00 - 23/12/2024 15:00:00,SCA|NO2,mFRR,Not Specified,Not Specified,MARGINAL,51.4,28.5
23/12/2024 15:00:00 - 23/12/2024 16:00:00,SCA|NO2,mFRR,Not Specified,Not Specified,MARGINAL,61.16,32.5
23/12/2024 16:00:00 - 23/12/2024 17:00:00,SCA|NO2,mFRR,Not Specified,Not Specified,MARGINAL,68.5,68.5
23/12/2024 17:00:00 - 23/12/2024 18:00:00,SCA|NO2,mFRR,Not Specified,Not Specified,MARGINAL,80.49,80.49
23/12/2024 18:00:00 - 23/12/2024 19:00:00,SCA|NO2,mFRR,Not Specified,Not Specified,MARGINAL,90.09,48.0
23/12/2024 19:00:00 - 23/12/2024 20:00:00,SCA|NO2,mFRR,Not Specified,Not Specified,MARGINAL,93.86,39.54
23/12/2024 20:00:00 - 23/12/2024 21:00:00,SCA|NO2,mFRR,Not Specified,Not Specified,MARGINAL,89.13,40.0
23/12/2024 21:00:00 - 23/12/2024 22:00:00,SCA|NO2,mFRR,Not Specified,Not Specified,MARGINAL,93.13,40.0
23/12/2024 22:00:00 - 23/12/2024 23:00:00,SCA|NO2,mFRR,Not Specified,Not Specified,MARGINAL,59.02,40.0
23/12/2024 23:00:00 - 24/12/2024 00:00:00,SCA|NO2,mFRR,Not Specified,Not Specified,MARGINAL,43.91,39.71
24/12/2024 00:00:00 - 24/12/2024 01:00:00,SCA|NO2,mFRR,Not Specified,Not Specified,MARGINAL,35.0,34.9
24/12/2024 01:00:00 - 24/12/2024 02:00:00,SCA|NO2,mFRR,Not Specified,Not Specified,MARGINAL,39.5,33.55
24/12/2024 02:00:00 - 24/12/2024 03:00:00,SCA|NO2,mFRR,Not Specified,Not Specified,MARGINAL,39.5,32.76
24/12/2024 03:00:00 - 24/12/2024 04:00:00,SCA|NO2,mFRR,Not Specified,Not Specified,MARGINAL,39.0,32.65
24/12/2024 04:00:00 - 24/12/2024 05:00:00,SCA|NO2,mFRR,Not Specified,Not Specified,MARGINAL,39.0,32.19
24/12/2024 05:00:00 - 24/12/2024 06:00:00,SCA|NO2,mFRR,Not Specified,Not Specified,MARGINAL,32.25,32.25
24/12/2024 06:00:00 - 24/12/2024 07:00:00,SCA|NO2,mFRR,Not Specified,Not Specified,MARGINAL,36.0,33.98
24/12/2024 07:00:00 - 24/12/2024 08:00:00,SCA|NO2,mFRR,Not Specified,Not Specified,MARGINAL,36.32,36.32
24/12/2024 08:00:00 - 24/12/2024 09:00:00,SCA|NO2,mFRR,Not Specified,Not Specified,MARGINAL,34.96,34.96
24/12/2024 09:00:00 - 24/12/2024 10:00:00,SCA|NO2,mFRR,Not Specified,Not Specified,MARGINAL,36.89,36.89
24/12/2024 10:00:00 - 24/12/2024 11:00:00,SCA|NO2,mFRR,Not Specified,Not Specified,MARGINAL,38.68,38.68
24/12/2024 11:00:00 - 24/12/2024 12:00:00,SCA|NO2,mFRR,Not Specified,Not Specified,MARGINAL,39.97,39.97
24/12/2024 12:00:00 - 24/12/2024 13:00:00,SCA|NO2,mFRR,Not Specified,Not Specified,MARGINAL,39.0,38.44
24/12/2024 13:00:00 - 24/12/2024 14:00:00,SCA|NO2,mFRR,Not Specified,Not Specified,MARGINAL,36.66,36.66
24/12/2024 14:00:00 - 24/12/2024 15:00:00,SCA|NO2,mFRR,Not Specified,Not Specified,MARGINAL,36.19,36.19
24/12/2024 15:00:00 - 24/12/2024 16:00:00,SCA|NO2,mFRR,Not Specified,Not Specified,MARGINAL,36.0,35.27
24/12/2024 16:00:00 - 24/12/2024 17:00:00,SCA|NO2,mFRR,Not Specified,Not Specified,MARGINAL,35.0,33.95
24/12/2024 17:00:00 - 24/12/2024 18:00:00,SCA|NO2,mFRR,Not Specified,Not Specified,MARGINAL,31.05,31.05
24/12/2024 18:00:00 - 24/12/2024 19:00:00,SCA|NO2,mFRR,Not Specified,Not Specified,MARGINAL,31.02,26.81
24/12/2024 19:00:00 - 24/12/2024 20:00:00,SCA|NO2,mFRR,Not Specified,Not Specified,MARGINAL,30.89,26.81
24/12/2024 20:00:00 - 24/12/2024 21:00:00,SCA|NO2,mFRR,Not Specified,Not Specified,MARGINAL,30.8,30.8
24/12/2024 21:00:00 - 24/12/2024 22:00:00,SCA|NO2,mFRR,Not Specified,Not Specified,MARGINAL,30.9,30.9
24/12/2024 22:00:00 - 24/12/2024 23:00:00,SCA|NO2,mFRR,Not Specified,Not Specified,MARGINAL,30.79,30.79
24/12/2024 23:00:00 - 25/12/2024 00:00:00,SCA|NO2,mFRR,Not Specified,Not Specified,MARGINAL,30.71,24.0
25/12/2024 00:00:00 - 25/12/2024 01:00:00,SCA|NO2,mFRR,Not Specified,Not Specified,MARGINAL,30.69,22.0
25/12/2024 01:00:00 - 25/12/2024 02:00:00,SCA|NO2,mFRR,Not Specified,Not Specified,MARGINAL,30.47,20.5
25/12/2024 02:00:00 - 25/12/2024 03:00:00,SCA|NO2,mFRR,Not Specified,Not Specified,MARGINAL,30.95,23.5
25/12/2024 03:00:00 - 25/12/2024 04:00:00,SCA|NO2,mFRR,Not Specified,Not Specified,MARGINAL,30.9,23.5
25/12/2024 04:00:00 - 25/12/2024 05:00:00,SCA|NO2,mFRR,Not Specified,Not Specified,MARGINAL,30.83,23.5
25/12/2024 05:00:00 - 25/12/2024 06:00:00,SCA|NO2,mFRR,Not Specified,Not Specified,MARGINAL,30.91,23.5
25/12/2024 06:00:00 - 25/12/2024 07:00:00,SCA|NO2,mFRR,Not Specified,Not Specified,MARGINAL,30.97,24.0
25/12/2024 07:00:00 - 25/12/2024 08:00:00,SCA|NO2,mFRR,Not Specified,Not Specified,MARGINAL,30.74,24.0
25/12/2024 08:00:00 - 25/12/2024 09:00:00,SCA|NO2,mFRR,Not Specified,Not Specified,MARGINAL,32.42,24.0
25/12/2024 09:00:00 - 25/12/2024 10:00:00,SCA|NO2,mFRR,Not Specified,Not Specified,MARGINAL,30.98,24.0
25/12/2024 10:00:00 - 25/12/2024 11:00:00,SCA|NO2,mFRR,Not Specified,Not Specified,MARGINAL,30.94,23.5
25/12/2024 11:00:00 - 25/12/2024 12:00:00,SCA|NO2,mFRR,Not Specified,Not Specified,MARGINAL,30.89,23.5
25/12/2024 12:00:00 - 25/12/2024 13:00:00,SCA|NO2,mFRR,Not Specified,Not Specified,MARGINAL,30.73,22.0
25/12/2024 13:00:00 - 25/12/2024 14:00:00,SCA|NO2,mFRR,Not Specified,Not Specified,MARGINAL,30.98,24.0
25/12/2024 14:00:00 - 25/12/2024 15:00:00,SCA|NO2,mFRR,Not Specified,Not Specified,MARGINAL,30.82,24.0
25/12/2024 15:00:00 - 25/12/2024 16:00:00,SCA|NO2,mFRR,Not Specified,Not Specified,MARGINAL,31.07,31.07
25/12/2024 16:00:00 - 25/12/2024 17:00:00,SCA|NO2,mFRR,Not Specified,Not Specified,MARGINAL,30.88,23.0
25/12/2024 17:00:00 - 25/12/2024 18:00:00,SCA|NO2,mFRR,Not Specified,Not Specified,MARGINAL,30.96,22.0
25/12/2024 18:00:00 - 25/12/2024 19:00:00,SCA|NO2,mFRR,Not Specified,Not Specified,MARGINAL,31.08,22.0
25/12/2024 19:00:00 - 25/12/2024 20:00:00,SCA|NO2,mFRR,Not Specified,Not Specified,MARGINAL,31.04,22.0
25/12/2024 20:00:00 - 25/12/2024 21:00:00,SCA|NO2,mFRR,Not Specified,Not Specified,MARGINAL,30.91,23.0
25/12/2024 21:00:00 - 25/12/2024 22:00:00,SCA|NO2,mFRR,Not Specified,Not Specified,MARGINAL,30.74,23.0
25/12/2024 22:00:00 - 25/12/2024 23:00:00,SCA|NO2,mFRR,Not Specified,Not Specified,MARGINAL,30.62,23.0
25/12/2024 23:00:00 - 26/12/2024 00:00:00,SCA|NO2,mFRR,Not Specified,Not Specified,MARGINAL,30.62,22.5
26/12/2024 00:00:00 - 26/12/2024 01:00:00,SCA|NO2,mFRR,Not Specified,Not Specified,MARGINAL,31.5,23.0
26/12/2024 01:00:00 - 26/12/2024 02:00:00,SCA|NO2,mFRR,Not Specified,Not Specified,MARGINAL,31.54,31.54
26/12/2024 02:00:00 - 26/12/2024 03:00:00,SCA|NO2,mFRR,Not Specified,Not Specified,MARGINAL,31.58,21.0
26/12/2024 03:00:00 - 26/12/2024 04:00:00,SCA|NO2,mFRR,Not Specified,Not Specified,MARGINAL,31.08,20.0
26/12/2024 04:00:00 - 26/12/2024 05:00:00,SCA|NO2,mFRR,Not Specified,Not Specified,MARGINAL,31.01,20.0
26/12/2024 05:00:00 - 26/12/2024 06:00:00,SCA|NO2,mFRR,Not Specified,Not Specified,MARGINAL,31.25,20.0
26/12/2024 06:00:00 - 26/12/2024 07:00:00,SCA|NO2,mFRR,Not Specified,Not Specified,MARGINAL,32.59,20.0
26/12/2024 07:00:00 - 26/12/2024 08:00:00,SCA|NO2,mFRR,Not Specified,Not Specified,MARGINAL,33.18,20.0
26/12/2024 08:00:00 - 26/12/2024 09:00:00,SCA|NO2,mFRR,Not Specified,Not Specified,MARGINAL,37.83,22.0
26/12/2024 09:00:00 - 26/12/2024 10:00:00,SCA|NO2,mFRR,Not Specified,Not Specified,MARGINAL,37.99,22.0
26/12/2024 10:00:00 - 26/12/2024 11:00:00,SCA|NO2,mFRR,Not Specified,Not Specified,MARGINAL,36.96,22.0
26/12/2024 11:00:00 - 26/12/2024 12:00:00,SCA|NO2,mFRR,Not Specified,Not Specified,MARGINAL,31.83,23.0
26/12/2024 12:00:00 - 26/12/2024 13:00:00,SCA|NO2,mFRR,Not Specified,Not Specified,MARGINAL,34.92,34.92
26/12/2024 13:00:00 - 26/12/2024 14:00:00,SCA|NO2,mFRR,Not Specified,Not Specified,MARGINAL,34.98,34.98
26/12/2024 14:00:00 - 26/12/2024 15:00:00,SCA|NO2,mFRR,Not Specified,Not Specified,MARGINAL,31.82,31.82
26/12/2024 15:00:00 - 26/12/2024 16:00:00,SCA|NO2,mFRR,Not Specified,Not Specified,MARGINAL,31.97,31.97
26/12/2024 16:00:00 - 26/12/2024 17:00:00,SCA|NO2,mFRR,Not Specified,Not Specified,MARGINAL,35.18,35.18
26/12/2024 17:00:00 - 26/12/2024 18:00:00,SCA|NO2,mFRR,Not Specified,Not Specified,MARGINAL,32.68,32.68
26/12/2024 18:00:00 - 26/12/2024 19:00:00,SCA|NO2,mFRR,Not Specified,Not Specified,MARGINAL,32.42,32.42
26/12/2024 19:00:00 - 26/12/2024 20:00:00,SCA|NO2,mFRR,Not Specified,Not Specified,MARGINAL,31.96,31.96
26/12/2024 20:00:00 - 26/12/2024 21:00:00,SCA|NO2,mFRR,Not Specified,Not Specified,MARGINAL,31.89,31.89
26/12/2024 21:00:00 - 26/12/2024 22:00:00,SCA|NO2,mFRR,Not Specified,Not Specified,MARGINAL,31.61,31.61
26/12/2024 22:00:00 - 26/12/2024 23:00:00,SCA|NO2,mFRR,Not Specified,Not Specified,MARGINAL,31.73,31.73
26/12/2024 23:00:00 - 27/12/2024 00:00:00,SCA|NO2,mFRR,Not Specified,Not Specified,MARGINAL,31.87,31.87
27/12/2024 00:00:00 - 27/12/2024 01:00:00,SCA|NO2,mFRR,Not Specified,Not Specified,MARGINAL,36.0,30.59
27/12/2024 01:00:00 - 27/12/2024 02:00:00,SCA|NO2,mFRR,Not Specified,Not Specified,MARGINAL,35.0,30.56
27/12/2024 02:00:00 - 27/12/2024 03:00:00,SCA|NO2,mFRR,Not Specified,Not Specified,MARGINAL,34.0,30.51
27/12/2024 03:00:00 - 27/12/2024 04:00:00,SCA|NO2,mFRR,Not Specified,Not Specified,MARGINAL,33.0,30.86
27/12/2024 04:00:00 - 27/12/2024 05:00:00,SCA|NO2,mFRR,Not Specified,Not Specified,MARGINAL,31.85,31.85
27/12/2024 05:00:00 - 27/12/2024 06:00:00,SCA|NO2,mFRR,Not Specified,Not Specified,MARGINAL,30.96,30.96
27/12/2024 06:00:00 - 27/12/2024 07:00:00,SCA|NO2,mFRR,Not Specified,Not Specified,MARGINAL,30.8,30.8
27/12/2024 07:00:00 - 27/12/2024 08:00:00,SCA|NO2,mFRR,Not Specified,Not Specified,MARGINAL,34.9,34.9
27/12/2024 08:00:00 - 27/12/2024 09:00:00,SCA|NO2,mFRR,Not Specified,Not Specified,MARGINAL,38.26,38.26
27/12/2024 09:00:00 - 27/12/2024 10:00:00,SCA|NO2,mFRR,Not Specified,Not Specified,MARGINAL,38.95,38.95
27/12/2024 10:00:00 - 27/12/2024 11:00:00,SCA|NO2,mFRR,Not Specified,Not Specified,MARGINAL,39.74,39.74
27/12/2024 11:00:00 - 27/12/2024 12:00:00,SCA|NO2,mFRR,Not Specified,Not Specified,MARGINAL,39.71,39.71
27/12/2024 12:00:00 - 27/12/2024 13:00:00,SCA|NO2,mFRR,Not Specified,Not Specified,MARGINAL,39.72,39.72
27/12/2024 13:00:00 - 27/12/2024 14:00:00,SCA|NO2,mFRR,Not Specified,Not Specified,MARGINAL,39.78,39.78
27/12/2024 14:00:00 - 27/12/2024 15:00:00,SCA|NO2,mFRR,Not Specified,Not Specified,MARGINAL,40.0,39.97
27/12/2024 15:00:00 - 27/12/2024 16:00:00,SCA|NO2,mFRR,Not Specified,Not Specified,MARGINAL,41.0,39.92
27/12/2024 16:00:00 - 27/12/2024 17:00:00,SCA|NO2,mFRR,Not Specified,Not Specified,MARGINAL,44.0,39.96
27/12/2024 17:00:00 - 27/12/2024 18:00:00,SCA|NO2,mFRR,Not Specified,Not Specified,MARGINAL,44.0,39.72
27/12/2024 18:00:00 - 27/12/2024 19:00:00,SCA|NO2,mFRR,Not Specified,Not Specified,MARGINAL,44.0,37.98
27/12/2024 19:00:00 - 27/12/2024 20:00:00,SCA|NO2,mFRR,Not Specified,Not Specified,MARGINAL,44.0,36.35
27/12/2024 20:00:00 - 27/12/2024 21:00:00,SCA|NO2,mFRR,Not Specified,Not Specified,MARGINAL,43.5,34.4
27/12/2024 21:00:00 - 27/12/2024 22:00:00,SCA|NO2,mFRR,Not Specified,Not Specified,MARGINAL,39.5,31.26
27/12/2024 22:00:00 - 27/12/2024 23:00:00,SCA|NO2,mFRR,Not Specified,Not Specified,MARGINAL,39.5,30.64
27/12/2024 23:00:00 - 28/12/2024 00:00:00,SCA|NO2,mFRR,Not Specified,Not Specified,MARGINAL,39.5,30.47
28/12/2024 00:00:00 - 28/12/2024 01:00:00,SCA|NO2,mFRR,Not Specified,Not Specified,MARGINAL,34.0,30.96
28/12/2024 01:00:00 - 28/12/2024 02:00:00,SCA|NO2,mFRR,Not Specified,Not Specified,MARGINAL,30.9,30.9
28/12/2024 02:00:00 - 28/12/2024 03:00:00,SCA|NO2,mFRR,Not Specified,Not Specified,MARGINAL,30.91,30.91
28/12/2024 03:00:00 - 28/12/2024 04:00:00,SCA|NO2,mFRR,Not Specified,Not Specified,MARGINAL,30.9,30.9
28/12/2024 04:00:00 - 28/12/2024 05:00:00,SCA|NO2,mFRR,Not Specified,Not Specified,MARGINAL,30.86,30.86
28/12/2024 05:00:00 - 28/12/2024 06:00:00,SCA|NO2,mFRR,Not Specified,Not Specified,MARGINAL,30.92,30.92
28/12/2024 06:00:00 - 28/12/2024 07:00:00,SCA|NO2,mFRR,Not Specified,Not Specified,MARGINAL,30.86,30.86
28/12/2024 07:00:00 - 28/12/2024 08:00:00,SCA|NO2,mFRR,Not Specified,Not Specified,MARGINAL,30.85,30.85
28/12/2024 08:00:00 - 28/12/2024 09:00:00,SCA|NO2,mFRR,Not Specified,Not Specified,MARGINAL,30.78,30.78
28/12/2024 09:00:00 - 28/12/2024 10:00:00,SCA|NO2,mFRR,Not Specified,Not Specified,MARGINAL,30.92,30.92
28/12/2024 10:00:00 - 28/12/2024 11:00:00,SCA|NO2,mFRR,Not Specified,Not Specified,MARGINAL,33.0,30.96
28/12/2024 11:00:00 - 28/12/2024 12:00:00,SCA|NO2,mFRR,Not Specified,Not Specified,MARGINAL,38.0,31.0
28/12/2024 12:00:00 - 28/12/2024 13:00:00,SCA|NO2,mFRR,Not Specified,Not Specified,MARGINAL,38.0,30.99
28/12/2024 13:00:00 - 28/12/2024 14:00:00,SCA|NO2,mFRR,Not Specified,Not Specified,MARGINAL,38.0,31.35
28/12/2024 14:00:00 - 28/12/2024 15:00:00,SCA|NO2,mFRR,Not Specified,Not Specified,MARGINAL,38.5,31.07
28/12/2024 15:00:00 - 28/12/2024 16:00:00,SCA|NO2,mFRR,Not Specified,Not Specified,MARGINAL,38.5,30.98
28/12/2024 16:00:00 - 28/12/2024 17:00:00,SCA|NO2,mFRR,Not Specified,Not Specified,MARGINAL,38.5,31.26
28/12/2024 17:00:00 - 28/12/2024 18:00:00,SCA|NO2,mFRR,Not Specified,Not Specified,MARGINAL,38.0,30.92
28/12/2024 18:00:00 - 28/12/2024 19:00:00,SCA|NO2,mFRR,Not Specified,Not Specified,MARGINAL,38.0,30.73
28/12/2024 19:00:00 - 28/12/2024 20:00:00,SCA|NO2,mFRR,Not Specified,Not Specified,MARGINAL,36.5,30.75
28/12/2024 20:00:00 - 28/12/2024 21:00:00,SCA|NO2,mFRR,Not Specified,Not Specified,MARGINAL,35.5,30.76
28/12/2024 21:00:00 - 28/12/2024 22:00:00,SCA|NO2,mFRR,Not Specified,Not Specified,MARGINAL,35.0,30.83
28/12/2024 22:00:00 - 28/12/2024 23:00:00,SCA|NO2,mFRR,Not Specified,Not Specified,MARGINAL,33.0,30.83
28/12/2024 23:00:00 - 29/12/2024 00:00:00,SCA|NO2,mFRR,Not Specified,Not Specified,MARGINAL,31.0,30.71
29/12/2024 00:00:00 - 29/12/2024 01:00:00,SCA|NO2,mFRR,Not Specified,Not Specified,MARGINAL,29.43,29.43
29/12/2024 01:00:00 - 29/12/2024 02:00:00,SCA|NO2,mFRR,Not Specified,Not Specified,MARGINAL,29.72,29.72
29/12/2024 02:00:00 - 29/12/2024 03:00:00,SCA|NO2,mFRR,Not Specified,Not Specified,MARGINAL,29.68,29.68
29/12/2024 03:00:00 - 29/12/2024 04:00:00,SCA|NO2,mFRR,Not Specified,Not Specified,MARGINAL,29.62,29.62
29/12/2024 04:00:00 - 29/12/2024 05:00:00,SCA|NO2,mFRR,Not Specified,Not Specified,MARGINAL,29.41,29.41
29/12/2024 05:00:00 - 29/12/2024 06:00:00,SCA|NO2,mFRR,Not Specified,Not Specified,MARGINAL,29.62,29.62
29/12/2024 06:00:00 - 29/12/2024 07:00:00,SCA|NO2,mFRR,Not Specified,Not Specified,MARGINAL,29.57,29.57
29/12/2024 07:00:00 - 29/12/2024 08:00:00,SCA|NO2,mFRR,Not Specified,Not Specified,MARGINAL,29.38,25.47
29/12/2024 08:00:00 - 29/12/2024 09:00:00,SCA|NO2,mFRR,Not Specified,Not Specified,MARGINAL,29.28,21.5
29/12/2024 09:00:00 - 29/12/2024 10:00:00,SCA|NO2,mFRR,Not Specified,Not Specified,MARGINAL,29.46,21.5
29/12/2024 10:00:00 - 29/12/2024 11:00:00,SCA|NO2,mFRR,Not Specified,Not Specified,MARGINAL,29.26,23.0
29/12/2024 11:00:00 - 29/12/2024 12:00:00,SCA|NO2,mFRR,Not Specified,Not Specified,MARGINAL,28.99,28.99
29/12/2024 12:00:00 - 29/12/2024 13:00:00,SCA|NO2,mFRR,Not Specified,Not Specified,MARGINAL,28.35,28.35
29/12/2024 13:00:00 - 29/12/2024 14:00:00,SCA|NO2,mFRR,Not Specified,Not Specified,MARGINAL,27.51,27.51
29/12/2024 14:00:00 - 29/12/2024 15:00:00,SCA|NO2,mFRR,Not Specified,Not Specified,MARGINAL,28.5,25.43
29/12/2024 15:00:00 - 29/12/2024 16:00:00,SCA|NO2,mFRR,Not Specified,Not Specified,MARGINAL,29.0,25.36
29/12/2024 16:00:00 - 29/12/2024 17:00:00,SCA|NO2,mFRR,Not Specified,Not Specified,MARGINAL,30.0,26.71
29/12/2024 17:00:00 - 29/12/2024 18:00:00,SCA|NO2,mFRR,Not Specified,Not Specified,MARGINAL,30.0,27.28
29/12/2024 18:00:00 - 29/12/2024 19:00:00,SCA|NO2,mFRR,Not Specified,Not Specified,MARGINAL,29.0,25.71
29/12/2024 19:00:00 - 29/12/2024 20:00:00,SCA|NO2,mFRR,Not Specified,Not Specified,MARGINAL,32.0,24.92
29/12/2024 20:00:00 - 29/12/2024 21:00:00,SCA|NO2,mFRR,Not Specified,Not Specified,MARGINAL,32.0,24.21
29/12/2024 21:00:00 - 29/12/2024 22:00:00,SCA|NO2,mFRR,Not Specified,Not Specified,MARGINAL,28.0,23.86
29/12/2024 22:00:00 - 29/12/2024 23:00:00,SCA|NO2,mFRR,Not Specified,Not Specified,MARGINAL,28.0,23.28
29/12/2024 23:00:00 - 30/12/2024 00:00:00,SCA|NO2,mFRR,Not Specified,Not Specified,MARGINAL,28.0,23.08
30/12/2024 00:00:00 - 30/12/2024 01:00:00,SCA|NO2,mFRR,Not Specified,Not Specified,MARGINAL,32.0,26.88
30/12/2024 01:00:00 - 30/12/2024 02:00:00,SCA|NO2,mFRR,Not Specified,Not Specified,MARGINAL,29.0,25.63
30/12/2024 02:00:00 - 30/12/2024 03:00:00,SCA|NO2,mFRR,Not Specified,Not Specified,MARGINAL,24.96,24.96
30/12/2024 03:00:00 - 30/12/2024 04:00:00,SCA|NO2,mFRR,Not Specified,Not Specified,MARGINAL,26.61,26.61
30/12/2024 04:00:00 - 30/12/2024 05:00:00,SCA|NO2,mFRR,Not Specified,Not Specified,MARGINAL,25.53,25.53
30/12/2024 05:00:00 - 30/12/2024 06:00:00,SCA|NO2,mFRR,Not Specified,Not Specified,MARGINAL,27.25,27.25
30/12/2024 06:00:00 - 30/12/2024 07:00:00,SCA|NO2,mFRR,Not Specified,Not Specified,MARGINAL,28.92,28.92
30/12/2024 07:00:00 - 30/12/2024 08:00:00,SCA|NO2,mFRR,Not Specified,Not Specified,MARGINAL,29.84,29.84
30/12/2024 08:00:00 - 30/12/2024 09:00:00,SCA|NO2,mFRR,Not Specified,Not Specified,MARGINAL,31.29,24.13
30/12/2024 09:00:00 - 30/12/2024 10:00:00,SCA|NO2,mFRR,Not Specified,Not Specified,MARGINAL,34.18,24.13
30/12/2024 10:00:00 - 30/12/2024 11:00:00,SCA|NO2,mFRR,Not Specified,Not Specified,MARGINAL,36.67,36.67
30/12/2024 11:00:00 - 30/12/2024 12:00:00,SCA|NO2,mFRR,Not Specified,Not Specified,MARGINAL,37.16,37.16
30/12/2024 12:00:00 - 30/12/2024 13:00:00,SCA|NO2,mFRR,Not Specified,Not Specified,MARGINAL,35.24,35.24
30/12/2024 13:00:00 - 30/12/2024 14:00:00,SCA|NO2,mFRR,Not Specified,Not Specified,MARGINAL,33.6,33.6
30/12/2024 14:00:00 - 30/12/2024 15:00:00,SCA|NO2,mFRR,Not Specified,Not Specified,MARGINAL,35.09,35.09
30/12/2024 15:00:00 - 30/12/2024 16:00:00,SCA|NO2,mFRR,Not Specified,Not Specified,MARGINAL,36.47,36.47
30/12/2024 16:00:00 - 30/12/2024 17:00:00,SCA|NO2,mFRR,Not Specified,Not Specified,MARGINAL,38.63,38.63
30/12/2024 17:00:00 - 30/12/2024 18:00:00,SCA|NO2,mFRR,Not Specified,Not Specified,MARGINAL,38.09,38.09
30/12/2024 18:00:00 - 30/12/2024 19:00:00,SCA|NO2,mFRR,Not Specified,Not Specified,MARGINAL,35.81,35.81
30/12/2024 19:00:00 - 30/12/2024 20:00:00,SCA|NO2,mFRR,Not Specified,Not Specified,MARGINAL,32.05,32.05
30/12/2024 20:00:00 - 30/12/2024 21:00:00,SCA|NO2,mFRR,Not Specified,Not Specified,MARGINAL,35.0,31.36
30/12/2024 21:00:00 - 30/12/2024 22:00:00,SCA|NO2,mFRR,Not Specified,Not Specified,MARGINAL,35.0,31.15
30/12/2024 22:00:00 - 30/12/2024 23:00:00,SCA|NO2,mFRR,Not Specified,Not Specified,MARGINAL,33.5,31.22
30/12/2024 23:00:00 - 31/12/2024 00:00:00,SCA|NO2,mFRR,Not Specified,Not Specified,MARGINAL,32.0,31.32
31/12/2024 00:00:00 - 31/12/2024 01:00:00,SCA|NO2,mFRR,Not Specified,Not Specified,MARGINAL,32.0,31.96
31/12/2024 01:00:00 - 31/12/2024 02:00:00,SCA|NO2,mFRR,Not Specified,Not Specified,MARGINAL,31.97,31.97
31/12/2024 02:00:00 - 31/12/2024 03:00:00,SCA|NO2,mFRR,Not Specified,Not Specified,MARGINAL,32.04,32.04
31/12/2024 03:00:00 - 31/12/2024 04:00:00,SCA|NO2,mFRR,Not Specified,Not Specified,MARGINAL,31.5,31.5
31/12/2024 04:00:00 - 31/12/2024 05:00:00,SCA|NO2,mFRR,Not Specified,Not Specified,MARGINAL,30.0,29.92
31/12/2024 05:00:00 - 31/12/2024 06:00:00,SCA|NO2,mFRR,Not Specified,Not Specified,MARGINAL,29.28,29.28
31/12/2024 06:00:00 - 31/12/2024 07:00:00,SCA|NO2,mFRR,Not Specified,Not Specified,MARGINAL,31.43,31.43
31/12/2024 07:00:00 - 31/12/2024 08:00:00,SCA|NO2,mFRR,Not Specified,Not Specified,MARGINAL,33.11,23.0
31/12/2024 08:00:00 - 31/12/2024 09:00:00,SCA|NO2,mFRR,Not Specified,Not Specified,MARGINAL,36.18,23.0
31/12/2024 09:00:00 - 31/12/2024 10:00:00,SCA|NO2,mFRR,Not Specified,Not Specified,MARGINAL,38.91,23.5
31/12/2024 10:00:00 - 31/12/2024 11:00:00,SCA|NO2,mFRR,Not Specified,Not Specified,MARGINAL,39.9,25.0
31/12/2024 11:00:00 - 31/12/2024 12:00:00,SCA|NO2,mFRR,Not Specified,Not Specified,MARGINAL,37.84,27.0
31/12/2024 12:00:00 - 31/12/2024 13:00:00,SCA|NO2,mFRR,Not Specified,Not Specified,MARGINAL,35.0,33.45
31/12/2024 13:00:00 - 31/12/2024 14:00:00,SCA|NO2,mFRR,Not Specified,Not Specified,MARGINAL,36.0,33.51
31/12/2024 14:00:00 - 31/12/2024 15:00:00,SCA|NO2,mFRR,Not Specified,Not Specified,MARGINAL,39.0,32.24
31/12/2024 15:00:00 - 31/12/2024 16:00:00,SCA|NO2,mFRR,Not Specified,Not Specified,MARGINAL,45.0,33.59
31/12/2024 16:00:00 - 31/12/2024 17:00:00,SCA|NO2,mFRR,Not Specified,Not Specified,MARGINAL,45.0,33.54
31/12/2024 17:00:00 - 31/12/2024 18:00:00,SCA|NO2,mFRR,Not Specified,Not Specified,MARGINAL,45.0,33.5
31/12/2024 18:00:00 - 31/12/2024 19:00:00,SCA|NO2,mFRR,Not Specified,Not Specified,MARGINAL,42.0,31.95
31/12/2024 19:00:00 - 31/12/2024 20:00:00,SCA|NO2,mFRR,Not Specified,Not Specified,MARGINAL,40.0,31.05
31/12/2024 20:00:00 - 31/12/2024 21:00:00,SCA|NO2,mFRR,Not Specified,Not Specified,MARGINAL,32.0,28.63
31/12/2024 21:00:00 - 31/12/2024 22:00:00,SCA|NO2,mFRR,Not Specified,Not Specified,MARGINAL,22.81,22.81
31/12/2024 22:00:00 - 31/12/2024 23:00:00,SCA|NO2,mFRR,Not Specified,Not Specified,MARGINAL,20.76,20.76
