ISP (CET/CEST),Area,Reserve Type,Source,Type of Product,Price Type,Price Up (EUR/MWh),Price Down (EUR/MWh)
31/12/2022 23:00:00 - 01/01/2023 00:00:00,SCA|NO3,mFRR,Not Specified,Not Specified,MARGINAL,23.56,23.56
01/01/2023 00:00:00 - 01/01/2023 01:00:00,SCA|NO3,mFRR,Not Specified,Not Specified,MARGINAL,23.35,23.35
01/01/2023 01:00:00 - 01/01/2023 02:00:00,SCA|NO3,mFRR,Not Specified,Not Specified,MARGINAL,23.28,23.28
01/01/2023 02:00:00 - 01/01/2023 03:00:00,SCA|NO3,mFRR,Not Specified,Not Specified,MARGINAL,23.37,6.5
01/01/2023 03:00:00 - 01/01/2023 04:00:00,SCA|NO3,mFRR,Not Specified,Not Specified,MARGINAL,23.67,6.5
01/01/2023 04:00:00 - 01/01/2023 05:00:00,SCA|NO3,mFRR,Not Specified,Not Specified,MARGINAL,24.12,-2.0
01/01/2023 05:00:00 - 01/01/2023 06:00:00,SCA|NO3,mFRR,Not Specified,Not Specified,MARGINAL,32.24,4.5
01/01/2023 06:00:00 - 01/01/2023 07:00:00,SCA|NO3,mFRR,Not Specified,Not Specified,MARGINAL,35.93,-2.5
01/01/2023 07:00:00 - 01/01/2023 08:00:00,SCA|NO3,mFRR,Not Specified,Not Specified,MARGINAL,42.78,-3.5
01/01/2023 08:00:00 - 01/01/2023 09:00:00,SCA|NO3,mFRR,Not Specified,Not Specified,MARGINAL,47.7,-3.5
01/01/2023 09:00:00 - 01/01/2023 10:00:00,SCA|NO3,mFRR,Not Specified,Not Specified,MARGINAL,53.38,-3.5
01/01/2023 10:00:00 - 01/01/2023 11:00:00,SCA|NO3,mFRR,Not Specified,Not Specified,MARGINAL,59.34,-3.5
01/01/2023 11:00:00 - 01/01/2023 12:00:00,SCA|NO3,mFRR,Not Specified,Not Specified,MARGINAL,61.66,-3.5
01/01/2023 12:00:00 - 01/01/2023 13:00:00,SCA|NO3,mFRR,Not Specified,Not Specified,MARGINAL,64.91,-3.5
01/01/2023 13:00:00 - 01/01/2023 14:00:00,SCA|NO3,mFRR,Not Specified,Not Specified,MARGINAL,71.03,-3.5
01/01/2023 14:00:00 - 01/01/2023 15:00:00,SCA|NO3,mFRR,Not Specified,Not Specified,MARGINAL,73.11,0.45
01/01/2023 15:00:00 - 01/01/2023 16:00:00,SCA|NO3,mFRR,Not Specified,Not Specified,MARGINAL,77.13,9.51
01/01/2023 16:00:00 - 01/01/2023 17:00:00,SCA|NO3,mFRR,Not Specified,Not Specified,MARGINAL,145.0,75.32
01/01/2023 17:00:00 - 01/01/2023 18:00:00,SCA|NO3,mFRR,Not Specified,Not Specified,MARGINAL,130.0,70.82
01/01/2023 18:00:00 - 01/01/2023 19:00:00,SCA|NO3,mFRR,Not Specified,Not Specified,MARGINAL,130.0,63.68
01/01/2023 19:00:00 - 01/01/2023 20:00:00,SCA|NO3,mFRR,Not Specified,Not Specified,MARGINAL,130.0,60.37
01/01/2023 20:00:00 - 01/01/2023 21:00:00,SCA|NO3,mFRR,Not Specified,Not Specified,MARGINAL,92.0,50.96
01/01/2023 21:00:00 - 01/01/2023 22:00:00,SCA|NO3,mFRR,Not Specified,Not Specified,MARGINAL,90.0,48.59
01/01/2023 22:00:00 - 01/01/2023 23:00:00,SCA|NO3,mFRR,Not Specified,Not Specified,MARGINAL,90.0,49.98
01/01/2023 23:00:00 - 02/01/2023 00:00:00,SCA|NO3,mFRR,Not Specified,Not Specified,MARGINAL,85.0,54.01
02/01/2023 00:00:00 - 02/01/2023 01:00:00,SCA|NO3,mFRR,Not Specified,Not Specified,MARGINAL,86.5,72.14
02/01/2023 01:00:00 - 02/01/2023 02:00:00,SCA|NO3,mFRR,Not Specified,Not Specified,MARGINAL,76.43,72.13
02/01/2023 02:00:00 - 02/01/2023 03:00:00,SCA|NO3,mFRR,Not Specified,Not Specified,MARGINAL,85.63,72.45
02/01/2023 03:00:00 - 02/01/2023 04:00:00,SCA|NO3,mFRR,Not Specified,Not Specified,MARGINAL,71.76,32.27
02/01/2023 04:00:00 - 02/01/2023 05:00:00,SCA|NO3,mFRR,Not Specified,Not Specified,MARGINAL,72.96,72.96
02/01/2023 05:00:00 - 02/01/2023 06:00:00,SCA|NO3,mFRR,Not Specified,Not Specified,MARGINAL,74.17,74.17
02/01/2023 06:00:00 - 02/01/2023 07:00:00,SCA|NO3,mFRR,Not Specified,Not Specified,MARGINAL,102.56,102.56
02/01/2023 07:00:00 - 02/01/2023 08:00:00,SCA|NO3,mFRR,Not Specified,Not Specified,MARGINAL,120.0,101.52
02/01/2023 08:00:00 - 02/01/2023 09:00:00,SCA|NO3,mFRR,Not Specified,Not Specified,MARGINAL,129.0,111.29
02/01/2023 09:00:00 - 02/01/2023 10:00:00,SCA|NO3,mFRR,Not Specified,Not Specified,MARGINAL,114.94,114.94
02/01/2023 10:00:00 - 02/01/2023 11:00:00,SCA|NO3,mFRR,Not Specified,Not Specified,MARGINAL,114.95,114.95
02/01/2023 11:00:00 - 02/01/2023 12:00:00,SCA|NO3,mFRR,Not Specified,Not Specified,MARGINAL,153.5,117.56
02/01/2023 12:00:00 - 02/01/2023 13:00:00,SCA|NO3,mFRR,Not Specified,Not Specified,MARGINAL,175.0,131.27
02/01/2023 13:00:00 - 02/01/2023 14:00:00,SCA|NO3,mFRR,Not Specified,Not Specified,MARGINAL,160.0,143.76
02/01/2023 14:00:00 - 02/01/2023 15:00:00,SCA|NO3,mFRR,Not Specified,Not Specified,MARGINAL,148.2,122.0
02/01/2023 15:00:00 - 02/01/2023 16:00:00,SCA|NO3,mFRR,Not Specified,Not Specified,MARGINAL,155.34,128.0
02/01/2023 16:00:00 - 02/01/2023 17:00:00,SCA|NO3,mFRR,Not Specified,Not Specified,MARGINAL,162.89,162.89
02/01/2023 17:00:00 - 02/01/2023 18:00:00,SCA|NO3,mFRR,Not Specified,Not Specified,MARGINAL,175.01,170.0
02/01/2023 18:00:00 - 02/01/2023 19:00:00,SCA|NO3,mFRR,Not Specified,Not Specified,MARGINAL,189.0,174.74
02/01/2023 19:00:00 - 02/01/2023 20:00:00,SCA|NO3,mFRR,Not Specified,Not Specified,MARGINAL,164.46,164.46
02/01/2023 20:00:00 - 02/01/2023 21:00:00,SCA|NO3,mFRR,Not Specified,Not Specified,MARGINAL,153.0,153.0
02/01/2023 21:00:00 - 02/01/2023 22:00:00,SCA|NO3,mFRR,Not Specified,Not Specified,MARGINAL,141.67,128.0
02/01/2023 22:00:00 - 02/01/2023 23:00:00,SCA|NO3,mFRR,Not Specified,Not Specified,MARGINAL,131.67,53.79
02/01/2023 23:00:00 - 03/01/2023 00:00:00,SCA|NO3,mFRR,Not Specified,Not Specified,MARGINAL,118.06,53.79
03/01/2023 00:00:00 - 03/01/2023 01:00:00,SCA|NO3,mFRR,Not Specified,Not Specified,MARGINAL,114.5,89.61
03/01/2023 01:00:00 - 03/01/2023 02:00:00,SCA|NO3,mFRR,Not Specified,Not Specified,MARGINAL,118.74,82.35
03/01/2023 02:00:00 - 03/01/2023 03:00:00,SCA|NO3,mFRR,Not Specified,Not Specified,MARGINAL,108.5,80.36
03/01/2023 03:00:00 - 03/01/2023 04:00:00,SCA|NO3,mFRR,Not Specified,Not Specified,MARGINAL,80.02,80.02
03/01/2023 04:00:00 - 03/01/2023 05:00:00,SCA|NO3,mFRR,Not Specified,Not Specified,MARGINAL,103.0,80.32
03/01/2023 05:00:00 - 03/01/2023 06:00:00,SCA|NO3,mFRR,Not Specified,Not Specified,MARGINAL,87.29,87.29
03/01/2023 06:00:00 - 03/01/2023 07:00:00,SCA|NO3,mFRR,Not Specified,Not Specified,MARGINAL,102.84,76.0
03/01/2023 07:00:00 - 03/01/2023 08:00:00,SCA|NO3,mFRR,Not Specified,Not Specified,MARGINAL,102.52,40.0
03/01/2023 08:00:00 - 03/01/2023 09:00:00,SCA|NO3,mFRR,Not Specified,Not Specified,MARGINAL,107.69,28.0
03/01/2023 09:00:00 - 03/01/2023 10:00:00,SCA|NO3,mFRR,Not Specified,Not Specified,MARGINAL,102.53,28.0
03/01/2023 10:00:00 - 03/01/2023 11:00:00,SCA|NO3,mFRR,Not Specified,Not Specified,MARGINAL,102.52,26.63
03/01/2023 11:00:00 - 03/01/2023 12:00:00,SCA|NO3,mFRR,Not Specified,Not Specified,MARGINAL,107.95,26.19
03/01/2023 12:00:00 - 03/01/2023 13:00:00,SCA|NO3,mFRR,Not Specified,Not Specified,MARGINAL,108.42,26.2
03/01/2023 13:00:00 - 03/01/2023 14:00:00,SCA|NO3,mFRR,Not Specified,Not Specified,MARGINAL,109.05,31.39
03/01/2023 14:00:00 - 03/01/2023 15:00:00,SCA|NO3,mFRR,Not Specified,Not Specified,MARGINAL,110.69,47.0
03/01/2023 15:00:00 - 03/01/2023 16:00:00,SCA|NO3,mFRR,Not Specified,Not Specified,MARGINAL,118.83,118.83
03/01/2023 16:00:00 - 03/01/2023 17:00:00,SCA|NO3,mFRR,Not Specified,Not Specified,MARGINAL,116.9,77.5
03/01/2023 17:00:00 - 03/01/2023 18:00:00,SCA|NO3,mFRR,Not Specified,Not Specified,MARGINAL,115.49,69.0
03/01/2023 18:00:00 - 03/01/2023 19:00:00,SCA|NO3,mFRR,Not Specified,Not Specified,MARGINAL,120.0,69.0
03/01/2023 19:00:00 - 03/01/2023 20:00:00,SCA|NO3,mFRR,Not Specified,Not Specified,MARGINAL,120.92,85.5
03/01/2023 20:00:00 - 03/01/2023 21:00:00,SCA|NO3,mFRR,Not Specified,Not Specified,MARGINAL,119.97,85.5
03/01/2023 21:00:00 - 03/01/2023 22:00:00,SCA|NO3,mFRR,Not Specified,Not Specified,MARGINAL,119.72,85.6
03/01/2023 22:00:00 - 03/01/2023 23:00:00,SCA|NO3,mFRR,Not Specified,Not Specified,MARGINAL,122.62,114.27
03/01/2023 23:00:00 - 04/01/2023 00:00:00,SCA|NO3,mFRR,Not Specified,Not Specified,MARGINAL,122.6,93.66
04/01/2023 00:00:00 - 04/01/2023 01:00:00,SCA|NO3,mFRR,Not Specified,Not Specified,MARGINAL,105.0,82.88
04/01/2023 01:00:00 - 04/01/2023 02:00:00,SCA|NO3,mFRR,Not Specified,Not Specified,MARGINAL,105.0,78.84
04/01/2023 02:00:00 - 04/01/2023 03:00:00,SCA|NO3,mFRR,Not Specified,Not Specified,MARGINAL,99.73,69.93
04/01/2023 03:00:00 - 04/01/2023 04:00:00,SCA|NO3,mFRR,Not Specified,Not Specified,MARGINAL,82.07,69.26
04/01/2023 04:00:00 - 04/01/2023 05:00:00,SCA|NO3,mFRR,Not Specified,Not Specified,MARGINAL,71.75,58.0
04/01/2023 05:00:00 - 04/01/2023 06:00:00,SCA|NO3,mFRR,Not Specified,Not Specified,MARGINAL,74.82,45.0
04/01/2023 06:00:00 - 04/01/2023 07:00:00,SCA|NO3,mFRR,Not Specified,Not Specified,MARGINAL,99.73,75.38
04/01/2023 07:00:00 - 04/01/2023 08:00:00,SCA|NO3,mFRR,Not Specified,Not Specified,MARGINAL,106.38,77.16
04/01/2023 08:00:00 - 04/01/2023 09:00:00,SCA|NO3,mFRR,Not Specified,Not Specified,MARGINAL,86.5,78.68
04/01/2023 09:00:00 - 04/01/2023 10:00:00,SCA|NO3,mFRR,Not Specified,Not Specified,MARGINAL,154.34,78.97
04/01/2023 10:00:00 - 04/01/2023 11:00:00,SCA|NO3,mFRR,Not Specified,Not Specified,MARGINAL,154.34,75.95
04/01/2023 11:00:00 - 04/01/2023 12:00:00,SCA|NO3,mFRR,Not Specified,Not Specified,MARGINAL,79.0,79.0
04/01/2023 12:00:00 - 04/01/2023 13:00:00,SCA|NO3,mFRR,Not Specified,Not Specified,MARGINAL,79.02,79.02
04/01/2023 13:00:00 - 04/01/2023 14:00:00,SCA|NO3,mFRR,Not Specified,Not Specified,MARGINAL,79.46,79.46
04/01/2023 14:00:00 - 04/01/2023 15:00:00,SCA|NO3,mFRR,Not Specified,Not Specified,MARGINAL,79.86,79.86
04/01/2023 15:00:00 - 04/01/2023 16:00:00,SCA|NO3,mFRR,Not Specified,Not Specified,MARGINAL,79.74,79.74
04/01/2023 16:00:00 - 04/01/2023 17:00:00,SCA|NO3,mFRR,Not Specified,Not Specified,MARGINAL,80.82,80.82
04/01/2023 17:00:00 - 04/01/2023 18:00:00,SCA|NO3,mFRR,Not Specified,Not Specified,MARGINAL,86.16,86.16
04/01/2023 18:00:00 - 04/01/2023 19:00:00,SCA|NO3,mFRR,Not Specified,Not Specified,MARGINAL,72.28,72.28
04/01/2023 19:00:00 - 04/01/2023 20:00:00,SCA|NO3,mFRR,Not Specified,Not Specified,MARGINAL,66.61,66.61
04/01/2023 20:00:00 - 04/01/2023 21:00:00,SCA|NO3,mFRR,Not Specified,Not Specified,MARGINAL,62.13,62.13
04/01/2023 21:00:00 - 04/01/2023 22:00:00,SCA|NO3,mFRR,Not Specified,Not Specified,MARGINAL,57.26,57.26
04/01/2023 22:00:00 - 04/01/2023 23:00:00,SCA|NO3,mFRR,Not Specified,Not Specified,MARGINAL,37.94,37.94
04/01/2023 23:00:00 - 05/01/2023 00:00:00,SCA|NO3,mFRR,Not Specified,Not Specified,MARGINAL,30.82,30.82
05/01/2023 00:00:00 - 05/01/2023 01:00:00,SCA|NO3,mFRR,Not Specified,Not Specified,MARGINAL,40.0,30.03
05/01/2023 01:00:00 - 05/01/2023 02:00:00,SCA|NO3,mFRR,Not Specified,Not Specified,MARGINAL,74.5,28.15
05/01/2023 02:00:00 - 05/01/2023 03:00:00,SCA|NO3,mFRR,Not Specified,Not Specified,MARGINAL,77.02,27.68
05/01/2023 03:00:00 - 05/01/2023 04:00:00,SCA|NO3,mFRR,Not Specified,Not Specified,MARGINAL,74.34,27.76
05/01/2023 04:00:00 - 05/01/2023 05:00:00,SCA|NO3,mFRR,Not Specified,Not Specified,MARGINAL,52.5,28.63
05/01/2023 05:00:00 - 05/01/2023 06:00:00,SCA|NO3,mFRR,Not Specified,Not Specified,MARGINAL,39.8,39.8
05/01/2023 06:00:00 - 05/01/2023 07:00:00,SCA|NO3,mFRR,Not Specified,Not Specified,MARGINAL,62.7,62.7
05/01/2023 07:00:00 - 05/01/2023 08:00:00,SCA|NO3,mFRR,Not Specified,Not Specified,MARGINAL,111.08,85.53
05/01/2023 08:00:00 - 05/01/2023 09:00:00,SCA|NO3,mFRR,Not Specified,Not Specified,MARGINAL,110.0,89.46
05/01/2023 09:00:00 - 05/01/2023 10:00:00,SCA|NO3,mFRR,Not Specified,Not Specified,MARGINAL,110.0,89.95
05/01/2023 10:00:00 - 05/01/2023 11:00:00,SCA|NO3,mFRR,Not Specified,Not Specified,MARGINAL,110.0,91.21
05/01/2023 11:00:00 - 05/01/2023 12:00:00,SCA|NO3,mFRR,Not Specified,Not Specified,MARGINAL,110.0,87.55
05/01/2023 12:00:00 - 05/01/2023 13:00:00,SCA|NO3,mFRR,Not Specified,Not Specified,MARGINAL,110.0,83.59
05/01/2023 13:00:00 - 05/01/2023 14:00:00,SCA|NO3,mFRR,Not Specified,Not Specified,MARGINAL,110.0,83.25
05/01/2023 14:00:00 - 05/01/2023 15:00:00,SCA|NO3,mFRR,Not Specified,Not Specified,MARGINAL,83.43,83.43
05/01/2023 15:00:00 - 05/01/2023 16:00:00,SCA|NO3,mFRR,Not Specified,Not Specified,MARGINAL,88.34,88.34
05/01/2023 16:00:00 - 05/01/2023 17:00:00,SCA|NO3,mFRR,Not Specified,Not Specified,MARGINAL,87.24,87.24
05/01/2023 17:00:00 - 05/01/2023 18:00:00,SCA|NO3,mFRR,Not Specified,Not Specified,MARGINAL,81.78,81.78
05/01/2023 18:00:00 - 05/01/2023 19:00:00,SCA|NO3,mFRR,Not Specified,Not Specified,MARGINAL,82.08,82.08
05/01/2023 19:00:00 - 05/01/2023 20:00:00,SCA|NO3,mFRR,Not Specified,Not Specified,MARGINAL,82.12,82.12
05/01/2023 20:00:00 - 05/01/2023 21:00:00,SCA|NO3,mFRR,Not Specified,Not Specified,MARGINAL,81.15,81.15
05/01/2023 21:00:00 - 05/01/2023 22:00:00,SCA|NO3,mFRR,Not Specified,Not Specified,MARGINAL,82.79,82.79
05/01/2023 22:00:00 - 05/01/2023 23:00:00,SCA|NO3,mFRR,Not Specified,Not Specified,MARGINAL,80.06,80.06
05/01/2023 23:00:00 - 06/01/2023 00:00:00,SCA|NO3,mFRR,Not Specified,Not Specified,MARGINAL,77.12,77.12
06/01/2023 00:00:00 - 06/01/2023 01:00:00,SCA|NO3,mFRR,Not Specified,Not Specified,MARGINAL,72.54,72.54
06/01/2023 01:00:00 - 06/01/2023 02:00:00,SCA|NO3,mFRR,Not Specified,Not Specified,MARGINAL,71.22,71.22
06/01/2023 02:00:00 - 06/01/2023 03:00:00,SCA|NO3,mFRR,Not Specified,Not Specified,MARGINAL,70.91,70.91
06/01/2023 03:00:00 - 06/01/2023 04:00:00,SCA|NO3,mFRR,Not Specified,Not Specified,MARGINAL,70.71,70.71
06/01/2023 04:00:00 - 06/01/2023 05:00:00,SCA|NO3,mFRR,Not Specified,Not Specified,MARGINAL,70.93,65.0
06/01/2023 05:00:00 - 06/01/2023 06:00:00,SCA|NO3,mFRR,Not Specified,Not Specified,MARGINAL,71.56,60.0
06/01/2023 06:00:00 - 06/01/2023 07:00:00,SCA|NO3,mFRR,Not Specified,Not Specified,MARGINAL,72.04,72.0
06/01/2023 07:00:00 - 06/01/2023 08:00:00,SCA|NO3,mFRR,Not Specified,Not Specified,MARGINAL,74.59,74.59
06/01/2023 08:00:00 - 06/01/2023 09:00:00,SCA|NO3,mFRR,Not Specified,Not Specified,MARGINAL,83.47,83.47
06/01/2023 09:00:00 - 06/01/2023 10:00:00,SCA|NO3,mFRR,Not Specified,Not Specified,MARGINAL,90.84,90.84
06/01/2023 10:00:00 - 06/01/2023 11:00:00,SCA|NO3,mFRR,Not Specified,Not Specified,MARGINAL,90.15,90.15
06/01/2023 11:00:00 - 06/01/2023 12:00:00,SCA|NO3,mFRR,Not Specified,Not Specified,MARGINAL,91.13,91.13
06/01/2023 12:00:00 - 06/01/2023 13:00:00,SCA|NO3,mFRR,Not Specified,Not Specified,MARGINAL,110.0,88.85
06/01/2023 13:00:00 - 06/01/2023 14:00:00,SCA|NO3,mFRR,Not Specified,Not Specified,MARGINAL,85.39,85.39
06/01/2023 14:00:00 - 06/01/2023 15:00:00,SCA|NO3,mFRR,Not Specified,Not Specified,MARGINAL,82.91,82.91
06/01/2023 15:00:00 - 06/01/2023 16:00:00,SCA|NO3,mFRR,Not Specified,Not Specified,MARGINAL,80.15,80.15
06/01/2023 16:00:00 - 06/01/2023 17:00:00,SCA|NO3,mFRR,Not Specified,Not Specified,MARGINAL,77.8,77.8
06/01/2023 17:00:00 - 06/01/2023 18:00:00,SCA|NO3,mFRR,Not Specified,Not Specified,MARGINAL,76.01,61.0
06/01/2023 18:00:00 - 06/01/2023 19:00:00,SCA|NO3,mFRR,Not Specified,Not Specified,MARGINAL,75.54,43.0
06/01/2023 19:00:00 - 06/01/2023 20:00:00,SCA|NO3,mFRR,Not Specified,Not Specified,MARGINAL,74.43,27.0
06/01/2023 20:00:00 - 06/01/2023 21:00:00,SCA|NO3,mFRR,Not Specified,Not Specified,MARGINAL,74.58,27.0
06/01/2023 21:00:00 - 06/01/2023 22:00:00,SCA|NO3,mFRR,Not Specified,Not Specified,MARGINAL,74.21,27.0
06/01/2023 22:00:00 - 06/01/2023 23:00:00,SCA|NO3,mFRR,Not Specified,Not Specified,MARGINAL,73.64,27.0
06/01/2023 23:00:00 - 07/01/2023 00:00:00,SCA|NO3,mFRR,Not Specified,Not Specified,MARGINAL,71.74,32.0
07/01/2023 00:00:00 - 07/01/2023 01:00:00,SCA|NO3,mFRR,Not Specified,Not Specified,MARGINAL,71.67,35.0
07/01/2023 01:00:00 - 07/01/2023 02:00:00,SCA|NO3,mFRR,Not Specified,Not Specified,MARGINAL,69.93,69.93
07/01/2023 02:00:00 - 07/01/2023 03:00:00,SCA|NO3,mFRR,Not Specified,Not Specified,MARGINAL,85.0,69.94
07/01/2023 03:00:00 - 07/01/2023 04:00:00,SCA|NO3,mFRR,Not Specified,Not Specified,MARGINAL,70.45,34.15
07/01/2023 04:00:00 - 07/01/2023 05:00:00,SCA|NO3,mFRR,Not Specified,Not Specified,MARGINAL,70.13,25.0
07/01/2023 05:00:00 - 07/01/2023 06:00:00,SCA|NO3,mFRR,Not Specified,Not Specified,MARGINAL,70.39,25.0
07/01/2023 06:00:00 - 07/01/2023 07:00:00,SCA|NO3,mFRR,Not Specified,Not Specified,MARGINAL,72.58,25.0
07/01/2023 07:00:00 - 07/01/2023 08:00:00,SCA|NO3,mFRR,Not Specified,Not Specified,MARGINAL,75.97,25.0
07/01/2023 08:00:00 - 07/01/2023 09:00:00,SCA|NO3,mFRR,Not Specified,Not Specified,MARGINAL,78.21,35.53
07/01/2023 09:00:00 - 07/01/2023 10:00:00,SCA|NO3,mFRR,Not Specified,Not Specified,MARGINAL,76.43,30.0
07/01/2023 10:00:00 - 07/01/2023 11:00:00,SCA|NO3,mFRR,Not Specified,Not Specified,MARGINAL,78.08,30.0
07/01/2023 11:00:00 - 07/01/2023 12:00:00,SCA|NO3,mFRR,Not Specified,Not Specified,MARGINAL,79.03,30.0
07/01/2023 12:00:00 - 07/01/2023 13:00:00,SCA|NO3,mFRR,Not Specified,Not Specified,MARGINAL,80.05,40.0
07/01/2023 13:00:00 - 07/01/2023 14:00:00,SCA|NO3,mFRR,Not Specified,Not Specified,MARGINAL,80.63,80.63
07/01/2023 14:00:00 - 07/01/2023 15:00:00,SCA|NO3,mFRR,Not Specified,Not Specified,MARGINAL,98.0,80.51
07/01/2023 15:00:00 - 07/01/2023 16:00:00,SCA|NO3,mFRR,Not Specified,Not Specified,MARGINAL,98.0,78.94
07/01/2023 16:00:00 - 07/01/2023 17:00:00,SCA|NO3,mFRR,Not Specified,Not Specified,MARGINAL,87.91,79.93
07/01/2023 17:00:00 - 07/01/2023 18:00:00,SCA|NO3,mFRR,Not Specified,Not Specified,MARGINAL,87.91,78.68
07/01/2023 18:00:00 - 07/01/2023 19:00:00,SCA|NO3,mFRR,Not Specified,Not Specified,MARGINAL,87.91,77.82
07/01/2023 19:00:00 - 07/01/2023 20:00:00,SCA|NO3,mFRR,Not Specified,Not Specified,MARGINAL,87.91,74.39
07/01/2023 20:00:00 - 07/01/2023 21:00:00,SCA|NO3,mFRR,Not Specified,Not Specified,MARGINAL,66.98,66.98
07/01/2023 21:00:00 - 07/01/2023 22:00:00,SCA|NO3,mFRR,Not Specified,Not Specified,MARGINAL,59.99,59.99
07/01/2023 22:00:00 - 07/01/2023 23:00:00,SCA|NO3,mFRR,Not Specified,Not Specified,MARGINAL,48.8,48.8
07/01/2023 23:00:00 - 08/01/2023 00:00:00,SCA|NO3,mFRR,Not Specified,Not Specified,MARGINAL,35.9,35.9
08/01/2023 00:00:00 - 08/01/2023 01:00:00,SCA|NO3,mFRR,Not Specified,Not Specified,MARGINAL,24.44,24.44
08/01/2023 01:00:00 - 08/01/2023 02:00:00,SCA|NO3,mFRR,Not Specified,Not Specified,MARGINAL,20.22,20.22
08/01/2023 02:00:00 - 08/01/2023 03:00:00,SCA|NO3,mFRR,Not Specified,Not Specified,MARGINAL,15.89,15.89
08/01/2023 03:00:00 - 08/01/2023 04:00:00,SCA|NO3,mFRR,Not Specified,Not Specified,MARGINAL,13.95,13.95
08/01/2023 04:00:00 - 08/01/2023 05:00:00,SCA|NO3,mFRR,Not Specified,Not Specified,MARGINAL,25.91,11.07
08/01/2023 05:00:00 - 08/01/2023 06:00:00,SCA|NO3,mFRR,Not Specified,Not Specified,MARGINAL,33.0,18.71
08/01/2023 06:00:00 - 08/01/2023 07:00:00,SCA|NO3,mFRR,Not Specified,Not Specified,MARGINAL,30.0,23.25
08/01/2023 07:00:00 - 08/01/2023 08:00:00,SCA|NO3,mFRR,Not Specified,Not Specified,MARGINAL,25.91,12.0
08/01/2023 08:00:00 - 08/01/2023 09:00:00,SCA|NO3,mFRR,Not Specified,Not Specified,MARGINAL,44.5,27.08
08/01/2023 09:00:00 - 08/01/2023 10:00:00,SCA|NO3,mFRR,Not Specified,Not Specified,MARGINAL,65.5,29.08
08/01/2023 10:00:00 - 08/01/2023 11:00:00,SCA|NO3,mFRR,Not Specified,Not Specified,MARGINAL,85.0,35.22
08/01/2023 11:00:00 - 08/01/2023 12:00:00,SCA|NO3,mFRR,Not Specified,Not Specified,MARGINAL,70.0,47.0
08/01/2023 12:00:00 - 08/01/2023 13:00:00,SCA|NO3,mFRR,Not Specified,Not Specified,MARGINAL,83.28,47.0
08/01/2023 13:00:00 - 08/01/2023 14:00:00,SCA|NO3,mFRR,Not Specified,Not Specified,MARGINAL,90.0,48.96
08/01/2023 14:00:00 - 08/01/2023 15:00:00,SCA|NO3,mFRR,Not Specified,Not Specified,MARGINAL,82.0,54.91
08/01/2023 15:00:00 - 08/01/2023 16:00:00,SCA|NO3,mFRR,Not Specified,Not Specified,MARGINAL,82.0,63.49
08/01/2023 16:00:00 - 08/01/2023 17:00:00,SCA|NO3,mFRR,Not Specified,Not Specified,MARGINAL,109.5,66.11
08/01/2023 17:00:00 - 08/01/2023 18:00:00,SCA|NO3,mFRR,Not Specified,Not Specified,MARGINAL,109.5,69.19
08/01/2023 18:00:00 - 08/01/2023 19:00:00,SCA|NO3,mFRR,Not Specified,Not Specified,MARGINAL,84.0,69.91
08/01/2023 19:00:00 - 08/01/2023 20:00:00,SCA|NO3,mFRR,Not Specified,Not Specified,MARGINAL,84.0,65.62
08/01/2023 20:00:00 - 08/01/2023 21:00:00,SCA|NO3,mFRR,Not Specified,Not Specified,MARGINAL,99.0,60.98
08/01/2023 21:00:00 - 08/01/2023 22:00:00,SCA|NO3,mFRR,Not Specified,Not Specified,MARGINAL,117.0,57.41
08/01/2023 22:00:00 - 08/01/2023 23:00:00,SCA|NO3,mFRR,Not Specified,Not Specified,MARGINAL,120.0,50.02
08/01/2023 23:00:00 - 09/01/2023 00:00:00,SCA|NO3,mFRR,Not Specified,Not Specified,MARGINAL,115.0,46.29
09/01/2023 00:00:00 - 09/01/2023 01:00:00,SCA|NO3,mFRR,Not Specified,Not Specified,MARGINAL,100.0,69.04
09/01/2023 01:00:00 - 09/01/2023 02:00:00,SCA|NO3,mFRR,Not Specified,Not Specified,MARGINAL,64.38,25.91
09/01/2023 02:00:00 - 09/01/2023 03:00:00,SCA|NO3,mFRR,Not Specified,Not Specified,MARGINAL,60.28,19.66
09/01/2023 03:00:00 - 09/01/2023 04:00:00,SCA|NO3,mFRR,Not Specified,Not Specified,MARGINAL,39.41,2.5
09/01/2023 04:00:00 - 09/01/2023 05:00:00,SCA|NO3,mFRR,Not Specified,Not Specified,MARGINAL,47.34,10.0
09/01/2023 05:00:00 - 09/01/2023 06:00:00,SCA|NO3,mFRR,Not Specified,Not Specified,MARGINAL,68.99,30.0
09/01/2023 06:00:00 - 09/01/2023 07:00:00,SCA|NO3,mFRR,Not Specified,Not Specified,MARGINAL,82.71,76.5
09/01/2023 07:00:00 - 09/01/2023 08:00:00,SCA|NO3,mFRR,Not Specified,Not Specified,MARGINAL,81.72,81.72
09/01/2023 08:00:00 - 09/01/2023 09:00:00,SCA|NO3,mFRR,Not Specified,Not Specified,MARGINAL,82.6,65.0
09/01/2023 09:00:00 - 09/01/2023 10:00:00,SCA|NO3,mFRR,Not Specified,Not Specified,MARGINAL,83.0,50.0
09/01/2023 10:00:00 - 09/01/2023 11:00:00,SCA|NO3,mFRR,Not Specified,Not Specified,MARGINAL,82.65,35.0
09/01/2023 11:00:00 - 09/01/2023 12:00:00,SCA|NO3,mFRR,Not Specified,Not Specified,MARGINAL,83.05,35.0
09/01/2023 12:00:00 - 09/01/2023 13:00:00,SCA|NO3,mFRR,Not Specified,Not Specified,MARGINAL,82.92,82.92
09/01/2023 13:00:00 - 09/01/2023 14:00:00,SCA|NO3,mFRR,Not Specified,Not Specified,MARGINAL,82.8,82.8
09/01/2023 14:00:00 - 09/01/2023 15:00:00,SCA|NO3,mFRR,Not Specified,Not Specified,MARGINAL,82.67,82.67
09/01/2023 15:00:00 - 09/01/2023 16:00:00,SCA|NO3,mFRR,Not Specified,Not Specified,MARGINAL,83.03,83.03
09/01/2023 16:00:00 - 09/01/2023 17:00:00,SCA|NO3,mFRR,Not Specified,Not Specified,MARGINAL,82.41,82.41
09/01/2023 17:00:00 - 09/01/2023 18:00:00,SCA|NO3,mFRR,Not Specified,Not Specified,MARGINAL,81.37,81.37
09/01/2023 18:00:00 - 09/01/2023 19:00:00,SCA|NO3,mFRR,Not Specified,Not Specified,MARGINAL,80.21,80.21
09/01/2023 19:00:00 - 09/01/2023 20:00:00,SCA|NO3,mFRR,Not Specified,Not Specified,MARGINAL,80.17,80.17
09/01/2023 20:00:00 - 09/01/2023 21:00:00,SCA|NO3,mFRR,Not Specified,Not Specified,MARGINAL,82.32,82.32
09/01/2023 21:00:00 - 09/01/2023 22:00:00,SCA|NO3,mFRR,Not Specified,Not Specified,MARGINAL,82.16,82.16
09/01/2023 22:00:00 - 09/01/2023 23:00:00,SCA|NO3,mFRR,Not Specified,Not Specified,MARGINAL,79.66,79.66
09/01/2023 23:00:00 - 10/01/2023 00:00:00,SCA|NO3,mFRR,Not Specified,Not Specified,MARGINAL,78.38,78.38
10/01/2023 00:00:00 - 10/01/2023 01:00:00,SCA|NO3,mFRR,Not Specified,Not Specified,MARGINAL,70.25,70.25
10/01/2023 01:00:00 - 10/01/2023 02:00:00,SCA|NO3,mFRR,Not Specified,Not Specified,MARGINAL,70.1,70.1
10/01/2023 02:00:00 - 10/01/2023 03:00:00,SCA|NO3,mFRR,Not Specified,Not Specified,MARGINAL,70.28,70.28
10/01/2023 03:00:00 - 10/01/2023 04:00:00,SCA|NO3,mFRR,Not Specified,Not Specified,MARGINAL,70.38,70.38
10/01/2023 04:00:00 - 10/01/2023 05:00:00,SCA|NO3,mFRR,Not Specified,Not Specified,MARGINAL,70.98,70.98
10/01/2023 05:00:00 - 10/01/2023 06:00:00,SCA|NO3,mFRR,Not Specified,Not Specified,MARGINAL,72.55,72.55
10/01/2023 06:00:00 - 10/01/2023 07:00:00,SCA|NO3,mFRR,Not Specified,Not Specified,MARGINAL,74.68,74.68
10/01/2023 07:00:00 - 10/01/2023 08:00:00,SCA|NO3,mFRR,Not Specified,Not Specified,MARGINAL,92.75,92.75
10/01/2023 08:00:00 - 10/01/2023 09:00:00,SCA|NO3,mFRR,Not Specified,Not Specified,MARGINAL,99.61,99.61
10/01/2023 09:00:00 - 10/01/2023 10:00:00,SCA|NO3,mFRR,Not Specified,Not Specified,MARGINAL,97.46,97.46
10/01/2023 10:00:00 - 10/01/2023 11:00:00,SCA|NO3,mFRR,Not Specified,Not Specified,MARGINAL,98.22,98.22
10/01/2023 11:00:00 - 10/01/2023 12:00:00,SCA|NO3,mFRR,Not Specified,Not Specified,MARGINAL,104.34,104.34
10/01/2023 12:00:00 - 10/01/2023 13:00:00,SCA|NO3,mFRR,Not Specified,Not Specified,MARGINAL,109.57,109.57
10/01/2023 13:00:00 - 10/01/2023 14:00:00,SCA|NO3,mFRR,Not Specified,Not Specified,MARGINAL,126.72,110.0
10/01/2023 14:00:00 - 10/01/2023 15:00:00,SCA|NO3,mFRR,Not Specified,Not Specified,MARGINAL,126.65,110.0
10/01/2023 15:00:00 - 10/01/2023 16:00:00,SCA|NO3,mFRR,Not Specified,Not Specified,MARGINAL,125.29,110.5
10/01/2023 16:00:00 - 10/01/2023 17:00:00,SCA|NO3,mFRR,Not Specified,Not Specified,MARGINAL,170.0,119.78
10/01/2023 17:00:00 - 10/01/2023 18:00:00,SCA|NO3,mFRR,Not Specified,Not Specified,MARGINAL,161.0,116.72
10/01/2023 18:00:00 - 10/01/2023 19:00:00,SCA|NO3,mFRR,Not Specified,Not Specified,MARGINAL,107.48,104.5
10/01/2023 19:00:00 - 10/01/2023 20:00:00,SCA|NO3,mFRR,Not Specified,Not Specified,MARGINAL,110.06,95.5
10/01/2023 20:00:00 - 10/01/2023 21:00:00,SCA|NO3,mFRR,Not Specified,Not Specified,MARGINAL,105.64,72.0
10/01/2023 21:00:00 - 10/01/2023 22:00:00,SCA|NO3,mFRR,Not Specified,Not Specified,MARGINAL,86.53,64.0
10/01/2023 22:00:00 - 10/01/2023 23:00:00,SCA|NO3,mFRR,Not Specified,Not Specified,MARGINAL,79.35,65.0
10/01/2023 23:00:00 - 11/01/2023 00:00:00,SCA|NO3,mFRR,Not Specified,Not Specified,MARGINAL,55.77,55.77
11/01/2023 00:00:00 - 11/01/2023 01:00:00,SCA|NO3,mFRR,Not Specified,Not Specified,MARGINAL,42.03,25.0
11/01/2023 01:00:00 - 11/01/2023 02:00:00,SCA|NO3,mFRR,Not Specified,Not Specified,MARGINAL,27.73,21.5
11/01/2023 02:00:00 - 11/01/2023 03:00:00,SCA|NO3,mFRR,Not Specified,Not Specified,MARGINAL,25.17,0.0
11/01/2023 03:00:00 - 11/01/2023 04:00:00,SCA|NO3,mFRR,Not Specified,Not Specified,MARGINAL,24.4,-3.5
11/01/2023 04:00:00 - 11/01/2023 05:00:00,SCA|NO3,mFRR,Not Specified,Not Specified,MARGINAL,25.49,-4.0
11/01/2023 05:00:00 - 11/01/2023 06:00:00,SCA|NO3,mFRR,Not Specified,Not Specified,MARGINAL,26.6,-2.5
11/01/2023 06:00:00 - 11/01/2023 07:00:00,SCA|NO3,mFRR,Not Specified,Not Specified,MARGINAL,48.54,19.67
11/01/2023 07:00:00 - 11/01/2023 08:00:00,SCA|NO3,mFRR,Not Specified,Not Specified,MARGINAL,71.49,71.49
11/01/2023 08:00:00 - 11/01/2023 09:00:00,SCA|NO3,mFRR,Not Specified,Not Specified,MARGINAL,72.71,72.71
11/01/2023 09:00:00 - 11/01/2023 10:00:00,SCA|NO3,mFRR,Not Specified,Not Specified,MARGINAL,69.96,69.96
11/01/2023 10:00:00 - 11/01/2023 11:00:00,SCA|NO3,mFRR,Not Specified,Not Specified,MARGINAL,68.89,68.89
11/01/2023 11:00:00 - 11/01/2023 12:00:00,SCA|NO3,mFRR,Not Specified,Not Specified,MARGINAL,69.29,69.29
11/01/2023 12:00:00 - 11/01/2023 13:00:00,SCA|NO3,mFRR,Not Specified,Not Specified,MARGINAL,68.86,68.86
11/01/2023 13:00:00 - 11/01/2023 14:00:00,SCA|NO3,mFRR,Not Specified,Not Specified,MARGINAL,66.8,36.0
11/01/2023 14:00:00 - 11/01/2023 15:00:00,SCA|NO3,mFRR,Not Specified,Not Specified,MARGINAL,69.52,24.0
11/01/2023 15:00:00 - 11/01/2023 16:00:00,SCA|NO3,mFRR,Not Specified,Not Specified,MARGINAL,75.91,24.0
11/01/2023 16:00:00 - 11/01/2023 17:00:00,SCA|NO3,mFRR,Not Specified,Not Specified,MARGINAL,76.84,22.0
11/01/2023 17:00:00 - 11/01/2023 18:00:00,SCA|NO3,mFRR,Not Specified,Not Specified,MARGINAL,74.08,18.73
11/01/2023 18:00:00 - 11/01/2023 19:00:00,SCA|NO3,mFRR,Not Specified,Not Specified,MARGINAL,75.08,15.0
11/01/2023 19:00:00 - 11/01/2023 20:00:00,SCA|NO3,mFRR,Not Specified,Not Specified,MARGINAL,67.99,6.5
11/01/2023 20:00:00 - 11/01/2023 21:00:00,SCA|NO3,mFRR,Not Specified,Not Specified,MARGINAL,65.16,6.5
11/01/2023 21:00:00 - 11/01/2023 22:00:00,SCA|NO3,mFRR,Not Specified,Not Specified,MARGINAL,60.01,6.5
11/01/2023 22:00:00 - 11/01/2023 23:00:00,SCA|NO3,mFRR,Not Specified,Not Specified,MARGINAL,49.91,-3.5
11/01/2023 23:00:00 - 12/01/2023 00:00:00,SCA|NO3,mFRR,Not Specified,Not Specified,MARGINAL,43.32,-3.5
12/01/2023 00:00:00 - 12/01/2023 01:00:00,SCA|NO3,mFRR,Not Specified,Not Specified,MARGINAL,24.65,-2.5
12/01/2023 01:00:00 - 12/01/2023 02:00:00,SCA|NO3,mFRR,Not Specified,Not Specified,MARGINAL,24.25,-2.5
12/01/2023 02:00:00 - 12/01/2023 03:00:00,SCA|NO3,mFRR,Not Specified,Not Specified,MARGINAL,24.21,0.0
12/01/2023 03:00:00 - 12/01/2023 04:00:00,SCA|NO3,mFRR,Not Specified,Not Specified,MARGINAL,24.22,-3.5
12/01/2023 04:00:00 - 12/01/2023 05:00:00,SCA|NO3,mFRR,Not Specified,Not Specified,MARGINAL,24.26,-3.5
12/01/2023 05:00:00 - 12/01/2023 06:00:00,SCA|NO3,mFRR,Not Specified,Not Specified,MARGINAL,24.94,-3.5
12/01/2023 06:00:00 - 12/01/2023 07:00:00,SCA|NO3,mFRR,Not Specified,Not Specified,MARGINAL,36.01,0.0
12/01/2023 07:00:00 - 12/01/2023 08:00:00,SCA|NO3,mFRR,Not Specified,Not Specified,MARGINAL,59.98,59.98
12/01/2023 08:00:00 - 12/01/2023 09:00:00,SCA|NO3,mFRR,Not Specified,Not Specified,MARGINAL,65.18,65.18
12/01/2023 09:00:00 - 12/01/2023 10:00:00,SCA|NO3,mFRR,Not Specified,Not Specified,MARGINAL,75.37,26.08
12/01/2023 10:00:00 - 12/01/2023 11:00:00,SCA|NO3,mFRR,Not Specified,Not Specified,MARGINAL,66.3,25.0
12/01/2023 11:00:00 - 12/01/2023 12:00:00,SCA|NO3,mFRR,Not Specified,Not Specified,MARGINAL,66.72,23.75
12/01/2023 12:00:00 - 12/01/2023 13:00:00,SCA|NO3,mFRR,Not Specified,Not Specified,MARGINAL,66.6,20.0
12/01/2023 13:00:00 - 12/01/2023 14:00:00,SCA|NO3,mFRR,Not Specified,Not Specified,MARGINAL,70.85,23.0
12/01/2023 14:00:00 - 12/01/2023 15:00:00,SCA|NO3,mFRR,Not Specified,Not Specified,MARGINAL,73.76,23.0
12/01/2023 15:00:00 - 12/01/2023 16:00:00,SCA|NO3,mFRR,Not Specified,Not Specified,MARGINAL,74.44,20.0
12/01/2023 16:00:00 - 12/01/2023 17:00:00,SCA|NO3,mFRR,Not Specified,Not Specified,MARGINAL,74.81,20.0
12/01/2023 17:00:00 - 12/01/2023 18:00:00,SCA|NO3,mFRR,Not Specified,Not Specified,MARGINAL,76.39,24.0
12/01/2023 18:00:00 - 12/01/2023 19:00:00,SCA|NO3,mFRR,Not Specified,Not Specified,MARGINAL,78.65,24.0
12/01/2023 19:00:00 - 12/01/2023 20:00:00,SCA|NO3,mFRR,Not Specified,Not Specified,MARGINAL,79.82,24.0
12/01/2023 20:00:00 - 12/01/2023 21:00:00,SCA|NO3,mFRR,Not Specified,Not Specified,MARGINAL,74.08,29.0
12/01/2023 21:00:00 - 12/01/2023 22:00:00,SCA|NO3,mFRR,Not Specified,Not Specified,MARGINAL,74.89,38.0
12/01/2023 22:00:00 - 12/01/2023 23:00:00,SCA|NO3,mFRR,Not Specified,Not Specified,MARGINAL,74.91,62.0
12/01/2023 23:00:00 - 13/01/2023 00:00:00,SCA|NO3,mFRR,Not Specified,Not Specified,MARGINAL,68.84,39.17
13/01/2023 00:00:00 - 13/01/2023 01:00:00,SCA|NO3,mFRR,Not Specified,Not Specified,MARGINAL,71.78,40.0
13/01/2023 01:00:00 - 13/01/2023 02:00:00,SCA|NO3,mFRR,Not Specified,Not Specified,MARGINAL,69.88,69.88
13/01/2023 02:00:00 - 13/01/2023 03:00:00,SCA|NO3,mFRR,Not Specified,Not Specified,MARGINAL,70.02,70.02
13/01/2023 03:00:00 - 13/01/2023 04:00:00,SCA|NO3,mFRR,Not Specified,Not Specified,MARGINAL,70.43,70.43
13/01/2023 04:00:00 - 13/01/2023 05:00:00,SCA|NO3,mFRR,Not Specified,Not Specified,MARGINAL,71.18,30.0
13/01/2023 05:00:00 - 13/01/2023 06:00:00,SCA|NO3,mFRR,Not Specified,Not Specified,MARGINAL,72.97,32.0
13/01/2023 06:00:00 - 13/01/2023 07:00:00,SCA|NO3,mFRR,Not Specified,Not Specified,MARGINAL,105.5,76.12
13/01/2023 07:00:00 - 13/01/2023 08:00:00,SCA|NO3,mFRR,Not Specified,Not Specified,MARGINAL,115.0,90.78
13/01/2023 08:00:00 - 13/01/2023 09:00:00,SCA|NO3,mFRR,Not Specified,Not Specified,MARGINAL,115.0,99.01
13/01/2023 09:00:00 - 13/01/2023 10:00:00,SCA|NO3,mFRR,Not Specified,Not Specified,MARGINAL,110.0,100.36
13/01/2023 10:00:00 - 13/01/2023 11:00:00,SCA|NO3,mFRR,Not Specified,Not Specified,MARGINAL,113.0,98.1
13/01/2023 11:00:00 - 13/01/2023 12:00:00,SCA|NO3,mFRR,Not Specified,Not Specified,MARGINAL,110.0,94.18
13/01/2023 12:00:00 - 13/01/2023 13:00:00,SCA|NO3,mFRR,Not Specified,Not Specified,MARGINAL,102.0,92.24
13/01/2023 13:00:00 - 13/01/2023 14:00:00,SCA|NO3,mFRR,Not Specified,Not Specified,MARGINAL,91.03,70.0
13/01/2023 14:00:00 - 13/01/2023 15:00:00,SCA|NO3,mFRR,Not Specified,Not Specified,MARGINAL,81.18,70.0
13/01/2023 15:00:00 - 13/01/2023 16:00:00,SCA|NO3,mFRR,Not Specified,Not Specified,MARGINAL,109.0,83.15
13/01/2023 16:00:00 - 13/01/2023 17:00:00,SCA|NO3,mFRR,Not Specified,Not Specified,MARGINAL,109.0,85.31
13/01/2023 17:00:00 - 13/01/2023 18:00:00,SCA|NO3,mFRR,Not Specified,Not Specified,MARGINAL,115.0,96.9
13/01/2023 18:00:00 - 13/01/2023 19:00:00,SCA|NO3,mFRR,Not Specified,Not Specified,MARGINAL,124.0,96.2
13/01/2023 19:00:00 - 13/01/2023 20:00:00,SCA|NO3,mFRR,Not Specified,Not Specified,MARGINAL,105.0,91.07
13/01/2023 20:00:00 - 13/01/2023 21:00:00,SCA|NO3,mFRR,Not Specified,Not Specified,MARGINAL,92.0,68.0
13/01/2023 21:00:00 - 13/01/2023 22:00:00,SCA|NO3,mFRR,Not Specified,Not Specified,MARGINAL,79.03,68.0
13/01/2023 22:00:00 - 13/01/2023 23:00:00,SCA|NO3,mFRR,Not Specified,Not Specified,MARGINAL,79.08,74.0
13/01/2023 23:00:00 - 14/01/2023 00:00:00,SCA|NO3,mFRR,Not Specified,Not Specified,MARGINAL,77.32,74.0
14/01/2023 00:00:00 - 14/01/2023 01:00:00,SCA|NO3,mFRR,Not Specified,Not Specified,MARGINAL,71.0,71.0
14/01/2023 01:00:00 - 14/01/2023 02:00:00,SCA|NO3,mFRR,Not Specified,Not Specified,MARGINAL,69.72,30.0
14/01/2023 02:00:00 - 14/01/2023 03:00:00,SCA|NO3,mFRR,Not Specified,Not Specified,MARGINAL,69.18,30.0
14/01/2023 03:00:00 - 14/01/2023 04:00:00,SCA|NO3,mFRR,Not Specified,Not Specified,MARGINAL,68.87,40.33
14/01/2023 04:00:00 - 14/01/2023 05:00:00,SCA|NO3,mFRR,Not Specified,Not Specified,MARGINAL,69.51,65.0
14/01/2023 05:00:00 - 14/01/2023 06:00:00,SCA|NO3,mFRR,Not Specified,Not Specified,MARGINAL,71.6,71.6
14/01/2023 06:00:00 - 14/01/2023 07:00:00,SCA|NO3,mFRR,Not Specified,Not Specified,MARGINAL,83.26,83.26
14/01/2023 07:00:00 - 14/01/2023 08:00:00,SCA|NO3,mFRR,Not Specified,Not Specified,MARGINAL,79.96,79.96
14/01/2023 08:00:00 - 14/01/2023 09:00:00,SCA|NO3,mFRR,Not Specified,Not Specified,MARGINAL,86.25,86.25
14/01/2023 09:00:00 - 14/01/2023 10:00:00,SCA|NO3,mFRR,Not Specified,Not Specified,MARGINAL,99.0,87.63
14/01/2023 10:00:00 - 14/01/2023 11:00:00,SCA|NO3,mFRR,Not Specified,Not Specified,MARGINAL,100.0,89.1
14/01/2023 11:00:00 - 14/01/2023 12:00:00,SCA|NO3,mFRR,Not Specified,Not Specified,MARGINAL,100.0,89.03
14/01/2023 12:00:00 - 14/01/2023 13:00:00,SCA|NO3,mFRR,Not Specified,Not Specified,MARGINAL,85.86,79.0
14/01/2023 13:00:00 - 14/01/2023 14:00:00,SCA|NO3,mFRR,Not Specified,Not Specified,MARGINAL,80.25,55.0
14/01/2023 14:00:00 - 14/01/2023 15:00:00,SCA|NO3,mFRR,Not Specified,Not Specified,MARGINAL,74.84,40.5
14/01/2023 15:00:00 - 14/01/2023 16:00:00,SCA|NO3,mFRR,Not Specified,Not Specified,MARGINAL,73.97,40.5
14/01/2023 16:00:00 - 14/01/2023 17:00:00,SCA|NO3,mFRR,Not Specified,Not Specified,MARGINAL,75.91,40.5
14/01/2023 17:00:00 - 14/01/2023 18:00:00,SCA|NO3,mFRR,Not Specified,Not Specified,MARGINAL,73.63,66.5
14/01/2023 18:00:00 - 14/01/2023 19:00:00,SCA|NO3,mFRR,Not Specified,Not Specified,MARGINAL,69.51,60.0
14/01/2023 19:00:00 - 14/01/2023 20:00:00,SCA|NO3,mFRR,Not Specified,Not Specified,MARGINAL,62.71,60.0
14/01/2023 20:00:00 - 14/01/2023 21:00:00,SCA|NO3,mFRR,Not Specified,Not Specified,MARGINAL,59.47,40.0
14/01/2023 21:00:00 - 14/01/2023 22:00:00,SCA|NO3,mFRR,Not Specified,Not Specified,MARGINAL,51.98,30.0
14/01/2023 22:00:00 - 14/01/2023 23:00:00,SCA|NO3,mFRR,Not Specified,Not Specified,MARGINAL,42.12,30.0
14/01/2023 23:00:00 - 15/01/2023 00:00:00,SCA|NO3,mFRR,Not Specified,Not Specified,MARGINAL,35.32,35.32
15/01/2023 00:00:00 - 15/01/2023 01:00:00,SCA|NO3,mFRR,Not Specified,Not Specified,MARGINAL,27.4,27.4
15/01/2023 01:00:00 - 15/01/2023 02:00:00,SCA|NO3,mFRR,Not Specified,Not Specified,MARGINAL,27.23,27.23
15/01/2023 02:00:00 - 15/01/2023 03:00:00,SCA|NO3,mFRR,Not Specified,Not Specified,MARGINAL,35.0,24.28
15/01/2023 03:00:00 - 15/01/2023 04:00:00,SCA|NO3,mFRR,Not Specified,Not Specified,MARGINAL,35.0,24.01
15/01/2023 04:00:00 - 15/01/2023 05:00:00,SCA|NO3,mFRR,Not Specified,Not Specified,MARGINAL,26.65,24.03
15/01/2023 05:00:00 - 15/01/2023 06:00:00,SCA|NO3,mFRR,Not Specified,Not Specified,MARGINAL,26.65,24.13
15/01/2023 06:00:00 - 15/01/2023 07:00:00,SCA|NO3,mFRR,Not Specified,Not Specified,MARGINAL,24.48,24.48
15/01/2023 07:00:00 - 15/01/2023 08:00:00,SCA|NO3,mFRR,Not Specified,Not Specified,MARGINAL,24.62,24.62
15/01/2023 08:00:00 - 15/01/2023 09:00:00,SCA|NO3,mFRR,Not Specified,Not Specified,MARGINAL,24.83,24.83
15/01/2023 09:00:00 - 15/01/2023 10:00:00,SCA|NO3,mFRR,Not Specified,Not Specified,MARGINAL,66.0,26.46
15/01/2023 10:00:00 - 15/01/2023 11:00:00,SCA|NO3,mFRR,Not Specified,Not Specified,MARGINAL,66.0,28.36
15/01/2023 11:00:00 - 15/01/2023 12:00:00,SCA|NO3,mFRR,Not Specified,Not Specified,MARGINAL,60.5,30.55
15/01/2023 12:00:00 - 15/01/2023 13:00:00,SCA|NO3,mFRR,Not Specified,Not Specified,MARGINAL,62.69,62.69
15/01/2023 13:00:00 - 15/01/2023 14:00:00,SCA|NO3,mFRR,Not Specified,Not Specified,MARGINAL,66.76,66.76
15/01/2023 14:00:00 - 15/01/2023 15:00:00,SCA|NO3,mFRR,Not Specified,Not Specified,MARGINAL,70.7,70.7
15/01/2023 15:00:00 - 15/01/2023 16:00:00,SCA|NO3,mFRR,Not Specified,Not Specified,MARGINAL,76.96,76.96
15/01/2023 16:00:00 - 15/01/2023 17:00:00,SCA|NO3,mFRR,Not Specified,Not Specified,MARGINAL,84.3,84.3
15/01/2023 17:00:00 - 15/01/2023 18:00:00,SCA|NO3,mFRR,Not Specified,Not Specified,MARGINAL,87.52,87.52
15/01/2023 18:00:00 - 15/01/2023 19:00:00,SCA|NO3,mFRR,Not Specified,Not Specified,MARGINAL,89.34,89.34
15/01/2023 19:00:00 - 15/01/2023 20:00:00,SCA|NO3,mFRR,Not Specified,Not Specified,MARGINAL,90.26,90.26
15/01/2023 20:00:00 - 15/01/2023 21:00:00,SCA|NO3,mFRR,Not Specified,Not Specified,MARGINAL,77.83,77.83
15/01/2023 21:00:00 - 15/01/2023 22:00:00,SCA|NO3,mFRR,Not Specified,Not Specified,MARGINAL,76.65,76.65
15/01/2023 22:00:00 - 15/01/2023 23:00:00,SCA|NO3,mFRR,Not Specified,Not Specified,MARGINAL,73.84,73.84
15/01/2023 23:00:00 - 16/01/2023 00:00:00,SCA|NO3,mFRR,Not Specified,Not Specified,MARGINAL,71.98,71.33
16/01/2023 00:00:00 - 16/01/2023 01:00:00,SCA|NO3,mFRR,Not Specified,Not Specified,MARGINAL,72.02,72.02
16/01/2023 01:00:00 - 16/01/2023 02:00:00,SCA|NO3,mFRR,Not Specified,Not Specified,MARGINAL,70.23,70.23
16/01/2023 02:00:00 - 16/01/2023 03:00:00,SCA|NO3,mFRR,Not Specified,Not Specified,MARGINAL,69.17,69.17
16/01/2023 03:00:00 - 16/01/2023 04:00:00,SCA|NO3,mFRR,Not Specified,Not Specified,MARGINAL,69.0,69.0
16/01/2023 04:00:00 - 16/01/2023 05:00:00,SCA|NO3,mFRR,Not Specified,Not Specified,MARGINAL,69.33,69.33
16/01/2023 05:00:00 - 16/01/2023 06:00:00,SCA|NO3,mFRR,Not Specified,Not Specified,MARGINAL,72.09,72.09
16/01/2023 06:00:00 - 16/01/2023 07:00:00,SCA|NO3,mFRR,Not Specified,Not Specified,MARGINAL,85.24,85.24
16/01/2023 07:00:00 - 16/01/2023 08:00:00,SCA|NO3,mFRR,Not Specified,Not Specified,MARGINAL,115.0,86.63
16/01/2023 08:00:00 - 16/01/2023 09:00:00,SCA|NO3,mFRR,Not Specified,Not Specified,MARGINAL,115.8,89.34
16/01/2023 09:00:00 - 16/01/2023 10:00:00,SCA|NO3,mFRR,Not Specified,Not Specified,MARGINAL,90.96,66.0
16/01/2023 10:00:00 - 16/01/2023 11:00:00,SCA|NO3,mFRR,Not Specified,Not Specified,MARGINAL,98.73,98.73
16/01/2023 11:00:00 - 16/01/2023 12:00:00,SCA|NO3,mFRR,Not Specified,Not Specified,MARGINAL,99.38,62.21
16/01/2023 12:00:00 - 16/01/2023 13:00:00,SCA|NO3,mFRR,Not Specified,Not Specified,MARGINAL,90.0,44.0
16/01/2023 13:00:00 - 16/01/2023 14:00:00,SCA|NO3,mFRR,Not Specified,Not Specified,MARGINAL,91.55,44.0
16/01/2023 14:00:00 - 16/01/2023 15:00:00,SCA|NO3,mFRR,Not Specified,Not Specified,MARGINAL,89.4,35.06
16/01/2023 15:00:00 - 16/01/2023 16:00:00,SCA|NO3,mFRR,Not Specified,Not Specified,MARGINAL,89.89,36.44
16/01/2023 16:00:00 - 16/01/2023 17:00:00,SCA|NO3,mFRR,Not Specified,Not Specified,MARGINAL,89.46,36.44
16/01/2023 17:00:00 - 16/01/2023 18:00:00,SCA|NO3,mFRR,Not Specified,Not Specified,MARGINAL,88.39,36.44
16/01/2023 18:00:00 - 16/01/2023 19:00:00,SCA|NO3,mFRR,Not Specified,Not Specified,MARGINAL,87.38,44.0
16/01/2023 19:00:00 - 16/01/2023 20:00:00,SCA|NO3,mFRR,Not Specified,Not Specified,MARGINAL,80.04,58.0
16/01/2023 20:00:00 - 16/01/2023 21:00:00,SCA|NO3,mFRR,Not Specified,Not Specified,MARGINAL,79.77,79.77
16/01/2023 21:00:00 - 16/01/2023 22:00:00,SCA|NO3,mFRR,Not Specified,Not Specified,MARGINAL,76.73,76.73
16/01/2023 22:00:00 - 16/01/2023 23:00:00,SCA|NO3,mFRR,Not Specified,Not Specified,MARGINAL,71.92,71.92
16/01/2023 23:00:00 - 17/01/2023 00:00:00,SCA|NO3,mFRR,Not Specified,Not Specified,MARGINAL,67.93,67.93
17/01/2023 00:00:00 - 17/01/2023 01:00:00,SCA|NO3,mFRR,Not Specified,Not Specified,MARGINAL,47.13,47.13
17/01/2023 01:00:00 - 17/01/2023 02:00:00,SCA|NO3,mFRR,Not Specified,Not Specified,MARGINAL,42.94,42.94
17/01/2023 02:00:00 - 17/01/2023 03:00:00,SCA|NO3,mFRR,Not Specified,Not Specified,MARGINAL,42.15,42.15
17/01/2023 03:00:00 - 17/01/2023 04:00:00,SCA|NO3,mFRR,Not Specified,Not Specified,MARGINAL,40.8,40.8
17/01/2023 04:00:00 - 17/01/2023 05:00:00,SCA|NO3,mFRR,Not Specified,Not Specified,MARGINAL,41.62,41.62
17/01/2023 05:00:00 - 17/01/2023 06:00:00,SCA|NO3,mFRR,Not Specified,Not Specified,MARGINAL,45.75,45.75
17/01/2023 06:00:00 - 17/01/2023 07:00:00,SCA|NO3,mFRR,Not Specified,Not Specified,MARGINAL,60.17,60.17
17/01/2023 07:00:00 - 17/01/2023 08:00:00,SCA|NO3,mFRR,Not Specified,Not Specified,MARGINAL,70.87,70.87
17/01/2023 08:00:00 - 17/01/2023 09:00:00,SCA|NO3,mFRR,Not Specified,Not Specified,MARGINAL,73.37,23.0
17/01/2023 09:00:00 - 17/01/2023 10:00:00,SCA|NO3,mFRR,Not Specified,Not Specified,MARGINAL,72.62,23.0
17/01/2023 10:00:00 - 17/01/2023 11:00:00,SCA|NO3,mFRR,Not Specified,Not Specified,MARGINAL,73.95,23.5
17/01/2023 11:00:00 - 17/01/2023 12:00:00,SCA|NO3,mFRR,Not Specified,Not Specified,MARGINAL,75.27,26.18
17/01/2023 12:00:00 - 17/01/2023 13:00:00,SCA|NO3,mFRR,Not Specified,Not Specified,MARGINAL,75.45,31.0
17/01/2023 13:00:00 - 17/01/2023 14:00:00,SCA|NO3,mFRR,Not Specified,Not Specified,MARGINAL,75.11,31.0
17/01/2023 14:00:00 - 17/01/2023 15:00:00,SCA|NO3,mFRR,Not Specified,Not Specified,MARGINAL,72.21,31.0
17/01/2023 15:00:00 - 17/01/2023 16:00:00,SCA|NO3,mFRR,Not Specified,Not Specified,MARGINAL,75.57,32.0
17/01/2023 16:00:00 - 17/01/2023 17:00:00,SCA|NO3,mFRR,Not Specified,Not Specified,MARGINAL,76.03,27.18
17/01/2023 17:00:00 - 17/01/2023 18:00:00,SCA|NO3,mFRR,Not Specified,Not Specified,MARGINAL,76.56,22.56
17/01/2023 18:00:00 - 17/01/2023 19:00:00,SCA|NO3,mFRR,Not Specified,Not Specified,MARGINAL,73.46,22.0
17/01/2023 19:00:00 - 17/01/2023 20:00:00,SCA|NO3,mFRR,Not Specified,Not Specified,MARGINAL,67.19,22.05
17/01/2023 20:00:00 - 17/01/2023 21:00:00,SCA|NO3,mFRR,Not Specified,Not Specified,MARGINAL,60.14,25.0
17/01/2023 21:00:00 - 17/01/2023 22:00:00,SCA|NO3,mFRR,Not Specified,Not Specified,MARGINAL,53.73,53.73
17/01/2023 22:00:00 - 17/01/2023 23:00:00,SCA|NO3,mFRR,Not Specified,Not Specified,MARGINAL,65.0,47.42
17/01/2023 23:00:00 - 18/01/2023 00:00:00,SCA|NO3,mFRR,Not Specified,Not Specified,MARGINAL,43.34,43.34
18/01/2023 00:00:00 - 18/01/2023 01:00:00,SCA|NO3,mFRR,Not Specified,Not Specified,MARGINAL,39.85,39.85
18/01/2023 01:00:00 - 18/01/2023 02:00:00,SCA|NO3,mFRR,Not Specified,Not Specified,MARGINAL,38.74,38.74
18/01/2023 02:00:00 - 18/01/2023 03:00:00,SCA|NO3,mFRR,Not Specified,Not Specified,MARGINAL,38.69,38.69
18/01/2023 03:00:00 - 18/01/2023 04:00:00,SCA|NO3,mFRR,Not Specified,Not Specified,MARGINAL,38.32,38.32
18/01/2023 04:00:00 - 18/01/2023 05:00:00,SCA|NO3,mFRR,Not Specified,Not Specified,MARGINAL,42.7,42.7
18/01/2023 05:00:00 - 18/01/2023 06:00:00,SCA|NO3,mFRR,Not Specified,Not Specified,MARGINAL,52.07,52.07
18/01/2023 06:00:00 - 18/01/2023 07:00:00,SCA|NO3,mFRR,Not Specified,Not Specified,MARGINAL,66.8,66.8
18/01/2023 07:00:00 - 18/01/2023 08:00:00,SCA|NO3,mFRR,Not Specified,Not Specified,MARGINAL,79.2,79.2
18/01/2023 08:00:00 - 18/01/2023 09:00:00,SCA|NO3,mFRR,Not Specified,Not Specified,MARGINAL,82.56,82.56
18/01/2023 09:00:00 - 18/01/2023 10:00:00,SCA|NO3,mFRR,Not Specified,Not Specified,MARGINAL,82.51,60.0
18/01/2023 10:00:00 - 18/01/2023 11:00:00,SCA|NO3,mFRR,Not Specified,Not Specified,MARGINAL,85.34,60.0
18/01/2023 11:00:00 - 18/01/2023 12:00:00,SCA|NO3,mFRR,Not Specified,Not Specified,MARGINAL,86.61,60.0
18/01/2023 12:00:00 - 18/01/2023 13:00:00,SCA|NO3,mFRR,Not Specified,Not Specified,MARGINAL,84.41,60.5
18/01/2023 13:00:00 - 18/01/2023 14:00:00,SCA|NO3,mFRR,Not Specified,Not Specified,MARGINAL,86.4,66.5
18/01/2023 14:00:00 - 18/01/2023 15:00:00,SCA|NO3,mFRR,Not Specified,Not Specified,MARGINAL,88.84,56.3
18/01/2023 15:00:00 - 18/01/2023 16:00:00,SCA|NO3,mFRR,Not Specified,Not Specified,MARGINAL,89.2,56.3
18/01/2023 16:00:00 - 18/01/2023 17:00:00,SCA|NO3,mFRR,Not Specified,Not Specified,MARGINAL,95.06,50.0
18/01/2023 17:00:00 - 18/01/2023 18:00:00,SCA|NO3,mFRR,Not Specified,Not Specified,MARGINAL,89.9,46.0
18/01/2023 18:00:00 - 18/01/2023 19:00:00,SCA|NO3,mFRR,Not Specified,Not Specified,MARGINAL,85.42,48.0
18/01/2023 19:00:00 - 18/01/2023 20:00:00,SCA|NO3,mFRR,Not Specified,Not Specified,MARGINAL,84.59,40.0
18/01/2023 20:00:00 - 18/01/2023 21:00:00,SCA|NO3,mFRR,Not Specified,Not Specified,MARGINAL,83.93,24.5
18/01/2023 21:00:00 - 18/01/2023 22:00:00,SCA|NO3,mFRR,Not Specified,Not Specified,MARGINAL,87.21,22.0
18/01/2023 22:00:00 - 18/01/2023 23:00:00,SCA|NO3,mFRR,Not Specified,Not Specified,MARGINAL,82.29,22.0
18/01/2023 23:00:00 - 19/01/2023 00:00:00,SCA|NO3,mFRR,Not Specified,Not Specified,MARGINAL,75.77,25.0
19/01/2023 00:00:00 - 19/01/2023 01:00:00,SCA|NO3,mFRR,Not Specified,Not Specified,MARGINAL,83.56,30.0
19/01/2023 01:00:00 - 19/01/2023 02:00:00,SCA|NO3,mFRR,Not Specified,Not Specified,MARGINAL,83.08,65.0
19/01/2023 02:00:00 - 19/01/2023 03:00:00,SCA|NO3,mFRR,Not Specified,Not Specified,MARGINAL,82.7,82.7
19/01/2023 03:00:00 - 19/01/2023 04:00:00,SCA|NO3,mFRR,Not Specified,Not Specified,MARGINAL,84.92,84.92
19/01/2023 04:00:00 - 19/01/2023 05:00:00,SCA|NO3,mFRR,Not Specified,Not Specified,MARGINAL,85.23,85.23
19/01/2023 05:00:00 - 19/01/2023 06:00:00,SCA|NO3,mFRR,Not Specified,Not Specified,MARGINAL,79.8,79.8
19/01/2023 06:00:00 - 19/01/2023 07:00:00,SCA|NO3,mFRR,Not Specified,Not Specified,MARGINAL,84.53,84.53
19/01/2023 07:00:00 - 19/01/2023 08:00:00,SCA|NO3,mFRR,Not Specified,Not Specified,MARGINAL,150.75,96.06
19/01/2023 08:00:00 - 19/01/2023 09:00:00,SCA|NO3,mFRR,Not Specified,Not Specified,MARGINAL,105.53,105.53
19/01/2023 09:00:00 - 19/01/2023 10:00:00,SCA|NO3,mFRR,Not Specified,Not Specified,MARGINAL,151.36,151.36
19/01/2023 10:00:00 - 19/01/2023 11:00:00,SCA|NO3,mFRR,Not Specified,Not Specified,MARGINAL,150.01,150.01
19/01/2023 11:00:00 - 19/01/2023 12:00:00,SCA|NO3,mFRR,Not Specified,Not Specified,MARGINAL,138.63,138.63
19/01/2023 12:00:00 - 19/01/2023 13:00:00,SCA|NO3,mFRR,Not Specified,Not Specified,MARGINAL,145.72,90.0
19/01/2023 13:00:00 - 19/01/2023 14:00:00,SCA|NO3,mFRR,Not Specified,Not Specified,MARGINAL,150.38,90.0
19/01/2023 14:00:00 - 19/01/2023 15:00:00,SCA|NO3,mFRR,Not Specified,Not Specified,MARGINAL,155.35,155.35
19/01/2023 15:00:00 - 19/01/2023 16:00:00,SCA|NO3,mFRR,Not Specified,Not Specified,MARGINAL,170.33,170.33
19/01/2023 16:00:00 - 19/01/2023 17:00:00,SCA|NO3,mFRR,Not Specified,Not Specified,MARGINAL,180.33,180.33
19/01/2023 17:00:00 - 19/01/2023 18:00:00,SCA|NO3,mFRR,Not Specified,Not Specified,MARGINAL,173.75,173.75
19/01/2023 18:00:00 - 19/01/2023 19:00:00,SCA|NO3,mFRR,Not Specified,Not Specified,MARGINAL,156.61,156.61
19/01/2023 19:00:00 - 19/01/2023 20:00:00,SCA|NO3,mFRR,Not Specified,Not Specified,MARGINAL,151.55,151.55
19/01/2023 20:00:00 - 19/01/2023 21:00:00,SCA|NO3,mFRR,Not Specified,Not Specified,MARGINAL,145.65,145.65
19/01/2023 21:00:00 - 19/01/2023 22:00:00,SCA|NO3,mFRR,Not Specified,Not Specified,MARGINAL,143.66,143.66
19/01/2023 22:00:00 - 19/01/2023 23:00:00,SCA|NO3,mFRR,Not Specified,Not Specified,MARGINAL,119.0,119.0
19/01/2023 23:00:00 - 20/01/2023 00:00:00,SCA|NO3,mFRR,Not Specified,Not Specified,MARGINAL,106.21,104.71
20/01/2023 00:00:00 - 20/01/2023 01:00:00,SCA|NO3,mFRR,Not Specified,Not Specified,MARGINAL,97.89,65.0
20/01/2023 01:00:00 - 20/01/2023 02:00:00,SCA|NO3,mFRR,Not Specified,Not Specified,MARGINAL,89.93,65.5
20/01/2023 02:00:00 - 20/01/2023 03:00:00,SCA|NO3,mFRR,Not Specified,Not Specified,MARGINAL,84.49,65.5
20/01/2023 03:00:00 - 20/01/2023 04:00:00,SCA|NO3,mFRR,Not Specified,Not Specified,MARGINAL,82.69,63.0
20/01/2023 04:00:00 - 20/01/2023 05:00:00,SCA|NO3,mFRR,Not Specified,Not Specified,MARGINAL,84.13,63.0
20/01/2023 05:00:00 - 20/01/2023 06:00:00,SCA|NO3,mFRR,Not Specified,Not Specified,MARGINAL,83.45,64.0
20/01/2023 06:00:00 - 20/01/2023 07:00:00,SCA|NO3,mFRR,Not Specified,Not Specified,MARGINAL,95.09,56.29
20/01/2023 07:00:00 - 20/01/2023 08:00:00,SCA|NO3,mFRR,Not Specified,Not Specified,MARGINAL,91.32,56.28
20/01/2023 08:00:00 - 20/01/2023 09:00:00,SCA|NO3,mFRR,Not Specified,Not Specified,MARGINAL,99.12,54.0
20/01/2023 09:00:00 - 20/01/2023 10:00:00,SCA|NO3,mFRR,Not Specified,Not Specified,MARGINAL,91.08,47.0
20/01/2023 10:00:00 - 20/01/2023 11:00:00,SCA|NO3,mFRR,Not Specified,Not Specified,MARGINAL,83.74,34.0
20/01/2023 11:00:00 - 20/01/2023 12:00:00,SCA|NO3,mFRR,Not Specified,Not Specified,MARGINAL,81.01,32.0
20/01/2023 12:00:00 - 20/01/2023 13:00:00,SCA|NO3,mFRR,Not Specified,Not Specified,MARGINAL,78.39,32.0
20/01/2023 13:00:00 - 20/01/2023 14:00:00,SCA|NO3,mFRR,Not Specified,Not Specified,MARGINAL,74.91,32.0
20/01/2023 14:00:00 - 20/01/2023 15:00:00,SCA|NO3,mFRR,Not Specified,Not Specified,MARGINAL,74.93,74.93
20/01/2023 15:00:00 - 20/01/2023 16:00:00,SCA|NO3,mFRR,Not Specified,Not Specified,MARGINAL,75.12,64.0
20/01/2023 16:00:00 - 20/01/2023 17:00:00,SCA|NO3,mFRR,Not Specified,Not Specified,MARGINAL,80.41,80.41
20/01/2023 17:00:00 - 20/01/2023 18:00:00,SCA|NO3,mFRR,Not Specified,Not Specified,MARGINAL,80.38,80.38
20/01/2023 18:00:00 - 20/01/2023 19:00:00,SCA|NO3,mFRR,Not Specified,Not Specified,MARGINAL,99.57,82.53
20/01/2023 19:00:00 - 20/01/2023 20:00:00,SCA|NO3,mFRR,Not Specified,Not Specified,MARGINAL,100.0,82.24
20/01/2023 20:00:00 - 20/01/2023 21:00:00,SCA|NO3,mFRR,Not Specified,Not Specified,MARGINAL,99.57,81.9
20/01/2023 21:00:00 - 20/01/2023 22:00:00,SCA|NO3,mFRR,Not Specified,Not Specified,MARGINAL,80.9,80.9
20/01/2023 22:00:00 - 20/01/2023 23:00:00,SCA|NO3,mFRR,Not Specified,Not Specified,MARGINAL,81.27,50.0
20/01/2023 23:00:00 - 21/01/2023 00:00:00,SCA|NO3,mFRR,Not Specified,Not Specified,MARGINAL,74.96,50.0
21/01/2023 00:00:00 - 21/01/2023 01:00:00,SCA|NO3,mFRR,Not Specified,Not Specified,MARGINAL,68.76,50.0
21/01/2023 01:00:00 - 21/01/2023 02:00:00,SCA|NO3,mFRR,Not Specified,Not Specified,MARGINAL,66.98,66.98
21/01/2023 02:00:00 - 21/01/2023 03:00:00,SCA|NO3,mFRR,Not Specified,Not Specified,MARGINAL,67.4,67.4
21/01/2023 03:00:00 - 21/01/2023 04:00:00,SCA|NO3,mFRR,Not Specified,Not Specified,MARGINAL,68.52,68.52
21/01/2023 04:00:00 - 21/01/2023 05:00:00,SCA|NO3,mFRR,Not Specified,Not Specified,MARGINAL,69.22,69.22
21/01/2023 05:00:00 - 21/01/2023 06:00:00,SCA|NO3,mFRR,Not Specified,Not Specified,MARGINAL,66.81,66.81
21/01/2023 06:00:00 - 21/01/2023 07:00:00,SCA|NO3,mFRR,Not Specified,Not Specified,MARGINAL,65.25,65.25
21/01/2023 07:00:00 - 21/01/2023 08:00:00,SCA|NO3,mFRR,Not Specified,Not Specified,MARGINAL,66.38,66.38
21/01/2023 08:00:00 - 21/01/2023 09:00:00,SCA|NO3,mFRR,Not Specified,Not Specified,MARGINAL,70.3,70.3
21/01/2023 09:00:00 - 21/01/2023 10:00:00,SCA|NO3,mFRR,Not Specified,Not Specified,MARGINAL,74.91,74.91
21/01/2023 10:00:00 - 21/01/2023 11:00:00,SCA|NO3,mFRR,Not Specified,Not Specified,MARGINAL,78.24,78.24
21/01/2023 11:00:00 - 21/01/2023 12:00:00,SCA|NO3,mFRR,Not Specified,Not Specified,MARGINAL,107.5,79.98
21/01/2023 12:00:00 - 21/01/2023 13:00:00,SCA|NO3,mFRR,Not Specified,Not Specified,MARGINAL,107.5,82.38
21/01/2023 13:00:00 - 21/01/2023 14:00:00,SCA|NO3,mFRR,Not Specified,Not Specified,MARGINAL,105.0,56.0
21/01/2023 14:00:00 - 21/01/2023 15:00:00,SCA|NO3,mFRR,Not Specified,Not Specified,MARGINAL,84.61,56.0
21/01/2023 15:00:00 - 21/01/2023 16:00:00,SCA|NO3,mFRR,Not Specified,Not Specified,MARGINAL,85.19,38.0
21/01/2023 16:00:00 - 21/01/2023 17:00:00,SCA|NO3,mFRR,Not Specified,Not Specified,MARGINAL,85.56,54.0
21/01/2023 17:00:00 - 21/01/2023 18:00:00,SCA|NO3,mFRR,Not Specified,Not Specified,MARGINAL,80.7,39.67
21/01/2023 18:00:00 - 21/01/2023 19:00:00,SCA|NO3,mFRR,Not Specified,Not Specified,MARGINAL,74.4,39.67
21/01/2023 19:00:00 - 21/01/2023 20:00:00,SCA|NO3,mFRR,Not Specified,Not Specified,MARGINAL,69.27,24.38
21/01/2023 20:00:00 - 21/01/2023 21:00:00,SCA|NO3,mFRR,Not Specified,Not Specified,MARGINAL,65.06,24.07
21/01/2023 21:00:00 - 21/01/2023 22:00:00,SCA|NO3,mFRR,Not Specified,Not Specified,MARGINAL,64.49,27.0
21/01/2023 22:00:00 - 21/01/2023 23:00:00,SCA|NO3,mFRR,Not Specified,Not Specified,MARGINAL,64.51,27.0
21/01/2023 23:00:00 - 22/01/2023 00:00:00,SCA|NO3,mFRR,Not Specified,Not Specified,MARGINAL,63.09,27.0
22/01/2023 00:00:00 - 22/01/2023 01:00:00,SCA|NO3,mFRR,Not Specified,Not Specified,MARGINAL,64.43,38.66
22/01/2023 01:00:00 - 22/01/2023 02:00:00,SCA|NO3,mFRR,Not Specified,Not Specified,MARGINAL,64.83,64.83
22/01/2023 02:00:00 - 22/01/2023 03:00:00,SCA|NO3,mFRR,Not Specified,Not Specified,MARGINAL,76.13,65.56
22/01/2023 03:00:00 - 22/01/2023 04:00:00,SCA|NO3,mFRR,Not Specified,Not Specified,MARGINAL,88.67,65.53
22/01/2023 04:00:00 - 22/01/2023 05:00:00,SCA|NO3,mFRR,Not Specified,Not Specified,MARGINAL,88.67,64.97
22/01/2023 05:00:00 - 22/01/2023 06:00:00,SCA|NO3,mFRR,Not Specified,Not Specified,MARGINAL,80.0,62.59
22/01/2023 06:00:00 - 22/01/2023 07:00:00,SCA|NO3,mFRR,Not Specified,Not Specified,MARGINAL,75.0,61.42
22/01/2023 07:00:00 - 22/01/2023 08:00:00,SCA|NO3,mFRR,Not Specified,Not Specified,MARGINAL,75.0,64.92
22/01/2023 08:00:00 - 22/01/2023 09:00:00,SCA|NO3,mFRR,Not Specified,Not Specified,MARGINAL,75.0,28.86
22/01/2023 09:00:00 - 22/01/2023 10:00:00,SCA|NO3,mFRR,Not Specified,Not Specified,MARGINAL,64.41,50.0
22/01/2023 10:00:00 - 22/01/2023 11:00:00,SCA|NO3,mFRR,Not Specified,Not Specified,MARGINAL,64.08,64.08
22/01/2023 11:00:00 - 22/01/2023 12:00:00,SCA|NO3,mFRR,Not Specified,Not Specified,MARGINAL,62.29,62.29
22/01/2023 12:00:00 - 22/01/2023 13:00:00,SCA|NO3,mFRR,Not Specified,Not Specified,MARGINAL,61.4,61.4
22/01/2023 13:00:00 - 22/01/2023 14:00:00,SCA|NO3,mFRR,Not Specified,Not Specified,MARGINAL,59.58,59.58
22/01/2023 14:00:00 - 22/01/2023 15:00:00,SCA|NO3,mFRR,Not Specified,Not Specified,MARGINAL,58.02,58.02
22/01/2023 15:00:00 - 22/01/2023 16:00:00,SCA|NO3,mFRR,Not Specified,Not Specified,MARGINAL,58.74,58.74
22/01/2023 16:00:00 - 22/01/2023 17:00:00,SCA|NO3,mFRR,Not Specified,Not Specified,MARGINAL,59.51,59.51
22/01/2023 17:00:00 - 22/01/2023 18:00:00,SCA|NO3,mFRR,Not Specified,Not Specified,MARGINAL,57.4,57.4
22/01/2023 18:00:00 - 22/01/2023 19:00:00,SCA|NO3,mFRR,Not Specified,Not Specified,MARGINAL,56.56,56.56
22/01/2023 19:00:00 - 22/01/2023 20:00:00,SCA|NO3,mFRR,Not Specified,Not Specified,MARGINAL,54.91,54.91
22/01/2023 20:00:00 - 22/01/2023 21:00:00,SCA|NO3,mFRR,Not Specified,Not Specified,MARGINAL,53.89,53.89
22/01/2023 21:00:00 - 22/01/2023 22:00:00,SCA|NO3,mFRR,Not Specified,Not Specified,MARGINAL,55.48,55.48
22/01/2023 22:00:00 - 22/01/2023 23:00:00,SCA|NO3,mFRR,Not Specified,Not Specified,MARGINAL,53.42,53.42
22/01/2023 23:00:00 - 23/01/2023 00:00:00,SCA|NO3,mFRR,Not Specified,Not Specified,MARGINAL,50.79,50.79
23/01/2023 00:00:00 - 23/01/2023 01:00:00,SCA|NO3,mFRR,Not Specified,Not Specified,MARGINAL,47.63,47.63
23/01/2023 01:00:00 - 23/01/2023 02:00:00,SCA|NO3,mFRR,Not Specified,Not Specified,MARGINAL,46.85,46.85
23/01/2023 02:00:00 - 23/01/2023 03:00:00,SCA|NO3,mFRR,Not Specified,Not Specified,MARGINAL,47.4,47.4
23/01/2023 03:00:00 - 23/01/2023 04:00:00,SCA|NO3,mFRR,Not Specified,Not Specified,MARGINAL,48.03,48.03
23/01/2023 04:00:00 - 23/01/2023 05:00:00,SCA|NO3,mFRR,Not Specified,Not Specified,MARGINAL,48.95,48.95
23/01/2023 05:00:00 - 23/01/2023 06:00:00,SCA|NO3,mFRR,Not Specified,Not Specified,MARGINAL,58.63,58.63
23/01/2023 06:00:00 - 23/01/2023 07:00:00,SCA|NO3,mFRR,Not Specified,Not Specified,MARGINAL,61.67,61.67
23/01/2023 07:00:00 - 23/01/2023 08:00:00,SCA|NO3,mFRR,Not Specified,Not Specified,MARGINAL,61.68,61.68
23/01/2023 08:00:00 - 23/01/2023 09:00:00,SCA|NO3,mFRR,Not Specified,Not Specified,MARGINAL,62.29,62.29
23/01/2023 09:00:00 - 23/01/2023 10:00:00,SCA|NO3,mFRR,Not Specified,Not Specified,MARGINAL,61.0,61.0
23/01/2023 10:00:00 - 23/01/2023 11:00:00,SCA|NO3,mFRR,Not Specified,Not Specified,MARGINAL,60.63,60.63
23/01/2023 11:00:00 - 23/01/2023 12:00:00,SCA|NO3,mFRR,Not Specified,Not Specified,MARGINAL,59.74,59.74
23/01/2023 12:00:00 - 23/01/2023 13:00:00,SCA|NO3,mFRR,Not Specified,Not Specified,MARGINAL,60.67,60.67
23/01/2023 13:00:00 - 23/01/2023 14:00:00,SCA|NO3,mFRR,Not Specified,Not Specified,MARGINAL,60.24,60.24
23/01/2023 14:00:00 - 23/01/2023 15:00:00,SCA|NO3,mFRR,Not Specified,Not Specified,MARGINAL,59.98,59.98
23/01/2023 15:00:00 - 23/01/2023 16:00:00,SCA|NO3,mFRR,Not Specified,Not Specified,MARGINAL,59.86,59.86
23/01/2023 16:00:00 - 23/01/2023 17:00:00,SCA|NO3,mFRR,Not Specified,Not Specified,MARGINAL,57.3,57.3
23/01/2023 17:00:00 - 23/01/2023 18:00:00,SCA|NO3,mFRR,Not Specified,Not Specified,MARGINAL,54.07,54.07
23/01/2023 18:00:00 - 23/01/2023 19:00:00,SCA|NO3,mFRR,Not Specified,Not Specified,MARGINAL,52.81,52.81
23/01/2023 19:00:00 - 23/01/2023 20:00:00,SCA|NO3,mFRR,Not Specified,Not Specified,MARGINAL,51.37,51.37
23/01/2023 20:00:00 - 23/01/2023 21:00:00,SCA|NO3,mFRR,Not Specified,Not Specified,MARGINAL,52.35,52.35
23/01/2023 21:00:00 - 23/01/2023 22:00:00,SCA|NO3,mFRR,Not Specified,Not Specified,MARGINAL,50.93,50.93
23/01/2023 22:00:00 - 23/01/2023 23:00:00,SCA|NO3,mFRR,Not Specified,Not Specified,MARGINAL,46.29,46.29
23/01/2023 23:00:00 - 24/01/2023 00:00:00,SCA|NO3,mFRR,Not Specified,Not Specified,MARGINAL,41.77,41.77
24/01/2023 00:00:00 - 24/01/2023 01:00:00,SCA|NO3,mFRR,Not Specified,Not Specified,MARGINAL,27.54,27.54
24/01/2023 01:00:00 - 24/01/2023 02:00:00,SCA|NO3,mFRR,Not Specified,Not Specified,MARGINAL,27.35,27.35
24/01/2023 02:00:00 - 24/01/2023 03:00:00,SCA|NO3,mFRR,Not Specified,Not Specified,MARGINAL,27.36,27.36
24/01/2023 03:00:00 - 24/01/2023 04:00:00,SCA|NO3,mFRR,Not Specified,Not Specified,MARGINAL,27.59,27.59
24/01/2023 04:00:00 - 24/01/2023 05:00:00,SCA|NO3,mFRR,Not Specified,Not Specified,MARGINAL,28.21,28.21
24/01/2023 05:00:00 - 24/01/2023 06:00:00,SCA|NO3,mFRR,Not Specified,Not Specified,MARGINAL,30.51,30.51
24/01/2023 06:00:00 - 24/01/2023 07:00:00,SCA|NO3,mFRR,Not Specified,Not Specified,MARGINAL,37.37,26.21
24/01/2023 07:00:00 - 24/01/2023 08:00:00,SCA|NO3,mFRR,Not Specified,Not Specified,MARGINAL,46.42,46.42
24/01/2023 08:00:00 - 24/01/2023 09:00:00,SCA|NO3,mFRR,Not Specified,Not Specified,MARGINAL,52.88,52.88
24/01/2023 09:00:00 - 24/01/2023 10:00:00,SCA|NO3,mFRR,Not Specified,Not Specified,MARGINAL,51.38,51.38
24/01/2023 10:00:00 - 24/01/2023 11:00:00,SCA|NO3,mFRR,Not Specified,Not Specified,MARGINAL,51.68,51.68
24/01/2023 11:00:00 - 24/01/2023 12:00:00,SCA|NO3,mFRR,Not Specified,Not Specified,MARGINAL,51.37,51.37
24/01/2023 12:00:00 - 24/01/2023 13:00:00,SCA|NO3,mFRR,Not Specified,Not Specified,MARGINAL,51.39,51.39
24/01/2023 13:00:00 - 24/01/2023 14:00:00,SCA|NO3,mFRR,Not Specified,Not Specified,MARGINAL,51.41,51.41
24/01/2023 14:00:00 - 24/01/2023 15:00:00,SCA|NO3,mFRR,Not Specified,Not Specified,MARGINAL,49.9,49.9
24/01/2023 15:00:00 - 24/01/2023 16:00:00,SCA|NO3,mFRR,Not Specified,Not Specified,MARGINAL,44.59,44.59
24/01/2023 16:00:00 - 24/01/2023 17:00:00,SCA|NO3,mFRR,Not Specified,Not Specified,MARGINAL,37.43,37.43
24/01/2023 17:00:00 - 24/01/2023 18:00:00,SCA|NO3,mFRR,Not Specified,Not Specified,MARGINAL,30.09,30.09
24/01/2023 18:00:00 - 24/01/2023 19:00:00,SCA|NO3,mFRR,Not Specified,Not Specified,MARGINAL,29.4,29.4
24/01/2023 19:00:00 - 24/01/2023 20:00:00,SCA|NO3,mFRR,Not Specified,Not Specified,MARGINAL,29.14,29.14
24/01/2023 20:00:00 - 24/01/2023 21:00:00,SCA|NO3,mFRR,Not Specified,Not Specified,MARGINAL,28.62,26.0
24/01/2023 21:00:00 - 24/01/2023 22:00:00,SCA|NO3,mFRR,Not Specified,Not Specified,MARGINAL,27.24,24.0
24/01/2023 22:00:00 - 24/01/2023 23:00:00,SCA|NO3,mFRR,Not Specified,Not Specified,MARGINAL,25.05,25.05
24/01/2023 23:00:00 - 25/01/2023 00:00:00,SCA|NO3,mFRR,Not Specified,Not Specified,MARGINAL,20.7,20.7
25/01/2023 00:00:00 - 25/01/2023 01:00:00,SCA|NO3,mFRR,Not Specified,Not Specified,MARGINAL,13.55,13.55
25/01/2023 01:00:00 - 25/01/2023 02:00:00,SCA|NO3,mFRR,Not Specified,Not Specified,MARGINAL,9.0,9.0
25/01/2023 02:00:00 - 25/01/2023 03:00:00,SCA|NO3,mFRR,Not Specified,Not Specified,MARGINAL,4.58,4.58
25/01/2023 03:00:00 - 25/01/2023 04:00:00,SCA|NO3,mFRR,Not Specified,Not Specified,MARGINAL,4.1,4.1
25/01/2023 04:00:00 - 25/01/2023 05:00:00,SCA|NO3,mFRR,Not Specified,Not Specified,MARGINAL,6.08,6.08
25/01/2023 05:00:00 - 25/01/2023 06:00:00,SCA|NO3,mFRR,Not Specified,Not Specified,MARGINAL,11.18,11.18
25/01/2023 06:00:00 - 25/01/2023 07:00:00,SCA|NO3,mFRR,Not Specified,Not Specified,MARGINAL,25.99,25.99
25/01/2023 07:00:00 - 25/01/2023 08:00:00,SCA|NO3,mFRR,Not Specified,Not Specified,MARGINAL,27.92,27.92
25/01/2023 08:00:00 - 25/01/2023 09:00:00,SCA|NO3,mFRR,Not Specified,Not Specified,MARGINAL,29.17,29.17
25/01/2023 09:00:00 - 25/01/2023 10:00:00,SCA|NO3,mFRR,Not Specified,Not Specified,MARGINAL,29.39,29.39
25/01/2023 10:00:00 - 25/01/2023 11:00:00,SCA|NO3,mFRR,Not Specified,Not Specified,MARGINAL,29.12,29.12
25/01/2023 11:00:00 - 25/01/2023 12:00:00,SCA|NO3,mFRR,Not Specified,Not Specified,MARGINAL,29.07,29.07
25/01/2023 12:00:00 - 25/01/2023 13:00:00,SCA|NO3,mFRR,Not Specified,Not Specified,MARGINAL,28.49,28.49
25/01/2023 13:00:00 - 25/01/2023 14:00:00,SCA|NO3,mFRR,Not Specified,Not Specified,MARGINAL,28.15,28.15
25/01/2023 14:00:00 - 25/01/2023 15:00:00,SCA|NO3,mFRR,Not Specified,Not Specified,MARGINAL,28.62,28.62
25/01/2023 15:00:00 - 25/01/2023 16:00:00,SCA|NO3,mFRR,Not Specified,Not Specified,MARGINAL,29.07,29.07
25/01/2023 16:00:00 - 25/01/2023 17:00:00,SCA|NO3,mFRR,Not Specified,Not Specified,MARGINAL,29.98,29.98
25/01/2023 17:00:00 - 25/01/2023 18:00:00,SCA|NO3,mFRR,Not Specified,Not Specified,MARGINAL,30.77,25.5
25/01/2023 18:00:00 - 25/01/2023 19:00:00,SCA|NO3,mFRR,Not Specified,Not Specified,MARGINAL,32.02,25.5
25/01/2023 19:00:00 - 25/01/2023 20:00:00,SCA|NO3,mFRR,Not Specified,Not Specified,MARGINAL,31.86,25.5
25/01/2023 20:00:00 - 25/01/2023 21:00:00,SCA|NO3,mFRR,Not Specified,Not Specified,MARGINAL,31.53,31.53
25/01/2023 21:00:00 - 25/01/2023 22:00:00,SCA|NO3,mFRR,Not Specified,Not Specified,MARGINAL,33.05,33.05
25/01/2023 22:00:00 - 25/01/2023 23:00:00,SCA|NO3,mFRR,Not Specified,Not Specified,MARGINAL,31.21,31.21
25/01/2023 23:00:00 - 26/01/2023 00:00:00,SCA|NO3,mFRR,Not Specified,Not Specified,MARGINAL,55.0,30.01
26/01/2023 00:00:00 - 26/01/2023 01:00:00,SCA|NO3,mFRR,Not Specified,Not Specified,MARGINAL,55.0,37.88
26/01/2023 01:00:00 - 26/01/2023 02:00:00,SCA|NO3,mFRR,Not Specified,Not Specified,MARGINAL,49.5,39.0
26/01/2023 02:00:00 - 26/01/2023 03:00:00,SCA|NO3,mFRR,Not Specified,Not Specified,MARGINAL,38.2,38.2
26/01/2023 03:00:00 - 26/01/2023 04:00:00,SCA|NO3,mFRR,Not Specified,Not Specified,MARGINAL,39.73,39.73
26/01/2023 04:00:00 - 26/01/2023 05:00:00,SCA|NO3,mFRR,Not Specified,Not Specified,MARGINAL,40.0,40.0
26/01/2023 05:00:00 - 26/01/2023 06:00:00,SCA|NO3,mFRR,Not Specified,Not Specified,MARGINAL,41.84,41.84
26/01/2023 06:00:00 - 26/01/2023 07:00:00,SCA|NO3,mFRR,Not Specified,Not Specified,MARGINAL,37.85,21.0
26/01/2023 07:00:00 - 26/01/2023 08:00:00,SCA|NO3,mFRR,Not Specified,Not Specified,MARGINAL,40.39,25.0
26/01/2023 08:00:00 - 26/01/2023 09:00:00,SCA|NO3,mFRR,Not Specified,Not Specified,MARGINAL,43.76,25.0
26/01/2023 09:00:00 - 26/01/2023 10:00:00,SCA|NO3,mFRR,Not Specified,Not Specified,MARGINAL,43.47,25.0
26/01/2023 10:00:00 - 26/01/2023 11:00:00,SCA|NO3,mFRR,Not Specified,Not Specified,MARGINAL,40.99,25.0
26/01/2023 11:00:00 - 26/01/2023 12:00:00,SCA|NO3,mFRR,Not Specified,Not Specified,MARGINAL,40.16,28.0
26/01/2023 12:00:00 - 26/01/2023 13:00:00,SCA|NO3,mFRR,Not Specified,Not Specified,MARGINAL,41.04,28.0
26/01/2023 13:00:00 - 26/01/2023 14:00:00,SCA|NO3,mFRR,Not Specified,Not Specified,MARGINAL,42.15,28.0
26/01/2023 14:00:00 - 26/01/2023 15:00:00,SCA|NO3,mFRR,Not Specified,Not Specified,MARGINAL,40.91,29.5
26/01/2023 15:00:00 - 26/01/2023 16:00:00,SCA|NO3,mFRR,Not Specified,Not Specified,MARGINAL,44.66,32.44
26/01/2023 16:00:00 - 26/01/2023 17:00:00,SCA|NO3,mFRR,Not Specified,Not Specified,MARGINAL,46.66,32.44
26/01/2023 17:00:00 - 26/01/2023 18:00:00,SCA|NO3,mFRR,Not Specified,Not Specified,MARGINAL,46.69,28.0
26/01/2023 18:00:00 - 26/01/2023 19:00:00,SCA|NO3,mFRR,Not Specified,Not Specified,MARGINAL,49.28,49.28
26/01/2023 19:00:00 - 26/01/2023 20:00:00,SCA|NO3,mFRR,Not Specified,Not Specified,MARGINAL,49.32,49.32
26/01/2023 20:00:00 - 26/01/2023 21:00:00,SCA|NO3,mFRR,Not Specified,Not Specified,MARGINAL,49.33,49.33
26/01/2023 21:00:00 - 26/01/2023 22:00:00,SCA|NO3,mFRR,Not Specified,Not Specified,MARGINAL,47.3,47.3
26/01/2023 22:00:00 - 26/01/2023 23:00:00,SCA|NO3,mFRR,Not Specified,Not Specified,MARGINAL,43.9,43.9
26/01/2023 23:00:00 - 27/01/2023 00:00:00,SCA|NO3,mFRR,Not Specified,Not Specified,MARGINAL,37.91,37.91
27/01/2023 00:00:00 - 27/01/2023 01:00:00,SCA|NO3,mFRR,Not Specified,Not Specified,MARGINAL,47.21,47.21
27/01/2023 01:00:00 - 27/01/2023 02:00:00,SCA|NO3,mFRR,Not Specified,Not Specified,MARGINAL,45.59,45.59
27/01/2023 02:00:00 - 27/01/2023 03:00:00,SCA|NO3,mFRR,Not Specified,Not Specified,MARGINAL,45.28,45.28
27/01/2023 03:00:00 - 27/01/2023 04:00:00,SCA|NO3,mFRR,Not Specified,Not Specified,MARGINAL,45.75,45.75
27/01/2023 04:00:00 - 27/01/2023 05:00:00,SCA|NO3,mFRR,Not Specified,Not Specified,MARGINAL,46.06,46.06
27/01/2023 05:00:00 - 27/01/2023 06:00:00,SCA|NO3,mFRR,Not Specified,Not Specified,MARGINAL,50.57,50.57
27/01/2023 06:00:00 - 27/01/2023 07:00:00,SCA|NO3,mFRR,Not Specified,Not Specified,MARGINAL,52.02,52.02
27/01/2023 07:00:00 - 27/01/2023 08:00:00,SCA|NO3,mFRR,Not Specified,Not Specified,MARGINAL,52.09,52.09
27/01/2023 08:00:00 - 27/01/2023 09:00:00,SCA|NO3,mFRR,Not Specified,Not Specified,MARGINAL,51.94,51.94
27/01/2023 09:00:00 - 27/01/2023 10:00:00,SCA|NO3,mFRR,Not Specified,Not Specified,MARGINAL,50.7,21.0
27/01/2023 10:00:00 - 27/01/2023 11:00:00,SCA|NO3,mFRR,Not Specified,Not Specified,MARGINAL,49.47,20.0
27/01/2023 11:00:00 - 27/01/2023 12:00:00,SCA|NO3,mFRR,Not Specified,Not Specified,MARGINAL,48.17,16.73
27/01/2023 12:00:00 - 27/01/2023 13:00:00,SCA|NO3,mFRR,Not Specified,Not Specified,MARGINAL,47.86,16.73
27/01/2023 13:00:00 - 27/01/2023 14:00:00,SCA|NO3,mFRR,Not Specified,Not Specified,MARGINAL,47.4,21.0
27/01/2023 14:00:00 - 27/01/2023 15:00:00,SCA|NO3,mFRR,Not Specified,Not Specified,MARGINAL,46.51,22.0
27/01/2023 15:00:00 - 27/01/2023 16:00:00,SCA|NO3,mFRR,Not Specified,Not Specified,MARGINAL,44.0,20.0
27/01/2023 16:00:00 - 27/01/2023 17:00:00,SCA|NO3,mFRR,Not Specified,Not Specified,MARGINAL,42.88,20.0
27/01/2023 17:00:00 - 27/01/2023 18:00:00,SCA|NO3,mFRR,Not Specified,Not Specified,MARGINAL,42.06,23.0
27/01/2023 18:00:00 - 27/01/2023 19:00:00,SCA|NO3,mFRR,Not Specified,Not Specified,MARGINAL,42.79,23.0
27/01/2023 19:00:00 - 27/01/2023 20:00:00,SCA|NO3,mFRR,Not Specified,Not Specified,MARGINAL,40.04,23.0
27/01/2023 20:00:00 - 27/01/2023 21:00:00,SCA|NO3,mFRR,Not Specified,Not Specified,MARGINAL,39.27,9.0
27/01/2023 21:00:00 - 27/01/2023 22:00:00,SCA|NO3,mFRR,Not Specified,Not Specified,MARGINAL,37.22,9.0
27/01/2023 22:00:00 - 27/01/2023 23:00:00,SCA|NO3,mFRR,Not Specified,Not Specified,MARGINAL,31.94,10.0
27/01/2023 23:00:00 - 28/01/2023 00:00:00,SCA|NO3,mFRR,Not Specified,Not Specified,MARGINAL,29.3,10.0
28/01/2023 00:00:00 - 28/01/2023 01:00:00,SCA|NO3,mFRR,Not Specified,Not Specified,MARGINAL,27.17,10.0
28/01/2023 01:00:00 - 28/01/2023 02:00:00,SCA|NO3,mFRR,Not Specified,Not Specified,MARGINAL,29.21,29.21
28/01/2023 02:00:00 - 28/01/2023 03:00:00,SCA|NO3,mFRR,Not Specified,Not Specified,MARGINAL,28.51,25.0
28/01/2023 03:00:00 - 28/01/2023 04:00:00,SCA|NO3,mFRR,Not Specified,Not Specified,MARGINAL,27.66,24.66
28/01/2023 04:00:00 - 28/01/2023 05:00:00,SCA|NO3,mFRR,Not Specified,Not Specified,MARGINAL,27.62,24.62
28/01/2023 05:00:00 - 28/01/2023 06:00:00,SCA|NO3,mFRR,Not Specified,Not Specified,MARGINAL,26.38,26.38
28/01/2023 06:00:00 - 28/01/2023 07:00:00,SCA|NO3,mFRR,Not Specified,Not Specified,MARGINAL,26.46,22.5
28/01/2023 07:00:00 - 28/01/2023 08:00:00,SCA|NO3,mFRR,Not Specified,Not Specified,MARGINAL,28.7,24.0
28/01/2023 08:00:00 - 28/01/2023 09:00:00,SCA|NO3,mFRR,Not Specified,Not Specified,MARGINAL,30.18,30.18
28/01/2023 09:00:00 - 28/01/2023 10:00:00,SCA|NO3,mFRR,Not Specified,Not Specified,MARGINAL,31.26,31.26
28/01/2023 10:00:00 - 28/01/2023 11:00:00,SCA|NO3,mFRR,Not Specified,Not Specified,MARGINAL,35.49,35.49
28/01/2023 11:00:00 - 28/01/2023 12:00:00,SCA|NO3,mFRR,Not Specified,Not Specified,MARGINAL,38.26,38.26
28/01/2023 12:00:00 - 28/01/2023 13:00:00,SCA|NO3,mFRR,Not Specified,Not Specified,MARGINAL,37.61,37.61
28/01/2023 13:00:00 - 28/01/2023 14:00:00,SCA|NO3,mFRR,Not Specified,Not Specified,MARGINAL,35.83,35.83
28/01/2023 14:00:00 - 28/01/2023 15:00:00,SCA|NO3,mFRR,Not Specified,Not Specified,MARGINAL,35.0,35.0
28/01/2023 15:00:00 - 28/01/2023 16:00:00,SCA|NO3,mFRR,Not Specified,Not Specified,MARGINAL,34.91,34.91
28/01/2023 16:00:00 - 28/01/2023 17:00:00,SCA|NO3,mFRR,Not Specified,Not Specified,MARGINAL,37.93,37.93
28/01/2023 17:00:00 - 28/01/2023 18:00:00,SCA|NO3,mFRR,Not Specified,Not Specified,MARGINAL,38.03,38.03
28/01/2023 18:00:00 - 28/01/2023 19:00:00,SCA|NO3,mFRR,Not Specified,Not Specified,MARGINAL,37.93,37.93
28/01/2023 19:00:00 - 28/01/2023 20:00:00,SCA|NO3,mFRR,Not Specified,Not Specified,MARGINAL,34.66,34.66
28/01/2023 20:00:00 - 28/01/2023 21:00:00,SCA|NO3,mFRR,Not Specified,Not Specified,MARGINAL,31.62,31.62
28/01/2023 21:00:00 - 28/01/2023 22:00:00,SCA|NO3,mFRR,Not Specified,Not Specified,MARGINAL,30.81,25.0
28/01/2023 22:00:00 - 28/01/2023 23:00:00,SCA|NO3,mFRR,Not Specified,Not Specified,MARGINAL,30.12,24.2
28/01/2023 23:00:00 - 29/01/2023 00:00:00,SCA|NO3,mFRR,Not Specified,Not Specified,MARGINAL,29.36,25.0
29/01/2023 00:00:00 - 29/01/2023 01:00:00,SCA|NO3,mFRR,Not Specified,Not Specified,MARGINAL,29.76,19.5
29/01/2023 01:00:00 - 29/01/2023 02:00:00,SCA|NO3,mFRR,Not Specified,Not Specified,MARGINAL,29.32,19.0
29/01/2023 02:00:00 - 29/01/2023 03:00:00,SCA|NO3,mFRR,Not Specified,Not Specified,MARGINAL,28.37,19.0
29/01/2023 03:00:00 - 29/01/2023 04:00:00,SCA|NO3,mFRR,Not Specified,Not Specified,MARGINAL,28.23,16.73
29/01/2023 04:00:00 - 29/01/2023 05:00:00,SCA|NO3,mFRR,Not Specified,Not Specified,MARGINAL,28.62,16.27
29/01/2023 05:00:00 - 29/01/2023 06:00:00,SCA|NO3,mFRR,Not Specified,Not Specified,MARGINAL,26.99,16.73
29/01/2023 06:00:00 - 29/01/2023 07:00:00,SCA|NO3,mFRR,Not Specified,Not Specified,MARGINAL,27.26,16.5
29/01/2023 07:00:00 - 29/01/2023 08:00:00,SCA|NO3,mFRR,Not Specified,Not Specified,MARGINAL,29.18,17.0
29/01/2023 08:00:00 - 29/01/2023 09:00:00,SCA|NO3,mFRR,Not Specified,Not Specified,MARGINAL,30.9,17.0
29/01/2023 09:00:00 - 29/01/2023 10:00:00,SCA|NO3,mFRR,Not Specified,Not Specified,MARGINAL,31.31,17.0
29/01/2023 10:00:00 - 29/01/2023 11:00:00,SCA|NO3,mFRR,Not Specified,Not Specified,MARGINAL,34.36,17.0
29/01/2023 11:00:00 - 29/01/2023 12:00:00,SCA|NO3,mFRR,Not Specified,Not Specified,MARGINAL,34.0,17.0
29/01/2023 12:00:00 - 29/01/2023 13:00:00,SCA|NO3,mFRR,Not Specified,Not Specified,MARGINAL,33.89,22.5
29/01/2023 13:00:00 - 29/01/2023 14:00:00,SCA|NO3,mFRR,Not Specified,Not Specified,MARGINAL,34.95,26.89
29/01/2023 14:00:00 - 29/01/2023 15:00:00,SCA|NO3,mFRR,Not Specified,Not Specified,MARGINAL,34.38,26.89
29/01/2023 15:00:00 - 29/01/2023 16:00:00,SCA|NO3,mFRR,Not Specified,Not Specified,MARGINAL,32.54,32.54
29/01/2023 16:00:00 - 29/01/2023 17:00:00,SCA|NO3,mFRR,Not Specified,Not Specified,MARGINAL,34.69,34.69
29/01/2023 17:00:00 - 29/01/2023 18:00:00,SCA|NO3,mFRR,Not Specified,Not Specified,MARGINAL,36.65,36.65
29/01/2023 18:00:00 - 29/01/2023 19:00:00,SCA|NO3,mFRR,Not Specified,Not Specified,MARGINAL,34.85,34.85
29/01/2023 19:00:00 - 29/01/2023 20:00:00,SCA|NO3,mFRR,Not Specified,Not Specified,MARGINAL,31.17,31.17
29/01/2023 20:00:00 - 29/01/2023 21:00:00,SCA|NO3,mFRR,Not Specified,Not Specified,MARGINAL,28.53,28.53
29/01/2023 21:00:00 - 29/01/2023 22:00:00,SCA|NO3,mFRR,Not Specified,Not Specified,MARGINAL,25.98,25.98
29/01/2023 22:00:00 - 29/01/2023 23:00:00,SCA|NO3,mFRR,Not Specified,Not Specified,MARGINAL,25.08,25.08
29/01/2023 23:00:00 - 30/01/2023 00:00:00,SCA|NO3,mFRR,Not Specified,Not Specified,MARGINAL,18.34,18.34
30/01/2023 00:00:00 - 30/01/2023 01:00:00,SCA|NO3,mFRR,Not Specified,Not Specified,MARGINAL,22.28,22.28
30/01/2023 01:00:00 - 30/01/2023 02:00:00,SCA|NO3,mFRR,Not Specified,Not Specified,MARGINAL,20.01,20.01
30/01/2023 02:00:00 - 30/01/2023 03:00:00,SCA|NO3,mFRR,Not Specified,Not Specified,MARGINAL,20.23,20.23
30/01/2023 03:00:00 - 30/01/2023 04:00:00,SCA|NO3,mFRR,Not Specified,Not Specified,MARGINAL,32.51,21.15
30/01/2023 04:00:00 - 30/01/2023 05:00:00,SCA|NO3,mFRR,Not Specified,Not Specified,MARGINAL,40.0,22.47
30/01/2023 05:00:00 - 30/01/2023 06:00:00,SCA|NO3,mFRR,Not Specified,Not Specified,MARGINAL,41.94,26.74
30/01/2023 06:00:00 - 30/01/2023 07:00:00,SCA|NO3,mFRR,Not Specified,Not Specified,MARGINAL,32.0,28.14
30/01/2023 07:00:00 - 30/01/2023 08:00:00,SCA|NO3,mFRR,Not Specified,Not Specified,MARGINAL,47.0,30.01
30/01/2023 08:00:00 - 30/01/2023 09:00:00,SCA|NO3,mFRR,Not Specified,Not Specified,MARGINAL,30.79,30.79
30/01/2023 09:00:00 - 30/01/2023 10:00:00,SCA|NO3,mFRR,Not Specified,Not Specified,MARGINAL,30.38,30.38
30/01/2023 10:00:00 - 30/01/2023 11:00:00,SCA|NO3,mFRR,Not Specified,Not Specified,MARGINAL,29.99,29.99
30/01/2023 11:00:00 - 30/01/2023 12:00:00,SCA|NO3,mFRR,Not Specified,Not Specified,MARGINAL,28.57,28.57
30/01/2023 12:00:00 - 30/01/2023 13:00:00,SCA|NO3,mFRR,Not Specified,Not Specified,MARGINAL,29.0,29.0
30/01/2023 13:00:00 - 30/01/2023 14:00:00,SCA|NO3,mFRR,Not Specified,Not Specified,MARGINAL,28.2,28.2
30/01/2023 14:00:00 - 30/01/2023 15:00:00,SCA|NO3,mFRR,Not Specified,Not Specified,MARGINAL,27.79,27.79
30/01/2023 15:00:00 - 30/01/2023 16:00:00,SCA|NO3,mFRR,Not Specified,Not Specified,MARGINAL,27.94,27.94
30/01/2023 16:00:00 - 30/01/2023 17:00:00,SCA|NO3,mFRR,Not Specified,Not Specified,MARGINAL,28.31,28.31
30/01/2023 17:00:00 - 30/01/2023 18:00:00,SCA|NO3,mFRR,Not Specified,Not Specified,MARGINAL,29.44,29.44
30/01/2023 18:00:00 - 30/01/2023 19:00:00,SCA|NO3,mFRR,Not Specified,Not Specified,MARGINAL,29.62,29.62
30/01/2023 19:00:00 - 30/01/2023 20:00:00,SCA|NO3,mFRR,Not Specified,Not Specified,MARGINAL,27.54,27.54
30/01/2023 20:00:00 - 30/01/2023 21:00:00,SCA|NO3,mFRR,Not Specified,Not Specified,MARGINAL,26.82,26.82
30/01/2023 21:00:00 - 30/01/2023 22:00:00,SCA|NO3,mFRR,Not Specified,Not Specified,MARGINAL,25.99,25.99
30/01/2023 22:00:00 - 30/01/2023 23:00:00,SCA|NO3,mFRR,Not Specified,Not Specified,MARGINAL,24.3,24.3
30/01/2023 23:00:00 - 31/01/2023 00:00:00,SCA|NO3,mFRR,Not Specified,Not Specified,MARGINAL,23.8,23.8
31/01/2023 00:00:00 - 31/01/2023 01:00:00,SCA|NO3,mFRR,Not Specified,Not Specified,MARGINAL,25.36,25.36
31/01/2023 01:00:00 - 31/01/2023 02:00:00,SCA|NO3,mFRR,Not Specified,Not Specified,MARGINAL,25.2,25.2
31/01/2023 02:00:00 - 31/01/2023 03:00:00,SCA|NO3,mFRR,Not Specified,Not Specified,MARGINAL,25.58,25.58
31/01/2023 03:00:00 - 31/01/2023 04:00:00,SCA|NO3,mFRR,Not Specified,Not Specified,MARGINAL,26.3,26.3
31/01/2023 04:00:00 - 31/01/2023 05:00:00,SCA|NO3,mFRR,Not Specified,Not Specified,MARGINAL,29.24,29.24
31/01/2023 05:00:00 - 31/01/2023 06:00:00,SCA|NO3,mFRR,Not Specified,Not Specified,MARGINAL,30.36,30.36
31/01/2023 06:00:00 - 31/01/2023 07:00:00,SCA|NO3,mFRR,Not Specified,Not Specified,MARGINAL,40.04,40.04
31/01/2023 07:00:00 - 31/01/2023 08:00:00,SCA|NO3,mFRR,Not Specified,Not Specified,MARGINAL,49.29,49.29
31/01/2023 08:00:00 - 31/01/2023 09:00:00,SCA|NO3,mFRR,Not Specified,Not Specified,MARGINAL,53.98,53.98
31/01/2023 09:00:00 - 31/01/2023 10:00:00,SCA|NO3,mFRR,Not Specified,Not Specified,MARGINAL,58.01,58.01
31/01/2023 10:00:00 - 31/01/2023 11:00:00,SCA|NO3,mFRR,Not Specified,Not Specified,MARGINAL,62.05,62.05
31/01/2023 11:00:00 - 31/01/2023 12:00:00,SCA|NO3,mFRR,Not Specified,Not Specified,MARGINAL,69.95,69.95
31/01/2023 12:00:00 - 31/01/2023 13:00:00,SCA|NO3,mFRR,Not Specified,Not Specified,MARGINAL,89.6,89.1
31/01/2023 13:00:00 - 31/01/2023 14:00:00,SCA|NO3,mFRR,Not Specified,Not Specified,MARGINAL,96.53,85.5
31/01/2023 14:00:00 - 31/01/2023 15:00:00,SCA|NO3,mFRR,Not Specified,Not Specified,MARGINAL,96.03,85.5
31/01/2023 15:00:00 - 31/01/2023 16:00:00,SCA|NO3,mFRR,Not Specified,Not Specified,MARGINAL,96.15,85.5
31/01/2023 16:00:00 - 31/01/2023 17:00:00,SCA|NO3,mFRR,Not Specified,Not Specified,MARGINAL,96.48,90.0
31/01/2023 17:00:00 - 31/01/2023 18:00:00,SCA|NO3,mFRR,Not Specified,Not Specified,MARGINAL,99.98,96.98
31/01/2023 18:00:00 - 31/01/2023 19:00:00,SCA|NO3,mFRR,Not Specified,Not Specified,MARGINAL,99.09,99.09
31/01/2023 19:00:00 - 31/01/2023 20:00:00,SCA|NO3,mFRR,Not Specified,Not Specified,MARGINAL,95.3,95.3
31/01/2023 20:00:00 - 31/01/2023 21:00:00,SCA|NO3,mFRR,Not Specified,Not Specified,MARGINAL,90.05,90.05
31/01/2023 21:00:00 - 31/01/2023 22:00:00,SCA|NO3,mFRR,Not Specified,Not Specified,MARGINAL,84.12,84.12
31/01/2023 22:00:00 - 31/01/2023 23:00:00,SCA|NO3,mFRR,Not Specified,Not Specified,MARGINAL,81.98,65.0
31/01/2023 23:00:00 - 01/02/2023 00:00:00,SCA|NO3,mFRR,Not Specified,Not Specified,MARGINAL,68.83,60.5
01/02/2023 00:00:00 - 01/02/2023 01:00:00,SCA|NO3,mFRR,Not Specified,Not Specified,MARGINAL,75.68,61.0
01/02/2023 01:00:00 - 01/02/2023 02:00:00,SCA|NO3,mFRR,Not Specified,Not Specified,MARGINAL,67.55,51.0
01/02/2023 02:00:00 - 01/02/2023 03:00:00,SCA|NO3,mFRR,Not Specified,Not Specified,MARGINAL,65.69,65.69
01/02/2023 03:00:00 - 01/02/2023 04:00:00,SCA|NO3,mFRR,Not Specified,Not Specified,MARGINAL,66.82,51.0
01/02/2023 04:00:00 - 01/02/2023 05:00:00,SCA|NO3,mFRR,Not Specified,Not Specified,MARGINAL,59.01,45.0
01/02/2023 05:00:00 - 01/02/2023 06:00:00,SCA|NO3,mFRR,Not Specified,Not Specified,MARGINAL,73.16,50.0
01/02/2023 06:00:00 - 01/02/2023 07:00:00,SCA|NO3,mFRR,Not Specified,Not Specified,MARGINAL,93.97,75.68
01/02/2023 07:00:00 - 01/02/2023 08:00:00,SCA|NO3,mFRR,Not Specified,Not Specified,MARGINAL,110.04,90.0
01/02/2023 08:00:00 - 01/02/2023 09:00:00,SCA|NO3,mFRR,Not Specified,Not Specified,MARGINAL,117.0,117.0
01/02/2023 09:00:00 - 01/02/2023 10:00:00,SCA|NO3,mFRR,Not Specified,Not Specified,MARGINAL,110.46,110.46
01/02/2023 10:00:00 - 01/02/2023 11:00:00,SCA|NO3,mFRR,Not Specified,Not Specified,MARGINAL,105.03,105.03
01/02/2023 11:00:00 - 01/02/2023 12:00:00,SCA|NO3,mFRR,Not Specified,Not Specified,MARGINAL,101.45,95.0
01/02/2023 12:00:00 - 01/02/2023 13:00:00,SCA|NO3,mFRR,Not Specified,Not Specified,MARGINAL,99.34,95.0
01/02/2023 13:00:00 - 01/02/2023 14:00:00,SCA|NO3,mFRR,Not Specified,Not Specified,MARGINAL,98.53,95.0
01/02/2023 14:00:00 - 01/02/2023 15:00:00,SCA|NO3,mFRR,Not Specified,Not Specified,MARGINAL,98.32,95.0
01/02/2023 15:00:00 - 01/02/2023 16:00:00,SCA|NO3,mFRR,Not Specified,Not Specified,MARGINAL,98.56,90.5
01/02/2023 16:00:00 - 01/02/2023 17:00:00,SCA|NO3,mFRR,Not Specified,Not Specified,MARGINAL,102.69,90.0
01/02/2023 17:00:00 - 01/02/2023 18:00:00,SCA|NO3,mFRR,Not Specified,Not Specified,MARGINAL,109.12,90.0
01/02/2023 18:00:00 - 01/02/2023 19:00:00,SCA|NO3,mFRR,Not Specified,Not Specified,MARGINAL,104.9,65.09
01/02/2023 19:00:00 - 01/02/2023 20:00:00,SCA|NO3,mFRR,Not Specified,Not Specified,MARGINAL,99.14,60.75
01/02/2023 20:00:00 - 01/02/2023 21:00:00,SCA|NO3,mFRR,Not Specified,Not Specified,MARGINAL,93.25,61.02
01/02/2023 21:00:00 - 01/02/2023 22:00:00,SCA|NO3,mFRR,Not Specified,Not Specified,MARGINAL,94.75,61.42
01/02/2023 22:00:00 - 01/02/2023 23:00:00,SCA|NO3,mFRR,Not Specified,Not Specified,MARGINAL,89.54,86.42
01/02/2023 23:00:00 - 02/02/2023 00:00:00,SCA|NO3,mFRR,Not Specified,Not Specified,MARGINAL,85.9,78.59
02/02/2023 00:00:00 - 02/02/2023 01:00:00,SCA|NO3,mFRR,Not Specified,Not Specified,MARGINAL,80.33,74.3
02/02/2023 01:00:00 - 02/02/2023 02:00:00,SCA|NO3,mFRR,Not Specified,Not Specified,MARGINAL,67.77,67.77
02/02/2023 02:00:00 - 02/02/2023 03:00:00,SCA|NO3,mFRR,Not Specified,Not Specified,MARGINAL,71.35,66.0
02/02/2023 03:00:00 - 02/02/2023 04:00:00,SCA|NO3,mFRR,Not Specified,Not Specified,MARGINAL,74.91,62.84
02/02/2023 04:00:00 - 02/02/2023 05:00:00,SCA|NO3,mFRR,Not Specified,Not Specified,MARGINAL,82.23,75.0
02/02/2023 05:00:00 - 02/02/2023 06:00:00,SCA|NO3,mFRR,Not Specified,Not Specified,MARGINAL,84.84,78.0
02/02/2023 06:00:00 - 02/02/2023 07:00:00,SCA|NO3,mFRR,Not Specified,Not Specified,MARGINAL,93.66,93.66
02/02/2023 07:00:00 - 02/02/2023 08:00:00,SCA|NO3,mFRR,Not Specified,Not Specified,MARGINAL,92.7,60.77
02/02/2023 08:00:00 - 02/02/2023 09:00:00,SCA|NO3,mFRR,Not Specified,Not Specified,MARGINAL,92.91,55.45
02/02/2023 09:00:00 - 02/02/2023 10:00:00,SCA|NO3,mFRR,Not Specified,Not Specified,MARGINAL,88.93,54.16
02/02/2023 10:00:00 - 02/02/2023 11:00:00,SCA|NO3,mFRR,Not Specified,Not Specified,MARGINAL,86.1,53.97
02/02/2023 11:00:00 - 02/02/2023 12:00:00,SCA|NO3,mFRR,Not Specified,Not Specified,MARGINAL,89.27,53.86
02/02/2023 12:00:00 - 02/02/2023 13:00:00,SCA|NO3,mFRR,Not Specified,Not Specified,MARGINAL,93.76,44.69
02/02/2023 13:00:00 - 02/02/2023 14:00:00,SCA|NO3,mFRR,Not Specified,Not Specified,MARGINAL,94.26,39.86
02/02/2023 14:00:00 - 02/02/2023 15:00:00,SCA|NO3,mFRR,Not Specified,Not Specified,MARGINAL,95.39,50.38
02/02/2023 15:00:00 - 02/02/2023 16:00:00,SCA|NO3,mFRR,Not Specified,Not Specified,MARGINAL,99.43,53.0
02/02/2023 16:00:00 - 02/02/2023 17:00:00,SCA|NO3,mFRR,Not Specified,Not Specified,MARGINAL,111.96,53.0
02/02/2023 17:00:00 - 02/02/2023 18:00:00,SCA|NO3,mFRR,Not Specified,Not Specified,MARGINAL,118.52,118.52
02/02/2023 18:00:00 - 02/02/2023 19:00:00,SCA|NO3,mFRR,Not Specified,Not Specified,MARGINAL,124.72,124.72
02/02/2023 19:00:00 - 02/02/2023 20:00:00,SCA|NO3,mFRR,Not Specified,Not Specified,MARGINAL,122.31,122.31
02/02/2023 20:00:00 - 02/02/2023 21:00:00,SCA|NO3,mFRR,Not Specified,Not Specified,MARGINAL,147.5,122.33
02/02/2023 21:00:00 - 02/02/2023 22:00:00,SCA|NO3,mFRR,Not Specified,Not Specified,MARGINAL,128.0,122.33
02/02/2023 22:00:00 - 02/02/2023 23:00:00,SCA|NO3,mFRR,Not Specified,Not Specified,MARGINAL,86.54,86.54
02/02/2023 23:00:00 - 03/02/2023 00:00:00,SCA|NO3,mFRR,Not Specified,Not Specified,,,
03/02/2023 00:00:00 - 03/02/2023 01:00:00,SCA|NO3,mFRR,Not Specified,Not Specified,MARGINAL,56.9,56.9
03/02/2023 01:00:00 - 03/02/2023 02:00:00,SCA|NO3,mFRR,Not Specified,Not Specified,MARGINAL,52.46,52.46
03/02/2023 02:00:00 - 03/02/2023 03:00:00,SCA|NO3,mFRR,Not Specified,Not Specified,MARGINAL,48.43,48.43
03/02/2023 03:00:00 - 03/02/2023 04:00:00,SCA|NO3,mFRR,Not Specified,Not Specified,MARGINAL,47.51,47.51
03/02/2023 04:00:00 - 03/02/2023 05:00:00,SCA|NO3,mFRR,Not Specified,Not Specified,MARGINAL,47.75,47.75
03/02/2023 05:00:00 - 03/02/2023 06:00:00,SCA|NO3,mFRR,Not Specified,Not Specified,MARGINAL,49.94,49.94
03/02/2023 06:00:00 - 03/02/2023 07:00:00,SCA|NO3,mFRR,Not Specified,Not Specified,MARGINAL,54.09,54.09
03/02/2023 07:00:00 - 03/02/2023 08:00:00,SCA|NO3,mFRR,Not Specified,Not Specified,MARGINAL,91.3,60.0
03/02/2023 08:00:00 - 03/02/2023 09:00:00,SCA|NO3,mFRR,Not Specified,Not Specified,MARGINAL,68.18,68.18
03/02/2023 09:00:00 - 03/02/2023 10:00:00,SCA|NO3,mFRR,Not Specified,Not Specified,MARGINAL,72.78,72.78
03/02/2023 10:00:00 - 03/02/2023 11:00:00,SCA|NO3,mFRR,Not Specified,Not Specified,MARGINAL,103.74,76.35
03/02/2023 11:00:00 - 03/02/2023 12:00:00,SCA|NO3,mFRR,Not Specified,Not Specified,MARGINAL,106.92,81.1
03/02/2023 12:00:00 - 03/02/2023 13:00:00,SCA|NO3,mFRR,Not Specified,Not Specified,MARGINAL,97.12,87.0
03/02/2023 13:00:00 - 03/02/2023 14:00:00,SCA|NO3,mFRR,Not Specified,Not Specified,MARGINAL,100.08,84.0
03/02/2023 14:00:00 - 03/02/2023 15:00:00,SCA|NO3,mFRR,Not Specified,Not Specified,MARGINAL,100.32,84.0
03/02/2023 15:00:00 - 03/02/2023 16:00:00,SCA|NO3,mFRR,Not Specified,Not Specified,MARGINAL,102.0,86.5
03/02/2023 16:00:00 - 03/02/2023 17:00:00,SCA|NO3,mFRR,Not Specified,Not Specified,MARGINAL,107.72,88.5
03/02/2023 17:00:00 - 03/02/2023 18:00:00,SCA|NO3,mFRR,Not Specified,Not Specified,MARGINAL,112.4,88.5
03/02/2023 18:00:00 - 03/02/2023 19:00:00,SCA|NO3,mFRR,Not Specified,Not Specified,MARGINAL,100.45,93.0
03/02/2023 19:00:00 - 03/02/2023 20:00:00,SCA|NO3,mFRR,Not Specified,Not Specified,MARGINAL,98.74,90.5
03/02/2023 20:00:00 - 03/02/2023 21:00:00,SCA|NO3,mFRR,Not Specified,Not Specified,MARGINAL,96.75,84.0
03/02/2023 21:00:00 - 03/02/2023 22:00:00,SCA|NO3,mFRR,Not Specified,Not Specified,MARGINAL,97.53,84.0
03/02/2023 22:00:00 - 03/02/2023 23:00:00,SCA|NO3,mFRR,Not Specified,Not Specified,MARGINAL,98.13,85.0
03/02/2023 23:00:00 - 04/02/2023 00:00:00,SCA|NO3,mFRR,Not Specified,Not Specified,MARGINAL,82.69,82.69
04/02/2023 00:00:00 - 04/02/2023 01:00:00,SCA|NO3,mFRR,Not Specified,Not Specified,MARGINAL,70.36,70.36
04/02/2023 01:00:00 - 04/02/2023 02:00:00,SCA|NO3,mFRR,Not Specified,Not Specified,MARGINAL,72.39,72.39
04/02/2023 02:00:00 - 04/02/2023 03:00:00,SCA|NO3,mFRR,Not Specified,Not Specified,MARGINAL,73.04,73.04
04/02/2023 03:00:00 - 04/02/2023 04:00:00,SCA|NO3,mFRR,Not Specified,Not Specified,MARGINAL,74.14,74.14
04/02/2023 04:00:00 - 04/02/2023 05:00:00,SCA|NO3,mFRR,Not Specified,Not Specified,MARGINAL,60.08,60.08
04/02/2023 05:00:00 - 04/02/2023 06:00:00,SCA|NO3,mFRR,Not Specified,Not Specified,MARGINAL,56.69,56.69
04/02/2023 06:00:00 - 04/02/2023 07:00:00,SCA|NO3,mFRR,Not Specified,Not Specified,MARGINAL,56.13,56.13
04/02/2023 07:00:00 - 04/02/2023 08:00:00,SCA|NO3,mFRR,Not Specified,Not Specified,MARGINAL,56.39,56.39
04/02/2023 08:00:00 - 04/02/2023 09:00:00,SCA|NO3,mFRR,Not Specified,Not Specified,MARGINAL,120.0,59.07
04/02/2023 09:00:00 - 04/02/2023 10:00:00,SCA|NO3,mFRR,Not Specified,Not Specified,MARGINAL,135.0,72.14
04/02/2023 10:00:00 - 04/02/2023 11:00:00,SCA|NO3,mFRR,Not Specified,Not Specified,MARGINAL,109.48,67.53
04/02/2023 11:00:00 - 04/02/2023 12:00:00,SCA|NO3,mFRR,Not Specified,Not Specified,MARGINAL,61.72,45.91
04/02/2023 12:00:00 - 04/02/2023 13:00:00,SCA|NO3,mFRR,Not Specified,Not Specified,MARGINAL,57.92,41.91
04/02/2023 13:00:00 - 04/02/2023 14:00:00,SCA|NO3,mFRR,Not Specified,Not Specified,MARGINAL,55.41,30.0
04/02/2023 14:00:00 - 04/02/2023 15:00:00,SCA|NO3,mFRR,Not Specified,Not Specified,MARGINAL,51.97,30.0
04/02/2023 15:00:00 - 04/02/2023 16:00:00,SCA|NO3,mFRR,Not Specified,Not Specified,MARGINAL,50.29,21.33
04/02/2023 16:00:00 - 04/02/2023 17:00:00,SCA|NO3,mFRR,Not Specified,Not Specified,MARGINAL,49.2,17.0
04/02/2023 17:00:00 - 04/02/2023 18:00:00,SCA|NO3,mFRR,Not Specified,Not Specified,MARGINAL,47.76,17.0
04/02/2023 18:00:00 - 04/02/2023 19:00:00,SCA|NO3,mFRR,Not Specified,Not Specified,MARGINAL,47.24,17.0
04/02/2023 19:00:00 - 04/02/2023 20:00:00,SCA|NO3,mFRR,Not Specified,Not Specified,MARGINAL,45.47,17.0
04/02/2023 20:00:00 - 04/02/2023 21:00:00,SCA|NO3,mFRR,Not Specified,Not Specified,MARGINAL,44.29,17.0
04/02/2023 21:00:00 - 04/02/2023 22:00:00,SCA|NO3,mFRR,Not Specified,Not Specified,MARGINAL,43.05,20.0
04/02/2023 22:00:00 - 04/02/2023 23:00:00,SCA|NO3,mFRR,Not Specified,Not Specified,MARGINAL,50.0,43.65
04/02/2023 23:00:00 - 05/02/2023 00:00:00,SCA|NO3,mFRR,Not Specified,Not Specified,MARGINAL,65.0,44.46
05/02/2023 00:00:00 - 05/02/2023 01:00:00,SCA|NO3,mFRR,Not Specified,Not Specified,MARGINAL,55.0,38.1
05/02/2023 01:00:00 - 05/02/2023 02:00:00,SCA|NO3,mFRR,Not Specified,Not Specified,MARGINAL,50.0,36.48
05/02/2023 02:00:00 - 05/02/2023 03:00:00,SCA|NO3,mFRR,Not Specified,Not Specified,MARGINAL,34.75,34.75
05/02/2023 03:00:00 - 05/02/2023 04:00:00,SCA|NO3,mFRR,Not Specified,Not Specified,MARGINAL,33.29,33.29
05/02/2023 04:00:00 - 05/02/2023 05:00:00,SCA|NO3,mFRR,Not Specified,Not Specified,MARGINAL,32.18,32.18
05/02/2023 05:00:00 - 05/02/2023 06:00:00,SCA|NO3,mFRR,Not Specified,Not Specified,MARGINAL,31.84,31.84
05/02/2023 06:00:00 - 05/02/2023 07:00:00,SCA|NO3,mFRR,Not Specified,Not Specified,MARGINAL,32.16,25.0
05/02/2023 07:00:00 - 05/02/2023 08:00:00,SCA|NO3,mFRR,Not Specified,Not Specified,MARGINAL,34.03,17.5
05/02/2023 08:00:00 - 05/02/2023 09:00:00,SCA|NO3,mFRR,Not Specified,Not Specified,MARGINAL,34.12,17.5
05/02/2023 09:00:00 - 05/02/2023 10:00:00,SCA|NO3,mFRR,Not Specified,Not Specified,MARGINAL,33.89,17.5
05/02/2023 10:00:00 - 05/02/2023 11:00:00,SCA|NO3,mFRR,Not Specified,Not Specified,MARGINAL,34.04,16.0
05/02/2023 11:00:00 - 05/02/2023 12:00:00,SCA|NO3,mFRR,Not Specified,Not Specified,MARGINAL,34.14,16.0
05/02/2023 12:00:00 - 05/02/2023 13:00:00,SCA|NO3,mFRR,Not Specified,Not Specified,MARGINAL,34.18,16.0
05/02/2023 13:00:00 - 05/02/2023 14:00:00,SCA|NO3,mFRR,Not Specified,Not Specified,MARGINAL,33.8,17.5
05/02/2023 14:00:00 - 05/02/2023 15:00:00,SCA|NO3,mFRR,Not Specified,Not Specified,MARGINAL,33.68,17.5
05/02/2023 15:00:00 - 05/02/2023 16:00:00,SCA|NO3,mFRR,Not Specified,Not Specified,MARGINAL,33.32,17.5
05/02/2023 16:00:00 - 05/02/2023 17:00:00,SCA|NO3,mFRR,Not Specified,Not Specified,MARGINAL,33.41,18.22
05/02/2023 17:00:00 - 05/02/2023 18:00:00,SCA|NO3,mFRR,Not Specified,Not Specified,MARGINAL,33.5,16.4
05/02/2023 18:00:00 - 05/02/2023 19:00:00,SCA|NO3,mFRR,Not Specified,Not Specified,MARGINAL,33.76,16.4
05/02/2023 19:00:00 - 05/02/2023 20:00:00,SCA|NO3,mFRR,Not Specified,Not Specified,MARGINAL,33.81,16.4
05/02/2023 20:00:00 - 05/02/2023 21:00:00,SCA|NO3,mFRR,Not Specified,Not Specified,MARGINAL,34.13,18.22
05/02/2023 21:00:00 - 05/02/2023 22:00:00,SCA|NO3,mFRR,Not Specified,Not Specified,MARGINAL,34.06,18.22
05/02/2023 22:00:00 - 05/02/2023 23:00:00,SCA|NO3,mFRR,Not Specified,Not Specified,MARGINAL,34.22,19.13
05/02/2023 23:00:00 - 06/02/2023 00:00:00,SCA|NO3,mFRR,Not Specified,Not Specified,MARGINAL,34.23,23.5
06/02/2023 00:00:00 - 06/02/2023 01:00:00,SCA|NO3,mFRR,Not Specified,Not Specified,MARGINAL,32.24,20.5
06/02/2023 01:00:00 - 06/02/2023 02:00:00,SCA|NO3,mFRR,Not Specified,Not Specified,MARGINAL,33.45,33.45
06/02/2023 02:00:00 - 06/02/2023 03:00:00,SCA|NO3,mFRR,Not Specified,Not Specified,MARGINAL,34.66,34.66
06/02/2023 03:00:00 - 06/02/2023 04:00:00,SCA|NO3,mFRR,Not Specified,Not Specified,MARGINAL,36.44,36.44
06/02/2023 04:00:00 - 06/02/2023 05:00:00,SCA|NO3,mFRR,Not Specified,Not Specified,MARGINAL,36.34,17.0
06/02/2023 05:00:00 - 06/02/2023 06:00:00,SCA|NO3,mFRR,Not Specified,Not Specified,MARGINAL,39.11,17.0
06/02/2023 06:00:00 - 06/02/2023 07:00:00,SCA|NO3,mFRR,Not Specified,Not Specified,MARGINAL,39.56,20.0
06/02/2023 07:00:00 - 06/02/2023 08:00:00,SCA|NO3,mFRR,Not Specified,Not Specified,MARGINAL,41.53,41.53
06/02/2023 08:00:00 - 06/02/2023 09:00:00,SCA|NO3,mFRR,Not Specified,Not Specified,MARGINAL,43.33,43.33
06/02/2023 09:00:00 - 06/02/2023 10:00:00,SCA|NO3,mFRR,Not Specified,Not Specified,MARGINAL,69.68,43.18
06/02/2023 10:00:00 - 06/02/2023 11:00:00,SCA|NO3,mFRR,Not Specified,Not Specified,MARGINAL,68.0,42.07
06/02/2023 11:00:00 - 06/02/2023 12:00:00,SCA|NO3,mFRR,Not Specified,Not Specified,MARGINAL,40.7,27.5
06/02/2023 12:00:00 - 06/02/2023 13:00:00,SCA|NO3,mFRR,Not Specified,Not Specified,MARGINAL,39.56,19.5
06/02/2023 13:00:00 - 06/02/2023 14:00:00,SCA|NO3,mFRR,Not Specified,Not Specified,MARGINAL,37.16,17.76
06/02/2023 14:00:00 - 06/02/2023 15:00:00,SCA|NO3,mFRR,Not Specified,Not Specified,MARGINAL,36.5,15.0
06/02/2023 15:00:00 - 06/02/2023 16:00:00,SCA|NO3,mFRR,Not Specified,Not Specified,MARGINAL,35.03,15.0
06/02/2023 16:00:00 - 06/02/2023 17:00:00,SCA|NO3,mFRR,Not Specified,Not Specified,MARGINAL,34.61,10.0
06/02/2023 17:00:00 - 06/02/2023 18:00:00,SCA|NO3,mFRR,Not Specified,Not Specified,MARGINAL,34.84,15.0
06/02/2023 18:00:00 - 06/02/2023 19:00:00,SCA|NO3,mFRR,Not Specified,Not Specified,MARGINAL,33.93,15.36
06/02/2023 19:00:00 - 06/02/2023 20:00:00,SCA|NO3,mFRR,Not Specified,Not Specified,MARGINAL,34.19,15.15
06/02/2023 20:00:00 - 06/02/2023 21:00:00,SCA|NO3,mFRR,Not Specified,Not Specified,MARGINAL,34.6,10.0
06/02/2023 21:00:00 - 06/02/2023 22:00:00,SCA|NO3,mFRR,Not Specified,Not Specified,MARGINAL,34.71,10.0
06/02/2023 22:00:00 - 06/02/2023 23:00:00,SCA|NO3,mFRR,Not Specified,Not Specified,MARGINAL,35.94,10.0
06/02/2023 23:00:00 - 07/02/2023 00:00:00,SCA|NO3,mFRR,Not Specified,Not Specified,MARGINAL,35.22,10.0
07/02/2023 00:00:00 - 07/02/2023 01:00:00,SCA|NO3,mFRR,Not Specified,Not Specified,MARGINAL,35.21,5.0
07/02/2023 01:00:00 - 07/02/2023 02:00:00,SCA|NO3,mFRR,Not Specified,Not Specified,MARGINAL,34.66,-1.0
07/02/2023 02:00:00 - 07/02/2023 03:00:00,SCA|NO3,mFRR,Not Specified,Not Specified,MARGINAL,33.34,-2.5
07/02/2023 03:00:00 - 07/02/2023 04:00:00,SCA|NO3,mFRR,Not Specified,Not Specified,MARGINAL,32.47,-2.5
07/02/2023 04:00:00 - 07/02/2023 05:00:00,SCA|NO3,mFRR,Not Specified,Not Specified,MARGINAL,33.17,-2.5
07/02/2023 05:00:00 - 07/02/2023 06:00:00,SCA|NO3,mFRR,Not Specified,Not Specified,MARGINAL,35.19,-2.5
07/02/2023 06:00:00 - 07/02/2023 07:00:00,SCA|NO3,mFRR,Not Specified,Not Specified,MARGINAL,35.36,1.0
07/02/2023 07:00:00 - 07/02/2023 08:00:00,SCA|NO3,mFRR,Not Specified,Not Specified,MARGINAL,34.97,15.0
07/02/2023 08:00:00 - 07/02/2023 09:00:00,SCA|NO3,mFRR,Not Specified,Not Specified,MARGINAL,36.15,15.0
07/02/2023 09:00:00 - 07/02/2023 10:00:00,SCA|NO3,mFRR,Not Specified,Not Specified,MARGINAL,36.15,15.17
07/02/2023 10:00:00 - 07/02/2023 11:00:00,SCA|NO3,mFRR,Not Specified,Not Specified,MARGINAL,37.25,16.3
07/02/2023 11:00:00 - 07/02/2023 12:00:00,SCA|NO3,mFRR,Not Specified,Not Specified,MARGINAL,39.24,15.53
07/02/2023 12:00:00 - 07/02/2023 13:00:00,SCA|NO3,mFRR,Not Specified,Not Specified,MARGINAL,39.98,15.0
07/02/2023 13:00:00 - 07/02/2023 14:00:00,SCA|NO3,mFRR,Not Specified,Not Specified,MARGINAL,40.99,14.79
07/02/2023 14:00:00 - 07/02/2023 15:00:00,SCA|NO3,mFRR,Not Specified,Not Specified,MARGINAL,39.72,14.55
07/02/2023 15:00:00 - 07/02/2023 16:00:00,SCA|NO3,mFRR,Not Specified,Not Specified,MARGINAL,38.61,19.0
07/02/2023 16:00:00 - 07/02/2023 17:00:00,SCA|NO3,mFRR,Not Specified,Not Specified,MARGINAL,36.27,20.0
07/02/2023 17:00:00 - 07/02/2023 18:00:00,SCA|NO3,mFRR,Not Specified,Not Specified,MARGINAL,37.05,37.05
07/02/2023 18:00:00 - 07/02/2023 19:00:00,SCA|NO3,mFRR,Not Specified,Not Specified,MARGINAL,50.0,37.22
07/02/2023 19:00:00 - 07/02/2023 20:00:00,SCA|NO3,mFRR,Not Specified,Not Specified,MARGINAL,50.0,38.8
07/02/2023 20:00:00 - 07/02/2023 21:00:00,SCA|NO3,mFRR,Not Specified,Not Specified,MARGINAL,50.0,39.96
07/02/2023 21:00:00 - 07/02/2023 22:00:00,SCA|NO3,mFRR,Not Specified,Not Specified,MARGINAL,40.66,40.66
07/02/2023 22:00:00 - 07/02/2023 23:00:00,SCA|NO3,mFRR,Not Specified,Not Specified,MARGINAL,42.35,30.0
07/02/2023 23:00:00 - 08/02/2023 00:00:00,SCA|NO3,mFRR,Not Specified,Not Specified,MARGINAL,39.7,30.0
08/02/2023 00:00:00 - 08/02/2023 01:00:00,SCA|NO3,mFRR,Not Specified,Not Specified,MARGINAL,33.86,28.0
08/02/2023 01:00:00 - 08/02/2023 02:00:00,SCA|NO3,mFRR,Not Specified,Not Specified,MARGINAL,32.51,32.51
08/02/2023 02:00:00 - 08/02/2023 03:00:00,SCA|NO3,mFRR,Not Specified,Not Specified,MARGINAL,31.27,31.27
08/02/2023 03:00:00 - 08/02/2023 04:00:00,SCA|NO3,mFRR,Not Specified,Not Specified,MARGINAL,29.96,29.96
08/02/2023 04:00:00 - 08/02/2023 05:00:00,SCA|NO3,mFRR,Not Specified,Not Specified,MARGINAL,29.27,29.27
08/02/2023 05:00:00 - 08/02/2023 06:00:00,SCA|NO3,mFRR,Not Specified,Not Specified,MARGINAL,29.14,20.0
08/02/2023 06:00:00 - 08/02/2023 07:00:00,SCA|NO3,mFRR,Not Specified,Not Specified,MARGINAL,29.93,13.5
08/02/2023 07:00:00 - 08/02/2023 08:00:00,SCA|NO3,mFRR,Not Specified,Not Specified,MARGINAL,30.07,11.31
08/02/2023 08:00:00 - 08/02/2023 09:00:00,SCA|NO3,mFRR,Not Specified,Not Specified,MARGINAL,29.97,13.48
08/02/2023 09:00:00 - 08/02/2023 10:00:00,SCA|NO3,mFRR,Not Specified,Not Specified,MARGINAL,30.01,13.48
08/02/2023 10:00:00 - 08/02/2023 11:00:00,SCA|NO3,mFRR,Not Specified,Not Specified,MARGINAL,29.71,15.5
08/02/2023 11:00:00 - 08/02/2023 12:00:00,SCA|NO3,mFRR,Not Specified,Not Specified,MARGINAL,29.83,15.5
08/02/2023 12:00:00 - 08/02/2023 13:00:00,SCA|NO3,mFRR,Not Specified,Not Specified,MARGINAL,29.65,18.0
08/02/2023 13:00:00 - 08/02/2023 14:00:00,SCA|NO3,mFRR,Not Specified,Not Specified,MARGINAL,29.7,18.0
08/02/2023 14:00:00 - 08/02/2023 15:00:00,SCA|NO3,mFRR,Not Specified,Not Specified,MARGINAL,29.25,15.38
08/02/2023 15:00:00 - 08/02/2023 16:00:00,SCA|NO3,mFRR,Not Specified,Not Specified,MARGINAL,28.94,15.5
08/02/2023 16:00:00 - 08/02/2023 17:00:00,SCA|NO3,mFRR,Not Specified,Not Specified,MARGINAL,28.91,16.5
08/02/2023 17:00:00 - 08/02/2023 18:00:00,SCA|NO3,mFRR,Not Specified,Not Specified,MARGINAL,28.8,16.5
08/02/2023 18:00:00 - 08/02/2023 19:00:00,SCA|NO3,mFRR,Not Specified,Not Specified,MARGINAL,28.37,16.5
08/02/2023 19:00:00 - 08/02/2023 20:00:00,SCA|NO3,mFRR,Not Specified,Not Specified,MARGINAL,28.74,16.19
08/02/2023 20:00:00 - 08/02/2023 21:00:00,SCA|NO3,mFRR,Not Specified,Not Specified,MARGINAL,25.43,25.43
08/02/2023 21:00:00 - 08/02/2023 22:00:00,SCA|NO3,mFRR,Not Specified,Not Specified,MARGINAL,21.52,19.41
08/02/2023 22:00:00 - 08/02/2023 23:00:00,SCA|NO3,mFRR,Not Specified,Not Specified,MARGINAL,19.81,17.7
08/02/2023 23:00:00 - 09/02/2023 00:00:00,SCA|NO3,mFRR,Not Specified,Not Specified,MARGINAL,13.93,12.4
09/02/2023 00:00:00 - 09/02/2023 01:00:00,SCA|NO3,mFRR,Not Specified,Not Specified,,,
09/02/2023 01:00:00 - 09/02/2023 02:00:00,SCA|NO3,mFRR,Not Specified,Not Specified,MARGINAL,10.01,0.0
09/02/2023 02:00:00 - 09/02/2023 03:00:00,SCA|NO3,mFRR,Not Specified,Not Specified,MARGINAL,7.66,0.0
09/02/2023 03:00:00 - 09/02/2023 04:00:00,SCA|NO3,mFRR,Not Specified,Not Specified,MARGINAL,7.33,7.33
09/02/2023 04:00:00 - 09/02/2023 05:00:00,SCA|NO3,mFRR,Not Specified,Not Specified,MARGINAL,11.85,11.45
09/02/2023 05:00:00 - 09/02/2023 06:00:00,SCA|NO3,mFRR,Not Specified,Not Specified,MARGINAL,16.5,14.11
09/02/2023 06:00:00 - 09/02/2023 07:00:00,SCA|NO3,mFRR,Not Specified,Not Specified,MARGINAL,20.51,20.11
09/02/2023 07:00:00 - 09/02/2023 08:00:00,SCA|NO3,mFRR,Not Specified,Not Specified,MARGINAL,46.73,25.09
09/02/2023 08:00:00 - 09/02/2023 09:00:00,SCA|NO3,mFRR,Not Specified,Not Specified,MARGINAL,28.42,28.42
09/02/2023 09:00:00 - 09/02/2023 10:00:00,SCA|NO3,mFRR,Not Specified,Not Specified,MARGINAL,29.11,29.11
09/02/2023 10:00:00 - 09/02/2023 11:00:00,SCA|NO3,mFRR,Not Specified,Not Specified,MARGINAL,29.45,29.45
09/02/2023 11:00:00 - 09/02/2023 12:00:00,SCA|NO3,mFRR,Not Specified,Not Specified,MARGINAL,28.78,28.78
09/02/2023 12:00:00 - 09/02/2023 13:00:00,SCA|NO3,mFRR,Not Specified,Not Specified,MARGINAL,27.9,27.9
09/02/2023 13:00:00 - 09/02/2023 14:00:00,SCA|NO3,mFRR,Not Specified,Not Specified,MARGINAL,25.85,25.85
09/02/2023 14:00:00 - 09/02/2023 15:00:00,SCA|NO3,mFRR,Not Specified,Not Specified,MARGINAL,25.24,25.24
09/02/2023 15:00:00 - 09/02/2023 16:00:00,SCA|NO3,mFRR,Not Specified,Not Specified,MARGINAL,25.59,25.59
09/02/2023 16:00:00 - 09/02/2023 17:00:00,SCA|NO3,mFRR,Not Specified,Not Specified,MARGINAL,25.51,25.51
09/02/2023 17:00:00 - 09/02/2023 18:00:00,SCA|NO3,mFRR,Not Specified,Not Specified,MARGINAL,30.84,27.0
09/02/2023 18:00:00 - 09/02/2023 19:00:00,SCA|NO3,mFRR,Not Specified,Not Specified,MARGINAL,36.0,26.17
09/02/2023 19:00:00 - 09/02/2023 20:00:00,SCA|NO3,mFRR,Not Specified,Not Specified,MARGINAL,24.17,24.17
09/02/2023 20:00:00 - 09/02/2023 21:00:00,SCA|NO3,mFRR,Not Specified,Not Specified,MARGINAL,23.43,23.43
09/02/2023 21:00:00 - 09/02/2023 22:00:00,SCA|NO3,mFRR,Not Specified,Not Specified,MARGINAL,22.38,22.38
09/02/2023 22:00:00 - 09/02/2023 23:00:00,SCA|NO3,mFRR,Not Specified,Not Specified,MARGINAL,21.41,21.41
09/02/2023 23:00:00 - 10/02/2023 00:00:00,SCA|NO3,mFRR,Not Specified,Not Specified,MARGINAL,20.07,20.07
10/02/2023 00:00:00 - 10/02/2023 01:00:00,SCA|NO3,mFRR,Not Specified,Not Specified,MARGINAL,24.5,18.32
10/02/2023 01:00:00 - 10/02/2023 02:00:00,SCA|NO3,mFRR,Not Specified,Not Specified,MARGINAL,24.5,17.87
10/02/2023 02:00:00 - 10/02/2023 03:00:00,SCA|NO3,mFRR,Not Specified,Not Specified,MARGINAL,27.93,17.84
10/02/2023 03:00:00 - 10/02/2023 04:00:00,SCA|NO3,mFRR,Not Specified,Not Specified,MARGINAL,27.92,18.88
10/02/2023 04:00:00 - 10/02/2023 05:00:00,SCA|NO3,mFRR,Not Specified,Not Specified,MARGINAL,19.32,19.32
10/02/2023 05:00:00 - 10/02/2023 06:00:00,SCA|NO3,mFRR,Not Specified,Not Specified,MARGINAL,19.66,19.66
10/02/2023 06:00:00 - 10/02/2023 07:00:00,SCA|NO3,mFRR,Not Specified,Not Specified,MARGINAL,25.51,25.51
10/02/2023 07:00:00 - 10/02/2023 08:00:00,SCA|NO3,mFRR,Not Specified,Not Specified,MARGINAL,26.21,26.21
10/02/2023 08:00:00 - 10/02/2023 09:00:00,SCA|NO3,mFRR,Not Specified,Not Specified,MARGINAL,26.96,26.96
10/02/2023 09:00:00 - 10/02/2023 10:00:00,SCA|NO3,mFRR,Not Specified,Not Specified,MARGINAL,27.46,27.46
10/02/2023 10:00:00 - 10/02/2023 11:00:00,SCA|NO3,mFRR,Not Specified,Not Specified,MARGINAL,28.33,25.0
10/02/2023 11:00:00 - 10/02/2023 12:00:00,SCA|NO3,mFRR,Not Specified,Not Specified,MARGINAL,29.09,15.0
10/02/2023 12:00:00 - 10/02/2023 13:00:00,SCA|NO3,mFRR,Not Specified,Not Specified,MARGINAL,28.99,14.0
10/02/2023 13:00:00 - 10/02/2023 14:00:00,SCA|NO3,mFRR,Not Specified,Not Specified,MARGINAL,29.81,12.0
10/02/2023 14:00:00 - 10/02/2023 15:00:00,SCA|NO3,mFRR,Not Specified,Not Specified,MARGINAL,30.36,30.36
10/02/2023 15:00:00 - 10/02/2023 16:00:00,SCA|NO3,mFRR,Not Specified,Not Specified,MARGINAL,32.0,30.91
10/02/2023 16:00:00 - 10/02/2023 17:00:00,SCA|NO3,mFRR,Not Specified,Not Specified,MARGINAL,36.22,30.96
10/02/2023 17:00:00 - 10/02/2023 18:00:00,SCA|NO3,mFRR,Not Specified,Not Specified,MARGINAL,36.5,31.24
10/02/2023 18:00:00 - 10/02/2023 19:00:00,SCA|NO3,mFRR,Not Specified,Not Specified,MARGINAL,31.3,31.3
10/02/2023 19:00:00 - 10/02/2023 20:00:00,SCA|NO3,mFRR,Not Specified,Not Specified,MARGINAL,29.98,29.98
10/02/2023 20:00:00 - 10/02/2023 21:00:00,SCA|NO3,mFRR,Not Specified,Not Specified,MARGINAL,29.82,29.82
10/02/2023 21:00:00 - 10/02/2023 22:00:00,SCA|NO3,mFRR,Not Specified,Not Specified,MARGINAL,30.84,30.84
10/02/2023 22:00:00 - 10/02/2023 23:00:00,SCA|NO3,mFRR,Not Specified,Not Specified,MARGINAL,30.06,30.06
10/02/2023 23:00:00 - 11/02/2023 00:00:00,SCA|NO3,mFRR,Not Specified,Not Specified,MARGINAL,30.01,30.01
11/02/2023 00:00:00 - 11/02/2023 01:00:00,SCA|NO3,mFRR,Not Specified,Not Specified,MARGINAL,35.98,35.98
11/02/2023 01:00:00 - 11/02/2023 02:00:00,SCA|NO3,mFRR,Not Specified,Not Specified,MARGINAL,34.95,27.54
11/02/2023 02:00:00 - 11/02/2023 03:00:00,SCA|NO3,mFRR,Not Specified,Not Specified,MARGINAL,34.44,15.0
11/02/2023 03:00:00 - 11/02/2023 04:00:00,SCA|NO3,mFRR,Not Specified,Not Specified,MARGINAL,34.07,10.0
11/02/2023 04:00:00 - 11/02/2023 05:00:00,SCA|NO3,mFRR,Not Specified,Not Specified,MARGINAL,34.07,9.5
11/02/2023 05:00:00 - 11/02/2023 06:00:00,SCA|NO3,mFRR,Not Specified,Not Specified,MARGINAL,35.05,9.5
11/02/2023 06:00:00 - 11/02/2023 07:00:00,SCA|NO3,mFRR,Not Specified,Not Specified,MARGINAL,35.3,9.5
11/02/2023 07:00:00 - 11/02/2023 08:00:00,SCA|NO3,mFRR,Not Specified,Not Specified,MARGINAL,36.26,9.5
11/02/2023 08:00:00 - 11/02/2023 09:00:00,SCA|NO3,mFRR,Not Specified,Not Specified,MARGINAL,37.26,10.0
11/02/2023 09:00:00 - 11/02/2023 10:00:00,SCA|NO3,mFRR,Not Specified,Not Specified,MARGINAL,37.96,9.69
11/02/2023 10:00:00 - 11/02/2023 11:00:00,SCA|NO3,mFRR,Not Specified,Not Specified,MARGINAL,39.08,16.0
11/02/2023 11:00:00 - 11/02/2023 12:00:00,SCA|NO3,mFRR,Not Specified,Not Specified,MARGINAL,38.31,19.0
11/02/2023 12:00:00 - 11/02/2023 13:00:00,SCA|NO3,mFRR,Not Specified,Not Specified,MARGINAL,39.46,39.46
11/02/2023 13:00:00 - 11/02/2023 14:00:00,SCA|NO3,mFRR,Not Specified,Not Specified,MARGINAL,39.48,39.48
11/02/2023 14:00:00 - 11/02/2023 15:00:00,SCA|NO3,mFRR,Not Specified,Not Specified,MARGINAL,38.72,38.72
11/02/2023 15:00:00 - 11/02/2023 16:00:00,SCA|NO3,mFRR,Not Specified,Not Specified,MARGINAL,37.7,37.7
11/02/2023 16:00:00 - 11/02/2023 17:00:00,SCA|NO3,mFRR,Not Specified,Not Specified,MARGINAL,37.24,37.24
11/02/2023 17:00:00 - 11/02/2023 18:00:00,SCA|NO3,mFRR,Not Specified,Not Specified,MARGINAL,36.86,36.86
11/02/2023 18:00:00 - 11/02/2023 19:00:00,SCA|NO3,mFRR,Not Specified,Not Specified,MARGINAL,36.43,22.0
11/02/2023 19:00:00 - 11/02/2023 20:00:00,SCA|NO3,mFRR,Not Specified,Not Specified,MARGINAL,35.94,28.0
11/02/2023 20:00:00 - 11/02/2023 21:00:00,SCA|NO3,mFRR,Not Specified,Not Specified,MARGINAL,35.53,19.0
11/02/2023 21:00:00 - 11/02/2023 22:00:00,SCA|NO3,mFRR,Not Specified,Not Specified,MARGINAL,34.36,19.0
11/02/2023 22:00:00 - 11/02/2023 23:00:00,SCA|NO3,mFRR,Not Specified,Not Specified,MARGINAL,31.75,31.75
11/02/2023 23:00:00 - 12/02/2023 00:00:00,SCA|NO3,mFRR,Not Specified,Not Specified,MARGINAL,29.61,29.61
12/02/2023 00:00:00 - 12/02/2023 01:00:00,SCA|NO3,mFRR,Not Specified,Not Specified,MARGINAL,25.84,25.84
12/02/2023 01:00:00 - 12/02/2023 02:00:00,SCA|NO3,mFRR,Not Specified,Not Specified,MARGINAL,25.33,25.33
12/02/2023 02:00:00 - 12/02/2023 03:00:00,SCA|NO3,mFRR,Not Specified,Not Specified,MARGINAL,23.99,23.99
12/02/2023 03:00:00 - 12/02/2023 04:00:00,SCA|NO3,mFRR,Not Specified,Not Specified,MARGINAL,23.69,23.69
12/02/2023 04:00:00 - 12/02/2023 05:00:00,SCA|NO3,mFRR,Not Specified,Not Specified,MARGINAL,23.25,23.25
12/02/2023 05:00:00 - 12/02/2023 06:00:00,SCA|NO3,mFRR,Not Specified,Not Specified,MARGINAL,23.01,23.01
12/02/2023 06:00:00 - 12/02/2023 07:00:00,SCA|NO3,mFRR,Not Specified,Not Specified,MARGINAL,23.22,23.22
12/02/2023 07:00:00 - 12/02/2023 08:00:00,SCA|NO3,mFRR,Not Specified,Not Specified,MARGINAL,23.62,23.62
12/02/2023 08:00:00 - 12/02/2023 09:00:00,SCA|NO3,mFRR,Not Specified,Not Specified,MARGINAL,23.98,23.98
12/02/2023 09:00:00 - 12/02/2023 10:00:00,SCA|NO3,mFRR,Not Specified,Not Specified,MARGINAL,30.0,24.7
12/02/2023 10:00:00 - 12/02/2023 11:00:00,SCA|NO3,mFRR,Not Specified,Not Specified,MARGINAL,30.0,24.95
12/02/2023 11:00:00 - 12/02/2023 12:00:00,SCA|NO3,mFRR,Not Specified,Not Specified,MARGINAL,24.28,24.28
12/02/2023 12:00:00 - 12/02/2023 13:00:00,SCA|NO3,mFRR,Not Specified,Not Specified,MARGINAL,23.66,20.0
12/02/2023 13:00:00 - 12/02/2023 14:00:00,SCA|NO3,mFRR,Not Specified,Not Specified,MARGINAL,22.14,20.0
12/02/2023 14:00:00 - 12/02/2023 15:00:00,SCA|NO3,mFRR,Not Specified,Not Specified,MARGINAL,21.48,11.04
12/02/2023 15:00:00 - 12/02/2023 16:00:00,SCA|NO3,mFRR,Not Specified,Not Specified,MARGINAL,21.71,10.0
12/02/2023 16:00:00 - 12/02/2023 17:00:00,SCA|NO3,mFRR,Not Specified,Not Specified,MARGINAL,23.8,7.0
12/02/2023 17:00:00 - 12/02/2023 18:00:00,SCA|NO3,mFRR,Not Specified,Not Specified,MARGINAL,25.43,18.5
12/02/2023 18:00:00 - 12/02/2023 19:00:00,SCA|NO3,mFRR,Not Specified,Not Specified,MARGINAL,25.0,16.0
12/02/2023 19:00:00 - 12/02/2023 20:00:00,SCA|NO3,mFRR,Not Specified,Not Specified,MARGINAL,23.76,16.0
12/02/2023 20:00:00 - 12/02/2023 21:00:00,SCA|NO3,mFRR,Not Specified,Not Specified,MARGINAL,21.88,16.0
12/02/2023 21:00:00 - 12/02/2023 22:00:00,SCA|NO3,mFRR,Not Specified,Not Specified,MARGINAL,21.16,16.0
12/02/2023 22:00:00 - 12/02/2023 23:00:00,SCA|NO3,mFRR,Not Specified,Not Specified,MARGINAL,20.07,20.07
12/02/2023 23:00:00 - 13/02/2023 00:00:00,SCA|NO3,mFRR,Not Specified,Not Specified,MARGINAL,16.16,16.16
13/02/2023 00:00:00 - 13/02/2023 01:00:00,SCA|NO3,mFRR,Not Specified,Not Specified,MARGINAL,17.09,17.09
13/02/2023 01:00:00 - 13/02/2023 02:00:00,SCA|NO3,mFRR,Not Specified,Not Specified,MARGINAL,14.7,14.7
13/02/2023 02:00:00 - 13/02/2023 03:00:00,SCA|NO3,mFRR,Not Specified,Not Specified,MARGINAL,13.67,13.67
13/02/2023 03:00:00 - 13/02/2023 04:00:00,SCA|NO3,mFRR,Not Specified,Not Specified,MARGINAL,12.68,12.68
13/02/2023 04:00:00 - 13/02/2023 05:00:00,SCA|NO3,mFRR,Not Specified,Not Specified,MARGINAL,16.15,16.15
13/02/2023 05:00:00 - 13/02/2023 06:00:00,SCA|NO3,mFRR,Not Specified,Not Specified,MARGINAL,19.62,19.62
13/02/2023 06:00:00 - 13/02/2023 07:00:00,SCA|NO3,mFRR,Not Specified,Not Specified,MARGINAL,22.1,22.1
13/02/2023 07:00:00 - 13/02/2023 08:00:00,SCA|NO3,mFRR,Not Specified,Not Specified,MARGINAL,26.41,25.91
13/02/2023 08:00:00 - 13/02/2023 09:00:00,SCA|NO3,mFRR,Not Specified,Not Specified,MARGINAL,27.61,14.0
13/02/2023 09:00:00 - 13/02/2023 10:00:00,SCA|NO3,mFRR,Not Specified,Not Specified,MARGINAL,27.05,16.0
13/02/2023 10:00:00 - 13/02/2023 11:00:00,SCA|NO3,mFRR,Not Specified,Not Specified,MARGINAL,27.01,16.0
13/02/2023 11:00:00 - 13/02/2023 12:00:00,SCA|NO3,mFRR,Not Specified,Not Specified,MARGINAL,27.02,12.0
13/02/2023 12:00:00 - 13/02/2023 13:00:00,SCA|NO3,mFRR,Not Specified,Not Specified,MARGINAL,26.55,12.0
13/02/2023 13:00:00 - 13/02/2023 14:00:00,SCA|NO3,mFRR,Not Specified,Not Specified,MARGINAL,26.87,14.0
13/02/2023 14:00:00 - 13/02/2023 15:00:00,SCA|NO3,mFRR,Not Specified,Not Specified,MARGINAL,27.28,14.0
13/02/2023 15:00:00 - 13/02/2023 16:00:00,SCA|NO3,mFRR,Not Specified,Not Specified,MARGINAL,27.91,14.0
13/02/2023 16:00:00 - 13/02/2023 17:00:00,SCA|NO3,mFRR,Not Specified,Not Specified,MARGINAL,28.26,14.0
13/02/2023 17:00:00 - 13/02/2023 18:00:00,SCA|NO3,mFRR,Not Specified,Not Specified,MARGINAL,29.02,15.0
13/02/2023 18:00:00 - 13/02/2023 19:00:00,SCA|NO3,mFRR,Not Specified,Not Specified,MARGINAL,29.15,12.0
13/02/2023 19:00:00 - 13/02/2023 20:00:00,SCA|NO3,mFRR,Not Specified,Not Specified,MARGINAL,29.19,12.0
13/02/2023 20:00:00 - 13/02/2023 21:00:00,SCA|NO3,mFRR,Not Specified,Not Specified,MARGINAL,28.78,12.0
13/02/2023 21:00:00 - 13/02/2023 22:00:00,SCA|NO3,mFRR,Not Specified,Not Specified,MARGINAL,30.68,13.8
13/02/2023 22:00:00 - 13/02/2023 23:00:00,SCA|NO3,mFRR,Not Specified,Not Specified,MARGINAL,30.48,13.8
13/02/2023 23:00:00 - 14/02/2023 00:00:00,SCA|NO3,mFRR,Not Specified,Not Specified,MARGINAL,31.71,13.8
14/02/2023 00:00:00 - 14/02/2023 01:00:00,SCA|NO3,mFRR,Not Specified,Not Specified,MARGINAL,38.21,3.0
14/02/2023 01:00:00 - 14/02/2023 02:00:00,SCA|NO3,mFRR,Not Specified,Not Specified,MARGINAL,39.93,3.0
14/02/2023 02:00:00 - 14/02/2023 03:00:00,SCA|NO3,mFRR,Not Specified,Not Specified,MARGINAL,39.76,9.0
14/02/2023 03:00:00 - 14/02/2023 04:00:00,SCA|NO3,mFRR,Not Specified,Not Specified,MARGINAL,38.29,9.24
14/02/2023 04:00:00 - 14/02/2023 05:00:00,SCA|NO3,mFRR,Not Specified,Not Specified,MARGINAL,37.81,9.24
14/02/2023 05:00:00 - 14/02/2023 06:00:00,SCA|NO3,mFRR,Not Specified,Not Specified,MARGINAL,38.93,15.25
14/02/2023 06:00:00 - 14/02/2023 07:00:00,SCA|NO3,mFRR,Not Specified,Not Specified,MARGINAL,39.91,19.0
14/02/2023 07:00:00 - 14/02/2023 08:00:00,SCA|NO3,mFRR,Not Specified,Not Specified,MARGINAL,40.0,40.0
14/02/2023 08:00:00 - 14/02/2023 09:00:00,SCA|NO3,mFRR,Not Specified,Not Specified,MARGINAL,43.09,18.48
14/02/2023 09:00:00 - 14/02/2023 10:00:00,SCA|NO3,mFRR,Not Specified,Not Specified,MARGINAL,44.91,20.0
14/02/2023 10:00:00 - 14/02/2023 11:00:00,SCA|NO3,mFRR,Not Specified,Not Specified,MARGINAL,44.3,21.0
14/02/2023 11:00:00 - 14/02/2023 12:00:00,SCA|NO3,mFRR,Not Specified,Not Specified,MARGINAL,47.18,34.96
14/02/2023 12:00:00 - 14/02/2023 13:00:00,SCA|NO3,mFRR,Not Specified,Not Specified,MARGINAL,66.07,50.93
14/02/2023 13:00:00 - 14/02/2023 14:00:00,SCA|NO3,mFRR,Not Specified,Not Specified,MARGINAL,66.07,55.22
14/02/2023 14:00:00 - 14/02/2023 15:00:00,SCA|NO3,mFRR,Not Specified,Not Specified,MARGINAL,56.77,56.77
14/02/2023 15:00:00 - 14/02/2023 16:00:00,SCA|NO3,mFRR,Not Specified,Not Specified,MARGINAL,50.42,50.42
14/02/2023 16:00:00 - 14/02/2023 17:00:00,SCA|NO3,mFRR,Not Specified,Not Specified,MARGINAL,51.41,51.41
14/02/2023 17:00:00 - 14/02/2023 18:00:00,SCA|NO3,mFRR,Not Specified,Not Specified,MARGINAL,52.44,45.0
14/02/2023 18:00:00 - 14/02/2023 19:00:00,SCA|NO3,mFRR,Not Specified,Not Specified,MARGINAL,53.51,31.0
14/02/2023 19:00:00 - 14/02/2023 20:00:00,SCA|NO3,mFRR,Not Specified,Not Specified,MARGINAL,53.35,31.0
14/02/2023 20:00:00 - 14/02/2023 21:00:00,SCA|NO3,mFRR,Not Specified,Not Specified,MARGINAL,53.58,38.0
14/02/2023 21:00:00 - 14/02/2023 22:00:00,SCA|NO3,mFRR,Not Specified,Not Specified,MARGINAL,53.47,38.0
14/02/2023 22:00:00 - 14/02/2023 23:00:00,SCA|NO3,mFRR,Not Specified,Not Specified,MARGINAL,54.24,38.0
14/02/2023 23:00:00 - 15/02/2023 00:00:00,SCA|NO3,mFRR,Not Specified,Not Specified,MARGINAL,52.25,38.0
15/02/2023 00:00:00 - 15/02/2023 01:00:00,SCA|NO3,mFRR,Not Specified,Not Specified,MARGINAL,57.45,57.45
15/02/2023 01:00:00 - 15/02/2023 02:00:00,SCA|NO3,mFRR,Not Specified,Not Specified,MARGINAL,57.01,57.01
15/02/2023 02:00:00 - 15/02/2023 03:00:00,SCA|NO3,mFRR,Not Specified,Not Specified,MARGINAL,56.91,56.91
15/02/2023 03:00:00 - 15/02/2023 04:00:00,SCA|NO3,mFRR,Not Specified,Not Specified,MARGINAL,57.53,57.53
15/02/2023 04:00:00 - 15/02/2023 05:00:00,SCA|NO3,mFRR,Not Specified,Not Specified,MARGINAL,58.35,58.35
15/02/2023 05:00:00 - 15/02/2023 06:00:00,SCA|NO3,mFRR,Not Specified,Not Specified,MARGINAL,60.89,60.89
15/02/2023 06:00:00 - 15/02/2023 07:00:00,SCA|NO3,mFRR,Not Specified,Not Specified,MARGINAL,69.54,69.54
15/02/2023 07:00:00 - 15/02/2023 08:00:00,SCA|NO3,mFRR,Not Specified,Not Specified,MARGINAL,99.27,99.27
15/02/2023 08:00:00 - 15/02/2023 09:00:00,SCA|NO3,mFRR,Not Specified,Not Specified,MARGINAL,97.55,97.55
15/02/2023 09:00:00 - 15/02/2023 10:00:00,SCA|NO3,mFRR,Not Specified,Not Specified,MARGINAL,95.36,95.36
15/02/2023 10:00:00 - 15/02/2023 11:00:00,SCA|NO3,mFRR,Not Specified,Not Specified,MARGINAL,92.11,92.11
15/02/2023 11:00:00 - 15/02/2023 12:00:00,SCA|NO3,mFRR,Not Specified,Not Specified,MARGINAL,69.97,69.97
15/02/2023 12:00:00 - 15/02/2023 13:00:00,SCA|NO3,mFRR,Not Specified,Not Specified,MARGINAL,64.21,64.21
15/02/2023 13:00:00 - 15/02/2023 14:00:00,SCA|NO3,mFRR,Not Specified,Not Specified,MARGINAL,59.56,59.56
15/02/2023 14:00:00 - 15/02/2023 15:00:00,SCA|NO3,mFRR,Not Specified,Not Specified,MARGINAL,54.83,54.83
15/02/2023 15:00:00 - 15/02/2023 16:00:00,SCA|NO3,mFRR,Not Specified,Not Specified,MARGINAL,52.27,52.27
15/02/2023 16:00:00 - 15/02/2023 17:00:00,SCA|NO3,mFRR,Not Specified,Not Specified,MARGINAL,50.25,50.25
15/02/2023 17:00:00 - 15/02/2023 18:00:00,SCA|NO3,mFRR,Not Specified,Not Specified,MARGINAL,48.17,48.17
15/02/2023 18:00:00 - 15/02/2023 19:00:00,SCA|NO3,mFRR,Not Specified,Not Specified,MARGINAL,44.89,44.89
15/02/2023 19:00:00 - 15/02/2023 20:00:00,SCA|NO3,mFRR,Not Specified,Not Specified,MARGINAL,42.87,42.87
15/02/2023 20:00:00 - 15/02/2023 21:00:00,SCA|NO3,mFRR,Not Specified,Not Specified,MARGINAL,42.22,42.22
15/02/2023 21:00:00 - 15/02/2023 22:00:00,SCA|NO3,mFRR,Not Specified,Not Specified,MARGINAL,40.18,40.18
15/02/2023 22:00:00 - 15/02/2023 23:00:00,SCA|NO3,mFRR,Not Specified,Not Specified,MARGINAL,38.15,38.15
15/02/2023 23:00:00 - 16/02/2023 00:00:00,SCA|NO3,mFRR,Not Specified,Not Specified,MARGINAL,33.21,33.21
16/02/2023 00:00:00 - 16/02/2023 01:00:00,SCA|NO3,mFRR,Not Specified,Not Specified,,,
16/02/2023 01:00:00 - 16/02/2023 02:00:00,SCA|NO3,mFRR,Not Specified,Not Specified,MARGINAL,46.0,37.24
16/02/2023 02:00:00 - 16/02/2023 03:00:00,SCA|NO3,mFRR,Not Specified,Not Specified,MARGINAL,46.0,30.54
16/02/2023 03:00:00 - 16/02/2023 04:00:00,SCA|NO3,mFRR,Not Specified,Not Specified,MARGINAL,46.0,26.61
16/02/2023 04:00:00 - 16/02/2023 05:00:00,SCA|NO3,mFRR,Not Specified,Not Specified,MARGINAL,39.0,26.19
16/02/2023 05:00:00 - 16/02/2023 06:00:00,SCA|NO3,mFRR,Not Specified,Not Specified,MARGINAL,39.0,31.39
16/02/2023 06:00:00 - 16/02/2023 07:00:00,SCA|NO3,mFRR,Not Specified,Not Specified,MARGINAL,37.92,37.92
16/02/2023 07:00:00 - 16/02/2023 08:00:00,SCA|NO3,mFRR,Not Specified,Not Specified,MARGINAL,40.93,25.0
16/02/2023 08:00:00 - 16/02/2023 09:00:00,SCA|NO3,mFRR,Not Specified,Not Specified,MARGINAL,41.49,25.0
16/02/2023 09:00:00 - 16/02/2023 10:00:00,SCA|NO3,mFRR,Not Specified,Not Specified,MARGINAL,40.94,28.0
16/02/2023 10:00:00 - 16/02/2023 11:00:00,SCA|NO3,mFRR,Not Specified,Not Specified,MARGINAL,40.79,34.0
16/02/2023 11:00:00 - 16/02/2023 12:00:00,SCA|NO3,mFRR,Not Specified,Not Specified,MARGINAL,40.32,34.0
16/02/2023 12:00:00 - 16/02/2023 13:00:00,SCA|NO3,mFRR,Not Specified,Not Specified,MARGINAL,40.35,34.0
16/02/2023 13:00:00 - 16/02/2023 14:00:00,SCA|NO3,mFRR,Not Specified,Not Specified,MARGINAL,39.91,34.0
16/02/2023 14:00:00 - 16/02/2023 15:00:00,SCA|NO3,mFRR,Not Specified,Not Specified,MARGINAL,38.78,38.78
16/02/2023 15:00:00 - 16/02/2023 16:00:00,SCA|NO3,mFRR,Not Specified,Not Specified,MARGINAL,39.58,39.58
16/02/2023 16:00:00 - 16/02/2023 17:00:00,SCA|NO3,mFRR,Not Specified,Not Specified,MARGINAL,39.98,39.98
16/02/2023 17:00:00 - 16/02/2023 18:00:00,SCA|NO3,mFRR,Not Specified,Not Specified,MARGINAL,38.62,38.62
16/02/2023 18:00:00 - 16/02/2023 19:00:00,SCA|NO3,mFRR,Not Specified,Not Specified,MARGINAL,37.69,37.69
16/02/2023 19:00:00 - 16/02/2023 20:00:00,SCA|NO3,mFRR,Not Specified,Not Specified,MARGINAL,37.22,18.5
16/02/2023 20:00:00 - 16/02/2023 21:00:00,SCA|NO3,mFRR,Not Specified,Not Specified,MARGINAL,37.83,16.0
16/02/2023 21:00:00 - 16/02/2023 22:00:00,SCA|NO3,mFRR,Not Specified,Not Specified,MARGINAL,37.91,16.0
16/02/2023 22:00:00 - 16/02/2023 23:00:00,SCA|NO3,mFRR,Not Specified,Not Specified,MARGINAL,36.34,19.0
16/02/2023 23:00:00 - 17/02/2023 00:00:00,SCA|NO3,mFRR,Not Specified,Not Specified,MARGINAL,33.87,25.0
17/02/2023 00:00:00 - 17/02/2023 01:00:00,SCA|NO3,mFRR,Not Specified,Not Specified,MARGINAL,29.98,24.98
17/02/2023 01:00:00 - 17/02/2023 02:00:00,SCA|NO3,mFRR,Not Specified,Not Specified,MARGINAL,31.56,31.56
17/02/2023 02:00:00 - 17/02/2023 03:00:00,SCA|NO3,mFRR,Not Specified,Not Specified,MARGINAL,32.16,32.16
17/02/2023 03:00:00 - 17/02/2023 04:00:00,SCA|NO3,mFRR,Not Specified,Not Specified,MARGINAL,32.08,32.08
17/02/2023 04:00:00 - 17/02/2023 05:00:00,SCA|NO3,mFRR,Not Specified,Not Specified,MARGINAL,34.67,34.67
17/02/2023 05:00:00 - 17/02/2023 06:00:00,SCA|NO3,mFRR,Not Specified,Not Specified,MARGINAL,37.56,37.56
17/02/2023 06:00:00 - 17/02/2023 07:00:00,SCA|NO3,mFRR,Not Specified,Not Specified,MARGINAL,44.99,44.99
17/02/2023 07:00:00 - 17/02/2023 08:00:00,SCA|NO3,mFRR,Not Specified,Not Specified,MARGINAL,51.0,51.0
17/02/2023 08:00:00 - 17/02/2023 09:00:00,SCA|NO3,mFRR,Not Specified,Not Specified,MARGINAL,54.02,54.02
17/02/2023 09:00:00 - 17/02/2023 10:00:00,SCA|NO3,mFRR,Not Specified,Not Specified,MARGINAL,54.06,54.06
17/02/2023 10:00:00 - 17/02/2023 11:00:00,SCA|NO3,mFRR,Not Specified,Not Specified,MARGINAL,50.96,50.96
17/02/2023 11:00:00 - 17/02/2023 12:00:00,SCA|NO3,mFRR,Not Specified,Not Specified,MARGINAL,48.0,48.0
17/02/2023 12:00:00 - 17/02/2023 13:00:00,SCA|NO3,mFRR,Not Specified,Not Specified,MARGINAL,45.99,45.99
17/02/2023 13:00:00 - 17/02/2023 14:00:00,SCA|NO3,mFRR,Not Specified,Not Specified,MARGINAL,42.12,42.12
17/02/2023 14:00:00 - 17/02/2023 15:00:00,SCA|NO3,mFRR,Not Specified,Not Specified,MARGINAL,35.8,25.51
17/02/2023 15:00:00 - 17/02/2023 16:00:00,SCA|NO3,mFRR,Not Specified,Not Specified,MARGINAL,32.9,26.0
17/02/2023 16:00:00 - 17/02/2023 17:00:00,SCA|NO3,mFRR,Not Specified,Not Specified,MARGINAL,56.47,33.67
17/02/2023 17:00:00 - 17/02/2023 18:00:00,SCA|NO3,mFRR,Not Specified,Not Specified,MARGINAL,90.0,37.36
17/02/2023 18:00:00 - 17/02/2023 19:00:00,SCA|NO3,mFRR,Not Specified,Not Specified,MARGINAL,115.0,38.1
17/02/2023 19:00:00 - 17/02/2023 20:00:00,SCA|NO3,mFRR,Not Specified,Not Specified,MARGINAL,98.0,36.82
17/02/2023 20:00:00 - 17/02/2023 21:00:00,SCA|NO3,mFRR,Not Specified,Not Specified,MARGINAL,70.0,34.61
17/02/2023 21:00:00 - 17/02/2023 22:00:00,SCA|NO3,mFRR,Not Specified,Not Specified,MARGINAL,33.79,32.88
17/02/2023 22:00:00 - 17/02/2023 23:00:00,SCA|NO3,mFRR,Not Specified,Not Specified,MARGINAL,31.96,29.79
17/02/2023 23:00:00 - 18/02/2023 00:00:00,SCA|NO3,mFRR,Not Specified,Not Specified,MARGINAL,22.22,22.22
18/02/2023 00:00:00 - 18/02/2023 01:00:00,SCA|NO3,mFRR,Not Specified,Not Specified,MARGINAL,27.46,27.46
18/02/2023 01:00:00 - 18/02/2023 02:00:00,SCA|NO3,mFRR,Not Specified,Not Specified,MARGINAL,24.93,24.93
18/02/2023 02:00:00 - 18/02/2023 03:00:00,SCA|NO3,mFRR,Not Specified,Not Specified,MARGINAL,22.98,22.98
18/02/2023 03:00:00 - 18/02/2023 04:00:00,SCA|NO3,mFRR,Not Specified,Not Specified,MARGINAL,25.1,25.1
18/02/2023 04:00:00 - 18/02/2023 05:00:00,SCA|NO3,mFRR,Not Specified,Not Specified,MARGINAL,24.46,24.46
18/02/2023 05:00:00 - 18/02/2023 06:00:00,SCA|NO3,mFRR,Not Specified,Not Specified,MARGINAL,24.91,24.91
18/02/2023 06:00:00 - 18/02/2023 07:00:00,SCA|NO3,mFRR,Not Specified,Not Specified,MARGINAL,26.78,26.78
18/02/2023 07:00:00 - 18/02/2023 08:00:00,SCA|NO3,mFRR,Not Specified,Not Specified,MARGINAL,27.98,27.98
18/02/2023 08:00:00 - 18/02/2023 09:00:00,SCA|NO3,mFRR,Not Specified,Not Specified,MARGINAL,34.5,29.95
18/02/2023 09:00:00 - 18/02/2023 10:00:00,SCA|NO3,mFRR,Not Specified,Not Specified,MARGINAL,35.72,32.64
18/02/2023 10:00:00 - 18/02/2023 11:00:00,SCA|NO3,mFRR,Not Specified,Not Specified,MARGINAL,35.72,31.77
18/02/2023 11:00:00 - 18/02/2023 12:00:00,SCA|NO3,mFRR,Not Specified,Not Specified,MARGINAL,35.72,29.64
18/02/2023 12:00:00 - 18/02/2023 13:00:00,SCA|NO3,mFRR,Not Specified,Not Specified,MARGINAL,35.72,27.97
18/02/2023 13:00:00 - 18/02/2023 14:00:00,SCA|NO3,mFRR,Not Specified,Not Specified,MARGINAL,27.61,27.61
18/02/2023 14:00:00 - 18/02/2023 15:00:00,SCA|NO3,mFRR,Not Specified,Not Specified,MARGINAL,27.48,18.5
18/02/2023 15:00:00 - 18/02/2023 16:00:00,SCA|NO3,mFRR,Not Specified,Not Specified,MARGINAL,28.32,25.65
18/02/2023 16:00:00 - 18/02/2023 17:00:00,SCA|NO3,mFRR,Not Specified,Not Specified,MARGINAL,32.15,32.1
18/02/2023 17:00:00 - 18/02/2023 18:00:00,SCA|NO3,mFRR,Not Specified,Not Specified,MARGINAL,32.92,32.92
18/02/2023 18:00:00 - 18/02/2023 19:00:00,SCA|NO3,mFRR,Not Specified,Not Specified,MARGINAL,30.35,30.35
18/02/2023 19:00:00 - 18/02/2023 20:00:00,SCA|NO3,mFRR,Not Specified,Not Specified,MARGINAL,29.98,29.48
18/02/2023 20:00:00 - 18/02/2023 21:00:00,SCA|NO3,mFRR,Not Specified,Not Specified,MARGINAL,29.88,19.5
18/02/2023 21:00:00 - 18/02/2023 22:00:00,SCA|NO3,mFRR,Not Specified,Not Specified,MARGINAL,29.67,19.5
18/02/2023 22:00:00 - 18/02/2023 23:00:00,SCA|NO3,mFRR,Not Specified,Not Specified,MARGINAL,29.24,19.5
18/02/2023 23:00:00 - 19/02/2023 00:00:00,SCA|NO3,mFRR,Not Specified,Not Specified,MARGINAL,29.38,19.5
19/02/2023 00:00:00 - 19/02/2023 01:00:00,SCA|NO3,mFRR,Not Specified,Not Specified,MARGINAL,37.58,37.58
19/02/2023 01:00:00 - 19/02/2023 02:00:00,SCA|NO3,mFRR,Not Specified,Not Specified,MARGINAL,37.84,37.84
19/02/2023 02:00:00 - 19/02/2023 03:00:00,SCA|NO3,mFRR,Not Specified,Not Specified,MARGINAL,37.96,20.0
19/02/2023 03:00:00 - 19/02/2023 04:00:00,SCA|NO3,mFRR,Not Specified,Not Specified,MARGINAL,37.76,20.5
19/02/2023 04:00:00 - 19/02/2023 05:00:00,SCA|NO3,mFRR,Not Specified,Not Specified,MARGINAL,37.86,22.5
19/02/2023 05:00:00 - 19/02/2023 06:00:00,SCA|NO3,mFRR,Not Specified,Not Specified,MARGINAL,37.05,37.05
19/02/2023 06:00:00 - 19/02/2023 07:00:00,SCA|NO3,mFRR,Not Specified,Not Specified,MARGINAL,36.57,36.57
19/02/2023 07:00:00 - 19/02/2023 08:00:00,SCA|NO3,mFRR,Not Specified,Not Specified,MARGINAL,37.93,37.93
19/02/2023 08:00:00 - 19/02/2023 09:00:00,SCA|NO3,mFRR,Not Specified,Not Specified,MARGINAL,36.97,36.97
19/02/2023 09:00:00 - 19/02/2023 10:00:00,SCA|NO3,mFRR,Not Specified,Not Specified,MARGINAL,37.98,37.98
19/02/2023 10:00:00 - 19/02/2023 11:00:00,SCA|NO3,mFRR,Not Specified,Not Specified,MARGINAL,39.27,39.27
19/02/2023 11:00:00 - 19/02/2023 12:00:00,SCA|NO3,mFRR,Not Specified,Not Specified,MARGINAL,39.28,21.0
19/02/2023 12:00:00 - 19/02/2023 13:00:00,SCA|NO3,mFRR,Not Specified,Not Specified,MARGINAL,41.04,16.0
19/02/2023 13:00:00 - 19/02/2023 14:00:00,SCA|NO3,mFRR,Not Specified,Not Specified,MARGINAL,40.77,16.0
19/02/2023 14:00:00 - 19/02/2023 15:00:00,SCA|NO3,mFRR,Not Specified,Not Specified,MARGINAL,41.32,16.0
19/02/2023 15:00:00 - 19/02/2023 16:00:00,SCA|NO3,mFRR,Not Specified,Not Specified,MARGINAL,41.13,25.0
19/02/2023 16:00:00 - 19/02/2023 17:00:00,SCA|NO3,mFRR,Not Specified,Not Specified,MARGINAL,43.41,43.41
19/02/2023 17:00:00 - 19/02/2023 18:00:00,SCA|NO3,mFRR,Not Specified,Not Specified,MARGINAL,45.85,45.85
19/02/2023 18:00:00 - 19/02/2023 19:00:00,SCA|NO3,mFRR,Not Specified,Not Specified,MARGINAL,42.73,42.73
19/02/2023 19:00:00 - 19/02/2023 20:00:00,SCA|NO3,mFRR,Not Specified,Not Specified,MARGINAL,45.46,45.46
19/02/2023 20:00:00 - 19/02/2023 21:00:00,SCA|NO3,mFRR,Not Specified,Not Specified,MARGINAL,48.97,48.97
19/02/2023 21:00:00 - 19/02/2023 22:00:00,SCA|NO3,mFRR,Not Specified,Not Specified,MARGINAL,51.77,51.77
19/02/2023 22:00:00 - 19/02/2023 23:00:00,SCA|NO3,mFRR,Not Specified,Not Specified,MARGINAL,56.27,56.27
19/02/2023 23:00:00 - 20/02/2023 00:00:00,SCA|NO3,mFRR,Not Specified,Not Specified,MARGINAL,57.2,57.2
20/02/2023 00:00:00 - 20/02/2023 01:00:00,SCA|NO3,mFRR,Not Specified,Not Specified,MARGINAL,47.48,47.48
20/02/2023 01:00:00 - 20/02/2023 02:00:00,SCA|NO3,mFRR,Not Specified,Not Specified,MARGINAL,40.03,40.03
20/02/2023 02:00:00 - 20/02/2023 03:00:00,SCA|NO3,mFRR,Not Specified,Not Specified,MARGINAL,38.04,38.04
20/02/2023 03:00:00 - 20/02/2023 04:00:00,SCA|NO3,mFRR,Not Specified,Not Specified,MARGINAL,36.6,33.18
20/02/2023 04:00:00 - 20/02/2023 05:00:00,SCA|NO3,mFRR,Not Specified,Not Specified,MARGINAL,29.13,25.0
20/02/2023 05:00:00 - 20/02/2023 06:00:00,SCA|NO3,mFRR,Not Specified,Not Specified,MARGINAL,34.13,19.0
20/02/2023 06:00:00 - 20/02/2023 07:00:00,SCA|NO3,mFRR,Not Specified,Not Specified,MARGINAL,38.26,26.94
20/02/2023 07:00:00 - 20/02/2023 08:00:00,SCA|NO3,mFRR,Not Specified,Not Specified,MARGINAL,47.77,47.77
20/02/2023 08:00:00 - 20/02/2023 09:00:00,SCA|NO3,mFRR,Not Specified,Not Specified,MARGINAL,54.19,54.19
20/02/2023 09:00:00 - 20/02/2023 10:00:00,SCA|NO3,mFRR,Not Specified,Not Specified,MARGINAL,48.72,48.72
20/02/2023 10:00:00 - 20/02/2023 11:00:00,SCA|NO3,mFRR,Not Specified,Not Specified,MARGINAL,41.96,41.96
20/02/2023 11:00:00 - 20/02/2023 12:00:00,SCA|NO3,mFRR,Not Specified,Not Specified,MARGINAL,34.55,34.55
20/02/2023 12:00:00 - 20/02/2023 13:00:00,SCA|NO3,mFRR,Not Specified,Not Specified,MARGINAL,34.8,34.8
20/02/2023 13:00:00 - 20/02/2023 14:00:00,SCA|NO3,mFRR,Not Specified,Not Specified,MARGINAL,34.17,23.0
20/02/2023 14:00:00 - 20/02/2023 15:00:00,SCA|NO3,mFRR,Not Specified,Not Specified,MARGINAL,41.52,23.0
20/02/2023 15:00:00 - 20/02/2023 16:00:00,SCA|NO3,mFRR,Not Specified,Not Specified,MARGINAL,51.09,23.0
20/02/2023 16:00:00 - 20/02/2023 17:00:00,SCA|NO3,mFRR,Not Specified,Not Specified,MARGINAL,49.85,30.0
20/02/2023 17:00:00 - 20/02/2023 18:00:00,SCA|NO3,mFRR,Not Specified,Not Specified,MARGINAL,60.0,57.73
20/02/2023 18:00:00 - 20/02/2023 19:00:00,SCA|NO3,mFRR,Not Specified,Not Specified,MARGINAL,60.0,59.92
20/02/2023 19:00:00 - 20/02/2023 20:00:00,SCA|NO3,mFRR,Not Specified,Not Specified,MARGINAL,55.92,55.92
20/02/2023 20:00:00 - 20/02/2023 21:00:00,SCA|NO3,mFRR,Not Specified,Not Specified,MARGINAL,53.08,53.08
20/02/2023 21:00:00 - 20/02/2023 22:00:00,SCA|NO3,mFRR,Not Specified,Not Specified,MARGINAL,49.9,49.9
20/02/2023 22:00:00 - 20/02/2023 23:00:00,SCA|NO3,mFRR,Not Specified,Not Specified,MARGINAL,46.33,46.33
20/02/2023 23:00:00 - 21/02/2023 00:00:00,SCA|NO3,mFRR,Not Specified,Not Specified,MARGINAL,43.0,35.5
21/02/2023 00:00:00 - 21/02/2023 01:00:00,SCA|NO3,mFRR,Not Specified,Not Specified,MARGINAL,45.01,45.01
21/02/2023 01:00:00 - 21/02/2023 02:00:00,SCA|NO3,mFRR,Not Specified,Not Specified,MARGINAL,42.84,42.84
21/02/2023 02:00:00 - 21/02/2023 03:00:00,SCA|NO3,mFRR,Not Specified,Not Specified,MARGINAL,42.84,42.84
21/02/2023 03:00:00 - 21/02/2023 04:00:00,SCA|NO3,mFRR,Not Specified,Not Specified,MARGINAL,44.66,25.0
21/02/2023 04:00:00 - 21/02/2023 05:00:00,SCA|NO3,mFRR,Not Specified,Not Specified,MARGINAL,47.38,25.0
21/02/2023 05:00:00 - 21/02/2023 06:00:00,SCA|NO3,mFRR,Not Specified,Not Specified,MARGINAL,52.4,40.0
21/02/2023 06:00:00 - 21/02/2023 07:00:00,SCA|NO3,mFRR,Not Specified,Not Specified,MARGINAL,64.01,56.0
21/02/2023 07:00:00 - 21/02/2023 08:00:00,SCA|NO3,mFRR,Not Specified,Not Specified,MARGINAL,97.03,70.0
21/02/2023 08:00:00 - 21/02/2023 09:00:00,SCA|NO3,mFRR,Not Specified,Not Specified,MARGINAL,101.2,70.0
21/02/2023 09:00:00 - 21/02/2023 10:00:00,SCA|NO3,mFRR,Not Specified,Not Specified,MARGINAL,102.04,76.5
21/02/2023 10:00:00 - 21/02/2023 11:00:00,SCA|NO3,mFRR,Not Specified,Not Specified,MARGINAL,101.91,76.5
21/02/2023 11:00:00 - 21/02/2023 12:00:00,SCA|NO3,mFRR,Not Specified,Not Specified,MARGINAL,101.53,76.5
21/02/2023 12:00:00 - 21/02/2023 13:00:00,SCA|NO3,mFRR,Not Specified,Not Specified,MARGINAL,102.39,76.5
21/02/2023 13:00:00 - 21/02/2023 14:00:00,SCA|NO3,mFRR,Not Specified,Not Specified,MARGINAL,103.53,76.5
21/02/2023 14:00:00 - 21/02/2023 15:00:00,SCA|NO3,mFRR,Not Specified,Not Specified,MARGINAL,108.23,90.0
21/02/2023 15:00:00 - 21/02/2023 16:00:00,SCA|NO3,mFRR,Not Specified,Not Specified,MARGINAL,114.91,90.0
21/02/2023 16:00:00 - 21/02/2023 17:00:00,SCA|NO3,mFRR,Not Specified,Not Specified,MARGINAL,142.78,90.5
21/02/2023 17:00:00 - 21/02/2023 18:00:00,SCA|NO3,mFRR,Not Specified,Not Specified,MARGINAL,164.85,164.85
21/02/2023 18:00:00 - 21/02/2023 19:00:00,SCA|NO3,mFRR,Not Specified,Not Specified,MARGINAL,178.13,178.13
21/02/2023 19:00:00 - 21/02/2023 20:00:00,SCA|NO3,mFRR,Not Specified,Not Specified,MARGINAL,176.25,176.25
21/02/2023 20:00:00 - 21/02/2023 21:00:00,SCA|NO3,mFRR,Not Specified,Not Specified,MARGINAL,104.45,104.45
21/02/2023 21:00:00 - 21/02/2023 22:00:00,SCA|NO3,mFRR,Not Specified,Not Specified,MARGINAL,59.39,59.39
21/02/2023 22:00:00 - 21/02/2023 23:00:00,SCA|NO3,mFRR,Not Specified,Not Specified,MARGINAL,49.68,49.68
21/02/2023 23:00:00 - 22/02/2023 00:00:00,SCA|NO3,mFRR,Not Specified,Not Specified,MARGINAL,42.1,42.1
22/02/2023 00:00:00 - 22/02/2023 01:00:00,SCA|NO3,mFRR,Not Specified,Not Specified,MARGINAL,60.0,39.41
22/02/2023 01:00:00 - 22/02/2023 02:00:00,SCA|NO3,mFRR,Not Specified,Not Specified,MARGINAL,59.5,39.0
22/02/2023 02:00:00 - 22/02/2023 03:00:00,SCA|NO3,mFRR,Not Specified,Not Specified,MARGINAL,59.5,38.4
22/02/2023 03:00:00 - 22/02/2023 04:00:00,SCA|NO3,mFRR,Not Specified,Not Specified,MARGINAL,59.5,38.14
22/02/2023 04:00:00 - 22/02/2023 05:00:00,SCA|NO3,mFRR,Not Specified,Not Specified,MARGINAL,57.16,37.27
22/02/2023 05:00:00 - 22/02/2023 06:00:00,SCA|NO3,mFRR,Not Specified,Not Specified,MARGINAL,38.23,38.23
22/02/2023 06:00:00 - 22/02/2023 07:00:00,SCA|NO3,mFRR,Not Specified,Not Specified,MARGINAL,39.55,39.55
22/02/2023 07:00:00 - 22/02/2023 08:00:00,SCA|NO3,mFRR,Not Specified,Not Specified,MARGINAL,115.0,43.17
22/02/2023 08:00:00 - 22/02/2023 09:00:00,SCA|NO3,mFRR,Not Specified,Not Specified,MARGINAL,130.0,49.35
22/02/2023 09:00:00 - 22/02/2023 10:00:00,SCA|NO3,mFRR,Not Specified,Not Specified,MARGINAL,130.0,51.5
22/02/2023 10:00:00 - 22/02/2023 11:00:00,SCA|NO3,mFRR,Not Specified,Not Specified,MARGINAL,130.0,48.75
22/02/2023 11:00:00 - 22/02/2023 12:00:00,SCA|NO3,mFRR,Not Specified,Not Specified,MARGINAL,100.0,45.96
22/02/2023 12:00:00 - 22/02/2023 13:00:00,SCA|NO3,mFRR,Not Specified,Not Specified,MARGINAL,43.36,43.36
22/02/2023 13:00:00 - 22/02/2023 14:00:00,SCA|NO3,mFRR,Not Specified,Not Specified,MARGINAL,41.72,41.72
22/02/2023 14:00:00 - 22/02/2023 15:00:00,SCA|NO3,mFRR,Not Specified,Not Specified,MARGINAL,40.68,40.68
22/02/2023 15:00:00 - 22/02/2023 16:00:00,SCA|NO3,mFRR,Not Specified,Not Specified,MARGINAL,39.24,39.24
22/02/2023 16:00:00 - 22/02/2023 17:00:00,SCA|NO3,mFRR,Not Specified,Not Specified,MARGINAL,37.92,37.92
22/02/2023 17:00:00 - 22/02/2023 18:00:00,SCA|NO3,mFRR,Not Specified,Not Specified,MARGINAL,36.14,22.5
22/02/2023 18:00:00 - 22/02/2023 19:00:00,SCA|NO3,mFRR,Not Specified,Not Specified,MARGINAL,36.28,18.27
22/02/2023 19:00:00 - 22/02/2023 20:00:00,SCA|NO3,mFRR,Not Specified,Not Specified,MARGINAL,34.13,18.27
22/02/2023 20:00:00 - 22/02/2023 21:00:00,SCA|NO3,mFRR,Not Specified,Not Specified,MARGINAL,33.8,18.27
22/02/2023 21:00:00 - 22/02/2023 22:00:00,SCA|NO3,mFRR,Not Specified,Not Specified,MARGINAL,32.76,22.0
22/02/2023 22:00:00 - 22/02/2023 23:00:00,SCA|NO3,mFRR,Not Specified,Not Specified,MARGINAL,31.71,31.71
22/02/2023 23:00:00 - 23/02/2023 00:00:00,SCA|NO3,mFRR,Not Specified,Not Specified,MARGINAL,28.74,28.74
23/02/2023 00:00:00 - 23/02/2023 01:00:00,SCA|NO3,mFRR,Not Specified,Not Specified,MARGINAL,30.19,30.19
23/02/2023 01:00:00 - 23/02/2023 02:00:00,SCA|NO3,mFRR,Not Specified,Not Specified,MARGINAL,30.72,30.72
23/02/2023 02:00:00 - 23/02/2023 03:00:00,SCA|NO3,mFRR,Not Specified,Not Specified,MARGINAL,30.68,30.68
23/02/2023 03:00:00 - 23/02/2023 04:00:00,SCA|NO3,mFRR,Not Specified,Not Specified,MARGINAL,32.91,32.91
23/02/2023 04:00:00 - 23/02/2023 05:00:00,SCA|NO3,mFRR,Not Specified,Not Specified,MARGINAL,37.79,37.79
23/02/2023 05:00:00 - 23/02/2023 06:00:00,SCA|NO3,mFRR,Not Specified,Not Specified,MARGINAL,40.12,40.12
23/02/2023 06:00:00 - 23/02/2023 07:00:00,SCA|NO3,mFRR,Not Specified,Not Specified,MARGINAL,43.68,43.68
23/02/2023 07:00:00 - 23/02/2023 08:00:00,SCA|NO3,mFRR,Not Specified,Not Specified,MARGINAL,43.81,43.81
23/02/2023 08:00:00 - 23/02/2023 09:00:00,SCA|NO3,mFRR,Not Specified,Not Specified,MARGINAL,41.99,21.0
23/02/2023 09:00:00 - 23/02/2023 10:00:00,SCA|NO3,mFRR,Not Specified,Not Specified,MARGINAL,39.96,28.0
23/02/2023 10:00:00 - 23/02/2023 11:00:00,SCA|NO3,mFRR,Not Specified,Not Specified,MARGINAL,39.03,39.03
23/02/2023 11:00:00 - 23/02/2023 12:00:00,SCA|NO3,mFRR,Not Specified,Not Specified,MARGINAL,37.99,37.99
23/02/2023 12:00:00 - 23/02/2023 13:00:00,SCA|NO3,mFRR,Not Specified,Not Specified,MARGINAL,39.14,26.97
23/02/2023 13:00:00 - 23/02/2023 14:00:00,SCA|NO3,mFRR,Not Specified,Not Specified,MARGINAL,40.67,20.0
23/02/2023 14:00:00 - 23/02/2023 15:00:00,SCA|NO3,mFRR,Not Specified,Not Specified,MARGINAL,41.98,20.0
23/02/2023 15:00:00 - 23/02/2023 16:00:00,SCA|NO3,mFRR,Not Specified,Not Specified,MARGINAL,43.64,43.64
23/02/2023 16:00:00 - 23/02/2023 17:00:00,SCA|NO3,mFRR,Not Specified,Not Specified,MARGINAL,43.03,43.03
23/02/2023 17:00:00 - 23/02/2023 18:00:00,SCA|NO3,mFRR,Not Specified,Not Specified,MARGINAL,42.0,35.5
23/02/2023 18:00:00 - 23/02/2023 19:00:00,SCA|NO3,mFRR,Not Specified,Not Specified,MARGINAL,40.71,40.71
23/02/2023 19:00:00 - 23/02/2023 20:00:00,SCA|NO3,mFRR,Not Specified,Not Specified,MARGINAL,39.9,39.9
23/02/2023 20:00:00 - 23/02/2023 21:00:00,SCA|NO3,mFRR,Not Specified,Not Specified,MARGINAL,40.21,40.21
23/02/2023 21:00:00 - 23/02/2023 22:00:00,SCA|NO3,mFRR,Not Specified,Not Specified,MARGINAL,40.83,40.83
23/02/2023 22:00:00 - 23/02/2023 23:00:00,SCA|NO3,mFRR,Not Specified,Not Specified,MARGINAL,41.93,17.5
23/02/2023 23:00:00 - 24/02/2023 00:00:00,SCA|NO3,mFRR,Not Specified,Not Specified,MARGINAL,41.84,16.5
24/02/2023 00:00:00 - 24/02/2023 01:00:00,SCA|NO3,mFRR,Not Specified,Not Specified,MARGINAL,43.96,19.0
24/02/2023 01:00:00 - 24/02/2023 02:00:00,SCA|NO3,mFRR,Not Specified,Not Specified,MARGINAL,44.58,25.0
24/02/2023 02:00:00 - 24/02/2023 03:00:00,SCA|NO3,mFRR,Not Specified,Not Specified,MARGINAL,44.93,24.4
24/02/2023 03:00:00 - 24/02/2023 04:00:00,SCA|NO3,mFRR,Not Specified,Not Specified,MARGINAL,44.97,29.0
24/02/2023 04:00:00 - 24/02/2023 05:00:00,SCA|NO3,mFRR,Not Specified,Not Specified,MARGINAL,44.94,44.94
24/02/2023 05:00:00 - 24/02/2023 06:00:00,SCA|NO3,mFRR,Not Specified,Not Specified,MARGINAL,47.57,47.57
24/02/2023 06:00:00 - 24/02/2023 07:00:00,SCA|NO3,mFRR,Not Specified,Not Specified,MARGINAL,59.66,59.66
24/02/2023 07:00:00 - 24/02/2023 08:00:00,SCA|NO3,mFRR,Not Specified,Not Specified,MARGINAL,62.97,62.97
24/02/2023 08:00:00 - 24/02/2023 09:00:00,SCA|NO3,mFRR,Not Specified,Not Specified,MARGINAL,73.3,73.3
24/02/2023 09:00:00 - 24/02/2023 10:00:00,SCA|NO3,mFRR,Not Specified,Not Specified,MARGINAL,72.66,72.66
24/02/2023 10:00:00 - 24/02/2023 11:00:00,SCA|NO3,mFRR,Not Specified,Not Specified,MARGINAL,73.45,73.45
24/02/2023 11:00:00 - 24/02/2023 12:00:00,SCA|NO3,mFRR,Not Specified,Not Specified,MARGINAL,77.16,77.16
24/02/2023 12:00:00 - 24/02/2023 13:00:00,SCA|NO3,mFRR,Not Specified,Not Specified,MARGINAL,74.56,33.0
24/02/2023 13:00:00 - 24/02/2023 14:00:00,SCA|NO3,mFRR,Not Specified,Not Specified,MARGINAL,62.49,28.01
24/02/2023 14:00:00 - 24/02/2023 15:00:00,SCA|NO3,mFRR,Not Specified,Not Specified,MARGINAL,53.27,27.85
24/02/2023 15:00:00 - 24/02/2023 16:00:00,SCA|NO3,mFRR,Not Specified,Not Specified,MARGINAL,45.72,28.0
24/02/2023 16:00:00 - 24/02/2023 17:00:00,SCA|NO3,mFRR,Not Specified,Not Specified,MARGINAL,42.45,21.0
24/02/2023 17:00:00 - 24/02/2023 18:00:00,SCA|NO3,mFRR,Not Specified,Not Specified,MARGINAL,39.92,21.0
24/02/2023 18:00:00 - 24/02/2023 19:00:00,SCA|NO3,mFRR,Not Specified,Not Specified,MARGINAL,39.94,19.0
24/02/2023 19:00:00 - 24/02/2023 20:00:00,SCA|NO3,mFRR,Not Specified,Not Specified,MARGINAL,39.48,19.0
24/02/2023 20:00:00 - 24/02/2023 21:00:00,SCA|NO3,mFRR,Not Specified,Not Specified,MARGINAL,40.08,19.0
24/02/2023 21:00:00 - 24/02/2023 22:00:00,SCA|NO3,mFRR,Not Specified,Not Specified,MARGINAL,33.87,19.0
24/02/2023 22:00:00 - 24/02/2023 23:00:00,SCA|NO3,mFRR,Not Specified,Not Specified,MARGINAL,29.53,19.0
24/02/2023 23:00:00 - 25/02/2023 00:00:00,SCA|NO3,mFRR,Not Specified,Not Specified,MARGINAL,27.97,19.5
25/02/2023 00:00:00 - 25/02/2023 01:00:00,SCA|NO3,mFRR,Not Specified,Not Specified,MARGINAL,40.0,19.08
25/02/2023 01:00:00 - 25/02/2023 02:00:00,SCA|NO3,mFRR,Not Specified,Not Specified,MARGINAL,40.0,23.84
25/02/2023 02:00:00 - 25/02/2023 03:00:00,SCA|NO3,mFRR,Not Specified,Not Specified,MARGINAL,45.72,23.34
25/02/2023 03:00:00 - 25/02/2023 04:00:00,SCA|NO3,mFRR,Not Specified,Not Specified,MARGINAL,45.0,23.11
25/02/2023 04:00:00 - 25/02/2023 05:00:00,SCA|NO3,mFRR,Not Specified,Not Specified,MARGINAL,45.0,23.28
25/02/2023 05:00:00 - 25/02/2023 06:00:00,SCA|NO3,mFRR,Not Specified,Not Specified,MARGINAL,45.0,23.74
25/02/2023 06:00:00 - 25/02/2023 07:00:00,SCA|NO3,mFRR,Not Specified,Not Specified,MARGINAL,45.0,24.42
25/02/2023 07:00:00 - 25/02/2023 08:00:00,SCA|NO3,mFRR,Not Specified,Not Specified,MARGINAL,45.0,28.0
25/02/2023 08:00:00 - 25/02/2023 09:00:00,SCA|NO3,mFRR,Not Specified,Not Specified,MARGINAL,45.0,32.89
25/02/2023 09:00:00 - 25/02/2023 10:00:00,SCA|NO3,mFRR,Not Specified,Not Specified,MARGINAL,57.2,34.0
25/02/2023 10:00:00 - 25/02/2023 11:00:00,SCA|NO3,mFRR,Not Specified,Not Specified,MARGINAL,57.19,33.04
25/02/2023 11:00:00 - 25/02/2023 12:00:00,SCA|NO3,mFRR,Not Specified,Not Specified,MARGINAL,57.0,32.93
25/02/2023 12:00:00 - 25/02/2023 13:00:00,SCA|NO3,mFRR,Not Specified,Not Specified,MARGINAL,50.0,30.97
25/02/2023 13:00:00 - 25/02/2023 14:00:00,SCA|NO3,mFRR,Not Specified,Not Specified,MARGINAL,30.37,30.37
25/02/2023 14:00:00 - 25/02/2023 15:00:00,SCA|NO3,mFRR,Not Specified,Not Specified,MARGINAL,29.53,29.53
25/02/2023 15:00:00 - 25/02/2023 16:00:00,SCA|NO3,mFRR,Not Specified,Not Specified,MARGINAL,30.47,30.47
25/02/2023 16:00:00 - 25/02/2023 17:00:00,SCA|NO3,mFRR,Not Specified,Not Specified,MARGINAL,33.33,33.33
25/02/2023 17:00:00 - 25/02/2023 18:00:00,SCA|NO3,mFRR,Not Specified,Not Specified,MARGINAL,36.04,36.04
25/02/2023 18:00:00 - 25/02/2023 19:00:00,SCA|NO3,mFRR,Not Specified,Not Specified,MARGINAL,38.61,22.5
25/02/2023 19:00:00 - 25/02/2023 20:00:00,SCA|NO3,mFRR,Not Specified,Not Specified,MARGINAL,41.73,22.5
25/02/2023 20:00:00 - 25/02/2023 21:00:00,SCA|NO3,mFRR,Not Specified,Not Specified,MARGINAL,42.88,22.5
25/02/2023 21:00:00 - 25/02/2023 22:00:00,SCA|NO3,mFRR,Not Specified,Not Specified,MARGINAL,43.05,22.86
25/02/2023 22:00:00 - 25/02/2023 23:00:00,SCA|NO3,mFRR,Not Specified,Not Specified,MARGINAL,43.61,43.61
25/02/2023 23:00:00 - 26/02/2023 00:00:00,SCA|NO3,mFRR,Not Specified,Not Specified,MARGINAL,43.19,43.19
26/02/2023 00:00:00 - 26/02/2023 01:00:00,SCA|NO3,mFRR,Not Specified,Not Specified,MARGINAL,43.55,43.55
26/02/2023 01:00:00 - 26/02/2023 02:00:00,SCA|NO3,mFRR,Not Specified,Not Specified,MARGINAL,40.53,40.53
26/02/2023 02:00:00 - 26/02/2023 03:00:00,SCA|NO3,mFRR,Not Specified,Not Specified,MARGINAL,36.93,36.93
26/02/2023 03:00:00 - 26/02/2023 04:00:00,SCA|NO3,mFRR,Not Specified,Not Specified,MARGINAL,35.49,35.49
26/02/2023 04:00:00 - 26/02/2023 05:00:00,SCA|NO3,mFRR,Not Specified,Not Specified,MARGINAL,35.98,35.98
26/02/2023 05:00:00 - 26/02/2023 06:00:00,SCA|NO3,mFRR,Not Specified,Not Specified,MARGINAL,36.02,22.5
26/02/2023 06:00:00 - 26/02/2023 07:00:00,SCA|NO3,mFRR,Not Specified,Not Specified,MARGINAL,37.15,18.0
26/02/2023 07:00:00 - 26/02/2023 08:00:00,SCA|NO3,mFRR,Not Specified,Not Specified,MARGINAL,38.96,17.0
26/02/2023 08:00:00 - 26/02/2023 09:00:00,SCA|NO3,mFRR,Not Specified,Not Specified,MARGINAL,41.35,17.5
26/02/2023 09:00:00 - 26/02/2023 10:00:00,SCA|NO3,mFRR,Not Specified,Not Specified,MARGINAL,45.88,20.0
26/02/2023 10:00:00 - 26/02/2023 11:00:00,SCA|NO3,mFRR,Not Specified,Not Specified,MARGINAL,49.33,21.0
26/02/2023 11:00:00 - 26/02/2023 12:00:00,SCA|NO3,mFRR,Not Specified,Not Specified,MARGINAL,55.25,33.5
26/02/2023 12:00:00 - 26/02/2023 13:00:00,SCA|NO3,mFRR,Not Specified,Not Specified,MARGINAL,52.92,52.92
26/02/2023 13:00:00 - 26/02/2023 14:00:00,SCA|NO3,mFRR,Not Specified,Not Specified,MARGINAL,47.93,41.3
26/02/2023 14:00:00 - 26/02/2023 15:00:00,SCA|NO3,mFRR,Not Specified,Not Specified,MARGINAL,41.45,36.94
26/02/2023 15:00:00 - 26/02/2023 16:00:00,SCA|NO3,mFRR,Not Specified,Not Specified,MARGINAL,36.82,36.0
26/02/2023 16:00:00 - 26/02/2023 17:00:00,SCA|NO3,mFRR,Not Specified,Not Specified,MARGINAL,35.93,35.43
26/02/2023 17:00:00 - 26/02/2023 18:00:00,SCA|NO3,mFRR,Not Specified,Not Specified,MARGINAL,35.09,35.09
26/02/2023 18:00:00 - 26/02/2023 19:00:00,SCA|NO3,mFRR,Not Specified,Not Specified,MARGINAL,33.97,33.97
26/02/2023 19:00:00 - 26/02/2023 20:00:00,SCA|NO3,mFRR,Not Specified,Not Specified,MARGINAL,31.3,31.3
26/02/2023 20:00:00 - 26/02/2023 21:00:00,SCA|NO3,mFRR,Not Specified,Not Specified,MARGINAL,31.73,31.73
26/02/2023 21:00:00 - 26/02/2023 22:00:00,SCA|NO3,mFRR,Not Specified,Not Specified,MARGINAL,30.98,30.98
26/02/2023 22:00:00 - 26/02/2023 23:00:00,SCA|NO3,mFRR,Not Specified,Not Specified,MARGINAL,31.8,31.8
26/02/2023 23:00:00 - 27/02/2023 00:00:00,SCA|NO3,mFRR,Not Specified,Not Specified,MARGINAL,31.89,31.89
27/02/2023 00:00:00 - 27/02/2023 01:00:00,SCA|NO3,mFRR,Not Specified,Not Specified,MARGINAL,28.56,18.5
27/02/2023 01:00:00 - 27/02/2023 02:00:00,SCA|NO3,mFRR,Not Specified,Not Specified,MARGINAL,28.17,13.71
27/02/2023 02:00:00 - 27/02/2023 03:00:00,SCA|NO3,mFRR,Not Specified,Not Specified,MARGINAL,27.91,10.97
27/02/2023 03:00:00 - 27/02/2023 04:00:00,SCA|NO3,mFRR,Not Specified,Not Specified,MARGINAL,27.68,10.97
27/02/2023 04:00:00 - 27/02/2023 05:00:00,SCA|NO3,mFRR,Not Specified,Not Specified,MARGINAL,27.59,10.97
27/02/2023 05:00:00 - 27/02/2023 06:00:00,SCA|NO3,mFRR,Not Specified,Not Specified,MARGINAL,27.82,10.0
27/02/2023 06:00:00 - 27/02/2023 07:00:00,SCA|NO3,mFRR,Not Specified,Not Specified,MARGINAL,28.75,6.0
27/02/2023 07:00:00 - 27/02/2023 08:00:00,SCA|NO3,mFRR,Not Specified,Not Specified,MARGINAL,29.21,6.0
27/02/2023 08:00:00 - 27/02/2023 09:00:00,SCA|NO3,mFRR,Not Specified,Not Specified,MARGINAL,29.55,6.0
27/02/2023 09:00:00 - 27/02/2023 10:00:00,SCA|NO3,mFRR,Not Specified,Not Specified,MARGINAL,30.55,6.08
27/02/2023 10:00:00 - 27/02/2023 11:00:00,SCA|NO3,mFRR,Not Specified,Not Specified,MARGINAL,29.94,10.0
27/02/2023 11:00:00 - 27/02/2023 12:00:00,SCA|NO3,mFRR,Not Specified,Not Specified,MARGINAL,30.22,10.0
27/02/2023 12:00:00 - 27/02/2023 13:00:00,SCA|NO3,mFRR,Not Specified,Not Specified,MARGINAL,30.29,10.0
27/02/2023 13:00:00 - 27/02/2023 14:00:00,SCA|NO3,mFRR,Not Specified,Not Specified,MARGINAL,28.95,4.57
27/02/2023 14:00:00 - 27/02/2023 15:00:00,SCA|NO3,mFRR,Not Specified,Not Specified,MARGINAL,28.5,-1.0
27/02/2023 15:00:00 - 27/02/2023 16:00:00,SCA|NO3,mFRR,Not Specified,Not Specified,MARGINAL,28.53,-1.0
27/02/2023 16:00:00 - 27/02/2023 17:00:00,SCA|NO3,mFRR,Not Specified,Not Specified,MARGINAL,28.33,-1.0
27/02/2023 17:00:00 - 27/02/2023 18:00:00,SCA|NO3,mFRR,Not Specified,Not Specified,MARGINAL,28.26,-1.0
27/02/2023 18:00:00 - 27/02/2023 19:00:00,SCA|NO3,mFRR,Not Specified,Not Specified,MARGINAL,28.03,-0.59
27/02/2023 19:00:00 - 27/02/2023 20:00:00,SCA|NO3,mFRR,Not Specified,Not Specified,MARGINAL,27.77,1.5
27/02/2023 20:00:00 - 27/02/2023 21:00:00,SCA|NO3,mFRR,Not Specified,Not Specified,MARGINAL,26.95,1.5
27/02/2023 21:00:00 - 27/02/2023 22:00:00,SCA|NO3,mFRR,Not Specified,Not Specified,MARGINAL,26.29,1.5
27/02/2023 22:00:00 - 27/02/2023 23:00:00,SCA|NO3,mFRR,Not Specified,Not Specified,MARGINAL,23.88,1.5
27/02/2023 23:00:00 - 28/02/2023 00:00:00,SCA|NO3,mFRR,Not Specified,Not Specified,MARGINAL,23.1,-2.6
28/02/2023 00:00:00 - 28/02/2023 01:00:00,SCA|NO3,mFRR,Not Specified,Not Specified,MARGINAL,22.14,-2.6
28/02/2023 01:00:00 - 28/02/2023 02:00:00,SCA|NO3,mFRR,Not Specified,Not Specified,MARGINAL,22.5,-2.6
28/02/2023 02:00:00 - 28/02/2023 03:00:00,SCA|NO3,mFRR,Not Specified,Not Specified,MARGINAL,23.07,5.5
28/02/2023 03:00:00 - 28/02/2023 04:00:00,SCA|NO3,mFRR,Not Specified,Not Specified,MARGINAL,23.47,1.72
28/02/2023 04:00:00 - 28/02/2023 05:00:00,SCA|NO3,mFRR,Not Specified,Not Specified,MARGINAL,26.43,0.0
28/02/2023 05:00:00 - 28/02/2023 06:00:00,SCA|NO3,mFRR,Not Specified,Not Specified,MARGINAL,28.47,0.0
28/02/2023 06:00:00 - 28/02/2023 07:00:00,SCA|NO3,mFRR,Not Specified,Not Specified,MARGINAL,31.95,3.0
28/02/2023 07:00:00 - 28/02/2023 08:00:00,SCA|NO3,mFRR,Not Specified,Not Specified,MARGINAL,36.67,15.0
28/02/2023 08:00:00 - 28/02/2023 09:00:00,SCA|NO3,mFRR,Not Specified,Not Specified,MARGINAL,41.21,15.0
28/02/2023 09:00:00 - 28/02/2023 10:00:00,SCA|NO3,mFRR,Not Specified,Not Specified,MARGINAL,41.46,15.0
28/02/2023 10:00:00 - 28/02/2023 11:00:00,SCA|NO3,mFRR,Not Specified,Not Specified,MARGINAL,41.16,15.0
28/02/2023 11:00:00 - 28/02/2023 12:00:00,SCA|NO3,mFRR,Not Specified,Not Specified,MARGINAL,41.32,15.0
28/02/2023 12:00:00 - 28/02/2023 13:00:00,SCA|NO3,mFRR,Not Specified,Not Specified,MARGINAL,41.26,15.0
28/02/2023 13:00:00 - 28/02/2023 14:00:00,SCA|NO3,mFRR,Not Specified,Not Specified,MARGINAL,41.72,15.0
28/02/2023 14:00:00 - 28/02/2023 15:00:00,SCA|NO3,mFRR,Not Specified,Not Specified,MARGINAL,42.69,12.0
28/02/2023 15:00:00 - 28/02/2023 16:00:00,SCA|NO3,mFRR,Not Specified,Not Specified,MARGINAL,43.31,12.0
28/02/2023 16:00:00 - 28/02/2023 17:00:00,SCA|NO3,mFRR,Not Specified,Not Specified,MARGINAL,43.39,12.0
28/02/2023 17:00:00 - 28/02/2023 18:00:00,SCA|NO3,mFRR,Not Specified,Not Specified,MARGINAL,43.34,12.0
28/02/2023 18:00:00 - 28/02/2023 19:00:00,SCA|NO3,mFRR,Not Specified,Not Specified,MARGINAL,41.41,15.0
28/02/2023 19:00:00 - 28/02/2023 20:00:00,SCA|NO3,mFRR,Not Specified,Not Specified,MARGINAL,41.05,16.42
28/02/2023 20:00:00 - 28/02/2023 21:00:00,SCA|NO3,mFRR,Not Specified,Not Specified,MARGINAL,40.4,16.42
28/02/2023 21:00:00 - 28/02/2023 22:00:00,SCA|NO3,mFRR,Not Specified,Not Specified,MARGINAL,39.85,10.0
28/02/2023 22:00:00 - 28/02/2023 23:00:00,SCA|NO3,mFRR,Not Specified,Not Specified,MARGINAL,33.27,10.0
28/02/2023 23:00:00 - 01/03/2023 00:00:00,SCA|NO3,mFRR,Not Specified,Not Specified,MARGINAL,28.25,10.5
01/03/2023 00:00:00 - 01/03/2023 01:00:00,SCA|NO3,mFRR,Not Specified,Not Specified,MARGINAL,26.91,10.94
01/03/2023 01:00:00 - 01/03/2023 02:00:00,SCA|NO3,mFRR,Not Specified,Not Specified,MARGINAL,25.47,10.94
01/03/2023 02:00:00 - 01/03/2023 03:00:00,SCA|NO3,mFRR,Not Specified,Not Specified,MARGINAL,25.54,15.0
01/03/2023 03:00:00 - 01/03/2023 04:00:00,SCA|NO3,mFRR,Not Specified,Not Specified,MARGINAL,26.01,15.0
01/03/2023 04:00:00 - 01/03/2023 05:00:00,SCA|NO3,mFRR,Not Specified,Not Specified,MARGINAL,28.04,15.0
01/03/2023 05:00:00 - 01/03/2023 06:00:00,SCA|NO3,mFRR,Not Specified,Not Specified,MARGINAL,28.95,15.0
01/03/2023 06:00:00 - 01/03/2023 07:00:00,SCA|NO3,mFRR,Not Specified,Not Specified,MARGINAL,28.82,18.23
01/03/2023 07:00:00 - 01/03/2023 08:00:00,SCA|NO3,mFRR,Not Specified,Not Specified,MARGINAL,28.77,18.0
01/03/2023 08:00:00 - 01/03/2023 09:00:00,SCA|NO3,mFRR,Not Specified,Not Specified,MARGINAL,28.82,18.0
01/03/2023 09:00:00 - 01/03/2023 10:00:00,SCA|NO3,mFRR,Not Specified,Not Specified,MARGINAL,28.58,28.58
01/03/2023 10:00:00 - 01/03/2023 11:00:00,SCA|NO3,mFRR,Not Specified,Not Specified,MARGINAL,28.89,28.89
01/03/2023 11:00:00 - 01/03/2023 12:00:00,SCA|NO3,mFRR,Not Specified,Not Specified,MARGINAL,29.28,29.28
01/03/2023 12:00:00 - 01/03/2023 13:00:00,SCA|NO3,mFRR,Not Specified,Not Specified,MARGINAL,29.89,29.89
01/03/2023 13:00:00 - 01/03/2023 14:00:00,SCA|NO3,mFRR,Not Specified,Not Specified,MARGINAL,29.42,29.42
01/03/2023 14:00:00 - 01/03/2023 15:00:00,SCA|NO3,mFRR,Not Specified,Not Specified,MARGINAL,28.71,28.71
01/03/2023 15:00:00 - 01/03/2023 16:00:00,SCA|NO3,mFRR,Not Specified,Not Specified,MARGINAL,28.19,28.19
01/03/2023 16:00:00 - 01/03/2023 17:00:00,SCA|NO3,mFRR,Not Specified,Not Specified,MARGINAL,27.54,27.54
01/03/2023 17:00:00 - 01/03/2023 18:00:00,SCA|NO3,mFRR,Not Specified,Not Specified,MARGINAL,27.31,27.31
01/03/2023 18:00:00 - 01/03/2023 19:00:00,SCA|NO3,mFRR,Not Specified,Not Specified,MARGINAL,27.66,27.66
01/03/2023 19:00:00 - 01/03/2023 20:00:00,SCA|NO3,mFRR,Not Specified,Not Specified,MARGINAL,27.65,27.65
01/03/2023 20:00:00 - 01/03/2023 21:00:00,SCA|NO3,mFRR,Not Specified,Not Specified,MARGINAL,28.01,19.0
01/03/2023 21:00:00 - 01/03/2023 22:00:00,SCA|NO3,mFRR,Not Specified,Not Specified,MARGINAL,27.11,17.0
01/03/2023 22:00:00 - 01/03/2023 23:00:00,SCA|NO3,mFRR,Not Specified,Not Specified,MARGINAL,22.74,10.0
01/03/2023 23:00:00 - 02/03/2023 00:00:00,SCA|NO3,mFRR,Not Specified,Not Specified,MARGINAL,21.27,4.0
02/03/2023 00:00:00 - 02/03/2023 01:00:00,SCA|NO3,mFRR,Not Specified,Not Specified,MARGINAL,16.86,1.0
02/03/2023 01:00:00 - 02/03/2023 02:00:00,SCA|NO3,mFRR,Not Specified,Not Specified,MARGINAL,12.89,1.0
02/03/2023 02:00:00 - 02/03/2023 03:00:00,SCA|NO3,mFRR,Not Specified,Not Specified,MARGINAL,10.46,1.0
02/03/2023 03:00:00 - 02/03/2023 04:00:00,SCA|NO3,mFRR,Not Specified,Not Specified,MARGINAL,12.65,1.0
02/03/2023 04:00:00 - 02/03/2023 05:00:00,SCA|NO3,mFRR,Not Specified,Not Specified,MARGINAL,17.49,1.0
02/03/2023 05:00:00 - 02/03/2023 06:00:00,SCA|NO3,mFRR,Not Specified,Not Specified,MARGINAL,22.05,22.05
02/03/2023 06:00:00 - 02/03/2023 07:00:00,SCA|NO3,mFRR,Not Specified,Not Specified,MARGINAL,23.84,23.84
02/03/2023 07:00:00 - 02/03/2023 08:00:00,SCA|NO3,mFRR,Not Specified,Not Specified,MARGINAL,26.11,17.0
02/03/2023 08:00:00 - 02/03/2023 09:00:00,SCA|NO3,mFRR,Not Specified,Not Specified,MARGINAL,26.52,17.0
02/03/2023 09:00:00 - 02/03/2023 10:00:00,SCA|NO3,mFRR,Not Specified,Not Specified,MARGINAL,26.22,17.0
02/03/2023 10:00:00 - 02/03/2023 11:00:00,SCA|NO3,mFRR,Not Specified,Not Specified,MARGINAL,25.28,10.87
02/03/2023 11:00:00 - 02/03/2023 12:00:00,SCA|NO3,mFRR,Not Specified,Not Specified,MARGINAL,24.21,10.5
02/03/2023 12:00:00 - 02/03/2023 13:00:00,SCA|NO3,mFRR,Not Specified,Not Specified,MARGINAL,23.78,10.5
02/03/2023 13:00:00 - 02/03/2023 14:00:00,SCA|NO3,mFRR,Not Specified,Not Specified,MARGINAL,23.55,18.5
02/03/2023 14:00:00 - 02/03/2023 15:00:00,SCA|NO3,mFRR,Not Specified,Not Specified,MARGINAL,23.19,23.19
02/03/2023 15:00:00 - 02/03/2023 16:00:00,SCA|NO3,mFRR,Not Specified,Not Specified,MARGINAL,22.64,22.64
02/03/2023 16:00:00 - 02/03/2023 17:00:00,SCA|NO3,mFRR,Not Specified,Not Specified,MARGINAL,22.76,22.76
02/03/2023 17:00:00 - 02/03/2023 18:00:00,SCA|NO3,mFRR,Not Specified,Not Specified,MARGINAL,23.47,23.47
02/03/2023 18:00:00 - 02/03/2023 19:00:00,SCA|NO3,mFRR,Not Specified,Not Specified,MARGINAL,23.59,23.59
02/03/2023 19:00:00 - 02/03/2023 20:00:00,SCA|NO3,mFRR,Not Specified,Not Specified,MARGINAL,23.63,23.63
02/03/2023 20:00:00 - 02/03/2023 21:00:00,SCA|NO3,mFRR,Not Specified,Not Specified,MARGINAL,22.77,22.77
02/03/2023 21:00:00 - 02/03/2023 22:00:00,SCA|NO3,mFRR,Not Specified,Not Specified,MARGINAL,29.45,23.32
02/03/2023 22:00:00 - 02/03/2023 23:00:00,SCA|NO3,mFRR,Not Specified,Not Specified,MARGINAL,29.45,23.0
02/03/2023 23:00:00 - 03/03/2023 00:00:00,SCA|NO3,mFRR,Not Specified,Not Specified,MARGINAL,29.45,22.54
03/03/2023 00:00:00 - 03/03/2023 01:00:00,SCA|NO3,mFRR,Not Specified,Not Specified,MARGINAL,21.53,21.53
03/03/2023 01:00:00 - 03/03/2023 02:00:00,SCA|NO3,mFRR,Not Specified,Not Specified,MARGINAL,21.54,21.54
03/03/2023 02:00:00 - 03/03/2023 03:00:00,SCA|NO3,mFRR,Not Specified,Not Specified,MARGINAL,22.0,22.0
03/03/2023 03:00:00 - 03/03/2023 04:00:00,SCA|NO3,mFRR,Not Specified,Not Specified,MARGINAL,22.52,22.52
03/03/2023 04:00:00 - 03/03/2023 05:00:00,SCA|NO3,mFRR,Not Specified,Not Specified,MARGINAL,23.49,23.49
03/03/2023 05:00:00 - 03/03/2023 06:00:00,SCA|NO3,mFRR,Not Specified,Not Specified,MARGINAL,26.17,26.17
03/03/2023 06:00:00 - 03/03/2023 07:00:00,SCA|NO3,mFRR,Not Specified,Not Specified,MARGINAL,28.08,18.0
03/03/2023 07:00:00 - 03/03/2023 08:00:00,SCA|NO3,mFRR,Not Specified,Not Specified,MARGINAL,28.79,18.0
03/03/2023 08:00:00 - 03/03/2023 09:00:00,SCA|NO3,mFRR,Not Specified,Not Specified,MARGINAL,28.81,18.0
03/03/2023 09:00:00 - 03/03/2023 10:00:00,SCA|NO3,mFRR,Not Specified,Not Specified,MARGINAL,28.9,28.9
03/03/2023 10:00:00 - 03/03/2023 11:00:00,SCA|NO3,mFRR,Not Specified,Not Specified,MARGINAL,29.18,29.18
03/03/2023 11:00:00 - 03/03/2023 12:00:00,SCA|NO3,mFRR,Not Specified,Not Specified,MARGINAL,29.25,29.25
03/03/2023 12:00:00 - 03/03/2023 13:00:00,SCA|NO3,mFRR,Not Specified,Not Specified,MARGINAL,28.82,18.0
03/03/2023 13:00:00 - 03/03/2023 14:00:00,SCA|NO3,mFRR,Not Specified,Not Specified,MARGINAL,27.07,18.0
03/03/2023 14:00:00 - 03/03/2023 15:00:00,SCA|NO3,mFRR,Not Specified,Not Specified,MARGINAL,25.32,18.0
03/03/2023 15:00:00 - 03/03/2023 16:00:00,SCA|NO3,mFRR,Not Specified,Not Specified,MARGINAL,24.57,24.57
03/03/2023 16:00:00 - 03/03/2023 17:00:00,SCA|NO3,mFRR,Not Specified,Not Specified,MARGINAL,23.97,23.97
03/03/2023 17:00:00 - 03/03/2023 18:00:00,SCA|NO3,mFRR,Not Specified,Not Specified,MARGINAL,42.78,24.75
03/03/2023 18:00:00 - 03/03/2023 19:00:00,SCA|NO3,mFRR,Not Specified,Not Specified,MARGINAL,42.0,25.47
03/03/2023 19:00:00 - 03/03/2023 20:00:00,SCA|NO3,mFRR,Not Specified,Not Specified,MARGINAL,33.0,24.56
03/03/2023 20:00:00 - 03/03/2023 21:00:00,SCA|NO3,mFRR,Not Specified,Not Specified,MARGINAL,24.27,24.27
03/03/2023 21:00:00 - 03/03/2023 22:00:00,SCA|NO3,mFRR,Not Specified,Not Specified,MARGINAL,34.0,23.17
03/03/2023 22:00:00 - 03/03/2023 23:00:00,SCA|NO3,mFRR,Not Specified,Not Specified,MARGINAL,34.0,22.37
03/03/2023 23:00:00 - 04/03/2023 00:00:00,SCA|NO3,mFRR,Not Specified,Not Specified,MARGINAL,34.0,21.56
04/03/2023 00:00:00 - 04/03/2023 01:00:00,SCA|NO3,mFRR,Not Specified,Not Specified,MARGINAL,34.0,24.81
04/03/2023 01:00:00 - 04/03/2023 02:00:00,SCA|NO3,mFRR,Not Specified,Not Specified,MARGINAL,24.71,24.71
04/03/2023 02:00:00 - 04/03/2023 03:00:00,SCA|NO3,mFRR,Not Specified,Not Specified,MARGINAL,24.17,24.17
04/03/2023 03:00:00 - 04/03/2023 04:00:00,SCA|NO3,mFRR,Not Specified,Not Specified,MARGINAL,24.74,24.74
04/03/2023 04:00:00 - 04/03/2023 05:00:00,SCA|NO3,mFRR,Not Specified,Not Specified,MARGINAL,25.56,25.56
04/03/2023 05:00:00 - 04/03/2023 06:00:00,SCA|NO3,mFRR,Not Specified,Not Specified,MARGINAL,27.64,27.64
04/03/2023 06:00:00 - 04/03/2023 07:00:00,SCA|NO3,mFRR,Not Specified,Not Specified,MARGINAL,29.7,29.7
04/03/2023 07:00:00 - 04/03/2023 08:00:00,SCA|NO3,mFRR,Not Specified,Not Specified,MARGINAL,31.55,31.55
04/03/2023 08:00:00 - 04/03/2023 09:00:00,SCA|NO3,mFRR,Not Specified,Not Specified,MARGINAL,31.99,31.99
04/03/2023 09:00:00 - 04/03/2023 10:00:00,SCA|NO3,mFRR,Not Specified,Not Specified,MARGINAL,32.39,32.39
04/03/2023 10:00:00 - 04/03/2023 11:00:00,SCA|NO3,mFRR,Not Specified,Not Specified,MARGINAL,32.29,32.29
04/03/2023 11:00:00 - 04/03/2023 12:00:00,SCA|NO3,mFRR,Not Specified,Not Specified,MARGINAL,31.81,31.81
04/03/2023 12:00:00 - 04/03/2023 13:00:00,SCA|NO3,mFRR,Not Specified,Not Specified,MARGINAL,35.0,30.93
04/03/2023 13:00:00 - 04/03/2023 14:00:00,SCA|NO3,mFRR,Not Specified,Not Specified,MARGINAL,35.0,30.72
04/03/2023 14:00:00 - 04/03/2023 15:00:00,SCA|NO3,mFRR,Not Specified,Not Specified,MARGINAL,43.85,30.92
04/03/2023 15:00:00 - 04/03/2023 16:00:00,SCA|NO3,mFRR,Not Specified,Not Specified,MARGINAL,35.0,30.91
04/03/2023 16:00:00 - 04/03/2023 17:00:00,SCA|NO3,mFRR,Not Specified,Not Specified,MARGINAL,35.0,30.91
04/03/2023 17:00:00 - 04/03/2023 18:00:00,SCA|NO3,mFRR,Not Specified,Not Specified,MARGINAL,30.73,30.73
04/03/2023 18:00:00 - 04/03/2023 19:00:00,SCA|NO3,mFRR,Not Specified,Not Specified,MARGINAL,35.0,29.28
04/03/2023 19:00:00 - 04/03/2023 20:00:00,SCA|NO3,mFRR,Not Specified,Not Specified,MARGINAL,35.0,29.05
04/03/2023 20:00:00 - 04/03/2023 21:00:00,SCA|NO3,mFRR,Not Specified,Not Specified,MARGINAL,35.0,29.96
04/03/2023 21:00:00 - 04/03/2023 22:00:00,SCA|NO3,mFRR,Not Specified,Not Specified,MARGINAL,30.1,30.1
04/03/2023 22:00:00 - 04/03/2023 23:00:00,SCA|NO3,mFRR,Not Specified,Not Specified,MARGINAL,31.25,31.25
04/03/2023 23:00:00 - 05/03/2023 00:00:00,SCA|NO3,mFRR,Not Specified,Not Specified,MARGINAL,32.61,32.61
05/03/2023 00:00:00 - 05/03/2023 01:00:00,SCA|NO3,mFRR,Not Specified,Not Specified,MARGINAL,35.75,35.75
05/03/2023 01:00:00 - 05/03/2023 02:00:00,SCA|NO3,mFRR,Not Specified,Not Specified,MARGINAL,36.92,36.92
05/03/2023 02:00:00 - 05/03/2023 03:00:00,SCA|NO3,mFRR,Not Specified,Not Specified,MARGINAL,38.0,38.0
05/03/2023 03:00:00 - 05/03/2023 04:00:00,SCA|NO3,mFRR,Not Specified,Not Specified,MARGINAL,38.34,38.34
05/03/2023 04:00:00 - 05/03/2023 05:00:00,SCA|NO3,mFRR,Not Specified,Not Specified,MARGINAL,38.68,38.68
05/03/2023 05:00:00 - 05/03/2023 06:00:00,SCA|NO3,mFRR,Not Specified,Not Specified,MARGINAL,38.72,38.72
05/03/2023 06:00:00 - 05/03/2023 07:00:00,SCA|NO3,mFRR,Not Specified,Not Specified,MARGINAL,39.75,39.75
05/03/2023 07:00:00 - 05/03/2023 08:00:00,SCA|NO3,mFRR,Not Specified,Not Specified,MARGINAL,40.31,33.0
05/03/2023 08:00:00 - 05/03/2023 09:00:00,SCA|NO3,mFRR,Not Specified,Not Specified,MARGINAL,41.7,22.5
05/03/2023 09:00:00 - 05/03/2023 10:00:00,SCA|NO3,mFRR,Not Specified,Not Specified,MARGINAL,43.89,18.91
05/03/2023 10:00:00 - 05/03/2023 11:00:00,SCA|NO3,mFRR,Not Specified,Not Specified,MARGINAL,44.69,19.0
05/03/2023 11:00:00 - 05/03/2023 12:00:00,SCA|NO3,mFRR,Not Specified,Not Specified,MARGINAL,44.67,18.89
05/03/2023 12:00:00 - 05/03/2023 13:00:00,SCA|NO3,mFRR,Not Specified,Not Specified,MARGINAL,48.43,19.0
05/03/2023 13:00:00 - 05/03/2023 14:00:00,SCA|NO3,mFRR,Not Specified,Not Specified,MARGINAL,47.82,19.0
05/03/2023 14:00:00 - 05/03/2023 15:00:00,SCA|NO3,mFRR,Not Specified,Not Specified,MARGINAL,51.08,19.0
05/03/2023 15:00:00 - 05/03/2023 16:00:00,SCA|NO3,mFRR,Not Specified,Not Specified,MARGINAL,50.42,27.0
05/03/2023 16:00:00 - 05/03/2023 17:00:00,SCA|NO3,mFRR,Not Specified,Not Specified,MARGINAL,51.23,27.0
05/03/2023 17:00:00 - 05/03/2023 18:00:00,SCA|NO3,mFRR,Not Specified,Not Specified,MARGINAL,51.99,40.0
05/03/2023 18:00:00 - 05/03/2023 19:00:00,SCA|NO3,mFRR,Not Specified,Not Specified,MARGINAL,52.76,40.0
05/03/2023 19:00:00 - 05/03/2023 20:00:00,SCA|NO3,mFRR,Not Specified,Not Specified,MARGINAL,51.99,40.0
05/03/2023 20:00:00 - 05/03/2023 21:00:00,SCA|NO3,mFRR,Not Specified,Not Specified,MARGINAL,51.93,40.0
05/03/2023 21:00:00 - 05/03/2023 22:00:00,SCA|NO3,mFRR,Not Specified,Not Specified,MARGINAL,53.38,40.0
05/03/2023 22:00:00 - 05/03/2023 23:00:00,SCA|NO3,mFRR,Not Specified,Not Specified,MARGINAL,54.48,40.0
05/03/2023 23:00:00 - 06/03/2023 00:00:00,SCA|NO3,mFRR,Not Specified,Not Specified,MARGINAL,53.16,40.0
06/03/2023 00:00:00 - 06/03/2023 01:00:00,SCA|NO3,mFRR,Not Specified,Not Specified,MARGINAL,61.37,27.0
06/03/2023 01:00:00 - 06/03/2023 02:00:00,SCA|NO3,mFRR,Not Specified,Not Specified,MARGINAL,69.21,25.0
06/03/2023 02:00:00 - 06/03/2023 03:00:00,SCA|NO3,mFRR,Not Specified,Not Specified,MARGINAL,72.54,38.0
06/03/2023 03:00:00 - 06/03/2023 04:00:00,SCA|NO3,mFRR,Not Specified,Not Specified,MARGINAL,74.67,38.0
06/03/2023 04:00:00 - 06/03/2023 05:00:00,SCA|NO3,mFRR,Not Specified,Not Specified,MARGINAL,77.01,38.0
06/03/2023 05:00:00 - 06/03/2023 06:00:00,SCA|NO3,mFRR,Not Specified,Not Specified,MARGINAL,75.65,38.0
06/03/2023 06:00:00 - 06/03/2023 07:00:00,SCA|NO3,mFRR,Not Specified,Not Specified,MARGINAL,78.58,26.0
06/03/2023 07:00:00 - 06/03/2023 08:00:00,SCA|NO3,mFRR,Not Specified,Not Specified,MARGINAL,80.43,26.0
06/03/2023 08:00:00 - 06/03/2023 09:00:00,SCA|NO3,mFRR,Not Specified,Not Specified,MARGINAL,145.56,26.0
06/03/2023 09:00:00 - 06/03/2023 10:00:00,SCA|NO3,mFRR,Not Specified,Not Specified,MARGINAL,182.52,26.0
06/03/2023 10:00:00 - 06/03/2023 11:00:00,SCA|NO3,mFRR,Not Specified,Not Specified,MARGINAL,164.98,26.0
06/03/2023 11:00:00 - 06/03/2023 12:00:00,SCA|NO3,mFRR,Not Specified,Not Specified,MARGINAL,155.86,30.6
06/03/2023 12:00:00 - 06/03/2023 13:00:00,SCA|NO3,mFRR,Not Specified,Not Specified,MARGINAL,149.92,105.0
06/03/2023 13:00:00 - 06/03/2023 14:00:00,SCA|NO3,mFRR,Not Specified,Not Specified,MARGINAL,144.95,105.0
06/03/2023 14:00:00 - 06/03/2023 15:00:00,SCA|NO3,mFRR,Not Specified,Not Specified,MARGINAL,144.3,80.0
06/03/2023 15:00:00 - 06/03/2023 16:00:00,SCA|NO3,mFRR,Not Specified,Not Specified,MARGINAL,145.78,105.0
06/03/2023 16:00:00 - 06/03/2023 17:00:00,SCA|NO3,mFRR,Not Specified,Not Specified,MARGINAL,152.0,65.0
06/03/2023 17:00:00 - 06/03/2023 18:00:00,SCA|NO3,mFRR,Not Specified,Not Specified,MARGINAL,129.0,108.0
06/03/2023 18:00:00 - 06/03/2023 19:00:00,SCA|NO3,mFRR,Not Specified,Not Specified,MARGINAL,155.0,154.21
06/03/2023 19:00:00 - 06/03/2023 20:00:00,SCA|NO3,mFRR,Not Specified,Not Specified,MARGINAL,166.35,166.35
06/03/2023 20:00:00 - 06/03/2023 21:00:00,SCA|NO3,mFRR,Not Specified,Not Specified,MARGINAL,129.39,129.39
06/03/2023 21:00:00 - 06/03/2023 22:00:00,SCA|NO3,mFRR,Not Specified,Not Specified,MARGINAL,133.6,133.6
06/03/2023 22:00:00 - 06/03/2023 23:00:00,SCA|NO3,mFRR,Not Specified,Not Specified,MARGINAL,120.65,120.65
06/03/2023 23:00:00 - 07/03/2023 00:00:00,SCA|NO3,mFRR,Not Specified,Not Specified,MARGINAL,108.58,108.58
07/03/2023 00:00:00 - 07/03/2023 01:00:00,SCA|NO3,mFRR,Not Specified,Not Specified,MARGINAL,100.95,100.95
07/03/2023 01:00:00 - 07/03/2023 02:00:00,SCA|NO3,mFRR,Not Specified,Not Specified,MARGINAL,100.5,97.09
07/03/2023 02:00:00 - 07/03/2023 03:00:00,SCA|NO3,mFRR,Not Specified,Not Specified,MARGINAL,102.5,92.91
07/03/2023 03:00:00 - 07/03/2023 04:00:00,SCA|NO3,mFRR,Not Specified,Not Specified,MARGINAL,102.5,83.93
07/03/2023 04:00:00 - 07/03/2023 05:00:00,SCA|NO3,mFRR,Not Specified,Not Specified,MARGINAL,102.5,80.45
07/03/2023 05:00:00 - 07/03/2023 06:00:00,SCA|NO3,mFRR,Not Specified,Not Specified,MARGINAL,112.5,87.68
07/03/2023 06:00:00 - 07/03/2023 07:00:00,SCA|NO3,mFRR,Not Specified,Not Specified,MARGINAL,120.0,98.71
07/03/2023 07:00:00 - 07/03/2023 08:00:00,SCA|NO3,mFRR,Not Specified,Not Specified,MARGINAL,123.0,102.55
07/03/2023 08:00:00 - 07/03/2023 09:00:00,SCA|NO3,mFRR,Not Specified,Not Specified,MARGINAL,123.0,105.59
07/03/2023 09:00:00 - 07/03/2023 10:00:00,SCA|NO3,mFRR,Not Specified,Not Specified,MARGINAL,117.5,98.45
07/03/2023 10:00:00 - 07/03/2023 11:00:00,SCA|NO3,mFRR,Not Specified,Not Specified,MARGINAL,117.5,97.3
07/03/2023 11:00:00 - 07/03/2023 12:00:00,SCA|NO3,mFRR,Not Specified,Not Specified,MARGINAL,103.5,90.0
07/03/2023 12:00:00 - 07/03/2023 13:00:00,SCA|NO3,mFRR,Not Specified,Not Specified,MARGINAL,89.91,85.0
07/03/2023 13:00:00 - 07/03/2023 14:00:00,SCA|NO3,mFRR,Not Specified,Not Specified,MARGINAL,96.17,88.0
07/03/2023 14:00:00 - 07/03/2023 15:00:00,SCA|NO3,mFRR,Not Specified,Not Specified,MARGINAL,95.07,95.07
07/03/2023 15:00:00 - 07/03/2023 16:00:00,SCA|NO3,mFRR,Not Specified,Not Specified,MARGINAL,97.6,97.6
07/03/2023 16:00:00 - 07/03/2023 17:00:00,SCA|NO3,mFRR,Not Specified,Not Specified,MARGINAL,98.97,98.97
07/03/2023 17:00:00 - 07/03/2023 18:00:00,SCA|NO3,mFRR,Not Specified,Not Specified,MARGINAL,95.07,95.07
07/03/2023 18:00:00 - 07/03/2023 19:00:00,SCA|NO3,mFRR,Not Specified,Not Specified,MARGINAL,91.37,91.37
07/03/2023 19:00:00 - 07/03/2023 20:00:00,SCA|NO3,mFRR,Not Specified,Not Specified,MARGINAL,86.0,86.0
07/03/2023 20:00:00 - 07/03/2023 21:00:00,SCA|NO3,mFRR,Not Specified,Not Specified,MARGINAL,80.19,80.19
07/03/2023 21:00:00 - 07/03/2023 22:00:00,SCA|NO3,mFRR,Not Specified,Not Specified,MARGINAL,71.9,71.9
07/03/2023 22:00:00 - 07/03/2023 23:00:00,SCA|NO3,mFRR,Not Specified,Not Specified,MARGINAL,63.03,63.03
07/03/2023 23:00:00 - 08/03/2023 00:00:00,SCA|NO3,mFRR,Not Specified,Not Specified,MARGINAL,57.42,57.42
08/03/2023 00:00:00 - 08/03/2023 01:00:00,SCA|NO3,mFRR,Not Specified,Not Specified,MARGINAL,73.61,73.61
08/03/2023 01:00:00 - 08/03/2023 02:00:00,SCA|NO3,mFRR,Not Specified,Not Specified,MARGINAL,71.01,71.01
08/03/2023 02:00:00 - 08/03/2023 03:00:00,SCA|NO3,mFRR,Not Specified,Not Specified,MARGINAL,70.07,70.07
08/03/2023 03:00:00 - 08/03/2023 04:00:00,SCA|NO3,mFRR,Not Specified,Not Specified,MARGINAL,68.84,68.84
08/03/2023 04:00:00 - 08/03/2023 05:00:00,SCA|NO3,mFRR,Not Specified,Not Specified,MARGINAL,68.44,68.44
08/03/2023 05:00:00 - 08/03/2023 06:00:00,SCA|NO3,mFRR,Not Specified,Not Specified,MARGINAL,68.63,68.63
08/03/2023 06:00:00 - 08/03/2023 07:00:00,SCA|NO3,mFRR,Not Specified,Not Specified,MARGINAL,68.77,68.77
08/03/2023 07:00:00 - 08/03/2023 08:00:00,SCA|NO3,mFRR,Not Specified,Not Specified,MARGINAL,71.04,71.04
08/03/2023 08:00:00 - 08/03/2023 09:00:00,SCA|NO3,mFRR,Not Specified,Not Specified,MARGINAL,68.76,68.76
08/03/2023 09:00:00 - 08/03/2023 10:00:00,SCA|NO3,mFRR,Not Specified,Not Specified,MARGINAL,113.5,70.39
08/03/2023 10:00:00 - 08/03/2023 11:00:00,SCA|NO3,mFRR,Not Specified,Not Specified,MARGINAL,135.8,68.88
08/03/2023 11:00:00 - 08/03/2023 12:00:00,SCA|NO3,mFRR,Not Specified,Not Specified,MARGINAL,140.0,72.12
08/03/2023 12:00:00 - 08/03/2023 13:00:00,SCA|NO3,mFRR,Not Specified,Not Specified,MARGINAL,138.96,79.29
08/03/2023 13:00:00 - 08/03/2023 14:00:00,SCA|NO3,mFRR,Not Specified,Not Specified,MARGINAL,139.17,76.04
08/03/2023 14:00:00 - 08/03/2023 15:00:00,SCA|NO3,mFRR,Not Specified,Not Specified,MARGINAL,81.7,81.7
08/03/2023 15:00:00 - 08/03/2023 16:00:00,SCA|NO3,mFRR,Not Specified,Not Specified,MARGINAL,83.07,83.07
08/03/2023 16:00:00 - 08/03/2023 17:00:00,SCA|NO3,mFRR,Not Specified,Not Specified,MARGINAL,81.89,81.89
08/03/2023 17:00:00 - 08/03/2023 18:00:00,SCA|NO3,mFRR,Not Specified,Not Specified,MARGINAL,70.39,70.39
08/03/2023 18:00:00 - 08/03/2023 19:00:00,SCA|NO3,mFRR,Not Specified,Not Specified,MARGINAL,70.81,70.81
08/03/2023 19:00:00 - 08/03/2023 20:00:00,SCA|NO3,mFRR,Not Specified,Not Specified,MARGINAL,68.8,68.8
08/03/2023 20:00:00 - 08/03/2023 21:00:00,SCA|NO3,mFRR,Not Specified,Not Specified,MARGINAL,68.64,68.64
08/03/2023 21:00:00 - 08/03/2023 22:00:00,SCA|NO3,mFRR,Not Specified,Not Specified,MARGINAL,69.19,69.19
08/03/2023 22:00:00 - 08/03/2023 23:00:00,SCA|NO3,mFRR,Not Specified,Not Specified,MARGINAL,68.9,68.9
08/03/2023 23:00:00 - 09/03/2023 00:00:00,SCA|NO3,mFRR,Not Specified,Not Specified,MARGINAL,68.97,68.97
09/03/2023 00:00:00 - 09/03/2023 01:00:00,SCA|NO3,mFRR,Not Specified,Not Specified,MARGINAL,78.32,78.32
09/03/2023 01:00:00 - 09/03/2023 02:00:00,SCA|NO3,mFRR,Not Specified,Not Specified,MARGINAL,78.22,78.22
09/03/2023 02:00:00 - 09/03/2023 03:00:00,SCA|NO3,mFRR,Not Specified,Not Specified,MARGINAL,76.14,76.14
09/03/2023 03:00:00 - 09/03/2023 04:00:00,SCA|NO3,mFRR,Not Specified,Not Specified,MARGINAL,113.0,72.71
09/03/2023 04:00:00 - 09/03/2023 05:00:00,SCA|NO3,mFRR,Not Specified,Not Specified,MARGINAL,113.0,73.03
09/03/2023 05:00:00 - 09/03/2023 06:00:00,SCA|NO3,mFRR,Not Specified,Not Specified,MARGINAL,111.16,72.61
09/03/2023 06:00:00 - 09/03/2023 07:00:00,SCA|NO3,mFRR,Not Specified,Not Specified,MARGINAL,111.21,69.62
09/03/2023 07:00:00 - 09/03/2023 08:00:00,SCA|NO3,mFRR,Not Specified,Not Specified,MARGINAL,71.01,71.01
09/03/2023 08:00:00 - 09/03/2023 09:00:00,SCA|NO3,mFRR,Not Specified,Not Specified,MARGINAL,70.25,70.25
09/03/2023 09:00:00 - 09/03/2023 10:00:00,SCA|NO3,mFRR,Not Specified,Not Specified,MARGINAL,66.61,66.61
09/03/2023 10:00:00 - 09/03/2023 11:00:00,SCA|NO3,mFRR,Not Specified,Not Specified,MARGINAL,111.1,66.71
09/03/2023 11:00:00 - 09/03/2023 12:00:00,SCA|NO3,mFRR,Not Specified,Not Specified,MARGINAL,107.54,70.92
09/03/2023 12:00:00 - 09/03/2023 13:00:00,SCA|NO3,mFRR,Not Specified,Not Specified,MARGINAL,72.66,72.66
09/03/2023 13:00:00 - 09/03/2023 14:00:00,SCA|NO3,mFRR,Not Specified,Not Specified,MARGINAL,70.98,70.98
09/03/2023 14:00:00 - 09/03/2023 15:00:00,SCA|NO3,mFRR,Not Specified,Not Specified,MARGINAL,65.97,65.97
09/03/2023 15:00:00 - 09/03/2023 16:00:00,SCA|NO3,mFRR,Not Specified,Not Specified,MARGINAL,64.87,64.87
09/03/2023 16:00:00 - 09/03/2023 17:00:00,SCA|NO3,mFRR,Not Specified,Not Specified,MARGINAL,63.94,63.94
09/03/2023 17:00:00 - 09/03/2023 18:00:00,SCA|NO3,mFRR,Not Specified,Not Specified,MARGINAL,63.26,63.26
09/03/2023 18:00:00 - 09/03/2023 19:00:00,SCA|NO3,mFRR,Not Specified,Not Specified,MARGINAL,60.9,60.9
09/03/2023 19:00:00 - 09/03/2023 20:00:00,SCA|NO3,mFRR,Not Specified,Not Specified,MARGINAL,60.61,60.61
09/03/2023 20:00:00 - 09/03/2023 21:00:00,SCA|NO3,mFRR,Not Specified,Not Specified,MARGINAL,58.87,58.87
09/03/2023 21:00:00 - 09/03/2023 22:00:00,SCA|NO3,mFRR,Not Specified,Not Specified,MARGINAL,57.39,55.0
09/03/2023 22:00:00 - 09/03/2023 23:00:00,SCA|NO3,mFRR,Not Specified,Not Specified,MARGINAL,56.07,55.0
09/03/2023 23:00:00 - 10/03/2023 00:00:00,SCA|NO3,mFRR,Not Specified,Not Specified,MARGINAL,55.07,55.07
10/03/2023 00:00:00 - 10/03/2023 01:00:00,SCA|NO3,mFRR,Not Specified,Not Specified,MARGINAL,79.86,50.89
10/03/2023 01:00:00 - 10/03/2023 02:00:00,SCA|NO3,mFRR,Not Specified,Not Specified,MARGINAL,79.85,49.07
10/03/2023 02:00:00 - 10/03/2023 03:00:00,SCA|NO3,mFRR,Not Specified,Not Specified,MARGINAL,104.5,49.66
10/03/2023 03:00:00 - 10/03/2023 04:00:00,SCA|NO3,mFRR,Not Specified,Not Specified,MARGINAL,105.0,49.21
10/03/2023 04:00:00 - 10/03/2023 05:00:00,SCA|NO3,mFRR,Not Specified,Not Specified,MARGINAL,105.0,50.86
10/03/2023 05:00:00 - 10/03/2023 06:00:00,SCA|NO3,mFRR,Not Specified,Not Specified,MARGINAL,56.41,56.41
10/03/2023 06:00:00 - 10/03/2023 07:00:00,SCA|NO3,mFRR,Not Specified,Not Specified,MARGINAL,77.93,53.87
10/03/2023 07:00:00 - 10/03/2023 08:00:00,SCA|NO3,mFRR,Not Specified,Not Specified,MARGINAL,110.97,56.98
10/03/2023 08:00:00 - 10/03/2023 09:00:00,SCA|NO3,mFRR,Not Specified,Not Specified,MARGINAL,110.45,59.97
10/03/2023 09:00:00 - 10/03/2023 10:00:00,SCA|NO3,mFRR,Not Specified,Not Specified,MARGINAL,103.15,60.95
10/03/2023 10:00:00 - 10/03/2023 11:00:00,SCA|NO3,mFRR,Not Specified,Not Specified,MARGINAL,132.0,64.2
10/03/2023 11:00:00 - 10/03/2023 12:00:00,SCA|NO3,mFRR,Not Specified,Not Specified,MARGINAL,132.0,68.14
10/03/2023 12:00:00 - 10/03/2023 13:00:00,SCA|NO3,mFRR,Not Specified,Not Specified,MARGINAL,119.59,78.68
10/03/2023 13:00:00 - 10/03/2023 14:00:00,SCA|NO3,mFRR,Not Specified,Not Specified,MARGINAL,118.5,78.57
10/03/2023 14:00:00 - 10/03/2023 15:00:00,SCA|NO3,mFRR,Not Specified,Not Specified,MARGINAL,78.41,78.41
10/03/2023 15:00:00 - 10/03/2023 16:00:00,SCA|NO3,mFRR,Not Specified,Not Specified,MARGINAL,73.66,73.66
10/03/2023 16:00:00 - 10/03/2023 17:00:00,SCA|NO3,mFRR,Not Specified,Not Specified,MARGINAL,72.65,72.65
10/03/2023 17:00:00 - 10/03/2023 18:00:00,SCA|NO3,mFRR,Not Specified,Not Specified,MARGINAL,67.75,67.75
10/03/2023 18:00:00 - 10/03/2023 19:00:00,SCA|NO3,mFRR,Not Specified,Not Specified,,,
10/03/2023 19:00:00 - 10/03/2023 20:00:00,SCA|NO3,mFRR,Not Specified,Not Specified,MARGINAL,63.05,63.05
10/03/2023 20:00:00 - 10/03/2023 21:00:00,SCA|NO3,mFRR,Not Specified,Not Specified,MARGINAL,62.4,62.4
10/03/2023 21:00:00 - 10/03/2023 22:00:00,SCA|NO3,mFRR,Not Specified,Not Specified,MARGINAL,62.37,54.0
10/03/2023 22:00:00 - 10/03/2023 23:00:00,SCA|NO3,mFRR,Not Specified,Not Specified,MARGINAL,62.34,55.0
10/03/2023 23:00:00 - 11/03/2023 00:00:00,SCA|NO3,mFRR,Not Specified,Not Specified,MARGINAL,61.93,55.0
11/03/2023 00:00:00 - 11/03/2023 01:00:00,SCA|NO3,mFRR,Not Specified,Not Specified,MARGINAL,97.01,70.22
11/03/2023 01:00:00 - 11/03/2023 02:00:00,SCA|NO3,mFRR,Not Specified,Not Specified,MARGINAL,95.0,50.39
11/03/2023 02:00:00 - 11/03/2023 03:00:00,SCA|NO3,mFRR,Not Specified,Not Specified,MARGINAL,73.08,50.38
11/03/2023 03:00:00 - 11/03/2023 04:00:00,SCA|NO3,mFRR,Not Specified,Not Specified,MARGINAL,78.5,52.0
11/03/2023 04:00:00 - 11/03/2023 05:00:00,SCA|NO3,mFRR,Not Specified,Not Specified,MARGINAL,97.01,52.0
11/03/2023 05:00:00 - 11/03/2023 06:00:00,SCA|NO3,mFRR,Not Specified,Not Specified,MARGINAL,97.01,78.34
11/03/2023 06:00:00 - 11/03/2023 07:00:00,SCA|NO3,mFRR,Not Specified,Not Specified,MARGINAL,78.0,78.0
11/03/2023 07:00:00 - 11/03/2023 08:00:00,SCA|NO3,mFRR,Not Specified,Not Specified,MARGINAL,111.5,78.89
11/03/2023 08:00:00 - 11/03/2023 09:00:00,SCA|NO3,mFRR,Not Specified,Not Specified,MARGINAL,114.0,80.99
11/03/2023 09:00:00 - 11/03/2023 10:00:00,SCA|NO3,mFRR,Not Specified,Not Specified,MARGINAL,118.0,86.89
11/03/2023 10:00:00 - 11/03/2023 11:00:00,SCA|NO3,mFRR,Not Specified,Not Specified,MARGINAL,118.0,89.66
11/03/2023 11:00:00 - 11/03/2023 12:00:00,SCA|NO3,mFRR,Not Specified,Not Specified,MARGINAL,118.0,81.95
11/03/2023 12:00:00 - 11/03/2023 13:00:00,SCA|NO3,mFRR,Not Specified,Not Specified,MARGINAL,106.29,78.66
11/03/2023 13:00:00 - 11/03/2023 14:00:00,SCA|NO3,mFRR,Not Specified,Not Specified,MARGINAL,94.0,60.0
11/03/2023 14:00:00 - 11/03/2023 15:00:00,SCA|NO3,mFRR,Not Specified,Not Specified,MARGINAL,94.0,60.96
11/03/2023 15:00:00 - 11/03/2023 16:00:00,SCA|NO3,mFRR,Not Specified,Not Specified,MARGINAL,80.65,80.65
11/03/2023 16:00:00 - 11/03/2023 17:00:00,SCA|NO3,mFRR,Not Specified,Not Specified,MARGINAL,84.1,83.0
11/03/2023 17:00:00 - 11/03/2023 18:00:00,SCA|NO3,mFRR,Not Specified,Not Specified,MARGINAL,82.59,82.59
11/03/2023 18:00:00 - 11/03/2023 19:00:00,SCA|NO3,mFRR,Not Specified,Not Specified,MARGINAL,84.22,84.22
11/03/2023 19:00:00 - 11/03/2023 20:00:00,SCA|NO3,mFRR,Not Specified,Not Specified,MARGINAL,80.27,80.27
11/03/2023 20:00:00 - 11/03/2023 21:00:00,SCA|NO3,mFRR,Not Specified,Not Specified,MARGINAL,78.19,78.19
11/03/2023 21:00:00 - 11/03/2023 22:00:00,SCA|NO3,mFRR,Not Specified,Not Specified,MARGINAL,70.28,70.28
11/03/2023 22:00:00 - 11/03/2023 23:00:00,SCA|NO3,mFRR,Not Specified,Not Specified,MARGINAL,63.34,63.34
11/03/2023 23:00:00 - 12/03/2023 00:00:00,SCA|NO3,mFRR,Not Specified,Not Specified,MARGINAL,58.7,58.7
12/03/2023 00:00:00 - 12/03/2023 01:00:00,SCA|NO3,mFRR,Not Specified,Not Specified,MARGINAL,64.83,64.83
12/03/2023 01:00:00 - 12/03/2023 02:00:00,SCA|NO3,mFRR,Not Specified,Not Specified,MARGINAL,59.94,59.94
12/03/2023 02:00:00 - 12/03/2023 03:00:00,SCA|NO3,mFRR,Not Specified,Not Specified,MARGINAL,57.76,57.76
12/03/2023 03:00:00 - 12/03/2023 04:00:00,SCA|NO3,mFRR,Not Specified,Not Specified,MARGINAL,56.43,56.43
12/03/2023 04:00:00 - 12/03/2023 05:00:00,SCA|NO3,mFRR,Not Specified,Not Specified,MARGINAL,80.0,57.06
12/03/2023 05:00:00 - 12/03/2023 06:00:00,SCA|NO3,mFRR,Not Specified,Not Specified,MARGINAL,80.0,57.0
12/03/2023 06:00:00 - 12/03/2023 07:00:00,SCA|NO3,mFRR,Not Specified,Not Specified,MARGINAL,80.0,59.08
12/03/2023 07:00:00 - 12/03/2023 08:00:00,SCA|NO3,mFRR,Not Specified,Not Specified,MARGINAL,97.0,61.91
12/03/2023 08:00:00 - 12/03/2023 09:00:00,SCA|NO3,mFRR,Not Specified,Not Specified,MARGINAL,97.0,59.27
12/03/2023 09:00:00 - 12/03/2023 10:00:00,SCA|NO3,mFRR,Not Specified,Not Specified,MARGINAL,97.0,58.23
12/03/2023 10:00:00 - 12/03/2023 11:00:00,SCA|NO3,mFRR,Not Specified,Not Specified,MARGINAL,97.0,59.95
12/03/2023 11:00:00 - 12/03/2023 12:00:00,SCA|NO3,mFRR,Not Specified,Not Specified,MARGINAL,59.11,59.11
12/03/2023 12:00:00 - 12/03/2023 13:00:00,SCA|NO3,mFRR,Not Specified,Not Specified,MARGINAL,56.64,55.0
12/03/2023 13:00:00 - 12/03/2023 14:00:00,SCA|NO3,mFRR,Not Specified,Not Specified,MARGINAL,56.7,35.0
12/03/2023 14:00:00 - 12/03/2023 15:00:00,SCA|NO3,mFRR,Not Specified,Not Specified,MARGINAL,56.11,35.0
12/03/2023 15:00:00 - 12/03/2023 16:00:00,SCA|NO3,mFRR,Not Specified,Not Specified,MARGINAL,57.11,35.0
12/03/2023 16:00:00 - 12/03/2023 17:00:00,SCA|NO3,mFRR,Not Specified,Not Specified,MARGINAL,99.0,55.63
12/03/2023 17:00:00 - 12/03/2023 18:00:00,SCA|NO3,mFRR,Not Specified,Not Specified,MARGINAL,112.0,52.07
12/03/2023 18:00:00 - 12/03/2023 19:00:00,SCA|NO3,mFRR,Not Specified,Not Specified,MARGINAL,112.0,50.54
12/03/2023 19:00:00 - 12/03/2023 20:00:00,SCA|NO3,mFRR,Not Specified,Not Specified,MARGINAL,108.2,48.89
12/03/2023 20:00:00 - 12/03/2023 21:00:00,SCA|NO3,mFRR,Not Specified,Not Specified,MARGINAL,73.0,47.97
12/03/2023 21:00:00 - 12/03/2023 22:00:00,SCA|NO3,mFRR,Not Specified,Not Specified,MARGINAL,46.43,46.43
12/03/2023 22:00:00 - 12/03/2023 23:00:00,SCA|NO3,mFRR,Not Specified,Not Specified,MARGINAL,46.98,46.98
12/03/2023 23:00:00 - 13/03/2023 00:00:00,SCA|NO3,mFRR,Not Specified,Not Specified,MARGINAL,46.39,46.39
13/03/2023 00:00:00 - 13/03/2023 01:00:00,SCA|NO3,mFRR,Not Specified,Not Specified,MARGINAL,58.9,49.84
13/03/2023 01:00:00 - 13/03/2023 02:00:00,SCA|NO3,mFRR,Not Specified,Not Specified,MARGINAL,49.0,39.15
13/03/2023 02:00:00 - 13/03/2023 03:00:00,SCA|NO3,mFRR,Not Specified,Not Specified,MARGINAL,34.57,25.0
13/03/2023 03:00:00 - 13/03/2023 04:00:00,SCA|NO3,mFRR,Not Specified,Not Specified,MARGINAL,30.46,20.0
13/03/2023 04:00:00 - 13/03/2023 05:00:00,SCA|NO3,mFRR,Not Specified,Not Specified,MARGINAL,33.7,13.5
13/03/2023 05:00:00 - 13/03/2023 06:00:00,SCA|NO3,mFRR,Not Specified,Not Specified,MARGINAL,35.12,15.0
13/03/2023 06:00:00 - 13/03/2023 07:00:00,SCA|NO3,mFRR,Not Specified,Not Specified,MARGINAL,90.0,20.9
13/03/2023 07:00:00 - 13/03/2023 08:00:00,SCA|NO3,mFRR,Not Specified,Not Specified,MARGINAL,86.67,86.67
13/03/2023 08:00:00 - 13/03/2023 09:00:00,SCA|NO3,mFRR,Not Specified,Not Specified,MARGINAL,91.15,91.15
13/03/2023 09:00:00 - 13/03/2023 10:00:00,SCA|NO3,mFRR,Not Specified,Not Specified,MARGINAL,118.1,118.1
13/03/2023 10:00:00 - 13/03/2023 11:00:00,SCA|NO3,mFRR,Not Specified,Not Specified,MARGINAL,149.4,149.4
13/03/2023 11:00:00 - 13/03/2023 12:00:00,SCA|NO3,mFRR,Not Specified,Not Specified,MARGINAL,149.44,149.44
13/03/2023 12:00:00 - 13/03/2023 13:00:00,SCA|NO3,mFRR,Not Specified,Not Specified,MARGINAL,112.89,112.89
13/03/2023 13:00:00 - 13/03/2023 14:00:00,SCA|NO3,mFRR,Not Specified,Not Specified,MARGINAL,90.22,90.22
13/03/2023 14:00:00 - 13/03/2023 15:00:00,SCA|NO3,mFRR,Not Specified,Not Specified,MARGINAL,89.64,89.64
13/03/2023 15:00:00 - 13/03/2023 16:00:00,SCA|NO3,mFRR,Not Specified,Not Specified,MARGINAL,88.61,88.61
13/03/2023 16:00:00 - 13/03/2023 17:00:00,SCA|NO3,mFRR,Not Specified,Not Specified,MARGINAL,88.02,88.02
13/03/2023 17:00:00 - 13/03/2023 18:00:00,SCA|NO3,mFRR,Not Specified,Not Specified,MARGINAL,47.38,30.0
13/03/2023 18:00:00 - 13/03/2023 19:00:00,SCA|NO3,mFRR,Not Specified,Not Specified,MARGINAL,52.48,52.48
13/03/2023 19:00:00 - 13/03/2023 20:00:00,SCA|NO3,mFRR,Not Specified,Not Specified,MARGINAL,48.87,48.87
13/03/2023 20:00:00 - 13/03/2023 21:00:00,SCA|NO3,mFRR,Not Specified,Not Specified,MARGINAL,46.27,46.27
13/03/2023 21:00:00 - 13/03/2023 22:00:00,SCA|NO3,mFRR,Not Specified,Not Specified,MARGINAL,44.25,44.25
13/03/2023 22:00:00 - 13/03/2023 23:00:00,SCA|NO3,mFRR,Not Specified,Not Specified,MARGINAL,43.49,43.49
13/03/2023 23:00:00 - 14/03/2023 00:00:00,SCA|NO3,mFRR,Not Specified,Not Specified,MARGINAL,42.17,42.17
14/03/2023 00:00:00 - 14/03/2023 01:00:00,SCA|NO3,mFRR,Not Specified,Not Specified,MARGINAL,44.91,40.6
14/03/2023 01:00:00 - 14/03/2023 02:00:00,SCA|NO3,mFRR,Not Specified,Not Specified,MARGINAL,50.0,39.65
14/03/2023 02:00:00 - 14/03/2023 03:00:00,SCA|NO3,mFRR,Not Specified,Not Specified,MARGINAL,50.0,39.62
14/03/2023 03:00:00 - 14/03/2023 04:00:00,SCA|NO3,mFRR,Not Specified,Not Specified,MARGINAL,39.45,39.45
14/03/2023 04:00:00 - 14/03/2023 05:00:00,SCA|NO3,mFRR,Not Specified,Not Specified,MARGINAL,42.0,41.77
14/03/2023 05:00:00 - 14/03/2023 06:00:00,SCA|NO3,mFRR,Not Specified,Not Specified,MARGINAL,47.45,47.45
14/03/2023 06:00:00 - 14/03/2023 07:00:00,SCA|NO3,mFRR,Not Specified,Not Specified,MARGINAL,79.0,45.58
14/03/2023 07:00:00 - 14/03/2023 08:00:00,SCA|NO3,mFRR,Not Specified,Not Specified,MARGINAL,108.5,69.47
14/03/2023 08:00:00 - 14/03/2023 09:00:00,SCA|NO3,mFRR,Not Specified,Not Specified,MARGINAL,108.5,92.57
14/03/2023 09:00:00 - 14/03/2023 10:00:00,SCA|NO3,mFRR,Not Specified,Not Specified,MARGINAL,108.5,81.36
14/03/2023 10:00:00 - 14/03/2023 11:00:00,SCA|NO3,mFRR,Not Specified,Not Specified,MARGINAL,73.78,73.78
14/03/2023 11:00:00 - 14/03/2023 12:00:00,SCA|NO3,mFRR,Not Specified,Not Specified,MARGINAL,60.94,60.94
14/03/2023 12:00:00 - 14/03/2023 13:00:00,SCA|NO3,mFRR,Not Specified,Not Specified,MARGINAL,53.26,53.26
14/03/2023 13:00:00 - 14/03/2023 14:00:00,SCA|NO3,mFRR,Not Specified,Not Specified,MARGINAL,59.6,59.6
14/03/2023 14:00:00 - 14/03/2023 15:00:00,SCA|NO3,mFRR,Not Specified,Not Specified,MARGINAL,65.45,65.45
14/03/2023 15:00:00 - 14/03/2023 16:00:00,SCA|NO3,mFRR,Not Specified,Not Specified,MARGINAL,59.82,59.82
14/03/2023 16:00:00 - 14/03/2023 17:00:00,SCA|NO3,mFRR,Not Specified,Not Specified,MARGINAL,78.83,78.83
14/03/2023 17:00:00 - 14/03/2023 18:00:00,SCA|NO3,mFRR,Not Specified,Not Specified,MARGINAL,99.91,99.91
14/03/2023 18:00:00 - 14/03/2023 19:00:00,SCA|NO3,mFRR,Not Specified,Not Specified,MARGINAL,98.15,48.5
14/03/2023 19:00:00 - 14/03/2023 20:00:00,SCA|NO3,mFRR,Not Specified,Not Specified,MARGINAL,85.38,48.5
14/03/2023 20:00:00 - 14/03/2023 21:00:00,SCA|NO3,mFRR,Not Specified,Not Specified,MARGINAL,78.65,48.5
14/03/2023 21:00:00 - 14/03/2023 22:00:00,SCA|NO3,mFRR,Not Specified,Not Specified,MARGINAL,63.79,63.79
14/03/2023 22:00:00 - 14/03/2023 23:00:00,SCA|NO3,mFRR,Not Specified,Not Specified,MARGINAL,100.0,54.34
14/03/2023 23:00:00 - 15/03/2023 00:00:00,SCA|NO3,mFRR,Not Specified,Not Specified,MARGINAL,100.79,50.58
15/03/2023 00:00:00 - 15/03/2023 01:00:00,SCA|NO3,mFRR,Not Specified,Not Specified,MARGINAL,59.83,59.83
15/03/2023 01:00:00 - 15/03/2023 02:00:00,SCA|NO3,mFRR,Not Specified,Not Specified,MARGINAL,56.95,40.0
15/03/2023 02:00:00 - 15/03/2023 03:00:00,SCA|NO3,mFRR,Not Specified,Not Specified,MARGINAL,56.94,31.0
15/03/2023 03:00:00 - 15/03/2023 04:00:00,SCA|NO3,mFRR,Not Specified,Not Specified,MARGINAL,54.95,31.0
15/03/2023 04:00:00 - 15/03/2023 05:00:00,SCA|NO3,mFRR,Not Specified,Not Specified,MARGINAL,54.61,31.0
15/03/2023 05:00:00 - 15/03/2023 06:00:00,SCA|NO3,mFRR,Not Specified,Not Specified,MARGINAL,57.23,31.0
15/03/2023 06:00:00 - 15/03/2023 07:00:00,SCA|NO3,mFRR,Not Specified,Not Specified,MARGINAL,54.66,31.0
15/03/2023 07:00:00 - 15/03/2023 08:00:00,SCA|NO3,mFRR,Not Specified,Not Specified,MARGINAL,57.41,31.0
15/03/2023 08:00:00 - 15/03/2023 09:00:00,SCA|NO3,mFRR,Not Specified,Not Specified,MARGINAL,75.26,31.0
15/03/2023 09:00:00 - 15/03/2023 10:00:00,SCA|NO3,mFRR,Not Specified,Not Specified,MARGINAL,78.4,31.0
15/03/2023 10:00:00 - 15/03/2023 11:00:00,SCA|NO3,mFRR,Not Specified,Not Specified,MARGINAL,65.03,26.58
15/03/2023 11:00:00 - 15/03/2023 12:00:00,SCA|NO3,mFRR,Not Specified,Not Specified,MARGINAL,56.41,22.94
15/03/2023 12:00:00 - 15/03/2023 13:00:00,SCA|NO3,mFRR,Not Specified,Not Specified,MARGINAL,53.13,20.0
15/03/2023 13:00:00 - 15/03/2023 14:00:00,SCA|NO3,mFRR,Not Specified,Not Specified,MARGINAL,50.77,16.13
15/03/2023 14:00:00 - 15/03/2023 15:00:00,SCA|NO3,mFRR,Not Specified,Not Specified,MARGINAL,50.0,16.13
15/03/2023 15:00:00 - 15/03/2023 16:00:00,SCA|NO3,mFRR,Not Specified,Not Specified,MARGINAL,49.74,10.0
15/03/2023 16:00:00 - 15/03/2023 17:00:00,SCA|NO3,mFRR,Not Specified,Not Specified,MARGINAL,49.75,10.0
15/03/2023 17:00:00 - 15/03/2023 18:00:00,SCA|NO3,mFRR,Not Specified,Not Specified,MARGINAL,48.59,16.0
15/03/2023 18:00:00 - 15/03/2023 19:00:00,SCA|NO3,mFRR,Not Specified,Not Specified,MARGINAL,43.4,17.0
15/03/2023 19:00:00 - 15/03/2023 20:00:00,SCA|NO3,mFRR,Not Specified,Not Specified,MARGINAL,42.04,13.27
15/03/2023 20:00:00 - 15/03/2023 21:00:00,SCA|NO3,mFRR,Not Specified,Not Specified,MARGINAL,42.16,13.29
15/03/2023 21:00:00 - 15/03/2023 22:00:00,SCA|NO3,mFRR,Not Specified,Not Specified,MARGINAL,42.79,16.0
15/03/2023 22:00:00 - 15/03/2023 23:00:00,SCA|NO3,mFRR,Not Specified,Not Specified,,,
15/03/2023 23:00:00 - 16/03/2023 00:00:00,SCA|NO3,mFRR,Not Specified,Not Specified,MARGINAL,42.11,15.0
16/03/2023 00:00:00 - 16/03/2023 01:00:00,SCA|NO3,mFRR,Not Specified,Not Specified,MARGINAL,54.94,20.0
16/03/2023 01:00:00 - 16/03/2023 02:00:00,SCA|NO3,mFRR,Not Specified,Not Specified,MARGINAL,55.8,22.5
16/03/2023 02:00:00 - 16/03/2023 03:00:00,SCA|NO3,mFRR,Not Specified,Not Specified,MARGINAL,58.26,22.5
16/03/2023 03:00:00 - 16/03/2023 04:00:00,SCA|NO3,mFRR,Not Specified,Not Specified,MARGINAL,65.99,65.99
16/03/2023 04:00:00 - 16/03/2023 05:00:00,SCA|NO3,mFRR,Not Specified,Not Specified,MARGINAL,69.86,35.0
16/03/2023 05:00:00 - 16/03/2023 06:00:00,SCA|NO3,mFRR,Not Specified,Not Specified,MARGINAL,88.98,27.23
16/03/2023 06:00:00 - 16/03/2023 07:00:00,SCA|NO3,mFRR,Not Specified,Not Specified,MARGINAL,48.01,27.2
16/03/2023 07:00:00 - 16/03/2023 08:00:00,SCA|NO3,mFRR,Not Specified,Not Specified,MARGINAL,53.66,37.0
16/03/2023 08:00:00 - 16/03/2023 09:00:00,SCA|NO3,mFRR,Not Specified,Not Specified,MARGINAL,56.99,56.99
16/03/2023 09:00:00 - 16/03/2023 10:00:00,SCA|NO3,mFRR,Not Specified,Not Specified,MARGINAL,68.22,68.22
16/03/2023 10:00:00 - 16/03/2023 11:00:00,SCA|NO3,mFRR,Not Specified,Not Specified,MARGINAL,75.56,75.56
16/03/2023 11:00:00 - 16/03/2023 12:00:00,SCA|NO3,mFRR,Not Specified,Not Specified,MARGINAL,73.63,69.0
16/03/2023 12:00:00 - 16/03/2023 13:00:00,SCA|NO3,mFRR,Not Specified,Not Specified,MARGINAL,68.7,34.0
16/03/2023 13:00:00 - 16/03/2023 14:00:00,SCA|NO3,mFRR,Not Specified,Not Specified,MARGINAL,63.48,25.0
16/03/2023 14:00:00 - 16/03/2023 15:00:00,SCA|NO3,mFRR,Not Specified,Not Specified,MARGINAL,60.29,24.69
16/03/2023 15:00:00 - 16/03/2023 16:00:00,SCA|NO3,mFRR,Not Specified,Not Specified,MARGINAL,54.38,29.0
16/03/2023 16:00:00 - 16/03/2023 17:00:00,SCA|NO3,mFRR,Not Specified,Not Specified,MARGINAL,50.0,34.0
16/03/2023 17:00:00 - 16/03/2023 18:00:00,SCA|NO3,mFRR,Not Specified,Not Specified,MARGINAL,50.0,50.0
16/03/2023 18:00:00 - 16/03/2023 19:00:00,SCA|NO3,mFRR,Not Specified,Not Specified,MARGINAL,51.69,51.69
16/03/2023 19:00:00 - 16/03/2023 20:00:00,SCA|NO3,mFRR,Not Specified,Not Specified,MARGINAL,50.0,50.0
16/03/2023 20:00:00 - 16/03/2023 21:00:00,SCA|NO3,mFRR,Not Specified,Not Specified,MARGINAL,50.99,50.99
16/03/2023 21:00:00 - 16/03/2023 22:00:00,SCA|NO3,mFRR,Not Specified,Not Specified,MARGINAL,46.69,46.69
16/03/2023 22:00:00 - 16/03/2023 23:00:00,SCA|NO3,mFRR,Not Specified,Not Specified,MARGINAL,43.68,43.68
16/03/2023 23:00:00 - 17/03/2023 00:00:00,SCA|NO3,mFRR,Not Specified,Not Specified,MARGINAL,37.81,22.5
17/03/2023 00:00:00 - 17/03/2023 01:00:00,SCA|NO3,mFRR,Not Specified,Not Specified,MARGINAL,33.91,22.7
17/03/2023 01:00:00 - 17/03/2023 02:00:00,SCA|NO3,mFRR,Not Specified,Not Specified,MARGINAL,32.62,32.62
17/03/2023 02:00:00 - 17/03/2023 03:00:00,SCA|NO3,mFRR,Not Specified,Not Specified,MARGINAL,31.57,31.57
17/03/2023 03:00:00 - 17/03/2023 04:00:00,SCA|NO3,mFRR,Not Specified,Not Specified,MARGINAL,29.99,29.99
17/03/2023 04:00:00 - 17/03/2023 05:00:00,SCA|NO3,mFRR,Not Specified,Not Specified,MARGINAL,29.55,25.0
17/03/2023 05:00:00 - 17/03/2023 06:00:00,SCA|NO3,mFRR,Not Specified,Not Specified,MARGINAL,29.65,25.0
17/03/2023 06:00:00 - 17/03/2023 07:00:00,SCA|NO3,mFRR,Not Specified,Not Specified,MARGINAL,31.41,25.0
17/03/2023 07:00:00 - 17/03/2023 08:00:00,SCA|NO3,mFRR,Not Specified,Not Specified,MARGINAL,33.29,33.29
17/03/2023 08:00:00 - 17/03/2023 09:00:00,SCA|NO3,mFRR,Not Specified,Not Specified,MARGINAL,33.56,33.56
17/03/2023 09:00:00 - 17/03/2023 10:00:00,SCA|NO3,mFRR,Not Specified,Not Specified,MARGINAL,32.81,32.81
17/03/2023 10:00:00 - 17/03/2023 11:00:00,SCA|NO3,mFRR,Not Specified,Not Specified,MARGINAL,44.77,32.86
17/03/2023 11:00:00 - 17/03/2023 12:00:00,SCA|NO3,mFRR,Not Specified,Not Specified,MARGINAL,44.71,32.56
17/03/2023 12:00:00 - 17/03/2023 13:00:00,SCA|NO3,mFRR,Not Specified,Not Specified,MARGINAL,40.58,32.51
17/03/2023 13:00:00 - 17/03/2023 14:00:00,SCA|NO3,mFRR,Not Specified,Not Specified,MARGINAL,32.3,32.3
17/03/2023 14:00:00 - 17/03/2023 15:00:00,SCA|NO3,mFRR,Not Specified,Not Specified,MARGINAL,32.34,32.34
17/03/2023 15:00:00 - 17/03/2023 16:00:00,SCA|NO3,mFRR,Not Specified,Not Specified,MARGINAL,30.14,30.14
17/03/2023 16:00:00 - 17/03/2023 17:00:00,SCA|NO3,mFRR,Not Specified,Not Specified,MARGINAL,29.78,29.78
17/03/2023 17:00:00 - 17/03/2023 18:00:00,SCA|NO3,mFRR,Not Specified,Not Specified,MARGINAL,40.0,29.37
17/03/2023 18:00:00 - 17/03/2023 19:00:00,SCA|NO3,mFRR,Not Specified,Not Specified,MARGINAL,40.0,28.92
17/03/2023 19:00:00 - 17/03/2023 20:00:00,SCA|NO3,mFRR,Not Specified,Not Specified,MARGINAL,27.89,18.5
17/03/2023 20:00:00 - 17/03/2023 21:00:00,SCA|NO3,mFRR,Not Specified,Not Specified,MARGINAL,29.97,3.0
17/03/2023 21:00:00 - 17/03/2023 22:00:00,SCA|NO3,mFRR,Not Specified,Not Specified,MARGINAL,32.69,0.0
17/03/2023 22:00:00 - 17/03/2023 23:00:00,SCA|NO3,mFRR,Not Specified,Not Specified,MARGINAL,32.48,0.0
17/03/2023 23:00:00 - 18/03/2023 00:00:00,SCA|NO3,mFRR,Not Specified,Not Specified,MARGINAL,28.88,0.0
18/03/2023 00:00:00 - 18/03/2023 01:00:00,SCA|NO3,mFRR,Not Specified,Not Specified,MARGINAL,17.51,0.0
18/03/2023 01:00:00 - 18/03/2023 02:00:00,SCA|NO3,mFRR,Not Specified,Not Specified,MARGINAL,17.15,17.15
18/03/2023 02:00:00 - 18/03/2023 03:00:00,SCA|NO3,mFRR,Not Specified,Not Specified,MARGINAL,15.53,15.53
18/03/2023 03:00:00 - 18/03/2023 04:00:00,SCA|NO3,mFRR,Not Specified,Not Specified,MARGINAL,15.25,15.25
18/03/2023 04:00:00 - 18/03/2023 05:00:00,SCA|NO3,mFRR,Not Specified,Not Specified,MARGINAL,17.23,17.23
18/03/2023 05:00:00 - 18/03/2023 06:00:00,SCA|NO3,mFRR,Not Specified,Not Specified,MARGINAL,21.03,21.03
18/03/2023 06:00:00 - 18/03/2023 07:00:00,SCA|NO3,mFRR,Not Specified,Not Specified,MARGINAL,35.0,21.54
18/03/2023 07:00:00 - 18/03/2023 08:00:00,SCA|NO3,mFRR,Not Specified,Not Specified,MARGINAL,38.98,22.97
18/03/2023 08:00:00 - 18/03/2023 09:00:00,SCA|NO3,mFRR,Not Specified,Not Specified,MARGINAL,43.78,28.72
18/03/2023 09:00:00 - 18/03/2023 10:00:00,SCA|NO3,mFRR,Not Specified,Not Specified,MARGINAL,45.53,29.86
18/03/2023 10:00:00 - 18/03/2023 11:00:00,SCA|NO3,mFRR,Not Specified,Not Specified,MARGINAL,45.0,32.69
18/03/2023 11:00:00 - 18/03/2023 12:00:00,SCA|NO3,mFRR,Not Specified,Not Specified,MARGINAL,43.0,32.78
18/03/2023 12:00:00 - 18/03/2023 13:00:00,SCA|NO3,mFRR,Not Specified,Not Specified,MARGINAL,42.99,32.41
18/03/2023 13:00:00 - 18/03/2023 14:00:00,SCA|NO3,mFRR,Not Specified,Not Specified,MARGINAL,31.88,31.88
18/03/2023 14:00:00 - 18/03/2023 15:00:00,SCA|NO3,mFRR,Not Specified,Not Specified,MARGINAL,32.4,32.4
18/03/2023 15:00:00 - 18/03/2023 16:00:00,SCA|NO3,mFRR,Not Specified,Not Specified,MARGINAL,42.28,35.03
18/03/2023 16:00:00 - 18/03/2023 17:00:00,SCA|NO3,mFRR,Not Specified,Not Specified,MARGINAL,42.8,42.8
18/03/2023 17:00:00 - 18/03/2023 18:00:00,SCA|NO3,mFRR,Not Specified,Not Specified,MARGINAL,53.57,48.02
18/03/2023 18:00:00 - 18/03/2023 19:00:00,SCA|NO3,mFRR,Not Specified,Not Specified,MARGINAL,54.2,54.2
18/03/2023 19:00:00 - 18/03/2023 20:00:00,SCA|NO3,mFRR,Not Specified,Not Specified,MARGINAL,55.25,55.25
18/03/2023 20:00:00 - 18/03/2023 21:00:00,SCA|NO3,mFRR,Not Specified,Not Specified,MARGINAL,55.0,54.02
18/03/2023 21:00:00 - 18/03/2023 22:00:00,SCA|NO3,mFRR,Not Specified,Not Specified,MARGINAL,53.88,53.88
18/03/2023 22:00:00 - 18/03/2023 23:00:00,SCA|NO3,mFRR,Not Specified,Not Specified,MARGINAL,50.9,50.9
18/03/2023 23:00:00 - 19/03/2023 00:00:00,SCA|NO3,mFRR,Not Specified,Not Specified,MARGINAL,48.01,48.01
19/03/2023 00:00:00 - 19/03/2023 01:00:00,SCA|NO3,mFRR,Not Specified,Not Specified,MARGINAL,45.59,45.59
19/03/2023 01:00:00 - 19/03/2023 02:00:00,SCA|NO3,mFRR,Not Specified,Not Specified,MARGINAL,39.95,39.95
19/03/2023 02:00:00 - 19/03/2023 03:00:00,SCA|NO3,mFRR,Not Specified,Not Specified,MARGINAL,38.82,38.82
19/03/2023 03:00:00 - 19/03/2023 04:00:00,SCA|NO3,mFRR,Not Specified,Not Specified,MARGINAL,39.84,39.84
19/03/2023 04:00:00 - 19/03/2023 05:00:00,SCA|NO3,mFRR,Not Specified,Not Specified,MARGINAL,42.01,42.01
19/03/2023 05:00:00 - 19/03/2023 06:00:00,SCA|NO3,mFRR,Not Specified,Not Specified,MARGINAL,43.76,43.76
19/03/2023 06:00:00 - 19/03/2023 07:00:00,SCA|NO3,mFRR,Not Specified,Not Specified,MARGINAL,45.48,45.48
19/03/2023 07:00:00 - 19/03/2023 08:00:00,SCA|NO3,mFRR,Not Specified,Not Specified,MARGINAL,49.19,49.19
19/03/2023 08:00:00 - 19/03/2023 09:00:00,SCA|NO3,mFRR,Not Specified,Not Specified,MARGINAL,60.0,60.0
19/03/2023 09:00:00 - 19/03/2023 10:00:00,SCA|NO3,mFRR,Not Specified,Not Specified,MARGINAL,59.4,59.4
19/03/2023 10:00:00 - 19/03/2023 11:00:00,SCA|NO3,mFRR,Not Specified,Not Specified,MARGINAL,55.43,55.43
19/03/2023 11:00:00 - 19/03/2023 12:00:00,SCA|NO3,mFRR,Not Specified,Not Specified,MARGINAL,49.88,49.88
19/03/2023 12:00:00 - 19/03/2023 13:00:00,SCA|NO3,mFRR,Not Specified,Not Specified,MARGINAL,46.3,46.3
19/03/2023 13:00:00 - 19/03/2023 14:00:00,SCA|NO3,mFRR,Not Specified,Not Specified,MARGINAL,44.34,21.5
19/03/2023 14:00:00 - 19/03/2023 15:00:00,SCA|NO3,mFRR,Not Specified,Not Specified,MARGINAL,42.59,21.5
19/03/2023 15:00:00 - 19/03/2023 16:00:00,SCA|NO3,mFRR,Not Specified,Not Specified,MARGINAL,39.92,18.0
19/03/2023 16:00:00 - 19/03/2023 17:00:00,SCA|NO3,mFRR,Not Specified,Not Specified,MARGINAL,36.39,16.0
19/03/2023 17:00:00 - 19/03/2023 18:00:00,SCA|NO3,mFRR,Not Specified,Not Specified,MARGINAL,34.87,16.0
19/03/2023 18:00:00 - 19/03/2023 19:00:00,SCA|NO3,mFRR,Not Specified,Not Specified,MARGINAL,35.54,16.0
19/03/2023 19:00:00 - 19/03/2023 20:00:00,SCA|NO3,mFRR,Not Specified,Not Specified,MARGINAL,35.05,18.0
19/03/2023 20:00:00 - 19/03/2023 21:00:00,SCA|NO3,mFRR,Not Specified,Not Specified,MARGINAL,33.48,18.0
19/03/2023 21:00:00 - 19/03/2023 22:00:00,SCA|NO3,mFRR,Not Specified,Not Specified,MARGINAL,31.57,20.0
19/03/2023 22:00:00 - 19/03/2023 23:00:00,SCA|NO3,mFRR,Not Specified,Not Specified,MARGINAL,28.31,28.31
19/03/2023 23:00:00 - 20/03/2023 00:00:00,SCA|NO3,mFRR,Not Specified,Not Specified,MARGINAL,24.93,24.93
20/03/2023 00:00:00 - 20/03/2023 01:00:00,SCA|NO3,mFRR,Not Specified,Not Specified,MARGINAL,39.27,39.27
20/03/2023 01:00:00 - 20/03/2023 02:00:00,SCA|NO3,mFRR,Not Specified,Not Specified,MARGINAL,39.91,39.91
20/03/2023 02:00:00 - 20/03/2023 03:00:00,SCA|NO3,mFRR,Not Specified,Not Specified,MARGINAL,42.71,42.71
20/03/2023 03:00:00 - 20/03/2023 04:00:00,SCA|NO3,mFRR,Not Specified,Not Specified,MARGINAL,42.48,42.48
20/03/2023 04:00:00 - 20/03/2023 05:00:00,SCA|NO3,mFRR,Not Specified,Not Specified,MARGINAL,44.81,44.81
20/03/2023 05:00:00 - 20/03/2023 06:00:00,SCA|NO3,mFRR,Not Specified,Not Specified,MARGINAL,46.6,46.6
20/03/2023 06:00:00 - 20/03/2023 07:00:00,SCA|NO3,mFRR,Not Specified,Not Specified,MARGINAL,44.08,44.08
20/03/2023 07:00:00 - 20/03/2023 08:00:00,SCA|NO3,mFRR,Not Specified,Not Specified,MARGINAL,52.99,35.0
20/03/2023 08:00:00 - 20/03/2023 09:00:00,SCA|NO3,mFRR,Not Specified,Not Specified,MARGINAL,53.0,37.0
20/03/2023 09:00:00 - 20/03/2023 10:00:00,SCA|NO3,mFRR,Not Specified,Not Specified,MARGINAL,52.85,38.0
20/03/2023 10:00:00 - 20/03/2023 11:00:00,SCA|NO3,mFRR,Not Specified,Not Specified,MARGINAL,56.91,50.35
20/03/2023 11:00:00 - 20/03/2023 12:00:00,SCA|NO3,mFRR,Not Specified,Not Specified,MARGINAL,53.27,53.27
20/03/2023 12:00:00 - 20/03/2023 13:00:00,SCA|NO3,mFRR,Not Specified,Not Specified,MARGINAL,52.99,52.99
20/03/2023 13:00:00 - 20/03/2023 14:00:00,SCA|NO3,mFRR,Not Specified,Not Specified,MARGINAL,52.46,52.46
20/03/2023 14:00:00 - 20/03/2023 15:00:00,SCA|NO3,mFRR,Not Specified,Not Specified,MARGINAL,52.72,52.72
20/03/2023 15:00:00 - 20/03/2023 16:00:00,SCA|NO3,mFRR,Not Specified,Not Specified,MARGINAL,53.25,53.25
20/03/2023 16:00:00 - 20/03/2023 17:00:00,SCA|NO3,mFRR,Not Specified,Not Specified,MARGINAL,53.0,53.0
20/03/2023 17:00:00 - 20/03/2023 18:00:00,SCA|NO3,mFRR,Not Specified,Not Specified,MARGINAL,52.99,52.99
20/03/2023 18:00:00 - 20/03/2023 19:00:00,SCA|NO3,mFRR,Not Specified,Not Specified,MARGINAL,47.95,47.95
20/03/2023 19:00:00 - 20/03/2023 20:00:00,SCA|NO3,mFRR,Not Specified,Not Specified,MARGINAL,46.63,46.63
20/03/2023 20:00:00 - 20/03/2023 21:00:00,SCA|NO3,mFRR,Not Specified,Not Specified,MARGINAL,46.79,46.79
20/03/2023 21:00:00 - 20/03/2023 22:00:00,SCA|NO3,mFRR,Not Specified,Not Specified,MARGINAL,42.83,42.83
20/03/2023 22:00:00 - 20/03/2023 23:00:00,SCA|NO3,mFRR,Not Specified,Not Specified,MARGINAL,50.0,39.71
20/03/2023 23:00:00 - 21/03/2023 00:00:00,SCA|NO3,mFRR,Not Specified,Not Specified,MARGINAL,50.0,37.82
21/03/2023 00:00:00 - 21/03/2023 01:00:00,SCA|NO3,mFRR,Not Specified,Not Specified,MARGINAL,43.59,40.03
21/03/2023 01:00:00 - 21/03/2023 02:00:00,SCA|NO3,mFRR,Not Specified,Not Specified,MARGINAL,49.11,40.0
21/03/2023 02:00:00 - 21/03/2023 03:00:00,SCA|NO3,mFRR,Not Specified,Not Specified,MARGINAL,41.35,38.3
21/03/2023 03:00:00 - 21/03/2023 04:00:00,SCA|NO3,mFRR,Not Specified,Not Specified,MARGINAL,39.23,30.77
21/03/2023 04:00:00 - 21/03/2023 05:00:00,SCA|NO3,mFRR,Not Specified,Not Specified,MARGINAL,40.02,23.84
21/03/2023 05:00:00 - 21/03/2023 06:00:00,SCA|NO3,mFRR,Not Specified,Not Specified,MARGINAL,44.91,23.33
21/03/2023 06:00:00 - 21/03/2023 07:00:00,SCA|NO3,mFRR,Not Specified,Not Specified,MARGINAL,50.58,21.89
21/03/2023 07:00:00 - 21/03/2023 08:00:00,SCA|NO3,mFRR,Not Specified,Not Specified,MARGINAL,59.69,30.0
21/03/2023 08:00:00 - 21/03/2023 09:00:00,SCA|NO3,mFRR,Not Specified,Not Specified,MARGINAL,66.63,33.16
21/03/2023 09:00:00 - 21/03/2023 10:00:00,SCA|NO3,mFRR,Not Specified,Not Specified,MARGINAL,73.8,35.02
21/03/2023 10:00:00 - 21/03/2023 11:00:00,SCA|NO3,mFRR,Not Specified,Not Specified,MARGINAL,77.13,34.0
21/03/2023 11:00:00 - 21/03/2023 12:00:00,SCA|NO3,mFRR,Not Specified,Not Specified,MARGINAL,73.83,17.5
21/03/2023 12:00:00 - 21/03/2023 13:00:00,SCA|NO3,mFRR,Not Specified,Not Specified,MARGINAL,68.87,13.77
21/03/2023 13:00:00 - 21/03/2023 14:00:00,SCA|NO3,mFRR,Not Specified,Not Specified,MARGINAL,66.86,13.74
21/03/2023 14:00:00 - 21/03/2023 15:00:00,SCA|NO3,mFRR,Not Specified,Not Specified,MARGINAL,61.04,14.0
21/03/2023 15:00:00 - 21/03/2023 16:00:00,SCA|NO3,mFRR,Not Specified,Not Specified,MARGINAL,58.95,21.0
21/03/2023 16:00:00 - 21/03/2023 17:00:00,SCA|NO3,mFRR,Not Specified,Not Specified,MARGINAL,58.01,21.0
21/03/2023 17:00:00 - 21/03/2023 18:00:00,SCA|NO3,mFRR,Not Specified,Not Specified,MARGINAL,49.75,30.0
21/03/2023 18:00:00 - 21/03/2023 19:00:00,SCA|NO3,mFRR,Not Specified,Not Specified,MARGINAL,46.6,30.0
21/03/2023 19:00:00 - 21/03/2023 20:00:00,SCA|NO3,mFRR,Not Specified,Not Specified,MARGINAL,43.44,23.0
21/03/2023 20:00:00 - 21/03/2023 21:00:00,SCA|NO3,mFRR,Not Specified,Not Specified,MARGINAL,42.94,23.0
21/03/2023 21:00:00 - 21/03/2023 22:00:00,SCA|NO3,mFRR,Not Specified,Not Specified,MARGINAL,45.26,23.0
21/03/2023 22:00:00 - 21/03/2023 23:00:00,SCA|NO3,mFRR,Not Specified,Not Specified,MARGINAL,43.96,30.0
21/03/2023 23:00:00 - 22/03/2023 00:00:00,SCA|NO3,mFRR,Not Specified,Not Specified,MARGINAL,42.94,30.0
22/03/2023 00:00:00 - 22/03/2023 01:00:00,SCA|NO3,mFRR,Not Specified,Not Specified,MARGINAL,45.08,35.4
22/03/2023 01:00:00 - 22/03/2023 02:00:00,SCA|NO3,mFRR,Not Specified,Not Specified,MARGINAL,45.08,35.38
22/03/2023 02:00:00 - 22/03/2023 03:00:00,SCA|NO3,mFRR,Not Specified,Not Specified,MARGINAL,40.66,35.18
22/03/2023 03:00:00 - 22/03/2023 04:00:00,SCA|NO3,mFRR,Not Specified,Not Specified,MARGINAL,35.23,35.23
22/03/2023 04:00:00 - 22/03/2023 05:00:00,SCA|NO3,mFRR,Not Specified,Not Specified,MARGINAL,35.83,33.0
22/03/2023 05:00:00 - 22/03/2023 06:00:00,SCA|NO3,mFRR,Not Specified,Not Specified,MARGINAL,43.48,43.48
22/03/2023 06:00:00 - 22/03/2023 07:00:00,SCA|NO3,mFRR,Not Specified,Not Specified,MARGINAL,50.87,50.87
22/03/2023 07:00:00 - 22/03/2023 08:00:00,SCA|NO3,mFRR,Not Specified,Not Specified,MARGINAL,64.26,35.0
22/03/2023 08:00:00 - 22/03/2023 09:00:00,SCA|NO3,mFRR,Not Specified,Not Specified,MARGINAL,73.71,35.0
22/03/2023 09:00:00 - 22/03/2023 10:00:00,SCA|NO3,mFRR,Not Specified,Not Specified,MARGINAL,78.13,35.0
22/03/2023 10:00:00 - 22/03/2023 11:00:00,SCA|NO3,mFRR,Not Specified,Not Specified,MARGINAL,54.19,35.0
22/03/2023 11:00:00 - 22/03/2023 12:00:00,SCA|NO3,mFRR,Not Specified,Not Specified,MARGINAL,50.19,33.59
22/03/2023 12:00:00 - 22/03/2023 13:00:00,SCA|NO3,mFRR,Not Specified,Not Specified,MARGINAL,47.5,33.59
22/03/2023 13:00:00 - 22/03/2023 14:00:00,SCA|NO3,mFRR,Not Specified,Not Specified,MARGINAL,47.41,47.41
22/03/2023 14:00:00 - 22/03/2023 15:00:00,SCA|NO3,mFRR,Not Specified,Not Specified,MARGINAL,43.31,43.31
22/03/2023 15:00:00 - 22/03/2023 16:00:00,SCA|NO3,mFRR,Not Specified,Not Specified,MARGINAL,45.53,45.53
22/03/2023 16:00:00 - 22/03/2023 17:00:00,SCA|NO3,mFRR,Not Specified,Not Specified,MARGINAL,41.78,41.78
22/03/2023 17:00:00 - 22/03/2023 18:00:00,SCA|NO3,mFRR,Not Specified,Not Specified,MARGINAL,43.1,43.1
22/03/2023 18:00:00 - 22/03/2023 19:00:00,SCA|NO3,mFRR,Not Specified,Not Specified,MARGINAL,45.82,45.82
22/03/2023 19:00:00 - 22/03/2023 20:00:00,SCA|NO3,mFRR,Not Specified,Not Specified,MARGINAL,39.02,39.02
22/03/2023 20:00:00 - 22/03/2023 21:00:00,SCA|NO3,mFRR,Not Specified,Not Specified,MARGINAL,36.96,36.96
22/03/2023 21:00:00 - 22/03/2023 22:00:00,SCA|NO3,mFRR,Not Specified,Not Specified,MARGINAL,37.44,37.44
22/03/2023 22:00:00 - 22/03/2023 23:00:00,SCA|NO3,mFRR,Not Specified,Not Specified,MARGINAL,37.55,37.55
22/03/2023 23:00:00 - 23/03/2023 00:00:00,SCA|NO3,mFRR,Not Specified,Not Specified,MARGINAL,36.98,36.98
23/03/2023 00:00:00 - 23/03/2023 01:00:00,SCA|NO3,mFRR,Not Specified,Not Specified,MARGINAL,36.41,36.41
23/03/2023 01:00:00 - 23/03/2023 02:00:00,SCA|NO3,mFRR,Not Specified,Not Specified,MARGINAL,35.33,30.89
23/03/2023 02:00:00 - 23/03/2023 03:00:00,SCA|NO3,mFRR,Not Specified,Not Specified,MARGINAL,67.5,35.08
23/03/2023 03:00:00 - 23/03/2023 04:00:00,SCA|NO3,mFRR,Not Specified,Not Specified,MARGINAL,67.5,34.77
23/03/2023 04:00:00 - 23/03/2023 05:00:00,SCA|NO3,mFRR,Not Specified,Not Specified,MARGINAL,67.5,34.65
23/03/2023 05:00:00 - 23/03/2023 06:00:00,SCA|NO3,mFRR,Not Specified,Not Specified,MARGINAL,67.5,35.03
23/03/2023 06:00:00 - 23/03/2023 07:00:00,SCA|NO3,mFRR,Not Specified,Not Specified,MARGINAL,62.0,35.3
23/03/2023 07:00:00 - 23/03/2023 08:00:00,SCA|NO3,mFRR,Not Specified,Not Specified,MARGINAL,62.0,39.64
23/03/2023 08:00:00 - 23/03/2023 09:00:00,SCA|NO3,mFRR,Not Specified,Not Specified,MARGINAL,43.89,43.89
23/03/2023 09:00:00 - 23/03/2023 10:00:00,SCA|NO3,mFRR,Not Specified,Not Specified,MARGINAL,41.62,41.62
23/03/2023 10:00:00 - 23/03/2023 11:00:00,SCA|NO3,mFRR,Not Specified,Not Specified,MARGINAL,39.77,39.77
23/03/2023 11:00:00 - 23/03/2023 12:00:00,SCA|NO3,mFRR,Not Specified,Not Specified,MARGINAL,55.0,35.18
23/03/2023 12:00:00 - 23/03/2023 13:00:00,SCA|NO3,mFRR,Not Specified,Not Specified,MARGINAL,55.0,35.71
23/03/2023 13:00:00 - 23/03/2023 14:00:00,SCA|NO3,mFRR,Not Specified,Not Specified,MARGINAL,60.0,38.92
23/03/2023 14:00:00 - 23/03/2023 15:00:00,SCA|NO3,mFRR,Not Specified,Not Specified,MARGINAL,60.0,41.62
23/03/2023 15:00:00 - 23/03/2023 16:00:00,SCA|NO3,mFRR,Not Specified,Not Specified,MARGINAL,60.0,42.9
23/03/2023 16:00:00 - 23/03/2023 17:00:00,SCA|NO3,mFRR,Not Specified,Not Specified,MARGINAL,60.0,46.01
23/03/2023 17:00:00 - 23/03/2023 18:00:00,SCA|NO3,mFRR,Not Specified,Not Specified,MARGINAL,49.97,49.97
23/03/2023 18:00:00 - 23/03/2023 19:00:00,SCA|NO3,mFRR,Not Specified,Not Specified,MARGINAL,56.21,56.21
23/03/2023 19:00:00 - 23/03/2023 20:00:00,SCA|NO3,mFRR,Not Specified,Not Specified,MARGINAL,53.26,53.26
23/03/2023 20:00:00 - 23/03/2023 21:00:00,SCA|NO3,mFRR,Not Specified,Not Specified,MARGINAL,47.79,47.79
23/03/2023 21:00:00 - 23/03/2023 22:00:00,SCA|NO3,mFRR,Not Specified,Not Specified,MARGINAL,44.95,44.95
23/03/2023 22:00:00 - 23/03/2023 23:00:00,SCA|NO3,mFRR,Not Specified,Not Specified,MARGINAL,41.82,41.82
23/03/2023 23:00:00 - 24/03/2023 00:00:00,SCA|NO3,mFRR,Not Specified,Not Specified,MARGINAL,37.19,37.19
24/03/2023 00:00:00 - 24/03/2023 01:00:00,SCA|NO3,mFRR,Not Specified,Not Specified,MARGINAL,44.25,44.25
24/03/2023 01:00:00 - 24/03/2023 02:00:00,SCA|NO3,mFRR,Not Specified,Not Specified,MARGINAL,42.95,42.95
24/03/2023 02:00:00 - 24/03/2023 03:00:00,SCA|NO3,mFRR,Not Specified,Not Specified,MARGINAL,41.63,41.63
24/03/2023 03:00:00 - 24/03/2023 04:00:00,SCA|NO3,mFRR,Not Specified,Not Specified,MARGINAL,41.12,30.0
24/03/2023 04:00:00 - 24/03/2023 05:00:00,SCA|NO3,mFRR,Not Specified,Not Specified,MARGINAL,40.37,20.5
24/03/2023 05:00:00 - 24/03/2023 06:00:00,SCA|NO3,mFRR,Not Specified,Not Specified,MARGINAL,40.32,21.0
24/03/2023 06:00:00 - 24/03/2023 07:00:00,SCA|NO3,mFRR,Not Specified,Not Specified,MARGINAL,44.84,30.0
24/03/2023 07:00:00 - 24/03/2023 08:00:00,SCA|NO3,mFRR,Not Specified,Not Specified,MARGINAL,58.59,58.59
24/03/2023 08:00:00 - 24/03/2023 09:00:00,SCA|NO3,mFRR,Not Specified,Not Specified,MARGINAL,65.57,65.57
24/03/2023 09:00:00 - 24/03/2023 10:00:00,SCA|NO3,mFRR,Not Specified,Not Specified,MARGINAL,58.8,58.8
24/03/2023 10:00:00 - 24/03/2023 11:00:00,SCA|NO3,mFRR,Not Specified,Not Specified,MARGINAL,46.77,46.77
24/03/2023 11:00:00 - 24/03/2023 12:00:00,SCA|NO3,mFRR,Not Specified,Not Specified,MARGINAL,46.73,46.73
24/03/2023 12:00:00 - 24/03/2023 13:00:00,SCA|NO3,mFRR,Not Specified,Not Specified,MARGINAL,54.5,44.94
24/03/2023 13:00:00 - 24/03/2023 14:00:00,SCA|NO3,mFRR,Not Specified,Not Specified,MARGINAL,54.5,43.49
24/03/2023 14:00:00 - 24/03/2023 15:00:00,SCA|NO3,mFRR,Not Specified,Not Specified,MARGINAL,54.0,42.32
24/03/2023 15:00:00 - 24/03/2023 16:00:00,SCA|NO3,mFRR,Not Specified,Not Specified,MARGINAL,54.0,41.74
24/03/2023 16:00:00 - 24/03/2023 17:00:00,SCA|NO3,mFRR,Not Specified,Not Specified,MARGINAL,40.59,40.59
24/03/2023 17:00:00 - 24/03/2023 18:00:00,SCA|NO3,mFRR,Not Specified,Not Specified,MARGINAL,49.92,49.92
24/03/2023 18:00:00 - 24/03/2023 19:00:00,SCA|NO3,mFRR,Not Specified,Not Specified,MARGINAL,50.56,50.56
24/03/2023 19:00:00 - 24/03/2023 20:00:00,SCA|NO3,mFRR,Not Specified,Not Specified,MARGINAL,53.0,44.8
24/03/2023 20:00:00 - 24/03/2023 21:00:00,SCA|NO3,mFRR,Not Specified,Not Specified,MARGINAL,44.13,44.13
24/03/2023 21:00:00 - 24/03/2023 22:00:00,SCA|NO3,mFRR,Not Specified,Not Specified,MARGINAL,43.62,43.62
24/03/2023 22:00:00 - 24/03/2023 23:00:00,SCA|NO3,mFRR,Not Specified,Not Specified,MARGINAL,45.1,45.1
24/03/2023 23:00:00 - 25/03/2023 00:00:00,SCA|NO3,mFRR,Not Specified,Not Specified,MARGINAL,44.21,44.21
25/03/2023 00:00:00 - 25/03/2023 01:00:00,SCA|NO3,mFRR,Not Specified,Not Specified,MARGINAL,44.94,44.94
25/03/2023 01:00:00 - 25/03/2023 02:00:00,SCA|NO3,mFRR,Not Specified,Not Specified,MARGINAL,44.31,44.31
25/03/2023 02:00:00 - 25/03/2023 03:00:00,SCA|NO3,mFRR,Not Specified,Not Specified,MARGINAL,43.13,21.5
25/03/2023 03:00:00 - 25/03/2023 04:00:00,SCA|NO3,mFRR,Not Specified,Not Specified,MARGINAL,43.93,17.0
25/03/2023 04:00:00 - 25/03/2023 05:00:00,SCA|NO3,mFRR,Not Specified,Not Specified,MARGINAL,44.79,13.5
25/03/2023 05:00:00 - 25/03/2023 06:00:00,SCA|NO3,mFRR,Not Specified,Not Specified,MARGINAL,44.8,13.5
25/03/2023 06:00:00 - 25/03/2023 07:00:00,SCA|NO3,mFRR,Not Specified,Not Specified,MARGINAL,43.81,5.0
25/03/2023 07:00:00 - 25/03/2023 08:00:00,SCA|NO3,mFRR,Not Specified,Not Specified,MARGINAL,46.88,6.19
25/03/2023 08:00:00 - 25/03/2023 09:00:00,SCA|NO3,mFRR,Not Specified,Not Specified,MARGINAL,47.81,20.13
25/03/2023 09:00:00 - 25/03/2023 10:00:00,SCA|NO3,mFRR,Not Specified,Not Specified,MARGINAL,49.49,49.49
25/03/2023 10:00:00 - 25/03/2023 11:00:00,SCA|NO3,mFRR,Not Specified,Not Specified,MARGINAL,49.13,49.13
25/03/2023 11:00:00 - 25/03/2023 12:00:00,SCA|NO3,mFRR,Not Specified,Not Specified,MARGINAL,47.96,47.96
25/03/2023 12:00:00 - 25/03/2023 13:00:00,SCA|NO3,mFRR,Not Specified,Not Specified,MARGINAL,48.27,48.27
25/03/2023 13:00:00 - 25/03/2023 14:00:00,SCA|NO3,mFRR,Not Specified,Not Specified,MARGINAL,47.75,47.75
25/03/2023 14:00:00 - 25/03/2023 15:00:00,SCA|NO3,mFRR,Not Specified,Not Specified,MARGINAL,47.42,47.42
25/03/2023 15:00:00 - 25/03/2023 16:00:00,SCA|NO3,mFRR,Not Specified,Not Specified,MARGINAL,47.19,47.19
25/03/2023 16:00:00 - 25/03/2023 17:00:00,SCA|NO3,mFRR,Not Specified,Not Specified,MARGINAL,55.4,47.39
25/03/2023 17:00:00 - 25/03/2023 18:00:00,SCA|NO3,mFRR,Not Specified,Not Specified,MARGINAL,80.0,48.56
25/03/2023 18:00:00 - 25/03/2023 19:00:00,SCA|NO3,mFRR,Not Specified,Not Specified,MARGINAL,92.0,60.0
25/03/2023 19:00:00 - 25/03/2023 20:00:00,SCA|NO3,mFRR,Not Specified,Not Specified,MARGINAL,92.0,64.12
25/03/2023 20:00:00 - 25/03/2023 21:00:00,SCA|NO3,mFRR,Not Specified,Not Specified,MARGINAL,85.0,57.39
25/03/2023 21:00:00 - 25/03/2023 22:00:00,SCA|NO3,mFRR,Not Specified,Not Specified,MARGINAL,56.93,49.67
25/03/2023 22:00:00 - 25/03/2023 23:00:00,SCA|NO3,mFRR,Not Specified,Not Specified,MARGINAL,54.5,48.79
25/03/2023 23:00:00 - 26/03/2023 00:00:00,SCA|NO3,mFRR,Not Specified,Not Specified,MARGINAL,55.85,47.88
26/03/2023 00:00:00 - 26/03/2023 01:00:00,SCA|NO3,mFRR,Not Specified,Not Specified,MARGINAL,55.0,49.46
26/03/2023 01:00:00 - 26/03/2023 03:00:00,SCA|NO3,mFRR,Not Specified,Not Specified,MARGINAL,71.48,47.65
26/03/2023 03:00:00 - 26/03/2023 04:00:00,SCA|NO3,mFRR,Not Specified,Not Specified,MARGINAL,66.38,47.11
26/03/2023 04:00:00 - 26/03/2023 05:00:00,SCA|NO3,mFRR,Not Specified,Not Specified,MARGINAL,63.0,45.48
26/03/2023 05:00:00 - 26/03/2023 06:00:00,SCA|NO3,mFRR,Not Specified,Not Specified,MARGINAL,50.0,45.59
26/03/2023 06:00:00 - 26/03/2023 07:00:00,SCA|NO3,mFRR,Not Specified,Not Specified,MARGINAL,50.0,46.42
26/03/2023 07:00:00 - 26/03/2023 08:00:00,SCA|NO3,mFRR,Not Specified,Not Specified,MARGINAL,45.86,45.86
26/03/2023 08:00:00 - 26/03/2023 09:00:00,SCA|NO3,mFRR,Not Specified,Not Specified,MARGINAL,69.51,48.22
26/03/2023 09:00:00 - 26/03/2023 10:00:00,SCA|NO3,mFRR,Not Specified,Not Specified,MARGINAL,70.0,49.61
26/03/2023 10:00:00 - 26/03/2023 11:00:00,SCA|NO3,mFRR,Not Specified,Not Specified,MARGINAL,69.95,49.62
26/03/2023 11:00:00 - 26/03/2023 12:00:00,SCA|NO3,mFRR,Not Specified,Not Specified,MARGINAL,50.01,50.01
26/03/2023 12:00:00 - 26/03/2023 13:00:00,SCA|NO3,mFRR,Not Specified,Not Specified,MARGINAL,65.03,49.57
26/03/2023 13:00:00 - 26/03/2023 14:00:00,SCA|NO3,mFRR,Not Specified,Not Specified,MARGINAL,47.9,21.0
26/03/2023 14:00:00 - 26/03/2023 15:00:00,SCA|NO3,mFRR,Not Specified,Not Specified,MARGINAL,46.1,19.0
26/03/2023 15:00:00 - 26/03/2023 16:00:00,SCA|NO3,mFRR,Not Specified,Not Specified,MARGINAL,44.33,19.0
26/03/2023 16:00:00 - 26/03/2023 17:00:00,SCA|NO3,mFRR,Not Specified,Not Specified,MARGINAL,48.35,21.02
26/03/2023 17:00:00 - 26/03/2023 18:00:00,SCA|NO3,mFRR,Not Specified,Not Specified,MARGINAL,62.37,62.37
26/03/2023 18:00:00 - 26/03/2023 19:00:00,SCA|NO3,mFRR,Not Specified,Not Specified,MARGINAL,61.98,61.98
26/03/2023 19:00:00 - 26/03/2023 20:00:00,SCA|NO3,mFRR,Not Specified,Not Specified,MARGINAL,71.31,54.84
26/03/2023 20:00:00 - 26/03/2023 21:00:00,SCA|NO3,mFRR,Not Specified,Not Specified,MARGINAL,70.99,50.67
26/03/2023 21:00:00 - 26/03/2023 22:00:00,SCA|NO3,mFRR,Not Specified,Not Specified,MARGINAL,49.64,49.64
26/03/2023 22:00:00 - 26/03/2023 23:00:00,SCA|NO3,mFRR,Not Specified,Not Specified,MARGINAL,49.6,49.6
26/03/2023 23:00:00 - 27/03/2023 00:00:00,SCA|NO3,mFRR,Not Specified,Not Specified,MARGINAL,47.28,47.28
27/03/2023 00:00:00 - 27/03/2023 01:00:00,SCA|NO3,mFRR,Not Specified,Not Specified,MARGINAL,42.13,42.13
27/03/2023 01:00:00 - 27/03/2023 02:00:00,SCA|NO3,mFRR,Not Specified,Not Specified,MARGINAL,65.0,40.31
27/03/2023 02:00:00 - 27/03/2023 03:00:00,SCA|NO3,mFRR,Not Specified,Not Specified,MARGINAL,65.0,39.95
27/03/2023 03:00:00 - 27/03/2023 04:00:00,SCA|NO3,mFRR,Not Specified,Not Specified,MARGINAL,65.0,40.14
27/03/2023 04:00:00 - 27/03/2023 05:00:00,SCA|NO3,mFRR,Not Specified,Not Specified,MARGINAL,60.0,41.57
27/03/2023 05:00:00 - 27/03/2023 06:00:00,SCA|NO3,mFRR,Not Specified,Not Specified,MARGINAL,43.78,43.78
27/03/2023 06:00:00 - 27/03/2023 07:00:00,SCA|NO3,mFRR,Not Specified,Not Specified,MARGINAL,54.01,19.18
27/03/2023 07:00:00 - 27/03/2023 08:00:00,SCA|NO3,mFRR,Not Specified,Not Specified,MARGINAL,63.23,19.18
27/03/2023 08:00:00 - 27/03/2023 09:00:00,SCA|NO3,mFRR,Not Specified,Not Specified,MARGINAL,71.97,19.16
27/03/2023 09:00:00 - 27/03/2023 10:00:00,SCA|NO3,mFRR,Not Specified,Not Specified,MARGINAL,97.85,22.0
27/03/2023 10:00:00 - 27/03/2023 11:00:00,SCA|NO3,mFRR,Not Specified,Not Specified,MARGINAL,92.57,22.0
27/03/2023 11:00:00 - 27/03/2023 12:00:00,SCA|NO3,mFRR,Not Specified,Not Specified,MARGINAL,80.93,31.0
27/03/2023 12:00:00 - 27/03/2023 13:00:00,SCA|NO3,mFRR,Not Specified,Not Specified,MARGINAL,76.98,30.0
27/03/2023 13:00:00 - 27/03/2023 14:00:00,SCA|NO3,mFRR,Not Specified,Not Specified,MARGINAL,74.26,22.5
27/03/2023 14:00:00 - 27/03/2023 15:00:00,SCA|NO3,mFRR,Not Specified,Not Specified,MARGINAL,71.82,21.0
27/03/2023 15:00:00 - 27/03/2023 16:00:00,SCA|NO3,mFRR,Not Specified,Not Specified,MARGINAL,71.72,21.0
27/03/2023 16:00:00 - 27/03/2023 17:00:00,SCA|NO3,mFRR,Not Specified,Not Specified,MARGINAL,74.94,21.0
27/03/2023 17:00:00 - 27/03/2023 18:00:00,SCA|NO3,mFRR,Not Specified,Not Specified,MARGINAL,81.24,23.88
27/03/2023 18:00:00 - 27/03/2023 19:00:00,SCA|NO3,mFRR,Not Specified,Not Specified,MARGINAL,89.08,23.88
27/03/2023 19:00:00 - 27/03/2023 20:00:00,SCA|NO3,mFRR,Not Specified,Not Specified,MARGINAL,96.33,31.0
27/03/2023 20:00:00 - 27/03/2023 21:00:00,SCA|NO3,mFRR,Not Specified,Not Specified,MARGINAL,99.23,33.61
27/03/2023 21:00:00 - 27/03/2023 22:00:00,SCA|NO3,mFRR,Not Specified,Not Specified,MARGINAL,98.95,33.61
27/03/2023 22:00:00 - 27/03/2023 23:00:00,SCA|NO3,mFRR,Not Specified,Not Specified,MARGINAL,97.86,33.61
27/03/2023 23:00:00 - 28/03/2023 00:00:00,SCA|NO3,mFRR,Not Specified,Not Specified,MARGINAL,91.46,33.61
28/03/2023 00:00:00 - 28/03/2023 01:00:00,SCA|NO3,mFRR,Not Specified,Not Specified,MARGINAL,88.64,40.0
28/03/2023 01:00:00 - 28/03/2023 02:00:00,SCA|NO3,mFRR,Not Specified,Not Specified,MARGINAL,79.69,79.69
28/03/2023 02:00:00 - 28/03/2023 03:00:00,SCA|NO3,mFRR,Not Specified,Not Specified,MARGINAL,69.99,69.99
28/03/2023 03:00:00 - 28/03/2023 04:00:00,SCA|NO3,mFRR,Not Specified,Not Specified,MARGINAL,69.95,69.95
28/03/2023 04:00:00 - 28/03/2023 05:00:00,SCA|NO3,mFRR,Not Specified,Not Specified,MARGINAL,72.16,72.16
28/03/2023 05:00:00 - 28/03/2023 06:00:00,SCA|NO3,mFRR,Not Specified,Not Specified,MARGINAL,79.89,79.89
28/03/2023 06:00:00 - 28/03/2023 07:00:00,SCA|NO3,mFRR,Not Specified,Not Specified,MARGINAL,118.29,97.16
28/03/2023 07:00:00 - 28/03/2023 08:00:00,SCA|NO3,mFRR,Not Specified,Not Specified,MARGINAL,160.5,159.92
28/03/2023 08:00:00 - 28/03/2023 09:00:00,SCA|NO3,mFRR,Not Specified,Not Specified,MARGINAL,154.96,154.96
28/03/2023 09:00:00 - 28/03/2023 10:00:00,SCA|NO3,mFRR,Not Specified,Not Specified,MARGINAL,121.2,121.2
28/03/2023 10:00:00 - 28/03/2023 11:00:00,SCA|NO3,mFRR,Not Specified,Not Specified,MARGINAL,100.94,100.94
28/03/2023 11:00:00 - 28/03/2023 12:00:00,SCA|NO3,mFRR,Not Specified,Not Specified,MARGINAL,85.06,85.06
28/03/2023 12:00:00 - 28/03/2023 13:00:00,SCA|NO3,mFRR,Not Specified,Not Specified,MARGINAL,69.95,45.0
28/03/2023 13:00:00 - 28/03/2023 14:00:00,SCA|NO3,mFRR,Not Specified,Not Specified,MARGINAL,65.75,35.0
28/03/2023 14:00:00 - 28/03/2023 15:00:00,SCA|NO3,mFRR,Not Specified,Not Specified,MARGINAL,60.61,37.93
28/03/2023 15:00:00 - 28/03/2023 16:00:00,SCA|NO3,mFRR,Not Specified,Not Specified,MARGINAL,60.07,38.0
28/03/2023 16:00:00 - 28/03/2023 17:00:00,SCA|NO3,mFRR,Not Specified,Not Specified,MARGINAL,59.76,38.0
28/03/2023 17:00:00 - 28/03/2023 18:00:00,SCA|NO3,mFRR,Not Specified,Not Specified,MARGINAL,55.02,38.0
28/03/2023 18:00:00 - 28/03/2023 19:00:00,SCA|NO3,mFRR,Not Specified,Not Specified,MARGINAL,52.89,52.89
28/03/2023 19:00:00 - 28/03/2023 20:00:00,SCA|NO3,mFRR,Not Specified,Not Specified,MARGINAL,49.93,49.93
28/03/2023 20:00:00 - 28/03/2023 21:00:00,SCA|NO3,mFRR,Not Specified,Not Specified,MARGINAL,52.52,52.52
28/03/2023 21:00:00 - 28/03/2023 22:00:00,SCA|NO3,mFRR,Not Specified,Not Specified,MARGINAL,51.37,51.37
28/03/2023 22:00:00 - 28/03/2023 23:00:00,SCA|NO3,mFRR,Not Specified,Not Specified,MARGINAL,47.63,47.63
28/03/2023 23:00:00 - 29/03/2023 00:00:00,SCA|NO3,mFRR,Not Specified,Not Specified,MARGINAL,65.0,42.19
29/03/2023 00:00:00 - 29/03/2023 01:00:00,SCA|NO3,mFRR,Not Specified,Not Specified,MARGINAL,85.93,53.49
29/03/2023 01:00:00 - 29/03/2023 02:00:00,SCA|NO3,mFRR,Not Specified,Not Specified,MARGINAL,106.0,51.89
29/03/2023 02:00:00 - 29/03/2023 03:00:00,SCA|NO3,mFRR,Not Specified,Not Specified,MARGINAL,106.0,52.76
29/03/2023 03:00:00 - 29/03/2023 04:00:00,SCA|NO3,mFRR,Not Specified,Not Specified,MARGINAL,109.27,55.11
29/03/2023 04:00:00 - 29/03/2023 05:00:00,SCA|NO3,mFRR,Not Specified,Not Specified,MARGINAL,109.29,59.99
29/03/2023 05:00:00 - 29/03/2023 06:00:00,SCA|NO3,mFRR,Not Specified,Not Specified,MARGINAL,109.1,69.69
29/03/2023 06:00:00 - 29/03/2023 07:00:00,SCA|NO3,mFRR,Not Specified,Not Specified,MARGINAL,109.1,108.01
29/03/2023 07:00:00 - 29/03/2023 08:00:00,SCA|NO3,mFRR,Not Specified,Not Specified,MARGINAL,139.95,139.95
29/03/2023 08:00:00 - 29/03/2023 09:00:00,SCA|NO3,mFRR,Not Specified,Not Specified,MARGINAL,147.59,147.59
29/03/2023 09:00:00 - 29/03/2023 10:00:00,SCA|NO3,mFRR,Not Specified,Not Specified,MARGINAL,139.98,139.98
29/03/2023 10:00:00 - 29/03/2023 11:00:00,SCA|NO3,mFRR,Not Specified,Not Specified,MARGINAL,126.23,126.23
29/03/2023 11:00:00 - 29/03/2023 12:00:00,SCA|NO3,mFRR,Not Specified,Not Specified,MARGINAL,115.36,115.36
29/03/2023 12:00:00 - 29/03/2023 13:00:00,SCA|NO3,mFRR,Not Specified,Not Specified,MARGINAL,107.76,107.76
29/03/2023 13:00:00 - 29/03/2023 14:00:00,SCA|NO3,mFRR,Not Specified,Not Specified,MARGINAL,102.35,102.35
29/03/2023 14:00:00 - 29/03/2023 15:00:00,SCA|NO3,mFRR,Not Specified,Not Specified,MARGINAL,100.36,100.36
29/03/2023 15:00:00 - 29/03/2023 16:00:00,SCA|NO3,mFRR,Not Specified,Not Specified,MARGINAL,108.0,87.67
29/03/2023 16:00:00 - 29/03/2023 17:00:00,SCA|NO3,mFRR,Not Specified,Not Specified,MARGINAL,110.0,94.08
29/03/2023 17:00:00 - 29/03/2023 18:00:00,SCA|NO3,mFRR,Not Specified,Not Specified,MARGINAL,120.0,85.11
29/03/2023 18:00:00 - 29/03/2023 19:00:00,SCA|NO3,mFRR,Not Specified,Not Specified,MARGINAL,88.56,88.56
29/03/2023 19:00:00 - 29/03/2023 20:00:00,SCA|NO3,mFRR,Not Specified,Not Specified,MARGINAL,145.22,95.0
29/03/2023 20:00:00 - 29/03/2023 21:00:00,SCA|NO3,mFRR,Not Specified,Not Specified,MARGINAL,128.02,128.02
29/03/2023 21:00:00 - 29/03/2023 22:00:00,SCA|NO3,mFRR,Not Specified,Not Specified,MARGINAL,150.0,102.3
29/03/2023 22:00:00 - 29/03/2023 23:00:00,SCA|NO3,mFRR,Not Specified,Not Specified,MARGINAL,145.0,88.23
29/03/2023 23:00:00 - 30/03/2023 00:00:00,SCA|NO3,mFRR,Not Specified,Not Specified,MARGINAL,102.5,64.94
30/03/2023 00:00:00 - 30/03/2023 01:00:00,SCA|NO3,mFRR,Not Specified,Not Specified,MARGINAL,89.71,89.71
30/03/2023 01:00:00 - 30/03/2023 02:00:00,SCA|NO3,mFRR,Not Specified,Not Specified,MARGINAL,90.0,82.25
30/03/2023 02:00:00 - 30/03/2023 03:00:00,SCA|NO3,mFRR,Not Specified,Not Specified,MARGINAL,90.0,80.75
30/03/2023 03:00:00 - 30/03/2023 04:00:00,SCA|NO3,mFRR,Not Specified,Not Specified,MARGINAL,90.0,78.77
30/03/2023 04:00:00 - 30/03/2023 05:00:00,SCA|NO3,mFRR,Not Specified,Not Specified,MARGINAL,77.91,77.91
30/03/2023 05:00:00 - 30/03/2023 06:00:00,SCA|NO3,mFRR,Not Specified,Not Specified,MARGINAL,76.8,76.8
30/03/2023 06:00:00 - 30/03/2023 07:00:00,SCA|NO3,mFRR,Not Specified,Not Specified,MARGINAL,89.93,89.93
30/03/2023 07:00:00 - 30/03/2023 08:00:00,SCA|NO3,mFRR,Not Specified,Not Specified,MARGINAL,95.62,95.62
30/03/2023 08:00:00 - 30/03/2023 09:00:00,SCA|NO3,mFRR,Not Specified,Not Specified,MARGINAL,125.41,125.41
30/03/2023 09:00:00 - 30/03/2023 10:00:00,SCA|NO3,mFRR,Not Specified,Not Specified,MARGINAL,107.68,106.48
30/03/2023 10:00:00 - 30/03/2023 11:00:00,SCA|NO3,mFRR,Not Specified,Not Specified,MARGINAL,110.66,90.66
30/03/2023 11:00:00 - 30/03/2023 12:00:00,SCA|NO3,mFRR,Not Specified,Not Specified,MARGINAL,112.0,80.0
30/03/2023 12:00:00 - 30/03/2023 13:00:00,SCA|NO3,mFRR,Not Specified,Not Specified,MARGINAL,111.0,68.67
30/03/2023 13:00:00 - 30/03/2023 14:00:00,SCA|NO3,mFRR,Not Specified,Not Specified,MARGINAL,93.5,56.54
30/03/2023 14:00:00 - 30/03/2023 15:00:00,SCA|NO3,mFRR,Not Specified,Not Specified,MARGINAL,79.0,56.73
30/03/2023 15:00:00 - 30/03/2023 16:00:00,SCA|NO3,mFRR,Not Specified,Not Specified,MARGINAL,55.33,55.33
30/03/2023 16:00:00 - 30/03/2023 17:00:00,SCA|NO3,mFRR,Not Specified,Not Specified,MARGINAL,49.17,49.17
30/03/2023 17:00:00 - 30/03/2023 18:00:00,SCA|NO3,mFRR,Not Specified,Not Specified,MARGINAL,85.0,64.73
30/03/2023 18:00:00 - 30/03/2023 19:00:00,SCA|NO3,mFRR,Not Specified,Not Specified,MARGINAL,85.0,56.48
30/03/2023 19:00:00 - 30/03/2023 20:00:00,SCA|NO3,mFRR,Not Specified,Not Specified,MARGINAL,49.51,49.51
30/03/2023 20:00:00 - 30/03/2023 21:00:00,SCA|NO3,mFRR,Not Specified,Not Specified,MARGINAL,48.91,48.91
30/03/2023 21:00:00 - 30/03/2023 22:00:00,SCA|NO3,mFRR,Not Specified,Not Specified,MARGINAL,48.09,48.09
30/03/2023 22:00:00 - 30/03/2023 23:00:00,SCA|NO3,mFRR,Not Specified,Not Specified,MARGINAL,46.58,46.58
30/03/2023 23:00:00 - 31/03/2023 00:00:00,SCA|NO3,mFRR,Not Specified,Not Specified,MARGINAL,44.45,44.45
31/03/2023 00:00:00 - 31/03/2023 01:00:00,SCA|NO3,mFRR,Not Specified,Not Specified,MARGINAL,42.19,42.19
31/03/2023 01:00:00 - 31/03/2023 02:00:00,SCA|NO3,mFRR,Not Specified,Not Specified,MARGINAL,41.64,41.64
31/03/2023 02:00:00 - 31/03/2023 03:00:00,SCA|NO3,mFRR,Not Specified,Not Specified,MARGINAL,41.96,41.96
31/03/2023 03:00:00 - 31/03/2023 04:00:00,SCA|NO3,mFRR,Not Specified,Not Specified,MARGINAL,43.78,43.78
31/03/2023 04:00:00 - 31/03/2023 05:00:00,SCA|NO3,mFRR,Not Specified,Not Specified,MARGINAL,46.68,46.68
31/03/2023 05:00:00 - 31/03/2023 06:00:00,SCA|NO3,mFRR,Not Specified,Not Specified,MARGINAL,49.39,49.39
31/03/2023 06:00:00 - 31/03/2023 07:00:00,SCA|NO3,mFRR,Not Specified,Not Specified,MARGINAL,60.39,60.39
31/03/2023 07:00:00 - 31/03/2023 08:00:00,SCA|NO3,mFRR,Not Specified,Not Specified,MARGINAL,64.55,64.55
31/03/2023 08:00:00 - 31/03/2023 09:00:00,SCA|NO3,mFRR,Not Specified,Not Specified,MARGINAL,99.94,99.94
31/03/2023 09:00:00 - 31/03/2023 10:00:00,SCA|NO3,mFRR,Not Specified,Not Specified,MARGINAL,99.95,99.95
31/03/2023 10:00:00 - 31/03/2023 11:00:00,SCA|NO3,mFRR,Not Specified,Not Specified,MARGINAL,99.94,99.94
31/03/2023 11:00:00 - 31/03/2023 12:00:00,SCA|NO3,mFRR,Not Specified,Not Specified,MARGINAL,88.34,88.34
31/03/2023 12:00:00 - 31/03/2023 13:00:00,SCA|NO3,mFRR,Not Specified,Not Specified,,,
31/03/2023 13:00:00 - 31/03/2023 14:00:00,SCA|NO3,mFRR,Not Specified,Not Specified,MARGINAL,81.6,81.6
31/03/2023 14:00:00 - 31/03/2023 15:00:00,SCA|NO3,mFRR,Not Specified,Not Specified,MARGINAL,91.03,91.03
31/03/2023 15:00:00 - 31/03/2023 16:00:00,SCA|NO3,mFRR,Not Specified,Not Specified,MARGINAL,64.9,64.9
31/03/2023 16:00:00 - 31/03/2023 17:00:00,SCA|NO3,mFRR,Not Specified,Not Specified,MARGINAL,64.57,64.57
31/03/2023 17:00:00 - 31/03/2023 18:00:00,SCA|NO3,mFRR,Not Specified,Not Specified,MARGINAL,61.34,61.34
31/03/2023 18:00:00 - 31/03/2023 19:00:00,SCA|NO3,mFRR,Not Specified,Not Specified,MARGINAL,68.16,68.16
31/03/2023 19:00:00 - 31/03/2023 20:00:00,SCA|NO3,mFRR,Not Specified,Not Specified,MARGINAL,65.65,65.65
31/03/2023 20:00:00 - 31/03/2023 21:00:00,SCA|NO3,mFRR,Not Specified,Not Specified,MARGINAL,85.0,65.69
31/03/2023 21:00:00 - 31/03/2023 22:00:00,SCA|NO3,mFRR,Not Specified,Not Specified,MARGINAL,85.0,66.89
31/03/2023 22:00:00 - 31/03/2023 23:00:00,SCA|NO3,mFRR,Not Specified,Not Specified,MARGINAL,85.0,65.35
31/03/2023 23:00:00 - 01/04/2023 00:00:00,SCA|NO3,mFRR,Not Specified,Not Specified,MARGINAL,66.0,59.77
01/04/2023 00:00:00 - 01/04/2023 01:00:00,SCA|NO3,mFRR,Not Specified,Not Specified,MARGINAL,57.34,57.34
01/04/2023 01:00:00 - 01/04/2023 02:00:00,SCA|NO3,mFRR,Not Specified,Not Specified,MARGINAL,50.23,50.23
01/04/2023 02:00:00 - 01/04/2023 03:00:00,SCA|NO3,mFRR,Not Specified,Not Specified,MARGINAL,45.93,45.93
01/04/2023 03:00:00 - 01/04/2023 04:00:00,SCA|NO3,mFRR,Not Specified,Not Specified,MARGINAL,44.17,44.17
01/04/2023 04:00:00 - 01/04/2023 05:00:00,SCA|NO3,mFRR,Not Specified,Not Specified,MARGINAL,43.88,43.88
01/04/2023 05:00:00 - 01/04/2023 06:00:00,SCA|NO3,mFRR,Not Specified,Not Specified,MARGINAL,43.62,43.62
01/04/2023 06:00:00 - 01/04/2023 07:00:00,SCA|NO3,mFRR,Not Specified,Not Specified,MARGINAL,43.89,43.89
01/04/2023 07:00:00 - 01/04/2023 08:00:00,SCA|NO3,mFRR,Not Specified,Not Specified,MARGINAL,44.18,44.18
01/04/2023 08:00:00 - 01/04/2023 09:00:00,SCA|NO3,mFRR,Not Specified,Not Specified,MARGINAL,50.32,50.32
01/04/2023 09:00:00 - 01/04/2023 10:00:00,SCA|NO3,mFRR,Not Specified,Not Specified,MARGINAL,58.96,58.96
01/04/2023 10:00:00 - 01/04/2023 11:00:00,SCA|NO3,mFRR,Not Specified,Not Specified,MARGINAL,54.27,54.27
01/04/2023 11:00:00 - 01/04/2023 12:00:00,SCA|NO3,mFRR,Not Specified,Not Specified,MARGINAL,57.33,57.33
01/04/2023 12:00:00 - 01/04/2023 13:00:00,SCA|NO3,mFRR,Not Specified,Not Specified,MARGINAL,68.22,68.22
01/04/2023 13:00:00 - 01/04/2023 14:00:00,SCA|NO3,mFRR,Not Specified,Not Specified,MARGINAL,58.47,58.47
01/04/2023 14:00:00 - 01/04/2023 15:00:00,SCA|NO3,mFRR,Not Specified,Not Specified,MARGINAL,57.89,57.89
01/04/2023 15:00:00 - 01/04/2023 16:00:00,SCA|NO3,mFRR,Not Specified,Not Specified,MARGINAL,56.35,56.35
01/04/2023 16:00:00 - 01/04/2023 17:00:00,SCA|NO3,mFRR,Not Specified,Not Specified,MARGINAL,54.2,54.2
01/04/2023 17:00:00 - 01/04/2023 18:00:00,SCA|NO3,mFRR,Not Specified,Not Specified,MARGINAL,55.92,55.92
01/04/2023 18:00:00 - 01/04/2023 19:00:00,SCA|NO3,mFRR,Not Specified,Not Specified,MARGINAL,61.12,61.12
01/04/2023 19:00:00 - 01/04/2023 20:00:00,SCA|NO3,mFRR,Not Specified,Not Specified,MARGINAL,68.65,68.65
01/04/2023 20:00:00 - 01/04/2023 21:00:00,SCA|NO3,mFRR,Not Specified,Not Specified,MARGINAL,85.0,69.14
01/04/2023 21:00:00 - 01/04/2023 22:00:00,SCA|NO3,mFRR,Not Specified,Not Specified,MARGINAL,75.86,68.95
01/04/2023 22:00:00 - 01/04/2023 23:00:00,SCA|NO3,mFRR,Not Specified,Not Specified,MARGINAL,69.4,69.4
01/04/2023 23:00:00 - 02/04/2023 00:00:00,SCA|NO3,mFRR,Not Specified,Not Specified,MARGINAL,68.86,68.86
02/04/2023 00:00:00 - 02/04/2023 01:00:00,SCA|NO3,mFRR,Not Specified,Not Specified,MARGINAL,65.45,65.45
02/04/2023 01:00:00 - 02/04/2023 02:00:00,SCA|NO3,mFRR,Not Specified,Not Specified,MARGINAL,65.44,65.44
02/04/2023 02:00:00 - 02/04/2023 03:00:00,SCA|NO3,mFRR,Not Specified,Not Specified,MARGINAL,65.1,65.1
02/04/2023 03:00:00 - 02/04/2023 04:00:00,SCA|NO3,mFRR,Not Specified,Not Specified,MARGINAL,65.22,65.22
02/04/2023 04:00:00 - 02/04/2023 05:00:00,SCA|NO3,mFRR,Not Specified,Not Specified,MARGINAL,65.84,65.84
02/04/2023 05:00:00 - 02/04/2023 06:00:00,SCA|NO3,mFRR,Not Specified,Not Specified,MARGINAL,66.0,66.0
02/04/2023 06:00:00 - 02/04/2023 07:00:00,SCA|NO3,mFRR,Not Specified,Not Specified,MARGINAL,64.73,64.73
02/04/2023 07:00:00 - 02/04/2023 08:00:00,SCA|NO3,mFRR,Not Specified,Not Specified,MARGINAL,64.36,64.36
02/04/2023 08:00:00 - 02/04/2023 09:00:00,SCA|NO3,mFRR,Not Specified,Not Specified,MARGINAL,60.06,60.06
02/04/2023 09:00:00 - 02/04/2023 10:00:00,SCA|NO3,mFRR,Not Specified,Not Specified,MARGINAL,58.38,58.38
02/04/2023 10:00:00 - 02/04/2023 11:00:00,SCA|NO3,mFRR,Not Specified,Not Specified,MARGINAL,53.78,53.78
02/04/2023 11:00:00 - 02/04/2023 12:00:00,SCA|NO3,mFRR,Not Specified,Not Specified,MARGINAL,52.39,52.39
02/04/2023 12:00:00 - 02/04/2023 13:00:00,SCA|NO3,mFRR,Not Specified,Not Specified,MARGINAL,50.35,50.35
02/04/2023 13:00:00 - 02/04/2023 14:00:00,SCA|NO3,mFRR,Not Specified,Not Specified,MARGINAL,46.31,35.0
02/04/2023 14:00:00 - 02/04/2023 15:00:00,SCA|NO3,mFRR,Not Specified,Not Specified,MARGINAL,47.75,35.0
02/04/2023 15:00:00 - 02/04/2023 16:00:00,SCA|NO3,mFRR,Not Specified,Not Specified,MARGINAL,50.69,35.0
02/04/2023 16:00:00 - 02/04/2023 17:00:00,SCA|NO3,mFRR,Not Specified,Not Specified,MARGINAL,51.71,35.0
02/04/2023 17:00:00 - 02/04/2023 18:00:00,SCA|NO3,mFRR,Not Specified,Not Specified,MARGINAL,52.79,52.79
02/04/2023 18:00:00 - 02/04/2023 19:00:00,SCA|NO3,mFRR,Not Specified,Not Specified,MARGINAL,91.18,91.18
02/04/2023 19:00:00 - 02/04/2023 20:00:00,SCA|NO3,mFRR,Not Specified,Not Specified,MARGINAL,100.75,100.75
02/04/2023 20:00:00 - 02/04/2023 21:00:00,SCA|NO3,mFRR,Not Specified,Not Specified,MARGINAL,85.04,85.04
02/04/2023 21:00:00 - 02/04/2023 22:00:00,SCA|NO3,mFRR,Not Specified,Not Specified,MARGINAL,77.74,77.74
02/04/2023 22:00:00 - 02/04/2023 23:00:00,SCA|NO3,mFRR,Not Specified,Not Specified,MARGINAL,61.1,61.1
02/04/2023 23:00:00 - 03/04/2023 00:00:00,SCA|NO3,mFRR,Not Specified,Not Specified,MARGINAL,54.92,54.92
03/04/2023 00:00:00 - 03/04/2023 01:00:00,SCA|NO3,mFRR,Not Specified,Not Specified,MARGINAL,71.26,71.26
03/04/2023 01:00:00 - 03/04/2023 02:00:00,SCA|NO3,mFRR,Not Specified,Not Specified,MARGINAL,68.16,68.16
03/04/2023 02:00:00 - 03/04/2023 03:00:00,SCA|NO3,mFRR,Not Specified,Not Specified,MARGINAL,70.13,70.13
03/04/2023 03:00:00 - 03/04/2023 04:00:00,SCA|NO3,mFRR,Not Specified,Not Specified,MARGINAL,71.61,71.61
03/04/2023 04:00:00 - 03/04/2023 05:00:00,SCA|NO3,mFRR,Not Specified,Not Specified,MARGINAL,77.44,77.44
03/04/2023 05:00:00 - 03/04/2023 06:00:00,SCA|NO3,mFRR,Not Specified,Not Specified,MARGINAL,77.49,77.49
03/04/2023 06:00:00 - 03/04/2023 07:00:00,SCA|NO3,mFRR,Not Specified,Not Specified,MARGINAL,69.45,69.45
03/04/2023 07:00:00 - 03/04/2023 08:00:00,SCA|NO3,mFRR,Not Specified,Not Specified,MARGINAL,72.21,72.21
03/04/2023 08:00:00 - 03/04/2023 09:00:00,SCA|NO3,mFRR,Not Specified,Not Specified,MARGINAL,74.16,74.16
03/04/2023 09:00:00 - 03/04/2023 10:00:00,SCA|NO3,mFRR,Not Specified,Not Specified,MARGINAL,85.31,80.06
03/04/2023 10:00:00 - 03/04/2023 11:00:00,SCA|NO3,mFRR,Not Specified,Not Specified,MARGINAL,112.0,90.35
03/04/2023 11:00:00 - 03/04/2023 12:00:00,SCA|NO3,mFRR,Not Specified,Not Specified,MARGINAL,86.63,86.63
03/04/2023 12:00:00 - 03/04/2023 13:00:00,SCA|NO3,mFRR,Not Specified,Not Specified,MARGINAL,80.98,80.98
03/04/2023 13:00:00 - 03/04/2023 14:00:00,SCA|NO3,mFRR,Not Specified,Not Specified,MARGINAL,74.9,74.9
03/04/2023 14:00:00 - 03/04/2023 15:00:00,SCA|NO3,mFRR,Not Specified,Not Specified,MARGINAL,71.66,71.66
03/04/2023 15:00:00 - 03/04/2023 16:00:00,SCA|NO3,mFRR,Not Specified,Not Specified,MARGINAL,77.02,77.02
03/04/2023 16:00:00 - 03/04/2023 17:00:00,SCA|NO3,mFRR,Not Specified,Not Specified,MARGINAL,80.03,80.03
03/04/2023 17:00:00 - 03/04/2023 18:00:00,SCA|NO3,mFRR,Not Specified,Not Specified,MARGINAL,79.94,79.94
03/04/2023 18:00:00 - 03/04/2023 19:00:00,SCA|NO3,mFRR,Not Specified,Not Specified,MARGINAL,76.01,76.01
03/04/2023 19:00:00 - 03/04/2023 20:00:00,SCA|NO3,mFRR,Not Specified,Not Specified,MARGINAL,74.75,74.75
03/04/2023 20:00:00 - 03/04/2023 21:00:00,SCA|NO3,mFRR,Not Specified,Not Specified,MARGINAL,76.31,76.31
03/04/2023 21:00:00 - 03/04/2023 22:00:00,SCA|NO3,mFRR,Not Specified,Not Specified,MARGINAL,81.41,81.41
03/04/2023 22:00:00 - 03/04/2023 23:00:00,SCA|NO3,mFRR,Not Specified,Not Specified,MARGINAL,87.7,87.7
03/04/2023 23:00:00 - 04/04/2023 00:00:00,SCA|NO3,mFRR,Not Specified,Not Specified,MARGINAL,76.79,76.79
04/04/2023 00:00:00 - 04/04/2023 01:00:00,SCA|NO3,mFRR,Not Specified,Not Specified,MARGINAL,82.84,82.84
04/04/2023 01:00:00 - 04/04/2023 02:00:00,SCA|NO3,mFRR,Not Specified,Not Specified,MARGINAL,88.1,88.1
04/04/2023 02:00:00 - 04/04/2023 03:00:00,SCA|NO3,mFRR,Not Specified,Not Specified,MARGINAL,90.04,90.04
04/04/2023 03:00:00 - 04/04/2023 04:00:00,SCA|NO3,mFRR,Not Specified,Not Specified,MARGINAL,90.09,90.09
04/04/2023 04:00:00 - 04/04/2023 05:00:00,SCA|NO3,mFRR,Not Specified,Not Specified,MARGINAL,95.46,95.46
04/04/2023 05:00:00 - 04/04/2023 06:00:00,SCA|NO3,mFRR,Not Specified,Not Specified,MARGINAL,109.96,100.0
04/04/2023 06:00:00 - 04/04/2023 07:00:00,SCA|NO3,mFRR,Not Specified,Not Specified,MARGINAL,118.01,105.0
04/04/2023 07:00:00 - 04/04/2023 08:00:00,SCA|NO3,mFRR,Not Specified,Not Specified,MARGINAL,118.92,115.0
04/04/2023 08:00:00 - 04/04/2023 09:00:00,SCA|NO3,mFRR,Not Specified,Not Specified,MARGINAL,119.55,115.0
04/04/2023 09:00:00 - 04/04/2023 10:00:00,SCA|NO3,mFRR,Not Specified,Not Specified,MARGINAL,135.31,100.5
04/04/2023 10:00:00 - 04/04/2023 11:00:00,SCA|NO3,mFRR,Not Specified,Not Specified,MARGINAL,115.59,103.0
04/04/2023 11:00:00 - 04/04/2023 12:00:00,SCA|NO3,mFRR,Not Specified,Not Specified,MARGINAL,108.97,99.0
04/04/2023 12:00:00 - 04/04/2023 13:00:00,SCA|NO3,mFRR,Not Specified,Not Specified,MARGINAL,106.34,99.0
04/04/2023 13:00:00 - 04/04/2023 14:00:00,SCA|NO3,mFRR,Not Specified,Not Specified,MARGINAL,105.52,74.0
04/04/2023 14:00:00 - 04/04/2023 15:00:00,SCA|NO3,mFRR,Not Specified,Not Specified,MARGINAL,104.74,64.0
04/04/2023 15:00:00 - 04/04/2023 16:00:00,SCA|NO3,mFRR,Not Specified,Not Specified,MARGINAL,106.1,70.0
04/04/2023 16:00:00 - 04/04/2023 17:00:00,SCA|NO3,mFRR,Not Specified,Not Specified,MARGINAL,108.86,108.86
04/04/2023 17:00:00 - 04/04/2023 18:00:00,SCA|NO3,mFRR,Not Specified,Not Specified,MARGINAL,116.09,105.0
04/04/2023 18:00:00 - 04/04/2023 19:00:00,SCA|NO3,mFRR,Not Specified,Not Specified,MARGINAL,119.02,104.0
04/04/2023 19:00:00 - 04/04/2023 20:00:00,SCA|NO3,mFRR,Not Specified,Not Specified,MARGINAL,119.36,110.0
04/04/2023 20:00:00 - 04/04/2023 21:00:00,SCA|NO3,mFRR,Not Specified,Not Specified,MARGINAL,129.84,127.03
04/04/2023 21:00:00 - 04/04/2023 22:00:00,SCA|NO3,mFRR,Not Specified,Not Specified,MARGINAL,125.0,120.81
04/04/2023 22:00:00 - 04/04/2023 23:00:00,SCA|NO3,mFRR,Not Specified,Not Specified,MARGINAL,114.38,101.0
04/04/2023 23:00:00 - 05/04/2023 00:00:00,SCA|NO3,mFRR,Not Specified,Not Specified,MARGINAL,109.84,100.5
05/04/2023 00:00:00 - 05/04/2023 01:00:00,SCA|NO3,mFRR,Not Specified,Not Specified,MARGINAL,100.37,100.37
05/04/2023 01:00:00 - 05/04/2023 02:00:00,SCA|NO3,mFRR,Not Specified,Not Specified,MARGINAL,98.67,98.67
05/04/2023 02:00:00 - 05/04/2023 03:00:00,SCA|NO3,mFRR,Not Specified,Not Specified,MARGINAL,97.4,97.4
05/04/2023 03:00:00 - 05/04/2023 04:00:00,SCA|NO3,mFRR,Not Specified,Not Specified,MARGINAL,97.39,97.39
05/04/2023 04:00:00 - 05/04/2023 05:00:00,SCA|NO3,mFRR,Not Specified,Not Specified,MARGINAL,109.48,100.5
05/04/2023 05:00:00 - 05/04/2023 06:00:00,SCA|NO3,mFRR,Not Specified,Not Specified,MARGINAL,113.27,100.5
05/04/2023 06:00:00 - 05/04/2023 07:00:00,SCA|NO3,mFRR,Not Specified,Not Specified,MARGINAL,118.19,101.0
05/04/2023 07:00:00 - 05/04/2023 08:00:00,SCA|NO3,mFRR,Not Specified,Not Specified,MARGINAL,150.0,150.0
05/04/2023 08:00:00 - 05/04/2023 09:00:00,SCA|NO3,mFRR,Not Specified,Not Specified,MARGINAL,171.48,171.48
05/04/2023 09:00:00 - 05/04/2023 10:00:00,SCA|NO3,mFRR,Not Specified,Not Specified,MARGINAL,132.42,111.0
05/04/2023 10:00:00 - 05/04/2023 11:00:00,SCA|NO3,mFRR,Not Specified,Not Specified,MARGINAL,115.89,101.5
05/04/2023 11:00:00 - 05/04/2023 12:00:00,SCA|NO3,mFRR,Not Specified,Not Specified,MARGINAL,111.43,100.5
05/04/2023 12:00:00 - 05/04/2023 13:00:00,SCA|NO3,mFRR,Not Specified,Not Specified,MARGINAL,110.07,98.0
05/04/2023 13:00:00 - 05/04/2023 14:00:00,SCA|NO3,mFRR,Not Specified,Not Specified,MARGINAL,110.31,94.0
05/04/2023 14:00:00 - 05/04/2023 15:00:00,SCA|NO3,mFRR,Not Specified,Not Specified,MARGINAL,109.94,50.0
05/04/2023 15:00:00 - 05/04/2023 16:00:00,SCA|NO3,mFRR,Not Specified,Not Specified,MARGINAL,109.94,43.0
05/04/2023 16:00:00 - 05/04/2023 17:00:00,SCA|NO3,mFRR,Not Specified,Not Specified,MARGINAL,110.04,40.97
05/04/2023 17:00:00 - 05/04/2023 18:00:00,SCA|NO3,mFRR,Not Specified,Not Specified,MARGINAL,111.46,104.0
05/04/2023 18:00:00 - 05/04/2023 19:00:00,SCA|NO3,mFRR,Not Specified,Not Specified,MARGINAL,111.57,104.0
05/04/2023 19:00:00 - 05/04/2023 20:00:00,SCA|NO3,mFRR,Not Specified,Not Specified,MARGINAL,110.33,110.33
05/04/2023 20:00:00 - 05/04/2023 21:00:00,SCA|NO3,mFRR,Not Specified,Not Specified,MARGINAL,94.84,94.84
05/04/2023 21:00:00 - 05/04/2023 22:00:00,SCA|NO3,mFRR,Not Specified,Not Specified,MARGINAL,80.44,36.54
05/04/2023 22:00:00 - 05/04/2023 23:00:00,SCA|NO3,mFRR,Not Specified,Not Specified,MARGINAL,67.76,36.94
05/04/2023 23:00:00 - 06/04/2023 00:00:00,SCA|NO3,mFRR,Not Specified,Not Specified,MARGINAL,60.09,38.27
06/04/2023 00:00:00 - 06/04/2023 01:00:00,SCA|NO3,mFRR,Not Specified,Not Specified,MARGINAL,68.3,68.3
06/04/2023 01:00:00 - 06/04/2023 02:00:00,SCA|NO3,mFRR,Not Specified,Not Specified,MARGINAL,59.32,59.32
06/04/2023 02:00:00 - 06/04/2023 03:00:00,SCA|NO3,mFRR,Not Specified,Not Specified,MARGINAL,100.0,57.78
06/04/2023 03:00:00 - 06/04/2023 04:00:00,SCA|NO3,mFRR,Not Specified,Not Specified,MARGINAL,58.33,58.33
06/04/2023 04:00:00 - 06/04/2023 05:00:00,SCA|NO3,mFRR,Not Specified,Not Specified,MARGINAL,59.64,59.64
06/04/2023 05:00:00 - 06/04/2023 06:00:00,SCA|NO3,mFRR,Not Specified,Not Specified,MARGINAL,59.98,59.98
06/04/2023 06:00:00 - 06/04/2023 07:00:00,SCA|NO3,mFRR,Not Specified,Not Specified,MARGINAL,68.11,68.11
06/04/2023 07:00:00 - 06/04/2023 08:00:00,SCA|NO3,mFRR,Not Specified,Not Specified,MARGINAL,69.49,69.49
06/04/2023 08:00:00 - 06/04/2023 09:00:00,SCA|NO3,mFRR,Not Specified,Not Specified,MARGINAL,121.01,70.01
06/04/2023 09:00:00 - 06/04/2023 10:00:00,SCA|NO3,mFRR,Not Specified,Not Specified,MARGINAL,120.93,62.73
06/04/2023 10:00:00 - 06/04/2023 11:00:00,SCA|NO3,mFRR,Not Specified,Not Specified,MARGINAL,115.71,58.82
06/04/2023 11:00:00 - 06/04/2023 12:00:00,SCA|NO3,mFRR,Not Specified,Not Specified,MARGINAL,53.96,53.96
06/04/2023 12:00:00 - 06/04/2023 13:00:00,SCA|NO3,mFRR,Not Specified,Not Specified,MARGINAL,53.98,53.98
06/04/2023 13:00:00 - 06/04/2023 14:00:00,SCA|NO3,mFRR,Not Specified,Not Specified,MARGINAL,53.08,48.57
06/04/2023 14:00:00 - 06/04/2023 15:00:00,SCA|NO3,mFRR,Not Specified,Not Specified,MARGINAL,50.58,22.0
06/04/2023 15:00:00 - 06/04/2023 16:00:00,SCA|NO3,mFRR,Not Specified,Not Specified,MARGINAL,50.99,26.0
06/04/2023 16:00:00 - 06/04/2023 17:00:00,SCA|NO3,mFRR,Not Specified,Not Specified,MARGINAL,53.99,47.0
06/04/2023 17:00:00 - 06/04/2023 18:00:00,SCA|NO3,mFRR,Not Specified,Not Specified,MARGINAL,54.85,54.85
06/04/2023 18:00:00 - 06/04/2023 19:00:00,SCA|NO3,mFRR,Not Specified,Not Specified,MARGINAL,59.75,59.75
06/04/2023 19:00:00 - 06/04/2023 20:00:00,SCA|NO3,mFRR,Not Specified,Not Specified,MARGINAL,69.39,69.39
06/04/2023 20:00:00 - 06/04/2023 21:00:00,SCA|NO3,mFRR,Not Specified,Not Specified,MARGINAL,78.77,78.77
06/04/2023 21:00:00 - 06/04/2023 22:00:00,SCA|NO3,mFRR,Not Specified,Not Specified,MARGINAL,79.57,79.57
06/04/2023 22:00:00 - 06/04/2023 23:00:00,SCA|NO3,mFRR,Not Specified,Not Specified,MARGINAL,70.1,70.1
06/04/2023 23:00:00 - 07/04/2023 00:00:00,SCA|NO3,mFRR,Not Specified,Not Specified,MARGINAL,56.41,56.41
07/04/2023 00:00:00 - 07/04/2023 01:00:00,SCA|NO3,mFRR,Not Specified,Not Specified,MARGINAL,59.52,59.52
07/04/2023 01:00:00 - 07/04/2023 02:00:00,SCA|NO3,mFRR,Not Specified,Not Specified,MARGINAL,60.0,60.0
07/04/2023 02:00:00 - 07/04/2023 03:00:00,SCA|NO3,mFRR,Not Specified,Not Specified,MARGINAL,85.65,62.67
07/04/2023 03:00:00 - 07/04/2023 04:00:00,SCA|NO3,mFRR,Not Specified,Not Specified,MARGINAL,85.67,65.79
07/04/2023 04:00:00 - 07/04/2023 05:00:00,SCA|NO3,mFRR,Not Specified,Not Specified,MARGINAL,115.0,69.25
07/04/2023 05:00:00 - 07/04/2023 06:00:00,SCA|NO3,mFRR,Not Specified,Not Specified,MARGINAL,115.0,65.04
07/04/2023 06:00:00 - 07/04/2023 07:00:00,SCA|NO3,mFRR,Not Specified,Not Specified,MARGINAL,115.0,50.77
07/04/2023 07:00:00 - 07/04/2023 08:00:00,SCA|NO3,mFRR,Not Specified,Not Specified,MARGINAL,113.1,49.15
07/04/2023 08:00:00 - 07/04/2023 09:00:00,SCA|NO3,mFRR,Not Specified,Not Specified,MARGINAL,115.0,51.83
07/04/2023 09:00:00 - 07/04/2023 10:00:00,SCA|NO3,mFRR,Not Specified,Not Specified,MARGINAL,116.0,60.0
07/04/2023 10:00:00 - 07/04/2023 11:00:00,SCA|NO3,mFRR,Not Specified,Not Specified,MARGINAL,116.0,60.61
07/04/2023 11:00:00 - 07/04/2023 12:00:00,SCA|NO3,mFRR,Not Specified,Not Specified,MARGINAL,110.0,56.65
07/04/2023 12:00:00 - 07/04/2023 13:00:00,SCA|NO3,mFRR,Not Specified,Not Specified,MARGINAL,52.92,52.92
07/04/2023 13:00:00 - 07/04/2023 14:00:00,SCA|NO3,mFRR,Not Specified,Not Specified,MARGINAL,48.07,48.07
07/04/2023 14:00:00 - 07/04/2023 15:00:00,SCA|NO3,mFRR,Not Specified,Not Specified,MARGINAL,47.18,47.18
07/04/2023 15:00:00 - 07/04/2023 16:00:00,SCA|NO3,mFRR,Not Specified,Not Specified,MARGINAL,47.39,47.39
07/04/2023 16:00:00 - 07/04/2023 17:00:00,SCA|NO3,mFRR,Not Specified,Not Specified,MARGINAL,48.83,48.83
07/04/2023 17:00:00 - 07/04/2023 18:00:00,SCA|NO3,mFRR,Not Specified,Not Specified,MARGINAL,55.9,55.9
07/04/2023 18:00:00 - 07/04/2023 19:00:00,SCA|NO3,mFRR,Not Specified,Not Specified,MARGINAL,61.85,61.85
07/04/2023 19:00:00 - 07/04/2023 20:00:00,SCA|NO3,mFRR,Not Specified,Not Specified,MARGINAL,79.0,61.59
07/04/2023 20:00:00 - 07/04/2023 21:00:00,SCA|NO3,mFRR,Not Specified,Not Specified,MARGINAL,79.0,59.14
07/04/2023 21:00:00 - 07/04/2023 22:00:00,SCA|NO3,mFRR,Not Specified,Not Specified,MARGINAL,52.97,52.97
07/04/2023 22:00:00 - 07/04/2023 23:00:00,SCA|NO3,mFRR,Not Specified,Not Specified,MARGINAL,51.15,36.13
07/04/2023 23:00:00 - 08/04/2023 00:00:00,SCA|NO3,mFRR,Not Specified,Not Specified,MARGINAL,54.4,40.0
08/04/2023 00:00:00 - 08/04/2023 01:00:00,SCA|NO3,mFRR,Not Specified,Not Specified,MARGINAL,42.88,35.0
08/04/2023 01:00:00 - 08/04/2023 02:00:00,SCA|NO3,mFRR,Not Specified,Not Specified,MARGINAL,43.61,35.91
08/04/2023 02:00:00 - 08/04/2023 03:00:00,SCA|NO3,mFRR,Not Specified,Not Specified,MARGINAL,44.16,36.0
08/04/2023 03:00:00 - 08/04/2023 04:00:00,SCA|NO3,mFRR,Not Specified,Not Specified,MARGINAL,45.4,36.0
08/04/2023 04:00:00 - 08/04/2023 05:00:00,SCA|NO3,mFRR,Not Specified,Not Specified,MARGINAL,46.44,46.44
08/04/2023 05:00:00 - 08/04/2023 06:00:00,SCA|NO3,mFRR,Not Specified,Not Specified,MARGINAL,47.85,47.85
08/04/2023 06:00:00 - 08/04/2023 07:00:00,SCA|NO3,mFRR,Not Specified,Not Specified,MARGINAL,47.4,47.4
08/04/2023 07:00:00 - 08/04/2023 08:00:00,SCA|NO3,mFRR,Not Specified,Not Specified,MARGINAL,49.81,49.81
08/04/2023 08:00:00 - 08/04/2023 09:00:00,SCA|NO3,mFRR,Not Specified,Not Specified,MARGINAL,54.85,54.85
08/04/2023 09:00:00 - 08/04/2023 10:00:00,SCA|NO3,mFRR,Not Specified,Not Specified,MARGINAL,59.6,59.6
08/04/2023 10:00:00 - 08/04/2023 11:00:00,SCA|NO3,mFRR,Not Specified,Not Specified,MARGINAL,63.47,63.47
08/04/2023 11:00:00 - 08/04/2023 12:00:00,SCA|NO3,mFRR,Not Specified,Not Specified,MARGINAL,63.4,63.4
08/04/2023 12:00:00 - 08/04/2023 13:00:00,SCA|NO3,mFRR,Not Specified,Not Specified,MARGINAL,58.6,58.6
08/04/2023 13:00:00 - 08/04/2023 14:00:00,SCA|NO3,mFRR,Not Specified,Not Specified,MARGINAL,55.89,26.0
08/04/2023 14:00:00 - 08/04/2023 15:00:00,SCA|NO3,mFRR,Not Specified,Not Specified,MARGINAL,55.08,26.0
08/04/2023 15:00:00 - 08/04/2023 16:00:00,SCA|NO3,mFRR,Not Specified,Not Specified,MARGINAL,55.02,26.0
08/04/2023 16:00:00 - 08/04/2023 17:00:00,SCA|NO3,mFRR,Not Specified,Not Specified,MARGINAL,59.17,30.5
08/04/2023 17:00:00 - 08/04/2023 18:00:00,SCA|NO3,mFRR,Not Specified,Not Specified,MARGINAL,66.04,32.0
08/04/2023 18:00:00 - 08/04/2023 19:00:00,SCA|NO3,mFRR,Not Specified,Not Specified,MARGINAL,70.51,70.51
08/04/2023 19:00:00 - 08/04/2023 20:00:00,SCA|NO3,mFRR,Not Specified,Not Specified,MARGINAL,72.23,72.23
08/04/2023 20:00:00 - 08/04/2023 21:00:00,SCA|NO3,mFRR,Not Specified,Not Specified,MARGINAL,67.81,67.81
08/04/2023 21:00:00 - 08/04/2023 22:00:00,SCA|NO3,mFRR,Not Specified,Not Specified,MARGINAL,67.08,67.08
08/04/2023 22:00:00 - 08/04/2023 23:00:00,SCA|NO3,mFRR,Not Specified,Not Specified,MARGINAL,58.58,58.58
08/04/2023 23:00:00 - 09/04/2023 00:00:00,SCA|NO3,mFRR,Not Specified,Not Specified,MARGINAL,54.53,54.53
09/04/2023 00:00:00 - 09/04/2023 01:00:00,SCA|NO3,mFRR,Not Specified,Not Specified,MARGINAL,54.09,54.09
09/04/2023 01:00:00 - 09/04/2023 02:00:00,SCA|NO3,mFRR,Not Specified,Not Specified,MARGINAL,52.9,52.9
09/04/2023 02:00:00 - 09/04/2023 03:00:00,SCA|NO3,mFRR,Not Specified,Not Specified,MARGINAL,52.51,52.51
09/04/2023 03:00:00 - 09/04/2023 04:00:00,SCA|NO3,mFRR,Not Specified,Not Specified,MARGINAL,52.96,52.96
09/04/2023 04:00:00 - 09/04/2023 05:00:00,SCA|NO3,mFRR,Not Specified,Not Specified,MARGINAL,54.84,54.84
09/04/2023 05:00:00 - 09/04/2023 06:00:00,SCA|NO3,mFRR,Not Specified,Not Specified,MARGINAL,53.57,53.57
09/04/2023 06:00:00 - 09/04/2023 07:00:00,SCA|NO3,mFRR,Not Specified,Not Specified,MARGINAL,52.14,52.14
09/04/2023 07:00:00 - 09/04/2023 08:00:00,SCA|NO3,mFRR,Not Specified,Not Specified,MARGINAL,52.97,52.97
09/04/2023 08:00:00 - 09/04/2023 09:00:00,SCA|NO3,mFRR,Not Specified,Not Specified,MARGINAL,52.96,52.96
09/04/2023 09:00:00 - 09/04/2023 10:00:00,SCA|NO3,mFRR,Not Specified,Not Specified,MARGINAL,52.92,52.92
09/04/2023 10:00:00 - 09/04/2023 11:00:00,SCA|NO3,mFRR,Not Specified,Not Specified,MARGINAL,50.0,50.0
09/04/2023 11:00:00 - 09/04/2023 12:00:00,SCA|NO3,mFRR,Not Specified,Not Specified,MARGINAL,49.81,49.81
09/04/2023 12:00:00 - 09/04/2023 13:00:00,SCA|NO3,mFRR,Not Specified,Not Specified,MARGINAL,47.95,47.95
09/04/2023 13:00:00 - 09/04/2023 14:00:00,SCA|NO3,mFRR,Not Specified,Not Specified,MARGINAL,49.17,49.17
09/04/2023 14:00:00 - 09/04/2023 15:00:00,SCA|NO3,mFRR,Not Specified,Not Specified,MARGINAL,48.31,40.0
09/04/2023 15:00:00 - 09/04/2023 16:00:00,SCA|NO3,mFRR,Not Specified,Not Specified,MARGINAL,48.81,5.5
09/04/2023 16:00:00 - 09/04/2023 17:00:00,SCA|NO3,mFRR,Not Specified,Not Specified,MARGINAL,49.24,21.0
09/04/2023 17:00:00 - 09/04/2023 18:00:00,SCA|NO3,mFRR,Not Specified,Not Specified,MARGINAL,52.32,52.32
09/04/2023 18:00:00 - 09/04/2023 19:00:00,SCA|NO3,mFRR,Not Specified,Not Specified,MARGINAL,56.96,56.96
09/04/2023 19:00:00 - 09/04/2023 20:00:00,SCA|NO3,mFRR,Not Specified,Not Specified,MARGINAL,59.86,59.86
09/04/2023 20:00:00 - 09/04/2023 21:00:00,SCA|NO3,mFRR,Not Specified,Not Specified,MARGINAL,56.69,56.69
09/04/2023 21:00:00 - 09/04/2023 22:00:00,SCA|NO3,mFRR,Not Specified,Not Specified,MARGINAL,52.57,52.57
09/04/2023 22:00:00 - 09/04/2023 23:00:00,SCA|NO3,mFRR,Not Specified,Not Specified,MARGINAL,49.93,49.93
09/04/2023 23:00:00 - 10/04/2023 00:00:00,SCA|NO3,mFRR,Not Specified,Not Specified,MARGINAL,46.13,46.13
10/04/2023 00:00:00 - 10/04/2023 01:00:00,SCA|NO3,mFRR,Not Specified,Not Specified,MARGINAL,37.77,37.77
10/04/2023 01:00:00 - 10/04/2023 02:00:00,SCA|NO3,mFRR,Not Specified,Not Specified,MARGINAL,37.19,37.19
10/04/2023 02:00:00 - 10/04/2023 03:00:00,SCA|NO3,mFRR,Not Specified,Not Specified,MARGINAL,38.51,38.51
10/04/2023 03:00:00 - 10/04/2023 04:00:00,SCA|NO3,mFRR,Not Specified,Not Specified,MARGINAL,39.97,39.97
10/04/2023 04:00:00 - 10/04/2023 05:00:00,SCA|NO3,mFRR,Not Specified,Not Specified,MARGINAL,41.67,41.67
10/04/2023 05:00:00 - 10/04/2023 06:00:00,SCA|NO3,mFRR,Not Specified,Not Specified,MARGINAL,45.65,45.65
10/04/2023 06:00:00 - 10/04/2023 07:00:00,SCA|NO3,mFRR,Not Specified,Not Specified,MARGINAL,48.74,48.74
10/04/2023 07:00:00 - 10/04/2023 08:00:00,SCA|NO3,mFRR,Not Specified,Not Specified,MARGINAL,48.37,48.37
10/04/2023 08:00:00 - 10/04/2023 09:00:00,SCA|NO3,mFRR,Not Specified,Not Specified,MARGINAL,49.9,49.9
10/04/2023 09:00:00 - 10/04/2023 10:00:00,SCA|NO3,mFRR,Not Specified,Not Specified,MARGINAL,48.13,48.13
10/04/2023 10:00:00 - 10/04/2023 11:00:00,SCA|NO3,mFRR,Not Specified,Not Specified,MARGINAL,27.45,6.5
10/04/2023 11:00:00 - 10/04/2023 12:00:00,SCA|NO3,mFRR,Not Specified,Not Specified,MARGINAL,19.99,-3.5
10/04/2023 12:00:00 - 10/04/2023 13:00:00,SCA|NO3,mFRR,Not Specified,Not Specified,MARGINAL,19.6,-3.5
10/04/2023 13:00:00 - 10/04/2023 14:00:00,SCA|NO3,mFRR,Not Specified,Not Specified,MARGINAL,19.46,-3.5
10/04/2023 14:00:00 - 10/04/2023 15:00:00,SCA|NO3,mFRR,Not Specified,Not Specified,MARGINAL,19.44,-3.5
10/04/2023 15:00:00 - 10/04/2023 16:00:00,SCA|NO3,mFRR,Not Specified,Not Specified,MARGINAL,19.47,-3.5
10/04/2023 16:00:00 - 10/04/2023 17:00:00,SCA|NO3,mFRR,Not Specified,Not Specified,MARGINAL,19.44,-0.34
10/04/2023 17:00:00 - 10/04/2023 18:00:00,SCA|NO3,mFRR,Not Specified,Not Specified,MARGINAL,25.54,7.0
10/04/2023 18:00:00 - 10/04/2023 19:00:00,SCA|NO3,mFRR,Not Specified,Not Specified,MARGINAL,38.53,38.53
10/04/2023 19:00:00 - 10/04/2023 20:00:00,SCA|NO3,mFRR,Not Specified,Not Specified,MARGINAL,44.74,44.74
10/04/2023 20:00:00 - 10/04/2023 21:00:00,SCA|NO3,mFRR,Not Specified,Not Specified,MARGINAL,36.12,36.12
10/04/2023 21:00:00 - 10/04/2023 22:00:00,SCA|NO3,mFRR,Not Specified,Not Specified,MARGINAL,26.18,6.0
10/04/2023 22:00:00 - 10/04/2023 23:00:00,SCA|NO3,mFRR,Not Specified,Not Specified,MARGINAL,19.09,-7.0
10/04/2023 23:00:00 - 11/04/2023 00:00:00,SCA|NO3,mFRR,Not Specified,Not Specified,MARGINAL,17.53,-4.0
11/04/2023 00:00:00 - 11/04/2023 01:00:00,SCA|NO3,mFRR,Not Specified,Not Specified,MARGINAL,18.03,-4.0
11/04/2023 01:00:00 - 11/04/2023 02:00:00,SCA|NO3,mFRR,Not Specified,Not Specified,MARGINAL,19.41,-2.85
11/04/2023 02:00:00 - 11/04/2023 03:00:00,SCA|NO3,mFRR,Not Specified,Not Specified,MARGINAL,19.43,-3.36
11/04/2023 03:00:00 - 11/04/2023 04:00:00,SCA|NO3,mFRR,Not Specified,Not Specified,MARGINAL,19.41,-3.5
11/04/2023 04:00:00 - 11/04/2023 05:00:00,SCA|NO3,mFRR,Not Specified,Not Specified,MARGINAL,19.42,-3.0
11/04/2023 05:00:00 - 11/04/2023 06:00:00,SCA|NO3,mFRR,Not Specified,Not Specified,MARGINAL,33.16,13.26
11/04/2023 06:00:00 - 11/04/2023 07:00:00,SCA|NO3,mFRR,Not Specified,Not Specified,MARGINAL,39.1,25.0
11/04/2023 07:00:00 - 11/04/2023 08:00:00,SCA|NO3,mFRR,Not Specified,Not Specified,MARGINAL,46.65,25.0
11/04/2023 08:00:00 - 11/04/2023 09:00:00,SCA|NO3,mFRR,Not Specified,Not Specified,MARGINAL,54.18,26.0
11/04/2023 09:00:00 - 11/04/2023 10:00:00,SCA|NO3,mFRR,Not Specified,Not Specified,MARGINAL,52.75,52.75
11/04/2023 10:00:00 - 11/04/2023 11:00:00,SCA|NO3,mFRR,Not Specified,Not Specified,MARGINAL,39.99,39.99
11/04/2023 11:00:00 - 11/04/2023 12:00:00,SCA|NO3,mFRR,Not Specified,Not Specified,MARGINAL,31.67,31.67
11/04/2023 12:00:00 - 11/04/2023 13:00:00,SCA|NO3,mFRR,Not Specified,Not Specified,MARGINAL,30.93,23.0
11/04/2023 13:00:00 - 11/04/2023 14:00:00,SCA|NO3,mFRR,Not Specified,Not Specified,MARGINAL,28.94,5.0
11/04/2023 14:00:00 - 11/04/2023 15:00:00,SCA|NO3,mFRR,Not Specified,Not Specified,MARGINAL,25.68,-2.0
11/04/2023 15:00:00 - 11/04/2023 16:00:00,SCA|NO3,mFRR,Not Specified,Not Specified,MARGINAL,27.48,16.0
11/04/2023 16:00:00 - 11/04/2023 17:00:00,SCA|NO3,mFRR,Not Specified,Not Specified,MARGINAL,35.33,35.33
11/04/2023 17:00:00 - 11/04/2023 18:00:00,SCA|NO3,mFRR,Not Specified,Not Specified,MARGINAL,47.9,47.9
11/04/2023 18:00:00 - 11/04/2023 19:00:00,SCA|NO3,mFRR,Not Specified,Not Specified,MARGINAL,44.83,44.83
11/04/2023 19:00:00 - 11/04/2023 20:00:00,SCA|NO3,mFRR,Not Specified,Not Specified,MARGINAL,40.57,40.57
11/04/2023 20:00:00 - 11/04/2023 21:00:00,SCA|NO3,mFRR,Not Specified,Not Specified,MARGINAL,39.39,39.39
11/04/2023 21:00:00 - 11/04/2023 22:00:00,SCA|NO3,mFRR,Not Specified,Not Specified,MARGINAL,37.97,20.0
11/04/2023 22:00:00 - 11/04/2023 23:00:00,SCA|NO3,mFRR,Not Specified,Not Specified,MARGINAL,35.11,17.5
11/04/2023 23:00:00 - 12/04/2023 00:00:00,SCA|NO3,mFRR,Not Specified,Not Specified,MARGINAL,31.93,12.0
12/04/2023 00:00:00 - 12/04/2023 01:00:00,SCA|NO3,mFRR,Not Specified,Not Specified,MARGINAL,33.97,2.0
12/04/2023 01:00:00 - 12/04/2023 02:00:00,SCA|NO3,mFRR,Not Specified,Not Specified,MARGINAL,34.98,2.0
12/04/2023 02:00:00 - 12/04/2023 03:00:00,SCA|NO3,mFRR,Not Specified,Not Specified,MARGINAL,36.44,10.0
12/04/2023 03:00:00 - 12/04/2023 04:00:00,SCA|NO3,mFRR,Not Specified,Not Specified,MARGINAL,38.51,16.0
12/04/2023 04:00:00 - 12/04/2023 05:00:00,SCA|NO3,mFRR,Not Specified,Not Specified,MARGINAL,39.36,26.0
12/04/2023 05:00:00 - 12/04/2023 06:00:00,SCA|NO3,mFRR,Not Specified,Not Specified,MARGINAL,45.45,26.0
12/04/2023 06:00:00 - 12/04/2023 07:00:00,SCA|NO3,mFRR,Not Specified,Not Specified,MARGINAL,48.14,26.0
12/04/2023 07:00:00 - 12/04/2023 08:00:00,SCA|NO3,mFRR,Not Specified,Not Specified,MARGINAL,56.27,26.0
12/04/2023 08:00:00 - 12/04/2023 09:00:00,SCA|NO3,mFRR,Not Specified,Not Specified,MARGINAL,59.49,6.06
12/04/2023 09:00:00 - 12/04/2023 10:00:00,SCA|NO3,mFRR,Not Specified,Not Specified,MARGINAL,54.64,6.06
12/04/2023 10:00:00 - 12/04/2023 11:00:00,SCA|NO3,mFRR,Not Specified,Not Specified,MARGINAL,46.0,6.06
12/04/2023 11:00:00 - 12/04/2023 12:00:00,SCA|NO3,mFRR,Not Specified,Not Specified,MARGINAL,45.12,6.06
12/04/2023 12:00:00 - 12/04/2023 13:00:00,SCA|NO3,mFRR,Not Specified,Not Specified,MARGINAL,49.37,6.71
12/04/2023 13:00:00 - 12/04/2023 14:00:00,SCA|NO3,mFRR,Not Specified,Not Specified,MARGINAL,46.44,6.4
12/04/2023 14:00:00 - 12/04/2023 15:00:00,SCA|NO3,mFRR,Not Specified,Not Specified,,,
12/04/2023 15:00:00 - 12/04/2023 16:00:00,SCA|NO3,mFRR,Not Specified,Not Specified,MARGINAL,34.9,7.0
12/04/2023 16:00:00 - 12/04/2023 17:00:00,SCA|NO3,mFRR,Not Specified,Not Specified,MARGINAL,32.15,7.0
12/04/2023 17:00:00 - 12/04/2023 18:00:00,SCA|NO3,mFRR,Not Specified,Not Specified,MARGINAL,35.18,35.18
12/04/2023 18:00:00 - 12/04/2023 19:00:00,SCA|NO3,mFRR,Not Specified,Not Specified,MARGINAL,113.5,37.05
12/04/2023 19:00:00 - 12/04/2023 20:00:00,SCA|NO3,mFRR,Not Specified,Not Specified,MARGINAL,113.5,32.54
12/04/2023 20:00:00 - 12/04/2023 21:00:00,SCA|NO3,mFRR,Not Specified,Not Specified,MARGINAL,113.5,27.16
12/04/2023 21:00:00 - 12/04/2023 22:00:00,SCA|NO3,mFRR,Not Specified,Not Specified,MARGINAL,113.5,25.31
12/04/2023 22:00:00 - 12/04/2023 23:00:00,SCA|NO3,mFRR,Not Specified,Not Specified,MARGINAL,82.5,-3.5
12/04/2023 23:00:00 - 13/04/2023 00:00:00,SCA|NO3,mFRR,Not Specified,Not Specified,MARGINAL,7.02,-3.98
13/04/2023 00:00:00 - 13/04/2023 01:00:00,SCA|NO3,mFRR,Not Specified,Not Specified,MARGINAL,1.45,-3.0
13/04/2023 01:00:00 - 13/04/2023 02:00:00,SCA|NO3,mFRR,Not Specified,Not Specified,MARGINAL,0.98,-4.0
13/04/2023 02:00:00 - 13/04/2023 03:00:00,SCA|NO3,mFRR,Not Specified,Not Specified,MARGINAL,0.8,-4.0
13/04/2023 03:00:00 - 13/04/2023 04:00:00,SCA|NO3,mFRR,Not Specified,Not Specified,MARGINAL,0.71,-4.0
13/04/2023 04:00:00 - 13/04/2023 05:00:00,SCA|NO3,mFRR,Not Specified,Not Specified,MARGINAL,0.79,-8.0
13/04/2023 05:00:00 - 13/04/2023 06:00:00,SCA|NO3,mFRR,Not Specified,Not Specified,MARGINAL,3.98,-4.0
13/04/2023 06:00:00 - 13/04/2023 07:00:00,SCA|NO3,mFRR,Not Specified,Not Specified,MARGINAL,25.31,-1.5
13/04/2023 07:00:00 - 13/04/2023 08:00:00,SCA|NO3,mFRR,Not Specified,Not Specified,MARGINAL,27.74,6.1
13/04/2023 08:00:00 - 13/04/2023 09:00:00,SCA|NO3,mFRR,Not Specified,Not Specified,MARGINAL,29.19,8.71
13/04/2023 09:00:00 - 13/04/2023 10:00:00,SCA|NO3,mFRR,Not Specified,Not Specified,MARGINAL,28.05,8.71
13/04/2023 10:00:00 - 13/04/2023 11:00:00,SCA|NO3,mFRR,Not Specified,Not Specified,MARGINAL,27.32,10.0
13/04/2023 11:00:00 - 13/04/2023 12:00:00,SCA|NO3,mFRR,Not Specified,Not Specified,MARGINAL,25.97,5.0
13/04/2023 12:00:00 - 13/04/2023 13:00:00,SCA|NO3,mFRR,Not Specified,Not Specified,MARGINAL,24.64,0.1
13/04/2023 13:00:00 - 13/04/2023 14:00:00,SCA|NO3,mFRR,Not Specified,Not Specified,MARGINAL,24.45,0.1
13/04/2023 14:00:00 - 13/04/2023 15:00:00,SCA|NO3,mFRR,Not Specified,Not Specified,MARGINAL,20.91,-2.5
13/04/2023 15:00:00 - 13/04/2023 16:00:00,SCA|NO3,mFRR,Not Specified,Not Specified,MARGINAL,22.05,-3.5
13/04/2023 16:00:00 - 13/04/2023 17:00:00,SCA|NO3,mFRR,Not Specified,Not Specified,MARGINAL,23.54,-3.5
13/04/2023 17:00:00 - 13/04/2023 18:00:00,SCA|NO3,mFRR,Not Specified,Not Specified,MARGINAL,25.1,-3.5
13/04/2023 18:00:00 - 13/04/2023 19:00:00,SCA|NO3,mFRR,Not Specified,Not Specified,MARGINAL,25.06,-3.5
13/04/2023 19:00:00 - 13/04/2023 20:00:00,SCA|NO3,mFRR,Not Specified,Not Specified,MARGINAL,25.16,-0.87
13/04/2023 20:00:00 - 13/04/2023 21:00:00,SCA|NO3,mFRR,Not Specified,Not Specified,MARGINAL,23.82,-3.5
13/04/2023 21:00:00 - 13/04/2023 22:00:00,SCA|NO3,mFRR,Not Specified,Not Specified,MARGINAL,20.55,-3.5
13/04/2023 22:00:00 - 13/04/2023 23:00:00,SCA|NO3,mFRR,Not Specified,Not Specified,MARGINAL,16.6,-4.0
13/04/2023 23:00:00 - 14/04/2023 00:00:00,SCA|NO3,mFRR,Not Specified,Not Specified,MARGINAL,10.87,-4.0
14/04/2023 00:00:00 - 14/04/2023 01:00:00,SCA|NO3,mFRR,Not Specified,Not Specified,MARGINAL,16.38,-3.5
14/04/2023 01:00:00 - 14/04/2023 02:00:00,SCA|NO3,mFRR,Not Specified,Not Specified,MARGINAL,17.52,-3.5
14/04/2023 02:00:00 - 14/04/2023 03:00:00,SCA|NO3,mFRR,Not Specified,Not Specified,MARGINAL,20.27,-3.5
14/04/2023 03:00:00 - 14/04/2023 04:00:00,SCA|NO3,mFRR,Not Specified,Not Specified,MARGINAL,23.58,-3.5
14/04/2023 04:00:00 - 14/04/2023 05:00:00,SCA|NO3,mFRR,Not Specified,Not Specified,MARGINAL,26.49,0.0
14/04/2023 05:00:00 - 14/04/2023 06:00:00,SCA|NO3,mFRR,Not Specified,Not Specified,MARGINAL,27.55,-2.5
14/04/2023 06:00:00 - 14/04/2023 07:00:00,SCA|NO3,mFRR,Not Specified,Not Specified,MARGINAL,32.61,0.0
14/04/2023 07:00:00 - 14/04/2023 08:00:00,SCA|NO3,mFRR,Not Specified,Not Specified,MARGINAL,38.0,5.0
14/04/2023 08:00:00 - 14/04/2023 09:00:00,SCA|NO3,mFRR,Not Specified,Not Specified,MARGINAL,42.0,42.0
14/04/2023 09:00:00 - 14/04/2023 10:00:00,SCA|NO3,mFRR,Not Specified,Not Specified,MARGINAL,48.0,42.24
14/04/2023 10:00:00 - 14/04/2023 11:00:00,SCA|NO3,mFRR,Not Specified,Not Specified,MARGINAL,48.0,40.72
14/04/2023 11:00:00 - 14/04/2023 12:00:00,SCA|NO3,mFRR,Not Specified,Not Specified,MARGINAL,45.0,38.06
14/04/2023 12:00:00 - 14/04/2023 13:00:00,SCA|NO3,mFRR,Not Specified,Not Specified,MARGINAL,52.37,33.46
14/04/2023 13:00:00 - 14/04/2023 14:00:00,SCA|NO3,mFRR,Not Specified,Not Specified,MARGINAL,56.0,33.45
14/04/2023 14:00:00 - 14/04/2023 15:00:00,SCA|NO3,mFRR,Not Specified,Not Specified,MARGINAL,56.0,33.38
14/04/2023 15:00:00 - 14/04/2023 16:00:00,SCA|NO3,mFRR,Not Specified,Not Specified,MARGINAL,56.0,33.66
14/04/2023 16:00:00 - 14/04/2023 17:00:00,SCA|NO3,mFRR,Not Specified,Not Specified,MARGINAL,56.0,34.03
14/04/2023 17:00:00 - 14/04/2023 18:00:00,SCA|NO3,mFRR,Not Specified,Not Specified,MARGINAL,54.0,35.72
14/04/2023 18:00:00 - 14/04/2023 19:00:00,SCA|NO3,mFRR,Not Specified,Not Specified,MARGINAL,36.38,36.38
14/04/2023 19:00:00 - 14/04/2023 20:00:00,SCA|NO3,mFRR,Not Specified,Not Specified,MARGINAL,33.96,33.96
14/04/2023 20:00:00 - 14/04/2023 21:00:00,SCA|NO3,mFRR,Not Specified,Not Specified,MARGINAL,31.81,31.81
14/04/2023 21:00:00 - 14/04/2023 22:00:00,SCA|NO3,mFRR,Not Specified,Not Specified,MARGINAL,29.49,18.0
14/04/2023 22:00:00 - 14/04/2023 23:00:00,SCA|NO3,mFRR,Not Specified,Not Specified,MARGINAL,28.37,6.0
14/04/2023 23:00:00 - 15/04/2023 00:00:00,SCA|NO3,mFRR,Not Specified,Not Specified,MARGINAL,26.82,2.0
15/04/2023 00:00:00 - 15/04/2023 01:00:00,SCA|NO3,mFRR,Not Specified,Not Specified,MARGINAL,28.21,16.66
15/04/2023 01:00:00 - 15/04/2023 02:00:00,SCA|NO3,mFRR,Not Specified,Not Specified,MARGINAL,28.15,16.66
15/04/2023 02:00:00 - 15/04/2023 03:00:00,SCA|NO3,mFRR,Not Specified,Not Specified,MARGINAL,28.59,28.59
15/04/2023 03:00:00 - 15/04/2023 04:00:00,SCA|NO3,mFRR,Not Specified,Not Specified,MARGINAL,29.92,29.92
15/04/2023 04:00:00 - 15/04/2023 05:00:00,SCA|NO3,mFRR,Not Specified,Not Specified,MARGINAL,52.0,32.32
15/04/2023 05:00:00 - 15/04/2023 06:00:00,SCA|NO3,mFRR,Not Specified,Not Specified,MARGINAL,53.77,38.01
15/04/2023 06:00:00 - 15/04/2023 07:00:00,SCA|NO3,mFRR,Not Specified,Not Specified,MARGINAL,53.77,39.11
15/04/2023 07:00:00 - 15/04/2023 08:00:00,SCA|NO3,mFRR,Not Specified,Not Specified,MARGINAL,53.77,41.17
15/04/2023 08:00:00 - 15/04/2023 09:00:00,SCA|NO3,mFRR,Not Specified,Not Specified,MARGINAL,53.77,43.59
15/04/2023 09:00:00 - 15/04/2023 10:00:00,SCA|NO3,mFRR,Not Specified,Not Specified,MARGINAL,67.53,45.27
15/04/2023 10:00:00 - 15/04/2023 11:00:00,SCA|NO3,mFRR,Not Specified,Not Specified,MARGINAL,67.53,43.93
15/04/2023 11:00:00 - 15/04/2023 12:00:00,SCA|NO3,mFRR,Not Specified,Not Specified,MARGINAL,41.4,29.83
15/04/2023 12:00:00 - 15/04/2023 13:00:00,SCA|NO3,mFRR,Not Specified,Not Specified,MARGINAL,40.55,40.55
15/04/2023 13:00:00 - 15/04/2023 14:00:00,SCA|NO3,mFRR,Not Specified,Not Specified,MARGINAL,40.01,40.01
15/04/2023 14:00:00 - 15/04/2023 15:00:00,SCA|NO3,mFRR,Not Specified,Not Specified,MARGINAL,46.5,40.07
15/04/2023 15:00:00 - 15/04/2023 16:00:00,SCA|NO3,mFRR,Not Specified,Not Specified,MARGINAL,65.48,40.68
15/04/2023 16:00:00 - 15/04/2023 17:00:00,SCA|NO3,mFRR,Not Specified,Not Specified,MARGINAL,65.49,41.18
15/04/2023 17:00:00 - 15/04/2023 18:00:00,SCA|NO3,mFRR,Not Specified,Not Specified,MARGINAL,67.87,45.79
15/04/2023 18:00:00 - 15/04/2023 19:00:00,SCA|NO3,mFRR,Not Specified,Not Specified,MARGINAL,100.0,51.78
15/04/2023 19:00:00 - 15/04/2023 20:00:00,SCA|NO3,mFRR,Not Specified,Not Specified,MARGINAL,107.0,54.53
15/04/2023 20:00:00 - 15/04/2023 21:00:00,SCA|NO3,mFRR,Not Specified,Not Specified,MARGINAL,77.53,52.31
15/04/2023 21:00:00 - 15/04/2023 22:00:00,SCA|NO3,mFRR,Not Specified,Not Specified,MARGINAL,60.82,50.01
15/04/2023 22:00:00 - 15/04/2023 23:00:00,SCA|NO3,mFRR,Not Specified,Not Specified,MARGINAL,65.19,46.89
15/04/2023 23:00:00 - 16/04/2023 00:00:00,SCA|NO3,mFRR,Not Specified,Not Specified,MARGINAL,43.66,43.66
16/04/2023 00:00:00 - 16/04/2023 01:00:00,SCA|NO3,mFRR,Not Specified,Not Specified,MARGINAL,55.21,55.21
16/04/2023 01:00:00 - 16/04/2023 02:00:00,SCA|NO3,mFRR,Not Specified,Not Specified,MARGINAL,61.39,55.5
16/04/2023 02:00:00 - 16/04/2023 03:00:00,SCA|NO3,mFRR,Not Specified,Not Specified,MARGINAL,70.0,59.03
16/04/2023 03:00:00 - 16/04/2023 04:00:00,SCA|NO3,mFRR,Not Specified,Not Specified,MARGINAL,70.0,62.52
16/04/2023 04:00:00 - 16/04/2023 05:00:00,SCA|NO3,mFRR,Not Specified,Not Specified,MARGINAL,78.85,65.43
16/04/2023 05:00:00 - 16/04/2023 06:00:00,SCA|NO3,mFRR,Not Specified,Not Specified,MARGINAL,85.0,65.89
16/04/2023 06:00:00 - 16/04/2023 07:00:00,SCA|NO3,mFRR,Not Specified,Not Specified,MARGINAL,85.0,66.64
16/04/2023 07:00:00 - 16/04/2023 08:00:00,SCA|NO3,mFRR,Not Specified,Not Specified,MARGINAL,85.0,67.43
16/04/2023 08:00:00 - 16/04/2023 09:00:00,SCA|NO3,mFRR,Not Specified,Not Specified,MARGINAL,70.0,70.0
16/04/2023 09:00:00 - 16/04/2023 10:00:00,SCA|NO3,mFRR,Not Specified,Not Specified,MARGINAL,70.8,70.8
16/04/2023 10:00:00 - 16/04/2023 11:00:00,SCA|NO3,mFRR,Not Specified,Not Specified,MARGINAL,98.0,70.36
16/04/2023 11:00:00 - 16/04/2023 12:00:00,SCA|NO3,mFRR,Not Specified,Not Specified,MARGINAL,89.72,68.71
16/04/2023 12:00:00 - 16/04/2023 13:00:00,SCA|NO3,mFRR,Not Specified,Not Specified,MARGINAL,71.39,65.51
16/04/2023 13:00:00 - 16/04/2023 14:00:00,SCA|NO3,mFRR,Not Specified,Not Specified,MARGINAL,78.36,63.01
16/04/2023 14:00:00 - 16/04/2023 15:00:00,SCA|NO3,mFRR,Not Specified,Not Specified,MARGINAL,78.35,61.41
16/04/2023 15:00:00 - 16/04/2023 16:00:00,SCA|NO3,mFRR,Not Specified,Not Specified,MARGINAL,95.94,62.71
16/04/2023 16:00:00 - 16/04/2023 17:00:00,SCA|NO3,mFRR,Not Specified,Not Specified,MARGINAL,98.29,68.38
16/04/2023 17:00:00 - 16/04/2023 18:00:00,SCA|NO3,mFRR,Not Specified,Not Specified,MARGINAL,98.0,76.74
16/04/2023 18:00:00 - 16/04/2023 19:00:00,SCA|NO3,mFRR,Not Specified,Not Specified,MARGINAL,80.72,79.1
16/04/2023 19:00:00 - 16/04/2023 20:00:00,SCA|NO3,mFRR,Not Specified,Not Specified,MARGINAL,76.88,76.88
16/04/2023 20:00:00 - 16/04/2023 21:00:00,SCA|NO3,mFRR,Not Specified,Not Specified,MARGINAL,75.55,59.5
16/04/2023 21:00:00 - 16/04/2023 22:00:00,SCA|NO3,mFRR,Not Specified,Not Specified,MARGINAL,74.25,48.0
16/04/2023 22:00:00 - 16/04/2023 23:00:00,SCA|NO3,mFRR,Not Specified,Not Specified,MARGINAL,71.38,42.13
16/04/2023 23:00:00 - 17/04/2023 00:00:00,SCA|NO3,mFRR,Not Specified,Not Specified,MARGINAL,67.14,35.99
17/04/2023 00:00:00 - 17/04/2023 01:00:00,SCA|NO3,mFRR,Not Specified,Not Specified,MARGINAL,73.09,32.8
17/04/2023 01:00:00 - 17/04/2023 02:00:00,SCA|NO3,mFRR,Not Specified,Not Specified,MARGINAL,72.08,33.33
17/04/2023 02:00:00 - 17/04/2023 03:00:00,SCA|NO3,mFRR,Not Specified,Not Specified,MARGINAL,69.99,36.52
17/04/2023 03:00:00 - 17/04/2023 04:00:00,SCA|NO3,mFRR,Not Specified,Not Specified,MARGINAL,69.0,36.58
17/04/2023 04:00:00 - 17/04/2023 05:00:00,SCA|NO3,mFRR,Not Specified,Not Specified,MARGINAL,68.58,36.58
17/04/2023 05:00:00 - 17/04/2023 06:00:00,SCA|NO3,mFRR,Not Specified,Not Specified,MARGINAL,72.74,39.47
17/04/2023 06:00:00 - 17/04/2023 07:00:00,SCA|NO3,mFRR,Not Specified,Not Specified,MARGINAL,70.22,39.47
17/04/2023 07:00:00 - 17/04/2023 08:00:00,SCA|NO3,mFRR,Not Specified,Not Specified,MARGINAL,69.24,39.47
17/04/2023 08:00:00 - 17/04/2023 09:00:00,SCA|NO3,mFRR,Not Specified,Not Specified,MARGINAL,135.08,97.59
17/04/2023 09:00:00 - 17/04/2023 10:00:00,SCA|NO3,mFRR,Not Specified,Not Specified,MARGINAL,140.72,138.76
17/04/2023 10:00:00 - 17/04/2023 11:00:00,SCA|NO3,mFRR,Not Specified,Not Specified,MARGINAL,130.0,128.66
17/04/2023 11:00:00 - 17/04/2023 12:00:00,SCA|NO3,mFRR,Not Specified,Not Specified,MARGINAL,105.98,59.0
17/04/2023 12:00:00 - 17/04/2023 13:00:00,SCA|NO3,mFRR,Not Specified,Not Specified,MARGINAL,102.92,59.0
17/04/2023 13:00:00 - 17/04/2023 14:00:00,SCA|NO3,mFRR,Not Specified,Not Specified,MARGINAL,99.8,59.0
17/04/2023 14:00:00 - 17/04/2023 15:00:00,SCA|NO3,mFRR,Not Specified,Not Specified,MARGINAL,94.82,56.0
17/04/2023 15:00:00 - 17/04/2023 16:00:00,SCA|NO3,mFRR,Not Specified,Not Specified,MARGINAL,92.75,55.0
17/04/2023 16:00:00 - 17/04/2023 17:00:00,SCA|NO3,mFRR,Not Specified,Not Specified,MARGINAL,94.11,60.0
17/04/2023 17:00:00 - 17/04/2023 18:00:00,SCA|NO3,mFRR,Not Specified,Not Specified,MARGINAL,98.56,60.0
17/04/2023 18:00:00 - 17/04/2023 19:00:00,SCA|NO3,mFRR,Not Specified,Not Specified,MARGINAL,102.8,102.8
17/04/2023 19:00:00 - 17/04/2023 20:00:00,SCA|NO3,mFRR,Not Specified,Not Specified,MARGINAL,113.5,102.9
17/04/2023 20:00:00 - 17/04/2023 21:00:00,SCA|NO3,mFRR,Not Specified,Not Specified,MARGINAL,111.0,89.98
17/04/2023 21:00:00 - 17/04/2023 22:00:00,SCA|NO3,mFRR,Not Specified,Not Specified,MARGINAL,89.5,82.07
17/04/2023 22:00:00 - 17/04/2023 23:00:00,SCA|NO3,mFRR,Not Specified,Not Specified,MARGINAL,70.0,49.49
17/04/2023 23:00:00 - 18/04/2023 00:00:00,SCA|NO3,mFRR,Not Specified,Not Specified,MARGINAL,58.59,45.0
18/04/2023 00:00:00 - 18/04/2023 01:00:00,SCA|NO3,mFRR,Not Specified,Not Specified,MARGINAL,63.03,50.37
18/04/2023 01:00:00 - 18/04/2023 02:00:00,SCA|NO3,mFRR,Not Specified,Not Specified,MARGINAL,63.57,63.57
18/04/2023 02:00:00 - 18/04/2023 03:00:00,SCA|NO3,mFRR,Not Specified,Not Specified,MARGINAL,65.13,65.13
18/04/2023 03:00:00 - 18/04/2023 04:00:00,SCA|NO3,mFRR,Not Specified,Not Specified,MARGINAL,69.94,69.94
18/04/2023 04:00:00 - 18/04/2023 05:00:00,SCA|NO3,mFRR,Not Specified,Not Specified,MARGINAL,76.94,76.94
18/04/2023 05:00:00 - 18/04/2023 06:00:00,SCA|NO3,mFRR,Not Specified,Not Specified,MARGINAL,85.04,43.0
18/04/2023 06:00:00 - 18/04/2023 07:00:00,SCA|NO3,mFRR,Not Specified,Not Specified,MARGINAL,105.06,43.0
18/04/2023 07:00:00 - 18/04/2023 08:00:00,SCA|NO3,mFRR,Not Specified,Not Specified,MARGINAL,135.78,60.0
18/04/2023 08:00:00 - 18/04/2023 09:00:00,SCA|NO3,mFRR,Not Specified,Not Specified,MARGINAL,155.0,150.08
18/04/2023 09:00:00 - 18/04/2023 10:00:00,SCA|NO3,mFRR,Not Specified,Not Specified,MARGINAL,155.0,120.68
18/04/2023 10:00:00 - 18/04/2023 11:00:00,SCA|NO3,mFRR,Not Specified,Not Specified,MARGINAL,102.92,66.0
18/04/2023 11:00:00 - 18/04/2023 12:00:00,SCA|NO3,mFRR,Not Specified,Not Specified,MARGINAL,90.51,46.53
18/04/2023 12:00:00 - 18/04/2023 13:00:00,SCA|NO3,mFRR,Not Specified,Not Specified,MARGINAL,84.04,35.0
18/04/2023 13:00:00 - 18/04/2023 14:00:00,SCA|NO3,mFRR,Not Specified,Not Specified,MARGINAL,76.47,35.0
18/04/2023 14:00:00 - 18/04/2023 15:00:00,SCA|NO3,mFRR,Not Specified,Not Specified,MARGINAL,69.92,46.26
18/04/2023 15:00:00 - 18/04/2023 16:00:00,SCA|NO3,mFRR,Not Specified,Not Specified,MARGINAL,66.47,45.0
18/04/2023 16:00:00 - 18/04/2023 17:00:00,SCA|NO3,mFRR,Not Specified,Not Specified,MARGINAL,68.27,50.0
18/04/2023 17:00:00 - 18/04/2023 18:00:00,SCA|NO3,mFRR,Not Specified,Not Specified,MARGINAL,79.16,68.0
18/04/2023 18:00:00 - 18/04/2023 19:00:00,SCA|NO3,mFRR,Not Specified,Not Specified,MARGINAL,84.91,80.5
18/04/2023 19:00:00 - 18/04/2023 20:00:00,SCA|NO3,mFRR,Not Specified,Not Specified,MARGINAL,84.25,84.25
18/04/2023 20:00:00 - 18/04/2023 21:00:00,SCA|NO3,mFRR,Not Specified,Not Specified,MARGINAL,91.85,91.85
18/04/2023 21:00:00 - 18/04/2023 22:00:00,SCA|NO3,mFRR,Not Specified,Not Specified,MARGINAL,84.65,84.65
18/04/2023 22:00:00 - 18/04/2023 23:00:00,SCA|NO3,mFRR,Not Specified,Not Specified,MARGINAL,69.67,69.67
18/04/2023 23:00:00 - 19/04/2023 00:00:00,SCA|NO3,mFRR,Not Specified,Not Specified,MARGINAL,56.62,56.62
19/04/2023 00:00:00 - 19/04/2023 01:00:00,SCA|NO3,mFRR,Not Specified,Not Specified,MARGINAL,60.62,60.62
19/04/2023 01:00:00 - 19/04/2023 02:00:00,SCA|NO3,mFRR,Not Specified,Not Specified,MARGINAL,60.05,60.05
19/04/2023 02:00:00 - 19/04/2023 03:00:00,SCA|NO3,mFRR,Not Specified,Not Specified,MARGINAL,58.95,58.95
19/04/2023 03:00:00 - 19/04/2023 04:00:00,SCA|NO3,mFRR,Not Specified,Not Specified,MARGINAL,57.58,57.58
19/04/2023 04:00:00 - 19/04/2023 05:00:00,SCA|NO3,mFRR,Not Specified,Not Specified,MARGINAL,58.58,58.58
19/04/2023 05:00:00 - 19/04/2023 06:00:00,SCA|NO3,mFRR,Not Specified,Not Specified,MARGINAL,61.0,61.0
19/04/2023 06:00:00 - 19/04/2023 07:00:00,SCA|NO3,mFRR,Not Specified,Not Specified,MARGINAL,79.34,79.34
19/04/2023 07:00:00 - 19/04/2023 08:00:00,SCA|NO3,mFRR,Not Specified,Not Specified,MARGINAL,100.31,61.0
19/04/2023 08:00:00 - 19/04/2023 09:00:00,SCA|NO3,mFRR,Not Specified,Not Specified,MARGINAL,81.9,81.9
19/04/2023 09:00:00 - 19/04/2023 10:00:00,SCA|NO3,mFRR,Not Specified,Not Specified,MARGINAL,74.89,74.89
19/04/2023 10:00:00 - 19/04/2023 11:00:00,SCA|NO3,mFRR,Not Specified,Not Specified,MARGINAL,65.69,38.0
19/04/2023 11:00:00 - 19/04/2023 12:00:00,SCA|NO3,mFRR,Not Specified,Not Specified,MARGINAL,56.91,38.0
19/04/2023 12:00:00 - 19/04/2023 13:00:00,SCA|NO3,mFRR,Not Specified,Not Specified,MARGINAL,44.33,22.5
19/04/2023 13:00:00 - 19/04/2023 14:00:00,SCA|NO3,mFRR,Not Specified,Not Specified,MARGINAL,44.11,12.0
19/04/2023 14:00:00 - 19/04/2023 15:00:00,SCA|NO3,mFRR,Not Specified,Not Specified,MARGINAL,39.99,20.06
19/04/2023 15:00:00 - 19/04/2023 16:00:00,SCA|NO3,mFRR,Not Specified,Not Specified,MARGINAL,39.52,39.52
19/04/2023 16:00:00 - 19/04/2023 17:00:00,SCA|NO3,mFRR,Not Specified,Not Specified,MARGINAL,39.44,39.44
19/04/2023 17:00:00 - 19/04/2023 18:00:00,SCA|NO3,mFRR,Not Specified,Not Specified,MARGINAL,56.23,56.23
19/04/2023 18:00:00 - 19/04/2023 19:00:00,SCA|NO3,mFRR,Not Specified,Not Specified,MARGINAL,61.0,61.0
19/04/2023 19:00:00 - 19/04/2023 20:00:00,SCA|NO3,mFRR,Not Specified,Not Specified,MARGINAL,61.0,61.0
19/04/2023 20:00:00 - 19/04/2023 21:00:00,SCA|NO3,mFRR,Not Specified,Not Specified,MARGINAL,70.0,59.94
19/04/2023 21:00:00 - 19/04/2023 22:00:00,SCA|NO3,mFRR,Not Specified,Not Specified,MARGINAL,70.0,50.93
19/04/2023 22:00:00 - 19/04/2023 23:00:00,SCA|NO3,mFRR,Not Specified,Not Specified,MARGINAL,43.59,43.59
19/04/2023 23:00:00 - 20/04/2023 00:00:00,SCA|NO3,mFRR,Not Specified,Not Specified,MARGINAL,39.99,39.99
20/04/2023 00:00:00 - 20/04/2023 01:00:00,SCA|NO3,mFRR,Not Specified,Not Specified,MARGINAL,39.48,39.48
20/04/2023 01:00:00 - 20/04/2023 02:00:00,SCA|NO3,mFRR,Not Specified,Not Specified,MARGINAL,45.0,37.81
20/04/2023 02:00:00 - 20/04/2023 03:00:00,SCA|NO3,mFRR,Not Specified,Not Specified,MARGINAL,45.0,37.27
20/04/2023 03:00:00 - 20/04/2023 04:00:00,SCA|NO3,mFRR,Not Specified,Not Specified,,,
20/04/2023 04:00:00 - 20/04/2023 05:00:00,SCA|NO3,mFRR,Not Specified,Not Specified,MARGINAL,39.91,39.91
20/04/2023 05:00:00 - 20/04/2023 06:00:00,SCA|NO3,mFRR,Not Specified,Not Specified,MARGINAL,41.89,41.89
20/04/2023 06:00:00 - 20/04/2023 07:00:00,SCA|NO3,mFRR,Not Specified,Not Specified,MARGINAL,56.2,56.2
20/04/2023 07:00:00 - 20/04/2023 08:00:00,SCA|NO3,mFRR,Not Specified,Not Specified,MARGINAL,64.82,64.82
20/04/2023 08:00:00 - 20/04/2023 09:00:00,SCA|NO3,mFRR,Not Specified,Not Specified,MARGINAL,70.08,70.08
20/04/2023 09:00:00 - 20/04/2023 10:00:00,SCA|NO3,mFRR,Not Specified,Not Specified,MARGINAL,69.92,69.92
20/04/2023 10:00:00 - 20/04/2023 11:00:00,SCA|NO3,mFRR,Not Specified,Not Specified,MARGINAL,69.28,69.28
20/04/2023 11:00:00 - 20/04/2023 12:00:00,SCA|NO3,mFRR,Not Specified,Not Specified,MARGINAL,58.87,32.0
20/04/2023 12:00:00 - 20/04/2023 13:00:00,SCA|NO3,mFRR,Not Specified,Not Specified,MARGINAL,55.82,32.0
20/04/2023 13:00:00 - 20/04/2023 14:00:00,SCA|NO3,mFRR,Not Specified,Not Specified,MARGINAL,51.25,32.0
20/04/2023 14:00:00 - 20/04/2023 15:00:00,SCA|NO3,mFRR,Not Specified,Not Specified,MARGINAL,48.05,37.36
20/04/2023 15:00:00 - 20/04/2023 16:00:00,SCA|NO3,mFRR,Not Specified,Not Specified,MARGINAL,48.08,37.18
20/04/2023 16:00:00 - 20/04/2023 17:00:00,SCA|NO3,mFRR,Not Specified,Not Specified,MARGINAL,50.01,30.0
20/04/2023 17:00:00 - 20/04/2023 18:00:00,SCA|NO3,mFRR,Not Specified,Not Specified,MARGINAL,58.94,32.0
20/04/2023 18:00:00 - 20/04/2023 19:00:00,SCA|NO3,mFRR,Not Specified,Not Specified,MARGINAL,61.58,32.0
20/04/2023 19:00:00 - 20/04/2023 20:00:00,SCA|NO3,mFRR,Not Specified,Not Specified,MARGINAL,59.9,59.9
20/04/2023 20:00:00 - 20/04/2023 21:00:00,SCA|NO3,mFRR,Not Specified,Not Specified,MARGINAL,56.23,56.23
20/04/2023 21:00:00 - 20/04/2023 22:00:00,SCA|NO3,mFRR,Not Specified,Not Specified,MARGINAL,47.09,30.0
20/04/2023 22:00:00 - 20/04/2023 23:00:00,SCA|NO3,mFRR,Not Specified,Not Specified,MARGINAL,40.76,26.0
20/04/2023 23:00:00 - 21/04/2023 00:00:00,SCA|NO3,mFRR,Not Specified,Not Specified,MARGINAL,39.99,26.0
21/04/2023 00:00:00 - 21/04/2023 01:00:00,SCA|NO3,mFRR,Not Specified,Not Specified,MARGINAL,39.1,39.1
21/04/2023 01:00:00 - 21/04/2023 02:00:00,SCA|NO3,mFRR,Not Specified,Not Specified,MARGINAL,38.97,38.97
21/04/2023 02:00:00 - 21/04/2023 03:00:00,SCA|NO3,mFRR,Not Specified,Not Specified,MARGINAL,41.04,41.04
21/04/2023 03:00:00 - 21/04/2023 04:00:00,SCA|NO3,mFRR,Not Specified,Not Specified,MARGINAL,44.34,44.34
21/04/2023 04:00:00 - 21/04/2023 05:00:00,SCA|NO3,mFRR,Not Specified,Not Specified,MARGINAL,50.69,50.69
21/04/2023 05:00:00 - 21/04/2023 06:00:00,SCA|NO3,mFRR,Not Specified,Not Specified,MARGINAL,54.6,40.0
21/04/2023 06:00:00 - 21/04/2023 07:00:00,SCA|NO3,mFRR,Not Specified,Not Specified,MARGINAL,65.47,40.0
21/04/2023 07:00:00 - 21/04/2023 08:00:00,SCA|NO3,mFRR,Not Specified,Not Specified,MARGINAL,72.07,50.0
21/04/2023 08:00:00 - 21/04/2023 09:00:00,SCA|NO3,mFRR,Not Specified,Not Specified,MARGINAL,85.32,85.32
21/04/2023 09:00:00 - 21/04/2023 10:00:00,SCA|NO3,mFRR,Not Specified,Not Specified,MARGINAL,103.7,103.7
21/04/2023 10:00:00 - 21/04/2023 11:00:00,SCA|NO3,mFRR,Not Specified,Not Specified,MARGINAL,87.84,87.84
21/04/2023 11:00:00 - 21/04/2023 12:00:00,SCA|NO3,mFRR,Not Specified,Not Specified,MARGINAL,69.67,69.67
21/04/2023 12:00:00 - 21/04/2023 13:00:00,SCA|NO3,mFRR,Not Specified,Not Specified,MARGINAL,58.0,41.65
21/04/2023 13:00:00 - 21/04/2023 14:00:00,SCA|NO3,mFRR,Not Specified,Not Specified,MARGINAL,50.0,30.0
21/04/2023 14:00:00 - 21/04/2023 15:00:00,SCA|NO3,mFRR,Not Specified,Not Specified,MARGINAL,40.07,30.0
21/04/2023 15:00:00 - 21/04/2023 16:00:00,SCA|NO3,mFRR,Not Specified,Not Specified,MARGINAL,40.68,40.68
21/04/2023 16:00:00 - 21/04/2023 17:00:00,SCA|NO3,mFRR,Not Specified,Not Specified,MARGINAL,53.85,53.85
21/04/2023 17:00:00 - 21/04/2023 18:00:00,SCA|NO3,mFRR,Not Specified,Not Specified,MARGINAL,67.01,67.01
21/04/2023 18:00:00 - 21/04/2023 19:00:00,SCA|NO3,mFRR,Not Specified,Not Specified,MARGINAL,61.49,61.49
21/04/2023 19:00:00 - 21/04/2023 20:00:00,SCA|NO3,mFRR,Not Specified,Not Specified,MARGINAL,59.76,59.76
21/04/2023 20:00:00 - 21/04/2023 21:00:00,SCA|NO3,mFRR,Not Specified,Not Specified,MARGINAL,55.98,30.0
21/04/2023 21:00:00 - 21/04/2023 22:00:00,SCA|NO3,mFRR,Not Specified,Not Specified,MARGINAL,51.09,29.0
21/04/2023 22:00:00 - 21/04/2023 23:00:00,SCA|NO3,mFRR,Not Specified,Not Specified,MARGINAL,42.1,27.0
21/04/2023 23:00:00 - 22/04/2023 00:00:00,SCA|NO3,mFRR,Not Specified,Not Specified,MARGINAL,40.17,17.02
22/04/2023 00:00:00 - 22/04/2023 01:00:00,SCA|NO3,mFRR,Not Specified,Not Specified,MARGINAL,42.14,12.0
22/04/2023 01:00:00 - 22/04/2023 02:00:00,SCA|NO3,mFRR,Not Specified,Not Specified,MARGINAL,38.9,12.0
22/04/2023 02:00:00 - 22/04/2023 03:00:00,SCA|NO3,mFRR,Not Specified,Not Specified,MARGINAL,38.83,12.0
22/04/2023 03:00:00 - 22/04/2023 04:00:00,SCA|NO3,mFRR,Not Specified,Not Specified,MARGINAL,38.74,38.74
22/04/2023 04:00:00 - 22/04/2023 05:00:00,SCA|NO3,mFRR,Not Specified,Not Specified,MARGINAL,38.78,38.78
22/04/2023 05:00:00 - 22/04/2023 06:00:00,SCA|NO3,mFRR,Not Specified,Not Specified,MARGINAL,39.02,39.02
22/04/2023 06:00:00 - 22/04/2023 07:00:00,SCA|NO3,mFRR,Not Specified,Not Specified,MARGINAL,39.98,39.98
22/04/2023 07:00:00 - 22/04/2023 08:00:00,SCA|NO3,mFRR,Not Specified,Not Specified,MARGINAL,43.9,43.9
22/04/2023 08:00:00 - 22/04/2023 09:00:00,SCA|NO3,mFRR,Not Specified,Not Specified,MARGINAL,50.43,50.43
22/04/2023 09:00:00 - 22/04/2023 10:00:00,SCA|NO3,mFRR,Not Specified,Not Specified,MARGINAL,44.54,44.54
22/04/2023 10:00:00 - 22/04/2023 11:00:00,SCA|NO3,mFRR,Not Specified,Not Specified,MARGINAL,42.76,42.76
22/04/2023 11:00:00 - 22/04/2023 12:00:00,SCA|NO3,mFRR,Not Specified,Not Specified,MARGINAL,37.52,37.52
22/04/2023 12:00:00 - 22/04/2023 13:00:00,SCA|NO3,mFRR,Not Specified,Not Specified,MARGINAL,26.2,26.2
22/04/2023 13:00:00 - 22/04/2023 14:00:00,SCA|NO3,mFRR,Not Specified,Not Specified,MARGINAL,17.85,17.85
22/04/2023 14:00:00 - 22/04/2023 15:00:00,SCA|NO3,mFRR,Not Specified,Not Specified,MARGINAL,17.17,1.0
22/04/2023 15:00:00 - 22/04/2023 16:00:00,SCA|NO3,mFRR,Not Specified,Not Specified,MARGINAL,29.23,17.17
22/04/2023 16:00:00 - 22/04/2023 17:00:00,SCA|NO3,mFRR,Not Specified,Not Specified,MARGINAL,38.33,38.33
22/04/2023 17:00:00 - 22/04/2023 18:00:00,SCA|NO3,mFRR,Not Specified,Not Specified,MARGINAL,43.48,43.48
22/04/2023 18:00:00 - 22/04/2023 19:00:00,SCA|NO3,mFRR,Not Specified,Not Specified,MARGINAL,58.0,44.74
22/04/2023 19:00:00 - 22/04/2023 20:00:00,SCA|NO3,mFRR,Not Specified,Not Specified,MARGINAL,58.0,43.68
22/04/2023 20:00:00 - 22/04/2023 21:00:00,SCA|NO3,mFRR,Not Specified,Not Specified,MARGINAL,57.36,50.84
22/04/2023 21:00:00 - 22/04/2023 22:00:00,SCA|NO3,mFRR,Not Specified,Not Specified,MARGINAL,46.84,31.5
22/04/2023 22:00:00 - 22/04/2023 23:00:00,SCA|NO3,mFRR,Not Specified,Not Specified,MARGINAL,43.15,31.53
22/04/2023 23:00:00 - 23/04/2023 00:00:00,SCA|NO3,mFRR,Not Specified,Not Specified,MARGINAL,37.72,33.0
23/04/2023 00:00:00 - 23/04/2023 01:00:00,SCA|NO3,mFRR,Not Specified,Not Specified,MARGINAL,37.15,25.0
23/04/2023 01:00:00 - 23/04/2023 02:00:00,SCA|NO3,mFRR,Not Specified,Not Specified,MARGINAL,36.39,25.0
23/04/2023 02:00:00 - 23/04/2023 03:00:00,SCA|NO3,mFRR,Not Specified,Not Specified,MARGINAL,37.51,25.0
23/04/2023 03:00:00 - 23/04/2023 04:00:00,SCA|NO3,mFRR,Not Specified,Not Specified,MARGINAL,38.05,25.0
23/04/2023 04:00:00 - 23/04/2023 05:00:00,SCA|NO3,mFRR,Not Specified,Not Specified,MARGINAL,39.42,31.0
23/04/2023 05:00:00 - 23/04/2023 06:00:00,SCA|NO3,mFRR,Not Specified,Not Specified,MARGINAL,39.75,39.75
23/04/2023 06:00:00 - 23/04/2023 07:00:00,SCA|NO3,mFRR,Not Specified,Not Specified,MARGINAL,40.54,30.0
23/04/2023 07:00:00 - 23/04/2023 08:00:00,SCA|NO3,mFRR,Not Specified,Not Specified,MARGINAL,40.54,30.0
23/04/2023 08:00:00 - 23/04/2023 09:00:00,SCA|NO3,mFRR,Not Specified,Not Specified,MARGINAL,40.47,30.0
23/04/2023 09:00:00 - 23/04/2023 10:00:00,SCA|NO3,mFRR,Not Specified,Not Specified,MARGINAL,41.55,36.0
23/04/2023 10:00:00 - 23/04/2023 11:00:00,SCA|NO3,mFRR,Not Specified,Not Specified,MARGINAL,41.21,36.0
23/04/2023 11:00:00 - 23/04/2023 12:00:00,SCA|NO3,mFRR,Not Specified,Not Specified,MARGINAL,41.57,39.5
23/04/2023 12:00:00 - 23/04/2023 13:00:00,SCA|NO3,mFRR,Not Specified,Not Specified,MARGINAL,35.99,35.99
23/04/2023 13:00:00 - 23/04/2023 14:00:00,SCA|NO3,mFRR,Not Specified,Not Specified,MARGINAL,34.33,25.19
23/04/2023 14:00:00 - 23/04/2023 15:00:00,SCA|NO3,mFRR,Not Specified,Not Specified,MARGINAL,26.5,25.12
23/04/2023 15:00:00 - 23/04/2023 16:00:00,SCA|NO3,mFRR,Not Specified,Not Specified,MARGINAL,35.09,34.59
23/04/2023 16:00:00 - 23/04/2023 17:00:00,SCA|NO3,mFRR,Not Specified,Not Specified,MARGINAL,46.0,40.85
23/04/2023 17:00:00 - 23/04/2023 18:00:00,SCA|NO3,mFRR,Not Specified,Not Specified,MARGINAL,99.0,41.03
23/04/2023 18:00:00 - 23/04/2023 19:00:00,SCA|NO3,mFRR,Not Specified,Not Specified,MARGINAL,110.26,40.87
23/04/2023 19:00:00 - 23/04/2023 20:00:00,SCA|NO3,mFRR,Not Specified,Not Specified,MARGINAL,117.15,41.93
23/04/2023 20:00:00 - 23/04/2023 21:00:00,SCA|NO3,mFRR,Not Specified,Not Specified,MARGINAL,117.06,41.45
23/04/2023 21:00:00 - 23/04/2023 22:00:00,SCA|NO3,mFRR,Not Specified,Not Specified,MARGINAL,112.5,40.9
23/04/2023 22:00:00 - 23/04/2023 23:00:00,SCA|NO3,mFRR,Not Specified,Not Specified,MARGINAL,109.15,38.99
23/04/2023 23:00:00 - 24/04/2023 00:00:00,SCA|NO3,mFRR,Not Specified,Not Specified,MARGINAL,80.0,35.01
24/04/2023 00:00:00 - 24/04/2023 01:00:00,SCA|NO3,mFRR,Not Specified,Not Specified,MARGINAL,69.0,38.79
24/04/2023 01:00:00 - 24/04/2023 02:00:00,SCA|NO3,mFRR,Not Specified,Not Specified,MARGINAL,36.97,36.97
24/04/2023 02:00:00 - 24/04/2023 03:00:00,SCA|NO3,mFRR,Not Specified,Not Specified,MARGINAL,36.62,36.62
24/04/2023 03:00:00 - 24/04/2023 04:00:00,SCA|NO3,mFRR,Not Specified,Not Specified,MARGINAL,37.29,37.29
24/04/2023 04:00:00 - 24/04/2023 05:00:00,SCA|NO3,mFRR,Not Specified,Not Specified,MARGINAL,40.44,40.44
24/04/2023 05:00:00 - 24/04/2023 06:00:00,SCA|NO3,mFRR,Not Specified,Not Specified,MARGINAL,49.93,49.93
24/04/2023 06:00:00 - 24/04/2023 07:00:00,SCA|NO3,mFRR,Not Specified,Not Specified,MARGINAL,60.09,60.09
24/04/2023 07:00:00 - 24/04/2023 08:00:00,SCA|NO3,mFRR,Not Specified,Not Specified,MARGINAL,110.0,70.13
24/04/2023 08:00:00 - 24/04/2023 09:00:00,SCA|NO3,mFRR,Not Specified,Not Specified,MARGINAL,129.4,77.86
24/04/2023 09:00:00 - 24/04/2023 10:00:00,SCA|NO3,mFRR,Not Specified,Not Specified,MARGINAL,129.46,78.6
24/04/2023 10:00:00 - 24/04/2023 11:00:00,SCA|NO3,mFRR,Not Specified,Not Specified,MARGINAL,111.0,79.35
24/04/2023 11:00:00 - 24/04/2023 12:00:00,SCA|NO3,mFRR,Not Specified,Not Specified,MARGINAL,105.51,83.41
24/04/2023 12:00:00 - 24/04/2023 13:00:00,SCA|NO3,mFRR,Not Specified,Not Specified,MARGINAL,100.0,80.24
24/04/2023 13:00:00 - 24/04/2023 14:00:00,SCA|NO3,mFRR,Not Specified,Not Specified,MARGINAL,110.0,79.13
24/04/2023 14:00:00 - 24/04/2023 15:00:00,SCA|NO3,mFRR,Not Specified,Not Specified,MARGINAL,118.5,78.42
24/04/2023 15:00:00 - 24/04/2023 16:00:00,SCA|NO3,mFRR,Not Specified,Not Specified,MARGINAL,118.5,77.4
24/04/2023 16:00:00 - 24/04/2023 17:00:00,SCA|NO3,mFRR,Not Specified,Not Specified,MARGINAL,120.63,80.68
24/04/2023 17:00:00 - 24/04/2023 18:00:00,SCA|NO3,mFRR,Not Specified,Not Specified,MARGINAL,120.0,87.5
24/04/2023 18:00:00 - 24/04/2023 19:00:00,SCA|NO3,mFRR,Not Specified,Not Specified,MARGINAL,112.0,89.37
24/04/2023 19:00:00 - 24/04/2023 20:00:00,SCA|NO3,mFRR,Not Specified,Not Specified,MARGINAL,112.0,84.39
24/04/2023 20:00:00 - 24/04/2023 21:00:00,SCA|NO3,mFRR,Not Specified,Not Specified,MARGINAL,110.0,76.26
24/04/2023 21:00:00 - 24/04/2023 22:00:00,SCA|NO3,mFRR,Not Specified,Not Specified,MARGINAL,110.0,69.93
24/04/2023 22:00:00 - 24/04/2023 23:00:00,SCA|NO3,mFRR,Not Specified,Not Specified,MARGINAL,109.0,60.84
24/04/2023 23:00:00 - 25/04/2023 00:00:00,SCA|NO3,mFRR,Not Specified,Not Specified,MARGINAL,81.0,45.89
25/04/2023 00:00:00 - 25/04/2023 01:00:00,SCA|NO3,mFRR,Not Specified,Not Specified,MARGINAL,78.56,58.56
25/04/2023 01:00:00 - 25/04/2023 02:00:00,SCA|NO3,mFRR,Not Specified,Not Specified,MARGINAL,50.27,50.27
25/04/2023 02:00:00 - 25/04/2023 03:00:00,SCA|NO3,mFRR,Not Specified,Not Specified,MARGINAL,46.11,46.11
25/04/2023 03:00:00 - 25/04/2023 04:00:00,SCA|NO3,mFRR,Not Specified,Not Specified,MARGINAL,46.69,46.69
25/04/2023 04:00:00 - 25/04/2023 05:00:00,SCA|NO3,mFRR,Not Specified,Not Specified,MARGINAL,48.21,48.21
25/04/2023 05:00:00 - 25/04/2023 06:00:00,SCA|NO3,mFRR,Not Specified,Not Specified,MARGINAL,50.3,50.3
25/04/2023 06:00:00 - 25/04/2023 07:00:00,SCA|NO3,mFRR,Not Specified,Not Specified,MARGINAL,72.0,58.5
25/04/2023 07:00:00 - 25/04/2023 08:00:00,SCA|NO3,mFRR,Not Specified,Not Specified,MARGINAL,114.5,71.73
25/04/2023 08:00:00 - 25/04/2023 09:00:00,SCA|NO3,mFRR,Not Specified,Not Specified,MARGINAL,114.5,72.81
25/04/2023 09:00:00 - 25/04/2023 10:00:00,SCA|NO3,mFRR,Not Specified,Not Specified,MARGINAL,109.5,58.54
25/04/2023 10:00:00 - 25/04/2023 11:00:00,SCA|NO3,mFRR,Not Specified,Not Specified,MARGINAL,109.0,58.54
25/04/2023 11:00:00 - 25/04/2023 12:00:00,SCA|NO3,mFRR,Not Specified,Not Specified,MARGINAL,108.5,58.51
25/04/2023 12:00:00 - 25/04/2023 13:00:00,SCA|NO3,mFRR,Not Specified,Not Specified,MARGINAL,91.0,58.54
25/04/2023 13:00:00 - 25/04/2023 14:00:00,SCA|NO3,mFRR,Not Specified,Not Specified,MARGINAL,91.5,58.58
25/04/2023 14:00:00 - 25/04/2023 15:00:00,SCA|NO3,mFRR,Not Specified,Not Specified,MARGINAL,96.61,58.73
25/04/2023 15:00:00 - 25/04/2023 16:00:00,SCA|NO3,mFRR,Not Specified,Not Specified,MARGINAL,96.6,58.74
25/04/2023 16:00:00 - 25/04/2023 17:00:00,SCA|NO3,mFRR,Not Specified,Not Specified,MARGINAL,81.0,59.97
25/04/2023 17:00:00 - 25/04/2023 18:00:00,SCA|NO3,mFRR,Not Specified,Not Specified,MARGINAL,81.0,63.72
25/04/2023 18:00:00 - 25/04/2023 19:00:00,SCA|NO3,mFRR,Not Specified,Not Specified,MARGINAL,64.15,64.15
25/04/2023 19:00:00 - 25/04/2023 20:00:00,SCA|NO3,mFRR,Not Specified,Not Specified,MARGINAL,64.87,64.87
25/04/2023 20:00:00 - 25/04/2023 21:00:00,SCA|NO3,mFRR,Not Specified,Not Specified,MARGINAL,65.06,65.06
25/04/2023 21:00:00 - 25/04/2023 22:00:00,SCA|NO3,mFRR,Not Specified,Not Specified,MARGINAL,90.0,66.94
25/04/2023 22:00:00 - 25/04/2023 23:00:00,SCA|NO3,mFRR,Not Specified,Not Specified,MARGINAL,89.66,69.75
25/04/2023 23:00:00 - 26/04/2023 00:00:00,SCA|NO3,mFRR,Not Specified,Not Specified,MARGINAL,89.02,68.81
26/04/2023 00:00:00 - 26/04/2023 01:00:00,SCA|NO3,mFRR,Not Specified,Not Specified,MARGINAL,92.23,70.42
26/04/2023 01:00:00 - 26/04/2023 02:00:00,SCA|NO3,mFRR,Not Specified,Not Specified,MARGINAL,66.2,66.2
26/04/2023 02:00:00 - 26/04/2023 03:00:00,SCA|NO3,mFRR,Not Specified,Not Specified,MARGINAL,66.65,66.65
26/04/2023 03:00:00 - 26/04/2023 04:00:00,SCA|NO3,mFRR,Not Specified,Not Specified,MARGINAL,80.0,67.28
26/04/2023 04:00:00 - 26/04/2023 05:00:00,SCA|NO3,mFRR,Not Specified,Not Specified,MARGINAL,90.0,70.76
26/04/2023 05:00:00 - 26/04/2023 06:00:00,SCA|NO3,mFRR,Not Specified,Not Specified,MARGINAL,90.0,79.91
26/04/2023 06:00:00 - 26/04/2023 07:00:00,SCA|NO3,mFRR,Not Specified,Not Specified,MARGINAL,130.0,93.78
26/04/2023 07:00:00 - 26/04/2023 08:00:00,SCA|NO3,mFRR,Not Specified,Not Specified,MARGINAL,251.0,108.97
26/04/2023 08:00:00 - 26/04/2023 09:00:00,SCA|NO3,mFRR,Not Specified,Not Specified,MARGINAL,251.0,108.84
26/04/2023 09:00:00 - 26/04/2023 10:00:00,SCA|NO3,mFRR,Not Specified,Not Specified,MARGINAL,118.5,75.5
26/04/2023 10:00:00 - 26/04/2023 11:00:00,SCA|NO3,mFRR,Not Specified,Not Specified,MARGINAL,94.99,71.0
26/04/2023 11:00:00 - 26/04/2023 12:00:00,SCA|NO3,mFRR,Not Specified,Not Specified,MARGINAL,97.8,70.0
26/04/2023 12:00:00 - 26/04/2023 13:00:00,SCA|NO3,mFRR,Not Specified,Not Specified,MARGINAL,93.01,59.0
26/04/2023 13:00:00 - 26/04/2023 14:00:00,SCA|NO3,mFRR,Not Specified,Not Specified,MARGINAL,93.29,59.0
26/04/2023 14:00:00 - 26/04/2023 15:00:00,SCA|NO3,mFRR,Not Specified,Not Specified,MARGINAL,85.42,59.0
26/04/2023 15:00:00 - 26/04/2023 16:00:00,SCA|NO3,mFRR,Not Specified,Not Specified,MARGINAL,71.09,68.0
26/04/2023 16:00:00 - 26/04/2023 17:00:00,SCA|NO3,mFRR,Not Specified,Not Specified,MARGINAL,70.93,69.5
26/04/2023 17:00:00 - 26/04/2023 18:00:00,SCA|NO3,mFRR,Not Specified,Not Specified,MARGINAL,70.47,70.47
26/04/2023 18:00:00 - 26/04/2023 19:00:00,SCA|NO3,mFRR,Not Specified,Not Specified,MARGINAL,104.89,70.92
26/04/2023 19:00:00 - 26/04/2023 20:00:00,SCA|NO3,mFRR,Not Specified,Not Specified,MARGINAL,105.0,74.61
26/04/2023 20:00:00 - 26/04/2023 21:00:00,SCA|NO3,mFRR,Not Specified,Not Specified,MARGINAL,124.1,76.38
26/04/2023 21:00:00 - 26/04/2023 22:00:00,SCA|NO3,mFRR,Not Specified,Not Specified,MARGINAL,158.0,76.31
26/04/2023 22:00:00 - 26/04/2023 23:00:00,SCA|NO3,mFRR,Not Specified,Not Specified,MARGINAL,158.0,67.3
26/04/2023 23:00:00 - 27/04/2023 00:00:00,SCA|NO3,mFRR,Not Specified,Not Specified,MARGINAL,119.5,54.04
27/04/2023 00:00:00 - 27/04/2023 01:00:00,SCA|NO3,mFRR,Not Specified,Not Specified,MARGINAL,113.64,81.0
27/04/2023 01:00:00 - 27/04/2023 02:00:00,SCA|NO3,mFRR,Not Specified,Not Specified,MARGINAL,90.86,74.0
27/04/2023 02:00:00 - 27/04/2023 03:00:00,SCA|NO3,mFRR,Not Specified,Not Specified,MARGINAL,87.02,68.0
27/04/2023 03:00:00 - 27/04/2023 04:00:00,SCA|NO3,mFRR,Not Specified,Not Specified,MARGINAL,86.11,68.5
27/04/2023 04:00:00 - 27/04/2023 05:00:00,SCA|NO3,mFRR,Not Specified,Not Specified,MARGINAL,85.87,68.5
27/04/2023 05:00:00 - 27/04/2023 06:00:00,SCA|NO3,mFRR,Not Specified,Not Specified,MARGINAL,99.92,68.5
27/04/2023 06:00:00 - 27/04/2023 07:00:00,SCA|NO3,mFRR,Not Specified,Not Specified,MARGINAL,116.86,80.0
27/04/2023 07:00:00 - 27/04/2023 08:00:00,SCA|NO3,mFRR,Not Specified,Not Specified,MARGINAL,144.0,142.75
27/04/2023 08:00:00 - 27/04/2023 09:00:00,SCA|NO3,mFRR,Not Specified,Not Specified,MARGINAL,133.0,90.5
27/04/2023 09:00:00 - 27/04/2023 10:00:00,SCA|NO3,mFRR,Not Specified,Not Specified,MARGINAL,105.36,65.36
27/04/2023 10:00:00 - 27/04/2023 11:00:00,SCA|NO3,mFRR,Not Specified,Not Specified,MARGINAL,96.33,62.0
27/04/2023 11:00:00 - 27/04/2023 12:00:00,SCA|NO3,mFRR,Not Specified,Not Specified,MARGINAL,93.69,62.0
27/04/2023 12:00:00 - 27/04/2023 13:00:00,SCA|NO3,mFRR,Not Specified,Not Specified,MARGINAL,90.55,70.0
27/04/2023 13:00:00 - 27/04/2023 14:00:00,SCA|NO3,mFRR,Not Specified,Not Specified,MARGINAL,89.91,70.0
27/04/2023 14:00:00 - 27/04/2023 15:00:00,SCA|NO3,mFRR,Not Specified,Not Specified,MARGINAL,90.32,64.0
27/04/2023 15:00:00 - 27/04/2023 16:00:00,SCA|NO3,mFRR,Not Specified,Not Specified,MARGINAL,88.9,60.0
27/04/2023 16:00:00 - 27/04/2023 17:00:00,SCA|NO3,mFRR,Not Specified,Not Specified,MARGINAL,88.76,50.0
27/04/2023 17:00:00 - 27/04/2023 18:00:00,SCA|NO3,mFRR,Not Specified,Not Specified,MARGINAL,97.82,67.0
27/04/2023 18:00:00 - 27/04/2023 19:00:00,SCA|NO3,mFRR,Not Specified,Not Specified,MARGINAL,106.3,67.0
27/04/2023 19:00:00 - 27/04/2023 20:00:00,SCA|NO3,mFRR,Not Specified,Not Specified,MARGINAL,102.42,70.0
27/04/2023 20:00:00 - 27/04/2023 21:00:00,SCA|NO3,mFRR,Not Specified,Not Specified,MARGINAL,96.42,88.0
27/04/2023 21:00:00 - 27/04/2023 22:00:00,SCA|NO3,mFRR,Not Specified,Not Specified,MARGINAL,96.83,96.83
27/04/2023 22:00:00 - 27/04/2023 23:00:00,SCA|NO3,mFRR,Not Specified,Not Specified,MARGINAL,99.0,97.36
27/04/2023 23:00:00 - 28/04/2023 00:00:00,SCA|NO3,mFRR,Not Specified,Not Specified,MARGINAL,98.5,91.0
28/04/2023 00:00:00 - 28/04/2023 01:00:00,SCA|NO3,mFRR,Not Specified,Not Specified,MARGINAL,80.1,80.1
28/04/2023 01:00:00 - 28/04/2023 02:00:00,SCA|NO3,mFRR,Not Specified,Not Specified,MARGINAL,95.51,75.97
28/04/2023 02:00:00 - 28/04/2023 03:00:00,SCA|NO3,mFRR,Not Specified,Not Specified,MARGINAL,95.59,75.17
28/04/2023 03:00:00 - 28/04/2023 04:00:00,SCA|NO3,mFRR,Not Specified,Not Specified,MARGINAL,105.0,79.98
28/04/2023 04:00:00 - 28/04/2023 05:00:00,SCA|NO3,mFRR,Not Specified,Not Specified,MARGINAL,105.0,87.37
28/04/2023 05:00:00 - 28/04/2023 06:00:00,SCA|NO3,mFRR,Not Specified,Not Specified,MARGINAL,100.5,95.16
28/04/2023 06:00:00 - 28/04/2023 07:00:00,SCA|NO3,mFRR,Not Specified,Not Specified,MARGINAL,107.97,107.97
28/04/2023 07:00:00 - 28/04/2023 08:00:00,SCA|NO3,mFRR,Not Specified,Not Specified,MARGINAL,135.0,119.98
28/04/2023 08:00:00 - 28/04/2023 09:00:00,SCA|NO3,mFRR,Not Specified,Not Specified,MARGINAL,135.0,126.81
28/04/2023 09:00:00 - 28/04/2023 10:00:00,SCA|NO3,mFRR,Not Specified,Not Specified,MARGINAL,117.19,117.19
28/04/2023 10:00:00 - 28/04/2023 11:00:00,SCA|NO3,mFRR,Not Specified,Not Specified,MARGINAL,109.67,109.67
28/04/2023 11:00:00 - 28/04/2023 12:00:00,SCA|NO3,mFRR,Not Specified,Not Specified,MARGINAL,114.0,106.17
28/04/2023 12:00:00 - 28/04/2023 13:00:00,SCA|NO3,mFRR,Not Specified,Not Specified,MARGINAL,116.0,102.05
28/04/2023 13:00:00 - 28/04/2023 14:00:00,SCA|NO3,mFRR,Not Specified,Not Specified,MARGINAL,110.5,93.09
28/04/2023 14:00:00 - 28/04/2023 15:00:00,SCA|NO3,mFRR,Not Specified,Not Specified,MARGINAL,110.5,90.19
28/04/2023 15:00:00 - 28/04/2023 16:00:00,SCA|NO3,mFRR,Not Specified,Not Specified,MARGINAL,110.0,89.0
28/04/2023 16:00:00 - 28/04/2023 17:00:00,SCA|NO3,mFRR,Not Specified,Not Specified,MARGINAL,108.0,90.61
28/04/2023 17:00:00 - 28/04/2023 18:00:00,SCA|NO3,mFRR,Not Specified,Not Specified,MARGINAL,108.0,99.17
28/04/2023 18:00:00 - 28/04/2023 19:00:00,SCA|NO3,mFRR,Not Specified,Not Specified,MARGINAL,103.4,103.4
28/04/2023 19:00:00 - 28/04/2023 20:00:00,SCA|NO3,mFRR,Not Specified,Not Specified,MARGINAL,118.0,98.83
28/04/2023 20:00:00 - 28/04/2023 21:00:00,SCA|NO3,mFRR,Not Specified,Not Specified,MARGINAL,120.0,96.83
28/04/2023 21:00:00 - 28/04/2023 22:00:00,SCA|NO3,mFRR,Not Specified,Not Specified,MARGINAL,154.37,105.55
28/04/2023 22:00:00 - 28/04/2023 23:00:00,SCA|NO3,mFRR,Not Specified,Not Specified,MARGINAL,124.0,94.95
28/04/2023 23:00:00 - 29/04/2023 00:00:00,SCA|NO3,mFRR,Not Specified,Not Specified,MARGINAL,100.0,88.29
29/04/2023 00:00:00 - 29/04/2023 01:00:00,SCA|NO3,mFRR,Not Specified,Not Specified,MARGINAL,100.0,89.57
29/04/2023 01:00:00 - 29/04/2023 02:00:00,SCA|NO3,mFRR,Not Specified,Not Specified,MARGINAL,100.0,88.39
29/04/2023 02:00:00 - 29/04/2023 03:00:00,SCA|NO3,mFRR,Not Specified,Not Specified,MARGINAL,98.0,86.57
29/04/2023 03:00:00 - 29/04/2023 04:00:00,SCA|NO3,mFRR,Not Specified,Not Specified,MARGINAL,92.5,86.39
29/04/2023 04:00:00 - 29/04/2023 05:00:00,SCA|NO3,mFRR,Not Specified,Not Specified,MARGINAL,92.0,85.61
29/04/2023 05:00:00 - 29/04/2023 06:00:00,SCA|NO3,mFRR,Not Specified,Not Specified,MARGINAL,92.0,84.5
29/04/2023 06:00:00 - 29/04/2023 07:00:00,SCA|NO3,mFRR,Not Specified,Not Specified,MARGINAL,85.19,84.69
29/04/2023 07:00:00 - 29/04/2023 08:00:00,SCA|NO3,mFRR,Not Specified,Not Specified,MARGINAL,88.24,88.24
29/04/2023 08:00:00 - 29/04/2023 09:00:00,SCA|NO3,mFRR,Not Specified,Not Specified,MARGINAL,100.0,89.28
29/04/2023 09:00:00 - 29/04/2023 10:00:00,SCA|NO3,mFRR,Not Specified,Not Specified,MARGINAL,108.12,89.69
29/04/2023 10:00:00 - 29/04/2023 11:00:00,SCA|NO3,mFRR,Not Specified,Not Specified,MARGINAL,104.69,82.37
29/04/2023 11:00:00 - 29/04/2023 12:00:00,SCA|NO3,mFRR,Not Specified,Not Specified,MARGINAL,76.51,60.0
29/04/2023 12:00:00 - 29/04/2023 13:00:00,SCA|NO3,mFRR,Not Specified,Not Specified,MARGINAL,64.37,45.0
29/04/2023 13:00:00 - 29/04/2023 14:00:00,SCA|NO3,mFRR,Not Specified,Not Specified,MARGINAL,47.76,45.0
29/04/2023 14:00:00 - 29/04/2023 15:00:00,SCA|NO3,mFRR,Not Specified,Not Specified,MARGINAL,42.43,39.8
29/04/2023 15:00:00 - 29/04/2023 16:00:00,SCA|NO3,mFRR,Not Specified,Not Specified,MARGINAL,40.53,25.0
29/04/2023 16:00:00 - 29/04/2023 17:00:00,SCA|NO3,mFRR,Not Specified,Not Specified,MARGINAL,42.47,20.0
29/04/2023 17:00:00 - 29/04/2023 18:00:00,SCA|NO3,mFRR,Not Specified,Not Specified,MARGINAL,42.76,22.81
29/04/2023 18:00:00 - 29/04/2023 19:00:00,SCA|NO3,mFRR,Not Specified,Not Specified,MARGINAL,47.48,27.44
29/04/2023 19:00:00 - 29/04/2023 20:00:00,SCA|NO3,mFRR,Not Specified,Not Specified,MARGINAL,45.34,35.0
29/04/2023 20:00:00 - 29/04/2023 21:00:00,SCA|NO3,mFRR,Not Specified,Not Specified,MARGINAL,43.93,43.93
29/04/2023 21:00:00 - 29/04/2023 22:00:00,SCA|NO3,mFRR,Not Specified,Not Specified,MARGINAL,50.0,41.36
29/04/2023 22:00:00 - 29/04/2023 23:00:00,SCA|NO3,mFRR,Not Specified,Not Specified,MARGINAL,65.0,29.95
29/04/2023 23:00:00 - 30/04/2023 00:00:00,SCA|NO3,mFRR,Not Specified,Not Specified,MARGINAL,50.0,25.48
30/04/2023 00:00:00 - 30/04/2023 01:00:00,SCA|NO3,mFRR,Not Specified,Not Specified,MARGINAL,50.0,28.25
30/04/2023 01:00:00 - 30/04/2023 02:00:00,SCA|NO3,mFRR,Not Specified,Not Specified,MARGINAL,41.0,27.88
30/04/2023 02:00:00 - 30/04/2023 03:00:00,SCA|NO3,mFRR,Not Specified,Not Specified,MARGINAL,41.0,26.7
30/04/2023 03:00:00 - 30/04/2023 04:00:00,SCA|NO3,mFRR,Not Specified,Not Specified,MARGINAL,41.0,26.35
30/04/2023 04:00:00 - 30/04/2023 05:00:00,SCA|NO3,mFRR,Not Specified,Not Specified,MARGINAL,37.5,26.51
30/04/2023 05:00:00 - 30/04/2023 06:00:00,SCA|NO3,mFRR,Not Specified,Not Specified,MARGINAL,26.09,26.09
30/04/2023 06:00:00 - 30/04/2023 07:00:00,SCA|NO3,mFRR,Not Specified,Not Specified,MARGINAL,26.85,26.85
30/04/2023 07:00:00 - 30/04/2023 08:00:00,SCA|NO3,mFRR,Not Specified,Not Specified,MARGINAL,27.98,27.98
30/04/2023 08:00:00 - 30/04/2023 09:00:00,SCA|NO3,mFRR,Not Specified,Not Specified,MARGINAL,31.27,31.27
30/04/2023 09:00:00 - 30/04/2023 10:00:00,SCA|NO3,mFRR,Not Specified,Not Specified,MARGINAL,30.31,30.31
30/04/2023 10:00:00 - 30/04/2023 11:00:00,SCA|NO3,mFRR,Not Specified,Not Specified,MARGINAL,26.8,8.0
30/04/2023 11:00:00 - 30/04/2023 12:00:00,SCA|NO3,mFRR,Not Specified,Not Specified,MARGINAL,18.73,0.0
30/04/2023 12:00:00 - 30/04/2023 13:00:00,SCA|NO3,mFRR,Not Specified,Not Specified,MARGINAL,18.92,5.0
30/04/2023 13:00:00 - 30/04/2023 14:00:00,SCA|NO3,mFRR,Not Specified,Not Specified,MARGINAL,17.78,1.0
30/04/2023 14:00:00 - 30/04/2023 15:00:00,SCA|NO3,mFRR,Not Specified,Not Specified,MARGINAL,17.75,-3.5
30/04/2023 15:00:00 - 30/04/2023 16:00:00,SCA|NO3,mFRR,Not Specified,Not Specified,MARGINAL,17.75,-3.5
30/04/2023 16:00:00 - 30/04/2023 17:00:00,SCA|NO3,mFRR,Not Specified,Not Specified,MARGINAL,17.63,-3.0
30/04/2023 17:00:00 - 30/04/2023 18:00:00,SCA|NO3,mFRR,Not Specified,Not Specified,MARGINAL,32.09,15.0
30/04/2023 18:00:00 - 30/04/2023 19:00:00,SCA|NO3,mFRR,Not Specified,Not Specified,MARGINAL,38.9,0.0
30/04/2023 19:00:00 - 30/04/2023 20:00:00,SCA|NO3,mFRR,Not Specified,Not Specified,MARGINAL,40.29,0.0
30/04/2023 20:00:00 - 30/04/2023 21:00:00,SCA|NO3,mFRR,Not Specified,Not Specified,MARGINAL,38.65,0.0
30/04/2023 21:00:00 - 30/04/2023 22:00:00,SCA|NO3,mFRR,Not Specified,Not Specified,MARGINAL,38.63,8.5
30/04/2023 22:00:00 - 30/04/2023 23:00:00,SCA|NO3,mFRR,Not Specified,Not Specified,MARGINAL,34.05,22.0
30/04/2023 23:00:00 - 01/05/2023 00:00:00,SCA|NO3,mFRR,Not Specified,Not Specified,MARGINAL,31.51,22.0
01/05/2023 00:00:00 - 01/05/2023 01:00:00,SCA|NO3,mFRR,Not Specified,Not Specified,MARGINAL,31.49,31.49
01/05/2023 01:00:00 - 01/05/2023 02:00:00,SCA|NO3,mFRR,Not Specified,Not Specified,MARGINAL,34.02,34.02
01/05/2023 02:00:00 - 01/05/2023 03:00:00,SCA|NO3,mFRR,Not Specified,Not Specified,MARGINAL,36.69,36.69
01/05/2023 03:00:00 - 01/05/2023 04:00:00,SCA|NO3,mFRR,Not Specified,Not Specified,MARGINAL,39.89,39.89
01/05/2023 04:00:00 - 01/05/2023 05:00:00,SCA|NO3,mFRR,Not Specified,Not Specified,MARGINAL,42.55,42.55
01/05/2023 05:00:00 - 01/05/2023 06:00:00,SCA|NO3,mFRR,Not Specified,Not Specified,MARGINAL,66.0,44.83
01/05/2023 06:00:00 - 01/05/2023 07:00:00,SCA|NO3,mFRR,Not Specified,Not Specified,MARGINAL,95.0,47.89
01/05/2023 07:00:00 - 01/05/2023 08:00:00,SCA|NO3,mFRR,Not Specified,Not Specified,MARGINAL,109.5,56.11
01/05/2023 08:00:00 - 01/05/2023 09:00:00,SCA|NO3,mFRR,Not Specified,Not Specified,MARGINAL,105.0,65.55
01/05/2023 09:00:00 - 01/05/2023 10:00:00,SCA|NO3,mFRR,Not Specified,Not Specified,MARGINAL,66.61,66.61
01/05/2023 10:00:00 - 01/05/2023 11:00:00,SCA|NO3,mFRR,Not Specified,Not Specified,MARGINAL,69.17,69.17
01/05/2023 11:00:00 - 01/05/2023 12:00:00,SCA|NO3,mFRR,Not Specified,Not Specified,MARGINAL,64.6,28.18
01/05/2023 12:00:00 - 01/05/2023 13:00:00,SCA|NO3,mFRR,Not Specified,Not Specified,MARGINAL,65.0,18.0
01/05/2023 13:00:00 - 01/05/2023 14:00:00,SCA|NO3,mFRR,Not Specified,Not Specified,MARGINAL,60.1,23.0
01/05/2023 14:00:00 - 01/05/2023 15:00:00,SCA|NO3,mFRR,Not Specified,Not Specified,MARGINAL,59.52,59.52
01/05/2023 15:00:00 - 01/05/2023 16:00:00,SCA|NO3,mFRR,Not Specified,Not Specified,MARGINAL,80.0,59.92
01/05/2023 16:00:00 - 01/05/2023 17:00:00,SCA|NO3,mFRR,Not Specified,Not Specified,MARGINAL,80.0,51.96
01/05/2023 17:00:00 - 01/05/2023 18:00:00,SCA|NO3,mFRR,Not Specified,Not Specified,MARGINAL,81.57,65.71
01/05/2023 18:00:00 - 01/05/2023 19:00:00,SCA|NO3,mFRR,Not Specified,Not Specified,MARGINAL,80.0,75.04
01/05/2023 19:00:00 - 01/05/2023 20:00:00,SCA|NO3,mFRR,Not Specified,Not Specified,MARGINAL,76.43,76.43
01/05/2023 20:00:00 - 01/05/2023 21:00:00,SCA|NO3,mFRR,Not Specified,Not Specified,MARGINAL,75.04,75.04
01/05/2023 21:00:00 - 01/05/2023 22:00:00,SCA|NO3,mFRR,Not Specified,Not Specified,MARGINAL,72.37,72.37
01/05/2023 22:00:00 - 01/05/2023 23:00:00,SCA|NO3,mFRR,Not Specified,Not Specified,MARGINAL,64.42,64.42
01/05/2023 23:00:00 - 02/05/2023 00:00:00,SCA|NO3,mFRR,Not Specified,Not Specified,MARGINAL,57.25,57.25
02/05/2023 00:00:00 - 02/05/2023 01:00:00,SCA|NO3,mFRR,Not Specified,Not Specified,MARGINAL,69.62,69.0
02/05/2023 01:00:00 - 02/05/2023 02:00:00,SCA|NO3,mFRR,Not Specified,Not Specified,MARGINAL,65.18,64.68
02/05/2023 02:00:00 - 02/05/2023 03:00:00,SCA|NO3,mFRR,Not Specified,Not Specified,MARGINAL,61.48,50.0
02/05/2023 03:00:00 - 02/05/2023 04:00:00,SCA|NO3,mFRR,Not Specified,Not Specified,MARGINAL,62.12,50.0
02/05/2023 04:00:00 - 02/05/2023 05:00:00,SCA|NO3,mFRR,Not Specified,Not Specified,MARGINAL,70.01,45.0
02/05/2023 05:00:00 - 02/05/2023 06:00:00,SCA|NO3,mFRR,Not Specified,Not Specified,MARGINAL,73.7,37.88
02/05/2023 06:00:00 - 02/05/2023 07:00:00,SCA|NO3,mFRR,Not Specified,Not Specified,MARGINAL,100.22,37.88
02/05/2023 07:00:00 - 02/05/2023 08:00:00,SCA|NO3,mFRR,Not Specified,Not Specified,MARGINAL,123.34,37.88
02/05/2023 08:00:00 - 02/05/2023 09:00:00,SCA|NO3,mFRR,Not Specified,Not Specified,MARGINAL,130.97,130.97
02/05/2023 09:00:00 - 02/05/2023 10:00:00,SCA|NO3,mFRR,Not Specified,Not Specified,MARGINAL,119.42,119.42
02/05/2023 10:00:00 - 02/05/2023 11:00:00,SCA|NO3,mFRR,Not Specified,Not Specified,MARGINAL,112.0,112.0
02/05/2023 11:00:00 - 02/05/2023 12:00:00,SCA|NO3,mFRR,Not Specified,Not Specified,MARGINAL,105.82,60.0
02/05/2023 12:00:00 - 02/05/2023 13:00:00,SCA|NO3,mFRR,Not Specified,Not Specified,MARGINAL,96.13,60.0
02/05/2023 13:00:00 - 02/05/2023 14:00:00,SCA|NO3,mFRR,Not Specified,Not Specified,MARGINAL,91.99,22.5
02/05/2023 14:00:00 - 02/05/2023 15:00:00,SCA|NO3,mFRR,Not Specified,Not Specified,MARGINAL,86.18,22.5
02/05/2023 15:00:00 - 02/05/2023 16:00:00,SCA|NO3,mFRR,Not Specified,Not Specified,MARGINAL,80.36,31.0
02/05/2023 16:00:00 - 02/05/2023 17:00:00,SCA|NO3,mFRR,Not Specified,Not Specified,MARGINAL,84.83,25.0
02/05/2023 17:00:00 - 02/05/2023 18:00:00,SCA|NO3,mFRR,Not Specified,Not Specified,MARGINAL,92.17,40.0
02/05/2023 18:00:00 - 02/05/2023 19:00:00,SCA|NO3,mFRR,Not Specified,Not Specified,MARGINAL,106.71,30.0
02/05/2023 19:00:00 - 02/05/2023 20:00:00,SCA|NO3,mFRR,Not Specified,Not Specified,MARGINAL,103.4,30.0
02/05/2023 20:00:00 - 02/05/2023 21:00:00,SCA|NO3,mFRR,Not Specified,Not Specified,MARGINAL,91.38,30.0
02/05/2023 21:00:00 - 02/05/2023 22:00:00,SCA|NO3,mFRR,Not Specified,Not Specified,MARGINAL,71.73,25.0
02/05/2023 22:00:00 - 02/05/2023 23:00:00,SCA|NO3,mFRR,Not Specified,Not Specified,MARGINAL,60.98,1.0
02/05/2023 23:00:00 - 03/05/2023 00:00:00,SCA|NO3,mFRR,Not Specified,Not Specified,MARGINAL,63.93,1.0
03/05/2023 00:00:00 - 03/05/2023 01:00:00,SCA|NO3,mFRR,Not Specified,Not Specified,MARGINAL,49.92,3.5
03/05/2023 01:00:00 - 03/05/2023 02:00:00,SCA|NO3,mFRR,Not Specified,Not Specified,MARGINAL,49.94,13.5
03/05/2023 02:00:00 - 03/05/2023 03:00:00,SCA|NO3,mFRR,Not Specified,Not Specified,MARGINAL,63.96,63.96
03/05/2023 03:00:00 - 03/05/2023 04:00:00,SCA|NO3,mFRR,Not Specified,Not Specified,MARGINAL,70.43,70.43
03/05/2023 04:00:00 - 03/05/2023 05:00:00,SCA|NO3,mFRR,Not Specified,Not Specified,MARGINAL,70.86,70.86
03/05/2023 05:00:00 - 03/05/2023 06:00:00,SCA|NO3,mFRR,Not Specified,Not Specified,MARGINAL,75.09,75.09
03/05/2023 06:00:00 - 03/05/2023 07:00:00,SCA|NO3,mFRR,Not Specified,Not Specified,MARGINAL,80.55,29.5
03/05/2023 07:00:00 - 03/05/2023 08:00:00,SCA|NO3,mFRR,Not Specified,Not Specified,MARGINAL,91.11,41.0
03/05/2023 08:00:00 - 03/05/2023 09:00:00,SCA|NO3,mFRR,Not Specified,Not Specified,MARGINAL,97.53,25.0
03/05/2023 09:00:00 - 03/05/2023 10:00:00,SCA|NO3,mFRR,Not Specified,Not Specified,,,
03/05/2023 10:00:00 - 03/05/2023 11:00:00,SCA|NO3,mFRR,Not Specified,Not Specified,MARGINAL,90.57,17.0
03/05/2023 11:00:00 - 03/05/2023 12:00:00,SCA|NO3,mFRR,Not Specified,Not Specified,MARGINAL,86.85,13.5
03/05/2023 12:00:00 - 03/05/2023 13:00:00,SCA|NO3,mFRR,Not Specified,Not Specified,MARGINAL,80.16,20.0
03/05/2023 13:00:00 - 03/05/2023 14:00:00,SCA|NO3,mFRR,Not Specified,Not Specified,MARGINAL,82.41,28.0
03/05/2023 14:00:00 - 03/05/2023 15:00:00,SCA|NO3,mFRR,Not Specified,Not Specified,MARGINAL,77.53,77.53
03/05/2023 15:00:00 - 03/05/2023 16:00:00,SCA|NO3,mFRR,Not Specified,Not Specified,MARGINAL,75.06,75.06
03/05/2023 16:00:00 - 03/05/2023 17:00:00,SCA|NO3,mFRR,Not Specified,Not Specified,MARGINAL,75.01,75.01
03/05/2023 17:00:00 - 03/05/2023 18:00:00,SCA|NO3,mFRR,Not Specified,Not Specified,MARGINAL,73.67,73.67
03/05/2023 18:00:00 - 03/05/2023 19:00:00,SCA|NO3,mFRR,Not Specified,Not Specified,MARGINAL,73.98,28.0
03/05/2023 19:00:00 - 03/05/2023 20:00:00,SCA|NO3,mFRR,Not Specified,Not Specified,MARGINAL,80.03,28.0
03/05/2023 20:00:00 - 03/05/2023 21:00:00,SCA|NO3,mFRR,Not Specified,Not Specified,MARGINAL,82.3,28.0
03/05/2023 21:00:00 - 03/05/2023 22:00:00,SCA|NO3,mFRR,Not Specified,Not Specified,MARGINAL,84.34,41.59
03/05/2023 22:00:00 - 03/05/2023 23:00:00,SCA|NO3,mFRR,Not Specified,Not Specified,MARGINAL,81.13,78.52
03/05/2023 23:00:00 - 04/05/2023 00:00:00,SCA|NO3,mFRR,Not Specified,Not Specified,MARGINAL,77.45,24.5
04/05/2023 00:00:00 - 04/05/2023 01:00:00,SCA|NO3,mFRR,Not Specified,Not Specified,MARGINAL,74.25,25.0
04/05/2023 01:00:00 - 04/05/2023 02:00:00,SCA|NO3,mFRR,Not Specified,Not Specified,MARGINAL,72.65,40.0
04/05/2023 02:00:00 - 04/05/2023 03:00:00,SCA|NO3,mFRR,Not Specified,Not Specified,MARGINAL,72.64,72.64
04/05/2023 03:00:00 - 04/05/2023 04:00:00,SCA|NO3,mFRR,Not Specified,Not Specified,MARGINAL,72.64,72.64
04/05/2023 04:00:00 - 04/05/2023 05:00:00,SCA|NO3,mFRR,Not Specified,Not Specified,MARGINAL,72.66,35.0
04/05/2023 05:00:00 - 04/05/2023 06:00:00,SCA|NO3,mFRR,Not Specified,Not Specified,MARGINAL,76.54,35.0
04/05/2023 06:00:00 - 04/05/2023 07:00:00,SCA|NO3,mFRR,Not Specified,Not Specified,MARGINAL,101.46,35.0
04/05/2023 07:00:00 - 04/05/2023 08:00:00,SCA|NO3,mFRR,Not Specified,Not Specified,MARGINAL,124.85,124.85
04/05/2023 08:00:00 - 04/05/2023 09:00:00,SCA|NO3,mFRR,Not Specified,Not Specified,MARGINAL,117.3,117.3
04/05/2023 09:00:00 - 04/05/2023 10:00:00,SCA|NO3,mFRR,Not Specified,Not Specified,MARGINAL,104.42,85.0
04/05/2023 10:00:00 - 04/05/2023 11:00:00,SCA|NO3,mFRR,Not Specified,Not Specified,MARGINAL,90.0,76.5
04/05/2023 11:00:00 - 04/05/2023 12:00:00,SCA|NO3,mFRR,Not Specified,Not Specified,MARGINAL,82.15,73.0
04/05/2023 12:00:00 - 04/05/2023 13:00:00,SCA|NO3,mFRR,Not Specified,Not Specified,MARGINAL,74.58,60.0
04/05/2023 13:00:00 - 04/05/2023 14:00:00,SCA|NO3,mFRR,Not Specified,Not Specified,MARGINAL,72.67,35.0
04/05/2023 14:00:00 - 04/05/2023 15:00:00,SCA|NO3,mFRR,Not Specified,Not Specified,MARGINAL,72.67,35.0
04/05/2023 15:00:00 - 04/05/2023 16:00:00,SCA|NO3,mFRR,Not Specified,Not Specified,MARGINAL,79.16,41.46
04/05/2023 16:00:00 - 04/05/2023 17:00:00,SCA|NO3,mFRR,Not Specified,Not Specified,MARGINAL,82.02,79.02
04/05/2023 17:00:00 - 04/05/2023 18:00:00,SCA|NO3,mFRR,Not Specified,Not Specified,MARGINAL,109.0,98.99
04/05/2023 18:00:00 - 04/05/2023 19:00:00,SCA|NO3,mFRR,Not Specified,Not Specified,MARGINAL,106.18,93.5
04/05/2023 19:00:00 - 04/05/2023 20:00:00,SCA|NO3,mFRR,Not Specified,Not Specified,MARGINAL,114.74,93.5
04/05/2023 20:00:00 - 04/05/2023 21:00:00,SCA|NO3,mFRR,Not Specified,Not Specified,MARGINAL,116.99,116.99
04/05/2023 21:00:00 - 04/05/2023 22:00:00,SCA|NO3,mFRR,Not Specified,Not Specified,MARGINAL,113.7,110.7
04/05/2023 22:00:00 - 04/05/2023 23:00:00,SCA|NO3,mFRR,Not Specified,Not Specified,MARGINAL,111.0,101.89
04/05/2023 23:00:00 - 05/05/2023 00:00:00,SCA|NO3,mFRR,Not Specified,Not Specified,MARGINAL,89.56,89.56
05/05/2023 00:00:00 - 05/05/2023 01:00:00,SCA|NO3,mFRR,Not Specified,Not Specified,MARGINAL,81.89,81.89
05/05/2023 01:00:00 - 05/05/2023 02:00:00,SCA|NO3,mFRR,Not Specified,Not Specified,MARGINAL,77.05,77.05
05/05/2023 02:00:00 - 05/05/2023 03:00:00,SCA|NO3,mFRR,Not Specified,Not Specified,MARGINAL,76.05,76.05
05/05/2023 03:00:00 - 05/05/2023 04:00:00,SCA|NO3,mFRR,Not Specified,Not Specified,MARGINAL,76.97,76.97
05/05/2023 04:00:00 - 05/05/2023 05:00:00,SCA|NO3,mFRR,Not Specified,Not Specified,MARGINAL,76.32,76.32
05/05/2023 05:00:00 - 05/05/2023 06:00:00,SCA|NO3,mFRR,Not Specified,Not Specified,MARGINAL,85.42,85.42
05/05/2023 06:00:00 - 05/05/2023 07:00:00,SCA|NO3,mFRR,Not Specified,Not Specified,MARGINAL,102.0,94.02
05/05/2023 07:00:00 - 05/05/2023 08:00:00,SCA|NO3,mFRR,Not Specified,Not Specified,MARGINAL,106.94,101.94
05/05/2023 08:00:00 - 05/05/2023 09:00:00,SCA|NO3,mFRR,Not Specified,Not Specified,MARGINAL,96.01,76.0
05/05/2023 09:00:00 - 05/05/2023 10:00:00,SCA|NO3,mFRR,Not Specified,Not Specified,MARGINAL,90.65,63.5
05/05/2023 10:00:00 - 05/05/2023 11:00:00,SCA|NO3,mFRR,Not Specified,Not Specified,MARGINAL,87.95,61.0
05/05/2023 11:00:00 - 05/05/2023 12:00:00,SCA|NO3,mFRR,Not Specified,Not Specified,MARGINAL,82.06,61.0
05/05/2023 12:00:00 - 05/05/2023 13:00:00,SCA|NO3,mFRR,Not Specified,Not Specified,MARGINAL,77.58,77.58
05/05/2023 13:00:00 - 05/05/2023 14:00:00,SCA|NO3,mFRR,Not Specified,Not Specified,MARGINAL,76.74,45.0
05/05/2023 14:00:00 - 05/05/2023 15:00:00,SCA|NO3,mFRR,Not Specified,Not Specified,MARGINAL,77.01,39.25
05/05/2023 15:00:00 - 05/05/2023 16:00:00,SCA|NO3,mFRR,Not Specified,Not Specified,MARGINAL,79.13,45.0
05/05/2023 16:00:00 - 05/05/2023 17:00:00,SCA|NO3,mFRR,Not Specified,Not Specified,MARGINAL,84.4,39.78
05/05/2023 17:00:00 - 05/05/2023 18:00:00,SCA|NO3,mFRR,Not Specified,Not Specified,MARGINAL,80.99,40.0
05/05/2023 18:00:00 - 05/05/2023 19:00:00,SCA|NO3,mFRR,Not Specified,Not Specified,MARGINAL,81.0,65.0
05/05/2023 19:00:00 - 05/05/2023 20:00:00,SCA|NO3,mFRR,Not Specified,Not Specified,MARGINAL,80.93,65.0
05/05/2023 20:00:00 - 05/05/2023 21:00:00,SCA|NO3,mFRR,Not Specified,Not Specified,MARGINAL,80.17,65.0
05/05/2023 21:00:00 - 05/05/2023 22:00:00,SCA|NO3,mFRR,Not Specified,Not Specified,MARGINAL,83.74,65.0
05/05/2023 22:00:00 - 05/05/2023 23:00:00,SCA|NO3,mFRR,Not Specified,Not Specified,MARGINAL,78.12,36.95
05/05/2023 23:00:00 - 06/05/2023 00:00:00,SCA|NO3,mFRR,Not Specified,Not Specified,MARGINAL,72.65,39.14
06/05/2023 00:00:00 - 06/05/2023 01:00:00,SCA|NO3,mFRR,Not Specified,Not Specified,MARGINAL,67.99,27.5
06/05/2023 01:00:00 - 06/05/2023 02:00:00,SCA|NO3,mFRR,Not Specified,Not Specified,MARGINAL,63.89,27.04
06/05/2023 02:00:00 - 06/05/2023 03:00:00,SCA|NO3,mFRR,Not Specified,Not Specified,MARGINAL,62.91,28.0
06/05/2023 03:00:00 - 06/05/2023 04:00:00,SCA|NO3,mFRR,Not Specified,Not Specified,MARGINAL,64.84,28.0
06/05/2023 04:00:00 - 06/05/2023 05:00:00,SCA|NO3,mFRR,Not Specified,Not Specified,MARGINAL,65.61,34.0
06/05/2023 05:00:00 - 06/05/2023 06:00:00,SCA|NO3,mFRR,Not Specified,Not Specified,MARGINAL,69.35,34.0
06/05/2023 06:00:00 - 06/05/2023 07:00:00,SCA|NO3,mFRR,Not Specified,Not Specified,MARGINAL,74.09,34.0
06/05/2023 07:00:00 - 06/05/2023 08:00:00,SCA|NO3,mFRR,Not Specified,Not Specified,MARGINAL,77.19,34.0
06/05/2023 08:00:00 - 06/05/2023 09:00:00,SCA|NO3,mFRR,Not Specified,Not Specified,MARGINAL,84.6,63.5
06/05/2023 09:00:00 - 06/05/2023 10:00:00,SCA|NO3,mFRR,Not Specified,Not Specified,MARGINAL,79.34,45.0
06/05/2023 10:00:00 - 06/05/2023 11:00:00,SCA|NO3,mFRR,Not Specified,Not Specified,MARGINAL,77.79,45.0
06/05/2023 11:00:00 - 06/05/2023 12:00:00,SCA|NO3,mFRR,Not Specified,Not Specified,MARGINAL,72.63,23.0
06/05/2023 12:00:00 - 06/05/2023 13:00:00,SCA|NO3,mFRR,Not Specified,Not Specified,MARGINAL,70.31,19.0
06/05/2023 13:00:00 - 06/05/2023 14:00:00,SCA|NO3,mFRR,Not Specified,Not Specified,MARGINAL,67.02,19.0
06/05/2023 14:00:00 - 06/05/2023 15:00:00,SCA|NO3,mFRR,Not Specified,Not Specified,MARGINAL,66.48,19.0
06/05/2023 15:00:00 - 06/05/2023 16:00:00,SCA|NO3,mFRR,Not Specified,Not Specified,MARGINAL,66.44,23.0
06/05/2023 16:00:00 - 06/05/2023 17:00:00,SCA|NO3,mFRR,Not Specified,Not Specified,MARGINAL,72.85,31.5
06/05/2023 17:00:00 - 06/05/2023 18:00:00,SCA|NO3,mFRR,Not Specified,Not Specified,MARGINAL,77.96,36.0
06/05/2023 18:00:00 - 06/05/2023 19:00:00,SCA|NO3,mFRR,Not Specified,Not Specified,MARGINAL,81.59,36.0
06/05/2023 19:00:00 - 06/05/2023 20:00:00,SCA|NO3,mFRR,Not Specified,Not Specified,MARGINAL,95.0,55.0
06/05/2023 20:00:00 - 06/05/2023 21:00:00,SCA|NO3,mFRR,Not Specified,Not Specified,MARGINAL,95.0,82.75
06/05/2023 21:00:00 - 06/05/2023 22:00:00,SCA|NO3,mFRR,Not Specified,Not Specified,MARGINAL,78.47,78.47
06/05/2023 22:00:00 - 06/05/2023 23:00:00,SCA|NO3,mFRR,Not Specified,Not Specified,MARGINAL,78.38,78.38
06/05/2023 23:00:00 - 07/05/2023 00:00:00,SCA|NO3,mFRR,Not Specified,Not Specified,MARGINAL,73.15,73.15
07/05/2023 00:00:00 - 07/05/2023 01:00:00,SCA|NO3,mFRR,Not Specified,Not Specified,MARGINAL,61.35,61.35
07/05/2023 01:00:00 - 07/05/2023 02:00:00,SCA|NO3,mFRR,Not Specified,Not Specified,MARGINAL,74.5,61.78
07/05/2023 02:00:00 - 07/05/2023 03:00:00,SCA|NO3,mFRR,Not Specified,Not Specified,MARGINAL,61.67,61.67
07/05/2023 03:00:00 - 07/05/2023 04:00:00,SCA|NO3,mFRR,Not Specified,Not Specified,MARGINAL,62.05,62.05
07/05/2023 04:00:00 - 07/05/2023 05:00:00,SCA|NO3,mFRR,Not Specified,Not Specified,MARGINAL,63.68,63.68
07/05/2023 05:00:00 - 07/05/2023 06:00:00,SCA|NO3,mFRR,Not Specified,Not Specified,MARGINAL,64.52,40.0
07/05/2023 06:00:00 - 07/05/2023 07:00:00,SCA|NO3,mFRR,Not Specified,Not Specified,MARGINAL,66.01,40.0
07/05/2023 07:00:00 - 07/05/2023 08:00:00,SCA|NO3,mFRR,Not Specified,Not Specified,MARGINAL,78.41,78.41
07/05/2023 08:00:00 - 07/05/2023 09:00:00,SCA|NO3,mFRR,Not Specified,Not Specified,MARGINAL,91.06,75.87
07/05/2023 09:00:00 - 07/05/2023 10:00:00,SCA|NO3,mFRR,Not Specified,Not Specified,MARGINAL,91.06,67.6
07/05/2023 10:00:00 - 07/05/2023 11:00:00,SCA|NO3,mFRR,Not Specified,Not Specified,MARGINAL,91.06,62.91
07/05/2023 11:00:00 - 07/05/2023 12:00:00,SCA|NO3,mFRR,Not Specified,Not Specified,MARGINAL,64.26,30.0
07/05/2023 12:00:00 - 07/05/2023 13:00:00,SCA|NO3,mFRR,Not Specified,Not Specified,MARGINAL,63.43,29.0
07/05/2023 13:00:00 - 07/05/2023 14:00:00,SCA|NO3,mFRR,Not Specified,Not Specified,MARGINAL,61.4,20.5
07/05/2023 14:00:00 - 07/05/2023 15:00:00,SCA|NO3,mFRR,Not Specified,Not Specified,MARGINAL,55.82,20.5
07/05/2023 15:00:00 - 07/05/2023 16:00:00,SCA|NO3,mFRR,Not Specified,Not Specified,MARGINAL,54.91,33.0
07/05/2023 16:00:00 - 07/05/2023 17:00:00,SCA|NO3,mFRR,Not Specified,Not Specified,MARGINAL,56.62,32.0
07/05/2023 17:00:00 - 07/05/2023 18:00:00,SCA|NO3,mFRR,Not Specified,Not Specified,MARGINAL,68.89,52.0
07/05/2023 18:00:00 - 07/05/2023 19:00:00,SCA|NO3,mFRR,Not Specified,Not Specified,MARGINAL,72.16,72.16
07/05/2023 19:00:00 - 07/05/2023 20:00:00,SCA|NO3,mFRR,Not Specified,Not Specified,MARGINAL,72.28,72.28
07/05/2023 20:00:00 - 07/05/2023 21:00:00,SCA|NO3,mFRR,Not Specified,Not Specified,MARGINAL,83.0,67.9
07/05/2023 21:00:00 - 07/05/2023 22:00:00,SCA|NO3,mFRR,Not Specified,Not Specified,MARGINAL,66.01,66.01
07/05/2023 22:00:00 - 07/05/2023 23:00:00,SCA|NO3,mFRR,Not Specified,Not Specified,MARGINAL,66.75,66.75
07/05/2023 23:00:00 - 08/05/2023 00:00:00,SCA|NO3,mFRR,Not Specified,Not Specified,MARGINAL,61.65,61.65
08/05/2023 00:00:00 - 08/05/2023 01:00:00,SCA|NO3,mFRR,Not Specified,Not Specified,MARGINAL,56.26,56.26
08/05/2023 01:00:00 - 08/05/2023 02:00:00,SCA|NO3,mFRR,Not Specified,Not Specified,MARGINAL,55.11,55.11
08/05/2023 02:00:00 - 08/05/2023 03:00:00,SCA|NO3,mFRR,Not Specified,Not Specified,MARGINAL,56.68,56.68
08/05/2023 03:00:00 - 08/05/2023 04:00:00,SCA|NO3,mFRR,Not Specified,Not Specified,MARGINAL,59.45,59.45
08/05/2023 04:00:00 - 08/05/2023 05:00:00,SCA|NO3,mFRR,Not Specified,Not Specified,MARGINAL,62.89,62.89
08/05/2023 05:00:00 - 08/05/2023 06:00:00,SCA|NO3,mFRR,Not Specified,Not Specified,MARGINAL,67.95,42.0
08/05/2023 06:00:00 - 08/05/2023 07:00:00,SCA|NO3,mFRR,Not Specified,Not Specified,MARGINAL,79.93,41.89
08/05/2023 07:00:00 - 08/05/2023 08:00:00,SCA|NO3,mFRR,Not Specified,Not Specified,MARGINAL,102.98,102.98
08/05/2023 08:00:00 - 08/05/2023 09:00:00,SCA|NO3,mFRR,Not Specified,Not Specified,MARGINAL,107.53,107.53
08/05/2023 09:00:00 - 08/05/2023 10:00:00,SCA|NO3,mFRR,Not Specified,Not Specified,MARGINAL,96.91,96.91
08/05/2023 10:00:00 - 08/05/2023 11:00:00,SCA|NO3,mFRR,Not Specified,Not Specified,MARGINAL,89.63,70.0
08/05/2023 11:00:00 - 08/05/2023 12:00:00,SCA|NO3,mFRR,Not Specified,Not Specified,MARGINAL,79.68,70.0
08/05/2023 12:00:00 - 08/05/2023 13:00:00,SCA|NO3,mFRR,Not Specified,Not Specified,MARGINAL,75.06,70.0
08/05/2023 13:00:00 - 08/05/2023 14:00:00,SCA|NO3,mFRR,Not Specified,Not Specified,MARGINAL,69.48,56.0
08/05/2023 14:00:00 - 08/05/2023 15:00:00,SCA|NO3,mFRR,Not Specified,Not Specified,MARGINAL,62.9,60.0
08/05/2023 15:00:00 - 08/05/2023 16:00:00,SCA|NO3,mFRR,Not Specified,Not Specified,MARGINAL,60.21,60.21
08/05/2023 16:00:00 - 08/05/2023 17:00:00,SCA|NO3,mFRR,Not Specified,Not Specified,MARGINAL,60.29,60.29
08/05/2023 17:00:00 - 08/05/2023 18:00:00,SCA|NO3,mFRR,Not Specified,Not Specified,MARGINAL,61.99,61.99
08/05/2023 18:00:00 - 08/05/2023 19:00:00,SCA|NO3,mFRR,Not Specified,Not Specified,MARGINAL,96.0,64.84
08/05/2023 19:00:00 - 08/05/2023 20:00:00,SCA|NO3,mFRR,Not Specified,Not Specified,MARGINAL,96.0,62.81
08/05/2023 20:00:00 - 08/05/2023 21:00:00,SCA|NO3,mFRR,Not Specified,Not Specified,MARGINAL,80.0,57.18
08/05/2023 21:00:00 - 08/05/2023 22:00:00,SCA|NO3,mFRR,Not Specified,Not Specified,MARGINAL,52.05,52.05
08/05/2023 22:00:00 - 08/05/2023 23:00:00,SCA|NO3,mFRR,Not Specified,Not Specified,MARGINAL,40.3,40.3
08/05/2023 23:00:00 - 09/05/2023 00:00:00,SCA|NO3,mFRR,Not Specified,Not Specified,MARGINAL,29.33,29.33
09/05/2023 00:00:00 - 09/05/2023 01:00:00,SCA|NO3,mFRR,Not Specified,Not Specified,MARGINAL,28.17,28.17
09/05/2023 01:00:00 - 09/05/2023 02:00:00,SCA|NO3,mFRR,Not Specified,Not Specified,MARGINAL,28.12,28.12
09/05/2023 02:00:00 - 09/05/2023 03:00:00,SCA|NO3,mFRR,Not Specified,Not Specified,MARGINAL,27.77,27.77
09/05/2023 03:00:00 - 09/05/2023 04:00:00,SCA|NO3,mFRR,Not Specified,Not Specified,MARGINAL,27.72,27.72
09/05/2023 04:00:00 - 09/05/2023 05:00:00,SCA|NO3,mFRR,Not Specified,Not Specified,MARGINAL,27.64,27.64
09/05/2023 05:00:00 - 09/05/2023 06:00:00,SCA|NO3,mFRR,Not Specified,Not Specified,MARGINAL,27.17,27.17
09/05/2023 06:00:00 - 09/05/2023 07:00:00,SCA|NO3,mFRR,Not Specified,Not Specified,MARGINAL,29.82,29.82
09/05/2023 07:00:00 - 09/05/2023 08:00:00,SCA|NO3,mFRR,Not Specified,Not Specified,MARGINAL,51.35,51.35
09/05/2023 08:00:00 - 09/05/2023 09:00:00,SCA|NO3,mFRR,Not Specified,Not Specified,MARGINAL,57.78,57.78
09/05/2023 09:00:00 - 09/05/2023 10:00:00,SCA|NO3,mFRR,Not Specified,Not Specified,MARGINAL,47.11,47.11
09/05/2023 10:00:00 - 09/05/2023 11:00:00,SCA|NO3,mFRR,Not Specified,Not Specified,MARGINAL,33.41,33.41
09/05/2023 11:00:00 - 09/05/2023 12:00:00,SCA|NO3,mFRR,Not Specified,Not Specified,MARGINAL,28.89,10.0
09/05/2023 12:00:00 - 09/05/2023 13:00:00,SCA|NO3,mFRR,Not Specified,Not Specified,MARGINAL,28.15,5.0
09/05/2023 13:00:00 - 09/05/2023 14:00:00,SCA|NO3,mFRR,Not Specified,Not Specified,MARGINAL,28.3,5.0
09/05/2023 14:00:00 - 09/05/2023 15:00:00,SCA|NO3,mFRR,Not Specified,Not Specified,MARGINAL,28.11,10.0
09/05/2023 15:00:00 - 09/05/2023 16:00:00,SCA|NO3,mFRR,Not Specified,Not Specified,MARGINAL,28.25,10.0
09/05/2023 16:00:00 - 09/05/2023 17:00:00,SCA|NO3,mFRR,Not Specified,Not Specified,MARGINAL,29.49,19.5
09/05/2023 17:00:00 - 09/05/2023 18:00:00,SCA|NO3,mFRR,Not Specified,Not Specified,MARGINAL,29.84,29.84
09/05/2023 18:00:00 - 09/05/2023 19:00:00,SCA|NO3,mFRR,Not Specified,Not Specified,MARGINAL,29.45,29.45
09/05/2023 19:00:00 - 09/05/2023 20:00:00,SCA|NO3,mFRR,Not Specified,Not Specified,MARGINAL,48.41,28.28
09/05/2023 20:00:00 - 09/05/2023 21:00:00,SCA|NO3,mFRR,Not Specified,Not Specified,MARGINAL,48.07,28.23
09/05/2023 21:00:00 - 09/05/2023 22:00:00,SCA|NO3,mFRR,Not Specified,Not Specified,MARGINAL,39.5,27.69
09/05/2023 22:00:00 - 09/05/2023 23:00:00,SCA|NO3,mFRR,Not Specified,Not Specified,MARGINAL,37.1,27.72
09/05/2023 23:00:00 - 10/05/2023 00:00:00,SCA|NO3,mFRR,Not Specified,Not Specified,MARGINAL,27.5,10.0
10/05/2023 00:00:00 - 10/05/2023 01:00:00,SCA|NO3,mFRR,Not Specified,Not Specified,MARGINAL,27.46,22.5
10/05/2023 01:00:00 - 10/05/2023 02:00:00,SCA|NO3,mFRR,Not Specified,Not Specified,MARGINAL,27.84,22.5
10/05/2023 02:00:00 - 10/05/2023 03:00:00,SCA|NO3,mFRR,Not Specified,Not Specified,MARGINAL,27.85,22.5
10/05/2023 03:00:00 - 10/05/2023 04:00:00,SCA|NO3,mFRR,Not Specified,Not Specified,MARGINAL,28.06,22.5
10/05/2023 04:00:00 - 10/05/2023 05:00:00,SCA|NO3,mFRR,Not Specified,Not Specified,MARGINAL,28.29,22.5
10/05/2023 05:00:00 - 10/05/2023 06:00:00,SCA|NO3,mFRR,Not Specified,Not Specified,MARGINAL,28.36,20.0
10/05/2023 06:00:00 - 10/05/2023 07:00:00,SCA|NO3,mFRR,Not Specified,Not Specified,MARGINAL,28.63,20.0
10/05/2023 07:00:00 - 10/05/2023 08:00:00,SCA|NO3,mFRR,Not Specified,Not Specified,MARGINAL,45.0,29.39
10/05/2023 08:00:00 - 10/05/2023 09:00:00,SCA|NO3,mFRR,Not Specified,Not Specified,MARGINAL,60.0,35.55
10/05/2023 09:00:00 - 10/05/2023 10:00:00,SCA|NO3,mFRR,Not Specified,Not Specified,MARGINAL,60.0,30.25
10/05/2023 10:00:00 - 10/05/2023 11:00:00,SCA|NO3,mFRR,Not Specified,Not Specified,MARGINAL,40.5,29.37
10/05/2023 11:00:00 - 10/05/2023 12:00:00,SCA|NO3,mFRR,Not Specified,Not Specified,MARGINAL,29.28,29.28
10/05/2023 12:00:00 - 10/05/2023 13:00:00,SCA|NO3,mFRR,Not Specified,Not Specified,MARGINAL,29.31,23.5
10/05/2023 13:00:00 - 10/05/2023 14:00:00,SCA|NO3,mFRR,Not Specified,Not Specified,MARGINAL,29.05,21.0
10/05/2023 14:00:00 - 10/05/2023 15:00:00,SCA|NO3,mFRR,Not Specified,Not Specified,MARGINAL,29.09,29.09
10/05/2023 15:00:00 - 10/05/2023 16:00:00,SCA|NO3,mFRR,Not Specified,Not Specified,MARGINAL,29.22,20.0
10/05/2023 16:00:00 - 10/05/2023 17:00:00,SCA|NO3,mFRR,Not Specified,Not Specified,MARGINAL,29.43,20.0
10/05/2023 17:00:00 - 10/05/2023 18:00:00,SCA|NO3,mFRR,Not Specified,Not Specified,MARGINAL,30.13,21.0
10/05/2023 18:00:00 - 10/05/2023 19:00:00,SCA|NO3,mFRR,Not Specified,Not Specified,MARGINAL,40.0,29.57
10/05/2023 19:00:00 - 10/05/2023 20:00:00,SCA|NO3,mFRR,Not Specified,Not Specified,MARGINAL,55.5,29.8
10/05/2023 20:00:00 - 10/05/2023 21:00:00,SCA|NO3,mFRR,Not Specified,Not Specified,MARGINAL,50.0,29.9
10/05/2023 21:00:00 - 10/05/2023 22:00:00,SCA|NO3,mFRR,Not Specified,Not Specified,MARGINAL,39.49,29.95
10/05/2023 22:00:00 - 10/05/2023 23:00:00,SCA|NO3,mFRR,Not Specified,Not Specified,MARGINAL,34.6,29.88
10/05/2023 23:00:00 - 11/05/2023 00:00:00,SCA|NO3,mFRR,Not Specified,Not Specified,MARGINAL,29.62,29.62
11/05/2023 00:00:00 - 11/05/2023 01:00:00,SCA|NO3,mFRR,Not Specified,Not Specified,MARGINAL,24.7,24.7
11/05/2023 01:00:00 - 11/05/2023 02:00:00,SCA|NO3,mFRR,Not Specified,Not Specified,MARGINAL,24.74,24.74
11/05/2023 02:00:00 - 11/05/2023 03:00:00,SCA|NO3,mFRR,Not Specified,Not Specified,MARGINAL,24.59,24.59
11/05/2023 03:00:00 - 11/05/2023 04:00:00,SCA|NO3,mFRR,Not Specified,Not Specified,MARGINAL,24.58,24.58
11/05/2023 04:00:00 - 11/05/2023 05:00:00,SCA|NO3,mFRR,Not Specified,Not Specified,MARGINAL,35.0,24.68
11/05/2023 05:00:00 - 11/05/2023 06:00:00,SCA|NO3,mFRR,Not Specified,Not Specified,MARGINAL,35.0,24.58
11/05/2023 06:00:00 - 11/05/2023 07:00:00,SCA|NO3,mFRR,Not Specified,Not Specified,MARGINAL,28.63,28.63
11/05/2023 07:00:00 - 11/05/2023 08:00:00,SCA|NO3,mFRR,Not Specified,Not Specified,MARGINAL,55.0,34.52
11/05/2023 08:00:00 - 11/05/2023 09:00:00,SCA|NO3,mFRR,Not Specified,Not Specified,MARGINAL,64.29,47.85
11/05/2023 09:00:00 - 11/05/2023 10:00:00,SCA|NO3,mFRR,Not Specified,Not Specified,MARGINAL,64.29,44.96
11/05/2023 10:00:00 - 11/05/2023 11:00:00,SCA|NO3,mFRR,Not Specified,Not Specified,MARGINAL,37.96,35.72
11/05/2023 11:00:00 - 11/05/2023 12:00:00,SCA|NO3,mFRR,Not Specified,Not Specified,MARGINAL,30.26,12.0
11/05/2023 12:00:00 - 11/05/2023 13:00:00,SCA|NO3,mFRR,Not Specified,Not Specified,MARGINAL,30.24,10.18
11/05/2023 13:00:00 - 11/05/2023 14:00:00,SCA|NO3,mFRR,Not Specified,Not Specified,MARGINAL,29.98,10.21
11/05/2023 14:00:00 - 11/05/2023 15:00:00,SCA|NO3,mFRR,Not Specified,Not Specified,MARGINAL,29.96,10.36
11/05/2023 15:00:00 - 11/05/2023 16:00:00,SCA|NO3,mFRR,Not Specified,Not Specified,MARGINAL,28.17,0.0
11/05/2023 16:00:00 - 11/05/2023 17:00:00,SCA|NO3,mFRR,Not Specified,Not Specified,MARGINAL,26.97,2.0
11/05/2023 17:00:00 - 11/05/2023 18:00:00,SCA|NO3,mFRR,Not Specified,Not Specified,MARGINAL,29.15,12.0
11/05/2023 18:00:00 - 11/05/2023 19:00:00,SCA|NO3,mFRR,Not Specified,Not Specified,MARGINAL,29.14,19.5
11/05/2023 19:00:00 - 11/05/2023 20:00:00,SCA|NO3,mFRR,Not Specified,Not Specified,MARGINAL,32.39,29.07
11/05/2023 20:00:00 - 11/05/2023 21:00:00,SCA|NO3,mFRR,Not Specified,Not Specified,MARGINAL,45.0,27.0
11/05/2023 21:00:00 - 11/05/2023 22:00:00,SCA|NO3,mFRR,Not Specified,Not Specified,MARGINAL,45.0,26.54
11/05/2023 22:00:00 - 11/05/2023 23:00:00,SCA|NO3,mFRR,Not Specified,Not Specified,MARGINAL,30.04,26.48
11/05/2023 23:00:00 - 12/05/2023 00:00:00,SCA|NO3,mFRR,Not Specified,Not Specified,MARGINAL,26.08,26.08
12/05/2023 00:00:00 - 12/05/2023 01:00:00,SCA|NO3,mFRR,Not Specified,Not Specified,MARGINAL,25.09,25.09
12/05/2023 01:00:00 - 12/05/2023 02:00:00,SCA|NO3,mFRR,Not Specified,Not Specified,MARGINAL,25.08,25.08
12/05/2023 02:00:00 - 12/05/2023 03:00:00,SCA|NO3,mFRR,Not Specified,Not Specified,MARGINAL,24.85,24.85
12/05/2023 03:00:00 - 12/05/2023 04:00:00,SCA|NO3,mFRR,Not Specified,Not Specified,MARGINAL,24.93,24.93
12/05/2023 04:00:00 - 12/05/2023 05:00:00,SCA|NO3,mFRR,Not Specified,Not Specified,MARGINAL,24.81,24.81
12/05/2023 05:00:00 - 12/05/2023 06:00:00,SCA|NO3,mFRR,Not Specified,Not Specified,MARGINAL,26.86,26.86
12/05/2023 06:00:00 - 12/05/2023 07:00:00,SCA|NO3,mFRR,Not Specified,Not Specified,MARGINAL,46.0,42.77
12/05/2023 07:00:00 - 12/05/2023 08:00:00,SCA|NO3,mFRR,Not Specified,Not Specified,MARGINAL,45.98,45.98
12/05/2023 08:00:00 - 12/05/2023 09:00:00,SCA|NO3,mFRR,Not Specified,Not Specified,MARGINAL,50.99,50.99
12/05/2023 09:00:00 - 12/05/2023 10:00:00,SCA|NO3,mFRR,Not Specified,Not Specified,MARGINAL,48.23,48.23
12/05/2023 10:00:00 - 12/05/2023 11:00:00,SCA|NO3,mFRR,Not Specified,Not Specified,MARGINAL,45.99,45.99
12/05/2023 11:00:00 - 12/05/2023 12:00:00,SCA|NO3,mFRR,Not Specified,Not Specified,MARGINAL,45.91,45.91
12/05/2023 12:00:00 - 12/05/2023 13:00:00,SCA|NO3,mFRR,Not Specified,Not Specified,MARGINAL,44.94,44.94
12/05/2023 13:00:00 - 12/05/2023 14:00:00,SCA|NO3,mFRR,Not Specified,Not Specified,MARGINAL,43.17,43.17
12/05/2023 14:00:00 - 12/05/2023 15:00:00,SCA|NO3,mFRR,Not Specified,Not Specified,MARGINAL,37.58,37.58
12/05/2023 15:00:00 - 12/05/2023 16:00:00,SCA|NO3,mFRR,Not Specified,Not Specified,MARGINAL,37.23,37.23
12/05/2023 16:00:00 - 12/05/2023 17:00:00,SCA|NO3,mFRR,Not Specified,Not Specified,MARGINAL,38.07,38.07
12/05/2023 17:00:00 - 12/05/2023 18:00:00,SCA|NO3,mFRR,Not Specified,Not Specified,MARGINAL,43.46,43.46
12/05/2023 18:00:00 - 12/05/2023 19:00:00,SCA|NO3,mFRR,Not Specified,Not Specified,MARGINAL,43.42,43.42
12/05/2023 19:00:00 - 12/05/2023 20:00:00,SCA|NO3,mFRR,Not Specified,Not Specified,MARGINAL,43.49,43.49
12/05/2023 20:00:00 - 12/05/2023 21:00:00,SCA|NO3,mFRR,Not Specified,Not Specified,MARGINAL,43.49,43.49
12/05/2023 21:00:00 - 12/05/2023 22:00:00,SCA|NO3,mFRR,Not Specified,Not Specified,MARGINAL,43.2,43.2
12/05/2023 22:00:00 - 12/05/2023 23:00:00,SCA|NO3,mFRR,Not Specified,Not Specified,MARGINAL,43.37,43.37
12/05/2023 23:00:00 - 13/05/2023 00:00:00,SCA|NO3,mFRR,Not Specified,Not Specified,MARGINAL,39.07,39.07
13/05/2023 00:00:00 - 13/05/2023 01:00:00,SCA|NO3,mFRR,Not Specified,Not Specified,MARGINAL,25.81,25.81
13/05/2023 01:00:00 - 13/05/2023 02:00:00,SCA|NO3,mFRR,Not Specified,Not Specified,MARGINAL,25.29,25.29
13/05/2023 02:00:00 - 13/05/2023 03:00:00,SCA|NO3,mFRR,Not Specified,Not Specified,MARGINAL,25.35,25.35
13/05/2023 03:00:00 - 13/05/2023 04:00:00,SCA|NO3,mFRR,Not Specified,Not Specified,MARGINAL,26.01,26.01
13/05/2023 04:00:00 - 13/05/2023 05:00:00,SCA|NO3,mFRR,Not Specified,Not Specified,MARGINAL,26.39,26.39
13/05/2023 05:00:00 - 13/05/2023 06:00:00,SCA|NO3,mFRR,Not Specified,Not Specified,MARGINAL,26.38,26.38
13/05/2023 06:00:00 - 13/05/2023 07:00:00,SCA|NO3,mFRR,Not Specified,Not Specified,MARGINAL,22.56,22.56
13/05/2023 07:00:00 - 13/05/2023 08:00:00,SCA|NO3,mFRR,Not Specified,Not Specified,MARGINAL,22.97,22.97
13/05/2023 08:00:00 - 13/05/2023 09:00:00,SCA|NO3,mFRR,Not Specified,Not Specified,MARGINAL,24.29,24.29
13/05/2023 09:00:00 - 13/05/2023 10:00:00,SCA|NO3,mFRR,Not Specified,Not Specified,MARGINAL,24.17,24.17
13/05/2023 10:00:00 - 13/05/2023 11:00:00,SCA|NO3,mFRR,Not Specified,Not Specified,MARGINAL,22.55,22.55
13/05/2023 11:00:00 - 13/05/2023 12:00:00,SCA|NO3,mFRR,Not Specified,Not Specified,MARGINAL,19.6,19.6
13/05/2023 12:00:00 - 13/05/2023 13:00:00,SCA|NO3,mFRR,Not Specified,Not Specified,MARGINAL,15.43,15.43
13/05/2023 13:00:00 - 13/05/2023 14:00:00,SCA|NO3,mFRR,Not Specified,Not Specified,MARGINAL,5.71,5.71
13/05/2023 14:00:00 - 13/05/2023 15:00:00,SCA|NO3,mFRR,Not Specified,Not Specified,MARGINAL,35.0,5.21
13/05/2023 15:00:00 - 13/05/2023 16:00:00,SCA|NO3,mFRR,Not Specified,Not Specified,MARGINAL,35.0,6.17
13/05/2023 16:00:00 - 13/05/2023 17:00:00,SCA|NO3,mFRR,Not Specified,Not Specified,MARGINAL,31.5,19.04
13/05/2023 17:00:00 - 13/05/2023 18:00:00,SCA|NO3,mFRR,Not Specified,Not Specified,MARGINAL,35.0,24.07
13/05/2023 18:00:00 - 13/05/2023 19:00:00,SCA|NO3,mFRR,Not Specified,Not Specified,MARGINAL,25.21,9.0
13/05/2023 19:00:00 - 13/05/2023 20:00:00,SCA|NO3,mFRR,Not Specified,Not Specified,MARGINAL,25.33,9.0
13/05/2023 20:00:00 - 13/05/2023 21:00:00,SCA|NO3,mFRR,Not Specified,Not Specified,MARGINAL,23.96,23.96
13/05/2023 21:00:00 - 13/05/2023 22:00:00,SCA|NO3,mFRR,Not Specified,Not Specified,MARGINAL,24.36,24.36
13/05/2023 22:00:00 - 13/05/2023 23:00:00,SCA|NO3,mFRR,Not Specified,Not Specified,MARGINAL,24.87,20.0
13/05/2023 23:00:00 - 14/05/2023 00:00:00,SCA|NO3,mFRR,Not Specified,Not Specified,MARGINAL,35.0,12.52
14/05/2023 00:00:00 - 14/05/2023 01:00:00,SCA|NO3,mFRR,Not Specified,Not Specified,MARGINAL,30.0,10.1
14/05/2023 01:00:00 - 14/05/2023 02:00:00,SCA|NO3,mFRR,Not Specified,Not Specified,MARGINAL,36.5,9.0
14/05/2023 02:00:00 - 14/05/2023 03:00:00,SCA|NO3,mFRR,Not Specified,Not Specified,MARGINAL,36.5,8.56
14/05/2023 03:00:00 - 14/05/2023 04:00:00,SCA|NO3,mFRR,Not Specified,Not Specified,MARGINAL,36.5,8.35
14/05/2023 04:00:00 - 14/05/2023 05:00:00,SCA|NO3,mFRR,Not Specified,Not Specified,MARGINAL,35.0,8.0
14/05/2023 05:00:00 - 14/05/2023 06:00:00,SCA|NO3,mFRR,Not Specified,Not Specified,MARGINAL,24.0,8.23
14/05/2023 06:00:00 - 14/05/2023 07:00:00,SCA|NO3,mFRR,Not Specified,Not Specified,MARGINAL,7.53,7.53
14/05/2023 07:00:00 - 14/05/2023 08:00:00,SCA|NO3,mFRR,Not Specified,Not Specified,MARGINAL,8.68,8.68
14/05/2023 08:00:00 - 14/05/2023 09:00:00,SCA|NO3,mFRR,Not Specified,Not Specified,MARGINAL,13.77,13.77
14/05/2023 09:00:00 - 14/05/2023 10:00:00,SCA|NO3,mFRR,Not Specified,Not Specified,MARGINAL,36.5,15.62
14/05/2023 10:00:00 - 14/05/2023 11:00:00,SCA|NO3,mFRR,Not Specified,Not Specified,MARGINAL,36.5,12.12
14/05/2023 11:00:00 - 14/05/2023 12:00:00,SCA|NO3,mFRR,Not Specified,Not Specified,MARGINAL,9.29,9.29
14/05/2023 12:00:00 - 14/05/2023 13:00:00,SCA|NO3,mFRR,Not Specified,Not Specified,MARGINAL,5.77,5.77
14/05/2023 13:00:00 - 14/05/2023 14:00:00,SCA|NO3,mFRR,Not Specified,Not Specified,MARGINAL,1.85,1.85
14/05/2023 14:00:00 - 14/05/2023 15:00:00,SCA|NO3,mFRR,Not Specified,Not Specified,MARGINAL,10.61,0.17
14/05/2023 15:00:00 - 14/05/2023 16:00:00,SCA|NO3,mFRR,Not Specified,Not Specified,MARGINAL,14.9,1.83
14/05/2023 16:00:00 - 14/05/2023 17:00:00,SCA|NO3,mFRR,Not Specified,Not Specified,MARGINAL,34.0,7.3
14/05/2023 17:00:00 - 14/05/2023 18:00:00,SCA|NO3,mFRR,Not Specified,Not Specified,MARGINAL,34.0,10.34
14/05/2023 18:00:00 - 14/05/2023 19:00:00,SCA|NO3,mFRR,Not Specified,Not Specified,MARGINAL,34.0,13.91
14/05/2023 19:00:00 - 14/05/2023 20:00:00,SCA|NO3,mFRR,Not Specified,Not Specified,MARGINAL,35.0,16.43
14/05/2023 20:00:00 - 14/05/2023 21:00:00,SCA|NO3,mFRR,Not Specified,Not Specified,MARGINAL,25.5,10.5
14/05/2023 21:00:00 - 14/05/2023 22:00:00,SCA|NO3,mFRR,Not Specified,Not Specified,MARGINAL,25.5,7.68
14/05/2023 22:00:00 - 14/05/2023 23:00:00,SCA|NO3,mFRR,Not Specified,Not Specified,MARGINAL,20.0,5.51
14/05/2023 23:00:00 - 15/05/2023 00:00:00,SCA|NO3,mFRR,Not Specified,Not Specified,MARGINAL,12.16,4.2
15/05/2023 00:00:00 - 15/05/2023 01:00:00,SCA|NO3,mFRR,Not Specified,Not Specified,MARGINAL,4.65,4.65
15/05/2023 01:00:00 - 15/05/2023 02:00:00,SCA|NO3,mFRR,Not Specified,Not Specified,MARGINAL,4.63,4.63
15/05/2023 02:00:00 - 15/05/2023 03:00:00,SCA|NO3,mFRR,Not Specified,Not Specified,MARGINAL,4.8,4.8
15/05/2023 03:00:00 - 15/05/2023 04:00:00,SCA|NO3,mFRR,Not Specified,Not Specified,MARGINAL,5.1,5.1
15/05/2023 04:00:00 - 15/05/2023 05:00:00,SCA|NO3,mFRR,Not Specified,Not Specified,MARGINAL,5.28,5.28
15/05/2023 05:00:00 - 15/05/2023 06:00:00,SCA|NO3,mFRR,Not Specified,Not Specified,MARGINAL,6.69,6.69
15/05/2023 06:00:00 - 15/05/2023 07:00:00,SCA|NO3,mFRR,Not Specified,Not Specified,MARGINAL,14.51,14.51
15/05/2023 07:00:00 - 15/05/2023 08:00:00,SCA|NO3,mFRR,Not Specified,Not Specified,MARGINAL,23.31,9.0
15/05/2023 08:00:00 - 15/05/2023 09:00:00,SCA|NO3,mFRR,Not Specified,Not Specified,MARGINAL,24.68,9.0
15/05/2023 09:00:00 - 15/05/2023 10:00:00,SCA|NO3,mFRR,Not Specified,Not Specified,MARGINAL,23.93,17.5
15/05/2023 10:00:00 - 15/05/2023 11:00:00,SCA|NO3,mFRR,Not Specified,Not Specified,MARGINAL,22.74,8.56
15/05/2023 11:00:00 - 15/05/2023 12:00:00,SCA|NO3,mFRR,Not Specified,Not Specified,MARGINAL,20.99,0.0
15/05/2023 12:00:00 - 15/05/2023 13:00:00,SCA|NO3,mFRR,Not Specified,Not Specified,MARGINAL,14.94,0.0
15/05/2023 13:00:00 - 15/05/2023 14:00:00,SCA|NO3,mFRR,Not Specified,Not Specified,MARGINAL,12.94,-3.5
15/05/2023 14:00:00 - 15/05/2023 15:00:00,SCA|NO3,mFRR,Not Specified,Not Specified,MARGINAL,11.2,-3.5
15/05/2023 15:00:00 - 15/05/2023 16:00:00,SCA|NO3,mFRR,Not Specified,Not Specified,MARGINAL,11.92,-3.5
15/05/2023 16:00:00 - 15/05/2023 17:00:00,SCA|NO3,mFRR,Not Specified,Not Specified,MARGINAL,14.26,-3.5
15/05/2023 17:00:00 - 15/05/2023 18:00:00,SCA|NO3,mFRR,Not Specified,Not Specified,MARGINAL,17.29,-3.61
15/05/2023 18:00:00 - 15/05/2023 19:00:00,SCA|NO3,mFRR,Not Specified,Not Specified,MARGINAL,20.44,20.44
15/05/2023 19:00:00 - 15/05/2023 20:00:00,SCA|NO3,mFRR,Not Specified,Not Specified,MARGINAL,19.03,19.03
15/05/2023 20:00:00 - 15/05/2023 21:00:00,SCA|NO3,mFRR,Not Specified,Not Specified,MARGINAL,18.06,18.06
15/05/2023 21:00:00 - 15/05/2023 22:00:00,SCA|NO3,mFRR,Not Specified,Not Specified,MARGINAL,13.71,13.71
15/05/2023 22:00:00 - 15/05/2023 23:00:00,SCA|NO3,mFRR,Not Specified,Not Specified,MARGINAL,11.81,11.81
15/05/2023 23:00:00 - 16/05/2023 00:00:00,SCA|NO3,mFRR,Not Specified,Not Specified,MARGINAL,10.4,10.4
16/05/2023 00:00:00 - 16/05/2023 01:00:00,SCA|NO3,mFRR,Not Specified,Not Specified,MARGINAL,7.68,7.68
16/05/2023 01:00:00 - 16/05/2023 02:00:00,SCA|NO3,mFRR,Not Specified,Not Specified,MARGINAL,8.2,8.2
16/05/2023 02:00:00 - 16/05/2023 03:00:00,SCA|NO3,mFRR,Not Specified,Not Specified,MARGINAL,7.79,-7.0
16/05/2023 03:00:00 - 16/05/2023 04:00:00,SCA|NO3,mFRR,Not Specified,Not Specified,MARGINAL,5.21,-99.0
16/05/2023 04:00:00 - 16/05/2023 05:00:00,SCA|NO3,mFRR,Not Specified,Not Specified,MARGINAL,8.04,-200.0
16/05/2023 05:00:00 - 16/05/2023 06:00:00,SCA|NO3,mFRR,Not Specified,Not Specified,MARGINAL,8.67,-20.0
16/05/2023 06:00:00 - 16/05/2023 07:00:00,SCA|NO3,mFRR,Not Specified,Not Specified,MARGINAL,16.51,-9.0
16/05/2023 07:00:00 - 16/05/2023 08:00:00,SCA|NO3,mFRR,Not Specified,Not Specified,MARGINAL,23.7,5.14
16/05/2023 08:00:00 - 16/05/2023 09:00:00,SCA|NO3,mFRR,Not Specified,Not Specified,MARGINAL,24.91,5.5
16/05/2023 09:00:00 - 16/05/2023 10:00:00,SCA|NO3,mFRR,Not Specified,Not Specified,MARGINAL,24.52,5.5
16/05/2023 10:00:00 - 16/05/2023 11:00:00,SCA|NO3,mFRR,Not Specified,Not Specified,MARGINAL,23.59,5.5
16/05/2023 11:00:00 - 16/05/2023 12:00:00,SCA|NO3,mFRR,Not Specified,Not Specified,MARGINAL,21.86,12.0
16/05/2023 12:00:00 - 16/05/2023 13:00:00,SCA|NO3,mFRR,Not Specified,Not Specified,MARGINAL,16.12,16.12
16/05/2023 13:00:00 - 16/05/2023 14:00:00,SCA|NO3,mFRR,Not Specified,Not Specified,MARGINAL,13.04,13.04
16/05/2023 14:00:00 - 16/05/2023 15:00:00,SCA|NO3,mFRR,Not Specified,Not Specified,MARGINAL,10.45,-2.67
16/05/2023 15:00:00 - 16/05/2023 16:00:00,SCA|NO3,mFRR,Not Specified,Not Specified,MARGINAL,9.0,-4.0
16/05/2023 16:00:00 - 16/05/2023 17:00:00,SCA|NO3,mFRR,Not Specified,Not Specified,MARGINAL,8.32,-4.0
16/05/2023 17:00:00 - 16/05/2023 18:00:00,SCA|NO3,mFRR,Not Specified,Not Specified,MARGINAL,8.63,-6.6
16/05/2023 18:00:00 - 16/05/2023 19:00:00,SCA|NO3,mFRR,Not Specified,Not Specified,MARGINAL,7.71,-5.0
16/05/2023 19:00:00 - 16/05/2023 20:00:00,SCA|NO3,mFRR,Not Specified,Not Specified,MARGINAL,6.11,-3.0
16/05/2023 20:00:00 - 16/05/2023 21:00:00,SCA|NO3,mFRR,Not Specified,Not Specified,MARGINAL,4.53,4.53
16/05/2023 21:00:00 - 16/05/2023 22:00:00,SCA|NO3,mFRR,Not Specified,Not Specified,MARGINAL,3.93,3.93
16/05/2023 22:00:00 - 16/05/2023 23:00:00,SCA|NO3,mFRR,Not Specified,Not Specified,MARGINAL,3.21,3.21
16/05/2023 23:00:00 - 17/05/2023 00:00:00,SCA|NO3,mFRR,Not Specified,Not Specified,MARGINAL,0.1,0.1
17/05/2023 00:00:00 - 17/05/2023 01:00:00,SCA|NO3,mFRR,Not Specified,Not Specified,MARGINAL,0.01,0.01
17/05/2023 01:00:00 - 17/05/2023 02:00:00,SCA|NO3,mFRR,Not Specified,Not Specified,MARGINAL,6.71,-0.19
17/05/2023 02:00:00 - 17/05/2023 03:00:00,SCA|NO3,mFRR,Not Specified,Not Specified,MARGINAL,6.6,-1.1
17/05/2023 03:00:00 - 17/05/2023 04:00:00,SCA|NO3,mFRR,Not Specified,Not Specified,MARGINAL,-2.02,-4.0
17/05/2023 04:00:00 - 17/05/2023 05:00:00,SCA|NO3,mFRR,Not Specified,Not Specified,MARGINAL,-1.99,-4.0
17/05/2023 05:00:00 - 17/05/2023 06:00:00,SCA|NO3,mFRR,Not Specified,Not Specified,MARGINAL,-1.02,-4.0
17/05/2023 06:00:00 - 17/05/2023 07:00:00,SCA|NO3,mFRR,Not Specified,Not Specified,MARGINAL,0.01,0.01
17/05/2023 07:00:00 - 17/05/2023 08:00:00,SCA|NO3,mFRR,Not Specified,Not Specified,MARGINAL,5.0,2.43
17/05/2023 08:00:00 - 17/05/2023 09:00:00,SCA|NO3,mFRR,Not Specified,Not Specified,MARGINAL,5.0,3.45
17/05/2023 09:00:00 - 17/05/2023 10:00:00,SCA|NO3,mFRR,Not Specified,Not Specified,MARGINAL,7.57,3.29
17/05/2023 10:00:00 - 17/05/2023 11:00:00,SCA|NO3,mFRR,Not Specified,Not Specified,MARGINAL,8.79,2.96
17/05/2023 11:00:00 - 17/05/2023 12:00:00,SCA|NO3,mFRR,Not Specified,Not Specified,MARGINAL,10.53,1.63
17/05/2023 12:00:00 - 17/05/2023 13:00:00,SCA|NO3,mFRR,Not Specified,Not Specified,MARGINAL,5.0,0.48
17/05/2023 13:00:00 - 17/05/2023 14:00:00,SCA|NO3,mFRR,Not Specified,Not Specified,MARGINAL,0.05,0.05
17/05/2023 14:00:00 - 17/05/2023 15:00:00,SCA|NO3,mFRR,Not Specified,Not Specified,MARGINAL,0.08,0.08
17/05/2023 15:00:00 - 17/05/2023 16:00:00,SCA|NO3,mFRR,Not Specified,Not Specified,MARGINAL,0.07,0.0
17/05/2023 16:00:00 - 17/05/2023 17:00:00,SCA|NO3,mFRR,Not Specified,Not Specified,MARGINAL,0.11,0.11
17/05/2023 17:00:00 - 17/05/2023 18:00:00,SCA|NO3,mFRR,Not Specified,Not Specified,MARGINAL,0.49,0.49
17/05/2023 18:00:00 - 17/05/2023 19:00:00,SCA|NO3,mFRR,Not Specified,Not Specified,MARGINAL,1.46,-3.5
17/05/2023 19:00:00 - 17/05/2023 20:00:00,SCA|NO3,mFRR,Not Specified,Not Specified,MARGINAL,0.94,-4.0
17/05/2023 20:00:00 - 17/05/2023 21:00:00,SCA|NO3,mFRR,Not Specified,Not Specified,MARGINAL,0.25,-4.0
17/05/2023 21:00:00 - 17/05/2023 22:00:00,SCA|NO3,mFRR,Not Specified,Not Specified,MARGINAL,0.1,-3.5
17/05/2023 22:00:00 - 17/05/2023 23:00:00,SCA|NO3,mFRR,Not Specified,Not Specified,MARGINAL,0.09,-3.5
17/05/2023 23:00:00 - 18/05/2023 00:00:00,SCA|NO3,mFRR,Not Specified,Not Specified,MARGINAL,0.11,-3.5
18/05/2023 00:00:00 - 18/05/2023 01:00:00,SCA|NO3,mFRR,Not Specified,Not Specified,MARGINAL,0.09,-4.0
18/05/2023 01:00:00 - 18/05/2023 02:00:00,SCA|NO3,mFRR,Not Specified,Not Specified,MARGINAL,0.34,-6.5
18/05/2023 02:00:00 - 18/05/2023 03:00:00,SCA|NO3,mFRR,Not Specified,Not Specified,MARGINAL,0.36,-6.5
18/05/2023 03:00:00 - 18/05/2023 04:00:00,SCA|NO3,mFRR,Not Specified,Not Specified,MARGINAL,0.24,-4.0
18/05/2023 04:00:00 - 18/05/2023 05:00:00,SCA|NO3,mFRR,Not Specified,Not Specified,MARGINAL,0.2,-4.0
18/05/2023 05:00:00 - 18/05/2023 06:00:00,SCA|NO3,mFRR,Not Specified,Not Specified,MARGINAL,0.09,-4.0
18/05/2023 06:00:00 - 18/05/2023 07:00:00,SCA|NO3,mFRR,Not Specified,Not Specified,MARGINAL,0.75,-4.0
18/05/2023 07:00:00 - 18/05/2023 08:00:00,SCA|NO3,mFRR,Not Specified,Not Specified,MARGINAL,4.96,-6.5
18/05/2023 08:00:00 - 18/05/2023 09:00:00,SCA|NO3,mFRR,Not Specified,Not Specified,MARGINAL,9.1,-6.5
18/05/2023 09:00:00 - 18/05/2023 10:00:00,SCA|NO3,mFRR,Not Specified,Not Specified,MARGINAL,11.9,-6.5
18/05/2023 10:00:00 - 18/05/2023 11:00:00,SCA|NO3,mFRR,Not Specified,Not Specified,MARGINAL,14.18,-3.5
18/05/2023 11:00:00 - 18/05/2023 12:00:00,SCA|NO3,mFRR,Not Specified,Not Specified,MARGINAL,10.43,10.43
18/05/2023 12:00:00 - 18/05/2023 13:00:00,SCA|NO3,mFRR,Not Specified,Not Specified,MARGINAL,9.09,9.09
18/05/2023 13:00:00 - 18/05/2023 14:00:00,SCA|NO3,mFRR,Not Specified,Not Specified,MARGINAL,3.21,3.21
18/05/2023 14:00:00 - 18/05/2023 15:00:00,SCA|NO3,mFRR,Not Specified,Not Specified,MARGINAL,4.14,4.14
18/05/2023 15:00:00 - 18/05/2023 16:00:00,SCA|NO3,mFRR,Not Specified,Not Specified,MARGINAL,4.63,4.63
18/05/2023 16:00:00 - 18/05/2023 17:00:00,SCA|NO3,mFRR,Not Specified,Not Specified,MARGINAL,5.82,5.82
18/05/2023 17:00:00 - 18/05/2023 18:00:00,SCA|NO3,mFRR,Not Specified,Not Specified,MARGINAL,9.36,9.36
18/05/2023 18:00:00 - 18/05/2023 19:00:00,SCA|NO3,mFRR,Not Specified,Not Specified,MARGINAL,17.93,17.93
18/05/2023 19:00:00 - 18/05/2023 20:00:00,SCA|NO3,mFRR,Not Specified,Not Specified,MARGINAL,30.0,18.7
18/05/2023 20:00:00 - 18/05/2023 21:00:00,SCA|NO3,mFRR,Not Specified,Not Specified,MARGINAL,37.0,17.67
18/05/2023 21:00:00 - 18/05/2023 22:00:00,SCA|NO3,mFRR,Not Specified,Not Specified,MARGINAL,37.0,13.66
18/05/2023 22:00:00 - 18/05/2023 23:00:00,SCA|NO3,mFRR,Not Specified,Not Specified,MARGINAL,37.0,9.09
18/05/2023 23:00:00 - 19/05/2023 00:00:00,SCA|NO3,mFRR,Not Specified,Not Specified,MARGINAL,21.0,5.88
19/05/2023 00:00:00 - 19/05/2023 01:00:00,SCA|NO3,mFRR,Not Specified,Not Specified,MARGINAL,5.36,-3.08
19/05/2023 01:00:00 - 19/05/2023 02:00:00,SCA|NO3,mFRR,Not Specified,Not Specified,MARGINAL,4.5,-3.22
19/05/2023 02:00:00 - 19/05/2023 03:00:00,SCA|NO3,mFRR,Not Specified,Not Specified,MARGINAL,4.1,-3.0
19/05/2023 03:00:00 - 19/05/2023 04:00:00,SCA|NO3,mFRR,Not Specified,Not Specified,MARGINAL,4.16,-3.5
19/05/2023 04:00:00 - 19/05/2023 05:00:00,SCA|NO3,mFRR,Not Specified,Not Specified,MARGINAL,3.94,-3.5
19/05/2023 05:00:00 - 19/05/2023 06:00:00,SCA|NO3,mFRR,Not Specified,Not Specified,MARGINAL,4.52,-3.5
19/05/2023 06:00:00 - 19/05/2023 07:00:00,SCA|NO3,mFRR,Not Specified,Not Specified,MARGINAL,6.73,-3.5
19/05/2023 07:00:00 - 19/05/2023 08:00:00,SCA|NO3,mFRR,Not Specified,Not Specified,MARGINAL,16.59,0.0
19/05/2023 08:00:00 - 19/05/2023 09:00:00,SCA|NO3,mFRR,Not Specified,Not Specified,MARGINAL,18.17,0.0
19/05/2023 09:00:00 - 19/05/2023 10:00:00,SCA|NO3,mFRR,Not Specified,Not Specified,MARGINAL,19.76,0.0
19/05/2023 10:00:00 - 19/05/2023 11:00:00,SCA|NO3,mFRR,Not Specified,Not Specified,MARGINAL,20.01,-3.0
19/05/2023 11:00:00 - 19/05/2023 12:00:00,SCA|NO3,mFRR,Not Specified,Not Specified,MARGINAL,15.9,-7.0
19/05/2023 12:00:00 - 19/05/2023 13:00:00,SCA|NO3,mFRR,Not Specified,Not Specified,MARGINAL,9.99,-7.0
19/05/2023 13:00:00 - 19/05/2023 14:00:00,SCA|NO3,mFRR,Not Specified,Not Specified,MARGINAL,7.28,-7.0
19/05/2023 14:00:00 - 19/05/2023 15:00:00,SCA|NO3,mFRR,Not Specified,Not Specified,MARGINAL,4.76,-7.0
19/05/2023 15:00:00 - 19/05/2023 16:00:00,SCA|NO3,mFRR,Not Specified,Not Specified,MARGINAL,4.64,-2.5
19/05/2023 16:00:00 - 19/05/2023 17:00:00,SCA|NO3,mFRR,Not Specified,Not Specified,MARGINAL,6.01,6.01
19/05/2023 17:00:00 - 19/05/2023 18:00:00,SCA|NO3,mFRR,Not Specified,Not Specified,MARGINAL,8.06,8.06
19/05/2023 18:00:00 - 19/05/2023 19:00:00,SCA|NO3,mFRR,Not Specified,Not Specified,MARGINAL,10.0,0.0
19/05/2023 19:00:00 - 19/05/2023 20:00:00,SCA|NO3,mFRR,Not Specified,Not Specified,MARGINAL,8.44,2.0
19/05/2023 20:00:00 - 19/05/2023 21:00:00,SCA|NO3,mFRR,Not Specified,Not Specified,MARGINAL,4.71,4.71
19/05/2023 21:00:00 - 19/05/2023 22:00:00,SCA|NO3,mFRR,Not Specified,Not Specified,MARGINAL,3.33,3.33
19/05/2023 22:00:00 - 19/05/2023 23:00:00,SCA|NO3,mFRR,Not Specified,Not Specified,MARGINAL,1.84,1.84
19/05/2023 23:00:00 - 20/05/2023 00:00:00,SCA|NO3,mFRR,Not Specified,Not Specified,MARGINAL,0.44,0.44
20/05/2023 00:00:00 - 20/05/2023 01:00:00,SCA|NO3,mFRR,Not Specified,Not Specified,MARGINAL,1.23,1.23
20/05/2023 01:00:00 - 20/05/2023 02:00:00,SCA|NO3,mFRR,Not Specified,Not Specified,MARGINAL,1.21,1.21
20/05/2023 02:00:00 - 20/05/2023 03:00:00,SCA|NO3,mFRR,Not Specified,Not Specified,MARGINAL,4.07,0.26
20/05/2023 03:00:00 - 20/05/2023 04:00:00,SCA|NO3,mFRR,Not Specified,Not Specified,MARGINAL,7.0,0.18
20/05/2023 04:00:00 - 20/05/2023 05:00:00,SCA|NO3,mFRR,Not Specified,Not Specified,MARGINAL,7.0,1.23
20/05/2023 05:00:00 - 20/05/2023 06:00:00,SCA|NO3,mFRR,Not Specified,Not Specified,MARGINAL,1.29,1.29
20/05/2023 06:00:00 - 20/05/2023 07:00:00,SCA|NO3,mFRR,Not Specified,Not Specified,MARGINAL,2.36,2.36
20/05/2023 07:00:00 - 20/05/2023 08:00:00,SCA|NO3,mFRR,Not Specified,Not Specified,MARGINAL,4.37,4.37
20/05/2023 08:00:00 - 20/05/2023 09:00:00,SCA|NO3,mFRR,Not Specified,Not Specified,MARGINAL,4.93,4.93
20/05/2023 09:00:00 - 20/05/2023 10:00:00,SCA|NO3,mFRR,Not Specified,Not Specified,MARGINAL,4.95,0.0
20/05/2023 10:00:00 - 20/05/2023 11:00:00,SCA|NO3,mFRR,Not Specified,Not Specified,MARGINAL,4.33,-14.5
20/05/2023 11:00:00 - 20/05/2023 12:00:00,SCA|NO3,mFRR,Not Specified,Not Specified,MARGINAL,0.38,-14.5
20/05/2023 12:00:00 - 20/05/2023 13:00:00,SCA|NO3,mFRR,Not Specified,Not Specified,MARGINAL,-0.15,-1.5
20/05/2023 13:00:00 - 20/05/2023 14:00:00,SCA|NO3,mFRR,Not Specified,Not Specified,MARGINAL,-0.55,-10.02
20/05/2023 14:00:00 - 20/05/2023 15:00:00,SCA|NO3,mFRR,Not Specified,Not Specified,MARGINAL,-0.09,-10.02
20/05/2023 15:00:00 - 20/05/2023 16:00:00,SCA|NO3,mFRR,Not Specified,Not Specified,MARGINAL,0.0,-16.0
20/05/2023 16:00:00 - 20/05/2023 17:00:00,SCA|NO3,mFRR,Not Specified,Not Specified,MARGINAL,1.32,-6.71
20/05/2023 17:00:00 - 20/05/2023 18:00:00,SCA|NO3,mFRR,Not Specified,Not Specified,MARGINAL,4.19,0.67
20/05/2023 18:00:00 - 20/05/2023 19:00:00,SCA|NO3,mFRR,Not Specified,Not Specified,MARGINAL,4.69,4.69
20/05/2023 19:00:00 - 20/05/2023 20:00:00,SCA|NO3,mFRR,Not Specified,Not Specified,MARGINAL,4.68,4.68
20/05/2023 20:00:00 - 20/05/2023 21:00:00,SCA|NO3,mFRR,Not Specified,Not Specified,MARGINAL,7.0,4.22
20/05/2023 21:00:00 - 20/05/2023 22:00:00,SCA|NO3,mFRR,Not Specified,Not Specified,MARGINAL,7.0,3.67
20/05/2023 22:00:00 - 20/05/2023 23:00:00,SCA|NO3,mFRR,Not Specified,Not Specified,MARGINAL,7.0,2.36
20/05/2023 23:00:00 - 21/05/2023 00:00:00,SCA|NO3,mFRR,Not Specified,Not Specified,MARGINAL,4.5,0.75
21/05/2023 00:00:00 - 21/05/2023 01:00:00,SCA|NO3,mFRR,Not Specified,Not Specified,MARGINAL,6.5,0.44
21/05/2023 01:00:00 - 21/05/2023 02:00:00,SCA|NO3,mFRR,Not Specified,Not Specified,MARGINAL,6.5,0.05
21/05/2023 02:00:00 - 21/05/2023 03:00:00,SCA|NO3,mFRR,Not Specified,Not Specified,MARGINAL,6.5,0.0
21/05/2023 03:00:00 - 21/05/2023 04:00:00,SCA|NO3,mFRR,Not Specified,Not Specified,MARGINAL,7.35,-0.03
21/05/2023 04:00:00 - 21/05/2023 05:00:00,SCA|NO3,mFRR,Not Specified,Not Specified,MARGINAL,7.35,0.01
21/05/2023 05:00:00 - 21/05/2023 06:00:00,SCA|NO3,mFRR,Not Specified,Not Specified,MARGINAL,7.0,0.02
21/05/2023 06:00:00 - 21/05/2023 07:00:00,SCA|NO3,mFRR,Not Specified,Not Specified,MARGINAL,6.5,1.24
21/05/2023 07:00:00 - 21/05/2023 08:00:00,SCA|NO3,mFRR,Not Specified,Not Specified,MARGINAL,5.0,2.57
21/05/2023 08:00:00 - 21/05/2023 09:00:00,SCA|NO3,mFRR,Not Specified,Not Specified,MARGINAL,7.0,3.38
21/05/2023 09:00:00 - 21/05/2023 10:00:00,SCA|NO3,mFRR,Not Specified,Not Specified,MARGINAL,6.5,-1.0
21/05/2023 10:00:00 - 21/05/2023 11:00:00,SCA|NO3,mFRR,Not Specified,Not Specified,MARGINAL,0.0,-3.5
21/05/2023 11:00:00 - 21/05/2023 12:00:00,SCA|NO3,mFRR,Not Specified,Not Specified,MARGINAL,-0.48,-2.69
21/05/2023 12:00:00 - 21/05/2023 13:00:00,SCA|NO3,mFRR,Not Specified,Not Specified,MARGINAL,-3.85,-4.0
21/05/2023 13:00:00 - 21/05/2023 14:00:00,SCA|NO3,mFRR,Not Specified,Not Specified,MARGINAL,-5.0,-5.0
21/05/2023 14:00:00 - 21/05/2023 15:00:00,SCA|NO3,mFRR,Not Specified,Not Specified,MARGINAL,-4.44,-5.0
21/05/2023 15:00:00 - 21/05/2023 16:00:00,SCA|NO3,mFRR,Not Specified,Not Specified,MARGINAL,-3.5,-5.0
21/05/2023 16:00:00 - 21/05/2023 17:00:00,SCA|NO3,mFRR,Not Specified,Not Specified,MARGINAL,6.5,-0.41
21/05/2023 17:00:00 - 21/05/2023 18:00:00,SCA|NO3,mFRR,Not Specified,Not Specified,MARGINAL,24.32,2.22
21/05/2023 18:00:00 - 21/05/2023 19:00:00,SCA|NO3,mFRR,Not Specified,Not Specified,MARGINAL,36.5,4.92
21/05/2023 19:00:00 - 21/05/2023 20:00:00,SCA|NO3,mFRR,Not Specified,Not Specified,MARGINAL,11.0,4.93
21/05/2023 20:00:00 - 21/05/2023 21:00:00,SCA|NO3,mFRR,Not Specified,Not Specified,MARGINAL,4.7,4.7
21/05/2023 21:00:00 - 21/05/2023 22:00:00,SCA|NO3,mFRR,Not Specified,Not Specified,MARGINAL,4.67,4.67
21/05/2023 22:00:00 - 21/05/2023 23:00:00,SCA|NO3,mFRR,Not Specified,Not Specified,MARGINAL,4.29,4.29
21/05/2023 23:00:00 - 22/05/2023 00:00:00,SCA|NO3,mFRR,Not Specified,Not Specified,MARGINAL,3.28,3.28
22/05/2023 00:00:00 - 22/05/2023 01:00:00,SCA|NO3,mFRR,Not Specified,Not Specified,MARGINAL,3.94,-18.0
22/05/2023 01:00:00 - 22/05/2023 02:00:00,SCA|NO3,mFRR,Not Specified,Not Specified,MARGINAL,3.97,-18.0
22/05/2023 02:00:00 - 22/05/2023 03:00:00,SCA|NO3,mFRR,Not Specified,Not Specified,MARGINAL,4.1,-18.0
22/05/2023 03:00:00 - 22/05/2023 04:00:00,SCA|NO3,mFRR,Not Specified,Not Specified,MARGINAL,4.01,-18.0
22/05/2023 04:00:00 - 22/05/2023 05:00:00,SCA|NO3,mFRR,Not Specified,Not Specified,MARGINAL,4.39,-18.0
22/05/2023 05:00:00 - 22/05/2023 06:00:00,SCA|NO3,mFRR,Not Specified,Not Specified,MARGINAL,6.23,-5.0
22/05/2023 06:00:00 - 22/05/2023 07:00:00,SCA|NO3,mFRR,Not Specified,Not Specified,MARGINAL,13.35,0.0
22/05/2023 07:00:00 - 22/05/2023 08:00:00,SCA|NO3,mFRR,Not Specified,Not Specified,MARGINAL,20.02,4.9
22/05/2023 08:00:00 - 22/05/2023 09:00:00,SCA|NO3,mFRR,Not Specified,Not Specified,MARGINAL,20.73,14.0
22/05/2023 09:00:00 - 22/05/2023 10:00:00,SCA|NO3,mFRR,Not Specified,Not Specified,MARGINAL,20.86,14.0
22/05/2023 10:00:00 - 22/05/2023 11:00:00,SCA|NO3,mFRR,Not Specified,Not Specified,MARGINAL,20.54,13.0
22/05/2023 11:00:00 - 22/05/2023 12:00:00,SCA|NO3,mFRR,Not Specified,Not Specified,MARGINAL,20.01,13.0
22/05/2023 12:00:00 - 22/05/2023 13:00:00,SCA|NO3,mFRR,Not Specified,Not Specified,MARGINAL,20.07,13.0
22/05/2023 13:00:00 - 22/05/2023 14:00:00,SCA|NO3,mFRR,Not Specified,Not Specified,MARGINAL,17.24,14.0
22/05/2023 14:00:00 - 22/05/2023 15:00:00,SCA|NO3,mFRR,Not Specified,Not Specified,MARGINAL,16.08,16.08
22/05/2023 15:00:00 - 22/05/2023 16:00:00,SCA|NO3,mFRR,Not Specified,Not Specified,MARGINAL,14.5,14.5
22/05/2023 16:00:00 - 22/05/2023 17:00:00,SCA|NO3,mFRR,Not Specified,Not Specified,MARGINAL,15.31,5.0
22/05/2023 17:00:00 - 22/05/2023 18:00:00,SCA|NO3,mFRR,Not Specified,Not Specified,MARGINAL,14.03,5.0
22/05/2023 18:00:00 - 22/05/2023 19:00:00,SCA|NO3,mFRR,Not Specified,Not Specified,MARGINAL,13.91,1.0
22/05/2023 19:00:00 - 22/05/2023 20:00:00,SCA|NO3,mFRR,Not Specified,Not Specified,MARGINAL,13.0,1.0
22/05/2023 20:00:00 - 22/05/2023 21:00:00,SCA|NO3,mFRR,Not Specified,Not Specified,MARGINAL,8.97,2.0
22/05/2023 21:00:00 - 22/05/2023 22:00:00,SCA|NO3,mFRR,Not Specified,Not Specified,MARGINAL,6.52,0.0
22/05/2023 22:00:00 - 22/05/2023 23:00:00,SCA|NO3,mFRR,Not Specified,Not Specified,MARGINAL,4.64,0.0
22/05/2023 23:00:00 - 23/05/2023 00:00:00,SCA|NO3,mFRR,Not Specified,Not Specified,MARGINAL,3.14,0.0
23/05/2023 00:00:00 - 23/05/2023 01:00:00,SCA|NO3,mFRR,Not Specified,Not Specified,MARGINAL,2.84,0.0
23/05/2023 01:00:00 - 23/05/2023 02:00:00,SCA|NO3,mFRR,Not Specified,Not Specified,MARGINAL,2.3,2.3
23/05/2023 02:00:00 - 23/05/2023 03:00:00,SCA|NO3,mFRR,Not Specified,Not Specified,MARGINAL,1.7,1.7
23/05/2023 03:00:00 - 23/05/2023 04:00:00,SCA|NO3,mFRR,Not Specified,Not Specified,MARGINAL,1.7,-9.0
23/05/2023 04:00:00 - 23/05/2023 05:00:00,SCA|NO3,mFRR,Not Specified,Not Specified,MARGINAL,2.4,-9.0
23/05/2023 05:00:00 - 23/05/2023 06:00:00,SCA|NO3,mFRR,Not Specified,Not Specified,MARGINAL,3.91,-9.0
23/05/2023 06:00:00 - 23/05/2023 07:00:00,SCA|NO3,mFRR,Not Specified,Not Specified,MARGINAL,8.47,-4.0
23/05/2023 07:00:00 - 23/05/2023 08:00:00,SCA|NO3,mFRR,Not Specified,Not Specified,MARGINAL,18.38,18.38
23/05/2023 08:00:00 - 23/05/2023 09:00:00,SCA|NO3,mFRR,Not Specified,Not Specified,MARGINAL,20.55,20.55
23/05/2023 09:00:00 - 23/05/2023 10:00:00,SCA|NO3,mFRR,Not Specified,Not Specified,MARGINAL,20.81,20.81
23/05/2023 10:00:00 - 23/05/2023 11:00:00,SCA|NO3,mFRR,Not Specified,Not Specified,MARGINAL,20.41,20.41
23/05/2023 11:00:00 - 23/05/2023 12:00:00,SCA|NO3,mFRR,Not Specified,Not Specified,MARGINAL,19.97,13.5
23/05/2023 12:00:00 - 23/05/2023 13:00:00,SCA|NO3,mFRR,Not Specified,Not Specified,MARGINAL,18.36,13.5
23/05/2023 13:00:00 - 23/05/2023 14:00:00,SCA|NO3,mFRR,Not Specified,Not Specified,MARGINAL,17.37,17.37
23/05/2023 14:00:00 - 23/05/2023 15:00:00,SCA|NO3,mFRR,Not Specified,Not Specified,MARGINAL,27.5,5.72
23/05/2023 15:00:00 - 23/05/2023 16:00:00,SCA|NO3,mFRR,Not Specified,Not Specified,MARGINAL,4.33,4.33
23/05/2023 16:00:00 - 23/05/2023 17:00:00,SCA|NO3,mFRR,Not Specified,Not Specified,MARGINAL,12.28,12.28
23/05/2023 17:00:00 - 23/05/2023 18:00:00,SCA|NO3,mFRR,Not Specified,Not Specified,MARGINAL,12.5,12.5
23/05/2023 18:00:00 - 23/05/2023 19:00:00,SCA|NO3,mFRR,Not Specified,Not Specified,MARGINAL,13.02,13.02
23/05/2023 19:00:00 - 23/05/2023 20:00:00,SCA|NO3,mFRR,Not Specified,Not Specified,MARGINAL,18.02,10.38
23/05/2023 20:00:00 - 23/05/2023 21:00:00,SCA|NO3,mFRR,Not Specified,Not Specified,MARGINAL,6.79,-3.0
23/05/2023 21:00:00 - 23/05/2023 22:00:00,SCA|NO3,mFRR,Not Specified,Not Specified,MARGINAL,4.95,-4.0
23/05/2023 22:00:00 - 23/05/2023 23:00:00,SCA|NO3,mFRR,Not Specified,Not Specified,MARGINAL,4.12,-5.0
23/05/2023 23:00:00 - 24/05/2023 00:00:00,SCA|NO3,mFRR,Not Specified,Not Specified,MARGINAL,2.64,-7.5
24/05/2023 00:00:00 - 24/05/2023 01:00:00,SCA|NO3,mFRR,Not Specified,Not Specified,MARGINAL,2.43,-5.0
24/05/2023 01:00:00 - 24/05/2023 02:00:00,SCA|NO3,mFRR,Not Specified,Not Specified,MARGINAL,1.51,-3.5
24/05/2023 02:00:00 - 24/05/2023 03:00:00,SCA|NO3,mFRR,Not Specified,Not Specified,MARGINAL,1.53,1.53
24/05/2023 03:00:00 - 24/05/2023 04:00:00,SCA|NO3,mFRR,Not Specified,Not Specified,MARGINAL,1.53,1.53
24/05/2023 04:00:00 - 24/05/2023 05:00:00,SCA|NO3,mFRR,Not Specified,Not Specified,MARGINAL,1.29,-4.0
24/05/2023 05:00:00 - 24/05/2023 06:00:00,SCA|NO3,mFRR,Not Specified,Not Specified,MARGINAL,1.3,-4.0
24/05/2023 06:00:00 - 24/05/2023 07:00:00,SCA|NO3,mFRR,Not Specified,Not Specified,MARGINAL,2.25,-4.0
24/05/2023 07:00:00 - 24/05/2023 08:00:00,SCA|NO3,mFRR,Not Specified,Not Specified,MARGINAL,3.6,-3.5
24/05/2023 08:00:00 - 24/05/2023 09:00:00,SCA|NO3,mFRR,Not Specified,Not Specified,MARGINAL,3.22,-4.0
24/05/2023 09:00:00 - 24/05/2023 10:00:00,SCA|NO3,mFRR,Not Specified,Not Specified,MARGINAL,1.44,-4.0
24/05/2023 10:00:00 - 24/05/2023 11:00:00,SCA|NO3,mFRR,Not Specified,Not Specified,MARGINAL,0.01,-4.0
24/05/2023 11:00:00 - 24/05/2023 12:00:00,SCA|NO3,mFRR,Not Specified,Not Specified,MARGINAL,-1.07,-4.0
24/05/2023 12:00:00 - 24/05/2023 13:00:00,SCA|NO3,mFRR,Not Specified,Not Specified,MARGINAL,-1.93,-1.93
24/05/2023 13:00:00 - 24/05/2023 14:00:00,SCA|NO3,mFRR,Not Specified,Not Specified,MARGINAL,5.5,-2.56
24/05/2023 14:00:00 - 24/05/2023 15:00:00,SCA|NO3,mFRR,Not Specified,Not Specified,MARGINAL,6.0,-2.58
24/05/2023 15:00:00 - 24/05/2023 16:00:00,SCA|NO3,mFRR,Not Specified,Not Specified,MARGINAL,6.0,-2.54
24/05/2023 16:00:00 - 24/05/2023 17:00:00,SCA|NO3,mFRR,Not Specified,Not Specified,MARGINAL,6.0,-1.91
24/05/2023 17:00:00 - 24/05/2023 18:00:00,SCA|NO3,mFRR,Not Specified,Not Specified,MARGINAL,4.5,-0.4
24/05/2023 18:00:00 - 24/05/2023 19:00:00,SCA|NO3,mFRR,Not Specified,Not Specified,MARGINAL,5.5,-0.04
24/05/2023 19:00:00 - 24/05/2023 20:00:00,SCA|NO3,mFRR,Not Specified,Not Specified,MARGINAL,10.0,-0.02
24/05/2023 20:00:00 - 24/05/2023 21:00:00,SCA|NO3,mFRR,Not Specified,Not Specified,MARGINAL,12.52,-0.01
24/05/2023 21:00:00 - 24/05/2023 22:00:00,SCA|NO3,mFRR,Not Specified,Not Specified,MARGINAL,12.53,0.0
24/05/2023 22:00:00 - 24/05/2023 23:00:00,SCA|NO3,mFRR,Not Specified,Not Specified,MARGINAL,11.0,-0.12
24/05/2023 23:00:00 - 25/05/2023 00:00:00,SCA|NO3,mFRR,Not Specified,Not Specified,MARGINAL,5.99,-2.05
25/05/2023 00:00:00 - 25/05/2023 01:00:00,SCA|NO3,mFRR,Not Specified,Not Specified,MARGINAL,-3.07,-3.07
25/05/2023 01:00:00 - 25/05/2023 02:00:00,SCA|NO3,mFRR,Not Specified,Not Specified,MARGINAL,-3.3,-3.3
25/05/2023 02:00:00 - 25/05/2023 03:00:00,SCA|NO3,mFRR,Not Specified,Not Specified,MARGINAL,-3.29,-3.29
25/05/2023 03:00:00 - 25/05/2023 04:00:00,SCA|NO3,mFRR,Not Specified,Not Specified,MARGINAL,5.0,-3.4
25/05/2023 04:00:00 - 25/05/2023 05:00:00,SCA|NO3,mFRR,Not Specified,Not Specified,MARGINAL,5.0,-3.29
25/05/2023 05:00:00 - 25/05/2023 06:00:00,SCA|NO3,mFRR,Not Specified,Not Specified,MARGINAL,5.0,-2.1
25/05/2023 06:00:00 - 25/05/2023 07:00:00,SCA|NO3,mFRR,Not Specified,Not Specified,MARGINAL,6.5,-0.05
25/05/2023 07:00:00 - 25/05/2023 08:00:00,SCA|NO3,mFRR,Not Specified,Not Specified,MARGINAL,6.5,0.11
25/05/2023 08:00:00 - 25/05/2023 09:00:00,SCA|NO3,mFRR,Not Specified,Not Specified,MARGINAL,6.0,-3.5
25/05/2023 09:00:00 - 25/05/2023 10:00:00,SCA|NO3,mFRR,Not Specified,Not Specified,MARGINAL,0.71,-3.5
25/05/2023 10:00:00 - 25/05/2023 11:00:00,SCA|NO3,mFRR,Not Specified,Not Specified,MARGINAL,-0.04,-3.5
25/05/2023 11:00:00 - 25/05/2023 12:00:00,SCA|NO3,mFRR,Not Specified,Not Specified,MARGINAL,-1.02,-3.5
25/05/2023 12:00:00 - 25/05/2023 13:00:00,SCA|NO3,mFRR,Not Specified,Not Specified,MARGINAL,-0.77,-3.5
25/05/2023 13:00:00 - 25/05/2023 14:00:00,SCA|NO3,mFRR,Not Specified,Not Specified,MARGINAL,-1.91,-3.5
25/05/2023 14:00:00 - 25/05/2023 15:00:00,SCA|NO3,mFRR,Not Specified,Not Specified,MARGINAL,-2.04,-3.5
25/05/2023 15:00:00 - 25/05/2023 16:00:00,SCA|NO3,mFRR,Not Specified,Not Specified,MARGINAL,4.5,-3.5
25/05/2023 16:00:00 - 25/05/2023 17:00:00,SCA|NO3,mFRR,Not Specified,Not Specified,MARGINAL,4.5,-2.06
25/05/2023 17:00:00 - 25/05/2023 18:00:00,SCA|NO3,mFRR,Not Specified,Not Specified,MARGINAL,4.5,-1.09
25/05/2023 18:00:00 - 25/05/2023 19:00:00,SCA|NO3,mFRR,Not Specified,Not Specified,MARGINAL,5.99,-0.15
25/05/2023 19:00:00 - 25/05/2023 20:00:00,SCA|NO3,mFRR,Not Specified,Not Specified,MARGINAL,10.91,0.11
25/05/2023 20:00:00 - 25/05/2023 21:00:00,SCA|NO3,mFRR,Not Specified,Not Specified,MARGINAL,11.32,1.43
25/05/2023 21:00:00 - 25/05/2023 22:00:00,SCA|NO3,mFRR,Not Specified,Not Specified,MARGINAL,11.27,1.85
25/05/2023 22:00:00 - 25/05/2023 23:00:00,SCA|NO3,mFRR,Not Specified,Not Specified,MARGINAL,10.88,1.34
25/05/2023 23:00:00 - 26/05/2023 00:00:00,SCA|NO3,mFRR,Not Specified,Not Specified,MARGINAL,9.37,-0.05
26/05/2023 00:00:00 - 26/05/2023 01:00:00,SCA|NO3,mFRR,Not Specified,Not Specified,MARGINAL,9.0,0.01
26/05/2023 01:00:00 - 26/05/2023 02:00:00,SCA|NO3,mFRR,Not Specified,Not Specified,MARGINAL,-0.04,-3.5
26/05/2023 02:00:00 - 26/05/2023 03:00:00,SCA|NO3,mFRR,Not Specified,Not Specified,MARGINAL,-0.08,-3.5
26/05/2023 03:00:00 - 26/05/2023 04:00:00,SCA|NO3,mFRR,Not Specified,Not Specified,MARGINAL,-0.09,-3.5
26/05/2023 04:00:00 - 26/05/2023 05:00:00,SCA|NO3,mFRR,Not Specified,Not Specified,MARGINAL,-0.02,-3.5
26/05/2023 05:00:00 - 26/05/2023 06:00:00,SCA|NO3,mFRR,Not Specified,Not Specified,MARGINAL,1.36,-4.0
26/05/2023 06:00:00 - 26/05/2023 07:00:00,SCA|NO3,mFRR,Not Specified,Not Specified,MARGINAL,2.15,2.15
26/05/2023 07:00:00 - 26/05/2023 08:00:00,SCA|NO3,mFRR,Not Specified,Not Specified,MARGINAL,2.72,-3.5
26/05/2023 08:00:00 - 26/05/2023 09:00:00,SCA|NO3,mFRR,Not Specified,Not Specified,MARGINAL,2.69,-4.0
26/05/2023 09:00:00 - 26/05/2023 10:00:00,SCA|NO3,mFRR,Not Specified,Not Specified,MARGINAL,1.99,-4.0
26/05/2023 10:00:00 - 26/05/2023 11:00:00,SCA|NO3,mFRR,Not Specified,Not Specified,MARGINAL,1.84,-4.0
26/05/2023 11:00:00 - 26/05/2023 12:00:00,SCA|NO3,mFRR,Not Specified,Not Specified,MARGINAL,1.76,-4.0
26/05/2023 12:00:00 - 26/05/2023 13:00:00,SCA|NO3,mFRR,Not Specified,Not Specified,MARGINAL,2.11,-6.0
26/05/2023 13:00:00 - 26/05/2023 14:00:00,SCA|NO3,mFRR,Not Specified,Not Specified,MARGINAL,0.97,-6.0
26/05/2023 14:00:00 - 26/05/2023 15:00:00,SCA|NO3,mFRR,Not Specified,Not Specified,MARGINAL,0.0,-7.0
26/05/2023 15:00:00 - 26/05/2023 16:00:00,SCA|NO3,mFRR,Not Specified,Not Specified,MARGINAL,0.07,-7.0
26/05/2023 16:00:00 - 26/05/2023 17:00:00,SCA|NO3,mFRR,Not Specified,Not Specified,MARGINAL,1.38,-4.0
26/05/2023 17:00:00 - 26/05/2023 18:00:00,SCA|NO3,mFRR,Not Specified,Not Specified,MARGINAL,1.78,-7.0
26/05/2023 18:00:00 - 26/05/2023 19:00:00,SCA|NO3,mFRR,Not Specified,Not Specified,MARGINAL,2.43,-7.0
26/05/2023 19:00:00 - 26/05/2023 20:00:00,SCA|NO3,mFRR,Not Specified,Not Specified,MARGINAL,3.21,-7.0
26/05/2023 20:00:00 - 26/05/2023 21:00:00,SCA|NO3,mFRR,Not Specified,Not Specified,MARGINAL,3.44,-3.68
26/05/2023 21:00:00 - 26/05/2023 22:00:00,SCA|NO3,mFRR,Not Specified,Not Specified,MARGINAL,10.0,3.97
26/05/2023 22:00:00 - 26/05/2023 23:00:00,SCA|NO3,mFRR,Not Specified,Not Specified,MARGINAL,3.45,3.45
26/05/2023 23:00:00 - 27/05/2023 00:00:00,SCA|NO3,mFRR,Not Specified,Not Specified,,,
27/05/2023 00:00:00 - 27/05/2023 01:00:00,SCA|NO3,mFRR,Not Specified,Not Specified,MARGINAL,1.62,0.0
27/05/2023 01:00:00 - 27/05/2023 02:00:00,SCA|NO3,mFRR,Not Specified,Not Specified,MARGINAL,1.88,-3.0
27/05/2023 02:00:00 - 27/05/2023 03:00:00,SCA|NO3,mFRR,Not Specified,Not Specified,MARGINAL,2.42,-3.0
27/05/2023 03:00:00 - 27/05/2023 04:00:00,SCA|NO3,mFRR,Not Specified,Not Specified,MARGINAL,3.06,-3.5
27/05/2023 04:00:00 - 27/05/2023 05:00:00,SCA|NO3,mFRR,Not Specified,Not Specified,MARGINAL,4.09,-3.5
27/05/2023 05:00:00 - 27/05/2023 06:00:00,SCA|NO3,mFRR,Not Specified,Not Specified,MARGINAL,6.63,-2.0
27/05/2023 06:00:00 - 27/05/2023 07:00:00,SCA|NO3,mFRR,Not Specified,Not Specified,MARGINAL,10.0,10.0
27/05/2023 07:00:00 - 27/05/2023 08:00:00,SCA|NO3,mFRR,Not Specified,Not Specified,MARGINAL,20.0,12.47
27/05/2023 08:00:00 - 27/05/2023 09:00:00,SCA|NO3,mFRR,Not Specified,Not Specified,MARGINAL,15.0,12.39
27/05/2023 09:00:00 - 27/05/2023 10:00:00,SCA|NO3,mFRR,Not Specified,Not Specified,MARGINAL,12.48,12.48
27/05/2023 10:00:00 - 27/05/2023 11:00:00,SCA|NO3,mFRR,Not Specified,Not Specified,MARGINAL,7.74,7.0
27/05/2023 11:00:00 - 27/05/2023 12:00:00,SCA|NO3,mFRR,Not Specified,Not Specified,MARGINAL,1.48,0.0
27/05/2023 12:00:00 - 27/05/2023 13:00:00,SCA|NO3,mFRR,Not Specified,Not Specified,MARGINAL,0.0,-4.0
27/05/2023 13:00:00 - 27/05/2023 14:00:00,SCA|NO3,mFRR,Not Specified,Not Specified,MARGINAL,-2.31,-10.0
27/05/2023 14:00:00 - 27/05/2023 15:00:00,SCA|NO3,mFRR,Not Specified,Not Specified,MARGINAL,-1.95,-6.0
27/05/2023 15:00:00 - 27/05/2023 16:00:00,SCA|NO3,mFRR,Not Specified,Not Specified,MARGINAL,0.4,-3.0
27/05/2023 16:00:00 - 27/05/2023 17:00:00,SCA|NO3,mFRR,Not Specified,Not Specified,MARGINAL,1.58,-3.5
27/05/2023 17:00:00 - 27/05/2023 18:00:00,SCA|NO3,mFRR,Not Specified,Not Specified,MARGINAL,1.69,1.69
27/05/2023 18:00:00 - 27/05/2023 19:00:00,SCA|NO3,mFRR,Not Specified,Not Specified,MARGINAL,9.8,1.85
27/05/2023 19:00:00 - 27/05/2023 20:00:00,SCA|NO3,mFRR,Not Specified,Not Specified,MARGINAL,10.0,1.4
27/05/2023 20:00:00 - 27/05/2023 21:00:00,SCA|NO3,mFRR,Not Specified,Not Specified,MARGINAL,8.5,1.2
27/05/2023 21:00:00 - 27/05/2023 22:00:00,SCA|NO3,mFRR,Not Specified,Not Specified,MARGINAL,-0.07,-0.07
27/05/2023 22:00:00 - 27/05/2023 23:00:00,SCA|NO3,mFRR,Not Specified,Not Specified,MARGINAL,-2.05,-2.05
27/05/2023 23:00:00 - 28/05/2023 00:00:00,SCA|NO3,mFRR,Not Specified,Not Specified,MARGINAL,-3.47,-3.47
28/05/2023 00:00:00 - 28/05/2023 01:00:00,SCA|NO3,mFRR,Not Specified,Not Specified,MARGINAL,-3.42,-3.42
28/05/2023 01:00:00 - 28/05/2023 02:00:00,SCA|NO3,mFRR,Not Specified,Not Specified,MARGINAL,2.0,-3.56
28/05/2023 02:00:00 - 28/05/2023 03:00:00,SCA|NO3,mFRR,Not Specified,Not Specified,MARGINAL,2.0,-4.12
28/05/2023 03:00:00 - 28/05/2023 04:00:00,SCA|NO3,mFRR,Not Specified,Not Specified,MARGINAL,-3.45,-3.45
28/05/2023 04:00:00 - 28/05/2023 05:00:00,SCA|NO3,mFRR,Not Specified,Not Specified,MARGINAL,-3.07,-3.07
28/05/2023 05:00:00 - 28/05/2023 06:00:00,SCA|NO3,mFRR,Not Specified,Not Specified,MARGINAL,-2.07,-2.07
28/05/2023 06:00:00 - 28/05/2023 07:00:00,SCA|NO3,mFRR,Not Specified,Not Specified,MARGINAL,4.5,-0.46
28/05/2023 07:00:00 - 28/05/2023 08:00:00,SCA|NO3,mFRR,Not Specified,Not Specified,MARGINAL,5.0,0.0
28/05/2023 08:00:00 - 28/05/2023 09:00:00,SCA|NO3,mFRR,Not Specified,Not Specified,MARGINAL,5.0,0.02
28/05/2023 09:00:00 - 28/05/2023 10:00:00,SCA|NO3,mFRR,Not Specified,Not Specified,MARGINAL,-0.05,-4.0
28/05/2023 10:00:00 - 28/05/2023 11:00:00,SCA|NO3,mFRR,Not Specified,Not Specified,MARGINAL,-3.08,-7.0
28/05/2023 11:00:00 - 28/05/2023 12:00:00,SCA|NO3,mFRR,Not Specified,Not Specified,MARGINAL,-10.06,-27.0
28/05/2023 12:00:00 - 28/05/2023 13:00:00,SCA|NO3,mFRR,Not Specified,Not Specified,MARGINAL,-10.03,-10.03
28/05/2023 13:00:00 - 28/05/2023 14:00:00,SCA|NO3,mFRR,Not Specified,Not Specified,MARGINAL,-9.91,-10.0
28/05/2023 14:00:00 - 28/05/2023 15:00:00,SCA|NO3,mFRR,Not Specified,Not Specified,MARGINAL,-10.0,-10.0
28/05/2023 15:00:00 - 28/05/2023 16:00:00,SCA|NO3,mFRR,Not Specified,Not Specified,MARGINAL,-4.91,-5.0
28/05/2023 16:00:00 - 28/05/2023 17:00:00,SCA|NO3,mFRR,Not Specified,Not Specified,MARGINAL,-5.04,-5.04
28/05/2023 17:00:00 - 28/05/2023 18:00:00,SCA|NO3,mFRR,Not Specified,Not Specified,MARGINAL,-0.06,-0.06
28/05/2023 18:00:00 - 28/05/2023 19:00:00,SCA|NO3,mFRR,Not Specified,Not Specified,MARGINAL,8.0,1.8
28/05/2023 19:00:00 - 28/05/2023 20:00:00,SCA|NO3,mFRR,Not Specified,Not Specified,MARGINAL,8.0,1.97
28/05/2023 20:00:00 - 28/05/2023 21:00:00,SCA|NO3,mFRR,Not Specified,Not Specified,MARGINAL,5.23,1.64
28/05/2023 21:00:00 - 28/05/2023 22:00:00,SCA|NO3,mFRR,Not Specified,Not Specified,MARGINAL,1.53,1.53
28/05/2023 22:00:00 - 28/05/2023 23:00:00,SCA|NO3,mFRR,Not Specified,Not Specified,MARGINAL,4.5,1.31
28/05/2023 23:00:00 - 29/05/2023 00:00:00,SCA|NO3,mFRR,Not Specified,Not Specified,MARGINAL,0.01,0.01
29/05/2023 00:00:00 - 29/05/2023 01:00:00,SCA|NO3,mFRR,Not Specified,Not Specified,MARGINAL,5.5,-0.13
29/05/2023 01:00:00 - 29/05/2023 02:00:00,SCA|NO3,mFRR,Not Specified,Not Specified,MARGINAL,5.5,-0.08
29/05/2023 02:00:00 - 29/05/2023 03:00:00,SCA|NO3,mFRR,Not Specified,Not Specified,MARGINAL,5.5,-0.07
29/05/2023 03:00:00 - 29/05/2023 04:00:00,SCA|NO3,mFRR,Not Specified,Not Specified,MARGINAL,-0.02,-0.02
29/05/2023 04:00:00 - 29/05/2023 05:00:00,SCA|NO3,mFRR,Not Specified,Not Specified,MARGINAL,1.15,1.15
29/05/2023 05:00:00 - 29/05/2023 06:00:00,SCA|NO3,mFRR,Not Specified,Not Specified,MARGINAL,2.28,2.28
29/05/2023 06:00:00 - 29/05/2023 07:00:00,SCA|NO3,mFRR,Not Specified,Not Specified,MARGINAL,11.82,4.12
29/05/2023 07:00:00 - 29/05/2023 08:00:00,SCA|NO3,mFRR,Not Specified,Not Specified,MARGINAL,15.59,7.53
29/05/2023 08:00:00 - 29/05/2023 09:00:00,SCA|NO3,mFRR,Not Specified,Not Specified,MARGINAL,20.8,8.65
29/05/2023 09:00:00 - 29/05/2023 10:00:00,SCA|NO3,mFRR,Not Specified,Not Specified,MARGINAL,4.03,4.03
29/05/2023 10:00:00 - 29/05/2023 11:00:00,SCA|NO3,mFRR,Not Specified,Not Specified,MARGINAL,3.49,3.49
29/05/2023 11:00:00 - 29/05/2023 12:00:00,SCA|NO3,mFRR,Not Specified,Not Specified,MARGINAL,2.3,2.3
29/05/2023 12:00:00 - 29/05/2023 13:00:00,SCA|NO3,mFRR,Not Specified,Not Specified,MARGINAL,6.4,2.1
29/05/2023 13:00:00 - 29/05/2023 14:00:00,SCA|NO3,mFRR,Not Specified,Not Specified,MARGINAL,5.0,1.87
29/05/2023 14:00:00 - 29/05/2023 15:00:00,SCA|NO3,mFRR,Not Specified,Not Specified,MARGINAL,1.63,-0.5
29/05/2023 15:00:00 - 29/05/2023 16:00:00,SCA|NO3,mFRR,Not Specified,Not Specified,MARGINAL,1.68,-3.5
29/05/2023 16:00:00 - 29/05/2023 17:00:00,SCA|NO3,mFRR,Not Specified,Not Specified,MARGINAL,1.54,-3.5
29/05/2023 17:00:00 - 29/05/2023 18:00:00,SCA|NO3,mFRR,Not Specified,Not Specified,MARGINAL,2.23,0.5
29/05/2023 18:00:00 - 29/05/2023 19:00:00,SCA|NO3,mFRR,Not Specified,Not Specified,MARGINAL,13.12,7.95
29/05/2023 19:00:00 - 29/05/2023 20:00:00,SCA|NO3,mFRR,Not Specified,Not Specified,MARGINAL,12.39,9.39
29/05/2023 20:00:00 - 29/05/2023 21:00:00,SCA|NO3,mFRR,Not Specified,Not Specified,MARGINAL,9.83,9.83
29/05/2023 21:00:00 - 29/05/2023 22:00:00,SCA|NO3,mFRR,Not Specified,Not Specified,MARGINAL,9.2,9.2
29/05/2023 22:00:00 - 29/05/2023 23:00:00,SCA|NO3,mFRR,Not Specified,Not Specified,MARGINAL,7.98,7.98
29/05/2023 23:00:00 - 30/05/2023 00:00:00,SCA|NO3,mFRR,Not Specified,Not Specified,MARGINAL,3.02,3.02
30/05/2023 00:00:00 - 30/05/2023 01:00:00,SCA|NO3,mFRR,Not Specified,Not Specified,MARGINAL,8.57,8.57
30/05/2023 01:00:00 - 30/05/2023 02:00:00,SCA|NO3,mFRR,Not Specified,Not Specified,MARGINAL,8.06,-4.0
30/05/2023 02:00:00 - 30/05/2023 03:00:00,SCA|NO3,mFRR,Not Specified,Not Specified,MARGINAL,9.04,-4.0
30/05/2023 03:00:00 - 30/05/2023 04:00:00,SCA|NO3,mFRR,Not Specified,Not Specified,MARGINAL,8.4,-4.0
30/05/2023 04:00:00 - 30/05/2023 05:00:00,SCA|NO3,mFRR,Not Specified,Not Specified,MARGINAL,11.68,-4.0
30/05/2023 05:00:00 - 30/05/2023 06:00:00,SCA|NO3,mFRR,Not Specified,Not Specified,MARGINAL,14.8,-3.0
30/05/2023 06:00:00 - 30/05/2023 07:00:00,SCA|NO3,mFRR,Not Specified,Not Specified,MARGINAL,15.63,1.0
30/05/2023 07:00:00 - 30/05/2023 08:00:00,SCA|NO3,mFRR,Not Specified,Not Specified,MARGINAL,26.22,15.95
30/05/2023 08:00:00 - 30/05/2023 09:00:00,SCA|NO3,mFRR,Not Specified,Not Specified,MARGINAL,26.43,18.05
30/05/2023 09:00:00 - 30/05/2023 10:00:00,SCA|NO3,mFRR,Not Specified,Not Specified,MARGINAL,17.7,17.7
30/05/2023 10:00:00 - 30/05/2023 11:00:00,SCA|NO3,mFRR,Not Specified,Not Specified,MARGINAL,17.58,17.58
30/05/2023 11:00:00 - 30/05/2023 12:00:00,SCA|NO3,mFRR,Not Specified,Not Specified,MARGINAL,16.76,16.76
30/05/2023 12:00:00 - 30/05/2023 13:00:00,SCA|NO3,mFRR,Not Specified,Not Specified,MARGINAL,16.01,16.01
30/05/2023 13:00:00 - 30/05/2023 14:00:00,SCA|NO3,mFRR,Not Specified,Not Specified,MARGINAL,15.54,15.54
30/05/2023 14:00:00 - 30/05/2023 15:00:00,SCA|NO3,mFRR,Not Specified,Not Specified,MARGINAL,15.33,15.33
30/05/2023 15:00:00 - 30/05/2023 16:00:00,SCA|NO3,mFRR,Not Specified,Not Specified,MARGINAL,13.1,3.0
30/05/2023 16:00:00 - 30/05/2023 17:00:00,SCA|NO3,mFRR,Not Specified,Not Specified,MARGINAL,14.92,11.92
30/05/2023 17:00:00 - 30/05/2023 18:00:00,SCA|NO3,mFRR,Not Specified,Not Specified,MARGINAL,9.55,9.55
30/05/2023 18:00:00 - 30/05/2023 19:00:00,SCA|NO3,mFRR,Not Specified,Not Specified,MARGINAL,9.8,9.8
30/05/2023 19:00:00 - 30/05/2023 20:00:00,SCA|NO3,mFRR,Not Specified,Not Specified,MARGINAL,10.73,5.95
30/05/2023 20:00:00 - 30/05/2023 21:00:00,SCA|NO3,mFRR,Not Specified,Not Specified,MARGINAL,12.0,2.46
30/05/2023 21:00:00 - 30/05/2023 22:00:00,SCA|NO3,mFRR,Not Specified,Not Specified,MARGINAL,15.96,1.73
30/05/2023 22:00:00 - 30/05/2023 23:00:00,SCA|NO3,mFRR,Not Specified,Not Specified,MARGINAL,9.94,0.11
30/05/2023 23:00:00 - 31/05/2023 00:00:00,SCA|NO3,mFRR,Not Specified,Not Specified,MARGINAL,-1.29,-4.0
31/05/2023 00:00:00 - 31/05/2023 01:00:00,SCA|NO3,mFRR,Not Specified,Not Specified,MARGINAL,-3.7,-4.5
31/05/2023 01:00:00 - 31/05/2023 02:00:00,SCA|NO3,mFRR,Not Specified,Not Specified,MARGINAL,-3.84,-4.5
31/05/2023 02:00:00 - 31/05/2023 03:00:00,SCA|NO3,mFRR,Not Specified,Not Specified,MARGINAL,-3.79,-4.5
31/05/2023 03:00:00 - 31/05/2023 04:00:00,SCA|NO3,mFRR,Not Specified,Not Specified,MARGINAL,-4.13,-4.13
31/05/2023 04:00:00 - 31/05/2023 05:00:00,SCA|NO3,mFRR,Not Specified,Not Specified,MARGINAL,-3.34,-4.5
31/05/2023 05:00:00 - 31/05/2023 06:00:00,SCA|NO3,mFRR,Not Specified,Not Specified,MARGINAL,-2.58,-4.5
31/05/2023 06:00:00 - 31/05/2023 07:00:00,SCA|NO3,mFRR,Not Specified,Not Specified,MARGINAL,0.0,-0.14
31/05/2023 07:00:00 - 31/05/2023 08:00:00,SCA|NO3,mFRR,Not Specified,Not Specified,MARGINAL,0.34,0.34
31/05/2023 08:00:00 - 31/05/2023 09:00:00,SCA|NO3,mFRR,Not Specified,Not Specified,MARGINAL,10.0,1.17
31/05/2023 09:00:00 - 31/05/2023 10:00:00,SCA|NO3,mFRR,Not Specified,Not Specified,MARGINAL,1.2,1.2
31/05/2023 10:00:00 - 31/05/2023 11:00:00,SCA|NO3,mFRR,Not Specified,Not Specified,MARGINAL,0.98,0.98
31/05/2023 11:00:00 - 31/05/2023 12:00:00,SCA|NO3,mFRR,Not Specified,Not Specified,MARGINAL,0.11,0.11
31/05/2023 12:00:00 - 31/05/2023 13:00:00,SCA|NO3,mFRR,Not Specified,Not Specified,MARGINAL,9.42,0.1
31/05/2023 13:00:00 - 31/05/2023 14:00:00,SCA|NO3,mFRR,Not Specified,Not Specified,MARGINAL,-0.02,-1.0
31/05/2023 14:00:00 - 31/05/2023 15:00:00,SCA|NO3,mFRR,Not Specified,Not Specified,MARGINAL,-0.81,-3.36
31/05/2023 15:00:00 - 31/05/2023 16:00:00,SCA|NO3,mFRR,Not Specified,Not Specified,MARGINAL,-0.17,-1.0
31/05/2023 16:00:00 - 31/05/2023 17:00:00,SCA|NO3,mFRR,Not Specified,Not Specified,MARGINAL,9.0,0.0
31/05/2023 17:00:00 - 31/05/2023 18:00:00,SCA|NO3,mFRR,Not Specified,Not Specified,MARGINAL,9.0,0.0
31/05/2023 18:00:00 - 31/05/2023 19:00:00,SCA|NO3,mFRR,Not Specified,Not Specified,MARGINAL,9.0,0.01
31/05/2023 19:00:00 - 31/05/2023 20:00:00,SCA|NO3,mFRR,Not Specified,Not Specified,MARGINAL,11.14,0.0
31/05/2023 20:00:00 - 31/05/2023 21:00:00,SCA|NO3,mFRR,Not Specified,Not Specified,MARGINAL,27.0,0.0
31/05/2023 21:00:00 - 31/05/2023 22:00:00,SCA|NO3,mFRR,Not Specified,Not Specified,MARGINAL,27.0,0.01
31/05/2023 22:00:00 - 31/05/2023 23:00:00,SCA|NO3,mFRR,Not Specified,Not Specified,MARGINAL,20.0,0.01
31/05/2023 23:00:00 - 01/06/2023 00:00:00,SCA|NO3,mFRR,Not Specified,Not Specified,MARGINAL,20.0,0.0
01/06/2023 00:00:00 - 01/06/2023 01:00:00,SCA|NO3,mFRR,Not Specified,Not Specified,MARGINAL,20.0,0.95
01/06/2023 01:00:00 - 01/06/2023 02:00:00,SCA|NO3,mFRR,Not Specified,Not Specified,MARGINAL,10.0,0.06
01/06/2023 02:00:00 - 01/06/2023 03:00:00,SCA|NO3,mFRR,Not Specified,Not Specified,MARGINAL,10.0,0.01
01/06/2023 03:00:00 - 01/06/2023 04:00:00,SCA|NO3,mFRR,Not Specified,Not Specified,MARGINAL,6.0,0.08
01/06/2023 04:00:00 - 01/06/2023 05:00:00,SCA|NO3,mFRR,Not Specified,Not Specified,MARGINAL,6.0,1.35
01/06/2023 05:00:00 - 01/06/2023 06:00:00,SCA|NO3,mFRR,Not Specified,Not Specified,MARGINAL,2.07,2.07
01/06/2023 06:00:00 - 01/06/2023 07:00:00,SCA|NO3,mFRR,Not Specified,Not Specified,MARGINAL,3.97,3.97
01/06/2023 07:00:00 - 01/06/2023 08:00:00,SCA|NO3,mFRR,Not Specified,Not Specified,MARGINAL,7.45,7.45
01/06/2023 08:00:00 - 01/06/2023 09:00:00,SCA|NO3,mFRR,Not Specified,Not Specified,MARGINAL,9.23,9.23
01/06/2023 09:00:00 - 01/06/2023 10:00:00,SCA|NO3,mFRR,Not Specified,Not Specified,MARGINAL,8.6,8.6
01/06/2023 10:00:00 - 01/06/2023 11:00:00,SCA|NO3,mFRR,Not Specified,Not Specified,MARGINAL,7.87,7.87
01/06/2023 11:00:00 - 01/06/2023 12:00:00,SCA|NO3,mFRR,Not Specified,Not Specified,MARGINAL,6.64,-5.0
01/06/2023 12:00:00 - 01/06/2023 13:00:00,SCA|NO3,mFRR,Not Specified,Not Specified,MARGINAL,5.1,-5.0
01/06/2023 13:00:00 - 01/06/2023 14:00:00,SCA|NO3,mFRR,Not Specified,Not Specified,MARGINAL,4.94,-5.0
01/06/2023 14:00:00 - 01/06/2023 15:00:00,SCA|NO3,mFRR,Not Specified,Not Specified,MARGINAL,3.01,-5.0
01/06/2023 15:00:00 - 01/06/2023 16:00:00,SCA|NO3,mFRR,Not Specified,Not Specified,MARGINAL,4.98,-4.5
01/06/2023 16:00:00 - 01/06/2023 17:00:00,SCA|NO3,mFRR,Not Specified,Not Specified,MARGINAL,4.97,-4.5
01/06/2023 17:00:00 - 01/06/2023 18:00:00,SCA|NO3,mFRR,Not Specified,Not Specified,MARGINAL,4.97,4.97
01/06/2023 18:00:00 - 01/06/2023 19:00:00,SCA|NO3,mFRR,Not Specified,Not Specified,MARGINAL,5.87,5.87
01/06/2023 19:00:00 - 01/06/2023 20:00:00,SCA|NO3,mFRR,Not Specified,Not Specified,MARGINAL,6.9,6.9
01/06/2023 20:00:00 - 01/06/2023 21:00:00,SCA|NO3,mFRR,Not Specified,Not Specified,MARGINAL,7.87,7.87
01/06/2023 21:00:00 - 01/06/2023 22:00:00,SCA|NO3,mFRR,Not Specified,Not Specified,MARGINAL,9.42,9.42
01/06/2023 22:00:00 - 01/06/2023 23:00:00,SCA|NO3,mFRR,Not Specified,Not Specified,MARGINAL,8.67,8.67
01/06/2023 23:00:00 - 02/06/2023 00:00:00,SCA|NO3,mFRR,Not Specified,Not Specified,MARGINAL,4.99,4.99
02/06/2023 00:00:00 - 02/06/2023 01:00:00,SCA|NO3,mFRR,Not Specified,Not Specified,MARGINAL,2.02,2.02
02/06/2023 01:00:00 - 02/06/2023 02:00:00,SCA|NO3,mFRR,Not Specified,Not Specified,MARGINAL,1.67,1.67
02/06/2023 02:00:00 - 02/06/2023 03:00:00,SCA|NO3,mFRR,Not Specified,Not Specified,MARGINAL,1.53,1.53
02/06/2023 03:00:00 - 02/06/2023 04:00:00,SCA|NO3,mFRR,Not Specified,Not Specified,MARGINAL,1.56,1.56
02/06/2023 04:00:00 - 02/06/2023 05:00:00,SCA|NO3,mFRR,Not Specified,Not Specified,MARGINAL,2.13,2.13
02/06/2023 05:00:00 - 02/06/2023 06:00:00,SCA|NO3,mFRR,Not Specified,Not Specified,MARGINAL,3.74,3.74
02/06/2023 06:00:00 - 02/06/2023 07:00:00,SCA|NO3,mFRR,Not Specified,Not Specified,MARGINAL,29.0,8.76
02/06/2023 07:00:00 - 02/06/2023 08:00:00,SCA|NO3,mFRR,Not Specified,Not Specified,MARGINAL,36.0,10.4
02/06/2023 08:00:00 - 02/06/2023 09:00:00,SCA|NO3,mFRR,Not Specified,Not Specified,MARGINAL,36.0,16.5
02/06/2023 09:00:00 - 02/06/2023 10:00:00,SCA|NO3,mFRR,Not Specified,Not Specified,MARGINAL,34.34,17.35
02/06/2023 10:00:00 - 02/06/2023 11:00:00,SCA|NO3,mFRR,Not Specified,Not Specified,MARGINAL,17.54,17.54
02/06/2023 11:00:00 - 02/06/2023 12:00:00,SCA|NO3,mFRR,Not Specified,Not Specified,MARGINAL,17.59,17.59
02/06/2023 12:00:00 - 02/06/2023 13:00:00,SCA|NO3,mFRR,Not Specified,Not Specified,MARGINAL,17.48,17.48
02/06/2023 13:00:00 - 02/06/2023 14:00:00,SCA|NO3,mFRR,Not Specified,Not Specified,MARGINAL,19.53,17.64
02/06/2023 14:00:00 - 02/06/2023 15:00:00,SCA|NO3,mFRR,Not Specified,Not Specified,MARGINAL,19.75,17.94
02/06/2023 15:00:00 - 02/06/2023 16:00:00,SCA|NO3,mFRR,Not Specified,Not Specified,MARGINAL,19.21,11.5
02/06/2023 16:00:00 - 02/06/2023 17:00:00,SCA|NO3,mFRR,Not Specified,Not Specified,MARGINAL,17.67,10.74
02/06/2023 17:00:00 - 02/06/2023 18:00:00,SCA|NO3,mFRR,Not Specified,Not Specified,MARGINAL,17.62,16.89
02/06/2023 18:00:00 - 02/06/2023 19:00:00,SCA|NO3,mFRR,Not Specified,Not Specified,MARGINAL,17.52,17.52
02/06/2023 19:00:00 - 02/06/2023 20:00:00,SCA|NO3,mFRR,Not Specified,Not Specified,MARGINAL,41.78,17.28
02/06/2023 20:00:00 - 02/06/2023 21:00:00,SCA|NO3,mFRR,Not Specified,Not Specified,MARGINAL,40.0,17.13
02/06/2023 21:00:00 - 02/06/2023 22:00:00,SCA|NO3,mFRR,Not Specified,Not Specified,MARGINAL,28.5,16.8
02/06/2023 22:00:00 - 02/06/2023 23:00:00,SCA|NO3,mFRR,Not Specified,Not Specified,MARGINAL,15.29,15.0
02/06/2023 23:00:00 - 03/06/2023 00:00:00,SCA|NO3,mFRR,Not Specified,Not Specified,MARGINAL,13.84,10.5
03/06/2023 00:00:00 - 03/06/2023 01:00:00,SCA|NO3,mFRR,Not Specified,Not Specified,MARGINAL,17.01,17.01
03/06/2023 01:00:00 - 03/06/2023 02:00:00,SCA|NO3,mFRR,Not Specified,Not Specified,MARGINAL,16.43,16.43
03/06/2023 02:00:00 - 03/06/2023 03:00:00,SCA|NO3,mFRR,Not Specified,Not Specified,MARGINAL,14.68,14.68
03/06/2023 03:00:00 - 03/06/2023 04:00:00,SCA|NO3,mFRR,Not Specified,Not Specified,MARGINAL,13.96,13.96
03/06/2023 04:00:00 - 03/06/2023 05:00:00,SCA|NO3,mFRR,Not Specified,Not Specified,MARGINAL,13.91,13.91
03/06/2023 05:00:00 - 03/06/2023 06:00:00,SCA|NO3,mFRR,Not Specified,Not Specified,MARGINAL,13.6,13.6
03/06/2023 06:00:00 - 03/06/2023 07:00:00,SCA|NO3,mFRR,Not Specified,Not Specified,MARGINAL,13.59,13.59
03/06/2023 07:00:00 - 03/06/2023 08:00:00,SCA|NO3,mFRR,Not Specified,Not Specified,MARGINAL,13.71,13.71
03/06/2023 08:00:00 - 03/06/2023 09:00:00,SCA|NO3,mFRR,Not Specified,Not Specified,MARGINAL,14.04,14.04
03/06/2023 09:00:00 - 03/06/2023 10:00:00,SCA|NO3,mFRR,Not Specified,Not Specified,MARGINAL,16.51,16.51
03/06/2023 10:00:00 - 03/06/2023 11:00:00,SCA|NO3,mFRR,Not Specified,Not Specified,MARGINAL,16.99,16.99
03/06/2023 11:00:00 - 03/06/2023 12:00:00,SCA|NO3,mFRR,Not Specified,Not Specified,MARGINAL,6.23,6.23
03/06/2023 12:00:00 - 03/06/2023 13:00:00,SCA|NO3,mFRR,Not Specified,Not Specified,MARGINAL,12.59,2.59
03/06/2023 13:00:00 - 03/06/2023 14:00:00,SCA|NO3,mFRR,Not Specified,Not Specified,MARGINAL,2.22,-3.0
03/06/2023 14:00:00 - 03/06/2023 15:00:00,SCA|NO3,mFRR,Not Specified,Not Specified,MARGINAL,1.78,-3.0
03/06/2023 15:00:00 - 03/06/2023 16:00:00,SCA|NO3,mFRR,Not Specified,Not Specified,MARGINAL,1.61,1.61
03/06/2023 16:00:00 - 03/06/2023 17:00:00,SCA|NO3,mFRR,Not Specified,Not Specified,MARGINAL,5.38,5.0
03/06/2023 17:00:00 - 03/06/2023 18:00:00,SCA|NO3,mFRR,Not Specified,Not Specified,MARGINAL,13.96,13.96
03/06/2023 18:00:00 - 03/06/2023 19:00:00,SCA|NO3,mFRR,Not Specified,Not Specified,MARGINAL,14.44,14.44
03/06/2023 19:00:00 - 03/06/2023 20:00:00,SCA|NO3,mFRR,Not Specified,Not Specified,MARGINAL,13.86,13.86
03/06/2023 20:00:00 - 03/06/2023 21:00:00,SCA|NO3,mFRR,Not Specified,Not Specified,MARGINAL,13.08,13.08
03/06/2023 21:00:00 - 03/06/2023 22:00:00,SCA|NO3,mFRR,Not Specified,Not Specified,MARGINAL,11.51,11.51
03/06/2023 22:00:00 - 03/06/2023 23:00:00,SCA|NO3,mFRR,Not Specified,Not Specified,MARGINAL,9.94,9.94
03/06/2023 23:00:00 - 04/06/2023 00:00:00,SCA|NO3,mFRR,Not Specified,Not Specified,MARGINAL,8.87,8.87
04/06/2023 00:00:00 - 04/06/2023 01:00:00,SCA|NO3,mFRR,Not Specified,Not Specified,MARGINAL,7.19,7.19
04/06/2023 01:00:00 - 04/06/2023 02:00:00,SCA|NO3,mFRR,Not Specified,Not Specified,MARGINAL,7.22,7.22
04/06/2023 02:00:00 - 04/06/2023 03:00:00,SCA|NO3,mFRR,Not Specified,Not Specified,MARGINAL,7.37,7.37
04/06/2023 03:00:00 - 04/06/2023 04:00:00,SCA|NO3,mFRR,Not Specified,Not Specified,MARGINAL,7.31,7.31
04/06/2023 04:00:00 - 04/06/2023 05:00:00,SCA|NO3,mFRR,Not Specified,Not Specified,MARGINAL,8.14,8.14
04/06/2023 05:00:00 - 04/06/2023 06:00:00,SCA|NO3,mFRR,Not Specified,Not Specified,MARGINAL,9.17,9.17
04/06/2023 06:00:00 - 04/06/2023 07:00:00,SCA|NO3,mFRR,Not Specified,Not Specified,MARGINAL,10.17,3.0
04/06/2023 07:00:00 - 04/06/2023 08:00:00,SCA|NO3,mFRR,Not Specified,Not Specified,MARGINAL,12.05,3.0
04/06/2023 08:00:00 - 04/06/2023 09:00:00,SCA|NO3,mFRR,Not Specified,Not Specified,MARGINAL,13.87,3.0
04/06/2023 09:00:00 - 04/06/2023 10:00:00,SCA|NO3,mFRR,Not Specified,Not Specified,MARGINAL,17.26,3.0
04/06/2023 10:00:00 - 04/06/2023 11:00:00,SCA|NO3,mFRR,Not Specified,Not Specified,MARGINAL,8.22,8.22
04/06/2023 11:00:00 - 04/06/2023 12:00:00,SCA|NO3,mFRR,Not Specified,Not Specified,MARGINAL,12.09,4.49
04/06/2023 12:00:00 - 04/06/2023 13:00:00,SCA|NO3,mFRR,Not Specified,Not Specified,MARGINAL,12.01,-2.0
04/06/2023 13:00:00 - 04/06/2023 14:00:00,SCA|NO3,mFRR,Not Specified,Not Specified,MARGINAL,3.63,-3.5
04/06/2023 14:00:00 - 04/06/2023 15:00:00,SCA|NO3,mFRR,Not Specified,Not Specified,MARGINAL,3.05,-5.5
04/06/2023 15:00:00 - 04/06/2023 16:00:00,SCA|NO3,mFRR,Not Specified,Not Specified,MARGINAL,3.0,-5.5
04/06/2023 16:00:00 - 04/06/2023 17:00:00,SCA|NO3,mFRR,Not Specified,Not Specified,MARGINAL,5.01,-5.5
04/06/2023 17:00:00 - 04/06/2023 18:00:00,SCA|NO3,mFRR,Not Specified,Not Specified,MARGINAL,15.4,15.4
04/06/2023 18:00:00 - 04/06/2023 19:00:00,SCA|NO3,mFRR,Not Specified,Not Specified,MARGINAL,15.49,0.5
04/06/2023 19:00:00 - 04/06/2023 20:00:00,SCA|NO3,mFRR,Not Specified,Not Specified,,,
04/06/2023 20:00:00 - 04/06/2023 21:00:00,SCA|NO3,mFRR,Not Specified,Not Specified,MARGINAL,13.18,-3.0
04/06/2023 21:00:00 - 04/06/2023 22:00:00,SCA|NO3,mFRR,Not Specified,Not Specified,MARGINAL,12.44,0.0
04/06/2023 22:00:00 - 04/06/2023 23:00:00,SCA|NO3,mFRR,Not Specified,Not Specified,MARGINAL,9.55,-5.0
04/06/2023 23:00:00 - 05/06/2023 00:00:00,SCA|NO3,mFRR,Not Specified,Not Specified,MARGINAL,6.55,-5.0
05/06/2023 00:00:00 - 05/06/2023 01:00:00,SCA|NO3,mFRR,Not Specified,Not Specified,MARGINAL,1.17,-2.0
05/06/2023 01:00:00 - 05/06/2023 02:00:00,SCA|NO3,mFRR,Not Specified,Not Specified,MARGINAL,0.01,0.01
05/06/2023 02:00:00 - 05/06/2023 03:00:00,SCA|NO3,mFRR,Not Specified,Not Specified,MARGINAL,9.0,0.0
05/06/2023 03:00:00 - 05/06/2023 04:00:00,SCA|NO3,mFRR,Not Specified,Not Specified,MARGINAL,9.0,-0.02
05/06/2023 04:00:00 - 05/06/2023 05:00:00,SCA|NO3,mFRR,Not Specified,Not Specified,MARGINAL,7.0,0.0
05/06/2023 05:00:00 - 05/06/2023 06:00:00,SCA|NO3,mFRR,Not Specified,Not Specified,MARGINAL,0.01,0.01
05/06/2023 06:00:00 - 05/06/2023 07:00:00,SCA|NO3,mFRR,Not Specified,Not Specified,MARGINAL,13.5,2.57
05/06/2023 07:00:00 - 05/06/2023 08:00:00,SCA|NO3,mFRR,Not Specified,Not Specified,MARGINAL,12.41,4.9
05/06/2023 08:00:00 - 05/06/2023 09:00:00,SCA|NO3,mFRR,Not Specified,Not Specified,MARGINAL,6.73,-3.0
05/06/2023 09:00:00 - 05/06/2023 10:00:00,SCA|NO3,mFRR,Not Specified,Not Specified,MARGINAL,6.48,-7.0
05/06/2023 10:00:00 - 05/06/2023 11:00:00,SCA|NO3,mFRR,Not Specified,Not Specified,MARGINAL,5.01,-7.0
05/06/2023 11:00:00 - 05/06/2023 12:00:00,SCA|NO3,mFRR,Not Specified,Not Specified,MARGINAL,5.02,-7.0
05/06/2023 12:00:00 - 05/06/2023 13:00:00,SCA|NO3,mFRR,Not Specified,Not Specified,MARGINAL,4.99,-7.0
05/06/2023 13:00:00 - 05/06/2023 14:00:00,SCA|NO3,mFRR,Not Specified,Not Specified,MARGINAL,5.09,-7.0
05/06/2023 14:00:00 - 05/06/2023 15:00:00,SCA|NO3,mFRR,Not Specified,Not Specified,MARGINAL,5.11,-7.0
05/06/2023 15:00:00 - 05/06/2023 16:00:00,SCA|NO3,mFRR,Not Specified,Not Specified,MARGINAL,5.37,-7.0
05/06/2023 16:00:00 - 05/06/2023 17:00:00,SCA|NO3,mFRR,Not Specified,Not Specified,MARGINAL,4.98,-7.0
05/06/2023 17:00:00 - 05/06/2023 18:00:00,SCA|NO3,mFRR,Not Specified,Not Specified,MARGINAL,5.38,-7.0
05/06/2023 18:00:00 - 05/06/2023 19:00:00,SCA|NO3,mFRR,Not Specified,Not Specified,MARGINAL,6.17,-6.0
05/06/2023 19:00:00 - 05/06/2023 20:00:00,SCA|NO3,mFRR,Not Specified,Not Specified,MARGINAL,7.66,-4.0
05/06/2023 20:00:00 - 05/06/2023 21:00:00,SCA|NO3,mFRR,Not Specified,Not Specified,MARGINAL,8.59,-3.18
05/06/2023 21:00:00 - 05/06/2023 22:00:00,SCA|NO3,mFRR,Not Specified,Not Specified,MARGINAL,8.01,-3.0
05/06/2023 22:00:00 - 05/06/2023 23:00:00,SCA|NO3,mFRR,Not Specified,Not Specified,MARGINAL,9.5,5.65
05/06/2023 23:00:00 - 06/06/2023 00:00:00,SCA|NO3,mFRR,Not Specified,Not Specified,MARGINAL,5.32,-4.0
06/06/2023 00:00:00 - 06/06/2023 01:00:00,SCA|NO3,mFRR,Not Specified,Not Specified,MARGINAL,15.0,-4.0
06/06/2023 01:00:00 - 06/06/2023 02:00:00,SCA|NO3,mFRR,Not Specified,Not Specified,MARGINAL,19.0,6.1
06/06/2023 02:00:00 - 06/06/2023 03:00:00,SCA|NO3,mFRR,Not Specified,Not Specified,MARGINAL,7.06,7.06
06/06/2023 03:00:00 - 06/06/2023 04:00:00,SCA|NO3,mFRR,Not Specified,Not Specified,MARGINAL,21.14,7.91
06/06/2023 04:00:00 - 06/06/2023 05:00:00,SCA|NO3,mFRR,Not Specified,Not Specified,MARGINAL,21.14,9.78
06/06/2023 05:00:00 - 06/06/2023 06:00:00,SCA|NO3,mFRR,Not Specified,Not Specified,MARGINAL,19.0,14.33
06/06/2023 06:00:00 - 06/06/2023 07:00:00,SCA|NO3,mFRR,Not Specified,Not Specified,MARGINAL,19.0,18.25
06/06/2023 07:00:00 - 06/06/2023 08:00:00,SCA|NO3,mFRR,Not Specified,Not Specified,MARGINAL,28.0,18.43
06/06/2023 08:00:00 - 06/06/2023 09:00:00,SCA|NO3,mFRR,Not Specified,Not Specified,MARGINAL,28.0,18.9
06/06/2023 09:00:00 - 06/06/2023 10:00:00,SCA|NO3,mFRR,Not Specified,Not Specified,MARGINAL,28.0,18.94
06/06/2023 10:00:00 - 06/06/2023 11:00:00,SCA|NO3,mFRR,Not Specified,Not Specified,MARGINAL,18.97,18.97
06/06/2023 11:00:00 - 06/06/2023 12:00:00,SCA|NO3,mFRR,Not Specified,Not Specified,MARGINAL,19.07,19.07
06/06/2023 12:00:00 - 06/06/2023 13:00:00,SCA|NO3,mFRR,Not Specified,Not Specified,MARGINAL,19.22,19.22
06/06/2023 13:00:00 - 06/06/2023 14:00:00,SCA|NO3,mFRR,Not Specified,Not Specified,MARGINAL,19.3,19.3
06/06/2023 14:00:00 - 06/06/2023 15:00:00,SCA|NO3,mFRR,Not Specified,Not Specified,MARGINAL,19.24,19.24
06/06/2023 15:00:00 - 06/06/2023 16:00:00,SCA|NO3,mFRR,Not Specified,Not Specified,MARGINAL,18.88,18.88
06/06/2023 16:00:00 - 06/06/2023 17:00:00,SCA|NO3,mFRR,Not Specified,Not Specified,MARGINAL,19.34,19.34
06/06/2023 17:00:00 - 06/06/2023 18:00:00,SCA|NO3,mFRR,Not Specified,Not Specified,MARGINAL,21.79,21.79
06/06/2023 18:00:00 - 06/06/2023 19:00:00,SCA|NO3,mFRR,Not Specified,Not Specified,MARGINAL,24.93,24.93
06/06/2023 19:00:00 - 06/06/2023 20:00:00,SCA|NO3,mFRR,Not Specified,Not Specified,MARGINAL,30.0,25.42
06/06/2023 20:00:00 - 06/06/2023 21:00:00,SCA|NO3,mFRR,Not Specified,Not Specified,MARGINAL,35.5,20.82
06/06/2023 21:00:00 - 06/06/2023 22:00:00,SCA|NO3,mFRR,Not Specified,Not Specified,MARGINAL,30.0,20.6
06/06/2023 22:00:00 - 06/06/2023 23:00:00,SCA|NO3,mFRR,Not Specified,Not Specified,MARGINAL,19.21,19.21
06/06/2023 23:00:00 - 07/06/2023 00:00:00,SCA|NO3,mFRR,Not Specified,Not Specified,MARGINAL,18.33,18.33
07/06/2023 00:00:00 - 07/06/2023 01:00:00,SCA|NO3,mFRR,Not Specified,Not Specified,MARGINAL,22.84,22.84
07/06/2023 01:00:00 - 07/06/2023 02:00:00,SCA|NO3,mFRR,Not Specified,Not Specified,MARGINAL,20.32,20.32
07/06/2023 02:00:00 - 07/06/2023 03:00:00,SCA|NO3,mFRR,Not Specified,Not Specified,MARGINAL,19.78,19.78
07/06/2023 03:00:00 - 07/06/2023 04:00:00,SCA|NO3,mFRR,Not Specified,Not Specified,MARGINAL,19.69,19.69
07/06/2023 04:00:00 - 07/06/2023 05:00:00,SCA|NO3,mFRR,Not Specified,Not Specified,MARGINAL,19.56,19.56
07/06/2023 05:00:00 - 07/06/2023 06:00:00,SCA|NO3,mFRR,Not Specified,Not Specified,MARGINAL,19.51,19.51
07/06/2023 06:00:00 - 07/06/2023 07:00:00,SCA|NO3,mFRR,Not Specified,Not Specified,MARGINAL,19.54,19.54
07/06/2023 07:00:00 - 07/06/2023 08:00:00,SCA|NO3,mFRR,Not Specified,Not Specified,MARGINAL,19.7,19.7
07/06/2023 08:00:00 - 07/06/2023 09:00:00,SCA|NO3,mFRR,Not Specified,Not Specified,MARGINAL,42.1,29.55
07/06/2023 09:00:00 - 07/06/2023 10:00:00,SCA|NO3,mFRR,Not Specified,Not Specified,MARGINAL,42.74,26.87
07/06/2023 10:00:00 - 07/06/2023 11:00:00,SCA|NO3,mFRR,Not Specified,Not Specified,MARGINAL,40.0,24.91
07/06/2023 11:00:00 - 07/06/2023 12:00:00,SCA|NO3,mFRR,Not Specified,Not Specified,MARGINAL,40.0,23.53
07/06/2023 12:00:00 - 07/06/2023 13:00:00,SCA|NO3,mFRR,Not Specified,Not Specified,MARGINAL,36.5,27.27
07/06/2023 13:00:00 - 07/06/2023 14:00:00,SCA|NO3,mFRR,Not Specified,Not Specified,MARGINAL,33.3,27.63
07/06/2023 14:00:00 - 07/06/2023 15:00:00,SCA|NO3,mFRR,Not Specified,Not Specified,MARGINAL,29.44,26.44
07/06/2023 15:00:00 - 07/06/2023 16:00:00,SCA|NO3,mFRR,Not Specified,Not Specified,MARGINAL,30.08,25.66
07/06/2023 16:00:00 - 07/06/2023 17:00:00,SCA|NO3,mFRR,Not Specified,Not Specified,MARGINAL,31.67,26.02
07/06/2023 17:00:00 - 07/06/2023 18:00:00,SCA|NO3,mFRR,Not Specified,Not Specified,MARGINAL,32.74,26.29
07/06/2023 18:00:00 - 07/06/2023 19:00:00,SCA|NO3,mFRR,Not Specified,Not Specified,MARGINAL,33.45,27.02
07/06/2023 19:00:00 - 07/06/2023 20:00:00,SCA|NO3,mFRR,Not Specified,Not Specified,MARGINAL,33.48,26.9
07/06/2023 20:00:00 - 07/06/2023 21:00:00,SCA|NO3,mFRR,Not Specified,Not Specified,MARGINAL,30.09,20.68
07/06/2023 21:00:00 - 07/06/2023 22:00:00,SCA|NO3,mFRR,Not Specified,Not Specified,MARGINAL,30.0,22.09
07/06/2023 22:00:00 - 07/06/2023 23:00:00,SCA|NO3,mFRR,Not Specified,Not Specified,MARGINAL,29.5,19.37
07/06/2023 23:00:00 - 08/06/2023 00:00:00,SCA|NO3,mFRR,Not Specified,Not Specified,MARGINAL,29.5,16.43
08/06/2023 00:00:00 - 08/06/2023 01:00:00,SCA|NO3,mFRR,Not Specified,Not Specified,MARGINAL,29.5,19.42
08/06/2023 01:00:00 - 08/06/2023 02:00:00,SCA|NO3,mFRR,Not Specified,Not Specified,MARGINAL,23.0,19.5
08/06/2023 02:00:00 - 08/06/2023 03:00:00,SCA|NO3,mFRR,Not Specified,Not Specified,MARGINAL,19.41,19.41
08/06/2023 03:00:00 - 08/06/2023 04:00:00,SCA|NO3,mFRR,Not Specified,Not Specified,MARGINAL,19.27,19.27
08/06/2023 04:00:00 - 08/06/2023 05:00:00,SCA|NO3,mFRR,Not Specified,Not Specified,MARGINAL,19.43,19.43
08/06/2023 05:00:00 - 08/06/2023 06:00:00,SCA|NO3,mFRR,Not Specified,Not Specified,MARGINAL,19.83,19.83
08/06/2023 06:00:00 - 08/06/2023 07:00:00,SCA|NO3,mFRR,Not Specified,Not Specified,MARGINAL,20.37,20.37
08/06/2023 07:00:00 - 08/06/2023 08:00:00,SCA|NO3,mFRR,Not Specified,Not Specified,MARGINAL,25.95,25.95
08/06/2023 08:00:00 - 08/06/2023 09:00:00,SCA|NO3,mFRR,Not Specified,Not Specified,MARGINAL,32.53,29.53
08/06/2023 09:00:00 - 08/06/2023 10:00:00,SCA|NO3,mFRR,Not Specified,Not Specified,MARGINAL,33.85,27.85
08/06/2023 10:00:00 - 08/06/2023 11:00:00,SCA|NO3,mFRR,Not Specified,Not Specified,MARGINAL,33.44,27.44
08/06/2023 11:00:00 - 08/06/2023 12:00:00,SCA|NO3,mFRR,Not Specified,Not Specified,MARGINAL,26.38,26.38
08/06/2023 12:00:00 - 08/06/2023 13:00:00,SCA|NO3,mFRR,Not Specified,Not Specified,MARGINAL,26.62,20.0
08/06/2023 13:00:00 - 08/06/2023 14:00:00,SCA|NO3,mFRR,Not Specified,Not Specified,MARGINAL,25.93,15.0
08/06/2023 14:00:00 - 08/06/2023 15:00:00,SCA|NO3,mFRR,Not Specified,Not Specified,MARGINAL,25.25,15.0
08/06/2023 15:00:00 - 08/06/2023 16:00:00,SCA|NO3,mFRR,Not Specified,Not Specified,MARGINAL,25.26,5.0
08/06/2023 16:00:00 - 08/06/2023 17:00:00,SCA|NO3,mFRR,Not Specified,Not Specified,MARGINAL,25.23,5.0
08/06/2023 17:00:00 - 08/06/2023 18:00:00,SCA|NO3,mFRR,Not Specified,Not Specified,MARGINAL,25.73,11.0
08/06/2023 18:00:00 - 08/06/2023 19:00:00,SCA|NO3,mFRR,Not Specified,Not Specified,MARGINAL,26.7,15.0
08/06/2023 19:00:00 - 08/06/2023 20:00:00,SCA|NO3,mFRR,Not Specified,Not Specified,MARGINAL,26.97,15.0
08/06/2023 20:00:00 - 08/06/2023 21:00:00,SCA|NO3,mFRR,Not Specified,Not Specified,MARGINAL,20.78,19.0
08/06/2023 21:00:00 - 08/06/2023 22:00:00,SCA|NO3,mFRR,Not Specified,Not Specified,MARGINAL,20.71,20.71
08/06/2023 22:00:00 - 08/06/2023 23:00:00,SCA|NO3,mFRR,Not Specified,Not Specified,MARGINAL,20.86,20.86
08/06/2023 23:00:00 - 09/06/2023 00:00:00,SCA|NO3,mFRR,Not Specified,Not Specified,MARGINAL,19.74,19.74
09/06/2023 00:00:00 - 09/06/2023 01:00:00,SCA|NO3,mFRR,Not Specified,Not Specified,MARGINAL,20.69,20.69
09/06/2023 01:00:00 - 09/06/2023 02:00:00,SCA|NO3,mFRR,Not Specified,Not Specified,MARGINAL,20.56,20.56
09/06/2023 02:00:00 - 09/06/2023 03:00:00,SCA|NO3,mFRR,Not Specified,Not Specified,MARGINAL,20.42,20.42
09/06/2023 03:00:00 - 09/06/2023 04:00:00,SCA|NO3,mFRR,Not Specified,Not Specified,MARGINAL,30.0,20.28
09/06/2023 04:00:00 - 09/06/2023 05:00:00,SCA|NO3,mFRR,Not Specified,Not Specified,MARGINAL,30.0,20.2
09/06/2023 05:00:00 - 09/06/2023 06:00:00,SCA|NO3,mFRR,Not Specified,Not Specified,MARGINAL,30.0,20.16
09/06/2023 06:00:00 - 09/06/2023 07:00:00,SCA|NO3,mFRR,Not Specified,Not Specified,MARGINAL,30.0,20.5
09/06/2023 07:00:00 - 09/06/2023 08:00:00,SCA|NO3,mFRR,Not Specified,Not Specified,MARGINAL,20.89,20.89
09/06/2023 08:00:00 - 09/06/2023 09:00:00,SCA|NO3,mFRR,Not Specified,Not Specified,MARGINAL,23.87,23.87
09/06/2023 09:00:00 - 09/06/2023 10:00:00,SCA|NO3,mFRR,Not Specified,Not Specified,MARGINAL,28.87,26.0
09/06/2023 10:00:00 - 09/06/2023 11:00:00,SCA|NO3,mFRR,Not Specified,Not Specified,MARGINAL,30.13,26.0
09/06/2023 11:00:00 - 09/06/2023 12:00:00,SCA|NO3,mFRR,Not Specified,Not Specified,MARGINAL,30.47,30.47
09/06/2023 12:00:00 - 09/06/2023 13:00:00,SCA|NO3,mFRR,Not Specified,Not Specified,MARGINAL,30.81,30.81
09/06/2023 13:00:00 - 09/06/2023 14:00:00,SCA|NO3,mFRR,Not Specified,Not Specified,MARGINAL,31.33,31.33
09/06/2023 14:00:00 - 09/06/2023 15:00:00,SCA|NO3,mFRR,Not Specified,Not Specified,MARGINAL,31.36,31.36
09/06/2023 15:00:00 - 09/06/2023 16:00:00,SCA|NO3,mFRR,Not Specified,Not Specified,MARGINAL,30.46,30.46
09/06/2023 16:00:00 - 09/06/2023 17:00:00,SCA|NO3,mFRR,Not Specified,Not Specified,MARGINAL,30.46,30.46
09/06/2023 17:00:00 - 09/06/2023 18:00:00,SCA|NO3,mFRR,Not Specified,Not Specified,MARGINAL,31.23,31.23
09/06/2023 18:00:00 - 09/06/2023 19:00:00,SCA|NO3,mFRR,Not Specified,Not Specified,MARGINAL,32.44,32.44
09/06/2023 19:00:00 - 09/06/2023 20:00:00,SCA|NO3,mFRR,Not Specified,Not Specified,MARGINAL,30.89,30.89
09/06/2023 20:00:00 - 09/06/2023 21:00:00,SCA|NO3,mFRR,Not Specified,Not Specified,MARGINAL,24.8,24.8
09/06/2023 21:00:00 - 09/06/2023 22:00:00,SCA|NO3,mFRR,Not Specified,Not Specified,MARGINAL,23.55,23.55
09/06/2023 22:00:00 - 09/06/2023 23:00:00,SCA|NO3,mFRR,Not Specified,Not Specified,MARGINAL,23.01,23.01
09/06/2023 23:00:00 - 10/06/2023 00:00:00,SCA|NO3,mFRR,Not Specified,Not Specified,MARGINAL,21.29,21.29
10/06/2023 00:00:00 - 10/06/2023 01:00:00,SCA|NO3,mFRR,Not Specified,Not Specified,MARGINAL,20.76,20.76
10/06/2023 01:00:00 - 10/06/2023 02:00:00,SCA|NO3,mFRR,Not Specified,Not Specified,MARGINAL,20.29,20.29
10/06/2023 02:00:00 - 10/06/2023 03:00:00,SCA|NO3,mFRR,Not Specified,Not Specified,MARGINAL,20.04,20.04
10/06/2023 03:00:00 - 10/06/2023 04:00:00,SCA|NO3,mFRR,Not Specified,Not Specified,MARGINAL,20.08,20.08
10/06/2023 04:00:00 - 10/06/2023 05:00:00,SCA|NO3,mFRR,Not Specified,Not Specified,MARGINAL,20.43,20.43
10/06/2023 05:00:00 - 10/06/2023 06:00:00,SCA|NO3,mFRR,Not Specified,Not Specified,MARGINAL,20.95,20.95
10/06/2023 06:00:00 - 10/06/2023 07:00:00,SCA|NO3,mFRR,Not Specified,Not Specified,MARGINAL,24.85,24.85
10/06/2023 07:00:00 - 10/06/2023 08:00:00,SCA|NO3,mFRR,Not Specified,Not Specified,MARGINAL,29.91,29.91
10/06/2023 08:00:00 - 10/06/2023 09:00:00,SCA|NO3,mFRR,Not Specified,Not Specified,MARGINAL,35.07,35.07
10/06/2023 09:00:00 - 10/06/2023 10:00:00,SCA|NO3,mFRR,Not Specified,Not Specified,MARGINAL,39.53,39.53
10/06/2023 10:00:00 - 10/06/2023 11:00:00,SCA|NO3,mFRR,Not Specified,Not Specified,MARGINAL,25.61,25.61
10/06/2023 11:00:00 - 10/06/2023 12:00:00,SCA|NO3,mFRR,Not Specified,Not Specified,MARGINAL,12.91,12.91
10/06/2023 12:00:00 - 10/06/2023 13:00:00,SCA|NO3,mFRR,Not Specified,Not Specified,MARGINAL,4.56,0.0
10/06/2023 13:00:00 - 10/06/2023 14:00:00,SCA|NO3,mFRR,Not Specified,Not Specified,MARGINAL,13.32,0.0
10/06/2023 14:00:00 - 10/06/2023 15:00:00,SCA|NO3,mFRR,Not Specified,Not Specified,MARGINAL,8.57,0.0
10/06/2023 15:00:00 - 10/06/2023 16:00:00,SCA|NO3,mFRR,Not Specified,Not Specified,MARGINAL,10.35,10.35
10/06/2023 16:00:00 - 10/06/2023 17:00:00,SCA|NO3,mFRR,Not Specified,Not Specified,MARGINAL,13.65,0.0
10/06/2023 17:00:00 - 10/06/2023 18:00:00,SCA|NO3,mFRR,Not Specified,Not Specified,MARGINAL,37.23,25.0
10/06/2023 18:00:00 - 10/06/2023 19:00:00,SCA|NO3,mFRR,Not Specified,Not Specified,MARGINAL,39.0,29.96
10/06/2023 19:00:00 - 10/06/2023 20:00:00,SCA|NO3,mFRR,Not Specified,Not Specified,MARGINAL,27.13,27.13
10/06/2023 20:00:00 - 10/06/2023 21:00:00,SCA|NO3,mFRR,Not Specified,Not Specified,MARGINAL,23.76,23.76
10/06/2023 21:00:00 - 10/06/2023 22:00:00,SCA|NO3,mFRR,Not Specified,Not Specified,MARGINAL,21.44,21.44
10/06/2023 22:00:00 - 10/06/2023 23:00:00,SCA|NO3,mFRR,Not Specified,Not Specified,MARGINAL,21.36,21.36
10/06/2023 23:00:00 - 11/06/2023 00:00:00,SCA|NO3,mFRR,Not Specified,Not Specified,MARGINAL,17.53,17.53
11/06/2023 00:00:00 - 11/06/2023 01:00:00,SCA|NO3,mFRR,Not Specified,Not Specified,MARGINAL,10.93,10.93
11/06/2023 01:00:00 - 11/06/2023 02:00:00,SCA|NO3,mFRR,Not Specified,Not Specified,MARGINAL,4.52,4.52
11/06/2023 02:00:00 - 11/06/2023 03:00:00,SCA|NO3,mFRR,Not Specified,Not Specified,MARGINAL,4.53,4.53
11/06/2023 03:00:00 - 11/06/2023 04:00:00,SCA|NO3,mFRR,Not Specified,Not Specified,MARGINAL,4.66,4.66
11/06/2023 04:00:00 - 11/06/2023 05:00:00,SCA|NO3,mFRR,Not Specified,Not Specified,MARGINAL,7.49,7.49
11/06/2023 05:00:00 - 11/06/2023 06:00:00,SCA|NO3,mFRR,Not Specified,Not Specified,MARGINAL,9.54,0.0
11/06/2023 06:00:00 - 11/06/2023 07:00:00,SCA|NO3,mFRR,Not Specified,Not Specified,MARGINAL,32.5,0.27
11/06/2023 07:00:00 - 11/06/2023 08:00:00,SCA|NO3,mFRR,Not Specified,Not Specified,MARGINAL,33.0,20.47
11/06/2023 08:00:00 - 11/06/2023 09:00:00,SCA|NO3,mFRR,Not Specified,Not Specified,MARGINAL,33.0,20.61
11/06/2023 09:00:00 - 11/06/2023 10:00:00,SCA|NO3,mFRR,Not Specified,Not Specified,MARGINAL,29.0,15.9
11/06/2023 10:00:00 - 11/06/2023 11:00:00,SCA|NO3,mFRR,Not Specified,Not Specified,MARGINAL,0.01,-8.0
11/06/2023 11:00:00 - 11/06/2023 12:00:00,SCA|NO3,mFRR,Not Specified,Not Specified,MARGINAL,-1.68,-10.0
11/06/2023 12:00:00 - 11/06/2023 13:00:00,SCA|NO3,mFRR,Not Specified,Not Specified,MARGINAL,-3.46,-20.0
11/06/2023 13:00:00 - 11/06/2023 14:00:00,SCA|NO3,mFRR,Not Specified,Not Specified,MARGINAL,-5.06,-36.24
11/06/2023 14:00:00 - 11/06/2023 15:00:00,SCA|NO3,mFRR,Not Specified,Not Specified,MARGINAL,-5.09,-36.24
11/06/2023 15:00:00 - 11/06/2023 16:00:00,SCA|NO3,mFRR,Not Specified,Not Specified,MARGINAL,-5.24,-29.53
11/06/2023 16:00:00 - 11/06/2023 17:00:00,SCA|NO3,mFRR,Not Specified,Not Specified,MARGINAL,6.6,-0.1
11/06/2023 17:00:00 - 11/06/2023 18:00:00,SCA|NO3,mFRR,Not Specified,Not Specified,MARGINAL,18.01,-5.0
11/06/2023 18:00:00 - 11/06/2023 19:00:00,SCA|NO3,mFRR,Not Specified,Not Specified,MARGINAL,19.05,0.0
11/06/2023 19:00:00 - 11/06/2023 20:00:00,SCA|NO3,mFRR,Not Specified,Not Specified,MARGINAL,20.68,20.68
11/06/2023 20:00:00 - 11/06/2023 21:00:00,SCA|NO3,mFRR,Not Specified,Not Specified,MARGINAL,20.58,20.58
11/06/2023 21:00:00 - 11/06/2023 22:00:00,SCA|NO3,mFRR,Not Specified,Not Specified,MARGINAL,19.07,19.07
11/06/2023 22:00:00 - 11/06/2023 23:00:00,SCA|NO3,mFRR,Not Specified,Not Specified,MARGINAL,18.68,18.68
11/06/2023 23:00:00 - 12/06/2023 00:00:00,SCA|NO3,mFRR,Not Specified,Not Specified,MARGINAL,30.0,17.39
12/06/2023 00:00:00 - 12/06/2023 01:00:00,SCA|NO3,mFRR,Not Specified,Not Specified,MARGINAL,30.0,18.31
12/06/2023 01:00:00 - 12/06/2023 02:00:00,SCA|NO3,mFRR,Not Specified,Not Specified,MARGINAL,18.16,18.16
12/06/2023 02:00:00 - 12/06/2023 03:00:00,SCA|NO3,mFRR,Not Specified,Not Specified,MARGINAL,18.19,18.19
12/06/2023 03:00:00 - 12/06/2023 04:00:00,SCA|NO3,mFRR,Not Specified,Not Specified,MARGINAL,18.68,5.0
12/06/2023 04:00:00 - 12/06/2023 05:00:00,SCA|NO3,mFRR,Not Specified,Not Specified,MARGINAL,19.95,0.0
12/06/2023 05:00:00 - 12/06/2023 06:00:00,SCA|NO3,mFRR,Not Specified,Not Specified,MARGINAL,20.1,5.0
12/06/2023 06:00:00 - 12/06/2023 07:00:00,SCA|NO3,mFRR,Not Specified,Not Specified,MARGINAL,20.52,20.0
12/06/2023 07:00:00 - 12/06/2023 08:00:00,SCA|NO3,mFRR,Not Specified,Not Specified,MARGINAL,43.06,21.26
12/06/2023 08:00:00 - 12/06/2023 09:00:00,SCA|NO3,mFRR,Not Specified,Not Specified,MARGINAL,40.0,24.19
12/06/2023 09:00:00 - 12/06/2023 10:00:00,SCA|NO3,mFRR,Not Specified,Not Specified,MARGINAL,26.26,26.26
12/06/2023 10:00:00 - 12/06/2023 11:00:00,SCA|NO3,mFRR,Not Specified,Not Specified,MARGINAL,22.14,22.14
12/06/2023 11:00:00 - 12/06/2023 12:00:00,SCA|NO3,mFRR,Not Specified,Not Specified,MARGINAL,21.62,15.0
12/06/2023 12:00:00 - 12/06/2023 13:00:00,SCA|NO3,mFRR,Not Specified,Not Specified,MARGINAL,20.94,15.02
12/06/2023 13:00:00 - 12/06/2023 14:00:00,SCA|NO3,mFRR,Not Specified,Not Specified,MARGINAL,20.28,14.5
12/06/2023 14:00:00 - 12/06/2023 15:00:00,SCA|NO3,mFRR,Not Specified,Not Specified,MARGINAL,19.9,14.5
12/06/2023 15:00:00 - 12/06/2023 16:00:00,SCA|NO3,mFRR,Not Specified,Not Specified,MARGINAL,19.22,14.0
12/06/2023 16:00:00 - 12/06/2023 17:00:00,SCA|NO3,mFRR,Not Specified,Not Specified,MARGINAL,45.0,18.93
12/06/2023 17:00:00 - 12/06/2023 18:00:00,SCA|NO3,mFRR,Not Specified,Not Specified,MARGINAL,45.0,18.62
12/06/2023 18:00:00 - 12/06/2023 19:00:00,SCA|NO3,mFRR,Not Specified,Not Specified,MARGINAL,45.0,18.32
12/06/2023 19:00:00 - 12/06/2023 20:00:00,SCA|NO3,mFRR,Not Specified,Not Specified,MARGINAL,53.0,18.72
12/06/2023 20:00:00 - 12/06/2023 21:00:00,SCA|NO3,mFRR,Not Specified,Not Specified,MARGINAL,40.0,18.28
12/06/2023 21:00:00 - 12/06/2023 22:00:00,SCA|NO3,mFRR,Not Specified,Not Specified,MARGINAL,40.0,17.89
12/06/2023 22:00:00 - 12/06/2023 23:00:00,SCA|NO3,mFRR,Not Specified,Not Specified,MARGINAL,17.32,17.32
12/06/2023 23:00:00 - 13/06/2023 00:00:00,SCA|NO3,mFRR,Not Specified,Not Specified,MARGINAL,32.5,10.06
13/06/2023 00:00:00 - 13/06/2023 01:00:00,SCA|NO3,mFRR,Not Specified,Not Specified,MARGINAL,4.54,-6.0
13/06/2023 01:00:00 - 13/06/2023 02:00:00,SCA|NO3,mFRR,Not Specified,Not Specified,MARGINAL,8.1,-6.0
13/06/2023 02:00:00 - 13/06/2023 03:00:00,SCA|NO3,mFRR,Not Specified,Not Specified,MARGINAL,8.1,-20.0
13/06/2023 03:00:00 - 13/06/2023 04:00:00,SCA|NO3,mFRR,Not Specified,Not Specified,MARGINAL,11.33,-900.0
13/06/2023 04:00:00 - 13/06/2023 05:00:00,SCA|NO3,mFRR,Not Specified,Not Specified,MARGINAL,14.16,-985.84
13/06/2023 05:00:00 - 13/06/2023 06:00:00,SCA|NO3,mFRR,Not Specified,Not Specified,MARGINAL,18.43,-7.0
13/06/2023 06:00:00 - 13/06/2023 07:00:00,SCA|NO3,mFRR,Not Specified,Not Specified,MARGINAL,22.18,-7.0
13/06/2023 07:00:00 - 13/06/2023 08:00:00,SCA|NO3,mFRR,Not Specified,Not Specified,MARGINAL,56.5,25.99
13/06/2023 08:00:00 - 13/06/2023 09:00:00,SCA|NO3,mFRR,Not Specified,Not Specified,MARGINAL,58.29,34.21
13/06/2023 09:00:00 - 13/06/2023 10:00:00,SCA|NO3,mFRR,Not Specified,Not Specified,MARGINAL,58.31,35.18
13/06/2023 10:00:00 - 13/06/2023 11:00:00,SCA|NO3,mFRR,Not Specified,Not Specified,MARGINAL,36.35,36.35
13/06/2023 11:00:00 - 13/06/2023 12:00:00,SCA|NO3,mFRR,Not Specified,Not Specified,MARGINAL,35.11,35.11
13/06/2023 12:00:00 - 13/06/2023 13:00:00,SCA|NO3,mFRR,Not Specified,Not Specified,MARGINAL,31.12,31.12
13/06/2023 13:00:00 - 13/06/2023 14:00:00,SCA|NO3,mFRR,Not Specified,Not Specified,MARGINAL,34.2,34.2
13/06/2023 14:00:00 - 13/06/2023 15:00:00,SCA|NO3,mFRR,Not Specified,Not Specified,MARGINAL,37.3,37.3
13/06/2023 15:00:00 - 13/06/2023 16:00:00,SCA|NO3,mFRR,Not Specified,Not Specified,MARGINAL,31.88,31.88
13/06/2023 16:00:00 - 13/06/2023 17:00:00,SCA|NO3,mFRR,Not Specified,Not Specified,MARGINAL,31.67,31.67
13/06/2023 17:00:00 - 13/06/2023 18:00:00,SCA|NO3,mFRR,Not Specified,Not Specified,MARGINAL,30.98,30.98
13/06/2023 18:00:00 - 13/06/2023 19:00:00,SCA|NO3,mFRR,Not Specified,Not Specified,MARGINAL,31.76,31.76
13/06/2023 19:00:00 - 13/06/2023 20:00:00,SCA|NO3,mFRR,Not Specified,Not Specified,MARGINAL,66.88,31.93
13/06/2023 20:00:00 - 13/06/2023 21:00:00,SCA|NO3,mFRR,Not Specified,Not Specified,MARGINAL,71.31,30.16
13/06/2023 21:00:00 - 13/06/2023 22:00:00,SCA|NO3,mFRR,Not Specified,Not Specified,MARGINAL,71.0,30.2
13/06/2023 22:00:00 - 13/06/2023 23:00:00,SCA|NO3,mFRR,Not Specified,Not Specified,MARGINAL,71.0,28.93
13/06/2023 23:00:00 - 14/06/2023 00:00:00,SCA|NO3,mFRR,Not Specified,Not Specified,MARGINAL,71.0,27.15
14/06/2023 00:00:00 - 14/06/2023 01:00:00,SCA|NO3,mFRR,Not Specified,Not Specified,MARGINAL,56.0,26.94
14/06/2023 01:00:00 - 14/06/2023 02:00:00,SCA|NO3,mFRR,Not Specified,Not Specified,MARGINAL,25.48,25.48
14/06/2023 02:00:00 - 14/06/2023 03:00:00,SCA|NO3,mFRR,Not Specified,Not Specified,MARGINAL,25.11,25.11
14/06/2023 03:00:00 - 14/06/2023 04:00:00,SCA|NO3,mFRR,Not Specified,Not Specified,MARGINAL,47.0,24.8
14/06/2023 04:00:00 - 14/06/2023 05:00:00,SCA|NO3,mFRR,Not Specified,Not Specified,MARGINAL,47.0,24.88
14/06/2023 05:00:00 - 14/06/2023 06:00:00,SCA|NO3,mFRR,Not Specified,Not Specified,MARGINAL,47.0,26.82
14/06/2023 06:00:00 - 14/06/2023 07:00:00,SCA|NO3,mFRR,Not Specified,Not Specified,MARGINAL,26.76,26.76
14/06/2023 07:00:00 - 14/06/2023 08:00:00,SCA|NO3,mFRR,Not Specified,Not Specified,MARGINAL,30.97,30.97
14/06/2023 08:00:00 - 14/06/2023 09:00:00,SCA|NO3,mFRR,Not Specified,Not Specified,MARGINAL,35.8,35.8
14/06/2023 09:00:00 - 14/06/2023 10:00:00,SCA|NO3,mFRR,Not Specified,Not Specified,MARGINAL,35.74,35.74
14/06/2023 10:00:00 - 14/06/2023 11:00:00,SCA|NO3,mFRR,Not Specified,Not Specified,MARGINAL,50.0,35.42
14/06/2023 11:00:00 - 14/06/2023 12:00:00,SCA|NO3,mFRR,Not Specified,Not Specified,MARGINAL,78.0,34.81
14/06/2023 12:00:00 - 14/06/2023 13:00:00,SCA|NO3,mFRR,Not Specified,Not Specified,MARGINAL,74.11,34.97
14/06/2023 13:00:00 - 14/06/2023 14:00:00,SCA|NO3,mFRR,Not Specified,Not Specified,MARGINAL,50.0,35.08
14/06/2023 14:00:00 - 14/06/2023 15:00:00,SCA|NO3,mFRR,Not Specified,Not Specified,MARGINAL,50.0,34.73
14/06/2023 15:00:00 - 14/06/2023 16:00:00,SCA|NO3,mFRR,Not Specified,Not Specified,MARGINAL,34.86,34.86
14/06/2023 16:00:00 - 14/06/2023 17:00:00,SCA|NO3,mFRR,Not Specified,Not Specified,MARGINAL,34.49,34.49
14/06/2023 17:00:00 - 14/06/2023 18:00:00,SCA|NO3,mFRR,Not Specified,Not Specified,MARGINAL,33.23,33.23
14/06/2023 18:00:00 - 14/06/2023 19:00:00,SCA|NO3,mFRR,Not Specified,Not Specified,MARGINAL,33.21,33.21
14/06/2023 19:00:00 - 14/06/2023 20:00:00,SCA|NO3,mFRR,Not Specified,Not Specified,MARGINAL,33.02,33.02
14/06/2023 20:00:00 - 14/06/2023 21:00:00,SCA|NO3,mFRR,Not Specified,Not Specified,MARGINAL,65.0,30.53
14/06/2023 21:00:00 - 14/06/2023 22:00:00,SCA|NO3,mFRR,Not Specified,Not Specified,MARGINAL,78.14,32.22
14/06/2023 22:00:00 - 14/06/2023 23:00:00,SCA|NO3,mFRR,Not Specified,Not Specified,MARGINAL,78.0,31.68
14/06/2023 23:00:00 - 15/06/2023 00:00:00,SCA|NO3,mFRR,Not Specified,Not Specified,MARGINAL,56.37,30.56
15/06/2023 00:00:00 - 15/06/2023 01:00:00,SCA|NO3,mFRR,Not Specified,Not Specified,MARGINAL,26.36,26.36
15/06/2023 01:00:00 - 15/06/2023 02:00:00,SCA|NO3,mFRR,Not Specified,Not Specified,MARGINAL,25.28,25.28
15/06/2023 02:00:00 - 15/06/2023 03:00:00,SCA|NO3,mFRR,Not Specified,Not Specified,MARGINAL,24.7,24.7
15/06/2023 03:00:00 - 15/06/2023 04:00:00,SCA|NO3,mFRR,Not Specified,Not Specified,MARGINAL,24.68,24.68
15/06/2023 04:00:00 - 15/06/2023 05:00:00,SCA|NO3,mFRR,Not Specified,Not Specified,MARGINAL,24.72,24.72
15/06/2023 05:00:00 - 15/06/2023 06:00:00,SCA|NO3,mFRR,Not Specified,Not Specified,MARGINAL,26.17,26.17
15/06/2023 06:00:00 - 15/06/2023 07:00:00,SCA|NO3,mFRR,Not Specified,Not Specified,MARGINAL,27.11,27.11
15/06/2023 07:00:00 - 15/06/2023 08:00:00,SCA|NO3,mFRR,Not Specified,Not Specified,MARGINAL,27.71,27.71
15/06/2023 08:00:00 - 15/06/2023 09:00:00,SCA|NO3,mFRR,Not Specified,Not Specified,MARGINAL,60.0,33.03
15/06/2023 09:00:00 - 15/06/2023 10:00:00,SCA|NO3,mFRR,Not Specified,Not Specified,MARGINAL,40.0,32.96
15/06/2023 10:00:00 - 15/06/2023 11:00:00,SCA|NO3,mFRR,Not Specified,Not Specified,MARGINAL,32.84,32.84
15/06/2023 11:00:00 - 15/06/2023 12:00:00,SCA|NO3,mFRR,Not Specified,Not Specified,MARGINAL,32.13,32.13
15/06/2023 12:00:00 - 15/06/2023 13:00:00,SCA|NO3,mFRR,Not Specified,Not Specified,MARGINAL,97.0,30.58
15/06/2023 13:00:00 - 15/06/2023 14:00:00,SCA|NO3,mFRR,Not Specified,Not Specified,MARGINAL,52.0,27.99
15/06/2023 14:00:00 - 15/06/2023 15:00:00,SCA|NO3,mFRR,Not Specified,Not Specified,MARGINAL,27.62,27.62
15/06/2023 15:00:00 - 15/06/2023 16:00:00,SCA|NO3,mFRR,Not Specified,Not Specified,MARGINAL,27.37,27.37
15/06/2023 16:00:00 - 15/06/2023 17:00:00,SCA|NO3,mFRR,Not Specified,Not Specified,MARGINAL,27.05,27.05
15/06/2023 17:00:00 - 15/06/2023 18:00:00,SCA|NO3,mFRR,Not Specified,Not Specified,MARGINAL,26.81,26.81
15/06/2023 18:00:00 - 15/06/2023 19:00:00,SCA|NO3,mFRR,Not Specified,Not Specified,MARGINAL,26.74,26.74
15/06/2023 19:00:00 - 15/06/2023 20:00:00,SCA|NO3,mFRR,Not Specified,Not Specified,MARGINAL,27.38,27.38
15/06/2023 20:00:00 - 15/06/2023 21:00:00,SCA|NO3,mFRR,Not Specified,Not Specified,MARGINAL,26.87,26.87
15/06/2023 21:00:00 - 15/06/2023 22:00:00,SCA|NO3,mFRR,Not Specified,Not Specified,MARGINAL,26.9,26.9
15/06/2023 22:00:00 - 15/06/2023 23:00:00,SCA|NO3,mFRR,Not Specified,Not Specified,MARGINAL,26.96,26.96
15/06/2023 23:00:00 - 16/06/2023 00:00:00,SCA|NO3,mFRR,Not Specified,Not Specified,MARGINAL,55.0,26.68
16/06/2023 00:00:00 - 16/06/2023 01:00:00,SCA|NO3,mFRR,Not Specified,Not Specified,MARGINAL,80.0,26.76
16/06/2023 01:00:00 - 16/06/2023 02:00:00,SCA|NO3,mFRR,Not Specified,Not Specified,MARGINAL,71.0,26.29
16/06/2023 02:00:00 - 16/06/2023 03:00:00,SCA|NO3,mFRR,Not Specified,Not Specified,MARGINAL,65.0,26.09
16/06/2023 03:00:00 - 16/06/2023 04:00:00,SCA|NO3,mFRR,Not Specified,Not Specified,MARGINAL,59.0,25.18
16/06/2023 04:00:00 - 16/06/2023 05:00:00,SCA|NO3,mFRR,Not Specified,Not Specified,MARGINAL,50.5,25.85
16/06/2023 05:00:00 - 16/06/2023 06:00:00,SCA|NO3,mFRR,Not Specified,Not Specified,MARGINAL,33.0,26.63
16/06/2023 06:00:00 - 16/06/2023 07:00:00,SCA|NO3,mFRR,Not Specified,Not Specified,MARGINAL,27.6,27.6
16/06/2023 07:00:00 - 16/06/2023 08:00:00,SCA|NO3,mFRR,Not Specified,Not Specified,MARGINAL,27.92,27.92
16/06/2023 08:00:00 - 16/06/2023 09:00:00,SCA|NO3,mFRR,Not Specified,Not Specified,MARGINAL,48.0,32.28
16/06/2023 09:00:00 - 16/06/2023 10:00:00,SCA|NO3,mFRR,Not Specified,Not Specified,MARGINAL,48.0,29.93
16/06/2023 10:00:00 - 16/06/2023 11:00:00,SCA|NO3,mFRR,Not Specified,Not Specified,MARGINAL,28.96,28.96
16/06/2023 11:00:00 - 16/06/2023 12:00:00,SCA|NO3,mFRR,Not Specified,Not Specified,MARGINAL,50.0,28.51
16/06/2023 12:00:00 - 16/06/2023 13:00:00,SCA|NO3,mFRR,Not Specified,Not Specified,MARGINAL,50.5,27.97
16/06/2023 13:00:00 - 16/06/2023 14:00:00,SCA|NO3,mFRR,Not Specified,Not Specified,MARGINAL,50.5,27.77
16/06/2023 14:00:00 - 16/06/2023 15:00:00,SCA|NO3,mFRR,Not Specified,Not Specified,MARGINAL,42.0,27.55
16/06/2023 15:00:00 - 16/06/2023 16:00:00,SCA|NO3,mFRR,Not Specified,Not Specified,MARGINAL,27.15,27.15
16/06/2023 16:00:00 - 16/06/2023 17:00:00,SCA|NO3,mFRR,Not Specified,Not Specified,MARGINAL,26.9,26.9
16/06/2023 17:00:00 - 16/06/2023 18:00:00,SCA|NO3,mFRR,Not Specified,Not Specified,MARGINAL,26.78,26.78
16/06/2023 18:00:00 - 16/06/2023 19:00:00,SCA|NO3,mFRR,Not Specified,Not Specified,MARGINAL,26.73,26.73
16/06/2023 19:00:00 - 16/06/2023 20:00:00,SCA|NO3,mFRR,Not Specified,Not Specified,MARGINAL,27.42,27.42
16/06/2023 20:00:00 - 16/06/2023 21:00:00,SCA|NO3,mFRR,Not Specified,Not Specified,MARGINAL,26.59,26.59
16/06/2023 21:00:00 - 16/06/2023 22:00:00,SCA|NO3,mFRR,Not Specified,Not Specified,MARGINAL,26.6,26.6
16/06/2023 22:00:00 - 16/06/2023 23:00:00,SCA|NO3,mFRR,Not Specified,Not Specified,MARGINAL,26.65,26.65
16/06/2023 23:00:00 - 17/06/2023 00:00:00,SCA|NO3,mFRR,Not Specified,Not Specified,MARGINAL,26.48,26.48
17/06/2023 00:00:00 - 17/06/2023 01:00:00,SCA|NO3,mFRR,Not Specified,Not Specified,MARGINAL,24.75,24.75
17/06/2023 01:00:00 - 17/06/2023 02:00:00,SCA|NO3,mFRR,Not Specified,Not Specified,MARGINAL,24.69,24.69
17/06/2023 02:00:00 - 17/06/2023 03:00:00,SCA|NO3,mFRR,Not Specified,Not Specified,MARGINAL,24.65,24.65
17/06/2023 03:00:00 - 17/06/2023 04:00:00,SCA|NO3,mFRR,Not Specified,Not Specified,MARGINAL,24.61,24.61
17/06/2023 04:00:00 - 17/06/2023 05:00:00,SCA|NO3,mFRR,Not Specified,Not Specified,MARGINAL,24.61,24.61
17/06/2023 05:00:00 - 17/06/2023 06:00:00,SCA|NO3,mFRR,Not Specified,Not Specified,MARGINAL,24.55,24.55
17/06/2023 06:00:00 - 17/06/2023 07:00:00,SCA|NO3,mFRR,Not Specified,Not Specified,MARGINAL,24.61,24.61
17/06/2023 07:00:00 - 17/06/2023 08:00:00,SCA|NO3,mFRR,Not Specified,Not Specified,MARGINAL,24.71,24.71
17/06/2023 08:00:00 - 17/06/2023 09:00:00,SCA|NO3,mFRR,Not Specified,Not Specified,MARGINAL,24.88,24.88
17/06/2023 09:00:00 - 17/06/2023 10:00:00,SCA|NO3,mFRR,Not Specified,Not Specified,MARGINAL,26.35,26.35
17/06/2023 10:00:00 - 17/06/2023 11:00:00,SCA|NO3,mFRR,Not Specified,Not Specified,MARGINAL,35.0,26.66
17/06/2023 11:00:00 - 17/06/2023 12:00:00,SCA|NO3,mFRR,Not Specified,Not Specified,MARGINAL,40.0,26.33
17/06/2023 12:00:00 - 17/06/2023 13:00:00,SCA|NO3,mFRR,Not Specified,Not Specified,MARGINAL,40.0,24.97
17/06/2023 13:00:00 - 17/06/2023 14:00:00,SCA|NO3,mFRR,Not Specified,Not Specified,MARGINAL,40.0,24.84
17/06/2023 14:00:00 - 17/06/2023 15:00:00,SCA|NO3,mFRR,Not Specified,Not Specified,MARGINAL,40.84,24.79
17/06/2023 15:00:00 - 17/06/2023 16:00:00,SCA|NO3,mFRR,Not Specified,Not Specified,MARGINAL,40.0,24.75
17/06/2023 16:00:00 - 17/06/2023 17:00:00,SCA|NO3,mFRR,Not Specified,Not Specified,MARGINAL,40.0,24.75
17/06/2023 17:00:00 - 17/06/2023 18:00:00,SCA|NO3,mFRR,Not Specified,Not Specified,,,
17/06/2023 18:00:00 - 17/06/2023 19:00:00,SCA|NO3,mFRR,Not Specified,Not Specified,MARGINAL,40.0,24.84
17/06/2023 19:00:00 - 17/06/2023 20:00:00,SCA|NO3,mFRR,Not Specified,Not Specified,MARGINAL,40.0,24.88
17/06/2023 20:00:00 - 17/06/2023 21:00:00,SCA|NO3,mFRR,Not Specified,Not Specified,MARGINAL,40.0,24.75
17/06/2023 21:00:00 - 17/06/2023 22:00:00,SCA|NO3,mFRR,Not Specified,Not Specified,MARGINAL,40.0,24.71
17/06/2023 22:00:00 - 17/06/2023 23:00:00,SCA|NO3,mFRR,Not Specified,Not Specified,MARGINAL,40.0,24.68
17/06/2023 23:00:00 - 18/06/2023 00:00:00,SCA|NO3,mFRR,Not Specified,Not Specified,MARGINAL,24.64,24.64
18/06/2023 00:00:00 - 18/06/2023 01:00:00,SCA|NO3,mFRR,Not Specified,Not Specified,MARGINAL,24.7,24.7
18/06/2023 01:00:00 - 18/06/2023 02:00:00,SCA|NO3,mFRR,Not Specified,Not Specified,MARGINAL,24.58,24.58
18/06/2023 02:00:00 - 18/06/2023 03:00:00,SCA|NO3,mFRR,Not Specified,Not Specified,MARGINAL,24.43,24.43
18/06/2023 03:00:00 - 18/06/2023 04:00:00,SCA|NO3,mFRR,Not Specified,Not Specified,MARGINAL,24.24,24.24
18/06/2023 04:00:00 - 18/06/2023 05:00:00,SCA|NO3,mFRR,Not Specified,Not Specified,MARGINAL,24.45,24.45
18/06/2023 05:00:00 - 18/06/2023 06:00:00,SCA|NO3,mFRR,Not Specified,Not Specified,MARGINAL,24.4,24.4
18/06/2023 06:00:00 - 18/06/2023 07:00:00,SCA|NO3,mFRR,Not Specified,Not Specified,MARGINAL,24.41,24.41
18/06/2023 07:00:00 - 18/06/2023 08:00:00,SCA|NO3,mFRR,Not Specified,Not Specified,MARGINAL,24.49,24.49
18/06/2023 08:00:00 - 18/06/2023 09:00:00,SCA|NO3,mFRR,Not Specified,Not Specified,MARGINAL,25.29,25.29
18/06/2023 09:00:00 - 18/06/2023 10:00:00,SCA|NO3,mFRR,Not Specified,Not Specified,MARGINAL,27.66,27.66
18/06/2023 10:00:00 - 18/06/2023 11:00:00,SCA|NO3,mFRR,Not Specified,Not Specified,MARGINAL,28.38,28.38
18/06/2023 11:00:00 - 18/06/2023 12:00:00,SCA|NO3,mFRR,Not Specified,Not Specified,MARGINAL,28.54,28.54
18/06/2023 12:00:00 - 18/06/2023 13:00:00,SCA|NO3,mFRR,Not Specified,Not Specified,MARGINAL,28.49,28.49
18/06/2023 13:00:00 - 18/06/2023 14:00:00,SCA|NO3,mFRR,Not Specified,Not Specified,MARGINAL,28.57,28.57
18/06/2023 14:00:00 - 18/06/2023 15:00:00,SCA|NO3,mFRR,Not Specified,Not Specified,MARGINAL,25.79,25.79
18/06/2023 15:00:00 - 18/06/2023 16:00:00,SCA|NO3,mFRR,Not Specified,Not Specified,MARGINAL,29.03,29.03
18/06/2023 16:00:00 - 18/06/2023 17:00:00,SCA|NO3,mFRR,Not Specified,Not Specified,MARGINAL,29.44,29.44
18/06/2023 17:00:00 - 18/06/2023 18:00:00,SCA|NO3,mFRR,Not Specified,Not Specified,MARGINAL,29.54,29.54
18/06/2023 18:00:00 - 18/06/2023 19:00:00,SCA|NO3,mFRR,Not Specified,Not Specified,MARGINAL,29.92,29.92
18/06/2023 19:00:00 - 18/06/2023 20:00:00,SCA|NO3,mFRR,Not Specified,Not Specified,MARGINAL,29.95,29.95
18/06/2023 20:00:00 - 18/06/2023 21:00:00,SCA|NO3,mFRR,Not Specified,Not Specified,MARGINAL,28.3,28.3
18/06/2023 21:00:00 - 18/06/2023 22:00:00,SCA|NO3,mFRR,Not Specified,Not Specified,MARGINAL,28.03,28.03
18/06/2023 22:00:00 - 18/06/2023 23:00:00,SCA|NO3,mFRR,Not Specified,Not Specified,MARGINAL,27.16,27.16
18/06/2023 23:00:00 - 19/06/2023 00:00:00,SCA|NO3,mFRR,Not Specified,Not Specified,MARGINAL,26.27,26.27
19/06/2023 00:00:00 - 19/06/2023 01:00:00,SCA|NO3,mFRR,Not Specified,Not Specified,MARGINAL,24.1,24.1
19/06/2023 01:00:00 - 19/06/2023 02:00:00,SCA|NO3,mFRR,Not Specified,Not Specified,MARGINAL,23.84,23.84
19/06/2023 02:00:00 - 19/06/2023 03:00:00,SCA|NO3,mFRR,Not Specified,Not Specified,MARGINAL,23.71,23.71
19/06/2023 03:00:00 - 19/06/2023 04:00:00,SCA|NO3,mFRR,Not Specified,Not Specified,MARGINAL,23.47,23.47
19/06/2023 04:00:00 - 19/06/2023 05:00:00,SCA|NO3,mFRR,Not Specified,Not Specified,MARGINAL,23.36,23.36
19/06/2023 05:00:00 - 19/06/2023 06:00:00,SCA|NO3,mFRR,Not Specified,Not Specified,MARGINAL,23.08,23.08
19/06/2023 06:00:00 - 19/06/2023 07:00:00,SCA|NO3,mFRR,Not Specified,Not Specified,MARGINAL,23.38,23.38
19/06/2023 07:00:00 - 19/06/2023 08:00:00,SCA|NO3,mFRR,Not Specified,Not Specified,MARGINAL,23.92,23.92
19/06/2023 08:00:00 - 19/06/2023 09:00:00,SCA|NO3,mFRR,Not Specified,Not Specified,MARGINAL,42.0,26.33
19/06/2023 09:00:00 - 19/06/2023 10:00:00,SCA|NO3,mFRR,Not Specified,Not Specified,MARGINAL,42.0,26.94
19/06/2023 10:00:00 - 19/06/2023 11:00:00,SCA|NO3,mFRR,Not Specified,Not Specified,MARGINAL,26.79,26.79
19/06/2023 11:00:00 - 19/06/2023 12:00:00,SCA|NO3,mFRR,Not Specified,Not Specified,MARGINAL,26.0,26.0
19/06/2023 12:00:00 - 19/06/2023 13:00:00,SCA|NO3,mFRR,Not Specified,Not Specified,MARGINAL,25.23,25.23
19/06/2023 13:00:00 - 19/06/2023 14:00:00,SCA|NO3,mFRR,Not Specified,Not Specified,MARGINAL,25.02,25.02
19/06/2023 14:00:00 - 19/06/2023 15:00:00,SCA|NO3,mFRR,Not Specified,Not Specified,MARGINAL,24.75,24.75
19/06/2023 15:00:00 - 19/06/2023 16:00:00,SCA|NO3,mFRR,Not Specified,Not Specified,MARGINAL,24.57,24.57
19/06/2023 16:00:00 - 19/06/2023 17:00:00,SCA|NO3,mFRR,Not Specified,Not Specified,MARGINAL,24.83,24.83
19/06/2023 17:00:00 - 19/06/2023 18:00:00,SCA|NO3,mFRR,Not Specified,Not Specified,MARGINAL,24.89,24.89
19/06/2023 18:00:00 - 19/06/2023 19:00:00,SCA|NO3,mFRR,Not Specified,Not Specified,MARGINAL,40.0,23.69
19/06/2023 19:00:00 - 19/06/2023 20:00:00,SCA|NO3,mFRR,Not Specified,Not Specified,MARGINAL,36.0,23.72
19/06/2023 20:00:00 - 19/06/2023 21:00:00,SCA|NO3,mFRR,Not Specified,Not Specified,MARGINAL,36.0,23.42
19/06/2023 21:00:00 - 19/06/2023 22:00:00,SCA|NO3,mFRR,Not Specified,Not Specified,MARGINAL,36.0,23.13
19/06/2023 22:00:00 - 19/06/2023 23:00:00,SCA|NO3,mFRR,Not Specified,Not Specified,MARGINAL,22.9,22.9
19/06/2023 23:00:00 - 20/06/2023 00:00:00,SCA|NO3,mFRR,Not Specified,Not Specified,MARGINAL,22.52,22.52
20/06/2023 00:00:00 - 20/06/2023 01:00:00,SCA|NO3,mFRR,Not Specified,Not Specified,MARGINAL,21.46,21.46
20/06/2023 01:00:00 - 20/06/2023 02:00:00,SCA|NO3,mFRR,Not Specified,Not Specified,MARGINAL,21.52,21.52
20/06/2023 02:00:00 - 20/06/2023 03:00:00,SCA|NO3,mFRR,Not Specified,Not Specified,MARGINAL,26.0,21.34
20/06/2023 03:00:00 - 20/06/2023 04:00:00,SCA|NO3,mFRR,Not Specified,Not Specified,MARGINAL,26.0,21.43
20/06/2023 04:00:00 - 20/06/2023 05:00:00,SCA|NO3,mFRR,Not Specified,Not Specified,MARGINAL,26.0,21.74
20/06/2023 05:00:00 - 20/06/2023 06:00:00,SCA|NO3,mFRR,Not Specified,Not Specified,MARGINAL,22.18,22.18
20/06/2023 06:00:00 - 20/06/2023 07:00:00,SCA|NO3,mFRR,Not Specified,Not Specified,MARGINAL,23.24,23.24
20/06/2023 07:00:00 - 20/06/2023 08:00:00,SCA|NO3,mFRR,Not Specified,Not Specified,MARGINAL,24.62,24.62
20/06/2023 08:00:00 - 20/06/2023 09:00:00,SCA|NO3,mFRR,Not Specified,Not Specified,MARGINAL,28.37,28.37
20/06/2023 09:00:00 - 20/06/2023 10:00:00,SCA|NO3,mFRR,Not Specified,Not Specified,MARGINAL,29.18,29.18
20/06/2023 10:00:00 - 20/06/2023 11:00:00,SCA|NO3,mFRR,Not Specified,Not Specified,MARGINAL,29.59,29.59
20/06/2023 11:00:00 - 20/06/2023 12:00:00,SCA|NO3,mFRR,Not Specified,Not Specified,MARGINAL,29.7,29.7
20/06/2023 12:00:00 - 20/06/2023 13:00:00,SCA|NO3,mFRR,Not Specified,Not Specified,MARGINAL,55.0,29.7
20/06/2023 13:00:00 - 20/06/2023 14:00:00,SCA|NO3,mFRR,Not Specified,Not Specified,MARGINAL,55.0,29.73
20/06/2023 14:00:00 - 20/06/2023 15:00:00,SCA|NO3,mFRR,Not Specified,Not Specified,MARGINAL,49.0,29.72
20/06/2023 15:00:00 - 20/06/2023 16:00:00,SCA|NO3,mFRR,Not Specified,Not Specified,MARGINAL,49.0,29.65
20/06/2023 16:00:00 - 20/06/2023 17:00:00,SCA|NO3,mFRR,Not Specified,Not Specified,MARGINAL,29.63,29.63
20/06/2023 17:00:00 - 20/06/2023 18:00:00,SCA|NO3,mFRR,Not Specified,Not Specified,MARGINAL,29.44,29.44
20/06/2023 18:00:00 - 20/06/2023 19:00:00,SCA|NO3,mFRR,Not Specified,Not Specified,MARGINAL,29.37,29.37
20/06/2023 19:00:00 - 20/06/2023 20:00:00,SCA|NO3,mFRR,Not Specified,Not Specified,MARGINAL,29.45,29.45
20/06/2023 20:00:00 - 20/06/2023 21:00:00,SCA|NO3,mFRR,Not Specified,Not Specified,MARGINAL,28.58,28.58
20/06/2023 21:00:00 - 20/06/2023 22:00:00,SCA|NO3,mFRR,Not Specified,Not Specified,MARGINAL,28.1,28.1
20/06/2023 22:00:00 - 20/06/2023 23:00:00,SCA|NO3,mFRR,Not Specified,Not Specified,MARGINAL,27.57,27.57
20/06/2023 23:00:00 - 21/06/2023 00:00:00,SCA|NO3,mFRR,Not Specified,Not Specified,MARGINAL,27.12,27.12
21/06/2023 00:00:00 - 21/06/2023 01:00:00,SCA|NO3,mFRR,Not Specified,Not Specified,MARGINAL,30.0,23.64
21/06/2023 01:00:00 - 21/06/2023 02:00:00,SCA|NO3,mFRR,Not Specified,Not Specified,MARGINAL,32.0,23.19
21/06/2023 02:00:00 - 21/06/2023 03:00:00,SCA|NO3,mFRR,Not Specified,Not Specified,MARGINAL,22.72,22.72
21/06/2023 03:00:00 - 21/06/2023 04:00:00,SCA|NO3,mFRR,Not Specified,Not Specified,MARGINAL,30.0,22.67
21/06/2023 04:00:00 - 21/06/2023 05:00:00,SCA|NO3,mFRR,Not Specified,Not Specified,MARGINAL,29.5,22.66
21/06/2023 05:00:00 - 21/06/2023 06:00:00,SCA|NO3,mFRR,Not Specified,Not Specified,MARGINAL,22.73,22.73
21/06/2023 06:00:00 - 21/06/2023 07:00:00,SCA|NO3,mFRR,Not Specified,Not Specified,,,
21/06/2023 07:00:00 - 21/06/2023 08:00:00,SCA|NO3,mFRR,Not Specified,Not Specified,,,
21/06/2023 08:00:00 - 21/06/2023 09:00:00,SCA|NO3,mFRR,Not Specified,Not Specified,,,
21/06/2023 09:00:00 - 21/06/2023 10:00:00,SCA|NO3,mFRR,Not Specified,Not Specified,,,
21/06/2023 10:00:00 - 21/06/2023 11:00:00,SCA|NO3,mFRR,Not Specified,Not Specified,,,
21/06/2023 11:00:00 - 21/06/2023 12:00:00,SCA|NO3,mFRR,Not Specified,Not Specified,,,
21/06/2023 12:00:00 - 21/06/2023 13:00:00,SCA|NO3,mFRR,Not Specified,Not Specified,,,
21/06/2023 13:00:00 - 21/06/2023 14:00:00,SCA|NO3,mFRR,Not Specified,Not Specified,,,
21/06/2023 14:00:00 - 21/06/2023 15:00:00,SCA|NO3,mFRR,Not Specified,Not Specified,,,
21/06/2023 15:00:00 - 21/06/2023 16:00:00,SCA|NO3,mFRR,Not Specified,Not Specified,,,
21/06/2023 16:00:00 - 21/06/2023 17:00:00,SCA|NO3,mFRR,Not Specified,Not Specified,,,
21/06/2023 17:00:00 - 21/06/2023 18:00:00,SCA|NO3,mFRR,Not Specified,Not Specified,,,
21/06/2023 18:00:00 - 21/06/2023 19:00:00,SCA|NO3,mFRR,Not Specified,Not Specified,,,
21/06/2023 19:00:00 - 21/06/2023 20:00:00,SCA|NO3,mFRR,Not Specified,Not Specified,,,
21/06/2023 20:00:00 - 21/06/2023 21:00:00,SCA|NO3,mFRR,Not Specified,Not Specified,,,
21/06/2023 21:00:00 - 21/06/2023 22:00:00,SCA|NO3,mFRR,Not Specified,Not Specified,,,
21/06/2023 22:00:00 - 21/06/2023 23:00:00,SCA|NO3,mFRR,Not Specified,Not Specified,,,
21/06/2023 23:00:00 - 22/06/2023 00:00:00,SCA|NO3,mFRR,Not Specified,Not Specified,,,
22/06/2023 00:00:00 - 22/06/2023 01:00:00,SCA|NO3,mFRR,Not Specified,Not Specified,,,
22/06/2023 01:00:00 - 22/06/2023 02:00:00,SCA|NO3,mFRR,Not Specified,Not Specified,,,
22/06/2023 02:00:00 - 22/06/2023 03:00:00,SCA|NO3,mFRR,Not Specified,Not Specified,,,
22/06/2023 03:00:00 - 22/06/2023 04:00:00,SCA|NO3,mFRR,Not Specified,Not Specified,,,
22/06/2023 04:00:00 - 22/06/2023 05:00:00,SCA|NO3,mFRR,Not Specified,Not Specified,,,
22/06/2023 05:00:00 - 22/06/2023 06:00:00,SCA|NO3,mFRR,Not Specified,Not Specified,,,
22/06/2023 06:00:00 - 22/06/2023 07:00:00,SCA|NO3,mFRR,Not Specified,Not Specified,,,
22/06/2023 07:00:00 - 22/06/2023 08:00:00,SCA|NO3,mFRR,Not Specified,Not Specified,,,
22/06/2023 08:00:00 - 22/06/2023 09:00:00,SCA|NO3,mFRR,Not Specified,Not Specified,,,
22/06/2023 09:00:00 - 22/06/2023 10:00:00,SCA|NO3,mFRR,Not Specified,Not Specified,,,
22/06/2023 10:00:00 - 22/06/2023 11:00:00,SCA|NO3,mFRR,Not Specified,Not Specified,,,
22/06/2023 11:00:00 - 22/06/2023 12:00:00,SCA|NO3,mFRR,Not Specified,Not Specified,,,
22/06/2023 12:00:00 - 22/06/2023 13:00:00,SCA|NO3,mFRR,Not Specified,Not Specified,,,
22/06/2023 13:00:00 - 22/06/2023 14:00:00,SCA|NO3,mFRR,Not Specified,Not Specified,MARGINAL,17.52,17.52
22/06/2023 14:00:00 - 22/06/2023 15:00:00,SCA|NO3,mFRR,Not Specified,Not Specified,MARGINAL,17.44,17.44
22/06/2023 15:00:00 - 22/06/2023 16:00:00,SCA|NO3,mFRR,Not Specified,Not Specified,MARGINAL,17.59,17.59
22/06/2023 16:00:00 - 22/06/2023 17:00:00,SCA|NO3,mFRR,Not Specified,Not Specified,MARGINAL,20.1,20.1
22/06/2023 17:00:00 - 22/06/2023 18:00:00,SCA|NO3,mFRR,Not Specified,Not Specified,MARGINAL,20.12,20.12
22/06/2023 18:00:00 - 22/06/2023 19:00:00,SCA|NO3,mFRR,Not Specified,Not Specified,MARGINAL,20.2,20.2
22/06/2023 19:00:00 - 22/06/2023 20:00:00,SCA|NO3,mFRR,Not Specified,Not Specified,MARGINAL,20.54,20.54
22/06/2023 20:00:00 - 22/06/2023 21:00:00,SCA|NO3,mFRR,Not Specified,Not Specified,MARGINAL,20.42,20.42
22/06/2023 21:00:00 - 22/06/2023 22:00:00,SCA|NO3,mFRR,Not Specified,Not Specified,MARGINAL,20.64,20.64
22/06/2023 22:00:00 - 22/06/2023 23:00:00,SCA|NO3,mFRR,Not Specified,Not Specified,MARGINAL,20.69,20.69
22/06/2023 23:00:00 - 23/06/2023 00:00:00,SCA|NO3,mFRR,Not Specified,Not Specified,MARGINAL,20.67,20.67
23/06/2023 00:00:00 - 23/06/2023 01:00:00,SCA|NO3,mFRR,Not Specified,Not Specified,,,
23/06/2023 01:00:00 - 23/06/2023 02:00:00,SCA|NO3,mFRR,Not Specified,Not Specified,MARGINAL,9.92,9.92
23/06/2023 02:00:00 - 23/06/2023 03:00:00,SCA|NO3,mFRR,Not Specified,Not Specified,MARGINAL,3.71,3.71
23/06/2023 03:00:00 - 23/06/2023 04:00:00,SCA|NO3,mFRR,Not Specified,Not Specified,MARGINAL,2.27,2.27
23/06/2023 04:00:00 - 23/06/2023 05:00:00,SCA|NO3,mFRR,Not Specified,Not Specified,MARGINAL,3.39,3.39
23/06/2023 05:00:00 - 23/06/2023 06:00:00,SCA|NO3,mFRR,Not Specified,Not Specified,MARGINAL,10.43,10.43
23/06/2023 06:00:00 - 23/06/2023 07:00:00,SCA|NO3,mFRR,Not Specified,Not Specified,MARGINAL,17.48,17.48
23/06/2023 07:00:00 - 23/06/2023 08:00:00,SCA|NO3,mFRR,Not Specified,Not Specified,MARGINAL,19.05,19.05
23/06/2023 08:00:00 - 23/06/2023 09:00:00,SCA|NO3,mFRR,Not Specified,Not Specified,MARGINAL,19.36,19.36
23/06/2023 09:00:00 - 23/06/2023 10:00:00,SCA|NO3,mFRR,Not Specified,Not Specified,MARGINAL,17.39,17.39
23/06/2023 10:00:00 - 23/06/2023 11:00:00,SCA|NO3,mFRR,Not Specified,Not Specified,MARGINAL,22.0,16.18
23/06/2023 11:00:00 - 23/06/2023 12:00:00,SCA|NO3,mFRR,Not Specified,Not Specified,MARGINAL,22.0,10.22
23/06/2023 12:00:00 - 23/06/2023 13:00:00,SCA|NO3,mFRR,Not Specified,Not Specified,MARGINAL,22.0,5.4
23/06/2023 13:00:00 - 23/06/2023 14:00:00,SCA|NO3,mFRR,Not Specified,Not Specified,MARGINAL,21.0,2.62
23/06/2023 14:00:00 - 23/06/2023 15:00:00,SCA|NO3,mFRR,Not Specified,Not Specified,MARGINAL,2.26,2.26
23/06/2023 15:00:00 - 23/06/2023 16:00:00,SCA|NO3,mFRR,Not Specified,Not Specified,MARGINAL,2.23,2.23
23/06/2023 16:00:00 - 23/06/2023 17:00:00,SCA|NO3,mFRR,Not Specified,Not Specified,MARGINAL,3.4,3.4
23/06/2023 17:00:00 - 23/06/2023 18:00:00,SCA|NO3,mFRR,Not Specified,Not Specified,MARGINAL,12.08,12.08
23/06/2023 18:00:00 - 23/06/2023 19:00:00,SCA|NO3,mFRR,Not Specified,Not Specified,MARGINAL,17.04,17.04
23/06/2023 19:00:00 - 23/06/2023 20:00:00,SCA|NO3,mFRR,Not Specified,Not Specified,MARGINAL,16.8,16.8
23/06/2023 20:00:00 - 23/06/2023 21:00:00,SCA|NO3,mFRR,Not Specified,Not Specified,MARGINAL,16.25,16.25
23/06/2023 21:00:00 - 23/06/2023 22:00:00,SCA|NO3,mFRR,Not Specified,Not Specified,MARGINAL,16.07,16.07
23/06/2023 22:00:00 - 23/06/2023 23:00:00,SCA|NO3,mFRR,Not Specified,Not Specified,MARGINAL,14.9,14.9
23/06/2023 23:00:00 - 24/06/2023 00:00:00,SCA|NO3,mFRR,Not Specified,Not Specified,MARGINAL,9.96,9.96
24/06/2023 00:00:00 - 24/06/2023 01:00:00,SCA|NO3,mFRR,Not Specified,Not Specified,MARGINAL,4.5,4.5
24/06/2023 01:00:00 - 24/06/2023 02:00:00,SCA|NO3,mFRR,Not Specified,Not Specified,MARGINAL,2.99,2.99
24/06/2023 02:00:00 - 24/06/2023 03:00:00,SCA|NO3,mFRR,Not Specified,Not Specified,MARGINAL,2.28,-4.0
24/06/2023 03:00:00 - 24/06/2023 04:00:00,SCA|NO3,mFRR,Not Specified,Not Specified,MARGINAL,2.26,-8.82
24/06/2023 04:00:00 - 24/06/2023 05:00:00,SCA|NO3,mFRR,Not Specified,Not Specified,MARGINAL,3.45,-8.0
24/06/2023 05:00:00 - 24/06/2023 06:00:00,SCA|NO3,mFRR,Not Specified,Not Specified,MARGINAL,10.01,-5.0
24/06/2023 06:00:00 - 24/06/2023 07:00:00,SCA|NO3,mFRR,Not Specified,Not Specified,MARGINAL,16.59,5.49
24/06/2023 07:00:00 - 24/06/2023 08:00:00,SCA|NO3,mFRR,Not Specified,Not Specified,MARGINAL,18.58,14.0
24/06/2023 08:00:00 - 24/06/2023 09:00:00,SCA|NO3,mFRR,Not Specified,Not Specified,MARGINAL,20.22,10.0
24/06/2023 09:00:00 - 24/06/2023 10:00:00,SCA|NO3,mFRR,Not Specified,Not Specified,MARGINAL,21.34,10.0
24/06/2023 10:00:00 - 24/06/2023 11:00:00,SCA|NO3,mFRR,Not Specified,Not Specified,MARGINAL,21.86,9.0
24/06/2023 11:00:00 - 24/06/2023 12:00:00,SCA|NO3,mFRR,Not Specified,Not Specified,MARGINAL,21.93,9.0
24/06/2023 12:00:00 - 24/06/2023 13:00:00,SCA|NO3,mFRR,Not Specified,Not Specified,MARGINAL,14.99,2.5
24/06/2023 13:00:00 - 24/06/2023 14:00:00,SCA|NO3,mFRR,Not Specified,Not Specified,MARGINAL,1.96,-7.0
24/06/2023 14:00:00 - 24/06/2023 15:00:00,SCA|NO3,mFRR,Not Specified,Not Specified,MARGINAL,0.33,-7.0
24/06/2023 15:00:00 - 24/06/2023 16:00:00,SCA|NO3,mFRR,Not Specified,Not Specified,MARGINAL,10.0,-5.0
24/06/2023 16:00:00 - 24/06/2023 17:00:00,SCA|NO3,mFRR,Not Specified,Not Specified,MARGINAL,23.87,13.0
24/06/2023 17:00:00 - 24/06/2023 18:00:00,SCA|NO3,mFRR,Not Specified,Not Specified,MARGINAL,23.85,20.0
24/06/2023 18:00:00 - 24/06/2023 19:00:00,SCA|NO3,mFRR,Not Specified,Not Specified,MARGINAL,23.84,20.0
24/06/2023 19:00:00 - 24/06/2023 20:00:00,SCA|NO3,mFRR,Not Specified,Not Specified,MARGINAL,23.81,23.81
24/06/2023 20:00:00 - 24/06/2023 21:00:00,SCA|NO3,mFRR,Not Specified,Not Specified,MARGINAL,23.27,23.27
24/06/2023 21:00:00 - 24/06/2023 22:00:00,SCA|NO3,mFRR,Not Specified,Not Specified,MARGINAL,22.89,22.89
24/06/2023 22:00:00 - 24/06/2023 23:00:00,SCA|NO3,mFRR,Not Specified,Not Specified,MARGINAL,22.71,22.71
24/06/2023 23:00:00 - 25/06/2023 00:00:00,SCA|NO3,mFRR,Not Specified,Not Specified,MARGINAL,22.65,22.65
25/06/2023 00:00:00 - 25/06/2023 01:00:00,SCA|NO3,mFRR,Not Specified,Not Specified,MARGINAL,22.94,22.94
25/06/2023 01:00:00 - 25/06/2023 02:00:00,SCA|NO3,mFRR,Not Specified,Not Specified,MARGINAL,22.94,22.94
25/06/2023 02:00:00 - 25/06/2023 03:00:00,SCA|NO3,mFRR,Not Specified,Not Specified,MARGINAL,22.71,22.71
25/06/2023 03:00:00 - 25/06/2023 04:00:00,SCA|NO3,mFRR,Not Specified,Not Specified,MARGINAL,22.61,22.61
25/06/2023 04:00:00 - 25/06/2023 05:00:00,SCA|NO3,mFRR,Not Specified,Not Specified,MARGINAL,22.54,22.54
25/06/2023 05:00:00 - 25/06/2023 06:00:00,SCA|NO3,mFRR,Not Specified,Not Specified,MARGINAL,22.21,22.21
25/06/2023 06:00:00 - 25/06/2023 07:00:00,SCA|NO3,mFRR,Not Specified,Not Specified,MARGINAL,22.11,22.11
25/06/2023 07:00:00 - 25/06/2023 08:00:00,SCA|NO3,mFRR,Not Specified,Not Specified,MARGINAL,22.36,22.36
25/06/2023 08:00:00 - 25/06/2023 09:00:00,SCA|NO3,mFRR,Not Specified,Not Specified,MARGINAL,22.65,22.65
25/06/2023 09:00:00 - 25/06/2023 10:00:00,SCA|NO3,mFRR,Not Specified,Not Specified,MARGINAL,22.7,22.7
25/06/2023 10:00:00 - 25/06/2023 11:00:00,SCA|NO3,mFRR,Not Specified,Not Specified,MARGINAL,9.92,0.13
25/06/2023 11:00:00 - 25/06/2023 12:00:00,SCA|NO3,mFRR,Not Specified,Not Specified,MARGINAL,0.97,-1.34
25/06/2023 12:00:00 - 25/06/2023 13:00:00,SCA|NO3,mFRR,Not Specified,Not Specified,MARGINAL,0.95,-0.94
25/06/2023 13:00:00 - 25/06/2023 14:00:00,SCA|NO3,mFRR,Not Specified,Not Specified,MARGINAL,0.99,-0.94
25/06/2023 14:00:00 - 25/06/2023 15:00:00,SCA|NO3,mFRR,Not Specified,Not Specified,MARGINAL,0.96,-0.94
25/06/2023 15:00:00 - 25/06/2023 16:00:00,SCA|NO3,mFRR,Not Specified,Not Specified,MARGINAL,5.53,2.78
25/06/2023 16:00:00 - 25/06/2023 17:00:00,SCA|NO3,mFRR,Not Specified,Not Specified,MARGINAL,21.65,21.0
25/06/2023 17:00:00 - 25/06/2023 18:00:00,SCA|NO3,mFRR,Not Specified,Not Specified,MARGINAL,22.76,22.76
25/06/2023 18:00:00 - 25/06/2023 19:00:00,SCA|NO3,mFRR,Not Specified,Not Specified,MARGINAL,22.79,22.79
25/06/2023 19:00:00 - 25/06/2023 20:00:00,SCA|NO3,mFRR,Not Specified,Not Specified,MARGINAL,38.0,22.73
25/06/2023 20:00:00 - 25/06/2023 21:00:00,SCA|NO3,mFRR,Not Specified,Not Specified,MARGINAL,22.62,2.0
25/06/2023 21:00:00 - 25/06/2023 22:00:00,SCA|NO3,mFRR,Not Specified,Not Specified,MARGINAL,22.21,-10.0
25/06/2023 22:00:00 - 25/06/2023 23:00:00,SCA|NO3,mFRR,Not Specified,Not Specified,MARGINAL,21.57,-7.0
25/06/2023 23:00:00 - 26/06/2023 00:00:00,SCA|NO3,mFRR,Not Specified,Not Specified,MARGINAL,21.1,-7.0
26/06/2023 00:00:00 - 26/06/2023 01:00:00,SCA|NO3,mFRR,Not Specified,Not Specified,MARGINAL,21.16,-10.0
26/06/2023 01:00:00 - 26/06/2023 02:00:00,SCA|NO3,mFRR,Not Specified,Not Specified,MARGINAL,20.91,-200.0
26/06/2023 02:00:00 - 26/06/2023 03:00:00,SCA|NO3,mFRR,Not Specified,Not Specified,MARGINAL,20.77,0.0
26/06/2023 03:00:00 - 26/06/2023 04:00:00,SCA|NO3,mFRR,Not Specified,Not Specified,MARGINAL,20.75,0.0
26/06/2023 04:00:00 - 26/06/2023 05:00:00,SCA|NO3,mFRR,Not Specified,Not Specified,MARGINAL,20.72,-5.0
26/06/2023 05:00:00 - 26/06/2023 06:00:00,SCA|NO3,mFRR,Not Specified,Not Specified,MARGINAL,20.82,-5.0
26/06/2023 06:00:00 - 26/06/2023 07:00:00,SCA|NO3,mFRR,Not Specified,Not Specified,MARGINAL,21.54,0.0
26/06/2023 07:00:00 - 26/06/2023 08:00:00,SCA|NO3,mFRR,Not Specified,Not Specified,MARGINAL,22.34,2.0
26/06/2023 08:00:00 - 26/06/2023 09:00:00,SCA|NO3,mFRR,Not Specified,Not Specified,MARGINAL,23.3,10.0
26/06/2023 09:00:00 - 26/06/2023 10:00:00,SCA|NO3,mFRR,Not Specified,Not Specified,MARGINAL,23.44,23.44
26/06/2023 10:00:00 - 26/06/2023 11:00:00,SCA|NO3,mFRR,Not Specified,Not Specified,MARGINAL,23.48,23.48
26/06/2023 11:00:00 - 26/06/2023 12:00:00,SCA|NO3,mFRR,Not Specified,Not Specified,MARGINAL,23.52,23.52
26/06/2023 12:00:00 - 26/06/2023 13:00:00,SCA|NO3,mFRR,Not Specified,Not Specified,MARGINAL,23.35,23.35
26/06/2023 13:00:00 - 26/06/2023 14:00:00,SCA|NO3,mFRR,Not Specified,Not Specified,MARGINAL,23.33,23.33
26/06/2023 14:00:00 - 26/06/2023 15:00:00,SCA|NO3,mFRR,Not Specified,Not Specified,MARGINAL,23.22,23.22
26/06/2023 15:00:00 - 26/06/2023 16:00:00,SCA|NO3,mFRR,Not Specified,Not Specified,MARGINAL,22.97,22.97
26/06/2023 16:00:00 - 26/06/2023 17:00:00,SCA|NO3,mFRR,Not Specified,Not Specified,MARGINAL,22.79,22.79
26/06/2023 17:00:00 - 26/06/2023 18:00:00,SCA|NO3,mFRR,Not Specified,Not Specified,MARGINAL,22.57,22.57
26/06/2023 18:00:00 - 26/06/2023 19:00:00,SCA|NO3,mFRR,Not Specified,Not Specified,MARGINAL,22.38,22.38
26/06/2023 19:00:00 - 26/06/2023 20:00:00,SCA|NO3,mFRR,Not Specified,Not Specified,MARGINAL,24.0,22.25
26/06/2023 20:00:00 - 26/06/2023 21:00:00,SCA|NO3,mFRR,Not Specified,Not Specified,MARGINAL,24.0,21.43
26/06/2023 21:00:00 - 26/06/2023 22:00:00,SCA|NO3,mFRR,Not Specified,Not Specified,MARGINAL,24.0,21.24
26/06/2023 22:00:00 - 26/06/2023 23:00:00,SCA|NO3,mFRR,Not Specified,Not Specified,MARGINAL,35.5,20.88
26/06/2023 23:00:00 - 27/06/2023 00:00:00,SCA|NO3,mFRR,Not Specified,Not Specified,MARGINAL,32.0,20.78
27/06/2023 00:00:00 - 27/06/2023 01:00:00,SCA|NO3,mFRR,Not Specified,Not Specified,MARGINAL,30.0,20.74
27/06/2023 01:00:00 - 27/06/2023 02:00:00,SCA|NO3,mFRR,Not Specified,Not Specified,MARGINAL,30.0,20.71
27/06/2023 02:00:00 - 27/06/2023 03:00:00,SCA|NO3,mFRR,Not Specified,Not Specified,MARGINAL,20.73,20.73
27/06/2023 03:00:00 - 27/06/2023 04:00:00,SCA|NO3,mFRR,Not Specified,Not Specified,MARGINAL,21.05,21.05
27/06/2023 04:00:00 - 27/06/2023 05:00:00,SCA|NO3,mFRR,Not Specified,Not Specified,MARGINAL,21.18,21.18
27/06/2023 05:00:00 - 27/06/2023 06:00:00,SCA|NO3,mFRR,Not Specified,Not Specified,MARGINAL,21.29,21.29
27/06/2023 06:00:00 - 27/06/2023 07:00:00,SCA|NO3,mFRR,Not Specified,Not Specified,MARGINAL,21.67,21.67
27/06/2023 07:00:00 - 27/06/2023 08:00:00,SCA|NO3,mFRR,Not Specified,Not Specified,MARGINAL,22.2,10.0
27/06/2023 08:00:00 - 27/06/2023 09:00:00,SCA|NO3,mFRR,Not Specified,Not Specified,MARGINAL,23.9,12.5
27/06/2023 09:00:00 - 27/06/2023 10:00:00,SCA|NO3,mFRR,Not Specified,Not Specified,MARGINAL,24.62,12.5
27/06/2023 10:00:00 - 27/06/2023 11:00:00,SCA|NO3,mFRR,Not Specified,Not Specified,MARGINAL,25.25,12.5
27/06/2023 11:00:00 - 27/06/2023 12:00:00,SCA|NO3,mFRR,Not Specified,Not Specified,MARGINAL,24.91,12.5
27/06/2023 12:00:00 - 27/06/2023 13:00:00,SCA|NO3,mFRR,Not Specified,Not Specified,MARGINAL,25.54,12.5
27/06/2023 13:00:00 - 27/06/2023 14:00:00,SCA|NO3,mFRR,Not Specified,Not Specified,MARGINAL,25.09,12.5
27/06/2023 14:00:00 - 27/06/2023 15:00:00,SCA|NO3,mFRR,Not Specified,Not Specified,MARGINAL,25.05,12.5
27/06/2023 15:00:00 - 27/06/2023 16:00:00,SCA|NO3,mFRR,Not Specified,Not Specified,MARGINAL,24.91,12.5
27/06/2023 16:00:00 - 27/06/2023 17:00:00,SCA|NO3,mFRR,Not Specified,Not Specified,MARGINAL,23.83,12.5
27/06/2023 17:00:00 - 27/06/2023 18:00:00,SCA|NO3,mFRR,Not Specified,Not Specified,MARGINAL,23.8,12.5
27/06/2023 18:00:00 - 27/06/2023 19:00:00,SCA|NO3,mFRR,Not Specified,Not Specified,MARGINAL,24.0,12.5
27/06/2023 19:00:00 - 27/06/2023 20:00:00,SCA|NO3,mFRR,Not Specified,Not Specified,MARGINAL,25.56,15.0
27/06/2023 20:00:00 - 27/06/2023 21:00:00,SCA|NO3,mFRR,Not Specified,Not Specified,MARGINAL,25.78,15.0
27/06/2023 21:00:00 - 27/06/2023 22:00:00,SCA|NO3,mFRR,Not Specified,Not Specified,MARGINAL,25.61,25.61
27/06/2023 22:00:00 - 27/06/2023 23:00:00,SCA|NO3,mFRR,Not Specified,Not Specified,MARGINAL,25.52,25.52
27/06/2023 23:00:00 - 28/06/2023 00:00:00,SCA|NO3,mFRR,Not Specified,Not Specified,MARGINAL,25.14,25.14
28/06/2023 00:00:00 - 28/06/2023 01:00:00,SCA|NO3,mFRR,Not Specified,Not Specified,MARGINAL,23.93,23.93
28/06/2023 01:00:00 - 28/06/2023 02:00:00,SCA|NO3,mFRR,Not Specified,Not Specified,MARGINAL,23.61,23.61
28/06/2023 02:00:00 - 28/06/2023 03:00:00,SCA|NO3,mFRR,Not Specified,Not Specified,MARGINAL,23.46,23.46
28/06/2023 03:00:00 - 28/06/2023 04:00:00,SCA|NO3,mFRR,Not Specified,Not Specified,MARGINAL,23.2,23.2
28/06/2023 04:00:00 - 28/06/2023 05:00:00,SCA|NO3,mFRR,Not Specified,Not Specified,MARGINAL,23.12,23.12
28/06/2023 05:00:00 - 28/06/2023 06:00:00,SCA|NO3,mFRR,Not Specified,Not Specified,MARGINAL,23.49,23.49
28/06/2023 06:00:00 - 28/06/2023 07:00:00,SCA|NO3,mFRR,Not Specified,Not Specified,MARGINAL,23.91,23.91
28/06/2023 07:00:00 - 28/06/2023 08:00:00,SCA|NO3,mFRR,Not Specified,Not Specified,MARGINAL,24.9,24.9
28/06/2023 08:00:00 - 28/06/2023 09:00:00,SCA|NO3,mFRR,Not Specified,Not Specified,MARGINAL,24.94,24.94
28/06/2023 09:00:00 - 28/06/2023 10:00:00,SCA|NO3,mFRR,Not Specified,Not Specified,MARGINAL,26.02,26.02
28/06/2023 10:00:00 - 28/06/2023 11:00:00,SCA|NO3,mFRR,Not Specified,Not Specified,MARGINAL,26.11,26.11
28/06/2023 11:00:00 - 28/06/2023 12:00:00,SCA|NO3,mFRR,Not Specified,Not Specified,MARGINAL,24.53,24.53
28/06/2023 12:00:00 - 28/06/2023 13:00:00,SCA|NO3,mFRR,Not Specified,Not Specified,MARGINAL,24.17,24.17
28/06/2023 13:00:00 - 28/06/2023 14:00:00,SCA|NO3,mFRR,Not Specified,Not Specified,MARGINAL,24.66,24.66
28/06/2023 14:00:00 - 28/06/2023 15:00:00,SCA|NO3,mFRR,Not Specified,Not Specified,MARGINAL,24.95,24.95
28/06/2023 15:00:00 - 28/06/2023 16:00:00,SCA|NO3,mFRR,Not Specified,Not Specified,MARGINAL,24.98,24.98
28/06/2023 16:00:00 - 28/06/2023 17:00:00,SCA|NO3,mFRR,Not Specified,Not Specified,MARGINAL,24.93,24.93
28/06/2023 17:00:00 - 28/06/2023 18:00:00,SCA|NO3,mFRR,Not Specified,Not Specified,MARGINAL,24.42,24.42
28/06/2023 18:00:00 - 28/06/2023 19:00:00,SCA|NO3,mFRR,Not Specified,Not Specified,MARGINAL,23.99,23.99
28/06/2023 19:00:00 - 28/06/2023 20:00:00,SCA|NO3,mFRR,Not Specified,Not Specified,MARGINAL,24.91,24.91
28/06/2023 20:00:00 - 28/06/2023 21:00:00,SCA|NO3,mFRR,Not Specified,Not Specified,MARGINAL,24.9,24.9
28/06/2023 21:00:00 - 28/06/2023 22:00:00,SCA|NO3,mFRR,Not Specified,Not Specified,MARGINAL,23.98,23.98
28/06/2023 22:00:00 - 28/06/2023 23:00:00,SCA|NO3,mFRR,Not Specified,Not Specified,MARGINAL,23.94,23.94
28/06/2023 23:00:00 - 29/06/2023 00:00:00,SCA|NO3,mFRR,Not Specified,Not Specified,MARGINAL,23.75,23.75
29/06/2023 00:00:00 - 29/06/2023 01:00:00,SCA|NO3,mFRR,Not Specified,Not Specified,MARGINAL,22.72,22.72
29/06/2023 01:00:00 - 29/06/2023 02:00:00,SCA|NO3,mFRR,Not Specified,Not Specified,MARGINAL,22.17,22.17
29/06/2023 02:00:00 - 29/06/2023 03:00:00,SCA|NO3,mFRR,Not Specified,Not Specified,MARGINAL,21.95,21.95
29/06/2023 03:00:00 - 29/06/2023 04:00:00,SCA|NO3,mFRR,Not Specified,Not Specified,MARGINAL,21.89,21.89
29/06/2023 04:00:00 - 29/06/2023 05:00:00,SCA|NO3,mFRR,Not Specified,Not Specified,MARGINAL,21.86,21.86
29/06/2023 05:00:00 - 29/06/2023 06:00:00,SCA|NO3,mFRR,Not Specified,Not Specified,MARGINAL,21.96,21.96
29/06/2023 06:00:00 - 29/06/2023 07:00:00,SCA|NO3,mFRR,Not Specified,Not Specified,MARGINAL,22.06,22.06
29/06/2023 07:00:00 - 29/06/2023 08:00:00,SCA|NO3,mFRR,Not Specified,Not Specified,MARGINAL,23.02,20.0
29/06/2023 08:00:00 - 29/06/2023 09:00:00,SCA|NO3,mFRR,Not Specified,Not Specified,MARGINAL,23.4,15.0
29/06/2023 09:00:00 - 29/06/2023 10:00:00,SCA|NO3,mFRR,Not Specified,Not Specified,MARGINAL,23.82,18.0
29/06/2023 10:00:00 - 29/06/2023 11:00:00,SCA|NO3,mFRR,Not Specified,Not Specified,MARGINAL,23.87,18.0
29/06/2023 11:00:00 - 29/06/2023 12:00:00,SCA|NO3,mFRR,Not Specified,Not Specified,MARGINAL,24.11,18.0
29/06/2023 12:00:00 - 29/06/2023 13:00:00,SCA|NO3,mFRR,Not Specified,Not Specified,MARGINAL,23.84,18.0
29/06/2023 13:00:00 - 29/06/2023 14:00:00,SCA|NO3,mFRR,Not Specified,Not Specified,MARGINAL,23.84,18.0
29/06/2023 14:00:00 - 29/06/2023 15:00:00,SCA|NO3,mFRR,Not Specified,Not Specified,MARGINAL,27.22,18.0
29/06/2023 15:00:00 - 29/06/2023 16:00:00,SCA|NO3,mFRR,Not Specified,Not Specified,MARGINAL,23.5,18.0
29/06/2023 16:00:00 - 29/06/2023 17:00:00,SCA|NO3,mFRR,Not Specified,Not Specified,MARGINAL,23.48,17.0
29/06/2023 17:00:00 - 29/06/2023 18:00:00,SCA|NO3,mFRR,Not Specified,Not Specified,MARGINAL,23.35,18.0
29/06/2023 18:00:00 - 29/06/2023 19:00:00,SCA|NO3,mFRR,Not Specified,Not Specified,MARGINAL,23.26,18.0
29/06/2023 19:00:00 - 29/06/2023 20:00:00,SCA|NO3,mFRR,Not Specified,Not Specified,MARGINAL,23.1,20.0
29/06/2023 20:00:00 - 29/06/2023 21:00:00,SCA|NO3,mFRR,Not Specified,Not Specified,MARGINAL,23.0,20.0
29/06/2023 21:00:00 - 29/06/2023 22:00:00,SCA|NO3,mFRR,Not Specified,Not Specified,MARGINAL,22.32,20.0
29/06/2023 22:00:00 - 29/06/2023 23:00:00,SCA|NO3,mFRR,Not Specified,Not Specified,MARGINAL,22.73,20.0
29/06/2023 23:00:00 - 30/06/2023 00:00:00,SCA|NO3,mFRR,Not Specified,Not Specified,MARGINAL,22.05,22.05
30/06/2023 00:00:00 - 30/06/2023 01:00:00,SCA|NO3,mFRR,Not Specified,Not Specified,MARGINAL,22.73,22.73
30/06/2023 01:00:00 - 30/06/2023 02:00:00,SCA|NO3,mFRR,Not Specified,Not Specified,MARGINAL,22.52,22.52
30/06/2023 02:00:00 - 30/06/2023 03:00:00,SCA|NO3,mFRR,Not Specified,Not Specified,MARGINAL,22.3,22.3
30/06/2023 03:00:00 - 30/06/2023 04:00:00,SCA|NO3,mFRR,Not Specified,Not Specified,MARGINAL,22.16,22.16
30/06/2023 04:00:00 - 30/06/2023 05:00:00,SCA|NO3,mFRR,Not Specified,Not Specified,MARGINAL,21.94,21.94
30/06/2023 05:00:00 - 30/06/2023 06:00:00,SCA|NO3,mFRR,Not Specified,Not Specified,MARGINAL,21.66,21.66
30/06/2023 06:00:00 - 30/06/2023 07:00:00,SCA|NO3,mFRR,Not Specified,Not Specified,MARGINAL,21.74,21.74
30/06/2023 07:00:00 - 30/06/2023 08:00:00,SCA|NO3,mFRR,Not Specified,Not Specified,MARGINAL,22.12,22.12
30/06/2023 08:00:00 - 30/06/2023 09:00:00,SCA|NO3,mFRR,Not Specified,Not Specified,MARGINAL,22.34,22.34
30/06/2023 09:00:00 - 30/06/2023 10:00:00,SCA|NO3,mFRR,Not Specified,Not Specified,MARGINAL,22.14,22.14
30/06/2023 10:00:00 - 30/06/2023 11:00:00,SCA|NO3,mFRR,Not Specified,Not Specified,MARGINAL,22.03,22.03
30/06/2023 11:00:00 - 30/06/2023 12:00:00,SCA|NO3,mFRR,Not Specified,Not Specified,MARGINAL,21.91,21.91
30/06/2023 12:00:00 - 30/06/2023 13:00:00,SCA|NO3,mFRR,Not Specified,Not Specified,MARGINAL,21.94,21.94
30/06/2023 13:00:00 - 30/06/2023 14:00:00,SCA|NO3,mFRR,Not Specified,Not Specified,MARGINAL,21.87,21.87
30/06/2023 14:00:00 - 30/06/2023 15:00:00,SCA|NO3,mFRR,Not Specified,Not Specified,MARGINAL,21.74,21.74
30/06/2023 15:00:00 - 30/06/2023 16:00:00,SCA|NO3,mFRR,Not Specified,Not Specified,MARGINAL,21.61,21.61
30/06/2023 16:00:00 - 30/06/2023 17:00:00,SCA|NO3,mFRR,Not Specified,Not Specified,MARGINAL,21.83,21.83
30/06/2023 17:00:00 - 30/06/2023 18:00:00,SCA|NO3,mFRR,Not Specified,Not Specified,MARGINAL,21.87,21.87
30/06/2023 18:00:00 - 30/06/2023 19:00:00,SCA|NO3,mFRR,Not Specified,Not Specified,MARGINAL,21.81,21.81
30/06/2023 19:00:00 - 30/06/2023 20:00:00,SCA|NO3,mFRR,Not Specified,Not Specified,MARGINAL,21.89,21.89
30/06/2023 20:00:00 - 30/06/2023 21:00:00,SCA|NO3,mFRR,Not Specified,Not Specified,MARGINAL,21.89,21.89
30/06/2023 21:00:00 - 30/06/2023 22:00:00,SCA|NO3,mFRR,Not Specified,Not Specified,MARGINAL,21.68,21.68
30/06/2023 22:00:00 - 30/06/2023 23:00:00,SCA|NO3,mFRR,Not Specified,Not Specified,MARGINAL,21.71,21.71
30/06/2023 23:00:00 - 01/07/2023 00:00:00,SCA|NO3,mFRR,Not Specified,Not Specified,MARGINAL,21.61,21.61
01/07/2023 00:00:00 - 01/07/2023 01:00:00,SCA|NO3,mFRR,Not Specified,Not Specified,MARGINAL,22.37,22.37
01/07/2023 01:00:00 - 01/07/2023 02:00:00,SCA|NO3,mFRR,Not Specified,Not Specified,MARGINAL,20.49,20.49
01/07/2023 02:00:00 - 01/07/2023 03:00:00,SCA|NO3,mFRR,Not Specified,Not Specified,MARGINAL,20.17,20.17
01/07/2023 03:00:00 - 01/07/2023 04:00:00,SCA|NO3,mFRR,Not Specified,Not Specified,MARGINAL,19.96,19.96
01/07/2023 04:00:00 - 01/07/2023 05:00:00,SCA|NO3,mFRR,Not Specified,Not Specified,MARGINAL,19.77,3.0
01/07/2023 05:00:00 - 01/07/2023 06:00:00,SCA|NO3,mFRR,Not Specified,Not Specified,MARGINAL,20.15,3.0
01/07/2023 06:00:00 - 01/07/2023 07:00:00,SCA|NO3,mFRR,Not Specified,Not Specified,MARGINAL,20.91,3.0
01/07/2023 07:00:00 - 01/07/2023 08:00:00,SCA|NO3,mFRR,Not Specified,Not Specified,MARGINAL,21.07,9.0
01/07/2023 08:00:00 - 01/07/2023 09:00:00,SCA|NO3,mFRR,Not Specified,Not Specified,MARGINAL,22.12,3.12
01/07/2023 09:00:00 - 01/07/2023 10:00:00,SCA|NO3,mFRR,Not Specified,Not Specified,MARGINAL,22.77,3.12
01/07/2023 10:00:00 - 01/07/2023 11:00:00,SCA|NO3,mFRR,Not Specified,Not Specified,MARGINAL,23.15,10.0
01/07/2023 11:00:00 - 01/07/2023 12:00:00,SCA|NO3,mFRR,Not Specified,Not Specified,MARGINAL,23.2,23.2
01/07/2023 12:00:00 - 01/07/2023 13:00:00,SCA|NO3,mFRR,Not Specified,Not Specified,MARGINAL,30.0,16.83
01/07/2023 13:00:00 - 01/07/2023 14:00:00,SCA|NO3,mFRR,Not Specified,Not Specified,MARGINAL,30.0,4.43
01/07/2023 14:00:00 - 01/07/2023 15:00:00,SCA|NO3,mFRR,Not Specified,Not Specified,MARGINAL,24.0,0.07
01/07/2023 15:00:00 - 01/07/2023 16:00:00,SCA|NO3,mFRR,Not Specified,Not Specified,MARGINAL,0.99,0.99
01/07/2023 16:00:00 - 01/07/2023 17:00:00,SCA|NO3,mFRR,Not Specified,Not Specified,MARGINAL,25.0,12.67
01/07/2023 17:00:00 - 01/07/2023 18:00:00,SCA|NO3,mFRR,Not Specified,Not Specified,MARGINAL,21.09,21.09
01/07/2023 18:00:00 - 01/07/2023 19:00:00,SCA|NO3,mFRR,Not Specified,Not Specified,MARGINAL,20.74,20.74
01/07/2023 19:00:00 - 01/07/2023 20:00:00,SCA|NO3,mFRR,Not Specified,Not Specified,MARGINAL,35.5,20.71
01/07/2023 20:00:00 - 01/07/2023 21:00:00,SCA|NO3,mFRR,Not Specified,Not Specified,MARGINAL,39.0,20.5
01/07/2023 21:00:00 - 01/07/2023 22:00:00,SCA|NO3,mFRR,Not Specified,Not Specified,MARGINAL,39.0,20.14
01/07/2023 22:00:00 - 01/07/2023 23:00:00,SCA|NO3,mFRR,Not Specified,Not Specified,MARGINAL,35.0,18.93
01/07/2023 23:00:00 - 02/07/2023 00:00:00,SCA|NO3,mFRR,Not Specified,Not Specified,MARGINAL,23.5,17.58
02/07/2023 00:00:00 - 02/07/2023 01:00:00,SCA|NO3,mFRR,Not Specified,Not Specified,MARGINAL,16.45,2.0
02/07/2023 01:00:00 - 02/07/2023 02:00:00,SCA|NO3,mFRR,Not Specified,Not Specified,MARGINAL,21.5,3.17
02/07/2023 02:00:00 - 02/07/2023 03:00:00,SCA|NO3,mFRR,Not Specified,Not Specified,MARGINAL,22.0,0.01
02/07/2023 03:00:00 - 02/07/2023 04:00:00,SCA|NO3,mFRR,Not Specified,Not Specified,MARGINAL,19.47,0.0
02/07/2023 04:00:00 - 02/07/2023 05:00:00,SCA|NO3,mFRR,Not Specified,Not Specified,MARGINAL,18.0,-0.03
02/07/2023 05:00:00 - 02/07/2023 06:00:00,SCA|NO3,mFRR,Not Specified,Not Specified,MARGINAL,21.5,-0.05
02/07/2023 06:00:00 - 02/07/2023 07:00:00,SCA|NO3,mFRR,Not Specified,Not Specified,MARGINAL,25.0,-0.05
02/07/2023 07:00:00 - 02/07/2023 08:00:00,SCA|NO3,mFRR,Not Specified,Not Specified,MARGINAL,20.0,-0.5
02/07/2023 08:00:00 - 02/07/2023 09:00:00,SCA|NO3,mFRR,Not Specified,Not Specified,MARGINAL,-2.95,-4.0
02/07/2023 09:00:00 - 02/07/2023 10:00:00,SCA|NO3,mFRR,Not Specified,Not Specified,MARGINAL,-4.31,-6.0
02/07/2023 10:00:00 - 02/07/2023 11:00:00,SCA|NO3,mFRR,Not Specified,Not Specified,MARGINAL,-3.83,-5.0
02/07/2023 11:00:00 - 02/07/2023 12:00:00,SCA|NO3,mFRR,Not Specified,Not Specified,MARGINAL,-2.79,-2.79
02/07/2023 12:00:00 - 02/07/2023 13:00:00,SCA|NO3,mFRR,Not Specified,Not Specified,MARGINAL,3.89,-2.5
02/07/2023 13:00:00 - 02/07/2023 14:00:00,SCA|NO3,mFRR,Not Specified,Not Specified,MARGINAL,1.07,-2.56
02/07/2023 14:00:00 - 02/07/2023 15:00:00,SCA|NO3,mFRR,Not Specified,Not Specified,MARGINAL,4.03,-2.56
02/07/2023 15:00:00 - 02/07/2023 16:00:00,SCA|NO3,mFRR,Not Specified,Not Specified,MARGINAL,4.5,-0.5
02/07/2023 16:00:00 - 02/07/2023 17:00:00,SCA|NO3,mFRR,Not Specified,Not Specified,MARGINAL,27.5,-0.46
02/07/2023 17:00:00 - 02/07/2023 18:00:00,SCA|NO3,mFRR,Not Specified,Not Specified,MARGINAL,27.0,-0.06
02/07/2023 18:00:00 - 02/07/2023 19:00:00,SCA|NO3,mFRR,Not Specified,Not Specified,MARGINAL,20.0,0.0
02/07/2023 19:00:00 - 02/07/2023 20:00:00,SCA|NO3,mFRR,Not Specified,Not Specified,MARGINAL,45.0,4.97
02/07/2023 20:00:00 - 02/07/2023 21:00:00,SCA|NO3,mFRR,Not Specified,Not Specified,MARGINAL,33.0,21.55
02/07/2023 21:00:00 - 02/07/2023 22:00:00,SCA|NO3,mFRR,Not Specified,Not Specified,MARGINAL,55.0,21.66
02/07/2023 22:00:00 - 02/07/2023 23:00:00,SCA|NO3,mFRR,Not Specified,Not Specified,MARGINAL,50.0,21.33
02/07/2023 23:00:00 - 03/07/2023 00:00:00,SCA|NO3,mFRR,Not Specified,Not Specified,MARGINAL,30.0,16.83
03/07/2023 00:00:00 - 03/07/2023 01:00:00,SCA|NO3,mFRR,Not Specified,Not Specified,MARGINAL,29.5,21.5
03/07/2023 01:00:00 - 03/07/2023 02:00:00,SCA|NO3,mFRR,Not Specified,Not Specified,MARGINAL,29.5,19.97
03/07/2023 02:00:00 - 03/07/2023 03:00:00,SCA|NO3,mFRR,Not Specified,Not Specified,MARGINAL,26.0,17.74
03/07/2023 03:00:00 - 03/07/2023 04:00:00,SCA|NO3,mFRR,Not Specified,Not Specified,MARGINAL,9.93,-3.0
03/07/2023 04:00:00 - 03/07/2023 05:00:00,SCA|NO3,mFRR,Not Specified,Not Specified,MARGINAL,9.91,-3.0
03/07/2023 05:00:00 - 03/07/2023 06:00:00,SCA|NO3,mFRR,Not Specified,Not Specified,MARGINAL,17.97,-3.0
03/07/2023 06:00:00 - 03/07/2023 07:00:00,SCA|NO3,mFRR,Not Specified,Not Specified,MARGINAL,34.0,24.03
03/07/2023 07:00:00 - 03/07/2023 08:00:00,SCA|NO3,mFRR,Not Specified,Not Specified,MARGINAL,33.0,26.55
03/07/2023 08:00:00 - 03/07/2023 09:00:00,SCA|NO3,mFRR,Not Specified,Not Specified,MARGINAL,33.0,29.35
03/07/2023 09:00:00 - 03/07/2023 10:00:00,SCA|NO3,mFRR,Not Specified,Not Specified,MARGINAL,29.41,29.41
03/07/2023 10:00:00 - 03/07/2023 11:00:00,SCA|NO3,mFRR,Not Specified,Not Specified,MARGINAL,21.56,21.06
03/07/2023 11:00:00 - 03/07/2023 12:00:00,SCA|NO3,mFRR,Not Specified,Not Specified,MARGINAL,31.0,17.35
03/07/2023 12:00:00 - 03/07/2023 13:00:00,SCA|NO3,mFRR,Not Specified,Not Specified,MARGINAL,16.5,16.5
03/07/2023 13:00:00 - 03/07/2023 14:00:00,SCA|NO3,mFRR,Not Specified,Not Specified,MARGINAL,16.37,16.37
03/07/2023 14:00:00 - 03/07/2023 15:00:00,SCA|NO3,mFRR,Not Specified,Not Specified,MARGINAL,16.15,5.5
03/07/2023 15:00:00 - 03/07/2023 16:00:00,SCA|NO3,mFRR,Not Specified,Not Specified,MARGINAL,16.02,5.5
03/07/2023 16:00:00 - 03/07/2023 17:00:00,SCA|NO3,mFRR,Not Specified,Not Specified,MARGINAL,17.11,14.0
03/07/2023 17:00:00 - 03/07/2023 18:00:00,SCA|NO3,mFRR,Not Specified,Not Specified,MARGINAL,30.0,21.96
03/07/2023 18:00:00 - 03/07/2023 19:00:00,SCA|NO3,mFRR,Not Specified,Not Specified,MARGINAL,30.0,25.27
03/07/2023 19:00:00 - 03/07/2023 20:00:00,SCA|NO3,mFRR,Not Specified,Not Specified,MARGINAL,30.0,25.08
03/07/2023 20:00:00 - 03/07/2023 21:00:00,SCA|NO3,mFRR,Not Specified,Not Specified,MARGINAL,25.06,25.06
03/07/2023 21:00:00 - 03/07/2023 22:00:00,SCA|NO3,mFRR,Not Specified,Not Specified,MARGINAL,24.53,24.53
03/07/2023 22:00:00 - 03/07/2023 23:00:00,SCA|NO3,mFRR,Not Specified,Not Specified,MARGINAL,24.53,24.53
03/07/2023 23:00:00 - 04/07/2023 00:00:00,SCA|NO3,mFRR,Not Specified,Not Specified,MARGINAL,24.2,24.2
04/07/2023 00:00:00 - 04/07/2023 01:00:00,SCA|NO3,mFRR,Not Specified,Not Specified,MARGINAL,22.7,22.7
04/07/2023 01:00:00 - 04/07/2023 02:00:00,SCA|NO3,mFRR,Not Specified,Not Specified,MARGINAL,21.53,21.53
04/07/2023 02:00:00 - 04/07/2023 03:00:00,SCA|NO3,mFRR,Not Specified,Not Specified,MARGINAL,20.0,14.0
04/07/2023 03:00:00 - 04/07/2023 04:00:00,SCA|NO3,mFRR,Not Specified,Not Specified,MARGINAL,19.8,13.0
04/07/2023 04:00:00 - 04/07/2023 05:00:00,SCA|NO3,mFRR,Not Specified,Not Specified,MARGINAL,21.67,13.0
04/07/2023 05:00:00 - 04/07/2023 06:00:00,SCA|NO3,mFRR,Not Specified,Not Specified,MARGINAL,24.9,13.0
04/07/2023 06:00:00 - 04/07/2023 07:00:00,SCA|NO3,mFRR,Not Specified,Not Specified,MARGINAL,26.63,20.0
04/07/2023 07:00:00 - 04/07/2023 08:00:00,SCA|NO3,mFRR,Not Specified,Not Specified,MARGINAL,27.39,27.39
04/07/2023 08:00:00 - 04/07/2023 09:00:00,SCA|NO3,mFRR,Not Specified,Not Specified,MARGINAL,28.69,28.69
04/07/2023 09:00:00 - 04/07/2023 10:00:00,SCA|NO3,mFRR,Not Specified,Not Specified,MARGINAL,28.88,28.88
04/07/2023 10:00:00 - 04/07/2023 11:00:00,SCA|NO3,mFRR,Not Specified,Not Specified,MARGINAL,28.96,28.96
04/07/2023 11:00:00 - 04/07/2023 12:00:00,SCA|NO3,mFRR,Not Specified,Not Specified,MARGINAL,23.57,15.0
04/07/2023 12:00:00 - 04/07/2023 13:00:00,SCA|NO3,mFRR,Not Specified,Not Specified,MARGINAL,24.19,8.0
04/07/2023 13:00:00 - 04/07/2023 14:00:00,SCA|NO3,mFRR,Not Specified,Not Specified,MARGINAL,23.86,8.0
04/07/2023 14:00:00 - 04/07/2023 15:00:00,SCA|NO3,mFRR,Not Specified,Not Specified,MARGINAL,23.76,8.0
04/07/2023 15:00:00 - 04/07/2023 16:00:00,SCA|NO3,mFRR,Not Specified,Not Specified,MARGINAL,32.84,18.0
04/07/2023 16:00:00 - 04/07/2023 17:00:00,SCA|NO3,mFRR,Not Specified,Not Specified,MARGINAL,32.38,32.38
04/07/2023 17:00:00 - 04/07/2023 18:00:00,SCA|NO3,mFRR,Not Specified,Not Specified,MARGINAL,32.08,32.08
04/07/2023 18:00:00 - 04/07/2023 19:00:00,SCA|NO3,mFRR,Not Specified,Not Specified,MARGINAL,32.09,32.09
04/07/2023 19:00:00 - 04/07/2023 20:00:00,SCA|NO3,mFRR,Not Specified,Not Specified,MARGINAL,32.13,32.13
04/07/2023 20:00:00 - 04/07/2023 21:00:00,SCA|NO3,mFRR,Not Specified,Not Specified,MARGINAL,32.08,32.08
04/07/2023 21:00:00 - 04/07/2023 22:00:00,SCA|NO3,mFRR,Not Specified,Not Specified,MARGINAL,31.73,31.73
04/07/2023 22:00:00 - 04/07/2023 23:00:00,SCA|NO3,mFRR,Not Specified,Not Specified,MARGINAL,31.52,31.52
04/07/2023 23:00:00 - 05/07/2023 00:00:00,SCA|NO3,mFRR,Not Specified,Not Specified,MARGINAL,30.95,30.95
05/07/2023 00:00:00 - 05/07/2023 01:00:00,SCA|NO3,mFRR,Not Specified,Not Specified,MARGINAL,34.95,34.95
05/07/2023 01:00:00 - 05/07/2023 02:00:00,SCA|NO3,mFRR,Not Specified,Not Specified,MARGINAL,34.57,34.57
05/07/2023 02:00:00 - 05/07/2023 03:00:00,SCA|NO3,mFRR,Not Specified,Not Specified,MARGINAL,30.73,30.73
05/07/2023 03:00:00 - 05/07/2023 04:00:00,SCA|NO3,mFRR,Not Specified,Not Specified,MARGINAL,29.99,29.99
05/07/2023 04:00:00 - 05/07/2023 05:00:00,SCA|NO3,mFRR,Not Specified,Not Specified,MARGINAL,31.91,31.91
05/07/2023 05:00:00 - 05/07/2023 06:00:00,SCA|NO3,mFRR,Not Specified,Not Specified,MARGINAL,34.89,34.89
05/07/2023 06:00:00 - 05/07/2023 07:00:00,SCA|NO3,mFRR,Not Specified,Not Specified,MARGINAL,35.08,35.08
05/07/2023 07:00:00 - 05/07/2023 08:00:00,SCA|NO3,mFRR,Not Specified,Not Specified,MARGINAL,42.7,42.7
05/07/2023 08:00:00 - 05/07/2023 09:00:00,SCA|NO3,mFRR,Not Specified,Not Specified,MARGINAL,44.29,44.29
05/07/2023 09:00:00 - 05/07/2023 10:00:00,SCA|NO3,mFRR,Not Specified,Not Specified,MARGINAL,44.49,44.49
05/07/2023 10:00:00 - 05/07/2023 11:00:00,SCA|NO3,mFRR,Not Specified,Not Specified,MARGINAL,44.47,44.47
05/07/2023 11:00:00 - 05/07/2023 12:00:00,SCA|NO3,mFRR,Not Specified,Not Specified,MARGINAL,44.11,30.0
05/07/2023 12:00:00 - 05/07/2023 13:00:00,SCA|NO3,mFRR,Not Specified,Not Specified,MARGINAL,43.94,30.0
05/07/2023 13:00:00 - 05/07/2023 14:00:00,SCA|NO3,mFRR,Not Specified,Not Specified,MARGINAL,44.27,25.0
05/07/2023 14:00:00 - 05/07/2023 15:00:00,SCA|NO3,mFRR,Not Specified,Not Specified,MARGINAL,43.14,25.0
05/07/2023 15:00:00 - 05/07/2023 16:00:00,SCA|NO3,mFRR,Not Specified,Not Specified,MARGINAL,41.45,41.45
05/07/2023 16:00:00 - 05/07/2023 17:00:00,SCA|NO3,mFRR,Not Specified,Not Specified,MARGINAL,38.28,38.28
05/07/2023 17:00:00 - 05/07/2023 18:00:00,SCA|NO3,mFRR,Not Specified,Not Specified,MARGINAL,35.94,35.94
05/07/2023 18:00:00 - 05/07/2023 19:00:00,SCA|NO3,mFRR,Not Specified,Not Specified,MARGINAL,35.46,35.46
05/07/2023 19:00:00 - 05/07/2023 20:00:00,SCA|NO3,mFRR,Not Specified,Not Specified,MARGINAL,35.13,35.13
05/07/2023 20:00:00 - 05/07/2023 21:00:00,SCA|NO3,mFRR,Not Specified,Not Specified,MARGINAL,35.04,35.04
05/07/2023 21:00:00 - 05/07/2023 22:00:00,SCA|NO3,mFRR,Not Specified,Not Specified,MARGINAL,34.85,34.85
05/07/2023 22:00:00 - 05/07/2023 23:00:00,SCA|NO3,mFRR,Not Specified,Not Specified,MARGINAL,34.19,34.19
05/07/2023 23:00:00 - 06/07/2023 00:00:00,SCA|NO3,mFRR,Not Specified,Not Specified,MARGINAL,32.5,32.5
06/07/2023 00:00:00 - 06/07/2023 01:00:00,SCA|NO3,mFRR,Not Specified,Not Specified,MARGINAL,34.0,34.0
06/07/2023 01:00:00 - 06/07/2023 02:00:00,SCA|NO3,mFRR,Not Specified,Not Specified,MARGINAL,33.42,33.42
06/07/2023 02:00:00 - 06/07/2023 03:00:00,SCA|NO3,mFRR,Not Specified,Not Specified,MARGINAL,32.95,32.95
06/07/2023 03:00:00 - 06/07/2023 04:00:00,SCA|NO3,mFRR,Not Specified,Not Specified,MARGINAL,32.16,32.16
06/07/2023 04:00:00 - 06/07/2023 05:00:00,SCA|NO3,mFRR,Not Specified,Not Specified,MARGINAL,32.13,32.13
06/07/2023 05:00:00 - 06/07/2023 06:00:00,SCA|NO3,mFRR,Not Specified,Not Specified,MARGINAL,32.52,32.52
06/07/2023 06:00:00 - 06/07/2023 07:00:00,SCA|NO3,mFRR,Not Specified,Not Specified,MARGINAL,34.03,34.03
06/07/2023 07:00:00 - 06/07/2023 08:00:00,SCA|NO3,mFRR,Not Specified,Not Specified,MARGINAL,35.74,35.74
06/07/2023 08:00:00 - 06/07/2023 09:00:00,SCA|NO3,mFRR,Not Specified,Not Specified,MARGINAL,42.39,42.39
06/07/2023 09:00:00 - 06/07/2023 10:00:00,SCA|NO3,mFRR,Not Specified,Not Specified,MARGINAL,43.21,43.21
06/07/2023 10:00:00 - 06/07/2023 11:00:00,SCA|NO3,mFRR,Not Specified,Not Specified,MARGINAL,42.41,42.41
06/07/2023 11:00:00 - 06/07/2023 12:00:00,SCA|NO3,mFRR,Not Specified,Not Specified,MARGINAL,42.83,42.83
06/07/2023 12:00:00 - 06/07/2023 13:00:00,SCA|NO3,mFRR,Not Specified,Not Specified,MARGINAL,42.72,42.72
06/07/2023 13:00:00 - 06/07/2023 14:00:00,SCA|NO3,mFRR,Not Specified,Not Specified,MARGINAL,42.54,42.54
06/07/2023 14:00:00 - 06/07/2023 15:00:00,SCA|NO3,mFRR,Not Specified,Not Specified,MARGINAL,43.3,43.3
06/07/2023 15:00:00 - 06/07/2023 16:00:00,SCA|NO3,mFRR,Not Specified,Not Specified,MARGINAL,43.3,31.0
06/07/2023 16:00:00 - 06/07/2023 17:00:00,SCA|NO3,mFRR,Not Specified,Not Specified,MARGINAL,43.34,31.0
06/07/2023 17:00:00 - 06/07/2023 18:00:00,SCA|NO3,mFRR,Not Specified,Not Specified,MARGINAL,42.99,33.0
06/07/2023 18:00:00 - 06/07/2023 19:00:00,SCA|NO3,mFRR,Not Specified,Not Specified,MARGINAL,42.72,33.0
06/07/2023 19:00:00 - 06/07/2023 20:00:00,SCA|NO3,mFRR,Not Specified,Not Specified,MARGINAL,42.61,42.61
06/07/2023 20:00:00 - 06/07/2023 21:00:00,SCA|NO3,mFRR,Not Specified,Not Specified,MARGINAL,42.1,42.1
06/07/2023 21:00:00 - 06/07/2023 22:00:00,SCA|NO3,mFRR,Not Specified,Not Specified,MARGINAL,39.94,39.94
06/07/2023 22:00:00 - 06/07/2023 23:00:00,SCA|NO3,mFRR,Not Specified,Not Specified,MARGINAL,39.49,39.49
06/07/2023 23:00:00 - 07/07/2023 00:00:00,SCA|NO3,mFRR,Not Specified,Not Specified,MARGINAL,38.79,38.79
07/07/2023 00:00:00 - 07/07/2023 01:00:00,SCA|NO3,mFRR,Not Specified,Not Specified,MARGINAL,40.02,40.02
07/07/2023 01:00:00 - 07/07/2023 02:00:00,SCA|NO3,mFRR,Not Specified,Not Specified,MARGINAL,38.12,38.12
07/07/2023 02:00:00 - 07/07/2023 03:00:00,SCA|NO3,mFRR,Not Specified,Not Specified,MARGINAL,37.97,37.97
07/07/2023 03:00:00 - 07/07/2023 04:00:00,SCA|NO3,mFRR,Not Specified,Not Specified,MARGINAL,37.99,37.99
07/07/2023 04:00:00 - 07/07/2023 05:00:00,SCA|NO3,mFRR,Not Specified,Not Specified,MARGINAL,38.06,38.06
07/07/2023 05:00:00 - 07/07/2023 06:00:00,SCA|NO3,mFRR,Not Specified,Not Specified,MARGINAL,40.05,40.05
07/07/2023 06:00:00 - 07/07/2023 07:00:00,SCA|NO3,mFRR,Not Specified,Not Specified,MARGINAL,41.24,41.24
07/07/2023 07:00:00 - 07/07/2023 08:00:00,SCA|NO3,mFRR,Not Specified,Not Specified,MARGINAL,41.78,41.78
07/07/2023 08:00:00 - 07/07/2023 09:00:00,SCA|NO3,mFRR,Not Specified,Not Specified,MARGINAL,42.85,42.85
07/07/2023 09:00:00 - 07/07/2023 10:00:00,SCA|NO3,mFRR,Not Specified,Not Specified,MARGINAL,42.99,42.99
07/07/2023 10:00:00 - 07/07/2023 11:00:00,SCA|NO3,mFRR,Not Specified,Not Specified,MARGINAL,43.51,43.51
07/07/2023 11:00:00 - 07/07/2023 12:00:00,SCA|NO3,mFRR,Not Specified,Not Specified,MARGINAL,43.45,43.45
07/07/2023 12:00:00 - 07/07/2023 13:00:00,SCA|NO3,mFRR,Not Specified,Not Specified,MARGINAL,42.9,42.9
07/07/2023 13:00:00 - 07/07/2023 14:00:00,SCA|NO3,mFRR,Not Specified,Not Specified,MARGINAL,42.75,42.75
07/07/2023 14:00:00 - 07/07/2023 15:00:00,SCA|NO3,mFRR,Not Specified,Not Specified,MARGINAL,42.82,42.82
07/07/2023 15:00:00 - 07/07/2023 16:00:00,SCA|NO3,mFRR,Not Specified,Not Specified,MARGINAL,41.85,41.85
07/07/2023 16:00:00 - 07/07/2023 17:00:00,SCA|NO3,mFRR,Not Specified,Not Specified,MARGINAL,41.83,41.83
07/07/2023 17:00:00 - 07/07/2023 18:00:00,SCA|NO3,mFRR,Not Specified,Not Specified,MARGINAL,41.82,41.82
07/07/2023 18:00:00 - 07/07/2023 19:00:00,SCA|NO3,mFRR,Not Specified,Not Specified,MARGINAL,41.29,41.29
07/07/2023 19:00:00 - 07/07/2023 20:00:00,SCA|NO3,mFRR,Not Specified,Not Specified,MARGINAL,45.0,41.52
07/07/2023 20:00:00 - 07/07/2023 21:00:00,SCA|NO3,mFRR,Not Specified,Not Specified,MARGINAL,41.51,41.51
07/07/2023 21:00:00 - 07/07/2023 22:00:00,SCA|NO3,mFRR,Not Specified,Not Specified,MARGINAL,41.49,41.49
07/07/2023 22:00:00 - 07/07/2023 23:00:00,SCA|NO3,mFRR,Not Specified,Not Specified,MARGINAL,41.0,41.0
07/07/2023 23:00:00 - 08/07/2023 00:00:00,SCA|NO3,mFRR,Not Specified,Not Specified,MARGINAL,40.41,40.41
08/07/2023 00:00:00 - 08/07/2023 01:00:00,SCA|NO3,mFRR,Not Specified,Not Specified,MARGINAL,41.27,30.0
08/07/2023 01:00:00 - 08/07/2023 02:00:00,SCA|NO3,mFRR,Not Specified,Not Specified,MARGINAL,40.61,30.0
08/07/2023 02:00:00 - 08/07/2023 03:00:00,SCA|NO3,mFRR,Not Specified,Not Specified,MARGINAL,40.35,40.35
08/07/2023 03:00:00 - 08/07/2023 04:00:00,SCA|NO3,mFRR,Not Specified,Not Specified,MARGINAL,40.12,40.12
08/07/2023 04:00:00 - 08/07/2023 05:00:00,SCA|NO3,mFRR,Not Specified,Not Specified,MARGINAL,40.07,40.07
08/07/2023 05:00:00 - 08/07/2023 06:00:00,SCA|NO3,mFRR,Not Specified,Not Specified,MARGINAL,40.49,40.49
08/07/2023 06:00:00 - 08/07/2023 07:00:00,SCA|NO3,mFRR,Not Specified,Not Specified,MARGINAL,40.31,40.31
08/07/2023 07:00:00 - 08/07/2023 08:00:00,SCA|NO3,mFRR,Not Specified,Not Specified,MARGINAL,41.31,41.31
08/07/2023 08:00:00 - 08/07/2023 09:00:00,SCA|NO3,mFRR,Not Specified,Not Specified,MARGINAL,55.0,42.45
08/07/2023 09:00:00 - 08/07/2023 10:00:00,SCA|NO3,mFRR,Not Specified,Not Specified,MARGINAL,55.0,43.72
08/07/2023 10:00:00 - 08/07/2023 11:00:00,SCA|NO3,mFRR,Not Specified,Not Specified,MARGINAL,55.0,44.32
08/07/2023 11:00:00 - 08/07/2023 12:00:00,SCA|NO3,mFRR,Not Specified,Not Specified,MARGINAL,45.0,44.67
08/07/2023 12:00:00 - 08/07/2023 13:00:00,SCA|NO3,mFRR,Not Specified,Not Specified,MARGINAL,35.69,35.69
08/07/2023 13:00:00 - 08/07/2023 14:00:00,SCA|NO3,mFRR,Not Specified,Not Specified,MARGINAL,27.0,22.46
08/07/2023 14:00:00 - 08/07/2023 15:00:00,SCA|NO3,mFRR,Not Specified,Not Specified,MARGINAL,27.0,22.43
08/07/2023 15:00:00 - 08/07/2023 16:00:00,SCA|NO3,mFRR,Not Specified,Not Specified,MARGINAL,41.59,41.59
08/07/2023 16:00:00 - 08/07/2023 17:00:00,SCA|NO3,mFRR,Not Specified,Not Specified,MARGINAL,44.02,44.02
08/07/2023 17:00:00 - 08/07/2023 18:00:00,SCA|NO3,mFRR,Not Specified,Not Specified,MARGINAL,43.79,43.79
08/07/2023 18:00:00 - 08/07/2023 19:00:00,SCA|NO3,mFRR,Not Specified,Not Specified,MARGINAL,42.94,42.94
08/07/2023 19:00:00 - 08/07/2023 20:00:00,SCA|NO3,mFRR,Not Specified,Not Specified,MARGINAL,42.38,42.38
08/07/2023 20:00:00 - 08/07/2023 21:00:00,SCA|NO3,mFRR,Not Specified,Not Specified,MARGINAL,42.28,42.28
08/07/2023 21:00:00 - 08/07/2023 22:00:00,SCA|NO3,mFRR,Not Specified,Not Specified,MARGINAL,42.42,42.42
08/07/2023 22:00:00 - 08/07/2023 23:00:00,SCA|NO3,mFRR,Not Specified,Not Specified,MARGINAL,42.31,42.31
08/07/2023 23:00:00 - 09/07/2023 00:00:00,SCA|NO3,mFRR,Not Specified,Not Specified,MARGINAL,42.0,42.0
09/07/2023 00:00:00 - 09/07/2023 01:00:00,SCA|NO3,mFRR,Not Specified,Not Specified,MARGINAL,41.41,41.41
09/07/2023 01:00:00 - 09/07/2023 02:00:00,SCA|NO3,mFRR,Not Specified,Not Specified,MARGINAL,40.47,40.47
09/07/2023 02:00:00 - 09/07/2023 03:00:00,SCA|NO3,mFRR,Not Specified,Not Specified,MARGINAL,40.21,40.21
09/07/2023 03:00:00 - 09/07/2023 04:00:00,SCA|NO3,mFRR,Not Specified,Not Specified,MARGINAL,39.9,39.9
09/07/2023 04:00:00 - 09/07/2023 05:00:00,SCA|NO3,mFRR,Not Specified,Not Specified,MARGINAL,39.04,39.04
09/07/2023 05:00:00 - 09/07/2023 06:00:00,SCA|NO3,mFRR,Not Specified,Not Specified,MARGINAL,39.98,39.98
09/07/2023 06:00:00 - 09/07/2023 07:00:00,SCA|NO3,mFRR,Not Specified,Not Specified,MARGINAL,40.45,40.45
09/07/2023 07:00:00 - 09/07/2023 08:00:00,SCA|NO3,mFRR,Not Specified,Not Specified,MARGINAL,40.47,40.47
09/07/2023 08:00:00 - 09/07/2023 09:00:00,SCA|NO3,mFRR,Not Specified,Not Specified,MARGINAL,41.5,41.5
09/07/2023 09:00:00 - 09/07/2023 10:00:00,SCA|NO3,mFRR,Not Specified,Not Specified,MARGINAL,42.39,42.39
09/07/2023 10:00:00 - 09/07/2023 11:00:00,SCA|NO3,mFRR,Not Specified,Not Specified,MARGINAL,42.19,42.19
09/07/2023 11:00:00 - 09/07/2023 12:00:00,SCA|NO3,mFRR,Not Specified,Not Specified,MARGINAL,42.79,42.79
09/07/2023 12:00:00 - 09/07/2023 13:00:00,SCA|NO3,mFRR,Not Specified,Not Specified,MARGINAL,42.62,42.62
09/07/2023 13:00:00 - 09/07/2023 14:00:00,SCA|NO3,mFRR,Not Specified,Not Specified,MARGINAL,36.99,36.5
09/07/2023 14:00:00 - 09/07/2023 15:00:00,SCA|NO3,mFRR,Not Specified,Not Specified,MARGINAL,42.15,32.5
09/07/2023 15:00:00 - 09/07/2023 16:00:00,SCA|NO3,mFRR,Not Specified,Not Specified,MARGINAL,42.1,42.1
09/07/2023 16:00:00 - 09/07/2023 17:00:00,SCA|NO3,mFRR,Not Specified,Not Specified,MARGINAL,41.59,41.59
09/07/2023 17:00:00 - 09/07/2023 18:00:00,SCA|NO3,mFRR,Not Specified,Not Specified,MARGINAL,41.52,41.52
09/07/2023 18:00:00 - 09/07/2023 19:00:00,SCA|NO3,mFRR,Not Specified,Not Specified,MARGINAL,68.0,40.9
09/07/2023 19:00:00 - 09/07/2023 20:00:00,SCA|NO3,mFRR,Not Specified,Not Specified,MARGINAL,68.0,41.13
09/07/2023 20:00:00 - 09/07/2023 21:00:00,SCA|NO3,mFRR,Not Specified,Not Specified,MARGINAL,68.0,41.31
09/07/2023 21:00:00 - 09/07/2023 22:00:00,SCA|NO3,mFRR,Not Specified,Not Specified,MARGINAL,68.0,41.24
09/07/2023 22:00:00 - 09/07/2023 23:00:00,SCA|NO3,mFRR,Not Specified,Not Specified,MARGINAL,40.98,40.98
09/07/2023 23:00:00 - 10/07/2023 00:00:00,SCA|NO3,mFRR,Not Specified,Not Specified,MARGINAL,40.83,40.83
10/07/2023 00:00:00 - 10/07/2023 01:00:00,SCA|NO3,mFRR,Not Specified,Not Specified,MARGINAL,41.26,41.26
10/07/2023 01:00:00 - 10/07/2023 02:00:00,SCA|NO3,mFRR,Not Specified,Not Specified,MARGINAL,40.2,40.2
10/07/2023 02:00:00 - 10/07/2023 03:00:00,SCA|NO3,mFRR,Not Specified,Not Specified,MARGINAL,39.85,39.85
10/07/2023 03:00:00 - 10/07/2023 04:00:00,SCA|NO3,mFRR,Not Specified,Not Specified,MARGINAL,50.0,38.69
10/07/2023 04:00:00 - 10/07/2023 05:00:00,SCA|NO3,mFRR,Not Specified,Not Specified,MARGINAL,50.0,38.62
10/07/2023 05:00:00 - 10/07/2023 06:00:00,SCA|NO3,mFRR,Not Specified,Not Specified,MARGINAL,50.0,40.19
10/07/2023 06:00:00 - 10/07/2023 07:00:00,SCA|NO3,mFRR,Not Specified,Not Specified,MARGINAL,50.0,40.61
10/07/2023 07:00:00 - 10/07/2023 08:00:00,SCA|NO3,mFRR,Not Specified,Not Specified,MARGINAL,40.53,40.53
10/07/2023 08:00:00 - 10/07/2023 09:00:00,SCA|NO3,mFRR,Not Specified,Not Specified,MARGINAL,41.87,41.87
10/07/2023 09:00:00 - 10/07/2023 10:00:00,SCA|NO3,mFRR,Not Specified,Not Specified,MARGINAL,42.32,42.32
10/07/2023 10:00:00 - 10/07/2023 11:00:00,SCA|NO3,mFRR,Not Specified,Not Specified,MARGINAL,42.58,42.58
10/07/2023 11:00:00 - 10/07/2023 12:00:00,SCA|NO3,mFRR,Not Specified,Not Specified,MARGINAL,42.61,42.61
10/07/2023 12:00:00 - 10/07/2023 13:00:00,SCA|NO3,mFRR,Not Specified,Not Specified,MARGINAL,42.6,42.6
10/07/2023 13:00:00 - 10/07/2023 14:00:00,SCA|NO3,mFRR,Not Specified,Not Specified,MARGINAL,42.72,42.72
10/07/2023 14:00:00 - 10/07/2023 15:00:00,SCA|NO3,mFRR,Not Specified,Not Specified,MARGINAL,42.57,42.57
10/07/2023 15:00:00 - 10/07/2023 16:00:00,SCA|NO3,mFRR,Not Specified,Not Specified,MARGINAL,42.33,42.33
10/07/2023 16:00:00 - 10/07/2023 17:00:00,SCA|NO3,mFRR,Not Specified,Not Specified,MARGINAL,42.08,42.08
10/07/2023 17:00:00 - 10/07/2023 18:00:00,SCA|NO3,mFRR,Not Specified,Not Specified,MARGINAL,40.64,40.64
10/07/2023 18:00:00 - 10/07/2023 19:00:00,SCA|NO3,mFRR,Not Specified,Not Specified,MARGINAL,38.66,38.66
10/07/2023 19:00:00 - 10/07/2023 20:00:00,SCA|NO3,mFRR,Not Specified,Not Specified,MARGINAL,37.56,37.56
10/07/2023 20:00:00 - 10/07/2023 21:00:00,SCA|NO3,mFRR,Not Specified,Not Specified,MARGINAL,36.88,36.88
10/07/2023 21:00:00 - 10/07/2023 22:00:00,SCA|NO3,mFRR,Not Specified,Not Specified,MARGINAL,36.98,36.98
10/07/2023 22:00:00 - 10/07/2023 23:00:00,SCA|NO3,mFRR,Not Specified,Not Specified,MARGINAL,36.94,36.94
10/07/2023 23:00:00 - 11/07/2023 00:00:00,SCA|NO3,mFRR,Not Specified,Not Specified,MARGINAL,36.26,36.26
11/07/2023 00:00:00 - 11/07/2023 01:00:00,SCA|NO3,mFRR,Not Specified,Not Specified,MARGINAL,35.9,35.9
11/07/2023 01:00:00 - 11/07/2023 02:00:00,SCA|NO3,mFRR,Not Specified,Not Specified,MARGINAL,35.83,35.83
11/07/2023 02:00:00 - 11/07/2023 03:00:00,SCA|NO3,mFRR,Not Specified,Not Specified,MARGINAL,35.75,35.75
11/07/2023 03:00:00 - 11/07/2023 04:00:00,SCA|NO3,mFRR,Not Specified,Not Specified,MARGINAL,35.83,33.5
11/07/2023 04:00:00 - 11/07/2023 05:00:00,SCA|NO3,mFRR,Not Specified,Not Specified,MARGINAL,35.62,33.0
11/07/2023 05:00:00 - 11/07/2023 06:00:00,SCA|NO3,mFRR,Not Specified,Not Specified,MARGINAL,35.3,33.0
11/07/2023 06:00:00 - 11/07/2023 07:00:00,SCA|NO3,mFRR,Not Specified,Not Specified,MARGINAL,35.97,33.0
11/07/2023 07:00:00 - 11/07/2023 08:00:00,SCA|NO3,mFRR,Not Specified,Not Specified,MARGINAL,36.02,36.02
11/07/2023 08:00:00 - 11/07/2023 09:00:00,SCA|NO3,mFRR,Not Specified,Not Specified,MARGINAL,36.34,36.34
11/07/2023 09:00:00 - 11/07/2023 10:00:00,SCA|NO3,mFRR,Not Specified,Not Specified,MARGINAL,36.15,32.5
11/07/2023 10:00:00 - 11/07/2023 11:00:00,SCA|NO3,mFRR,Not Specified,Not Specified,MARGINAL,35.84,32.5
11/07/2023 11:00:00 - 11/07/2023 12:00:00,SCA|NO3,mFRR,Not Specified,Not Specified,MARGINAL,35.51,32.5
11/07/2023 12:00:00 - 11/07/2023 13:00:00,SCA|NO3,mFRR,Not Specified,Not Specified,MARGINAL,35.05,32.5
11/07/2023 13:00:00 - 11/07/2023 14:00:00,SCA|NO3,mFRR,Not Specified,Not Specified,MARGINAL,35.01,19.0
11/07/2023 14:00:00 - 11/07/2023 15:00:00,SCA|NO3,mFRR,Not Specified,Not Specified,MARGINAL,34.48,19.0
11/07/2023 15:00:00 - 11/07/2023 16:00:00,SCA|NO3,mFRR,Not Specified,Not Specified,MARGINAL,34.08,34.08
11/07/2023 16:00:00 - 11/07/2023 17:00:00,SCA|NO3,mFRR,Not Specified,Not Specified,MARGINAL,33.91,33.91
11/07/2023 17:00:00 - 11/07/2023 18:00:00,SCA|NO3,mFRR,Not Specified,Not Specified,MARGINAL,32.75,32.75
11/07/2023 18:00:00 - 11/07/2023 19:00:00,SCA|NO3,mFRR,Not Specified,Not Specified,MARGINAL,31.06,31.06
11/07/2023 19:00:00 - 11/07/2023 20:00:00,SCA|NO3,mFRR,Not Specified,Not Specified,MARGINAL,27.22,27.22
11/07/2023 20:00:00 - 11/07/2023 21:00:00,SCA|NO3,mFRR,Not Specified,Not Specified,MARGINAL,27.02,27.02
11/07/2023 21:00:00 - 11/07/2023 22:00:00,SCA|NO3,mFRR,Not Specified,Not Specified,MARGINAL,25.6,25.6
11/07/2023 22:00:00 - 11/07/2023 23:00:00,SCA|NO3,mFRR,Not Specified,Not Specified,MARGINAL,23.87,23.87
11/07/2023 23:00:00 - 12/07/2023 00:00:00,SCA|NO3,mFRR,Not Specified,Not Specified,MARGINAL,23.37,23.37
12/07/2023 00:00:00 - 12/07/2023 01:00:00,SCA|NO3,mFRR,Not Specified,Not Specified,MARGINAL,21.88,21.88
12/07/2023 01:00:00 - 12/07/2023 02:00:00,SCA|NO3,mFRR,Not Specified,Not Specified,MARGINAL,21.66,21.66
12/07/2023 02:00:00 - 12/07/2023 03:00:00,SCA|NO3,mFRR,Not Specified,Not Specified,MARGINAL,21.37,21.37
12/07/2023 03:00:00 - 12/07/2023 04:00:00,SCA|NO3,mFRR,Not Specified,Not Specified,MARGINAL,20.8,20.8
12/07/2023 04:00:00 - 12/07/2023 05:00:00,SCA|NO3,mFRR,Not Specified,Not Specified,MARGINAL,20.6,20.6
12/07/2023 05:00:00 - 12/07/2023 06:00:00,SCA|NO3,mFRR,Not Specified,Not Specified,MARGINAL,19.95,19.95
12/07/2023 06:00:00 - 12/07/2023 07:00:00,SCA|NO3,mFRR,Not Specified,Not Specified,MARGINAL,21.22,21.22
12/07/2023 07:00:00 - 12/07/2023 08:00:00,SCA|NO3,mFRR,Not Specified,Not Specified,MARGINAL,21.53,21.53
12/07/2023 08:00:00 - 12/07/2023 09:00:00,SCA|NO3,mFRR,Not Specified,Not Specified,MARGINAL,23.29,23.29
12/07/2023 09:00:00 - 12/07/2023 10:00:00,SCA|NO3,mFRR,Not Specified,Not Specified,MARGINAL,26.13,26.13
12/07/2023 10:00:00 - 12/07/2023 11:00:00,SCA|NO3,mFRR,Not Specified,Not Specified,MARGINAL,28.07,28.07
12/07/2023 11:00:00 - 12/07/2023 12:00:00,SCA|NO3,mFRR,Not Specified,Not Specified,MARGINAL,35.0,29.38
12/07/2023 12:00:00 - 12/07/2023 13:00:00,SCA|NO3,mFRR,Not Specified,Not Specified,MARGINAL,35.0,29.5
12/07/2023 13:00:00 - 12/07/2023 14:00:00,SCA|NO3,mFRR,Not Specified,Not Specified,MARGINAL,18.28,18.28
12/07/2023 14:00:00 - 12/07/2023 15:00:00,SCA|NO3,mFRR,Not Specified,Not Specified,MARGINAL,19.9,19.9
12/07/2023 15:00:00 - 12/07/2023 16:00:00,SCA|NO3,mFRR,Not Specified,Not Specified,MARGINAL,27.31,27.31
12/07/2023 16:00:00 - 12/07/2023 17:00:00,SCA|NO3,mFRR,Not Specified,Not Specified,MARGINAL,32.35,32.35
12/07/2023 17:00:00 - 12/07/2023 18:00:00,SCA|NO3,mFRR,Not Specified,Not Specified,MARGINAL,32.15,32.15
12/07/2023 18:00:00 - 12/07/2023 19:00:00,SCA|NO3,mFRR,Not Specified,Not Specified,MARGINAL,29.36,29.36
12/07/2023 19:00:00 - 12/07/2023 20:00:00,SCA|NO3,mFRR,Not Specified,Not Specified,MARGINAL,28.53,28.53
12/07/2023 20:00:00 - 12/07/2023 21:00:00,SCA|NO3,mFRR,Not Specified,Not Specified,MARGINAL,27.88,27.88
12/07/2023 21:00:00 - 12/07/2023 22:00:00,SCA|NO3,mFRR,Not Specified,Not Specified,MARGINAL,27.08,27.08
12/07/2023 22:00:00 - 12/07/2023 23:00:00,SCA|NO3,mFRR,Not Specified,Not Specified,MARGINAL,27.02,27.02
12/07/2023 23:00:00 - 13/07/2023 00:00:00,SCA|NO3,mFRR,Not Specified,Not Specified,MARGINAL,26.89,26.89
13/07/2023 00:00:00 - 13/07/2023 01:00:00,SCA|NO3,mFRR,Not Specified,Not Specified,MARGINAL,23.24,23.24
13/07/2023 01:00:00 - 13/07/2023 02:00:00,SCA|NO3,mFRR,Not Specified,Not Specified,MARGINAL,24.12,24.12
13/07/2023 02:00:00 - 13/07/2023 03:00:00,SCA|NO3,mFRR,Not Specified,Not Specified,MARGINAL,24.62,24.62
13/07/2023 03:00:00 - 13/07/2023 04:00:00,SCA|NO3,mFRR,Not Specified,Not Specified,MARGINAL,25.26,25.26
13/07/2023 04:00:00 - 13/07/2023 05:00:00,SCA|NO3,mFRR,Not Specified,Not Specified,MARGINAL,26.02,26.02
13/07/2023 05:00:00 - 13/07/2023 06:00:00,SCA|NO3,mFRR,Not Specified,Not Specified,MARGINAL,26.4,26.4
13/07/2023 06:00:00 - 13/07/2023 07:00:00,SCA|NO3,mFRR,Not Specified,Not Specified,MARGINAL,29.15,29.15
13/07/2023 07:00:00 - 13/07/2023 08:00:00,SCA|NO3,mFRR,Not Specified,Not Specified,MARGINAL,32.17,32.03
13/07/2023 08:00:00 - 13/07/2023 09:00:00,SCA|NO3,mFRR,Not Specified,Not Specified,MARGINAL,33.27,32.04
13/07/2023 09:00:00 - 13/07/2023 10:00:00,SCA|NO3,mFRR,Not Specified,Not Specified,MARGINAL,34.34,27.04
13/07/2023 10:00:00 - 13/07/2023 11:00:00,SCA|NO3,mFRR,Not Specified,Not Specified,MARGINAL,34.85,27.05
13/07/2023 11:00:00 - 13/07/2023 12:00:00,SCA|NO3,mFRR,Not Specified,Not Specified,MARGINAL,34.72,27.07
13/07/2023 12:00:00 - 13/07/2023 13:00:00,SCA|NO3,mFRR,Not Specified,Not Specified,MARGINAL,35.31,27.1
13/07/2023 13:00:00 - 13/07/2023 14:00:00,SCA|NO3,mFRR,Not Specified,Not Specified,MARGINAL,35.38,18.0
13/07/2023 14:00:00 - 13/07/2023 15:00:00,SCA|NO3,mFRR,Not Specified,Not Specified,MARGINAL,34.7,18.0
13/07/2023 15:00:00 - 13/07/2023 16:00:00,SCA|NO3,mFRR,Not Specified,Not Specified,MARGINAL,33.9,15.5
13/07/2023 16:00:00 - 13/07/2023 17:00:00,SCA|NO3,mFRR,Not Specified,Not Specified,MARGINAL,33.19,15.5
13/07/2023 17:00:00 - 13/07/2023 18:00:00,SCA|NO3,mFRR,Not Specified,Not Specified,MARGINAL,32.68,32.68
13/07/2023 18:00:00 - 13/07/2023 19:00:00,SCA|NO3,mFRR,Not Specified,Not Specified,MARGINAL,32.6,32.6
13/07/2023 19:00:00 - 13/07/2023 20:00:00,SCA|NO3,mFRR,Not Specified,Not Specified,MARGINAL,31.95,31.95
13/07/2023 20:00:00 - 13/07/2023 21:00:00,SCA|NO3,mFRR,Not Specified,Not Specified,MARGINAL,31.18,27.66
13/07/2023 21:00:00 - 13/07/2023 22:00:00,SCA|NO3,mFRR,Not Specified,Not Specified,MARGINAL,29.65,27.65
13/07/2023 22:00:00 - 13/07/2023 23:00:00,SCA|NO3,mFRR,Not Specified,Not Specified,MARGINAL,27.11,27.11
13/07/2023 23:00:00 - 14/07/2023 00:00:00,SCA|NO3,mFRR,Not Specified,Not Specified,MARGINAL,24.03,24.03
14/07/2023 00:00:00 - 14/07/2023 01:00:00,SCA|NO3,mFRR,Not Specified,Not Specified,MARGINAL,31.47,31.47
14/07/2023 01:00:00 - 14/07/2023 02:00:00,SCA|NO3,mFRR,Not Specified,Not Specified,MARGINAL,30.11,30.11
14/07/2023 02:00:00 - 14/07/2023 03:00:00,SCA|NO3,mFRR,Not Specified,Not Specified,MARGINAL,27.13,27.13
14/07/2023 03:00:00 - 14/07/2023 04:00:00,SCA|NO3,mFRR,Not Specified,Not Specified,MARGINAL,22.48,22.48
14/07/2023 04:00:00 - 14/07/2023 05:00:00,SCA|NO3,mFRR,Not Specified,Not Specified,MARGINAL,21.28,21.28
14/07/2023 05:00:00 - 14/07/2023 06:00:00,SCA|NO3,mFRR,Not Specified,Not Specified,MARGINAL,20.8,20.8
14/07/2023 06:00:00 - 14/07/2023 07:00:00,SCA|NO3,mFRR,Not Specified,Not Specified,MARGINAL,20.94,20.94
14/07/2023 07:00:00 - 14/07/2023 08:00:00,SCA|NO3,mFRR,Not Specified,Not Specified,MARGINAL,21.73,21.73
14/07/2023 08:00:00 - 14/07/2023 09:00:00,SCA|NO3,mFRR,Not Specified,Not Specified,MARGINAL,24.93,24.93
14/07/2023 09:00:00 - 14/07/2023 10:00:00,SCA|NO3,mFRR,Not Specified,Not Specified,MARGINAL,27.21,27.21
14/07/2023 10:00:00 - 14/07/2023 11:00:00,SCA|NO3,mFRR,Not Specified,Not Specified,MARGINAL,27.56,27.56
14/07/2023 11:00:00 - 14/07/2023 12:00:00,SCA|NO3,mFRR,Not Specified,Not Specified,MARGINAL,27.86,27.16
14/07/2023 12:00:00 - 14/07/2023 13:00:00,SCA|NO3,mFRR,Not Specified,Not Specified,MARGINAL,30.27,29.5
14/07/2023 13:00:00 - 14/07/2023 14:00:00,SCA|NO3,mFRR,Not Specified,Not Specified,MARGINAL,32.81,29.5
14/07/2023 14:00:00 - 14/07/2023 15:00:00,SCA|NO3,mFRR,Not Specified,Not Specified,MARGINAL,34.01,17.5
14/07/2023 15:00:00 - 14/07/2023 16:00:00,SCA|NO3,mFRR,Not Specified,Not Specified,MARGINAL,34.03,17.5
14/07/2023 16:00:00 - 14/07/2023 17:00:00,SCA|NO3,mFRR,Not Specified,Not Specified,MARGINAL,34.28,20.0
14/07/2023 17:00:00 - 14/07/2023 18:00:00,SCA|NO3,mFRR,Not Specified,Not Specified,MARGINAL,34.46,34.0
14/07/2023 18:00:00 - 14/07/2023 19:00:00,SCA|NO3,mFRR,Not Specified,Not Specified,MARGINAL,35.81,34.0
14/07/2023 19:00:00 - 14/07/2023 20:00:00,SCA|NO3,mFRR,Not Specified,Not Specified,MARGINAL,36.37,36.37
14/07/2023 20:00:00 - 14/07/2023 21:00:00,SCA|NO3,mFRR,Not Specified,Not Specified,MARGINAL,36.36,36.36
14/07/2023 21:00:00 - 14/07/2023 22:00:00,SCA|NO3,mFRR,Not Specified,Not Specified,MARGINAL,36.32,36.32
14/07/2023 22:00:00 - 14/07/2023 23:00:00,SCA|NO3,mFRR,Not Specified,Not Specified,MARGINAL,35.3,35.3
14/07/2023 23:00:00 - 15/07/2023 00:00:00,SCA|NO3,mFRR,Not Specified,Not Specified,MARGINAL,34.02,34.02
15/07/2023 00:00:00 - 15/07/2023 01:00:00,SCA|NO3,mFRR,Not Specified,Not Specified,MARGINAL,32.17,32.17
15/07/2023 01:00:00 - 15/07/2023 02:00:00,SCA|NO3,mFRR,Not Specified,Not Specified,MARGINAL,31.89,27.42
15/07/2023 02:00:00 - 15/07/2023 03:00:00,SCA|NO3,mFRR,Not Specified,Not Specified,MARGINAL,29.15,28.65
15/07/2023 03:00:00 - 15/07/2023 04:00:00,SCA|NO3,mFRR,Not Specified,Not Specified,MARGINAL,19.95,13.42
15/07/2023 04:00:00 - 15/07/2023 05:00:00,SCA|NO3,mFRR,Not Specified,Not Specified,MARGINAL,16.98,13.42
15/07/2023 05:00:00 - 15/07/2023 06:00:00,SCA|NO3,mFRR,Not Specified,Not Specified,MARGINAL,13.69,12.69
15/07/2023 06:00:00 - 15/07/2023 07:00:00,SCA|NO3,mFRR,Not Specified,Not Specified,MARGINAL,30.5,19.9
15/07/2023 07:00:00 - 15/07/2023 08:00:00,SCA|NO3,mFRR,Not Specified,Not Specified,MARGINAL,30.0,22.6
15/07/2023 08:00:00 - 15/07/2023 09:00:00,SCA|NO3,mFRR,Not Specified,Not Specified,MARGINAL,44.0,29.87
15/07/2023 09:00:00 - 15/07/2023 10:00:00,SCA|NO3,mFRR,Not Specified,Not Specified,MARGINAL,35.5,17.41
15/07/2023 10:00:00 - 15/07/2023 11:00:00,SCA|NO3,mFRR,Not Specified,Not Specified,MARGINAL,30.0,4.69
15/07/2023 11:00:00 - 15/07/2023 12:00:00,SCA|NO3,mFRR,Not Specified,Not Specified,MARGINAL,30.0,0.02
15/07/2023 12:00:00 - 15/07/2023 13:00:00,SCA|NO3,mFRR,Not Specified,Not Specified,MARGINAL,30.0,0.01
15/07/2023 13:00:00 - 15/07/2023 14:00:00,SCA|NO3,mFRR,Not Specified,Not Specified,MARGINAL,-0.13,-0.13
15/07/2023 14:00:00 - 15/07/2023 15:00:00,SCA|NO3,mFRR,Not Specified,Not Specified,MARGINAL,-1.03,-2.0
15/07/2023 15:00:00 - 15/07/2023 16:00:00,SCA|NO3,mFRR,Not Specified,Not Specified,MARGINAL,8.0,-1.0
15/07/2023 16:00:00 - 15/07/2023 17:00:00,SCA|NO3,mFRR,Not Specified,Not Specified,MARGINAL,32.5,1.77
15/07/2023 17:00:00 - 15/07/2023 18:00:00,SCA|NO3,mFRR,Not Specified,Not Specified,MARGINAL,32.5,20.9
15/07/2023 18:00:00 - 15/07/2023 19:00:00,SCA|NO3,mFRR,Not Specified,Not Specified,MARGINAL,47.0,23.27
15/07/2023 19:00:00 - 15/07/2023 20:00:00,SCA|NO3,mFRR,Not Specified,Not Specified,MARGINAL,49.0,23.05
15/07/2023 20:00:00 - 15/07/2023 21:00:00,SCA|NO3,mFRR,Not Specified,Not Specified,MARGINAL,32.5,22.54
15/07/2023 21:00:00 - 15/07/2023 22:00:00,SCA|NO3,mFRR,Not Specified,Not Specified,MARGINAL,22.31,22.31
15/07/2023 22:00:00 - 15/07/2023 23:00:00,SCA|NO3,mFRR,Not Specified,Not Specified,MARGINAL,20.75,20.75
15/07/2023 23:00:00 - 16/07/2023 00:00:00,SCA|NO3,mFRR,Not Specified,Not Specified,MARGINAL,16.22,16.22
16/07/2023 00:00:00 - 16/07/2023 01:00:00,SCA|NO3,mFRR,Not Specified,Not Specified,MARGINAL,13.82,-5.0
16/07/2023 01:00:00 - 16/07/2023 02:00:00,SCA|NO3,mFRR,Not Specified,Not Specified,MARGINAL,12.42,-5.5
16/07/2023 02:00:00 - 16/07/2023 03:00:00,SCA|NO3,mFRR,Not Specified,Not Specified,MARGINAL,2.6,-7.0
16/07/2023 03:00:00 - 16/07/2023 04:00:00,SCA|NO3,mFRR,Not Specified,Not Specified,MARGINAL,0.07,-7.0
16/07/2023 04:00:00 - 16/07/2023 05:00:00,SCA|NO3,mFRR,Not Specified,Not Specified,MARGINAL,0.0,-7.0
16/07/2023 05:00:00 - 16/07/2023 06:00:00,SCA|NO3,mFRR,Not Specified,Not Specified,MARGINAL,-0.43,-7.0
16/07/2023 06:00:00 - 16/07/2023 07:00:00,SCA|NO3,mFRR,Not Specified,Not Specified,MARGINAL,-2.07,-7.0
16/07/2023 07:00:00 - 16/07/2023 08:00:00,SCA|NO3,mFRR,Not Specified,Not Specified,MARGINAL,-1.1,-5.5
16/07/2023 08:00:00 - 16/07/2023 09:00:00,SCA|NO3,mFRR,Not Specified,Not Specified,MARGINAL,-2.09,-5.5
16/07/2023 09:00:00 - 16/07/2023 10:00:00,SCA|NO3,mFRR,Not Specified,Not Specified,MARGINAL,-5.3,-5.7
16/07/2023 10:00:00 - 16/07/2023 11:00:00,SCA|NO3,mFRR,Not Specified,Not Specified,MARGINAL,-5.38,-5.38
16/07/2023 11:00:00 - 16/07/2023 12:00:00,SCA|NO3,mFRR,Not Specified,Not Specified,MARGINAL,10.0,-5.09
16/07/2023 12:00:00 - 16/07/2023 13:00:00,SCA|NO3,mFRR,Not Specified,Not Specified,MARGINAL,10.0,-4.52
16/07/2023 13:00:00 - 16/07/2023 14:00:00,SCA|NO3,mFRR,Not Specified,Not Specified,MARGINAL,6.6,-3.72
16/07/2023 14:00:00 - 16/07/2023 15:00:00,SCA|NO3,mFRR,Not Specified,Not Specified,MARGINAL,4.97,-2.71
16/07/2023 15:00:00 - 16/07/2023 16:00:00,SCA|NO3,mFRR,Not Specified,Not Specified,MARGINAL,3.89,-2.66
16/07/2023 16:00:00 - 16/07/2023 17:00:00,SCA|NO3,mFRR,Not Specified,Not Specified,MARGINAL,3.76,-2.66
16/07/2023 17:00:00 - 16/07/2023 18:00:00,SCA|NO3,mFRR,Not Specified,Not Specified,MARGINAL,20.0,-1.12
16/07/2023 18:00:00 - 16/07/2023 19:00:00,SCA|NO3,mFRR,Not Specified,Not Specified,MARGINAL,15.0,0.0
16/07/2023 19:00:00 - 16/07/2023 20:00:00,SCA|NO3,mFRR,Not Specified,Not Specified,MARGINAL,2.6,-2.0
16/07/2023 20:00:00 - 16/07/2023 21:00:00,SCA|NO3,mFRR,Not Specified,Not Specified,MARGINAL,0.95,-1.0
16/07/2023 21:00:00 - 16/07/2023 22:00:00,SCA|NO3,mFRR,Not Specified,Not Specified,MARGINAL,0.88,-4.0
16/07/2023 22:00:00 - 16/07/2023 23:00:00,SCA|NO3,mFRR,Not Specified,Not Specified,MARGINAL,1.68,-4.0
16/07/2023 23:00:00 - 17/07/2023 00:00:00,SCA|NO3,mFRR,Not Specified,Not Specified,MARGINAL,0.08,-3.5
17/07/2023 00:00:00 - 17/07/2023 01:00:00,SCA|NO3,mFRR,Not Specified,Not Specified,MARGINAL,20.5,0.0
17/07/2023 01:00:00 - 17/07/2023 02:00:00,SCA|NO3,mFRR,Not Specified,Not Specified,MARGINAL,15.0,0.09
17/07/2023 02:00:00 - 17/07/2023 03:00:00,SCA|NO3,mFRR,Not Specified,Not Specified,MARGINAL,0.1,0.0
17/07/2023 03:00:00 - 17/07/2023 04:00:00,SCA|NO3,mFRR,Not Specified,Not Specified,MARGINAL,0.09,-2.0
17/07/2023 04:00:00 - 17/07/2023 05:00:00,SCA|NO3,mFRR,Not Specified,Not Specified,MARGINAL,0.99,-3.5
17/07/2023 05:00:00 - 17/07/2023 06:00:00,SCA|NO3,mFRR,Not Specified,Not Specified,MARGINAL,3.19,-1.5
17/07/2023 06:00:00 - 17/07/2023 07:00:00,SCA|NO3,mFRR,Not Specified,Not Specified,MARGINAL,30.0,4.58
17/07/2023 07:00:00 - 17/07/2023 08:00:00,SCA|NO3,mFRR,Not Specified,Not Specified,MARGINAL,30.0,6.0
17/07/2023 08:00:00 - 17/07/2023 09:00:00,SCA|NO3,mFRR,Not Specified,Not Specified,MARGINAL,30.0,5.63
17/07/2023 09:00:00 - 17/07/2023 10:00:00,SCA|NO3,mFRR,Not Specified,Not Specified,MARGINAL,24.5,3.32
17/07/2023 10:00:00 - 17/07/2023 11:00:00,SCA|NO3,mFRR,Not Specified,Not Specified,MARGINAL,24.5,3.57
17/07/2023 11:00:00 - 17/07/2023 12:00:00,SCA|NO3,mFRR,Not Specified,Not Specified,MARGINAL,24.5,2.22
17/07/2023 12:00:00 - 17/07/2023 13:00:00,SCA|NO3,mFRR,Not Specified,Not Specified,MARGINAL,0.86,-4.0
17/07/2023 13:00:00 - 17/07/2023 14:00:00,SCA|NO3,mFRR,Not Specified,Not Specified,MARGINAL,0.61,-4.0
17/07/2023 14:00:00 - 17/07/2023 15:00:00,SCA|NO3,mFRR,Not Specified,Not Specified,MARGINAL,0.27,-4.0
17/07/2023 15:00:00 - 17/07/2023 16:00:00,SCA|NO3,mFRR,Not Specified,Not Specified,MARGINAL,10.5,0.3
17/07/2023 16:00:00 - 17/07/2023 17:00:00,SCA|NO3,mFRR,Not Specified,Not Specified,MARGINAL,10.5,1.29
17/07/2023 17:00:00 - 17/07/2023 18:00:00,SCA|NO3,mFRR,Not Specified,Not Specified,MARGINAL,5.86,0.13
17/07/2023 18:00:00 - 17/07/2023 19:00:00,SCA|NO3,mFRR,Not Specified,Not Specified,MARGINAL,9.66,3.0
17/07/2023 19:00:00 - 17/07/2023 20:00:00,SCA|NO3,mFRR,Not Specified,Not Specified,MARGINAL,23.72,16.93
17/07/2023 20:00:00 - 17/07/2023 21:00:00,SCA|NO3,mFRR,Not Specified,Not Specified,MARGINAL,24.0,16.5
17/07/2023 21:00:00 - 17/07/2023 22:00:00,SCA|NO3,mFRR,Not Specified,Not Specified,MARGINAL,20.0,16.29
17/07/2023 22:00:00 - 17/07/2023 23:00:00,SCA|NO3,mFRR,Not Specified,Not Specified,MARGINAL,20.0,12.6
17/07/2023 23:00:00 - 18/07/2023 00:00:00,SCA|NO3,mFRR,Not Specified,Not Specified,MARGINAL,18.0,8.77
18/07/2023 00:00:00 - 18/07/2023 01:00:00,SCA|NO3,mFRR,Not Specified,Not Specified,MARGINAL,20.0,6.93
18/07/2023 01:00:00 - 18/07/2023 02:00:00,SCA|NO3,mFRR,Not Specified,Not Specified,MARGINAL,22.46,6.03
18/07/2023 02:00:00 - 18/07/2023 03:00:00,SCA|NO3,mFRR,Not Specified,Not Specified,MARGINAL,15.0,2.2
18/07/2023 03:00:00 - 18/07/2023 04:00:00,SCA|NO3,mFRR,Not Specified,Not Specified,MARGINAL,15.0,0.83
18/07/2023 04:00:00 - 18/07/2023 05:00:00,SCA|NO3,mFRR,Not Specified,Not Specified,MARGINAL,15.0,1.62
18/07/2023 05:00:00 - 18/07/2023 06:00:00,SCA|NO3,mFRR,Not Specified,Not Specified,MARGINAL,4.82,4.82
18/07/2023 06:00:00 - 18/07/2023 07:00:00,SCA|NO3,mFRR,Not Specified,Not Specified,MARGINAL,17.88,15.0
18/07/2023 07:00:00 - 18/07/2023 08:00:00,SCA|NO3,mFRR,Not Specified,Not Specified,MARGINAL,20.11,20.11
18/07/2023 08:00:00 - 18/07/2023 09:00:00,SCA|NO3,mFRR,Not Specified,Not Specified,MARGINAL,20.65,16.52
18/07/2023 09:00:00 - 18/07/2023 10:00:00,SCA|NO3,mFRR,Not Specified,Not Specified,MARGINAL,20.55,0.0
18/07/2023 10:00:00 - 18/07/2023 11:00:00,SCA|NO3,mFRR,Not Specified,Not Specified,MARGINAL,20.57,-1.79
18/07/2023 11:00:00 - 18/07/2023 12:00:00,SCA|NO3,mFRR,Not Specified,Not Specified,MARGINAL,20.7,-4.0
18/07/2023 12:00:00 - 18/07/2023 13:00:00,SCA|NO3,mFRR,Not Specified,Not Specified,MARGINAL,20.99,-4.0
18/07/2023 13:00:00 - 18/07/2023 14:00:00,SCA|NO3,mFRR,Not Specified,Not Specified,MARGINAL,21.3,-4.0
18/07/2023 14:00:00 - 18/07/2023 15:00:00,SCA|NO3,mFRR,Not Specified,Not Specified,MARGINAL,21.33,-3.5
18/07/2023 15:00:00 - 18/07/2023 16:00:00,SCA|NO3,mFRR,Not Specified,Not Specified,MARGINAL,21.0,9.0
18/07/2023 16:00:00 - 18/07/2023 17:00:00,SCA|NO3,mFRR,Not Specified,Not Specified,MARGINAL,20.99,15.5
18/07/2023 17:00:00 - 18/07/2023 18:00:00,SCA|NO3,mFRR,Not Specified,Not Specified,MARGINAL,20.94,18.5
18/07/2023 18:00:00 - 18/07/2023 19:00:00,SCA|NO3,mFRR,Not Specified,Not Specified,MARGINAL,20.96,20.96
18/07/2023 19:00:00 - 18/07/2023 20:00:00,SCA|NO3,mFRR,Not Specified,Not Specified,MARGINAL,20.99,20.99
18/07/2023 20:00:00 - 18/07/2023 21:00:00,SCA|NO3,mFRR,Not Specified,Not Specified,MARGINAL,25.0,21.0
18/07/2023 21:00:00 - 18/07/2023 22:00:00,SCA|NO3,mFRR,Not Specified,Not Specified,MARGINAL,23.32,21.08
18/07/2023 22:00:00 - 18/07/2023 23:00:00,SCA|NO3,mFRR,Not Specified,Not Specified,MARGINAL,24.5,21.52
18/07/2023 23:00:00 - 19/07/2023 00:00:00,SCA|NO3,mFRR,Not Specified,Not Specified,MARGINAL,20.49,20.49
19/07/2023 00:00:00 - 19/07/2023 01:00:00,SCA|NO3,mFRR,Not Specified,Not Specified,MARGINAL,21.0,18.33
19/07/2023 01:00:00 - 19/07/2023 02:00:00,SCA|NO3,mFRR,Not Specified,Not Specified,MARGINAL,20.0,18.09
19/07/2023 02:00:00 - 19/07/2023 03:00:00,SCA|NO3,mFRR,Not Specified,Not Specified,MARGINAL,16.96,16.96
19/07/2023 03:00:00 - 19/07/2023 04:00:00,SCA|NO3,mFRR,Not Specified,Not Specified,MARGINAL,17.8,17.8
19/07/2023 04:00:00 - 19/07/2023 05:00:00,SCA|NO3,mFRR,Not Specified,Not Specified,MARGINAL,19.33,19.33
19/07/2023 05:00:00 - 19/07/2023 06:00:00,SCA|NO3,mFRR,Not Specified,Not Specified,MARGINAL,20.47,20.47
19/07/2023 06:00:00 - 19/07/2023 07:00:00,SCA|NO3,mFRR,Not Specified,Not Specified,MARGINAL,20.05,12.0
19/07/2023 07:00:00 - 19/07/2023 08:00:00,SCA|NO3,mFRR,Not Specified,Not Specified,MARGINAL,20.06,20.06
19/07/2023 08:00:00 - 19/07/2023 09:00:00,SCA|NO3,mFRR,Not Specified,Not Specified,MARGINAL,20.42,17.0
19/07/2023 09:00:00 - 19/07/2023 10:00:00,SCA|NO3,mFRR,Not Specified,Not Specified,MARGINAL,20.8,16.0
19/07/2023 10:00:00 - 19/07/2023 11:00:00,SCA|NO3,mFRR,Not Specified,Not Specified,MARGINAL,21.16,14.5
19/07/2023 11:00:00 - 19/07/2023 12:00:00,SCA|NO3,mFRR,Not Specified,Not Specified,MARGINAL,21.19,14.5
19/07/2023 12:00:00 - 19/07/2023 13:00:00,SCA|NO3,mFRR,Not Specified,Not Specified,MARGINAL,21.21,14.5
19/07/2023 13:00:00 - 19/07/2023 14:00:00,SCA|NO3,mFRR,Not Specified,Not Specified,MARGINAL,21.11,16.0
19/07/2023 14:00:00 - 19/07/2023 15:00:00,SCA|NO3,mFRR,Not Specified,Not Specified,MARGINAL,20.97,20.97
19/07/2023 15:00:00 - 19/07/2023 16:00:00,SCA|NO3,mFRR,Not Specified,Not Specified,MARGINAL,20.86,20.86
19/07/2023 16:00:00 - 19/07/2023 17:00:00,SCA|NO3,mFRR,Not Specified,Not Specified,MARGINAL,20.88,20.88
19/07/2023 17:00:00 - 19/07/2023 18:00:00,SCA|NO3,mFRR,Not Specified,Not Specified,MARGINAL,20.76,13.29
19/07/2023 18:00:00 - 19/07/2023 19:00:00,SCA|NO3,mFRR,Not Specified,Not Specified,MARGINAL,20.83,13.29
19/07/2023 19:00:00 - 19/07/2023 20:00:00,SCA|NO3,mFRR,Not Specified,Not Specified,MARGINAL,20.83,17.0
19/07/2023 20:00:00 - 19/07/2023 21:00:00,SCA|NO3,mFRR,Not Specified,Not Specified,MARGINAL,20.86,20.86
19/07/2023 21:00:00 - 19/07/2023 22:00:00,SCA|NO3,mFRR,Not Specified,Not Specified,MARGINAL,20.86,20.86
19/07/2023 22:00:00 - 19/07/2023 23:00:00,SCA|NO3,mFRR,Not Specified,Not Specified,MARGINAL,20.81,20.81
19/07/2023 23:00:00 - 20/07/2023 00:00:00,SCA|NO3,mFRR,Not Specified,Not Specified,MARGINAL,20.74,20.74
20/07/2023 00:00:00 - 20/07/2023 01:00:00,SCA|NO3,mFRR,Not Specified,Not Specified,MARGINAL,25.0,20.23
20/07/2023 01:00:00 - 20/07/2023 02:00:00,SCA|NO3,mFRR,Not Specified,Not Specified,MARGINAL,25.0,20.3
20/07/2023 02:00:00 - 20/07/2023 03:00:00,SCA|NO3,mFRR,Not Specified,Not Specified,MARGINAL,20.72,20.22
20/07/2023 03:00:00 - 20/07/2023 04:00:00,SCA|NO3,mFRR,Not Specified,Not Specified,MARGINAL,20.23,20.23
20/07/2023 04:00:00 - 20/07/2023 05:00:00,SCA|NO3,mFRR,Not Specified,Not Specified,MARGINAL,20.25,20.25
20/07/2023 05:00:00 - 20/07/2023 06:00:00,SCA|NO3,mFRR,Not Specified,Not Specified,MARGINAL,20.2,20.2
20/07/2023 06:00:00 - 20/07/2023 07:00:00,SCA|NO3,mFRR,Not Specified,Not Specified,MARGINAL,25.0,20.29
20/07/2023 07:00:00 - 20/07/2023 08:00:00,SCA|NO3,mFRR,Not Specified,Not Specified,MARGINAL,25.0,20.43
20/07/2023 08:00:00 - 20/07/2023 09:00:00,SCA|NO3,mFRR,Not Specified,Not Specified,MARGINAL,25.0,21.36
20/07/2023 09:00:00 - 20/07/2023 10:00:00,SCA|NO3,mFRR,Not Specified,Not Specified,MARGINAL,23.95,23.95
20/07/2023 10:00:00 - 20/07/2023 11:00:00,SCA|NO3,mFRR,Not Specified,Not Specified,MARGINAL,22.71,22.71
20/07/2023 11:00:00 - 20/07/2023 12:00:00,SCA|NO3,mFRR,Not Specified,Not Specified,MARGINAL,21.28,21.28
20/07/2023 12:00:00 - 20/07/2023 13:00:00,SCA|NO3,mFRR,Not Specified,Not Specified,MARGINAL,20.85,18.0
20/07/2023 13:00:00 - 20/07/2023 14:00:00,SCA|NO3,mFRR,Not Specified,Not Specified,MARGINAL,20.54,16.5
20/07/2023 14:00:00 - 20/07/2023 15:00:00,SCA|NO3,mFRR,Not Specified,Not Specified,MARGINAL,20.42,16.5
20/07/2023 15:00:00 - 20/07/2023 16:00:00,SCA|NO3,mFRR,Not Specified,Not Specified,MARGINAL,20.38,20.38
20/07/2023 16:00:00 - 20/07/2023 17:00:00,SCA|NO3,mFRR,Not Specified,Not Specified,MARGINAL,20.32,20.32
20/07/2023 17:00:00 - 20/07/2023 18:00:00,SCA|NO3,mFRR,Not Specified,Not Specified,MARGINAL,20.3,20.3
20/07/2023 18:00:00 - 20/07/2023 19:00:00,SCA|NO3,mFRR,Not Specified,Not Specified,MARGINAL,25.0,20.32
20/07/2023 19:00:00 - 20/07/2023 20:00:00,SCA|NO3,mFRR,Not Specified,Not Specified,MARGINAL,20.31,20.31
20/07/2023 20:00:00 - 20/07/2023 21:00:00,SCA|NO3,mFRR,Not Specified,Not Specified,MARGINAL,20.31,20.31
20/07/2023 21:00:00 - 20/07/2023 22:00:00,SCA|NO3,mFRR,Not Specified,Not Specified,MARGINAL,20.3,20.3
20/07/2023 22:00:00 - 20/07/2023 23:00:00,SCA|NO3,mFRR,Not Specified,Not Specified,MARGINAL,20.3,20.3
20/07/2023 23:00:00 - 21/07/2023 00:00:00,SCA|NO3,mFRR,Not Specified,Not Specified,MARGINAL,20.3,20.3
21/07/2023 00:00:00 - 21/07/2023 01:00:00,SCA|NO3,mFRR,Not Specified,Not Specified,MARGINAL,22.0,20.77
21/07/2023 01:00:00 - 21/07/2023 02:00:00,SCA|NO3,mFRR,Not Specified,Not Specified,MARGINAL,22.0,20.49
21/07/2023 02:00:00 - 21/07/2023 03:00:00,SCA|NO3,mFRR,Not Specified,Not Specified,MARGINAL,22.0,20.27
21/07/2023 03:00:00 - 21/07/2023 04:00:00,SCA|NO3,mFRR,Not Specified,Not Specified,MARGINAL,22.0,20.06
21/07/2023 04:00:00 - 21/07/2023 05:00:00,SCA|NO3,mFRR,Not Specified,Not Specified,MARGINAL,20.17,20.17
21/07/2023 05:00:00 - 21/07/2023 06:00:00,SCA|NO3,mFRR,Not Specified,Not Specified,MARGINAL,20.49,20.49
21/07/2023 06:00:00 - 21/07/2023 07:00:00,SCA|NO3,mFRR,Not Specified,Not Specified,MARGINAL,20.71,20.71
21/07/2023 07:00:00 - 21/07/2023 08:00:00,SCA|NO3,mFRR,Not Specified,Not Specified,MARGINAL,21.16,21.16
21/07/2023 08:00:00 - 21/07/2023 09:00:00,SCA|NO3,mFRR,Not Specified,Not Specified,MARGINAL,22.56,22.0
21/07/2023 09:00:00 - 21/07/2023 10:00:00,SCA|NO3,mFRR,Not Specified,Not Specified,MARGINAL,23.51,18.0
21/07/2023 10:00:00 - 21/07/2023 11:00:00,SCA|NO3,mFRR,Not Specified,Not Specified,MARGINAL,24.67,16.0
21/07/2023 11:00:00 - 21/07/2023 12:00:00,SCA|NO3,mFRR,Not Specified,Not Specified,MARGINAL,25.05,22.0
21/07/2023 12:00:00 - 21/07/2023 13:00:00,SCA|NO3,mFRR,Not Specified,Not Specified,MARGINAL,25.01,25.01
21/07/2023 13:00:00 - 21/07/2023 14:00:00,SCA|NO3,mFRR,Not Specified,Not Specified,MARGINAL,31.0,24.16
21/07/2023 14:00:00 - 21/07/2023 15:00:00,SCA|NO3,mFRR,Not Specified,Not Specified,MARGINAL,22.92,22.92
21/07/2023 15:00:00 - 21/07/2023 16:00:00,SCA|NO3,mFRR,Not Specified,Not Specified,MARGINAL,22.55,22.55
21/07/2023 16:00:00 - 21/07/2023 17:00:00,SCA|NO3,mFRR,Not Specified,Not Specified,MARGINAL,22.09,22.09
21/07/2023 17:00:00 - 21/07/2023 18:00:00,SCA|NO3,mFRR,Not Specified,Not Specified,MARGINAL,20.97,20.97
21/07/2023 18:00:00 - 21/07/2023 19:00:00,SCA|NO3,mFRR,Not Specified,Not Specified,MARGINAL,25.0,21.01
21/07/2023 19:00:00 - 21/07/2023 20:00:00,SCA|NO3,mFRR,Not Specified,Not Specified,MARGINAL,30.0,20.94
21/07/2023 20:00:00 - 21/07/2023 21:00:00,SCA|NO3,mFRR,Not Specified,Not Specified,MARGINAL,30.0,20.85
21/07/2023 21:00:00 - 21/07/2023 22:00:00,SCA|NO3,mFRR,Not Specified,Not Specified,MARGINAL,30.0,20.74
21/07/2023 22:00:00 - 21/07/2023 23:00:00,SCA|NO3,mFRR,Not Specified,Not Specified,MARGINAL,20.66,20.66
21/07/2023 23:00:00 - 22/07/2023 00:00:00,SCA|NO3,mFRR,Not Specified,Not Specified,MARGINAL,20.46,20.0
22/07/2023 00:00:00 - 22/07/2023 01:00:00,SCA|NO3,mFRR,Not Specified,Not Specified,MARGINAL,21.38,16.39
22/07/2023 01:00:00 - 22/07/2023 02:00:00,SCA|NO3,mFRR,Not Specified,Not Specified,MARGINAL,20.82,13.29
22/07/2023 02:00:00 - 22/07/2023 03:00:00,SCA|NO3,mFRR,Not Specified,Not Specified,MARGINAL,20.48,10.0
22/07/2023 03:00:00 - 22/07/2023 04:00:00,SCA|NO3,mFRR,Not Specified,Not Specified,MARGINAL,20.13,6.0
22/07/2023 04:00:00 - 22/07/2023 05:00:00,SCA|NO3,mFRR,Not Specified,Not Specified,MARGINAL,20.07,5.88
22/07/2023 05:00:00 - 22/07/2023 06:00:00,SCA|NO3,mFRR,Not Specified,Not Specified,MARGINAL,20.05,6.0
22/07/2023 06:00:00 - 22/07/2023 07:00:00,SCA|NO3,mFRR,Not Specified,Not Specified,MARGINAL,20.81,10.0
22/07/2023 07:00:00 - 22/07/2023 08:00:00,SCA|NO3,mFRR,Not Specified,Not Specified,MARGINAL,21.0,21.0
22/07/2023 08:00:00 - 22/07/2023 09:00:00,SCA|NO3,mFRR,Not Specified,Not Specified,MARGINAL,26.0,22.11
22/07/2023 09:00:00 - 22/07/2023 10:00:00,SCA|NO3,mFRR,Not Specified,Not Specified,MARGINAL,23.66,23.66
22/07/2023 10:00:00 - 22/07/2023 11:00:00,SCA|NO3,mFRR,Not Specified,Not Specified,MARGINAL,25.12,25.12
22/07/2023 11:00:00 - 22/07/2023 12:00:00,SCA|NO3,mFRR,Not Specified,Not Specified,MARGINAL,23.8,23.8
22/07/2023 12:00:00 - 22/07/2023 13:00:00,SCA|NO3,mFRR,Not Specified,Not Specified,MARGINAL,23.22,18.5
22/07/2023 13:00:00 - 22/07/2023 14:00:00,SCA|NO3,mFRR,Not Specified,Not Specified,MARGINAL,21.2,15.0
22/07/2023 14:00:00 - 22/07/2023 15:00:00,SCA|NO3,mFRR,Not Specified,Not Specified,MARGINAL,19.52,9.0
22/07/2023 15:00:00 - 22/07/2023 16:00:00,SCA|NO3,mFRR,Not Specified,Not Specified,MARGINAL,20.77,9.0
22/07/2023 16:00:00 - 22/07/2023 17:00:00,SCA|NO3,mFRR,Not Specified,Not Specified,MARGINAL,21.97,18.5
22/07/2023 17:00:00 - 22/07/2023 18:00:00,SCA|NO3,mFRR,Not Specified,Not Specified,MARGINAL,23.05,23.05
22/07/2023 18:00:00 - 22/07/2023 19:00:00,SCA|NO3,mFRR,Not Specified,Not Specified,MARGINAL,22.0,22.0
22/07/2023 19:00:00 - 22/07/2023 20:00:00,SCA|NO3,mFRR,Not Specified,Not Specified,MARGINAL,22.46,22.46
22/07/2023 20:00:00 - 22/07/2023 21:00:00,SCA|NO3,mFRR,Not Specified,Not Specified,MARGINAL,22.4,22.4
22/07/2023 21:00:00 - 22/07/2023 22:00:00,SCA|NO3,mFRR,Not Specified,Not Specified,MARGINAL,26.0,16.0
22/07/2023 22:00:00 - 22/07/2023 23:00:00,SCA|NO3,mFRR,Not Specified,Not Specified,MARGINAL,26.0,21.98
22/07/2023 23:00:00 - 23/07/2023 00:00:00,SCA|NO3,mFRR,Not Specified,Not Specified,MARGINAL,26.0,21.98
23/07/2023 00:00:00 - 23/07/2023 01:00:00,SCA|NO3,mFRR,Not Specified,Not Specified,MARGINAL,26.0,20.66
23/07/2023 01:00:00 - 23/07/2023 02:00:00,SCA|NO3,mFRR,Not Specified,Not Specified,MARGINAL,20.3,20.3
23/07/2023 02:00:00 - 23/07/2023 03:00:00,SCA|NO3,mFRR,Not Specified,Not Specified,MARGINAL,23.5,19.94
23/07/2023 03:00:00 - 23/07/2023 04:00:00,SCA|NO3,mFRR,Not Specified,Not Specified,MARGINAL,23.5,19.9
23/07/2023 04:00:00 - 23/07/2023 05:00:00,SCA|NO3,mFRR,Not Specified,Not Specified,MARGINAL,15.78,10.5
23/07/2023 05:00:00 - 23/07/2023 06:00:00,SCA|NO3,mFRR,Not Specified,Not Specified,MARGINAL,11.09,11.09
23/07/2023 06:00:00 - 23/07/2023 07:00:00,SCA|NO3,mFRR,Not Specified,Not Specified,MARGINAL,13.0,5.08
23/07/2023 07:00:00 - 23/07/2023 08:00:00,SCA|NO3,mFRR,Not Specified,Not Specified,MARGINAL,13.0,2.88
23/07/2023 08:00:00 - 23/07/2023 09:00:00,SCA|NO3,mFRR,Not Specified,Not Specified,MARGINAL,3.42,3.42
23/07/2023 09:00:00 - 23/07/2023 10:00:00,SCA|NO3,mFRR,Not Specified,Not Specified,MARGINAL,5.14,0.0
23/07/2023 10:00:00 - 23/07/2023 11:00:00,SCA|NO3,mFRR,Not Specified,Not Specified,MARGINAL,10.92,10.92
23/07/2023 11:00:00 - 23/07/2023 12:00:00,SCA|NO3,mFRR,Not Specified,Not Specified,MARGINAL,10.85,10.85
23/07/2023 12:00:00 - 23/07/2023 13:00:00,SCA|NO3,mFRR,Not Specified,Not Specified,MARGINAL,9.97,-0.94
23/07/2023 13:00:00 - 23/07/2023 14:00:00,SCA|NO3,mFRR,Not Specified,Not Specified,MARGINAL,6.42,-6.0
23/07/2023 14:00:00 - 23/07/2023 15:00:00,SCA|NO3,mFRR,Not Specified,Not Specified,MARGINAL,8.08,-6.0
23/07/2023 15:00:00 - 23/07/2023 16:00:00,SCA|NO3,mFRR,Not Specified,Not Specified,MARGINAL,4.95,-2.0
23/07/2023 16:00:00 - 23/07/2023 17:00:00,SCA|NO3,mFRR,Not Specified,Not Specified,MARGINAL,12.31,1.0
23/07/2023 17:00:00 - 23/07/2023 18:00:00,SCA|NO3,mFRR,Not Specified,Not Specified,MARGINAL,16.35,11.0
23/07/2023 18:00:00 - 23/07/2023 19:00:00,SCA|NO3,mFRR,Not Specified,Not Specified,MARGINAL,30.0,22.14
23/07/2023 19:00:00 - 23/07/2023 20:00:00,SCA|NO3,mFRR,Not Specified,Not Specified,MARGINAL,29.0,23.09
23/07/2023 20:00:00 - 23/07/2023 21:00:00,SCA|NO3,mFRR,Not Specified,Not Specified,MARGINAL,29.95,23.12
23/07/2023 21:00:00 - 23/07/2023 22:00:00,SCA|NO3,mFRR,Not Specified,Not Specified,MARGINAL,23.1,23.1
23/07/2023 22:00:00 - 23/07/2023 23:00:00,SCA|NO3,mFRR,Not Specified,Not Specified,MARGINAL,23.04,23.04
23/07/2023 23:00:00 - 24/07/2023 00:00:00,SCA|NO3,mFRR,Not Specified,Not Specified,MARGINAL,22.67,22.67
24/07/2023 00:00:00 - 24/07/2023 01:00:00,SCA|NO3,mFRR,Not Specified,Not Specified,MARGINAL,26.0,21.61
24/07/2023 01:00:00 - 24/07/2023 02:00:00,SCA|NO3,mFRR,Not Specified,Not Specified,MARGINAL,23.5,21.35
24/07/2023 02:00:00 - 24/07/2023 03:00:00,SCA|NO3,mFRR,Not Specified,Not Specified,MARGINAL,23.5,21.6
24/07/2023 03:00:00 - 24/07/2023 04:00:00,SCA|NO3,mFRR,Not Specified,Not Specified,MARGINAL,21.79,21.79
24/07/2023 04:00:00 - 24/07/2023 05:00:00,SCA|NO3,mFRR,Not Specified,Not Specified,MARGINAL,21.73,21.73
24/07/2023 05:00:00 - 24/07/2023 06:00:00,SCA|NO3,mFRR,Not Specified,Not Specified,MARGINAL,22.69,15.0
24/07/2023 06:00:00 - 24/07/2023 07:00:00,SCA|NO3,mFRR,Not Specified,Not Specified,MARGINAL,26.29,16.0
24/07/2023 07:00:00 - 24/07/2023 08:00:00,SCA|NO3,mFRR,Not Specified,Not Specified,MARGINAL,26.38,26.38
24/07/2023 08:00:00 - 24/07/2023 09:00:00,SCA|NO3,mFRR,Not Specified,Not Specified,MARGINAL,32.0,27.19
24/07/2023 09:00:00 - 24/07/2023 10:00:00,SCA|NO3,mFRR,Not Specified,Not Specified,MARGINAL,35.0,27.92
24/07/2023 10:00:00 - 24/07/2023 11:00:00,SCA|NO3,mFRR,Not Specified,Not Specified,MARGINAL,35.0,28.42
24/07/2023 11:00:00 - 24/07/2023 12:00:00,SCA|NO3,mFRR,Not Specified,Not Specified,MARGINAL,30.0,27.96
24/07/2023 12:00:00 - 24/07/2023 13:00:00,SCA|NO3,mFRR,Not Specified,Not Specified,MARGINAL,34.0,27.44
24/07/2023 13:00:00 - 24/07/2023 14:00:00,SCA|NO3,mFRR,Not Specified,Not Specified,MARGINAL,34.0,27.0
24/07/2023 14:00:00 - 24/07/2023 15:00:00,SCA|NO3,mFRR,Not Specified,Not Specified,MARGINAL,32.0,26.61
24/07/2023 15:00:00 - 24/07/2023 16:00:00,SCA|NO3,mFRR,Not Specified,Not Specified,MARGINAL,32.0,26.91
24/07/2023 16:00:00 - 24/07/2023 17:00:00,SCA|NO3,mFRR,Not Specified,Not Specified,MARGINAL,26.54,26.54
24/07/2023 17:00:00 - 24/07/2023 18:00:00,SCA|NO3,mFRR,Not Specified,Not Specified,MARGINAL,31.5,26.07
24/07/2023 18:00:00 - 24/07/2023 19:00:00,SCA|NO3,mFRR,Not Specified,Not Specified,MARGINAL,32.0,25.79
24/07/2023 19:00:00 - 24/07/2023 20:00:00,SCA|NO3,mFRR,Not Specified,Not Specified,MARGINAL,34.75,24.77
24/07/2023 20:00:00 - 24/07/2023 21:00:00,SCA|NO3,mFRR,Not Specified,Not Specified,MARGINAL,34.91,23.84
24/07/2023 21:00:00 - 24/07/2023 22:00:00,SCA|NO3,mFRR,Not Specified,Not Specified,MARGINAL,31.91,22.67
24/07/2023 22:00:00 - 24/07/2023 23:00:00,SCA|NO3,mFRR,Not Specified,Not Specified,MARGINAL,30.0,22.46
24/07/2023 23:00:00 - 25/07/2023 00:00:00,SCA|NO3,mFRR,Not Specified,Not Specified,MARGINAL,30.0,22.12
25/07/2023 00:00:00 - 25/07/2023 01:00:00,SCA|NO3,mFRR,Not Specified,Not Specified,MARGINAL,30.0,26.46
25/07/2023 01:00:00 - 25/07/2023 02:00:00,SCA|NO3,mFRR,Not Specified,Not Specified,MARGINAL,24.97,23.0
25/07/2023 02:00:00 - 25/07/2023 03:00:00,SCA|NO3,mFRR,Not Specified,Not Specified,MARGINAL,23.91,23.91
25/07/2023 03:00:00 - 25/07/2023 04:00:00,SCA|NO3,mFRR,Not Specified,Not Specified,MARGINAL,26.0,22.0
25/07/2023 04:00:00 - 25/07/2023 05:00:00,SCA|NO3,mFRR,Not Specified,Not Specified,MARGINAL,25.0,21.46
25/07/2023 05:00:00 - 25/07/2023 06:00:00,SCA|NO3,mFRR,Not Specified,Not Specified,MARGINAL,25.0,22.33
25/07/2023 06:00:00 - 25/07/2023 07:00:00,SCA|NO3,mFRR,Not Specified,Not Specified,MARGINAL,26.97,24.97
25/07/2023 07:00:00 - 25/07/2023 08:00:00,SCA|NO3,mFRR,Not Specified,Not Specified,MARGINAL,31.85,26.38
25/07/2023 08:00:00 - 25/07/2023 09:00:00,SCA|NO3,mFRR,Not Specified,Not Specified,MARGINAL,35.0,25.29
25/07/2023 09:00:00 - 25/07/2023 10:00:00,SCA|NO3,mFRR,Not Specified,Not Specified,MARGINAL,35.0,27.4
25/07/2023 10:00:00 - 25/07/2023 11:00:00,SCA|NO3,mFRR,Not Specified,Not Specified,MARGINAL,35.0,27.3
25/07/2023 11:00:00 - 25/07/2023 12:00:00,SCA|NO3,mFRR,Not Specified,Not Specified,MARGINAL,30.0,26.8
25/07/2023 12:00:00 - 25/07/2023 13:00:00,SCA|NO3,mFRR,Not Specified,Not Specified,MARGINAL,25.13,25.13
25/07/2023 13:00:00 - 25/07/2023 14:00:00,SCA|NO3,mFRR,Not Specified,Not Specified,MARGINAL,24.91,24.91
25/07/2023 14:00:00 - 25/07/2023 15:00:00,SCA|NO3,mFRR,Not Specified,Not Specified,MARGINAL,24.24,16.0
25/07/2023 15:00:00 - 25/07/2023 16:00:00,SCA|NO3,mFRR,Not Specified,Not Specified,MARGINAL,24.27,12.0
25/07/2023 16:00:00 - 25/07/2023 17:00:00,SCA|NO3,mFRR,Not Specified,Not Specified,MARGINAL,24.71,13.0
25/07/2023 17:00:00 - 25/07/2023 18:00:00,SCA|NO3,mFRR,Not Specified,Not Specified,MARGINAL,25.61,20.0
25/07/2023 18:00:00 - 25/07/2023 19:00:00,SCA|NO3,mFRR,Not Specified,Not Specified,MARGINAL,26.31,26.31
25/07/2023 19:00:00 - 25/07/2023 20:00:00,SCA|NO3,mFRR,Not Specified,Not Specified,MARGINAL,29.0,28.0
25/07/2023 20:00:00 - 25/07/2023 21:00:00,SCA|NO3,mFRR,Not Specified,Not Specified,MARGINAL,28.2,28.2
25/07/2023 21:00:00 - 25/07/2023 22:00:00,SCA|NO3,mFRR,Not Specified,Not Specified,MARGINAL,28.42,27.92
25/07/2023 22:00:00 - 25/07/2023 23:00:00,SCA|NO3,mFRR,Not Specified,Not Specified,MARGINAL,27.12,27.12
25/07/2023 23:00:00 - 26/07/2023 00:00:00,SCA|NO3,mFRR,Not Specified,Not Specified,MARGINAL,24.98,24.98
26/07/2023 00:00:00 - 26/07/2023 01:00:00,SCA|NO3,mFRR,Not Specified,Not Specified,MARGINAL,25.93,25.93
26/07/2023 01:00:00 - 26/07/2023 02:00:00,SCA|NO3,mFRR,Not Specified,Not Specified,MARGINAL,25.0,25.0
26/07/2023 02:00:00 - 26/07/2023 03:00:00,SCA|NO3,mFRR,Not Specified,Not Specified,MARGINAL,24.98,24.98
26/07/2023 03:00:00 - 26/07/2023 04:00:00,SCA|NO3,mFRR,Not Specified,Not Specified,MARGINAL,24.93,24.93
26/07/2023 04:00:00 - 26/07/2023 05:00:00,SCA|NO3,mFRR,Not Specified,Not Specified,MARGINAL,25.04,25.04
26/07/2023 05:00:00 - 26/07/2023 06:00:00,SCA|NO3,mFRR,Not Specified,Not Specified,MARGINAL,25.96,25.96
26/07/2023 06:00:00 - 26/07/2023 07:00:00,SCA|NO3,mFRR,Not Specified,Not Specified,MARGINAL,27.05,27.05
26/07/2023 07:00:00 - 26/07/2023 08:00:00,SCA|NO3,mFRR,Not Specified,Not Specified,MARGINAL,34.45,27.45
26/07/2023 08:00:00 - 26/07/2023 09:00:00,SCA|NO3,mFRR,Not Specified,Not Specified,MARGINAL,34.57,28.31
26/07/2023 09:00:00 - 26/07/2023 10:00:00,SCA|NO3,mFRR,Not Specified,Not Specified,MARGINAL,32.0,28.61
26/07/2023 10:00:00 - 26/07/2023 11:00:00,SCA|NO3,mFRR,Not Specified,Not Specified,MARGINAL,29.01,29.01
26/07/2023 11:00:00 - 26/07/2023 12:00:00,SCA|NO3,mFRR,Not Specified,Not Specified,MARGINAL,29.18,29.18
26/07/2023 12:00:00 - 26/07/2023 13:00:00,SCA|NO3,mFRR,Not Specified,Not Specified,MARGINAL,29.15,24.5
26/07/2023 13:00:00 - 26/07/2023 14:00:00,SCA|NO3,mFRR,Not Specified,Not Specified,MARGINAL,28.92,24.5
26/07/2023 14:00:00 - 26/07/2023 15:00:00,SCA|NO3,mFRR,Not Specified,Not Specified,MARGINAL,28.79,21.0
26/07/2023 15:00:00 - 26/07/2023 16:00:00,SCA|NO3,mFRR,Not Specified,Not Specified,MARGINAL,28.61,21.0
26/07/2023 16:00:00 - 26/07/2023 17:00:00,SCA|NO3,mFRR,Not Specified,Not Specified,MARGINAL,28.26,21.0
26/07/2023 17:00:00 - 26/07/2023 18:00:00,SCA|NO3,mFRR,Not Specified,Not Specified,MARGINAL,29.09,24.5
26/07/2023 18:00:00 - 26/07/2023 19:00:00,SCA|NO3,mFRR,Not Specified,Not Specified,MARGINAL,29.33,29.33
26/07/2023 19:00:00 - 26/07/2023 20:00:00,SCA|NO3,mFRR,Not Specified,Not Specified,MARGINAL,34.0,29.33
26/07/2023 20:00:00 - 26/07/2023 21:00:00,SCA|NO3,mFRR,Not Specified,Not Specified,MARGINAL,34.82,28.96
26/07/2023 21:00:00 - 26/07/2023 22:00:00,SCA|NO3,mFRR,Not Specified,Not Specified,MARGINAL,37.25,29.18
26/07/2023 22:00:00 - 26/07/2023 23:00:00,SCA|NO3,mFRR,Not Specified,Not Specified,MARGINAL,37.5,29.08
26/07/2023 23:00:00 - 27/07/2023 00:00:00,SCA|NO3,mFRR,Not Specified,Not Specified,MARGINAL,34.85,28.73
27/07/2023 00:00:00 - 27/07/2023 01:00:00,SCA|NO3,mFRR,Not Specified,Not Specified,MARGINAL,34.0,30.31
27/07/2023 01:00:00 - 27/07/2023 02:00:00,SCA|NO3,mFRR,Not Specified,Not Specified,MARGINAL,34.0,29.89
27/07/2023 02:00:00 - 27/07/2023 03:00:00,SCA|NO3,mFRR,Not Specified,Not Specified,MARGINAL,34.0,29.43
27/07/2023 03:00:00 - 27/07/2023 04:00:00,SCA|NO3,mFRR,Not Specified,Not Specified,MARGINAL,30.0,29.25
27/07/2023 04:00:00 - 27/07/2023 05:00:00,SCA|NO3,mFRR,Not Specified,Not Specified,MARGINAL,29.39,29.39
27/07/2023 05:00:00 - 27/07/2023 06:00:00,SCA|NO3,mFRR,Not Specified,Not Specified,MARGINAL,30.09,30.09
27/07/2023 06:00:00 - 27/07/2023 07:00:00,SCA|NO3,mFRR,Not Specified,Not Specified,MARGINAL,30.75,25.0
27/07/2023 07:00:00 - 27/07/2023 08:00:00,SCA|NO3,mFRR,Not Specified,Not Specified,MARGINAL,35.0,29.93
27/07/2023 08:00:00 - 27/07/2023 09:00:00,SCA|NO3,mFRR,Not Specified,Not Specified,MARGINAL,35.0,30.08
27/07/2023 09:00:00 - 27/07/2023 10:00:00,SCA|NO3,mFRR,Not Specified,Not Specified,MARGINAL,35.0,30.6
27/07/2023 10:00:00 - 27/07/2023 11:00:00,SCA|NO3,mFRR,Not Specified,Not Specified,MARGINAL,31.34,25.0
27/07/2023 11:00:00 - 27/07/2023 12:00:00,SCA|NO3,mFRR,Not Specified,Not Specified,MARGINAL,31.38,24.0
27/07/2023 12:00:00 - 27/07/2023 13:00:00,SCA|NO3,mFRR,Not Specified,Not Specified,MARGINAL,30.51,24.0
27/07/2023 13:00:00 - 27/07/2023 14:00:00,SCA|NO3,mFRR,Not Specified,Not Specified,MARGINAL,31.29,24.0
27/07/2023 14:00:00 - 27/07/2023 15:00:00,SCA|NO3,mFRR,Not Specified,Not Specified,MARGINAL,31.01,25.0
27/07/2023 15:00:00 - 27/07/2023 16:00:00,SCA|NO3,mFRR,Not Specified,Not Specified,MARGINAL,30.59,25.5
27/07/2023 16:00:00 - 27/07/2023 17:00:00,SCA|NO3,mFRR,Not Specified,Not Specified,MARGINAL,30.25,26.84
27/07/2023 17:00:00 - 27/07/2023 18:00:00,SCA|NO3,mFRR,Not Specified,Not Specified,MARGINAL,30.21,25.0
27/07/2023 18:00:00 - 27/07/2023 19:00:00,SCA|NO3,mFRR,Not Specified,Not Specified,MARGINAL,30.08,26.84
27/07/2023 19:00:00 - 27/07/2023 20:00:00,SCA|NO3,mFRR,Not Specified,Not Specified,MARGINAL,30.14,29.0
27/07/2023 20:00:00 - 27/07/2023 21:00:00,SCA|NO3,mFRR,Not Specified,Not Specified,MARGINAL,30.74,30.74
27/07/2023 21:00:00 - 27/07/2023 22:00:00,SCA|NO3,mFRR,Not Specified,Not Specified,MARGINAL,30.77,30.77
27/07/2023 22:00:00 - 27/07/2023 23:00:00,SCA|NO3,mFRR,Not Specified,Not Specified,MARGINAL,30.58,30.58
27/07/2023 23:00:00 - 28/07/2023 00:00:00,SCA|NO3,mFRR,Not Specified,Not Specified,MARGINAL,30.09,30.09
28/07/2023 00:00:00 - 28/07/2023 01:00:00,SCA|NO3,mFRR,Not Specified,Not Specified,MARGINAL,28.97,28.97
28/07/2023 01:00:00 - 28/07/2023 02:00:00,SCA|NO3,mFRR,Not Specified,Not Specified,MARGINAL,28.92,28.92
28/07/2023 02:00:00 - 28/07/2023 03:00:00,SCA|NO3,mFRR,Not Specified,Not Specified,MARGINAL,28.9,28.9
28/07/2023 03:00:00 - 28/07/2023 04:00:00,SCA|NO3,mFRR,Not Specified,Not Specified,MARGINAL,28.16,28.16
28/07/2023 04:00:00 - 28/07/2023 05:00:00,SCA|NO3,mFRR,Not Specified,Not Specified,MARGINAL,28.03,28.03
28/07/2023 05:00:00 - 28/07/2023 06:00:00,SCA|NO3,mFRR,Not Specified,Not Specified,MARGINAL,28.93,28.93
28/07/2023 06:00:00 - 28/07/2023 07:00:00,SCA|NO3,mFRR,Not Specified,Not Specified,MARGINAL,29.11,29.11
28/07/2023 07:00:00 - 28/07/2023 08:00:00,SCA|NO3,mFRR,Not Specified,Not Specified,MARGINAL,28.9,28.9
28/07/2023 08:00:00 - 28/07/2023 09:00:00,SCA|NO3,mFRR,Not Specified,Not Specified,MARGINAL,29.26,29.26
28/07/2023 09:00:00 - 28/07/2023 10:00:00,SCA|NO3,mFRR,Not Specified,Not Specified,MARGINAL,29.94,29.94
28/07/2023 10:00:00 - 28/07/2023 11:00:00,SCA|NO3,mFRR,Not Specified,Not Specified,MARGINAL,29.99,29.99
28/07/2023 11:00:00 - 28/07/2023 12:00:00,SCA|NO3,mFRR,Not Specified,Not Specified,,,
28/07/2023 12:00:00 - 28/07/2023 13:00:00,SCA|NO3,mFRR,Not Specified,Not Specified,MARGINAL,35.0,29.97
28/07/2023 13:00:00 - 28/07/2023 14:00:00,SCA|NO3,mFRR,Not Specified,Not Specified,MARGINAL,29.84,29.84
28/07/2023 14:00:00 - 28/07/2023 15:00:00,SCA|NO3,mFRR,Not Specified,Not Specified,MARGINAL,29.78,29.78
28/07/2023 15:00:00 - 28/07/2023 16:00:00,SCA|NO3,mFRR,Not Specified,Not Specified,MARGINAL,29.48,26.0
28/07/2023 16:00:00 - 28/07/2023 17:00:00,SCA|NO3,mFRR,Not Specified,Not Specified,MARGINAL,29.65,26.0
28/07/2023 17:00:00 - 28/07/2023 18:00:00,SCA|NO3,mFRR,Not Specified,Not Specified,MARGINAL,30.11,26.0
28/07/2023 18:00:00 - 28/07/2023 19:00:00,SCA|NO3,mFRR,Not Specified,Not Specified,MARGINAL,30.24,30.24
28/07/2023 19:00:00 - 28/07/2023 20:00:00,SCA|NO3,mFRR,Not Specified,Not Specified,MARGINAL,30.74,30.74
28/07/2023 20:00:00 - 28/07/2023 21:00:00,SCA|NO3,mFRR,Not Specified,Not Specified,MARGINAL,30.9,30.9
28/07/2023 21:00:00 - 28/07/2023 22:00:00,SCA|NO3,mFRR,Not Specified,Not Specified,MARGINAL,31.58,24.0
28/07/2023 22:00:00 - 28/07/2023 23:00:00,SCA|NO3,mFRR,Not Specified,Not Specified,MARGINAL,30.78,22.0
28/07/2023 23:00:00 - 29/07/2023 00:00:00,SCA|NO3,mFRR,Not Specified,Not Specified,MARGINAL,28.39,22.0
29/07/2023 00:00:00 - 29/07/2023 01:00:00,SCA|NO3,mFRR,Not Specified,Not Specified,MARGINAL,25.0,19.01
29/07/2023 01:00:00 - 29/07/2023 02:00:00,SCA|NO3,mFRR,Not Specified,Not Specified,MARGINAL,25.0,16.07
29/07/2023 02:00:00 - 29/07/2023 03:00:00,SCA|NO3,mFRR,Not Specified,Not Specified,MARGINAL,23.0,15.61
29/07/2023 03:00:00 - 29/07/2023 04:00:00,SCA|NO3,mFRR,Not Specified,Not Specified,MARGINAL,15.41,15.41
29/07/2023 04:00:00 - 29/07/2023 05:00:00,SCA|NO3,mFRR,Not Specified,Not Specified,MARGINAL,15.29,15.29
29/07/2023 05:00:00 - 29/07/2023 06:00:00,SCA|NO3,mFRR,Not Specified,Not Specified,MARGINAL,10.74,10.74
29/07/2023 06:00:00 - 29/07/2023 07:00:00,SCA|NO3,mFRR,Not Specified,Not Specified,MARGINAL,10.87,10.87
29/07/2023 07:00:00 - 29/07/2023 08:00:00,SCA|NO3,mFRR,Not Specified,Not Specified,MARGINAL,15.0,15.0
29/07/2023 08:00:00 - 29/07/2023 09:00:00,SCA|NO3,mFRR,Not Specified,Not Specified,MARGINAL,26.5,18.95
29/07/2023 09:00:00 - 29/07/2023 10:00:00,SCA|NO3,mFRR,Not Specified,Not Specified,MARGINAL,30.0,20.72
29/07/2023 10:00:00 - 29/07/2023 11:00:00,SCA|NO3,mFRR,Not Specified,Not Specified,MARGINAL,30.0,21.42
29/07/2023 11:00:00 - 29/07/2023 12:00:00,SCA|NO3,mFRR,Not Specified,Not Specified,MARGINAL,30.0,22.15
29/07/2023 12:00:00 - 29/07/2023 13:00:00,SCA|NO3,mFRR,Not Specified,Not Specified,MARGINAL,31.5,22.27
29/07/2023 13:00:00 - 29/07/2023 14:00:00,SCA|NO3,mFRR,Not Specified,Not Specified,MARGINAL,31.5,23.76
29/07/2023 14:00:00 - 29/07/2023 15:00:00,SCA|NO3,mFRR,Not Specified,Not Specified,MARGINAL,18.2,-2.68
29/07/2023 15:00:00 - 29/07/2023 16:00:00,SCA|NO3,mFRR,Not Specified,Not Specified,MARGINAL,19.67,-2.68
29/07/2023 16:00:00 - 29/07/2023 17:00:00,SCA|NO3,mFRR,Not Specified,Not Specified,MARGINAL,26.85,7.0
29/07/2023 17:00:00 - 29/07/2023 18:00:00,SCA|NO3,mFRR,Not Specified,Not Specified,MARGINAL,28.72,18.0
29/07/2023 18:00:00 - 29/07/2023 19:00:00,SCA|NO3,mFRR,Not Specified,Not Specified,MARGINAL,28.96,23.0
29/07/2023 19:00:00 - 29/07/2023 20:00:00,SCA|NO3,mFRR,Not Specified,Not Specified,MARGINAL,30.0,29.14
29/07/2023 20:00:00 - 29/07/2023 21:00:00,SCA|NO3,mFRR,Not Specified,Not Specified,MARGINAL,30.0,27.84
29/07/2023 21:00:00 - 29/07/2023 22:00:00,SCA|NO3,mFRR,Not Specified,Not Specified,MARGINAL,30.0,26.94
29/07/2023 22:00:00 - 29/07/2023 23:00:00,SCA|NO3,mFRR,Not Specified,Not Specified,MARGINAL,30.0,26.01
29/07/2023 23:00:00 - 30/07/2023 00:00:00,SCA|NO3,mFRR,Not Specified,Not Specified,MARGINAL,29.0,24.45
30/07/2023 00:00:00 - 30/07/2023 01:00:00,SCA|NO3,mFRR,Not Specified,Not Specified,MARGINAL,24.98,24.98
30/07/2023 01:00:00 - 30/07/2023 02:00:00,SCA|NO3,mFRR,Not Specified,Not Specified,MARGINAL,24.66,24.66
30/07/2023 02:00:00 - 30/07/2023 03:00:00,SCA|NO3,mFRR,Not Specified,Not Specified,MARGINAL,24.45,24.45
30/07/2023 03:00:00 - 30/07/2023 04:00:00,SCA|NO3,mFRR,Not Specified,Not Specified,MARGINAL,24.91,24.91
30/07/2023 04:00:00 - 30/07/2023 05:00:00,SCA|NO3,mFRR,Not Specified,Not Specified,MARGINAL,24.87,24.87
30/07/2023 05:00:00 - 30/07/2023 06:00:00,SCA|NO3,mFRR,Not Specified,Not Specified,MARGINAL,24.48,24.48
30/07/2023 06:00:00 - 30/07/2023 07:00:00,SCA|NO3,mFRR,Not Specified,Not Specified,MARGINAL,25.96,21.0
30/07/2023 07:00:00 - 30/07/2023 08:00:00,SCA|NO3,mFRR,Not Specified,Not Specified,MARGINAL,26.69,21.0
30/07/2023 08:00:00 - 30/07/2023 09:00:00,SCA|NO3,mFRR,Not Specified,Not Specified,MARGINAL,27.24,22.5
30/07/2023 09:00:00 - 30/07/2023 10:00:00,SCA|NO3,mFRR,Not Specified,Not Specified,MARGINAL,10.61,10.61
30/07/2023 10:00:00 - 30/07/2023 11:00:00,SCA|NO3,mFRR,Not Specified,Not Specified,MARGINAL,8.74,0.0
30/07/2023 11:00:00 - 30/07/2023 12:00:00,SCA|NO3,mFRR,Not Specified,Not Specified,MARGINAL,8.74,8.74
30/07/2023 12:00:00 - 30/07/2023 13:00:00,SCA|NO3,mFRR,Not Specified,Not Specified,MARGINAL,8.36,8.36
30/07/2023 13:00:00 - 30/07/2023 14:00:00,SCA|NO3,mFRR,Not Specified,Not Specified,MARGINAL,7.67,7.67
30/07/2023 14:00:00 - 30/07/2023 15:00:00,SCA|NO3,mFRR,Not Specified,Not Specified,MARGINAL,7.09,7.09
30/07/2023 15:00:00 - 30/07/2023 16:00:00,SCA|NO3,mFRR,Not Specified,Not Specified,MARGINAL,6.75,6.75
30/07/2023 16:00:00 - 30/07/2023 17:00:00,SCA|NO3,mFRR,Not Specified,Not Specified,MARGINAL,6.79,6.79
30/07/2023 17:00:00 - 30/07/2023 18:00:00,SCA|NO3,mFRR,Not Specified,Not Specified,MARGINAL,16.32,16.32
30/07/2023 18:00:00 - 30/07/2023 19:00:00,SCA|NO3,mFRR,Not Specified,Not Specified,MARGINAL,29.5,27.36
30/07/2023 19:00:00 - 30/07/2023 20:00:00,SCA|NO3,mFRR,Not Specified,Not Specified,MARGINAL,32.64,32.64
30/07/2023 20:00:00 - 30/07/2023 21:00:00,SCA|NO3,mFRR,Not Specified,Not Specified,MARGINAL,35.0,32.52
30/07/2023 21:00:00 - 30/07/2023 22:00:00,SCA|NO3,mFRR,Not Specified,Not Specified,MARGINAL,32.86,32.34
30/07/2023 22:00:00 - 30/07/2023 23:00:00,SCA|NO3,mFRR,Not Specified,Not Specified,MARGINAL,31.27,31.27
30/07/2023 23:00:00 - 31/07/2023 00:00:00,SCA|NO3,mFRR,Not Specified,Not Specified,MARGINAL,29.0,29.0
31/07/2023 00:00:00 - 31/07/2023 01:00:00,SCA|NO3,mFRR,Not Specified,Not Specified,MARGINAL,30.0,30.0
31/07/2023 01:00:00 - 31/07/2023 02:00:00,SCA|NO3,mFRR,Not Specified,Not Specified,MARGINAL,29.62,20.0
31/07/2023 02:00:00 - 31/07/2023 03:00:00,SCA|NO3,mFRR,Not Specified,Not Specified,MARGINAL,29.5,20.0
31/07/2023 03:00:00 - 31/07/2023 04:00:00,SCA|NO3,mFRR,Not Specified,Not Specified,MARGINAL,29.37,20.0
31/07/2023 04:00:00 - 31/07/2023 05:00:00,SCA|NO3,mFRR,Not Specified,Not Specified,MARGINAL,28.21,20.0
31/07/2023 05:00:00 - 31/07/2023 06:00:00,SCA|NO3,mFRR,Not Specified,Not Specified,MARGINAL,31.59,26.75
31/07/2023 06:00:00 - 31/07/2023 07:00:00,SCA|NO3,mFRR,Not Specified,Not Specified,MARGINAL,32.46,32.46
31/07/2023 07:00:00 - 31/07/2023 08:00:00,SCA|NO3,mFRR,Not Specified,Not Specified,MARGINAL,32.72,32.72
31/07/2023 08:00:00 - 31/07/2023 09:00:00,SCA|NO3,mFRR,Not Specified,Not Specified,MARGINAL,34.2,34.2
31/07/2023 09:00:00 - 31/07/2023 10:00:00,SCA|NO3,mFRR,Not Specified,Not Specified,MARGINAL,35.46,35.46
31/07/2023 10:00:00 - 31/07/2023 11:00:00,SCA|NO3,mFRR,Not Specified,Not Specified,MARGINAL,35.51,35.51
31/07/2023 11:00:00 - 31/07/2023 12:00:00,SCA|NO3,mFRR,Not Specified,Not Specified,MARGINAL,35.53,35.53
31/07/2023 12:00:00 - 31/07/2023 13:00:00,SCA|NO3,mFRR,Not Specified,Not Specified,MARGINAL,35.2,35.2
31/07/2023 13:00:00 - 31/07/2023 14:00:00,SCA|NO3,mFRR,Not Specified,Not Specified,MARGINAL,34.87,34.87
31/07/2023 14:00:00 - 31/07/2023 15:00:00,SCA|NO3,mFRR,Not Specified,Not Specified,MARGINAL,32.74,32.74
31/07/2023 15:00:00 - 31/07/2023 16:00:00,SCA|NO3,mFRR,Not Specified,Not Specified,MARGINAL,34.5,34.5
31/07/2023 16:00:00 - 31/07/2023 17:00:00,SCA|NO3,mFRR,Not Specified,Not Specified,,,
31/07/2023 17:00:00 - 31/07/2023 18:00:00,SCA|NO3,mFRR,Not Specified,Not Specified,MARGINAL,34.92,34.92
31/07/2023 18:00:00 - 31/07/2023 19:00:00,SCA|NO3,mFRR,Not Specified,Not Specified,MARGINAL,40.0,35.03
31/07/2023 19:00:00 - 31/07/2023 20:00:00,SCA|NO3,mFRR,Not Specified,Not Specified,MARGINAL,40.0,35.01
31/07/2023 20:00:00 - 31/07/2023 21:00:00,SCA|NO3,mFRR,Not Specified,Not Specified,MARGINAL,34.69,34.69
31/07/2023 21:00:00 - 31/07/2023 22:00:00,SCA|NO3,mFRR,Not Specified,Not Specified,MARGINAL,30.5,30.5
31/07/2023 22:00:00 - 31/07/2023 23:00:00,SCA|NO3,mFRR,Not Specified,Not Specified,MARGINAL,28.77,28.77
31/07/2023 23:00:00 - 01/08/2023 00:00:00,SCA|NO3,mFRR,Not Specified,Not Specified,MARGINAL,26.77,26.77
01/08/2023 00:00:00 - 01/08/2023 01:00:00,SCA|NO3,mFRR,Not Specified,Not Specified,MARGINAL,26.04,19.0
01/08/2023 01:00:00 - 01/08/2023 02:00:00,SCA|NO3,mFRR,Not Specified,Not Specified,MARGINAL,23.03,13.5
01/08/2023 02:00:00 - 01/08/2023 03:00:00,SCA|NO3,mFRR,Not Specified,Not Specified,MARGINAL,19.85,13.42
01/08/2023 03:00:00 - 01/08/2023 04:00:00,SCA|NO3,mFRR,Not Specified,Not Specified,MARGINAL,19.62,13.42
01/08/2023 04:00:00 - 01/08/2023 05:00:00,SCA|NO3,mFRR,Not Specified,Not Specified,MARGINAL,19.97,19.97
01/08/2023 05:00:00 - 01/08/2023 06:00:00,SCA|NO3,mFRR,Not Specified,Not Specified,MARGINAL,25.43,25.43
01/08/2023 06:00:00 - 01/08/2023 07:00:00,SCA|NO3,mFRR,Not Specified,Not Specified,MARGINAL,27.0,26.35
01/08/2023 07:00:00 - 01/08/2023 08:00:00,SCA|NO3,mFRR,Not Specified,Not Specified,MARGINAL,32.0,26.34
01/08/2023 08:00:00 - 01/08/2023 09:00:00,SCA|NO3,mFRR,Not Specified,Not Specified,MARGINAL,30.03,30.03
01/08/2023 09:00:00 - 01/08/2023 10:00:00,SCA|NO3,mFRR,Not Specified,Not Specified,MARGINAL,31.1,31.1
01/08/2023 10:00:00 - 01/08/2023 11:00:00,SCA|NO3,mFRR,Not Specified,Not Specified,MARGINAL,33.81,33.81
01/08/2023 11:00:00 - 01/08/2023 12:00:00,SCA|NO3,mFRR,Not Specified,Not Specified,MARGINAL,33.64,33.64
01/08/2023 12:00:00 - 01/08/2023 13:00:00,SCA|NO3,mFRR,Not Specified,Not Specified,MARGINAL,33.39,33.39
01/08/2023 13:00:00 - 01/08/2023 14:00:00,SCA|NO3,mFRR,Not Specified,Not Specified,MARGINAL,33.0,22.5
01/08/2023 14:00:00 - 01/08/2023 15:00:00,SCA|NO3,mFRR,Not Specified,Not Specified,MARGINAL,32.92,10.0
01/08/2023 15:00:00 - 01/08/2023 16:00:00,SCA|NO3,mFRR,Not Specified,Not Specified,MARGINAL,32.11,5.0
01/08/2023 16:00:00 - 01/08/2023 17:00:00,SCA|NO3,mFRR,Not Specified,Not Specified,MARGINAL,32.17,10.5
01/08/2023 17:00:00 - 01/08/2023 18:00:00,SCA|NO3,mFRR,Not Specified,Not Specified,MARGINAL,32.97,32.97
01/08/2023 18:00:00 - 01/08/2023 19:00:00,SCA|NO3,mFRR,Not Specified,Not Specified,MARGINAL,32.73,32.73
01/08/2023 19:00:00 - 01/08/2023 20:00:00,SCA|NO3,mFRR,Not Specified,Not Specified,MARGINAL,31.93,31.93
01/08/2023 20:00:00 - 01/08/2023 21:00:00,SCA|NO3,mFRR,Not Specified,Not Specified,MARGINAL,32.32,32.32
01/08/2023 21:00:00 - 01/08/2023 22:00:00,SCA|NO3,mFRR,Not Specified,Not Specified,MARGINAL,32.61,32.61
01/08/2023 22:00:00 - 01/08/2023 23:00:00,SCA|NO3,mFRR,Not Specified,Not Specified,MARGINAL,29.93,29.93
01/08/2023 23:00:00 - 02/08/2023 00:00:00,SCA|NO3,mFRR,Not Specified,Not Specified,MARGINAL,28.31,28.31
02/08/2023 00:00:00 - 02/08/2023 01:00:00,SCA|NO3,mFRR,Not Specified,Not Specified,MARGINAL,22.49,22.49
02/08/2023 01:00:00 - 02/08/2023 02:00:00,SCA|NO3,mFRR,Not Specified,Not Specified,MARGINAL,22.11,22.11
02/08/2023 02:00:00 - 02/08/2023 03:00:00,SCA|NO3,mFRR,Not Specified,Not Specified,MARGINAL,19.86,19.86
02/08/2023 03:00:00 - 02/08/2023 04:00:00,SCA|NO3,mFRR,Not Specified,Not Specified,MARGINAL,23.0,20.06
02/08/2023 04:00:00 - 02/08/2023 05:00:00,SCA|NO3,mFRR,Not Specified,Not Specified,MARGINAL,23.0,19.77
02/08/2023 05:00:00 - 02/08/2023 06:00:00,SCA|NO3,mFRR,Not Specified,Not Specified,MARGINAL,24.01,24.01
02/08/2023 06:00:00 - 02/08/2023 07:00:00,SCA|NO3,mFRR,Not Specified,Not Specified,MARGINAL,27.45,27.45
02/08/2023 07:00:00 - 02/08/2023 08:00:00,SCA|NO3,mFRR,Not Specified,Not Specified,MARGINAL,28.77,28.77
02/08/2023 08:00:00 - 02/08/2023 09:00:00,SCA|NO3,mFRR,Not Specified,Not Specified,MARGINAL,33.0,29.68
02/08/2023 09:00:00 - 02/08/2023 10:00:00,SCA|NO3,mFRR,Not Specified,Not Specified,MARGINAL,33.0,29.16
02/08/2023 10:00:00 - 02/08/2023 11:00:00,SCA|NO3,mFRR,Not Specified,Not Specified,MARGINAL,32.88,27.97
02/08/2023 11:00:00 - 02/08/2023 12:00:00,SCA|NO3,mFRR,Not Specified,Not Specified,MARGINAL,31.0,27.1
02/08/2023 12:00:00 - 02/08/2023 13:00:00,SCA|NO3,mFRR,Not Specified,Not Specified,MARGINAL,31.0,12.0
02/08/2023 13:00:00 - 02/08/2023 14:00:00,SCA|NO3,mFRR,Not Specified,Not Specified,MARGINAL,26.12,12.0
02/08/2023 14:00:00 - 02/08/2023 15:00:00,SCA|NO3,mFRR,Not Specified,Not Specified,MARGINAL,23.6,7.0
02/08/2023 15:00:00 - 02/08/2023 16:00:00,SCA|NO3,mFRR,Not Specified,Not Specified,MARGINAL,20.73,4.5
02/08/2023 16:00:00 - 02/08/2023 17:00:00,SCA|NO3,mFRR,Not Specified,Not Specified,MARGINAL,26.98,11.0
02/08/2023 17:00:00 - 02/08/2023 18:00:00,SCA|NO3,mFRR,Not Specified,Not Specified,MARGINAL,27.3,16.5
02/08/2023 18:00:00 - 02/08/2023 19:00:00,SCA|NO3,mFRR,Not Specified,Not Specified,MARGINAL,27.92,16.5
02/08/2023 19:00:00 - 02/08/2023 20:00:00,SCA|NO3,mFRR,Not Specified,Not Specified,MARGINAL,27.86,16.5
02/08/2023 20:00:00 - 02/08/2023 21:00:00,SCA|NO3,mFRR,Not Specified,Not Specified,MARGINAL,27.02,5.0
02/08/2023 21:00:00 - 02/08/2023 22:00:00,SCA|NO3,mFRR,Not Specified,Not Specified,MARGINAL,27.49,0.0
02/08/2023 22:00:00 - 02/08/2023 23:00:00,SCA|NO3,mFRR,Not Specified,Not Specified,MARGINAL,26.52,0.0
02/08/2023 23:00:00 - 03/08/2023 00:00:00,SCA|NO3,mFRR,Not Specified,Not Specified,MARGINAL,23.33,0.0
03/08/2023 00:00:00 - 03/08/2023 01:00:00,SCA|NO3,mFRR,Not Specified,Not Specified,MARGINAL,24.0,13.15
03/08/2023 01:00:00 - 03/08/2023 02:00:00,SCA|NO3,mFRR,Not Specified,Not Specified,MARGINAL,29.0,8.67
03/08/2023 02:00:00 - 03/08/2023 03:00:00,SCA|NO3,mFRR,Not Specified,Not Specified,MARGINAL,29.0,3.55
03/08/2023 03:00:00 - 03/08/2023 04:00:00,SCA|NO3,mFRR,Not Specified,Not Specified,MARGINAL,24.0,5.47
03/08/2023 04:00:00 - 03/08/2023 05:00:00,SCA|NO3,mFRR,Not Specified,Not Specified,MARGINAL,24.0,7.03
03/08/2023 05:00:00 - 03/08/2023 06:00:00,SCA|NO3,mFRR,Not Specified,Not Specified,MARGINAL,27.0,7.57
03/08/2023 06:00:00 - 03/08/2023 07:00:00,SCA|NO3,mFRR,Not Specified,Not Specified,MARGINAL,30.0,14.76
03/08/2023 07:00:00 - 03/08/2023 08:00:00,SCA|NO3,mFRR,Not Specified,Not Specified,MARGINAL,30.0,20.8
03/08/2023 08:00:00 - 03/08/2023 09:00:00,SCA|NO3,mFRR,Not Specified,Not Specified,MARGINAL,30.0,25.91
03/08/2023 09:00:00 - 03/08/2023 10:00:00,SCA|NO3,mFRR,Not Specified,Not Specified,MARGINAL,30.0,27.45
03/08/2023 10:00:00 - 03/08/2023 11:00:00,SCA|NO3,mFRR,Not Specified,Not Specified,MARGINAL,29.04,29.04
03/08/2023 11:00:00 - 03/08/2023 12:00:00,SCA|NO3,mFRR,Not Specified,Not Specified,MARGINAL,30.16,30.16
03/08/2023 12:00:00 - 03/08/2023 13:00:00,SCA|NO3,mFRR,Not Specified,Not Specified,MARGINAL,26.49,26.49
03/08/2023 13:00:00 - 03/08/2023 14:00:00,SCA|NO3,mFRR,Not Specified,Not Specified,MARGINAL,29.0,21.77
03/08/2023 14:00:00 - 03/08/2023 15:00:00,SCA|NO3,mFRR,Not Specified,Not Specified,MARGINAL,32.0,17.98
03/08/2023 15:00:00 - 03/08/2023 16:00:00,SCA|NO3,mFRR,Not Specified,Not Specified,MARGINAL,31.0,18.26
03/08/2023 16:00:00 - 03/08/2023 17:00:00,SCA|NO3,mFRR,Not Specified,Not Specified,MARGINAL,25.94,25.94
03/08/2023 17:00:00 - 03/08/2023 18:00:00,SCA|NO3,mFRR,Not Specified,Not Specified,MARGINAL,31.05,31.05
03/08/2023 18:00:00 - 03/08/2023 19:00:00,SCA|NO3,mFRR,Not Specified,Not Specified,MARGINAL,30.09,20.0
03/08/2023 19:00:00 - 03/08/2023 20:00:00,SCA|NO3,mFRR,Not Specified,Not Specified,MARGINAL,29.62,18.0
03/08/2023 20:00:00 - 03/08/2023 21:00:00,SCA|NO3,mFRR,Not Specified,Not Specified,MARGINAL,30.09,18.0
03/08/2023 21:00:00 - 03/08/2023 22:00:00,SCA|NO3,mFRR,Not Specified,Not Specified,MARGINAL,29.1,20.0
03/08/2023 22:00:00 - 03/08/2023 23:00:00,SCA|NO3,mFRR,Not Specified,Not Specified,MARGINAL,27.61,20.0
03/08/2023 23:00:00 - 04/08/2023 00:00:00,SCA|NO3,mFRR,Not Specified,Not Specified,MARGINAL,26.17,20.0
04/08/2023 00:00:00 - 04/08/2023 01:00:00,SCA|NO3,mFRR,Not Specified,Not Specified,MARGINAL,17.65,17.65
04/08/2023 01:00:00 - 04/08/2023 02:00:00,SCA|NO3,mFRR,Not Specified,Not Specified,MARGINAL,17.39,14.0
04/08/2023 02:00:00 - 04/08/2023 03:00:00,SCA|NO3,mFRR,Not Specified,Not Specified,MARGINAL,17.2,11.5
04/08/2023 03:00:00 - 04/08/2023 04:00:00,SCA|NO3,mFRR,Not Specified,Not Specified,MARGINAL,16.1,10.0
04/08/2023 04:00:00 - 04/08/2023 05:00:00,SCA|NO3,mFRR,Not Specified,Not Specified,MARGINAL,15.0,10.0
04/08/2023 05:00:00 - 04/08/2023 06:00:00,SCA|NO3,mFRR,Not Specified,Not Specified,MARGINAL,15.69,10.0
04/08/2023 06:00:00 - 04/08/2023 07:00:00,SCA|NO3,mFRR,Not Specified,Not Specified,MARGINAL,17.65,14.0
04/08/2023 07:00:00 - 04/08/2023 08:00:00,SCA|NO3,mFRR,Not Specified,Not Specified,MARGINAL,26.0,20.93
04/08/2023 08:00:00 - 04/08/2023 09:00:00,SCA|NO3,mFRR,Not Specified,Not Specified,MARGINAL,29.0,23.54
04/08/2023 09:00:00 - 04/08/2023 10:00:00,SCA|NO3,mFRR,Not Specified,Not Specified,MARGINAL,24.8,24.8
04/08/2023 10:00:00 - 04/08/2023 11:00:00,SCA|NO3,mFRR,Not Specified,Not Specified,MARGINAL,25.2,25.2
04/08/2023 11:00:00 - 04/08/2023 12:00:00,SCA|NO3,mFRR,Not Specified,Not Specified,MARGINAL,24.79,24.79
04/08/2023 12:00:00 - 04/08/2023 13:00:00,SCA|NO3,mFRR,Not Specified,Not Specified,MARGINAL,24.35,24.35
04/08/2023 13:00:00 - 04/08/2023 14:00:00,SCA|NO3,mFRR,Not Specified,Not Specified,MARGINAL,27.0,22.1
04/08/2023 14:00:00 - 04/08/2023 15:00:00,SCA|NO3,mFRR,Not Specified,Not Specified,MARGINAL,27.0,20.53
04/08/2023 15:00:00 - 04/08/2023 16:00:00,SCA|NO3,mFRR,Not Specified,Not Specified,MARGINAL,24.7,20.18
04/08/2023 16:00:00 - 04/08/2023 17:00:00,SCA|NO3,mFRR,Not Specified,Not Specified,MARGINAL,20.27,20.27
04/08/2023 17:00:00 - 04/08/2023 18:00:00,SCA|NO3,mFRR,Not Specified,Not Specified,MARGINAL,23.5,18.0
04/08/2023 18:00:00 - 04/08/2023 19:00:00,SCA|NO3,mFRR,Not Specified,Not Specified,MARGINAL,24.84,18.0
04/08/2023 19:00:00 - 04/08/2023 20:00:00,SCA|NO3,mFRR,Not Specified,Not Specified,MARGINAL,24.53,18.0
04/08/2023 20:00:00 - 04/08/2023 21:00:00,SCA|NO3,mFRR,Not Specified,Not Specified,MARGINAL,23.28,23.28
04/08/2023 21:00:00 - 04/08/2023 22:00:00,SCA|NO3,mFRR,Not Specified,Not Specified,MARGINAL,20.92,20.92
04/08/2023 22:00:00 - 04/08/2023 23:00:00,SCA|NO3,mFRR,Not Specified,Not Specified,MARGINAL,18.1,18.1
04/08/2023 23:00:00 - 05/08/2023 00:00:00,SCA|NO3,mFRR,Not Specified,Not Specified,MARGINAL,17.02,16.0
05/08/2023 00:00:00 - 05/08/2023 01:00:00,SCA|NO3,mFRR,Not Specified,Not Specified,MARGINAL,13.0,13.0
05/08/2023 01:00:00 - 05/08/2023 02:00:00,SCA|NO3,mFRR,Not Specified,Not Specified,MARGINAL,12.94,10.0
05/08/2023 02:00:00 - 05/08/2023 03:00:00,SCA|NO3,mFRR,Not Specified,Not Specified,MARGINAL,12.58,10.0
05/08/2023 03:00:00 - 05/08/2023 04:00:00,SCA|NO3,mFRR,Not Specified,Not Specified,MARGINAL,12.42,12.42
05/08/2023 04:00:00 - 05/08/2023 05:00:00,SCA|NO3,mFRR,Not Specified,Not Specified,MARGINAL,12.28,7.0
05/08/2023 05:00:00 - 05/08/2023 06:00:00,SCA|NO3,mFRR,Not Specified,Not Specified,MARGINAL,10.2,0.0
05/08/2023 06:00:00 - 05/08/2023 07:00:00,SCA|NO3,mFRR,Not Specified,Not Specified,MARGINAL,12.79,0.0
05/08/2023 07:00:00 - 05/08/2023 08:00:00,SCA|NO3,mFRR,Not Specified,Not Specified,MARGINAL,15.14,10.0
05/08/2023 08:00:00 - 05/08/2023 09:00:00,SCA|NO3,mFRR,Not Specified,Not Specified,MARGINAL,16.13,16.13
05/08/2023 09:00:00 - 05/08/2023 10:00:00,SCA|NO3,mFRR,Not Specified,Not Specified,MARGINAL,16.93,16.93
05/08/2023 10:00:00 - 05/08/2023 11:00:00,SCA|NO3,mFRR,Not Specified,Not Specified,MARGINAL,17.24,17.24
05/08/2023 11:00:00 - 05/08/2023 12:00:00,SCA|NO3,mFRR,Not Specified,Not Specified,MARGINAL,16.96,16.96
05/08/2023 12:00:00 - 05/08/2023 13:00:00,SCA|NO3,mFRR,Not Specified,Not Specified,MARGINAL,16.54,16.54
05/08/2023 13:00:00 - 05/08/2023 14:00:00,SCA|NO3,mFRR,Not Specified,Not Specified,MARGINAL,16.41,16.41
05/08/2023 14:00:00 - 05/08/2023 15:00:00,SCA|NO3,mFRR,Not Specified,Not Specified,MARGINAL,16.51,16.51
05/08/2023 15:00:00 - 05/08/2023 16:00:00,SCA|NO3,mFRR,Not Specified,Not Specified,MARGINAL,16.83,16.83
05/08/2023 16:00:00 - 05/08/2023 17:00:00,SCA|NO3,mFRR,Not Specified,Not Specified,MARGINAL,17.15,17.15
05/08/2023 17:00:00 - 05/08/2023 18:00:00,SCA|NO3,mFRR,Not Specified,Not Specified,MARGINAL,17.95,17.95
05/08/2023 18:00:00 - 05/08/2023 19:00:00,SCA|NO3,mFRR,Not Specified,Not Specified,MARGINAL,18.45,18.45
05/08/2023 19:00:00 - 05/08/2023 20:00:00,SCA|NO3,mFRR,Not Specified,Not Specified,MARGINAL,26.0,18.68
05/08/2023 20:00:00 - 05/08/2023 21:00:00,SCA|NO3,mFRR,Not Specified,Not Specified,MARGINAL,26.0,18.15
05/08/2023 21:00:00 - 05/08/2023 22:00:00,SCA|NO3,mFRR,Not Specified,Not Specified,MARGINAL,26.0,18.03
05/08/2023 22:00:00 - 05/08/2023 23:00:00,SCA|NO3,mFRR,Not Specified,Not Specified,MARGINAL,25.0,17.73
05/08/2023 23:00:00 - 06/08/2023 00:00:00,SCA|NO3,mFRR,Not Specified,Not Specified,MARGINAL,25.0,17.14
06/08/2023 00:00:00 - 06/08/2023 01:00:00,SCA|NO3,mFRR,Not Specified,Not Specified,MARGINAL,25.0,15.17
06/08/2023 01:00:00 - 06/08/2023 02:00:00,SCA|NO3,mFRR,Not Specified,Not Specified,MARGINAL,21.5,14.78
06/08/2023 02:00:00 - 06/08/2023 03:00:00,SCA|NO3,mFRR,Not Specified,Not Specified,MARGINAL,26.0,13.47
06/08/2023 03:00:00 - 06/08/2023 04:00:00,SCA|NO3,mFRR,Not Specified,Not Specified,MARGINAL,27.5,12.95
06/08/2023 04:00:00 - 06/08/2023 05:00:00,SCA|NO3,mFRR,Not Specified,Not Specified,MARGINAL,27.5,12.37
06/08/2023 05:00:00 - 06/08/2023 06:00:00,SCA|NO3,mFRR,Not Specified,Not Specified,MARGINAL,20.0,11.04
06/08/2023 06:00:00 - 06/08/2023 07:00:00,SCA|NO3,mFRR,Not Specified,Not Specified,MARGINAL,11.27,11.27
06/08/2023 07:00:00 - 06/08/2023 08:00:00,SCA|NO3,mFRR,Not Specified,Not Specified,MARGINAL,12.6,10.0
06/08/2023 08:00:00 - 06/08/2023 09:00:00,SCA|NO3,mFRR,Not Specified,Not Specified,MARGINAL,15.99,10.0
06/08/2023 09:00:00 - 06/08/2023 10:00:00,SCA|NO3,mFRR,Not Specified,Not Specified,MARGINAL,16.3,10.0
06/08/2023 10:00:00 - 06/08/2023 11:00:00,SCA|NO3,mFRR,Not Specified,Not Specified,MARGINAL,20.93,16.69
06/08/2023 11:00:00 - 06/08/2023 12:00:00,SCA|NO3,mFRR,Not Specified,Not Specified,MARGINAL,20.63,16.39
06/08/2023 12:00:00 - 06/08/2023 13:00:00,SCA|NO3,mFRR,Not Specified,Not Specified,MARGINAL,20.48,16.24
06/08/2023 13:00:00 - 06/08/2023 14:00:00,SCA|NO3,mFRR,Not Specified,Not Specified,MARGINAL,19.5,12.46
06/08/2023 14:00:00 - 06/08/2023 15:00:00,SCA|NO3,mFRR,Not Specified,Not Specified,MARGINAL,11.96,9.0
06/08/2023 15:00:00 - 06/08/2023 16:00:00,SCA|NO3,mFRR,Not Specified,Not Specified,MARGINAL,9.09,0.89
06/08/2023 16:00:00 - 06/08/2023 17:00:00,SCA|NO3,mFRR,Not Specified,Not Specified,MARGINAL,11.81,6.0
06/08/2023 17:00:00 - 06/08/2023 18:00:00,SCA|NO3,mFRR,Not Specified,Not Specified,MARGINAL,11.74,11.74
06/08/2023 18:00:00 - 06/08/2023 19:00:00,SCA|NO3,mFRR,Not Specified,Not Specified,MARGINAL,11.02,11.02
06/08/2023 19:00:00 - 06/08/2023 20:00:00,SCA|NO3,mFRR,Not Specified,Not Specified,MARGINAL,10.96,10.96
06/08/2023 20:00:00 - 06/08/2023 21:00:00,SCA|NO3,mFRR,Not Specified,Not Specified,MARGINAL,20.0,11.96
06/08/2023 21:00:00 - 06/08/2023 22:00:00,SCA|NO3,mFRR,Not Specified,Not Specified,MARGINAL,20.0,11.83
06/08/2023 22:00:00 - 06/08/2023 23:00:00,SCA|NO3,mFRR,Not Specified,Not Specified,MARGINAL,12.96,11.45
06/08/2023 23:00:00 - 07/08/2023 00:00:00,SCA|NO3,mFRR,Not Specified,Not Specified,MARGINAL,9.86,9.86
07/08/2023 00:00:00 - 07/08/2023 01:00:00,SCA|NO3,mFRR,Not Specified,Not Specified,MARGINAL,2.92,2.92
07/08/2023 01:00:00 - 07/08/2023 02:00:00,SCA|NO3,mFRR,Not Specified,Not Specified,MARGINAL,2.32,1.0
07/08/2023 02:00:00 - 07/08/2023 03:00:00,SCA|NO3,mFRR,Not Specified,Not Specified,MARGINAL,1.64,-5.0
07/08/2023 03:00:00 - 07/08/2023 04:00:00,SCA|NO3,mFRR,Not Specified,Not Specified,MARGINAL,0.98,-9.0
07/08/2023 04:00:00 - 07/08/2023 05:00:00,SCA|NO3,mFRR,Not Specified,Not Specified,MARGINAL,0.5,-9.0
07/08/2023 05:00:00 - 07/08/2023 06:00:00,SCA|NO3,mFRR,Not Specified,Not Specified,MARGINAL,0.1,-8.05
07/08/2023 06:00:00 - 07/08/2023 07:00:00,SCA|NO3,mFRR,Not Specified,Not Specified,MARGINAL,0.38,-3.0
07/08/2023 07:00:00 - 07/08/2023 08:00:00,SCA|NO3,mFRR,Not Specified,Not Specified,MARGINAL,2.3,2.3
07/08/2023 08:00:00 - 07/08/2023 09:00:00,SCA|NO3,mFRR,Not Specified,Not Specified,MARGINAL,15.0,4.4
07/08/2023 09:00:00 - 07/08/2023 10:00:00,SCA|NO3,mFRR,Not Specified,Not Specified,MARGINAL,10.0,4.96
07/08/2023 10:00:00 - 07/08/2023 11:00:00,SCA|NO3,mFRR,Not Specified,Not Specified,MARGINAL,10.0,4.07
07/08/2023 11:00:00 - 07/08/2023 12:00:00,SCA|NO3,mFRR,Not Specified,Not Specified,MARGINAL,15.0,1.0
07/08/2023 12:00:00 - 07/08/2023 13:00:00,SCA|NO3,mFRR,Not Specified,Not Specified,MARGINAL,25.0,0.06
07/08/2023 13:00:00 - 07/08/2023 14:00:00,SCA|NO3,mFRR,Not Specified,Not Specified,MARGINAL,20.0,0.0
07/08/2023 14:00:00 - 07/08/2023 15:00:00,SCA|NO3,mFRR,Not Specified,Not Specified,MARGINAL,20.0,-0.01
07/08/2023 15:00:00 - 07/08/2023 16:00:00,SCA|NO3,mFRR,Not Specified,Not Specified,MARGINAL,12.0,-0.01
07/08/2023 16:00:00 - 07/08/2023 17:00:00,SCA|NO3,mFRR,Not Specified,Not Specified,MARGINAL,20.0,-0.17
07/08/2023 17:00:00 - 07/08/2023 18:00:00,SCA|NO3,mFRR,Not Specified,Not Specified,MARGINAL,25.0,-0.04
07/08/2023 18:00:00 - 07/08/2023 19:00:00,SCA|NO3,mFRR,Not Specified,Not Specified,MARGINAL,30.0,0.78
07/08/2023 19:00:00 - 07/08/2023 20:00:00,SCA|NO3,mFRR,Not Specified,Not Specified,MARGINAL,29.5,2.93
07/08/2023 20:00:00 - 07/08/2023 21:00:00,SCA|NO3,mFRR,Not Specified,Not Specified,MARGINAL,25.0,1.41
07/08/2023 21:00:00 - 07/08/2023 22:00:00,SCA|NO3,mFRR,Not Specified,Not Specified,MARGINAL,20.0,0.71
07/08/2023 22:00:00 - 07/08/2023 23:00:00,SCA|NO3,mFRR,Not Specified,Not Specified,MARGINAL,15.0,0.01
07/08/2023 23:00:00 - 08/08/2023 00:00:00,SCA|NO3,mFRR,Not Specified,Not Specified,MARGINAL,-0.07,-5.5
08/08/2023 00:00:00 - 08/08/2023 01:00:00,SCA|NO3,mFRR,Not Specified,Not Specified,MARGINAL,4.7,-8.4
08/08/2023 01:00:00 - 08/08/2023 02:00:00,SCA|NO3,mFRR,Not Specified,Not Specified,MARGINAL,10.0,-5.01
08/08/2023 02:00:00 - 08/08/2023 03:00:00,SCA|NO3,mFRR,Not Specified,Not Specified,MARGINAL,10.0,-5.04
08/08/2023 03:00:00 - 08/08/2023 04:00:00,SCA|NO3,mFRR,Not Specified,Not Specified,MARGINAL,5.0,-5.07
08/08/2023 04:00:00 - 08/08/2023 05:00:00,SCA|NO3,mFRR,Not Specified,Not Specified,MARGINAL,5.0,-4.47
08/08/2023 05:00:00 - 08/08/2023 06:00:00,SCA|NO3,mFRR,Not Specified,Not Specified,MARGINAL,5.0,-3.44
08/08/2023 06:00:00 - 08/08/2023 07:00:00,SCA|NO3,mFRR,Not Specified,Not Specified,MARGINAL,7.2,-1.69
08/08/2023 07:00:00 - 08/08/2023 08:00:00,SCA|NO3,mFRR,Not Specified,Not Specified,MARGINAL,10.0,-0.13
08/08/2023 08:00:00 - 08/08/2023 09:00:00,SCA|NO3,mFRR,Not Specified,Not Specified,MARGINAL,15.66,-0.58
08/08/2023 09:00:00 - 08/08/2023 10:00:00,SCA|NO3,mFRR,Not Specified,Not Specified,MARGINAL,19.5,-2.63
08/08/2023 10:00:00 - 08/08/2023 11:00:00,SCA|NO3,mFRR,Not Specified,Not Specified,MARGINAL,19.5,-4.68
08/08/2023 11:00:00 - 08/08/2023 12:00:00,SCA|NO3,mFRR,Not Specified,Not Specified,MARGINAL,12.0,-4.73
08/08/2023 12:00:00 - 08/08/2023 13:00:00,SCA|NO3,mFRR,Not Specified,Not Specified,MARGINAL,7.0,-4.89
08/08/2023 13:00:00 - 08/08/2023 14:00:00,SCA|NO3,mFRR,Not Specified,Not Specified,MARGINAL,-5.0,-5.0
08/08/2023 14:00:00 - 08/08/2023 15:00:00,SCA|NO3,mFRR,Not Specified,Not Specified,MARGINAL,-5.05,-5.05
08/08/2023 15:00:00 - 08/08/2023 16:00:00,SCA|NO3,mFRR,Not Specified,Not Specified,MARGINAL,-5.07,-5.07
08/08/2023 16:00:00 - 08/08/2023 17:00:00,SCA|NO3,mFRR,Not Specified,Not Specified,MARGINAL,4.0,-5.45
08/08/2023 17:00:00 - 08/08/2023 18:00:00,SCA|NO3,mFRR,Not Specified,Not Specified,MARGINAL,5.0,-2.68
08/08/2023 18:00:00 - 08/08/2023 19:00:00,SCA|NO3,mFRR,Not Specified,Not Specified,MARGINAL,-2.07,-2.07
08/08/2023 19:00:00 - 08/08/2023 20:00:00,SCA|NO3,mFRR,Not Specified,Not Specified,MARGINAL,-2.1,-2.1
08/08/2023 20:00:00 - 08/08/2023 21:00:00,SCA|NO3,mFRR,Not Specified,Not Specified,MARGINAL,-2.49,-2.49
08/08/2023 21:00:00 - 08/08/2023 22:00:00,SCA|NO3,mFRR,Not Specified,Not Specified,MARGINAL,-3.02,-3.02
08/08/2023 22:00:00 - 08/08/2023 23:00:00,SCA|NO3,mFRR,Not Specified,Not Specified,MARGINAL,-4.24,-4.24
08/08/2023 23:00:00 - 09/08/2023 00:00:00,SCA|NO3,mFRR,Not Specified,Not Specified,MARGINAL,-5.05,-5.05
09/08/2023 00:00:00 - 09/08/2023 01:00:00,SCA|NO3,mFRR,Not Specified,Not Specified,MARGINAL,-5.35,-5.35
09/08/2023 01:00:00 - 09/08/2023 02:00:00,SCA|NO3,mFRR,Not Specified,Not Specified,MARGINAL,-5.39,-5.39
09/08/2023 02:00:00 - 09/08/2023 03:00:00,SCA|NO3,mFRR,Not Specified,Not Specified,MARGINAL,-6.09,-6.09
09/08/2023 03:00:00 - 09/08/2023 04:00:00,SCA|NO3,mFRR,Not Specified,Not Specified,MARGINAL,4.16,-6.15
09/08/2023 04:00:00 - 09/08/2023 05:00:00,SCA|NO3,mFRR,Not Specified,Not Specified,MARGINAL,4.16,-5.21
09/08/2023 05:00:00 - 09/08/2023 06:00:00,SCA|NO3,mFRR,Not Specified,Not Specified,MARGINAL,7.0,-4.37
09/08/2023 06:00:00 - 09/08/2023 07:00:00,SCA|NO3,mFRR,Not Specified,Not Specified,MARGINAL,6.0,-2.0
09/08/2023 07:00:00 - 09/08/2023 08:00:00,SCA|NO3,mFRR,Not Specified,Not Specified,MARGINAL,0.03,0.03
09/08/2023 08:00:00 - 09/08/2023 09:00:00,SCA|NO3,mFRR,Not Specified,Not Specified,MARGINAL,1.58,1.58
09/08/2023 09:00:00 - 09/08/2023 10:00:00,SCA|NO3,mFRR,Not Specified,Not Specified,MARGINAL,2.17,-1.0
09/08/2023 10:00:00 - 09/08/2023 11:00:00,SCA|NO3,mFRR,Not Specified,Not Specified,MARGINAL,1.39,-1.0
09/08/2023 11:00:00 - 09/08/2023 12:00:00,SCA|NO3,mFRR,Not Specified,Not Specified,MARGINAL,1.48,-1.0
09/08/2023 12:00:00 - 09/08/2023 13:00:00,SCA|NO3,mFRR,Not Specified,Not Specified,MARGINAL,0.94,-1.0
09/08/2023 13:00:00 - 09/08/2023 14:00:00,SCA|NO3,mFRR,Not Specified,Not Specified,MARGINAL,1.34,1.34
09/08/2023 14:00:00 - 09/08/2023 15:00:00,SCA|NO3,mFRR,Not Specified,Not Specified,MARGINAL,2.61,2.61
09/08/2023 15:00:00 - 09/08/2023 16:00:00,SCA|NO3,mFRR,Not Specified,Not Specified,MARGINAL,2.21,2.21
09/08/2023 16:00:00 - 09/08/2023 17:00:00,SCA|NO3,mFRR,Not Specified,Not Specified,MARGINAL,4.07,4.07
09/08/2023 17:00:00 - 09/08/2023 18:00:00,SCA|NO3,mFRR,Not Specified,Not Specified,MARGINAL,7.29,7.29
09/08/2023 18:00:00 - 09/08/2023 19:00:00,SCA|NO3,mFRR,Not Specified,Not Specified,MARGINAL,9.76,-4.0
09/08/2023 19:00:00 - 09/08/2023 20:00:00,SCA|NO3,mFRR,Not Specified,Not Specified,MARGINAL,9.94,-4.0
09/08/2023 20:00:00 - 09/08/2023 21:00:00,SCA|NO3,mFRR,Not Specified,Not Specified,MARGINAL,10.06,0.0
09/08/2023 21:00:00 - 09/08/2023 22:00:00,SCA|NO3,mFRR,Not Specified,Not Specified,MARGINAL,15.0,10.86
09/08/2023 22:00:00 - 09/08/2023 23:00:00,SCA|NO3,mFRR,Not Specified,Not Specified,MARGINAL,15.0,9.64
09/08/2023 23:00:00 - 10/08/2023 00:00:00,SCA|NO3,mFRR,Not Specified,Not Specified,MARGINAL,15.0,6.42
10/08/2023 00:00:00 - 10/08/2023 01:00:00,SCA|NO3,mFRR,Not Specified,Not Specified,MARGINAL,23.5,6.1
10/08/2023 01:00:00 - 10/08/2023 02:00:00,SCA|NO3,mFRR,Not Specified,Not Specified,MARGINAL,25.0,6.08
10/08/2023 02:00:00 - 10/08/2023 03:00:00,SCA|NO3,mFRR,Not Specified,Not Specified,MARGINAL,25.8,5.8
10/08/2023 03:00:00 - 10/08/2023 04:00:00,SCA|NO3,mFRR,Not Specified,Not Specified,MARGINAL,25.43,5.43
10/08/2023 04:00:00 - 10/08/2023 05:00:00,SCA|NO3,mFRR,Not Specified,Not Specified,MARGINAL,23.5,6.04
10/08/2023 05:00:00 - 10/08/2023 06:00:00,SCA|NO3,mFRR,Not Specified,Not Specified,MARGINAL,22.5,7.96
10/08/2023 06:00:00 - 10/08/2023 07:00:00,SCA|NO3,mFRR,Not Specified,Not Specified,MARGINAL,30.0,13.33
10/08/2023 07:00:00 - 10/08/2023 08:00:00,SCA|NO3,mFRR,Not Specified,Not Specified,MARGINAL,32.0,17.23
10/08/2023 08:00:00 - 10/08/2023 09:00:00,SCA|NO3,mFRR,Not Specified,Not Specified,MARGINAL,17.85,17.85
10/08/2023 09:00:00 - 10/08/2023 10:00:00,SCA|NO3,mFRR,Not Specified,Not Specified,MARGINAL,18.09,18.09
10/08/2023 10:00:00 - 10/08/2023 11:00:00,SCA|NO3,mFRR,Not Specified,Not Specified,MARGINAL,18.25,18.25
10/08/2023 11:00:00 - 10/08/2023 12:00:00,SCA|NO3,mFRR,Not Specified,Not Specified,MARGINAL,18.33,18.33
10/08/2023 12:00:00 - 10/08/2023 13:00:00,SCA|NO3,mFRR,Not Specified,Not Specified,MARGINAL,18.25,18.25
10/08/2023 13:00:00 - 10/08/2023 14:00:00,SCA|NO3,mFRR,Not Specified,Not Specified,MARGINAL,18.01,18.01
10/08/2023 14:00:00 - 10/08/2023 15:00:00,SCA|NO3,mFRR,Not Specified,Not Specified,MARGINAL,16.82,16.82
10/08/2023 15:00:00 - 10/08/2023 16:00:00,SCA|NO3,mFRR,Not Specified,Not Specified,MARGINAL,16.94,0.06
10/08/2023 16:00:00 - 10/08/2023 17:00:00,SCA|NO3,mFRR,Not Specified,Not Specified,MARGINAL,17.62,0.5
10/08/2023 17:00:00 - 10/08/2023 18:00:00,SCA|NO3,mFRR,Not Specified,Not Specified,MARGINAL,18.27,12.5
10/08/2023 18:00:00 - 10/08/2023 19:00:00,SCA|NO3,mFRR,Not Specified,Not Specified,MARGINAL,18.48,12.5
10/08/2023 19:00:00 - 10/08/2023 20:00:00,SCA|NO3,mFRR,Not Specified,Not Specified,MARGINAL,18.32,16.5
10/08/2023 20:00:00 - 10/08/2023 21:00:00,SCA|NO3,mFRR,Not Specified,Not Specified,MARGINAL,17.97,12.8
10/08/2023 21:00:00 - 10/08/2023 22:00:00,SCA|NO3,mFRR,Not Specified,Not Specified,MARGINAL,16.96,16.96
10/08/2023 22:00:00 - 10/08/2023 23:00:00,SCA|NO3,mFRR,Not Specified,Not Specified,MARGINAL,14.0,14.0
10/08/2023 23:00:00 - 11/08/2023 00:00:00,SCA|NO3,mFRR,Not Specified,Not Specified,MARGINAL,14.96,9.96
11/08/2023 00:00:00 - 11/08/2023 01:00:00,SCA|NO3,mFRR,Not Specified,Not Specified,MARGINAL,13.71,13.71
11/08/2023 01:00:00 - 11/08/2023 02:00:00,SCA|NO3,mFRR,Not Specified,Not Specified,MARGINAL,13.28,13.28
11/08/2023 02:00:00 - 11/08/2023 03:00:00,SCA|NO3,mFRR,Not Specified,Not Specified,MARGINAL,11.48,11.48
11/08/2023 03:00:00 - 11/08/2023 04:00:00,SCA|NO3,mFRR,Not Specified,Not Specified,MARGINAL,10.62,10.62
11/08/2023 04:00:00 - 11/08/2023 05:00:00,SCA|NO3,mFRR,Not Specified,Not Specified,MARGINAL,11.21,11.21
11/08/2023 05:00:00 - 11/08/2023 06:00:00,SCA|NO3,mFRR,Not Specified,Not Specified,MARGINAL,13.38,13.38
11/08/2023 06:00:00 - 11/08/2023 07:00:00,SCA|NO3,mFRR,Not Specified,Not Specified,MARGINAL,17.21,17.21
11/08/2023 07:00:00 - 11/08/2023 08:00:00,SCA|NO3,mFRR,Not Specified,Not Specified,MARGINAL,19.56,19.56
11/08/2023 08:00:00 - 11/08/2023 09:00:00,SCA|NO3,mFRR,Not Specified,Not Specified,MARGINAL,22.83,22.83
11/08/2023 09:00:00 - 11/08/2023 10:00:00,SCA|NO3,mFRR,Not Specified,Not Specified,MARGINAL,23.57,13.0
11/08/2023 10:00:00 - 11/08/2023 11:00:00,SCA|NO3,mFRR,Not Specified,Not Specified,MARGINAL,21.4,10.0
11/08/2023 11:00:00 - 11/08/2023 12:00:00,SCA|NO3,mFRR,Not Specified,Not Specified,MARGINAL,18.95,10.0
11/08/2023 12:00:00 - 11/08/2023 13:00:00,SCA|NO3,mFRR,Not Specified,Not Specified,MARGINAL,18.92,10.0
11/08/2023 13:00:00 - 11/08/2023 14:00:00,SCA|NO3,mFRR,Not Specified,Not Specified,MARGINAL,17.87,-6.0
11/08/2023 14:00:00 - 11/08/2023 15:00:00,SCA|NO3,mFRR,Not Specified,Not Specified,MARGINAL,18.54,-6.0
11/08/2023 15:00:00 - 11/08/2023 16:00:00,SCA|NO3,mFRR,Not Specified,Not Specified,MARGINAL,18.61,-4.5
11/08/2023 16:00:00 - 11/08/2023 17:00:00,SCA|NO3,mFRR,Not Specified,Not Specified,MARGINAL,19.01,0.0
11/08/2023 17:00:00 - 11/08/2023 18:00:00,SCA|NO3,mFRR,Not Specified,Not Specified,MARGINAL,19.91,5.0
11/08/2023 18:00:00 - 11/08/2023 19:00:00,SCA|NO3,mFRR,Not Specified,Not Specified,MARGINAL,22.77,16.5
11/08/2023 19:00:00 - 11/08/2023 20:00:00,SCA|NO3,mFRR,Not Specified,Not Specified,MARGINAL,21.82,16.5
11/08/2023 20:00:00 - 11/08/2023 21:00:00,SCA|NO3,mFRR,Not Specified,Not Specified,MARGINAL,19.56,14.09
11/08/2023 21:00:00 - 11/08/2023 22:00:00,SCA|NO3,mFRR,Not Specified,Not Specified,MARGINAL,18.3,10.0
11/08/2023 22:00:00 - 11/08/2023 23:00:00,SCA|NO3,mFRR,Not Specified,Not Specified,MARGINAL,16.74,10.0
11/08/2023 23:00:00 - 12/08/2023 00:00:00,SCA|NO3,mFRR,Not Specified,Not Specified,MARGINAL,14.08,14.08
12/08/2023 00:00:00 - 12/08/2023 01:00:00,SCA|NO3,mFRR,Not Specified,Not Specified,MARGINAL,21.0,13.28
12/08/2023 01:00:00 - 12/08/2023 02:00:00,SCA|NO3,mFRR,Not Specified,Not Specified,MARGINAL,21.0,11.44
12/08/2023 02:00:00 - 12/08/2023 03:00:00,SCA|NO3,mFRR,Not Specified,Not Specified,MARGINAL,14.17,0.0
12/08/2023 03:00:00 - 12/08/2023 04:00:00,SCA|NO3,mFRR,Not Specified,Not Specified,MARGINAL,8.63,-2.0
12/08/2023 04:00:00 - 12/08/2023 05:00:00,SCA|NO3,mFRR,Not Specified,Not Specified,MARGINAL,7.48,-2.0
12/08/2023 05:00:00 - 12/08/2023 06:00:00,SCA|NO3,mFRR,Not Specified,Not Specified,MARGINAL,5.0,2.0
12/08/2023 06:00:00 - 12/08/2023 07:00:00,SCA|NO3,mFRR,Not Specified,Not Specified,MARGINAL,5.34,0.0
12/08/2023 07:00:00 - 12/08/2023 08:00:00,SCA|NO3,mFRR,Not Specified,Not Specified,MARGINAL,8.05,0.0
12/08/2023 08:00:00 - 12/08/2023 09:00:00,SCA|NO3,mFRR,Not Specified,Not Specified,MARGINAL,10.54,4.0
12/08/2023 09:00:00 - 12/08/2023 10:00:00,SCA|NO3,mFRR,Not Specified,Not Specified,MARGINAL,12.85,6.0
12/08/2023 10:00:00 - 12/08/2023 11:00:00,SCA|NO3,mFRR,Not Specified,Not Specified,MARGINAL,13.48,5.48
12/08/2023 11:00:00 - 12/08/2023 12:00:00,SCA|NO3,mFRR,Not Specified,Not Specified,MARGINAL,11.93,6.0
12/08/2023 12:00:00 - 12/08/2023 13:00:00,SCA|NO3,mFRR,Not Specified,Not Specified,MARGINAL,10.89,6.0
12/08/2023 13:00:00 - 12/08/2023 14:00:00,SCA|NO3,mFRR,Not Specified,Not Specified,MARGINAL,10.11,10.11
12/08/2023 14:00:00 - 12/08/2023 15:00:00,SCA|NO3,mFRR,Not Specified,Not Specified,MARGINAL,6.0,6.0
12/08/2023 15:00:00 - 12/08/2023 16:00:00,SCA|NO3,mFRR,Not Specified,Not Specified,MARGINAL,12.0,6.92
12/08/2023 16:00:00 - 12/08/2023 17:00:00,SCA|NO3,mFRR,Not Specified,Not Specified,MARGINAL,20.0,15.27
12/08/2023 17:00:00 - 12/08/2023 18:00:00,SCA|NO3,mFRR,Not Specified,Not Specified,MARGINAL,17.42,17.42
12/08/2023 18:00:00 - 12/08/2023 19:00:00,SCA|NO3,mFRR,Not Specified,Not Specified,MARGINAL,17.94,17.94
12/08/2023 19:00:00 - 12/08/2023 20:00:00,SCA|NO3,mFRR,Not Specified,Not Specified,MARGINAL,17.88,13.5
12/08/2023 20:00:00 - 12/08/2023 21:00:00,SCA|NO3,mFRR,Not Specified,Not Specified,MARGINAL,17.09,4.5
12/08/2023 21:00:00 - 12/08/2023 22:00:00,SCA|NO3,mFRR,Not Specified,Not Specified,MARGINAL,16.1,2.5
12/08/2023 22:00:00 - 12/08/2023 23:00:00,SCA|NO3,mFRR,Not Specified,Not Specified,MARGINAL,14.68,0.5
12/08/2023 23:00:00 - 13/08/2023 00:00:00,SCA|NO3,mFRR,Not Specified,Not Specified,MARGINAL,13.32,0.0
13/08/2023 00:00:00 - 13/08/2023 01:00:00,SCA|NO3,mFRR,Not Specified,Not Specified,MARGINAL,10.15,0.0
13/08/2023 01:00:00 - 13/08/2023 02:00:00,SCA|NO3,mFRR,Not Specified,Not Specified,MARGINAL,10.58,2.0
13/08/2023 02:00:00 - 13/08/2023 03:00:00,SCA|NO3,mFRR,Not Specified,Not Specified,MARGINAL,10.71,10.71
13/08/2023 03:00:00 - 13/08/2023 04:00:00,SCA|NO3,mFRR,Not Specified,Not Specified,MARGINAL,17.41,11.24
13/08/2023 04:00:00 - 13/08/2023 05:00:00,SCA|NO3,mFRR,Not Specified,Not Specified,MARGINAL,18.0,11.81
13/08/2023 05:00:00 - 13/08/2023 06:00:00,SCA|NO3,mFRR,Not Specified,Not Specified,MARGINAL,9.3,9.3
13/08/2023 06:00:00 - 13/08/2023 07:00:00,SCA|NO3,mFRR,Not Specified,Not Specified,MARGINAL,10.49,10.49
13/08/2023 07:00:00 - 13/08/2023 08:00:00,SCA|NO3,mFRR,Not Specified,Not Specified,MARGINAL,13.24,13.24
13/08/2023 08:00:00 - 13/08/2023 09:00:00,SCA|NO3,mFRR,Not Specified,Not Specified,MARGINAL,15.89,15.89
13/08/2023 09:00:00 - 13/08/2023 10:00:00,SCA|NO3,mFRR,Not Specified,Not Specified,MARGINAL,17.01,17.01
13/08/2023 10:00:00 - 13/08/2023 11:00:00,SCA|NO3,mFRR,Not Specified,Not Specified,MARGINAL,15.8,15.8
13/08/2023 11:00:00 - 13/08/2023 12:00:00,SCA|NO3,mFRR,Not Specified,Not Specified,MARGINAL,13.79,6.0
13/08/2023 12:00:00 - 13/08/2023 13:00:00,SCA|NO3,mFRR,Not Specified,Not Specified,MARGINAL,6.01,1.0
13/08/2023 13:00:00 - 13/08/2023 14:00:00,SCA|NO3,mFRR,Not Specified,Not Specified,MARGINAL,14.0,4.2
13/08/2023 14:00:00 - 13/08/2023 15:00:00,SCA|NO3,mFRR,Not Specified,Not Specified,MARGINAL,14.0,3.87
13/08/2023 15:00:00 - 13/08/2023 16:00:00,SCA|NO3,mFRR,Not Specified,Not Specified,MARGINAL,6.92,6.92
13/08/2023 16:00:00 - 13/08/2023 17:00:00,SCA|NO3,mFRR,Not Specified,Not Specified,MARGINAL,17.28,17.28
13/08/2023 17:00:00 - 13/08/2023 18:00:00,SCA|NO3,mFRR,Not Specified,Not Specified,MARGINAL,23.1,19.3
13/08/2023 18:00:00 - 13/08/2023 19:00:00,SCA|NO3,mFRR,Not Specified,Not Specified,MARGINAL,27.41,19.47
13/08/2023 19:00:00 - 13/08/2023 20:00:00,SCA|NO3,mFRR,Not Specified,Not Specified,MARGINAL,25.95,19.49
13/08/2023 20:00:00 - 13/08/2023 21:00:00,SCA|NO3,mFRR,Not Specified,Not Specified,MARGINAL,25.7,18.66
13/08/2023 21:00:00 - 13/08/2023 22:00:00,SCA|NO3,mFRR,Not Specified,Not Specified,MARGINAL,21.25,18.18
13/08/2023 22:00:00 - 13/08/2023 23:00:00,SCA|NO3,mFRR,Not Specified,Not Specified,MARGINAL,20.26,17.19
13/08/2023 23:00:00 - 14/08/2023 00:00:00,SCA|NO3,mFRR,Not Specified,Not Specified,MARGINAL,14.16,14.16
14/08/2023 00:00:00 - 14/08/2023 01:00:00,SCA|NO3,mFRR,Not Specified,Not Specified,MARGINAL,15.47,8.5
14/08/2023 01:00:00 - 14/08/2023 02:00:00,SCA|NO3,mFRR,Not Specified,Not Specified,MARGINAL,14.6,8.5
14/08/2023 02:00:00 - 14/08/2023 03:00:00,SCA|NO3,mFRR,Not Specified,Not Specified,MARGINAL,14.24,8.0
14/08/2023 03:00:00 - 14/08/2023 04:00:00,SCA|NO3,mFRR,Not Specified,Not Specified,MARGINAL,14.17,8.0
14/08/2023 04:00:00 - 14/08/2023 05:00:00,SCA|NO3,mFRR,Not Specified,Not Specified,MARGINAL,14.56,8.0
14/08/2023 05:00:00 - 14/08/2023 06:00:00,SCA|NO3,mFRR,Not Specified,Not Specified,MARGINAL,16.08,8.0
14/08/2023 06:00:00 - 14/08/2023 07:00:00,SCA|NO3,mFRR,Not Specified,Not Specified,MARGINAL,18.26,12.0
14/08/2023 07:00:00 - 14/08/2023 08:00:00,SCA|NO3,mFRR,Not Specified,Not Specified,MARGINAL,21.89,14.5
14/08/2023 08:00:00 - 14/08/2023 09:00:00,SCA|NO3,mFRR,Not Specified,Not Specified,MARGINAL,27.88,15.5
14/08/2023 09:00:00 - 14/08/2023 10:00:00,SCA|NO3,mFRR,Not Specified,Not Specified,MARGINAL,25.85,16.0
14/08/2023 10:00:00 - 14/08/2023 11:00:00,SCA|NO3,mFRR,Not Specified,Not Specified,MARGINAL,24.67,16.0
14/08/2023 11:00:00 - 14/08/2023 12:00:00,SCA|NO3,mFRR,Not Specified,Not Specified,MARGINAL,24.39,16.0
14/08/2023 12:00:00 - 14/08/2023 13:00:00,SCA|NO3,mFRR,Not Specified,Not Specified,MARGINAL,24.17,15.5
14/08/2023 13:00:00 - 14/08/2023 14:00:00,SCA|NO3,mFRR,Not Specified,Not Specified,MARGINAL,23.09,15.5
14/08/2023 14:00:00 - 14/08/2023 15:00:00,SCA|NO3,mFRR,Not Specified,Not Specified,MARGINAL,22.4,15.0
14/08/2023 15:00:00 - 14/08/2023 16:00:00,SCA|NO3,mFRR,Not Specified,Not Specified,MARGINAL,25.22,15.0
14/08/2023 16:00:00 - 14/08/2023 17:00:00,SCA|NO3,mFRR,Not Specified,Not Specified,MARGINAL,27.23,22.97
14/08/2023 17:00:00 - 14/08/2023 18:00:00,SCA|NO3,mFRR,Not Specified,Not Specified,MARGINAL,24.41,24.41
14/08/2023 18:00:00 - 14/08/2023 19:00:00,SCA|NO3,mFRR,Not Specified,Not Specified,MARGINAL,27.87,24.85
14/08/2023 19:00:00 - 14/08/2023 20:00:00,SCA|NO3,mFRR,Not Specified,Not Specified,MARGINAL,27.83,24.67
14/08/2023 20:00:00 - 14/08/2023 21:00:00,SCA|NO3,mFRR,Not Specified,Not Specified,MARGINAL,24.58,16.0
14/08/2023 21:00:00 - 14/08/2023 22:00:00,SCA|NO3,mFRR,Not Specified,Not Specified,MARGINAL,22.0,16.0
14/08/2023 22:00:00 - 14/08/2023 23:00:00,SCA|NO3,mFRR,Not Specified,Not Specified,MARGINAL,18.34,9.0
14/08/2023 23:00:00 - 15/08/2023 00:00:00,SCA|NO3,mFRR,Not Specified,Not Specified,MARGINAL,16.4,9.0
15/08/2023 00:00:00 - 15/08/2023 01:00:00,SCA|NO3,mFRR,Not Specified,Not Specified,MARGINAL,17.04,10.5
15/08/2023 01:00:00 - 15/08/2023 02:00:00,SCA|NO3,mFRR,Not Specified,Not Specified,MARGINAL,16.0,11.0
15/08/2023 02:00:00 - 15/08/2023 03:00:00,SCA|NO3,mFRR,Not Specified,Not Specified,MARGINAL,14.89,11.0
15/08/2023 03:00:00 - 15/08/2023 04:00:00,SCA|NO3,mFRR,Not Specified,Not Specified,MARGINAL,15.18,11.0
15/08/2023 04:00:00 - 15/08/2023 05:00:00,SCA|NO3,mFRR,Not Specified,Not Specified,MARGINAL,15.31,11.0
15/08/2023 05:00:00 - 15/08/2023 06:00:00,SCA|NO3,mFRR,Not Specified,Not Specified,MARGINAL,17.35,17.35
15/08/2023 06:00:00 - 15/08/2023 07:00:00,SCA|NO3,mFRR,Not Specified,Not Specified,MARGINAL,19.17,19.17
15/08/2023 07:00:00 - 15/08/2023 08:00:00,SCA|NO3,mFRR,Not Specified,Not Specified,MARGINAL,22.86,22.86
15/08/2023 08:00:00 - 15/08/2023 09:00:00,SCA|NO3,mFRR,Not Specified,Not Specified,MARGINAL,26.26,14.0
15/08/2023 09:00:00 - 15/08/2023 10:00:00,SCA|NO3,mFRR,Not Specified,Not Specified,MARGINAL,27.94,13.0
15/08/2023 10:00:00 - 15/08/2023 11:00:00,SCA|NO3,mFRR,Not Specified,Not Specified,MARGINAL,25.97,13.0
15/08/2023 11:00:00 - 15/08/2023 12:00:00,SCA|NO3,mFRR,Not Specified,Not Specified,MARGINAL,24.59,13.0
15/08/2023 12:00:00 - 15/08/2023 13:00:00,SCA|NO3,mFRR,Not Specified,Not Specified,MARGINAL,23.85,13.0
15/08/2023 13:00:00 - 15/08/2023 14:00:00,SCA|NO3,mFRR,Not Specified,Not Specified,MARGINAL,22.89,13.0
15/08/2023 14:00:00 - 15/08/2023 15:00:00,SCA|NO3,mFRR,Not Specified,Not Specified,MARGINAL,22.98,14.5
15/08/2023 15:00:00 - 15/08/2023 16:00:00,SCA|NO3,mFRR,Not Specified,Not Specified,MARGINAL,23.16,14.5
15/08/2023 16:00:00 - 15/08/2023 17:00:00,SCA|NO3,mFRR,Not Specified,Not Specified,MARGINAL,24.35,14.0
15/08/2023 17:00:00 - 15/08/2023 18:00:00,SCA|NO3,mFRR,Not Specified,Not Specified,MARGINAL,24.9,15.0
15/08/2023 18:00:00 - 15/08/2023 19:00:00,SCA|NO3,mFRR,Not Specified,Not Specified,MARGINAL,23.98,23.98
15/08/2023 19:00:00 - 15/08/2023 20:00:00,SCA|NO3,mFRR,Not Specified,Not Specified,MARGINAL,22.86,13.5
15/08/2023 20:00:00 - 15/08/2023 21:00:00,SCA|NO3,mFRR,Not Specified,Not Specified,MARGINAL,22.95,13.5
15/08/2023 21:00:00 - 15/08/2023 22:00:00,SCA|NO3,mFRR,Not Specified,Not Specified,MARGINAL,21.98,13.5
15/08/2023 22:00:00 - 15/08/2023 23:00:00,SCA|NO3,mFRR,Not Specified,Not Specified,MARGINAL,18.99,8.5
15/08/2023 23:00:00 - 16/08/2023 00:00:00,SCA|NO3,mFRR,Not Specified,Not Specified,MARGINAL,17.56,5.41
16/08/2023 00:00:00 - 16/08/2023 01:00:00,SCA|NO3,mFRR,Not Specified,Not Specified,MARGINAL,15.24,1.5
16/08/2023 01:00:00 - 16/08/2023 02:00:00,SCA|NO3,mFRR,Not Specified,Not Specified,MARGINAL,15.0,0.0
16/08/2023 02:00:00 - 16/08/2023 03:00:00,SCA|NO3,mFRR,Not Specified,Not Specified,MARGINAL,13.78,0.0
16/08/2023 03:00:00 - 16/08/2023 04:00:00,SCA|NO3,mFRR,Not Specified,Not Specified,MARGINAL,13.57,0.0
16/08/2023 04:00:00 - 16/08/2023 05:00:00,SCA|NO3,mFRR,Not Specified,Not Specified,MARGINAL,13.3,0.0
16/08/2023 05:00:00 - 16/08/2023 06:00:00,SCA|NO3,mFRR,Not Specified,Not Specified,MARGINAL,12.23,1.0
16/08/2023 06:00:00 - 16/08/2023 07:00:00,SCA|NO3,mFRR,Not Specified,Not Specified,MARGINAL,15.22,6.0
16/08/2023 07:00:00 - 16/08/2023 08:00:00,SCA|NO3,mFRR,Not Specified,Not Specified,MARGINAL,17.06,14.0
16/08/2023 08:00:00 - 16/08/2023 09:00:00,SCA|NO3,mFRR,Not Specified,Not Specified,MARGINAL,20.0,14.0
16/08/2023 09:00:00 - 16/08/2023 10:00:00,SCA|NO3,mFRR,Not Specified,Not Specified,MARGINAL,20.78,19.28
16/08/2023 10:00:00 - 16/08/2023 11:00:00,SCA|NO3,mFRR,Not Specified,Not Specified,MARGINAL,20.58,19.08
16/08/2023 11:00:00 - 16/08/2023 12:00:00,SCA|NO3,mFRR,Not Specified,Not Specified,MARGINAL,18.52,18.52
16/08/2023 12:00:00 - 16/08/2023 13:00:00,SCA|NO3,mFRR,Not Specified,Not Specified,MARGINAL,22.0,18.09
16/08/2023 13:00:00 - 16/08/2023 14:00:00,SCA|NO3,mFRR,Not Specified,Not Specified,MARGINAL,21.11,18.0
16/08/2023 14:00:00 - 16/08/2023 15:00:00,SCA|NO3,mFRR,Not Specified,Not Specified,MARGINAL,20.5,17.99
16/08/2023 15:00:00 - 16/08/2023 16:00:00,SCA|NO3,mFRR,Not Specified,Not Specified,MARGINAL,20.5,17.83
16/08/2023 16:00:00 - 16/08/2023 17:00:00,SCA|NO3,mFRR,Not Specified,Not Specified,MARGINAL,20.5,17.91
16/08/2023 17:00:00 - 16/08/2023 18:00:00,SCA|NO3,mFRR,Not Specified,Not Specified,MARGINAL,20.5,17.96
16/08/2023 18:00:00 - 16/08/2023 19:00:00,SCA|NO3,mFRR,Not Specified,Not Specified,MARGINAL,18.14,18.14
16/08/2023 19:00:00 - 16/08/2023 20:00:00,SCA|NO3,mFRR,Not Specified,Not Specified,MARGINAL,17.96,17.96
16/08/2023 20:00:00 - 16/08/2023 21:00:00,SCA|NO3,mFRR,Not Specified,Not Specified,MARGINAL,18.02,18.02
16/08/2023 21:00:00 - 16/08/2023 22:00:00,SCA|NO3,mFRR,Not Specified,Not Specified,MARGINAL,16.98,7.0
16/08/2023 22:00:00 - 16/08/2023 23:00:00,SCA|NO3,mFRR,Not Specified,Not Specified,MARGINAL,13.85,-5.0
16/08/2023 23:00:00 - 17/08/2023 00:00:00,SCA|NO3,mFRR,Not Specified,Not Specified,MARGINAL,7.21,-7.0
17/08/2023 00:00:00 - 17/08/2023 01:00:00,SCA|NO3,mFRR,Not Specified,Not Specified,MARGINAL,6.79,-4.5
17/08/2023 01:00:00 - 17/08/2023 02:00:00,SCA|NO3,mFRR,Not Specified,Not Specified,MARGINAL,5.74,-4.5
17/08/2023 02:00:00 - 17/08/2023 03:00:00,SCA|NO3,mFRR,Not Specified,Not Specified,MARGINAL,5.13,-1.0
17/08/2023 03:00:00 - 17/08/2023 04:00:00,SCA|NO3,mFRR,Not Specified,Not Specified,MARGINAL,5.0,-4.0
17/08/2023 04:00:00 - 17/08/2023 05:00:00,SCA|NO3,mFRR,Not Specified,Not Specified,MARGINAL,5.01,-6.0
17/08/2023 05:00:00 - 17/08/2023 06:00:00,SCA|NO3,mFRR,Not Specified,Not Specified,MARGINAL,7.05,-7.0
17/08/2023 06:00:00 - 17/08/2023 07:00:00,SCA|NO3,mFRR,Not Specified,Not Specified,MARGINAL,12.25,0.0
17/08/2023 07:00:00 - 17/08/2023 08:00:00,SCA|NO3,mFRR,Not Specified,Not Specified,MARGINAL,19.5,8.0
17/08/2023 08:00:00 - 17/08/2023 09:00:00,SCA|NO3,mFRR,Not Specified,Not Specified,MARGINAL,23.0,18.48
17/08/2023 09:00:00 - 17/08/2023 10:00:00,SCA|NO3,mFRR,Not Specified,Not Specified,MARGINAL,27.0,18.84
17/08/2023 10:00:00 - 17/08/2023 11:00:00,SCA|NO3,mFRR,Not Specified,Not Specified,MARGINAL,27.89,19.37
17/08/2023 11:00:00 - 17/08/2023 12:00:00,SCA|NO3,mFRR,Not Specified,Not Specified,MARGINAL,27.0,18.93
17/08/2023 12:00:00 - 17/08/2023 13:00:00,SCA|NO3,mFRR,Not Specified,Not Specified,MARGINAL,25.58,18.55
17/08/2023 13:00:00 - 17/08/2023 14:00:00,SCA|NO3,mFRR,Not Specified,Not Specified,MARGINAL,22.36,18.37
17/08/2023 14:00:00 - 17/08/2023 15:00:00,SCA|NO3,mFRR,Not Specified,Not Specified,MARGINAL,27.09,18.59
17/08/2023 15:00:00 - 17/08/2023 16:00:00,SCA|NO3,mFRR,Not Specified,Not Specified,MARGINAL,30.0,18.6
17/08/2023 16:00:00 - 17/08/2023 17:00:00,SCA|NO3,mFRR,Not Specified,Not Specified,MARGINAL,30.64,18.98
17/08/2023 17:00:00 - 17/08/2023 18:00:00,SCA|NO3,mFRR,Not Specified,Not Specified,MARGINAL,50.0,19.13
17/08/2023 18:00:00 - 17/08/2023 19:00:00,SCA|NO3,mFRR,Not Specified,Not Specified,MARGINAL,50.0,19.01
17/08/2023 19:00:00 - 17/08/2023 20:00:00,SCA|NO3,mFRR,Not Specified,Not Specified,MARGINAL,34.76,18.99
17/08/2023 20:00:00 - 17/08/2023 21:00:00,SCA|NO3,mFRR,Not Specified,Not Specified,MARGINAL,32.15,18.97
17/08/2023 21:00:00 - 17/08/2023 22:00:00,SCA|NO3,mFRR,Not Specified,Not Specified,MARGINAL,29.5,18.95
17/08/2023 22:00:00 - 17/08/2023 23:00:00,SCA|NO3,mFRR,Not Specified,Not Specified,MARGINAL,27.35,18.96
17/08/2023 23:00:00 - 18/08/2023 00:00:00,SCA|NO3,mFRR,Not Specified,Not Specified,MARGINAL,27.0,17.67
18/08/2023 00:00:00 - 18/08/2023 01:00:00,SCA|NO3,mFRR,Not Specified,Not Specified,MARGINAL,21.1,18.1
18/08/2023 01:00:00 - 18/08/2023 02:00:00,SCA|NO3,mFRR,Not Specified,Not Specified,MARGINAL,22.57,17.57
18/08/2023 02:00:00 - 18/08/2023 03:00:00,SCA|NO3,mFRR,Not Specified,Not Specified,MARGINAL,22.08,17.08
18/08/2023 03:00:00 - 18/08/2023 04:00:00,SCA|NO3,mFRR,Not Specified,Not Specified,MARGINAL,21.5,16.17
18/08/2023 04:00:00 - 18/08/2023 05:00:00,SCA|NO3,mFRR,Not Specified,Not Specified,MARGINAL,21.5,16.42
18/08/2023 05:00:00 - 18/08/2023 06:00:00,SCA|NO3,mFRR,Not Specified,Not Specified,MARGINAL,18.06,18.06
18/08/2023 06:00:00 - 18/08/2023 07:00:00,SCA|NO3,mFRR,Not Specified,Not Specified,MARGINAL,25.0,18.65
18/08/2023 07:00:00 - 18/08/2023 08:00:00,SCA|NO3,mFRR,Not Specified,Not Specified,MARGINAL,31.65,19.61
18/08/2023 08:00:00 - 18/08/2023 09:00:00,SCA|NO3,mFRR,Not Specified,Not Specified,MARGINAL,33.24,19.92
18/08/2023 09:00:00 - 18/08/2023 10:00:00,SCA|NO3,mFRR,Not Specified,Not Specified,MARGINAL,20.0,20.0
18/08/2023 10:00:00 - 18/08/2023 11:00:00,SCA|NO3,mFRR,Not Specified,Not Specified,MARGINAL,20.08,20.08
18/08/2023 11:00:00 - 18/08/2023 12:00:00,SCA|NO3,mFRR,Not Specified,Not Specified,MARGINAL,28.0,20.18
18/08/2023 12:00:00 - 18/08/2023 13:00:00,SCA|NO3,mFRR,Not Specified,Not Specified,MARGINAL,28.0,20.14
18/08/2023 13:00:00 - 18/08/2023 14:00:00,SCA|NO3,mFRR,Not Specified,Not Specified,MARGINAL,29.0,19.96
18/08/2023 14:00:00 - 18/08/2023 15:00:00,SCA|NO3,mFRR,Not Specified,Not Specified,MARGINAL,19.93,19.93
18/08/2023 15:00:00 - 18/08/2023 16:00:00,SCA|NO3,mFRR,Not Specified,Not Specified,MARGINAL,19.91,19.91
18/08/2023 16:00:00 - 18/08/2023 17:00:00,SCA|NO3,mFRR,Not Specified,Not Specified,MARGINAL,19.96,19.96
18/08/2023 17:00:00 - 18/08/2023 18:00:00,SCA|NO3,mFRR,Not Specified,Not Specified,MARGINAL,19.66,19.66
18/08/2023 18:00:00 - 18/08/2023 19:00:00,SCA|NO3,mFRR,Not Specified,Not Specified,MARGINAL,19.46,14.0
18/08/2023 19:00:00 - 18/08/2023 20:00:00,SCA|NO3,mFRR,Not Specified,Not Specified,MARGINAL,18.63,14.0
18/08/2023 20:00:00 - 18/08/2023 21:00:00,SCA|NO3,mFRR,Not Specified,Not Specified,MARGINAL,17.94,17.94
18/08/2023 21:00:00 - 18/08/2023 22:00:00,SCA|NO3,mFRR,Not Specified,Not Specified,MARGINAL,16.62,16.62
18/08/2023 22:00:00 - 18/08/2023 23:00:00,SCA|NO3,mFRR,Not Specified,Not Specified,MARGINAL,15.61,9.0
18/08/2023 23:00:00 - 19/08/2023 00:00:00,SCA|NO3,mFRR,Not Specified,Not Specified,MARGINAL,14.39,9.0
19/08/2023 00:00:00 - 19/08/2023 01:00:00,SCA|NO3,mFRR,Not Specified,Not Specified,MARGINAL,15.39,15.39
19/08/2023 01:00:00 - 19/08/2023 02:00:00,SCA|NO3,mFRR,Not Specified,Not Specified,MARGINAL,19.0,14.83
19/08/2023 02:00:00 - 19/08/2023 03:00:00,SCA|NO3,mFRR,Not Specified,Not Specified,MARGINAL,19.0,14.54
19/08/2023 03:00:00 - 19/08/2023 04:00:00,SCA|NO3,mFRR,Not Specified,Not Specified,MARGINAL,19.0,14.39
19/08/2023 04:00:00 - 19/08/2023 05:00:00,SCA|NO3,mFRR,Not Specified,Not Specified,MARGINAL,19.0,14.17
19/08/2023 05:00:00 - 19/08/2023 06:00:00,SCA|NO3,mFRR,Not Specified,Not Specified,MARGINAL,21.0,10.09
19/08/2023 06:00:00 - 19/08/2023 07:00:00,SCA|NO3,mFRR,Not Specified,Not Specified,MARGINAL,21.0,12.46
19/08/2023 07:00:00 - 19/08/2023 08:00:00,SCA|NO3,mFRR,Not Specified,Not Specified,MARGINAL,21.0,14.34
19/08/2023 08:00:00 - 19/08/2023 09:00:00,SCA|NO3,mFRR,Not Specified,Not Specified,MARGINAL,20.0,15.65
19/08/2023 09:00:00 - 19/08/2023 10:00:00,SCA|NO3,mFRR,Not Specified,Not Specified,MARGINAL,25.0,16.85
19/08/2023 10:00:00 - 19/08/2023 11:00:00,SCA|NO3,mFRR,Not Specified,Not Specified,MARGINAL,29.0,17.52
19/08/2023 11:00:00 - 19/08/2023 12:00:00,SCA|NO3,mFRR,Not Specified,Not Specified,MARGINAL,17.76,17.76
19/08/2023 12:00:00 - 19/08/2023 13:00:00,SCA|NO3,mFRR,Not Specified,Not Specified,MARGINAL,16.69,7.0
19/08/2023 13:00:00 - 19/08/2023 14:00:00,SCA|NO3,mFRR,Not Specified,Not Specified,MARGINAL,14.39,-2.0
19/08/2023 14:00:00 - 19/08/2023 15:00:00,SCA|NO3,mFRR,Not Specified,Not Specified,MARGINAL,12.59,-2.0
19/08/2023 15:00:00 - 19/08/2023 16:00:00,SCA|NO3,mFRR,Not Specified,Not Specified,MARGINAL,17.0,10.0
19/08/2023 16:00:00 - 19/08/2023 17:00:00,SCA|NO3,mFRR,Not Specified,Not Specified,MARGINAL,25.0,13.5
19/08/2023 17:00:00 - 19/08/2023 18:00:00,SCA|NO3,mFRR,Not Specified,Not Specified,MARGINAL,25.0,18.43
19/08/2023 18:00:00 - 19/08/2023 19:00:00,SCA|NO3,mFRR,Not Specified,Not Specified,MARGINAL,25.0,18.24
19/08/2023 19:00:00 - 19/08/2023 20:00:00,SCA|NO3,mFRR,Not Specified,Not Specified,MARGINAL,25.0,17.27
19/08/2023 20:00:00 - 19/08/2023 21:00:00,SCA|NO3,mFRR,Not Specified,Not Specified,MARGINAL,16.32,16.32
19/08/2023 21:00:00 - 19/08/2023 22:00:00,SCA|NO3,mFRR,Not Specified,Not Specified,MARGINAL,15.37,9.5
19/08/2023 22:00:00 - 19/08/2023 23:00:00,SCA|NO3,mFRR,Not Specified,Not Specified,MARGINAL,14.37,5.5
19/08/2023 23:00:00 - 20/08/2023 00:00:00,SCA|NO3,mFRR,Not Specified,Not Specified,MARGINAL,14.14,3.0
20/08/2023 00:00:00 - 20/08/2023 01:00:00,SCA|NO3,mFRR,Not Specified,Not Specified,MARGINAL,14.33,1.5
20/08/2023 01:00:00 - 20/08/2023 02:00:00,SCA|NO3,mFRR,Not Specified,Not Specified,MARGINAL,13.98,1.5
20/08/2023 02:00:00 - 20/08/2023 03:00:00,SCA|NO3,mFRR,Not Specified,Not Specified,MARGINAL,13.83,1.5
20/08/2023 03:00:00 - 20/08/2023 04:00:00,SCA|NO3,mFRR,Not Specified,Not Specified,MARGINAL,13.81,3.0
20/08/2023 04:00:00 - 20/08/2023 05:00:00,SCA|NO3,mFRR,Not Specified,Not Specified,MARGINAL,13.9,8.0
20/08/2023 05:00:00 - 20/08/2023 06:00:00,SCA|NO3,mFRR,Not Specified,Not Specified,MARGINAL,12.84,8.0
20/08/2023 06:00:00 - 20/08/2023 07:00:00,SCA|NO3,mFRR,Not Specified,Not Specified,MARGINAL,13.58,13.58
20/08/2023 07:00:00 - 20/08/2023 08:00:00,SCA|NO3,mFRR,Not Specified,Not Specified,MARGINAL,14.62,14.62
20/08/2023 08:00:00 - 20/08/2023 09:00:00,SCA|NO3,mFRR,Not Specified,Not Specified,MARGINAL,16.74,16.74
20/08/2023 09:00:00 - 20/08/2023 10:00:00,SCA|NO3,mFRR,Not Specified,Not Specified,MARGINAL,18.45,18.45
20/08/2023 10:00:00 - 20/08/2023 11:00:00,SCA|NO3,mFRR,Not Specified,Not Specified,MARGINAL,19.07,19.07
20/08/2023 11:00:00 - 20/08/2023 12:00:00,SCA|NO3,mFRR,Not Specified,Not Specified,MARGINAL,19.31,13.5
20/08/2023 12:00:00 - 20/08/2023 13:00:00,SCA|NO3,mFRR,Not Specified,Not Specified,MARGINAL,18.77,13.5
20/08/2023 13:00:00 - 20/08/2023 14:00:00,SCA|NO3,mFRR,Not Specified,Not Specified,MARGINAL,13.55,0.0
20/08/2023 14:00:00 - 20/08/2023 15:00:00,SCA|NO3,mFRR,Not Specified,Not Specified,MARGINAL,14.23,-2.5
20/08/2023 15:00:00 - 20/08/2023 16:00:00,SCA|NO3,mFRR,Not Specified,Not Specified,MARGINAL,19.19,11.0
20/08/2023 16:00:00 - 20/08/2023 17:00:00,SCA|NO3,mFRR,Not Specified,Not Specified,MARGINAL,19.62,19.62
20/08/2023 17:00:00 - 20/08/2023 18:00:00,SCA|NO3,mFRR,Not Specified,Not Specified,MARGINAL,19.96,19.96
20/08/2023 18:00:00 - 20/08/2023 19:00:00,SCA|NO3,mFRR,Not Specified,Not Specified,MARGINAL,20.0,13.0
20/08/2023 19:00:00 - 20/08/2023 20:00:00,SCA|NO3,mFRR,Not Specified,Not Specified,MARGINAL,20.07,12.0
20/08/2023 20:00:00 - 20/08/2023 21:00:00,SCA|NO3,mFRR,Not Specified,Not Specified,MARGINAL,20.29,12.0
20/08/2023 21:00:00 - 20/08/2023 22:00:00,SCA|NO3,mFRR,Not Specified,Not Specified,MARGINAL,19.91,12.0
20/08/2023 22:00:00 - 20/08/2023 23:00:00,SCA|NO3,mFRR,Not Specified,Not Specified,MARGINAL,19.24,12.5
20/08/2023 23:00:00 - 21/08/2023 00:00:00,SCA|NO3,mFRR,Not Specified,Not Specified,MARGINAL,18.33,10.5
21/08/2023 00:00:00 - 21/08/2023 01:00:00,SCA|NO3,mFRR,Not Specified,Not Specified,MARGINAL,17.38,12.0
21/08/2023 01:00:00 - 21/08/2023 02:00:00,SCA|NO3,mFRR,Not Specified,Not Specified,MARGINAL,25.0,16.13
21/08/2023 02:00:00 - 21/08/2023 03:00:00,SCA|NO3,mFRR,Not Specified,Not Specified,MARGINAL,25.0,15.9
21/08/2023 03:00:00 - 21/08/2023 04:00:00,SCA|NO3,mFRR,Not Specified,Not Specified,MARGINAL,25.0,15.71
21/08/2023 04:00:00 - 21/08/2023 05:00:00,SCA|NO3,mFRR,Not Specified,Not Specified,MARGINAL,26.0,15.95
21/08/2023 05:00:00 - 21/08/2023 06:00:00,SCA|NO3,mFRR,Not Specified,Not Specified,MARGINAL,25.55,18.05
21/08/2023 06:00:00 - 21/08/2023 07:00:00,SCA|NO3,mFRR,Not Specified,Not Specified,MARGINAL,25.0,19.79
21/08/2023 07:00:00 - 21/08/2023 08:00:00,SCA|NO3,mFRR,Not Specified,Not Specified,MARGINAL,29.31,21.23
21/08/2023 08:00:00 - 21/08/2023 09:00:00,SCA|NO3,mFRR,Not Specified,Not Specified,MARGINAL,25.91,25.91
21/08/2023 09:00:00 - 21/08/2023 10:00:00,SCA|NO3,mFRR,Not Specified,Not Specified,MARGINAL,20.96,20.96
21/08/2023 10:00:00 - 21/08/2023 11:00:00,SCA|NO3,mFRR,Not Specified,Not Specified,MARGINAL,21.02,13.0
21/08/2023 11:00:00 - 21/08/2023 12:00:00,SCA|NO3,mFRR,Not Specified,Not Specified,MARGINAL,20.9,13.0
21/08/2023 12:00:00 - 21/08/2023 13:00:00,SCA|NO3,mFRR,Not Specified,Not Specified,MARGINAL,20.88,16.0
21/08/2023 13:00:00 - 21/08/2023 14:00:00,SCA|NO3,mFRR,Not Specified,Not Specified,MARGINAL,26.0,20.77
21/08/2023 14:00:00 - 21/08/2023 15:00:00,SCA|NO3,mFRR,Not Specified,Not Specified,MARGINAL,26.0,20.64
21/08/2023 15:00:00 - 21/08/2023 16:00:00,SCA|NO3,mFRR,Not Specified,Not Specified,MARGINAL,25.53,20.6
21/08/2023 16:00:00 - 21/08/2023 17:00:00,SCA|NO3,mFRR,Not Specified,Not Specified,MARGINAL,20.59,20.59
21/08/2023 17:00:00 - 21/08/2023 18:00:00,SCA|NO3,mFRR,Not Specified,Not Specified,MARGINAL,20.6,20.6
21/08/2023 18:00:00 - 21/08/2023 19:00:00,SCA|NO3,mFRR,Not Specified,Not Specified,MARGINAL,20.55,15.0
21/08/2023 19:00:00 - 21/08/2023 20:00:00,SCA|NO3,mFRR,Not Specified,Not Specified,MARGINAL,20.49,20.0
21/08/2023 20:00:00 - 21/08/2023 21:00:00,SCA|NO3,mFRR,Not Specified,Not Specified,MARGINAL,20.38,20.38
21/08/2023 21:00:00 - 21/08/2023 22:00:00,SCA|NO3,mFRR,Not Specified,Not Specified,MARGINAL,20.39,20.39
21/08/2023 22:00:00 - 21/08/2023 23:00:00,SCA|NO3,mFRR,Not Specified,Not Specified,MARGINAL,19.91,19.91
21/08/2023 23:00:00 - 22/08/2023 00:00:00,SCA|NO3,mFRR,Not Specified,Not Specified,MARGINAL,18.56,14.0
22/08/2023 00:00:00 - 22/08/2023 01:00:00,SCA|NO3,mFRR,Not Specified,Not Specified,MARGINAL,18.75,12.5
22/08/2023 01:00:00 - 22/08/2023 02:00:00,SCA|NO3,mFRR,Not Specified,Not Specified,MARGINAL,18.2,8.0
22/08/2023 02:00:00 - 22/08/2023 03:00:00,SCA|NO3,mFRR,Not Specified,Not Specified,MARGINAL,17.43,8.0
22/08/2023 03:00:00 - 22/08/2023 04:00:00,SCA|NO3,mFRR,Not Specified,Not Specified,MARGINAL,17.41,10.5
22/08/2023 04:00:00 - 22/08/2023 05:00:00,SCA|NO3,mFRR,Not Specified,Not Specified,MARGINAL,18.03,11.33
22/08/2023 05:00:00 - 22/08/2023 06:00:00,SCA|NO3,mFRR,Not Specified,Not Specified,MARGINAL,18.42,11.36
22/08/2023 06:00:00 - 22/08/2023 07:00:00,SCA|NO3,mFRR,Not Specified,Not Specified,MARGINAL,19.54,16.0
22/08/2023 07:00:00 - 22/08/2023 08:00:00,SCA|NO3,mFRR,Not Specified,Not Specified,MARGINAL,20.07,20.07
22/08/2023 08:00:00 - 22/08/2023 09:00:00,SCA|NO3,mFRR,Not Specified,Not Specified,MARGINAL,20.83,17.5
22/08/2023 09:00:00 - 22/08/2023 10:00:00,SCA|NO3,mFRR,Not Specified,Not Specified,MARGINAL,20.77,20.0
22/08/2023 10:00:00 - 22/08/2023 11:00:00,SCA|NO3,mFRR,Not Specified,Not Specified,MARGINAL,21.47,21.47
22/08/2023 11:00:00 - 22/08/2023 12:00:00,SCA|NO3,mFRR,Not Specified,Not Specified,MARGINAL,20.86,20.86
22/08/2023 12:00:00 - 22/08/2023 13:00:00,SCA|NO3,mFRR,Not Specified,Not Specified,MARGINAL,20.81,18.0
22/08/2023 13:00:00 - 22/08/2023 14:00:00,SCA|NO3,mFRR,Not Specified,Not Specified,MARGINAL,20.84,17.99
22/08/2023 14:00:00 - 22/08/2023 15:00:00,SCA|NO3,mFRR,Not Specified,Not Specified,MARGINAL,20.75,17.0
22/08/2023 15:00:00 - 22/08/2023 16:00:00,SCA|NO3,mFRR,Not Specified,Not Specified,MARGINAL,20.55,16.0
22/08/2023 16:00:00 - 22/08/2023 17:00:00,SCA|NO3,mFRR,Not Specified,Not Specified,MARGINAL,20.72,16.0
22/08/2023 17:00:00 - 22/08/2023 18:00:00,SCA|NO3,mFRR,Not Specified,Not Specified,MARGINAL,20.57,15.5
22/08/2023 18:00:00 - 22/08/2023 19:00:00,SCA|NO3,mFRR,Not Specified,Not Specified,MARGINAL,20.22,16.5
22/08/2023 19:00:00 - 22/08/2023 20:00:00,SCA|NO3,mFRR,Not Specified,Not Specified,MARGINAL,20.19,18.0
22/08/2023 20:00:00 - 22/08/2023 21:00:00,SCA|NO3,mFRR,Not Specified,Not Specified,MARGINAL,20.18,20.18
22/08/2023 21:00:00 - 22/08/2023 22:00:00,SCA|NO3,mFRR,Not Specified,Not Specified,MARGINAL,20.21,20.21
22/08/2023 22:00:00 - 22/08/2023 23:00:00,SCA|NO3,mFRR,Not Specified,Not Specified,MARGINAL,20.32,15.5
22/08/2023 23:00:00 - 23/08/2023 00:00:00,SCA|NO3,mFRR,Not Specified,Not Specified,MARGINAL,19.82,12.0
23/08/2023 00:00:00 - 23/08/2023 01:00:00,SCA|NO3,mFRR,Not Specified,Not Specified,MARGINAL,19.71,12.0
23/08/2023 01:00:00 - 23/08/2023 02:00:00,SCA|NO3,mFRR,Not Specified,Not Specified,MARGINAL,19.33,16.0
23/08/2023 02:00:00 - 23/08/2023 03:00:00,SCA|NO3,mFRR,Not Specified,Not Specified,MARGINAL,19.26,16.26
23/08/2023 03:00:00 - 23/08/2023 04:00:00,SCA|NO3,mFRR,Not Specified,Not Specified,MARGINAL,19.19,16.19
23/08/2023 04:00:00 - 23/08/2023 05:00:00,SCA|NO3,mFRR,Not Specified,Not Specified,MARGINAL,19.12,16.5
23/08/2023 05:00:00 - 23/08/2023 06:00:00,SCA|NO3,mFRR,Not Specified,Not Specified,MARGINAL,19.1,19.1
23/08/2023 06:00:00 - 23/08/2023 07:00:00,SCA|NO3,mFRR,Not Specified,Not Specified,MARGINAL,20.43,20.43
23/08/2023 07:00:00 - 23/08/2023 08:00:00,SCA|NO3,mFRR,Not Specified,Not Specified,MARGINAL,20.98,20.98
23/08/2023 08:00:00 - 23/08/2023 09:00:00,SCA|NO3,mFRR,Not Specified,Not Specified,MARGINAL,21.41,21.41
23/08/2023 09:00:00 - 23/08/2023 10:00:00,SCA|NO3,mFRR,Not Specified,Not Specified,MARGINAL,23.51,23.51
23/08/2023 10:00:00 - 23/08/2023 11:00:00,SCA|NO3,mFRR,Not Specified,Not Specified,MARGINAL,24.28,24.28
23/08/2023 11:00:00 - 23/08/2023 12:00:00,SCA|NO3,mFRR,Not Specified,Not Specified,MARGINAL,23.1,20.0
23/08/2023 12:00:00 - 23/08/2023 13:00:00,SCA|NO3,mFRR,Not Specified,Not Specified,MARGINAL,20.91,17.5
23/08/2023 13:00:00 - 23/08/2023 14:00:00,SCA|NO3,mFRR,Not Specified,Not Specified,MARGINAL,20.77,15.0
23/08/2023 14:00:00 - 23/08/2023 15:00:00,SCA|NO3,mFRR,Not Specified,Not Specified,MARGINAL,20.72,16.5
23/08/2023 15:00:00 - 23/08/2023 16:00:00,SCA|NO3,mFRR,Not Specified,Not Specified,MARGINAL,20.7,16.5
23/08/2023 16:00:00 - 23/08/2023 17:00:00,SCA|NO3,mFRR,Not Specified,Not Specified,MARGINAL,20.61,20.0
23/08/2023 17:00:00 - 23/08/2023 18:00:00,SCA|NO3,mFRR,Not Specified,Not Specified,MARGINAL,20.44,20.44
23/08/2023 18:00:00 - 23/08/2023 19:00:00,SCA|NO3,mFRR,Not Specified,Not Specified,MARGINAL,20.23,20.23
23/08/2023 19:00:00 - 23/08/2023 20:00:00,SCA|NO3,mFRR,Not Specified,Not Specified,MARGINAL,23.39,23.39
23/08/2023 20:00:00 - 23/08/2023 21:00:00,SCA|NO3,mFRR,Not Specified,Not Specified,MARGINAL,21.98,21.98
23/08/2023 21:00:00 - 23/08/2023 22:00:00,SCA|NO3,mFRR,Not Specified,Not Specified,MARGINAL,21.9,21.9
23/08/2023 22:00:00 - 23/08/2023 23:00:00,SCA|NO3,mFRR,Not Specified,Not Specified,MARGINAL,21.62,18.0
23/08/2023 23:00:00 - 24/08/2023 00:00:00,SCA|NO3,mFRR,Not Specified,Not Specified,MARGINAL,21.19,15.0
24/08/2023 00:00:00 - 24/08/2023 01:00:00,SCA|NO3,mFRR,Not Specified,Not Specified,MARGINAL,20.11,15.0
24/08/2023 01:00:00 - 24/08/2023 02:00:00,SCA|NO3,mFRR,Not Specified,Not Specified,MARGINAL,19.37,19.37
24/08/2023 02:00:00 - 24/08/2023 03:00:00,SCA|NO3,mFRR,Not Specified,Not Specified,MARGINAL,18.78,18.78
24/08/2023 03:00:00 - 24/08/2023 04:00:00,SCA|NO3,mFRR,Not Specified,Not Specified,MARGINAL,18.52,18.52
24/08/2023 04:00:00 - 24/08/2023 05:00:00,SCA|NO3,mFRR,Not Specified,Not Specified,MARGINAL,18.82,18.82
24/08/2023 05:00:00 - 24/08/2023 06:00:00,SCA|NO3,mFRR,Not Specified,Not Specified,MARGINAL,20.07,20.07
24/08/2023 06:00:00 - 24/08/2023 07:00:00,SCA|NO3,mFRR,Not Specified,Not Specified,MARGINAL,27.0,20.86
24/08/2023 07:00:00 - 24/08/2023 08:00:00,SCA|NO3,mFRR,Not Specified,Not Specified,MARGINAL,30.0,26.52
24/08/2023 08:00:00 - 24/08/2023 09:00:00,SCA|NO3,mFRR,Not Specified,Not Specified,MARGINAL,30.0,28.44
24/08/2023 09:00:00 - 24/08/2023 10:00:00,SCA|NO3,mFRR,Not Specified,Not Specified,MARGINAL,29.07,18.5
24/08/2023 10:00:00 - 24/08/2023 11:00:00,SCA|NO3,mFRR,Not Specified,Not Specified,MARGINAL,29.08,18.5
24/08/2023 11:00:00 - 24/08/2023 12:00:00,SCA|NO3,mFRR,Not Specified,Not Specified,MARGINAL,29.21,18.5
24/08/2023 12:00:00 - 24/08/2023 13:00:00,SCA|NO3,mFRR,Not Specified,Not Specified,MARGINAL,28.84,18.5
24/08/2023 13:00:00 - 24/08/2023 14:00:00,SCA|NO3,mFRR,Not Specified,Not Specified,MARGINAL,27.93,18.5
24/08/2023 14:00:00 - 24/08/2023 15:00:00,SCA|NO3,mFRR,Not Specified,Not Specified,MARGINAL,27.45,18.5
24/08/2023 15:00:00 - 24/08/2023 16:00:00,SCA|NO3,mFRR,Not Specified,Not Specified,MARGINAL,29.92,18.5
24/08/2023 16:00:00 - 24/08/2023 17:00:00,SCA|NO3,mFRR,Not Specified,Not Specified,MARGINAL,23.61,23.61
24/08/2023 17:00:00 - 24/08/2023 18:00:00,SCA|NO3,mFRR,Not Specified,Not Specified,MARGINAL,29.0,23.47
24/08/2023 18:00:00 - 24/08/2023 19:00:00,SCA|NO3,mFRR,Not Specified,Not Specified,MARGINAL,25.0,22.57
24/08/2023 19:00:00 - 24/08/2023 20:00:00,SCA|NO3,mFRR,Not Specified,Not Specified,MARGINAL,29.0,22.87
24/08/2023 20:00:00 - 24/08/2023 21:00:00,SCA|NO3,mFRR,Not Specified,Not Specified,MARGINAL,27.0,24.01
24/08/2023 21:00:00 - 24/08/2023 22:00:00,SCA|NO3,mFRR,Not Specified,Not Specified,MARGINAL,27.0,22.97
24/08/2023 22:00:00 - 24/08/2023 23:00:00,SCA|NO3,mFRR,Not Specified,Not Specified,MARGINAL,33.0,21.86
24/08/2023 23:00:00 - 25/08/2023 00:00:00,SCA|NO3,mFRR,Not Specified,Not Specified,MARGINAL,33.0,20.96
25/08/2023 00:00:00 - 25/08/2023 01:00:00,SCA|NO3,mFRR,Not Specified,Not Specified,MARGINAL,30.0,19.85
25/08/2023 01:00:00 - 25/08/2023 02:00:00,SCA|NO3,mFRR,Not Specified,Not Specified,MARGINAL,25.0,19.66
25/08/2023 02:00:00 - 25/08/2023 03:00:00,SCA|NO3,mFRR,Not Specified,Not Specified,MARGINAL,25.0,19.39
25/08/2023 03:00:00 - 25/08/2023 04:00:00,SCA|NO3,mFRR,Not Specified,Not Specified,MARGINAL,19.26,19.26
25/08/2023 04:00:00 - 25/08/2023 05:00:00,SCA|NO3,mFRR,Not Specified,Not Specified,MARGINAL,19.17,19.17
25/08/2023 05:00:00 - 25/08/2023 06:00:00,SCA|NO3,mFRR,Not Specified,Not Specified,MARGINAL,19.09,19.09
25/08/2023 06:00:00 - 25/08/2023 07:00:00,SCA|NO3,mFRR,Not Specified,Not Specified,MARGINAL,23.0,19.65
25/08/2023 07:00:00 - 25/08/2023 08:00:00,SCA|NO3,mFRR,Not Specified,Not Specified,MARGINAL,23.0,20.13
25/08/2023 08:00:00 - 25/08/2023 09:00:00,SCA|NO3,mFRR,Not Specified,Not Specified,MARGINAL,23.0,20.61
25/08/2023 09:00:00 - 25/08/2023 10:00:00,SCA|NO3,mFRR,Not Specified,Not Specified,MARGINAL,23.0,21.66
25/08/2023 10:00:00 - 25/08/2023 11:00:00,SCA|NO3,mFRR,Not Specified,Not Specified,MARGINAL,23.0,20.78
25/08/2023 11:00:00 - 25/08/2023 12:00:00,SCA|NO3,mFRR,Not Specified,Not Specified,MARGINAL,32.0,20.78
25/08/2023 12:00:00 - 25/08/2023 13:00:00,SCA|NO3,mFRR,Not Specified,Not Specified,MARGINAL,35.0,20.59
25/08/2023 13:00:00 - 25/08/2023 14:00:00,SCA|NO3,mFRR,Not Specified,Not Specified,MARGINAL,35.0,20.45
25/08/2023 14:00:00 - 25/08/2023 15:00:00,SCA|NO3,mFRR,Not Specified,Not Specified,MARGINAL,35.0,20.53
25/08/2023 15:00:00 - 25/08/2023 16:00:00,SCA|NO3,mFRR,Not Specified,Not Specified,MARGINAL,35.0,20.11
25/08/2023 16:00:00 - 25/08/2023 17:00:00,SCA|NO3,mFRR,Not Specified,Not Specified,MARGINAL,38.92,20.17
25/08/2023 17:00:00 - 25/08/2023 18:00:00,SCA|NO3,mFRR,Not Specified,Not Specified,MARGINAL,37.24,20.38
25/08/2023 18:00:00 - 25/08/2023 19:00:00,SCA|NO3,mFRR,Not Specified,Not Specified,MARGINAL,40.74,20.19
25/08/2023 19:00:00 - 25/08/2023 20:00:00,SCA|NO3,mFRR,Not Specified,Not Specified,MARGINAL,44.48,19.9
25/08/2023 20:00:00 - 25/08/2023 21:00:00,SCA|NO3,mFRR,Not Specified,Not Specified,MARGINAL,32.84,19.55
25/08/2023 21:00:00 - 25/08/2023 22:00:00,SCA|NO3,mFRR,Not Specified,Not Specified,MARGINAL,31.57,19.34
25/08/2023 22:00:00 - 25/08/2023 23:00:00,SCA|NO3,mFRR,Not Specified,Not Specified,MARGINAL,29.65,19.2
25/08/2023 23:00:00 - 26/08/2023 00:00:00,SCA|NO3,mFRR,Not Specified,Not Specified,MARGINAL,35.0,18.29
26/08/2023 00:00:00 - 26/08/2023 01:00:00,SCA|NO3,mFRR,Not Specified,Not Specified,MARGINAL,35.0,19.38
26/08/2023 01:00:00 - 26/08/2023 02:00:00,SCA|NO3,mFRR,Not Specified,Not Specified,MARGINAL,35.0,19.25
26/08/2023 02:00:00 - 26/08/2023 03:00:00,SCA|NO3,mFRR,Not Specified,Not Specified,MARGINAL,27.95,18.22
26/08/2023 03:00:00 - 26/08/2023 04:00:00,SCA|NO3,mFRR,Not Specified,Not Specified,MARGINAL,27.95,17.37
26/08/2023 04:00:00 - 26/08/2023 05:00:00,SCA|NO3,mFRR,Not Specified,Not Specified,MARGINAL,27.0,16.93
26/08/2023 05:00:00 - 26/08/2023 06:00:00,SCA|NO3,mFRR,Not Specified,Not Specified,MARGINAL,27.0,16.3
26/08/2023 06:00:00 - 26/08/2023 07:00:00,SCA|NO3,mFRR,Not Specified,Not Specified,MARGINAL,17.4,16.0
26/08/2023 07:00:00 - 26/08/2023 08:00:00,SCA|NO3,mFRR,Not Specified,Not Specified,MARGINAL,17.68,16.0
26/08/2023 08:00:00 - 26/08/2023 09:00:00,SCA|NO3,mFRR,Not Specified,Not Specified,MARGINAL,17.76,17.76
26/08/2023 09:00:00 - 26/08/2023 10:00:00,SCA|NO3,mFRR,Not Specified,Not Specified,MARGINAL,18.18,18.18
26/08/2023 10:00:00 - 26/08/2023 11:00:00,SCA|NO3,mFRR,Not Specified,Not Specified,MARGINAL,18.31,18.31
26/08/2023 11:00:00 - 26/08/2023 12:00:00,SCA|NO3,mFRR,Not Specified,Not Specified,MARGINAL,18.07,18.07
26/08/2023 12:00:00 - 26/08/2023 13:00:00,SCA|NO3,mFRR,Not Specified,Not Specified,MARGINAL,17.98,17.98
26/08/2023 13:00:00 - 26/08/2023 14:00:00,SCA|NO3,mFRR,Not Specified,Not Specified,MARGINAL,18.0,18.0
26/08/2023 14:00:00 - 26/08/2023 15:00:00,SCA|NO3,mFRR,Not Specified,Not Specified,MARGINAL,17.97,17.97
26/08/2023 15:00:00 - 26/08/2023 16:00:00,SCA|NO3,mFRR,Not Specified,Not Specified,MARGINAL,17.46,17.46
26/08/2023 16:00:00 - 26/08/2023 17:00:00,SCA|NO3,mFRR,Not Specified,Not Specified,MARGINAL,17.32,17.32
26/08/2023 17:00:00 - 26/08/2023 18:00:00,SCA|NO3,mFRR,Not Specified,Not Specified,MARGINAL,17.47,17.47
26/08/2023 18:00:00 - 26/08/2023 19:00:00,SCA|NO3,mFRR,Not Specified,Not Specified,MARGINAL,17.47,17.47
26/08/2023 19:00:00 - 26/08/2023 20:00:00,SCA|NO3,mFRR,Not Specified,Not Specified,MARGINAL,17.33,17.33
26/08/2023 20:00:00 - 26/08/2023 21:00:00,SCA|NO3,mFRR,Not Specified,Not Specified,MARGINAL,17.24,17.24
26/08/2023 21:00:00 - 26/08/2023 22:00:00,SCA|NO3,mFRR,Not Specified,Not Specified,MARGINAL,15.82,15.82
26/08/2023 22:00:00 - 26/08/2023 23:00:00,SCA|NO3,mFRR,Not Specified,Not Specified,MARGINAL,14.5,9.5
26/08/2023 23:00:00 - 27/08/2023 00:00:00,SCA|NO3,mFRR,Not Specified,Not Specified,MARGINAL,10.7,9.5
27/08/2023 00:00:00 - 27/08/2023 01:00:00,SCA|NO3,mFRR,Not Specified,Not Specified,MARGINAL,14.03,14.03
27/08/2023 01:00:00 - 27/08/2023 02:00:00,SCA|NO3,mFRR,Not Specified,Not Specified,MARGINAL,12.74,12.74
27/08/2023 02:00:00 - 27/08/2023 03:00:00,SCA|NO3,mFRR,Not Specified,Not Specified,MARGINAL,11.79,5.03
27/08/2023 03:00:00 - 27/08/2023 04:00:00,SCA|NO3,mFRR,Not Specified,Not Specified,MARGINAL,10.33,3.0
27/08/2023 04:00:00 - 27/08/2023 05:00:00,SCA|NO3,mFRR,Not Specified,Not Specified,MARGINAL,10.3,3.0
27/08/2023 05:00:00 - 27/08/2023 06:00:00,SCA|NO3,mFRR,Not Specified,Not Specified,MARGINAL,8.06,3.0
27/08/2023 06:00:00 - 27/08/2023 07:00:00,SCA|NO3,mFRR,Not Specified,Not Specified,MARGINAL,6.48,3.5
27/08/2023 07:00:00 - 27/08/2023 08:00:00,SCA|NO3,mFRR,Not Specified,Not Specified,MARGINAL,10.38,5.78
27/08/2023 08:00:00 - 27/08/2023 09:00:00,SCA|NO3,mFRR,Not Specified,Not Specified,MARGINAL,12.97,5.79
27/08/2023 09:00:00 - 27/08/2023 10:00:00,SCA|NO3,mFRR,Not Specified,Not Specified,MARGINAL,14.0,6.0
27/08/2023 10:00:00 - 27/08/2023 11:00:00,SCA|NO3,mFRR,Not Specified,Not Specified,MARGINAL,14.49,14.49
27/08/2023 11:00:00 - 27/08/2023 12:00:00,SCA|NO3,mFRR,Not Specified,Not Specified,MARGINAL,14.55,5.03
27/08/2023 12:00:00 - 27/08/2023 13:00:00,SCA|NO3,mFRR,Not Specified,Not Specified,MARGINAL,12.34,6.0
27/08/2023 13:00:00 - 27/08/2023 14:00:00,SCA|NO3,mFRR,Not Specified,Not Specified,MARGINAL,14.35,6.0
27/08/2023 14:00:00 - 27/08/2023 15:00:00,SCA|NO3,mFRR,Not Specified,Not Specified,MARGINAL,14.6,6.0
27/08/2023 15:00:00 - 27/08/2023 16:00:00,SCA|NO3,mFRR,Not Specified,Not Specified,MARGINAL,14.92,14.92
27/08/2023 16:00:00 - 27/08/2023 17:00:00,SCA|NO3,mFRR,Not Specified,Not Specified,MARGINAL,17.23,17.23
27/08/2023 17:00:00 - 27/08/2023 18:00:00,SCA|NO3,mFRR,Not Specified,Not Specified,MARGINAL,19.26,19.26
27/08/2023 18:00:00 - 27/08/2023 19:00:00,SCA|NO3,mFRR,Not Specified,Not Specified,MARGINAL,19.25,19.25
27/08/2023 19:00:00 - 27/08/2023 20:00:00,SCA|NO3,mFRR,Not Specified,Not Specified,MARGINAL,19.29,19.29
27/08/2023 20:00:00 - 27/08/2023 21:00:00,SCA|NO3,mFRR,Not Specified,Not Specified,MARGINAL,19.37,14.0
27/08/2023 21:00:00 - 27/08/2023 22:00:00,SCA|NO3,mFRR,Not Specified,Not Specified,MARGINAL,19.24,11.0
27/08/2023 22:00:00 - 27/08/2023 23:00:00,SCA|NO3,mFRR,Not Specified,Not Specified,MARGINAL,19.23,10.0
27/08/2023 23:00:00 - 28/08/2023 00:00:00,SCA|NO3,mFRR,Not Specified,Not Specified,MARGINAL,19.02,10.0
28/08/2023 00:00:00 - 28/08/2023 01:00:00,SCA|NO3,mFRR,Not Specified,Not Specified,MARGINAL,17.24,7.0
28/08/2023 01:00:00 - 28/08/2023 02:00:00,SCA|NO3,mFRR,Not Specified,Not Specified,MARGINAL,17.38,7.0
28/08/2023 02:00:00 - 28/08/2023 03:00:00,SCA|NO3,mFRR,Not Specified,Not Specified,MARGINAL,17.3,10.0
28/08/2023 03:00:00 - 28/08/2023 04:00:00,SCA|NO3,mFRR,Not Specified,Not Specified,MARGINAL,17.31,11.0
28/08/2023 04:00:00 - 28/08/2023 05:00:00,SCA|NO3,mFRR,Not Specified,Not Specified,MARGINAL,17.29,11.0
28/08/2023 05:00:00 - 28/08/2023 06:00:00,SCA|NO3,mFRR,Not Specified,Not Specified,MARGINAL,17.16,11.0
28/08/2023 06:00:00 - 28/08/2023 07:00:00,SCA|NO3,mFRR,Not Specified,Not Specified,MARGINAL,17.79,7.0
28/08/2023 07:00:00 - 28/08/2023 08:00:00,SCA|NO3,mFRR,Not Specified,Not Specified,MARGINAL,18.35,10.0
28/08/2023 08:00:00 - 28/08/2023 09:00:00,SCA|NO3,mFRR,Not Specified,Not Specified,MARGINAL,19.4,10.0
28/08/2023 09:00:00 - 28/08/2023 10:00:00,SCA|NO3,mFRR,Not Specified,Not Specified,MARGINAL,19.77,10.0
28/08/2023 10:00:00 - 28/08/2023 11:00:00,SCA|NO3,mFRR,Not Specified,Not Specified,MARGINAL,15.22,1.0
28/08/2023 11:00:00 - 28/08/2023 12:00:00,SCA|NO3,mFRR,Not Specified,Not Specified,MARGINAL,15.5,9.0
28/08/2023 12:00:00 - 28/08/2023 13:00:00,SCA|NO3,mFRR,Not Specified,Not Specified,MARGINAL,15.86,-2.0
28/08/2023 13:00:00 - 28/08/2023 14:00:00,SCA|NO3,mFRR,Not Specified,Not Specified,MARGINAL,15.93,-5.0
28/08/2023 14:00:00 - 28/08/2023 15:00:00,SCA|NO3,mFRR,Not Specified,Not Specified,MARGINAL,15.88,-5.5
28/08/2023 15:00:00 - 28/08/2023 16:00:00,SCA|NO3,mFRR,Not Specified,Not Specified,MARGINAL,14.65,-5.5
28/08/2023 16:00:00 - 28/08/2023 17:00:00,SCA|NO3,mFRR,Not Specified,Not Specified,MARGINAL,12.8,-5.5
28/08/2023 17:00:00 - 28/08/2023 18:00:00,SCA|NO3,mFRR,Not Specified,Not Specified,MARGINAL,14.23,-5.0
28/08/2023 18:00:00 - 28/08/2023 19:00:00,SCA|NO3,mFRR,Not Specified,Not Specified,MARGINAL,14.05,-2.0
28/08/2023 19:00:00 - 28/08/2023 20:00:00,SCA|NO3,mFRR,Not Specified,Not Specified,MARGINAL,12.55,-1.0
28/08/2023 20:00:00 - 28/08/2023 21:00:00,SCA|NO3,mFRR,Not Specified,Not Specified,MARGINAL,14.51,1.0
28/08/2023 21:00:00 - 28/08/2023 22:00:00,SCA|NO3,mFRR,Not Specified,Not Specified,MARGINAL,14.75,1.0
28/08/2023 22:00:00 - 28/08/2023 23:00:00,SCA|NO3,mFRR,Not Specified,Not Specified,MARGINAL,14.99,1.0
28/08/2023 23:00:00 - 29/08/2023 00:00:00,SCA|NO3,mFRR,Not Specified,Not Specified,MARGINAL,14.63,1.0
29/08/2023 00:00:00 - 29/08/2023 01:00:00,SCA|NO3,mFRR,Not Specified,Not Specified,MARGINAL,2.91,2.0
29/08/2023 01:00:00 - 29/08/2023 02:00:00,SCA|NO3,mFRR,Not Specified,Not Specified,MARGINAL,7.73,2.0
29/08/2023 02:00:00 - 29/08/2023 03:00:00,SCA|NO3,mFRR,Not Specified,Not Specified,MARGINAL,8.98,2.0
29/08/2023 03:00:00 - 29/08/2023 04:00:00,SCA|NO3,mFRR,Not Specified,Not Specified,MARGINAL,10.83,2.0
29/08/2023 04:00:00 - 29/08/2023 05:00:00,SCA|NO3,mFRR,Not Specified,Not Specified,MARGINAL,12.38,2.0
29/08/2023 05:00:00 - 29/08/2023 06:00:00,SCA|NO3,mFRR,Not Specified,Not Specified,MARGINAL,13.11,13.11
29/08/2023 06:00:00 - 29/08/2023 07:00:00,SCA|NO3,mFRR,Not Specified,Not Specified,MARGINAL,17.26,17.26
29/08/2023 07:00:00 - 29/08/2023 08:00:00,SCA|NO3,mFRR,Not Specified,Not Specified,MARGINAL,18.15,18.15
29/08/2023 08:00:00 - 29/08/2023 09:00:00,SCA|NO3,mFRR,Not Specified,Not Specified,MARGINAL,18.12,18.12
29/08/2023 09:00:00 - 29/08/2023 10:00:00,SCA|NO3,mFRR,Not Specified,Not Specified,MARGINAL,18.35,18.35
29/08/2023 10:00:00 - 29/08/2023 11:00:00,SCA|NO3,mFRR,Not Specified,Not Specified,MARGINAL,18.73,18.73
29/08/2023 11:00:00 - 29/08/2023 12:00:00,SCA|NO3,mFRR,Not Specified,Not Specified,MARGINAL,18.31,18.31
29/08/2023 12:00:00 - 29/08/2023 13:00:00,SCA|NO3,mFRR,Not Specified,Not Specified,MARGINAL,18.74,14.5
29/08/2023 13:00:00 - 29/08/2023 14:00:00,SCA|NO3,mFRR,Not Specified,Not Specified,MARGINAL,18.53,11.0
29/08/2023 14:00:00 - 29/08/2023 15:00:00,SCA|NO3,mFRR,Not Specified,Not Specified,MARGINAL,18.81,10.0
29/08/2023 15:00:00 - 29/08/2023 16:00:00,SCA|NO3,mFRR,Not Specified,Not Specified,MARGINAL,23.14,23.14
29/08/2023 16:00:00 - 29/08/2023 17:00:00,SCA|NO3,mFRR,Not Specified,Not Specified,MARGINAL,24.0,24.0
29/08/2023 17:00:00 - 29/08/2023 18:00:00,SCA|NO3,mFRR,Not Specified,Not Specified,MARGINAL,24.08,24.08
29/08/2023 18:00:00 - 29/08/2023 19:00:00,SCA|NO3,mFRR,Not Specified,Not Specified,MARGINAL,24.94,24.94
29/08/2023 19:00:00 - 29/08/2023 20:00:00,SCA|NO3,mFRR,Not Specified,Not Specified,MARGINAL,25.97,25.97
29/08/2023 20:00:00 - 29/08/2023 21:00:00,SCA|NO3,mFRR,Not Specified,Not Specified,MARGINAL,28.66,21.0
29/08/2023 21:00:00 - 29/08/2023 22:00:00,SCA|NO3,mFRR,Not Specified,Not Specified,MARGINAL,27.56,21.0
29/08/2023 22:00:00 - 29/08/2023 23:00:00,SCA|NO3,mFRR,Not Specified,Not Specified,MARGINAL,24.64,24.64
29/08/2023 23:00:00 - 30/08/2023 00:00:00,SCA|NO3,mFRR,Not Specified,Not Specified,MARGINAL,21.03,21.03
30/08/2023 00:00:00 - 30/08/2023 01:00:00,SCA|NO3,mFRR,Not Specified,Not Specified,MARGINAL,29.86,21.0
30/08/2023 01:00:00 - 30/08/2023 02:00:00,SCA|NO3,mFRR,Not Specified,Not Specified,MARGINAL,27.96,16.0
30/08/2023 02:00:00 - 30/08/2023 03:00:00,SCA|NO3,mFRR,Not Specified,Not Specified,MARGINAL,26.98,16.0
30/08/2023 03:00:00 - 30/08/2023 04:00:00,SCA|NO3,mFRR,Not Specified,Not Specified,MARGINAL,26.93,16.0
30/08/2023 04:00:00 - 30/08/2023 05:00:00,SCA|NO3,mFRR,Not Specified,Not Specified,MARGINAL,26.93,16.0
30/08/2023 05:00:00 - 30/08/2023 06:00:00,SCA|NO3,mFRR,Not Specified,Not Specified,MARGINAL,28.7,16.0
30/08/2023 06:00:00 - 30/08/2023 07:00:00,SCA|NO3,mFRR,Not Specified,Not Specified,MARGINAL,27.52,27.52
30/08/2023 07:00:00 - 30/08/2023 08:00:00,SCA|NO3,mFRR,Not Specified,Not Specified,MARGINAL,30.21,30.21
30/08/2023 08:00:00 - 30/08/2023 09:00:00,SCA|NO3,mFRR,Not Specified,Not Specified,MARGINAL,33.35,33.35
30/08/2023 09:00:00 - 30/08/2023 10:00:00,SCA|NO3,mFRR,Not Specified,Not Specified,MARGINAL,33.58,33.58
30/08/2023 10:00:00 - 30/08/2023 11:00:00,SCA|NO3,mFRR,Not Specified,Not Specified,MARGINAL,33.83,33.83
30/08/2023 11:00:00 - 30/08/2023 12:00:00,SCA|NO3,mFRR,Not Specified,Not Specified,MARGINAL,33.53,33.53
30/08/2023 12:00:00 - 30/08/2023 13:00:00,SCA|NO3,mFRR,Not Specified,Not Specified,MARGINAL,29.89,29.89
30/08/2023 13:00:00 - 30/08/2023 14:00:00,SCA|NO3,mFRR,Not Specified,Not Specified,MARGINAL,29.42,24.0
30/08/2023 14:00:00 - 30/08/2023 15:00:00,SCA|NO3,mFRR,Not Specified,Not Specified,MARGINAL,52.62,28.0
30/08/2023 15:00:00 - 30/08/2023 16:00:00,SCA|NO3,mFRR,Not Specified,Not Specified,MARGINAL,61.0,29.37
30/08/2023 16:00:00 - 30/08/2023 17:00:00,SCA|NO3,mFRR,Not Specified,Not Specified,MARGINAL,54.76,33.22
30/08/2023 17:00:00 - 30/08/2023 18:00:00,SCA|NO3,mFRR,Not Specified,Not Specified,MARGINAL,30.32,30.32
30/08/2023 18:00:00 - 30/08/2023 19:00:00,SCA|NO3,mFRR,Not Specified,Not Specified,MARGINAL,30.28,30.28
30/08/2023 19:00:00 - 30/08/2023 20:00:00,SCA|NO3,mFRR,Not Specified,Not Specified,MARGINAL,42.0,31.07
30/08/2023 20:00:00 - 30/08/2023 21:00:00,SCA|NO3,mFRR,Not Specified,Not Specified,MARGINAL,42.66,32.38
30/08/2023 21:00:00 - 30/08/2023 22:00:00,SCA|NO3,mFRR,Not Specified,Not Specified,MARGINAL,42.66,33.04
30/08/2023 22:00:00 - 30/08/2023 23:00:00,SCA|NO3,mFRR,Not Specified,Not Specified,MARGINAL,44.9,30.3
30/08/2023 23:00:00 - 31/08/2023 00:00:00,SCA|NO3,mFRR,Not Specified,Not Specified,MARGINAL,46.06,29.06
31/08/2023 00:00:00 - 31/08/2023 01:00:00,SCA|NO3,mFRR,Not Specified,Not Specified,MARGINAL,60.0,35.42
31/08/2023 01:00:00 - 31/08/2023 02:00:00,SCA|NO3,mFRR,Not Specified,Not Specified,MARGINAL,35.08,35.08
31/08/2023 02:00:00 - 31/08/2023 03:00:00,SCA|NO3,mFRR,Not Specified,Not Specified,MARGINAL,34.67,34.67
31/08/2023 03:00:00 - 31/08/2023 04:00:00,SCA|NO3,mFRR,Not Specified,Not Specified,MARGINAL,32.83,26.0
31/08/2023 04:00:00 - 31/08/2023 05:00:00,SCA|NO3,mFRR,Not Specified,Not Specified,MARGINAL,31.65,21.0
31/08/2023 05:00:00 - 31/08/2023 06:00:00,SCA|NO3,mFRR,Not Specified,Not Specified,MARGINAL,34.41,21.0
31/08/2023 06:00:00 - 31/08/2023 07:00:00,SCA|NO3,mFRR,Not Specified,Not Specified,MARGINAL,34.52,34.52
31/08/2023 07:00:00 - 31/08/2023 08:00:00,SCA|NO3,mFRR,Not Specified,Not Specified,MARGINAL,35.98,35.98
31/08/2023 08:00:00 - 31/08/2023 09:00:00,SCA|NO3,mFRR,Not Specified,Not Specified,MARGINAL,39.99,25.0
31/08/2023 09:00:00 - 31/08/2023 10:00:00,SCA|NO3,mFRR,Not Specified,Not Specified,MARGINAL,41.35,25.0
31/08/2023 10:00:00 - 31/08/2023 11:00:00,SCA|NO3,mFRR,Not Specified,Not Specified,MARGINAL,41.47,25.0
31/08/2023 11:00:00 - 31/08/2023 12:00:00,SCA|NO3,mFRR,Not Specified,Not Specified,MARGINAL,39.24,25.0
31/08/2023 12:00:00 - 31/08/2023 13:00:00,SCA|NO3,mFRR,Not Specified,Not Specified,MARGINAL,35.53,25.0
31/08/2023 13:00:00 - 31/08/2023 14:00:00,SCA|NO3,mFRR,Not Specified,Not Specified,MARGINAL,35.04,17.0
31/08/2023 14:00:00 - 31/08/2023 15:00:00,SCA|NO3,mFRR,Not Specified,Not Specified,MARGINAL,34.16,14.15
31/08/2023 15:00:00 - 31/08/2023 16:00:00,SCA|NO3,mFRR,Not Specified,Not Specified,MARGINAL,33.62,14.15
31/08/2023 16:00:00 - 31/08/2023 17:00:00,SCA|NO3,mFRR,Not Specified,Not Specified,MARGINAL,33.54,12.5
31/08/2023 17:00:00 - 31/08/2023 18:00:00,SCA|NO3,mFRR,Not Specified,Not Specified,MARGINAL,33.13,12.5
31/08/2023 18:00:00 - 31/08/2023 19:00:00,SCA|NO3,mFRR,Not Specified,Not Specified,MARGINAL,31.99,13.0
31/08/2023 19:00:00 - 31/08/2023 20:00:00,SCA|NO3,mFRR,Not Specified,Not Specified,MARGINAL,30.04,13.0
31/08/2023 20:00:00 - 31/08/2023 21:00:00,SCA|NO3,mFRR,Not Specified,Not Specified,MARGINAL,30.11,13.0
31/08/2023 21:00:00 - 31/08/2023 22:00:00,SCA|NO3,mFRR,Not Specified,Not Specified,MARGINAL,28.93,13.0
31/08/2023 22:00:00 - 31/08/2023 23:00:00,SCA|NO3,mFRR,Not Specified,Not Specified,MARGINAL,28.15,12.5
31/08/2023 23:00:00 - 01/09/2023 00:00:00,SCA|NO3,mFRR,Not Specified,Not Specified,MARGINAL,26.79,6.0
01/09/2023 00:00:00 - 01/09/2023 01:00:00,SCA|NO3,mFRR,Not Specified,Not Specified,MARGINAL,20.19,14.63
01/09/2023 01:00:00 - 01/09/2023 02:00:00,SCA|NO3,mFRR,Not Specified,Not Specified,MARGINAL,19.78,19.78
01/09/2023 02:00:00 - 01/09/2023 03:00:00,SCA|NO3,mFRR,Not Specified,Not Specified,MARGINAL,18.97,18.97
01/09/2023 03:00:00 - 01/09/2023 04:00:00,SCA|NO3,mFRR,Not Specified,Not Specified,MARGINAL,18.88,18.88
01/09/2023 04:00:00 - 01/09/2023 05:00:00,SCA|NO3,mFRR,Not Specified,Not Specified,MARGINAL,18.98,18.98
01/09/2023 05:00:00 - 01/09/2023 06:00:00,SCA|NO3,mFRR,Not Specified,Not Specified,MARGINAL,19.89,19.89
01/09/2023 06:00:00 - 01/09/2023 07:00:00,SCA|NO3,mFRR,Not Specified,Not Specified,MARGINAL,21.48,14.0
01/09/2023 07:00:00 - 01/09/2023 08:00:00,SCA|NO3,mFRR,Not Specified,Not Specified,MARGINAL,23.69,18.5
01/09/2023 08:00:00 - 01/09/2023 09:00:00,SCA|NO3,mFRR,Not Specified,Not Specified,MARGINAL,26.39,26.39
01/09/2023 09:00:00 - 01/09/2023 10:00:00,SCA|NO3,mFRR,Not Specified,Not Specified,MARGINAL,29.66,29.66
01/09/2023 10:00:00 - 01/09/2023 11:00:00,SCA|NO3,mFRR,Not Specified,Not Specified,MARGINAL,30.68,30.68
01/09/2023 11:00:00 - 01/09/2023 12:00:00,SCA|NO3,mFRR,Not Specified,Not Specified,MARGINAL,31.14,31.14
01/09/2023 12:00:00 - 01/09/2023 13:00:00,SCA|NO3,mFRR,Not Specified,Not Specified,MARGINAL,32.0,32.0
01/09/2023 13:00:00 - 01/09/2023 14:00:00,SCA|NO3,mFRR,Not Specified,Not Specified,MARGINAL,28.15,18.5
01/09/2023 14:00:00 - 01/09/2023 15:00:00,SCA|NO3,mFRR,Not Specified,Not Specified,MARGINAL,26.39,14.5
01/09/2023 15:00:00 - 01/09/2023 16:00:00,SCA|NO3,mFRR,Not Specified,Not Specified,MARGINAL,29.95,14.5
01/09/2023 16:00:00 - 01/09/2023 17:00:00,SCA|NO3,mFRR,Not Specified,Not Specified,MARGINAL,30.29,14.5
01/09/2023 17:00:00 - 01/09/2023 18:00:00,SCA|NO3,mFRR,Not Specified,Not Specified,MARGINAL,31.88,14.5
01/09/2023 18:00:00 - 01/09/2023 19:00:00,SCA|NO3,mFRR,Not Specified,Not Specified,MARGINAL,31.95,17.71
01/09/2023 19:00:00 - 01/09/2023 20:00:00,SCA|NO3,mFRR,Not Specified,Not Specified,MARGINAL,30.12,17.71
01/09/2023 20:00:00 - 01/09/2023 21:00:00,SCA|NO3,mFRR,Not Specified,Not Specified,MARGINAL,26.71,17.71
01/09/2023 21:00:00 - 01/09/2023 22:00:00,SCA|NO3,mFRR,Not Specified,Not Specified,MARGINAL,23.84,20.0
01/09/2023 22:00:00 - 01/09/2023 23:00:00,SCA|NO3,mFRR,Not Specified,Not Specified,MARGINAL,21.97,15.0
01/09/2023 23:00:00 - 02/09/2023 00:00:00,SCA|NO3,mFRR,Not Specified,Not Specified,MARGINAL,20.13,15.0
02/09/2023 00:00:00 - 02/09/2023 01:00:00,SCA|NO3,mFRR,Not Specified,Not Specified,MARGINAL,18.89,15.0
02/09/2023 01:00:00 - 02/09/2023 02:00:00,SCA|NO3,mFRR,Not Specified,Not Specified,MARGINAL,18.04,18.04
02/09/2023 02:00:00 - 02/09/2023 03:00:00,SCA|NO3,mFRR,Not Specified,Not Specified,MARGINAL,17.33,17.33
02/09/2023 03:00:00 - 02/09/2023 04:00:00,SCA|NO3,mFRR,Not Specified,Not Specified,MARGINAL,16.71,16.71
02/09/2023 04:00:00 - 02/09/2023 05:00:00,SCA|NO3,mFRR,Not Specified,Not Specified,MARGINAL,17.08,17.08
02/09/2023 05:00:00 - 02/09/2023 06:00:00,SCA|NO3,mFRR,Not Specified,Not Specified,MARGINAL,16.52,16.52
02/09/2023 06:00:00 - 02/09/2023 07:00:00,SCA|NO3,mFRR,Not Specified,Not Specified,MARGINAL,18.41,12.0
02/09/2023 07:00:00 - 02/09/2023 08:00:00,SCA|NO3,mFRR,Not Specified,Not Specified,MARGINAL,19.35,12.0
02/09/2023 08:00:00 - 02/09/2023 09:00:00,SCA|NO3,mFRR,Not Specified,Not Specified,MARGINAL,19.61,19.61
02/09/2023 09:00:00 - 02/09/2023 10:00:00,SCA|NO3,mFRR,Not Specified,Not Specified,MARGINAL,20.19,20.19
02/09/2023 10:00:00 - 02/09/2023 11:00:00,SCA|NO3,mFRR,Not Specified,Not Specified,MARGINAL,20.4,20.4
02/09/2023 11:00:00 - 02/09/2023 12:00:00,SCA|NO3,mFRR,Not Specified,Not Specified,MARGINAL,20.3,20.3
02/09/2023 12:00:00 - 02/09/2023 13:00:00,SCA|NO3,mFRR,Not Specified,Not Specified,MARGINAL,19.73,19.73
02/09/2023 13:00:00 - 02/09/2023 14:00:00,SCA|NO3,mFRR,Not Specified,Not Specified,MARGINAL,19.49,19.49
02/09/2023 14:00:00 - 02/09/2023 15:00:00,SCA|NO3,mFRR,Not Specified,Not Specified,MARGINAL,19.48,19.48
02/09/2023 15:00:00 - 02/09/2023 16:00:00,SCA|NO3,mFRR,Not Specified,Not Specified,MARGINAL,20.49,11.0
02/09/2023 16:00:00 - 02/09/2023 17:00:00,SCA|NO3,mFRR,Not Specified,Not Specified,MARGINAL,21.68,10.4
02/09/2023 17:00:00 - 02/09/2023 18:00:00,SCA|NO3,mFRR,Not Specified,Not Specified,MARGINAL,23.36,10.54
02/09/2023 18:00:00 - 02/09/2023 19:00:00,SCA|NO3,mFRR,Not Specified,Not Specified,MARGINAL,24.48,11.0
02/09/2023 19:00:00 - 02/09/2023 20:00:00,SCA|NO3,mFRR,Not Specified,Not Specified,MARGINAL,24.98,16.0
02/09/2023 20:00:00 - 02/09/2023 21:00:00,SCA|NO3,mFRR,Not Specified,Not Specified,MARGINAL,24.91,14.5
02/09/2023 21:00:00 - 02/09/2023 22:00:00,SCA|NO3,mFRR,Not Specified,Not Specified,MARGINAL,23.52,10.0
02/09/2023 22:00:00 - 02/09/2023 23:00:00,SCA|NO3,mFRR,Not Specified,Not Specified,MARGINAL,21.54,0.87
02/09/2023 23:00:00 - 03/09/2023 00:00:00,SCA|NO3,mFRR,Not Specified,Not Specified,MARGINAL,20.91,-4.0
03/09/2023 00:00:00 - 03/09/2023 01:00:00,SCA|NO3,mFRR,Not Specified,Not Specified,MARGINAL,19.8,-3.0
03/09/2023 01:00:00 - 03/09/2023 02:00:00,SCA|NO3,mFRR,Not Specified,Not Specified,MARGINAL,19.38,-3.0
03/09/2023 02:00:00 - 03/09/2023 03:00:00,SCA|NO3,mFRR,Not Specified,Not Specified,,,
03/09/2023 03:00:00 - 03/09/2023 04:00:00,SCA|NO3,mFRR,Not Specified,Not Specified,MARGINAL,19.25,4.0
03/09/2023 04:00:00 - 03/09/2023 05:00:00,SCA|NO3,mFRR,Not Specified,Not Specified,MARGINAL,19.58,7.0
03/09/2023 05:00:00 - 03/09/2023 06:00:00,SCA|NO3,mFRR,Not Specified,Not Specified,MARGINAL,19.72,0.5
03/09/2023 06:00:00 - 03/09/2023 07:00:00,SCA|NO3,mFRR,Not Specified,Not Specified,MARGINAL,19.68,0.0
03/09/2023 07:00:00 - 03/09/2023 08:00:00,SCA|NO3,mFRR,Not Specified,Not Specified,MARGINAL,20.78,0.0
03/09/2023 08:00:00 - 03/09/2023 09:00:00,SCA|NO3,mFRR,Not Specified,Not Specified,MARGINAL,22.29,5.38
03/09/2023 09:00:00 - 03/09/2023 10:00:00,SCA|NO3,mFRR,Not Specified,Not Specified,MARGINAL,21.03,10.0
03/09/2023 10:00:00 - 03/09/2023 11:00:00,SCA|NO3,mFRR,Not Specified,Not Specified,MARGINAL,19.94,12.0
03/09/2023 11:00:00 - 03/09/2023 12:00:00,SCA|NO3,mFRR,Not Specified,Not Specified,MARGINAL,19.79,12.0
03/09/2023 12:00:00 - 03/09/2023 13:00:00,SCA|NO3,mFRR,Not Specified,Not Specified,MARGINAL,19.49,2.0
03/09/2023 13:00:00 - 03/09/2023 14:00:00,SCA|NO3,mFRR,Not Specified,Not Specified,MARGINAL,11.61,-3.0
03/09/2023 14:00:00 - 03/09/2023 15:00:00,SCA|NO3,mFRR,Not Specified,Not Specified,MARGINAL,4.94,-4.5
03/09/2023 15:00:00 - 03/09/2023 16:00:00,SCA|NO3,mFRR,Not Specified,Not Specified,MARGINAL,15.71,-2.0
03/09/2023 16:00:00 - 03/09/2023 17:00:00,SCA|NO3,mFRR,Not Specified,Not Specified,MARGINAL,19.52,13.0
03/09/2023 17:00:00 - 03/09/2023 18:00:00,SCA|NO3,mFRR,Not Specified,Not Specified,MARGINAL,19.57,11.0
03/09/2023 18:00:00 - 03/09/2023 19:00:00,SCA|NO3,mFRR,Not Specified,Not Specified,MARGINAL,19.65,9.0
03/09/2023 19:00:00 - 03/09/2023 20:00:00,SCA|NO3,mFRR,Not Specified,Not Specified,MARGINAL,19.67,10.5
03/09/2023 20:00:00 - 03/09/2023 21:00:00,SCA|NO3,mFRR,Not Specified,Not Specified,MARGINAL,19.62,6.54
03/09/2023 21:00:00 - 03/09/2023 22:00:00,SCA|NO3,mFRR,Not Specified,Not Specified,MARGINAL,15.96,15.96
03/09/2023 22:00:00 - 03/09/2023 23:00:00,SCA|NO3,mFRR,Not Specified,Not Specified,MARGINAL,9.68,-0.32
03/09/2023 23:00:00 - 04/09/2023 00:00:00,SCA|NO3,mFRR,Not Specified,Not Specified,MARGINAL,1.39,-5.5
04/09/2023 00:00:00 - 04/09/2023 01:00:00,SCA|NO3,mFRR,Not Specified,Not Specified,MARGINAL,-0.19,-5.0
04/09/2023 01:00:00 - 04/09/2023 02:00:00,SCA|NO3,mFRR,Not Specified,Not Specified,MARGINAL,-1.21,-5.0
04/09/2023 02:00:00 - 04/09/2023 03:00:00,SCA|NO3,mFRR,Not Specified,Not Specified,MARGINAL,-1.66,-5.0
04/09/2023 03:00:00 - 04/09/2023 04:00:00,SCA|NO3,mFRR,Not Specified,Not Specified,MARGINAL,-1.8,-5.5
04/09/2023 04:00:00 - 04/09/2023 05:00:00,SCA|NO3,mFRR,Not Specified,Not Specified,MARGINAL,-1.61,-6.0
04/09/2023 05:00:00 - 04/09/2023 06:00:00,SCA|NO3,mFRR,Not Specified,Not Specified,MARGINAL,-0.14,-6.0
04/09/2023 06:00:00 - 04/09/2023 07:00:00,SCA|NO3,mFRR,Not Specified,Not Specified,MARGINAL,2.61,-6.14
04/09/2023 07:00:00 - 04/09/2023 08:00:00,SCA|NO3,mFRR,Not Specified,Not Specified,MARGINAL,12.77,-3.0
04/09/2023 08:00:00 - 04/09/2023 09:00:00,SCA|NO3,mFRR,Not Specified,Not Specified,MARGINAL,15.69,15.69
04/09/2023 09:00:00 - 04/09/2023 10:00:00,SCA|NO3,mFRR,Not Specified,Not Specified,MARGINAL,28.52,17.19
04/09/2023 10:00:00 - 04/09/2023 11:00:00,SCA|NO3,mFRR,Not Specified,Not Specified,MARGINAL,20.0,12.0
04/09/2023 11:00:00 - 04/09/2023 12:00:00,SCA|NO3,mFRR,Not Specified,Not Specified,MARGINAL,17.9,12.0
04/09/2023 12:00:00 - 04/09/2023 13:00:00,SCA|NO3,mFRR,Not Specified,Not Specified,MARGINAL,19.04,10.0
04/09/2023 13:00:00 - 04/09/2023 14:00:00,SCA|NO3,mFRR,Not Specified,Not Specified,MARGINAL,19.4,4.93
04/09/2023 14:00:00 - 04/09/2023 15:00:00,SCA|NO3,mFRR,Not Specified,Not Specified,MARGINAL,17.48,1.0
04/09/2023 15:00:00 - 04/09/2023 16:00:00,SCA|NO3,mFRR,Not Specified,Not Specified,MARGINAL,14.68,0.0
04/09/2023 16:00:00 - 04/09/2023 17:00:00,SCA|NO3,mFRR,Not Specified,Not Specified,MARGINAL,12.34,-3.0
04/09/2023 17:00:00 - 04/09/2023 18:00:00,SCA|NO3,mFRR,Not Specified,Not Specified,MARGINAL,4.95,-5.0
04/09/2023 18:00:00 - 04/09/2023 19:00:00,SCA|NO3,mFRR,Not Specified,Not Specified,MARGINAL,2.28,-5.0
04/09/2023 19:00:00 - 04/09/2023 20:00:00,SCA|NO3,mFRR,Not Specified,Not Specified,MARGINAL,0.59,-5.0
04/09/2023 20:00:00 - 04/09/2023 21:00:00,SCA|NO3,mFRR,Not Specified,Not Specified,MARGINAL,0.0,-5.5
04/09/2023 21:00:00 - 04/09/2023 22:00:00,SCA|NO3,mFRR,Not Specified,Not Specified,MARGINAL,-0.08,-7.0
04/09/2023 22:00:00 - 04/09/2023 23:00:00,SCA|NO3,mFRR,Not Specified,Not Specified,MARGINAL,-1.54,-7.0
04/09/2023 23:00:00 - 05/09/2023 00:00:00,SCA|NO3,mFRR,Not Specified,Not Specified,MARGINAL,-2.1,-6.14
05/09/2023 00:00:00 - 05/09/2023 01:00:00,SCA|NO3,mFRR,Not Specified,Not Specified,MARGINAL,-2.45,-6.0
05/09/2023 01:00:00 - 05/09/2023 02:00:00,SCA|NO3,mFRR,Not Specified,Not Specified,MARGINAL,-2.02,-2.02
05/09/2023 02:00:00 - 05/09/2023 03:00:00,SCA|NO3,mFRR,Not Specified,Not Specified,MARGINAL,-1.77,-1.77
05/09/2023 03:00:00 - 05/09/2023 04:00:00,SCA|NO3,mFRR,Not Specified,Not Specified,MARGINAL,-0.65,-8.0
05/09/2023 04:00:00 - 05/09/2023 05:00:00,SCA|NO3,mFRR,Not Specified,Not Specified,MARGINAL,0.01,-8.0
05/09/2023 05:00:00 - 05/09/2023 06:00:00,SCA|NO3,mFRR,Not Specified,Not Specified,MARGINAL,4.03,-2.5
05/09/2023 06:00:00 - 05/09/2023 07:00:00,SCA|NO3,mFRR,Not Specified,Not Specified,MARGINAL,14.35,1.0
05/09/2023 07:00:00 - 05/09/2023 08:00:00,SCA|NO3,mFRR,Not Specified,Not Specified,MARGINAL,17.52,5.0
05/09/2023 08:00:00 - 05/09/2023 09:00:00,SCA|NO3,mFRR,Not Specified,Not Specified,MARGINAL,17.64,12.92
05/09/2023 09:00:00 - 05/09/2023 10:00:00,SCA|NO3,mFRR,Not Specified,Not Specified,MARGINAL,17.32,12.92
05/09/2023 10:00:00 - 05/09/2023 11:00:00,SCA|NO3,mFRR,Not Specified,Not Specified,MARGINAL,16.44,4.0
05/09/2023 11:00:00 - 05/09/2023 12:00:00,SCA|NO3,mFRR,Not Specified,Not Specified,MARGINAL,14.86,-3.0
05/09/2023 12:00:00 - 05/09/2023 13:00:00,SCA|NO3,mFRR,Not Specified,Not Specified,MARGINAL,14.0,-4.0
05/09/2023 13:00:00 - 05/09/2023 14:00:00,SCA|NO3,mFRR,Not Specified,Not Specified,MARGINAL,9.12,-3.0
05/09/2023 14:00:00 - 05/09/2023 15:00:00,SCA|NO3,mFRR,Not Specified,Not Specified,AVERAGE,12.13,-3.0
05/09/2023 15:00:00 - 05/09/2023 16:00:00,SCA|NO3,mFRR,Not Specified,Not Specified,MARGINAL,12.83,-3.0
05/09/2023 16:00:00 - 05/09/2023 17:00:00,SCA|NO3,mFRR,Not Specified,Not Specified,MARGINAL,13.01,-2.5
05/09/2023 17:00:00 - 05/09/2023 18:00:00,SCA|NO3,mFRR,Not Specified,Not Specified,MARGINAL,25.0,-2.5
05/09/2023 18:00:00 - 05/09/2023 19:00:00,SCA|NO3,mFRR,Not Specified,Not Specified,MARGINAL,25.0,10.42
05/09/2023 19:00:00 - 05/09/2023 20:00:00,SCA|NO3,mFRR,Not Specified,Not Specified,AVERAGE,21.0,6.33
05/09/2023 20:00:00 - 05/09/2023 21:00:00,SCA|NO3,mFRR,Not Specified,Not Specified,MARGINAL,3.58,3.58
05/09/2023 21:00:00 - 05/09/2023 22:00:00,SCA|NO3,mFRR,Not Specified,Not Specified,MARGINAL,1.75,1.75
05/09/2023 22:00:00 - 05/09/2023 23:00:00,SCA|NO3,mFRR,Not Specified,Not Specified,MARGINAL,0.23,-5.5
05/09/2023 23:00:00 - 06/09/2023 00:00:00,SCA|NO3,mFRR,Not Specified,Not Specified,MARGINAL,-0.16,-6.0
06/09/2023 00:00:00 - 06/09/2023 01:00:00,SCA|NO3,mFRR,Not Specified,Not Specified,MARGINAL,-1.12,-6.0
06/09/2023 01:00:00 - 06/09/2023 02:00:00,SCA|NO3,mFRR,Not Specified,Not Specified,MARGINAL,-1.04,-22.21
06/09/2023 02:00:00 - 06/09/2023 03:00:00,SCA|NO3,mFRR,Not Specified,Not Specified,MARGINAL,-1.01,-50.0
06/09/2023 03:00:00 - 06/09/2023 04:00:00,SCA|NO3,mFRR,Not Specified,Not Specified,MARGINAL,0.0,-100.0
06/09/2023 04:00:00 - 06/09/2023 05:00:00,SCA|NO3,mFRR,Not Specified,Not Specified,MARGINAL,0.74,-350.0
06/09/2023 05:00:00 - 06/09/2023 06:00:00,SCA|NO3,mFRR,Not Specified,Not Specified,MARGINAL,2.0,-998.0
06/09/2023 06:00:00 - 06/09/2023 07:00:00,SCA|NO3,mFRR,Not Specified,Not Specified,MARGINAL,9.95,-55.0
06/09/2023 07:00:00 - 06/09/2023 08:00:00,SCA|NO3,mFRR,Not Specified,Not Specified,MARGINAL,14.94,-5.0
06/09/2023 08:00:00 - 06/09/2023 09:00:00,SCA|NO3,mFRR,Not Specified,Not Specified,MARGINAL,19.32,6.5
06/09/2023 09:00:00 - 06/09/2023 10:00:00,SCA|NO3,mFRR,Not Specified,Not Specified,MARGINAL,19.86,12.0
06/09/2023 10:00:00 - 06/09/2023 11:00:00,SCA|NO3,mFRR,Not Specified,Not Specified,MARGINAL,19.2,19.2
06/09/2023 11:00:00 - 06/09/2023 12:00:00,SCA|NO3,mFRR,Not Specified,Not Specified,MARGINAL,18.92,18.92
06/09/2023 12:00:00 - 06/09/2023 13:00:00,SCA|NO3,mFRR,Not Specified,Not Specified,MARGINAL,18.2,18.2
06/09/2023 13:00:00 - 06/09/2023 14:00:00,SCA|NO3,mFRR,Not Specified,Not Specified,MARGINAL,33.06,18.33
06/09/2023 14:00:00 - 06/09/2023 15:00:00,SCA|NO3,mFRR,Not Specified,Not Specified,MARGINAL,32.05,20.4
06/09/2023 15:00:00 - 06/09/2023 16:00:00,SCA|NO3,mFRR,Not Specified,Not Specified,MARGINAL,30.28,24.12
06/09/2023 16:00:00 - 06/09/2023 17:00:00,SCA|NO3,mFRR,Not Specified,Not Specified,MARGINAL,19.21,16.5
06/09/2023 17:00:00 - 06/09/2023 18:00:00,SCA|NO3,mFRR,Not Specified,Not Specified,MARGINAL,19.09,19.09
06/09/2023 18:00:00 - 06/09/2023 19:00:00,SCA|NO3,mFRR,Not Specified,Not Specified,MARGINAL,34.82,18.95
06/09/2023 19:00:00 - 06/09/2023 20:00:00,SCA|NO3,mFRR,Not Specified,Not Specified,MARGINAL,34.75,18.86
06/09/2023 20:00:00 - 06/09/2023 21:00:00,SCA|NO3,mFRR,Not Specified,Not Specified,MARGINAL,19.08,19.08
06/09/2023 21:00:00 - 06/09/2023 22:00:00,SCA|NO3,mFRR,Not Specified,Not Specified,MARGINAL,18.93,13.42
06/09/2023 22:00:00 - 06/09/2023 23:00:00,SCA|NO3,mFRR,Not Specified,Not Specified,MARGINAL,18.86,13.42
06/09/2023 23:00:00 - 07/09/2023 00:00:00,SCA|NO3,mFRR,Not Specified,Not Specified,MARGINAL,17.2,7.5
07/09/2023 00:00:00 - 07/09/2023 01:00:00,SCA|NO3,mFRR,Not Specified,Not Specified,MARGINAL,14.19,14.19
07/09/2023 01:00:00 - 07/09/2023 02:00:00,SCA|NO3,mFRR,Not Specified,Not Specified,MARGINAL,12.85,12.85
07/09/2023 02:00:00 - 07/09/2023 03:00:00,SCA|NO3,mFRR,Not Specified,Not Specified,MARGINAL,12.64,12.64
07/09/2023 03:00:00 - 07/09/2023 04:00:00,SCA|NO3,mFRR,Not Specified,Not Specified,MARGINAL,19.0,12.58
07/09/2023 04:00:00 - 07/09/2023 05:00:00,SCA|NO3,mFRR,Not Specified,Not Specified,MARGINAL,23.0,12.72
07/09/2023 05:00:00 - 07/09/2023 06:00:00,SCA|NO3,mFRR,Not Specified,Not Specified,MARGINAL,25.5,14.29
07/09/2023 06:00:00 - 07/09/2023 07:00:00,SCA|NO3,mFRR,Not Specified,Not Specified,MARGINAL,28.0,17.63
07/09/2023 07:00:00 - 07/09/2023 08:00:00,SCA|NO3,mFRR,Not Specified,Not Specified,MARGINAL,28.0,17.92
07/09/2023 08:00:00 - 07/09/2023 09:00:00,SCA|NO3,mFRR,Not Specified,Not Specified,MARGINAL,21.45,21.45
07/09/2023 09:00:00 - 07/09/2023 10:00:00,SCA|NO3,mFRR,Not Specified,Not Specified,MARGINAL,22.7,22.7
07/09/2023 10:00:00 - 07/09/2023 11:00:00,SCA|NO3,mFRR,Not Specified,Not Specified,MARGINAL,29.0,20.98
07/09/2023 11:00:00 - 07/09/2023 12:00:00,SCA|NO3,mFRR,Not Specified,Not Specified,MARGINAL,29.3,19.85
07/09/2023 12:00:00 - 07/09/2023 13:00:00,SCA|NO3,mFRR,Not Specified,Not Specified,MARGINAL,29.65,19.0
07/09/2023 13:00:00 - 07/09/2023 14:00:00,SCA|NO3,mFRR,Not Specified,Not Specified,MARGINAL,18.57,18.57
07/09/2023 14:00:00 - 07/09/2023 15:00:00,SCA|NO3,mFRR,Not Specified,Not Specified,MARGINAL,18.15,18.15
07/09/2023 15:00:00 - 07/09/2023 16:00:00,SCA|NO3,mFRR,Not Specified,Not Specified,MARGINAL,16.81,16.81
07/09/2023 16:00:00 - 07/09/2023 17:00:00,SCA|NO3,mFRR,Not Specified,Not Specified,MARGINAL,32.0,16.73
07/09/2023 17:00:00 - 07/09/2023 18:00:00,SCA|NO3,mFRR,Not Specified,Not Specified,MARGINAL,32.0,16.67
07/09/2023 18:00:00 - 07/09/2023 19:00:00,SCA|NO3,mFRR,Not Specified,Not Specified,MARGINAL,23.0,16.5
07/09/2023 19:00:00 - 07/09/2023 20:00:00,SCA|NO3,mFRR,Not Specified,Not Specified,MARGINAL,16.43,16.43
07/09/2023 20:00:00 - 07/09/2023 21:00:00,SCA|NO3,mFRR,Not Specified,Not Specified,MARGINAL,16.6,16.6
07/09/2023 21:00:00 - 07/09/2023 22:00:00,SCA|NO3,mFRR,Not Specified,Not Specified,MARGINAL,16.47,16.47
07/09/2023 22:00:00 - 07/09/2023 23:00:00,SCA|NO3,mFRR,Not Specified,Not Specified,MARGINAL,15.63,15.63
07/09/2023 23:00:00 - 08/09/2023 00:00:00,SCA|NO3,mFRR,Not Specified,Not Specified,MARGINAL,12.93,12.93
08/09/2023 00:00:00 - 08/09/2023 01:00:00,SCA|NO3,mFRR,Not Specified,Not Specified,MARGINAL,15.25,15.25
08/09/2023 01:00:00 - 08/09/2023 02:00:00,SCA|NO3,mFRR,Not Specified,Not Specified,MARGINAL,15.35,15.35
08/09/2023 02:00:00 - 08/09/2023 03:00:00,SCA|NO3,mFRR,Not Specified,Not Specified,MARGINAL,15.34,15.34
08/09/2023 03:00:00 - 08/09/2023 04:00:00,SCA|NO3,mFRR,Not Specified,Not Specified,MARGINAL,15.31,10.0
08/09/2023 04:00:00 - 08/09/2023 05:00:00,SCA|NO3,mFRR,Not Specified,Not Specified,MARGINAL,15.24,10.0
08/09/2023 05:00:00 - 08/09/2023 06:00:00,SCA|NO3,mFRR,Not Specified,Not Specified,MARGINAL,15.08,15.08
08/09/2023 06:00:00 - 08/09/2023 07:00:00,SCA|NO3,mFRR,Not Specified,Not Specified,MARGINAL,15.31,15.31
08/09/2023 07:00:00 - 08/09/2023 08:00:00,SCA|NO3,mFRR,Not Specified,Not Specified,MARGINAL,15.58,15.58
08/09/2023 08:00:00 - 08/09/2023 09:00:00,SCA|NO3,mFRR,Not Specified,Not Specified,MARGINAL,15.82,15.82
08/09/2023 09:00:00 - 08/09/2023 10:00:00,SCA|NO3,mFRR,Not Specified,Not Specified,MARGINAL,15.78,15.78
08/09/2023 10:00:00 - 08/09/2023 11:00:00,SCA|NO3,mFRR,Not Specified,Not Specified,MARGINAL,15.73,14.5
08/09/2023 11:00:00 - 08/09/2023 12:00:00,SCA|NO3,mFRR,Not Specified,Not Specified,MARGINAL,15.67,14.5
08/09/2023 12:00:00 - 08/09/2023 13:00:00,SCA|NO3,mFRR,Not Specified,Not Specified,MARGINAL,15.73,11.0
08/09/2023 13:00:00 - 08/09/2023 14:00:00,SCA|NO3,mFRR,Not Specified,Not Specified,MARGINAL,15.69,11.0
08/09/2023 14:00:00 - 08/09/2023 15:00:00,SCA|NO3,mFRR,Not Specified,Not Specified,MARGINAL,15.59,11.0
08/09/2023 15:00:00 - 08/09/2023 16:00:00,SCA|NO3,mFRR,Not Specified,Not Specified,MARGINAL,15.47,15.47
08/09/2023 16:00:00 - 08/09/2023 17:00:00,SCA|NO3,mFRR,Not Specified,Not Specified,MARGINAL,15.22,7.0
08/09/2023 17:00:00 - 08/09/2023 18:00:00,SCA|NO3,mFRR,Not Specified,Not Specified,MARGINAL,15.15,7.0
08/09/2023 18:00:00 - 08/09/2023 19:00:00,SCA|NO3,mFRR,Not Specified,Not Specified,MARGINAL,15.07,15.07
08/09/2023 19:00:00 - 08/09/2023 20:00:00,SCA|NO3,mFRR,Not Specified,Not Specified,MARGINAL,14.82,14.82
08/09/2023 20:00:00 - 08/09/2023 21:00:00,SCA|NO3,mFRR,Not Specified,Not Specified,MARGINAL,14.79,14.79
08/09/2023 21:00:00 - 08/09/2023 22:00:00,SCA|NO3,mFRR,Not Specified,Not Specified,MARGINAL,13.34,13.34
08/09/2023 22:00:00 - 08/09/2023 23:00:00,SCA|NO3,mFRR,Not Specified,Not Specified,MARGINAL,11.76,11.76
08/09/2023 23:00:00 - 09/09/2023 00:00:00,SCA|NO3,mFRR,Not Specified,Not Specified,MARGINAL,9.73,9.73
09/09/2023 00:00:00 - 09/09/2023 01:00:00,SCA|NO3,mFRR,Not Specified,Not Specified,MARGINAL,11.53,11.53
09/09/2023 01:00:00 - 09/09/2023 02:00:00,SCA|NO3,mFRR,Not Specified,Not Specified,MARGINAL,11.15,0.44
09/09/2023 02:00:00 - 09/09/2023 03:00:00,SCA|NO3,mFRR,Not Specified,Not Specified,MARGINAL,10.9,0.0
09/09/2023 03:00:00 - 09/09/2023 04:00:00,SCA|NO3,mFRR,Not Specified,Not Specified,MARGINAL,10.83,-2.0
09/09/2023 04:00:00 - 09/09/2023 05:00:00,SCA|NO3,mFRR,Not Specified,Not Specified,MARGINAL,10.64,-3.0
09/09/2023 05:00:00 - 09/09/2023 06:00:00,SCA|NO3,mFRR,Not Specified,Not Specified,MARGINAL,8.76,-3.0
09/09/2023 06:00:00 - 09/09/2023 07:00:00,SCA|NO3,mFRR,Not Specified,Not Specified,MARGINAL,10.01,-5.0
09/09/2023 07:00:00 - 09/09/2023 08:00:00,SCA|NO3,mFRR,Not Specified,Not Specified,MARGINAL,10.55,-5.0
09/09/2023 08:00:00 - 09/09/2023 09:00:00,SCA|NO3,mFRR,Not Specified,Not Specified,MARGINAL,12.52,-3.0
09/09/2023 09:00:00 - 09/09/2023 10:00:00,SCA|NO3,mFRR,Not Specified,Not Specified,MARGINAL,15.28,5.0
09/09/2023 10:00:00 - 09/09/2023 11:00:00,SCA|NO3,mFRR,Not Specified,Not Specified,MARGINAL,15.51,8.5
09/09/2023 11:00:00 - 09/09/2023 12:00:00,SCA|NO3,mFRR,Not Specified,Not Specified,MARGINAL,15.5,8.5
09/09/2023 12:00:00 - 09/09/2023 13:00:00,SCA|NO3,mFRR,Not Specified,Not Specified,MARGINAL,15.05,8.5
09/09/2023 13:00:00 - 09/09/2023 14:00:00,SCA|NO3,mFRR,Not Specified,Not Specified,MARGINAL,10.66,-2.0
09/09/2023 14:00:00 - 09/09/2023 15:00:00,SCA|NO3,mFRR,Not Specified,Not Specified,MARGINAL,11.68,-2.0
09/09/2023 15:00:00 - 09/09/2023 16:00:00,SCA|NO3,mFRR,Not Specified,Not Specified,MARGINAL,13.31,0.0
09/09/2023 16:00:00 - 09/09/2023 17:00:00,SCA|NO3,mFRR,Not Specified,Not Specified,MARGINAL,13.51,0.0
09/09/2023 17:00:00 - 09/09/2023 18:00:00,SCA|NO3,mFRR,Not Specified,Not Specified,MARGINAL,13.42,0.0
09/09/2023 18:00:00 - 09/09/2023 19:00:00,SCA|NO3,mFRR,Not Specified,Not Specified,MARGINAL,12.34,4.0
09/09/2023 19:00:00 - 09/09/2023 20:00:00,SCA|NO3,mFRR,Not Specified,Not Specified,MARGINAL,10.11,-5.0
09/09/2023 20:00:00 - 09/09/2023 21:00:00,SCA|NO3,mFRR,Not Specified,Not Specified,MARGINAL,3.1,-5.0
09/09/2023 21:00:00 - 09/09/2023 22:00:00,SCA|NO3,mFRR,Not Specified,Not Specified,MARGINAL,1.93,-10.0
09/09/2023 22:00:00 - 09/09/2023 23:00:00,SCA|NO3,mFRR,Not Specified,Not Specified,MARGINAL,0.87,-10.0
09/09/2023 23:00:00 - 10/09/2023 00:00:00,SCA|NO3,mFRR,Not Specified,Not Specified,MARGINAL,-0.36,-7.0
10/09/2023 00:00:00 - 10/09/2023 01:00:00,SCA|NO3,mFRR,Not Specified,Not Specified,MARGINAL,-2.02,-5.5
10/09/2023 01:00:00 - 10/09/2023 02:00:00,SCA|NO3,mFRR,Not Specified,Not Specified,MARGINAL,-1.79,-5.5
10/09/2023 02:00:00 - 10/09/2023 03:00:00,SCA|NO3,mFRR,Not Specified,Not Specified,MARGINAL,-1.16,-5.0
10/09/2023 03:00:00 - 10/09/2023 04:00:00,SCA|NO3,mFRR,Not Specified,Not Specified,MARGINAL,-0.39,-5.0
10/09/2023 04:00:00 - 10/09/2023 05:00:00,SCA|NO3,mFRR,Not Specified,Not Specified,MARGINAL,6.6,0.54
10/09/2023 05:00:00 - 10/09/2023 06:00:00,SCA|NO3,mFRR,Not Specified,Not Specified,MARGINAL,8.5,0.42
10/09/2023 06:00:00 - 10/09/2023 07:00:00,SCA|NO3,mFRR,Not Specified,Not Specified,MARGINAL,8.5,2.24
10/09/2023 07:00:00 - 10/09/2023 08:00:00,SCA|NO3,mFRR,Not Specified,Not Specified,MARGINAL,8.5,4.94
10/09/2023 08:00:00 - 10/09/2023 09:00:00,SCA|NO3,mFRR,Not Specified,Not Specified,MARGINAL,10.16,10.16
10/09/2023 09:00:00 - 10/09/2023 10:00:00,SCA|NO3,mFRR,Not Specified,Not Specified,MARGINAL,11.28,11.28
10/09/2023 10:00:00 - 10/09/2023 11:00:00,SCA|NO3,mFRR,Not Specified,Not Specified,MARGINAL,11.58,11.58
10/09/2023 11:00:00 - 10/09/2023 12:00:00,SCA|NO3,mFRR,Not Specified,Not Specified,MARGINAL,15.0,11.49
10/09/2023 12:00:00 - 10/09/2023 13:00:00,SCA|NO3,mFRR,Not Specified,Not Specified,MARGINAL,17.7,8.28
10/09/2023 13:00:00 - 10/09/2023 14:00:00,SCA|NO3,mFRR,Not Specified,Not Specified,MARGINAL,16.0,1.92
10/09/2023 14:00:00 - 10/09/2023 15:00:00,SCA|NO3,mFRR,Not Specified,Not Specified,MARGINAL,5.48,5.48
10/09/2023 15:00:00 - 10/09/2023 16:00:00,SCA|NO3,mFRR,Not Specified,Not Specified,MARGINAL,21.5,13.15
10/09/2023 16:00:00 - 10/09/2023 17:00:00,SCA|NO3,mFRR,Not Specified,Not Specified,MARGINAL,21.5,13.47
10/09/2023 17:00:00 - 10/09/2023 18:00:00,SCA|NO3,mFRR,Not Specified,Not Specified,MARGINAL,27.07,14.33
10/09/2023 18:00:00 - 10/09/2023 19:00:00,SCA|NO3,mFRR,Not Specified,Not Specified,MARGINAL,26.01,15.04
10/09/2023 19:00:00 - 10/09/2023 20:00:00,SCA|NO3,mFRR,Not Specified,Not Specified,MARGINAL,25.0,15.53
10/09/2023 20:00:00 - 10/09/2023 21:00:00,SCA|NO3,mFRR,Not Specified,Not Specified,MARGINAL,25.0,15.61
10/09/2023 21:00:00 - 10/09/2023 22:00:00,SCA|NO3,mFRR,Not Specified,Not Specified,MARGINAL,20.0,15.52
10/09/2023 22:00:00 - 10/09/2023 23:00:00,SCA|NO3,mFRR,Not Specified,Not Specified,MARGINAL,15.23,15.23
10/09/2023 23:00:00 - 11/09/2023 00:00:00,SCA|NO3,mFRR,Not Specified,Not Specified,MARGINAL,15.15,15.15
11/09/2023 00:00:00 - 11/09/2023 01:00:00,SCA|NO3,mFRR,Not Specified,Not Specified,MARGINAL,15.3,15.3
11/09/2023 01:00:00 - 11/09/2023 02:00:00,SCA|NO3,mFRR,Not Specified,Not Specified,MARGINAL,15.39,12.5
11/09/2023 02:00:00 - 11/09/2023 03:00:00,SCA|NO3,mFRR,Not Specified,Not Specified,MARGINAL,15.38,12.5
11/09/2023 03:00:00 - 11/09/2023 04:00:00,SCA|NO3,mFRR,Not Specified,Not Specified,MARGINAL,15.36,12.5
11/09/2023 04:00:00 - 11/09/2023 05:00:00,SCA|NO3,mFRR,Not Specified,Not Specified,MARGINAL,15.3,12.5
11/09/2023 05:00:00 - 11/09/2023 06:00:00,SCA|NO3,mFRR,Not Specified,Not Specified,MARGINAL,15.16,7.0
11/09/2023 06:00:00 - 11/09/2023 07:00:00,SCA|NO3,mFRR,Not Specified,Not Specified,MARGINAL,15.16,6.0
11/09/2023 07:00:00 - 11/09/2023 08:00:00,SCA|NO3,mFRR,Not Specified,Not Specified,MARGINAL,15.31,6.0
11/09/2023 08:00:00 - 11/09/2023 09:00:00,SCA|NO3,mFRR,Not Specified,Not Specified,MARGINAL,15.3,4.5
11/09/2023 09:00:00 - 11/09/2023 10:00:00,SCA|NO3,mFRR,Not Specified,Not Specified,MARGINAL,15.17,4.5
11/09/2023 10:00:00 - 11/09/2023 11:00:00,SCA|NO3,mFRR,Not Specified,Not Specified,MARGINAL,15.03,4.5
11/09/2023 11:00:00 - 11/09/2023 12:00:00,SCA|NO3,mFRR,Not Specified,Not Specified,MARGINAL,13.47,4.5
11/09/2023 12:00:00 - 11/09/2023 13:00:00,SCA|NO3,mFRR,Not Specified,Not Specified,MARGINAL,12.49,8.0
11/09/2023 13:00:00 - 11/09/2023 14:00:00,SCA|NO3,mFRR,Not Specified,Not Specified,MARGINAL,11.54,0.0
11/09/2023 14:00:00 - 11/09/2023 15:00:00,SCA|NO3,mFRR,Not Specified,Not Specified,MARGINAL,11.02,-2.0
11/09/2023 15:00:00 - 11/09/2023 16:00:00,SCA|NO3,mFRR,Not Specified,Not Specified,MARGINAL,10.4,-2.03
11/09/2023 16:00:00 - 11/09/2023 17:00:00,SCA|NO3,mFRR,Not Specified,Not Specified,MARGINAL,8.75,-2.03
11/09/2023 17:00:00 - 11/09/2023 18:00:00,SCA|NO3,mFRR,Not Specified,Not Specified,MARGINAL,7.34,-2.83
11/09/2023 18:00:00 - 11/09/2023 19:00:00,SCA|NO3,mFRR,Not Specified,Not Specified,MARGINAL,2.91,-1.5
11/09/2023 19:00:00 - 11/09/2023 20:00:00,SCA|NO3,mFRR,Not Specified,Not Specified,MARGINAL,2.27,-0.05
11/09/2023 20:00:00 - 11/09/2023 21:00:00,SCA|NO3,mFRR,Not Specified,Not Specified,MARGINAL,2.21,2.21
11/09/2023 21:00:00 - 11/09/2023 22:00:00,SCA|NO3,mFRR,Not Specified,Not Specified,MARGINAL,0.68,0.68
11/09/2023 22:00:00 - 11/09/2023 23:00:00,SCA|NO3,mFRR,Not Specified,Not Specified,MARGINAL,-0.08,-5.0
11/09/2023 23:00:00 - 12/09/2023 00:00:00,SCA|NO3,mFRR,Not Specified,Not Specified,MARGINAL,-1.2,-5.0
12/09/2023 00:00:00 - 12/09/2023 01:00:00,SCA|NO3,mFRR,Not Specified,Not Specified,MARGINAL,-2.31,-5.0
12/09/2023 01:00:00 - 12/09/2023 02:00:00,SCA|NO3,mFRR,Not Specified,Not Specified,MARGINAL,-2.06,-2.06
12/09/2023 02:00:00 - 12/09/2023 03:00:00,SCA|NO3,mFRR,Not Specified,Not Specified,MARGINAL,-1.94,-1.94
12/09/2023 03:00:00 - 12/09/2023 04:00:00,SCA|NO3,mFRR,Not Specified,Not Specified,MARGINAL,8.0,-1.05
12/09/2023 04:00:00 - 12/09/2023 05:00:00,SCA|NO3,mFRR,Not Specified,Not Specified,MARGINAL,8.0,0.04
12/09/2023 05:00:00 - 12/09/2023 06:00:00,SCA|NO3,mFRR,Not Specified,Not Specified,MARGINAL,0.91,0.91
12/09/2023 06:00:00 - 12/09/2023 07:00:00,SCA|NO3,mFRR,Not Specified,Not Specified,MARGINAL,10.0,4.99
12/09/2023 07:00:00 - 12/09/2023 08:00:00,SCA|NO3,mFRR,Not Specified,Not Specified,MARGINAL,21.5,11.99
12/09/2023 08:00:00 - 12/09/2023 09:00:00,SCA|NO3,mFRR,Not Specified,Not Specified,MARGINAL,21.0,14.43
12/09/2023 09:00:00 - 12/09/2023 10:00:00,SCA|NO3,mFRR,Not Specified,Not Specified,MARGINAL,21.87,14.47
12/09/2023 10:00:00 - 12/09/2023 11:00:00,SCA|NO3,mFRR,Not Specified,Not Specified,MARGINAL,25.0,13.87
12/09/2023 11:00:00 - 12/09/2023 12:00:00,SCA|NO3,mFRR,Not Specified,Not Specified,MARGINAL,29.0,13.16
12/09/2023 12:00:00 - 12/09/2023 13:00:00,SCA|NO3,mFRR,Not Specified,Not Specified,MARGINAL,28.0,12.57
12/09/2023 13:00:00 - 12/09/2023 14:00:00,SCA|NO3,mFRR,Not Specified,Not Specified,MARGINAL,23.0,12.28
12/09/2023 14:00:00 - 12/09/2023 15:00:00,SCA|NO3,mFRR,Not Specified,Not Specified,MARGINAL,25.0,12.35
12/09/2023 15:00:00 - 12/09/2023 16:00:00,SCA|NO3,mFRR,Not Specified,Not Specified,MARGINAL,25.0,12.78
12/09/2023 16:00:00 - 12/09/2023 17:00:00,SCA|NO3,mFRR,Not Specified,Not Specified,MARGINAL,23.0,14.23
12/09/2023 17:00:00 - 12/09/2023 18:00:00,SCA|NO3,mFRR,Not Specified,Not Specified,MARGINAL,14.28,14.28
12/09/2023 18:00:00 - 12/09/2023 19:00:00,SCA|NO3,mFRR,Not Specified,Not Specified,MARGINAL,14.14,14.14
12/09/2023 19:00:00 - 12/09/2023 20:00:00,SCA|NO3,mFRR,Not Specified,Not Specified,MARGINAL,14.21,14.21
12/09/2023 20:00:00 - 12/09/2023 21:00:00,SCA|NO3,mFRR,Not Specified,Not Specified,MARGINAL,22.0,14.08
12/09/2023 21:00:00 - 12/09/2023 22:00:00,SCA|NO3,mFRR,Not Specified,Not Specified,MARGINAL,13.55,13.55
12/09/2023 22:00:00 - 12/09/2023 23:00:00,SCA|NO3,mFRR,Not Specified,Not Specified,MARGINAL,12.57,12.57
12/09/2023 23:00:00 - 13/09/2023 00:00:00,SCA|NO3,mFRR,Not Specified,Not Specified,MARGINAL,11.68,4.0
13/09/2023 00:00:00 - 13/09/2023 01:00:00,SCA|NO3,mFRR,Not Specified,Not Specified,MARGINAL,10.03,3.0
13/09/2023 01:00:00 - 13/09/2023 02:00:00,SCA|NO3,mFRR,Not Specified,Not Specified,MARGINAL,9.5,9.5
13/09/2023 02:00:00 - 13/09/2023 03:00:00,SCA|NO3,mFRR,Not Specified,Not Specified,MARGINAL,10.0,8.94
13/09/2023 03:00:00 - 13/09/2023 04:00:00,SCA|NO3,mFRR,Not Specified,Not Specified,MARGINAL,11.0,8.9
13/09/2023 04:00:00 - 13/09/2023 05:00:00,SCA|NO3,mFRR,Not Specified,Not Specified,MARGINAL,11.0,9.73
13/09/2023 05:00:00 - 13/09/2023 06:00:00,SCA|NO3,mFRR,Not Specified,Not Specified,MARGINAL,10.27,-0.41
13/09/2023 06:00:00 - 13/09/2023 07:00:00,SCA|NO3,mFRR,Not Specified,Not Specified,MARGINAL,12.09,3.5
13/09/2023 07:00:00 - 13/09/2023 08:00:00,SCA|NO3,mFRR,Not Specified,Not Specified,MARGINAL,12.57,7.0
13/09/2023 08:00:00 - 13/09/2023 09:00:00,SCA|NO3,mFRR,Not Specified,Not Specified,MARGINAL,14.02,7.0
13/09/2023 09:00:00 - 13/09/2023 10:00:00,SCA|NO3,mFRR,Not Specified,Not Specified,MARGINAL,27.5,15.1
13/09/2023 10:00:00 - 13/09/2023 11:00:00,SCA|NO3,mFRR,Not Specified,Not Specified,MARGINAL,27.49,15.12
13/09/2023 11:00:00 - 13/09/2023 12:00:00,SCA|NO3,mFRR,Not Specified,Not Specified,MARGINAL,14.77,14.77
13/09/2023 12:00:00 - 13/09/2023 13:00:00,SCA|NO3,mFRR,Not Specified,Not Specified,MARGINAL,25.0,14.9
13/09/2023 13:00:00 - 13/09/2023 14:00:00,SCA|NO3,mFRR,Not Specified,Not Specified,MARGINAL,25.0,14.54
13/09/2023 14:00:00 - 13/09/2023 15:00:00,SCA|NO3,mFRR,Not Specified,Not Specified,MARGINAL,25.0,14.06
13/09/2023 15:00:00 - 13/09/2023 16:00:00,SCA|NO3,mFRR,Not Specified,Not Specified,MARGINAL,23.5,13.57
13/09/2023 16:00:00 - 13/09/2023 17:00:00,SCA|NO3,mFRR,Not Specified,Not Specified,MARGINAL,23.5,13.18
13/09/2023 17:00:00 - 13/09/2023 18:00:00,SCA|NO3,mFRR,Not Specified,Not Specified,MARGINAL,23.5,13.1
13/09/2023 18:00:00 - 13/09/2023 19:00:00,SCA|NO3,mFRR,Not Specified,Not Specified,MARGINAL,13.41,8.0
13/09/2023 19:00:00 - 13/09/2023 20:00:00,SCA|NO3,mFRR,Not Specified,Not Specified,MARGINAL,13.02,7.0
13/09/2023 20:00:00 - 13/09/2023 21:00:00,SCA|NO3,mFRR,Not Specified,Not Specified,MARGINAL,13.03,0.5
13/09/2023 21:00:00 - 13/09/2023 22:00:00,SCA|NO3,mFRR,Not Specified,Not Specified,MARGINAL,12.87,0.5
13/09/2023 22:00:00 - 13/09/2023 23:00:00,SCA|NO3,mFRR,Not Specified,Not Specified,MARGINAL,11.95,-2.5
13/09/2023 23:00:00 - 14/09/2023 00:00:00,SCA|NO3,mFRR,Not Specified,Not Specified,MARGINAL,10.28,-2.5
14/09/2023 00:00:00 - 14/09/2023 01:00:00,SCA|NO3,mFRR,Not Specified,Not Specified,MARGINAL,11.08,-2.0
14/09/2023 01:00:00 - 14/09/2023 02:00:00,SCA|NO3,mFRR,Not Specified,Not Specified,MARGINAL,10.98,-2.0
14/09/2023 02:00:00 - 14/09/2023 03:00:00,SCA|NO3,mFRR,Not Specified,Not Specified,MARGINAL,10.75,-2.0
14/09/2023 03:00:00 - 14/09/2023 04:00:00,SCA|NO3,mFRR,Not Specified,Not Specified,MARGINAL,10.86,-2.0
14/09/2023 04:00:00 - 14/09/2023 05:00:00,SCA|NO3,mFRR,Not Specified,Not Specified,MARGINAL,11.23,-2.0
14/09/2023 05:00:00 - 14/09/2023 06:00:00,SCA|NO3,mFRR,Not Specified,Not Specified,MARGINAL,12.65,-2.0
14/09/2023 06:00:00 - 14/09/2023 07:00:00,SCA|NO3,mFRR,Not Specified,Not Specified,MARGINAL,15.21,-2.0
14/09/2023 07:00:00 - 14/09/2023 08:00:00,SCA|NO3,mFRR,Not Specified,Not Specified,MARGINAL,15.94,10.0
14/09/2023 08:00:00 - 14/09/2023 09:00:00,SCA|NO3,mFRR,Not Specified,Not Specified,MARGINAL,17.99,10.0
14/09/2023 09:00:00 - 14/09/2023 10:00:00,SCA|NO3,mFRR,Not Specified,Not Specified,MARGINAL,17.99,17.99
14/09/2023 10:00:00 - 14/09/2023 11:00:00,SCA|NO3,mFRR,Not Specified,Not Specified,MARGINAL,15.75,15.75
14/09/2023 11:00:00 - 14/09/2023 12:00:00,SCA|NO3,mFRR,Not Specified,Not Specified,MARGINAL,17.43,17.43
14/09/2023 12:00:00 - 14/09/2023 13:00:00,SCA|NO3,mFRR,Not Specified,Not Specified,MARGINAL,17.3,17.3
14/09/2023 13:00:00 - 14/09/2023 14:00:00,SCA|NO3,mFRR,Not Specified,Not Specified,,,
14/09/2023 14:00:00 - 14/09/2023 15:00:00,SCA|NO3,mFRR,Not Specified,Not Specified,MARGINAL,17.43,17.43
14/09/2023 15:00:00 - 14/09/2023 16:00:00,SCA|NO3,mFRR,Not Specified,Not Specified,MARGINAL,17.71,17.71
14/09/2023 16:00:00 - 14/09/2023 17:00:00,SCA|NO3,mFRR,Not Specified,Not Specified,MARGINAL,17.97,17.97
14/09/2023 17:00:00 - 14/09/2023 18:00:00,SCA|NO3,mFRR,Not Specified,Not Specified,MARGINAL,25.0,17.77
14/09/2023 18:00:00 - 14/09/2023 19:00:00,SCA|NO3,mFRR,Not Specified,Not Specified,MARGINAL,25.0,17.13
14/09/2023 19:00:00 - 14/09/2023 20:00:00,SCA|NO3,mFRR,Not Specified,Not Specified,MARGINAL,15.95,15.95
14/09/2023 20:00:00 - 14/09/2023 21:00:00,SCA|NO3,mFRR,Not Specified,Not Specified,MARGINAL,15.85,15.85
14/09/2023 21:00:00 - 14/09/2023 22:00:00,SCA|NO3,mFRR,Not Specified,Not Specified,MARGINAL,15.69,15.69
14/09/2023 22:00:00 - 14/09/2023 23:00:00,SCA|NO3,mFRR,Not Specified,Not Specified,MARGINAL,15.31,15.31
14/09/2023 23:00:00 - 15/09/2023 00:00:00,SCA|NO3,mFRR,Not Specified,Not Specified,MARGINAL,14.07,14.07
15/09/2023 00:00:00 - 15/09/2023 01:00:00,SCA|NO3,mFRR,Not Specified,Not Specified,MARGINAL,14.49,14.49
15/09/2023 01:00:00 - 15/09/2023 02:00:00,SCA|NO3,mFRR,Not Specified,Not Specified,MARGINAL,13.91,13.91
15/09/2023 02:00:00 - 15/09/2023 03:00:00,SCA|NO3,mFRR,Not Specified,Not Specified,MARGINAL,16.0,13.19
15/09/2023 03:00:00 - 15/09/2023 04:00:00,SCA|NO3,mFRR,Not Specified,Not Specified,MARGINAL,15.0,12.47
15/09/2023 04:00:00 - 15/09/2023 05:00:00,SCA|NO3,mFRR,Not Specified,Not Specified,MARGINAL,15.0,12.5
15/09/2023 05:00:00 - 15/09/2023 06:00:00,SCA|NO3,mFRR,Not Specified,Not Specified,MARGINAL,12.49,12.49
15/09/2023 06:00:00 - 15/09/2023 07:00:00,SCA|NO3,mFRR,Not Specified,Not Specified,MARGINAL,13.93,13.93
15/09/2023 07:00:00 - 15/09/2023 08:00:00,SCA|NO3,mFRR,Not Specified,Not Specified,MARGINAL,14.81,14.81
15/09/2023 08:00:00 - 15/09/2023 09:00:00,SCA|NO3,mFRR,Not Specified,Not Specified,MARGINAL,16.44,13.4
15/09/2023 09:00:00 - 15/09/2023 10:00:00,SCA|NO3,mFRR,Not Specified,Not Specified,MARGINAL,17.15,8.0
15/09/2023 10:00:00 - 15/09/2023 11:00:00,SCA|NO3,mFRR,Not Specified,Not Specified,MARGINAL,17.19,8.0
15/09/2023 11:00:00 - 15/09/2023 12:00:00,SCA|NO3,mFRR,Not Specified,Not Specified,MARGINAL,16.88,8.0
15/09/2023 12:00:00 - 15/09/2023 13:00:00,SCA|NO3,mFRR,Not Specified,Not Specified,MARGINAL,16.34,8.0
15/09/2023 13:00:00 - 15/09/2023 14:00:00,SCA|NO3,mFRR,Not Specified,Not Specified,MARGINAL,15.87,6.5
15/09/2023 14:00:00 - 15/09/2023 15:00:00,SCA|NO3,mFRR,Not Specified,Not Specified,MARGINAL,15.66,8.0
15/09/2023 15:00:00 - 15/09/2023 16:00:00,SCA|NO3,mFRR,Not Specified,Not Specified,MARGINAL,23.03,15.42
15/09/2023 16:00:00 - 15/09/2023 17:00:00,SCA|NO3,mFRR,Not Specified,Not Specified,MARGINAL,16.1,16.1
15/09/2023 17:00:00 - 15/09/2023 18:00:00,SCA|NO3,mFRR,Not Specified,Not Specified,MARGINAL,16.79,16.79
15/09/2023 18:00:00 - 15/09/2023 19:00:00,SCA|NO3,mFRR,Not Specified,Not Specified,MARGINAL,21.0,15.55
15/09/2023 19:00:00 - 15/09/2023 20:00:00,SCA|NO3,mFRR,Not Specified,Not Specified,MARGINAL,21.0,13.33
15/09/2023 20:00:00 - 15/09/2023 21:00:00,SCA|NO3,mFRR,Not Specified,Not Specified,MARGINAL,20.0,12.17
15/09/2023 21:00:00 - 15/09/2023 22:00:00,SCA|NO3,mFRR,Not Specified,Not Specified,MARGINAL,11.16,10.0
15/09/2023 22:00:00 - 15/09/2023 23:00:00,SCA|NO3,mFRR,Not Specified,Not Specified,MARGINAL,8.93,8.93
15/09/2023 23:00:00 - 16/09/2023 00:00:00,SCA|NO3,mFRR,Not Specified,Not Specified,MARGINAL,19.0,6.02
16/09/2023 00:00:00 - 16/09/2023 01:00:00,SCA|NO3,mFRR,Not Specified,Not Specified,MARGINAL,20.0,9.15
16/09/2023 01:00:00 - 16/09/2023 02:00:00,SCA|NO3,mFRR,Not Specified,Not Specified,MARGINAL,8.76,8.76
16/09/2023 02:00:00 - 16/09/2023 03:00:00,SCA|NO3,mFRR,Not Specified,Not Specified,MARGINAL,8.51,8.51
16/09/2023 03:00:00 - 16/09/2023 04:00:00,SCA|NO3,mFRR,Not Specified,Not Specified,MARGINAL,7.98,7.98
16/09/2023 04:00:00 - 16/09/2023 05:00:00,SCA|NO3,mFRR,Not Specified,Not Specified,MARGINAL,7.99,7.99
16/09/2023 05:00:00 - 16/09/2023 06:00:00,SCA|NO3,mFRR,Not Specified,Not Specified,MARGINAL,7.67,7.67
16/09/2023 06:00:00 - 16/09/2023 07:00:00,SCA|NO3,mFRR,Not Specified,Not Specified,MARGINAL,9.15,9.15
16/09/2023 07:00:00 - 16/09/2023 08:00:00,SCA|NO3,mFRR,Not Specified,Not Specified,MARGINAL,10.16,10.16
16/09/2023 08:00:00 - 16/09/2023 09:00:00,SCA|NO3,mFRR,Not Specified,Not Specified,MARGINAL,22.0,11.12
16/09/2023 09:00:00 - 16/09/2023 10:00:00,SCA|NO3,mFRR,Not Specified,Not Specified,MARGINAL,26.75,12.62
16/09/2023 10:00:00 - 16/09/2023 11:00:00,SCA|NO3,mFRR,Not Specified,Not Specified,MARGINAL,26.74,13.03
16/09/2023 11:00:00 - 16/09/2023 12:00:00,SCA|NO3,mFRR,Not Specified,Not Specified,MARGINAL,26.5,12.57
16/09/2023 12:00:00 - 16/09/2023 13:00:00,SCA|NO3,mFRR,Not Specified,Not Specified,MARGINAL,22.2,12.08
16/09/2023 13:00:00 - 16/09/2023 14:00:00,SCA|NO3,mFRR,Not Specified,Not Specified,MARGINAL,19.59,6.0
16/09/2023 14:00:00 - 16/09/2023 15:00:00,SCA|NO3,mFRR,Not Specified,Not Specified,MARGINAL,11.78,6.0
16/09/2023 15:00:00 - 16/09/2023 16:00:00,SCA|NO3,mFRR,Not Specified,Not Specified,MARGINAL,12.18,8.0
16/09/2023 16:00:00 - 16/09/2023 17:00:00,SCA|NO3,mFRR,Not Specified,Not Specified,MARGINAL,18.0,12.65
16/09/2023 17:00:00 - 16/09/2023 18:00:00,SCA|NO3,mFRR,Not Specified,Not Specified,MARGINAL,23.0,13.64
16/09/2023 18:00:00 - 16/09/2023 19:00:00,SCA|NO3,mFRR,Not Specified,Not Specified,MARGINAL,23.19,14.27
16/09/2023 19:00:00 - 16/09/2023 20:00:00,SCA|NO3,mFRR,Not Specified,Not Specified,MARGINAL,23.06,13.51
16/09/2023 20:00:00 - 16/09/2023 21:00:00,SCA|NO3,mFRR,Not Specified,Not Specified,MARGINAL,23.6,13.04
16/09/2023 21:00:00 - 16/09/2023 22:00:00,SCA|NO3,mFRR,Not Specified,Not Specified,MARGINAL,20.0,11.83
16/09/2023 22:00:00 - 16/09/2023 23:00:00,SCA|NO3,mFRR,Not Specified,Not Specified,MARGINAL,20.0,10.36
16/09/2023 23:00:00 - 17/09/2023 00:00:00,SCA|NO3,mFRR,Not Specified,Not Specified,MARGINAL,9.17,9.17
17/09/2023 00:00:00 - 17/09/2023 01:00:00,SCA|NO3,mFRR,Not Specified,Not Specified,MARGINAL,16.0,11.3
17/09/2023 01:00:00 - 17/09/2023 02:00:00,SCA|NO3,mFRR,Not Specified,Not Specified,MARGINAL,16.0,10.52
17/09/2023 02:00:00 - 17/09/2023 03:00:00,SCA|NO3,mFRR,Not Specified,Not Specified,MARGINAL,9.93,9.93
17/09/2023 03:00:00 - 17/09/2023 04:00:00,SCA|NO3,mFRR,Not Specified,Not Specified,MARGINAL,9.05,9.05
17/09/2023 04:00:00 - 17/09/2023 05:00:00,SCA|NO3,mFRR,Not Specified,Not Specified,MARGINAL,9.08,9.08
17/09/2023 05:00:00 - 17/09/2023 06:00:00,SCA|NO3,mFRR,Not Specified,Not Specified,MARGINAL,8.99,8.99
17/09/2023 06:00:00 - 17/09/2023 07:00:00,SCA|NO3,mFRR,Not Specified,Not Specified,MARGINAL,9.47,9.47
17/09/2023 07:00:00 - 17/09/2023 08:00:00,SCA|NO3,mFRR,Not Specified,Not Specified,MARGINAL,9.99,0.0
17/09/2023 08:00:00 - 17/09/2023 09:00:00,SCA|NO3,mFRR,Not Specified,Not Specified,MARGINAL,10.21,0.0
17/09/2023 09:00:00 - 17/09/2023 10:00:00,SCA|NO3,mFRR,Not Specified,Not Specified,MARGINAL,20.0,10.28
17/09/2023 10:00:00 - 17/09/2023 11:00:00,SCA|NO3,mFRR,Not Specified,Not Specified,MARGINAL,20.0,10.29
17/09/2023 11:00:00 - 17/09/2023 12:00:00,SCA|NO3,mFRR,Not Specified,Not Specified,MARGINAL,18.5,10.19
17/09/2023 12:00:00 - 17/09/2023 13:00:00,SCA|NO3,mFRR,Not Specified,Not Specified,MARGINAL,16.0,10.01
17/09/2023 13:00:00 - 17/09/2023 14:00:00,SCA|NO3,mFRR,Not Specified,Not Specified,MARGINAL,9.53,0.0
17/09/2023 14:00:00 - 17/09/2023 15:00:00,SCA|NO3,mFRR,Not Specified,Not Specified,MARGINAL,9.27,0.0
17/09/2023 15:00:00 - 17/09/2023 16:00:00,SCA|NO3,mFRR,Not Specified,Not Specified,MARGINAL,11.14,0.44
17/09/2023 16:00:00 - 17/09/2023 17:00:00,SCA|NO3,mFRR,Not Specified,Not Specified,MARGINAL,12.46,4.0
17/09/2023 17:00:00 - 17/09/2023 18:00:00,SCA|NO3,mFRR,Not Specified,Not Specified,MARGINAL,21.69,13.71
17/09/2023 18:00:00 - 17/09/2023 19:00:00,SCA|NO3,mFRR,Not Specified,Not Specified,MARGINAL,23.23,14.81
17/09/2023 19:00:00 - 17/09/2023 20:00:00,SCA|NO3,mFRR,Not Specified,Not Specified,MARGINAL,22.32,15.93
17/09/2023 20:00:00 - 17/09/2023 21:00:00,SCA|NO3,mFRR,Not Specified,Not Specified,MARGINAL,15.09,15.09
17/09/2023 21:00:00 - 17/09/2023 22:00:00,SCA|NO3,mFRR,Not Specified,Not Specified,MARGINAL,13.21,13.21
17/09/2023 22:00:00 - 17/09/2023 23:00:00,SCA|NO3,mFRR,Not Specified,Not Specified,MARGINAL,12.23,12.23
17/09/2023 23:00:00 - 18/09/2023 00:00:00,SCA|NO3,mFRR,Not Specified,Not Specified,MARGINAL,11.88,11.88
18/09/2023 00:00:00 - 18/09/2023 01:00:00,SCA|NO3,mFRR,Not Specified,Not Specified,MARGINAL,9.51,9.51
18/09/2023 01:00:00 - 18/09/2023 02:00:00,SCA|NO3,mFRR,Not Specified,Not Specified,MARGINAL,8.85,8.85
18/09/2023 02:00:00 - 18/09/2023 03:00:00,SCA|NO3,mFRR,Not Specified,Not Specified,MARGINAL,8.64,8.64
18/09/2023 03:00:00 - 18/09/2023 04:00:00,SCA|NO3,mFRR,Not Specified,Not Specified,MARGINAL,8.41,3.0
18/09/2023 04:00:00 - 18/09/2023 05:00:00,SCA|NO3,mFRR,Not Specified,Not Specified,MARGINAL,8.63,3.0
18/09/2023 05:00:00 - 18/09/2023 06:00:00,SCA|NO3,mFRR,Not Specified,Not Specified,MARGINAL,9.32,0.0
18/09/2023 06:00:00 - 18/09/2023 07:00:00,SCA|NO3,mFRR,Not Specified,Not Specified,MARGINAL,9.32,-2.0
18/09/2023 07:00:00 - 18/09/2023 08:00:00,SCA|NO3,mFRR,Not Specified,Not Specified,MARGINAL,10.0,-1.0
18/09/2023 08:00:00 - 18/09/2023 09:00:00,SCA|NO3,mFRR,Not Specified,Not Specified,MARGINAL,10.42,-1.0
18/09/2023 09:00:00 - 18/09/2023 10:00:00,SCA|NO3,mFRR,Not Specified,Not Specified,MARGINAL,10.78,-1.0
18/09/2023 10:00:00 - 18/09/2023 11:00:00,SCA|NO3,mFRR,Not Specified,Not Specified,,,
18/09/2023 11:00:00 - 18/09/2023 12:00:00,SCA|NO3,mFRR,Not Specified,Not Specified,MARGINAL,10.06,-0.45
18/09/2023 12:00:00 - 18/09/2023 13:00:00,SCA|NO3,mFRR,Not Specified,Not Specified,MARGINAL,9.89,-0.35
18/09/2023 13:00:00 - 18/09/2023 14:00:00,SCA|NO3,mFRR,Not Specified,Not Specified,MARGINAL,9.55,0.0
18/09/2023 14:00:00 - 18/09/2023 15:00:00,SCA|NO3,mFRR,Not Specified,Not Specified,MARGINAL,8.9,0.44
18/09/2023 15:00:00 - 18/09/2023 16:00:00,SCA|NO3,mFRR,Not Specified,Not Specified,MARGINAL,9.09,3.0
18/09/2023 16:00:00 - 18/09/2023 17:00:00,SCA|NO3,mFRR,Not Specified,Not Specified,MARGINAL,9.67,3.0
18/09/2023 17:00:00 - 18/09/2023 18:00:00,SCA|NO3,mFRR,Not Specified,Not Specified,MARGINAL,9.48,3.0
18/09/2023 18:00:00 - 18/09/2023 19:00:00,SCA|NO3,mFRR,Not Specified,Not Specified,MARGINAL,8.59,0.0
18/09/2023 19:00:00 - 18/09/2023 20:00:00,SCA|NO3,mFRR,Not Specified,Not Specified,MARGINAL,7.74,0.0
18/09/2023 20:00:00 - 18/09/2023 21:00:00,SCA|NO3,mFRR,Not Specified,Not Specified,MARGINAL,4.96,0.0
18/09/2023 21:00:00 - 18/09/2023 22:00:00,SCA|NO3,mFRR,Not Specified,Not Specified,MARGINAL,2.9,-2.0
18/09/2023 22:00:00 - 18/09/2023 23:00:00,SCA|NO3,mFRR,Not Specified,Not Specified,MARGINAL,0.42,-3.0
18/09/2023 23:00:00 - 19/09/2023 00:00:00,SCA|NO3,mFRR,Not Specified,Not Specified,MARGINAL,-0.07,-3.0
19/09/2023 00:00:00 - 19/09/2023 01:00:00,SCA|NO3,mFRR,Not Specified,Not Specified,MARGINAL,3.0,-0.02
19/09/2023 01:00:00 - 19/09/2023 02:00:00,SCA|NO3,mFRR,Not Specified,Not Specified,MARGINAL,3.0,-0.2
19/09/2023 02:00:00 - 19/09/2023 03:00:00,SCA|NO3,mFRR,Not Specified,Not Specified,MARGINAL,1.0,-1.12
19/09/2023 03:00:00 - 19/09/2023 04:00:00,SCA|NO3,mFRR,Not Specified,Not Specified,MARGINAL,1.0,-1.15
19/09/2023 04:00:00 - 19/09/2023 05:00:00,SCA|NO3,mFRR,Not Specified,Not Specified,MARGINAL,-0.62,-1.12
19/09/2023 05:00:00 - 19/09/2023 06:00:00,SCA|NO3,mFRR,Not Specified,Not Specified,MARGINAL,6.71,-0.03
19/09/2023 06:00:00 - 19/09/2023 07:00:00,SCA|NO3,mFRR,Not Specified,Not Specified,MARGINAL,7.0,1.81
19/09/2023 07:00:00 - 19/09/2023 08:00:00,SCA|NO3,mFRR,Not Specified,Not Specified,MARGINAL,8.5,2.61
19/09/2023 08:00:00 - 19/09/2023 09:00:00,SCA|NO3,mFRR,Not Specified,Not Specified,MARGINAL,8.5,2.98
19/09/2023 09:00:00 - 19/09/2023 10:00:00,SCA|NO3,mFRR,Not Specified,Not Specified,MARGINAL,6.8,2.92
19/09/2023 10:00:00 - 19/09/2023 11:00:00,SCA|NO3,mFRR,Not Specified,Not Specified,MARGINAL,6.8,2.67
19/09/2023 11:00:00 - 19/09/2023 12:00:00,SCA|NO3,mFRR,Not Specified,Not Specified,MARGINAL,3.0,1.5
19/09/2023 12:00:00 - 19/09/2023 13:00:00,SCA|NO3,mFRR,Not Specified,Not Specified,MARGINAL,0.78,-3.0
19/09/2023 13:00:00 - 19/09/2023 14:00:00,SCA|NO3,mFRR,Not Specified,Not Specified,MARGINAL,1.58,-3.78
19/09/2023 14:00:00 - 19/09/2023 15:00:00,SCA|NO3,mFRR,Not Specified,Not Specified,MARGINAL,0.87,-3.31
19/09/2023 15:00:00 - 19/09/2023 16:00:00,SCA|NO3,mFRR,Not Specified,Not Specified,MARGINAL,3.0,0.82
19/09/2023 16:00:00 - 19/09/2023 17:00:00,SCA|NO3,mFRR,Not Specified,Not Specified,MARGINAL,5.0,-0.04
19/09/2023 17:00:00 - 19/09/2023 18:00:00,SCA|NO3,mFRR,Not Specified,Not Specified,MARGINAL,3.0,0.25
19/09/2023 18:00:00 - 19/09/2023 19:00:00,SCA|NO3,mFRR,Not Specified,Not Specified,MARGINAL,2.0,0.25
19/09/2023 19:00:00 - 19/09/2023 20:00:00,SCA|NO3,mFRR,Not Specified,Not Specified,MARGINAL,5.0,0.09
19/09/2023 20:00:00 - 19/09/2023 21:00:00,SCA|NO3,mFRR,Not Specified,Not Specified,MARGINAL,5.0,0.0
19/09/2023 21:00:00 - 19/09/2023 22:00:00,SCA|NO3,mFRR,Not Specified,Not Specified,MARGINAL,-0.07,-2.5
19/09/2023 22:00:00 - 19/09/2023 23:00:00,SCA|NO3,mFRR,Not Specified,Not Specified,MARGINAL,-0.49,-0.49
19/09/2023 23:00:00 - 20/09/2023 00:00:00,SCA|NO3,mFRR,Not Specified,Not Specified,MARGINAL,2.0,-1.96
20/09/2023 00:00:00 - 20/09/2023 01:00:00,SCA|NO3,mFRR,Not Specified,Not Specified,MARGINAL,0.0,-5.0
20/09/2023 01:00:00 - 20/09/2023 02:00:00,SCA|NO3,mFRR,Not Specified,Not Specified,MARGINAL,-3.7,-5.36
20/09/2023 02:00:00 - 20/09/2023 03:00:00,SCA|NO3,mFRR,Not Specified,Not Specified,MARGINAL,-3.7,-5.5
20/09/2023 03:00:00 - 20/09/2023 04:00:00,SCA|NO3,mFRR,Not Specified,Not Specified,MARGINAL,-3.4,-5.5
20/09/2023 04:00:00 - 20/09/2023 05:00:00,SCA|NO3,mFRR,Not Specified,Not Specified,MARGINAL,-2.67,-5.5
20/09/2023 05:00:00 - 20/09/2023 06:00:00,SCA|NO3,mFRR,Not Specified,Not Specified,MARGINAL,-1.26,-5.5
20/09/2023 06:00:00 - 20/09/2023 07:00:00,SCA|NO3,mFRR,Not Specified,Not Specified,MARGINAL,0.01,-5.0
20/09/2023 07:00:00 - 20/09/2023 08:00:00,SCA|NO3,mFRR,Not Specified,Not Specified,MARGINAL,3.0,-3.0
20/09/2023 08:00:00 - 20/09/2023 09:00:00,SCA|NO3,mFRR,Not Specified,Not Specified,MARGINAL,2.9,-4.0
20/09/2023 09:00:00 - 20/09/2023 10:00:00,SCA|NO3,mFRR,Not Specified,Not Specified,MARGINAL,2.98,-4.0
20/09/2023 10:00:00 - 20/09/2023 11:00:00,SCA|NO3,mFRR,Not Specified,Not Specified,MARGINAL,9.0,-1.0
20/09/2023 11:00:00 - 20/09/2023 12:00:00,SCA|NO3,mFRR,Not Specified,Not Specified,MARGINAL,8.0,0.54
20/09/2023 12:00:00 - 20/09/2023 13:00:00,SCA|NO3,mFRR,Not Specified,Not Specified,MARGINAL,5.0,0.0
20/09/2023 13:00:00 - 20/09/2023 14:00:00,SCA|NO3,mFRR,Not Specified,Not Specified,MARGINAL,3.0,-0.01
20/09/2023 14:00:00 - 20/09/2023 15:00:00,SCA|NO3,mFRR,Not Specified,Not Specified,MARGINAL,4.96,0.0
20/09/2023 15:00:00 - 20/09/2023 16:00:00,SCA|NO3,mFRR,Not Specified,Not Specified,MARGINAL,2.0,0.37
20/09/2023 16:00:00 - 20/09/2023 17:00:00,SCA|NO3,mFRR,Not Specified,Not Specified,MARGINAL,15.0,2.89
20/09/2023 17:00:00 - 20/09/2023 18:00:00,SCA|NO3,mFRR,Not Specified,Not Specified,MARGINAL,15.49,8.92
20/09/2023 18:00:00 - 20/09/2023 19:00:00,SCA|NO3,mFRR,Not Specified,Not Specified,MARGINAL,16.7,9.97
20/09/2023 19:00:00 - 20/09/2023 20:00:00,SCA|NO3,mFRR,Not Specified,Not Specified,MARGINAL,16.0,10.55
20/09/2023 20:00:00 - 20/09/2023 21:00:00,SCA|NO3,mFRR,Not Specified,Not Specified,MARGINAL,9.18,-2.0
20/09/2023 21:00:00 - 20/09/2023 22:00:00,SCA|NO3,mFRR,Not Specified,Not Specified,MARGINAL,5.84,-2.16
20/09/2023 22:00:00 - 20/09/2023 23:00:00,SCA|NO3,mFRR,Not Specified,Not Specified,MARGINAL,2.68,-2.32
20/09/2023 23:00:00 - 21/09/2023 00:00:00,SCA|NO3,mFRR,Not Specified,Not Specified,MARGINAL,1.3,-3.76
21/09/2023 00:00:00 - 21/09/2023 01:00:00,SCA|NO3,mFRR,Not Specified,Not Specified,MARGINAL,0.59,-0.43
21/09/2023 01:00:00 - 21/09/2023 02:00:00,SCA|NO3,mFRR,Not Specified,Not Specified,MARGINAL,1.5,0.11
21/09/2023 02:00:00 - 21/09/2023 03:00:00,SCA|NO3,mFRR,Not Specified,Not Specified,MARGINAL,0.0,0.0
21/09/2023 03:00:00 - 21/09/2023 04:00:00,SCA|NO3,mFRR,Not Specified,Not Specified,MARGINAL,3.0,-0.01
21/09/2023 04:00:00 - 21/09/2023 05:00:00,SCA|NO3,mFRR,Not Specified,Not Specified,MARGINAL,3.0,0.01
21/09/2023 05:00:00 - 21/09/2023 06:00:00,SCA|NO3,mFRR,Not Specified,Not Specified,MARGINAL,0.59,0.59
21/09/2023 06:00:00 - 21/09/2023 07:00:00,SCA|NO3,mFRR,Not Specified,Not Specified,MARGINAL,3.5,1.86
21/09/2023 07:00:00 - 21/09/2023 08:00:00,SCA|NO3,mFRR,Not Specified,Not Specified,MARGINAL,3.99,3.99
21/09/2023 08:00:00 - 21/09/2023 09:00:00,SCA|NO3,mFRR,Not Specified,Not Specified,MARGINAL,6.0,4.94
21/09/2023 09:00:00 - 21/09/2023 10:00:00,SCA|NO3,mFRR,Not Specified,Not Specified,MARGINAL,5.0,3.17
21/09/2023 10:00:00 - 21/09/2023 11:00:00,SCA|NO3,mFRR,Not Specified,Not Specified,MARGINAL,3.0,2.25
21/09/2023 11:00:00 - 21/09/2023 12:00:00,SCA|NO3,mFRR,Not Specified,Not Specified,MARGINAL,1.83,0.0
21/09/2023 12:00:00 - 21/09/2023 13:00:00,SCA|NO3,mFRR,Not Specified,Not Specified,MARGINAL,1.75,-2.0
21/09/2023 13:00:00 - 21/09/2023 14:00:00,SCA|NO3,mFRR,Not Specified,Not Specified,MARGINAL,1.41,-2.0
21/09/2023 14:00:00 - 21/09/2023 15:00:00,SCA|NO3,mFRR,Not Specified,Not Specified,MARGINAL,1.32,0.0
21/09/2023 15:00:00 - 21/09/2023 16:00:00,SCA|NO3,mFRR,Not Specified,Not Specified,MARGINAL,3.58,0.0
21/09/2023 16:00:00 - 21/09/2023 17:00:00,SCA|NO3,mFRR,Not Specified,Not Specified,MARGINAL,4.0,1.85
21/09/2023 17:00:00 - 21/09/2023 18:00:00,SCA|NO3,mFRR,Not Specified,Not Specified,MARGINAL,4.0,2.08
21/09/2023 18:00:00 - 21/09/2023 19:00:00,SCA|NO3,mFRR,Not Specified,Not Specified,MARGINAL,4.0,-5.0
21/09/2023 19:00:00 - 21/09/2023 20:00:00,SCA|NO3,mFRR,Not Specified,Not Specified,MARGINAL,1.9,-5.0
21/09/2023 20:00:00 - 21/09/2023 21:00:00,SCA|NO3,mFRR,Not Specified,Not Specified,MARGINAL,1.43,-5.0
21/09/2023 21:00:00 - 21/09/2023 22:00:00,SCA|NO3,mFRR,Not Specified,Not Specified,MARGINAL,0.52,-5.0
21/09/2023 22:00:00 - 21/09/2023 23:00:00,SCA|NO3,mFRR,Not Specified,Not Specified,MARGINAL,-0.01,-2.5
21/09/2023 23:00:00 - 22/09/2023 00:00:00,SCA|NO3,mFRR,Not Specified,Not Specified,MARGINAL,-0.61,-6.0
22/09/2023 00:00:00 - 22/09/2023 01:00:00,SCA|NO3,mFRR,Not Specified,Not Specified,MARGINAL,-1.57,-6.0
22/09/2023 01:00:00 - 22/09/2023 02:00:00,SCA|NO3,mFRR,Not Specified,Not Specified,MARGINAL,-1.65,-5.0
22/09/2023 02:00:00 - 22/09/2023 03:00:00,SCA|NO3,mFRR,Not Specified,Not Specified,MARGINAL,-1.47,-6.0
22/09/2023 03:00:00 - 22/09/2023 04:00:00,SCA|NO3,mFRR,Not Specified,Not Specified,MARGINAL,-1.17,-6.0
22/09/2023 04:00:00 - 22/09/2023 05:00:00,SCA|NO3,mFRR,Not Specified,Not Specified,MARGINAL,-0.74,-6.0
22/09/2023 05:00:00 - 22/09/2023 06:00:00,SCA|NO3,mFRR,Not Specified,Not Specified,MARGINAL,-0.01,-4.5
22/09/2023 06:00:00 - 22/09/2023 07:00:00,SCA|NO3,mFRR,Not Specified,Not Specified,MARGINAL,3.0,0.95
22/09/2023 07:00:00 - 22/09/2023 08:00:00,SCA|NO3,mFRR,Not Specified,Not Specified,MARGINAL,3.0,2.04
22/09/2023 08:00:00 - 22/09/2023 09:00:00,SCA|NO3,mFRR,Not Specified,Not Specified,MARGINAL,6.0,3.04
22/09/2023 09:00:00 - 22/09/2023 10:00:00,SCA|NO3,mFRR,Not Specified,Not Specified,MARGINAL,8.0,3.93
22/09/2023 10:00:00 - 22/09/2023 11:00:00,SCA|NO3,mFRR,Not Specified,Not Specified,MARGINAL,8.0,3.51
22/09/2023 11:00:00 - 22/09/2023 12:00:00,SCA|NO3,mFRR,Not Specified,Not Specified,MARGINAL,8.0,2.27
22/09/2023 12:00:00 - 22/09/2023 13:00:00,SCA|NO3,mFRR,Not Specified,Not Specified,MARGINAL,8.0,2.19
22/09/2023 13:00:00 - 22/09/2023 14:00:00,SCA|NO3,mFRR,Not Specified,Not Specified,MARGINAL,5.0,-2.5
22/09/2023 14:00:00 - 22/09/2023 15:00:00,SCA|NO3,mFRR,Not Specified,Not Specified,MARGINAL,1.72,-2.5
22/09/2023 15:00:00 - 22/09/2023 16:00:00,SCA|NO3,mFRR,Not Specified,Not Specified,MARGINAL,1.47,-6.0
22/09/2023 16:00:00 - 22/09/2023 17:00:00,SCA|NO3,mFRR,Not Specified,Not Specified,MARGINAL,1.29,1.29
22/09/2023 17:00:00 - 22/09/2023 18:00:00,SCA|NO3,mFRR,Not Specified,Not Specified,MARGINAL,1.04,1.04
22/09/2023 18:00:00 - 22/09/2023 19:00:00,SCA|NO3,mFRR,Not Specified,Not Specified,MARGINAL,1.05,1.05
22/09/2023 19:00:00 - 22/09/2023 20:00:00,SCA|NO3,mFRR,Not Specified,Not Specified,MARGINAL,1.0,1.0
22/09/2023 20:00:00 - 22/09/2023 21:00:00,SCA|NO3,mFRR,Not Specified,Not Specified,MARGINAL,0.87,0.87
22/09/2023 21:00:00 - 22/09/2023 22:00:00,SCA|NO3,mFRR,Not Specified,Not Specified,MARGINAL,0.87,0.87
22/09/2023 22:00:00 - 22/09/2023 23:00:00,SCA|NO3,mFRR,Not Specified,Not Specified,MARGINAL,5.0,0.02
22/09/2023 23:00:00 - 23/09/2023 00:00:00,SCA|NO3,mFRR,Not Specified,Not Specified,MARGINAL,6.0,-0.07
23/09/2023 00:00:00 - 23/09/2023 01:00:00,SCA|NO3,mFRR,Not Specified,Not Specified,MARGINAL,7.0,-0.01
23/09/2023 01:00:00 - 23/09/2023 02:00:00,SCA|NO3,mFRR,Not Specified,Not Specified,MARGINAL,3.0,-0.01
23/09/2023 02:00:00 - 23/09/2023 03:00:00,SCA|NO3,mFRR,Not Specified,Not Specified,MARGINAL,5.0,-0.01
23/09/2023 03:00:00 - 23/09/2023 04:00:00,SCA|NO3,mFRR,Not Specified,Not Specified,MARGINAL,5.0,0.0
23/09/2023 04:00:00 - 23/09/2023 05:00:00,SCA|NO3,mFRR,Not Specified,Not Specified,MARGINAL,0.01,0.01
23/09/2023 05:00:00 - 23/09/2023 06:00:00,SCA|NO3,mFRR,Not Specified,Not Specified,MARGINAL,0.28,0.28
23/09/2023 06:00:00 - 23/09/2023 07:00:00,SCA|NO3,mFRR,Not Specified,Not Specified,MARGINAL,0.23,0.23
23/09/2023 07:00:00 - 23/09/2023 08:00:00,SCA|NO3,mFRR,Not Specified,Not Specified,MARGINAL,1.0,-2.0
23/09/2023 08:00:00 - 23/09/2023 09:00:00,SCA|NO3,mFRR,Not Specified,Not Specified,MARGINAL,2.26,-2.0
23/09/2023 09:00:00 - 23/09/2023 10:00:00,SCA|NO3,mFRR,Not Specified,Not Specified,MARGINAL,5.88,3.08
23/09/2023 10:00:00 - 23/09/2023 11:00:00,SCA|NO3,mFRR,Not Specified,Not Specified,MARGINAL,3.75,3.75
23/09/2023 11:00:00 - 23/09/2023 12:00:00,SCA|NO3,mFRR,Not Specified,Not Specified,MARGINAL,3.8,3.8
23/09/2023 12:00:00 - 23/09/2023 13:00:00,SCA|NO3,mFRR,Not Specified,Not Specified,MARGINAL,3.45,3.45
23/09/2023 13:00:00 - 23/09/2023 14:00:00,SCA|NO3,mFRR,Not Specified,Not Specified,MARGINAL,3.33,0.4
23/09/2023 14:00:00 - 23/09/2023 15:00:00,SCA|NO3,mFRR,Not Specified,Not Specified,MARGINAL,3.65,2.0
23/09/2023 15:00:00 - 23/09/2023 16:00:00,SCA|NO3,mFRR,Not Specified,Not Specified,MARGINAL,4.59,2.0
23/09/2023 16:00:00 - 23/09/2023 17:00:00,SCA|NO3,mFRR,Not Specified,Not Specified,MARGINAL,4.99,4.99
23/09/2023 17:00:00 - 23/09/2023 18:00:00,SCA|NO3,mFRR,Not Specified,Not Specified,MARGINAL,13.76,5.96
23/09/2023 18:00:00 - 23/09/2023 19:00:00,SCA|NO3,mFRR,Not Specified,Not Specified,MARGINAL,13.0,6.9
23/09/2023 19:00:00 - 23/09/2023 20:00:00,SCA|NO3,mFRR,Not Specified,Not Specified,MARGINAL,14.14,6.13
23/09/2023 20:00:00 - 23/09/2023 21:00:00,SCA|NO3,mFRR,Not Specified,Not Specified,MARGINAL,10.0,0.0
23/09/2023 21:00:00 - 23/09/2023 22:00:00,SCA|NO3,mFRR,Not Specified,Not Specified,MARGINAL,4.92,-0.08
23/09/2023 22:00:00 - 23/09/2023 23:00:00,SCA|NO3,mFRR,Not Specified,Not Specified,MARGINAL,3.79,0.0
23/09/2023 23:00:00 - 24/09/2023 00:00:00,SCA|NO3,mFRR,Not Specified,Not Specified,MARGINAL,2.69,0.0
24/09/2023 00:00:00 - 24/09/2023 01:00:00,SCA|NO3,mFRR,Not Specified,Not Specified,MARGINAL,5.0,2.03
24/09/2023 01:00:00 - 24/09/2023 02:00:00,SCA|NO3,mFRR,Not Specified,Not Specified,MARGINAL,5.0,1.7
24/09/2023 02:00:00 - 24/09/2023 03:00:00,SCA|NO3,mFRR,Not Specified,Not Specified,MARGINAL,5.0,1.36
24/09/2023 03:00:00 - 24/09/2023 04:00:00,SCA|NO3,mFRR,Not Specified,Not Specified,MARGINAL,5.0,1.04
24/09/2023 04:00:00 - 24/09/2023 05:00:00,SCA|NO3,mFRR,Not Specified,Not Specified,MARGINAL,5.0,0.94
24/09/2023 05:00:00 - 24/09/2023 06:00:00,SCA|NO3,mFRR,Not Specified,Not Specified,MARGINAL,5.0,1.18
24/09/2023 06:00:00 - 24/09/2023 07:00:00,SCA|NO3,mFRR,Not Specified,Not Specified,MARGINAL,1.11,1.11
24/09/2023 07:00:00 - 24/09/2023 08:00:00,SCA|NO3,mFRR,Not Specified,Not Specified,MARGINAL,1.75,1.75
24/09/2023 08:00:00 - 24/09/2023 09:00:00,SCA|NO3,mFRR,Not Specified,Not Specified,MARGINAL,2.21,2.21
24/09/2023 09:00:00 - 24/09/2023 10:00:00,SCA|NO3,mFRR,Not Specified,Not Specified,MARGINAL,5.0,2.75
24/09/2023 10:00:00 - 24/09/2023 11:00:00,SCA|NO3,mFRR,Not Specified,Not Specified,MARGINAL,5.0,1.06
24/09/2023 11:00:00 - 24/09/2023 12:00:00,SCA|NO3,mFRR,Not Specified,Not Specified,MARGINAL,0.85,-3.0
24/09/2023 12:00:00 - 24/09/2023 13:00:00,SCA|NO3,mFRR,Not Specified,Not Specified,MARGINAL,-0.03,-5.0
24/09/2023 13:00:00 - 24/09/2023 14:00:00,SCA|NO3,mFRR,Not Specified,Not Specified,MARGINAL,-2.62,-5.5
24/09/2023 14:00:00 - 24/09/2023 15:00:00,SCA|NO3,mFRR,Not Specified,Not Specified,MARGINAL,-1.98,-3.0
24/09/2023 15:00:00 - 24/09/2023 16:00:00,SCA|NO3,mFRR,Not Specified,Not Specified,MARGINAL,-0.03,-0.03
24/09/2023 16:00:00 - 24/09/2023 17:00:00,SCA|NO3,mFRR,Not Specified,Not Specified,MARGINAL,4.49,4.49
24/09/2023 17:00:00 - 24/09/2023 18:00:00,SCA|NO3,mFRR,Not Specified,Not Specified,MARGINAL,29.5,7.6
24/09/2023 18:00:00 - 24/09/2023 19:00:00,SCA|NO3,mFRR,Not Specified,Not Specified,MARGINAL,30.0,8.25
24/09/2023 19:00:00 - 24/09/2023 20:00:00,SCA|NO3,mFRR,Not Specified,Not Specified,MARGINAL,30.0,7.88
24/09/2023 20:00:00 - 24/09/2023 21:00:00,SCA|NO3,mFRR,Not Specified,Not Specified,MARGINAL,26.0,-1.0
24/09/2023 21:00:00 - 24/09/2023 22:00:00,SCA|NO3,mFRR,Not Specified,Not Specified,MARGINAL,4.62,-4.5
24/09/2023 22:00:00 - 24/09/2023 23:00:00,SCA|NO3,mFRR,Not Specified,Not Specified,MARGINAL,2.77,-4.0
24/09/2023 23:00:00 - 25/09/2023 00:00:00,SCA|NO3,mFRR,Not Specified,Not Specified,MARGINAL,1.47,-4.0
25/09/2023 00:00:00 - 25/09/2023 01:00:00,SCA|NO3,mFRR,Not Specified,Not Specified,MARGINAL,0.24,0.24
25/09/2023 01:00:00 - 25/09/2023 02:00:00,SCA|NO3,mFRR,Not Specified,Not Specified,MARGINAL,-0.01,-5.5
25/09/2023 02:00:00 - 25/09/2023 03:00:00,SCA|NO3,mFRR,Not Specified,Not Specified,MARGINAL,-0.83,-6.0
25/09/2023 03:00:00 - 25/09/2023 04:00:00,SCA|NO3,mFRR,Not Specified,Not Specified,MARGINAL,-1.48,-6.0
25/09/2023 04:00:00 - 25/09/2023 05:00:00,SCA|NO3,mFRR,Not Specified,Not Specified,MARGINAL,-1.67,-5.5
25/09/2023 05:00:00 - 25/09/2023 06:00:00,SCA|NO3,mFRR,Not Specified,Not Specified,MARGINAL,-0.62,-5.0
25/09/2023 06:00:00 - 25/09/2023 07:00:00,SCA|NO3,mFRR,Not Specified,Not Specified,MARGINAL,0.01,-5.0
25/09/2023 07:00:00 - 25/09/2023 08:00:00,SCA|NO3,mFRR,Not Specified,Not Specified,MARGINAL,1.05,1.05
25/09/2023 08:00:00 - 25/09/2023 09:00:00,SCA|NO3,mFRR,Not Specified,Not Specified,MARGINAL,1.88,-3.0
25/09/2023 09:00:00 - 25/09/2023 10:00:00,SCA|NO3,mFRR,Not Specified,Not Specified,MARGINAL,2.0,-3.0
25/09/2023 10:00:00 - 25/09/2023 11:00:00,SCA|NO3,mFRR,Not Specified,Not Specified,MARGINAL,1.69,-3.0
25/09/2023 11:00:00 - 25/09/2023 12:00:00,SCA|NO3,mFRR,Not Specified,Not Specified,MARGINAL,0.95,0.95
25/09/2023 12:00:00 - 25/09/2023 13:00:00,SCA|NO3,mFRR,Not Specified,Not Specified,MARGINAL,0.11,0.11
25/09/2023 13:00:00 - 25/09/2023 14:00:00,SCA|NO3,mFRR,Not Specified,Not Specified,MARGINAL,0.01,-4.5
25/09/2023 14:00:00 - 25/09/2023 15:00:00,SCA|NO3,mFRR,Not Specified,Not Specified,MARGINAL,0.03,-5.0
25/09/2023 15:00:00 - 25/09/2023 16:00:00,SCA|NO3,mFRR,Not Specified,Not Specified,MARGINAL,0.3,-5.0
25/09/2023 16:00:00 - 25/09/2023 17:00:00,SCA|NO3,mFRR,Not Specified,Not Specified,MARGINAL,4.8,0.0
25/09/2023 17:00:00 - 25/09/2023 18:00:00,SCA|NO3,mFRR,Not Specified,Not Specified,MARGINAL,6.5,0.0
25/09/2023 18:00:00 - 25/09/2023 19:00:00,SCA|NO3,mFRR,Not Specified,Not Specified,MARGINAL,6.5,0.01
25/09/2023 19:00:00 - 25/09/2023 20:00:00,SCA|NO3,mFRR,Not Specified,Not Specified,MARGINAL,6.5,0.01
25/09/2023 20:00:00 - 25/09/2023 21:00:00,SCA|NO3,mFRR,Not Specified,Not Specified,MARGINAL,4.0,-0.02
25/09/2023 21:00:00 - 25/09/2023 22:00:00,SCA|NO3,mFRR,Not Specified,Not Specified,MARGINAL,4.0,-0.76
25/09/2023 22:00:00 - 25/09/2023 23:00:00,SCA|NO3,mFRR,Not Specified,Not Specified,MARGINAL,4.0,-1.67
25/09/2023 23:00:00 - 26/09/2023 00:00:00,SCA|NO3,mFRR,Not Specified,Not Specified,MARGINAL,2.14,-2.5
26/09/2023 00:00:00 - 26/09/2023 01:00:00,SCA|NO3,mFRR,Not Specified,Not Specified,MARGINAL,2.5,-3.8
26/09/2023 01:00:00 - 26/09/2023 02:00:00,SCA|NO3,mFRR,Not Specified,Not Specified,MARGINAL,3.0,-4.03
26/09/2023 02:00:00 - 26/09/2023 03:00:00,SCA|NO3,mFRR,Not Specified,Not Specified,MARGINAL,3.0,-3.74
26/09/2023 03:00:00 - 26/09/2023 04:00:00,SCA|NO3,mFRR,Not Specified,Not Specified,MARGINAL,3.0,-3.42
26/09/2023 04:00:00 - 26/09/2023 05:00:00,SCA|NO3,mFRR,Not Specified,Not Specified,MARGINAL,3.0,-2.46
26/09/2023 05:00:00 - 26/09/2023 06:00:00,SCA|NO3,mFRR,Not Specified,Not Specified,MARGINAL,3.0,-0.63
26/09/2023 06:00:00 - 26/09/2023 07:00:00,SCA|NO3,mFRR,Not Specified,Not Specified,MARGINAL,7.0,0.75
26/09/2023 07:00:00 - 26/09/2023 08:00:00,SCA|NO3,mFRR,Not Specified,Not Specified,MARGINAL,7.0,2.14
26/09/2023 08:00:00 - 26/09/2023 09:00:00,SCA|NO3,mFRR,Not Specified,Not Specified,MARGINAL,3.41,3.41
26/09/2023 09:00:00 - 26/09/2023 10:00:00,SCA|NO3,mFRR,Not Specified,Not Specified,MARGINAL,7.8,4.6
26/09/2023 10:00:00 - 26/09/2023 11:00:00,SCA|NO3,mFRR,Not Specified,Not Specified,MARGINAL,7.8,4.9
26/09/2023 11:00:00 - 26/09/2023 12:00:00,SCA|NO3,mFRR,Not Specified,Not Specified,MARGINAL,11.75,5.06
26/09/2023 12:00:00 - 26/09/2023 13:00:00,SCA|NO3,mFRR,Not Specified,Not Specified,MARGINAL,11.9,5.0
26/09/2023 13:00:00 - 26/09/2023 14:00:00,SCA|NO3,mFRR,Not Specified,Not Specified,MARGINAL,5.01,0.67
26/09/2023 14:00:00 - 26/09/2023 15:00:00,SCA|NO3,mFRR,Not Specified,Not Specified,MARGINAL,8.5,5.19
26/09/2023 15:00:00 - 26/09/2023 16:00:00,SCA|NO3,mFRR,Not Specified,Not Specified,MARGINAL,11.03,5.76
26/09/2023 16:00:00 - 26/09/2023 17:00:00,SCA|NO3,mFRR,Not Specified,Not Specified,MARGINAL,19.0,6.02
26/09/2023 17:00:00 - 26/09/2023 18:00:00,SCA|NO3,mFRR,Not Specified,Not Specified,MARGINAL,19.0,6.31
26/09/2023 18:00:00 - 26/09/2023 19:00:00,SCA|NO3,mFRR,Not Specified,Not Specified,MARGINAL,14.46,5.1
26/09/2023 19:00:00 - 26/09/2023 20:00:00,SCA|NO3,mFRR,Not Specified,Not Specified,MARGINAL,12.0,3.94
26/09/2023 20:00:00 - 26/09/2023 21:00:00,SCA|NO3,mFRR,Not Specified,Not Specified,MARGINAL,6.5,2.79
26/09/2023 21:00:00 - 26/09/2023 22:00:00,SCA|NO3,mFRR,Not Specified,Not Specified,MARGINAL,6.0,1.65
26/09/2023 22:00:00 - 26/09/2023 23:00:00,SCA|NO3,mFRR,Not Specified,Not Specified,MARGINAL,7.0,0.43
26/09/2023 23:00:00 - 27/09/2023 00:00:00,SCA|NO3,mFRR,Not Specified,Not Specified,MARGINAL,6.0,-0.04
27/09/2023 00:00:00 - 27/09/2023 01:00:00,SCA|NO3,mFRR,Not Specified,Not Specified,MARGINAL,5.0,1.51
27/09/2023 01:00:00 - 27/09/2023 02:00:00,SCA|NO3,mFRR,Not Specified,Not Specified,MARGINAL,1.67,1.17
27/09/2023 02:00:00 - 27/09/2023 03:00:00,SCA|NO3,mFRR,Not Specified,Not Specified,MARGINAL,2.34,1.34
27/09/2023 03:00:00 - 27/09/2023 04:00:00,SCA|NO3,mFRR,Not Specified,Not Specified,MARGINAL,5.0,1.31
27/09/2023 04:00:00 - 27/09/2023 05:00:00,SCA|NO3,mFRR,Not Specified,Not Specified,MARGINAL,5.0,1.41
27/09/2023 05:00:00 - 27/09/2023 06:00:00,SCA|NO3,mFRR,Not Specified,Not Specified,MARGINAL,2.2,2.2
27/09/2023 06:00:00 - 27/09/2023 07:00:00,SCA|NO3,mFRR,Not Specified,Not Specified,MARGINAL,7.0,3.2
27/09/2023 07:00:00 - 27/09/2023 08:00:00,SCA|NO3,mFRR,Not Specified,Not Specified,MARGINAL,7.0,4.24
27/09/2023 08:00:00 - 27/09/2023 09:00:00,SCA|NO3,mFRR,Not Specified,Not Specified,MARGINAL,7.0,4.96
27/09/2023 09:00:00 - 27/09/2023 10:00:00,SCA|NO3,mFRR,Not Specified,Not Specified,MARGINAL,5.86,5.86
27/09/2023 10:00:00 - 27/09/2023 11:00:00,SCA|NO3,mFRR,Not Specified,Not Specified,MARGINAL,7.0,6.9
27/09/2023 11:00:00 - 27/09/2023 12:00:00,SCA|NO3,mFRR,Not Specified,Not Specified,MARGINAL,7.0,5.69
27/09/2023 12:00:00 - 27/09/2023 13:00:00,SCA|NO3,mFRR,Not Specified,Not Specified,MARGINAL,7.0,4.73
27/09/2023 13:00:00 - 27/09/2023 14:00:00,SCA|NO3,mFRR,Not Specified,Not Specified,MARGINAL,7.0,3.29
27/09/2023 14:00:00 - 27/09/2023 15:00:00,SCA|NO3,mFRR,Not Specified,Not Specified,MARGINAL,8.97,2.94
27/09/2023 15:00:00 - 27/09/2023 16:00:00,SCA|NO3,mFRR,Not Specified,Not Specified,MARGINAL,13.54,2.93
27/09/2023 16:00:00 - 27/09/2023 17:00:00,SCA|NO3,mFRR,Not Specified,Not Specified,MARGINAL,11.95,3.27
27/09/2023 17:00:00 - 27/09/2023 18:00:00,SCA|NO3,mFRR,Not Specified,Not Specified,MARGINAL,7.0,3.84
27/09/2023 18:00:00 - 27/09/2023 19:00:00,SCA|NO3,mFRR,Not Specified,Not Specified,MARGINAL,4.6,4.6
27/09/2023 19:00:00 - 27/09/2023 20:00:00,SCA|NO3,mFRR,Not Specified,Not Specified,MARGINAL,4.15,4.15
27/09/2023 20:00:00 - 27/09/2023 21:00:00,SCA|NO3,mFRR,Not Specified,Not Specified,MARGINAL,3.43,3.43
27/09/2023 21:00:00 - 27/09/2023 22:00:00,SCA|NO3,mFRR,Not Specified,Not Specified,MARGINAL,2.95,0.0
27/09/2023 22:00:00 - 27/09/2023 23:00:00,SCA|NO3,mFRR,Not Specified,Not Specified,MARGINAL,2.28,0.0
27/09/2023 23:00:00 - 28/09/2023 00:00:00,SCA|NO3,mFRR,Not Specified,Not Specified,MARGINAL,2.05,1.0
28/09/2023 00:00:00 - 28/09/2023 01:00:00,SCA|NO3,mFRR,Not Specified,Not Specified,MARGINAL,2.06,-3.0
28/09/2023 01:00:00 - 28/09/2023 02:00:00,SCA|NO3,mFRR,Not Specified,Not Specified,MARGINAL,1.98,-3.0
28/09/2023 02:00:00 - 28/09/2023 03:00:00,SCA|NO3,mFRR,Not Specified,Not Specified,MARGINAL,1.85,-3.0
28/09/2023 03:00:00 - 28/09/2023 04:00:00,SCA|NO3,mFRR,Not Specified,Not Specified,MARGINAL,1.67,-5.0
28/09/2023 04:00:00 - 28/09/2023 05:00:00,SCA|NO3,mFRR,Not Specified,Not Specified,MARGINAL,2.07,-5.0
28/09/2023 05:00:00 - 28/09/2023 06:00:00,SCA|NO3,mFRR,Not Specified,Not Specified,MARGINAL,3.81,-1.0
28/09/2023 06:00:00 - 28/09/2023 07:00:00,SCA|NO3,mFRR,Not Specified,Not Specified,MARGINAL,7.99,0.0
28/09/2023 07:00:00 - 28/09/2023 08:00:00,SCA|NO3,mFRR,Not Specified,Not Specified,MARGINAL,11.37,0.0
28/09/2023 08:00:00 - 28/09/2023 09:00:00,SCA|NO3,mFRR,Not Specified,Not Specified,MARGINAL,12.54,1.5
28/09/2023 09:00:00 - 28/09/2023 10:00:00,SCA|NO3,mFRR,Not Specified,Not Specified,MARGINAL,12.37,-1.4
28/09/2023 10:00:00 - 28/09/2023 11:00:00,SCA|NO3,mFRR,Not Specified,Not Specified,MARGINAL,9.38,-1.4
28/09/2023 11:00:00 - 28/09/2023 12:00:00,SCA|NO3,mFRR,Not Specified,Not Specified,MARGINAL,9.77,-1.4
28/09/2023 12:00:00 - 28/09/2023 13:00:00,SCA|NO3,mFRR,Not Specified,Not Specified,MARGINAL,8.83,-3.0
28/09/2023 13:00:00 - 28/09/2023 14:00:00,SCA|NO3,mFRR,Not Specified,Not Specified,MARGINAL,7.92,-3.0
28/09/2023 14:00:00 - 28/09/2023 15:00:00,SCA|NO3,mFRR,Not Specified,Not Specified,MARGINAL,6.31,-2.0
28/09/2023 15:00:00 - 28/09/2023 16:00:00,SCA|NO3,mFRR,Not Specified,Not Specified,MARGINAL,5.83,-1.5
28/09/2023 16:00:00 - 28/09/2023 17:00:00,SCA|NO3,mFRR,Not Specified,Not Specified,MARGINAL,6.4,-3.0
28/09/2023 17:00:00 - 28/09/2023 18:00:00,SCA|NO3,mFRR,Not Specified,Not Specified,MARGINAL,5.64,-3.0
28/09/2023 18:00:00 - 28/09/2023 19:00:00,SCA|NO3,mFRR,Not Specified,Not Specified,MARGINAL,3.79,-5.0
28/09/2023 19:00:00 - 28/09/2023 20:00:00,SCA|NO3,mFRR,Not Specified,Not Specified,MARGINAL,4.19,-5.0
28/09/2023 20:00:00 - 28/09/2023 21:00:00,SCA|NO3,mFRR,Not Specified,Not Specified,MARGINAL,2.74,-5.0
28/09/2023 21:00:00 - 28/09/2023 22:00:00,SCA|NO3,mFRR,Not Specified,Not Specified,MARGINAL,1.68,-5.0
28/09/2023 22:00:00 - 28/09/2023 23:00:00,SCA|NO3,mFRR,Not Specified,Not Specified,MARGINAL,0.06,-6.0
28/09/2023 23:00:00 - 29/09/2023 00:00:00,SCA|NO3,mFRR,Not Specified,Not Specified,MARGINAL,-0.65,-6.0
29/09/2023 00:00:00 - 29/09/2023 01:00:00,SCA|NO3,mFRR,Not Specified,Not Specified,MARGINAL,-0.6,-2.35
29/09/2023 01:00:00 - 29/09/2023 02:00:00,SCA|NO3,mFRR,Not Specified,Not Specified,MARGINAL,-0.6,-6.0
29/09/2023 02:00:00 - 29/09/2023 03:00:00,SCA|NO3,mFRR,Not Specified,Not Specified,MARGINAL,-0.57,-6.0
29/09/2023 03:00:00 - 29/09/2023 04:00:00,SCA|NO3,mFRR,Not Specified,Not Specified,MARGINAL,-0.36,-5.0
29/09/2023 04:00:00 - 29/09/2023 05:00:00,SCA|NO3,mFRR,Not Specified,Not Specified,MARGINAL,0.0,-5.5
29/09/2023 05:00:00 - 29/09/2023 06:00:00,SCA|NO3,mFRR,Not Specified,Not Specified,MARGINAL,1.65,-5.5
29/09/2023 06:00:00 - 29/09/2023 07:00:00,SCA|NO3,mFRR,Not Specified,Not Specified,MARGINAL,3.48,-4.5
29/09/2023 07:00:00 - 29/09/2023 08:00:00,SCA|NO3,mFRR,Not Specified,Not Specified,MARGINAL,5.16,-0.5
29/09/2023 08:00:00 - 29/09/2023 09:00:00,SCA|NO3,mFRR,Not Specified,Not Specified,MARGINAL,6.62,5.1
29/09/2023 09:00:00 - 29/09/2023 10:00:00,SCA|NO3,mFRR,Not Specified,Not Specified,MARGINAL,7.02,1.0
29/09/2023 10:00:00 - 29/09/2023 11:00:00,SCA|NO3,mFRR,Not Specified,Not Specified,MARGINAL,6.95,0.5
29/09/2023 11:00:00 - 29/09/2023 12:00:00,SCA|NO3,mFRR,Not Specified,Not Specified,MARGINAL,6.84,5.1
29/09/2023 12:00:00 - 29/09/2023 13:00:00,SCA|NO3,mFRR,Not Specified,Not Specified,MARGINAL,10.0,6.25
29/09/2023 13:00:00 - 29/09/2023 14:00:00,SCA|NO3,mFRR,Not Specified,Not Specified,MARGINAL,10.0,6.24
29/09/2023 14:00:00 - 29/09/2023 15:00:00,SCA|NO3,mFRR,Not Specified,Not Specified,MARGINAL,5.83,5.83
29/09/2023 15:00:00 - 29/09/2023 16:00:00,SCA|NO3,mFRR,Not Specified,Not Specified,MARGINAL,5.83,5.83
29/09/2023 16:00:00 - 29/09/2023 17:00:00,SCA|NO3,mFRR,Not Specified,Not Specified,MARGINAL,5.91,5.91
29/09/2023 17:00:00 - 29/09/2023 18:00:00,SCA|NO3,mFRR,Not Specified,Not Specified,MARGINAL,6.05,6.05
29/09/2023 18:00:00 - 29/09/2023 19:00:00,SCA|NO3,mFRR,Not Specified,Not Specified,MARGINAL,6.0,5.29
29/09/2023 19:00:00 - 29/09/2023 20:00:00,SCA|NO3,mFRR,Not Specified,Not Specified,MARGINAL,4.99,4.99
29/09/2023 20:00:00 - 29/09/2023 21:00:00,SCA|NO3,mFRR,Not Specified,Not Specified,MARGINAL,3.64,-4.5
29/09/2023 21:00:00 - 29/09/2023 22:00:00,SCA|NO3,mFRR,Not Specified,Not Specified,MARGINAL,2.63,-4.5
29/09/2023 22:00:00 - 29/09/2023 23:00:00,SCA|NO3,mFRR,Not Specified,Not Specified,MARGINAL,1.71,-4.5
29/09/2023 23:00:00 - 30/09/2023 00:00:00,SCA|NO3,mFRR,Not Specified,Not Specified,MARGINAL,0.16,-5.0
30/09/2023 00:00:00 - 30/09/2023 01:00:00,SCA|NO3,mFRR,Not Specified,Not Specified,MARGINAL,5.6,-0.02
30/09/2023 01:00:00 - 30/09/2023 02:00:00,SCA|NO3,mFRR,Not Specified,Not Specified,MARGINAL,6.6,-0.04
30/09/2023 02:00:00 - 30/09/2023 03:00:00,SCA|NO3,mFRR,Not Specified,Not Specified,MARGINAL,5.55,-0.07
30/09/2023 03:00:00 - 30/09/2023 04:00:00,SCA|NO3,mFRR,Not Specified,Not Specified,MARGINAL,4.0,-0.02
30/09/2023 04:00:00 - 30/09/2023 05:00:00,SCA|NO3,mFRR,Not Specified,Not Specified,MARGINAL,5.0,0.0
30/09/2023 05:00:00 - 30/09/2023 06:00:00,SCA|NO3,mFRR,Not Specified,Not Specified,MARGINAL,3.52,0.01
30/09/2023 06:00:00 - 30/09/2023 07:00:00,SCA|NO3,mFRR,Not Specified,Not Specified,MARGINAL,3.58,0.07
30/09/2023 07:00:00 - 30/09/2023 08:00:00,SCA|NO3,mFRR,Not Specified,Not Specified,MARGINAL,4.2,1.24
30/09/2023 08:00:00 - 30/09/2023 09:00:00,SCA|NO3,mFRR,Not Specified,Not Specified,MARGINAL,1.98,1.98
30/09/2023 09:00:00 - 30/09/2023 10:00:00,SCA|NO3,mFRR,Not Specified,Not Specified,MARGINAL,2.5,2.14
30/09/2023 10:00:00 - 30/09/2023 11:00:00,SCA|NO3,mFRR,Not Specified,Not Specified,MARGINAL,2.5,1.5
30/09/2023 11:00:00 - 30/09/2023 12:00:00,SCA|NO3,mFRR,Not Specified,Not Specified,MARGINAL,2.34,0.04
30/09/2023 12:00:00 - 30/09/2023 13:00:00,SCA|NO3,mFRR,Not Specified,Not Specified,MARGINAL,-0.17,-3.0
30/09/2023 13:00:00 - 30/09/2023 14:00:00,SCA|NO3,mFRR,Not Specified,Not Specified,MARGINAL,-1.1,-5.0
30/09/2023 14:00:00 - 30/09/2023 15:00:00,SCA|NO3,mFRR,Not Specified,Not Specified,MARGINAL,-1.73,-5.0
30/09/2023 15:00:00 - 30/09/2023 16:00:00,SCA|NO3,mFRR,Not Specified,Not Specified,MARGINAL,-1.34,-2.2
30/09/2023 16:00:00 - 30/09/2023 17:00:00,SCA|NO3,mFRR,Not Specified,Not Specified,MARGINAL,-1.06,-1.06
30/09/2023 17:00:00 - 30/09/2023 18:00:00,SCA|NO3,mFRR,Not Specified,Not Specified,MARGINAL,-0.8,-0.8
30/09/2023 18:00:00 - 30/09/2023 19:00:00,SCA|NO3,mFRR,Not Specified,Not Specified,MARGINAL,1.0,-0.43
30/09/2023 19:00:00 - 30/09/2023 20:00:00,SCA|NO3,mFRR,Not Specified,Not Specified,MARGINAL,2.67,-0.39
30/09/2023 20:00:00 - 30/09/2023 21:00:00,SCA|NO3,mFRR,Not Specified,Not Specified,MARGINAL,2.67,-0.82
30/09/2023 21:00:00 - 30/09/2023 22:00:00,SCA|NO3,mFRR,Not Specified,Not Specified,MARGINAL,-1.04,-1.04
30/09/2023 22:00:00 - 30/09/2023 23:00:00,SCA|NO3,mFRR,Not Specified,Not Specified,MARGINAL,-1.12,-1.12
30/09/2023 23:00:00 - 01/10/2023 00:00:00,SCA|NO3,mFRR,Not Specified,Not Specified,MARGINAL,-1.68,-1.68
01/10/2023 00:00:00 - 01/10/2023 01:00:00,SCA|NO3,mFRR,Not Specified,Not Specified,MARGINAL,-1.99,-1.99
01/10/2023 01:00:00 - 01/10/2023 02:00:00,SCA|NO3,mFRR,Not Specified,Not Specified,MARGINAL,-2.02,-2.02
01/10/2023 02:00:00 - 01/10/2023 03:00:00,SCA|NO3,mFRR,Not Specified,Not Specified,MARGINAL,-2.08,-2.08
01/10/2023 03:00:00 - 01/10/2023 04:00:00,SCA|NO3,mFRR,Not Specified,Not Specified,MARGINAL,-2.09,-2.09
01/10/2023 04:00:00 - 01/10/2023 05:00:00,SCA|NO3,mFRR,Not Specified,Not Specified,MARGINAL,-2.07,-2.07
01/10/2023 05:00:00 - 01/10/2023 06:00:00,SCA|NO3,mFRR,Not Specified,Not Specified,MARGINAL,-2.07,-2.07
01/10/2023 06:00:00 - 01/10/2023 07:00:00,SCA|NO3,mFRR,Not Specified,Not Specified,MARGINAL,-2.0,-2.0
01/10/2023 07:00:00 - 01/10/2023 08:00:00,SCA|NO3,mFRR,Not Specified,Not Specified,MARGINAL,-1.79,-4.0
01/10/2023 08:00:00 - 01/10/2023 09:00:00,SCA|NO3,mFRR,Not Specified,Not Specified,MARGINAL,-1.07,-4.0
01/10/2023 09:00:00 - 01/10/2023 10:00:00,SCA|NO3,mFRR,Not Specified,Not Specified,MARGINAL,-0.16,-3.0
01/10/2023 10:00:00 - 01/10/2023 11:00:00,SCA|NO3,mFRR,Not Specified,Not Specified,MARGINAL,0.0,-3.0
01/10/2023 11:00:00 - 01/10/2023 12:00:00,SCA|NO3,mFRR,Not Specified,Not Specified,MARGINAL,0.39,-3.0
01/10/2023 12:00:00 - 01/10/2023 13:00:00,SCA|NO3,mFRR,Not Specified,Not Specified,MARGINAL,-0.05,-3.0
01/10/2023 13:00:00 - 01/10/2023 14:00:00,SCA|NO3,mFRR,Not Specified,Not Specified,MARGINAL,-1.89,-3.0
01/10/2023 14:00:00 - 01/10/2023 15:00:00,SCA|NO3,mFRR,Not Specified,Not Specified,MARGINAL,-0.73,-0.73
01/10/2023 15:00:00 - 01/10/2023 16:00:00,SCA|NO3,mFRR,Not Specified,Not Specified,MARGINAL,1.53,1.53
01/10/2023 16:00:00 - 01/10/2023 17:00:00,SCA|NO3,mFRR,Not Specified,Not Specified,MARGINAL,3.22,3.22
01/10/2023 17:00:00 - 01/10/2023 18:00:00,SCA|NO3,mFRR,Not Specified,Not Specified,MARGINAL,4.79,4.79
01/10/2023 18:00:00 - 01/10/2023 19:00:00,SCA|NO3,mFRR,Not Specified,Not Specified,MARGINAL,14.5,5.68
01/10/2023 19:00:00 - 01/10/2023 20:00:00,SCA|NO3,mFRR,Not Specified,Not Specified,MARGINAL,14.5,5.91
01/10/2023 20:00:00 - 01/10/2023 21:00:00,SCA|NO3,mFRR,Not Specified,Not Specified,MARGINAL,7.34,4.98
01/10/2023 21:00:00 - 01/10/2023 22:00:00,SCA|NO3,mFRR,Not Specified,Not Specified,MARGINAL,4.88,4.88
01/10/2023 22:00:00 - 01/10/2023 23:00:00,SCA|NO3,mFRR,Not Specified,Not Specified,MARGINAL,4.25,4.25
01/10/2023 23:00:00 - 02/10/2023 00:00:00,SCA|NO3,mFRR,Not Specified,Not Specified,MARGINAL,3.59,3.59
02/10/2023 00:00:00 - 02/10/2023 01:00:00,SCA|NO3,mFRR,Not Specified,Not Specified,MARGINAL,2.79,2.79
02/10/2023 01:00:00 - 02/10/2023 02:00:00,SCA|NO3,mFRR,Not Specified,Not Specified,MARGINAL,2.78,2.78
02/10/2023 02:00:00 - 02/10/2023 03:00:00,SCA|NO3,mFRR,Not Specified,Not Specified,MARGINAL,2.91,2.91
02/10/2023 03:00:00 - 02/10/2023 04:00:00,SCA|NO3,mFRR,Not Specified,Not Specified,MARGINAL,3.15,3.15
02/10/2023 04:00:00 - 02/10/2023 05:00:00,SCA|NO3,mFRR,Not Specified,Not Specified,MARGINAL,3.86,0.0
02/10/2023 05:00:00 - 02/10/2023 06:00:00,SCA|NO3,mFRR,Not Specified,Not Specified,MARGINAL,4.98,0.0
02/10/2023 06:00:00 - 02/10/2023 07:00:00,SCA|NO3,mFRR,Not Specified,Not Specified,MARGINAL,7.48,0.0
02/10/2023 07:00:00 - 02/10/2023 08:00:00,SCA|NO3,mFRR,Not Specified,Not Specified,MARGINAL,8.66,7.0
02/10/2023 08:00:00 - 02/10/2023 09:00:00,SCA|NO3,mFRR,Not Specified,Not Specified,MARGINAL,7.3,1.35
02/10/2023 09:00:00 - 02/10/2023 10:00:00,SCA|NO3,mFRR,Not Specified,Not Specified,MARGINAL,7.35,2.0
02/10/2023 10:00:00 - 02/10/2023 11:00:00,SCA|NO3,mFRR,Not Specified,Not Specified,MARGINAL,6.95,2.0
02/10/2023 11:00:00 - 02/10/2023 12:00:00,SCA|NO3,mFRR,Not Specified,Not Specified,MARGINAL,7.11,5.5
02/10/2023 12:00:00 - 02/10/2023 13:00:00,SCA|NO3,mFRR,Not Specified,Not Specified,MARGINAL,7.21,5.5
02/10/2023 13:00:00 - 02/10/2023 14:00:00,SCA|NO3,mFRR,Not Specified,Not Specified,MARGINAL,7.48,7.48
02/10/2023 14:00:00 - 02/10/2023 15:00:00,SCA|NO3,mFRR,Not Specified,Not Specified,MARGINAL,6.41,6.41
02/10/2023 15:00:00 - 02/10/2023 16:00:00,SCA|NO3,mFRR,Not Specified,Not Specified,MARGINAL,6.47,3.5
02/10/2023 16:00:00 - 02/10/2023 17:00:00,SCA|NO3,mFRR,Not Specified,Not Specified,MARGINAL,6.8,3.5
02/10/2023 17:00:00 - 02/10/2023 18:00:00,SCA|NO3,mFRR,Not Specified,Not Specified,MARGINAL,6.47,6.47
02/10/2023 18:00:00 - 02/10/2023 19:00:00,SCA|NO3,mFRR,Not Specified,Not Specified,MARGINAL,6.49,6.49
02/10/2023 19:00:00 - 02/10/2023 20:00:00,SCA|NO3,mFRR,Not Specified,Not Specified,MARGINAL,6.81,6.81
02/10/2023 20:00:00 - 02/10/2023 21:00:00,SCA|NO3,mFRR,Not Specified,Not Specified,MARGINAL,6.89,6.89
02/10/2023 21:00:00 - 02/10/2023 22:00:00,SCA|NO3,mFRR,Not Specified,Not Specified,MARGINAL,5.01,5.01
02/10/2023 22:00:00 - 02/10/2023 23:00:00,SCA|NO3,mFRR,Not Specified,Not Specified,MARGINAL,4.18,4.18
02/10/2023 23:00:00 - 03/10/2023 00:00:00,SCA|NO3,mFRR,Not Specified,Not Specified,MARGINAL,3.1,3.0
03/10/2023 00:00:00 - 03/10/2023 01:00:00,SCA|NO3,mFRR,Not Specified,Not Specified,MARGINAL,2.99,2.49
03/10/2023 01:00:00 - 03/10/2023 02:00:00,SCA|NO3,mFRR,Not Specified,Not Specified,MARGINAL,2.96,2.46
03/10/2023 02:00:00 - 03/10/2023 03:00:00,SCA|NO3,mFRR,Not Specified,Not Specified,MARGINAL,2.96,2.46
03/10/2023 03:00:00 - 03/10/2023 04:00:00,SCA|NO3,mFRR,Not Specified,Not Specified,MARGINAL,2.97,1.73
03/10/2023 04:00:00 - 03/10/2023 05:00:00,SCA|NO3,mFRR,Not Specified,Not Specified,MARGINAL,3.2,1.73
03/10/2023 05:00:00 - 03/10/2023 06:00:00,SCA|NO3,mFRR,Not Specified,Not Specified,MARGINAL,4.41,4.0
03/10/2023 06:00:00 - 03/10/2023 07:00:00,SCA|NO3,mFRR,Not Specified,Not Specified,MARGINAL,3.0,3.0
03/10/2023 07:00:00 - 03/10/2023 08:00:00,SCA|NO3,mFRR,Not Specified,Not Specified,MARGINAL,16.27,6.61
03/10/2023 08:00:00 - 03/10/2023 09:00:00,SCA|NO3,mFRR,Not Specified,Not Specified,MARGINAL,11.0,0.0
03/10/2023 09:00:00 - 03/10/2023 10:00:00,SCA|NO3,mFRR,Not Specified,Not Specified,MARGINAL,4.93,0.0
03/10/2023 10:00:00 - 03/10/2023 11:00:00,SCA|NO3,mFRR,Not Specified,Not Specified,MARGINAL,9.9,3.2
03/10/2023 11:00:00 - 03/10/2023 12:00:00,SCA|NO3,mFRR,Not Specified,Not Specified,MARGINAL,9.9,2.99
03/10/2023 12:00:00 - 03/10/2023 13:00:00,SCA|NO3,mFRR,Not Specified,Not Specified,MARGINAL,5.89,2.98
03/10/2023 13:00:00 - 03/10/2023 14:00:00,SCA|NO3,mFRR,Not Specified,Not Specified,MARGINAL,5.0,2.78
03/10/2023 14:00:00 - 03/10/2023 15:00:00,SCA|NO3,mFRR,Not Specified,Not Specified,MARGINAL,5.0,2.64
03/10/2023 15:00:00 - 03/10/2023 16:00:00,SCA|NO3,mFRR,Not Specified,Not Specified,MARGINAL,3.35,2.58
03/10/2023 16:00:00 - 03/10/2023 17:00:00,SCA|NO3,mFRR,Not Specified,Not Specified,MARGINAL,8.0,2.92
03/10/2023 17:00:00 - 03/10/2023 18:00:00,SCA|NO3,mFRR,Not Specified,Not Specified,MARGINAL,13.22,4.98
03/10/2023 18:00:00 - 03/10/2023 19:00:00,SCA|NO3,mFRR,Not Specified,Not Specified,MARGINAL,22.0,8.31
03/10/2023 19:00:00 - 03/10/2023 20:00:00,SCA|NO3,mFRR,Not Specified,Not Specified,MARGINAL,19.99,7.62
03/10/2023 20:00:00 - 03/10/2023 21:00:00,SCA|NO3,mFRR,Not Specified,Not Specified,MARGINAL,12.0,5.38
03/10/2023 21:00:00 - 03/10/2023 22:00:00,SCA|NO3,mFRR,Not Specified,Not Specified,MARGINAL,7.0,4.09
03/10/2023 22:00:00 - 03/10/2023 23:00:00,SCA|NO3,mFRR,Not Specified,Not Specified,MARGINAL,7.0,2.69
03/10/2023 23:00:00 - 04/10/2023 00:00:00,SCA|NO3,mFRR,Not Specified,Not Specified,MARGINAL,6.0,0.73
04/10/2023 00:00:00 - 04/10/2023 01:00:00,SCA|NO3,mFRR,Not Specified,Not Specified,MARGINAL,5.0,0.13
04/10/2023 01:00:00 - 04/10/2023 02:00:00,SCA|NO3,mFRR,Not Specified,Not Specified,MARGINAL,4.0,0.01
04/10/2023 02:00:00 - 04/10/2023 03:00:00,SCA|NO3,mFRR,Not Specified,Not Specified,MARGINAL,5.0,-0.02
04/10/2023 03:00:00 - 04/10/2023 04:00:00,SCA|NO3,mFRR,Not Specified,Not Specified,MARGINAL,5.0,-0.07
04/10/2023 04:00:00 - 04/10/2023 05:00:00,SCA|NO3,mFRR,Not Specified,Not Specified,MARGINAL,5.0,-0.09
04/10/2023 05:00:00 - 04/10/2023 06:00:00,SCA|NO3,mFRR,Not Specified,Not Specified,MARGINAL,5.0,-0.06
04/10/2023 06:00:00 - 04/10/2023 07:00:00,SCA|NO3,mFRR,Not Specified,Not Specified,MARGINAL,6.17,1.57
04/10/2023 07:00:00 - 04/10/2023 08:00:00,SCA|NO3,mFRR,Not Specified,Not Specified,MARGINAL,6.17,2.45
04/10/2023 08:00:00 - 04/10/2023 09:00:00,SCA|NO3,mFRR,Not Specified,Not Specified,MARGINAL,2.79,1.34
04/10/2023 09:00:00 - 04/10/2023 10:00:00,SCA|NO3,mFRR,Not Specified,Not Specified,MARGINAL,2.93,-2.0
04/10/2023 10:00:00 - 04/10/2023 11:00:00,SCA|NO3,mFRR,Not Specified,Not Specified,MARGINAL,2.76,-4.0
04/10/2023 11:00:00 - 04/10/2023 12:00:00,SCA|NO3,mFRR,Not Specified,Not Specified,MARGINAL,1.92,-4.0
04/10/2023 12:00:00 - 04/10/2023 13:00:00,SCA|NO3,mFRR,Not Specified,Not Specified,MARGINAL,1.48,-4.0
04/10/2023 13:00:00 - 04/10/2023 14:00:00,SCA|NO3,mFRR,Not Specified,Not Specified,MARGINAL,1.24,-4.0
04/10/2023 14:00:00 - 04/10/2023 15:00:00,SCA|NO3,mFRR,Not Specified,Not Specified,MARGINAL,1.33,-2.0
04/10/2023 15:00:00 - 04/10/2023 16:00:00,SCA|NO3,mFRR,Not Specified,Not Specified,MARGINAL,1.42,-2.0
04/10/2023 16:00:00 - 04/10/2023 17:00:00,SCA|NO3,mFRR,Not Specified,Not Specified,MARGINAL,5.5,2.44
04/10/2023 17:00:00 - 04/10/2023 18:00:00,SCA|NO3,mFRR,Not Specified,Not Specified,MARGINAL,7.5,3.18
04/10/2023 18:00:00 - 04/10/2023 19:00:00,SCA|NO3,mFRR,Not Specified,Not Specified,MARGINAL,6.51,3.17
04/10/2023 19:00:00 - 04/10/2023 20:00:00,SCA|NO3,mFRR,Not Specified,Not Specified,MARGINAL,5.36,-1.0
04/10/2023 20:00:00 - 04/10/2023 21:00:00,SCA|NO3,mFRR,Not Specified,Not Specified,MARGINAL,2.03,-5.0
04/10/2023 21:00:00 - 04/10/2023 22:00:00,SCA|NO3,mFRR,Not Specified,Not Specified,MARGINAL,0.13,-5.0
04/10/2023 22:00:00 - 04/10/2023 23:00:00,SCA|NO3,mFRR,Not Specified,Not Specified,MARGINAL,0.01,-2.0
04/10/2023 23:00:00 - 05/10/2023 00:00:00,SCA|NO3,mFRR,Not Specified,Not Specified,MARGINAL,0.0,0.0
05/10/2023 00:00:00 - 05/10/2023 01:00:00,SCA|NO3,mFRR,Not Specified,Not Specified,MARGINAL,0.0,-1.0
05/10/2023 01:00:00 - 05/10/2023 02:00:00,SCA|NO3,mFRR,Not Specified,Not Specified,MARGINAL,-0.03,-4.02
05/10/2023 02:00:00 - 05/10/2023 03:00:00,SCA|NO3,mFRR,Not Specified,Not Specified,MARGINAL,-0.06,-4.02
05/10/2023 03:00:00 - 05/10/2023 04:00:00,SCA|NO3,mFRR,Not Specified,Not Specified,MARGINAL,-0.05,-2.0
05/10/2023 04:00:00 - 05/10/2023 05:00:00,SCA|NO3,mFRR,Not Specified,Not Specified,MARGINAL,-0.01,-2.5
05/10/2023 05:00:00 - 05/10/2023 06:00:00,SCA|NO3,mFRR,Not Specified,Not Specified,MARGINAL,0.11,-4.0
05/10/2023 06:00:00 - 05/10/2023 07:00:00,SCA|NO3,mFRR,Not Specified,Not Specified,MARGINAL,2.98,-4.0
05/10/2023 07:00:00 - 05/10/2023 08:00:00,SCA|NO3,mFRR,Not Specified,Not Specified,MARGINAL,4.97,4.97
05/10/2023 08:00:00 - 05/10/2023 09:00:00,SCA|NO3,mFRR,Not Specified,Not Specified,MARGINAL,6.98,2.0
05/10/2023 09:00:00 - 05/10/2023 10:00:00,SCA|NO3,mFRR,Not Specified,Not Specified,MARGINAL,7.81,2.0
05/10/2023 10:00:00 - 05/10/2023 11:00:00,SCA|NO3,mFRR,Not Specified,Not Specified,MARGINAL,7.32,3.0
05/10/2023 11:00:00 - 05/10/2023 12:00:00,SCA|NO3,mFRR,Not Specified,Not Specified,MARGINAL,6.89,0.0
05/10/2023 12:00:00 - 05/10/2023 13:00:00,SCA|NO3,mFRR,Not Specified,Not Specified,MARGINAL,5.68,-3.0
05/10/2023 13:00:00 - 05/10/2023 14:00:00,SCA|NO3,mFRR,Not Specified,Not Specified,MARGINAL,4.99,-3.0
05/10/2023 14:00:00 - 05/10/2023 15:00:00,SCA|NO3,mFRR,Not Specified,Not Specified,MARGINAL,4.96,-3.01
05/10/2023 15:00:00 - 05/10/2023 16:00:00,SCA|NO3,mFRR,Not Specified,Not Specified,MARGINAL,5.2,-4.5
05/10/2023 16:00:00 - 05/10/2023 17:00:00,SCA|NO3,mFRR,Not Specified,Not Specified,MARGINAL,7.25,-2.0
05/10/2023 17:00:00 - 05/10/2023 18:00:00,SCA|NO3,mFRR,Not Specified,Not Specified,MARGINAL,8.28,7.78
05/10/2023 18:00:00 - 05/10/2023 19:00:00,SCA|NO3,mFRR,Not Specified,Not Specified,MARGINAL,7.93,7.93
05/10/2023 19:00:00 - 05/10/2023 20:00:00,SCA|NO3,mFRR,Not Specified,Not Specified,MARGINAL,6.99,6.99
05/10/2023 20:00:00 - 05/10/2023 21:00:00,SCA|NO3,mFRR,Not Specified,Not Specified,MARGINAL,5.41,-1.0
05/10/2023 21:00:00 - 05/10/2023 22:00:00,SCA|NO3,mFRR,Not Specified,Not Specified,MARGINAL,4.91,-1.0
05/10/2023 22:00:00 - 05/10/2023 23:00:00,SCA|NO3,mFRR,Not Specified,Not Specified,MARGINAL,3.99,-0.5
05/10/2023 23:00:00 - 06/10/2023 00:00:00,SCA|NO3,mFRR,Not Specified,Not Specified,MARGINAL,2.98,-0.5
06/10/2023 00:00:00 - 06/10/2023 01:00:00,SCA|NO3,mFRR,Not Specified,Not Specified,MARGINAL,2.82,2.82
06/10/2023 01:00:00 - 06/10/2023 02:00:00,SCA|NO3,mFRR,Not Specified,Not Specified,MARGINAL,2.52,2.52
06/10/2023 02:00:00 - 06/10/2023 03:00:00,SCA|NO3,mFRR,Not Specified,Not Specified,MARGINAL,2.27,2.0
06/10/2023 03:00:00 - 06/10/2023 04:00:00,SCA|NO3,mFRR,Not Specified,Not Specified,MARGINAL,6.0,2.02
06/10/2023 04:00:00 - 06/10/2023 05:00:00,SCA|NO3,mFRR,Not Specified,Not Specified,MARGINAL,7.09,2.83
06/10/2023 05:00:00 - 06/10/2023 06:00:00,SCA|NO3,mFRR,Not Specified,Not Specified,MARGINAL,8.0,3.86
06/10/2023 06:00:00 - 06/10/2023 07:00:00,SCA|NO3,mFRR,Not Specified,Not Specified,MARGINAL,10.7,5.6
06/10/2023 07:00:00 - 06/10/2023 08:00:00,SCA|NO3,mFRR,Not Specified,Not Specified,MARGINAL,13.0,8.99
06/10/2023 08:00:00 - 06/10/2023 09:00:00,SCA|NO3,mFRR,Not Specified,Not Specified,MARGINAL,10.26,-3.0
06/10/2023 09:00:00 - 06/10/2023 10:00:00,SCA|NO3,mFRR,Not Specified,Not Specified,MARGINAL,12.04,-3.0
06/10/2023 10:00:00 - 06/10/2023 11:00:00,SCA|NO3,mFRR,Not Specified,Not Specified,MARGINAL,9.87,-3.0
06/10/2023 11:00:00 - 06/10/2023 12:00:00,SCA|NO3,mFRR,Not Specified,Not Specified,MARGINAL,6.81,-3.0
06/10/2023 12:00:00 - 06/10/2023 13:00:00,SCA|NO3,mFRR,Not Specified,Not Specified,MARGINAL,4.96,-3.88
06/10/2023 13:00:00 - 06/10/2023 14:00:00,SCA|NO3,mFRR,Not Specified,Not Specified,MARGINAL,2.9,-3.5
06/10/2023 14:00:00 - 06/10/2023 15:00:00,SCA|NO3,mFRR,Not Specified,Not Specified,MARGINAL,2.04,-3.0
06/10/2023 15:00:00 - 06/10/2023 16:00:00,SCA|NO3,mFRR,Not Specified,Not Specified,MARGINAL,15.0,2.87
06/10/2023 16:00:00 - 06/10/2023 17:00:00,SCA|NO3,mFRR,Not Specified,Not Specified,MARGINAL,12.5,2.67
06/10/2023 17:00:00 - 06/10/2023 18:00:00,SCA|NO3,mFRR,Not Specified,Not Specified,MARGINAL,10.0,2.83
06/10/2023 18:00:00 - 06/10/2023 19:00:00,SCA|NO3,mFRR,Not Specified,Not Specified,MARGINAL,5.0,2.83
06/10/2023 19:00:00 - 06/10/2023 20:00:00,SCA|NO3,mFRR,Not Specified,Not Specified,MARGINAL,5.0,1.98
06/10/2023 20:00:00 - 06/10/2023 21:00:00,SCA|NO3,mFRR,Not Specified,Not Specified,MARGINAL,1.14,1.14
06/10/2023 21:00:00 - 06/10/2023 22:00:00,SCA|NO3,mFRR,Not Specified,Not Specified,MARGINAL,0.05,-2.0
06/10/2023 22:00:00 - 06/10/2023 23:00:00,SCA|NO3,mFRR,Not Specified,Not Specified,MARGINAL,-0.09,-2.0
06/10/2023 23:00:00 - 07/10/2023 00:00:00,SCA|NO3,mFRR,Not Specified,Not Specified,MARGINAL,-1.2,-1.5
07/10/2023 00:00:00 - 07/10/2023 01:00:00,SCA|NO3,mFRR,Not Specified,Not Specified,MARGINAL,-3.41,-3.41
07/10/2023 01:00:00 - 07/10/2023 02:00:00,SCA|NO3,mFRR,Not Specified,Not Specified,MARGINAL,-3.41,-3.41
07/10/2023 02:00:00 - 07/10/2023 03:00:00,SCA|NO3,mFRR,Not Specified,Not Specified,MARGINAL,-3.63,-3.63
07/10/2023 03:00:00 - 07/10/2023 04:00:00,SCA|NO3,mFRR,Not Specified,Not Specified,MARGINAL,4.0,-4.31
07/10/2023 04:00:00 - 07/10/2023 05:00:00,SCA|NO3,mFRR,Not Specified,Not Specified,MARGINAL,5.0,-3.48
07/10/2023 05:00:00 - 07/10/2023 06:00:00,SCA|NO3,mFRR,Not Specified,Not Specified,MARGINAL,5.0,-3.79
07/10/2023 06:00:00 - 07/10/2023 07:00:00,SCA|NO3,mFRR,Not Specified,Not Specified,MARGINAL,5.0,-3.07
07/10/2023 07:00:00 - 07/10/2023 08:00:00,SCA|NO3,mFRR,Not Specified,Not Specified,MARGINAL,6.5,-1.66
07/10/2023 08:00:00 - 07/10/2023 09:00:00,SCA|NO3,mFRR,Not Specified,Not Specified,MARGINAL,6.5,-0.19
07/10/2023 09:00:00 - 07/10/2023 10:00:00,SCA|NO3,mFRR,Not Specified,Not Specified,MARGINAL,6.88,-0.08
07/10/2023 10:00:00 - 07/10/2023 11:00:00,SCA|NO3,mFRR,Not Specified,Not Specified,MARGINAL,6.88,-0.09
07/10/2023 11:00:00 - 07/10/2023 12:00:00,SCA|NO3,mFRR,Not Specified,Not Specified,MARGINAL,5.0,-0.19
07/10/2023 12:00:00 - 07/10/2023 13:00:00,SCA|NO3,mFRR,Not Specified,Not Specified,MARGINAL,5.0,-0.28
07/10/2023 13:00:00 - 07/10/2023 14:00:00,SCA|NO3,mFRR,Not Specified,Not Specified,MARGINAL,-0.38,-0.38
07/10/2023 14:00:00 - 07/10/2023 15:00:00,SCA|NO3,mFRR,Not Specified,Not Specified,MARGINAL,-0.33,-0.33
07/10/2023 15:00:00 - 07/10/2023 16:00:00,SCA|NO3,mFRR,Not Specified,Not Specified,MARGINAL,4.0,-0.08
07/10/2023 16:00:00 - 07/10/2023 17:00:00,SCA|NO3,mFRR,Not Specified,Not Specified,MARGINAL,4.0,0.0
07/10/2023 17:00:00 - 07/10/2023 18:00:00,SCA|NO3,mFRR,Not Specified,Not Specified,MARGINAL,10.0,0.38
07/10/2023 18:00:00 - 07/10/2023 19:00:00,SCA|NO3,mFRR,Not Specified,Not Specified,MARGINAL,10.0,1.19
07/10/2023 19:00:00 - 07/10/2023 20:00:00,SCA|NO3,mFRR,Not Specified,Not Specified,MARGINAL,9.5,0.7
07/10/2023 20:00:00 - 07/10/2023 21:00:00,SCA|NO3,mFRR,Not Specified,Not Specified,MARGINAL,7.0,0.0
07/10/2023 21:00:00 - 07/10/2023 22:00:00,SCA|NO3,mFRR,Not Specified,Not Specified,MARGINAL,6.0,-0.09
07/10/2023 22:00:00 - 07/10/2023 23:00:00,SCA|NO3,mFRR,Not Specified,Not Specified,MARGINAL,6.0,-1.03
07/10/2023 23:00:00 - 08/10/2023 00:00:00,SCA|NO3,mFRR,Not Specified,Not Specified,MARGINAL,6.0,-1.96
08/10/2023 00:00:00 - 08/10/2023 01:00:00,SCA|NO3,mFRR,Not Specified,Not Specified,MARGINAL,6.0,-1.68
08/10/2023 01:00:00 - 08/10/2023 02:00:00,SCA|NO3,mFRR,Not Specified,Not Specified,MARGINAL,6.0,-1.99
08/10/2023 02:00:00 - 08/10/2023 03:00:00,SCA|NO3,mFRR,Not Specified,Not Specified,MARGINAL,5.9,-2.04
08/10/2023 03:00:00 - 08/10/2023 04:00:00,SCA|NO3,mFRR,Not Specified,Not Specified,MARGINAL,4.0,-2.07
08/10/2023 04:00:00 - 08/10/2023 05:00:00,SCA|NO3,mFRR,Not Specified,Not Specified,MARGINAL,4.0,-2.05
08/10/2023 05:00:00 - 08/10/2023 06:00:00,SCA|NO3,mFRR,Not Specified,Not Specified,MARGINAL,4.0,-1.8
08/10/2023 06:00:00 - 08/10/2023 07:00:00,SCA|NO3,mFRR,Not Specified,Not Specified,MARGINAL,6.0,-1.1
08/10/2023 07:00:00 - 08/10/2023 08:00:00,SCA|NO3,mFRR,Not Specified,Not Specified,MARGINAL,6.0,-0.04
08/10/2023 08:00:00 - 08/10/2023 09:00:00,SCA|NO3,mFRR,Not Specified,Not Specified,MARGINAL,6.0,0.51
08/10/2023 09:00:00 - 08/10/2023 10:00:00,SCA|NO3,mFRR,Not Specified,Not Specified,MARGINAL,8.0,1.31
08/10/2023 10:00:00 - 08/10/2023 11:00:00,SCA|NO3,mFRR,Not Specified,Not Specified,MARGINAL,8.0,1.36
08/10/2023 11:00:00 - 08/10/2023 12:00:00,SCA|NO3,mFRR,Not Specified,Not Specified,MARGINAL,8.0,1.3
08/10/2023 12:00:00 - 08/10/2023 13:00:00,SCA|NO3,mFRR,Not Specified,Not Specified,MARGINAL,8.0,1.32
08/10/2023 13:00:00 - 08/10/2023 14:00:00,SCA|NO3,mFRR,Not Specified,Not Specified,MARGINAL,1.35,1.35
08/10/2023 14:00:00 - 08/10/2023 15:00:00,SCA|NO3,mFRR,Not Specified,Not Specified,MARGINAL,1.64,1.64
08/10/2023 15:00:00 - 08/10/2023 16:00:00,SCA|NO3,mFRR,Not Specified,Not Specified,MARGINAL,8.0,2.5
08/10/2023 16:00:00 - 08/10/2023 17:00:00,SCA|NO3,mFRR,Not Specified,Not Specified,MARGINAL,9.0,3.33
08/10/2023 17:00:00 - 08/10/2023 18:00:00,SCA|NO3,mFRR,Not Specified,Not Specified,MARGINAL,13.24,4.96
08/10/2023 18:00:00 - 08/10/2023 19:00:00,SCA|NO3,mFRR,Not Specified,Not Specified,MARGINAL,15.43,7.41
08/10/2023 19:00:00 - 08/10/2023 20:00:00,SCA|NO3,mFRR,Not Specified,Not Specified,MARGINAL,16.24,7.32
08/10/2023 20:00:00 - 08/10/2023 21:00:00,SCA|NO3,mFRR,Not Specified,Not Specified,MARGINAL,7.15,7.15
08/10/2023 21:00:00 - 08/10/2023 22:00:00,SCA|NO3,mFRR,Not Specified,Not Specified,MARGINAL,13.5,7.23
08/10/2023 22:00:00 - 08/10/2023 23:00:00,SCA|NO3,mFRR,Not Specified,Not Specified,MARGINAL,13.5,6.05
08/10/2023 23:00:00 - 09/10/2023 00:00:00,SCA|NO3,mFRR,Not Specified,Not Specified,MARGINAL,10.0,4.99
09/10/2023 00:00:00 - 09/10/2023 01:00:00,SCA|NO3,mFRR,Not Specified,Not Specified,MARGINAL,8.0,4.73
09/10/2023 01:00:00 - 09/10/2023 02:00:00,SCA|NO3,mFRR,Not Specified,Not Specified,MARGINAL,8.0,3.76
09/10/2023 02:00:00 - 09/10/2023 03:00:00,SCA|NO3,mFRR,Not Specified,Not Specified,MARGINAL,6.0,3.9
09/10/2023 03:00:00 - 09/10/2023 04:00:00,SCA|NO3,mFRR,Not Specified,Not Specified,MARGINAL,7.0,4.19
09/10/2023 04:00:00 - 09/10/2023 05:00:00,SCA|NO3,mFRR,Not Specified,Not Specified,MARGINAL,11.0,4.96
09/10/2023 05:00:00 - 09/10/2023 06:00:00,SCA|NO3,mFRR,Not Specified,Not Specified,MARGINAL,15.54,7.52
09/10/2023 06:00:00 - 09/10/2023 07:00:00,SCA|NO3,mFRR,Not Specified,Not Specified,MARGINAL,15.94,9.67
09/10/2023 07:00:00 - 09/10/2023 08:00:00,SCA|NO3,mFRR,Not Specified,Not Specified,MARGINAL,15.8,13.05
09/10/2023 08:00:00 - 09/10/2023 09:00:00,SCA|NO3,mFRR,Not Specified,Not Specified,MARGINAL,13.18,13.18
09/10/2023 09:00:00 - 09/10/2023 10:00:00,SCA|NO3,mFRR,Not Specified,Not Specified,MARGINAL,13.68,13.68
09/10/2023 10:00:00 - 09/10/2023 11:00:00,SCA|NO3,mFRR,Not Specified,Not Specified,MARGINAL,17.05,13.92
09/10/2023 11:00:00 - 09/10/2023 12:00:00,SCA|NO3,mFRR,Not Specified,Not Specified,MARGINAL,17.18,13.76
09/10/2023 12:00:00 - 09/10/2023 13:00:00,SCA|NO3,mFRR,Not Specified,Not Specified,MARGINAL,17.5,12.46
09/10/2023 13:00:00 - 09/10/2023 14:00:00,SCA|NO3,mFRR,Not Specified,Not Specified,MARGINAL,15.0,12.67
09/10/2023 14:00:00 - 09/10/2023 15:00:00,SCA|NO3,mFRR,Not Specified,Not Specified,MARGINAL,16.88,12.48
09/10/2023 15:00:00 - 09/10/2023 16:00:00,SCA|NO3,mFRR,Not Specified,Not Specified,MARGINAL,15.31,11.54
09/10/2023 16:00:00 - 09/10/2023 17:00:00,SCA|NO3,mFRR,Not Specified,Not Specified,MARGINAL,15.9,11.93
09/10/2023 17:00:00 - 09/10/2023 18:00:00,SCA|NO3,mFRR,Not Specified,Not Specified,MARGINAL,12.31,12.31
09/10/2023 18:00:00 - 09/10/2023 19:00:00,SCA|NO3,mFRR,Not Specified,Not Specified,MARGINAL,19.32,12.58
09/10/2023 19:00:00 - 09/10/2023 20:00:00,SCA|NO3,mFRR,Not Specified,Not Specified,MARGINAL,20.21,13.02
09/10/2023 20:00:00 - 09/10/2023 21:00:00,SCA|NO3,mFRR,Not Specified,Not Specified,MARGINAL,12.75,12.75
09/10/2023 21:00:00 - 09/10/2023 22:00:00,SCA|NO3,mFRR,Not Specified,Not Specified,MARGINAL,19.0,12.48
09/10/2023 22:00:00 - 09/10/2023 23:00:00,SCA|NO3,mFRR,Not Specified,Not Specified,MARGINAL,24.5,11.74
09/10/2023 23:00:00 - 10/10/2023 00:00:00,SCA|NO3,mFRR,Not Specified,Not Specified,MARGINAL,18.0,10.26
10/10/2023 00:00:00 - 10/10/2023 01:00:00,SCA|NO3,mFRR,Not Specified,Not Specified,MARGINAL,3.39,3.39
10/10/2023 01:00:00 - 10/10/2023 02:00:00,SCA|NO3,mFRR,Not Specified,Not Specified,MARGINAL,3.55,3.55
10/10/2023 02:00:00 - 10/10/2023 03:00:00,SCA|NO3,mFRR,Not Specified,Not Specified,MARGINAL,3.48,3.48
10/10/2023 03:00:00 - 10/10/2023 04:00:00,SCA|NO3,mFRR,Not Specified,Not Specified,MARGINAL,3.62,3.62
10/10/2023 04:00:00 - 10/10/2023 05:00:00,SCA|NO3,mFRR,Not Specified,Not Specified,MARGINAL,3.82,3.82
10/10/2023 05:00:00 - 10/10/2023 06:00:00,SCA|NO3,mFRR,Not Specified,Not Specified,MARGINAL,4.22,4.22
10/10/2023 06:00:00 - 10/10/2023 07:00:00,SCA|NO3,mFRR,Not Specified,Not Specified,MARGINAL,9.91,9.91
10/10/2023 07:00:00 - 10/10/2023 08:00:00,SCA|NO3,mFRR,Not Specified,Not Specified,MARGINAL,9.17,9.17
10/10/2023 08:00:00 - 10/10/2023 09:00:00,SCA|NO3,mFRR,Not Specified,Not Specified,MARGINAL,10.5,5.0
10/10/2023 09:00:00 - 10/10/2023 10:00:00,SCA|NO3,mFRR,Not Specified,Not Specified,MARGINAL,10.33,10.33
10/10/2023 10:00:00 - 10/10/2023 11:00:00,SCA|NO3,mFRR,Not Specified,Not Specified,MARGINAL,13.1,9.97
10/10/2023 11:00:00 - 10/10/2023 12:00:00,SCA|NO3,mFRR,Not Specified,Not Specified,MARGINAL,12.31,9.56
10/10/2023 12:00:00 - 10/10/2023 13:00:00,SCA|NO3,mFRR,Not Specified,Not Specified,MARGINAL,12.5,8.92
10/10/2023 13:00:00 - 10/10/2023 14:00:00,SCA|NO3,mFRR,Not Specified,Not Specified,MARGINAL,8.43,8.43
10/10/2023 14:00:00 - 10/10/2023 15:00:00,SCA|NO3,mFRR,Not Specified,Not Specified,MARGINAL,5.88,-3.0
10/10/2023 15:00:00 - 10/10/2023 16:00:00,SCA|NO3,mFRR,Not Specified,Not Specified,MARGINAL,4.09,-3.0
10/10/2023 16:00:00 - 10/10/2023 17:00:00,SCA|NO3,mFRR,Not Specified,Not Specified,MARGINAL,3.69,-3.0
10/10/2023 17:00:00 - 10/10/2023 18:00:00,SCA|NO3,mFRR,Not Specified,Not Specified,MARGINAL,3.41,3.41
10/10/2023 18:00:00 - 10/10/2023 19:00:00,SCA|NO3,mFRR,Not Specified,Not Specified,MARGINAL,3.28,-4.0
10/10/2023 19:00:00 - 10/10/2023 20:00:00,SCA|NO3,mFRR,Not Specified,Not Specified,MARGINAL,3.0,-5.0
10/10/2023 20:00:00 - 10/10/2023 21:00:00,SCA|NO3,mFRR,Not Specified,Not Specified,MARGINAL,2.05,-5.5
10/10/2023 21:00:00 - 10/10/2023 22:00:00,SCA|NO3,mFRR,Not Specified,Not Specified,MARGINAL,0.01,-5.5
10/10/2023 22:00:00 - 10/10/2023 23:00:00,SCA|NO3,mFRR,Not Specified,Not Specified,MARGINAL,-1.74,-5.5
10/10/2023 23:00:00 - 11/10/2023 00:00:00,SCA|NO3,mFRR,Not Specified,Not Specified,MARGINAL,-3.08,-5.5
11/10/2023 00:00:00 - 11/10/2023 01:00:00,SCA|NO3,mFRR,Not Specified,Not Specified,MARGINAL,-4.54,-4.54
11/10/2023 01:00:00 - 11/10/2023 02:00:00,SCA|NO3,mFRR,Not Specified,Not Specified,MARGINAL,-4.98,-4.98
11/10/2023 02:00:00 - 11/10/2023 03:00:00,SCA|NO3,mFRR,Not Specified,Not Specified,MARGINAL,-5.09,-5.09
11/10/2023 03:00:00 - 11/10/2023 04:00:00,SCA|NO3,mFRR,Not Specified,Not Specified,MARGINAL,-5.15,-5.23
11/10/2023 04:00:00 - 11/10/2023 05:00:00,SCA|NO3,mFRR,Not Specified,Not Specified,MARGINAL,-4.86,-5.23
11/10/2023 05:00:00 - 11/10/2023 06:00:00,SCA|NO3,mFRR,Not Specified,Not Specified,MARGINAL,-3.45,-3.45
11/10/2023 06:00:00 - 11/10/2023 07:00:00,SCA|NO3,mFRR,Not Specified,Not Specified,MARGINAL,4.5,-1.1
11/10/2023 07:00:00 - 11/10/2023 08:00:00,SCA|NO3,mFRR,Not Specified,Not Specified,MARGINAL,7.11,0.01
11/10/2023 08:00:00 - 11/10/2023 09:00:00,SCA|NO3,mFRR,Not Specified,Not Specified,,,
11/10/2023 09:00:00 - 11/10/2023 10:00:00,SCA|NO3,mFRR,Not Specified,Not Specified,,,
11/10/2023 10:00:00 - 11/10/2023 11:00:00,SCA|NO3,mFRR,Not Specified,Not Specified,MARGINAL,8.59,2.48
11/10/2023 11:00:00 - 11/10/2023 12:00:00,SCA|NO3,mFRR,Not Specified,Not Specified,MARGINAL,7.66,-3.5
11/10/2023 12:00:00 - 11/10/2023 13:00:00,SCA|NO3,mFRR,Not Specified,Not Specified,MARGINAL,0.0,-3.5
11/10/2023 13:00:00 - 11/10/2023 14:00:00,SCA|NO3,mFRR,Not Specified,Not Specified,MARGINAL,-0.06,-2.5
11/10/2023 14:00:00 - 11/10/2023 15:00:00,SCA|NO3,mFRR,Not Specified,Not Specified,MARGINAL,-0.04,-2.5
11/10/2023 15:00:00 - 11/10/2023 16:00:00,SCA|NO3,mFRR,Not Specified,Not Specified,MARGINAL,0.06,-3.0
11/10/2023 16:00:00 - 11/10/2023 17:00:00,SCA|NO3,mFRR,Not Specified,Not Specified,MARGINAL,1.17,-3.0
11/10/2023 17:00:00 - 11/10/2023 18:00:00,SCA|NO3,mFRR,Not Specified,Not Specified,MARGINAL,1.32,0.67
11/10/2023 18:00:00 - 11/10/2023 19:00:00,SCA|NO3,mFRR,Not Specified,Not Specified,MARGINAL,0.87,0.87
11/10/2023 19:00:00 - 11/10/2023 20:00:00,SCA|NO3,mFRR,Not Specified,Not Specified,MARGINAL,0.0,0.0
11/10/2023 20:00:00 - 11/10/2023 21:00:00,SCA|NO3,mFRR,Not Specified,Not Specified,MARGINAL,-0.96,-4.0
11/10/2023 21:00:00 - 11/10/2023 22:00:00,SCA|NO3,mFRR,Not Specified,Not Specified,MARGINAL,-2.03,-4.0
11/10/2023 22:00:00 - 11/10/2023 23:00:00,SCA|NO3,mFRR,Not Specified,Not Specified,MARGINAL,-3.21,-3.21
11/10/2023 23:00:00 - 12/10/2023 00:00:00,SCA|NO3,mFRR,Not Specified,Not Specified,MARGINAL,4.0,-4.34
12/10/2023 00:00:00 - 12/10/2023 01:00:00,SCA|NO3,mFRR,Not Specified,Not Specified,MARGINAL,4.0,-4.34
12/10/2023 01:00:00 - 12/10/2023 02:00:00,SCA|NO3,mFRR,Not Specified,Not Specified,MARGINAL,7.9,-4.38
12/10/2023 02:00:00 - 12/10/2023 03:00:00,SCA|NO3,mFRR,Not Specified,Not Specified,MARGINAL,7.9,-4.38
12/10/2023 03:00:00 - 12/10/2023 04:00:00,SCA|NO3,mFRR,Not Specified,Not Specified,MARGINAL,-4.38,-4.38
12/10/2023 04:00:00 - 12/10/2023 05:00:00,SCA|NO3,mFRR,Not Specified,Not Specified,MARGINAL,0.0,-4.39
12/10/2023 05:00:00 - 12/10/2023 06:00:00,SCA|NO3,mFRR,Not Specified,Not Specified,MARGINAL,0.0,-4.4
12/10/2023 06:00:00 - 12/10/2023 07:00:00,SCA|NO3,mFRR,Not Specified,Not Specified,MARGINAL,8.0,-2.17
12/10/2023 07:00:00 - 12/10/2023 08:00:00,SCA|NO3,mFRR,Not Specified,Not Specified,MARGINAL,8.0,-0.36
12/10/2023 08:00:00 - 12/10/2023 09:00:00,SCA|NO3,mFRR,Not Specified,Not Specified,MARGINAL,6.5,0.0
12/10/2023 09:00:00 - 12/10/2023 10:00:00,SCA|NO3,mFRR,Not Specified,Not Specified,MARGINAL,0.0,0.0
12/10/2023 10:00:00 - 12/10/2023 11:00:00,SCA|NO3,mFRR,Not Specified,Not Specified,MARGINAL,-0.11,-0.11
12/10/2023 11:00:00 - 12/10/2023 12:00:00,SCA|NO3,mFRR,Not Specified,Not Specified,MARGINAL,-1.1,-1.1
12/10/2023 12:00:00 - 12/10/2023 13:00:00,SCA|NO3,mFRR,Not Specified,Not Specified,MARGINAL,-1.94,-1.94
12/10/2023 13:00:00 - 12/10/2023 14:00:00,SCA|NO3,mFRR,Not Specified,Not Specified,MARGINAL,-2.09,-2.09
12/10/2023 14:00:00 - 12/10/2023 15:00:00,SCA|NO3,mFRR,Not Specified,Not Specified,MARGINAL,-2.09,-2.09
12/10/2023 15:00:00 - 12/10/2023 16:00:00,SCA|NO3,mFRR,Not Specified,Not Specified,MARGINAL,-2.07,-2.07
12/10/2023 16:00:00 - 12/10/2023 17:00:00,SCA|NO3,mFRR,Not Specified,Not Specified,MARGINAL,-2.03,-2.03
12/10/2023 17:00:00 - 12/10/2023 18:00:00,SCA|NO3,mFRR,Not Specified,Not Specified,MARGINAL,6.2,-1.1
12/10/2023 18:00:00 - 12/10/2023 19:00:00,SCA|NO3,mFRR,Not Specified,Not Specified,MARGINAL,8.0,-0.11
12/10/2023 19:00:00 - 12/10/2023 20:00:00,SCA|NO3,mFRR,Not Specified,Not Specified,MARGINAL,8.0,-0.1
12/10/2023 20:00:00 - 12/10/2023 21:00:00,SCA|NO3,mFRR,Not Specified,Not Specified,MARGINAL,6.05,-4.0
12/10/2023 21:00:00 - 12/10/2023 22:00:00,SCA|NO3,mFRR,Not Specified,Not Specified,MARGINAL,6.5,-4.0
12/10/2023 22:00:00 - 12/10/2023 23:00:00,SCA|NO3,mFRR,Not Specified,Not Specified,MARGINAL,9.0,-1.67
12/10/2023 23:00:00 - 13/10/2023 00:00:00,SCA|NO3,mFRR,Not Specified,Not Specified,MARGINAL,6.78,-2.07
13/10/2023 00:00:00 - 13/10/2023 01:00:00,SCA|NO3,mFRR,Not Specified,Not Specified,MARGINAL,6.72,-2.08
13/10/2023 01:00:00 - 13/10/2023 02:00:00,SCA|NO3,mFRR,Not Specified,Not Specified,MARGINAL,10.0,-2.03
13/10/2023 02:00:00 - 13/10/2023 03:00:00,SCA|NO3,mFRR,Not Specified,Not Specified,MARGINAL,11.43,-1.25
13/10/2023 03:00:00 - 13/10/2023 04:00:00,SCA|NO3,mFRR,Not Specified,Not Specified,MARGINAL,11.43,-0.19
13/10/2023 04:00:00 - 13/10/2023 05:00:00,SCA|NO3,mFRR,Not Specified,Not Specified,MARGINAL,7.0,0.53
13/10/2023 05:00:00 - 13/10/2023 06:00:00,SCA|NO3,mFRR,Not Specified,Not Specified,MARGINAL,2.96,2.96
13/10/2023 06:00:00 - 13/10/2023 07:00:00,SCA|NO3,mFRR,Not Specified,Not Specified,MARGINAL,6.0,2.78
13/10/2023 07:00:00 - 13/10/2023 08:00:00,SCA|NO3,mFRR,Not Specified,Not Specified,MARGINAL,2.9,2.9
13/10/2023 08:00:00 - 13/10/2023 09:00:00,SCA|NO3,mFRR,Not Specified,Not Specified,MARGINAL,2.9,2.9
13/10/2023 09:00:00 - 13/10/2023 10:00:00,SCA|NO3,mFRR,Not Specified,Not Specified,MARGINAL,2.78,2.78
13/10/2023 10:00:00 - 13/10/2023 11:00:00,SCA|NO3,mFRR,Not Specified,Not Specified,MARGINAL,2.61,2.61
13/10/2023 11:00:00 - 13/10/2023 12:00:00,SCA|NO3,mFRR,Not Specified,Not Specified,MARGINAL,2.6,2.6
13/10/2023 12:00:00 - 13/10/2023 13:00:00,SCA|NO3,mFRR,Not Specified,Not Specified,MARGINAL,2.6,2.6
13/10/2023 13:00:00 - 13/10/2023 14:00:00,SCA|NO3,mFRR,Not Specified,Not Specified,MARGINAL,2.6,2.6
13/10/2023 14:00:00 - 13/10/2023 15:00:00,SCA|NO3,mFRR,Not Specified,Not Specified,MARGINAL,2.53,2.53
13/10/2023 15:00:00 - 13/10/2023 16:00:00,SCA|NO3,mFRR,Not Specified,Not Specified,MARGINAL,2.03,2.03
13/10/2023 16:00:00 - 13/10/2023 17:00:00,SCA|NO3,mFRR,Not Specified,Not Specified,MARGINAL,2.18,2.18
13/10/2023 17:00:00 - 13/10/2023 18:00:00,SCA|NO3,mFRR,Not Specified,Not Specified,MARGINAL,2.2,2.2
13/10/2023 18:00:00 - 13/10/2023 19:00:00,SCA|NO3,mFRR,Not Specified,Not Specified,MARGINAL,2.32,2.32
13/10/2023 19:00:00 - 13/10/2023 20:00:00,SCA|NO3,mFRR,Not Specified,Not Specified,MARGINAL,2.61,2.61
13/10/2023 20:00:00 - 13/10/2023 21:00:00,SCA|NO3,mFRR,Not Specified,Not Specified,MARGINAL,1.09,1.09
13/10/2023 21:00:00 - 13/10/2023 22:00:00,SCA|NO3,mFRR,Not Specified,Not Specified,MARGINAL,6.71,-0.1
13/10/2023 22:00:00 - 13/10/2023 23:00:00,SCA|NO3,mFRR,Not Specified,Not Specified,MARGINAL,9.0,-2.01
13/10/2023 23:00:00 - 14/10/2023 00:00:00,SCA|NO3,mFRR,Not Specified,Not Specified,MARGINAL,6.71,-2.98
14/10/2023 00:00:00 - 14/10/2023 01:00:00,SCA|NO3,mFRR,Not Specified,Not Specified,MARGINAL,8.0,-1.25
14/10/2023 01:00:00 - 14/10/2023 02:00:00,SCA|NO3,mFRR,Not Specified,Not Specified,MARGINAL,8.0,-2.06
14/10/2023 02:00:00 - 14/10/2023 03:00:00,SCA|NO3,mFRR,Not Specified,Not Specified,MARGINAL,8.0,-2.77
14/10/2023 03:00:00 - 14/10/2023 04:00:00,SCA|NO3,mFRR,Not Specified,Not Specified,MARGINAL,8.0,-3.02
14/10/2023 04:00:00 - 14/10/2023 05:00:00,SCA|NO3,mFRR,Not Specified,Not Specified,MARGINAL,3.0,-3.01
14/10/2023 05:00:00 - 14/10/2023 06:00:00,SCA|NO3,mFRR,Not Specified,Not Specified,MARGINAL,-3.04,-3.04
14/10/2023 06:00:00 - 14/10/2023 07:00:00,SCA|NO3,mFRR,Not Specified,Not Specified,MARGINAL,-3.02,-3.02
14/10/2023 07:00:00 - 14/10/2023 08:00:00,SCA|NO3,mFRR,Not Specified,Not Specified,MARGINAL,5.9,-2.6
14/10/2023 08:00:00 - 14/10/2023 09:00:00,SCA|NO3,mFRR,Not Specified,Not Specified,MARGINAL,5.5,-2.03
14/10/2023 09:00:00 - 14/10/2023 10:00:00,SCA|NO3,mFRR,Not Specified,Not Specified,MARGINAL,5.5,-2.03
14/10/2023 10:00:00 - 14/10/2023 11:00:00,SCA|NO3,mFRR,Not Specified,Not Specified,MARGINAL,-2.19,-2.19
14/10/2023 11:00:00 - 14/10/2023 12:00:00,SCA|NO3,mFRR,Not Specified,Not Specified,MARGINAL,-2.19,-2.69
14/10/2023 12:00:00 - 14/10/2023 13:00:00,SCA|NO3,mFRR,Not Specified,Not Specified,MARGINAL,-2.6,-2.87
14/10/2023 13:00:00 - 14/10/2023 14:00:00,SCA|NO3,mFRR,Not Specified,Not Specified,MARGINAL,-2.62,-2.62
14/10/2023 14:00:00 - 14/10/2023 15:00:00,SCA|NO3,mFRR,Not Specified,Not Specified,MARGINAL,3.0,-2.11
14/10/2023 15:00:00 - 14/10/2023 16:00:00,SCA|NO3,mFRR,Not Specified,Not Specified,MARGINAL,4.0,-1.25
14/10/2023 16:00:00 - 14/10/2023 17:00:00,SCA|NO3,mFRR,Not Specified,Not Specified,MARGINAL,4.0,-1.02
14/10/2023 17:00:00 - 14/10/2023 18:00:00,SCA|NO3,mFRR,Not Specified,Not Specified,MARGINAL,6.0,0.0
14/10/2023 18:00:00 - 14/10/2023 19:00:00,SCA|NO3,mFRR,Not Specified,Not Specified,MARGINAL,6.0,0.01
14/10/2023 19:00:00 - 14/10/2023 20:00:00,SCA|NO3,mFRR,Not Specified,Not Specified,MARGINAL,2.79,0.0
14/10/2023 20:00:00 - 14/10/2023 21:00:00,SCA|NO3,mFRR,Not Specified,Not Specified,MARGINAL,-1.07,-2.0
14/10/2023 21:00:00 - 14/10/2023 22:00:00,SCA|NO3,mFRR,Not Specified,Not Specified,MARGINAL,-1.27,-2.0
14/10/2023 22:00:00 - 14/10/2023 23:00:00,SCA|NO3,mFRR,Not Specified,Not Specified,MARGINAL,-2.24,-3.35
14/10/2023 23:00:00 - 15/10/2023 00:00:00,SCA|NO3,mFRR,Not Specified,Not Specified,MARGINAL,-3.08,-3.58
15/10/2023 00:00:00 - 15/10/2023 01:00:00,SCA|NO3,mFRR,Not Specified,Not Specified,MARGINAL,-4.37,-4.37
15/10/2023 01:00:00 - 15/10/2023 02:00:00,SCA|NO3,mFRR,Not Specified,Not Specified,MARGINAL,4.0,-4.4
15/10/2023 02:00:00 - 15/10/2023 03:00:00,SCA|NO3,mFRR,Not Specified,Not Specified,MARGINAL,3.0,-4.43
15/10/2023 03:00:00 - 15/10/2023 04:00:00,SCA|NO3,mFRR,Not Specified,Not Specified,MARGINAL,-4.35,-4.35
15/10/2023 04:00:00 - 15/10/2023 05:00:00,SCA|NO3,mFRR,Not Specified,Not Specified,MARGINAL,-4.33,-4.33
15/10/2023 05:00:00 - 15/10/2023 06:00:00,SCA|NO3,mFRR,Not Specified,Not Specified,MARGINAL,2.0,-3.97
15/10/2023 06:00:00 - 15/10/2023 07:00:00,SCA|NO3,mFRR,Not Specified,Not Specified,MARGINAL,4.56,-3.32
15/10/2023 07:00:00 - 15/10/2023 08:00:00,SCA|NO3,mFRR,Not Specified,Not Specified,MARGINAL,5.0,-3.01
15/10/2023 08:00:00 - 15/10/2023 09:00:00,SCA|NO3,mFRR,Not Specified,Not Specified,MARGINAL,5.0,-2.61
15/10/2023 09:00:00 - 15/10/2023 10:00:00,SCA|NO3,mFRR,Not Specified,Not Specified,MARGINAL,6.0,-3.03
15/10/2023 10:00:00 - 15/10/2023 11:00:00,SCA|NO3,mFRR,Not Specified,Not Specified,MARGINAL,6.71,-3.01
15/10/2023 11:00:00 - 15/10/2023 12:00:00,SCA|NO3,mFRR,Not Specified,Not Specified,MARGINAL,5.0,-3.04
15/10/2023 12:00:00 - 15/10/2023 13:00:00,SCA|NO3,mFRR,Not Specified,Not Specified,MARGINAL,4.56,-3.07
15/10/2023 13:00:00 - 15/10/2023 14:00:00,SCA|NO3,mFRR,Not Specified,Not Specified,MARGINAL,4.56,-3.06
15/10/2023 14:00:00 - 15/10/2023 15:00:00,SCA|NO3,mFRR,Not Specified,Not Specified,MARGINAL,4.96,-2.61
15/10/2023 15:00:00 - 15/10/2023 16:00:00,SCA|NO3,mFRR,Not Specified,Not Specified,MARGINAL,6.17,-2.1
15/10/2023 16:00:00 - 15/10/2023 17:00:00,SCA|NO3,mFRR,Not Specified,Not Specified,MARGINAL,5.0,-1.12
15/10/2023 17:00:00 - 15/10/2023 18:00:00,SCA|NO3,mFRR,Not Specified,Not Specified,MARGINAL,5.0,-0.03
15/10/2023 18:00:00 - 15/10/2023 19:00:00,SCA|NO3,mFRR,Not Specified,Not Specified,MARGINAL,5.0,0.0
15/10/2023 19:00:00 - 15/10/2023 20:00:00,SCA|NO3,mFRR,Not Specified,Not Specified,MARGINAL,3.47,-0.01
15/10/2023 20:00:00 - 15/10/2023 21:00:00,SCA|NO3,mFRR,Not Specified,Not Specified,MARGINAL,5.0,-0.46
15/10/2023 21:00:00 - 15/10/2023 22:00:00,SCA|NO3,mFRR,Not Specified,Not Specified,MARGINAL,5.0,-1.1
15/10/2023 22:00:00 - 15/10/2023 23:00:00,SCA|NO3,mFRR,Not Specified,Not Specified,MARGINAL,8.23,-1.26
15/10/2023 23:00:00 - 16/10/2023 00:00:00,SCA|NO3,mFRR,Not Specified,Not Specified,MARGINAL,6.6,-2.07
16/10/2023 00:00:00 - 16/10/2023 01:00:00,SCA|NO3,mFRR,Not Specified,Not Specified,MARGINAL,6.6,-2.05
16/10/2023 01:00:00 - 16/10/2023 02:00:00,SCA|NO3,mFRR,Not Specified,Not Specified,MARGINAL,5.0,-2.07
16/10/2023 02:00:00 - 16/10/2023 03:00:00,SCA|NO3,mFRR,Not Specified,Not Specified,MARGINAL,6.0,-2.09
16/10/2023 03:00:00 - 16/10/2023 04:00:00,SCA|NO3,mFRR,Not Specified,Not Specified,MARGINAL,6.0,-2.08
16/10/2023 04:00:00 - 16/10/2023 05:00:00,SCA|NO3,mFRR,Not Specified,Not Specified,MARGINAL,6.0,-2.02
16/10/2023 05:00:00 - 16/10/2023 06:00:00,SCA|NO3,mFRR,Not Specified,Not Specified,MARGINAL,4.56,-1.1
16/10/2023 06:00:00 - 16/10/2023 07:00:00,SCA|NO3,mFRR,Not Specified,Not Specified,MARGINAL,5.0,0.14
16/10/2023 07:00:00 - 16/10/2023 08:00:00,SCA|NO3,mFRR,Not Specified,Not Specified,MARGINAL,5.0,1.08
16/10/2023 08:00:00 - 16/10/2023 09:00:00,SCA|NO3,mFRR,Not Specified,Not Specified,MARGINAL,1.51,1.51
16/10/2023 09:00:00 - 16/10/2023 10:00:00,SCA|NO3,mFRR,Not Specified,Not Specified,MARGINAL,1.85,1.85
16/10/2023 10:00:00 - 16/10/2023 11:00:00,SCA|NO3,mFRR,Not Specified,Not Specified,MARGINAL,5.0,2.03
16/10/2023 11:00:00 - 16/10/2023 12:00:00,SCA|NO3,mFRR,Not Specified,Not Specified,MARGINAL,5.0,2.25
16/10/2023 12:00:00 - 16/10/2023 13:00:00,SCA|NO3,mFRR,Not Specified,Not Specified,MARGINAL,10.0,2.25
16/10/2023 13:00:00 - 16/10/2023 14:00:00,SCA|NO3,mFRR,Not Specified,Not Specified,MARGINAL,11.0,2.27
16/10/2023 14:00:00 - 16/10/2023 15:00:00,SCA|NO3,mFRR,Not Specified,Not Specified,MARGINAL,11.0,2.43
16/10/2023 15:00:00 - 16/10/2023 16:00:00,SCA|NO3,mFRR,Not Specified,Not Specified,MARGINAL,10.0,2.56
16/10/2023 16:00:00 - 16/10/2023 17:00:00,SCA|NO3,mFRR,Not Specified,Not Specified,MARGINAL,8.0,2.45
16/10/2023 17:00:00 - 16/10/2023 18:00:00,SCA|NO3,mFRR,Not Specified,Not Specified,MARGINAL,9.0,2.92
16/10/2023 18:00:00 - 16/10/2023 19:00:00,SCA|NO3,mFRR,Not Specified,Not Specified,MARGINAL,9.0,2.98
16/10/2023 19:00:00 - 16/10/2023 20:00:00,SCA|NO3,mFRR,Not Specified,Not Specified,MARGINAL,8.42,3.06
16/10/2023 20:00:00 - 16/10/2023 21:00:00,SCA|NO3,mFRR,Not Specified,Not Specified,MARGINAL,3.05,3.05
16/10/2023 21:00:00 - 16/10/2023 22:00:00,SCA|NO3,mFRR,Not Specified,Not Specified,MARGINAL,3.14,3.14
16/10/2023 22:00:00 - 16/10/2023 23:00:00,SCA|NO3,mFRR,Not Specified,Not Specified,MARGINAL,2.98,2.98
16/10/2023 23:00:00 - 17/10/2023 00:00:00,SCA|NO3,mFRR,Not Specified,Not Specified,MARGINAL,2.72,2.72
17/10/2023 00:00:00 - 17/10/2023 01:00:00,SCA|NO3,mFRR,Not Specified,Not Specified,MARGINAL,3.51,3.51
17/10/2023 01:00:00 - 17/10/2023 02:00:00,SCA|NO3,mFRR,Not Specified,Not Specified,MARGINAL,3.65,3.65
17/10/2023 02:00:00 - 17/10/2023 03:00:00,SCA|NO3,mFRR,Not Specified,Not Specified,MARGINAL,3.94,3.94
17/10/2023 03:00:00 - 17/10/2023 04:00:00,SCA|NO3,mFRR,Not Specified,Not Specified,MARGINAL,4.97,4.97
17/10/2023 04:00:00 - 17/10/2023 05:00:00,SCA|NO3,mFRR,Not Specified,Not Specified,MARGINAL,5.86,5.86
17/10/2023 05:00:00 - 17/10/2023 06:00:00,SCA|NO3,mFRR,Not Specified,Not Specified,MARGINAL,3.97,3.97
17/10/2023 06:00:00 - 17/10/2023 07:00:00,SCA|NO3,mFRR,Not Specified,Not Specified,MARGINAL,6.03,6.03
17/10/2023 07:00:00 - 17/10/2023 08:00:00,SCA|NO3,mFRR,Not Specified,Not Specified,MARGINAL,10.9,10.9
17/10/2023 08:00:00 - 17/10/2023 09:00:00,SCA|NO3,mFRR,Not Specified,Not Specified,MARGINAL,11.74,11.74
17/10/2023 09:00:00 - 17/10/2023 10:00:00,SCA|NO3,mFRR,Not Specified,Not Specified,MARGINAL,12.33,12.33
17/10/2023 10:00:00 - 17/10/2023 11:00:00,SCA|NO3,mFRR,Not Specified,Not Specified,MARGINAL,12.32,12.32
17/10/2023 11:00:00 - 17/10/2023 12:00:00,SCA|NO3,mFRR,Not Specified,Not Specified,MARGINAL,12.23,12.23
17/10/2023 12:00:00 - 17/10/2023 13:00:00,SCA|NO3,mFRR,Not Specified,Not Specified,MARGINAL,11.88,11.88
17/10/2023 13:00:00 - 17/10/2023 14:00:00,SCA|NO3,mFRR,Not Specified,Not Specified,MARGINAL,11.44,11.44
17/10/2023 14:00:00 - 17/10/2023 15:00:00,SCA|NO3,mFRR,Not Specified,Not Specified,MARGINAL,10.9,10.9
17/10/2023 15:00:00 - 17/10/2023 16:00:00,SCA|NO3,mFRR,Not Specified,Not Specified,MARGINAL,10.03,10.03
17/10/2023 16:00:00 - 17/10/2023 17:00:00,SCA|NO3,mFRR,Not Specified,Not Specified,MARGINAL,10.15,10.15
17/10/2023 17:00:00 - 17/10/2023 18:00:00,SCA|NO3,mFRR,Not Specified,Not Specified,MARGINAL,10.24,10.24
17/10/2023 18:00:00 - 17/10/2023 19:00:00,SCA|NO3,mFRR,Not Specified,Not Specified,MARGINAL,9.94,9.94
17/10/2023 19:00:00 - 17/10/2023 20:00:00,SCA|NO3,mFRR,Not Specified,Not Specified,MARGINAL,9.96,6.0
17/10/2023 20:00:00 - 17/10/2023 21:00:00,SCA|NO3,mFRR,Not Specified,Not Specified,MARGINAL,9.59,6.0
17/10/2023 21:00:00 - 17/10/2023 22:00:00,SCA|NO3,mFRR,Not Specified,Not Specified,MARGINAL,9.57,2.5
17/10/2023 22:00:00 - 17/10/2023 23:00:00,SCA|NO3,mFRR,Not Specified,Not Specified,MARGINAL,9.44,9.44
17/10/2023 23:00:00 - 18/10/2023 00:00:00,SCA|NO3,mFRR,Not Specified,Not Specified,MARGINAL,8.58,8.58
18/10/2023 00:00:00 - 18/10/2023 01:00:00,SCA|NO3,mFRR,Not Specified,Not Specified,MARGINAL,7.38,7.38
18/10/2023 01:00:00 - 18/10/2023 02:00:00,SCA|NO3,mFRR,Not Specified,Not Specified,MARGINAL,7.27,7.27
18/10/2023 02:00:00 - 18/10/2023 03:00:00,SCA|NO3,mFRR,Not Specified,Not Specified,MARGINAL,7.07,7.07
18/10/2023 03:00:00 - 18/10/2023 04:00:00,SCA|NO3,mFRR,Not Specified,Not Specified,MARGINAL,7.26,7.26
18/10/2023 04:00:00 - 18/10/2023 05:00:00,SCA|NO3,mFRR,Not Specified,Not Specified,MARGINAL,8.0,8.0
18/10/2023 05:00:00 - 18/10/2023 06:00:00,SCA|NO3,mFRR,Not Specified,Not Specified,MARGINAL,8.98,8.98
18/10/2023 06:00:00 - 18/10/2023 07:00:00,SCA|NO3,mFRR,Not Specified,Not Specified,MARGINAL,11.44,11.44
18/10/2023 07:00:00 - 18/10/2023 08:00:00,SCA|NO3,mFRR,Not Specified,Not Specified,MARGINAL,12.87,12.87
18/10/2023 08:00:00 - 18/10/2023 09:00:00,SCA|NO3,mFRR,Not Specified,Not Specified,MARGINAL,13.36,8.0
18/10/2023 09:00:00 - 18/10/2023 10:00:00,SCA|NO3,mFRR,Not Specified,Not Specified,MARGINAL,13.39,5.0
18/10/2023 10:00:00 - 18/10/2023 11:00:00,SCA|NO3,mFRR,Not Specified,Not Specified,MARGINAL,13.57,5.0
18/10/2023 11:00:00 - 18/10/2023 12:00:00,SCA|NO3,mFRR,Not Specified,Not Specified,MARGINAL,13.4,6.0
18/10/2023 12:00:00 - 18/10/2023 13:00:00,SCA|NO3,mFRR,Not Specified,Not Specified,MARGINAL,13.46,7.0
18/10/2023 13:00:00 - 18/10/2023 14:00:00,SCA|NO3,mFRR,Not Specified,Not Specified,MARGINAL,13.06,7.0
18/10/2023 14:00:00 - 18/10/2023 15:00:00,SCA|NO3,mFRR,Not Specified,Not Specified,MARGINAL,12.41,7.0
18/10/2023 15:00:00 - 18/10/2023 16:00:00,SCA|NO3,mFRR,Not Specified,Not Specified,MARGINAL,13.08,7.0
18/10/2023 16:00:00 - 18/10/2023 17:00:00,SCA|NO3,mFRR,Not Specified,Not Specified,MARGINAL,11.77,11.77
18/10/2023 17:00:00 - 18/10/2023 18:00:00,SCA|NO3,mFRR,Not Specified,Not Specified,MARGINAL,9.95,9.95
18/10/2023 18:00:00 - 18/10/2023 19:00:00,SCA|NO3,mFRR,Not Specified,Not Specified,MARGINAL,9.82,9.82
18/10/2023 19:00:00 - 18/10/2023 20:00:00,SCA|NO3,mFRR,Not Specified,Not Specified,MARGINAL,9.53,9.53
18/10/2023 20:00:00 - 18/10/2023 21:00:00,SCA|NO3,mFRR,Not Specified,Not Specified,MARGINAL,9.23,5.0
18/10/2023 21:00:00 - 18/10/2023 22:00:00,SCA|NO3,mFRR,Not Specified,Not Specified,MARGINAL,9.14,5.0
18/10/2023 22:00:00 - 18/10/2023 23:00:00,SCA|NO3,mFRR,Not Specified,Not Specified,MARGINAL,8.55,5.0
18/10/2023 23:00:00 - 19/10/2023 00:00:00,SCA|NO3,mFRR,Not Specified,Not Specified,MARGINAL,6.81,6.81
19/10/2023 00:00:00 - 19/10/2023 01:00:00,SCA|NO3,mFRR,Not Specified,Not Specified,MARGINAL,4.04,4.04
19/10/2023 01:00:00 - 19/10/2023 02:00:00,SCA|NO3,mFRR,Not Specified,Not Specified,MARGINAL,2.91,2.91
19/10/2023 02:00:00 - 19/10/2023 03:00:00,SCA|NO3,mFRR,Not Specified,Not Specified,MARGINAL,2.46,-2.0
19/10/2023 03:00:00 - 19/10/2023 04:00:00,SCA|NO3,mFRR,Not Specified,Not Specified,MARGINAL,1.92,-2.0
19/10/2023 04:00:00 - 19/10/2023 05:00:00,SCA|NO3,mFRR,Not Specified,Not Specified,MARGINAL,2.45,0.0
19/10/2023 05:00:00 - 19/10/2023 06:00:00,SCA|NO3,mFRR,Not Specified,Not Specified,MARGINAL,2.91,0.14
19/10/2023 06:00:00 - 19/10/2023 07:00:00,SCA|NO3,mFRR,Not Specified,Not Specified,MARGINAL,5.33,0.28
19/10/2023 07:00:00 - 19/10/2023 08:00:00,SCA|NO3,mFRR,Not Specified,Not Specified,MARGINAL,9.35,9.35
19/10/2023 08:00:00 - 19/10/2023 09:00:00,SCA|NO3,mFRR,Not Specified,Not Specified,MARGINAL,9.81,9.81
19/10/2023 09:00:00 - 19/10/2023 10:00:00,SCA|NO3,mFRR,Not Specified,Not Specified,MARGINAL,10.19,10.19
19/10/2023 10:00:00 - 19/10/2023 11:00:00,SCA|NO3,mFRR,Not Specified,Not Specified,MARGINAL,10.88,10.88
19/10/2023 11:00:00 - 19/10/2023 12:00:00,SCA|NO3,mFRR,Not Specified,Not Specified,MARGINAL,14.39,9.72
19/10/2023 12:00:00 - 19/10/2023 13:00:00,SCA|NO3,mFRR,Not Specified,Not Specified,MARGINAL,15.2,5.77
19/10/2023 13:00:00 - 19/10/2023 14:00:00,SCA|NO3,mFRR,Not Specified,Not Specified,MARGINAL,16.63,5.77
19/10/2023 14:00:00 - 19/10/2023 15:00:00,SCA|NO3,mFRR,Not Specified,Not Specified,MARGINAL,16.38,5.59
19/10/2023 15:00:00 - 19/10/2023 16:00:00,SCA|NO3,mFRR,Not Specified,Not Specified,MARGINAL,14.0,5.3
19/10/2023 16:00:00 - 19/10/2023 17:00:00,SCA|NO3,mFRR,Not Specified,Not Specified,MARGINAL,14.0,5.39
19/10/2023 17:00:00 - 19/10/2023 18:00:00,SCA|NO3,mFRR,Not Specified,Not Specified,MARGINAL,14.0,5.6
19/10/2023 18:00:00 - 19/10/2023 19:00:00,SCA|NO3,mFRR,Not Specified,Not Specified,MARGINAL,12.0,5.74
19/10/2023 19:00:00 - 19/10/2023 20:00:00,SCA|NO3,mFRR,Not Specified,Not Specified,MARGINAL,5.46,5.46
19/10/2023 20:00:00 - 19/10/2023 21:00:00,SCA|NO3,mFRR,Not Specified,Not Specified,MARGINAL,4.95,4.95
19/10/2023 21:00:00 - 19/10/2023 22:00:00,SCA|NO3,mFRR,Not Specified,Not Specified,MARGINAL,4.48,4.48
19/10/2023 22:00:00 - 19/10/2023 23:00:00,SCA|NO3,mFRR,Not Specified,Not Specified,MARGINAL,13.24,3.2
19/10/2023 23:00:00 - 20/10/2023 00:00:00,SCA|NO3,mFRR,Not Specified,Not Specified,MARGINAL,2.91,2.91
20/10/2023 00:00:00 - 20/10/2023 01:00:00,SCA|NO3,mFRR,Not Specified,Not Specified,MARGINAL,10.0,3.39
20/10/2023 01:00:00 - 20/10/2023 02:00:00,SCA|NO3,mFRR,Not Specified,Not Specified,MARGINAL,10.0,4.35
20/10/2023 02:00:00 - 20/10/2023 03:00:00,SCA|NO3,mFRR,Not Specified,Not Specified,MARGINAL,10.0,4.54
20/10/2023 03:00:00 - 20/10/2023 04:00:00,SCA|NO3,mFRR,Not Specified,Not Specified,MARGINAL,11.0,4.76
20/10/2023 04:00:00 - 20/10/2023 05:00:00,SCA|NO3,mFRR,Not Specified,Not Specified,MARGINAL,11.0,5.41
20/10/2023 05:00:00 - 20/10/2023 06:00:00,SCA|NO3,mFRR,Not Specified,Not Specified,MARGINAL,7.07,7.07
20/10/2023 06:00:00 - 20/10/2023 07:00:00,SCA|NO3,mFRR,Not Specified,Not Specified,MARGINAL,13.21,9.28
20/10/2023 07:00:00 - 20/10/2023 08:00:00,SCA|NO3,mFRR,Not Specified,Not Specified,MARGINAL,15.0,13.03
20/10/2023 08:00:00 - 20/10/2023 09:00:00,SCA|NO3,mFRR,Not Specified,Not Specified,MARGINAL,15.61,13.27
20/10/2023 09:00:00 - 20/10/2023 10:00:00,SCA|NO3,mFRR,Not Specified,Not Specified,MARGINAL,15.0,13.25
20/10/2023 10:00:00 - 20/10/2023 11:00:00,SCA|NO3,mFRR,Not Specified,Not Specified,MARGINAL,16.43,13.23
20/10/2023 11:00:00 - 20/10/2023 12:00:00,SCA|NO3,mFRR,Not Specified,Not Specified,MARGINAL,15.0,11.42
20/10/2023 12:00:00 - 20/10/2023 13:00:00,SCA|NO3,mFRR,Not Specified,Not Specified,MARGINAL,15.65,10.29
20/10/2023 13:00:00 - 20/10/2023 14:00:00,SCA|NO3,mFRR,Not Specified,Not Specified,MARGINAL,15.28,9.93
20/10/2023 14:00:00 - 20/10/2023 15:00:00,SCA|NO3,mFRR,Not Specified,Not Specified,MARGINAL,16.75,9.84
20/10/2023 15:00:00 - 20/10/2023 16:00:00,SCA|NO3,mFRR,Not Specified,Not Specified,MARGINAL,15.0,9.78
20/10/2023 16:00:00 - 20/10/2023 17:00:00,SCA|NO3,mFRR,Not Specified,Not Specified,MARGINAL,13.77,9.94
20/10/2023 17:00:00 - 20/10/2023 18:00:00,SCA|NO3,mFRR,Not Specified,Not Specified,MARGINAL,13.88,10.21
20/10/2023 18:00:00 - 20/10/2023 19:00:00,SCA|NO3,mFRR,Not Specified,Not Specified,MARGINAL,13.59,10.06
20/10/2023 19:00:00 - 20/10/2023 20:00:00,SCA|NO3,mFRR,Not Specified,Not Specified,MARGINAL,13.99,9.65
20/10/2023 20:00:00 - 20/10/2023 21:00:00,SCA|NO3,mFRR,Not Specified,Not Specified,MARGINAL,13.52,8.9
20/10/2023 21:00:00 - 20/10/2023 22:00:00,SCA|NO3,mFRR,Not Specified,Not Specified,,,
20/10/2023 22:00:00 - 20/10/2023 23:00:00,SCA|NO3,mFRR,Not Specified,Not Specified,MARGINAL,15.32,7.34
20/10/2023 23:00:00 - 21/10/2023 00:00:00,SCA|NO3,mFRR,Not Specified,Not Specified,MARGINAL,15.2,4.93
21/10/2023 00:00:00 - 21/10/2023 01:00:00,SCA|NO3,mFRR,Not Specified,Not Specified,MARGINAL,13.01,7.26
21/10/2023 01:00:00 - 21/10/2023 02:00:00,SCA|NO3,mFRR,Not Specified,Not Specified,MARGINAL,13.0,6.34
21/10/2023 02:00:00 - 21/10/2023 03:00:00,SCA|NO3,mFRR,Not Specified,Not Specified,MARGINAL,5.31,5.31
21/10/2023 03:00:00 - 21/10/2023 04:00:00,SCA|NO3,mFRR,Not Specified,Not Specified,MARGINAL,14.0,5.04
21/10/2023 04:00:00 - 21/10/2023 05:00:00,SCA|NO3,mFRR,Not Specified,Not Specified,MARGINAL,13.0,5.16
21/10/2023 05:00:00 - 21/10/2023 06:00:00,SCA|NO3,mFRR,Not Specified,Not Specified,MARGINAL,5.91,5.91
21/10/2023 06:00:00 - 21/10/2023 07:00:00,SCA|NO3,mFRR,Not Specified,Not Specified,MARGINAL,6.88,6.88
21/10/2023 07:00:00 - 21/10/2023 08:00:00,SCA|NO3,mFRR,Not Specified,Not Specified,MARGINAL,8.52,8.52
21/10/2023 08:00:00 - 21/10/2023 09:00:00,SCA|NO3,mFRR,Not Specified,Not Specified,MARGINAL,9.3,9.3
21/10/2023 09:00:00 - 21/10/2023 10:00:00,SCA|NO3,mFRR,Not Specified,Not Specified,MARGINAL,9.99,9.99
21/10/2023 10:00:00 - 21/10/2023 11:00:00,SCA|NO3,mFRR,Not Specified,Not Specified,MARGINAL,19.26,9.96
21/10/2023 11:00:00 - 21/10/2023 12:00:00,SCA|NO3,mFRR,Not Specified,Not Specified,MARGINAL,20.0,9.75
21/10/2023 12:00:00 - 21/10/2023 13:00:00,SCA|NO3,mFRR,Not Specified,Not Specified,MARGINAL,20.0,9.74
21/10/2023 13:00:00 - 21/10/2023 14:00:00,SCA|NO3,mFRR,Not Specified,Not Specified,MARGINAL,20.0,9.59
21/10/2023 14:00:00 - 21/10/2023 15:00:00,SCA|NO3,mFRR,Not Specified,Not Specified,MARGINAL,17.0,9.49
21/10/2023 15:00:00 - 21/10/2023 16:00:00,SCA|NO3,mFRR,Not Specified,Not Specified,MARGINAL,20.0,9.8
21/10/2023 16:00:00 - 21/10/2023 17:00:00,SCA|NO3,mFRR,Not Specified,Not Specified,MARGINAL,20.0,10.74
21/10/2023 17:00:00 - 21/10/2023 18:00:00,SCA|NO3,mFRR,Not Specified,Not Specified,MARGINAL,19.75,12.99
21/10/2023 18:00:00 - 21/10/2023 19:00:00,SCA|NO3,mFRR,Not Specified,Not Specified,MARGINAL,25.5,13.25
21/10/2023 19:00:00 - 21/10/2023 20:00:00,SCA|NO3,mFRR,Not Specified,Not Specified,MARGINAL,23.04,13.04
21/10/2023 20:00:00 - 21/10/2023 21:00:00,SCA|NO3,mFRR,Not Specified,Not Specified,MARGINAL,21.4,11.49
21/10/2023 21:00:00 - 21/10/2023 22:00:00,SCA|NO3,mFRR,Not Specified,Not Specified,MARGINAL,18.0,10.48
21/10/2023 22:00:00 - 21/10/2023 23:00:00,SCA|NO3,mFRR,Not Specified,Not Specified,MARGINAL,18.0,10.01
21/10/2023 23:00:00 - 22/10/2023 00:00:00,SCA|NO3,mFRR,Not Specified,Not Specified,MARGINAL,18.36,9.29
22/10/2023 00:00:00 - 22/10/2023 01:00:00,SCA|NO3,mFRR,Not Specified,Not Specified,MARGINAL,18.0,10.57
22/10/2023 01:00:00 - 22/10/2023 02:00:00,SCA|NO3,mFRR,Not Specified,Not Specified,MARGINAL,18.0,10.52
22/10/2023 02:00:00 - 22/10/2023 03:00:00,SCA|NO3,mFRR,Not Specified,Not Specified,MARGINAL,17.61,10.66
22/10/2023 03:00:00 - 22/10/2023 04:00:00,SCA|NO3,mFRR,Not Specified,Not Specified,MARGINAL,15.0,10.67
22/10/2023 04:00:00 - 22/10/2023 05:00:00,SCA|NO3,mFRR,Not Specified,Not Specified,MARGINAL,10.89,10.89
22/10/2023 05:00:00 - 22/10/2023 06:00:00,SCA|NO3,mFRR,Not Specified,Not Specified,MARGINAL,11.73,11.73
22/10/2023 06:00:00 - 22/10/2023 07:00:00,SCA|NO3,mFRR,Not Specified,Not Specified,MARGINAL,13.66,13.66
22/10/2023 07:00:00 - 22/10/2023 08:00:00,SCA|NO3,mFRR,Not Specified,Not Specified,MARGINAL,14.42,14.42
22/10/2023 08:00:00 - 22/10/2023 09:00:00,SCA|NO3,mFRR,Not Specified,Not Specified,MARGINAL,14.71,14.71
22/10/2023 09:00:00 - 22/10/2023 10:00:00,SCA|NO3,mFRR,Not Specified,Not Specified,MARGINAL,14.94,14.94
22/10/2023 10:00:00 - 22/10/2023 11:00:00,SCA|NO3,mFRR,Not Specified,Not Specified,MARGINAL,21.33,15.15
22/10/2023 11:00:00 - 22/10/2023 12:00:00,SCA|NO3,mFRR,Not Specified,Not Specified,MARGINAL,25.0,15.27
22/10/2023 12:00:00 - 22/10/2023 13:00:00,SCA|NO3,mFRR,Not Specified,Not Specified,MARGINAL,25.44,15.28
22/10/2023 13:00:00 - 22/10/2023 14:00:00,SCA|NO3,mFRR,Not Specified,Not Specified,MARGINAL,25.0,15.67
22/10/2023 14:00:00 - 22/10/2023 15:00:00,SCA|NO3,mFRR,Not Specified,Not Specified,MARGINAL,25.0,15.86
22/10/2023 15:00:00 - 22/10/2023 16:00:00,SCA|NO3,mFRR,Not Specified,Not Specified,MARGINAL,25.0,15.95
22/10/2023 16:00:00 - 22/10/2023 17:00:00,SCA|NO3,mFRR,Not Specified,Not Specified,MARGINAL,20.0,16.3
22/10/2023 17:00:00 - 22/10/2023 18:00:00,SCA|NO3,mFRR,Not Specified,Not Specified,MARGINAL,18.3,18.3
22/10/2023 18:00:00 - 22/10/2023 19:00:00,SCA|NO3,mFRR,Not Specified,Not Specified,MARGINAL,24.0,24.0
22/10/2023 19:00:00 - 22/10/2023 20:00:00,SCA|NO3,mFRR,Not Specified,Not Specified,MARGINAL,24.8,24.8
22/10/2023 20:00:00 - 22/10/2023 21:00:00,SCA|NO3,mFRR,Not Specified,Not Specified,MARGINAL,24.67,24.67
22/10/2023 21:00:00 - 22/10/2023 22:00:00,SCA|NO3,mFRR,Not Specified,Not Specified,MARGINAL,25.13,25.13
22/10/2023 22:00:00 - 22/10/2023 23:00:00,SCA|NO3,mFRR,Not Specified,Not Specified,MARGINAL,30.0,24.94
22/10/2023 23:00:00 - 23/10/2023 00:00:00,SCA|NO3,mFRR,Not Specified,Not Specified,MARGINAL,30.38,19.03
23/10/2023 00:00:00 - 23/10/2023 01:00:00,SCA|NO3,mFRR,Not Specified,Not Specified,MARGINAL,32.0,20.13
23/10/2023 01:00:00 - 23/10/2023 02:00:00,SCA|NO3,mFRR,Not Specified,Not Specified,MARGINAL,20.13,20.13
23/10/2023 02:00:00 - 23/10/2023 03:00:00,SCA|NO3,mFRR,Not Specified,Not Specified,MARGINAL,20.13,20.13
23/10/2023 03:00:00 - 23/10/2023 04:00:00,SCA|NO3,mFRR,Not Specified,Not Specified,MARGINAL,20.35,20.35
23/10/2023 04:00:00 - 23/10/2023 05:00:00,SCA|NO3,mFRR,Not Specified,Not Specified,MARGINAL,23.47,23.47
23/10/2023 05:00:00 - 23/10/2023 06:00:00,SCA|NO3,mFRR,Not Specified,Not Specified,MARGINAL,24.83,13.0
23/10/2023 06:00:00 - 23/10/2023 07:00:00,SCA|NO3,mFRR,Not Specified,Not Specified,MARGINAL,25.78,13.0
23/10/2023 07:00:00 - 23/10/2023 08:00:00,SCA|NO3,mFRR,Not Specified,Not Specified,MARGINAL,30.03,13.0
23/10/2023 08:00:00 - 23/10/2023 09:00:00,SCA|NO3,mFRR,Not Specified,Not Specified,MARGINAL,37.79,37.79
23/10/2023 09:00:00 - 23/10/2023 10:00:00,SCA|NO3,mFRR,Not Specified,Not Specified,MARGINAL,36.92,36.92
23/10/2023 10:00:00 - 23/10/2023 11:00:00,SCA|NO3,mFRR,Not Specified,Not Specified,MARGINAL,35.83,35.83
23/10/2023 11:00:00 - 23/10/2023 12:00:00,SCA|NO3,mFRR,Not Specified,Not Specified,MARGINAL,47.6,47.6
23/10/2023 12:00:00 - 23/10/2023 13:00:00,SCA|NO3,mFRR,Not Specified,Not Specified,MARGINAL,35.43,35.43
23/10/2023 13:00:00 - 23/10/2023 14:00:00,SCA|NO3,mFRR,Not Specified,Not Specified,MARGINAL,35.94,35.94
23/10/2023 14:00:00 - 23/10/2023 15:00:00,SCA|NO3,mFRR,Not Specified,Not Specified,MARGINAL,34.52,34.52
23/10/2023 15:00:00 - 23/10/2023 16:00:00,SCA|NO3,mFRR,Not Specified,Not Specified,MARGINAL,33.65,33.65
23/10/2023 16:00:00 - 23/10/2023 17:00:00,SCA|NO3,mFRR,Not Specified,Not Specified,MARGINAL,33.81,33.81
23/10/2023 17:00:00 - 23/10/2023 18:00:00,SCA|NO3,mFRR,Not Specified,Not Specified,MARGINAL,33.98,33.98
23/10/2023 18:00:00 - 23/10/2023 19:00:00,SCA|NO3,mFRR,Not Specified,Not Specified,MARGINAL,33.4,33.4
23/10/2023 19:00:00 - 23/10/2023 20:00:00,SCA|NO3,mFRR,Not Specified,Not Specified,MARGINAL,34.9,34.9
23/10/2023 20:00:00 - 23/10/2023 21:00:00,SCA|NO3,mFRR,Not Specified,Not Specified,MARGINAL,31.13,31.13
23/10/2023 21:00:00 - 23/10/2023 22:00:00,SCA|NO3,mFRR,Not Specified,Not Specified,MARGINAL,26.34,26.34
23/10/2023 22:00:00 - 23/10/2023 23:00:00,SCA|NO3,mFRR,Not Specified,Not Specified,MARGINAL,25.47,25.47
23/10/2023 23:00:00 - 24/10/2023 00:00:00,SCA|NO3,mFRR,Not Specified,Not Specified,MARGINAL,24.02,24.02
24/10/2023 00:00:00 - 24/10/2023 01:00:00,SCA|NO3,mFRR,Not Specified,Not Specified,MARGINAL,25.86,25.86
24/10/2023 01:00:00 - 24/10/2023 02:00:00,SCA|NO3,mFRR,Not Specified,Not Specified,MARGINAL,25.23,25.23
24/10/2023 02:00:00 - 24/10/2023 03:00:00,SCA|NO3,mFRR,Not Specified,Not Specified,MARGINAL,24.63,24.63
24/10/2023 03:00:00 - 24/10/2023 04:00:00,SCA|NO3,mFRR,Not Specified,Not Specified,MARGINAL,25.02,25.02
24/10/2023 04:00:00 - 24/10/2023 05:00:00,SCA|NO3,mFRR,Not Specified,Not Specified,MARGINAL,27.71,27.71
24/10/2023 05:00:00 - 24/10/2023 06:00:00,SCA|NO3,mFRR,Not Specified,Not Specified,MARGINAL,36.07,36.07
24/10/2023 06:00:00 - 24/10/2023 07:00:00,SCA|NO3,mFRR,Not Specified,Not Specified,MARGINAL,39.62,39.62
24/10/2023 07:00:00 - 24/10/2023 08:00:00,SCA|NO3,mFRR,Not Specified,Not Specified,MARGINAL,57.08,25.0
24/10/2023 08:00:00 - 24/10/2023 09:00:00,SCA|NO3,mFRR,Not Specified,Not Specified,MARGINAL,64.83,25.0
24/10/2023 09:00:00 - 24/10/2023 10:00:00,SCA|NO3,mFRR,Not Specified,Not Specified,MARGINAL,57.63,25.0
24/10/2023 10:00:00 - 24/10/2023 11:00:00,SCA|NO3,mFRR,Not Specified,Not Specified,MARGINAL,62.03,25.0
24/10/2023 11:00:00 - 24/10/2023 12:00:00,SCA|NO3,mFRR,Not Specified,Not Specified,MARGINAL,25.4,25.0
24/10/2023 12:00:00 - 24/10/2023 13:00:00,SCA|NO3,mFRR,Not Specified,Not Specified,MARGINAL,22.13,22.13
24/10/2023 13:00:00 - 24/10/2023 14:00:00,SCA|NO3,mFRR,Not Specified,Not Specified,MARGINAL,22.79,22.79
24/10/2023 14:00:00 - 24/10/2023 15:00:00,SCA|NO3,mFRR,Not Specified,Not Specified,MARGINAL,22.12,22.12
24/10/2023 15:00:00 - 24/10/2023 16:00:00,SCA|NO3,mFRR,Not Specified,Not Specified,MARGINAL,20.08,20.08
24/10/2023 16:00:00 - 24/10/2023 17:00:00,SCA|NO3,mFRR,Not Specified,Not Specified,MARGINAL,20.26,20.26
24/10/2023 17:00:00 - 24/10/2023 18:00:00,SCA|NO3,mFRR,Not Specified,Not Specified,MARGINAL,34.89,34.89
24/10/2023 18:00:00 - 24/10/2023 19:00:00,SCA|NO3,mFRR,Not Specified,Not Specified,MARGINAL,32.08,32.08
24/10/2023 19:00:00 - 24/10/2023 20:00:00,SCA|NO3,mFRR,Not Specified,Not Specified,MARGINAL,32.28,32.28
24/10/2023 20:00:00 - 24/10/2023 21:00:00,SCA|NO3,mFRR,Not Specified,Not Specified,MARGINAL,30.6,30.6
24/10/2023 21:00:00 - 24/10/2023 22:00:00,SCA|NO3,mFRR,Not Specified,Not Specified,MARGINAL,24.62,24.62
24/10/2023 22:00:00 - 24/10/2023 23:00:00,SCA|NO3,mFRR,Not Specified,Not Specified,MARGINAL,22.37,22.37
24/10/2023 23:00:00 - 25/10/2023 00:00:00,SCA|NO3,mFRR,Not Specified,Not Specified,MARGINAL,25.64,20.61
25/10/2023 00:00:00 - 25/10/2023 01:00:00,SCA|NO3,mFRR,Not Specified,Not Specified,MARGINAL,25.4,20.83
25/10/2023 01:00:00 - 25/10/2023 02:00:00,SCA|NO3,mFRR,Not Specified,Not Specified,MARGINAL,24.0,20.15
25/10/2023 02:00:00 - 25/10/2023 03:00:00,SCA|NO3,mFRR,Not Specified,Not Specified,MARGINAL,24.0,19.1
25/10/2023 03:00:00 - 25/10/2023 04:00:00,SCA|NO3,mFRR,Not Specified,Not Specified,MARGINAL,24.0,18.96
25/10/2023 04:00:00 - 25/10/2023 05:00:00,SCA|NO3,mFRR,Not Specified,Not Specified,MARGINAL,18.87,18.87
25/10/2023 05:00:00 - 25/10/2023 06:00:00,SCA|NO3,mFRR,Not Specified,Not Specified,MARGINAL,20.96,20.96
25/10/2023 06:00:00 - 25/10/2023 07:00:00,SCA|NO3,mFRR,Not Specified,Not Specified,MARGINAL,29.96,25.25
25/10/2023 07:00:00 - 25/10/2023 08:00:00,SCA|NO3,mFRR,Not Specified,Not Specified,MARGINAL,36.45,33.99
25/10/2023 08:00:00 - 25/10/2023 09:00:00,SCA|NO3,mFRR,Not Specified,Not Specified,MARGINAL,47.72,36.16
25/10/2023 09:00:00 - 25/10/2023 10:00:00,SCA|NO3,mFRR,Not Specified,Not Specified,MARGINAL,46.51,21.13
25/10/2023 10:00:00 - 25/10/2023 11:00:00,SCA|NO3,mFRR,Not Specified,Not Specified,MARGINAL,20.42,20.42
25/10/2023 11:00:00 - 25/10/2023 12:00:00,SCA|NO3,mFRR,Not Specified,Not Specified,MARGINAL,19.05,19.05
25/10/2023 12:00:00 - 25/10/2023 13:00:00,SCA|NO3,mFRR,Not Specified,Not Specified,MARGINAL,37.52,19.58
25/10/2023 13:00:00 - 25/10/2023 14:00:00,SCA|NO3,mFRR,Not Specified,Not Specified,MARGINAL,37.67,19.05
25/10/2023 14:00:00 - 25/10/2023 15:00:00,SCA|NO3,mFRR,Not Specified,Not Specified,MARGINAL,37.0,18.5
25/10/2023 15:00:00 - 25/10/2023 16:00:00,SCA|NO3,mFRR,Not Specified,Not Specified,MARGINAL,45.0,18.31
25/10/2023 16:00:00 - 25/10/2023 17:00:00,SCA|NO3,mFRR,Not Specified,Not Specified,MARGINAL,32.31,27.2
25/10/2023 17:00:00 - 25/10/2023 18:00:00,SCA|NO3,mFRR,Not Specified,Not Specified,MARGINAL,25.4,25.4
25/10/2023 18:00:00 - 25/10/2023 19:00:00,SCA|NO3,mFRR,Not Specified,Not Specified,MARGINAL,27.85,27.85
25/10/2023 19:00:00 - 25/10/2023 20:00:00,SCA|NO3,mFRR,Not Specified,Not Specified,MARGINAL,26.49,26.49
25/10/2023 20:00:00 - 25/10/2023 21:00:00,SCA|NO3,mFRR,Not Specified,Not Specified,MARGINAL,25.32,25.32
25/10/2023 21:00:00 - 25/10/2023 22:00:00,SCA|NO3,mFRR,Not Specified,Not Specified,MARGINAL,25.01,25.01
25/10/2023 22:00:00 - 25/10/2023 23:00:00,SCA|NO3,mFRR,Not Specified,Not Specified,MARGINAL,28.59,28.59
25/10/2023 23:00:00 - 26/10/2023 00:00:00,SCA|NO3,mFRR,Not Specified,Not Specified,MARGINAL,20.15,20.15
26/10/2023 00:00:00 - 26/10/2023 01:00:00,SCA|NO3,mFRR,Not Specified,Not Specified,MARGINAL,20.33,20.33
26/10/2023 01:00:00 - 26/10/2023 02:00:00,SCA|NO3,mFRR,Not Specified,Not Specified,MARGINAL,19.19,19.19
26/10/2023 02:00:00 - 26/10/2023 03:00:00,SCA|NO3,mFRR,Not Specified,Not Specified,MARGINAL,18.52,18.52
26/10/2023 03:00:00 - 26/10/2023 04:00:00,SCA|NO3,mFRR,Not Specified,Not Specified,MARGINAL,18.61,18.61
26/10/2023 04:00:00 - 26/10/2023 05:00:00,SCA|NO3,mFRR,Not Specified,Not Specified,MARGINAL,19.93,19.93
26/10/2023 05:00:00 - 26/10/2023 06:00:00,SCA|NO3,mFRR,Not Specified,Not Specified,MARGINAL,29.74,29.74
26/10/2023 06:00:00 - 26/10/2023 07:00:00,SCA|NO3,mFRR,Not Specified,Not Specified,MARGINAL,35.78,15.0
26/10/2023 07:00:00 - 26/10/2023 08:00:00,SCA|NO3,mFRR,Not Specified,Not Specified,MARGINAL,47.3,11.0
26/10/2023 08:00:00 - 26/10/2023 09:00:00,SCA|NO3,mFRR,Not Specified,Not Specified,MARGINAL,48.19,11.0
26/10/2023 09:00:00 - 26/10/2023 10:00:00,SCA|NO3,mFRR,Not Specified,Not Specified,MARGINAL,48.1,11.0
26/10/2023 10:00:00 - 26/10/2023 11:00:00,SCA|NO3,mFRR,Not Specified,Not Specified,MARGINAL,44.97,21.0
26/10/2023 11:00:00 - 26/10/2023 12:00:00,SCA|NO3,mFRR,Not Specified,Not Specified,MARGINAL,43.98,20.79
26/10/2023 12:00:00 - 26/10/2023 13:00:00,SCA|NO3,mFRR,Not Specified,Not Specified,MARGINAL,47.23,44.02
26/10/2023 13:00:00 - 26/10/2023 14:00:00,SCA|NO3,mFRR,Not Specified,Not Specified,MARGINAL,47.12,44.96
26/10/2023 14:00:00 - 26/10/2023 15:00:00,SCA|NO3,mFRR,Not Specified,Not Specified,MARGINAL,49.0,46.53
26/10/2023 15:00:00 - 26/10/2023 16:00:00,SCA|NO3,mFRR,Not Specified,Not Specified,MARGINAL,47.49,47.49
26/10/2023 16:00:00 - 26/10/2023 17:00:00,SCA|NO3,mFRR,Not Specified,Not Specified,MARGINAL,44.83,44.83
26/10/2023 17:00:00 - 26/10/2023 18:00:00,SCA|NO3,mFRR,Not Specified,Not Specified,MARGINAL,44.04,44.04
26/10/2023 18:00:00 - 26/10/2023 19:00:00,SCA|NO3,mFRR,Not Specified,Not Specified,MARGINAL,44.49,44.49
26/10/2023 19:00:00 - 26/10/2023 20:00:00,SCA|NO3,mFRR,Not Specified,Not Specified,MARGINAL,46.75,46.75
26/10/2023 20:00:00 - 26/10/2023 21:00:00,SCA|NO3,mFRR,Not Specified,Not Specified,MARGINAL,46.8,46.8
26/10/2023 21:00:00 - 26/10/2023 22:00:00,SCA|NO3,mFRR,Not Specified,Not Specified,MARGINAL,41.45,39.41
26/10/2023 22:00:00 - 26/10/2023 23:00:00,SCA|NO3,mFRR,Not Specified,Not Specified,MARGINAL,47.27,37.69
26/10/2023 23:00:00 - 27/10/2023 00:00:00,SCA|NO3,mFRR,Not Specified,Not Specified,MARGINAL,50.0,34.22
27/10/2023 00:00:00 - 27/10/2023 01:00:00,SCA|NO3,mFRR,Not Specified,Not Specified,MARGINAL,50.89,50.89
27/10/2023 01:00:00 - 27/10/2023 02:00:00,SCA|NO3,mFRR,Not Specified,Not Specified,MARGINAL,49.72,49.72
27/10/2023 02:00:00 - 27/10/2023 03:00:00,SCA|NO3,mFRR,Not Specified,Not Specified,MARGINAL,48.62,48.62
27/10/2023 03:00:00 - 27/10/2023 04:00:00,SCA|NO3,mFRR,Not Specified,Not Specified,MARGINAL,47.26,47.26
27/10/2023 04:00:00 - 27/10/2023 05:00:00,SCA|NO3,mFRR,Not Specified,Not Specified,MARGINAL,47.09,47.09
27/10/2023 05:00:00 - 27/10/2023 06:00:00,SCA|NO3,mFRR,Not Specified,Not Specified,MARGINAL,49.19,49.19
27/10/2023 06:00:00 - 27/10/2023 07:00:00,SCA|NO3,mFRR,Not Specified,Not Specified,MARGINAL,52.69,52.69
27/10/2023 07:00:00 - 27/10/2023 08:00:00,SCA|NO3,mFRR,Not Specified,Not Specified,MARGINAL,48.08,48.08
27/10/2023 08:00:00 - 27/10/2023 09:00:00,SCA|NO3,mFRR,Not Specified,Not Specified,MARGINAL,48.42,48.42
27/10/2023 09:00:00 - 27/10/2023 10:00:00,SCA|NO3,mFRR,Not Specified,Not Specified,MARGINAL,47.11,47.11
27/10/2023 10:00:00 - 27/10/2023 11:00:00,SCA|NO3,mFRR,Not Specified,Not Specified,MARGINAL,90.0,46.92
27/10/2023 11:00:00 - 27/10/2023 12:00:00,SCA|NO3,mFRR,Not Specified,Not Specified,MARGINAL,90.0,46.72
27/10/2023 12:00:00 - 27/10/2023 13:00:00,SCA|NO3,mFRR,Not Specified,Not Specified,MARGINAL,59.05,47.75
27/10/2023 13:00:00 - 27/10/2023 14:00:00,SCA|NO3,mFRR,Not Specified,Not Specified,MARGINAL,46.68,46.68
27/10/2023 14:00:00 - 27/10/2023 15:00:00,SCA|NO3,mFRR,Not Specified,Not Specified,MARGINAL,45.04,45.04
27/10/2023 15:00:00 - 27/10/2023 16:00:00,SCA|NO3,mFRR,Not Specified,Not Specified,MARGINAL,42.94,42.94
27/10/2023 16:00:00 - 27/10/2023 17:00:00,SCA|NO3,mFRR,Not Specified,Not Specified,MARGINAL,46.13,46.13
27/10/2023 17:00:00 - 27/10/2023 18:00:00,SCA|NO3,mFRR,Not Specified,Not Specified,MARGINAL,47.55,47.55
27/10/2023 18:00:00 - 27/10/2023 19:00:00,SCA|NO3,mFRR,Not Specified,Not Specified,MARGINAL,45.58,45.58
27/10/2023 19:00:00 - 27/10/2023 20:00:00,SCA|NO3,mFRR,Not Specified,Not Specified,MARGINAL,44.97,44.97
27/10/2023 20:00:00 - 27/10/2023 21:00:00,SCA|NO3,mFRR,Not Specified,Not Specified,MARGINAL,43.82,43.82
27/10/2023 21:00:00 - 27/10/2023 22:00:00,SCA|NO3,mFRR,Not Specified,Not Specified,MARGINAL,42.45,42.45
27/10/2023 22:00:00 - 27/10/2023 23:00:00,SCA|NO3,mFRR,Not Specified,Not Specified,MARGINAL,46.08,46.08
27/10/2023 23:00:00 - 28/10/2023 00:00:00,SCA|NO3,mFRR,Not Specified,Not Specified,MARGINAL,43.93,43.93
28/10/2023 00:00:00 - 28/10/2023 01:00:00,SCA|NO3,mFRR,Not Specified,Not Specified,MARGINAL,40.0,40.0
28/10/2023 01:00:00 - 28/10/2023 02:00:00,SCA|NO3,mFRR,Not Specified,Not Specified,MARGINAL,36.3,36.3
28/10/2023 02:00:00 - 28/10/2023 03:00:00,SCA|NO3,mFRR,Not Specified,Not Specified,MARGINAL,35.15,35.15
28/10/2023 03:00:00 - 28/10/2023 04:00:00,SCA|NO3,mFRR,Not Specified,Not Specified,MARGINAL,34.4,34.4
28/10/2023 04:00:00 - 28/10/2023 05:00:00,SCA|NO3,mFRR,Not Specified,Not Specified,MARGINAL,35.38,35.38
28/10/2023 05:00:00 - 28/10/2023 06:00:00,SCA|NO3,mFRR,Not Specified,Not Specified,MARGINAL,39.77,39.77
28/10/2023 06:00:00 - 28/10/2023 07:00:00,SCA|NO3,mFRR,Not Specified,Not Specified,MARGINAL,41.76,18.0
28/10/2023 07:00:00 - 28/10/2023 08:00:00,SCA|NO3,mFRR,Not Specified,Not Specified,MARGINAL,47.49,18.0
28/10/2023 08:00:00 - 28/10/2023 09:00:00,SCA|NO3,mFRR,Not Specified,Not Specified,MARGINAL,39.74,12.0
28/10/2023 09:00:00 - 28/10/2023 10:00:00,SCA|NO3,mFRR,Not Specified,Not Specified,MARGINAL,41.09,12.0
28/10/2023 10:00:00 - 28/10/2023 11:00:00,SCA|NO3,mFRR,Not Specified,Not Specified,MARGINAL,43.55,12.0
28/10/2023 11:00:00 - 28/10/2023 12:00:00,SCA|NO3,mFRR,Not Specified,Not Specified,MARGINAL,41.05,15.0
28/10/2023 12:00:00 - 28/10/2023 13:00:00,SCA|NO3,mFRR,Not Specified,Not Specified,MARGINAL,41.32,8.0
28/10/2023 13:00:00 - 28/10/2023 14:00:00,SCA|NO3,mFRR,Not Specified,Not Specified,MARGINAL,40.91,8.0
28/10/2023 14:00:00 - 28/10/2023 15:00:00,SCA|NO3,mFRR,Not Specified,Not Specified,MARGINAL,39.96,3.0
28/10/2023 15:00:00 - 28/10/2023 16:00:00,SCA|NO3,mFRR,Not Specified,Not Specified,MARGINAL,40.0,3.0
28/10/2023 16:00:00 - 28/10/2023 17:00:00,SCA|NO3,mFRR,Not Specified,Not Specified,MARGINAL,37.06,3.0
28/10/2023 17:00:00 - 28/10/2023 18:00:00,SCA|NO3,mFRR,Not Specified,Not Specified,MARGINAL,38.14,3.0
28/10/2023 18:00:00 - 28/10/2023 19:00:00,SCA|NO3,mFRR,Not Specified,Not Specified,MARGINAL,37.95,3.0
28/10/2023 19:00:00 - 28/10/2023 20:00:00,SCA|NO3,mFRR,Not Specified,Not Specified,MARGINAL,44.9,15.0
28/10/2023 20:00:00 - 28/10/2023 21:00:00,SCA|NO3,mFRR,Not Specified,Not Specified,MARGINAL,68.79,16.0
28/10/2023 21:00:00 - 28/10/2023 22:00:00,SCA|NO3,mFRR,Not Specified,Not Specified,MARGINAL,61.91,16.0
28/10/2023 22:00:00 - 28/10/2023 23:00:00,SCA|NO3,mFRR,Not Specified,Not Specified,MARGINAL,58.54,16.0
28/10/2023 23:00:00 - 29/10/2023 00:00:00,SCA|NO3,mFRR,Not Specified,Not Specified,MARGINAL,46.34,16.0
29/10/2023 00:00:00 - 29/10/2023 01:00:00,SCA|NO3,mFRR,Not Specified,Not Specified,MARGINAL,34.33,34.33
29/10/2023 01:00:00 - 29/10/2023 02:00:00,SCA|NO3,mFRR,Not Specified,Not Specified,MARGINAL,27.19,27.19
29/10/2023 02:00:00 - 29/10/2023 02:00:00,SCA|NO3,mFRR,Not Specified,Not Specified,MARGINAL,25.34,25.34
29/10/2023 02:00:00 - 29/10/2023 03:00:00,SCA|NO3,mFRR,Not Specified,Not Specified,MARGINAL,22.35,22.35
29/10/2023 03:00:00 - 29/10/2023 04:00:00,SCA|NO3,mFRR,Not Specified,Not Specified,MARGINAL,22.0,15.0
29/10/2023 04:00:00 - 29/10/2023 05:00:00,SCA|NO3,mFRR,Not Specified,Not Specified,MARGINAL,22.08,15.0
29/10/2023 05:00:00 - 29/10/2023 06:00:00,SCA|NO3,mFRR,Not Specified,Not Specified,MARGINAL,22.83,15.0
29/10/2023 06:00:00 - 29/10/2023 07:00:00,SCA|NO3,mFRR,Not Specified,Not Specified,MARGINAL,25.01,15.0
29/10/2023 07:00:00 - 29/10/2023 08:00:00,SCA|NO3,mFRR,Not Specified,Not Specified,MARGINAL,25.54,15.0
29/10/2023 08:00:00 - 29/10/2023 09:00:00,SCA|NO3,mFRR,Not Specified,Not Specified,MARGINAL,24.28,15.0
29/10/2023 09:00:00 - 29/10/2023 10:00:00,SCA|NO3,mFRR,Not Specified,Not Specified,MARGINAL,23.93,16.0
29/10/2023 10:00:00 - 29/10/2023 11:00:00,SCA|NO3,mFRR,Not Specified,Not Specified,MARGINAL,23.34,23.34
29/10/2023 11:00:00 - 29/10/2023 12:00:00,SCA|NO3,mFRR,Not Specified,Not Specified,MARGINAL,23.7,16.0
29/10/2023 12:00:00 - 29/10/2023 13:00:00,SCA|NO3,mFRR,Not Specified,Not Specified,MARGINAL,23.09,16.0
29/10/2023 13:00:00 - 29/10/2023 14:00:00,SCA|NO3,mFRR,Not Specified,Not Specified,MARGINAL,22.42,16.0
29/10/2023 14:00:00 - 29/10/2023 15:00:00,SCA|NO3,mFRR,Not Specified,Not Specified,MARGINAL,22.97,16.0
29/10/2023 15:00:00 - 29/10/2023 16:00:00,SCA|NO3,mFRR,Not Specified,Not Specified,MARGINAL,34.25,34.25
29/10/2023 16:00:00 - 29/10/2023 17:00:00,SCA|NO3,mFRR,Not Specified,Not Specified,MARGINAL,60.66,60.66
29/10/2023 17:00:00 - 29/10/2023 18:00:00,SCA|NO3,mFRR,Not Specified,Not Specified,MARGINAL,65.83,65.83
29/10/2023 18:00:00 - 29/10/2023 19:00:00,SCA|NO3,mFRR,Not Specified,Not Specified,MARGINAL,58.69,58.69
29/10/2023 19:00:00 - 29/10/2023 20:00:00,SCA|NO3,mFRR,Not Specified,Not Specified,MARGINAL,44.11,44.11
29/10/2023 20:00:00 - 29/10/2023 21:00:00,SCA|NO3,mFRR,Not Specified,Not Specified,MARGINAL,40.88,40.88
29/10/2023 21:00:00 - 29/10/2023 22:00:00,SCA|NO3,mFRR,Not Specified,Not Specified,MARGINAL,34.28,34.28
29/10/2023 22:00:00 - 29/10/2023 23:00:00,SCA|NO3,mFRR,Not Specified,Not Specified,MARGINAL,30.3,30.3
29/10/2023 23:00:00 - 30/10/2023 00:00:00,SCA|NO3,mFRR,Not Specified,Not Specified,MARGINAL,36.0,24.59
30/10/2023 00:00:00 - 30/10/2023 01:00:00,SCA|NO3,mFRR,Not Specified,Not Specified,MARGINAL,41.0,20.32
30/10/2023 01:00:00 - 30/10/2023 02:00:00,SCA|NO3,mFRR,Not Specified,Not Specified,MARGINAL,30.0,19.21
30/10/2023 02:00:00 - 30/10/2023 03:00:00,SCA|NO3,mFRR,Not Specified,Not Specified,MARGINAL,31.0,18.76
30/10/2023 03:00:00 - 30/10/2023 04:00:00,SCA|NO3,mFRR,Not Specified,Not Specified,MARGINAL,30.0,18.67
30/10/2023 04:00:00 - 30/10/2023 05:00:00,SCA|NO3,mFRR,Not Specified,Not Specified,MARGINAL,34.5,20.23
30/10/2023 05:00:00 - 30/10/2023 06:00:00,SCA|NO3,mFRR,Not Specified,Not Specified,MARGINAL,50.0,25.16
30/10/2023 06:00:00 - 30/10/2023 07:00:00,SCA|NO3,mFRR,Not Specified,Not Specified,MARGINAL,62.0,59.31
30/10/2023 07:00:00 - 30/10/2023 08:00:00,SCA|NO3,mFRR,Not Specified,Not Specified,MARGINAL,77.14,77.14
30/10/2023 08:00:00 - 30/10/2023 09:00:00,SCA|NO3,mFRR,Not Specified,Not Specified,MARGINAL,81.96,64.0
30/10/2023 09:00:00 - 30/10/2023 10:00:00,SCA|NO3,mFRR,Not Specified,Not Specified,MARGINAL,77.25,77.25
30/10/2023 10:00:00 - 30/10/2023 11:00:00,SCA|NO3,mFRR,Not Specified,Not Specified,MARGINAL,74.03,74.03
30/10/2023 11:00:00 - 30/10/2023 12:00:00,SCA|NO3,mFRR,Not Specified,Not Specified,MARGINAL,72.32,72.32
30/10/2023 12:00:00 - 30/10/2023 13:00:00,SCA|NO3,mFRR,Not Specified,Not Specified,MARGINAL,71.03,71.03
30/10/2023 13:00:00 - 30/10/2023 14:00:00,SCA|NO3,mFRR,Not Specified,Not Specified,MARGINAL,72.82,72.82
30/10/2023 14:00:00 - 30/10/2023 15:00:00,SCA|NO3,mFRR,Not Specified,Not Specified,MARGINAL,81.14,81.14
30/10/2023 15:00:00 - 30/10/2023 16:00:00,SCA|NO3,mFRR,Not Specified,Not Specified,MARGINAL,88.75,88.75
30/10/2023 16:00:00 - 30/10/2023 17:00:00,SCA|NO3,mFRR,Not Specified,Not Specified,MARGINAL,108.0,95.3
30/10/2023 17:00:00 - 30/10/2023 18:00:00,SCA|NO3,mFRR,Not Specified,Not Specified,MARGINAL,568.23,108.07
30/10/2023 18:00:00 - 30/10/2023 19:00:00,SCA|NO3,mFRR,Not Specified,Not Specified,MARGINAL,568.23,88.83
30/10/2023 19:00:00 - 30/10/2023 20:00:00,SCA|NO3,mFRR,Not Specified,Not Specified,MARGINAL,200.0,72.44
30/10/2023 20:00:00 - 30/10/2023 21:00:00,SCA|NO3,mFRR,Not Specified,Not Specified,MARGINAL,62.05,62.05
30/10/2023 21:00:00 - 30/10/2023 22:00:00,SCA|NO3,mFRR,Not Specified,Not Specified,MARGINAL,45.98,45.98
30/10/2023 22:00:00 - 30/10/2023 23:00:00,SCA|NO3,mFRR,Not Specified,Not Specified,MARGINAL,34.26,34.26
30/10/2023 23:00:00 - 31/10/2023 00:00:00,SCA|NO3,mFRR,Not Specified,Not Specified,MARGINAL,27.92,27.92
31/10/2023 00:00:00 - 31/10/2023 01:00:00,SCA|NO3,mFRR,Not Specified,Not Specified,MARGINAL,35.85,29.57
31/10/2023 01:00:00 - 31/10/2023 02:00:00,SCA|NO3,mFRR,Not Specified,Not Specified,MARGINAL,35.89,29.61
31/10/2023 02:00:00 - 31/10/2023 03:00:00,SCA|NO3,mFRR,Not Specified,Not Specified,MARGINAL,38.14,29.88
31/10/2023 03:00:00 - 31/10/2023 04:00:00,SCA|NO3,mFRR,Not Specified,Not Specified,MARGINAL,38.14,30.51
31/10/2023 04:00:00 - 31/10/2023 05:00:00,SCA|NO3,mFRR,Not Specified,Not Specified,MARGINAL,40.0,29.96
31/10/2023 05:00:00 - 31/10/2023 06:00:00,SCA|NO3,mFRR,Not Specified,Not Specified,MARGINAL,38.14,34.41
31/10/2023 06:00:00 - 31/10/2023 07:00:00,SCA|NO3,mFRR,Not Specified,Not Specified,MARGINAL,39.03,22.04
31/10/2023 07:00:00 - 31/10/2023 08:00:00,SCA|NO3,mFRR,Not Specified,Not Specified,MARGINAL,38.08,19.0
31/10/2023 08:00:00 - 31/10/2023 09:00:00,SCA|NO3,mFRR,Not Specified,Not Specified,MARGINAL,39.37,19.0
31/10/2023 09:00:00 - 31/10/2023 10:00:00,SCA|NO3,mFRR,Not Specified,Not Specified,MARGINAL,39.3,15.0
31/10/2023 10:00:00 - 31/10/2023 11:00:00,SCA|NO3,mFRR,Not Specified,Not Specified,MARGINAL,42.62,15.0
31/10/2023 11:00:00 - 31/10/2023 12:00:00,SCA|NO3,mFRR,Not Specified,Not Specified,MARGINAL,39.42,14.0
31/10/2023 12:00:00 - 31/10/2023 13:00:00,SCA|NO3,mFRR,Not Specified,Not Specified,MARGINAL,38.16,11.18
31/10/2023 13:00:00 - 31/10/2023 14:00:00,SCA|NO3,mFRR,Not Specified,Not Specified,MARGINAL,37.05,11.6
31/10/2023 14:00:00 - 31/10/2023 15:00:00,SCA|NO3,mFRR,Not Specified,Not Specified,MARGINAL,34.91,11.57
31/10/2023 15:00:00 - 31/10/2023 16:00:00,SCA|NO3,mFRR,Not Specified,Not Specified,MARGINAL,31.66,12.0
31/10/2023 16:00:00 - 31/10/2023 17:00:00,SCA|NO3,mFRR,Not Specified,Not Specified,MARGINAL,30.26,8.5
31/10/2023 17:00:00 - 31/10/2023 18:00:00,SCA|NO3,mFRR,Not Specified,Not Specified,MARGINAL,30.0,7.5
31/10/2023 18:00:00 - 31/10/2023 19:00:00,SCA|NO3,mFRR,Not Specified,Not Specified,MARGINAL,30.23,7.5
31/10/2023 19:00:00 - 31/10/2023 20:00:00,SCA|NO3,mFRR,Not Specified,Not Specified,MARGINAL,30.08,7.5
31/10/2023 20:00:00 - 31/10/2023 21:00:00,SCA|NO3,mFRR,Not Specified,Not Specified,MARGINAL,31.45,7.5
31/10/2023 21:00:00 - 31/10/2023 22:00:00,SCA|NO3,mFRR,Not Specified,Not Specified,MARGINAL,30.27,4.0
31/10/2023 22:00:00 - 31/10/2023 23:00:00,SCA|NO3,mFRR,Not Specified,Not Specified,MARGINAL,31.41,4.0
31/10/2023 23:00:00 - 01/11/2023 00:00:00,SCA|NO3,mFRR,Not Specified,Not Specified,MARGINAL,29.59,4.0
01/11/2023 00:00:00 - 01/11/2023 01:00:00,SCA|NO3,mFRR,Not Specified,Not Specified,MARGINAL,24.41,24.41
01/11/2023 01:00:00 - 01/11/2023 02:00:00,SCA|NO3,mFRR,Not Specified,Not Specified,MARGINAL,30.5,22.17
01/11/2023 02:00:00 - 01/11/2023 03:00:00,SCA|NO3,mFRR,Not Specified,Not Specified,MARGINAL,34.49,19.89
01/11/2023 03:00:00 - 01/11/2023 04:00:00,SCA|NO3,mFRR,Not Specified,Not Specified,MARGINAL,36.36,18.9
01/11/2023 04:00:00 - 01/11/2023 05:00:00,SCA|NO3,mFRR,Not Specified,Not Specified,MARGINAL,32.0,18.57
01/11/2023 05:00:00 - 01/11/2023 06:00:00,SCA|NO3,mFRR,Not Specified,Not Specified,MARGINAL,30.5,20.71
01/11/2023 06:00:00 - 01/11/2023 07:00:00,SCA|NO3,mFRR,Not Specified,Not Specified,MARGINAL,28.0,24.76
01/11/2023 07:00:00 - 01/11/2023 08:00:00,SCA|NO3,mFRR,Not Specified,Not Specified,MARGINAL,28.67,28.67
01/11/2023 08:00:00 - 01/11/2023 09:00:00,SCA|NO3,mFRR,Not Specified,Not Specified,MARGINAL,33.11,33.11
01/11/2023 09:00:00 - 01/11/2023 10:00:00,SCA|NO3,mFRR,Not Specified,Not Specified,MARGINAL,33.14,33.14
01/11/2023 10:00:00 - 01/11/2023 11:00:00,SCA|NO3,mFRR,Not Specified,Not Specified,MARGINAL,33.02,33.02
01/11/2023 11:00:00 - 01/11/2023 12:00:00,SCA|NO3,mFRR,Not Specified,Not Specified,MARGINAL,30.61,30.61
01/11/2023 12:00:00 - 01/11/2023 13:00:00,SCA|NO3,mFRR,Not Specified,Not Specified,MARGINAL,28.93,28.93
01/11/2023 13:00:00 - 01/11/2023 14:00:00,SCA|NO3,mFRR,Not Specified,Not Specified,MARGINAL,29.93,29.93
01/11/2023 14:00:00 - 01/11/2023 15:00:00,SCA|NO3,mFRR,Not Specified,Not Specified,MARGINAL,30.28,30.28
01/11/2023 15:00:00 - 01/11/2023 16:00:00,SCA|NO3,mFRR,Not Specified,Not Specified,MARGINAL,32.97,32.97
01/11/2023 16:00:00 - 01/11/2023 17:00:00,SCA|NO3,mFRR,Not Specified,Not Specified,MARGINAL,30.22,30.22
01/11/2023 17:00:00 - 01/11/2023 18:00:00,SCA|NO3,mFRR,Not Specified,Not Specified,MARGINAL,28.69,28.69
01/11/2023 18:00:00 - 01/11/2023 19:00:00,SCA|NO3,mFRR,Not Specified,Not Specified,MARGINAL,29.28,29.28
01/11/2023 19:00:00 - 01/11/2023 20:00:00,SCA|NO3,mFRR,Not Specified,Not Specified,MARGINAL,27.0,26.0
01/11/2023 20:00:00 - 01/11/2023 21:00:00,SCA|NO3,mFRR,Not Specified,Not Specified,MARGINAL,27.0,24.04
01/11/2023 21:00:00 - 01/11/2023 22:00:00,SCA|NO3,mFRR,Not Specified,Not Specified,MARGINAL,27.0,20.05
01/11/2023 22:00:00 - 01/11/2023 23:00:00,SCA|NO3,mFRR,Not Specified,Not Specified,MARGINAL,30.9,19.11
01/11/2023 23:00:00 - 02/11/2023 00:00:00,SCA|NO3,mFRR,Not Specified,Not Specified,MARGINAL,30.27,17.17
02/11/2023 00:00:00 - 02/11/2023 01:00:00,SCA|NO3,mFRR,Not Specified,Not Specified,MARGINAL,30.24,20.19
02/11/2023 01:00:00 - 02/11/2023 02:00:00,SCA|NO3,mFRR,Not Specified,Not Specified,MARGINAL,16.97,2.5
02/11/2023 02:00:00 - 02/11/2023 03:00:00,SCA|NO3,mFRR,Not Specified,Not Specified,MARGINAL,15.53,0.0
02/11/2023 03:00:00 - 02/11/2023 04:00:00,SCA|NO3,mFRR,Not Specified,Not Specified,MARGINAL,15.39,-2.0
02/11/2023 04:00:00 - 02/11/2023 05:00:00,SCA|NO3,mFRR,Not Specified,Not Specified,MARGINAL,15.63,-4.02
02/11/2023 05:00:00 - 02/11/2023 06:00:00,SCA|NO3,mFRR,Not Specified,Not Specified,MARGINAL,21.38,-0.5
02/11/2023 06:00:00 - 02/11/2023 07:00:00,SCA|NO3,mFRR,Not Specified,Not Specified,MARGINAL,34.56,8.01
02/11/2023 07:00:00 - 02/11/2023 08:00:00,SCA|NO3,mFRR,Not Specified,Not Specified,MARGINAL,34.15,7.5
02/11/2023 08:00:00 - 02/11/2023 09:00:00,SCA|NO3,mFRR,Not Specified,Not Specified,MARGINAL,35.88,9.0
02/11/2023 09:00:00 - 02/11/2023 10:00:00,SCA|NO3,mFRR,Not Specified,Not Specified,MARGINAL,38.39,11.5
02/11/2023 10:00:00 - 02/11/2023 11:00:00,SCA|NO3,mFRR,Not Specified,Not Specified,MARGINAL,38.91,11.5
02/11/2023 11:00:00 - 02/11/2023 12:00:00,SCA|NO3,mFRR,Not Specified,Not Specified,MARGINAL,39.56,14.0
02/11/2023 12:00:00 - 02/11/2023 13:00:00,SCA|NO3,mFRR,Not Specified,Not Specified,MARGINAL,41.0,39.44
02/11/2023 13:00:00 - 02/11/2023 14:00:00,SCA|NO3,mFRR,Not Specified,Not Specified,MARGINAL,40.0,37.64
02/11/2023 14:00:00 - 02/11/2023 15:00:00,SCA|NO3,mFRR,Not Specified,Not Specified,MARGINAL,40.0,35.71
02/11/2023 15:00:00 - 02/11/2023 16:00:00,SCA|NO3,mFRR,Not Specified,Not Specified,MARGINAL,40.0,37.22
02/11/2023 16:00:00 - 02/11/2023 17:00:00,SCA|NO3,mFRR,Not Specified,Not Specified,MARGINAL,35.48,35.48
02/11/2023 17:00:00 - 02/11/2023 18:00:00,SCA|NO3,mFRR,Not Specified,Not Specified,MARGINAL,35.51,35.51
02/11/2023 18:00:00 - 02/11/2023 19:00:00,SCA|NO3,mFRR,Not Specified,Not Specified,MARGINAL,33.92,28.0
02/11/2023 19:00:00 - 02/11/2023 20:00:00,SCA|NO3,mFRR,Not Specified,Not Specified,MARGINAL,31.73,13.81
02/11/2023 20:00:00 - 02/11/2023 21:00:00,SCA|NO3,mFRR,Not Specified,Not Specified,MARGINAL,26.78,11.5
02/11/2023 21:00:00 - 02/11/2023 22:00:00,SCA|NO3,mFRR,Not Specified,Not Specified,MARGINAL,23.05,8.0
02/11/2023 22:00:00 - 02/11/2023 23:00:00,SCA|NO3,mFRR,Not Specified,Not Specified,MARGINAL,20.95,8.0
02/11/2023 23:00:00 - 03/11/2023 00:00:00,SCA|NO3,mFRR,Not Specified,Not Specified,MARGINAL,19.35,8.09
03/11/2023 00:00:00 - 03/11/2023 01:00:00,SCA|NO3,mFRR,Not Specified,Not Specified,MARGINAL,18.0,15.17
03/11/2023 01:00:00 - 03/11/2023 02:00:00,SCA|NO3,mFRR,Not Specified,Not Specified,MARGINAL,11.47,10.0
03/11/2023 02:00:00 - 03/11/2023 03:00:00,SCA|NO3,mFRR,Not Specified,Not Specified,MARGINAL,10.48,6.7
03/11/2023 03:00:00 - 03/11/2023 04:00:00,SCA|NO3,mFRR,Not Specified,Not Specified,MARGINAL,10.41,3.0
03/11/2023 04:00:00 - 03/11/2023 05:00:00,SCA|NO3,mFRR,Not Specified,Not Specified,MARGINAL,10.46,10.46
03/11/2023 05:00:00 - 03/11/2023 06:00:00,SCA|NO3,mFRR,Not Specified,Not Specified,MARGINAL,17.21,17.21
03/11/2023 06:00:00 - 03/11/2023 07:00:00,SCA|NO3,mFRR,Not Specified,Not Specified,MARGINAL,25.0,18.13
03/11/2023 07:00:00 - 03/11/2023 08:00:00,SCA|NO3,mFRR,Not Specified,Not Specified,MARGINAL,25.0,19.92
03/11/2023 08:00:00 - 03/11/2023 09:00:00,SCA|NO3,mFRR,Not Specified,Not Specified,MARGINAL,20.5,18.0
03/11/2023 09:00:00 - 03/11/2023 10:00:00,SCA|NO3,mFRR,Not Specified,Not Specified,MARGINAL,20.71,13.4
03/11/2023 10:00:00 - 03/11/2023 11:00:00,SCA|NO3,mFRR,Not Specified,Not Specified,MARGINAL,20.57,13.4
03/11/2023 11:00:00 - 03/11/2023 12:00:00,SCA|NO3,mFRR,Not Specified,Not Specified,MARGINAL,20.37,20.37
03/11/2023 12:00:00 - 03/11/2023 13:00:00,SCA|NO3,mFRR,Not Specified,Not Specified,MARGINAL,20.16,20.16
03/11/2023 13:00:00 - 03/11/2023 14:00:00,SCA|NO3,mFRR,Not Specified,Not Specified,MARGINAL,19.31,19.31
03/11/2023 14:00:00 - 03/11/2023 15:00:00,SCA|NO3,mFRR,Not Specified,Not Specified,MARGINAL,18.38,18.38
03/11/2023 15:00:00 - 03/11/2023 16:00:00,SCA|NO3,mFRR,Not Specified,Not Specified,MARGINAL,32.0,17.81
03/11/2023 16:00:00 - 03/11/2023 17:00:00,SCA|NO3,mFRR,Not Specified,Not Specified,MARGINAL,34.75,17.44
03/11/2023 17:00:00 - 03/11/2023 18:00:00,SCA|NO3,mFRR,Not Specified,Not Specified,MARGINAL,34.75,17.39
03/11/2023 18:00:00 - 03/11/2023 19:00:00,SCA|NO3,mFRR,Not Specified,Not Specified,MARGINAL,32.0,16.75
03/11/2023 19:00:00 - 03/11/2023 20:00:00,SCA|NO3,mFRR,Not Specified,Not Specified,MARGINAL,30.0,15.12
03/11/2023 20:00:00 - 03/11/2023 21:00:00,SCA|NO3,mFRR,Not Specified,Not Specified,MARGINAL,30.0,12.47
03/11/2023 21:00:00 - 03/11/2023 22:00:00,SCA|NO3,mFRR,Not Specified,Not Specified,MARGINAL,27.0,12.28
03/11/2023 22:00:00 - 03/11/2023 23:00:00,SCA|NO3,mFRR,Not Specified,Not Specified,MARGINAL,27.0,12.16
03/11/2023 23:00:00 - 04/11/2023 00:00:00,SCA|NO3,mFRR,Not Specified,Not Specified,MARGINAL,27.0,11.84
04/11/2023 00:00:00 - 04/11/2023 01:00:00,SCA|NO3,mFRR,Not Specified,Not Specified,MARGINAL,26.5,10.52
04/11/2023 01:00:00 - 04/11/2023 02:00:00,SCA|NO3,mFRR,Not Specified,Not Specified,MARGINAL,25.0,10.43
04/11/2023 02:00:00 - 04/11/2023 03:00:00,SCA|NO3,mFRR,Not Specified,Not Specified,MARGINAL,10.33,10.33
04/11/2023 03:00:00 - 04/11/2023 04:00:00,SCA|NO3,mFRR,Not Specified,Not Specified,MARGINAL,10.28,10.28
04/11/2023 04:00:00 - 04/11/2023 05:00:00,SCA|NO3,mFRR,Not Specified,Not Specified,MARGINAL,10.26,2.5
04/11/2023 05:00:00 - 04/11/2023 06:00:00,SCA|NO3,mFRR,Not Specified,Not Specified,MARGINAL,10.17,2.5
04/11/2023 06:00:00 - 04/11/2023 07:00:00,SCA|NO3,mFRR,Not Specified,Not Specified,MARGINAL,10.3,2.5
04/11/2023 07:00:00 - 04/11/2023 08:00:00,SCA|NO3,mFRR,Not Specified,Not Specified,MARGINAL,10.82,2.5
04/11/2023 08:00:00 - 04/11/2023 09:00:00,SCA|NO3,mFRR,Not Specified,Not Specified,MARGINAL,25.0,11.14
04/11/2023 09:00:00 - 04/11/2023 10:00:00,SCA|NO3,mFRR,Not Specified,Not Specified,MARGINAL,26.53,11.48
04/11/2023 10:00:00 - 04/11/2023 11:00:00,SCA|NO3,mFRR,Not Specified,Not Specified,MARGINAL,30.0,11.6
04/11/2023 11:00:00 - 04/11/2023 12:00:00,SCA|NO3,mFRR,Not Specified,Not Specified,MARGINAL,30.12,11.51
04/11/2023 12:00:00 - 04/11/2023 13:00:00,SCA|NO3,mFRR,Not Specified,Not Specified,MARGINAL,30.0,11.14
04/11/2023 13:00:00 - 04/11/2023 14:00:00,SCA|NO3,mFRR,Not Specified,Not Specified,MARGINAL,30.5,11.0
04/11/2023 14:00:00 - 04/11/2023 15:00:00,SCA|NO3,mFRR,Not Specified,Not Specified,MARGINAL,29.5,11.05
04/11/2023 15:00:00 - 04/11/2023 16:00:00,SCA|NO3,mFRR,Not Specified,Not Specified,MARGINAL,28.8,11.15
04/11/2023 16:00:00 - 04/11/2023 17:00:00,SCA|NO3,mFRR,Not Specified,Not Specified,MARGINAL,25.0,11.36
04/11/2023 17:00:00 - 04/11/2023 18:00:00,SCA|NO3,mFRR,Not Specified,Not Specified,MARGINAL,25.0,11.52
04/11/2023 18:00:00 - 04/11/2023 19:00:00,SCA|NO3,mFRR,Not Specified,Not Specified,MARGINAL,28.26,11.54
04/11/2023 19:00:00 - 04/11/2023 20:00:00,SCA|NO3,mFRR,Not Specified,Not Specified,MARGINAL,28.26,11.64
04/11/2023 20:00:00 - 04/11/2023 21:00:00,SCA|NO3,mFRR,Not Specified,Not Specified,MARGINAL,18.5,11.32
04/11/2023 21:00:00 - 04/11/2023 22:00:00,SCA|NO3,mFRR,Not Specified,Not Specified,MARGINAL,18.5,11.18
04/11/2023 22:00:00 - 04/11/2023 23:00:00,SCA|NO3,mFRR,Not Specified,Not Specified,MARGINAL,11.27,11.27
04/11/2023 23:00:00 - 05/11/2023 00:00:00,SCA|NO3,mFRR,Not Specified,Not Specified,MARGINAL,11.17,8.0
05/11/2023 00:00:00 - 05/11/2023 01:00:00,SCA|NO3,mFRR,Not Specified,Not Specified,MARGINAL,11.72,3.0
05/11/2023 01:00:00 - 05/11/2023 02:00:00,SCA|NO3,mFRR,Not Specified,Not Specified,MARGINAL,11.66,2.5
05/11/2023 02:00:00 - 05/11/2023 03:00:00,SCA|NO3,mFRR,Not Specified,Not Specified,MARGINAL,11.56,2.5
05/11/2023 03:00:00 - 05/11/2023 04:00:00,SCA|NO3,mFRR,Not Specified,Not Specified,MARGINAL,11.64,0.5
05/11/2023 04:00:00 - 05/11/2023 05:00:00,SCA|NO3,mFRR,Not Specified,Not Specified,MARGINAL,11.75,0.5
05/11/2023 05:00:00 - 05/11/2023 06:00:00,SCA|NO3,mFRR,Not Specified,Not Specified,MARGINAL,11.84,0.5
05/11/2023 06:00:00 - 05/11/2023 07:00:00,SCA|NO3,mFRR,Not Specified,Not Specified,MARGINAL,12.13,0.5
05/11/2023 07:00:00 - 05/11/2023 08:00:00,SCA|NO3,mFRR,Not Specified,Not Specified,MARGINAL,12.3,6.8
05/11/2023 08:00:00 - 05/11/2023 09:00:00,SCA|NO3,mFRR,Not Specified,Not Specified,MARGINAL,15.03,6.65
05/11/2023 09:00:00 - 05/11/2023 10:00:00,SCA|NO3,mFRR,Not Specified,Not Specified,MARGINAL,19.14,8.0
05/11/2023 10:00:00 - 05/11/2023 11:00:00,SCA|NO3,mFRR,Not Specified,Not Specified,MARGINAL,23.79,9.0
05/11/2023 11:00:00 - 05/11/2023 12:00:00,SCA|NO3,mFRR,Not Specified,Not Specified,MARGINAL,27.36,13.4
05/11/2023 12:00:00 - 05/11/2023 13:00:00,SCA|NO3,mFRR,Not Specified,Not Specified,MARGINAL,32.0,29.06
05/11/2023 13:00:00 - 05/11/2023 14:00:00,SCA|NO3,mFRR,Not Specified,Not Specified,MARGINAL,35.0,28.98
05/11/2023 14:00:00 - 05/11/2023 15:00:00,SCA|NO3,mFRR,Not Specified,Not Specified,MARGINAL,35.0,31.96
05/11/2023 15:00:00 - 05/11/2023 16:00:00,SCA|NO3,mFRR,Not Specified,Not Specified,MARGINAL,33.91,33.91
05/11/2023 16:00:00 - 05/11/2023 17:00:00,SCA|NO3,mFRR,Not Specified,Not Specified,MARGINAL,42.13,42.13
05/11/2023 17:00:00 - 05/11/2023 18:00:00,SCA|NO3,mFRR,Not Specified,Not Specified,MARGINAL,53.65,48.55
05/11/2023 18:00:00 - 05/11/2023 19:00:00,SCA|NO3,mFRR,Not Specified,Not Specified,MARGINAL,53.0,46.75
05/11/2023 19:00:00 - 05/11/2023 20:00:00,SCA|NO3,mFRR,Not Specified,Not Specified,MARGINAL,45.96,44.8
05/11/2023 20:00:00 - 05/11/2023 21:00:00,SCA|NO3,mFRR,Not Specified,Not Specified,MARGINAL,36.75,36.75
05/11/2023 21:00:00 - 05/11/2023 22:00:00,SCA|NO3,mFRR,Not Specified,Not Specified,MARGINAL,30.19,30.19
05/11/2023 22:00:00 - 05/11/2023 23:00:00,SCA|NO3,mFRR,Not Specified,Not Specified,MARGINAL,26.85,26.85
05/11/2023 23:00:00 - 06/11/2023 00:00:00,SCA|NO3,mFRR,Not Specified,Not Specified,MARGINAL,23.43,23.43
06/11/2023 00:00:00 - 06/11/2023 01:00:00,SCA|NO3,mFRR,Not Specified,Not Specified,MARGINAL,26.89,26.89
06/11/2023 01:00:00 - 06/11/2023 02:00:00,SCA|NO3,mFRR,Not Specified,Not Specified,MARGINAL,25.29,25.29
06/11/2023 02:00:00 - 06/11/2023 03:00:00,SCA|NO3,mFRR,Not Specified,Not Specified,MARGINAL,25.13,11.0
06/11/2023 03:00:00 - 06/11/2023 04:00:00,SCA|NO3,mFRR,Not Specified,Not Specified,MARGINAL,25.36,8.5
06/11/2023 04:00:00 - 06/11/2023 05:00:00,SCA|NO3,mFRR,Not Specified,Not Specified,MARGINAL,25.49,10.0
06/11/2023 05:00:00 - 06/11/2023 06:00:00,SCA|NO3,mFRR,Not Specified,Not Specified,MARGINAL,26.3,14.0
06/11/2023 06:00:00 - 06/11/2023 07:00:00,SCA|NO3,mFRR,Not Specified,Not Specified,MARGINAL,60.17,60.17
06/11/2023 07:00:00 - 06/11/2023 08:00:00,SCA|NO3,mFRR,Not Specified,Not Specified,MARGINAL,69.5,69.5
06/11/2023 08:00:00 - 06/11/2023 09:00:00,SCA|NO3,mFRR,Not Specified,Not Specified,MARGINAL,83.1,83.1
06/11/2023 09:00:00 - 06/11/2023 10:00:00,SCA|NO3,mFRR,Not Specified,Not Specified,MARGINAL,72.84,60.0
06/11/2023 10:00:00 - 06/11/2023 11:00:00,SCA|NO3,mFRR,Not Specified,Not Specified,MARGINAL,61.92,47.0
06/11/2023 11:00:00 - 06/11/2023 12:00:00,SCA|NO3,mFRR,Not Specified,Not Specified,MARGINAL,56.48,47.0
06/11/2023 12:00:00 - 06/11/2023 13:00:00,SCA|NO3,mFRR,Not Specified,Not Specified,MARGINAL,58.05,48.0
06/11/2023 13:00:00 - 06/11/2023 14:00:00,SCA|NO3,mFRR,Not Specified,Not Specified,MARGINAL,66.98,60.0
06/11/2023 14:00:00 - 06/11/2023 15:00:00,SCA|NO3,mFRR,Not Specified,Not Specified,MARGINAL,77.8,69.0
06/11/2023 15:00:00 - 06/11/2023 16:00:00,SCA|NO3,mFRR,Not Specified,Not Specified,MARGINAL,90.49,69.0
06/11/2023 16:00:00 - 06/11/2023 17:00:00,SCA|NO3,mFRR,Not Specified,Not Specified,MARGINAL,108.92,71.5
06/11/2023 17:00:00 - 06/11/2023 18:00:00,SCA|NO3,mFRR,Not Specified,Not Specified,MARGINAL,133.68,93.8
06/11/2023 18:00:00 - 06/11/2023 19:00:00,SCA|NO3,mFRR,Not Specified,Not Specified,MARGINAL,146.26,100.0
06/11/2023 19:00:00 - 06/11/2023 20:00:00,SCA|NO3,mFRR,Not Specified,Not Specified,MARGINAL,95.48,64.5
06/11/2023 20:00:00 - 06/11/2023 21:00:00,SCA|NO3,mFRR,Not Specified,Not Specified,MARGINAL,78.47,61.5
06/11/2023 21:00:00 - 06/11/2023 22:00:00,SCA|NO3,mFRR,Not Specified,Not Specified,MARGINAL,68.12,61.0
06/11/2023 22:00:00 - 06/11/2023 23:00:00,SCA|NO3,mFRR,Not Specified,Not Specified,MARGINAL,44.96,44.96
06/11/2023 23:00:00 - 07/11/2023 00:00:00,SCA|NO3,mFRR,Not Specified,Not Specified,MARGINAL,35.09,35.09
07/11/2023 00:00:00 - 07/11/2023 01:00:00,SCA|NO3,mFRR,Not Specified,Not Specified,MARGINAL,40.31,40.31
07/11/2023 01:00:00 - 07/11/2023 02:00:00,SCA|NO3,mFRR,Not Specified,Not Specified,MARGINAL,37.59,37.59
07/11/2023 02:00:00 - 07/11/2023 03:00:00,SCA|NO3,mFRR,Not Specified,Not Specified,MARGINAL,34.67,34.67
07/11/2023 03:00:00 - 07/11/2023 04:00:00,SCA|NO3,mFRR,Not Specified,Not Specified,MARGINAL,35.58,35.58
07/11/2023 04:00:00 - 07/11/2023 05:00:00,SCA|NO3,mFRR,Not Specified,Not Specified,MARGINAL,40.06,40.06
07/11/2023 05:00:00 - 07/11/2023 06:00:00,SCA|NO3,mFRR,Not Specified,Not Specified,MARGINAL,49.92,49.92
07/11/2023 06:00:00 - 07/11/2023 07:00:00,SCA|NO3,mFRR,Not Specified,Not Specified,MARGINAL,85.64,63.5
07/11/2023 07:00:00 - 07/11/2023 08:00:00,SCA|NO3,mFRR,Not Specified,Not Specified,MARGINAL,128.68,74.0
07/11/2023 08:00:00 - 07/11/2023 09:00:00,SCA|NO3,mFRR,Not Specified,Not Specified,MARGINAL,131.57,72.0
07/11/2023 09:00:00 - 07/11/2023 10:00:00,SCA|NO3,mFRR,Not Specified,Not Specified,MARGINAL,109.27,72.0
07/11/2023 10:00:00 - 07/11/2023 11:00:00,SCA|NO3,mFRR,Not Specified,Not Specified,MARGINAL,96.36,72.0
07/11/2023 11:00:00 - 07/11/2023 12:00:00,SCA|NO3,mFRR,Not Specified,Not Specified,MARGINAL,86.18,72.0
07/11/2023 12:00:00 - 07/11/2023 13:00:00,SCA|NO3,mFRR,Not Specified,Not Specified,MARGINAL,83.54,72.0
07/11/2023 13:00:00 - 07/11/2023 14:00:00,SCA|NO3,mFRR,Not Specified,Not Specified,MARGINAL,85.91,72.0
07/11/2023 14:00:00 - 07/11/2023 15:00:00,SCA|NO3,mFRR,Not Specified,Not Specified,MARGINAL,94.47,67.5
07/11/2023 15:00:00 - 07/11/2023 16:00:00,SCA|NO3,mFRR,Not Specified,Not Specified,MARGINAL,99.01,67.5
07/11/2023 16:00:00 - 07/11/2023 17:00:00,SCA|NO3,mFRR,Not Specified,Not Specified,MARGINAL,109.62,74.0
07/11/2023 17:00:00 - 07/11/2023 18:00:00,SCA|NO3,mFRR,Not Specified,Not Specified,MARGINAL,133.37,132.87
07/11/2023 18:00:00 - 07/11/2023 19:00:00,SCA|NO3,mFRR,Not Specified,Not Specified,MARGINAL,145.0,86.0
07/11/2023 19:00:00 - 07/11/2023 20:00:00,SCA|NO3,mFRR,Not Specified,Not Specified,MARGINAL,98.22,73.0
07/11/2023 20:00:00 - 07/11/2023 21:00:00,SCA|NO3,mFRR,Not Specified,Not Specified,MARGINAL,84.79,73.0
07/11/2023 21:00:00 - 07/11/2023 22:00:00,SCA|NO3,mFRR,Not Specified,Not Specified,MARGINAL,80.86,80.86
07/11/2023 22:00:00 - 07/11/2023 23:00:00,SCA|NO3,mFRR,Not Specified,Not Specified,MARGINAL,62.2,62.2
07/11/2023 23:00:00 - 08/11/2023 00:00:00,SCA|NO3,mFRR,Not Specified,Not Specified,MARGINAL,47.4,47.4
08/11/2023 00:00:00 - 08/11/2023 01:00:00,SCA|NO3,mFRR,Not Specified,Not Specified,MARGINAL,45.0,39.91
08/11/2023 01:00:00 - 08/11/2023 02:00:00,SCA|NO3,mFRR,Not Specified,Not Specified,MARGINAL,45.0,37.38
08/11/2023 02:00:00 - 08/11/2023 03:00:00,SCA|NO3,mFRR,Not Specified,Not Specified,MARGINAL,45.0,35.96
08/11/2023 03:00:00 - 08/11/2023 04:00:00,SCA|NO3,mFRR,Not Specified,Not Specified,MARGINAL,45.0,35.28
08/11/2023 04:00:00 - 08/11/2023 05:00:00,SCA|NO3,mFRR,Not Specified,Not Specified,MARGINAL,37.04,37.04
08/11/2023 05:00:00 - 08/11/2023 06:00:00,SCA|NO3,mFRR,Not Specified,Not Specified,MARGINAL,45.53,45.53
08/11/2023 06:00:00 - 08/11/2023 07:00:00,SCA|NO3,mFRR,Not Specified,Not Specified,MARGINAL,75.15,70.0
08/11/2023 07:00:00 - 08/11/2023 08:00:00,SCA|NO3,mFRR,Not Specified,Not Specified,MARGINAL,85.93,85.93
08/11/2023 08:00:00 - 08/11/2023 09:00:00,SCA|NO3,mFRR,Not Specified,Not Specified,MARGINAL,101.87,101.87
08/11/2023 09:00:00 - 08/11/2023 10:00:00,SCA|NO3,mFRR,Not Specified,Not Specified,MARGINAL,90.73,90.73
08/11/2023 10:00:00 - 08/11/2023 11:00:00,SCA|NO3,mFRR,Not Specified,Not Specified,MARGINAL,86.0,82.73
08/11/2023 11:00:00 - 08/11/2023 12:00:00,SCA|NO3,mFRR,Not Specified,Not Specified,MARGINAL,81.2,78.85
08/11/2023 12:00:00 - 08/11/2023 13:00:00,SCA|NO3,mFRR,Not Specified,Not Specified,MARGINAL,77.5,75.71
08/11/2023 13:00:00 - 08/11/2023 14:00:00,SCA|NO3,mFRR,Not Specified,Not Specified,MARGINAL,76.08,66.0
08/11/2023 14:00:00 - 08/11/2023 15:00:00,SCA|NO3,mFRR,Not Specified,Not Specified,MARGINAL,87.0,78.0
08/11/2023 15:00:00 - 08/11/2023 16:00:00,SCA|NO3,mFRR,Not Specified,Not Specified,MARGINAL,112.0,80.48
08/11/2023 16:00:00 - 08/11/2023 17:00:00,SCA|NO3,mFRR,Not Specified,Not Specified,MARGINAL,112.0,82.77
08/11/2023 17:00:00 - 08/11/2023 18:00:00,SCA|NO3,mFRR,Not Specified,Not Specified,MARGINAL,95.0,84.99
08/11/2023 18:00:00 - 08/11/2023 19:00:00,SCA|NO3,mFRR,Not Specified,Not Specified,MARGINAL,88.51,78.51
08/11/2023 19:00:00 - 08/11/2023 20:00:00,SCA|NO3,mFRR,Not Specified,Not Specified,MARGINAL,85.0,72.63
08/11/2023 20:00:00 - 08/11/2023 21:00:00,SCA|NO3,mFRR,Not Specified,Not Specified,MARGINAL,80.0,59.25
08/11/2023 21:00:00 - 08/11/2023 22:00:00,SCA|NO3,mFRR,Not Specified,Not Specified,MARGINAL,77.5,51.07
08/11/2023 22:00:00 - 08/11/2023 23:00:00,SCA|NO3,mFRR,Not Specified,Not Specified,MARGINAL,79.0,39.9
08/11/2023 23:00:00 - 09/11/2023 00:00:00,SCA|NO3,mFRR,Not Specified,Not Specified,MARGINAL,65.0,30.68
09/11/2023 00:00:00 - 09/11/2023 01:00:00,SCA|NO3,mFRR,Not Specified,Not Specified,MARGINAL,52.5,33.27
09/11/2023 01:00:00 - 09/11/2023 02:00:00,SCA|NO3,mFRR,Not Specified,Not Specified,MARGINAL,46.69,29.42
09/11/2023 02:00:00 - 09/11/2023 03:00:00,SCA|NO3,mFRR,Not Specified,Not Specified,MARGINAL,45.19,27.23
09/11/2023 03:00:00 - 09/11/2023 04:00:00,SCA|NO3,mFRR,Not Specified,Not Specified,MARGINAL,42.0,25.58
09/11/2023 04:00:00 - 09/11/2023 05:00:00,SCA|NO3,mFRR,Not Specified,Not Specified,MARGINAL,35.0,25.61
09/11/2023 05:00:00 - 09/11/2023 06:00:00,SCA|NO3,mFRR,Not Specified,Not Specified,MARGINAL,26.64,26.64
09/11/2023 06:00:00 - 09/11/2023 07:00:00,SCA|NO3,mFRR,Not Specified,Not Specified,MARGINAL,31.6,31.6
09/11/2023 07:00:00 - 09/11/2023 08:00:00,SCA|NO3,mFRR,Not Specified,Not Specified,MARGINAL,70.0,36.2
09/11/2023 08:00:00 - 09/11/2023 09:00:00,SCA|NO3,mFRR,Not Specified,Not Specified,MARGINAL,70.0,36.9
09/11/2023 09:00:00 - 09/11/2023 10:00:00,SCA|NO3,mFRR,Not Specified,Not Specified,MARGINAL,38.24,38.24
09/11/2023 10:00:00 - 09/11/2023 11:00:00,SCA|NO3,mFRR,Not Specified,Not Specified,MARGINAL,38.23,38.23
09/11/2023 11:00:00 - 09/11/2023 12:00:00,SCA|NO3,mFRR,Not Specified,Not Specified,MARGINAL,40.97,40.97
09/11/2023 12:00:00 - 09/11/2023 13:00:00,SCA|NO3,mFRR,Not Specified,Not Specified,MARGINAL,41.83,41.83
09/11/2023 13:00:00 - 09/11/2023 14:00:00,SCA|NO3,mFRR,Not Specified,Not Specified,MARGINAL,47.16,47.16
09/11/2023 14:00:00 - 09/11/2023 15:00:00,SCA|NO3,mFRR,Not Specified,Not Specified,MARGINAL,50.92,50.92
09/11/2023 15:00:00 - 09/11/2023 16:00:00,SCA|NO3,mFRR,Not Specified,Not Specified,MARGINAL,80.0,52.29
09/11/2023 16:00:00 - 09/11/2023 17:00:00,SCA|NO3,mFRR,Not Specified,Not Specified,MARGINAL,94.0,45.95
09/11/2023 17:00:00 - 09/11/2023 18:00:00,SCA|NO3,mFRR,Not Specified,Not Specified,MARGINAL,130.0,46.03
09/11/2023 18:00:00 - 09/11/2023 19:00:00,SCA|NO3,mFRR,Not Specified,Not Specified,MARGINAL,110.0,43.28
09/11/2023 19:00:00 - 09/11/2023 20:00:00,SCA|NO3,mFRR,Not Specified,Not Specified,MARGINAL,98.0,39.97
09/11/2023 20:00:00 - 09/11/2023 21:00:00,SCA|NO3,mFRR,Not Specified,Not Specified,MARGINAL,92.0,38.93
09/11/2023 21:00:00 - 09/11/2023 22:00:00,SCA|NO3,mFRR,Not Specified,Not Specified,MARGINAL,91.0,37.13
09/11/2023 22:00:00 - 09/11/2023 23:00:00,SCA|NO3,mFRR,Not Specified,Not Specified,MARGINAL,84.5,33.18
09/11/2023 23:00:00 - 10/11/2023 00:00:00,SCA|NO3,mFRR,Not Specified,Not Specified,MARGINAL,44.5,28.46
10/11/2023 00:00:00 - 10/11/2023 01:00:00,SCA|NO3,mFRR,Not Specified,Not Specified,MARGINAL,45.0,27.78
10/11/2023 01:00:00 - 10/11/2023 02:00:00,SCA|NO3,mFRR,Not Specified,Not Specified,MARGINAL,65.0,25.02
10/11/2023 02:00:00 - 10/11/2023 03:00:00,SCA|NO3,mFRR,Not Specified,Not Specified,MARGINAL,57.9,23.71
10/11/2023 03:00:00 - 10/11/2023 04:00:00,SCA|NO3,mFRR,Not Specified,Not Specified,MARGINAL,57.9,22.76
10/11/2023 04:00:00 - 10/11/2023 05:00:00,SCA|NO3,mFRR,Not Specified,Not Specified,MARGINAL,57.5,22.48
10/11/2023 05:00:00 - 10/11/2023 06:00:00,SCA|NO3,mFRR,Not Specified,Not Specified,MARGINAL,57.5,24.97
10/11/2023 06:00:00 - 10/11/2023 07:00:00,SCA|NO3,mFRR,Not Specified,Not Specified,MARGINAL,46.0,30.0
10/11/2023 07:00:00 - 10/11/2023 08:00:00,SCA|NO3,mFRR,Not Specified,Not Specified,MARGINAL,46.0,30.56
10/11/2023 08:00:00 - 10/11/2023 09:00:00,SCA|NO3,mFRR,Not Specified,Not Specified,MARGINAL,54.0,31.72
10/11/2023 09:00:00 - 10/11/2023 10:00:00,SCA|NO3,mFRR,Not Specified,Not Specified,MARGINAL,54.0,31.52
10/11/2023 10:00:00 - 10/11/2023 11:00:00,SCA|NO3,mFRR,Not Specified,Not Specified,MARGINAL,30.7,30.7
10/11/2023 11:00:00 - 10/11/2023 12:00:00,SCA|NO3,mFRR,Not Specified,Not Specified,MARGINAL,30.86,30.86
10/11/2023 12:00:00 - 10/11/2023 13:00:00,SCA|NO3,mFRR,Not Specified,Not Specified,MARGINAL,30.66,30.66
10/11/2023 13:00:00 - 10/11/2023 14:00:00,SCA|NO3,mFRR,Not Specified,Not Specified,MARGINAL,30.01,30.01
10/11/2023 14:00:00 - 10/11/2023 15:00:00,SCA|NO3,mFRR,Not Specified,Not Specified,MARGINAL,28.3,28.3
10/11/2023 15:00:00 - 10/11/2023 16:00:00,SCA|NO3,mFRR,Not Specified,Not Specified,MARGINAL,27.56,27.56
10/11/2023 16:00:00 - 10/11/2023 17:00:00,SCA|NO3,mFRR,Not Specified,Not Specified,MARGINAL,41.0,33.08
10/11/2023 17:00:00 - 10/11/2023 18:00:00,SCA|NO3,mFRR,Not Specified,Not Specified,MARGINAL,46.0,30.99
10/11/2023 18:00:00 - 10/11/2023 19:00:00,SCA|NO3,mFRR,Not Specified,Not Specified,MARGINAL,45.0,29.93
10/11/2023 19:00:00 - 10/11/2023 20:00:00,SCA|NO3,mFRR,Not Specified,Not Specified,MARGINAL,45.0,27.88
10/11/2023 20:00:00 - 10/11/2023 21:00:00,SCA|NO3,mFRR,Not Specified,Not Specified,MARGINAL,39.0,24.81
10/11/2023 21:00:00 - 10/11/2023 22:00:00,SCA|NO3,mFRR,Not Specified,Not Specified,MARGINAL,41.0,22.72
10/11/2023 22:00:00 - 10/11/2023 23:00:00,SCA|NO3,mFRR,Not Specified,Not Specified,MARGINAL,41.0,22.02
10/11/2023 23:00:00 - 11/11/2023 00:00:00,SCA|NO3,mFRR,Not Specified,Not Specified,MARGINAL,40.0,19.46
11/11/2023 00:00:00 - 11/11/2023 01:00:00,SCA|NO3,mFRR,Not Specified,Not Specified,MARGINAL,38.45,20.26
11/11/2023 01:00:00 - 11/11/2023 02:00:00,SCA|NO3,mFRR,Not Specified,Not Specified,MARGINAL,35.0,20.27
11/11/2023 02:00:00 - 11/11/2023 03:00:00,SCA|NO3,mFRR,Not Specified,Not Specified,MARGINAL,35.0,20.01
11/11/2023 03:00:00 - 11/11/2023 04:00:00,SCA|NO3,mFRR,Not Specified,Not Specified,MARGINAL,27.75,19.75
11/11/2023 04:00:00 - 11/11/2023 05:00:00,SCA|NO3,mFRR,Not Specified,Not Specified,MARGINAL,28.2,20.2
11/11/2023 05:00:00 - 11/11/2023 06:00:00,SCA|NO3,mFRR,Not Specified,Not Specified,MARGINAL,28.43,20.43
11/11/2023 06:00:00 - 11/11/2023 07:00:00,SCA|NO3,mFRR,Not Specified,Not Specified,MARGINAL,29.0,21.0
11/11/2023 07:00:00 - 11/11/2023 08:00:00,SCA|NO3,mFRR,Not Specified,Not Specified,MARGINAL,31.0,22.46
11/11/2023 08:00:00 - 11/11/2023 09:00:00,SCA|NO3,mFRR,Not Specified,Not Specified,MARGINAL,31.0,25.43
11/11/2023 09:00:00 - 11/11/2023 10:00:00,SCA|NO3,mFRR,Not Specified,Not Specified,MARGINAL,28.43,28.43
11/11/2023 10:00:00 - 11/11/2023 11:00:00,SCA|NO3,mFRR,Not Specified,Not Specified,MARGINAL,28.35,25.0
11/11/2023 11:00:00 - 11/11/2023 12:00:00,SCA|NO3,mFRR,Not Specified,Not Specified,MARGINAL,28.96,23.0
11/11/2023 12:00:00 - 11/11/2023 13:00:00,SCA|NO3,mFRR,Not Specified,Not Specified,MARGINAL,29.01,19.0
11/11/2023 13:00:00 - 11/11/2023 14:00:00,SCA|NO3,mFRR,Not Specified,Not Specified,MARGINAL,29.93,23.0
11/11/2023 14:00:00 - 11/11/2023 15:00:00,SCA|NO3,mFRR,Not Specified,Not Specified,MARGINAL,28.94,20.0
11/11/2023 15:00:00 - 11/11/2023 16:00:00,SCA|NO3,mFRR,Not Specified,Not Specified,MARGINAL,28.59,23.0
11/11/2023 16:00:00 - 11/11/2023 17:00:00,SCA|NO3,mFRR,Not Specified,Not Specified,MARGINAL,30.87,20.0
11/11/2023 17:00:00 - 11/11/2023 18:00:00,SCA|NO3,mFRR,Not Specified,Not Specified,MARGINAL,31.69,18.34
11/11/2023 18:00:00 - 11/11/2023 19:00:00,SCA|NO3,mFRR,Not Specified,Not Specified,MARGINAL,31.92,21.1
11/11/2023 19:00:00 - 11/11/2023 20:00:00,SCA|NO3,mFRR,Not Specified,Not Specified,MARGINAL,29.65,15.98
11/11/2023 20:00:00 - 11/11/2023 21:00:00,SCA|NO3,mFRR,Not Specified,Not Specified,MARGINAL,25.51,15.0
11/11/2023 21:00:00 - 11/11/2023 22:00:00,SCA|NO3,mFRR,Not Specified,Not Specified,MARGINAL,24.8,15.0
11/11/2023 22:00:00 - 11/11/2023 23:00:00,SCA|NO3,mFRR,Not Specified,Not Specified,MARGINAL,22.99,15.78
11/11/2023 23:00:00 - 12/11/2023 00:00:00,SCA|NO3,mFRR,Not Specified,Not Specified,MARGINAL,20.77,17.0
12/11/2023 00:00:00 - 12/11/2023 01:00:00,SCA|NO3,mFRR,Not Specified,Not Specified,MARGINAL,31.0,21.88
12/11/2023 01:00:00 - 12/11/2023 02:00:00,SCA|NO3,mFRR,Not Specified,Not Specified,MARGINAL,31.4,21.4
12/11/2023 02:00:00 - 12/11/2023 03:00:00,SCA|NO3,mFRR,Not Specified,Not Specified,MARGINAL,31.07,21.07
12/11/2023 03:00:00 - 12/11/2023 04:00:00,SCA|NO3,mFRR,Not Specified,Not Specified,MARGINAL,31.0,20.78
12/11/2023 04:00:00 - 12/11/2023 05:00:00,SCA|NO3,mFRR,Not Specified,Not Specified,MARGINAL,31.0,20.86
12/11/2023 05:00:00 - 12/11/2023 06:00:00,SCA|NO3,mFRR,Not Specified,Not Specified,MARGINAL,31.77,21.35
12/11/2023 06:00:00 - 12/11/2023 07:00:00,SCA|NO3,mFRR,Not Specified,Not Specified,MARGINAL,35.0,20.51
12/11/2023 07:00:00 - 12/11/2023 08:00:00,SCA|NO3,mFRR,Not Specified,Not Specified,MARGINAL,35.0,21.65
12/11/2023 08:00:00 - 12/11/2023 09:00:00,SCA|NO3,mFRR,Not Specified,Not Specified,MARGINAL,31.77,22.83
12/11/2023 09:00:00 - 12/11/2023 10:00:00,SCA|NO3,mFRR,Not Specified,Not Specified,MARGINAL,36.0,25.14
12/11/2023 10:00:00 - 12/11/2023 11:00:00,SCA|NO3,mFRR,Not Specified,Not Specified,MARGINAL,28.95,28.95
12/11/2023 11:00:00 - 12/11/2023 12:00:00,SCA|NO3,mFRR,Not Specified,Not Specified,MARGINAL,30.49,30.49
12/11/2023 12:00:00 - 12/11/2023 13:00:00,SCA|NO3,mFRR,Not Specified,Not Specified,MARGINAL,31.25,31.25
12/11/2023 13:00:00 - 12/11/2023 14:00:00,SCA|NO3,mFRR,Not Specified,Not Specified,MARGINAL,31.96,29.46
12/11/2023 14:00:00 - 12/11/2023 15:00:00,SCA|NO3,mFRR,Not Specified,Not Specified,MARGINAL,32.53,30.02
12/11/2023 15:00:00 - 12/11/2023 16:00:00,SCA|NO3,mFRR,Not Specified,Not Specified,MARGINAL,44.0,33.81
12/11/2023 16:00:00 - 12/11/2023 17:00:00,SCA|NO3,mFRR,Not Specified,Not Specified,MARGINAL,45.0,37.22
12/11/2023 17:00:00 - 12/11/2023 18:00:00,SCA|NO3,mFRR,Not Specified,Not Specified,MARGINAL,46.0,40.0
12/11/2023 18:00:00 - 12/11/2023 19:00:00,SCA|NO3,mFRR,Not Specified,Not Specified,MARGINAL,43.0,40.01
12/11/2023 19:00:00 - 12/11/2023 20:00:00,SCA|NO3,mFRR,Not Specified,Not Specified,MARGINAL,39.08,39.08
12/11/2023 20:00:00 - 12/11/2023 21:00:00,SCA|NO3,mFRR,Not Specified,Not Specified,MARGINAL,36.91,36.91
12/11/2023 21:00:00 - 12/11/2023 22:00:00,SCA|NO3,mFRR,Not Specified,Not Specified,MARGINAL,41.02,36.58
12/11/2023 22:00:00 - 12/11/2023 23:00:00,SCA|NO3,mFRR,Not Specified,Not Specified,MARGINAL,43.0,37.88
12/11/2023 23:00:00 - 13/11/2023 00:00:00,SCA|NO3,mFRR,Not Specified,Not Specified,MARGINAL,45.0,37.01
13/11/2023 00:00:00 - 13/11/2023 01:00:00,SCA|NO3,mFRR,Not Specified,Not Specified,MARGINAL,45.0,34.98
13/11/2023 01:00:00 - 13/11/2023 02:00:00,SCA|NO3,mFRR,Not Specified,Not Specified,MARGINAL,45.0,34.91
13/11/2023 02:00:00 - 13/11/2023 03:00:00,SCA|NO3,mFRR,Not Specified,Not Specified,MARGINAL,42.0,35.01
13/11/2023 03:00:00 - 13/11/2023 04:00:00,SCA|NO3,mFRR,Not Specified,Not Specified,MARGINAL,42.0,35.89
13/11/2023 04:00:00 - 13/11/2023 05:00:00,SCA|NO3,mFRR,Not Specified,Not Specified,MARGINAL,45.0,38.0
13/11/2023 05:00:00 - 13/11/2023 06:00:00,SCA|NO3,mFRR,Not Specified,Not Specified,MARGINAL,45.0,42.77
13/11/2023 06:00:00 - 13/11/2023 07:00:00,SCA|NO3,mFRR,Not Specified,Not Specified,MARGINAL,45.07,45.07
13/11/2023 07:00:00 - 13/11/2023 08:00:00,SCA|NO3,mFRR,Not Specified,Not Specified,MARGINAL,54.51,54.51
13/11/2023 08:00:00 - 13/11/2023 09:00:00,SCA|NO3,mFRR,Not Specified,Not Specified,MARGINAL,66.99,66.99
13/11/2023 09:00:00 - 13/11/2023 10:00:00,SCA|NO3,mFRR,Not Specified,Not Specified,MARGINAL,70.0,70.0
13/11/2023 10:00:00 - 13/11/2023 11:00:00,SCA|NO3,mFRR,Not Specified,Not Specified,MARGINAL,67.0,67.0
13/11/2023 11:00:00 - 13/11/2023 12:00:00,SCA|NO3,mFRR,Not Specified,Not Specified,MARGINAL,116.0,66.99
13/11/2023 12:00:00 - 13/11/2023 13:00:00,SCA|NO3,mFRR,Not Specified,Not Specified,MARGINAL,116.0,67.0
13/11/2023 13:00:00 - 13/11/2023 14:00:00,SCA|NO3,mFRR,Not Specified,Not Specified,MARGINAL,97.5,66.99
13/11/2023 14:00:00 - 13/11/2023 15:00:00,SCA|NO3,mFRR,Not Specified,Not Specified,MARGINAL,86.0,56.64
13/11/2023 15:00:00 - 13/11/2023 16:00:00,SCA|NO3,mFRR,Not Specified,Not Specified,MARGINAL,86.0,56.63
13/11/2023 16:00:00 - 13/11/2023 17:00:00,SCA|NO3,mFRR,Not Specified,Not Specified,MARGINAL,96.0,53.83
13/11/2023 17:00:00 - 13/11/2023 18:00:00,SCA|NO3,mFRR,Not Specified,Not Specified,MARGINAL,96.0,52.98
13/11/2023 18:00:00 - 13/11/2023 19:00:00,SCA|NO3,mFRR,Not Specified,Not Specified,MARGINAL,80.5,51.88
13/11/2023 19:00:00 - 13/11/2023 20:00:00,SCA|NO3,mFRR,Not Specified,Not Specified,MARGINAL,48.19,48.19
13/11/2023 20:00:00 - 13/11/2023 21:00:00,SCA|NO3,mFRR,Not Specified,Not Specified,MARGINAL,75.0,46.56
13/11/2023 21:00:00 - 13/11/2023 22:00:00,SCA|NO3,mFRR,Not Specified,Not Specified,MARGINAL,75.0,42.96
13/11/2023 22:00:00 - 13/11/2023 23:00:00,SCA|NO3,mFRR,Not Specified,Not Specified,MARGINAL,76.5,37.31
13/11/2023 23:00:00 - 14/11/2023 00:00:00,SCA|NO3,mFRR,Not Specified,Not Specified,MARGINAL,76.5,30.01
14/11/2023 00:00:00 - 14/11/2023 01:00:00,SCA|NO3,mFRR,Not Specified,Not Specified,MARGINAL,64.0,36.81
14/11/2023 01:00:00 - 14/11/2023 02:00:00,SCA|NO3,mFRR,Not Specified,Not Specified,MARGINAL,35.83,35.83
14/11/2023 02:00:00 - 14/11/2023 03:00:00,SCA|NO3,mFRR,Not Specified,Not Specified,MARGINAL,34.92,25.0
14/11/2023 03:00:00 - 14/11/2023 04:00:00,SCA|NO3,mFRR,Not Specified,Not Specified,MARGINAL,34.44,25.0
14/11/2023 04:00:00 - 14/11/2023 05:00:00,SCA|NO3,mFRR,Not Specified,Not Specified,MARGINAL,34.26,25.0
14/11/2023 05:00:00 - 14/11/2023 06:00:00,SCA|NO3,mFRR,Not Specified,Not Specified,MARGINAL,36.55,25.0
14/11/2023 06:00:00 - 14/11/2023 07:00:00,SCA|NO3,mFRR,Not Specified,Not Specified,MARGINAL,46.6,42.8
14/11/2023 07:00:00 - 14/11/2023 08:00:00,SCA|NO3,mFRR,Not Specified,Not Specified,MARGINAL,71.82,51.0
14/11/2023 08:00:00 - 14/11/2023 09:00:00,SCA|NO3,mFRR,Not Specified,Not Specified,MARGINAL,80.19,66.5
14/11/2023 09:00:00 - 14/11/2023 10:00:00,SCA|NO3,mFRR,Not Specified,Not Specified,MARGINAL,76.51,66.5
14/11/2023 10:00:00 - 14/11/2023 11:00:00,SCA|NO3,mFRR,Not Specified,Not Specified,MARGINAL,72.62,65.0
14/11/2023 11:00:00 - 14/11/2023 12:00:00,SCA|NO3,mFRR,Not Specified,Not Specified,MARGINAL,71.84,71.84
14/11/2023 12:00:00 - 14/11/2023 13:00:00,SCA|NO3,mFRR,Not Specified,Not Specified,MARGINAL,73.25,73.25
14/11/2023 13:00:00 - 14/11/2023 14:00:00,SCA|NO3,mFRR,Not Specified,Not Specified,MARGINAL,73.29,70.0
14/11/2023 14:00:00 - 14/11/2023 15:00:00,SCA|NO3,mFRR,Not Specified,Not Specified,MARGINAL,94.0,79.07
14/11/2023 15:00:00 - 14/11/2023 16:00:00,SCA|NO3,mFRR,Not Specified,Not Specified,MARGINAL,93.0,86.0
14/11/2023 16:00:00 - 14/11/2023 17:00:00,SCA|NO3,mFRR,Not Specified,Not Specified,MARGINAL,93.84,88.62
14/11/2023 17:00:00 - 14/11/2023 18:00:00,SCA|NO3,mFRR,Not Specified,Not Specified,MARGINAL,95.2,95.2
14/11/2023 18:00:00 - 14/11/2023 19:00:00,SCA|NO3,mFRR,Not Specified,Not Specified,MARGINAL,93.29,93.29
14/11/2023 19:00:00 - 14/11/2023 20:00:00,SCA|NO3,mFRR,Not Specified,Not Specified,MARGINAL,88.35,88.35
14/11/2023 20:00:00 - 14/11/2023 21:00:00,SCA|NO3,mFRR,Not Specified,Not Specified,MARGINAL,79.94,79.94
14/11/2023 21:00:00 - 14/11/2023 22:00:00,SCA|NO3,mFRR,Not Specified,Not Specified,MARGINAL,100.0,70.06
14/11/2023 22:00:00 - 14/11/2023 23:00:00,SCA|NO3,mFRR,Not Specified,Not Specified,MARGINAL,100.0,62.01
14/11/2023 23:00:00 - 15/11/2023 00:00:00,SCA|NO3,mFRR,Not Specified,Not Specified,MARGINAL,85.5,53.97
15/11/2023 00:00:00 - 15/11/2023 01:00:00,SCA|NO3,mFRR,Not Specified,Not Specified,MARGINAL,81.1,45.0
15/11/2023 01:00:00 - 15/11/2023 02:00:00,SCA|NO3,mFRR,Not Specified,Not Specified,MARGINAL,76.42,45.0
15/11/2023 02:00:00 - 15/11/2023 03:00:00,SCA|NO3,mFRR,Not Specified,Not Specified,MARGINAL,72.9,60.0
15/11/2023 03:00:00 - 15/11/2023 04:00:00,SCA|NO3,mFRR,Not Specified,Not Specified,MARGINAL,70.69,55.0
15/11/2023 04:00:00 - 15/11/2023 05:00:00,SCA|NO3,mFRR,Not Specified,Not Specified,MARGINAL,74.45,60.0
15/11/2023 05:00:00 - 15/11/2023 06:00:00,SCA|NO3,mFRR,Not Specified,Not Specified,MARGINAL,80.68,66.63
15/11/2023 06:00:00 - 15/11/2023 07:00:00,SCA|NO3,mFRR,Not Specified,Not Specified,MARGINAL,98.69,78.0
15/11/2023 07:00:00 - 15/11/2023 08:00:00,SCA|NO3,mFRR,Not Specified,Not Specified,MARGINAL,175.0,122.19
15/11/2023 08:00:00 - 15/11/2023 09:00:00,SCA|NO3,mFRR,Not Specified,Not Specified,MARGINAL,175.0,128.59
15/11/2023 09:00:00 - 15/11/2023 10:00:00,SCA|NO3,mFRR,Not Specified,Not Specified,MARGINAL,121.29,83.58
15/11/2023 10:00:00 - 15/11/2023 11:00:00,SCA|NO3,mFRR,Not Specified,Not Specified,MARGINAL,112.78,95.0
15/11/2023 11:00:00 - 15/11/2023 12:00:00,SCA|NO3,mFRR,Not Specified,Not Specified,MARGINAL,115.0,99.84
15/11/2023 12:00:00 - 15/11/2023 13:00:00,SCA|NO3,mFRR,Not Specified,Not Specified,MARGINAL,131.0,97.36
15/11/2023 13:00:00 - 15/11/2023 14:00:00,SCA|NO3,mFRR,Not Specified,Not Specified,MARGINAL,130.73,101.09
15/11/2023 14:00:00 - 15/11/2023 15:00:00,SCA|NO3,mFRR,Not Specified,Not Specified,MARGINAL,135.65,106.27
15/11/2023 15:00:00 - 15/11/2023 16:00:00,SCA|NO3,mFRR,Not Specified,Not Specified,MARGINAL,139.03,121.21
15/11/2023 16:00:00 - 15/11/2023 17:00:00,SCA|NO3,mFRR,Not Specified,Not Specified,MARGINAL,127.0,122.96
15/11/2023 17:00:00 - 15/11/2023 18:00:00,SCA|NO3,mFRR,Not Specified,Not Specified,MARGINAL,127.84,90.0
15/11/2023 18:00:00 - 15/11/2023 19:00:00,SCA|NO3,mFRR,Not Specified,Not Specified,MARGINAL,129.9,90.0
15/11/2023 19:00:00 - 15/11/2023 20:00:00,SCA|NO3,mFRR,Not Specified,Not Specified,MARGINAL,121.08,90.0
15/11/2023 20:00:00 - 15/11/2023 21:00:00,SCA|NO3,mFRR,Not Specified,Not Specified,MARGINAL,135.0,109.9
15/11/2023 21:00:00 - 15/11/2023 22:00:00,SCA|NO3,mFRR,Not Specified,Not Specified,MARGINAL,97.5,80.0
15/11/2023 22:00:00 - 15/11/2023 23:00:00,SCA|NO3,mFRR,Not Specified,Not Specified,MARGINAL,91.66,80.5
15/11/2023 23:00:00 - 16/11/2023 00:00:00,SCA|NO3,mFRR,Not Specified,Not Specified,MARGINAL,84.21,79.0
16/11/2023 00:00:00 - 16/11/2023 01:00:00,SCA|NO3,mFRR,Not Specified,Not Specified,MARGINAL,85.46,80.0
16/11/2023 01:00:00 - 16/11/2023 02:00:00,SCA|NO3,mFRR,Not Specified,Not Specified,MARGINAL,83.25,71.0
16/11/2023 02:00:00 - 16/11/2023 03:00:00,SCA|NO3,mFRR,Not Specified,Not Specified,MARGINAL,75.45,70.0
16/11/2023 03:00:00 - 16/11/2023 04:00:00,SCA|NO3,mFRR,Not Specified,Not Specified,MARGINAL,74.68,70.0
16/11/2023 04:00:00 - 16/11/2023 05:00:00,SCA|NO3,mFRR,Not Specified,Not Specified,MARGINAL,81.1,70.0
16/11/2023 05:00:00 - 16/11/2023 06:00:00,SCA|NO3,mFRR,Not Specified,Not Specified,MARGINAL,87.03,72.0
16/11/2023 06:00:00 - 16/11/2023 07:00:00,SCA|NO3,mFRR,Not Specified,Not Specified,MARGINAL,99.85,72.0
16/11/2023 07:00:00 - 16/11/2023 08:00:00,SCA|NO3,mFRR,Not Specified,Not Specified,MARGINAL,126.9,98.0
16/11/2023 08:00:00 - 16/11/2023 09:00:00,SCA|NO3,mFRR,Not Specified,Not Specified,MARGINAL,129.99,90.0
16/11/2023 09:00:00 - 16/11/2023 10:00:00,SCA|NO3,mFRR,Not Specified,Not Specified,MARGINAL,128.59,90.0
16/11/2023 10:00:00 - 16/11/2023 11:00:00,SCA|NO3,mFRR,Not Specified,Not Specified,MARGINAL,120.1,98.0
16/11/2023 11:00:00 - 16/11/2023 12:00:00,SCA|NO3,mFRR,Not Specified,Not Specified,MARGINAL,116.62,105.0
16/11/2023 12:00:00 - 16/11/2023 13:00:00,SCA|NO3,mFRR,Not Specified,Not Specified,MARGINAL,123.5,122.63
16/11/2023 13:00:00 - 16/11/2023 14:00:00,SCA|NO3,mFRR,Not Specified,Not Specified,MARGINAL,131.64,98.0
16/11/2023 14:00:00 - 16/11/2023 15:00:00,SCA|NO3,mFRR,Not Specified,Not Specified,MARGINAL,143.3,98.0
16/11/2023 15:00:00 - 16/11/2023 16:00:00,SCA|NO3,mFRR,Not Specified,Not Specified,MARGINAL,158.5,98.0
16/11/2023 16:00:00 - 16/11/2023 17:00:00,SCA|NO3,mFRR,Not Specified,Not Specified,MARGINAL,158.24,108.0
16/11/2023 17:00:00 - 16/11/2023 18:00:00,SCA|NO3,mFRR,Not Specified,Not Specified,MARGINAL,183.0,182.39
16/11/2023 18:00:00 - 16/11/2023 19:00:00,SCA|NO3,mFRR,Not Specified,Not Specified,MARGINAL,147.47,142.26
16/11/2023 19:00:00 - 16/11/2023 20:00:00,SCA|NO3,mFRR,Not Specified,Not Specified,MARGINAL,135.0,122.22
16/11/2023 20:00:00 - 16/11/2023 21:00:00,SCA|NO3,mFRR,Not Specified,Not Specified,MARGINAL,135.0,117.61
16/11/2023 21:00:00 - 16/11/2023 22:00:00,SCA|NO3,mFRR,Not Specified,Not Specified,MARGINAL,133.0,111.26
16/11/2023 22:00:00 - 16/11/2023 23:00:00,SCA|NO3,mFRR,Not Specified,Not Specified,MARGINAL,110.5,92.5
16/11/2023 23:00:00 - 17/11/2023 00:00:00,SCA|NO3,mFRR,Not Specified,Not Specified,MARGINAL,84.42,84.42
17/11/2023 00:00:00 - 17/11/2023 01:00:00,SCA|NO3,mFRR,Not Specified,Not Specified,MARGINAL,97.1,97.1
17/11/2023 01:00:00 - 17/11/2023 02:00:00,SCA|NO3,mFRR,Not Specified,Not Specified,MARGINAL,92.78,92.78
17/11/2023 02:00:00 - 17/11/2023 03:00:00,SCA|NO3,mFRR,Not Specified,Not Specified,MARGINAL,87.92,87.92
17/11/2023 03:00:00 - 17/11/2023 04:00:00,SCA|NO3,mFRR,Not Specified,Not Specified,MARGINAL,89.26,89.0
17/11/2023 04:00:00 - 17/11/2023 05:00:00,SCA|NO3,mFRR,Not Specified,Not Specified,MARGINAL,92.73,89.0
17/11/2023 05:00:00 - 17/11/2023 06:00:00,SCA|NO3,mFRR,Not Specified,Not Specified,MARGINAL,100.0,89.0
17/11/2023 06:00:00 - 17/11/2023 07:00:00,SCA|NO3,mFRR,Not Specified,Not Specified,MARGINAL,115.09,89.0
17/11/2023 07:00:00 - 17/11/2023 08:00:00,SCA|NO3,mFRR,Not Specified,Not Specified,MARGINAL,127.89,127.89
17/11/2023 08:00:00 - 17/11/2023 09:00:00,SCA|NO3,mFRR,Not Specified,Not Specified,MARGINAL,141.92,98.0
17/11/2023 09:00:00 - 17/11/2023 10:00:00,SCA|NO3,mFRR,Not Specified,Not Specified,MARGINAL,134.75,98.0
17/11/2023 10:00:00 - 17/11/2023 11:00:00,SCA|NO3,mFRR,Not Specified,Not Specified,MARGINAL,150.0,127.91
17/11/2023 11:00:00 - 17/11/2023 12:00:00,SCA|NO3,mFRR,Not Specified,Not Specified,MARGINAL,150.0,125.18
17/11/2023 12:00:00 - 17/11/2023 13:00:00,SCA|NO3,mFRR,Not Specified,Not Specified,MARGINAL,120.5,119.5
17/11/2023 13:00:00 - 17/11/2023 14:00:00,SCA|NO3,mFRR,Not Specified,Not Specified,MARGINAL,112.0,112.0
17/11/2023 14:00:00 - 17/11/2023 15:00:00,SCA|NO3,mFRR,Not Specified,Not Specified,MARGINAL,123.91,123.91
17/11/2023 15:00:00 - 17/11/2023 16:00:00,SCA|NO3,mFRR,Not Specified,Not Specified,MARGINAL,129.99,129.99
17/11/2023 16:00:00 - 17/11/2023 17:00:00,SCA|NO3,mFRR,Not Specified,Not Specified,MARGINAL,146.0,137.04
17/11/2023 17:00:00 - 17/11/2023 18:00:00,SCA|NO3,mFRR,Not Specified,Not Specified,MARGINAL,147.0,146.32
17/11/2023 18:00:00 - 17/11/2023 19:00:00,SCA|NO3,mFRR,Not Specified,Not Specified,MARGINAL,150.0,145.26
17/11/2023 19:00:00 - 17/11/2023 20:00:00,SCA|NO3,mFRR,Not Specified,Not Specified,MARGINAL,136.91,136.91
17/11/2023 20:00:00 - 17/11/2023 21:00:00,SCA|NO3,mFRR,Not Specified,Not Specified,MARGINAL,124.14,124.14
17/11/2023 21:00:00 - 17/11/2023 22:00:00,SCA|NO3,mFRR,Not Specified,Not Specified,MARGINAL,110.48,96.0
17/11/2023 22:00:00 - 17/11/2023 23:00:00,SCA|NO3,mFRR,Not Specified,Not Specified,MARGINAL,96.5,90.0
17/11/2023 23:00:00 - 18/11/2023 00:00:00,SCA|NO3,mFRR,Not Specified,Not Specified,MARGINAL,87.81,87.81
18/11/2023 00:00:00 - 18/11/2023 01:00:00,SCA|NO3,mFRR,Not Specified,Not Specified,MARGINAL,105.0,77.7
18/11/2023 01:00:00 - 18/11/2023 02:00:00,SCA|NO3,mFRR,Not Specified,Not Specified,MARGINAL,105.0,82.53
18/11/2023 02:00:00 - 18/11/2023 03:00:00,SCA|NO3,mFRR,Not Specified,Not Specified,MARGINAL,105.0,80.82
18/11/2023 03:00:00 - 18/11/2023 04:00:00,SCA|NO3,mFRR,Not Specified,Not Specified,MARGINAL,95.0,80.53
18/11/2023 04:00:00 - 18/11/2023 05:00:00,SCA|NO3,mFRR,Not Specified,Not Specified,MARGINAL,79.93,79.93
18/11/2023 05:00:00 - 18/11/2023 06:00:00,SCA|NO3,mFRR,Not Specified,Not Specified,MARGINAL,79.96,79.96
18/11/2023 06:00:00 - 18/11/2023 07:00:00,SCA|NO3,mFRR,Not Specified,Not Specified,MARGINAL,83.43,83.43
18/11/2023 07:00:00 - 18/11/2023 08:00:00,SCA|NO3,mFRR,Not Specified,Not Specified,MARGINAL,89.14,74.0
18/11/2023 08:00:00 - 18/11/2023 09:00:00,SCA|NO3,mFRR,Not Specified,Not Specified,MARGINAL,96.91,74.0
18/11/2023 09:00:00 - 18/11/2023 10:00:00,SCA|NO3,mFRR,Not Specified,Not Specified,MARGINAL,110.0,94.53
18/11/2023 10:00:00 - 18/11/2023 11:00:00,SCA|NO3,mFRR,Not Specified,Not Specified,MARGINAL,110.0,96.08
18/11/2023 11:00:00 - 18/11/2023 12:00:00,SCA|NO3,mFRR,Not Specified,Not Specified,MARGINAL,106.0,95.2
18/11/2023 12:00:00 - 18/11/2023 13:00:00,SCA|NO3,mFRR,Not Specified,Not Specified,MARGINAL,94.7,94.7
18/11/2023 13:00:00 - 18/11/2023 14:00:00,SCA|NO3,mFRR,Not Specified,Not Specified,MARGINAL,94.98,94.98
18/11/2023 14:00:00 - 18/11/2023 15:00:00,SCA|NO3,mFRR,Not Specified,Not Specified,MARGINAL,97.06,97.06
18/11/2023 15:00:00 - 18/11/2023 16:00:00,SCA|NO3,mFRR,Not Specified,Not Specified,MARGINAL,132.63,97.41
18/11/2023 16:00:00 - 18/11/2023 17:00:00,SCA|NO3,mFRR,Not Specified,Not Specified,MARGINAL,145.0,95.98
18/11/2023 17:00:00 - 18/11/2023 18:00:00,SCA|NO3,mFRR,Not Specified,Not Specified,MARGINAL,105.07,105.07
18/11/2023 18:00:00 - 18/11/2023 19:00:00,SCA|NO3,mFRR,Not Specified,Not Specified,MARGINAL,107.34,107.34
18/11/2023 19:00:00 - 18/11/2023 20:00:00,SCA|NO3,mFRR,Not Specified,Not Specified,MARGINAL,89.05,89.05
18/11/2023 20:00:00 - 18/11/2023 21:00:00,SCA|NO3,mFRR,Not Specified,Not Specified,MARGINAL,90.0,83.1
18/11/2023 21:00:00 - 18/11/2023 22:00:00,SCA|NO3,mFRR,Not Specified,Not Specified,MARGINAL,80.0,77.98
18/11/2023 22:00:00 - 18/11/2023 23:00:00,SCA|NO3,mFRR,Not Specified,Not Specified,MARGINAL,80.0,73.76
18/11/2023 23:00:00 - 19/11/2023 00:00:00,SCA|NO3,mFRR,Not Specified,Not Specified,MARGINAL,82.0,59.1
19/11/2023 00:00:00 - 19/11/2023 01:00:00,SCA|NO3,mFRR,Not Specified,Not Specified,MARGINAL,75.0,47.86
19/11/2023 01:00:00 - 19/11/2023 02:00:00,SCA|NO3,mFRR,Not Specified,Not Specified,MARGINAL,64.0,44.08
19/11/2023 02:00:00 - 19/11/2023 03:00:00,SCA|NO3,mFRR,Not Specified,Not Specified,MARGINAL,64.0,42.22
19/11/2023 03:00:00 - 19/11/2023 04:00:00,SCA|NO3,mFRR,Not Specified,Not Specified,MARGINAL,64.0,37.48
19/11/2023 04:00:00 - 19/11/2023 05:00:00,SCA|NO3,mFRR,Not Specified,Not Specified,MARGINAL,60.0,35.07
19/11/2023 05:00:00 - 19/11/2023 06:00:00,SCA|NO3,mFRR,Not Specified,Not Specified,MARGINAL,55.0,37.6
19/11/2023 06:00:00 - 19/11/2023 07:00:00,SCA|NO3,mFRR,Not Specified,Not Specified,MARGINAL,53.0,41.78
19/11/2023 07:00:00 - 19/11/2023 08:00:00,SCA|NO3,mFRR,Not Specified,Not Specified,MARGINAL,66.5,44.19
19/11/2023 08:00:00 - 19/11/2023 09:00:00,SCA|NO3,mFRR,Not Specified,Not Specified,MARGINAL,66.0,47.63
19/11/2023 09:00:00 - 19/11/2023 10:00:00,SCA|NO3,mFRR,Not Specified,Not Specified,MARGINAL,67.0,49.86
19/11/2023 10:00:00 - 19/11/2023 11:00:00,SCA|NO3,mFRR,Not Specified,Not Specified,MARGINAL,75.0,57.47
19/11/2023 11:00:00 - 19/11/2023 12:00:00,SCA|NO3,mFRR,Not Specified,Not Specified,MARGINAL,68.0,59.99
19/11/2023 12:00:00 - 19/11/2023 13:00:00,SCA|NO3,mFRR,Not Specified,Not Specified,MARGINAL,68.0,62.08
19/11/2023 13:00:00 - 19/11/2023 14:00:00,SCA|NO3,mFRR,Not Specified,Not Specified,MARGINAL,72.0,63.9
19/11/2023 14:00:00 - 19/11/2023 15:00:00,SCA|NO3,mFRR,Not Specified,Not Specified,MARGINAL,72.73,66.23
19/11/2023 15:00:00 - 19/11/2023 16:00:00,SCA|NO3,mFRR,Not Specified,Not Specified,MARGINAL,72.37,70.87
19/11/2023 16:00:00 - 19/11/2023 17:00:00,SCA|NO3,mFRR,Not Specified,Not Specified,MARGINAL,102.0,80.98
19/11/2023 17:00:00 - 19/11/2023 18:00:00,SCA|NO3,mFRR,Not Specified,Not Specified,MARGINAL,102.0,95.02
19/11/2023 18:00:00 - 19/11/2023 19:00:00,SCA|NO3,mFRR,Not Specified,Not Specified,MARGINAL,105.0,103.19
19/11/2023 19:00:00 - 19/11/2023 20:00:00,SCA|NO3,mFRR,Not Specified,Not Specified,MARGINAL,105.0,101.61
19/11/2023 20:00:00 - 19/11/2023 21:00:00,SCA|NO3,mFRR,Not Specified,Not Specified,MARGINAL,95.0,65.5
19/11/2023 21:00:00 - 19/11/2023 22:00:00,SCA|NO3,mFRR,Not Specified,Not Specified,MARGINAL,84.38,65.5
19/11/2023 22:00:00 - 19/11/2023 23:00:00,SCA|NO3,mFRR,Not Specified,Not Specified,MARGINAL,86.95,72.0
19/11/2023 23:00:00 - 20/11/2023 00:00:00,SCA|NO3,mFRR,Not Specified,Not Specified,MARGINAL,80.05,73.0
20/11/2023 00:00:00 - 20/11/2023 01:00:00,SCA|NO3,mFRR,Not Specified,Not Specified,MARGINAL,69.98,69.98
20/11/2023 01:00:00 - 20/11/2023 02:00:00,SCA|NO3,mFRR,Not Specified,Not Specified,MARGINAL,77.0,62.68
20/11/2023 02:00:00 - 20/11/2023 03:00:00,SCA|NO3,mFRR,Not Specified,Not Specified,MARGINAL,78.0,59.91
20/11/2023 03:00:00 - 20/11/2023 04:00:00,SCA|NO3,mFRR,Not Specified,Not Specified,MARGINAL,78.0,60.03
20/11/2023 04:00:00 - 20/11/2023 05:00:00,SCA|NO3,mFRR,Not Specified,Not Specified,MARGINAL,78.0,64.76
20/11/2023 05:00:00 - 20/11/2023 06:00:00,SCA|NO3,mFRR,Not Specified,Not Specified,MARGINAL,100.55,80.43
20/11/2023 06:00:00 - 20/11/2023 07:00:00,SCA|NO3,mFRR,Not Specified,Not Specified,MARGINAL,268.13,101.51
20/11/2023 07:00:00 - 20/11/2023 08:00:00,SCA|NO3,mFRR,Not Specified,Not Specified,MARGINAL,268.13,128.09
20/11/2023 08:00:00 - 20/11/2023 09:00:00,SCA|NO3,mFRR,Not Specified,Not Specified,MARGINAL,126.67,126.67
20/11/2023 09:00:00 - 20/11/2023 10:00:00,SCA|NO3,mFRR,Not Specified,Not Specified,MARGINAL,118.44,118.44
20/11/2023 10:00:00 - 20/11/2023 11:00:00,SCA|NO3,mFRR,Not Specified,Not Specified,MARGINAL,112.18,112.18
20/11/2023 11:00:00 - 20/11/2023 12:00:00,SCA|NO3,mFRR,Not Specified,Not Specified,MARGINAL,130.0,106.0
20/11/2023 12:00:00 - 20/11/2023 13:00:00,SCA|NO3,mFRR,Not Specified,Not Specified,MARGINAL,130.0,103.0
20/11/2023 13:00:00 - 20/11/2023 14:00:00,SCA|NO3,mFRR,Not Specified,Not Specified,MARGINAL,120.0,113.95
20/11/2023 14:00:00 - 20/11/2023 15:00:00,SCA|NO3,mFRR,Not Specified,Not Specified,MARGINAL,120.35,120.35
20/11/2023 15:00:00 - 20/11/2023 16:00:00,SCA|NO3,mFRR,Not Specified,Not Specified,MARGINAL,330.0,128.75
20/11/2023 16:00:00 - 20/11/2023 17:00:00,SCA|NO3,mFRR,Not Specified,Not Specified,MARGINAL,330.0,139.93
20/11/2023 17:00:00 - 20/11/2023 18:00:00,SCA|NO3,mFRR,Not Specified,Not Specified,MARGINAL,800.0,147.0
20/11/2023 18:00:00 - 20/11/2023 19:00:00,SCA|NO3,mFRR,Not Specified,Not Specified,MARGINAL,469.37,139.98
20/11/2023 19:00:00 - 20/11/2023 20:00:00,SCA|NO3,mFRR,Not Specified,Not Specified,MARGINAL,168.37,126.94
20/11/2023 20:00:00 - 20/11/2023 21:00:00,SCA|NO3,mFRR,Not Specified,Not Specified,MARGINAL,116.42,83.0
20/11/2023 21:00:00 - 20/11/2023 22:00:00,SCA|NO3,mFRR,Not Specified,Not Specified,MARGINAL,103.59,83.0
20/11/2023 22:00:00 - 20/11/2023 23:00:00,SCA|NO3,mFRR,Not Specified,Not Specified,MARGINAL,109.94,104.7
20/11/2023 23:00:00 - 21/11/2023 00:00:00,SCA|NO3,mFRR,Not Specified,Not Specified,MARGINAL,94.63,83.0
21/11/2023 00:00:00 - 21/11/2023 01:00:00,SCA|NO3,mFRR,Not Specified,Not Specified,MARGINAL,99.97,76.0
21/11/2023 01:00:00 - 21/11/2023 02:00:00,SCA|NO3,mFRR,Not Specified,Not Specified,MARGINAL,95.15,72.0
21/11/2023 02:00:00 - 21/11/2023 03:00:00,SCA|NO3,mFRR,Not Specified,Not Specified,MARGINAL,93.14,72.0
21/11/2023 03:00:00 - 21/11/2023 04:00:00,SCA|NO3,mFRR,Not Specified,Not Specified,MARGINAL,88.98,74.0
21/11/2023 04:00:00 - 21/11/2023 05:00:00,SCA|NO3,mFRR,Not Specified,Not Specified,MARGINAL,93.07,76.0
21/11/2023 05:00:00 - 21/11/2023 06:00:00,SCA|NO3,mFRR,Not Specified,Not Specified,MARGINAL,98.69,80.07
21/11/2023 06:00:00 - 21/11/2023 07:00:00,SCA|NO3,mFRR,Not Specified,Not Specified,MARGINAL,120.1,83.0
21/11/2023 07:00:00 - 21/11/2023 08:00:00,SCA|NO3,mFRR,Not Specified,Not Specified,MARGINAL,136.08,105.0
21/11/2023 08:00:00 - 21/11/2023 09:00:00,SCA|NO3,mFRR,Not Specified,Not Specified,MARGINAL,142.59,106.0
21/11/2023 09:00:00 - 21/11/2023 10:00:00,SCA|NO3,mFRR,Not Specified,Not Specified,MARGINAL,137.19,104.0
21/11/2023 10:00:00 - 21/11/2023 11:00:00,SCA|NO3,mFRR,Not Specified,Not Specified,MARGINAL,135.0,104.0
21/11/2023 11:00:00 - 21/11/2023 12:00:00,SCA|NO3,mFRR,Not Specified,Not Specified,MARGINAL,134.9,134.9
21/11/2023 12:00:00 - 21/11/2023 13:00:00,SCA|NO3,mFRR,Not Specified,Not Specified,MARGINAL,139.79,139.79
21/11/2023 13:00:00 - 21/11/2023 14:00:00,SCA|NO3,mFRR,Not Specified,Not Specified,MARGINAL,139.78,108.0
21/11/2023 14:00:00 - 21/11/2023 15:00:00,SCA|NO3,mFRR,Not Specified,Not Specified,MARGINAL,138.37,100.0
21/11/2023 15:00:00 - 21/11/2023 16:00:00,SCA|NO3,mFRR,Not Specified,Not Specified,MARGINAL,140.34,100.0
21/11/2023 16:00:00 - 21/11/2023 17:00:00,SCA|NO3,mFRR,Not Specified,Not Specified,MARGINAL,143.92,105.0
21/11/2023 17:00:00 - 21/11/2023 18:00:00,SCA|NO3,mFRR,Not Specified,Not Specified,MARGINAL,214.6,146.97
21/11/2023 18:00:00 - 21/11/2023 19:00:00,SCA|NO3,mFRR,Not Specified,Not Specified,MARGINAL,213.31,125.08
21/11/2023 19:00:00 - 21/11/2023 20:00:00,SCA|NO3,mFRR,Not Specified,Not Specified,MARGINAL,128.51,100.0
21/11/2023 20:00:00 - 21/11/2023 21:00:00,SCA|NO3,mFRR,Not Specified,Not Specified,MARGINAL,89.49,40.22
21/11/2023 21:00:00 - 21/11/2023 22:00:00,SCA|NO3,mFRR,Not Specified,Not Specified,MARGINAL,62.37,40.22
21/11/2023 22:00:00 - 21/11/2023 23:00:00,SCA|NO3,mFRR,Not Specified,Not Specified,MARGINAL,54.44,40.0
21/11/2023 23:00:00 - 22/11/2023 00:00:00,SCA|NO3,mFRR,Not Specified,Not Specified,MARGINAL,48.36,40.0
22/11/2023 00:00:00 - 22/11/2023 01:00:00,SCA|NO3,mFRR,Not Specified,Not Specified,MARGINAL,33.91,29.68
22/11/2023 01:00:00 - 22/11/2023 02:00:00,SCA|NO3,mFRR,Not Specified,Not Specified,MARGINAL,29.27,22.78
22/11/2023 02:00:00 - 22/11/2023 03:00:00,SCA|NO3,mFRR,Not Specified,Not Specified,MARGINAL,25.64,22.64
22/11/2023 03:00:00 - 22/11/2023 04:00:00,SCA|NO3,mFRR,Not Specified,Not Specified,MARGINAL,23.09,20.09
22/11/2023 04:00:00 - 22/11/2023 05:00:00,SCA|NO3,mFRR,Not Specified,Not Specified,MARGINAL,20.7,18.47
22/11/2023 05:00:00 - 22/11/2023 06:00:00,SCA|NO3,mFRR,Not Specified,Not Specified,MARGINAL,27.68,27.68
22/11/2023 06:00:00 - 22/11/2023 07:00:00,SCA|NO3,mFRR,Not Specified,Not Specified,MARGINAL,25.76,16.5
22/11/2023 07:00:00 - 22/11/2023 08:00:00,SCA|NO3,mFRR,Not Specified,Not Specified,MARGINAL,30.81,16.5
22/11/2023 08:00:00 - 22/11/2023 09:00:00,SCA|NO3,mFRR,Not Specified,Not Specified,MARGINAL,33.38,14.0
22/11/2023 09:00:00 - 22/11/2023 10:00:00,SCA|NO3,mFRR,Not Specified,Not Specified,MARGINAL,33.09,14.0
22/11/2023 10:00:00 - 22/11/2023 11:00:00,SCA|NO3,mFRR,Not Specified,Not Specified,MARGINAL,31.78,14.0
22/11/2023 11:00:00 - 22/11/2023 12:00:00,SCA|NO3,mFRR,Not Specified,Not Specified,MARGINAL,25.74,14.0
22/11/2023 12:00:00 - 22/11/2023 13:00:00,SCA|NO3,mFRR,Not Specified,Not Specified,MARGINAL,24.99,14.0
22/11/2023 13:00:00 - 22/11/2023 14:00:00,SCA|NO3,mFRR,Not Specified,Not Specified,MARGINAL,21.05,21.05
22/11/2023 14:00:00 - 22/11/2023 15:00:00,SCA|NO3,mFRR,Not Specified,Not Specified,MARGINAL,19.85,19.85
22/11/2023 15:00:00 - 22/11/2023 16:00:00,SCA|NO3,mFRR,Not Specified,Not Specified,MARGINAL,35.0,19.96
22/11/2023 16:00:00 - 22/11/2023 17:00:00,SCA|NO3,mFRR,Not Specified,Not Specified,MARGINAL,50.0,20.94
22/11/2023 17:00:00 - 22/11/2023 18:00:00,SCA|NO3,mFRR,Not Specified,Not Specified,MARGINAL,75.0,20.57
22/11/2023 18:00:00 - 22/11/2023 19:00:00,SCA|NO3,mFRR,Not Specified,Not Specified,MARGINAL,75.0,19.2
22/11/2023 19:00:00 - 22/11/2023 20:00:00,SCA|NO3,mFRR,Not Specified,Not Specified,MARGINAL,53.0,17.11
22/11/2023 20:00:00 - 22/11/2023 21:00:00,SCA|NO3,mFRR,Not Specified,Not Specified,MARGINAL,50.0,15.63
22/11/2023 21:00:00 - 22/11/2023 22:00:00,SCA|NO3,mFRR,Not Specified,Not Specified,MARGINAL,20.0,15.28
22/11/2023 22:00:00 - 22/11/2023 23:00:00,SCA|NO3,mFRR,Not Specified,Not Specified,MARGINAL,12.74,12.74
22/11/2023 23:00:00 - 23/11/2023 00:00:00,SCA|NO3,mFRR,Not Specified,Not Specified,MARGINAL,11.88,11.48
23/11/2023 00:00:00 - 23/11/2023 01:00:00,SCA|NO3,mFRR,Not Specified,Not Specified,MARGINAL,14.2,13.15
23/11/2023 01:00:00 - 23/11/2023 02:00:00,SCA|NO3,mFRR,Not Specified,Not Specified,MARGINAL,14.13,13.15
23/11/2023 02:00:00 - 23/11/2023 03:00:00,SCA|NO3,mFRR,Not Specified,Not Specified,MARGINAL,14.23,14.23
23/11/2023 03:00:00 - 23/11/2023 04:00:00,SCA|NO3,mFRR,Not Specified,Not Specified,MARGINAL,14.51,-0.5
23/11/2023 04:00:00 - 23/11/2023 05:00:00,SCA|NO3,mFRR,Not Specified,Not Specified,MARGINAL,14.77,-0.5
23/11/2023 05:00:00 - 23/11/2023 06:00:00,SCA|NO3,mFRR,Not Specified,Not Specified,MARGINAL,16.42,6.0
23/11/2023 06:00:00 - 23/11/2023 07:00:00,SCA|NO3,mFRR,Not Specified,Not Specified,MARGINAL,23.64,14.0
23/11/2023 07:00:00 - 23/11/2023 08:00:00,SCA|NO3,mFRR,Not Specified,Not Specified,MARGINAL,30.94,18.0
23/11/2023 08:00:00 - 23/11/2023 09:00:00,SCA|NO3,mFRR,Not Specified,Not Specified,MARGINAL,35.5,35.5
23/11/2023 09:00:00 - 23/11/2023 10:00:00,SCA|NO3,mFRR,Not Specified,Not Specified,MARGINAL,50.0,35.94
23/11/2023 10:00:00 - 23/11/2023 11:00:00,SCA|NO3,mFRR,Not Specified,Not Specified,MARGINAL,52.0,36.56
23/11/2023 11:00:00 - 23/11/2023 12:00:00,SCA|NO3,mFRR,Not Specified,Not Specified,MARGINAL,50.0,37.7
23/11/2023 12:00:00 - 23/11/2023 13:00:00,SCA|NO3,mFRR,Not Specified,Not Specified,MARGINAL,50.0,36.18
23/11/2023 13:00:00 - 23/11/2023 14:00:00,SCA|NO3,mFRR,Not Specified,Not Specified,MARGINAL,36.13,36.13
23/11/2023 14:00:00 - 23/11/2023 15:00:00,SCA|NO3,mFRR,Not Specified,Not Specified,MARGINAL,36.01,36.01
23/11/2023 15:00:00 - 23/11/2023 16:00:00,SCA|NO3,mFRR,Not Specified,Not Specified,MARGINAL,52.0,35.83
23/11/2023 16:00:00 - 23/11/2023 17:00:00,SCA|NO3,mFRR,Not Specified,Not Specified,MARGINAL,52.0,35.88
23/11/2023 17:00:00 - 23/11/2023 18:00:00,SCA|NO3,mFRR,Not Specified,Not Specified,MARGINAL,52.0,34.8
23/11/2023 18:00:00 - 23/11/2023 19:00:00,SCA|NO3,mFRR,Not Specified,Not Specified,MARGINAL,33.57,33.57
23/11/2023 19:00:00 - 23/11/2023 20:00:00,SCA|NO3,mFRR,Not Specified,Not Specified,MARGINAL,50.0,30.08
23/11/2023 20:00:00 - 23/11/2023 21:00:00,SCA|NO3,mFRR,Not Specified,Not Specified,MARGINAL,50.0,29.55
23/11/2023 21:00:00 - 23/11/2023 22:00:00,SCA|NO3,mFRR,Not Specified,Not Specified,MARGINAL,50.0,28.4
23/11/2023 22:00:00 - 23/11/2023 23:00:00,SCA|NO3,mFRR,Not Specified,Not Specified,MARGINAL,50.0,30.95
23/11/2023 23:00:00 - 24/11/2023 00:00:00,SCA|NO3,mFRR,Not Specified,Not Specified,MARGINAL,65.0,31.65
24/11/2023 00:00:00 - 24/11/2023 01:00:00,SCA|NO3,mFRR,Not Specified,Not Specified,MARGINAL,53.0,33.42
24/11/2023 01:00:00 - 24/11/2023 02:00:00,SCA|NO3,mFRR,Not Specified,Not Specified,MARGINAL,53.0,34.07
24/11/2023 02:00:00 - 24/11/2023 03:00:00,SCA|NO3,mFRR,Not Specified,Not Specified,MARGINAL,53.0,36.32
24/11/2023 03:00:00 - 24/11/2023 04:00:00,SCA|NO3,mFRR,Not Specified,Not Specified,MARGINAL,53.0,37.34
24/11/2023 04:00:00 - 24/11/2023 05:00:00,SCA|NO3,mFRR,Not Specified,Not Specified,MARGINAL,53.0,36.8
24/11/2023 05:00:00 - 24/11/2023 06:00:00,SCA|NO3,mFRR,Not Specified,Not Specified,MARGINAL,36.86,36.86
24/11/2023 06:00:00 - 24/11/2023 07:00:00,SCA|NO3,mFRR,Not Specified,Not Specified,MARGINAL,40.0,40.0
24/11/2023 07:00:00 - 24/11/2023 08:00:00,SCA|NO3,mFRR,Not Specified,Not Specified,MARGINAL,40.0,40.0
24/11/2023 08:00:00 - 24/11/2023 09:00:00,SCA|NO3,mFRR,Not Specified,Not Specified,MARGINAL,42.78,42.78
24/11/2023 09:00:00 - 24/11/2023 10:00:00,SCA|NO3,mFRR,Not Specified,Not Specified,MARGINAL,40.9,17.0
24/11/2023 10:00:00 - 24/11/2023 11:00:00,SCA|NO3,mFRR,Not Specified,Not Specified,,,
24/11/2023 11:00:00 - 24/11/2023 12:00:00,SCA|NO3,mFRR,Not Specified,Not Specified,MARGINAL,32.54,12.57
24/11/2023 12:00:00 - 24/11/2023 13:00:00,SCA|NO3,mFRR,Not Specified,Not Specified,MARGINAL,26.74,13.81
24/11/2023 13:00:00 - 24/11/2023 14:00:00,SCA|NO3,mFRR,Not Specified,Not Specified,MARGINAL,24.51,14.44
24/11/2023 14:00:00 - 24/11/2023 15:00:00,SCA|NO3,mFRR,Not Specified,Not Specified,MARGINAL,20.71,20.0
24/11/2023 15:00:00 - 24/11/2023 16:00:00,SCA|NO3,mFRR,Not Specified,Not Specified,MARGINAL,25.0,25.0
24/11/2023 16:00:00 - 24/11/2023 17:00:00,SCA|NO3,mFRR,Not Specified,Not Specified,MARGINAL,32.39,14.47
24/11/2023 17:00:00 - 24/11/2023 18:00:00,SCA|NO3,mFRR,Not Specified,Not Specified,MARGINAL,33.31,13.0
24/11/2023 18:00:00 - 24/11/2023 19:00:00,SCA|NO3,mFRR,Not Specified,Not Specified,MARGINAL,35.63,13.0
24/11/2023 19:00:00 - 24/11/2023 20:00:00,SCA|NO3,mFRR,Not Specified,Not Specified,MARGINAL,39.43,13.0
24/11/2023 20:00:00 - 24/11/2023 21:00:00,SCA|NO3,mFRR,Not Specified,Not Specified,MARGINAL,38.3,13.0
24/11/2023 21:00:00 - 24/11/2023 22:00:00,SCA|NO3,mFRR,Not Specified,Not Specified,MARGINAL,37.64,13.0
24/11/2023 22:00:00 - 24/11/2023 23:00:00,SCA|NO3,mFRR,Not Specified,Not Specified,MARGINAL,36.8,13.0
24/11/2023 23:00:00 - 25/11/2023 00:00:00,SCA|NO3,mFRR,Not Specified,Not Specified,MARGINAL,36.94,20.0
25/11/2023 00:00:00 - 25/11/2023 01:00:00,SCA|NO3,mFRR,Not Specified,Not Specified,MARGINAL,32.81,32.81
25/11/2023 01:00:00 - 25/11/2023 02:00:00,SCA|NO3,mFRR,Not Specified,Not Specified,MARGINAL,33.19,33.19
25/11/2023 02:00:00 - 25/11/2023 03:00:00,SCA|NO3,mFRR,Not Specified,Not Specified,MARGINAL,33.63,33.63
25/11/2023 03:00:00 - 25/11/2023 04:00:00,SCA|NO3,mFRR,Not Specified,Not Specified,MARGINAL,34.14,34.14
25/11/2023 04:00:00 - 25/11/2023 05:00:00,SCA|NO3,mFRR,Not Specified,Not Specified,MARGINAL,34.48,34.48
25/11/2023 05:00:00 - 25/11/2023 06:00:00,SCA|NO3,mFRR,Not Specified,Not Specified,MARGINAL,34.83,34.83
25/11/2023 06:00:00 - 25/11/2023 07:00:00,SCA|NO3,mFRR,Not Specified,Not Specified,MARGINAL,36.92,36.92
25/11/2023 07:00:00 - 25/11/2023 08:00:00,SCA|NO3,mFRR,Not Specified,Not Specified,MARGINAL,39.89,39.89
25/11/2023 08:00:00 - 25/11/2023 09:00:00,SCA|NO3,mFRR,Not Specified,Not Specified,MARGINAL,44.5,44.5
25/11/2023 09:00:00 - 25/11/2023 10:00:00,SCA|NO3,mFRR,Not Specified,Not Specified,MARGINAL,46.01,46.01
25/11/2023 10:00:00 - 25/11/2023 11:00:00,SCA|NO3,mFRR,Not Specified,Not Specified,MARGINAL,48.86,48.86
25/11/2023 11:00:00 - 25/11/2023 12:00:00,SCA|NO3,mFRR,Not Specified,Not Specified,MARGINAL,49.49,49.49
25/11/2023 12:00:00 - 25/11/2023 13:00:00,SCA|NO3,mFRR,Not Specified,Not Specified,MARGINAL,49.41,49.41
25/11/2023 13:00:00 - 25/11/2023 14:00:00,SCA|NO3,mFRR,Not Specified,Not Specified,MARGINAL,49.94,49.94
25/11/2023 14:00:00 - 25/11/2023 15:00:00,SCA|NO3,mFRR,Not Specified,Not Specified,MARGINAL,52.73,52.73
25/11/2023 15:00:00 - 25/11/2023 16:00:00,SCA|NO3,mFRR,Not Specified,Not Specified,MARGINAL,56.33,56.33
25/11/2023 16:00:00 - 25/11/2023 17:00:00,SCA|NO3,mFRR,Not Specified,Not Specified,MARGINAL,60.3,60.3
25/11/2023 17:00:00 - 25/11/2023 18:00:00,SCA|NO3,mFRR,Not Specified,Not Specified,MARGINAL,61.0,61.0
25/11/2023 18:00:00 - 25/11/2023 19:00:00,SCA|NO3,mFRR,Not Specified,Not Specified,MARGINAL,59.77,59.77
25/11/2023 19:00:00 - 25/11/2023 20:00:00,SCA|NO3,mFRR,Not Specified,Not Specified,MARGINAL,61.19,61.19
25/11/2023 20:00:00 - 25/11/2023 21:00:00,SCA|NO3,mFRR,Not Specified,Not Specified,MARGINAL,66.0,58.01
25/11/2023 21:00:00 - 25/11/2023 22:00:00,SCA|NO3,mFRR,Not Specified,Not Specified,MARGINAL,65.0,52.76
25/11/2023 22:00:00 - 25/11/2023 23:00:00,SCA|NO3,mFRR,Not Specified,Not Specified,MARGINAL,49.92,49.92
25/11/2023 23:00:00 - 26/11/2023 00:00:00,SCA|NO3,mFRR,Not Specified,Not Specified,MARGINAL,49.65,49.65
26/11/2023 00:00:00 - 26/11/2023 01:00:00,SCA|NO3,mFRR,Not Specified,Not Specified,MARGINAL,51.5,51.5
26/11/2023 01:00:00 - 26/11/2023 02:00:00,SCA|NO3,mFRR,Not Specified,Not Specified,MARGINAL,50.22,50.22
26/11/2023 02:00:00 - 26/11/2023 03:00:00,SCA|NO3,mFRR,Not Specified,Not Specified,MARGINAL,49.29,49.29
26/11/2023 03:00:00 - 26/11/2023 04:00:00,SCA|NO3,mFRR,Not Specified,Not Specified,MARGINAL,50.76,50.76
26/11/2023 04:00:00 - 26/11/2023 05:00:00,SCA|NO3,mFRR,Not Specified,Not Specified,MARGINAL,54.84,54.84
26/11/2023 05:00:00 - 26/11/2023 06:00:00,SCA|NO3,mFRR,Not Specified,Not Specified,MARGINAL,55.87,55.87
26/11/2023 06:00:00 - 26/11/2023 07:00:00,SCA|NO3,mFRR,Not Specified,Not Specified,MARGINAL,54.9,54.9
26/11/2023 07:00:00 - 26/11/2023 08:00:00,SCA|NO3,mFRR,Not Specified,Not Specified,MARGINAL,53.87,33.5
26/11/2023 08:00:00 - 26/11/2023 09:00:00,SCA|NO3,mFRR,Not Specified,Not Specified,MARGINAL,56.24,3.5
26/11/2023 09:00:00 - 26/11/2023 10:00:00,SCA|NO3,mFRR,Not Specified,Not Specified,MARGINAL,60.07,8.0
26/11/2023 10:00:00 - 26/11/2023 11:00:00,SCA|NO3,mFRR,Not Specified,Not Specified,MARGINAL,63.64,11.0
26/11/2023 11:00:00 - 26/11/2023 12:00:00,SCA|NO3,mFRR,Not Specified,Not Specified,MARGINAL,65.38,12.0
26/11/2023 12:00:00 - 26/11/2023 13:00:00,SCA|NO3,mFRR,Not Specified,Not Specified,MARGINAL,67.42,14.5
26/11/2023 13:00:00 - 26/11/2023 14:00:00,SCA|NO3,mFRR,Not Specified,Not Specified,MARGINAL,67.14,14.5
26/11/2023 14:00:00 - 26/11/2023 15:00:00,SCA|NO3,mFRR,Not Specified,Not Specified,MARGINAL,67.67,14.5
26/11/2023 15:00:00 - 26/11/2023 16:00:00,SCA|NO3,mFRR,Not Specified,Not Specified,MARGINAL,68.13,15.0
26/11/2023 16:00:00 - 26/11/2023 17:00:00,SCA|NO3,mFRR,Not Specified,Not Specified,MARGINAL,68.56,16.0
26/11/2023 17:00:00 - 26/11/2023 18:00:00,SCA|NO3,mFRR,Not Specified,Not Specified,MARGINAL,68.42,16.0
26/11/2023 18:00:00 - 26/11/2023 19:00:00,SCA|NO3,mFRR,Not Specified,Not Specified,MARGINAL,68.29,22.0
26/11/2023 19:00:00 - 26/11/2023 20:00:00,SCA|NO3,mFRR,Not Specified,Not Specified,MARGINAL,67.56,30.0
26/11/2023 20:00:00 - 26/11/2023 21:00:00,SCA|NO3,mFRR,Not Specified,Not Specified,MARGINAL,65.75,23.0
26/11/2023 21:00:00 - 26/11/2023 22:00:00,SCA|NO3,mFRR,Not Specified,Not Specified,MARGINAL,64.69,23.0
26/11/2023 22:00:00 - 26/11/2023 23:00:00,SCA|NO3,mFRR,Not Specified,Not Specified,MARGINAL,61.91,23.0
26/11/2023 23:00:00 - 27/11/2023 00:00:00,SCA|NO3,mFRR,Not Specified,Not Specified,MARGINAL,59.41,15.0
27/11/2023 00:00:00 - 27/11/2023 01:00:00,SCA|NO3,mFRR,Not Specified,Not Specified,MARGINAL,54.48,15.0
27/11/2023 01:00:00 - 27/11/2023 02:00:00,SCA|NO3,mFRR,Not Specified,Not Specified,MARGINAL,52.15,15.0
27/11/2023 02:00:00 - 27/11/2023 03:00:00,SCA|NO3,mFRR,Not Specified,Not Specified,MARGINAL,49.07,17.0
27/11/2023 03:00:00 - 27/11/2023 04:00:00,SCA|NO3,mFRR,Not Specified,Not Specified,MARGINAL,47.5,27.0
27/11/2023 04:00:00 - 27/11/2023 05:00:00,SCA|NO3,mFRR,Not Specified,Not Specified,MARGINAL,65.0,45.83
27/11/2023 05:00:00 - 27/11/2023 06:00:00,SCA|NO3,mFRR,Not Specified,Not Specified,MARGINAL,65.0,44.77
27/11/2023 06:00:00 - 27/11/2023 07:00:00,SCA|NO3,mFRR,Not Specified,Not Specified,MARGINAL,47.5,47.5
27/11/2023 07:00:00 - 27/11/2023 08:00:00,SCA|NO3,mFRR,Not Specified,Not Specified,MARGINAL,52.67,31.0
27/11/2023 08:00:00 - 27/11/2023 09:00:00,SCA|NO3,mFRR,Not Specified,Not Specified,MARGINAL,54.35,31.0
27/11/2023 09:00:00 - 27/11/2023 10:00:00,SCA|NO3,mFRR,Not Specified,Not Specified,MARGINAL,54.39,31.0
27/11/2023 10:00:00 - 27/11/2023 11:00:00,SCA|NO3,mFRR,Not Specified,Not Specified,MARGINAL,51.07,31.0
27/11/2023 11:00:00 - 27/11/2023 12:00:00,SCA|NO3,mFRR,Not Specified,Not Specified,MARGINAL,49.03,31.0
27/11/2023 12:00:00 - 27/11/2023 13:00:00,SCA|NO3,mFRR,Not Specified,Not Specified,MARGINAL,45.44,31.0
27/11/2023 13:00:00 - 27/11/2023 14:00:00,SCA|NO3,mFRR,Not Specified,Not Specified,MARGINAL,43.6,30.0
27/11/2023 14:00:00 - 27/11/2023 15:00:00,SCA|NO3,mFRR,Not Specified,Not Specified,MARGINAL,40.87,30.0
27/11/2023 15:00:00 - 27/11/2023 16:00:00,SCA|NO3,mFRR,Not Specified,Not Specified,MARGINAL,40.31,30.0
27/11/2023 16:00:00 - 27/11/2023 17:00:00,SCA|NO3,mFRR,Not Specified,Not Specified,MARGINAL,37.21,30.0
27/11/2023 17:00:00 - 27/11/2023 18:00:00,SCA|NO3,mFRR,Not Specified,Not Specified,MARGINAL,36.29,36.29
27/11/2023 18:00:00 - 27/11/2023 19:00:00,SCA|NO3,mFRR,Not Specified,Not Specified,MARGINAL,37.45,37.45
27/11/2023 19:00:00 - 27/11/2023 20:00:00,SCA|NO3,mFRR,Not Specified,Not Specified,MARGINAL,36.55,36.55
27/11/2023 20:00:00 - 27/11/2023 21:00:00,SCA|NO3,mFRR,Not Specified,Not Specified,MARGINAL,36.03,36.03
27/11/2023 21:00:00 - 27/11/2023 22:00:00,SCA|NO3,mFRR,Not Specified,Not Specified,MARGINAL,35.45,35.45
27/11/2023 22:00:00 - 27/11/2023 23:00:00,SCA|NO3,mFRR,Not Specified,Not Specified,MARGINAL,34.07,19.5
27/11/2023 23:00:00 - 28/11/2023 00:00:00,SCA|NO3,mFRR,Not Specified,Not Specified,MARGINAL,29.93,13.0
28/11/2023 00:00:00 - 28/11/2023 01:00:00,SCA|NO3,mFRR,Not Specified,Not Specified,MARGINAL,20.68,14.0
28/11/2023 01:00:00 - 28/11/2023 02:00:00,SCA|NO3,mFRR,Not Specified,Not Specified,MARGINAL,35.5,14.0
28/11/2023 02:00:00 - 28/11/2023 03:00:00,SCA|NO3,mFRR,Not Specified,Not Specified,MARGINAL,35.5,14.0
28/11/2023 03:00:00 - 28/11/2023 04:00:00,SCA|NO3,mFRR,Not Specified,Not Specified,MARGINAL,20.42,14.0
28/11/2023 04:00:00 - 28/11/2023 05:00:00,SCA|NO3,mFRR,Not Specified,Not Specified,MARGINAL,20.57,14.0
28/11/2023 05:00:00 - 28/11/2023 06:00:00,SCA|NO3,mFRR,Not Specified,Not Specified,MARGINAL,34.11,14.0
28/11/2023 06:00:00 - 28/11/2023 07:00:00,SCA|NO3,mFRR,Not Specified,Not Specified,MARGINAL,37.54,16.5
28/11/2023 07:00:00 - 28/11/2023 08:00:00,SCA|NO3,mFRR,Not Specified,Not Specified,MARGINAL,41.72,15.0
28/11/2023 08:00:00 - 28/11/2023 09:00:00,SCA|NO3,mFRR,Not Specified,Not Specified,MARGINAL,50.29,15.0
28/11/2023 09:00:00 - 28/11/2023 10:00:00,SCA|NO3,mFRR,Not Specified,Not Specified,MARGINAL,51.15,15.0
28/11/2023 10:00:00 - 28/11/2023 11:00:00,SCA|NO3,mFRR,Not Specified,Not Specified,MARGINAL,53.39,15.0
28/11/2023 11:00:00 - 28/11/2023 12:00:00,SCA|NO3,mFRR,Not Specified,Not Specified,MARGINAL,54.85,13.5
28/11/2023 12:00:00 - 28/11/2023 13:00:00,SCA|NO3,mFRR,Not Specified,Not Specified,MARGINAL,60.62,13.5
28/11/2023 13:00:00 - 28/11/2023 14:00:00,SCA|NO3,mFRR,Not Specified,Not Specified,MARGINAL,61.61,13.5
28/11/2023 14:00:00 - 28/11/2023 15:00:00,SCA|NO3,mFRR,Not Specified,Not Specified,MARGINAL,55.49,13.5
28/11/2023 15:00:00 - 28/11/2023 16:00:00,SCA|NO3,mFRR,Not Specified,Not Specified,MARGINAL,55.49,13.5
28/11/2023 16:00:00 - 28/11/2023 17:00:00,SCA|NO3,mFRR,Not Specified,Not Specified,MARGINAL,55.5,13.5
28/11/2023 17:00:00 - 28/11/2023 18:00:00,SCA|NO3,mFRR,Not Specified,Not Specified,MARGINAL,53.54,19.0
28/11/2023 18:00:00 - 28/11/2023 19:00:00,SCA|NO3,mFRR,Not Specified,Not Specified,MARGINAL,51.89,19.0
28/11/2023 19:00:00 - 28/11/2023 20:00:00,SCA|NO3,mFRR,Not Specified,Not Specified,MARGINAL,50.33,19.0
28/11/2023 20:00:00 - 28/11/2023 21:00:00,SCA|NO3,mFRR,Not Specified,Not Specified,MARGINAL,47.37,19.0
28/11/2023 21:00:00 - 28/11/2023 22:00:00,SCA|NO3,mFRR,Not Specified,Not Specified,MARGINAL,43.23,19.0
28/11/2023 22:00:00 - 28/11/2023 23:00:00,SCA|NO3,mFRR,Not Specified,Not Specified,MARGINAL,40.01,13.5
28/11/2023 23:00:00 - 29/11/2023 00:00:00,SCA|NO3,mFRR,Not Specified,Not Specified,MARGINAL,37.49,0.0
29/11/2023 00:00:00 - 29/11/2023 01:00:00,SCA|NO3,mFRR,Not Specified,Not Specified,MARGINAL,35.45,0.0
29/11/2023 01:00:00 - 29/11/2023 02:00:00,SCA|NO3,mFRR,Not Specified,Not Specified,MARGINAL,34.78,5.0
29/11/2023 02:00:00 - 29/11/2023 03:00:00,SCA|NO3,mFRR,Not Specified,Not Specified,MARGINAL,34.33,4.67
29/11/2023 03:00:00 - 29/11/2023 04:00:00,SCA|NO3,mFRR,Not Specified,Not Specified,MARGINAL,34.13,-2.0
29/11/2023 04:00:00 - 29/11/2023 05:00:00,SCA|NO3,mFRR,Not Specified,Not Specified,MARGINAL,34.44,-2.0
29/11/2023 05:00:00 - 29/11/2023 06:00:00,SCA|NO3,mFRR,Not Specified,Not Specified,MARGINAL,35.76,1.08
29/11/2023 06:00:00 - 29/11/2023 07:00:00,SCA|NO3,mFRR,Not Specified,Not Specified,MARGINAL,36.87,5.67
29/11/2023 07:00:00 - 29/11/2023 08:00:00,SCA|NO3,mFRR,Not Specified,Not Specified,MARGINAL,37.98,5.69
29/11/2023 08:00:00 - 29/11/2023 09:00:00,SCA|NO3,mFRR,Not Specified,Not Specified,MARGINAL,42.92,1.09
29/11/2023 09:00:00 - 29/11/2023 10:00:00,SCA|NO3,mFRR,Not Specified,Not Specified,MARGINAL,40.41,7.2
29/11/2023 10:00:00 - 29/11/2023 11:00:00,SCA|NO3,mFRR,Not Specified,Not Specified,MARGINAL,39.22,7.12
29/11/2023 11:00:00 - 29/11/2023 12:00:00,SCA|NO3,mFRR,Not Specified,Not Specified,MARGINAL,37.83,6.67
29/11/2023 12:00:00 - 29/11/2023 13:00:00,SCA|NO3,mFRR,Not Specified,Not Specified,MARGINAL,37.5,6.79
29/11/2023 13:00:00 - 29/11/2023 14:00:00,SCA|NO3,mFRR,Not Specified,Not Specified,MARGINAL,38.48,6.38
29/11/2023 14:00:00 - 29/11/2023 15:00:00,SCA|NO3,mFRR,Not Specified,Not Specified,MARGINAL,41.97,6.8
29/11/2023 15:00:00 - 29/11/2023 16:00:00,SCA|NO3,mFRR,Not Specified,Not Specified,MARGINAL,43.49,12.0
29/11/2023 16:00:00 - 29/11/2023 17:00:00,SCA|NO3,mFRR,Not Specified,Not Specified,MARGINAL,49.17,12.5
29/11/2023 17:00:00 - 29/11/2023 18:00:00,SCA|NO3,mFRR,Not Specified,Not Specified,MARGINAL,49.39,12.5
29/11/2023 18:00:00 - 29/11/2023 19:00:00,SCA|NO3,mFRR,Not Specified,Not Specified,MARGINAL,49.39,12.5
29/11/2023 19:00:00 - 29/11/2023 20:00:00,SCA|NO3,mFRR,Not Specified,Not Specified,MARGINAL,49.58,12.5
29/11/2023 20:00:00 - 29/11/2023 21:00:00,SCA|NO3,mFRR,Not Specified,Not Specified,MARGINAL,49.56,13.0
29/11/2023 21:00:00 - 29/11/2023 22:00:00,SCA|NO3,mFRR,Not Specified,Not Specified,MARGINAL,49.39,34.0
29/11/2023 22:00:00 - 29/11/2023 23:00:00,SCA|NO3,mFRR,Not Specified,Not Specified,MARGINAL,49.15,49.15
29/11/2023 23:00:00 - 30/11/2023 00:00:00,SCA|NO3,mFRR,Not Specified,Not Specified,MARGINAL,49.14,49.14
30/11/2023 00:00:00 - 30/11/2023 01:00:00,SCA|NO3,mFRR,Not Specified,Not Specified,MARGINAL,60.2,60.2
30/11/2023 01:00:00 - 30/11/2023 02:00:00,SCA|NO3,mFRR,Not Specified,Not Specified,MARGINAL,61.85,61.85
30/11/2023 02:00:00 - 30/11/2023 03:00:00,SCA|NO3,mFRR,Not Specified,Not Specified,MARGINAL,61.88,61.88
30/11/2023 03:00:00 - 30/11/2023 04:00:00,SCA|NO3,mFRR,Not Specified,Not Specified,MARGINAL,63.13,63.13
30/11/2023 04:00:00 - 30/11/2023 05:00:00,SCA|NO3,mFRR,Not Specified,Not Specified,MARGINAL,63.76,63.76
30/11/2023 05:00:00 - 30/11/2023 06:00:00,SCA|NO3,mFRR,Not Specified,Not Specified,MARGINAL,63.9,63.9
30/11/2023 06:00:00 - 30/11/2023 07:00:00,SCA|NO3,mFRR,Not Specified,Not Specified,MARGINAL,89.52,64.21
30/11/2023 07:00:00 - 30/11/2023 08:00:00,SCA|NO3,mFRR,Not Specified,Not Specified,MARGINAL,97.76,70.47
30/11/2023 08:00:00 - 30/11/2023 09:00:00,SCA|NO3,mFRR,Not Specified,Not Specified,MARGINAL,97.45,75.56
30/11/2023 09:00:00 - 30/11/2023 10:00:00,SCA|NO3,mFRR,Not Specified,Not Specified,MARGINAL,92.46,80.34
30/11/2023 10:00:00 - 30/11/2023 11:00:00,SCA|NO3,mFRR,Not Specified,Not Specified,MARGINAL,103.88,80.32
30/11/2023 11:00:00 - 30/11/2023 12:00:00,SCA|NO3,mFRR,Not Specified,Not Specified,MARGINAL,250.0,81.16
30/11/2023 12:00:00 - 30/11/2023 13:00:00,SCA|NO3,mFRR,Not Specified,Not Specified,MARGINAL,250.0,81.77
30/11/2023 13:00:00 - 30/11/2023 14:00:00,SCA|NO3,mFRR,Not Specified,Not Specified,MARGINAL,111.0,89.95
30/11/2023 14:00:00 - 30/11/2023 15:00:00,SCA|NO3,mFRR,Not Specified,Not Specified,MARGINAL,111.0,94.03
30/11/2023 15:00:00 - 30/11/2023 16:00:00,SCA|NO3,mFRR,Not Specified,Not Specified,MARGINAL,89.95,89.95
30/11/2023 16:00:00 - 30/11/2023 17:00:00,SCA|NO3,mFRR,Not Specified,Not Specified,MARGINAL,87.09,87.09
30/11/2023 17:00:00 - 30/11/2023 18:00:00,SCA|NO3,mFRR,Not Specified,Not Specified,MARGINAL,80.25,80.25
30/11/2023 18:00:00 - 30/11/2023 19:00:00,SCA|NO3,mFRR,Not Specified,Not Specified,MARGINAL,78.68,78.68
30/11/2023 19:00:00 - 30/11/2023 20:00:00,SCA|NO3,mFRR,Not Specified,Not Specified,MARGINAL,76.96,76.96
30/11/2023 20:00:00 - 30/11/2023 21:00:00,SCA|NO3,mFRR,Not Specified,Not Specified,MARGINAL,74.9,74.9
30/11/2023 21:00:00 - 30/11/2023 22:00:00,SCA|NO3,mFRR,Not Specified,Not Specified,MARGINAL,95.0,73.7
30/11/2023 22:00:00 - 30/11/2023 23:00:00,SCA|NO3,mFRR,Not Specified,Not Specified,MARGINAL,95.0,74.96
30/11/2023 23:00:00 - 01/12/2023 00:00:00,SCA|NO3,mFRR,Not Specified,Not Specified,MARGINAL,80.0,72.91
01/12/2023 00:00:00 - 01/12/2023 01:00:00,SCA|NO3,mFRR,Not Specified,Not Specified,MARGINAL,105.0,72.68
01/12/2023 01:00:00 - 01/12/2023 02:00:00,SCA|NO3,mFRR,Not Specified,Not Specified,MARGINAL,114.0,70.06
01/12/2023 02:00:00 - 01/12/2023 03:00:00,SCA|NO3,mFRR,Not Specified,Not Specified,MARGINAL,114.0,68.99
01/12/2023 03:00:00 - 01/12/2023 04:00:00,SCA|NO3,mFRR,Not Specified,Not Specified,MARGINAL,102.0,68.94
01/12/2023 04:00:00 - 01/12/2023 05:00:00,SCA|NO3,mFRR,Not Specified,Not Specified,MARGINAL,90.0,73.46
01/12/2023 05:00:00 - 01/12/2023 06:00:00,SCA|NO3,mFRR,Not Specified,Not Specified,MARGINAL,79.99,79.99
01/12/2023 06:00:00 - 01/12/2023 07:00:00,SCA|NO3,mFRR,Not Specified,Not Specified,MARGINAL,109.04,79.4
01/12/2023 07:00:00 - 01/12/2023 08:00:00,SCA|NO3,mFRR,Not Specified,Not Specified,MARGINAL,108.82,80.21
01/12/2023 08:00:00 - 01/12/2023 09:00:00,SCA|NO3,mFRR,Not Specified,Not Specified,MARGINAL,83.93,83.93
01/12/2023 09:00:00 - 01/12/2023 10:00:00,SCA|NO3,mFRR,Not Specified,Not Specified,MARGINAL,86.19,86.19
01/12/2023 10:00:00 - 01/12/2023 11:00:00,SCA|NO3,mFRR,Not Specified,Not Specified,MARGINAL,115.0,84.74
01/12/2023 11:00:00 - 01/12/2023 12:00:00,SCA|NO3,mFRR,Not Specified,Not Specified,MARGINAL,114.61,89.79
01/12/2023 12:00:00 - 01/12/2023 13:00:00,SCA|NO3,mFRR,Not Specified,Not Specified,MARGINAL,123.11,84.16
01/12/2023 13:00:00 - 01/12/2023 14:00:00,SCA|NO3,mFRR,Not Specified,Not Specified,MARGINAL,116.21,84.02
01/12/2023 14:00:00 - 01/12/2023 15:00:00,SCA|NO3,mFRR,Not Specified,Not Specified,MARGINAL,114.5,83.08
01/12/2023 15:00:00 - 01/12/2023 16:00:00,SCA|NO3,mFRR,Not Specified,Not Specified,MARGINAL,80.28,80.28
01/12/2023 16:00:00 - 01/12/2023 17:00:00,SCA|NO3,mFRR,Not Specified,Not Specified,MARGINAL,78.15,78.15
01/12/2023 17:00:00 - 01/12/2023 18:00:00,SCA|NO3,mFRR,Not Specified,Not Specified,MARGINAL,75.46,75.46
01/12/2023 18:00:00 - 01/12/2023 19:00:00,SCA|NO3,mFRR,Not Specified,Not Specified,MARGINAL,73.87,73.87
01/12/2023 19:00:00 - 01/12/2023 20:00:00,SCA|NO3,mFRR,Not Specified,Not Specified,MARGINAL,73.78,73.78
01/12/2023 20:00:00 - 01/12/2023 21:00:00,SCA|NO3,mFRR,Not Specified,Not Specified,MARGINAL,73.67,73.67
01/12/2023 21:00:00 - 01/12/2023 22:00:00,SCA|NO3,mFRR,Not Specified,Not Specified,MARGINAL,73.6,73.6
01/12/2023 22:00:00 - 01/12/2023 23:00:00,SCA|NO3,mFRR,Not Specified,Not Specified,MARGINAL,73.84,73.84
01/12/2023 23:00:00 - 02/12/2023 00:00:00,SCA|NO3,mFRR,Not Specified,Not Specified,MARGINAL,73.73,73.73
02/12/2023 00:00:00 - 02/12/2023 01:00:00,SCA|NO3,mFRR,Not Specified,Not Specified,MARGINAL,102.67,81.92
02/12/2023 01:00:00 - 02/12/2023 02:00:00,SCA|NO3,mFRR,Not Specified,Not Specified,MARGINAL,106.64,83.46
02/12/2023 02:00:00 - 02/12/2023 03:00:00,SCA|NO3,mFRR,Not Specified,Not Specified,MARGINAL,106.64,82.28
02/12/2023 03:00:00 - 02/12/2023 04:00:00,SCA|NO3,mFRR,Not Specified,Not Specified,MARGINAL,106.47,80.44
02/12/2023 04:00:00 - 02/12/2023 05:00:00,SCA|NO3,mFRR,Not Specified,Not Specified,MARGINAL,102.0,81.17
02/12/2023 05:00:00 - 02/12/2023 06:00:00,SCA|NO3,mFRR,Not Specified,Not Specified,MARGINAL,82.01,82.01
02/12/2023 06:00:00 - 02/12/2023 07:00:00,SCA|NO3,mFRR,Not Specified,Not Specified,MARGINAL,83.28,75.0
02/12/2023 07:00:00 - 02/12/2023 08:00:00,SCA|NO3,mFRR,Not Specified,Not Specified,MARGINAL,82.69,75.0
02/12/2023 08:00:00 - 02/12/2023 09:00:00,SCA|NO3,mFRR,Not Specified,Not Specified,MARGINAL,110.0,79.93
02/12/2023 09:00:00 - 02/12/2023 10:00:00,SCA|NO3,mFRR,Not Specified,Not Specified,MARGINAL,110.0,82.57
02/12/2023 10:00:00 - 02/12/2023 11:00:00,SCA|NO3,mFRR,Not Specified,Not Specified,MARGINAL,80.31,80.31
02/12/2023 11:00:00 - 02/12/2023 12:00:00,SCA|NO3,mFRR,Not Specified,Not Specified,MARGINAL,82.78,82.78
02/12/2023 12:00:00 - 02/12/2023 13:00:00,SCA|NO3,mFRR,Not Specified,Not Specified,MARGINAL,82.79,82.79
02/12/2023 13:00:00 - 02/12/2023 14:00:00,SCA|NO3,mFRR,Not Specified,Not Specified,MARGINAL,79.95,79.95
02/12/2023 14:00:00 - 02/12/2023 15:00:00,SCA|NO3,mFRR,Not Specified,Not Specified,MARGINAL,79.39,79.39
02/12/2023 15:00:00 - 02/12/2023 16:00:00,SCA|NO3,mFRR,Not Specified,Not Specified,MARGINAL,110.0,79.43
02/12/2023 16:00:00 - 02/12/2023 17:00:00,SCA|NO3,mFRR,Not Specified,Not Specified,MARGINAL,117.29,79.29
02/12/2023 17:00:00 - 02/12/2023 18:00:00,SCA|NO3,mFRR,Not Specified,Not Specified,MARGINAL,117.29,79.08
02/12/2023 18:00:00 - 02/12/2023 19:00:00,SCA|NO3,mFRR,Not Specified,Not Specified,MARGINAL,117.29,78.08
02/12/2023 19:00:00 - 02/12/2023 20:00:00,SCA|NO3,mFRR,Not Specified,Not Specified,MARGINAL,75.31,75.31
02/12/2023 20:00:00 - 02/12/2023 21:00:00,SCA|NO3,mFRR,Not Specified,Not Specified,MARGINAL,72.87,72.87
02/12/2023 21:00:00 - 02/12/2023 22:00:00,SCA|NO3,mFRR,Not Specified,Not Specified,MARGINAL,72.48,72.48
02/12/2023 22:00:00 - 02/12/2023 23:00:00,SCA|NO3,mFRR,Not Specified,Not Specified,MARGINAL,69.55,69.55
02/12/2023 23:00:00 - 03/12/2023 00:00:00,SCA|NO3,mFRR,Not Specified,Not Specified,MARGINAL,66.82,66.82
03/12/2023 00:00:00 - 03/12/2023 01:00:00,SCA|NO3,mFRR,Not Specified,Not Specified,MARGINAL,85.1,85.1
03/12/2023 01:00:00 - 03/12/2023 02:00:00,SCA|NO3,mFRR,Not Specified,Not Specified,MARGINAL,85.25,85.25
03/12/2023 02:00:00 - 03/12/2023 03:00:00,SCA|NO3,mFRR,Not Specified,Not Specified,MARGINAL,85.16,83.66
03/12/2023 03:00:00 - 03/12/2023 04:00:00,SCA|NO3,mFRR,Not Specified,Not Specified,MARGINAL,85.05,83.55
03/12/2023 04:00:00 - 03/12/2023 05:00:00,SCA|NO3,mFRR,Not Specified,Not Specified,MARGINAL,85.43,85.43
03/12/2023 05:00:00 - 03/12/2023 06:00:00,SCA|NO3,mFRR,Not Specified,Not Specified,MARGINAL,85.12,85.12
03/12/2023 06:00:00 - 03/12/2023 07:00:00,SCA|NO3,mFRR,Not Specified,Not Specified,MARGINAL,84.23,84.23
03/12/2023 07:00:00 - 03/12/2023 08:00:00,SCA|NO3,mFRR,Not Specified,Not Specified,MARGINAL,84.55,84.55
03/12/2023 08:00:00 - 03/12/2023 09:00:00,SCA|NO3,mFRR,Not Specified,Not Specified,MARGINAL,86.96,86.96
03/12/2023 09:00:00 - 03/12/2023 10:00:00,SCA|NO3,mFRR,Not Specified,Not Specified,MARGINAL,89.75,89.75
03/12/2023 10:00:00 - 03/12/2023 11:00:00,SCA|NO3,mFRR,Not Specified,Not Specified,MARGINAL,93.55,93.55
03/12/2023 11:00:00 - 03/12/2023 12:00:00,SCA|NO3,mFRR,Not Specified,Not Specified,MARGINAL,110.0,95.43
03/12/2023 12:00:00 - 03/12/2023 13:00:00,SCA|NO3,mFRR,Not Specified,Not Specified,MARGINAL,110.0,95.39
03/12/2023 13:00:00 - 03/12/2023 14:00:00,SCA|NO3,mFRR,Not Specified,Not Specified,MARGINAL,110.0,95.46
03/12/2023 14:00:00 - 03/12/2023 15:00:00,SCA|NO3,mFRR,Not Specified,Not Specified,MARGINAL,110.68,95.55
03/12/2023 15:00:00 - 03/12/2023 16:00:00,SCA|NO3,mFRR,Not Specified,Not Specified,MARGINAL,119.0,95.68
03/12/2023 16:00:00 - 03/12/2023 17:00:00,SCA|NO3,mFRR,Not Specified,Not Specified,MARGINAL,127.0,95.83
03/12/2023 17:00:00 - 03/12/2023 18:00:00,SCA|NO3,mFRR,Not Specified,Not Specified,MARGINAL,118.9,98.74
03/12/2023 18:00:00 - 03/12/2023 19:00:00,SCA|NO3,mFRR,Not Specified,Not Specified,MARGINAL,132.72,95.93
03/12/2023 19:00:00 - 03/12/2023 20:00:00,SCA|NO3,mFRR,Not Specified,Not Specified,MARGINAL,132.45,95.69
03/12/2023 20:00:00 - 03/12/2023 21:00:00,SCA|NO3,mFRR,Not Specified,Not Specified,MARGINAL,119.0,95.57
03/12/2023 21:00:00 - 03/12/2023 22:00:00,SCA|NO3,mFRR,Not Specified,Not Specified,MARGINAL,132.92,95.03
03/12/2023 22:00:00 - 03/12/2023 23:00:00,SCA|NO3,mFRR,Not Specified,Not Specified,MARGINAL,125.0,94.49
03/12/2023 23:00:00 - 04/12/2023 00:00:00,SCA|NO3,mFRR,Not Specified,Not Specified,MARGINAL,116.0,91.12
04/12/2023 00:00:00 - 04/12/2023 01:00:00,SCA|NO3,mFRR,Not Specified,Not Specified,MARGINAL,109.5,96.17
04/12/2023 01:00:00 - 04/12/2023 02:00:00,SCA|NO3,mFRR,Not Specified,Not Specified,MARGINAL,106.0,92.49
04/12/2023 02:00:00 - 04/12/2023 03:00:00,SCA|NO3,mFRR,Not Specified,Not Specified,MARGINAL,90.46,90.46
04/12/2023 03:00:00 - 04/12/2023 04:00:00,SCA|NO3,mFRR,Not Specified,Not Specified,MARGINAL,88.12,82.0
04/12/2023 04:00:00 - 04/12/2023 05:00:00,SCA|NO3,mFRR,Not Specified,Not Specified,MARGINAL,88.58,82.0
04/12/2023 05:00:00 - 04/12/2023 06:00:00,SCA|NO3,mFRR,Not Specified,Not Specified,MARGINAL,94.99,82.0
04/12/2023 06:00:00 - 04/12/2023 07:00:00,SCA|NO3,mFRR,Not Specified,Not Specified,MARGINAL,110.0,90.0
04/12/2023 07:00:00 - 04/12/2023 08:00:00,SCA|NO3,mFRR,Not Specified,Not Specified,MARGINAL,220.0,199.03
04/12/2023 08:00:00 - 04/12/2023 09:00:00,SCA|NO3,mFRR,Not Specified,Not Specified,MARGINAL,268.27,235.61
04/12/2023 09:00:00 - 04/12/2023 10:00:00,SCA|NO3,mFRR,Not Specified,Not Specified,MARGINAL,239.94,236.49
04/12/2023 10:00:00 - 04/12/2023 11:00:00,SCA|NO3,mFRR,Not Specified,Not Specified,MARGINAL,268.27,206.33
04/12/2023 11:00:00 - 04/12/2023 12:00:00,SCA|NO3,mFRR,Not Specified,Not Specified,MARGINAL,226.1,166.09
04/12/2023 12:00:00 - 04/12/2023 13:00:00,SCA|NO3,mFRR,Not Specified,Not Specified,MARGINAL,222.39,160.07
04/12/2023 13:00:00 - 04/12/2023 14:00:00,SCA|NO3,mFRR,Not Specified,Not Specified,MARGINAL,167.0,120.0
04/12/2023 14:00:00 - 04/12/2023 15:00:00,SCA|NO3,mFRR,Not Specified,Not Specified,MARGINAL,175.04,120.0
04/12/2023 15:00:00 - 04/12/2023 16:00:00,SCA|NO3,mFRR,Not Specified,Not Specified,MARGINAL,209.76,209.76
04/12/2023 16:00:00 - 04/12/2023 17:00:00,SCA|NO3,mFRR,Not Specified,Not Specified,MARGINAL,262.73,262.73
04/12/2023 17:00:00 - 04/12/2023 18:00:00,SCA|NO3,mFRR,Not Specified,Not Specified,MARGINAL,311.66,206.35
04/12/2023 18:00:00 - 04/12/2023 19:00:00,SCA|NO3,mFRR,Not Specified,Not Specified,MARGINAL,237.0,184.29
04/12/2023 19:00:00 - 04/12/2023 20:00:00,SCA|NO3,mFRR,Not Specified,Not Specified,MARGINAL,151.05,151.05
04/12/2023 20:00:00 - 04/12/2023 21:00:00,SCA|NO3,mFRR,Not Specified,Not Specified,MARGINAL,124.49,100.0
04/12/2023 21:00:00 - 04/12/2023 22:00:00,SCA|NO3,mFRR,Not Specified,Not Specified,MARGINAL,108.46,100.0
04/12/2023 22:00:00 - 04/12/2023 23:00:00,SCA|NO3,mFRR,Not Specified,Not Specified,MARGINAL,102.69,102.69
04/12/2023 23:00:00 - 05/12/2023 00:00:00,SCA|NO3,mFRR,Not Specified,Not Specified,MARGINAL,106.5,94.79
05/12/2023 00:00:00 - 05/12/2023 01:00:00,SCA|NO3,mFRR,Not Specified,Not Specified,MARGINAL,105.5,93.76
05/12/2023 01:00:00 - 05/12/2023 02:00:00,SCA|NO3,mFRR,Not Specified,Not Specified,MARGINAL,95.0,90.82
05/12/2023 02:00:00 - 05/12/2023 03:00:00,SCA|NO3,mFRR,Not Specified,Not Specified,MARGINAL,97.0,88.47
05/12/2023 03:00:00 - 05/12/2023 04:00:00,SCA|NO3,mFRR,Not Specified,Not Specified,MARGINAL,97.0,87.54
05/12/2023 04:00:00 - 05/12/2023 05:00:00,SCA|NO3,mFRR,Not Specified,Not Specified,MARGINAL,88.56,81.5
05/12/2023 05:00:00 - 05/12/2023 06:00:00,SCA|NO3,mFRR,Not Specified,Not Specified,MARGINAL,94.32,83.0
05/12/2023 06:00:00 - 05/12/2023 07:00:00,SCA|NO3,mFRR,Not Specified,Not Specified,MARGINAL,110.73,87.5
05/12/2023 07:00:00 - 05/12/2023 08:00:00,SCA|NO3,mFRR,Not Specified,Not Specified,MARGINAL,187.19,187.19
05/12/2023 08:00:00 - 05/12/2023 09:00:00,SCA|NO3,mFRR,Not Specified,Not Specified,MARGINAL,500.0,332.0
05/12/2023 09:00:00 - 05/12/2023 10:00:00,SCA|NO3,mFRR,Not Specified,Not Specified,MARGINAL,500.0,250.08
05/12/2023 10:00:00 - 05/12/2023 11:00:00,SCA|NO3,mFRR,Not Specified,Not Specified,MARGINAL,249.89,249.89
05/12/2023 11:00:00 - 05/12/2023 12:00:00,SCA|NO3,mFRR,Not Specified,Not Specified,MARGINAL,202.95,202.95
05/12/2023 12:00:00 - 05/12/2023 13:00:00,SCA|NO3,mFRR,Not Specified,Not Specified,MARGINAL,187.85,187.85
05/12/2023 13:00:00 - 05/12/2023 14:00:00,SCA|NO3,mFRR,Not Specified,Not Specified,MARGINAL,188.73,188.73
05/12/2023 14:00:00 - 05/12/2023 15:00:00,SCA|NO3,mFRR,Not Specified,Not Specified,MARGINAL,199.19,199.19
05/12/2023 15:00:00 - 05/12/2023 16:00:00,SCA|NO3,mFRR,Not Specified,Not Specified,MARGINAL,226.94,226.94
05/12/2023 16:00:00 - 05/12/2023 17:00:00,SCA|NO3,mFRR,Not Specified,Not Specified,MARGINAL,225.73,225.73
05/12/2023 17:00:00 - 05/12/2023 18:00:00,SCA|NO3,mFRR,Not Specified,Not Specified,MARGINAL,172.6,115.0
05/12/2023 18:00:00 - 05/12/2023 19:00:00,SCA|NO3,mFRR,Not Specified,Not Specified,MARGINAL,151.29,115.0
05/12/2023 19:00:00 - 05/12/2023 20:00:00,SCA|NO3,mFRR,Not Specified,Not Specified,MARGINAL,143.19,143.19
05/12/2023 20:00:00 - 05/12/2023 21:00:00,SCA|NO3,mFRR,Not Specified,Not Specified,MARGINAL,130.0,128.63
05/12/2023 21:00:00 - 05/12/2023 22:00:00,SCA|NO3,mFRR,Not Specified,Not Specified,MARGINAL,119.0,117.83
05/12/2023 22:00:00 - 05/12/2023 23:00:00,SCA|NO3,mFRR,Not Specified,Not Specified,MARGINAL,113.0,111.55
05/12/2023 23:00:00 - 06/12/2023 00:00:00,SCA|NO3,mFRR,Not Specified,Not Specified,MARGINAL,103.28,94.0
06/12/2023 00:00:00 - 06/12/2023 01:00:00,SCA|NO3,mFRR,Not Specified,Not Specified,MARGINAL,97.31,80.5
06/12/2023 01:00:00 - 06/12/2023 02:00:00,SCA|NO3,mFRR,Not Specified,Not Specified,MARGINAL,94.85,80.5
06/12/2023 02:00:00 - 06/12/2023 03:00:00,SCA|NO3,mFRR,Not Specified,Not Specified,MARGINAL,93.66,82.0
06/12/2023 03:00:00 - 06/12/2023 04:00:00,SCA|NO3,mFRR,Not Specified,Not Specified,MARGINAL,93.2,82.0
06/12/2023 04:00:00 - 06/12/2023 05:00:00,SCA|NO3,mFRR,Not Specified,Not Specified,MARGINAL,92.82,82.0
06/12/2023 05:00:00 - 06/12/2023 06:00:00,SCA|NO3,mFRR,Not Specified,Not Specified,MARGINAL,95.33,82.0
06/12/2023 06:00:00 - 06/12/2023 07:00:00,SCA|NO3,mFRR,Not Specified,Not Specified,MARGINAL,106.94,90.6
06/12/2023 07:00:00 - 06/12/2023 08:00:00,SCA|NO3,mFRR,Not Specified,Not Specified,MARGINAL,137.15,110.0
06/12/2023 08:00:00 - 06/12/2023 09:00:00,SCA|NO3,mFRR,Not Specified,Not Specified,MARGINAL,171.99,110.0
06/12/2023 09:00:00 - 06/12/2023 10:00:00,SCA|NO3,mFRR,Not Specified,Not Specified,MARGINAL,171.52,110.0
06/12/2023 10:00:00 - 06/12/2023 11:00:00,SCA|NO3,mFRR,Not Specified,Not Specified,MARGINAL,154.48,154.48
06/12/2023 11:00:00 - 06/12/2023 12:00:00,SCA|NO3,mFRR,Not Specified,Not Specified,MARGINAL,150.0,149.88
06/12/2023 12:00:00 - 06/12/2023 13:00:00,SCA|NO3,mFRR,Not Specified,Not Specified,MARGINAL,150.0,113.0
06/12/2023 13:00:00 - 06/12/2023 14:00:00,SCA|NO3,mFRR,Not Specified,Not Specified,MARGINAL,144.5,105.0
06/12/2023 14:00:00 - 06/12/2023 15:00:00,SCA|NO3,mFRR,Not Specified,Not Specified,MARGINAL,195.62,105.0
06/12/2023 15:00:00 - 06/12/2023 16:00:00,SCA|NO3,mFRR,Not Specified,Not Specified,MARGINAL,200.0,147.53
06/12/2023 16:00:00 - 06/12/2023 17:00:00,SCA|NO3,mFRR,Not Specified,Not Specified,MARGINAL,233.38,164.0
06/12/2023 17:00:00 - 06/12/2023 18:00:00,SCA|NO3,mFRR,Not Specified,Not Specified,MARGINAL,670.7,178.07
06/12/2023 18:00:00 - 06/12/2023 19:00:00,SCA|NO3,mFRR,Not Specified,Not Specified,MARGINAL,670.7,165.28
06/12/2023 19:00:00 - 06/12/2023 20:00:00,SCA|NO3,mFRR,Not Specified,Not Specified,MARGINAL,300.0,149.93
06/12/2023 20:00:00 - 06/12/2023 21:00:00,SCA|NO3,mFRR,Not Specified,Not Specified,MARGINAL,126.14,126.14
06/12/2023 21:00:00 - 06/12/2023 22:00:00,SCA|NO3,mFRR,Not Specified,Not Specified,MARGINAL,105.93,105.93
06/12/2023 22:00:00 - 06/12/2023 23:00:00,SCA|NO3,mFRR,Not Specified,Not Specified,MARGINAL,104.0,104.0
06/12/2023 23:00:00 - 07/12/2023 00:00:00,SCA|NO3,mFRR,Not Specified,Not Specified,MARGINAL,97.74,97.74
07/12/2023 00:00:00 - 07/12/2023 01:00:00,SCA|NO3,mFRR,Not Specified,Not Specified,MARGINAL,110.0,96.03
07/12/2023 01:00:00 - 07/12/2023 02:00:00,SCA|NO3,mFRR,Not Specified,Not Specified,MARGINAL,110.0,94.81
07/12/2023 02:00:00 - 07/12/2023 03:00:00,SCA|NO3,mFRR,Not Specified,Not Specified,MARGINAL,110.0,93.85
07/12/2023 03:00:00 - 07/12/2023 04:00:00,SCA|NO3,mFRR,Not Specified,Not Specified,MARGINAL,109.0,89.99
07/12/2023 04:00:00 - 07/12/2023 05:00:00,SCA|NO3,mFRR,Not Specified,Not Specified,MARGINAL,103.0,89.57
07/12/2023 05:00:00 - 07/12/2023 06:00:00,SCA|NO3,mFRR,Not Specified,Not Specified,MARGINAL,104.0,93.39
07/12/2023 06:00:00 - 07/12/2023 07:00:00,SCA|NO3,mFRR,Not Specified,Not Specified,MARGINAL,130.0,98.34
07/12/2023 07:00:00 - 07/12/2023 08:00:00,SCA|NO3,mFRR,Not Specified,Not Specified,MARGINAL,130.0,100.48
07/12/2023 08:00:00 - 07/12/2023 09:00:00,SCA|NO3,mFRR,Not Specified,Not Specified,MARGINAL,146.0,103.36
07/12/2023 09:00:00 - 07/12/2023 10:00:00,SCA|NO3,mFRR,Not Specified,Not Specified,MARGINAL,146.0,100.78
07/12/2023 10:00:00 - 07/12/2023 11:00:00,SCA|NO3,mFRR,Not Specified,Not Specified,MARGINAL,146.0,100.9
07/12/2023 11:00:00 - 07/12/2023 12:00:00,SCA|NO3,mFRR,Not Specified,Not Specified,MARGINAL,146.0,100.61
07/12/2023 12:00:00 - 07/12/2023 13:00:00,SCA|NO3,mFRR,Not Specified,Not Specified,MARGINAL,139.0,100.9
07/12/2023 13:00:00 - 07/12/2023 14:00:00,SCA|NO3,mFRR,Not Specified,Not Specified,MARGINAL,138.0,103.06
07/12/2023 14:00:00 - 07/12/2023 15:00:00,SCA|NO3,mFRR,Not Specified,Not Specified,MARGINAL,138.0,103.36
07/12/2023 15:00:00 - 07/12/2023 16:00:00,SCA|NO3,mFRR,Not Specified,Not Specified,MARGINAL,138.0,105.5
07/12/2023 16:00:00 - 07/12/2023 17:00:00,SCA|NO3,mFRR,Not Specified,Not Specified,MARGINAL,132.0,102.85
07/12/2023 17:00:00 - 07/12/2023 18:00:00,SCA|NO3,mFRR,Not Specified,Not Specified,MARGINAL,128.0,100.73
07/12/2023 18:00:00 - 07/12/2023 19:00:00,SCA|NO3,mFRR,Not Specified,Not Specified,MARGINAL,120.0,100.21
07/12/2023 19:00:00 - 07/12/2023 20:00:00,SCA|NO3,mFRR,Not Specified,Not Specified,MARGINAL,112.0,100.38
07/12/2023 20:00:00 - 07/12/2023 21:00:00,SCA|NO3,mFRR,Not Specified,Not Specified,MARGINAL,107.0,95.73
07/12/2023 21:00:00 - 07/12/2023 22:00:00,SCA|NO3,mFRR,Not Specified,Not Specified,MARGINAL,104.0,94.19
07/12/2023 22:00:00 - 07/12/2023 23:00:00,SCA|NO3,mFRR,Not Specified,Not Specified,MARGINAL,115.0,93.62
07/12/2023 23:00:00 - 08/12/2023 00:00:00,SCA|NO3,mFRR,Not Specified,Not Specified,MARGINAL,100.0,87.08
08/12/2023 00:00:00 - 08/12/2023 01:00:00,SCA|NO3,mFRR,Not Specified,Not Specified,MARGINAL,87.09,75.0
08/12/2023 01:00:00 - 08/12/2023 02:00:00,SCA|NO3,mFRR,Not Specified,Not Specified,MARGINAL,83.26,75.0
08/12/2023 02:00:00 - 08/12/2023 03:00:00,SCA|NO3,mFRR,Not Specified,Not Specified,MARGINAL,81.43,75.0
08/12/2023 03:00:00 - 08/12/2023 04:00:00,SCA|NO3,mFRR,Not Specified,Not Specified,MARGINAL,79.52,79.52
08/12/2023 04:00:00 - 08/12/2023 05:00:00,SCA|NO3,mFRR,Not Specified,Not Specified,MARGINAL,80.0,80.0
08/12/2023 05:00:00 - 08/12/2023 06:00:00,SCA|NO3,mFRR,Not Specified,Not Specified,MARGINAL,87.04,87.04
08/12/2023 06:00:00 - 08/12/2023 07:00:00,SCA|NO3,mFRR,Not Specified,Not Specified,MARGINAL,93.63,93.63
08/12/2023 07:00:00 - 08/12/2023 08:00:00,SCA|NO3,mFRR,Not Specified,Not Specified,MARGINAL,102.36,102.36
08/12/2023 08:00:00 - 08/12/2023 09:00:00,SCA|NO3,mFRR,Not Specified,Not Specified,MARGINAL,109.0,109.0
08/12/2023 09:00:00 - 08/12/2023 10:00:00,SCA|NO3,mFRR,Not Specified,Not Specified,MARGINAL,105.59,98.0
08/12/2023 10:00:00 - 08/12/2023 11:00:00,SCA|NO3,mFRR,Not Specified,Not Specified,MARGINAL,102.69,97.69
08/12/2023 11:00:00 - 08/12/2023 12:00:00,SCA|NO3,mFRR,Not Specified,Not Specified,MARGINAL,96.36,96.36
08/12/2023 12:00:00 - 08/12/2023 13:00:00,SCA|NO3,mFRR,Not Specified,Not Specified,MARGINAL,95.22,95.22
08/12/2023 13:00:00 - 08/12/2023 14:00:00,SCA|NO3,mFRR,Not Specified,Not Specified,MARGINAL,93.72,93.72
08/12/2023 14:00:00 - 08/12/2023 15:00:00,SCA|NO3,mFRR,Not Specified,Not Specified,MARGINAL,89.36,89.36
08/12/2023 15:00:00 - 08/12/2023 16:00:00,SCA|NO3,mFRR,Not Specified,Not Specified,MARGINAL,85.08,85.08
08/12/2023 16:00:00 - 08/12/2023 17:00:00,SCA|NO3,mFRR,Not Specified,Not Specified,MARGINAL,79.89,79.89
08/12/2023 17:00:00 - 08/12/2023 18:00:00,SCA|NO3,mFRR,Not Specified,Not Specified,MARGINAL,78.55,78.55
08/12/2023 18:00:00 - 08/12/2023 19:00:00,SCA|NO3,mFRR,Not Specified,Not Specified,MARGINAL,130.0,77.23
08/12/2023 19:00:00 - 08/12/2023 20:00:00,SCA|NO3,mFRR,Not Specified,Not Specified,MARGINAL,115.0,80.56
08/12/2023 20:00:00 - 08/12/2023 21:00:00,SCA|NO3,mFRR,Not Specified,Not Specified,MARGINAL,115.0,87.7
08/12/2023 21:00:00 - 08/12/2023 22:00:00,SCA|NO3,mFRR,Not Specified,Not Specified,MARGINAL,99.0,82.44
08/12/2023 22:00:00 - 08/12/2023 23:00:00,SCA|NO3,mFRR,Not Specified,Not Specified,MARGINAL,100.0,73.22
08/12/2023 23:00:00 - 09/12/2023 00:00:00,SCA|NO3,mFRR,Not Specified,Not Specified,MARGINAL,97.0,69.99
09/12/2023 00:00:00 - 09/12/2023 01:00:00,SCA|NO3,mFRR,Not Specified,Not Specified,MARGINAL,103.0,60.0
09/12/2023 01:00:00 - 09/12/2023 02:00:00,SCA|NO3,mFRR,Not Specified,Not Specified,MARGINAL,101.0,59.71
09/12/2023 02:00:00 - 09/12/2023 03:00:00,SCA|NO3,mFRR,Not Specified,Not Specified,MARGINAL,95.0,59.61
09/12/2023 03:00:00 - 09/12/2023 04:00:00,SCA|NO3,mFRR,Not Specified,Not Specified,MARGINAL,93.89,58.65
09/12/2023 04:00:00 - 09/12/2023 05:00:00,SCA|NO3,mFRR,Not Specified,Not Specified,MARGINAL,93.89,60.0
09/12/2023 05:00:00 - 09/12/2023 06:00:00,SCA|NO3,mFRR,Not Specified,Not Specified,MARGINAL,94.51,54.83
09/12/2023 06:00:00 - 09/12/2023 07:00:00,SCA|NO3,mFRR,Not Specified,Not Specified,MARGINAL,93.89,58.82
09/12/2023 07:00:00 - 09/12/2023 08:00:00,SCA|NO3,mFRR,Not Specified,Not Specified,MARGINAL,80.0,61.41
09/12/2023 08:00:00 - 09/12/2023 09:00:00,SCA|NO3,mFRR,Not Specified,Not Specified,MARGINAL,78.0,60.0
09/12/2023 09:00:00 - 09/12/2023 10:00:00,SCA|NO3,mFRR,Not Specified,Not Specified,MARGINAL,89.0,61.24
09/12/2023 10:00:00 - 09/12/2023 11:00:00,SCA|NO3,mFRR,Not Specified,Not Specified,MARGINAL,89.0,64.7
09/12/2023 11:00:00 - 09/12/2023 12:00:00,SCA|NO3,mFRR,Not Specified,Not Specified,MARGINAL,80.0,63.84
09/12/2023 12:00:00 - 09/12/2023 13:00:00,SCA|NO3,mFRR,Not Specified,Not Specified,MARGINAL,80.0,62.37
09/12/2023 13:00:00 - 09/12/2023 14:00:00,SCA|NO3,mFRR,Not Specified,Not Specified,MARGINAL,80.0,63.09
09/12/2023 14:00:00 - 09/12/2023 15:00:00,SCA|NO3,mFRR,Not Specified,Not Specified,MARGINAL,86.0,63.13
09/12/2023 15:00:00 - 09/12/2023 16:00:00,SCA|NO3,mFRR,Not Specified,Not Specified,MARGINAL,86.0,64.7
09/12/2023 16:00:00 - 09/12/2023 17:00:00,SCA|NO3,mFRR,Not Specified,Not Specified,MARGINAL,83.0,64.87
09/12/2023 17:00:00 - 09/12/2023 18:00:00,SCA|NO3,mFRR,Not Specified,Not Specified,MARGINAL,80.48,64.58
09/12/2023 18:00:00 - 09/12/2023 19:00:00,SCA|NO3,mFRR,Not Specified,Not Specified,MARGINAL,64.72,64.72
09/12/2023 19:00:00 - 09/12/2023 20:00:00,SCA|NO3,mFRR,Not Specified,Not Specified,MARGINAL,64.24,64.0
09/12/2023 20:00:00 - 09/12/2023 21:00:00,SCA|NO3,mFRR,Not Specified,Not Specified,MARGINAL,64.46,59.0
09/12/2023 21:00:00 - 09/12/2023 22:00:00,SCA|NO3,mFRR,Not Specified,Not Specified,MARGINAL,60.41,60.41
09/12/2023 22:00:00 - 09/12/2023 23:00:00,SCA|NO3,mFRR,Not Specified,Not Specified,MARGINAL,76.0,56.84
09/12/2023 23:00:00 - 10/12/2023 00:00:00,SCA|NO3,mFRR,Not Specified,Not Specified,MARGINAL,67.07,46.18
10/12/2023 00:00:00 - 10/12/2023 01:00:00,SCA|NO3,mFRR,Not Specified,Not Specified,MARGINAL,58.65,41.72
10/12/2023 01:00:00 - 10/12/2023 02:00:00,SCA|NO3,mFRR,Not Specified,Not Specified,MARGINAL,58.65,39.22
10/12/2023 02:00:00 - 10/12/2023 03:00:00,SCA|NO3,mFRR,Not Specified,Not Specified,MARGINAL,55.0,38.3
10/12/2023 03:00:00 - 10/12/2023 04:00:00,SCA|NO3,mFRR,Not Specified,Not Specified,MARGINAL,39.01,28.12
10/12/2023 04:00:00 - 10/12/2023 05:00:00,SCA|NO3,mFRR,Not Specified,Not Specified,MARGINAL,32.37,27.64
10/12/2023 05:00:00 - 10/12/2023 06:00:00,SCA|NO3,mFRR,Not Specified,Not Specified,MARGINAL,34.36,18.0
10/12/2023 06:00:00 - 10/12/2023 07:00:00,SCA|NO3,mFRR,Not Specified,Not Specified,MARGINAL,33.67,18.0
10/12/2023 07:00:00 - 10/12/2023 08:00:00,SCA|NO3,mFRR,Not Specified,Not Specified,MARGINAL,58.65,44.7
10/12/2023 08:00:00 - 10/12/2023 09:00:00,SCA|NO3,mFRR,Not Specified,Not Specified,MARGINAL,60.86,52.0
10/12/2023 09:00:00 - 10/12/2023 10:00:00,SCA|NO3,mFRR,Not Specified,Not Specified,MARGINAL,65.78,54.55
10/12/2023 10:00:00 - 10/12/2023 11:00:00,SCA|NO3,mFRR,Not Specified,Not Specified,MARGINAL,67.35,62.0
10/12/2023 11:00:00 - 10/12/2023 12:00:00,SCA|NO3,mFRR,Not Specified,Not Specified,MARGINAL,80.0,71.4
10/12/2023 12:00:00 - 10/12/2023 13:00:00,SCA|NO3,mFRR,Not Specified,Not Specified,MARGINAL,77.0,68.85
10/12/2023 13:00:00 - 10/12/2023 14:00:00,SCA|NO3,mFRR,Not Specified,Not Specified,MARGINAL,69.24,69.24
10/12/2023 14:00:00 - 10/12/2023 15:00:00,SCA|NO3,mFRR,Not Specified,Not Specified,MARGINAL,71.39,71.39
10/12/2023 15:00:00 - 10/12/2023 16:00:00,SCA|NO3,mFRR,Not Specified,Not Specified,MARGINAL,76.39,76.39
10/12/2023 16:00:00 - 10/12/2023 17:00:00,SCA|NO3,mFRR,Not Specified,Not Specified,MARGINAL,80.3,70.0
10/12/2023 17:00:00 - 10/12/2023 18:00:00,SCA|NO3,mFRR,Not Specified,Not Specified,MARGINAL,81.0,70.0
10/12/2023 18:00:00 - 10/12/2023 19:00:00,SCA|NO3,mFRR,Not Specified,Not Specified,MARGINAL,89.0,85.42
10/12/2023 19:00:00 - 10/12/2023 20:00:00,SCA|NO3,mFRR,Not Specified,Not Specified,MARGINAL,89.0,80.76
10/12/2023 20:00:00 - 10/12/2023 21:00:00,SCA|NO3,mFRR,Not Specified,Not Specified,MARGINAL,78.05,78.05
10/12/2023 21:00:00 - 10/12/2023 22:00:00,SCA|NO3,mFRR,Not Specified,Not Specified,MARGINAL,77.14,77.14
10/12/2023 22:00:00 - 10/12/2023 23:00:00,SCA|NO3,mFRR,Not Specified,Not Specified,MARGINAL,83.0,76.14
10/12/2023 23:00:00 - 11/12/2023 00:00:00,SCA|NO3,mFRR,Not Specified,Not Specified,MARGINAL,69.16,62.5
11/12/2023 00:00:00 - 11/12/2023 01:00:00,SCA|NO3,mFRR,Not Specified,Not Specified,MARGINAL,49.31,49.31
11/12/2023 01:00:00 - 11/12/2023 02:00:00,SCA|NO3,mFRR,Not Specified,Not Specified,MARGINAL,65.66,46.25
11/12/2023 02:00:00 - 11/12/2023 03:00:00,SCA|NO3,mFRR,Not Specified,Not Specified,MARGINAL,71.0,46.15
11/12/2023 03:00:00 - 11/12/2023 04:00:00,SCA|NO3,mFRR,Not Specified,Not Specified,MARGINAL,71.0,45.55
11/12/2023 04:00:00 - 11/12/2023 05:00:00,SCA|NO3,mFRR,Not Specified,Not Specified,MARGINAL,46.65,46.65
11/12/2023 05:00:00 - 11/12/2023 06:00:00,SCA|NO3,mFRR,Not Specified,Not Specified,MARGINAL,51.01,51.01
11/12/2023 06:00:00 - 11/12/2023 07:00:00,SCA|NO3,mFRR,Not Specified,Not Specified,MARGINAL,74.59,71.0
11/12/2023 07:00:00 - 11/12/2023 08:00:00,SCA|NO3,mFRR,Not Specified,Not Specified,MARGINAL,105.0,88.93
11/12/2023 08:00:00 - 11/12/2023 09:00:00,SCA|NO3,mFRR,Not Specified,Not Specified,MARGINAL,105.0,95.63
11/12/2023 09:00:00 - 11/12/2023 10:00:00,SCA|NO3,mFRR,Not Specified,Not Specified,MARGINAL,105.0,96.91
11/12/2023 10:00:00 - 11/12/2023 11:00:00,SCA|NO3,mFRR,Not Specified,Not Specified,MARGINAL,104.0,93.36
11/12/2023 11:00:00 - 11/12/2023 12:00:00,SCA|NO3,mFRR,Not Specified,Not Specified,MARGINAL,100.0,90.68
11/12/2023 12:00:00 - 11/12/2023 13:00:00,SCA|NO3,mFRR,Not Specified,Not Specified,MARGINAL,94.31,89.31
11/12/2023 13:00:00 - 11/12/2023 14:00:00,SCA|NO3,mFRR,Not Specified,Not Specified,MARGINAL,100.0,89.41
11/12/2023 14:00:00 - 11/12/2023 15:00:00,SCA|NO3,mFRR,Not Specified,Not Specified,MARGINAL,100.5,92.9
11/12/2023 15:00:00 - 11/12/2023 16:00:00,SCA|NO3,mFRR,Not Specified,Not Specified,MARGINAL,100.5,95.92
11/12/2023 16:00:00 - 11/12/2023 17:00:00,SCA|NO3,mFRR,Not Specified,Not Specified,MARGINAL,107.0,105.51
11/12/2023 17:00:00 - 11/12/2023 18:00:00,SCA|NO3,mFRR,Not Specified,Not Specified,MARGINAL,117.99,91.0
11/12/2023 18:00:00 - 11/12/2023 19:00:00,SCA|NO3,mFRR,Not Specified,Not Specified,MARGINAL,122.64,100.0
11/12/2023 19:00:00 - 11/12/2023 20:00:00,SCA|NO3,mFRR,Not Specified,Not Specified,MARGINAL,119.0,115.74
11/12/2023 20:00:00 - 11/12/2023 21:00:00,SCA|NO3,mFRR,Not Specified,Not Specified,MARGINAL,112.0,110.72
11/12/2023 21:00:00 - 11/12/2023 22:00:00,SCA|NO3,mFRR,Not Specified,Not Specified,MARGINAL,98.81,83.0
11/12/2023 22:00:00 - 11/12/2023 23:00:00,SCA|NO3,mFRR,Not Specified,Not Specified,MARGINAL,95.79,83.0
11/12/2023 23:00:00 - 12/12/2023 00:00:00,SCA|NO3,mFRR,Not Specified,Not Specified,MARGINAL,80.25,80.25
12/12/2023 00:00:00 - 12/12/2023 01:00:00,SCA|NO3,mFRR,Not Specified,Not Specified,MARGINAL,88.05,73.0
12/12/2023 01:00:00 - 12/12/2023 02:00:00,SCA|NO3,mFRR,Not Specified,Not Specified,MARGINAL,87.06,73.0
12/12/2023 02:00:00 - 12/12/2023 03:00:00,SCA|NO3,mFRR,Not Specified,Not Specified,MARGINAL,85.62,73.0
12/12/2023 03:00:00 - 12/12/2023 04:00:00,SCA|NO3,mFRR,Not Specified,Not Specified,MARGINAL,84.42,70.0
12/12/2023 04:00:00 - 12/12/2023 05:00:00,SCA|NO3,mFRR,Not Specified,Not Specified,MARGINAL,85.38,70.0
12/12/2023 05:00:00 - 12/12/2023 06:00:00,SCA|NO3,mFRR,Not Specified,Not Specified,MARGINAL,89.03,74.0
12/12/2023 06:00:00 - 12/12/2023 07:00:00,SCA|NO3,mFRR,Not Specified,Not Specified,MARGINAL,101.32,75.5
12/12/2023 07:00:00 - 12/12/2023 08:00:00,SCA|NO3,mFRR,Not Specified,Not Specified,MARGINAL,117.08,80.0
12/12/2023 08:00:00 - 12/12/2023 09:00:00,SCA|NO3,mFRR,Not Specified,Not Specified,MARGINAL,149.93,80.0
12/12/2023 09:00:00 - 12/12/2023 10:00:00,SCA|NO3,mFRR,Not Specified,Not Specified,MARGINAL,146.59,82.5
12/12/2023 10:00:00 - 12/12/2023 11:00:00,SCA|NO3,mFRR,Not Specified,Not Specified,MARGINAL,143.88,82.5
12/12/2023 11:00:00 - 12/12/2023 12:00:00,SCA|NO3,mFRR,Not Specified,Not Specified,MARGINAL,144.28,86.0
12/12/2023 12:00:00 - 12/12/2023 13:00:00,SCA|NO3,mFRR,Not Specified,Not Specified,MARGINAL,146.42,90.0
12/12/2023 13:00:00 - 12/12/2023 14:00:00,SCA|NO3,mFRR,Not Specified,Not Specified,MARGINAL,145.84,90.0
12/12/2023 14:00:00 - 12/12/2023 15:00:00,SCA|NO3,mFRR,Not Specified,Not Specified,MARGINAL,149.81,92.0
12/12/2023 15:00:00 - 12/12/2023 16:00:00,SCA|NO3,mFRR,Not Specified,Not Specified,MARGINAL,164.72,92.0
12/12/2023 16:00:00 - 12/12/2023 17:00:00,SCA|NO3,mFRR,Not Specified,Not Specified,MARGINAL,180.83,86.0
12/12/2023 17:00:00 - 12/12/2023 18:00:00,SCA|NO3,mFRR,Not Specified,Not Specified,MARGINAL,124.14,82.5
12/12/2023 18:00:00 - 12/12/2023 19:00:00,SCA|NO3,mFRR,Not Specified,Not Specified,MARGINAL,118.11,82.5
12/12/2023 19:00:00 - 12/12/2023 20:00:00,SCA|NO3,mFRR,Not Specified,Not Specified,MARGINAL,106.46,80.07
12/12/2023 20:00:00 - 12/12/2023 21:00:00,SCA|NO3,mFRR,Not Specified,Not Specified,MARGINAL,94.41,80.07
12/12/2023 21:00:00 - 12/12/2023 22:00:00,SCA|NO3,mFRR,Not Specified,Not Specified,MARGINAL,88.48,82.5
12/12/2023 22:00:00 - 12/12/2023 23:00:00,SCA|NO3,mFRR,Not Specified,Not Specified,MARGINAL,85.42,85.42
12/12/2023 23:00:00 - 13/12/2023 00:00:00,SCA|NO3,mFRR,Not Specified,Not Specified,MARGINAL,79.4,73.0
13/12/2023 00:00:00 - 13/12/2023 01:00:00,SCA|NO3,mFRR,Not Specified,Not Specified,MARGINAL,77.33,66.0
13/12/2023 01:00:00 - 13/12/2023 02:00:00,SCA|NO3,mFRR,Not Specified,Not Specified,MARGINAL,75.26,65.0
13/12/2023 02:00:00 - 13/12/2023 03:00:00,SCA|NO3,mFRR,Not Specified,Not Specified,MARGINAL,75.52,60.0
13/12/2023 03:00:00 - 13/12/2023 04:00:00,SCA|NO3,mFRR,Not Specified,Not Specified,MARGINAL,73.18,55.5
13/12/2023 04:00:00 - 13/12/2023 05:00:00,SCA|NO3,mFRR,Not Specified,Not Specified,MARGINAL,73.02,55.0
13/12/2023 05:00:00 - 13/12/2023 06:00:00,SCA|NO3,mFRR,Not Specified,Not Specified,MARGINAL,75.45,57.0
13/12/2023 06:00:00 - 13/12/2023 07:00:00,SCA|NO3,mFRR,Not Specified,Not Specified,MARGINAL,83.1,64.0
13/12/2023 07:00:00 - 13/12/2023 08:00:00,SCA|NO3,mFRR,Not Specified,Not Specified,MARGINAL,107.04,75.0
13/12/2023 08:00:00 - 13/12/2023 09:00:00,SCA|NO3,mFRR,Not Specified,Not Specified,MARGINAL,142.61,79.0
13/12/2023 09:00:00 - 13/12/2023 10:00:00,SCA|NO3,mFRR,Not Specified,Not Specified,MARGINAL,142.61,75.0
13/12/2023 10:00:00 - 13/12/2023 11:00:00,SCA|NO3,mFRR,Not Specified,Not Specified,MARGINAL,145.85,80.13
13/12/2023 11:00:00 - 13/12/2023 12:00:00,SCA|NO3,mFRR,Not Specified,Not Specified,MARGINAL,146.15,80.14
13/12/2023 12:00:00 - 13/12/2023 13:00:00,SCA|NO3,mFRR,Not Specified,Not Specified,MARGINAL,146.51,82.5
13/12/2023 13:00:00 - 13/12/2023 14:00:00,SCA|NO3,mFRR,Not Specified,Not Specified,MARGINAL,108.66,81.0
13/12/2023 14:00:00 - 13/12/2023 15:00:00,SCA|NO3,mFRR,Not Specified,Not Specified,MARGINAL,106.94,89.0
13/12/2023 15:00:00 - 13/12/2023 16:00:00,SCA|NO3,mFRR,Not Specified,Not Specified,MARGINAL,109.4,89.0
13/12/2023 16:00:00 - 13/12/2023 17:00:00,SCA|NO3,mFRR,Not Specified,Not Specified,MARGINAL,108.66,89.0
13/12/2023 17:00:00 - 13/12/2023 18:00:00,SCA|NO3,mFRR,Not Specified,Not Specified,MARGINAL,113.68,113.68
13/12/2023 18:00:00 - 13/12/2023 19:00:00,SCA|NO3,mFRR,Not Specified,Not Specified,MARGINAL,108.63,108.63
13/12/2023 19:00:00 - 13/12/2023 20:00:00,SCA|NO3,mFRR,Not Specified,Not Specified,MARGINAL,102.41,82.5
13/12/2023 20:00:00 - 13/12/2023 21:00:00,SCA|NO3,mFRR,Not Specified,Not Specified,MARGINAL,96.58,75.0
13/12/2023 21:00:00 - 13/12/2023 22:00:00,SCA|NO3,mFRR,Not Specified,Not Specified,MARGINAL,90.88,72.0
13/12/2023 22:00:00 - 13/12/2023 23:00:00,SCA|NO3,mFRR,Not Specified,Not Specified,MARGINAL,92.35,74.0
13/12/2023 23:00:00 - 14/12/2023 00:00:00,SCA|NO3,mFRR,Not Specified,Not Specified,MARGINAL,84.25,71.5
14/12/2023 00:00:00 - 14/12/2023 01:00:00,SCA|NO3,mFRR,Not Specified,Not Specified,MARGINAL,77.34,61.0
14/12/2023 01:00:00 - 14/12/2023 02:00:00,SCA|NO3,mFRR,Not Specified,Not Specified,MARGINAL,76.3,61.0
14/12/2023 02:00:00 - 14/12/2023 03:00:00,SCA|NO3,mFRR,Not Specified,Not Specified,MARGINAL,76.94,67.06
14/12/2023 03:00:00 - 14/12/2023 04:00:00,SCA|NO3,mFRR,Not Specified,Not Specified,MARGINAL,76.8,65.0
14/12/2023 04:00:00 - 14/12/2023 05:00:00,SCA|NO3,mFRR,Not Specified,Not Specified,MARGINAL,74.92,65.0
14/12/2023 05:00:00 - 14/12/2023 06:00:00,SCA|NO3,mFRR,Not Specified,Not Specified,MARGINAL,75.19,65.0
14/12/2023 06:00:00 - 14/12/2023 07:00:00,SCA|NO3,mFRR,Not Specified,Not Specified,MARGINAL,76.3,60.0
14/12/2023 07:00:00 - 14/12/2023 08:00:00,SCA|NO3,mFRR,Not Specified,Not Specified,MARGINAL,80.45,75.0
14/12/2023 08:00:00 - 14/12/2023 09:00:00,SCA|NO3,mFRR,Not Specified,Not Specified,MARGINAL,126.87,86.0
14/12/2023 09:00:00 - 14/12/2023 10:00:00,SCA|NO3,mFRR,Not Specified,Not Specified,MARGINAL,121.34,85.0
14/12/2023 10:00:00 - 14/12/2023 11:00:00,SCA|NO3,mFRR,Not Specified,Not Specified,MARGINAL,122.49,85.0
14/12/2023 11:00:00 - 14/12/2023 12:00:00,SCA|NO3,mFRR,Not Specified,Not Specified,MARGINAL,120.0,88.0
14/12/2023 12:00:00 - 14/12/2023 13:00:00,SCA|NO3,mFRR,Not Specified,Not Specified,MARGINAL,150.0,97.0
14/12/2023 13:00:00 - 14/12/2023 14:00:00,SCA|NO3,mFRR,Not Specified,Not Specified,MARGINAL,150.0,106.76
14/12/2023 14:00:00 - 14/12/2023 15:00:00,SCA|NO3,mFRR,Not Specified,Not Specified,MARGINAL,105.0,85.0
14/12/2023 15:00:00 - 14/12/2023 16:00:00,SCA|NO3,mFRR,Not Specified,Not Specified,MARGINAL,92.81,85.0
14/12/2023 16:00:00 - 14/12/2023 17:00:00,SCA|NO3,mFRR,Not Specified,Not Specified,MARGINAL,87.03,87.03
14/12/2023 17:00:00 - 14/12/2023 18:00:00,SCA|NO3,mFRR,Not Specified,Not Specified,MARGINAL,72.32,72.32
14/12/2023 18:00:00 - 14/12/2023 19:00:00,SCA|NO3,mFRR,Not Specified,Not Specified,MARGINAL,70.01,70.01
14/12/2023 19:00:00 - 14/12/2023 20:00:00,SCA|NO3,mFRR,Not Specified,Not Specified,MARGINAL,69.7,69.7
14/12/2023 20:00:00 - 14/12/2023 21:00:00,SCA|NO3,mFRR,Not Specified,Not Specified,MARGINAL,67.48,67.48
14/12/2023 21:00:00 - 14/12/2023 22:00:00,SCA|NO3,mFRR,Not Specified,Not Specified,MARGINAL,66.16,66.16
14/12/2023 22:00:00 - 14/12/2023 23:00:00,SCA|NO3,mFRR,Not Specified,Not Specified,MARGINAL,64.53,64.53
14/12/2023 23:00:00 - 15/12/2023 00:00:00,SCA|NO3,mFRR,Not Specified,Not Specified,MARGINAL,63.29,63.29
15/12/2023 00:00:00 - 15/12/2023 01:00:00,SCA|NO3,mFRR,Not Specified,Not Specified,MARGINAL,56.47,56.47
15/12/2023 01:00:00 - 15/12/2023 02:00:00,SCA|NO3,mFRR,Not Specified,Not Specified,MARGINAL,55.88,55.88
15/12/2023 02:00:00 - 15/12/2023 03:00:00,SCA|NO3,mFRR,Not Specified,Not Specified,MARGINAL,54.52,54.52
15/12/2023 03:00:00 - 15/12/2023 04:00:00,SCA|NO3,mFRR,Not Specified,Not Specified,MARGINAL,51.33,51.33
15/12/2023 04:00:00 - 15/12/2023 05:00:00,SCA|NO3,mFRR,Not Specified,Not Specified,MARGINAL,50.0,50.0
15/12/2023 05:00:00 - 15/12/2023 06:00:00,SCA|NO3,mFRR,Not Specified,Not Specified,MARGINAL,55.32,55.32
15/12/2023 06:00:00 - 15/12/2023 07:00:00,SCA|NO3,mFRR,Not Specified,Not Specified,MARGINAL,55.18,55.18
15/12/2023 07:00:00 - 15/12/2023 08:00:00,SCA|NO3,mFRR,Not Specified,Not Specified,MARGINAL,58.39,58.39
15/12/2023 08:00:00 - 15/12/2023 09:00:00,SCA|NO3,mFRR,Not Specified,Not Specified,MARGINAL,59.28,59.28
15/12/2023 09:00:00 - 15/12/2023 10:00:00,SCA|NO3,mFRR,Not Specified,Not Specified,MARGINAL,59.78,59.78
15/12/2023 10:00:00 - 15/12/2023 11:00:00,SCA|NO3,mFRR,Not Specified,Not Specified,MARGINAL,80.0,58.5
15/12/2023 11:00:00 - 15/12/2023 12:00:00,SCA|NO3,mFRR,Not Specified,Not Specified,MARGINAL,58.49,58.49
15/12/2023 12:00:00 - 15/12/2023 13:00:00,SCA|NO3,mFRR,Not Specified,Not Specified,MARGINAL,69.0,55.76
15/12/2023 13:00:00 - 15/12/2023 14:00:00,SCA|NO3,mFRR,Not Specified,Not Specified,MARGINAL,69.0,56.43
15/12/2023 14:00:00 - 15/12/2023 15:00:00,SCA|NO3,mFRR,Not Specified,Not Specified,MARGINAL,57.11,57.11
15/12/2023 15:00:00 - 15/12/2023 16:00:00,SCA|NO3,mFRR,Not Specified,Not Specified,MARGINAL,56.77,56.77
15/12/2023 16:00:00 - 15/12/2023 17:00:00,SCA|NO3,mFRR,Not Specified,Not Specified,MARGINAL,59.7,59.7
15/12/2023 17:00:00 - 15/12/2023 18:00:00,SCA|NO3,mFRR,Not Specified,Not Specified,MARGINAL,58.49,58.49
15/12/2023 18:00:00 - 15/12/2023 19:00:00,SCA|NO3,mFRR,Not Specified,Not Specified,MARGINAL,57.94,52.0
15/12/2023 19:00:00 - 15/12/2023 20:00:00,SCA|NO3,mFRR,Not Specified,Not Specified,MARGINAL,58.24,48.0
15/12/2023 20:00:00 - 15/12/2023 21:00:00,SCA|NO3,mFRR,Not Specified,Not Specified,MARGINAL,58.89,48.0
15/12/2023 21:00:00 - 15/12/2023 22:00:00,SCA|NO3,mFRR,Not Specified,Not Specified,MARGINAL,58.74,58.74
15/12/2023 22:00:00 - 15/12/2023 23:00:00,SCA|NO3,mFRR,Not Specified,Not Specified,MARGINAL,60.8,58.0
15/12/2023 23:00:00 - 16/12/2023 00:00:00,SCA|NO3,mFRR,Not Specified,Not Specified,MARGINAL,54.3,54.3
16/12/2023 00:00:00 - 16/12/2023 01:00:00,SCA|NO3,mFRR,Not Specified,Not Specified,MARGINAL,43.65,43.65
16/12/2023 01:00:00 - 16/12/2023 02:00:00,SCA|NO3,mFRR,Not Specified,Not Specified,MARGINAL,38.57,15.5
16/12/2023 02:00:00 - 16/12/2023 03:00:00,SCA|NO3,mFRR,Not Specified,Not Specified,MARGINAL,34.47,14.5
16/12/2023 03:00:00 - 16/12/2023 04:00:00,SCA|NO3,mFRR,Not Specified,Not Specified,MARGINAL,26.79,14.5
16/12/2023 04:00:00 - 16/12/2023 05:00:00,SCA|NO3,mFRR,Not Specified,Not Specified,MARGINAL,38.5,21.89
16/12/2023 05:00:00 - 16/12/2023 06:00:00,SCA|NO3,mFRR,Not Specified,Not Specified,MARGINAL,17.35,17.35
16/12/2023 06:00:00 - 16/12/2023 07:00:00,SCA|NO3,mFRR,Not Specified,Not Specified,MARGINAL,26.0,16.42
16/12/2023 07:00:00 - 16/12/2023 08:00:00,SCA|NO3,mFRR,Not Specified,Not Specified,MARGINAL,26.0,16.54
16/12/2023 08:00:00 - 16/12/2023 09:00:00,SCA|NO3,mFRR,Not Specified,Not Specified,MARGINAL,26.0,14.5
16/12/2023 09:00:00 - 16/12/2023 10:00:00,SCA|NO3,mFRR,Not Specified,Not Specified,MARGINAL,16.15,14.76
16/12/2023 10:00:00 - 16/12/2023 11:00:00,SCA|NO3,mFRR,Not Specified,Not Specified,MARGINAL,30.0,15.59
16/12/2023 11:00:00 - 16/12/2023 12:00:00,SCA|NO3,mFRR,Not Specified,Not Specified,MARGINAL,30.0,13.85
16/12/2023 12:00:00 - 16/12/2023 13:00:00,SCA|NO3,mFRR,Not Specified,Not Specified,MARGINAL,32.0,13.19
16/12/2023 13:00:00 - 16/12/2023 14:00:00,SCA|NO3,mFRR,Not Specified,Not Specified,MARGINAL,28.0,12.39
16/12/2023 14:00:00 - 16/12/2023 15:00:00,SCA|NO3,mFRR,Not Specified,Not Specified,MARGINAL,12.76,12.76
16/12/2023 15:00:00 - 16/12/2023 16:00:00,SCA|NO3,mFRR,Not Specified,Not Specified,MARGINAL,13.77,13.55
16/12/2023 16:00:00 - 16/12/2023 17:00:00,SCA|NO3,mFRR,Not Specified,Not Specified,MARGINAL,26.0,14.17
16/12/2023 17:00:00 - 16/12/2023 18:00:00,SCA|NO3,mFRR,Not Specified,Not Specified,MARGINAL,26.0,8.05
16/12/2023 18:00:00 - 16/12/2023 19:00:00,SCA|NO3,mFRR,Not Specified,Not Specified,MARGINAL,12.71,2.0
16/12/2023 19:00:00 - 16/12/2023 20:00:00,SCA|NO3,mFRR,Not Specified,Not Specified,MARGINAL,11.66,0.0
16/12/2023 20:00:00 - 16/12/2023 21:00:00,SCA|NO3,mFRR,Not Specified,Not Specified,MARGINAL,9.37,0.0
16/12/2023 21:00:00 - 16/12/2023 22:00:00,SCA|NO3,mFRR,Not Specified,Not Specified,MARGINAL,8.69,0.0
16/12/2023 22:00:00 - 16/12/2023 23:00:00,SCA|NO3,mFRR,Not Specified,Not Specified,MARGINAL,7.7,0.0
16/12/2023 23:00:00 - 17/12/2023 00:00:00,SCA|NO3,mFRR,Not Specified,Not Specified,MARGINAL,6.44,0.0
17/12/2023 00:00:00 - 17/12/2023 01:00:00,SCA|NO3,mFRR,Not Specified,Not Specified,MARGINAL,19.0,0.0
17/12/2023 01:00:00 - 17/12/2023 02:00:00,SCA|NO3,mFRR,Not Specified,Not Specified,MARGINAL,19.0,5.79
17/12/2023 02:00:00 - 17/12/2023 03:00:00,SCA|NO3,mFRR,Not Specified,Not Specified,MARGINAL,4.15,4.15
17/12/2023 03:00:00 - 17/12/2023 04:00:00,SCA|NO3,mFRR,Not Specified,Not Specified,MARGINAL,3.2,3.2
17/12/2023 04:00:00 - 17/12/2023 05:00:00,SCA|NO3,mFRR,Not Specified,Not Specified,MARGINAL,3.0,3.0
17/12/2023 05:00:00 - 17/12/2023 06:00:00,SCA|NO3,mFRR,Not Specified,Not Specified,MARGINAL,2.6,2.6
17/12/2023 06:00:00 - 17/12/2023 07:00:00,SCA|NO3,mFRR,Not Specified,Not Specified,MARGINAL,8.0,2.9
17/12/2023 07:00:00 - 17/12/2023 08:00:00,SCA|NO3,mFRR,Not Specified,Not Specified,MARGINAL,8.0,2.9
17/12/2023 08:00:00 - 17/12/2023 09:00:00,SCA|NO3,mFRR,Not Specified,Not Specified,MARGINAL,8.0,3.0
17/12/2023 09:00:00 - 17/12/2023 10:00:00,SCA|NO3,mFRR,Not Specified,Not Specified,MARGINAL,19.0,5.95
17/12/2023 10:00:00 - 17/12/2023 11:00:00,SCA|NO3,mFRR,Not Specified,Not Specified,MARGINAL,19.0,13.06
17/12/2023 11:00:00 - 17/12/2023 12:00:00,SCA|NO3,mFRR,Not Specified,Not Specified,MARGINAL,14.89,14.89
17/12/2023 12:00:00 - 17/12/2023 13:00:00,SCA|NO3,mFRR,Not Specified,Not Specified,MARGINAL,15.45,15.45
17/12/2023 13:00:00 - 17/12/2023 14:00:00,SCA|NO3,mFRR,Not Specified,Not Specified,MARGINAL,26.99,26.99
17/12/2023 14:00:00 - 17/12/2023 15:00:00,SCA|NO3,mFRR,Not Specified,Not Specified,MARGINAL,35.78,35.78
17/12/2023 15:00:00 - 17/12/2023 16:00:00,SCA|NO3,mFRR,Not Specified,Not Specified,MARGINAL,50.15,50.15
17/12/2023 16:00:00 - 17/12/2023 17:00:00,SCA|NO3,mFRR,Not Specified,Not Specified,MARGINAL,52.32,52.32
17/12/2023 17:00:00 - 17/12/2023 18:00:00,SCA|NO3,mFRR,Not Specified,Not Specified,MARGINAL,53.26,53.26
17/12/2023 18:00:00 - 17/12/2023 19:00:00,SCA|NO3,mFRR,Not Specified,Not Specified,MARGINAL,52.39,51.5
17/12/2023 19:00:00 - 17/12/2023 20:00:00,SCA|NO3,mFRR,Not Specified,Not Specified,MARGINAL,51.62,44.5
17/12/2023 20:00:00 - 17/12/2023 21:00:00,SCA|NO3,mFRR,Not Specified,Not Specified,MARGINAL,50.6,43.5
17/12/2023 21:00:00 - 17/12/2023 22:00:00,SCA|NO3,mFRR,Not Specified,Not Specified,MARGINAL,37.85,37.85
17/12/2023 22:00:00 - 17/12/2023 23:00:00,SCA|NO3,mFRR,Not Specified,Not Specified,MARGINAL,35.09,35.09
17/12/2023 23:00:00 - 18/12/2023 00:00:00,SCA|NO3,mFRR,Not Specified,Not Specified,MARGINAL,29.48,0.0
18/12/2023 00:00:00 - 18/12/2023 01:00:00,SCA|NO3,mFRR,Not Specified,Not Specified,MARGINAL,25.88,-13.0
18/12/2023 01:00:00 - 18/12/2023 02:00:00,SCA|NO3,mFRR,Not Specified,Not Specified,MARGINAL,15.34,-13.0
18/12/2023 02:00:00 - 18/12/2023 03:00:00,SCA|NO3,mFRR,Not Specified,Not Specified,MARGINAL,14.46,-6.0
18/12/2023 03:00:00 - 18/12/2023 04:00:00,SCA|NO3,mFRR,Not Specified,Not Specified,MARGINAL,13.03,-5.5
18/12/2023 04:00:00 - 18/12/2023 05:00:00,SCA|NO3,mFRR,Not Specified,Not Specified,MARGINAL,12.41,-1.21
18/12/2023 05:00:00 - 18/12/2023 06:00:00,SCA|NO3,mFRR,Not Specified,Not Specified,MARGINAL,10.07,-1.21
18/12/2023 06:00:00 - 18/12/2023 07:00:00,SCA|NO3,mFRR,Not Specified,Not Specified,MARGINAL,15.69,8.0
18/12/2023 07:00:00 - 18/12/2023 08:00:00,SCA|NO3,mFRR,Not Specified,Not Specified,MARGINAL,21.21,10.06
18/12/2023 08:00:00 - 18/12/2023 09:00:00,SCA|NO3,mFRR,Not Specified,Not Specified,MARGINAL,24.99,24.99
18/12/2023 09:00:00 - 18/12/2023 10:00:00,SCA|NO3,mFRR,Not Specified,Not Specified,MARGINAL,23.33,23.33
18/12/2023 10:00:00 - 18/12/2023 11:00:00,SCA|NO3,mFRR,Not Specified,Not Specified,MARGINAL,21.46,21.46
18/12/2023 11:00:00 - 18/12/2023 12:00:00,SCA|NO3,mFRR,Not Specified,Not Specified,MARGINAL,19.98,19.98
18/12/2023 12:00:00 - 18/12/2023 13:00:00,SCA|NO3,mFRR,Not Specified,Not Specified,MARGINAL,17.39,17.39
18/12/2023 13:00:00 - 18/12/2023 14:00:00,SCA|NO3,mFRR,Not Specified,Not Specified,MARGINAL,17.04,17.04
18/12/2023 14:00:00 - 18/12/2023 15:00:00,SCA|NO3,mFRR,Not Specified,Not Specified,MARGINAL,17.02,17.02
18/12/2023 15:00:00 - 18/12/2023 16:00:00,SCA|NO3,mFRR,Not Specified,Not Specified,MARGINAL,18.2,18.2
18/12/2023 16:00:00 - 18/12/2023 17:00:00,SCA|NO3,mFRR,Not Specified,Not Specified,MARGINAL,20.17,20.17
18/12/2023 17:00:00 - 18/12/2023 18:00:00,SCA|NO3,mFRR,Not Specified,Not Specified,MARGINAL,23.34,23.34
18/12/2023 18:00:00 - 18/12/2023 19:00:00,SCA|NO3,mFRR,Not Specified,Not Specified,MARGINAL,22.46,22.46
18/12/2023 19:00:00 - 18/12/2023 20:00:00,SCA|NO3,mFRR,Not Specified,Not Specified,MARGINAL,19.21,19.21
18/12/2023 20:00:00 - 18/12/2023 21:00:00,SCA|NO3,mFRR,Not Specified,Not Specified,MARGINAL,17.2,17.2
18/12/2023 21:00:00 - 18/12/2023 22:00:00,SCA|NO3,mFRR,Not Specified,Not Specified,MARGINAL,15.21,15.21
18/12/2023 22:00:00 - 18/12/2023 23:00:00,SCA|NO3,mFRR,Not Specified,Not Specified,MARGINAL,23.8,13.06
18/12/2023 23:00:00 - 19/12/2023 00:00:00,SCA|NO3,mFRR,Not Specified,Not Specified,MARGINAL,23.63,10.08
19/12/2023 00:00:00 - 19/12/2023 01:00:00,SCA|NO3,mFRR,Not Specified,Not Specified,MARGINAL,13.09,2.5
19/12/2023 01:00:00 - 19/12/2023 02:00:00,SCA|NO3,mFRR,Not Specified,Not Specified,MARGINAL,13.43,-0.5
19/12/2023 02:00:00 - 19/12/2023 03:00:00,SCA|NO3,mFRR,Not Specified,Not Specified,MARGINAL,13.17,-6.0
19/12/2023 03:00:00 - 19/12/2023 04:00:00,SCA|NO3,mFRR,Not Specified,Not Specified,MARGINAL,13.08,-6.0
19/12/2023 04:00:00 - 19/12/2023 05:00:00,SCA|NO3,mFRR,Not Specified,Not Specified,MARGINAL,13.34,-5.5
19/12/2023 05:00:00 - 19/12/2023 06:00:00,SCA|NO3,mFRR,Not Specified,Not Specified,MARGINAL,13.3,-2.0
19/12/2023 06:00:00 - 19/12/2023 07:00:00,SCA|NO3,mFRR,Not Specified,Not Specified,MARGINAL,14.12,2.5
19/12/2023 07:00:00 - 19/12/2023 08:00:00,SCA|NO3,mFRR,Not Specified,Not Specified,MARGINAL,23.66,8.0
19/12/2023 08:00:00 - 19/12/2023 09:00:00,SCA|NO3,mFRR,Not Specified,Not Specified,MARGINAL,30.94,30.94
19/12/2023 09:00:00 - 19/12/2023 10:00:00,SCA|NO3,mFRR,Not Specified,Not Specified,MARGINAL,31.57,31.57
19/12/2023 10:00:00 - 19/12/2023 11:00:00,SCA|NO3,mFRR,Not Specified,Not Specified,MARGINAL,32.93,32.93
19/12/2023 11:00:00 - 19/12/2023 12:00:00,SCA|NO3,mFRR,Not Specified,Not Specified,MARGINAL,31.01,31.01
19/12/2023 12:00:00 - 19/12/2023 13:00:00,SCA|NO3,mFRR,Not Specified,Not Specified,MARGINAL,26.77,26.77
19/12/2023 13:00:00 - 19/12/2023 14:00:00,SCA|NO3,mFRR,Not Specified,Not Specified,MARGINAL,23.53,23.53
19/12/2023 14:00:00 - 19/12/2023 15:00:00,SCA|NO3,mFRR,Not Specified,Not Specified,MARGINAL,23.78,23.78
19/12/2023 15:00:00 - 19/12/2023 16:00:00,SCA|NO3,mFRR,Not Specified,Not Specified,MARGINAL,23.35,23.35
19/12/2023 16:00:00 - 19/12/2023 17:00:00,SCA|NO3,mFRR,Not Specified,Not Specified,MARGINAL,20.66,20.66
19/12/2023 17:00:00 - 19/12/2023 18:00:00,SCA|NO3,mFRR,Not Specified,Not Specified,MARGINAL,20.14,20.14
19/12/2023 18:00:00 - 19/12/2023 19:00:00,SCA|NO3,mFRR,Not Specified,Not Specified,MARGINAL,23.14,23.14
19/12/2023 19:00:00 - 19/12/2023 20:00:00,SCA|NO3,mFRR,Not Specified,Not Specified,MARGINAL,30.9,30.9
19/12/2023 20:00:00 - 19/12/2023 21:00:00,SCA|NO3,mFRR,Not Specified,Not Specified,MARGINAL,35.91,35.91
19/12/2023 21:00:00 - 19/12/2023 22:00:00,SCA|NO3,mFRR,Not Specified,Not Specified,MARGINAL,40.79,40.79
19/12/2023 22:00:00 - 19/12/2023 23:00:00,SCA|NO3,mFRR,Not Specified,Not Specified,MARGINAL,44.54,44.54
19/12/2023 23:00:00 - 20/12/2023 00:00:00,SCA|NO3,mFRR,Not Specified,Not Specified,MARGINAL,45.1,45.1
20/12/2023 00:00:00 - 20/12/2023 01:00:00,SCA|NO3,mFRR,Not Specified,Not Specified,MARGINAL,54.5,44.24
20/12/2023 01:00:00 - 20/12/2023 02:00:00,SCA|NO3,mFRR,Not Specified,Not Specified,MARGINAL,56.0,44.26
20/12/2023 02:00:00 - 20/12/2023 03:00:00,SCA|NO3,mFRR,Not Specified,Not Specified,MARGINAL,56.0,44.29
20/12/2023 03:00:00 - 20/12/2023 04:00:00,SCA|NO3,mFRR,Not Specified,Not Specified,MARGINAL,56.0,44.24
20/12/2023 04:00:00 - 20/12/2023 05:00:00,SCA|NO3,mFRR,Not Specified,Not Specified,MARGINAL,56.0,44.6
20/12/2023 05:00:00 - 20/12/2023 06:00:00,SCA|NO3,mFRR,Not Specified,Not Specified,MARGINAL,56.0,46.75
20/12/2023 06:00:00 - 20/12/2023 07:00:00,SCA|NO3,mFRR,Not Specified,Not Specified,MARGINAL,53.0,44.5
20/12/2023 07:00:00 - 20/12/2023 08:00:00,SCA|NO3,mFRR,Not Specified,Not Specified,MARGINAL,58.3,47.31
20/12/2023 08:00:00 - 20/12/2023 09:00:00,SCA|NO3,mFRR,Not Specified,Not Specified,MARGINAL,55.0,48.39
20/12/2023 09:00:00 - 20/12/2023 10:00:00,SCA|NO3,mFRR,Not Specified,Not Specified,MARGINAL,55.18,50.18
20/12/2023 10:00:00 - 20/12/2023 11:00:00,SCA|NO3,mFRR,Not Specified,Not Specified,MARGINAL,52.82,52.82
20/12/2023 11:00:00 - 20/12/2023 12:00:00,SCA|NO3,mFRR,Not Specified,Not Specified,MARGINAL,55.56,55.56
20/12/2023 12:00:00 - 20/12/2023 13:00:00,SCA|NO3,mFRR,Not Specified,Not Specified,MARGINAL,57.94,50.0
20/12/2023 13:00:00 - 20/12/2023 14:00:00,SCA|NO3,mFRR,Not Specified,Not Specified,MARGINAL,59.52,55.0
20/12/2023 14:00:00 - 20/12/2023 15:00:00,SCA|NO3,mFRR,Not Specified,Not Specified,MARGINAL,59.98,52.0
20/12/2023 15:00:00 - 20/12/2023 16:00:00,SCA|NO3,mFRR,Not Specified,Not Specified,MARGINAL,61.33,55.0
20/12/2023 16:00:00 - 20/12/2023 17:00:00,SCA|NO3,mFRR,Not Specified,Not Specified,MARGINAL,71.22,67.0
20/12/2023 17:00:00 - 20/12/2023 18:00:00,SCA|NO3,mFRR,Not Specified,Not Specified,MARGINAL,77.75,67.0
20/12/2023 18:00:00 - 20/12/2023 19:00:00,SCA|NO3,mFRR,Not Specified,Not Specified,MARGINAL,74.95,67.0
20/12/2023 19:00:00 - 20/12/2023 20:00:00,SCA|NO3,mFRR,Not Specified,Not Specified,MARGINAL,70.0,68.53
20/12/2023 20:00:00 - 20/12/2023 21:00:00,SCA|NO3,mFRR,Not Specified,Not Specified,MARGINAL,75.0,68.36
20/12/2023 21:00:00 - 20/12/2023 22:00:00,SCA|NO3,mFRR,Not Specified,Not Specified,MARGINAL,72.0,55.0
20/12/2023 22:00:00 - 20/12/2023 23:00:00,SCA|NO3,mFRR,Not Specified,Not Specified,MARGINAL,57.29,46.5
20/12/2023 23:00:00 - 21/12/2023 00:00:00,SCA|NO3,mFRR,Not Specified,Not Specified,MARGINAL,48.88,42.0
21/12/2023 00:00:00 - 21/12/2023 01:00:00,SCA|NO3,mFRR,Not Specified,Not Specified,MARGINAL,44.43,44.43
21/12/2023 01:00:00 - 21/12/2023 02:00:00,SCA|NO3,mFRR,Not Specified,Not Specified,MARGINAL,42.25,30.5
21/12/2023 02:00:00 - 21/12/2023 03:00:00,SCA|NO3,mFRR,Not Specified,Not Specified,MARGINAL,37.36,30.5
21/12/2023 03:00:00 - 21/12/2023 04:00:00,SCA|NO3,mFRR,Not Specified,Not Specified,MARGINAL,33.35,32.0
21/12/2023 04:00:00 - 21/12/2023 05:00:00,SCA|NO3,mFRR,Not Specified,Not Specified,MARGINAL,32.43,32.43
21/12/2023 05:00:00 - 21/12/2023 06:00:00,SCA|NO3,mFRR,Not Specified,Not Specified,MARGINAL,33.15,33.15
21/12/2023 06:00:00 - 21/12/2023 07:00:00,SCA|NO3,mFRR,Not Specified,Not Specified,MARGINAL,37.12,37.12
21/12/2023 07:00:00 - 21/12/2023 08:00:00,SCA|NO3,mFRR,Not Specified,Not Specified,MARGINAL,46.23,46.23
21/12/2023 08:00:00 - 21/12/2023 09:00:00,SCA|NO3,mFRR,Not Specified,Not Specified,MARGINAL,47.14,47.14
21/12/2023 09:00:00 - 21/12/2023 10:00:00,SCA|NO3,mFRR,Not Specified,Not Specified,MARGINAL,55.0,38.15
21/12/2023 10:00:00 - 21/12/2023 11:00:00,SCA|NO3,mFRR,Not Specified,Not Specified,MARGINAL,64.0,35.13
21/12/2023 11:00:00 - 21/12/2023 12:00:00,SCA|NO3,mFRR,Not Specified,Not Specified,MARGINAL,60.0,34.82
21/12/2023 12:00:00 - 21/12/2023 13:00:00,SCA|NO3,mFRR,Not Specified,Not Specified,MARGINAL,56.0,33.53
21/12/2023 13:00:00 - 21/12/2023 14:00:00,SCA|NO3,mFRR,Not Specified,Not Specified,MARGINAL,62.0,33.85
21/12/2023 14:00:00 - 21/12/2023 15:00:00,SCA|NO3,mFRR,Not Specified,Not Specified,MARGINAL,65.0,34.37
21/12/2023 15:00:00 - 21/12/2023 16:00:00,SCA|NO3,mFRR,Not Specified,Not Specified,MARGINAL,65.0,34.99
21/12/2023 16:00:00 - 21/12/2023 17:00:00,SCA|NO3,mFRR,Not Specified,Not Specified,,,
21/12/2023 17:00:00 - 21/12/2023 18:00:00,SCA|NO3,mFRR,Not Specified,Not Specified,MARGINAL,68.0,45.52
21/12/2023 18:00:00 - 21/12/2023 19:00:00,SCA|NO3,mFRR,Not Specified,Not Specified,MARGINAL,68.0,45.86
21/12/2023 19:00:00 - 21/12/2023 20:00:00,SCA|NO3,mFRR,Not Specified,Not Specified,MARGINAL,68.0,47.51
21/12/2023 20:00:00 - 21/12/2023 21:00:00,SCA|NO3,mFRR,Not Specified,Not Specified,MARGINAL,66.0,50.1
21/12/2023 21:00:00 - 21/12/2023 22:00:00,SCA|NO3,mFRR,Not Specified,Not Specified,MARGINAL,69.0,51.48
21/12/2023 22:00:00 - 21/12/2023 23:00:00,SCA|NO3,mFRR,Not Specified,Not Specified,MARGINAL,68.5,48.06
21/12/2023 23:00:00 - 22/12/2023 00:00:00,SCA|NO3,mFRR,Not Specified,Not Specified,MARGINAL,65.0,48.33
22/12/2023 00:00:00 - 22/12/2023 01:00:00,SCA|NO3,mFRR,Not Specified,Not Specified,MARGINAL,62.0,50.24
22/12/2023 01:00:00 - 22/12/2023 02:00:00,SCA|NO3,mFRR,Not Specified,Not Specified,MARGINAL,58.0,50.14
22/12/2023 02:00:00 - 22/12/2023 03:00:00,SCA|NO3,mFRR,Not Specified,Not Specified,MARGINAL,58.0,49.17
22/12/2023 03:00:00 - 22/12/2023 04:00:00,SCA|NO3,mFRR,Not Specified,Not Specified,MARGINAL,52.0,48.42
22/12/2023 04:00:00 - 22/12/2023 05:00:00,SCA|NO3,mFRR,Not Specified,Not Specified,MARGINAL,49.0,48.85
22/12/2023 05:00:00 - 22/12/2023 06:00:00,SCA|NO3,mFRR,Not Specified,Not Specified,MARGINAL,50.61,50.61
22/12/2023 06:00:00 - 22/12/2023 07:00:00,SCA|NO3,mFRR,Not Specified,Not Specified,MARGINAL,51.58,51.58
22/12/2023 07:00:00 - 22/12/2023 08:00:00,SCA|NO3,mFRR,Not Specified,Not Specified,MARGINAL,54.0,52.69
22/12/2023 08:00:00 - 22/12/2023 09:00:00,SCA|NO3,mFRR,Not Specified,Not Specified,MARGINAL,56.11,56.11
22/12/2023 09:00:00 - 22/12/2023 10:00:00,SCA|NO3,mFRR,Not Specified,Not Specified,MARGINAL,57.07,57.07
22/12/2023 10:00:00 - 22/12/2023 11:00:00,SCA|NO3,mFRR,Not Specified,Not Specified,MARGINAL,56.41,56.41
22/12/2023 11:00:00 - 22/12/2023 12:00:00,SCA|NO3,mFRR,Not Specified,Not Specified,MARGINAL,58.0,55.69
22/12/2023 12:00:00 - 22/12/2023 13:00:00,SCA|NO3,mFRR,Not Specified,Not Specified,MARGINAL,58.0,55.55
22/12/2023 13:00:00 - 22/12/2023 14:00:00,SCA|NO3,mFRR,Not Specified,Not Specified,MARGINAL,54.96,54.96
22/12/2023 14:00:00 - 22/12/2023 15:00:00,SCA|NO3,mFRR,Not Specified,Not Specified,MARGINAL,54.97,54.97
22/12/2023 15:00:00 - 22/12/2023 16:00:00,SCA|NO3,mFRR,Not Specified,Not Specified,MARGINAL,66.5,55.12
22/12/2023 16:00:00 - 22/12/2023 17:00:00,SCA|NO3,mFRR,Not Specified,Not Specified,MARGINAL,66.5,55.47
22/12/2023 17:00:00 - 22/12/2023 18:00:00,SCA|NO3,mFRR,Not Specified,Not Specified,MARGINAL,56.0,55.7
22/12/2023 18:00:00 - 22/12/2023 19:00:00,SCA|NO3,mFRR,Not Specified,Not Specified,MARGINAL,55.64,55.64
22/12/2023 19:00:00 - 22/12/2023 20:00:00,SCA|NO3,mFRR,Not Specified,Not Specified,MARGINAL,55.41,55.41
22/12/2023 20:00:00 - 22/12/2023 21:00:00,SCA|NO3,mFRR,Not Specified,Not Specified,MARGINAL,55.28,55.28
22/12/2023 21:00:00 - 22/12/2023 22:00:00,SCA|NO3,mFRR,Not Specified,Not Specified,MARGINAL,54.0,52.6
22/12/2023 22:00:00 - 22/12/2023 23:00:00,SCA|NO3,mFRR,Not Specified,Not Specified,MARGINAL,50.74,42.0
22/12/2023 23:00:00 - 23/12/2023 00:00:00,SCA|NO3,mFRR,Not Specified,Not Specified,MARGINAL,50.11,35.0
23/12/2023 00:00:00 - 23/12/2023 01:00:00,SCA|NO3,mFRR,Not Specified,Not Specified,MARGINAL,45.48,41.0
23/12/2023 01:00:00 - 23/12/2023 02:00:00,SCA|NO3,mFRR,Not Specified,Not Specified,MARGINAL,44.83,41.0
23/12/2023 02:00:00 - 23/12/2023 03:00:00,SCA|NO3,mFRR,Not Specified,Not Specified,MARGINAL,44.48,41.0
23/12/2023 03:00:00 - 23/12/2023 04:00:00,SCA|NO3,mFRR,Not Specified,Not Specified,MARGINAL,43.99,43.99
23/12/2023 04:00:00 - 23/12/2023 05:00:00,SCA|NO3,mFRR,Not Specified,Not Specified,MARGINAL,43.98,38.0
23/12/2023 05:00:00 - 23/12/2023 06:00:00,SCA|NO3,mFRR,Not Specified,Not Specified,MARGINAL,45.43,38.0
23/12/2023 06:00:00 - 23/12/2023 07:00:00,SCA|NO3,mFRR,Not Specified,Not Specified,MARGINAL,47.55,30.0
23/12/2023 07:00:00 - 23/12/2023 08:00:00,SCA|NO3,mFRR,Not Specified,Not Specified,MARGINAL,47.98,38.0
23/12/2023 08:00:00 - 23/12/2023 09:00:00,SCA|NO3,mFRR,Not Specified,Not Specified,MARGINAL,51.64,51.64
23/12/2023 09:00:00 - 23/12/2023 10:00:00,SCA|NO3,mFRR,Not Specified,Not Specified,MARGINAL,53.22,53.22
23/12/2023 10:00:00 - 23/12/2023 11:00:00,SCA|NO3,mFRR,Not Specified,Not Specified,MARGINAL,59.5,54.2
23/12/2023 11:00:00 - 23/12/2023 12:00:00,SCA|NO3,mFRR,Not Specified,Not Specified,MARGINAL,59.5,54.0
23/12/2023 12:00:00 - 23/12/2023 13:00:00,SCA|NO3,mFRR,Not Specified,Not Specified,MARGINAL,54.0,54.0
23/12/2023 13:00:00 - 23/12/2023 14:00:00,SCA|NO3,mFRR,Not Specified,Not Specified,MARGINAL,71.0,54.12
23/12/2023 14:00:00 - 23/12/2023 15:00:00,SCA|NO3,mFRR,Not Specified,Not Specified,MARGINAL,80.0,55.52
23/12/2023 15:00:00 - 23/12/2023 16:00:00,SCA|NO3,mFRR,Not Specified,Not Specified,MARGINAL,80.0,57.02
23/12/2023 16:00:00 - 23/12/2023 17:00:00,SCA|NO3,mFRR,Not Specified,Not Specified,MARGINAL,80.0,60.18
23/12/2023 17:00:00 - 23/12/2023 18:00:00,SCA|NO3,mFRR,Not Specified,Not Specified,MARGINAL,80.0,64.93
23/12/2023 18:00:00 - 23/12/2023 19:00:00,SCA|NO3,mFRR,Not Specified,Not Specified,MARGINAL,68.0,63.75
23/12/2023 19:00:00 - 23/12/2023 20:00:00,SCA|NO3,mFRR,Not Specified,Not Specified,MARGINAL,100.0,61.86
23/12/2023 20:00:00 - 23/12/2023 21:00:00,SCA|NO3,mFRR,Not Specified,Not Specified,MARGINAL,100.0,57.92
23/12/2023 21:00:00 - 23/12/2023 22:00:00,SCA|NO3,mFRR,Not Specified,Not Specified,MARGINAL,100.0,55.47
23/12/2023 22:00:00 - 23/12/2023 23:00:00,SCA|NO3,mFRR,Not Specified,Not Specified,MARGINAL,100.0,46.0
23/12/2023 23:00:00 - 24/12/2023 00:00:00,SCA|NO3,mFRR,Not Specified,Not Specified,MARGINAL,54.7,54.7
24/12/2023 00:00:00 - 24/12/2023 01:00:00,SCA|NO3,mFRR,Not Specified,Not Specified,MARGINAL,55.93,55.93
24/12/2023 01:00:00 - 24/12/2023 02:00:00,SCA|NO3,mFRR,Not Specified,Not Specified,MARGINAL,53.3,53.3
24/12/2023 02:00:00 - 24/12/2023 03:00:00,SCA|NO3,mFRR,Not Specified,Not Specified,MARGINAL,52.89,52.89
24/12/2023 03:00:00 - 24/12/2023 04:00:00,SCA|NO3,mFRR,Not Specified,Not Specified,MARGINAL,52.82,52.82
24/12/2023 04:00:00 - 24/12/2023 05:00:00,SCA|NO3,mFRR,Not Specified,Not Specified,MARGINAL,52.76,50.0
24/12/2023 05:00:00 - 24/12/2023 06:00:00,SCA|NO3,mFRR,Not Specified,Not Specified,MARGINAL,52.84,52.84
24/12/2023 06:00:00 - 24/12/2023 07:00:00,SCA|NO3,mFRR,Not Specified,Not Specified,MARGINAL,52.64,52.64
24/12/2023 07:00:00 - 24/12/2023 08:00:00,SCA|NO3,mFRR,Not Specified,Not Specified,MARGINAL,50.74,50.74
24/12/2023 08:00:00 - 24/12/2023 09:00:00,SCA|NO3,mFRR,Not Specified,Not Specified,MARGINAL,59.0,51.85
24/12/2023 09:00:00 - 24/12/2023 10:00:00,SCA|NO3,mFRR,Not Specified,Not Specified,MARGINAL,59.0,53.91
24/12/2023 10:00:00 - 24/12/2023 11:00:00,SCA|NO3,mFRR,Not Specified,Not Specified,MARGINAL,59.0,54.99
24/12/2023 11:00:00 - 24/12/2023 12:00:00,SCA|NO3,mFRR,Not Specified,Not Specified,MARGINAL,55.0,53.92
24/12/2023 12:00:00 - 24/12/2023 13:00:00,SCA|NO3,mFRR,Not Specified,Not Specified,MARGINAL,52.72,52.72
24/12/2023 13:00:00 - 24/12/2023 14:00:00,SCA|NO3,mFRR,Not Specified,Not Specified,MARGINAL,50.94,50.94
24/12/2023 14:00:00 - 24/12/2023 15:00:00,SCA|NO3,mFRR,Not Specified,Not Specified,MARGINAL,49.96,49.96
24/12/2023 15:00:00 - 24/12/2023 16:00:00,SCA|NO3,mFRR,Not Specified,Not Specified,MARGINAL,54.0,49.57
24/12/2023 16:00:00 - 24/12/2023 17:00:00,SCA|NO3,mFRR,Not Specified,Not Specified,MARGINAL,57.13,46.45
24/12/2023 17:00:00 - 24/12/2023 18:00:00,SCA|NO3,mFRR,Not Specified,Not Specified,MARGINAL,54.0,39.55
24/12/2023 18:00:00 - 24/12/2023 19:00:00,SCA|NO3,mFRR,Not Specified,Not Specified,MARGINAL,37.56,25.0
24/12/2023 19:00:00 - 24/12/2023 20:00:00,SCA|NO3,mFRR,Not Specified,Not Specified,MARGINAL,32.46,18.0
24/12/2023 20:00:00 - 24/12/2023 21:00:00,SCA|NO3,mFRR,Not Specified,Not Specified,MARGINAL,29.99,18.0
24/12/2023 21:00:00 - 24/12/2023 22:00:00,SCA|NO3,mFRR,Not Specified,Not Specified,MARGINAL,29.99,13.01
24/12/2023 22:00:00 - 24/12/2023 23:00:00,SCA|NO3,mFRR,Not Specified,Not Specified,MARGINAL,28.98,13.5
24/12/2023 23:00:00 - 25/12/2023 00:00:00,SCA|NO3,mFRR,Not Specified,Not Specified,MARGINAL,31.11,18.0
25/12/2023 00:00:00 - 25/12/2023 01:00:00,SCA|NO3,mFRR,Not Specified,Not Specified,MARGINAL,40.07,40.07
25/12/2023 01:00:00 - 25/12/2023 02:00:00,SCA|NO3,mFRR,Not Specified,Not Specified,MARGINAL,40.97,25.0
25/12/2023 02:00:00 - 25/12/2023 03:00:00,SCA|NO3,mFRR,Not Specified,Not Specified,MARGINAL,41.43,25.0
25/12/2023 03:00:00 - 25/12/2023 04:00:00,SCA|NO3,mFRR,Not Specified,Not Specified,MARGINAL,42.87,24.0
25/12/2023 04:00:00 - 25/12/2023 05:00:00,SCA|NO3,mFRR,Not Specified,Not Specified,MARGINAL,43.56,24.0
25/12/2023 05:00:00 - 25/12/2023 06:00:00,SCA|NO3,mFRR,Not Specified,Not Specified,MARGINAL,44.56,35.0
25/12/2023 06:00:00 - 25/12/2023 07:00:00,SCA|NO3,mFRR,Not Specified,Not Specified,MARGINAL,46.51,35.0
25/12/2023 07:00:00 - 25/12/2023 08:00:00,SCA|NO3,mFRR,Not Specified,Not Specified,MARGINAL,48.55,48.55
25/12/2023 08:00:00 - 25/12/2023 09:00:00,SCA|NO3,mFRR,Not Specified,Not Specified,MARGINAL,51.24,51.24
25/12/2023 09:00:00 - 25/12/2023 10:00:00,SCA|NO3,mFRR,Not Specified,Not Specified,MARGINAL,55.11,55.11
25/12/2023 10:00:00 - 25/12/2023 11:00:00,SCA|NO3,mFRR,Not Specified,Not Specified,MARGINAL,57.96,57.96
25/12/2023 11:00:00 - 25/12/2023 12:00:00,SCA|NO3,mFRR,Not Specified,Not Specified,MARGINAL,59.9,59.9
25/12/2023 12:00:00 - 25/12/2023 13:00:00,SCA|NO3,mFRR,Not Specified,Not Specified,MARGINAL,59.25,59.25
25/12/2023 13:00:00 - 25/12/2023 14:00:00,SCA|NO3,mFRR,Not Specified,Not Specified,MARGINAL,58.51,58.51
25/12/2023 14:00:00 - 25/12/2023 15:00:00,SCA|NO3,mFRR,Not Specified,Not Specified,MARGINAL,58.57,58.57
25/12/2023 15:00:00 - 25/12/2023 16:00:00,SCA|NO3,mFRR,Not Specified,Not Specified,MARGINAL,57.89,57.89
25/12/2023 16:00:00 - 25/12/2023 17:00:00,SCA|NO3,mFRR,Not Specified,Not Specified,MARGINAL,56.92,56.92
25/12/2023 17:00:00 - 25/12/2023 18:00:00,SCA|NO3,mFRR,Not Specified,Not Specified,MARGINAL,54.91,54.91
25/12/2023 18:00:00 - 25/12/2023 19:00:00,SCA|NO3,mFRR,Not Specified,Not Specified,MARGINAL,52.33,52.33
25/12/2023 19:00:00 - 25/12/2023 20:00:00,SCA|NO3,mFRR,Not Specified,Not Specified,MARGINAL,53.07,53.07
25/12/2023 20:00:00 - 25/12/2023 21:00:00,SCA|NO3,mFRR,Not Specified,Not Specified,MARGINAL,53.38,53.38
25/12/2023 21:00:00 - 25/12/2023 22:00:00,SCA|NO3,mFRR,Not Specified,Not Specified,MARGINAL,53.99,53.99
25/12/2023 22:00:00 - 25/12/2023 23:00:00,SCA|NO3,mFRR,Not Specified,Not Specified,MARGINAL,53.74,53.74
25/12/2023 23:00:00 - 26/12/2023 00:00:00,SCA|NO3,mFRR,Not Specified,Not Specified,MARGINAL,53.33,53.33
26/12/2023 00:00:00 - 26/12/2023 01:00:00,SCA|NO3,mFRR,Not Specified,Not Specified,MARGINAL,54.37,54.37
26/12/2023 01:00:00 - 26/12/2023 02:00:00,SCA|NO3,mFRR,Not Specified,Not Specified,MARGINAL,50.49,50.49
26/12/2023 02:00:00 - 26/12/2023 03:00:00,SCA|NO3,mFRR,Not Specified,Not Specified,MARGINAL,50.46,50.46
26/12/2023 03:00:00 - 26/12/2023 04:00:00,SCA|NO3,mFRR,Not Specified,Not Specified,MARGINAL,49.92,49.92
26/12/2023 04:00:00 - 26/12/2023 05:00:00,SCA|NO3,mFRR,Not Specified,Not Specified,MARGINAL,49.7,49.7
26/12/2023 05:00:00 - 26/12/2023 06:00:00,SCA|NO3,mFRR,Not Specified,Not Specified,MARGINAL,50.21,50.21
26/12/2023 06:00:00 - 26/12/2023 07:00:00,SCA|NO3,mFRR,Not Specified,Not Specified,MARGINAL,49.36,49.36
26/12/2023 07:00:00 - 26/12/2023 08:00:00,SCA|NO3,mFRR,Not Specified,Not Specified,MARGINAL,49.94,49.94
26/12/2023 08:00:00 - 26/12/2023 09:00:00,SCA|NO3,mFRR,Not Specified,Not Specified,MARGINAL,54.65,54.65
26/12/2023 09:00:00 - 26/12/2023 10:00:00,SCA|NO3,mFRR,Not Specified,Not Specified,MARGINAL,57.18,57.18
26/12/2023 10:00:00 - 26/12/2023 11:00:00,SCA|NO3,mFRR,Not Specified,Not Specified,MARGINAL,63.0,59.4
26/12/2023 11:00:00 - 26/12/2023 12:00:00,SCA|NO3,mFRR,Not Specified,Not Specified,MARGINAL,63.0,58.86
26/12/2023 12:00:00 - 26/12/2023 13:00:00,SCA|NO3,mFRR,Not Specified,Not Specified,MARGINAL,65.0,57.17
26/12/2023 13:00:00 - 26/12/2023 14:00:00,SCA|NO3,mFRR,Not Specified,Not Specified,MARGINAL,55.39,55.39
26/12/2023 14:00:00 - 26/12/2023 15:00:00,SCA|NO3,mFRR,Not Specified,Not Specified,MARGINAL,49.96,49.96
26/12/2023 15:00:00 - 26/12/2023 16:00:00,SCA|NO3,mFRR,Not Specified,Not Specified,MARGINAL,47.97,47.97
26/12/2023 16:00:00 - 26/12/2023 17:00:00,SCA|NO3,mFRR,Not Specified,Not Specified,MARGINAL,61.0,47.46
26/12/2023 17:00:00 - 26/12/2023 18:00:00,SCA|NO3,mFRR,Not Specified,Not Specified,MARGINAL,61.0,52.88
26/12/2023 18:00:00 - 26/12/2023 19:00:00,SCA|NO3,mFRR,Not Specified,Not Specified,MARGINAL,52.95,42.93
26/12/2023 19:00:00 - 26/12/2023 20:00:00,SCA|NO3,mFRR,Not Specified,Not Specified,MARGINAL,49.42,42.4
26/12/2023 20:00:00 - 26/12/2023 21:00:00,SCA|NO3,mFRR,Not Specified,Not Specified,MARGINAL,42.03,42.03
26/12/2023 21:00:00 - 26/12/2023 22:00:00,SCA|NO3,mFRR,Not Specified,Not Specified,MARGINAL,40.76,40.76
26/12/2023 22:00:00 - 26/12/2023 23:00:00,SCA|NO3,mFRR,Not Specified,Not Specified,MARGINAL,37.91,37.91
26/12/2023 23:00:00 - 27/12/2023 00:00:00,SCA|NO3,mFRR,Not Specified,Not Specified,MARGINAL,34.0,34.0
27/12/2023 00:00:00 - 27/12/2023 01:00:00,SCA|NO3,mFRR,Not Specified,Not Specified,MARGINAL,35.11,35.11
27/12/2023 01:00:00 - 27/12/2023 02:00:00,SCA|NO3,mFRR,Not Specified,Not Specified,MARGINAL,32.5,31.1
27/12/2023 02:00:00 - 27/12/2023 03:00:00,SCA|NO3,mFRR,Not Specified,Not Specified,MARGINAL,30.68,30.68
27/12/2023 03:00:00 - 27/12/2023 04:00:00,SCA|NO3,mFRR,Not Specified,Not Specified,MARGINAL,30.98,30.98
27/12/2023 04:00:00 - 27/12/2023 05:00:00,SCA|NO3,mFRR,Not Specified,Not Specified,MARGINAL,32.55,16.0
27/12/2023 05:00:00 - 27/12/2023 06:00:00,SCA|NO3,mFRR,Not Specified,Not Specified,MARGINAL,33.83,16.0
27/12/2023 06:00:00 - 27/12/2023 07:00:00,SCA|NO3,mFRR,Not Specified,Not Specified,MARGINAL,36.52,19.0
27/12/2023 07:00:00 - 27/12/2023 08:00:00,SCA|NO3,mFRR,Not Specified,Not Specified,MARGINAL,37.81,16.0
27/12/2023 08:00:00 - 27/12/2023 09:00:00,SCA|NO3,mFRR,Not Specified,Not Specified,MARGINAL,37.65,16.0
27/12/2023 09:00:00 - 27/12/2023 10:00:00,SCA|NO3,mFRR,Not Specified,Not Specified,MARGINAL,37.75,13.73
27/12/2023 10:00:00 - 27/12/2023 11:00:00,SCA|NO3,mFRR,Not Specified,Not Specified,MARGINAL,41.84,11.0
27/12/2023 11:00:00 - 27/12/2023 12:00:00,SCA|NO3,mFRR,Not Specified,Not Specified,MARGINAL,43.79,13.5
27/12/2023 12:00:00 - 27/12/2023 13:00:00,SCA|NO3,mFRR,Not Specified,Not Specified,MARGINAL,45.97,9.0
27/12/2023 13:00:00 - 27/12/2023 14:00:00,SCA|NO3,mFRR,Not Specified,Not Specified,MARGINAL,49.5,9.0
27/12/2023 14:00:00 - 27/12/2023 15:00:00,SCA|NO3,mFRR,Not Specified,Not Specified,MARGINAL,54.64,19.0
27/12/2023 15:00:00 - 27/12/2023 16:00:00,SCA|NO3,mFRR,Not Specified,Not Specified,MARGINAL,57.18,57.18
27/12/2023 16:00:00 - 27/12/2023 17:00:00,SCA|NO3,mFRR,Not Specified,Not Specified,MARGINAL,63.33,63.33
27/12/2023 17:00:00 - 27/12/2023 18:00:00,SCA|NO3,mFRR,Not Specified,Not Specified,MARGINAL,69.26,69.26
27/12/2023 18:00:00 - 27/12/2023 19:00:00,SCA|NO3,mFRR,Not Specified,Not Specified,MARGINAL,69.69,69.69
27/12/2023 19:00:00 - 27/12/2023 20:00:00,SCA|NO3,mFRR,Not Specified,Not Specified,MARGINAL,64.85,64.85
27/12/2023 20:00:00 - 27/12/2023 21:00:00,SCA|NO3,mFRR,Not Specified,Not Specified,MARGINAL,59.87,59.87
27/12/2023 21:00:00 - 27/12/2023 22:00:00,SCA|NO3,mFRR,Not Specified,Not Specified,MARGINAL,57.38,57.38
27/12/2023 22:00:00 - 27/12/2023 23:00:00,SCA|NO3,mFRR,Not Specified,Not Specified,MARGINAL,55.93,55.93
27/12/2023 23:00:00 - 28/12/2023 00:00:00,SCA|NO3,mFRR,Not Specified,Not Specified,MARGINAL,52.14,52.14
28/12/2023 00:00:00 - 28/12/2023 01:00:00,SCA|NO3,mFRR,Not Specified,Not Specified,MARGINAL,56.52,56.52
28/12/2023 01:00:00 - 28/12/2023 02:00:00,SCA|NO3,mFRR,Not Specified,Not Specified,MARGINAL,53.0,45.27
28/12/2023 02:00:00 - 28/12/2023 03:00:00,SCA|NO3,mFRR,Not Specified,Not Specified,MARGINAL,45.0,42.14
28/12/2023 03:00:00 - 28/12/2023 04:00:00,SCA|NO3,mFRR,Not Specified,Not Specified,MARGINAL,29.39,29.39
28/12/2023 04:00:00 - 28/12/2023 05:00:00,SCA|NO3,mFRR,Not Specified,Not Specified,MARGINAL,30.0,30.0
28/12/2023 05:00:00 - 28/12/2023 06:00:00,SCA|NO3,mFRR,Not Specified,Not Specified,MARGINAL,33.35,33.35
28/12/2023 06:00:00 - 28/12/2023 07:00:00,SCA|NO3,mFRR,Not Specified,Not Specified,MARGINAL,36.51,12.0
28/12/2023 07:00:00 - 28/12/2023 08:00:00,SCA|NO3,mFRR,Not Specified,Not Specified,MARGINAL,38.89,38.89
28/12/2023 08:00:00 - 28/12/2023 09:00:00,SCA|NO3,mFRR,Not Specified,Not Specified,MARGINAL,42.13,42.13
28/12/2023 09:00:00 - 28/12/2023 10:00:00,SCA|NO3,mFRR,Not Specified,Not Specified,MARGINAL,39.95,39.95
28/12/2023 10:00:00 - 28/12/2023 11:00:00,SCA|NO3,mFRR,Not Specified,Not Specified,MARGINAL,38.87,38.87
28/12/2023 11:00:00 - 28/12/2023 12:00:00,SCA|NO3,mFRR,Not Specified,Not Specified,MARGINAL,51.0,37.6
28/12/2023 12:00:00 - 28/12/2023 13:00:00,SCA|NO3,mFRR,Not Specified,Not Specified,MARGINAL,51.0,37.45
28/12/2023 13:00:00 - 28/12/2023 14:00:00,SCA|NO3,mFRR,Not Specified,Not Specified,,,
28/12/2023 14:00:00 - 28/12/2023 15:00:00,SCA|NO3,mFRR,Not Specified,Not Specified,MARGINAL,39.6,39.6
28/12/2023 15:00:00 - 28/12/2023 16:00:00,SCA|NO3,mFRR,Not Specified,Not Specified,MARGINAL,54.0,40.8
28/12/2023 16:00:00 - 28/12/2023 17:00:00,SCA|NO3,mFRR,Not Specified,Not Specified,MARGINAL,41.33,41.33
28/12/2023 17:00:00 - 28/12/2023 18:00:00,SCA|NO3,mFRR,Not Specified,Not Specified,MARGINAL,46.83,46.83
28/12/2023 18:00:00 - 28/12/2023 19:00:00,SCA|NO3,mFRR,Not Specified,Not Specified,MARGINAL,45.9,45.9
28/12/2023 19:00:00 - 28/12/2023 20:00:00,SCA|NO3,mFRR,Not Specified,Not Specified,MARGINAL,40.71,24.0
28/12/2023 20:00:00 - 28/12/2023 21:00:00,SCA|NO3,mFRR,Not Specified,Not Specified,MARGINAL,40.95,17.5
28/12/2023 21:00:00 - 28/12/2023 22:00:00,SCA|NO3,mFRR,Not Specified,Not Specified,MARGINAL,40.84,17.5
28/12/2023 22:00:00 - 28/12/2023 23:00:00,SCA|NO3,mFRR,Not Specified,Not Specified,MARGINAL,41.55,5.0
28/12/2023 23:00:00 - 29/12/2023 00:00:00,SCA|NO3,mFRR,Not Specified,Not Specified,MARGINAL,38.93,5.0
29/12/2023 00:00:00 - 29/12/2023 01:00:00,SCA|NO3,mFRR,Not Specified,Not Specified,MARGINAL,23.53,-0.5
29/12/2023 01:00:00 - 29/12/2023 02:00:00,SCA|NO3,mFRR,Not Specified,Not Specified,MARGINAL,26.41,-0.5
29/12/2023 02:00:00 - 29/12/2023 03:00:00,SCA|NO3,mFRR,Not Specified,Not Specified,MARGINAL,20.17,-0.5
29/12/2023 03:00:00 - 29/12/2023 04:00:00,SCA|NO3,mFRR,Not Specified,Not Specified,MARGINAL,29.49,-2.0
29/12/2023 04:00:00 - 29/12/2023 05:00:00,SCA|NO3,mFRR,Not Specified,Not Specified,MARGINAL,32.79,-2.0
29/12/2023 05:00:00 - 29/12/2023 06:00:00,SCA|NO3,mFRR,Not Specified,Not Specified,MARGINAL,37.18,-0.5
29/12/2023 06:00:00 - 29/12/2023 07:00:00,SCA|NO3,mFRR,Not Specified,Not Specified,MARGINAL,39.65,0.0
29/12/2023 07:00:00 - 29/12/2023 08:00:00,SCA|NO3,mFRR,Not Specified,Not Specified,MARGINAL,44.03,17.0
29/12/2023 08:00:00 - 29/12/2023 09:00:00,SCA|NO3,mFRR,Not Specified,Not Specified,MARGINAL,45.06,12.04
29/12/2023 09:00:00 - 29/12/2023 10:00:00,SCA|NO3,mFRR,Not Specified,Not Specified,MARGINAL,47.19,47.19
29/12/2023 10:00:00 - 29/12/2023 11:00:00,SCA|NO3,mFRR,Not Specified,Not Specified,MARGINAL,49.03,17.5
29/12/2023 11:00:00 - 29/12/2023 12:00:00,SCA|NO3,mFRR,Not Specified,Not Specified,MARGINAL,49.42,49.42
29/12/2023 12:00:00 - 29/12/2023 13:00:00,SCA|NO3,mFRR,Not Specified,Not Specified,MARGINAL,49.7,49.7
29/12/2023 13:00:00 - 29/12/2023 14:00:00,SCA|NO3,mFRR,Not Specified,Not Specified,MARGINAL,50.49,50.49
29/12/2023 14:00:00 - 29/12/2023 15:00:00,SCA|NO3,mFRR,Not Specified,Not Specified,MARGINAL,51.0,51.0
29/12/2023 15:00:00 - 29/12/2023 16:00:00,SCA|NO3,mFRR,Not Specified,Not Specified,MARGINAL,53.99,49.87
29/12/2023 16:00:00 - 29/12/2023 17:00:00,SCA|NO3,mFRR,Not Specified,Not Specified,MARGINAL,53.98,50.43
29/12/2023 17:00:00 - 29/12/2023 18:00:00,SCA|NO3,mFRR,Not Specified,Not Specified,MARGINAL,53.98,50.33
29/12/2023 18:00:00 - 29/12/2023 19:00:00,SCA|NO3,mFRR,Not Specified,Not Specified,MARGINAL,57.98,50.73
29/12/2023 19:00:00 - 29/12/2023 20:00:00,SCA|NO3,mFRR,Not Specified,Not Specified,MARGINAL,57.91,51.42
29/12/2023 20:00:00 - 29/12/2023 21:00:00,SCA|NO3,mFRR,Not Specified,Not Specified,MARGINAL,60.0,50.82
29/12/2023 21:00:00 - 29/12/2023 22:00:00,SCA|NO3,mFRR,Not Specified,Not Specified,MARGINAL,65.0,49.66
29/12/2023 22:00:00 - 29/12/2023 23:00:00,SCA|NO3,mFRR,Not Specified,Not Specified,MARGINAL,65.0,49.07
29/12/2023 23:00:00 - 30/12/2023 00:00:00,SCA|NO3,mFRR,Not Specified,Not Specified,MARGINAL,55.66,48.03
30/12/2023 00:00:00 - 30/12/2023 01:00:00,SCA|NO3,mFRR,Not Specified,Not Specified,MARGINAL,61.0,50.74
30/12/2023 01:00:00 - 30/12/2023 02:00:00,SCA|NO3,mFRR,Not Specified,Not Specified,MARGINAL,57.11,49.76
30/12/2023 02:00:00 - 30/12/2023 03:00:00,SCA|NO3,mFRR,Not Specified,Not Specified,MARGINAL,55.18,49.84
30/12/2023 03:00:00 - 30/12/2023 04:00:00,SCA|NO3,mFRR,Not Specified,Not Specified,MARGINAL,56.54,50.01
30/12/2023 04:00:00 - 30/12/2023 05:00:00,SCA|NO3,mFRR,Not Specified,Not Specified,MARGINAL,51.13,51.13
30/12/2023 05:00:00 - 30/12/2023 06:00:00,SCA|NO3,mFRR,Not Specified,Not Specified,MARGINAL,53.19,33.0
30/12/2023 06:00:00 - 30/12/2023 07:00:00,SCA|NO3,mFRR,Not Specified,Not Specified,MARGINAL,53.35,11.0
30/12/2023 07:00:00 - 30/12/2023 08:00:00,SCA|NO3,mFRR,Not Specified,Not Specified,MARGINAL,53.35,9.39
30/12/2023 08:00:00 - 30/12/2023 09:00:00,SCA|NO3,mFRR,Not Specified,Not Specified,MARGINAL,55.86,16.0
30/12/2023 09:00:00 - 30/12/2023 10:00:00,SCA|NO3,mFRR,Not Specified,Not Specified,MARGINAL,62.21,23.0
30/12/2023 10:00:00 - 30/12/2023 11:00:00,SCA|NO3,mFRR,Not Specified,Not Specified,MARGINAL,63.08,52.5
30/12/2023 11:00:00 - 30/12/2023 12:00:00,SCA|NO3,mFRR,Not Specified,Not Specified,MARGINAL,63.04,53.0
30/12/2023 12:00:00 - 30/12/2023 13:00:00,SCA|NO3,mFRR,Not Specified,Not Specified,MARGINAL,63.08,53.5
30/12/2023 13:00:00 - 30/12/2023 14:00:00,SCA|NO3,mFRR,Not Specified,Not Specified,MARGINAL,63.2,52.5
30/12/2023 14:00:00 - 30/12/2023 15:00:00,SCA|NO3,mFRR,Not Specified,Not Specified,MARGINAL,62.91,52.0
30/12/2023 15:00:00 - 30/12/2023 16:00:00,SCA|NO3,mFRR,Not Specified,Not Specified,MARGINAL,63.06,52.5
30/12/2023 16:00:00 - 30/12/2023 17:00:00,SCA|NO3,mFRR,Not Specified,Not Specified,MARGINAL,85.5,69.99
30/12/2023 17:00:00 - 30/12/2023 18:00:00,SCA|NO3,mFRR,Not Specified,Not Specified,MARGINAL,85.5,79.92
30/12/2023 18:00:00 - 30/12/2023 19:00:00,SCA|NO3,mFRR,Not Specified,Not Specified,MARGINAL,83.0,79.99
30/12/2023 19:00:00 - 30/12/2023 20:00:00,SCA|NO3,mFRR,Not Specified,Not Specified,MARGINAL,72.0,71.09
30/12/2023 20:00:00 - 30/12/2023 21:00:00,SCA|NO3,mFRR,Not Specified,Not Specified,MARGINAL,63.58,63.58
30/12/2023 21:00:00 - 30/12/2023 22:00:00,SCA|NO3,mFRR,Not Specified,Not Specified,MARGINAL,61.3,53.68
30/12/2023 22:00:00 - 30/12/2023 23:00:00,SCA|NO3,mFRR,Not Specified,Not Specified,MARGINAL,55.35,54.0
30/12/2023 23:00:00 - 31/12/2023 00:00:00,SCA|NO3,mFRR,Not Specified,Not Specified,MARGINAL,53.24,53.24
31/12/2023 00:00:00 - 31/12/2023 01:00:00,SCA|NO3,mFRR,Not Specified,Not Specified,MARGINAL,62.32,62.32
31/12/2023 01:00:00 - 31/12/2023 02:00:00,SCA|NO3,mFRR,Not Specified,Not Specified,MARGINAL,60.71,60.71
31/12/2023 02:00:00 - 31/12/2023 03:00:00,SCA|NO3,mFRR,Not Specified,Not Specified,MARGINAL,55.48,55.48
31/12/2023 03:00:00 - 31/12/2023 04:00:00,SCA|NO3,mFRR,Not Specified,Not Specified,MARGINAL,53.19,53.19
31/12/2023 04:00:00 - 31/12/2023 05:00:00,SCA|NO3,mFRR,Not Specified,Not Specified,MARGINAL,50.62,50.62
31/12/2023 05:00:00 - 31/12/2023 06:00:00,SCA|NO3,mFRR,Not Specified,Not Specified,MARGINAL,48.24,48.24
31/12/2023 06:00:00 - 31/12/2023 07:00:00,SCA|NO3,mFRR,Not Specified,Not Specified,MARGINAL,45.04,45.04
31/12/2023 07:00:00 - 31/12/2023 08:00:00,SCA|NO3,mFRR,Not Specified,Not Specified,MARGINAL,44.88,44.88
31/12/2023 08:00:00 - 31/12/2023 09:00:00,SCA|NO3,mFRR,Not Specified,Not Specified,MARGINAL,48.24,48.24
31/12/2023 09:00:00 - 31/12/2023 10:00:00,SCA|NO3,mFRR,Not Specified,Not Specified,MARGINAL,44.61,44.61
31/12/2023 10:00:00 - 31/12/2023 11:00:00,SCA|NO3,mFRR,Not Specified,Not Specified,MARGINAL,43.5,43.5
31/12/2023 11:00:00 - 31/12/2023 12:00:00,SCA|NO3,mFRR,Not Specified,Not Specified,MARGINAL,43.42,43.42
31/12/2023 12:00:00 - 31/12/2023 13:00:00,SCA|NO3,mFRR,Not Specified,Not Specified,MARGINAL,43.31,43.31
31/12/2023 13:00:00 - 31/12/2023 14:00:00,SCA|NO3,mFRR,Not Specified,Not Specified,MARGINAL,43.56,43.56
31/12/2023 14:00:00 - 31/12/2023 15:00:00,SCA|NO3,mFRR,Not Specified,Not Specified,MARGINAL,43.41,43.41
31/12/2023 15:00:00 - 31/12/2023 16:00:00,SCA|NO3,mFRR,Not Specified,Not Specified,MARGINAL,45.57,45.57
31/12/2023 16:00:00 - 31/12/2023 17:00:00,SCA|NO3,mFRR,Not Specified,Not Specified,MARGINAL,63.0,50.67
31/12/2023 17:00:00 - 31/12/2023 18:00:00,SCA|NO3,mFRR,Not Specified,Not Specified,MARGINAL,63.0,50.0
31/12/2023 18:00:00 - 31/12/2023 19:00:00,SCA|NO3,mFRR,Not Specified,Not Specified,MARGINAL,63.0,45.35
31/12/2023 19:00:00 - 31/12/2023 20:00:00,SCA|NO3,mFRR,Not Specified,Not Specified,MARGINAL,63.0,39.64
31/12/2023 20:00:00 - 31/12/2023 21:00:00,SCA|NO3,mFRR,Not Specified,Not Specified,MARGINAL,34.89,34.89
31/12/2023 21:00:00 - 31/12/2023 22:00:00,SCA|NO3,mFRR,Not Specified,Not Specified,MARGINAL,29.6,29.6
31/12/2023 22:00:00 - 31/12/2023 23:00:00,SCA|NO3,mFRR,Not Specified,Not Specified,MARGINAL,55.0,28.67
