"ISP","Area","Reserve Type","Type of Product","Direction","Offered (MW)","Activated (MW)","Unavailable (MW)"
"12/09/2023 00:00:00","SCA|NO1","mFRR","Local","Up","465.00","0.00"," "
"12/09/2023 00:00:00","SCA|NO1","mFRR","Local","Down","30.00","0.00"," "
"12/09/2023 01:00:00","SCA|NO1","mFRR","Local","Up","470.00","0.00"," "
"12/09/2023 01:00:00","SCA|NO1","mFRR","Local","Down","41.00","0.00"," "
"12/09/2023 02:00:00","SCA|NO1","mFRR","Local","Up","459.00","0.00"," "
"12/09/2023 02:00:00","SCA|NO1","mFRR","Local","Down","41.00","0.00"," "
"12/09/2023 03:00:00","SCA|NO1","mFRR","Local","Up","477.00","99.00"," "
"12/09/2023 03:00:00","SCA|NO1","mFRR","Local","Down","30.00","0.00"," "
"12/09/2023 04:00:00","SCA|NO1","mFRR","Local","Up","464.00","35.25"," "
"12/09/2023 04:00:00","SCA|NO1","mFRR","Local","Down","30.00","0.00"," "
"12/09/2023 05:00:00","SCA|NO1","mFRR","Local","Up","428.00","0.00"," "
"12/09/2023 05:00:00","SCA|NO1","mFRR","Local","Down","30.00","0.00"," "
"12/09/2023 06:00:00","SCA|NO1","mFRR","Local","Up","316.00","63.75"," "
"12/09/2023 06:00:00","SCA|NO1","mFRR","Local","Down","52.00","0.00"," "
"12/09/2023 07:00:00","SCA|NO1","mFRR","Local","Up","175.00","0.00"," "
"12/09/2023 07:00:00","SCA|NO1","mFRR","Local","Down","117.00","0.00"," "
"12/09/2023 08:00:00","SCA|NO1","mFRR","Local","Up","146.00","0.00"," "
"12/09/2023 08:00:00","SCA|NO1","mFRR","Local","Down","99.00","34.50"," "
"12/09/2023 09:00:00","SCA|NO1","mFRR","Local","Up","131.00","0.00"," "
"12/09/2023 09:00:00","SCA|NO1","mFRR","Local","Down","125.00","0.00"," "
"12/09/2023 10:00:00","SCA|NO1","mFRR","Local","Up","130.00","0.00"," "
"12/09/2023 10:00:00","SCA|NO1","mFRR","Local","Down","112.00","0.00"," "
"12/09/2023 11:00:00","SCA|NO1","mFRR","Local","Up","136.00","0.00"," "
"12/09/2023 11:00:00","SCA|NO1","mFRR","Local","Down","125.00","0.00"," "
"12/09/2023 12:00:00","SCA|NO1","mFRR","Local","Up","129.00","0.00"," "
"12/09/2023 12:00:00","SCA|NO1","mFRR","Local","Down","112.00","0.00"," "
"12/09/2023 13:00:00","SCA|NO1","mFRR","Local","Up","187.00","0.00"," "
"12/09/2023 13:00:00","SCA|NO1","mFRR","Local","Down","80.00","0.00"," "
"12/09/2023 14:00:00","SCA|NO1","mFRR","Local","Up","191.00","0.00"," "
"12/09/2023 14:00:00","SCA|NO1","mFRR","Local","Down","78.00","0.00"," "
"12/09/2023 15:00:00","SCA|NO1","mFRR","Local","Up","195.00","0.00"," "
"12/09/2023 15:00:00","SCA|NO1","mFRR","Local","Down","70.00","0.00"," "
"12/09/2023 16:00:00","SCA|NO1","mFRR","Local","Up","153.00","0.00"," "
"12/09/2023 16:00:00","SCA|NO1","mFRR","Local","Down","68.00","0.00"," "
"12/09/2023 17:00:00","SCA|NO1","mFRR","Local","Up","171.00","0.00"," "
"12/09/2023 17:00:00","SCA|NO1","mFRR","Local","Down","72.00","0.00"," "
"12/09/2023 18:00:00","SCA|NO1","mFRR","Local","Up","177.00","0.00"," "
"12/09/2023 18:00:00","SCA|NO1","mFRR","Local","Down","85.00","0.00"," "
"12/09/2023 19:00:00","SCA|NO1","mFRR","Local","Up","131.00","0.00"," "
"12/09/2023 19:00:00","SCA|NO1","mFRR","Local","Down","105.00","0.00"," "
"12/09/2023 20:00:00","SCA|NO1","mFRR","Local","Up","131.00","0.00"," "
"12/09/2023 20:00:00","SCA|NO1","mFRR","Local","Down","110.00","0.00"," "
"12/09/2023 21:00:00","SCA|NO1","mFRR","Local","Up","156.00","0.00"," "
"12/09/2023 21:00:00","SCA|NO1","mFRR","Local","Down","71.00","0.00"," "
"12/09/2023 22:00:00","SCA|NO1","mFRR","Local","Up","183.00","0.00"," "
"12/09/2023 22:00:00","SCA|NO1","mFRR","Local","Down","62.00","0.00"," "
"12/09/2023 23:00:00","SCA|NO1","mFRR","Local","Up","196.00","0.00"," "
"12/09/2023 23:00:00","SCA|NO1","mFRR","Local","Down","90.00","0.00"," "
"13/09/2023 00:00:00","SCA|NO1","mFRR","Local","Up","200.00","0.00"," "
"13/09/2023 00:00:00","SCA|NO1","mFRR","Local","Down","58.00","0.00"," "
"13/09/2023 01:00:00","SCA|NO1","mFRR","Local","Up","273.00","0.00"," "
"13/09/2023 01:00:00","SCA|NO1","mFRR","Local","Down","130.00","0.00"," "
"13/09/2023 02:00:00","SCA|NO1","mFRR","Local","Up","303.00","0.00"," "
"13/09/2023 02:00:00","SCA|NO1","mFRR","Local","Down","130.00","0.00"," "
"13/09/2023 03:00:00","SCA|NO1","mFRR","Local","Up","311.00","0.00"," "
"13/09/2023 03:00:00","SCA|NO1","mFRR","Local","Down","130.00","0.00"," "
"13/09/2023 04:00:00","SCA|NO1","mFRR","Local","Up","310.00","0.00"," "
"13/09/2023 04:00:00","SCA|NO1","mFRR","Local","Down","130.00","0.00"," "
"13/09/2023 05:00:00","SCA|NO1","mFRR","Local","Up","247.00","0.00"," "
"13/09/2023 05:00:00","SCA|NO1","mFRR","Local","Down","58.00","0.00"," "
"13/09/2023 06:00:00","SCA|NO1","mFRR","Local","Up","249.00","0.00"," "
"13/09/2023 06:00:00","SCA|NO1","mFRR","Local","Down","58.00","0.00"," "
"13/09/2023 07:00:00","SCA|NO1","mFRR","Local","Up","232.00","0.00"," "
"13/09/2023 07:00:00","SCA|NO1","mFRR","Local","Down","58.00","0.00"," "
"13/09/2023 08:00:00","SCA|NO1","mFRR","Local","Up","235.00","211.00"," "
"13/09/2023 08:00:00","SCA|NO1","mFRR","Local","Down","58.00","0.00"," "
"13/09/2023 09:00:00","SCA|NO1","mFRR","Local","Up","162.00","119.00"," "
"13/09/2023 09:00:00","SCA|NO1","mFRR","Local","Down","58.00","0.00"," "
"13/09/2023 10:00:00","SCA|NO1","mFRR","Local","Up","143.00","0.00"," "
"13/09/2023 10:00:00","SCA|NO1","mFRR","Local","Down","58.00","0.00"," "
"13/09/2023 11:00:00","SCA|NO1","mFRR","Local","Up","138.00","0.00"," "
"13/09/2023 11:00:00","SCA|NO1","mFRR","Local","Down","58.00","0.00"," "
"13/09/2023 12:00:00","SCA|NO1","mFRR","Local","Up","144.00","0.00"," "
"13/09/2023 12:00:00","SCA|NO1","mFRR","Local","Down","89.00","31.00"," "
"13/09/2023 13:00:00","SCA|NO1","mFRR","Local","Up","141.00","0.00"," "
"13/09/2023 13:00:00","SCA|NO1","mFRR","Local","Down","88.00","30.00"," "
"13/09/2023 14:00:00","SCA|NO1","mFRR","Local","Up","142.00","0.00"," "
"13/09/2023 14:00:00","SCA|NO1","mFRR","Local","Down","89.00","31.00"," "
"13/09/2023 15:00:00","SCA|NO1","mFRR","Local","Up","222.00","0.00"," "
"13/09/2023 15:00:00","SCA|NO1","mFRR","Local","Down","68.00","10.00"," "
"13/09/2023 16:00:00","SCA|NO1","mFRR","Local","Up","156.00","0.00"," "
"13/09/2023 16:00:00","SCA|NO1","mFRR","Local","Down","191.00","61.00"," "
"13/09/2023 17:00:00","SCA|NO1","mFRR","Local","Up","163.00","0.00"," "
"13/09/2023 17:00:00","SCA|NO1","mFRR","Local","Down","187.00","42.75"," "
"13/09/2023 18:00:00","SCA|NO1","mFRR","Local","Up","175.00","0.00"," "
"13/09/2023 18:00:00","SCA|NO1","mFRR","Local","Down","182.00","0.00"," "
"13/09/2023 19:00:00","SCA|NO1","mFRR","Local","Up","162.00","114.00"," "
"13/09/2023 19:00:00","SCA|NO1","mFRR","Local","Down","183.00","0.00"," "
"13/09/2023 20:00:00","SCA|NO1","mFRR","Local","Up","130.00","120.00"," "
"13/09/2023 20:00:00","SCA|NO1","mFRR","Local","Down","191.00","0.00"," "
"13/09/2023 21:00:00","SCA|NO1","mFRR","Local","Up","149.00","0.00"," "
"13/09/2023 21:00:00","SCA|NO1","mFRR","Local","Down","92.00","0.00"," "
"13/09/2023 22:00:00","SCA|NO1","mFRR","Local","Up","162.00","0.00"," "
"13/09/2023 22:00:00","SCA|NO1","mFRR","Local","Down","83.00","18.75"," "
"13/09/2023 23:00:00","SCA|NO1","mFRR","Local","Up","161.00","0.00"," "
"13/09/2023 23:00:00","SCA|NO1","mFRR","Local","Down","70.00","12.00"," "
"14/09/2023 00:00:00","SCA|NO1","mFRR","Local","Up","89.00","0.00"," "
"14/09/2023 00:00:00","SCA|NO1","mFRR","Local","Down","138.00","59.00"," "
"14/09/2023 01:00:00","SCA|NO1","mFRR","Local","Up","199.00","0.00"," "
"14/09/2023 01:00:00","SCA|NO1","mFRR","Local","Down","103.00","10.00"," "
"14/09/2023 02:00:00","SCA|NO1","mFRR","Local","Up","218.00","0.00"," "
"14/09/2023 02:00:00","SCA|NO1","mFRR","Local","Down","87.00","0.00"," "
"14/09/2023 03:00:00","SCA|NO1","mFRR","Local","Up","193.00","0.00"," "
"14/09/2023 03:00:00","SCA|NO1","mFRR","Local","Down","86.00","0.00"," "
"14/09/2023 04:00:00","SCA|NO1","mFRR","Local","Up","183.00","0.00"," "
"14/09/2023 04:00:00","SCA|NO1","mFRR","Local","Down","91.00","0.00"," "
"14/09/2023 05:00:00","SCA|NO1","mFRR","Local","Up","97.00","0.00"," "
"14/09/2023 05:00:00","SCA|NO1","mFRR","Local","Down","96.00","17.00"," "
"14/09/2023 06:00:00","SCA|NO1","mFRR","Local","Up","113.00","0.00"," "
"14/09/2023 06:00:00","SCA|NO1","mFRR","Local","Down","79.00","0.00"," "
"14/09/2023 07:00:00","SCA|NO1","mFRR","Local","Up","109.00","0.00"," "
"14/09/2023 07:00:00","SCA|NO1","mFRR","Local","Down","79.00","0.00"," "
"14/09/2023 08:00:00","SCA|NO1","mFRR","Local","Up","21.00","5.25"," "
"14/09/2023 08:00:00","SCA|NO1","mFRR","Local","Down","101.00","0.00"," "
"14/09/2023 09:00:00","SCA|NO1","mFRR","Local","Up","36.00","36.00"," "
"14/09/2023 09:00:00","SCA|NO1","mFRR","Local","Down","95.00","0.00"," "
"14/09/2023 10:00:00","SCA|NO1","mFRR","Local","Up","52.00","26.00"," "
"14/09/2023 10:00:00","SCA|NO1","mFRR","Local","Down","116.00","0.00"," "
"14/09/2023 11:00:00","SCA|NO1","mFRR","Local","Up","71.00","0.00"," "
"14/09/2023 11:00:00","SCA|NO1","mFRR","Local","Down","90.00","0.00"," "
"14/09/2023 12:00:00","SCA|NO1","mFRR","Local","Up","80.00","0.00"," "
"14/09/2023 12:00:00","SCA|NO1","mFRR","Local","Down","99.00","0.00"," "
"14/09/2023 13:00:00","SCA|NO1","mFRR","Local","Up","105.00","0.00"," "
"14/09/2023 13:00:00","SCA|NO1","mFRR","Local","Down","79.00","0.00"," "
"14/09/2023 14:00:00","SCA|NO1","mFRR","Local","Up","114.00","0.00"," "
"14/09/2023 14:00:00","SCA|NO1","mFRR","Local","Down","119.00","0.00"," "
"14/09/2023 15:00:00","SCA|NO1","mFRR","Local","Up","122.00","0.00"," "
"14/09/2023 15:00:00","SCA|NO1","mFRR","Local","Down","119.00","0.00"," "
"14/09/2023 16:00:00","SCA|NO1","mFRR","Local","Up","138.00","0.00"," "
"14/09/2023 16:00:00","SCA|NO1","mFRR","Local","Down","119.00","0.00"," "
"14/09/2023 17:00:00","SCA|NO1","mFRR","Local","Up","135.00","101.25"," "
"14/09/2023 17:00:00","SCA|NO1","mFRR","Local","Down","114.00","0.00"," "
"14/09/2023 18:00:00","SCA|NO1","mFRR","Local","Up","154.00","38.50"," "
"14/09/2023 18:00:00","SCA|NO1","mFRR","Local","Down","111.00","0.00"," "
"14/09/2023 19:00:00","SCA|NO1","mFRR","Local","Up","169.00","0.00"," "
"14/09/2023 19:00:00","SCA|NO1","mFRR","Local","Down","112.00","0.00"," "
"14/09/2023 20:00:00","SCA|NO1","mFRR","Local","Up","202.00","0.00"," "
"14/09/2023 20:00:00","SCA|NO1","mFRR","Local","Down","79.00","0.00"," "
"14/09/2023 21:00:00","SCA|NO1","mFRR","Local","Up","233.00","0.00"," "
"14/09/2023 21:00:00","SCA|NO1","mFRR","Local","Down","55.00","0.00"," "
"14/09/2023 22:00:00","SCA|NO1","mFRR","Local","Up","255.00","0.00"," "
"14/09/2023 22:00:00","SCA|NO1","mFRR","Local","Down","55.00","0.00"," "
"14/09/2023 23:00:00","SCA|NO1","mFRR","Local","Up","286.00","0.00"," "
"14/09/2023 23:00:00","SCA|NO1","mFRR","Local","Down","55.00","0.00"," "
"15/09/2023 00:00:00","SCA|NO1","mFRR","Local","Up","253.00","0.00"," "
"15/09/2023 00:00:00","SCA|NO1","mFRR","Local","Down","139.00","0.00"," "
"15/09/2023 01:00:00","SCA|NO1","mFRR","Local","Up","304.00","0.00"," "
"15/09/2023 01:00:00","SCA|NO1","mFRR","Local","Down","228.00","0.00"," "
"15/09/2023 02:00:00","SCA|NO1","mFRR","Local","Up","296.00","0.00"," "
"15/09/2023 02:00:00","SCA|NO1","mFRR","Local","Down","215.00","0.00"," "
"15/09/2023 03:00:00","SCA|NO1","mFRR","Local","Up","304.00","0.00"," "
"15/09/2023 03:00:00","SCA|NO1","mFRR","Local","Down","198.00","0.00"," "
"15/09/2023 04:00:00","SCA|NO1","mFRR","Local","Up","302.00","0.00"," "
"15/09/2023 04:00:00","SCA|NO1","mFRR","Local","Down","199.00","0.00"," "
"15/09/2023 05:00:00","SCA|NO1","mFRR","Local","Up","235.00","0.00"," "
"15/09/2023 05:00:00","SCA|NO1","mFRR","Local","Down","95.00","0.00"," "
"15/09/2023 06:00:00","SCA|NO1","mFRR","Local","Up","207.00","0.00"," "
"15/09/2023 06:00:00","SCA|NO1","mFRR","Local","Down","127.00","0.00"," "
"15/09/2023 07:00:00","SCA|NO1","mFRR","Local","Up","187.00","0.00"," "
"15/09/2023 07:00:00","SCA|NO1","mFRR","Local","Down","131.00","0.00"," "
"15/09/2023 08:00:00","SCA|NO1","mFRR","Local","Up","144.00","0.00"," "
"15/09/2023 08:00:00","SCA|NO1","mFRR","Local","Down","173.00","0.00"," "
"15/09/2023 09:00:00","SCA|NO1","mFRR","Local","Up","214.00","0.00"," "
"15/09/2023 09:00:00","SCA|NO1","mFRR","Local","Down","198.00","0.00"," "
"15/09/2023 10:00:00","SCA|NO1","mFRR","Local","Up","232.00","0.00"," "
"15/09/2023 10:00:00","SCA|NO1","mFRR","Local","Down","194.00","0.00"," "
"15/09/2023 11:00:00","SCA|NO1","mFRR","Local","Up","230.00","0.00"," "
"15/09/2023 11:00:00","SCA|NO1","mFRR","Local","Down","191.00","0.00"," "
"15/09/2023 12:00:00","SCA|NO1","mFRR","Local","Up","243.00","0.00"," "
"15/09/2023 12:00:00","SCA|NO1","mFRR","Local","Down","195.00","0.00"," "
"15/09/2023 13:00:00","SCA|NO1","mFRR","Local","Up","252.00","0.00"," "
"15/09/2023 13:00:00","SCA|NO1","mFRR","Local","Down","189.00","0.00"," "
"15/09/2023 14:00:00","SCA|NO1","mFRR","Local","Up","287.00","0.00"," "
"15/09/2023 14:00:00","SCA|NO1","mFRR","Local","Down","218.00","0.00"," "
"15/09/2023 15:00:00","SCA|NO1","mFRR","Local","Up","305.00","0.00"," "
"15/09/2023 15:00:00","SCA|NO1","mFRR","Local","Down","169.00","0.00"," "
"15/09/2023 16:00:00","SCA|NO1","mFRR","Local","Up","315.00","0.00"," "
"15/09/2023 16:00:00","SCA|NO1","mFRR","Local","Down","190.00","0.00"," "
"15/09/2023 17:00:00","SCA|NO1","mFRR","Local","Up","360.00","0.00"," "
"15/09/2023 17:00:00","SCA|NO1","mFRR","Local","Down","142.00","0.00"," "
"15/09/2023 18:00:00","SCA|NO1","mFRR","Local","Up","377.00","0.00"," "
"15/09/2023 18:00:00","SCA|NO1","mFRR","Local","Down","115.00","0.00"," "
"15/09/2023 19:00:00","SCA|NO1","mFRR","Local","Up","399.00","0.00"," "
"15/09/2023 19:00:00","SCA|NO1","mFRR","Local","Down","112.00","0.00"," "
"15/09/2023 20:00:00","SCA|NO1","mFRR","Local","Up","432.00","0.00"," "
"15/09/2023 20:00:00","SCA|NO1","mFRR","Local","Down","109.00","0.00"," "
"15/09/2023 21:00:00","SCA|NO1","mFRR","Local","Up","418.00","0.00"," "
"15/09/2023 21:00:00","SCA|NO1","mFRR","Local","Down","99.00","0.00"," "
"15/09/2023 22:00:00","SCA|NO1","mFRR","Local","Up","441.00","0.00"," "
"15/09/2023 22:00:00","SCA|NO1","mFRR","Local","Down","99.00","0.00"," "
"15/09/2023 23:00:00","SCA|NO1","mFRR","Local","Up","454.00","0.00"," "
"15/09/2023 23:00:00","SCA|NO1","mFRR","Local","Down","84.00","0.00"," "
"16/09/2023 00:00:00","SCA|NO1","mFRR","Local","Up","317.00","0.00"," "
"16/09/2023 00:00:00","SCA|NO1","mFRR","Local","Down","192.00","0.00"," "
"16/09/2023 01:00:00","SCA|NO1","mFRR","Local","Up","344.00","0.00"," "
"16/09/2023 01:00:00","SCA|NO1","mFRR","Local","Down","219.00","0.00"," "
"16/09/2023 02:00:00","SCA|NO1","mFRR","Local","Up","341.00","0.00"," "
"16/09/2023 02:00:00","SCA|NO1","mFRR","Local","Down","209.00","0.00"," "
"16/09/2023 03:00:00","SCA|NO1","mFRR","Local","Up","348.00","0.00"," "
"16/09/2023 03:00:00","SCA|NO1","mFRR","Local","Down","185.00","0.00"," "
"16/09/2023 04:00:00","SCA|NO1","mFRR","Local","Up","349.00","0.00"," "
"16/09/2023 04:00:00","SCA|NO1","mFRR","Local","Down","182.00","0.00"," "
"16/09/2023 05:00:00","SCA|NO1","mFRR","Local","Up","310.00","0.00"," "
"16/09/2023 05:00:00","SCA|NO1","mFRR","Local","Down","166.00","0.00"," "
"16/09/2023 06:00:00","SCA|NO1","mFRR","Local","Up","273.00","0.00"," "
"16/09/2023 06:00:00","SCA|NO1","mFRR","Local","Down","151.00","0.00"," "
"16/09/2023 07:00:00","SCA|NO1","mFRR","Local","Up","244.00","0.00"," "
"16/09/2023 07:00:00","SCA|NO1","mFRR","Local","Down","140.00","0.00"," "
"16/09/2023 08:00:00","SCA|NO1","mFRR","Local","Up","202.00","0.00"," "
"16/09/2023 08:00:00","SCA|NO1","mFRR","Local","Down","178.00","0.00"," "
"16/09/2023 09:00:00","SCA|NO1","mFRR","Local","Up","166.00","0.00"," "
"16/09/2023 09:00:00","SCA|NO1","mFRR","Local","Down","191.00","0.00"," "
"16/09/2023 10:00:00","SCA|NO1","mFRR","Local","Up","163.00","0.00"," "
"16/09/2023 10:00:00","SCA|NO1","mFRR","Local","Down","194.00","0.00"," "
"16/09/2023 11:00:00","SCA|NO1","mFRR","Local","Up","161.00","0.00"," "
"16/09/2023 11:00:00","SCA|NO1","mFRR","Local","Down","196.00","0.00"," "
"16/09/2023 12:00:00","SCA|NO1","mFRR","Local","Up","161.00","0.00"," "
"16/09/2023 12:00:00","SCA|NO1","mFRR","Local","Down","196.00","0.00"," "
"16/09/2023 13:00:00","SCA|NO1","mFRR","Local","Up","168.00","0.00"," "
"16/09/2023 13:00:00","SCA|NO1","mFRR","Local","Down","189.00","0.00"," "
"16/09/2023 14:00:00","SCA|NO1","mFRR","Local","Up","169.00","0.00"," "
"16/09/2023 14:00:00","SCA|NO1","mFRR","Local","Down","188.00","0.00"," "
"16/09/2023 15:00:00","SCA|NO1","mFRR","Local","Up","160.00","0.00"," "
"16/09/2023 15:00:00","SCA|NO1","mFRR","Local","Down","197.00","0.00"," "
"16/09/2023 16:00:00","SCA|NO1","mFRR","Local","Up","151.00","0.00"," "
"16/09/2023 16:00:00","SCA|NO1","mFRR","Local","Down","211.00","0.00"," "
"16/09/2023 17:00:00","SCA|NO1","mFRR","Local","Up","141.00","16.50"," "
"16/09/2023 17:00:00","SCA|NO1","mFRR","Local","Down","215.00","0.00"," "
"16/09/2023 18:00:00","SCA|NO1","mFRR","Local","Up","144.00","33.00"," "
"16/09/2023 18:00:00","SCA|NO1","mFRR","Local","Down","220.00","0.00"," "
"16/09/2023 19:00:00","SCA|NO1","mFRR","Local","Up","156.00","34.00"," "
"16/09/2023 19:00:00","SCA|NO1","mFRR","Local","Down","212.00","0.00"," "
"16/09/2023 20:00:00","SCA|NO1","mFRR","Local","Up","167.00","34.00"," "
"16/09/2023 20:00:00","SCA|NO1","mFRR","Local","Down","200.00","0.00"," "
"16/09/2023 21:00:00","SCA|NO1","mFRR","Local","Up","179.00","34.00"," "
"16/09/2023 21:00:00","SCA|NO1","mFRR","Local","Down","187.00","0.00"," "
"16/09/2023 22:00:00","SCA|NO1","mFRR","Local","Up","198.00","33.00"," "
"16/09/2023 22:00:00","SCA|NO1","mFRR","Local","Down","179.00","0.00"," "
"16/09/2023 23:00:00","SCA|NO1","mFRR","Local","Up","211.00","0.00"," "
"16/09/2023 23:00:00","SCA|NO1","mFRR","Local","Down","168.00","0.00"," "
"17/09/2023 00:00:00","SCA|NO1","mFRR","Local","Up","286.00","286.00"," "
"17/09/2023 00:00:00","SCA|NO1","mFRR","Local","Down","112.00","0.00"," "
"17/09/2023 01:00:00","SCA|NO1","mFRR","Local","Up","343.00","289.00"," "
"17/09/2023 01:00:00","SCA|NO1","mFRR","Local","Down","111.00","0.00"," "
"17/09/2023 02:00:00","SCA|NO1","mFRR","Local","Up","347.00","194.00"," "
"17/09/2023 02:00:00","SCA|NO1","mFRR","Local","Down","112.00","0.00"," "
"17/09/2023 03:00:00","SCA|NO1","mFRR","Local","Up","355.00","0.00"," "
"17/09/2023 03:00:00","SCA|NO1","mFRR","Local","Down","112.00","0.00"," "
"17/09/2023 04:00:00","SCA|NO1","mFRR","Local","Up","359.00","65.00"," "
"17/09/2023 04:00:00","SCA|NO1","mFRR","Local","Down","112.00","0.00"," "
"17/09/2023 05:00:00","SCA|NO1","mFRR","Local","Up","285.00","0.00"," "
"17/09/2023 05:00:00","SCA|NO1","mFRR","Local","Down","117.00","0.00"," "
"17/09/2023 06:00:00","SCA|NO1","mFRR","Local","Up","278.00","35.00"," "
"17/09/2023 06:00:00","SCA|NO1","mFRR","Local","Down","112.00","0.00"," "
"17/09/2023 07:00:00","SCA|NO1","mFRR","Local","Up","268.00","17.50"," "
"17/09/2023 07:00:00","SCA|NO1","mFRR","Local","Down","118.00","0.00"," "
"17/09/2023 08:00:00","SCA|NO1","mFRR","Local","Up","284.00","0.00"," "
"17/09/2023 08:00:00","SCA|NO1","mFRR","Local","Down","112.00","0.00"," "
"17/09/2023 09:00:00","SCA|NO1","mFRR","Local","Up","272.00","0.00"," "
"17/09/2023 09:00:00","SCA|NO1","mFRR","Local","Down","112.00","0.00"," "
"17/09/2023 10:00:00","SCA|NO1","mFRR","Local","Up","214.00","0.00"," "
"17/09/2023 10:00:00","SCA|NO1","mFRR","Local","Down","109.00","0.00"," "
"17/09/2023 11:00:00","SCA|NO1","mFRR","Local","Up","105.00","0.00"," "
"17/09/2023 11:00:00","SCA|NO1","mFRR","Local","Down","110.00","0.00"," "
"17/09/2023 12:00:00","SCA|NO1","mFRR","Local","Up","58.00","0.00"," "
"17/09/2023 12:00:00","SCA|NO1","mFRR","Local","Down","164.00","0.00"," "
"17/09/2023 13:00:00","SCA|NO1","mFRR","Local","Up","57.00","0.00"," "
"17/09/2023 13:00:00","SCA|NO1","mFRR","Local","Down","179.00","0.00"," "
"17/09/2023 14:00:00","SCA|NO1","mFRR","Local","Up","57.00","0.00"," "
"17/09/2023 14:00:00","SCA|NO1","mFRR","Local","Down","182.00","0.00"," "
"17/09/2023 15:00:00","SCA|NO1","mFRR","Local","Up","57.00","0.00"," "
"17/09/2023 15:00:00","SCA|NO1","mFRR","Local","Down","178.00","0.00"," "
"17/09/2023 16:00:00","SCA|NO1","mFRR","Local","Up","226.00","0.00"," "
"17/09/2023 16:00:00","SCA|NO1","mFRR","Local","Down","109.00","0.00"," "
"17/09/2023 17:00:00","SCA|NO1","mFRR","Local","Up","239.00","0.00"," "
"17/09/2023 17:00:00","SCA|NO1","mFRR","Local","Down","111.00","0.00"," "
"17/09/2023 18:00:00","SCA|NO1","mFRR","Local","Up","238.00","0.00"," "
"17/09/2023 18:00:00","SCA|NO1","mFRR","Local","Down","112.00","0.00"," "
"17/09/2023 19:00:00","SCA|NO1","mFRR","Local","Up","174.00","0.00"," "
"17/09/2023 19:00:00","SCA|NO1","mFRR","Local","Down","155.00","0.00"," "
"17/09/2023 20:00:00","SCA|NO1","mFRR","Local","Up","189.00","0.00"," "
"17/09/2023 20:00:00","SCA|NO1","mFRR","Local","Down","156.00","0.00"," "
"17/09/2023 21:00:00","SCA|NO1","mFRR","Local","Up","236.00","0.00"," "
"17/09/2023 21:00:00","SCA|NO1","mFRR","Local","Down","126.00","0.00"," "
"17/09/2023 22:00:00","SCA|NO1","mFRR","Local","Up","246.00","0.00"," "
"17/09/2023 22:00:00","SCA|NO1","mFRR","Local","Down","110.00","0.00"," "
"17/09/2023 23:00:00","SCA|NO1","mFRR","Local","Up","207.00","0.00"," "
"17/09/2023 23:00:00","SCA|NO1","mFRR","Local","Down","107.00","0.00"," "
"18/09/2023 00:00:00","SCA|NO1","mFRR","Local","Up","165.00","0.00"," "
"18/09/2023 00:00:00","SCA|NO1","mFRR","Local","Down","227.00","0.00"," "
"18/09/2023 01:00:00","SCA|NO1","mFRR","Local","Up","171.00","0.00"," "
"18/09/2023 01:00:00","SCA|NO1","mFRR","Local","Down","272.00","0.00"," "
"18/09/2023 02:00:00","SCA|NO1","mFRR","Local","Up","189.00","0.00"," "
"18/09/2023 02:00:00","SCA|NO1","mFRR","Local","Down","331.00","0.00"," "
"18/09/2023 03:00:00","SCA|NO1","mFRR","Local","Up","210.00","0.00"," "
"18/09/2023 03:00:00","SCA|NO1","mFRR","Local","Down","321.00","0.00"," "
"18/09/2023 04:00:00","SCA|NO1","mFRR","Local","Up","222.00","0.00"," "
"18/09/2023 04:00:00","SCA|NO1","mFRR","Local","Down","326.00","0.00"," "
"18/09/2023 05:00:00","SCA|NO1","mFRR","Local","Up","174.00","0.00"," "
"18/09/2023 05:00:00","SCA|NO1","mFRR","Local","Down","278.00","0.00"," "
"18/09/2023 06:00:00","SCA|NO1","mFRR","Local","Up","222.00","0.00"," "
"18/09/2023 06:00:00","SCA|NO1","mFRR","Local","Down","226.00","49.00"," "
"18/09/2023 07:00:00","SCA|NO1","mFRR","Local","Up","121.00","0.00"," "
"18/09/2023 07:00:00","SCA|NO1","mFRR","Local","Down","249.00","22.00"," "
"18/09/2023 08:00:00","SCA|NO1","mFRR","Local","Up","92.00","0.00"," "
"18/09/2023 08:00:00","SCA|NO1","mFRR","Local","Down","338.00","89.00"," "
"18/09/2023 09:00:00","SCA|NO1","mFRR","Local","Up","163.00","0.00"," "
"18/09/2023 09:00:00","SCA|NO1","mFRR","Local","Down","249.00","0.00"," "
"18/09/2023 10:00:00","SCA|NO1","mFRR","Local","Up","157.00","0.00"," "
"18/09/2023 10:00:00","SCA|NO1","mFRR","Local","Down","249.00","0.00"," "
"18/09/2023 11:00:00","SCA|NO1","mFRR","Local","Up","165.00","0.00"," "
"18/09/2023 11:00:00","SCA|NO1","mFRR","Local","Down","249.00","0.00"," "
"18/09/2023 12:00:00","SCA|NO1","mFRR","Local","Up","182.00","0.00"," "
"18/09/2023 12:00:00","SCA|NO1","mFRR","Local","Down","249.00","0.00"," "
"18/09/2023 13:00:00","SCA|NO1","mFRR","Local","Up","194.00","0.00"," "
"18/09/2023 13:00:00","SCA|NO1","mFRR","Local","Down","244.00","0.00"," "
"18/09/2023 14:00:00","SCA|NO1","mFRR","Local","Up","130.00","0.00"," "
"18/09/2023 14:00:00","SCA|NO1","mFRR","Local","Down","243.00","0.00"," "
"18/09/2023 15:00:00","SCA|NO1","mFRR","Local","Up","157.00","0.00"," "
"18/09/2023 15:00:00","SCA|NO1","mFRR","Local","Down","243.00","0.00"," "
"18/09/2023 16:00:00","SCA|NO1","mFRR","Local","Up","205.00","0.00"," "
"18/09/2023 16:00:00","SCA|NO1","mFRR","Local","Down","243.00","0.00"," "
"18/09/2023 17:00:00","SCA|NO1","mFRR","Local","Up","169.00","0.00"," "
"18/09/2023 17:00:00","SCA|NO1","mFRR","Local","Down","249.00","0.00"," "
"18/09/2023 18:00:00","SCA|NO1","mFRR","Local","Up","183.00","0.00"," "
"18/09/2023 18:00:00","SCA|NO1","mFRR","Local","Down","267.00","0.00"," "
"18/09/2023 19:00:00","SCA|NO1","mFRR","Local","Up","187.00","0.00"," "
"18/09/2023 19:00:00","SCA|NO1","mFRR","Local","Down","267.00","0.00"," "
"18/09/2023 20:00:00","SCA|NO1","mFRR","Local","Up","253.00","0.00"," "
"18/09/2023 20:00:00","SCA|NO1","mFRR","Local","Down","244.00","0.00"," "
"18/09/2023 21:00:00","SCA|NO1","mFRR","Local","Up","247.00","0.00"," "
"18/09/2023 21:00:00","SCA|NO1","mFRR","Local","Down","234.00","0.00"," "
"18/09/2023 22:00:00","SCA|NO1","mFRR","Local","Up","248.00","0.00"," "
"18/09/2023 22:00:00","SCA|NO1","mFRR","Local","Down","234.00","37.50"," "
"18/09/2023 23:00:00","SCA|NO1","mFRR","Local","Up","247.00","0.00"," "
"18/09/2023 23:00:00","SCA|NO1","mFRR","Local","Down","226.00","42.00"," "
"19/09/2023 00:00:00","SCA|NO1","mFRR","Local","Up","407.00","162.00"," "
"19/09/2023 00:00:00","SCA|NO1","mFRR","Local","Down","112.00","0.00"," "
"19/09/2023 01:00:00","SCA|NO1","mFRR","Local","Up","452.00","199.25"," "
"19/09/2023 01:00:00","SCA|NO1","mFRR","Local","Down","82.00","0.00"," "
"19/09/2023 02:00:00","SCA|NO1","mFRR","Local","Up","468.00","216.00"," "
"19/09/2023 02:00:00","SCA|NO1","mFRR","Local","Down","82.00","0.00"," "
"19/09/2023 03:00:00","SCA|NO1","mFRR","Local","Up","380.00","123.00"," "
"19/09/2023 03:00:00","SCA|NO1","mFRR","Local","Down","83.00","0.00"," "
"19/09/2023 04:00:00","SCA|NO1","mFRR","Local","Up","325.00","0.00"," "
"19/09/2023 04:00:00","SCA|NO1","mFRR","Local","Down","83.00","0.00"," "
"19/09/2023 05:00:00","SCA|NO1","mFRR","Local","Up","307.00","138.50"," "
"19/09/2023 05:00:00","SCA|NO1","mFRR","Local","Down","112.00","0.00"," "
"19/09/2023 06:00:00","SCA|NO1","mFRR","Local","Up","298.00","147.00"," "
"19/09/2023 06:00:00","SCA|NO1","mFRR","Local","Down","125.00","0.00"," "
"19/09/2023 07:00:00","SCA|NO1","mFRR","Local","Up","289.00","181.00"," "
"19/09/2023 07:00:00","SCA|NO1","mFRR","Local","Down","163.00","0.00"," "
"19/09/2023 08:00:00","SCA|NO1","mFRR","Local","Up","248.00","178.50"," "
"19/09/2023 08:00:00","SCA|NO1","mFRR","Local","Down","161.00","0.00"," "
"19/09/2023 09:00:00","SCA|NO1","mFRR","Local","Up","230.00","82.00"," "
"19/09/2023 09:00:00","SCA|NO1","mFRR","Local","Down","161.00","0.00"," "
"19/09/2023 10:00:00","SCA|NO1","mFRR","Local","Up","261.00","115.00"," "
"19/09/2023 10:00:00","SCA|NO1","mFRR","Local","Down","161.00","0.00"," "
"19/09/2023 11:00:00","SCA|NO1","mFRR","Local","Up","311.00","99.00"," "
"19/09/2023 11:00:00","SCA|NO1","mFRR","Local","Down","161.00","0.00"," "
"19/09/2023 12:00:00","SCA|NO1","mFRR","Local","Up","333.00","0.00"," "
"19/09/2023 12:00:00","SCA|NO1","mFRR","Local","Down","124.00","0.00"," "
"19/09/2023 13:00:00","SCA|NO1","mFRR","Local","Up","334.00","0.00"," "
"19/09/2023 13:00:00","SCA|NO1","mFRR","Local","Down","99.00","0.00"," "
"19/09/2023 14:00:00","SCA|NO1","mFRR","Local","Up","327.00","0.00"," "
"19/09/2023 14:00:00","SCA|NO1","mFRR","Local","Down","99.00","0.00"," "
"19/09/2023 15:00:00","SCA|NO1","mFRR","Local","Up","317.00","0.00"," "
"19/09/2023 15:00:00","SCA|NO1","mFRR","Local","Down","149.00","0.00"," "
"19/09/2023 16:00:00","SCA|NO1","mFRR","Local","Up","377.00","33.00"," "
"19/09/2023 16:00:00","SCA|NO1","mFRR","Local","Down","139.00","0.00"," "
"19/09/2023 17:00:00","SCA|NO1","mFRR","Local","Up","381.00","138.00"," "
"19/09/2023 17:00:00","SCA|NO1","mFRR","Local","Down","151.00","0.00"," "
"19/09/2023 18:00:00","SCA|NO1","mFRR","Local","Up","319.00","100.00"," "
"19/09/2023 18:00:00","SCA|NO1","mFRR","Local","Down","161.00","0.00"," "
"19/09/2023 19:00:00","SCA|NO1","mFRR","Local","Up","341.00","146.50"," "
"19/09/2023 19:00:00","SCA|NO1","mFRR","Local","Down","161.00","0.00"," "
"19/09/2023 20:00:00","SCA|NO1","mFRR","Local","Up","307.00","50.00"," "
"19/09/2023 20:00:00","SCA|NO1","mFRR","Local","Down","161.00","0.00"," "
"19/09/2023 21:00:00","SCA|NO1","mFRR","Local","Up","290.00","0.00"," "
"19/09/2023 21:00:00","SCA|NO1","mFRR","Local","Down","161.00","0.00"," "
"19/09/2023 22:00:00","SCA|NO1","mFRR","Local","Up","303.00","0.00"," "
"19/09/2023 22:00:00","SCA|NO1","mFRR","Local","Down","139.00","0.00"," "
"19/09/2023 23:00:00","SCA|NO1","mFRR","Local","Up","330.00","31.50"," "
"19/09/2023 23:00:00","SCA|NO1","mFRR","Local","Down","136.00","0.00"," "
"20/09/2023 00:00:00","SCA|NO1","mFRR","Local","Up","259.00","0.00"," "
"20/09/2023 00:00:00","SCA|NO1","mFRR","Local","Down","160.00","0.00"," "
"20/09/2023 01:00:00","SCA|NO1","mFRR","Local","Up","361.00","0.00"," "
"20/09/2023 01:00:00","SCA|NO1","mFRR","Local","Down","123.00","0.00"," "
"20/09/2023 02:00:00","SCA|NO1","mFRR","Local","Up","370.00","0.00"," "
"20/09/2023 02:00:00","SCA|NO1","mFRR","Local","Down","121.00","0.00"," "
"20/09/2023 03:00:00","SCA|NO1","mFRR","Local","Up","360.00","0.00"," "
"20/09/2023 03:00:00","SCA|NO1","mFRR","Local","Down","117.00","0.00"," "
"20/09/2023 04:00:00","SCA|NO1","mFRR","Local","Up","359.00","0.00"," "
"20/09/2023 04:00:00","SCA|NO1","mFRR","Local","Down","117.00","0.00"," "
"20/09/2023 05:00:00","SCA|NO1","mFRR","Local","Up","255.00","0.00"," "
"20/09/2023 05:00:00","SCA|NO1","mFRR","Local","Down","153.00","0.00"," "
"20/09/2023 06:00:00","SCA|NO1","mFRR","Local","Up","224.00","0.00"," "
"20/09/2023 06:00:00","SCA|NO1","mFRR","Local","Down","153.00","0.00"," "
"20/09/2023 07:00:00","SCA|NO1","mFRR","Local","Up","213.00","0.00"," "
"20/09/2023 07:00:00","SCA|NO1","mFRR","Local","Down","153.00","0.00"," "
"20/09/2023 08:00:00","SCA|NO1","mFRR","Local","Up","204.00","0.00"," "
"20/09/2023 08:00:00","SCA|NO1","mFRR","Local","Down","153.00","0.00"," "
"20/09/2023 09:00:00","SCA|NO1","mFRR","Local","Up","211.00","90.00"," "
"20/09/2023 09:00:00","SCA|NO1","mFRR","Local","Down","167.00","0.00"," "
"20/09/2023 10:00:00","SCA|NO1","mFRR","Local","Up","208.00","32.50"," "
"20/09/2023 10:00:00","SCA|NO1","mFRR","Local","Down","149.00","0.00"," "
"20/09/2023 11:00:00","SCA|NO1","mFRR","Local","Up","190.00","0.00"," "
"20/09/2023 11:00:00","SCA|NO1","mFRR","Local","Down","149.00","0.00"," "
"20/09/2023 12:00:00","SCA|NO1","mFRR","Local","Up","188.00","0.00"," "
"20/09/2023 12:00:00","SCA|NO1","mFRR","Local","Down","149.00","0.00"," "
"20/09/2023 13:00:00","SCA|NO1","mFRR","Local","Up","182.00","48.75"," "
"20/09/2023 13:00:00","SCA|NO1","mFRR","Local","Down","149.00","0.00"," "
"20/09/2023 14:00:00","SCA|NO1","mFRR","Local","Up","190.00","86.50"," "
"20/09/2023 14:00:00","SCA|NO1","mFRR","Local","Down","149.00","0.00"," "
"20/09/2023 15:00:00","SCA|NO1","mFRR","Local","Up","228.00","88.00"," "
"20/09/2023 15:00:00","SCA|NO1","mFRR","Local","Down","149.00","0.00"," "
"20/09/2023 16:00:00","SCA|NO1","mFRR","Local","Up","171.00","76.25"," "
"20/09/2023 16:00:00","SCA|NO1","mFRR","Local","Down","123.00","0.00"," "
"20/09/2023 17:00:00","SCA|NO1","mFRR","Local","Up","229.00","122.00"," "
"20/09/2023 17:00:00","SCA|NO1","mFRR","Local","Down","115.00","0.00"," "
"20/09/2023 18:00:00","SCA|NO1","mFRR","Local","Up","239.00","120.00"," "
"20/09/2023 18:00:00","SCA|NO1","mFRR","Local","Down","123.00","0.00"," "
"20/09/2023 19:00:00","SCA|NO1","mFRR","Local","Up","267.00","115.75"," "
"20/09/2023 19:00:00","SCA|NO1","mFRR","Local","Down","115.00","0.00"," "
"20/09/2023 20:00:00","SCA|NO1","mFRR","Local","Up","332.00","0.00"," "
"20/09/2023 20:00:00","SCA|NO1","mFRR","Local","Down","141.00","0.00"," "
"20/09/2023 21:00:00","SCA|NO1","mFRR","Local","Up","355.00","0.00"," "
"20/09/2023 21:00:00","SCA|NO1","mFRR","Local","Down","119.00","0.00"," "
"20/09/2023 22:00:00","SCA|NO1","mFRR","Local","Up","323.00","0.00"," "
"20/09/2023 22:00:00","SCA|NO1","mFRR","Local","Down","150.00","0.00"," "
"20/09/2023 23:00:00","SCA|NO1","mFRR","Local","Up","298.00","0.00"," "
"20/09/2023 23:00:00","SCA|NO1","mFRR","Local","Down","150.00","0.00"," "
"21/09/2023 00:00:00","SCA|NO1","mFRR","Local","Up","420.00","0.00"," "
"21/09/2023 00:00:00","SCA|NO1","mFRR","Local","Down","52.00","0.00"," "
"21/09/2023 01:00:00","SCA|NO1","mFRR","Local","Up","468.00","102.00"," "
"21/09/2023 01:00:00","SCA|NO1","mFRR","Local","Down","52.00","0.00"," "
"21/09/2023 02:00:00","SCA|NO1","mFRR","Local","Up","420.00","0.00"," "
"21/09/2023 02:00:00","SCA|NO1","mFRR","Local","Down","52.00","0.00"," "
"21/09/2023 03:00:00","SCA|NO1","mFRR","Local","Up","472.00","117.00"," "
"21/09/2023 03:00:00","SCA|NO1","mFRR","Local","Down","52.00","0.00"," "
"21/09/2023 04:00:00","SCA|NO1","mFRR","Local","Up","472.00","79.50"," "
"21/09/2023 04:00:00","SCA|NO1","mFRR","Local","Down","52.00","0.00"," "
"21/09/2023 05:00:00","SCA|NO1","mFRR","Local","Up","409.00","0.00"," "
"21/09/2023 05:00:00","SCA|NO1","mFRR","Local","Down","52.00","0.00"," "
"21/09/2023 06:00:00","SCA|NO1","mFRR","Local","Up","345.00","39.00"," "
"21/09/2023 06:00:00","SCA|NO1","mFRR","Local","Down","52.00","0.00"," "
"21/09/2023 07:00:00","SCA|NO1","mFRR","Local","Up","288.00","0.00"," "
"21/09/2023 07:00:00","SCA|NO1","mFRR","Local","Down","102.00","0.00"," "
"21/09/2023 08:00:00","SCA|NO1","mFRR","Local","Up","277.00","20.00"," "
"21/09/2023 08:00:00","SCA|NO1","mFRR","Local","Down","105.00","0.00"," "
"21/09/2023 09:00:00","SCA|NO1","mFRR","Local","Up","314.00","67.00"," "
"21/09/2023 09:00:00","SCA|NO1","mFRR","Local","Down","67.00","0.00"," "
"21/09/2023 10:00:00","SCA|NO1","mFRR","Local","Up","312.00","33.50"," "
"21/09/2023 10:00:00","SCA|NO1","mFRR","Local","Down","106.00","0.00"," "
"21/09/2023 11:00:00","SCA|NO1","mFRR","Local","Up","299.00","0.00"," "
"21/09/2023 11:00:00","SCA|NO1","mFRR","Local","Down","118.00","0.00"," "
"21/09/2023 12:00:00","SCA|NO1","mFRR","Local","Up","285.00","0.00"," "
"21/09/2023 12:00:00","SCA|NO1","mFRR","Local","Down","118.00","0.00"," "
"21/09/2023 13:00:00","SCA|NO1","mFRR","Local","Up","282.00","0.00"," "
"21/09/2023 13:00:00","SCA|NO1","mFRR","Local","Down","90.00","0.00"," "
"21/09/2023 14:00:00","SCA|NO1","mFRR","Local","Up","311.00","0.00"," "
"21/09/2023 14:00:00","SCA|NO1","mFRR","Local","Down","103.00","0.00"," "
"21/09/2023 15:00:00","SCA|NO1","mFRR","Local","Up","322.00","0.00"," "
"21/09/2023 15:00:00","SCA|NO1","mFRR","Local","Down","103.00","0.00"," "
"21/09/2023 16:00:00","SCA|NO1","mFRR","Local","Up","324.00","40.00"," "
"21/09/2023 16:00:00","SCA|NO1","mFRR","Local","Down","103.00","0.00"," "
"21/09/2023 17:00:00","SCA|NO1","mFRR","Local","Up","319.00","40.00"," "
"21/09/2023 17:00:00","SCA|NO1","mFRR","Local","Down","103.00","0.00"," "
"21/09/2023 18:00:00","SCA|NO1","mFRR","Local","Up","319.00","10.00"," "
"21/09/2023 18:00:00","SCA|NO1","mFRR","Local","Down","103.00","19.00"," "
"21/09/2023 19:00:00","SCA|NO1","mFRR","Local","Up","314.00","0.00"," "
"21/09/2023 19:00:00","SCA|NO1","mFRR","Local","Down","103.00","38.00"," "
"21/09/2023 20:00:00","SCA|NO1","mFRR","Local","Up","318.00","0.00"," "
"21/09/2023 20:00:00","SCA|NO1","mFRR","Local","Down","103.00","38.00"," "
"21/09/2023 21:00:00","SCA|NO1","mFRR","Local","Up","305.00","0.00"," "
"21/09/2023 21:00:00","SCA|NO1","mFRR","Local","Down","103.00","28.50"," "
"21/09/2023 22:00:00","SCA|NO1","mFRR","Local","Up","310.00","0.00"," "
"21/09/2023 22:00:00","SCA|NO1","mFRR","Local","Down","90.00","0.00"," "
"21/09/2023 23:00:00","SCA|NO1","mFRR","Local","Up","337.00","0.00"," "
"21/09/2023 23:00:00","SCA|NO1","mFRR","Local","Down","90.00","43.50"," "
"22/09/2023 00:00:00","SCA|NO1","mFRR","Local","Up","300.00","0.00"," "
"22/09/2023 00:00:00","SCA|NO1","mFRR","Local","Down","164.00","131.00"," "
"22/09/2023 01:00:00","SCA|NO1","mFRR","Local","Up","333.00","0.00"," "
"22/09/2023 01:00:00","SCA|NO1","mFRR","Local","Down","174.00","64.50"," "
"22/09/2023 02:00:00","SCA|NO1","mFRR","Local","Up","311.00","0.00"," "
"22/09/2023 02:00:00","SCA|NO1","mFRR","Local","Down","174.00","129.00"," "
"22/09/2023 03:00:00","SCA|NO1","mFRR","Local","Up","324.00","0.00"," "
"22/09/2023 03:00:00","SCA|NO1","mFRR","Local","Down","174.00","129.00"," "
"22/09/2023 04:00:00","SCA|NO1","mFRR","Local","Up","341.00","0.00"," "
"22/09/2023 04:00:00","SCA|NO1","mFRR","Local","Down","174.00","129.00"," "
"22/09/2023 05:00:00","SCA|NO1","mFRR","Local","Up","357.00","0.00"," "
"22/09/2023 05:00:00","SCA|NO1","mFRR","Local","Down","164.00","0.00"," "
"22/09/2023 06:00:00","SCA|NO1","mFRR","Local","Up","346.00","44.25"," "
"22/09/2023 06:00:00","SCA|NO1","mFRR","Local","Down","173.00","0.00"," "
"22/09/2023 07:00:00","SCA|NO1","mFRR","Local","Up","341.00","59.00"," "
"22/09/2023 07:00:00","SCA|NO1","mFRR","Local","Down","183.00","0.00"," "
"22/09/2023 08:00:00","SCA|NO1","mFRR","Local","Up","324.00","79.00"," "
"22/09/2023 08:00:00","SCA|NO1","mFRR","Local","Down","183.00","0.00"," "
"22/09/2023 09:00:00","SCA|NO1","mFRR","Local","Up","330.00","112.50"," "
"22/09/2023 09:00:00","SCA|NO1","mFRR","Local","Down","178.00","0.00"," "
"22/09/2023 10:00:00","SCA|NO1","mFRR","Local","Up","306.00","114.00"," "
"22/09/2023 10:00:00","SCA|NO1","mFRR","Local","Down","181.00","0.00"," "
"22/09/2023 11:00:00","SCA|NO1","mFRR","Local","Up","296.00","119.00"," "
"22/09/2023 11:00:00","SCA|NO1","mFRR","Local","Down","166.00","0.00"," "
"22/09/2023 12:00:00","SCA|NO1","mFRR","Local","Up","257.00","118.00"," "
"22/09/2023 12:00:00","SCA|NO1","mFRR","Local","Down","167.00","0.00"," "
"22/09/2023 13:00:00","SCA|NO1","mFRR","Local","Up","230.00","41.50"," "
"22/09/2023 13:00:00","SCA|NO1","mFRR","Local","Down","167.00","0.00"," "
"22/09/2023 14:00:00","SCA|NO1","mFRR","Local","Up","198.00","0.00"," "
"22/09/2023 14:00:00","SCA|NO1","mFRR","Local","Down","175.00","0.00"," "
"22/09/2023 15:00:00","SCA|NO1","mFRR","Local","Up","148.00","0.00"," "
"22/09/2023 15:00:00","SCA|NO1","mFRR","Local","Down","215.00","74.00"," "
"22/09/2023 16:00:00","SCA|NO1","mFRR","Local","Up","148.00","0.00"," "
"22/09/2023 16:00:00","SCA|NO1","mFRR","Local","Down","215.00","99.00"," "
"22/09/2023 17:00:00","SCA|NO1","mFRR","Local","Up","127.00","0.00"," "
"22/09/2023 17:00:00","SCA|NO1","mFRR","Local","Down","213.00","119.00"," "
"22/09/2023 18:00:00","SCA|NO1","mFRR","Local","Up","127.00","0.00"," "
"22/09/2023 18:00:00","SCA|NO1","mFRR","Local","Down","216.00","97.00"," "
"22/09/2023 19:00:00","SCA|NO1","mFRR","Local","Up","138.00","0.00"," "
"22/09/2023 19:00:00","SCA|NO1","mFRR","Local","Down","211.00","0.00"," "
"22/09/2023 20:00:00","SCA|NO1","mFRR","Local","Up","109.00","0.00"," "
"22/09/2023 20:00:00","SCA|NO1","mFRR","Local","Down","236.00","0.00"," "
"22/09/2023 21:00:00","SCA|NO1","mFRR","Local","Up","114.00","0.00"," "
"22/09/2023 21:00:00","SCA|NO1","mFRR","Local","Down","224.00","0.00"," "
"22/09/2023 22:00:00","SCA|NO1","mFRR","Local","Up","126.00","7.50"," "
"22/09/2023 22:00:00","SCA|NO1","mFRR","Local","Down","214.00","0.00"," "
"22/09/2023 23:00:00","SCA|NO1","mFRR","Local","Up","126.00","10.00"," "
"22/09/2023 23:00:00","SCA|NO1","mFRR","Local","Down","214.00","0.00"," "
"23/09/2023 00:00:00","SCA|NO1","mFRR","Local","Up","108.00","42.00"," "
"23/09/2023 00:00:00","SCA|NO1","mFRR","Local","Down","250.00","0.00"," "
"23/09/2023 01:00:00","SCA|NO1","mFRR","Local","Up","107.00","0.00"," "
"23/09/2023 01:00:00","SCA|NO1","mFRR","Local","Down","254.00","0.00"," "
"23/09/2023 02:00:00","SCA|NO1","mFRR","Local","Up","106.00","0.00"," "
"23/09/2023 02:00:00","SCA|NO1","mFRR","Local","Down","250.00","0.00"," "
"23/09/2023 03:00:00","SCA|NO1","mFRR","Local","Up","122.00","0.00"," "
"23/09/2023 03:00:00","SCA|NO1","mFRR","Local","Down","250.00","0.00"," "
"23/09/2023 04:00:00","SCA|NO1","mFRR","Local","Up","72.00","0.00"," "
"23/09/2023 04:00:00","SCA|NO1","mFRR","Local","Down","299.00","0.00"," "
"23/09/2023 05:00:00","SCA|NO1","mFRR","Local","Up","111.00","0.00"," "
"23/09/2023 05:00:00","SCA|NO1","mFRR","Local","Down","256.00","0.00"," "
"23/09/2023 06:00:00","SCA|NO1","mFRR","Local","Up","108.00","0.00"," "
"23/09/2023 06:00:00","SCA|NO1","mFRR","Local","Down","268.00","0.00"," "
"23/09/2023 07:00:00","SCA|NO1","mFRR","Local","Up","90.00","0.00"," "
"23/09/2023 07:00:00","SCA|NO1","mFRR","Local","Down","280.00","0.00"," "
"23/09/2023 08:00:00","SCA|NO1","mFRR","Local","Up","71.00","0.00"," "
"23/09/2023 08:00:00","SCA|NO1","mFRR","Local","Down","293.00","0.00"," "
"23/09/2023 09:00:00","SCA|NO1","mFRR","Local","Up","20.00","0.00"," "
"23/09/2023 09:00:00","SCA|NO1","mFRR","Local","Down","286.00","0.00"," "
"23/09/2023 10:00:00","SCA|NO1","mFRR","Local","Up","32.00","0.00"," "
"23/09/2023 10:00:00","SCA|NO1","mFRR","Local","Down","291.00","0.00"," "
"23/09/2023 11:00:00","SCA|NO1","mFRR","Local","Up","24.00","0.00"," "
"23/09/2023 11:00:00","SCA|NO1","mFRR","Local","Down","291.00","0.00"," "
"23/09/2023 12:00:00","SCA|NO1","mFRR","Local","Up","37.00","0.00"," "
"23/09/2023 12:00:00","SCA|NO1","mFRR","Local","Down","291.00","0.00"," "
"23/09/2023 13:00:00","SCA|NO1","mFRR","Local","Up","34.00","0.00"," "
"23/09/2023 13:00:00","SCA|NO1","mFRR","Local","Down","297.00","9.75"," "
"23/09/2023 14:00:00","SCA|NO1","mFRR","Local","Up","63.00","0.00"," "
"23/09/2023 14:00:00","SCA|NO1","mFRR","Local","Down","284.00","0.00"," "
"23/09/2023 15:00:00","SCA|NO1","mFRR","Local","Up","63.00","0.00"," "
"23/09/2023 15:00:00","SCA|NO1","mFRR","Local","Down","284.00","0.00"," "
"23/09/2023 16:00:00","SCA|NO1","mFRR","Local","Up","56.00","0.00"," "
"23/09/2023 16:00:00","SCA|NO1","mFRR","Local","Down","319.00","0.00"," "
"23/09/2023 17:00:00","SCA|NO1","mFRR","Local","Up","48.00","48.00"," "
"23/09/2023 17:00:00","SCA|NO1","mFRR","Local","Down","315.00","0.00"," "
"23/09/2023 18:00:00","SCA|NO1","mFRR","Local","Up","58.00","58.00"," "
"23/09/2023 18:00:00","SCA|NO1","mFRR","Local","Down","315.00","0.00"," "
"23/09/2023 19:00:00","SCA|NO1","mFRR","Local","Up","56.00","56.00"," "
"23/09/2023 19:00:00","SCA|NO1","mFRR","Local","Down","315.00","0.00"," "
"23/09/2023 20:00:00","SCA|NO1","mFRR","Local","Up","47.00","23.50"," "
"23/09/2023 20:00:00","SCA|NO1","mFRR","Local","Down","315.00","8.50"," "
"23/09/2023 21:00:00","SCA|NO1","mFRR","Local","Up","42.00","0.00"," "
"23/09/2023 21:00:00","SCA|NO1","mFRR","Local","Down","291.00","0.00"," "
"23/09/2023 22:00:00","SCA|NO1","mFRR","Local","Up","94.00","0.00"," "
"23/09/2023 22:00:00","SCA|NO1","mFRR","Local","Down","285.00","0.00"," "
"23/09/2023 23:00:00","SCA|NO1","mFRR","Local","Up","76.00","0.00"," "
"23/09/2023 23:00:00","SCA|NO1","mFRR","Local","Down","295.00","0.00"," "
"24/09/2023 00:00:00","SCA|NO1","mFRR","Local","Up","71.00","0.00"," "
"24/09/2023 00:00:00","SCA|NO1","mFRR","Local","Down","300.00","0.00"," "
"24/09/2023 01:00:00","SCA|NO1","mFRR","Local","Up","74.00","0.00"," "
"24/09/2023 01:00:00","SCA|NO1","mFRR","Local","Down","300.00","0.00"," "
"24/09/2023 02:00:00","SCA|NO1","mFRR","Local","Up","72.00","0.00"," "
"24/09/2023 02:00:00","SCA|NO1","mFRR","Local","Down","300.00","0.00"," "
"24/09/2023 03:00:00","SCA|NO1","mFRR","Local","Up","74.00","0.00"," "
"24/09/2023 03:00:00","SCA|NO1","mFRR","Local","Down","300.00","0.00"," "
"24/09/2023 04:00:00","SCA|NO1","mFRR","Local","Up","77.00","0.00"," "
"24/09/2023 04:00:00","SCA|NO1","mFRR","Local","Down","300.00","0.00"," "
"24/09/2023 05:00:00","SCA|NO1","mFRR","Local","Up","79.00","0.00"," "
"24/09/2023 05:00:00","SCA|NO1","mFRR","Local","Down","296.00","0.00"," "
"24/09/2023 06:00:00","SCA|NO1","mFRR","Local","Up","83.00","0.00"," "
"24/09/2023 06:00:00","SCA|NO1","mFRR","Local","Down","296.00","0.00"," "
"24/09/2023 07:00:00","SCA|NO1","mFRR","Local","Up","95.00","0.00"," "
"24/09/2023 07:00:00","SCA|NO1","mFRR","Local","Down","300.00","0.00"," "
"24/09/2023 08:00:00","SCA|NO1","mFRR","Local","Up","57.00","0.00"," "
"24/09/2023 08:00:00","SCA|NO1","mFRR","Local","Down","330.00","0.00"," "
"24/09/2023 09:00:00","SCA|NO1","mFRR","Local","Up","31.00","0.00"," "
"24/09/2023 09:00:00","SCA|NO1","mFRR","Local","Down","330.00","0.00"," "
"24/09/2023 10:00:00","SCA|NO1","mFRR","Local","Up","63.00","0.00"," "
"24/09/2023 10:00:00","SCA|NO1","mFRR","Local","Down","280.00","0.00"," "
"24/09/2023 11:00:00","SCA|NO1","mFRR","Local","Up","53.00","0.00"," "
"24/09/2023 11:00:00","SCA|NO1","mFRR","Local","Down","280.00","0.00"," "
"24/09/2023 12:00:00","SCA|NO1","mFRR","Local","Up","93.00","0.00"," "
"24/09/2023 12:00:00","SCA|NO1","mFRR","Local","Down","240.00","45.00"," "
"24/09/2023 13:00:00","SCA|NO1","mFRR","Local","Up","108.00","0.00"," "
"24/09/2023 13:00:00","SCA|NO1","mFRR","Local","Down","240.00","64.50"," "
"24/09/2023 14:00:00","SCA|NO1","mFRR","Local","Up","129.00","0.00"," "
"24/09/2023 14:00:00","SCA|NO1","mFRR","Local","Down","240.00","123.00"," "
"24/09/2023 15:00:00","SCA|NO1","mFRR","Local","Up","120.00","0.00"," "
"24/09/2023 15:00:00","SCA|NO1","mFRR","Local","Down","240.00","99.00"," "
"24/09/2023 16:00:00","SCA|NO1","mFRR","Local","Up","91.00","0.00"," "
"24/09/2023 16:00:00","SCA|NO1","mFRR","Local","Down","280.00","0.00"," "
"24/09/2023 17:00:00","SCA|NO1","mFRR","Local","Up","66.00","33.00"," "
"24/09/2023 17:00:00","SCA|NO1","mFRR","Local","Down","330.00","0.00"," "
"24/09/2023 18:00:00","SCA|NO1","mFRR","Local","Up","91.00","68.25"," "
"24/09/2023 18:00:00","SCA|NO1","mFRR","Local","Down","350.00","0.00"," "
"24/09/2023 19:00:00","SCA|NO1","mFRR","Local","Up","115.00","115.00"," "
"24/09/2023 19:00:00","SCA|NO1","mFRR","Local","Down","350.00","0.00"," "
"24/09/2023 20:00:00","SCA|NO1","mFRR","Local","Up","125.00","62.50"," "
"24/09/2023 20:00:00","SCA|NO1","mFRR","Local","Down","350.00","17.50"," "
"24/09/2023 21:00:00","SCA|NO1","mFRR","Local","Up","151.00","0.00"," "
"24/09/2023 21:00:00","SCA|NO1","mFRR","Local","Down","330.00","30.00"," "
"24/09/2023 22:00:00","SCA|NO1","mFRR","Local","Up","187.00","0.00"," "
"24/09/2023 22:00:00","SCA|NO1","mFRR","Local","Down","280.00","0.00"," "
"24/09/2023 23:00:00","SCA|NO1","mFRR","Local","Up","196.00","0.00"," "
"24/09/2023 23:00:00","SCA|NO1","mFRR","Local","Down","280.00","0.00"," "
"25/09/2023 00:00:00","SCA|NO1","mFRR","Local","Up","304.00","0.00"," "
"25/09/2023 00:00:00","SCA|NO1","mFRR","Local","Down","195.00","0.00"," "
"25/09/2023 01:00:00","SCA|NO1","mFRR","Local","Up","303.00","0.00"," "
"25/09/2023 01:00:00","SCA|NO1","mFRR","Local","Down","191.00","22.50"," "
"25/09/2023 02:00:00","SCA|NO1","mFRR","Local","Up","309.00","0.00"," "
"25/09/2023 02:00:00","SCA|NO1","mFRR","Local","Down","181.00","45.00"," "
"25/09/2023 03:00:00","SCA|NO1","mFRR","Local","Up","316.00","0.00"," "
"25/09/2023 03:00:00","SCA|NO1","mFRR","Local","Down","181.00","45.00"," "
"25/09/2023 04:00:00","SCA|NO1","mFRR","Local","Up","320.00","0.00"," "
"25/09/2023 04:00:00","SCA|NO1","mFRR","Local","Down","181.00","33.75"," "
"25/09/2023 05:00:00","SCA|NO1","mFRR","Local","Up","313.00","0.00"," "
"25/09/2023 05:00:00","SCA|NO1","mFRR","Local","Down","181.00","0.00"," "
"25/09/2023 06:00:00","SCA|NO1","mFRR","Local","Up","299.00","0.00"," "
"25/09/2023 06:00:00","SCA|NO1","mFRR","Local","Down","201.00","45.00"," "
"25/09/2023 07:00:00","SCA|NO1","mFRR","Local","Up","288.00","0.00"," "
"25/09/2023 07:00:00","SCA|NO1","mFRR","Local","Down","195.00","0.00"," "
"25/09/2023 08:00:00","SCA|NO1","mFRR","Local","Up","188.00","0.00"," "
"25/09/2023 08:00:00","SCA|NO1","mFRR","Local","Down","195.00","0.00"," "
"25/09/2023 09:00:00","SCA|NO1","mFRR","Local","Up","187.00","0.00"," "
"25/09/2023 09:00:00","SCA|NO1","mFRR","Local","Down","195.00","0.00"," "
"25/09/2023 10:00:00","SCA|NO1","mFRR","Local","Up","186.00","0.00"," "
"25/09/2023 10:00:00","SCA|NO1","mFRR","Local","Down","195.00","0.00"," "
"25/09/2023 11:00:00","SCA|NO1","mFRR","Local","Up","197.00","0.00"," "
"25/09/2023 11:00:00","SCA|NO1","mFRR","Local","Down","195.00","0.00"," "
"25/09/2023 12:00:00","SCA|NO1","mFRR","Local","Up","196.00","0.00"," "
"25/09/2023 12:00:00","SCA|NO1","mFRR","Local","Down","182.00","0.00"," "
"25/09/2023 13:00:00","SCA|NO1","mFRR","Local","Up","197.00","0.00"," "
"25/09/2023 13:00:00","SCA|NO1","mFRR","Local","Down","182.00","0.00"," "
"25/09/2023 14:00:00","SCA|NO1","mFRR","Local","Up","196.00","0.00"," "
"25/09/2023 14:00:00","SCA|NO1","mFRR","Local","Down","182.00","11.25"," "
"25/09/2023 15:00:00","SCA|NO1","mFRR","Local","Up","299.00","0.00"," "
"25/09/2023 15:00:00","SCA|NO1","mFRR","Local","Down","190.00","22.00"," "
"25/09/2023 16:00:00","SCA|NO1","mFRR","Local","Up","289.00","0.00"," "
"25/09/2023 16:00:00","SCA|NO1","mFRR","Local","Down","190.00","0.00"," "
"25/09/2023 17:00:00","SCA|NO1","mFRR","Local","Up","289.00","0.00"," "
"25/09/2023 17:00:00","SCA|NO1","mFRR","Local","Down","202.00","0.00"," "
"25/09/2023 18:00:00","SCA|NO1","mFRR","Local","Up","299.00","0.00"," "
"25/09/2023 18:00:00","SCA|NO1","mFRR","Local","Down","202.00","0.00"," "
"25/09/2023 19:00:00","SCA|NO1","mFRR","Local","Up","300.00","0.00"," "
"25/09/2023 19:00:00","SCA|NO1","mFRR","Local","Down","202.00","0.00"," "
"25/09/2023 20:00:00","SCA|NO1","mFRR","Local","Up","300.00","0.00"," "
"25/09/2023 20:00:00","SCA|NO1","mFRR","Local","Down","202.00","0.00"," "
"25/09/2023 21:00:00","SCA|NO1","mFRR","Local","Up","300.00","0.00"," "
"25/09/2023 21:00:00","SCA|NO1","mFRR","Local","Down","202.00","0.00"," "
"25/09/2023 22:00:00","SCA|NO1","mFRR","Local","Up","297.00","0.00"," "
"25/09/2023 22:00:00","SCA|NO1","mFRR","Local","Down","202.00","0.00"," "
"25/09/2023 23:00:00","SCA|NO1","mFRR","Local","Up","296.00","0.00"," "
"25/09/2023 23:00:00","SCA|NO1","mFRR","Local","Down","202.00","0.00"," "
"26/09/2023 00:00:00","SCA|NO1","mFRR","Local","Up","276.00","0.00"," "
"26/09/2023 00:00:00","SCA|NO1","mFRR","Local","Down","151.00","0.00"," "
"26/09/2023 01:00:00","SCA|NO1","mFRR","Local","Up","268.00","0.00"," "
"26/09/2023 01:00:00","SCA|NO1","mFRR","Local","Down","150.00","0.00"," "
"26/09/2023 02:00:00","SCA|NO1","mFRR","Local","Up","263.00","0.00"," "
"26/09/2023 02:00:00","SCA|NO1","mFRR","Local","Down","149.00","0.00"," "
"26/09/2023 03:00:00","SCA|NO1","mFRR","Local","Up","259.00","0.00"," "
"26/09/2023 03:00:00","SCA|NO1","mFRR","Local","Down","144.00","0.00"," "
"26/09/2023 04:00:00","SCA|NO1","mFRR","Local","Up","236.00","11.00"," "
"26/09/2023 04:00:00","SCA|NO1","mFRR","Local","Down","154.00","0.00"," "
"26/09/2023 05:00:00","SCA|NO1","mFRR","Local","Up","221.00","13.00"," "
"26/09/2023 05:00:00","SCA|NO1","mFRR","Local","Down","154.00","0.00"," "
"26/09/2023 06:00:00","SCA|NO1","mFRR","Local","Up","191.00","0.00"," "
"26/09/2023 06:00:00","SCA|NO1","mFRR","Local","Down","154.00","0.00"," "
"26/09/2023 07:00:00","SCA|NO1","mFRR","Local","Up","174.00","0.00"," "
"26/09/2023 07:00:00","SCA|NO1","mFRR","Local","Down","187.00","0.00"," "
"26/09/2023 08:00:00","SCA|NO1","mFRR","Local","Up","164.00","69.00"," "
"26/09/2023 08:00:00","SCA|NO1","mFRR","Local","Down","187.00","0.00"," "
"26/09/2023 09:00:00","SCA|NO1","mFRR","Local","Up","148.00","0.00"," "
"26/09/2023 09:00:00","SCA|NO1","mFRR","Local","Down","187.00","0.00"," "
"26/09/2023 10:00:00","SCA|NO1","mFRR","Local","Up","112.00","0.00"," "
"26/09/2023 10:00:00","SCA|NO1","mFRR","Local","Down","187.00","0.00"," "
"26/09/2023 11:00:00","SCA|NO1","mFRR","Local","Up","95.00","0.00"," "
"26/09/2023 11:00:00","SCA|NO1","mFRR","Local","Down","185.00","0.00"," "
"26/09/2023 12:00:00","SCA|NO1","mFRR","Local","Up","101.00","0.00"," "
"26/09/2023 12:00:00","SCA|NO1","mFRR","Local","Down","186.00","0.00"," "
"26/09/2023 13:00:00","SCA|NO1","mFRR","Local","Up","110.00","0.00"," "
"26/09/2023 13:00:00","SCA|NO1","mFRR","Local","Down","186.00","0.00"," "
"26/09/2023 14:00:00","SCA|NO1","mFRR","Local","Up","135.00","0.00"," "
"26/09/2023 14:00:00","SCA|NO1","mFRR","Local","Down","186.00","0.00"," "
"26/09/2023 15:00:00","SCA|NO1","mFRR","Local","Up","140.00","0.00"," "
"26/09/2023 15:00:00","SCA|NO1","mFRR","Local","Down","179.00","0.00"," "
"26/09/2023 16:00:00","SCA|NO1","mFRR","Local","Up","148.00","0.00"," "
"26/09/2023 16:00:00","SCA|NO1","mFRR","Local","Down","179.00","0.00"," "
"26/09/2023 17:00:00","SCA|NO1","mFRR","Local","Up","152.00","0.00"," "
"26/09/2023 17:00:00","SCA|NO1","mFRR","Local","Down","179.00","0.00"," "
"26/09/2023 18:00:00","SCA|NO1","mFRR","Local","Up","183.00","88.00"," "
"26/09/2023 18:00:00","SCA|NO1","mFRR","Local","Down","179.00","0.00"," "
"26/09/2023 19:00:00","SCA|NO1","mFRR","Local","Up","196.00","50.50"," "
"26/09/2023 19:00:00","SCA|NO1","mFRR","Local","Down","179.00","0.00"," "
"26/09/2023 20:00:00","SCA|NO1","mFRR","Local","Up","210.00","0.00"," "
"26/09/2023 20:00:00","SCA|NO1","mFRR","Local","Down","179.00","0.00"," "
"26/09/2023 21:00:00","SCA|NO1","mFRR","Local","Up","210.00","0.00"," "
"26/09/2023 21:00:00","SCA|NO1","mFRR","Local","Down","179.00","0.00"," "
"26/09/2023 22:00:00","SCA|NO1","mFRR","Local","Up","206.00","0.00"," "
"26/09/2023 22:00:00","SCA|NO1","mFRR","Local","Down","157.00","0.00"," "
"26/09/2023 23:00:00","SCA|NO1","mFRR","Local","Up","218.00","0.00"," "
"26/09/2023 23:00:00","SCA|NO1","mFRR","Local","Down","158.00","0.00"," "
"27/09/2023 00:00:00","SCA|NO1","mFRR","Local","Up","254.00","9.00"," "
"27/09/2023 00:00:00","SCA|NO1","mFRR","Local","Down","136.00","0.00"," "
"27/09/2023 01:00:00","SCA|NO1","mFRR","Local","Up","252.00","0.00"," "
"27/09/2023 01:00:00","SCA|NO1","mFRR","Local","Down","138.00","0.00"," "
"27/09/2023 02:00:00","SCA|NO1","mFRR","Local","Up","256.00","0.00"," "
"27/09/2023 02:00:00","SCA|NO1","mFRR","Local","Down","138.00","0.00"," "
"27/09/2023 03:00:00","SCA|NO1","mFRR","Local","Up","258.00","0.00"," "
"27/09/2023 03:00:00","SCA|NO1","mFRR","Local","Down","134.00","0.00"," "
"27/09/2023 04:00:00","SCA|NO1","mFRR","Local","Up","270.00","0.00"," "
"27/09/2023 04:00:00","SCA|NO1","mFRR","Local","Down","130.00","0.00"," "
"27/09/2023 05:00:00","SCA|NO1","mFRR","Local","Up","286.00","0.00"," "
"27/09/2023 05:00:00","SCA|NO1","mFRR","Local","Down","117.00","0.00"," "
"27/09/2023 06:00:00","SCA|NO1","mFRR","Local","Up","251.00","0.00"," "
"27/09/2023 06:00:00","SCA|NO1","mFRR","Local","Down","140.00","0.00"," "
"27/09/2023 07:00:00","SCA|NO1","mFRR","Local","Up","160.00","0.00"," "
"27/09/2023 07:00:00","SCA|NO1","mFRR","Local","Down","154.00","0.00"," "
"27/09/2023 08:00:00","SCA|NO1","mFRR","Local","Up","146.00","0.00"," "
"27/09/2023 08:00:00","SCA|NO1","mFRR","Local","Down","159.00","0.00"," "
"27/09/2023 09:00:00","SCA|NO1","mFRR","Local","Up","137.00","0.00"," "
"27/09/2023 09:00:00","SCA|NO1","mFRR","Local","Down","159.00","0.00"," "
"27/09/2023 10:00:00","SCA|NO1","mFRR","Local","Up","147.00","0.00"," "
"27/09/2023 10:00:00","SCA|NO1","mFRR","Local","Down","163.00","0.00"," "
"27/09/2023 11:00:00","SCA|NO1","mFRR","Local","Up","136.00","0.00"," "
"27/09/2023 11:00:00","SCA|NO1","mFRR","Local","Down","159.00","0.00"," "
"27/09/2023 12:00:00","SCA|NO1","mFRR","Local","Up","135.00","0.00"," "
"27/09/2023 12:00:00","SCA|NO1","mFRR","Local","Down","158.00","0.00"," "
"27/09/2023 13:00:00","SCA|NO1","mFRR","Local","Up","130.00","0.00"," "
"27/09/2023 13:00:00","SCA|NO1","mFRR","Local","Down","157.00","0.00"," "
"27/09/2023 14:00:00","SCA|NO1","mFRR","Local","Up","141.00","0.00"," "
"27/09/2023 14:00:00","SCA|NO1","mFRR","Local","Down","157.00","0.00"," "
"27/09/2023 15:00:00","SCA|NO1","mFRR","Local","Up","130.00","0.00"," "
"27/09/2023 15:00:00","SCA|NO1","mFRR","Local","Down","158.00","0.00"," "
"27/09/2023 16:00:00","SCA|NO1","mFRR","Local","Up","127.00","0.00"," "
"27/09/2023 16:00:00","SCA|NO1","mFRR","Local","Down","159.00","0.00"," "
"27/09/2023 17:00:00","SCA|NO1","mFRR","Local","Up","103.00","0.00"," "
"27/09/2023 17:00:00","SCA|NO1","mFRR","Local","Down","163.00","0.00"," "
"27/09/2023 18:00:00","SCA|NO1","mFRR","Local","Up","104.00","0.00"," "
"27/09/2023 18:00:00","SCA|NO1","mFRR","Local","Down","163.00","0.00"," "
"27/09/2023 19:00:00","SCA|NO1","mFRR","Local","Up","65.00","0.00"," "
"27/09/2023 19:00:00","SCA|NO1","mFRR","Local","Down","163.00","0.00"," "
"27/09/2023 20:00:00","SCA|NO1","mFRR","Local","Up","43.00","0.00"," "
"27/09/2023 20:00:00","SCA|NO1","mFRR","Local","Down","159.00","0.00"," "
"27/09/2023 21:00:00","SCA|NO1","mFRR","Local","Up","42.00","0.00"," "
"27/09/2023 21:00:00","SCA|NO1","mFRR","Local","Down","157.00","0.00"," "
"27/09/2023 22:00:00","SCA|NO1","mFRR","Local","Up","109.00","0.00"," "
"27/09/2023 22:00:00","SCA|NO1","mFRR","Local","Down","152.00","0.00"," "
"27/09/2023 23:00:00","SCA|NO1","mFRR","Local","Up","114.00","0.00"," "
"27/09/2023 23:00:00","SCA|NO1","mFRR","Local","Down","145.00","0.00"," "
"28/09/2023 00:00:00","SCA|NO1","mFRR","Local","Up","454.00","0.00"," "
"28/09/2023 00:00:00","SCA|NO1","mFRR","Local","Down","100.00","0.00"," "
"28/09/2023 01:00:00","SCA|NO1","mFRR","Local","Up","596.00","0.00"," "
"28/09/2023 01:00:00","SCA|NO1","mFRR","Local","Down","84.00","0.00"," "
"28/09/2023 02:00:00","SCA|NO1","mFRR","Local","Up","602.00","0.00"," "
"28/09/2023 02:00:00","SCA|NO1","mFRR","Local","Down","84.00","0.00"," "
"28/09/2023 03:00:00","SCA|NO1","mFRR","Local","Up","627.00","0.00"," "
"28/09/2023 03:00:00","SCA|NO1","mFRR","Local","Down","84.00","0.00"," "
"28/09/2023 04:00:00","SCA|NO1","mFRR","Local","Up","643.00","0.00"," "
"28/09/2023 04:00:00","SCA|NO1","mFRR","Local","Down","84.00","0.00"," "
"28/09/2023 05:00:00","SCA|NO1","mFRR","Local","Up","504.00","0.00"," "
"28/09/2023 05:00:00","SCA|NO1","mFRR","Local","Down","124.00","0.00"," "
"28/09/2023 06:00:00","SCA|NO1","mFRR","Local","Up","231.00","0.00"," "
"28/09/2023 06:00:00","SCA|NO1","mFRR","Local","Down","161.00","0.00"," "
"28/09/2023 07:00:00","SCA|NO1","mFRR","Local","Up","160.00","0.00"," "
"28/09/2023 07:00:00","SCA|NO1","mFRR","Local","Down","187.00","0.00"," "
"28/09/2023 08:00:00","SCA|NO1","mFRR","Local","Up","91.00","0.00"," "
"28/09/2023 08:00:00","SCA|NO1","mFRR","Local","Down","179.00","0.00"," "
"28/09/2023 09:00:00","SCA|NO1","mFRR","Local","Up","97.00","0.00"," "
"28/09/2023 09:00:00","SCA|NO1","mFRR","Local","Down","204.00","0.00"," "
"28/09/2023 10:00:00","SCA|NO1","mFRR","Local","Up","103.00","0.00"," "
"28/09/2023 10:00:00","SCA|NO1","mFRR","Local","Down","192.00","0.00"," "
"28/09/2023 11:00:00","SCA|NO1","mFRR","Local","Up","115.00","0.00"," "
"28/09/2023 11:00:00","SCA|NO1","mFRR","Local","Down","212.00","0.00"," "
"28/09/2023 12:00:00","SCA|NO1","mFRR","Local","Up","145.00","0.00"," "
"28/09/2023 12:00:00","SCA|NO1","mFRR","Local","Down","179.00","0.00"," "
"28/09/2023 13:00:00","SCA|NO1","mFRR","Local","Up","154.00","0.00"," "
"28/09/2023 13:00:00","SCA|NO1","mFRR","Local","Down","174.00","0.00"," "
"28/09/2023 14:00:00","SCA|NO1","mFRR","Local","Up","161.00","0.00"," "
"28/09/2023 14:00:00","SCA|NO1","mFRR","Local","Down","175.00","0.00"," "
"28/09/2023 15:00:00","SCA|NO1","mFRR","Local","Up","232.00","0.00"," "
"28/09/2023 15:00:00","SCA|NO1","mFRR","Local","Down","201.00","0.00"," "
"28/09/2023 16:00:00","SCA|NO1","mFRR","Local","Up","238.00","0.00"," "
"28/09/2023 16:00:00","SCA|NO1","mFRR","Local","Down","190.00","0.00"," "
"28/09/2023 17:00:00","SCA|NO1","mFRR","Local","Up","209.00","0.00"," "
"28/09/2023 17:00:00","SCA|NO1","mFRR","Local","Down","172.00","0.00"," "
"28/09/2023 18:00:00","SCA|NO1","mFRR","Local","Up","147.00","0.00"," "
"28/09/2023 18:00:00","SCA|NO1","mFRR","Local","Down","271.00","17.25"," "
"28/09/2023 19:00:00","SCA|NO1","mFRR","Local","Up","143.00","0.00"," "
"28/09/2023 19:00:00","SCA|NO1","mFRR","Local","Down","271.00","53.00"," "
"28/09/2023 20:00:00","SCA|NO1","mFRR","Local","Up","146.00","0.00"," "
"28/09/2023 20:00:00","SCA|NO1","mFRR","Local","Down","253.00","53.00"," "
"28/09/2023 21:00:00","SCA|NO1","mFRR","Local","Up","184.00","0.00"," "
"28/09/2023 21:00:00","SCA|NO1","mFRR","Local","Down","208.00","84.00"," "
"28/09/2023 22:00:00","SCA|NO1","mFRR","Local","Up","235.00","0.00"," "
"28/09/2023 22:00:00","SCA|NO1","mFRR","Local","Down","191.00","105.50"," "
"28/09/2023 23:00:00","SCA|NO1","mFRR","Local","Up","238.00","0.00"," "
"28/09/2023 23:00:00","SCA|NO1","mFRR","Local","Down","173.00","88.50"," "
"29/09/2023 00:00:00","SCA|NO1","mFRR","Local","Up","433.00","0.00"," "
"29/09/2023 00:00:00","SCA|NO1","mFRR","Local","Down","174.00","94.00"," "
"29/09/2023 01:00:00","SCA|NO1","mFRR","Local","Up","428.00","0.00"," "
"29/09/2023 01:00:00","SCA|NO1","mFRR","Local","Down","137.00","137.00"," "
"29/09/2023 02:00:00","SCA|NO1","mFRR","Local","Up","417.00","0.00"," "
"29/09/2023 02:00:00","SCA|NO1","mFRR","Local","Down","184.00","184.00"," "
"29/09/2023 03:00:00","SCA|NO1","mFRR","Local","Up","404.00","0.00"," "
"29/09/2023 03:00:00","SCA|NO1","mFRR","Local","Down","194.00","194.00"," "
"29/09/2023 04:00:00","SCA|NO1","mFRR","Local","Up","390.00","0.00"," "
"29/09/2023 04:00:00","SCA|NO1","mFRR","Local","Down","194.00","194.00"," "
"29/09/2023 05:00:00","SCA|NO1","mFRR","Local","Up","223.00","0.00"," "
"29/09/2023 05:00:00","SCA|NO1","mFRR","Local","Down","184.00","152.00"," "
"29/09/2023 06:00:00","SCA|NO1","mFRR","Local","Up","196.00","0.00"," "
"29/09/2023 06:00:00","SCA|NO1","mFRR","Local","Down","313.00","139.75"," "
"29/09/2023 07:00:00","SCA|NO1","mFRR","Local","Up","153.00","0.00"," "
"29/09/2023 07:00:00","SCA|NO1","mFRR","Local","Down","366.00","10.00"," "
"29/09/2023 08:00:00","SCA|NO1","mFRR","Local","Up","99.00","0.00"," "
"29/09/2023 08:00:00","SCA|NO1","mFRR","Local","Down","339.00","0.00"," "
"29/09/2023 09:00:00","SCA|NO1","mFRR","Local","Up","101.00","0.00"," "
"29/09/2023 09:00:00","SCA|NO1","mFRR","Local","Down","335.00","10.00"," "
"29/09/2023 10:00:00","SCA|NO1","mFRR","Local","Up","130.00","0.00"," "
"29/09/2023 10:00:00","SCA|NO1","mFRR","Local","Down","294.00","10.00"," "
"29/09/2023 11:00:00","SCA|NO1","mFRR","Local","Up","155.00","0.00"," "
"29/09/2023 11:00:00","SCA|NO1","mFRR","Local","Down","309.00","0.00"," "
"29/09/2023 12:00:00","SCA|NO1","mFRR","Local","Up","154.00","0.00"," "
"29/09/2023 12:00:00","SCA|NO1","mFRR","Local","Down","290.00","0.00"," "
"29/09/2023 13:00:00","SCA|NO1","mFRR","Local","Up","151.00","0.00"," "
"29/09/2023 13:00:00","SCA|NO1","mFRR","Local","Down","283.00","0.00"," "
"29/09/2023 14:00:00","SCA|NO1","mFRR","Local","Up","184.00","0.00"," "
"29/09/2023 14:00:00","SCA|NO1","mFRR","Local","Down","320.00","0.00"," "
"29/09/2023 15:00:00","SCA|NO1","mFRR","Local","Up","182.00","0.00"," "
"29/09/2023 15:00:00","SCA|NO1","mFRR","Local","Down","315.00","0.00"," "
"29/09/2023 16:00:00","SCA|NO1","mFRR","Local","Up","191.00","0.00"," "
"29/09/2023 16:00:00","SCA|NO1","mFRR","Local","Down","315.00","0.00"," "
"29/09/2023 17:00:00","SCA|NO1","mFRR","Local","Up","199.00","0.00"," "
"29/09/2023 17:00:00","SCA|NO1","mFRR","Local","Down","315.00","0.00"," "
"29/09/2023 18:00:00","SCA|NO1","mFRR","Local","Up","208.00","36.00"," "
"29/09/2023 18:00:00","SCA|NO1","mFRR","Local","Down","316.00","0.00"," "
"29/09/2023 19:00:00","SCA|NO1","mFRR","Local","Up","201.00","0.00"," "
"29/09/2023 19:00:00","SCA|NO1","mFRR","Local","Down","318.00","0.00"," "
"29/09/2023 20:00:00","SCA|NO1","mFRR","Local","Up","216.00","0.00"," "
"29/09/2023 20:00:00","SCA|NO1","mFRR","Local","Down","310.00","143.50"," "
"29/09/2023 21:00:00","SCA|NO1","mFRR","Local","Up","218.00","0.00"," "
"29/09/2023 21:00:00","SCA|NO1","mFRR","Local","Down","265.00","128.00"," "
"29/09/2023 22:00:00","SCA|NO1","mFRR","Local","Up","302.00","0.00"," "
"29/09/2023 22:00:00","SCA|NO1","mFRR","Local","Down","88.00","46.00"," "
"29/09/2023 23:00:00","SCA|NO1","mFRR","Local","Up","304.00","0.00"," "
"29/09/2023 23:00:00","SCA|NO1","mFRR","Local","Down","142.00","100.00"," "
"30/09/2023 00:00:00","SCA|NO1","mFRR","Local","Up","293.00","94.50"," "
"30/09/2023 00:00:00","SCA|NO1","mFRR","Local","Down","114.00","0.00"," "
"30/09/2023 01:00:00","SCA|NO1","mFRR","Local","Up","448.00","235.50"," "
"30/09/2023 01:00:00","SCA|NO1","mFRR","Local","Down","172.00","0.00"," "
"30/09/2023 02:00:00","SCA|NO1","mFRR","Local","Up","528.00","214.00"," "
"30/09/2023 02:00:00","SCA|NO1","mFRR","Local","Down","188.00","0.00"," "
"30/09/2023 03:00:00","SCA|NO1","mFRR","Local","Up","644.00","195.00"," "
"30/09/2023 03:00:00","SCA|NO1","mFRR","Local","Down","143.00","0.00"," "
"30/09/2023 04:00:00","SCA|NO1","mFRR","Local","Up","674.00","226.00"," "
"30/09/2023 04:00:00","SCA|NO1","mFRR","Local","Down","144.00","0.00"," "
"30/09/2023 05:00:00","SCA|NO1","mFRR","Local","Up","543.00","113.00"," "
"30/09/2023 05:00:00","SCA|NO1","mFRR","Local","Down","63.00","0.00"," "
"30/09/2023 06:00:00","SCA|NO1","mFRR","Local","Up","505.00","77.00"," "
"30/09/2023 06:00:00","SCA|NO1","mFRR","Local","Down","63.00","0.00"," "
"30/09/2023 07:00:00","SCA|NO1","mFRR","Local","Up","318.00","76.50"," "
"30/09/2023 07:00:00","SCA|NO1","mFRR","Local","Down","92.00","0.00"," "
"30/09/2023 08:00:00","SCA|NO1","mFRR","Local","Up","317.00","0.00"," "
"30/09/2023 08:00:00","SCA|NO1","mFRR","Local","Down","112.00","0.00"," "
"30/09/2023 09:00:00","SCA|NO1","mFRR","Local","Up","283.00","0.00"," "
"30/09/2023 09:00:00","SCA|NO1","mFRR","Local","Down","154.00","0.00"," "
"30/09/2023 10:00:00","SCA|NO1","mFRR","Local","Up","248.00","0.00"," "
"30/09/2023 10:00:00","SCA|NO1","mFRR","Local","Down","144.00","0.00"," "
"30/09/2023 11:00:00","SCA|NO1","mFRR","Local","Up","239.00","0.00"," "
"30/09/2023 11:00:00","SCA|NO1","mFRR","Local","Down","134.00","0.00"," "
"30/09/2023 12:00:00","SCA|NO1","mFRR","Local","Up","231.00","0.00"," "
"30/09/2023 12:00:00","SCA|NO1","mFRR","Local","Down","144.00","80.00"," "
"30/09/2023 13:00:00","SCA|NO1","mFRR","Local","Up","407.00","0.00"," "
"30/09/2023 13:00:00","SCA|NO1","mFRR","Local","Down","63.00","15.00"," "
"30/09/2023 14:00:00","SCA|NO1","mFRR","Local","Up","555.00","0.00"," "
"30/09/2023 14:00:00","SCA|NO1","mFRR","Local","Down","63.00","7.50"," "
"30/09/2023 15:00:00","SCA|NO1","mFRR","Local","Up","561.00","0.00"," "
"30/09/2023 15:00:00","SCA|NO1","mFRR","Local","Down","63.00","0.00"," "
"30/09/2023 16:00:00","SCA|NO1","mFRR","Local","Up","345.00","0.00"," "
"30/09/2023 16:00:00","SCA|NO1","mFRR","Local","Down","73.00","0.00"," "
"30/09/2023 17:00:00","SCA|NO1","mFRR","Local","Up","241.00","0.00"," "
"30/09/2023 17:00:00","SCA|NO1","mFRR","Local","Down","133.00","0.00"," "
"30/09/2023 18:00:00","SCA|NO1","mFRR","Local","Up","235.00","0.00"," "
"30/09/2023 18:00:00","SCA|NO1","mFRR","Local","Down","143.00","0.00"," "
"30/09/2023 19:00:00","SCA|NO1","mFRR","Local","Up","243.00","0.00"," "
"30/09/2023 19:00:00","SCA|NO1","mFRR","Local","Down","153.00","0.00"," "
"30/09/2023 20:00:00","SCA|NO1","mFRR","Local","Up","245.00","0.00"," "
"30/09/2023 20:00:00","SCA|NO1","mFRR","Local","Down","134.00","0.00"," "
"30/09/2023 21:00:00","SCA|NO1","mFRR","Local","Up","318.00","0.00"," "
"30/09/2023 21:00:00","SCA|NO1","mFRR","Local","Down","129.00","0.00"," "
"30/09/2023 22:00:00","SCA|NO1","mFRR","Local","Up","559.00","0.00"," "
"30/09/2023 22:00:00","SCA|NO1","mFRR","Local","Down","63.00","0.00"," "
"30/09/2023 23:00:00","SCA|NO1","mFRR","Local","Up","570.00","0.00"," "
"30/09/2023 23:00:00","SCA|NO1","mFRR","Local","Down","63.00","0.00"," "
"01/10/2023 00:00:00","SCA|NO1","mFRR","Local","Up","448.00","0.00"," "
"01/10/2023 00:00:00","SCA|NO1","mFRR","Local","Down","65.00","0.00"," "
"01/10/2023 01:00:00","SCA|NO1","mFRR","Local","Up","689.00","0.00"," "
"01/10/2023 01:00:00","SCA|NO1","mFRR","Local","Down","65.00","0.00"," "
"01/10/2023 02:00:00","SCA|NO1","mFRR","Local","Up","688.00","0.00"," "
"01/10/2023 02:00:00","SCA|NO1","mFRR","Local","Down","65.00","0.00"," "
"01/10/2023 03:00:00","SCA|NO1","mFRR","Local","Up","697.00","0.00"," "
"01/10/2023 03:00:00","SCA|NO1","mFRR","Local","Down","65.00","0.00"," "
"01/10/2023 04:00:00","SCA|NO1","mFRR","Local","Up","684.00","0.00"," "
"01/10/2023 04:00:00","SCA|NO1","mFRR","Local","Down","65.00","0.00"," "
"01/10/2023 05:00:00","SCA|NO1","mFRR","Local","Up","418.00","0.00"," "
"01/10/2023 05:00:00","SCA|NO1","mFRR","Local","Down","65.00","0.00"," "
"01/10/2023 06:00:00","SCA|NO1","mFRR","Local","Up","416.00","0.00"," "
"01/10/2023 06:00:00","SCA|NO1","mFRR","Local","Down","65.00","0.00"," "
"01/10/2023 07:00:00","SCA|NO1","mFRR","Local","Up","402.00","0.00"," "
"01/10/2023 07:00:00","SCA|NO1","mFRR","Local","Down","65.00","16.00"," "
"01/10/2023 08:00:00","SCA|NO1","mFRR","Local","Up","318.00","0.00"," "
"01/10/2023 08:00:00","SCA|NO1","mFRR","Local","Down","65.00","16.00"," "
"01/10/2023 09:00:00","SCA|NO1","mFRR","Local","Up","180.00","0.00"," "
"01/10/2023 09:00:00","SCA|NO1","mFRR","Local","Down","65.00","0.00"," "
"01/10/2023 10:00:00","SCA|NO1","mFRR","Local","Up","153.00","0.00"," "
"01/10/2023 10:00:00","SCA|NO1","mFRR","Local","Down","65.00","0.00"," "
"01/10/2023 11:00:00","SCA|NO1","mFRR","Local","Up","146.00","0.00"," "
"01/10/2023 11:00:00","SCA|NO1","mFRR","Local","Down","65.00","0.00"," "
"01/10/2023 12:00:00","SCA|NO1","mFRR","Local","Up","146.00","0.00"," "
"01/10/2023 12:00:00","SCA|NO1","mFRR","Local","Down","65.00","0.00"," "
"01/10/2023 13:00:00","SCA|NO1","mFRR","Local","Up","64.00","0.00"," "
"01/10/2023 13:00:00","SCA|NO1","mFRR","Local","Down","86.00","15.75"," "
"01/10/2023 14:00:00","SCA|NO1","mFRR","Local","Up","107.00","0.00"," "
"01/10/2023 14:00:00","SCA|NO1","mFRR","Local","Down","80.00","0.00"," "
"01/10/2023 15:00:00","SCA|NO1","mFRR","Local","Up","145.00","0.00"," "
"01/10/2023 15:00:00","SCA|NO1","mFRR","Local","Down","65.00","0.00"," "
"01/10/2023 16:00:00","SCA|NO1","mFRR","Local","Up","144.00","0.00"," "
"01/10/2023 16:00:00","SCA|NO1","mFRR","Local","Down","65.00","0.00"," "
"01/10/2023 17:00:00","SCA|NO1","mFRR","Local","Up","112.00","44.25"," "
"01/10/2023 17:00:00","SCA|NO1","mFRR","Local","Down","79.00","0.00"," "
"01/10/2023 18:00:00","SCA|NO1","mFRR","Local","Up","126.00","110.25"," "
"01/10/2023 18:00:00","SCA|NO1","mFRR","Local","Down","65.00","0.00"," "
"01/10/2023 19:00:00","SCA|NO1","mFRR","Local","Up","102.00","99.50"," "
"01/10/2023 19:00:00","SCA|NO1","mFRR","Local","Down","89.00","0.00"," "
"01/10/2023 20:00:00","SCA|NO1","mFRR","Local","Up","105.00","18.25"," "
"01/10/2023 20:00:00","SCA|NO1","mFRR","Local","Down","82.00","0.00"," "
"01/10/2023 21:00:00","SCA|NO1","mFRR","Local","Up","163.00","0.00"," "
"01/10/2023 21:00:00","SCA|NO1","mFRR","Local","Down","65.00","0.00"," "
"01/10/2023 22:00:00","SCA|NO1","mFRR","Local","Up","180.00","0.00"," "
"01/10/2023 22:00:00","SCA|NO1","mFRR","Local","Down","65.00","0.00"," "
"01/10/2023 23:00:00","SCA|NO1","mFRR","Local","Up","184.00","0.00"," "
"01/10/2023 23:00:00","SCA|NO1","mFRR","Local","Down","65.00","0.00"," "
"02/10/2023 00:00:00","SCA|NO1","mFRR","Local","Up","258.00","0.00"," "
"02/10/2023 00:00:00","SCA|NO1","mFRR","Local","Down","105.00","0.00"," "
"02/10/2023 01:00:00","SCA|NO1","mFRR","Local","Up","303.00","0.00"," "
"02/10/2023 01:00:00","SCA|NO1","mFRR","Local","Down","168.00","0.00"," "
"02/10/2023 02:00:00","SCA|NO1","mFRR","Local","Up","313.00","0.00"," "
"02/10/2023 02:00:00","SCA|NO1","mFRR","Local","Down","157.00","0.00"," "
"02/10/2023 03:00:00","SCA|NO1","mFRR","Local","Up","322.00","0.00"," "
"02/10/2023 03:00:00","SCA|NO1","mFRR","Local","Down","157.00","0.00"," "
"02/10/2023 04:00:00","SCA|NO1","mFRR","Local","Up","318.00","0.00"," "
"02/10/2023 04:00:00","SCA|NO1","mFRR","Local","Down","157.00","0.00"," "
"02/10/2023 05:00:00","SCA|NO1","mFRR","Local","Up","308.00","0.00"," "
"02/10/2023 05:00:00","SCA|NO1","mFRR","Local","Down","92.00","0.00"," "
"02/10/2023 06:00:00","SCA|NO1","mFRR","Local","Up","291.00","0.00"," "
"02/10/2023 06:00:00","SCA|NO1","mFRR","Local","Down","103.00","0.00"," "
"02/10/2023 07:00:00","SCA|NO1","mFRR","Local","Up","155.00","0.00"," "
"02/10/2023 07:00:00","SCA|NO1","mFRR","Local","Down","141.00","0.00"," "
"02/10/2023 08:00:00","SCA|NO1","mFRR","Local","Up","102.00","0.00"," "
"02/10/2023 08:00:00","SCA|NO1","mFRR","Local","Down","182.00","15.00"," "
"02/10/2023 09:00:00","SCA|NO1","mFRR","Local","Up","100.00","0.00"," "
"02/10/2023 09:00:00","SCA|NO1","mFRR","Local","Down","182.00","13.00"," "
"02/10/2023 10:00:00","SCA|NO1","mFRR","Local","Up","105.00","0.00"," "
"02/10/2023 10:00:00","SCA|NO1","mFRR","Local","Down","177.00","13.00"," "
"02/10/2023 11:00:00","SCA|NO1","mFRR","Local","Up","104.00","0.00"," "
"02/10/2023 11:00:00","SCA|NO1","mFRR","Local","Down","176.00","0.00"," "
"02/10/2023 12:00:00","SCA|NO1","mFRR","Local","Up","98.00","0.00"," "
"02/10/2023 12:00:00","SCA|NO1","mFRR","Local","Down","186.00","0.00"," "
"02/10/2023 13:00:00","SCA|NO1","mFRR","Local","Up","105.00","0.00"," "
"02/10/2023 13:00:00","SCA|NO1","mFRR","Local","Down","242.00","0.00"," "
"02/10/2023 14:00:00","SCA|NO1","mFRR","Local","Up","102.00","0.00"," "
"02/10/2023 14:00:00","SCA|NO1","mFRR","Local","Down","175.00","0.00"," "
"02/10/2023 15:00:00","SCA|NO1","mFRR","Local","Up","105.00","0.00"," "
"02/10/2023 15:00:00","SCA|NO1","mFRR","Local","Down","174.00","0.00"," "
"02/10/2023 16:00:00","SCA|NO1","mFRR","Local","Up","25.00","0.00"," "
"02/10/2023 16:00:00","SCA|NO1","mFRR","Local","Down","232.00","0.00"," "
"02/10/2023 17:00:00","SCA|NO1","mFRR","Local","Up","25.00","0.00"," "
"02/10/2023 17:00:00","SCA|NO1","mFRR","Local","Down","232.00","0.00"," "
"02/10/2023 18:00:00","SCA|NO1","mFRR","Local","Up","25.00","0.00"," "
"02/10/2023 18:00:00","SCA|NO1","mFRR","Local","Down","232.00","0.00"," "
"02/10/2023 19:00:00","SCA|NO1","mFRR","Local","Up","25.00","0.00"," "
"02/10/2023 19:00:00","SCA|NO1","mFRR","Local","Down","238.00","0.00"," "
"02/10/2023 20:00:00","SCA|NO1","mFRR","Local","Up","25.00","0.00"," "
"02/10/2023 20:00:00","SCA|NO1","mFRR","Local","Down","238.00","0.00"," "
"02/10/2023 21:00:00","SCA|NO1","mFRR","Local","Up","58.00","0.00"," "
"02/10/2023 21:00:00","SCA|NO1","mFRR","Local","Down","197.00","0.00"," "
"02/10/2023 22:00:00","SCA|NO1","mFRR","Local","Up","124.00","0.00"," "
"02/10/2023 22:00:00","SCA|NO1","mFRR","Local","Down","128.00","0.00"," "
"02/10/2023 23:00:00","SCA|NO1","mFRR","Local","Up","183.00","0.00"," "
"02/10/2023 23:00:00","SCA|NO1","mFRR","Local","Down","73.00","0.00"," "
"03/10/2023 00:00:00","SCA|NO1","mFRR","Local","Up","234.00","0.00"," "
"03/10/2023 00:00:00","SCA|NO1","mFRR","Local","Down","41.00","0.00"," "
"03/10/2023 01:00:00","SCA|NO1","mFRR","Local","Up","293.00","0.00"," "
"03/10/2023 01:00:00","SCA|NO1","mFRR","Local","Down","62.00","0.00"," "
"03/10/2023 02:00:00","SCA|NO1","mFRR","Local","Up","306.00","0.00"," "
"03/10/2023 02:00:00","SCA|NO1","mFRR","Local","Down","62.00","0.00"," "
"03/10/2023 03:00:00","SCA|NO1","mFRR","Local","Up","326.00","0.00"," "
"03/10/2023 03:00:00","SCA|NO1","mFRR","Local","Down","62.00","0.00"," "
"03/10/2023 04:00:00","SCA|NO1","mFRR","Local","Up","303.00","0.00"," "
"03/10/2023 04:00:00","SCA|NO1","mFRR","Local","Down","62.00","0.00"," "
"03/10/2023 05:00:00","SCA|NO1","mFRR","Local","Up","192.00","0.00"," "
"03/10/2023 05:00:00","SCA|NO1","mFRR","Local","Down","65.00","0.00"," "
"03/10/2023 06:00:00","SCA|NO1","mFRR","Local","Up","141.00","0.00"," "
"03/10/2023 06:00:00","SCA|NO1","mFRR","Local","Down","96.00","0.00"," "
"03/10/2023 07:00:00","SCA|NO1","mFRR","Local","Up","56.00","48.50"," "
"03/10/2023 07:00:00","SCA|NO1","mFRR","Local","Down","154.00","0.00"," "
"03/10/2023 08:00:00","SCA|NO1","mFRR","Local","Up","26.00","0.00"," "
"03/10/2023 08:00:00","SCA|NO1","mFRR","Local","Down","219.00","0.00"," "
"03/10/2023 09:00:00","SCA|NO1","mFRR","Local","Up","25.00","0.00"," "
"03/10/2023 09:00:00","SCA|NO1","mFRR","Local","Down","213.00","0.00"," "
"03/10/2023 10:00:00","SCA|NO1","mFRR","Local","Up","68.00","34.25"," "
"03/10/2023 10:00:00","SCA|NO1","mFRR","Local","Down","110.00","0.00"," "
"03/10/2023 11:00:00","SCA|NO1","mFRR","Local","Up","44.00","29.00"," "
"03/10/2023 11:00:00","SCA|NO1","mFRR","Local","Down","180.00","0.00"," "
"03/10/2023 12:00:00","SCA|NO1","mFRR","Local","Up","44.00","31.75"," "
"03/10/2023 12:00:00","SCA|NO1","mFRR","Local","Down","194.00","0.00"," "
"03/10/2023 13:00:00","SCA|NO1","mFRR","Local","Up","98.00","32.00"," "
"03/10/2023 13:00:00","SCA|NO1","mFRR","Local","Down","117.00","0.00"," "
"03/10/2023 14:00:00","SCA|NO1","mFRR","Local","Up","92.00","37.00"," "
"03/10/2023 14:00:00","SCA|NO1","mFRR","Local","Down","95.00","0.00"," "
"03/10/2023 15:00:00","SCA|NO1","mFRR","Local","Up","82.00","19.50"," "
"03/10/2023 15:00:00","SCA|NO1","mFRR","Local","Down","85.00","0.00"," "
"03/10/2023 16:00:00","SCA|NO1","mFRR","Local","Up","81.00","19.50"," "
"03/10/2023 16:00:00","SCA|NO1","mFRR","Local","Down","95.00","0.00"," "
"03/10/2023 17:00:00","SCA|NO1","mFRR","Local","Up","58.00","28.00"," "
"03/10/2023 17:00:00","SCA|NO1","mFRR","Local","Down","196.00","0.00"," "
"03/10/2023 18:00:00","SCA|NO1","mFRR","Local","Up","59.00","59.00"," "
"03/10/2023 18:00:00","SCA|NO1","mFRR","Local","Down","196.00","0.00"," "
"03/10/2023 19:00:00","SCA|NO1","mFRR","Local","Up","65.00","65.00"," "
"03/10/2023 19:00:00","SCA|NO1","mFRR","Local","Down","196.00","0.00"," "
"03/10/2023 20:00:00","SCA|NO1","mFRR","Local","Up","62.00","32.00"," "
"03/10/2023 20:00:00","SCA|NO1","mFRR","Local","Down","193.00","0.00"," "
"03/10/2023 21:00:00","SCA|NO1","mFRR","Local","Up","107.00","32.00"," "
"03/10/2023 21:00:00","SCA|NO1","mFRR","Local","Down","172.00","0.00"," "
"03/10/2023 22:00:00","SCA|NO1","mFRR","Local","Up","151.00","54.00"," "
"03/10/2023 22:00:00","SCA|NO1","mFRR","Local","Down","110.00","0.00"," "
"03/10/2023 23:00:00","SCA|NO1","mFRR","Local","Up","218.00","97.00"," "
"03/10/2023 23:00:00","SCA|NO1","mFRR","Local","Down","56.00","0.00"," "
"04/10/2023 00:00:00","SCA|NO1","mFRR","Local","Up","301.00","119.00"," "
"04/10/2023 00:00:00","SCA|NO1","mFRR","Local","Down","63.00","0.00"," "
"04/10/2023 01:00:00","SCA|NO1","mFRR","Local","Up","396.00","26.00"," "
"04/10/2023 01:00:00","SCA|NO1","mFRR","Local","Down","51.00","0.00"," "
"04/10/2023 02:00:00","SCA|NO1","mFRR","Local","Up","422.00","60.50"," "
"04/10/2023 02:00:00","SCA|NO1","mFRR","Local","Down","42.00","0.00"," "
"04/10/2023 03:00:00","SCA|NO1","mFRR","Local","Up","435.00","86.00"," "
"04/10/2023 03:00:00","SCA|NO1","mFRR","Local","Down","42.00","0.00"," "
"04/10/2023 04:00:00","SCA|NO1","mFRR","Local","Up","426.00","86.00"," "
"04/10/2023 04:00:00","SCA|NO1","mFRR","Local","Down","42.00","0.00"," "
"04/10/2023 05:00:00","SCA|NO1","mFRR","Local","Up","319.00","64.00"," "
"04/10/2023 05:00:00","SCA|NO1","mFRR","Local","Down","64.00","0.00"," "
"04/10/2023 06:00:00","SCA|NO1","mFRR","Local","Up","193.00","37.00"," "
"04/10/2023 06:00:00","SCA|NO1","mFRR","Local","Down","126.00","0.00"," "
"04/10/2023 07:00:00","SCA|NO1","mFRR","Local","Up","70.00","19.00"," "
"04/10/2023 07:00:00","SCA|NO1","mFRR","Local","Down","186.00","0.00"," "
"04/10/2023 08:00:00","SCA|NO1","mFRR","Local","Up","63.00","0.00"," "
"04/10/2023 08:00:00","SCA|NO1","mFRR","Local","Down","186.00","0.00"," "
"04/10/2023 09:00:00","SCA|NO1","mFRR","Local","Up","80.00","0.00"," "
"04/10/2023 09:00:00","SCA|NO1","mFRR","Local","Down","186.00","46.00"," "
"04/10/2023 10:00:00","SCA|NO1","mFRR","Local","Up","135.00","0.00"," "
"04/10/2023 10:00:00","SCA|NO1","mFRR","Local","Down","171.00","86.00"," "
"04/10/2023 11:00:00","SCA|NO1","mFRR","Local","Up","148.00","0.00"," "
"04/10/2023 11:00:00","SCA|NO1","mFRR","Local","Down","167.00","90.00"," "
"04/10/2023 12:00:00","SCA|NO1","mFRR","Local","Up","207.00","0.00"," "
"04/10/2023 12:00:00","SCA|NO1","mFRR","Local","Down","109.00","32.00"," "
"04/10/2023 13:00:00","SCA|NO1","mFRR","Local","Up","239.00","0.00"," "
"04/10/2023 13:00:00","SCA|NO1","mFRR","Local","Down","89.00","6.00"," "
"04/10/2023 14:00:00","SCA|NO1","mFRR","Local","Up","244.00","0.00"," "
"04/10/2023 14:00:00","SCA|NO1","mFRR","Local","Down","92.00","0.00"," "
"04/10/2023 15:00:00","SCA|NO1","mFRR","Local","Up","217.00","0.00"," "
"04/10/2023 15:00:00","SCA|NO1","mFRR","Local","Down","99.00","0.00"," "
"04/10/2023 16:00:00","SCA|NO1","mFRR","Local","Up","153.00","19.00"," "
"04/10/2023 16:00:00","SCA|NO1","mFRR","Local","Down","140.00","0.00"," "
"04/10/2023 17:00:00","SCA|NO1","mFRR","Local","Up","194.00","37.00"," "
"04/10/2023 17:00:00","SCA|NO1","mFRR","Local","Down","104.00","0.00"," "
"04/10/2023 18:00:00","SCA|NO1","mFRR","Local","Up","109.00","28.00"," "
"04/10/2023 18:00:00","SCA|NO1","mFRR","Local","Down","161.00","0.00"," "
"04/10/2023 19:00:00","SCA|NO1","mFRR","Local","Up","77.00","0.00"," "
"04/10/2023 19:00:00","SCA|NO1","mFRR","Local","Down","163.00","13.50"," "
"04/10/2023 20:00:00","SCA|NO1","mFRR","Local","Up","106.00","0.00"," "
"04/10/2023 20:00:00","SCA|NO1","mFRR","Local","Down","129.00","52.00"," "
"04/10/2023 21:00:00","SCA|NO1","mFRR","Local","Up","171.00","0.00"," "
"04/10/2023 21:00:00","SCA|NO1","mFRR","Local","Down","100.00","23.00"," "
"04/10/2023 22:00:00","SCA|NO1","mFRR","Local","Up","206.00","0.00"," "
"04/10/2023 22:00:00","SCA|NO1","mFRR","Local","Down","42.00","0.00"," "
"04/10/2023 23:00:00","SCA|NO1","mFRR","Local","Up","208.00","0.00"," "
"04/10/2023 23:00:00","SCA|NO1","mFRR","Local","Down","65.00","0.00"," "
"05/10/2023 00:00:00","SCA|NO1","mFRR","Local","Up","282.00","0.00"," "
"05/10/2023 00:00:00","SCA|NO1","mFRR","Local","Down","52.00","0.00"," "
"05/10/2023 01:00:00","SCA|NO1","mFRR","Local","Up","334.00","0.00"," "
"05/10/2023 01:00:00","SCA|NO1","mFRR","Local","Down","52.00","22.00"," "
"05/10/2023 02:00:00","SCA|NO1","mFRR","Local","Up","381.00","0.00"," "
"05/10/2023 02:00:00","SCA|NO1","mFRR","Local","Down","43.00","6.50"," "
"05/10/2023 03:00:00","SCA|NO1","mFRR","Local","Up","397.00","0.00"," "
"05/10/2023 03:00:00","SCA|NO1","mFRR","Local","Down","30.00","0.00"," "
"05/10/2023 04:00:00","SCA|NO1","mFRR","Local","Up","304.00","0.00"," "
"05/10/2023 04:00:00","SCA|NO1","mFRR","Local","Down","52.00","0.00"," "
"05/10/2023 05:00:00","SCA|NO1","mFRR","Local","Up","197.00","0.00"," "
"05/10/2023 05:00:00","SCA|NO1","mFRR","Local","Down","97.00","22.00"," "
"05/10/2023 06:00:00","SCA|NO1","mFRR","Local","Up","188.00","0.00"," "
"05/10/2023 06:00:00","SCA|NO1","mFRR","Local","Down","124.00","31.25"," "
"05/10/2023 07:00:00","SCA|NO1","mFRR","Local","Up","56.00","0.00"," "
"05/10/2023 07:00:00","SCA|NO1","mFRR","Local","Down","159.00","0.00"," "
"05/10/2023 08:00:00","SCA|NO1","mFRR","Local","Up","25.00","0.00"," "
"05/10/2023 08:00:00","SCA|NO1","mFRR","Local","Down","159.00","0.00"," "
"05/10/2023 09:00:00","SCA|NO1","mFRR","Local","Up","25.00","0.00"," "
"05/10/2023 09:00:00","SCA|NO1","mFRR","Local","Down","150.00","0.00"," "
"05/10/2023 10:00:00","SCA|NO1","mFRR","Local","Up","53.00","0.00"," "
"05/10/2023 10:00:00","SCA|NO1","mFRR","Local","Down","158.00","0.00"," "
"05/10/2023 11:00:00","SCA|NO1","mFRR","Local","Up","63.00","0.00"," "
"05/10/2023 11:00:00","SCA|NO1","mFRR","Local","Down","159.00","0.00"," "
"05/10/2023 12:00:00","SCA|NO1","mFRR","Local","Up","32.00","0.00"," "
"05/10/2023 12:00:00","SCA|NO1","mFRR","Local","Down","159.00","65.50"," "
"05/10/2023 13:00:00","SCA|NO1","mFRR","Local","Up","53.00","0.00"," "
"05/10/2023 13:00:00","SCA|NO1","mFRR","Local","Down","137.00","62.00"," "
"05/10/2023 14:00:00","SCA|NO1","mFRR","Local","Up","53.00","0.00"," "
"05/10/2023 14:00:00","SCA|NO1","mFRR","Local","Down","137.00","62.00"," "
"05/10/2023 15:00:00","SCA|NO1","mFRR","Local","Up","58.00","0.00"," "
"05/10/2023 15:00:00","SCA|NO1","mFRR","Local","Down","152.00","77.00"," "
"05/10/2023 16:00:00","SCA|NO1","mFRR","Local","Up","25.00","0.00"," "
"05/10/2023 16:00:00","SCA|NO1","mFRR","Local","Down","235.00","77.50"," "
"05/10/2023 17:00:00","SCA|NO1","mFRR","Local","Up","25.00","0.00"," "
"05/10/2023 17:00:00","SCA|NO1","mFRR","Local","Down","235.00","0.00"," "
"05/10/2023 18:00:00","SCA|NO1","mFRR","Local","Up","25.00","0.00"," "
"05/10/2023 18:00:00","SCA|NO1","mFRR","Local","Down","235.00","0.00"," "
"05/10/2023 19:00:00","SCA|NO1","mFRR","Local","Up","25.00","0.00"," "
"05/10/2023 19:00:00","SCA|NO1","mFRR","Local","Down","235.00","0.00"," "
"05/10/2023 20:00:00","SCA|NO1","mFRR","Local","Up","25.00","0.00"," "
"05/10/2023 20:00:00","SCA|NO1","mFRR","Local","Down","235.00","22.50"," "
"05/10/2023 21:00:00","SCA|NO1","mFRR","Local","Up","25.00","0.00"," "
"05/10/2023 21:00:00","SCA|NO1","mFRR","Local","Down","235.00","45.00"," "
"05/10/2023 22:00:00","SCA|NO1","mFRR","Local","Up","25.00","0.00"," "
"05/10/2023 22:00:00","SCA|NO1","mFRR","Local","Down","235.00","0.00"," "
"05/10/2023 23:00:00","SCA|NO1","mFRR","Local","Up","126.00","0.00"," "
"05/10/2023 23:00:00","SCA|NO1","mFRR","Local","Down","192.00","0.00"," "
"06/10/2023 00:00:00","SCA|NO1","mFRR","Local","Up","133.00","0.00"," "
"06/10/2023 00:00:00","SCA|NO1","mFRR","Local","Down","255.00","0.00"," "
"06/10/2023 01:00:00","SCA|NO1","mFRR","Local","Up","255.00","0.00"," "
"06/10/2023 01:00:00","SCA|NO1","mFRR","Local","Down","226.00","0.00"," "
"06/10/2023 02:00:00","SCA|NO1","mFRR","Local","Up","298.00","0.00"," "
"06/10/2023 02:00:00","SCA|NO1","mFRR","Local","Down","167.00","0.00"," "
"06/10/2023 03:00:00","SCA|NO1","mFRR","Local","Up","335.00","34.75"," "
"06/10/2023 03:00:00","SCA|NO1","mFRR","Local","Down","155.00","0.00"," "
"06/10/2023 04:00:00","SCA|NO1","mFRR","Local","Up","347.00","95.75"," "
"06/10/2023 04:00:00","SCA|NO1","mFRR","Local","Down","151.00","0.00"," "
"06/10/2023 05:00:00","SCA|NO1","mFRR","Local","Up","311.00","255.50"," "
"06/10/2023 05:00:00","SCA|NO1","mFRR","Local","Down","155.00","0.00"," "
"06/10/2023 06:00:00","SCA|NO1","mFRR","Local","Up","168.00","168.00"," "
"06/10/2023 06:00:00","SCA|NO1","mFRR","Local","Down","219.00","0.00"," "
"06/10/2023 07:00:00","SCA|NO1","mFRR","Local","Up","100.00","75.00"," "
"06/10/2023 07:00:00","SCA|NO1","mFRR","Local","Down","333.00","0.00"," "
"06/10/2023 08:00:00","SCA|NO1","mFRR","Local","Up","25.00","0.00"," "
"06/10/2023 08:00:00","SCA|NO1","mFRR","Local","Down","431.00","32.00"," "
"06/10/2023 09:00:00","SCA|NO1","mFRR","Local","Up","25.00","0.00"," "
"06/10/2023 09:00:00","SCA|NO1","mFRR","Local","Down","419.00","156.00"," "
"06/10/2023 10:00:00","SCA|NO1","mFRR","Local","Up","32.00","0.00"," "
"06/10/2023 10:00:00","SCA|NO1","mFRR","Local","Down","424.00","209.00"," "
"06/10/2023 11:00:00","SCA|NO1","mFRR","Local","Up","218.00","0.00"," "
"06/10/2023 11:00:00","SCA|NO1","mFRR","Local","Down","219.00","96.00"," "
"06/10/2023 12:00:00","SCA|NO1","mFRR","Local","Up","322.00","0.00"," "
"06/10/2023 12:00:00","SCA|NO1","mFRR","Local","Down","157.00","36.00"," "
"06/10/2023 13:00:00","SCA|NO1","mFRR","Local","Up","404.00","0.00"," "
"06/10/2023 13:00:00","SCA|NO1","mFRR","Local","Down","111.00","0.00"," "
"06/10/2023 14:00:00","SCA|NO1","mFRR","Local","Up","434.00","0.00"," "
"06/10/2023 14:00:00","SCA|NO1","mFRR","Local","Down","133.00","31.00"," "
"06/10/2023 15:00:00","SCA|NO1","mFRR","Local","Up","418.00","0.00"," "
"06/10/2023 15:00:00","SCA|NO1","mFRR","Local","Down","151.00","30.00"," "
"06/10/2023 16:00:00","SCA|NO1","mFRR","Local","Up","327.00","0.00"," "
"06/10/2023 16:00:00","SCA|NO1","mFRR","Local","Down","166.00","50.00"," "
"06/10/2023 17:00:00","SCA|NO1","mFRR","Local","Up","328.00","0.00"," "
"06/10/2023 17:00:00","SCA|NO1","mFRR","Local","Down","146.00","23.25"," "
"06/10/2023 18:00:00","SCA|NO1","mFRR","Local","Up","368.00","37.00"," "
"06/10/2023 18:00:00","SCA|NO1","mFRR","Local","Down","153.00","0.00"," "
"06/10/2023 19:00:00","SCA|NO1","mFRR","Local","Up","443.00","19.00"," "
"06/10/2023 19:00:00","SCA|NO1","mFRR","Local","Down","115.00","0.00"," "
"06/10/2023 20:00:00","SCA|NO1","mFRR","Local","Up","529.00","0.00"," "
"06/10/2023 20:00:00","SCA|NO1","mFRR","Local","Down","120.00","36.50"," "
"06/10/2023 21:00:00","SCA|NO1","mFRR","Local","Up","563.00","0.00"," "
"06/10/2023 21:00:00","SCA|NO1","mFRR","Local","Down","71.00","67.50"," "
"06/10/2023 22:00:00","SCA|NO1","mFRR","Local","Up","600.00","0.00"," "
"06/10/2023 22:00:00","SCA|NO1","mFRR","Local","Down","82.00","82.00"," "
"06/10/2023 23:00:00","SCA|NO1","mFRR","Local","Up","674.00","0.00"," "
"06/10/2023 23:00:00","SCA|NO1","mFRR","Local","Down","75.00","75.00"," "
"07/10/2023 00:00:00","SCA|NO1","mFRR","Local","Up","807.00","0.00"," "
"07/10/2023 00:00:00","SCA|NO1","mFRR","Local","Down","50.00","7.50"," "
"07/10/2023 01:00:00","SCA|NO1","mFRR","Local","Up","885.00","0.00"," "
"07/10/2023 01:00:00","SCA|NO1","mFRR","Local","Down","50.00","0.00"," "
"07/10/2023 02:00:00","SCA|NO1","mFRR","Local","Up","884.00","0.00"," "
"07/10/2023 02:00:00","SCA|NO1","mFRR","Local","Down","50.00","0.00"," "
"07/10/2023 03:00:00","SCA|NO1","mFRR","Local","Up","885.00","0.00"," "
"07/10/2023 03:00:00","SCA|NO1","mFRR","Local","Down","50.00","0.00"," "
"07/10/2023 04:00:00","SCA|NO1","mFRR","Local","Up","884.00","11.25"," "
"07/10/2023 04:00:00","SCA|NO1","mFRR","Local","Down","50.00","0.00"," "
"07/10/2023 05:00:00","SCA|NO1","mFRR","Local","Up","798.00","0.00"," "
"07/10/2023 05:00:00","SCA|NO1","mFRR","Local","Down","50.00","0.00"," "
"07/10/2023 06:00:00","SCA|NO1","mFRR","Local","Up","799.00","0.00"," "
"07/10/2023 06:00:00","SCA|NO1","mFRR","Local","Down","50.00","0.00"," "
"07/10/2023 07:00:00","SCA|NO1","mFRR","Local","Up","833.00","118.25"," "
"07/10/2023 07:00:00","SCA|NO1","mFRR","Local","Down","60.00","0.00"," "
"07/10/2023 08:00:00","SCA|NO1","mFRR","Local","Up","807.00","112.00"," "
"07/10/2023 08:00:00","SCA|NO1","mFRR","Local","Down","64.00","0.00"," "
"07/10/2023 09:00:00","SCA|NO1","mFRR","Local","Up","809.00","106.00"," "
"07/10/2023 09:00:00","SCA|NO1","mFRR","Local","Down","64.00","0.00"," "
"07/10/2023 10:00:00","SCA|NO1","mFRR","Local","Up","766.00","94.00"," "
"07/10/2023 10:00:00","SCA|NO1","mFRR","Local","Down","64.00","0.00"," "
"07/10/2023 11:00:00","SCA|NO1","mFRR","Local","Up","737.00","94.00"," "
"07/10/2023 11:00:00","SCA|NO1","mFRR","Local","Down","64.00","0.00"," "
"07/10/2023 12:00:00","SCA|NO1","mFRR","Local","Up","798.00","23.50"," "
"07/10/2023 12:00:00","SCA|NO1","mFRR","Local","Down","64.00","0.00"," "
"07/10/2023 13:00:00","SCA|NO1","mFRR","Local","Up","796.00","0.00"," "
"07/10/2023 13:00:00","SCA|NO1","mFRR","Local","Down","64.00","0.00"," "
"07/10/2023 14:00:00","SCA|NO1","mFRR","Local","Up","786.00","0.00"," "
"07/10/2023 14:00:00","SCA|NO1","mFRR","Local","Down","64.00","0.00"," "
"07/10/2023 15:00:00","SCA|NO1","mFRR","Local","Up","773.00","0.00"," "
"07/10/2023 15:00:00","SCA|NO1","mFRR","Local","Down","81.00","0.00"," "
"07/10/2023 16:00:00","SCA|NO1","mFRR","Local","Up","766.00","0.00"," "
"07/10/2023 16:00:00","SCA|NO1","mFRR","Local","Down","64.00","0.00"," "
"07/10/2023 17:00:00","SCA|NO1","mFRR","Local","Up","719.00","368.50"," "
"07/10/2023 17:00:00","SCA|NO1","mFRR","Local","Down","64.00","0.00"," "
"07/10/2023 18:00:00","SCA|NO1","mFRR","Local","Up","732.00","578.25"," "
"07/10/2023 18:00:00","SCA|NO1","mFRR","Local","Down","64.00","0.00"," "
"07/10/2023 19:00:00","SCA|NO1","mFRR","Local","Up","730.00","468.50"," "
"07/10/2023 19:00:00","SCA|NO1","mFRR","Local","Down","75.00","0.00"," "
"07/10/2023 20:00:00","SCA|NO1","mFRR","Local","Up","728.00","197.75"," "
"07/10/2023 20:00:00","SCA|NO1","mFRR","Local","Down","98.00","0.00"," "
"07/10/2023 21:00:00","SCA|NO1","mFRR","Local","Up","730.00","94.00"," "
"07/10/2023 21:00:00","SCA|NO1","mFRR","Local","Down","128.00","0.00"," "
"07/10/2023 22:00:00","SCA|NO1","mFRR","Local","Up","766.00","164.00"," "
"07/10/2023 22:00:00","SCA|NO1","mFRR","Local","Down","101.00","0.00"," "
"07/10/2023 23:00:00","SCA|NO1","mFRR","Local","Up","785.00","164.00"," "
"07/10/2023 23:00:00","SCA|NO1","mFRR","Local","Down","85.00","0.00"," "
"08/10/2023 00:00:00","SCA|NO1","mFRR","Local","Up","602.00","31.75"," "
"08/10/2023 00:00:00","SCA|NO1","mFRR","Local","Down","185.00","0.00"," "
"08/10/2023 01:00:00","SCA|NO1","mFRR","Local","Up","599.00","40.50"," "
"08/10/2023 01:00:00","SCA|NO1","mFRR","Local","Down","185.00","0.00"," "
"08/10/2023 02:00:00","SCA|NO1","mFRR","Local","Up","590.00","6.50"," "
"08/10/2023 02:00:00","SCA|NO1","mFRR","Local","Down","185.00","0.00"," "
"08/10/2023 03:00:00","SCA|NO1","mFRR","Local","Up","592.00","0.00"," "
"08/10/2023 03:00:00","SCA|NO1","mFRR","Local","Down","196.00","0.00"," "
"08/10/2023 04:00:00","SCA|NO1","mFRR","Local","Up","596.00","0.00"," "
"08/10/2023 04:00:00","SCA|NO1","mFRR","Local","Down","196.00","0.00"," "
"08/10/2023 05:00:00","SCA|NO1","mFRR","Local","Up","639.00","0.00"," "
"08/10/2023 05:00:00","SCA|NO1","mFRR","Local","Down","152.00","0.00"," "
"08/10/2023 06:00:00","SCA|NO1","mFRR","Local","Up","634.00","16.00"," "
"08/10/2023 06:00:00","SCA|NO1","mFRR","Local","Down","174.00","0.00"," "
"08/10/2023 07:00:00","SCA|NO1","mFRR","Local","Up","575.00","32.00"," "
"08/10/2023 07:00:00","SCA|NO1","mFRR","Local","Down","197.00","0.00"," "
"08/10/2023 08:00:00","SCA|NO1","mFRR","Local","Up","452.00","18.25"," "
"08/10/2023 08:00:00","SCA|NO1","mFRR","Local","Down","254.00","0.00"," "
"08/10/2023 09:00:00","SCA|NO1","mFRR","Local","Up","316.00","84.50"," "
"08/10/2023 09:00:00","SCA|NO1","mFRR","Local","Down","291.00","0.00"," "
"08/10/2023 10:00:00","SCA|NO1","mFRR","Local","Up","278.00","51.00"," "
"08/10/2023 10:00:00","SCA|NO1","mFRR","Local","Down","277.00","0.00"," "
"08/10/2023 11:00:00","SCA|NO1","mFRR","Local","Up","273.00","133.00"," "
"08/10/2023 11:00:00","SCA|NO1","mFRR","Local","Down","276.00","0.00"," "
"08/10/2023 12:00:00","SCA|NO1","mFRR","Local","Up","219.00","0.00"," "
"08/10/2023 12:00:00","SCA|NO1","mFRR","Local","Down","324.00","0.00"," "
"08/10/2023 13:00:00","SCA|NO1","mFRR","Local","Up","220.00","0.00"," "
"08/10/2023 13:00:00","SCA|NO1","mFRR","Local","Down","357.00","0.00"," "
"08/10/2023 14:00:00","SCA|NO1","mFRR","Local","Up","120.00","0.00"," "
"08/10/2023 14:00:00","SCA|NO1","mFRR","Local","Down","362.00","0.00"," "
"08/10/2023 15:00:00","SCA|NO1","mFRR","Local","Up","42.00","8.50"," "
"08/10/2023 15:00:00","SCA|NO1","mFRR","Local","Down","328.00","0.00"," "
"08/10/2023 16:00:00","SCA|NO1","mFRR","Local","Up","26.00","13.00"," "
"08/10/2023 16:00:00","SCA|NO1","mFRR","Local","Down","424.00","0.00"," "
"08/10/2023 17:00:00","SCA|NO1","mFRR","Local","Up","27.00","27.00"," "
"08/10/2023 17:00:00","SCA|NO1","mFRR","Local","Down","451.00","0.00"," "
"08/10/2023 18:00:00","SCA|NO1","mFRR","Local","Up","6.00","6.00"," "
"08/10/2023 18:00:00","SCA|NO1","mFRR","Local","Down","440.00","0.00"," "
"08/10/2023 19:00:00","SCA|NO1","mFRR","Local","Up","0.00","0.00"," "
"08/10/2023 19:00:00","SCA|NO1","mFRR","Local","Down","446.00","0.00"," "
"08/10/2023 20:00:00","SCA|NO1","mFRR","Local","Up","0.00","0.00"," "
"08/10/2023 20:00:00","SCA|NO1","mFRR","Local","Down","451.00","0.00"," "
"08/10/2023 21:00:00","SCA|NO1","mFRR","Local","Up","13.00","9.75"," "
"08/10/2023 21:00:00","SCA|NO1","mFRR","Local","Down","451.00","0.00"," "
"08/10/2023 22:00:00","SCA|NO1","mFRR","Local","Up","0.00","0.00"," "
"08/10/2023 22:00:00","SCA|NO1","mFRR","Local","Down","435.00","0.00"," "
"08/10/2023 23:00:00","SCA|NO1","mFRR","Local","Up","27.00","27.00"," "
"08/10/2023 23:00:00","SCA|NO1","mFRR","Local","Down","335.00","0.00"," "
"09/10/2023 00:00:00","SCA|NO1","mFRR","Local","Up","11.00","11.00"," "
"09/10/2023 00:00:00","SCA|NO1","mFRR","Local","Down","359.00","0.00"," "
"09/10/2023 01:00:00","SCA|NO1","mFRR","Local","Up","37.00","0.00"," "
"09/10/2023 01:00:00","SCA|NO1","mFRR","Local","Down","357.00","0.00"," "
"09/10/2023 02:00:00","SCA|NO1","mFRR","Local","Up","35.00","0.00"," "
"09/10/2023 02:00:00","SCA|NO1","mFRR","Local","Down","349.00","0.00"," "
"09/10/2023 03:00:00","SCA|NO1","mFRR","Local","Up","35.00","0.00"," "
"09/10/2023 03:00:00","SCA|NO1","mFRR","Local","Down","354.00","0.00"," "
"09/10/2023 04:00:00","SCA|NO1","mFRR","Local","Up","0.00","0.00"," "
"09/10/2023 04:00:00","SCA|NO1","mFRR","Local","Down","357.00","0.00"," "
"09/10/2023 05:00:00","SCA|NO1","mFRR","Local","Up","0.00","0.00"," "
"09/10/2023 05:00:00","SCA|NO1","mFRR","Local","Down","369.00","0.00"," "
"09/10/2023 06:00:00","SCA|NO1","mFRR","Local","Up","0.00","0.00"," "
"09/10/2023 06:00:00","SCA|NO1","mFRR","Local","Down","414.00","0.00"," "
"09/10/2023 07:00:00","SCA|NO1","mFRR","Local","Up","0.00","0.00"," "
"09/10/2023 07:00:00","SCA|NO1","mFRR","Local","Down","341.00","0.00"," "
"09/10/2023 08:00:00","SCA|NO1","mFRR","Local","Up","0.00","0.00"," "
"09/10/2023 08:00:00","SCA|NO1","mFRR","Local","Down","405.00","0.00"," "
"09/10/2023 09:00:00","SCA|NO1","mFRR","Local","Up","0.00","0.00"," "
"09/10/2023 09:00:00","SCA|NO1","mFRR","Local","Down","504.00","0.00"," "
"09/10/2023 10:00:00","SCA|NO1","mFRR","Local","Up","0.00","0.00"," "
"09/10/2023 10:00:00","SCA|NO1","mFRR","Local","Down","504.00","0.00"," "
"09/10/2023 11:00:00","SCA|NO1","mFRR","Local","Up","0.00","0.00"," "
"09/10/2023 11:00:00","SCA|NO1","mFRR","Local","Down","502.00","0.00"," "
"09/10/2023 12:00:00","SCA|NO1","mFRR","Local","Up","0.00","0.00"," "
"09/10/2023 12:00:00","SCA|NO1","mFRR","Local","Down","499.00","0.00"," "
"09/10/2023 13:00:00","SCA|NO1","mFRR","Local","Up","0.00","0.00"," "
"09/10/2023 13:00:00","SCA|NO1","mFRR","Local","Down","498.00","0.00"," "
"09/10/2023 14:00:00","SCA|NO1","mFRR","Local","Up","0.00","0.00"," "
"09/10/2023 14:00:00","SCA|NO1","mFRR","Local","Down","496.00","0.00"," "
"09/10/2023 15:00:00","SCA|NO1","mFRR","Local","Up","0.00","0.00"," "
"09/10/2023 15:00:00","SCA|NO1","mFRR","Local","Down","497.00","0.00"," "
"09/10/2023 16:00:00","SCA|NO1","mFRR","Local","Up","0.00","0.00"," "
"09/10/2023 16:00:00","SCA|NO1","mFRR","Local","Down","497.00","0.00"," "
"09/10/2023 17:00:00","SCA|NO1","mFRR","Local","Up","0.00","0.00"," "
"09/10/2023 17:00:00","SCA|NO1","mFRR","Local","Down","496.00","0.00"," "
"09/10/2023 18:00:00","SCA|NO1","mFRR","Local","Up","0.00","0.00"," "
"09/10/2023 18:00:00","SCA|NO1","mFRR","Local","Down","503.00","0.00"," "
"09/10/2023 19:00:00","SCA|NO1","mFRR","Local","Up","0.00","0.00"," "
"09/10/2023 19:00:00","SCA|NO1","mFRR","Local","Down","504.00","0.00"," "
"09/10/2023 20:00:00","SCA|NO1","mFRR","Local","Up","0.00","0.00"," "
"09/10/2023 20:00:00","SCA|NO1","mFRR","Local","Down","496.00","0.00"," "
"09/10/2023 21:00:00","SCA|NO1","mFRR","Local","Up","0.00","0.00"," "
"09/10/2023 21:00:00","SCA|NO1","mFRR","Local","Down","467.00","0.00"," "
"09/10/2023 22:00:00","SCA|NO1","mFRR","Local","Up","58.00","0.00"," "
"09/10/2023 22:00:00","SCA|NO1","mFRR","Local","Down","419.00","0.00"," "
"09/10/2023 23:00:00","SCA|NO1","mFRR","Local","Up","58.00","0.00"," "
"09/10/2023 23:00:00","SCA|NO1","mFRR","Local","Down","349.00","0.00"," "
"10/10/2023 00:00:00","SCA|NO1","mFRR","Local","Up","30.00","0.00"," "
"10/10/2023 00:00:00","SCA|NO1","mFRR","Local","Down","368.00","0.00"," "
"10/10/2023 01:00:00","SCA|NO1","mFRR","Local","Up","33.00","0.00"," "
"10/10/2023 01:00:00","SCA|NO1","mFRR","Local","Down","366.00","0.00"," "
"10/10/2023 02:00:00","SCA|NO1","mFRR","Local","Up","33.00","0.00"," "
"10/10/2023 02:00:00","SCA|NO1","mFRR","Local","Down","362.00","0.00"," "
"10/10/2023 03:00:00","SCA|NO1","mFRR","Local","Up","32.00","0.00"," "
"10/10/2023 03:00:00","SCA|NO1","mFRR","Local","Down","364.00","0.00"," "
"10/10/2023 04:00:00","SCA|NO1","mFRR","Local","Up","31.00","0.00"," "
"10/10/2023 04:00:00","SCA|NO1","mFRR","Local","Down","375.00","0.00"," "
"10/10/2023 05:00:00","SCA|NO1","mFRR","Local","Up","28.00","0.00"," "
"10/10/2023 05:00:00","SCA|NO1","mFRR","Local","Down","401.00","0.00"," "
"10/10/2023 06:00:00","SCA|NO1","mFRR","Local","Up","0.00","0.00"," "
"10/10/2023 06:00:00","SCA|NO1","mFRR","Local","Down","435.00","0.00"," "
"10/10/2023 07:00:00","SCA|NO1","mFRR","Local","Up","0.00","0.00"," "
"10/10/2023 07:00:00","SCA|NO1","mFRR","Local","Down","448.00","0.00"," "
"10/10/2023 08:00:00","SCA|NO1","mFRR","Local","Up","0.00","0.00"," "
"10/10/2023 08:00:00","SCA|NO1","mFRR","Local","Down","423.00","0.00"," "
"10/10/2023 09:00:00","SCA|NO1","mFRR","Local","Up","0.00","0.00"," "
"10/10/2023 09:00:00","SCA|NO1","mFRR","Local","Down","433.00","0.00"," "
"10/10/2023 10:00:00","SCA|NO1","mFRR","Local","Up","0.00","0.00"," "
"10/10/2023 10:00:00","SCA|NO1","mFRR","Local","Down","374.00","0.00"," "
"10/10/2023 11:00:00","SCA|NO1","mFRR","Local","Up","0.00","0.00"," "
"10/10/2023 11:00:00","SCA|NO1","mFRR","Local","Down","352.00","0.00"," "
"10/10/2023 12:00:00","SCA|NO1","mFRR","Local","Up","33.00","0.00"," "
"10/10/2023 12:00:00","SCA|NO1","mFRR","Local","Down","389.00","0.00"," "
"10/10/2023 13:00:00","SCA|NO1","mFRR","Local","Up","34.00","0.00"," "
"10/10/2023 13:00:00","SCA|NO1","mFRR","Local","Down","368.00","64.00"," "
"10/10/2023 14:00:00","SCA|NO1","mFRR","Local","Up","35.00","0.00"," "
"10/10/2023 14:00:00","SCA|NO1","mFRR","Local","Down","361.00","75.50"," "
"10/10/2023 15:00:00","SCA|NO1","mFRR","Local","Up","35.00","0.00"," "
"10/10/2023 15:00:00","SCA|NO1","mFRR","Local","Down","368.00","99.00"," "
"10/10/2023 16:00:00","SCA|NO1","mFRR","Local","Up","35.00","0.00"," "
"10/10/2023 16:00:00","SCA|NO1","mFRR","Local","Down","407.00","80.75"," "
"10/10/2023 17:00:00","SCA|NO1","mFRR","Local","Up","34.00","0.00"," "
"10/10/2023 17:00:00","SCA|NO1","mFRR","Local","Down","323.00","0.00"," "
"10/10/2023 18:00:00","SCA|NO1","mFRR","Local","Up","37.00","0.00"," "
"10/10/2023 18:00:00","SCA|NO1","mFRR","Local","Down","442.00","0.00"," "
"10/10/2023 19:00:00","SCA|NO1","mFRR","Local","Up","58.00","0.00"," "
"10/10/2023 19:00:00","SCA|NO1","mFRR","Local","Down","388.00","0.00"," "
"10/10/2023 20:00:00","SCA|NO1","mFRR","Local","Up","324.00","0.00"," "
"10/10/2023 20:00:00","SCA|NO1","mFRR","Local","Down","292.00","0.00"," "
"10/10/2023 21:00:00","SCA|NO1","mFRR","Local","Up","368.00","0.00"," "
"10/10/2023 21:00:00","SCA|NO1","mFRR","Local","Down","268.00","0.00"," "
"10/10/2023 22:00:00","SCA|NO1","mFRR","Local","Up","521.00","0.00"," "
"10/10/2023 22:00:00","SCA|NO1","mFRR","Local","Down","129.00","0.00"," "
"10/10/2023 23:00:00","SCA|NO1","mFRR","Local","Up","543.00","0.00"," "
"10/10/2023 23:00:00","SCA|NO1","mFRR","Local","Down","126.00","0.00"," "
"11/10/2023 00:00:00","SCA|NO1","mFRR","Local","Up","285.00","0.00"," "
"11/10/2023 00:00:00","SCA|NO1","mFRR","Local","Down","120.00","0.00"," "
"11/10/2023 01:00:00","SCA|NO1","mFRR","Local","Up","484.00","0.00"," "
"11/10/2023 01:00:00","SCA|NO1","mFRR","Local","Down","132.00","23.00"," "
"11/10/2023 02:00:00","SCA|NO1","mFRR","Local","Up","445.00","0.00"," "
"11/10/2023 02:00:00","SCA|NO1","mFRR","Local","Down","168.00","0.00"," "
"11/10/2023 03:00:00","SCA|NO1","mFRR","Local","Up","454.00","0.00"," "
"11/10/2023 03:00:00","SCA|NO1","mFRR","Local","Down","167.00","0.00"," "
"11/10/2023 04:00:00","SCA|NO1","mFRR","Local","Up","454.00","0.00"," "
"11/10/2023 04:00:00","SCA|NO1","mFRR","Local","Down","167.00","0.00"," "
"11/10/2023 05:00:00","SCA|NO1","mFRR","Local","Up","298.00","0.00"," "
"11/10/2023 05:00:00","SCA|NO1","mFRR","Local","Down","168.00","0.00"," "
"11/10/2023 06:00:00","SCA|NO1","mFRR","Local","Up","229.00","0.00"," "
"11/10/2023 06:00:00","SCA|NO1","mFRR","Local","Down","245.00","20.75"," "
"11/10/2023 07:00:00","SCA|NO1","mFRR","Local","Up","211.00","0.00"," "
"11/10/2023 07:00:00","SCA|NO1","mFRR","Local","Down","178.00","0.00"," "
"11/10/2023 08:00:00","SCA|NO1","mFRR","Local","Up","135.00","0.00"," "
"11/10/2023 08:00:00","SCA|NO1","mFRR","Local","Down","255.00","0.00"," "
"11/10/2023 09:00:00","SCA|NO1","mFRR","Local","Up","210.00","0.00"," "
"11/10/2023 09:00:00","SCA|NO1","mFRR","Local","Down","240.75","22.75"," "
"11/10/2023 10:00:00","SCA|NO1","mFRR","Local","Up","264.00","0.00"," "
"11/10/2023 10:00:00","SCA|NO1","mFRR","Local","Down","200.00","0.00"," "
"11/10/2023 11:00:00","SCA|NO1","mFRR","Local","Up","294.00","0.00"," "
"11/10/2023 11:00:00","SCA|NO1","mFRR","Local","Down","141.00","31.50"," "
"11/10/2023 12:00:00","SCA|NO1","mFRR","Local","Up","304.00","0.00"," "
"11/10/2023 12:00:00","SCA|NO1","mFRR","Local","Down","72.00","0.00"," "
"11/10/2023 13:00:00","SCA|NO1","mFRR","Local","Up","316.00","0.00"," "
"11/10/2023 13:00:00","SCA|NO1","mFRR","Local","Down","73.00","0.00"," "
"11/10/2023 14:00:00","SCA|NO1","mFRR","Local","Up","341.00","0.00"," "
"11/10/2023 14:00:00","SCA|NO1","mFRR","Local","Down","73.00","0.00"," "
"11/10/2023 15:00:00","SCA|NO1","mFRR","Local","Up","321.00","0.00"," "
"11/10/2023 15:00:00","SCA|NO1","mFRR","Local","Down","41.00","7.50"," "
"11/10/2023 16:00:00","SCA|NO1","mFRR","Local","Up","258.00","0.00"," "
"11/10/2023 16:00:00","SCA|NO1","mFRR","Local","Down","186.00","39.00"," "
"11/10/2023 17:00:00","SCA|NO1","mFRR","Local","Up","189.00","0.00"," "
"11/10/2023 17:00:00","SCA|NO1","mFRR","Local","Down","193.00","0.00"," "
"11/10/2023 18:00:00","SCA|NO1","mFRR","Local","Up","137.00","0.00"," "
"11/10/2023 18:00:00","SCA|NO1","mFRR","Local","Down","227.00","17.00"," "
"11/10/2023 19:00:00","SCA|NO1","mFRR","Local","Up","137.00","0.00"," "
"11/10/2023 19:00:00","SCA|NO1","mFRR","Local","Down","223.00","11.50"," "
"11/10/2023 20:00:00","SCA|NO1","mFRR","Local","Up","135.00","0.00"," "
"11/10/2023 20:00:00","SCA|NO1","mFRR","Local","Down","216.00","52.00"," "
"11/10/2023 21:00:00","SCA|NO1","mFRR","Local","Up","159.00","0.00"," "
"11/10/2023 21:00:00","SCA|NO1","mFRR","Local","Down","228.00","13.00"," "
"11/10/2023 22:00:00","SCA|NO1","mFRR","Local","Up","182.00","169.00"," "
"11/10/2023 22:00:00","SCA|NO1","mFRR","Local","Down","185.00","0.00"," "
"11/10/2023 23:00:00","SCA|NO1","mFRR","Local","Up","306.00","239.00"," "
"11/10/2023 23:00:00","SCA|NO1","mFRR","Local","Down","36.00","0.00"," "
"12/10/2023 00:00:00","SCA|NO1","mFRR","Local","Up","264.00","109.00"," "
"12/10/2023 00:00:00","SCA|NO1","mFRR","Local","Down","189.00","0.00"," "
"12/10/2023 01:00:00","SCA|NO1","mFRR","Local","Up","463.00","0.00"," "
"12/10/2023 01:00:00","SCA|NO1","mFRR","Local","Down","124.00","0.00"," "
"12/10/2023 02:00:00","SCA|NO1","mFRR","Local","Up","428.00","0.00"," "
"12/10/2023 02:00:00","SCA|NO1","mFRR","Local","Down","115.00","0.00"," "
"12/10/2023 03:00:00","SCA|NO1","mFRR","Local","Up","505.00","0.00"," "
"12/10/2023 03:00:00","SCA|NO1","mFRR","Local","Down","30.00","0.00"," "
"12/10/2023 04:00:00","SCA|NO1","mFRR","Local","Up","433.00","0.00"," "
"12/10/2023 04:00:00","SCA|NO1","mFRR","Local","Down","93.00","0.00"," "
"12/10/2023 05:00:00","SCA|NO1","mFRR","Local","Up","295.00","0.00"," "
"12/10/2023 05:00:00","SCA|NO1","mFRR","Local","Down","91.00","0.00"," "
"12/10/2023 06:00:00","SCA|NO1","mFRR","Local","Up","233.00","0.00"," "
"12/10/2023 06:00:00","SCA|NO1","mFRR","Local","Down","208.00","0.00"," "
"12/10/2023 07:00:00","SCA|NO1","mFRR","Local","Up","113.00","0.00"," "
"12/10/2023 07:00:00","SCA|NO1","mFRR","Local","Down","249.00","0.00"," "
"12/10/2023 08:00:00","SCA|NO1","mFRR","Local","Up","78.00","0.00"," "
"12/10/2023 08:00:00","SCA|NO1","mFRR","Local","Down","153.00","0.00"," "
"12/10/2023 09:00:00","SCA|NO1","mFRR","Local","Up","78.00","0.00"," "
"12/10/2023 09:00:00","SCA|NO1","mFRR","Local","Down","148.00","0.00"," "
"12/10/2023 10:00:00","SCA|NO1","mFRR","Local","Up","98.00","0.00"," "
"12/10/2023 10:00:00","SCA|NO1","mFRR","Local","Down","154.00","0.00"," "
"12/10/2023 11:00:00","SCA|NO1","mFRR","Local","Up","107.00","0.00"," "
"12/10/2023 11:00:00","SCA|NO1","mFRR","Local","Down","155.00","0.00"," "
"12/10/2023 12:00:00","SCA|NO1","mFRR","Local","Up","98.00","0.00"," "
"12/10/2023 12:00:00","SCA|NO1","mFRR","Local","Down","160.00","6.50"," "
"12/10/2023 13:00:00","SCA|NO1","mFRR","Local","Up","88.00","0.00"," "
"12/10/2023 13:00:00","SCA|NO1","mFRR","Local","Down","166.00","26.00"," "
"12/10/2023 14:00:00","SCA|NO1","mFRR","Local","Up","88.00","0.00"," "
"12/10/2023 14:00:00","SCA|NO1","mFRR","Local","Down","166.00","0.00"," "
"12/10/2023 15:00:00","SCA|NO1","mFRR","Local","Up","78.00","0.00"," "
"12/10/2023 15:00:00","SCA|NO1","mFRR","Local","Down","261.00","0.00"," "
"12/10/2023 16:00:00","SCA|NO1","mFRR","Local","Up","0.00","0.00"," "
"12/10/2023 16:00:00","SCA|NO1","mFRR","Local","Down","284.00","0.00"," "
"12/10/2023 17:00:00","SCA|NO1","mFRR","Local","Up","0.00","0.00"," "
"12/10/2023 17:00:00","SCA|NO1","mFRR","Local","Down","414.00","0.00"," "
"12/10/2023 18:00:00","SCA|NO1","mFRR","Local","Up","0.00","0.00"," "
"12/10/2023 18:00:00","SCA|NO1","mFRR","Local","Down","411.00","0.00"," "
"12/10/2023 19:00:00","SCA|NO1","mFRR","Local","Up","0.00","0.00"," "
"12/10/2023 19:00:00","SCA|NO1","mFRR","Local","Down","408.00","0.00"," "
"12/10/2023 20:00:00","SCA|NO1","mFRR","Local","Up","0.00","0.00"," "
"12/10/2023 20:00:00","SCA|NO1","mFRR","Local","Down","253.00","0.00"," "
"12/10/2023 21:00:00","SCA|NO1","mFRR","Local","Up","0.00","0.00"," "
"12/10/2023 21:00:00","SCA|NO1","mFRR","Local","Down","239.00","0.00"," "
"12/10/2023 22:00:00","SCA|NO1","mFRR","Local","Up","0.00","0.00"," "
"12/10/2023 22:00:00","SCA|NO1","mFRR","Local","Down","224.00","0.00"," "
"12/10/2023 23:00:00","SCA|NO1","mFRR","Local","Up","0.00","0.00"," "
"12/10/2023 23:00:00","SCA|NO1","mFRR","Local","Down","212.00","0.00"," "
"13/10/2023 00:00:00","SCA|NO1","mFRR","Local","Up","19.00","0.00"," "
"13/10/2023 00:00:00","SCA|NO1","mFRR","Local","Down","184.00","0.00"," "
"13/10/2023 01:00:00","SCA|NO1","mFRR","Local","Up","69.00","0.00"," "
"13/10/2023 01:00:00","SCA|NO1","mFRR","Local","Down","178.00","0.00"," "
"13/10/2023 02:00:00","SCA|NO1","mFRR","Local","Up","78.00","0.00"," "
"13/10/2023 02:00:00","SCA|NO1","mFRR","Local","Down","183.00","0.00"," "
"13/10/2023 03:00:00","SCA|NO1","mFRR","Local","Up","78.00","0.00"," "
"13/10/2023 03:00:00","SCA|NO1","mFRR","Local","Down","189.00","0.00"," "
"13/10/2023 04:00:00","SCA|NO1","mFRR","Local","Up","78.00","0.00"," "
"13/10/2023 04:00:00","SCA|NO1","mFRR","Local","Down","217.00","0.00"," "
"13/10/2023 05:00:00","SCA|NO1","mFRR","Local","Up","68.00","0.00"," "
"13/10/2023 05:00:00","SCA|NO1","mFRR","Local","Down","225.00","9.00"," "
"13/10/2023 06:00:00","SCA|NO1","mFRR","Local","Up","0.00","0.00"," "
"13/10/2023 06:00:00","SCA|NO1","mFRR","Local","Down","341.00","0.00"," "
"13/10/2023 07:00:00","SCA|NO1","mFRR","Local","Up","0.00","0.00"," "
"13/10/2023 07:00:00","SCA|NO1","mFRR","Local","Down","355.00","0.00"," "
"13/10/2023 08:00:00","SCA|NO1","mFRR","Local","Up","0.00","0.00"," "
"13/10/2023 08:00:00","SCA|NO1","mFRR","Local","Down","418.00","0.00"," "
"13/10/2023 09:00:00","SCA|NO1","mFRR","Local","Up","0.00","0.00"," "
"13/10/2023 09:00:00","SCA|NO1","mFRR","Local","Down","403.00","0.00"," "
"13/10/2023 10:00:00","SCA|NO1","mFRR","Local","Up","0.00","0.00"," "
"13/10/2023 10:00:00","SCA|NO1","mFRR","Local","Down","433.00","0.00"," "
"13/10/2023 11:00:00","SCA|NO1","mFRR","Local","Up","29.00","29.00"," "
"13/10/2023 11:00:00","SCA|NO1","mFRR","Local","Down","275.00","0.00"," "
"13/10/2023 12:00:00","SCA|NO1","mFRR","Local","Up","164.00","11.75"," "
"13/10/2023 12:00:00","SCA|NO1","mFRR","Local","Down","252.00","0.00"," "
"13/10/2023 13:00:00","SCA|NO1","mFRR","Local","Up","90.00","0.00"," "
"13/10/2023 13:00:00","SCA|NO1","mFRR","Local","Down","254.25","0.00"," "
"13/10/2023 14:00:00","SCA|NO1","mFRR","Local","Up","165.00","0.00"," "
"13/10/2023 14:00:00","SCA|NO1","mFRR","Local","Down","248.00","0.00"," "
"13/10/2023 15:00:00","SCA|NO1","mFRR","Local","Up","168.00","0.00"," "
"13/10/2023 15:00:00","SCA|NO1","mFRR","Local","Down","263.00","0.00"," "
"13/10/2023 16:00:00","SCA|NO1","mFRR","Local","Up","114.00","0.00"," "
"13/10/2023 16:00:00","SCA|NO1","mFRR","Local","Down","323.00","0.00"," "
"13/10/2023 17:00:00","SCA|NO1","mFRR","Local","Up","116.00","0.00"," "
"13/10/2023 17:00:00","SCA|NO1","mFRR","Local","Down","352.00","0.00"," "
"13/10/2023 18:00:00","SCA|NO1","mFRR","Local","Up","104.00","33.00"," "
"13/10/2023 18:00:00","SCA|NO1","mFRR","Local","Down","360.00","0.00"," "
"13/10/2023 19:00:00","SCA|NO1","mFRR","Local","Up","104.00","0.00"," "
"13/10/2023 19:00:00","SCA|NO1","mFRR","Local","Down","355.00","11.00"," "
"13/10/2023 20:00:00","SCA|NO1","mFRR","Local","Up","158.00","0.00"," "
"13/10/2023 20:00:00","SCA|NO1","mFRR","Local","Down","273.00","0.00"," "
"13/10/2023 21:00:00","SCA|NO1","mFRR","Local","Up","194.00","0.00"," "
"13/10/2023 21:00:00","SCA|NO1","mFRR","Local","Down","168.00","0.00"," "
"13/10/2023 22:00:00","SCA|NO1","mFRR","Local","Up","242.00","0.00"," "
"13/10/2023 22:00:00","SCA|NO1","mFRR","Local","Down","30.00","0.00"," "
"13/10/2023 23:00:00","SCA|NO1","mFRR","Local","Up","349.00","0.00"," "
"13/10/2023 23:00:00","SCA|NO1","mFRR","Local","Down","24.00","0.00"," "
"14/10/2023 00:00:00","SCA|NO1","mFRR","Local","Up","304.00","0.00"," "
"14/10/2023 00:00:00","SCA|NO1","mFRR","Local","Down","76.00","0.00"," "
"14/10/2023 01:00:00","SCA|NO1","mFRR","Local","Up","401.00","0.00"," "
"14/10/2023 01:00:00","SCA|NO1","mFRR","Local","Down","76.00","0.00"," "
"14/10/2023 02:00:00","SCA|NO1","mFRR","Local","Up","409.00","0.00"," "
"14/10/2023 02:00:00","SCA|NO1","mFRR","Local","Down","76.00","0.00"," "
"14/10/2023 03:00:00","SCA|NO1","mFRR","Local","Up","401.00","0.00"," "
"14/10/2023 03:00:00","SCA|NO1","mFRR","Local","Down","76.00","0.00"," "
"14/10/2023 04:00:00","SCA|NO1","mFRR","Local","Up","411.00","0.00"," "
"14/10/2023 04:00:00","SCA|NO1","mFRR","Local","Down","76.00","0.00"," "
"14/10/2023 05:00:00","SCA|NO1","mFRR","Local","Up","331.00","0.00"," "
"14/10/2023 05:00:00","SCA|NO1","mFRR","Local","Down","76.00","0.00"," "
"14/10/2023 06:00:00","SCA|NO1","mFRR","Local","Up","371.00","0.00"," "
"14/10/2023 06:00:00","SCA|NO1","mFRR","Local","Down","76.00","0.00"," "
"14/10/2023 07:00:00","SCA|NO1","mFRR","Local","Up","420.00","0.00"," "
"14/10/2023 07:00:00","SCA|NO1","mFRR","Local","Down","76.00","0.00"," "
"14/10/2023 08:00:00","SCA|NO1","mFRR","Local","Up","251.00","0.00"," "
"14/10/2023 08:00:00","SCA|NO1","mFRR","Local","Down","187.00","0.00"," "
"14/10/2023 09:00:00","SCA|NO1","mFRR","Local","Up","204.00","0.00"," "
"14/10/2023 09:00:00","SCA|NO1","mFRR","Local","Down","175.00","0.00"," "
"14/10/2023 10:00:00","SCA|NO1","mFRR","Local","Up","204.00","0.00"," "
"14/10/2023 10:00:00","SCA|NO1","mFRR","Local","Down","159.00","0.00"," "
"14/10/2023 11:00:00","SCA|NO1","mFRR","Local","Up","360.00","0.00"," "
"14/10/2023 11:00:00","SCA|NO1","mFRR","Local","Down","76.00","0.00"," "
"14/10/2023 12:00:00","SCA|NO1","mFRR","Local","Up","363.00","0.00"," "
"14/10/2023 12:00:00","SCA|NO1","mFRR","Local","Down","76.00","0.00"," "
"14/10/2023 13:00:00","SCA|NO1","mFRR","Local","Up","381.00","0.00"," "
"14/10/2023 13:00:00","SCA|NO1","mFRR","Local","Down","76.00","0.00"," "
"14/10/2023 14:00:00","SCA|NO1","mFRR","Local","Up","386.00","0.00"," "
"14/10/2023 14:00:00","SCA|NO1","mFRR","Local","Down","76.00","0.00"," "
"14/10/2023 15:00:00","SCA|NO1","mFRR","Local","Up","385.00","0.00"," "
"14/10/2023 15:00:00","SCA|NO1","mFRR","Local","Down","56.00","0.00"," "
"14/10/2023 16:00:00","SCA|NO1","mFRR","Local","Up","417.00","0.00"," "
"14/10/2023 16:00:00","SCA|NO1","mFRR","Local","Down","76.00","0.00"," "
"14/10/2023 17:00:00","SCA|NO1","mFRR","Local","Up","147.00","0.00"," "
"14/10/2023 17:00:00","SCA|NO1","mFRR","Local","Down","143.00","0.00"," "
"14/10/2023 18:00:00","SCA|NO1","mFRR","Local","Up","128.00","0.00"," "
"14/10/2023 18:00:00","SCA|NO1","mFRR","Local","Down","159.00","0.00"," "
"14/10/2023 19:00:00","SCA|NO1","mFRR","Local","Up","123.00","0.00"," "
"14/10/2023 19:00:00","SCA|NO1","mFRR","Local","Down","186.00","0.00"," "
"14/10/2023 20:00:00","SCA|NO1","mFRR","Local","Up","125.00","0.00"," "
"14/10/2023 20:00:00","SCA|NO1","mFRR","Local","Down","162.00","0.00"," "
"14/10/2023 21:00:00","SCA|NO1","mFRR","Local","Up","185.00","0.00"," "
"14/10/2023 21:00:00","SCA|NO1","mFRR","Local","Down","190.00","0.00"," "
"14/10/2023 22:00:00","SCA|NO1","mFRR","Local","Up","243.00","0.00"," "
"14/10/2023 22:00:00","SCA|NO1","mFRR","Local","Down","195.00","17.00"," "
"14/10/2023 23:00:00","SCA|NO1","mFRR","Local","Up","412.00","0.00"," "
"14/10/2023 23:00:00","SCA|NO1","mFRR","Local","Down","199.00","34.00"," "
"15/10/2023 00:00:00","SCA|NO1","mFRR","Local","Up","205.00","0.00"," "
"15/10/2023 00:00:00","SCA|NO1","mFRR","Local","Down","256.00","15.50"," "
"15/10/2023 01:00:00","SCA|NO1","mFRR","Local","Up","291.00","0.00"," "
"15/10/2023 01:00:00","SCA|NO1","mFRR","Local","Down","207.00","0.00"," "
"15/10/2023 02:00:00","SCA|NO1","mFRR","Local","Up","291.00","0.00"," "
"15/10/2023 02:00:00","SCA|NO1","mFRR","Local","Down","209.00","0.00"," "
"15/10/2023 03:00:00","SCA|NO1","mFRR","Local","Up","291.00","0.00"," "
"15/10/2023 03:00:00","SCA|NO1","mFRR","Local","Down","217.00","0.00"," "
"15/10/2023 04:00:00","SCA|NO1","mFRR","Local","Up","291.00","0.00"," "
"15/10/2023 04:00:00","SCA|NO1","mFRR","Local","Down","220.00","0.00"," "
"15/10/2023 05:00:00","SCA|NO1","mFRR","Local","Up","430.00","0.00"," "
"15/10/2023 05:00:00","SCA|NO1","mFRR","Local","Down","98.00","0.00"," "
"15/10/2023 06:00:00","SCA|NO1","mFRR","Local","Up","385.00","0.00"," "
"15/10/2023 06:00:00","SCA|NO1","mFRR","Local","Down","236.00","0.00"," "
"15/10/2023 07:00:00","SCA|NO1","mFRR","Local","Up","291.00","0.00"," "
"15/10/2023 07:00:00","SCA|NO1","mFRR","Local","Down","278.00","0.00"," "
"15/10/2023 08:00:00","SCA|NO1","mFRR","Local","Up","291.00","0.00"," "
"15/10/2023 08:00:00","SCA|NO1","mFRR","Local","Down","262.00","0.00"," "
"15/10/2023 09:00:00","SCA|NO1","mFRR","Local","Up","291.00","0.00"," "
"15/10/2023 09:00:00","SCA|NO1","mFRR","Local","Down","264.00","0.00"," "
"15/10/2023 10:00:00","SCA|NO1","mFRR","Local","Up","291.00","0.00"," "
"15/10/2023 10:00:00","SCA|NO1","mFRR","Local","Down","275.00","0.00"," "
"15/10/2023 11:00:00","SCA|NO1","mFRR","Local","Up","571.00","0.00"," "
"15/10/2023 11:00:00","SCA|NO1","mFRR","Local","Down","79.00","0.00"," "
"15/10/2023 12:00:00","SCA|NO1","mFRR","Local","Up","575.00","0.00"," "
"15/10/2023 12:00:00","SCA|NO1","mFRR","Local","Down","80.00","0.00"," "
"15/10/2023 13:00:00","SCA|NO1","mFRR","Local","Up","579.00","0.00"," "
"15/10/2023 13:00:00","SCA|NO1","mFRR","Local","Down","80.00","0.00"," "
"15/10/2023 14:00:00","SCA|NO1","mFRR","Local","Up","577.00","0.00"," "
"15/10/2023 14:00:00","SCA|NO1","mFRR","Local","Down","80.00","0.00"," "
"15/10/2023 15:00:00","SCA|NO1","mFRR","Local","Up","487.00","0.00"," "
"15/10/2023 15:00:00","SCA|NO1","mFRR","Local","Down","206.00","0.00"," "
"15/10/2023 16:00:00","SCA|NO1","mFRR","Local","Up","266.00","0.00"," "
"15/10/2023 16:00:00","SCA|NO1","mFRR","Local","Down","378.00","0.00"," "
"15/10/2023 17:00:00","SCA|NO1","mFRR","Local","Up","153.00","0.00"," "
"15/10/2023 17:00:00","SCA|NO1","mFRR","Local","Down","418.00","0.00"," "
"15/10/2023 18:00:00","SCA|NO1","mFRR","Local","Up","99.00","0.00"," "
"15/10/2023 18:00:00","SCA|NO1","mFRR","Local","Down","422.00","0.00"," "
"15/10/2023 19:00:00","SCA|NO1","mFRR","Local","Up","89.00","0.00"," "
"15/10/2023 19:00:00","SCA|NO1","mFRR","Local","Down","387.00","0.00"," "
"15/10/2023 20:00:00","SCA|NO1","mFRR","Local","Up","99.00","0.00"," "
"15/10/2023 20:00:00","SCA|NO1","mFRR","Local","Down","373.00","0.00"," "
"15/10/2023 21:00:00","SCA|NO1","mFRR","Local","Up","99.00","0.00"," "
"15/10/2023 21:00:00","SCA|NO1","mFRR","Local","Down","376.00","0.00"," "
"15/10/2023 22:00:00","SCA|NO1","mFRR","Local","Up","116.00","0.00"," "
"15/10/2023 22:00:00","SCA|NO1","mFRR","Local","Down","355.00","0.00"," "
"15/10/2023 23:00:00","SCA|NO1","mFRR","Local","Up","134.00","0.00"," "
"15/10/2023 23:00:00","SCA|NO1","mFRR","Local","Down","317.00","0.00"," "
"16/10/2023 00:00:00","SCA|NO1","mFRR","Local","Up","189.00","0.00"," "
"16/10/2023 00:00:00","SCA|NO1","mFRR","Local","Down","250.00","0.00"," "
"16/10/2023 01:00:00","SCA|NO1","mFRR","Local","Up","197.00","0.00"," "
"16/10/2023 01:00:00","SCA|NO1","mFRR","Local","Down","264.00","0.00"," "
"16/10/2023 02:00:00","SCA|NO1","mFRR","Local","Up","196.00","0.00"," "
"16/10/2023 02:00:00","SCA|NO1","mFRR","Local","Down","263.00","0.00"," "
"16/10/2023 03:00:00","SCA|NO1","mFRR","Local","Up","199.00","0.00"," "
"16/10/2023 03:00:00","SCA|NO1","mFRR","Local","Down","276.00","0.00"," "
"16/10/2023 04:00:00","SCA|NO1","mFRR","Local","Up","184.00","0.00"," "
"16/10/2023 04:00:00","SCA|NO1","mFRR","Local","Down","283.00","0.00"," "
"16/10/2023 05:00:00","SCA|NO1","mFRR","Local","Up","169.00","0.00"," "
"16/10/2023 05:00:00","SCA|NO1","mFRR","Local","Down","221.00","0.00"," "
"16/10/2023 06:00:00","SCA|NO1","mFRR","Local","Up","109.00","0.00"," "
"16/10/2023 06:00:00","SCA|NO1","mFRR","Local","Down","296.00","0.00"," "
"16/10/2023 07:00:00","SCA|NO1","mFRR","Local","Up","109.00","58.50"," "
"16/10/2023 07:00:00","SCA|NO1","mFRR","Local","Down","306.00","0.00"," "
"16/10/2023 08:00:00","SCA|NO1","mFRR","Local","Up","109.00","78.00"," "
"16/10/2023 08:00:00","SCA|NO1","mFRR","Local","Down","305.00","0.00"," "
"16/10/2023 09:00:00","SCA|NO1","mFRR","Local","Up","78.00","78.00"," "
"16/10/2023 09:00:00","SCA|NO1","mFRR","Local","Down","300.00","0.00"," "
"16/10/2023 10:00:00","SCA|NO1","mFRR","Local","Up","78.00","58.50"," "
"16/10/2023 10:00:00","SCA|NO1","mFRR","Local","Down","288.00","0.00"," "
"16/10/2023 11:00:00","SCA|NO1","mFRR","Local","Up","78.00","0.00"," "
"16/10/2023 11:00:00","SCA|NO1","mFRR","Local","Down","261.00","0.00"," "
"16/10/2023 12:00:00","SCA|NO1","mFRR","Local","Up","78.00","0.00"," "
"16/10/2023 12:00:00","SCA|NO1","mFRR","Local","Down","254.00","0.00"," "
"16/10/2023 13:00:00","SCA|NO1","mFRR","Local","Up","78.00","0.00"," "
"16/10/2023 13:00:00","SCA|NO1","mFRR","Local","Down","266.00","0.00"," "
"16/10/2023 14:00:00","SCA|NO1","mFRR","Local","Up","78.00","0.00"," "
"16/10/2023 14:00:00","SCA|NO1","mFRR","Local","Down","277.00","0.00"," "
"16/10/2023 15:00:00","SCA|NO1","mFRR","Local","Up","78.00","0.00"," "
"16/10/2023 15:00:00","SCA|NO1","mFRR","Local","Down","290.00","0.00"," "
"16/10/2023 16:00:00","SCA|NO1","mFRR","Local","Up","78.00","0.00"," "
"16/10/2023 16:00:00","SCA|NO1","mFRR","Local","Down","324.00","0.00"," "
"16/10/2023 17:00:00","SCA|NO1","mFRR","Local","Up","78.00","0.00"," "
"16/10/2023 17:00:00","SCA|NO1","mFRR","Local","Down","330.00","0.00"," "
"16/10/2023 18:00:00","SCA|NO1","mFRR","Local","Up","78.00","0.00"," "
"16/10/2023 18:00:00","SCA|NO1","mFRR","Local","Down","322.00","0.00"," "
"16/10/2023 19:00:00","SCA|NO1","mFRR","Local","Up","78.00","0.00"," "
"16/10/2023 19:00:00","SCA|NO1","mFRR","Local","Down","318.00","0.00"," "
"16/10/2023 20:00:00","SCA|NO1","mFRR","Local","Up","78.00","0.00"," "
"16/10/2023 20:00:00","SCA|NO1","mFRR","Local","Down","309.00","34.50"," "
"16/10/2023 21:00:00","SCA|NO1","mFRR","Local","Up","78.00","0.00"," "
"16/10/2023 21:00:00","SCA|NO1","mFRR","Local","Down","290.00","24.00"," "
"16/10/2023 22:00:00","SCA|NO1","mFRR","Local","Up","78.00","0.00"," "
"16/10/2023 22:00:00","SCA|NO1","mFRR","Local","Down","266.00","0.00"," "
"16/10/2023 23:00:00","SCA|NO1","mFRR","Local","Up","153.00","0.00"," "
"16/10/2023 23:00:00","SCA|NO1","mFRR","Local","Down","266.00","0.00"," "
"17/10/2023 00:00:00","SCA|NO1","mFRR","Local","Up","85.00","0.00"," "
"17/10/2023 00:00:00","SCA|NO1","mFRR","Local","Down","260.00","41.25"," "
"17/10/2023 01:00:00","SCA|NO1","mFRR","Local","Up","117.00","0.00"," "
"17/10/2023 01:00:00","SCA|NO1","mFRR","Local","Down","229.00","39.00"," "
"17/10/2023 02:00:00","SCA|NO1","mFRR","Local","Up","139.00","0.00"," "
"17/10/2023 02:00:00","SCA|NO1","mFRR","Local","Down","245.00","17.00"," "
"17/10/2023 03:00:00","SCA|NO1","mFRR","Local","Up","139.00","0.00"," "
"17/10/2023 03:00:00","SCA|NO1","mFRR","Local","Down","226.00","17.00"," "
"17/10/2023 04:00:00","SCA|NO1","mFRR","Local","Up","139.00","0.00"," "
"17/10/2023 04:00:00","SCA|NO1","mFRR","Local","Down","241.00","31.00"," "
"17/10/2023 05:00:00","SCA|NO1","mFRR","Local","Up","139.00","0.00"," "
"17/10/2023 05:00:00","SCA|NO1","mFRR","Local","Down","255.00","41.00"," "
"17/10/2023 06:00:00","SCA|NO1","mFRR","Local","Up","85.00","0.00"," "
"17/10/2023 06:00:00","SCA|NO1","mFRR","Local","Down","296.00","68.75"," "
"17/10/2023 07:00:00","SCA|NO1","mFRR","Local","Up","149.00","0.00"," "
"17/10/2023 07:00:00","SCA|NO1","mFRR","Local","Down","242.00","0.00"," "
"17/10/2023 08:00:00","SCA|NO1","mFRR","Local","Up","174.00","0.00"," "
"17/10/2023 08:00:00","SCA|NO1","mFRR","Local","Down","224.00","0.00"," "
"17/10/2023 09:00:00","SCA|NO1","mFRR","Local","Up","174.00","0.00"," "
"17/10/2023 09:00:00","SCA|NO1","mFRR","Local","Down","247.00","24.50"," "
"17/10/2023 10:00:00","SCA|NO1","mFRR","Local","Up","174.00","0.00"," "
"17/10/2023 10:00:00","SCA|NO1","mFRR","Local","Down","283.00","52.25"," "
"17/10/2023 11:00:00","SCA|NO1","mFRR","Local","Up","143.00","0.00"," "
"17/10/2023 11:00:00","SCA|NO1","mFRR","Local","Down","264.00","36.50"," "
"17/10/2023 12:00:00","SCA|NO1","mFRR","Local","Up","143.00","0.00"," "
"17/10/2023 12:00:00","SCA|NO1","mFRR","Local","Down","248.00","50.00"," "
"17/10/2023 13:00:00","SCA|NO1","mFRR","Local","Up","175.00","0.00"," "
"17/10/2023 13:00:00","SCA|NO1","mFRR","Local","Down","179.00","31.50"," "
"17/10/2023 14:00:00","SCA|NO1","mFRR","Local","Up","175.00","0.00"," "
"17/10/2023 14:00:00","SCA|NO1","mFRR","Local","Down","181.00","42.00"," "
"17/10/2023 15:00:00","SCA|NO1","mFRR","Local","Up","197.00","0.00"," "
"17/10/2023 15:00:00","SCA|NO1","mFRR","Local","Down","218.00","86.50"," "
"17/10/2023 16:00:00","SCA|NO1","mFRR","Local","Up","197.00","0.00"," "
"17/10/2023 16:00:00","SCA|NO1","mFRR","Local","Down","210.00","55.00"," "
"17/10/2023 17:00:00","SCA|NO1","mFRR","Local","Up","175.00","0.00"," "
"17/10/2023 17:00:00","SCA|NO1","mFRR","Local","Down","217.00","11.00"," "
"17/10/2023 18:00:00","SCA|NO1","mFRR","Local","Up","163.00","0.00"," "
"17/10/2023 18:00:00","SCA|NO1","mFRR","Local","Down","305.00","70.00"," "
"17/10/2023 19:00:00","SCA|NO1","mFRR","Local","Up","174.00","0.00"," "
"17/10/2023 19:00:00","SCA|NO1","mFRR","Local","Down","266.00","24.00"," "
"17/10/2023 20:00:00","SCA|NO1","mFRR","Local","Up","197.00","0.00"," "
"17/10/2023 20:00:00","SCA|NO1","mFRR","Local","Down","241.00","12.00"," "
"17/10/2023 21:00:00","SCA|NO1","mFRR","Local","Up","197.00","0.00"," "
"17/10/2023 21:00:00","SCA|NO1","mFRR","Local","Down","278.00","18.00"," "
"17/10/2023 22:00:00","SCA|NO1","mFRR","Local","Up","197.00","0.00"," "
"17/10/2023 22:00:00","SCA|NO1","mFRR","Local","Down","285.00","41.00"," "
"17/10/2023 23:00:00","SCA|NO1","mFRR","Local","Up","197.00","0.00"," "
"17/10/2023 23:00:00","SCA|NO1","mFRR","Local","Down","277.00","25.00"," "
"18/10/2023 00:00:00","SCA|NO1","mFRR","Local","Up","244.00","0.00"," "
"18/10/2023 00:00:00","SCA|NO1","mFRR","Local","Down","251.00","0.00"," "
"18/10/2023 01:00:00","SCA|NO1","mFRR","Local","Up","272.00","0.00"," "
"18/10/2023 01:00:00","SCA|NO1","mFRR","Local","Down","249.00","0.00"," "
"18/10/2023 02:00:00","SCA|NO1","mFRR","Local","Up","272.00","0.00"," "
"18/10/2023 02:00:00","SCA|NO1","mFRR","Local","Down","252.00","0.00"," "
"18/10/2023 03:00:00","SCA|NO1","mFRR","Local","Up","272.00","0.00"," "
"18/10/2023 03:00:00","SCA|NO1","mFRR","Local","Down","256.00","0.00"," "
"18/10/2023 04:00:00","SCA|NO1","mFRR","Local","Up","290.00","0.00"," "
"18/10/2023 04:00:00","SCA|NO1","mFRR","Local","Down","258.00","0.00"," "
"18/10/2023 05:00:00","SCA|NO1","mFRR","Local","Up","159.00","0.00"," "
"18/10/2023 05:00:00","SCA|NO1","mFRR","Local","Down","331.00","75.00"," "
"18/10/2023 06:00:00","SCA|NO1","mFRR","Local","Up","250.00","0.00"," "
"18/10/2023 06:00:00","SCA|NO1","mFRR","Local","Down","258.00","0.00"," "
"18/10/2023 07:00:00","SCA|NO1","mFRR","Local","Up","58.00","0.00"," "
"18/10/2023 07:00:00","SCA|NO1","mFRR","Local","Down","330.00","0.00"," "
"18/10/2023 08:00:00","SCA|NO1","mFRR","Local","Up","58.00","0.00"," "
"18/10/2023 08:00:00","SCA|NO1","mFRR","Local","Down","358.00","0.00"," "
"18/10/2023 09:00:00","SCA|NO1","mFRR","Local","Up","58.00","0.00"," "
"18/10/2023 09:00:00","SCA|NO1","mFRR","Local","Down","339.00","0.00"," "
"18/10/2023 10:00:00","SCA|NO1","mFRR","Local","Up","58.00","0.00"," "
"18/10/2023 10:00:00","SCA|NO1","mFRR","Local","Down","320.00","0.00"," "
"18/10/2023 11:00:00","SCA|NO1","mFRR","Local","Up","140.00","0.00"," "
"18/10/2023 11:00:00","SCA|NO1","mFRR","Local","Down","241.00","0.00"," "
"18/10/2023 12:00:00","SCA|NO1","mFRR","Local","Up","171.00","0.00"," "
"18/10/2023 12:00:00","SCA|NO1","mFRR","Local","Down","130.00","0.00"," "
"18/10/2023 13:00:00","SCA|NO1","mFRR","Local","Up","186.00","0.00"," "
"18/10/2023 13:00:00","SCA|NO1","mFRR","Local","Down","162.00","0.00"," "
"18/10/2023 14:00:00","SCA|NO1","mFRR","Local","Up","221.00","37.50"," "
"18/10/2023 14:00:00","SCA|NO1","mFRR","Local","Down","125.00","0.00"," "
"18/10/2023 15:00:00","SCA|NO1","mFRR","Local","Up","244.00","12.50"," "
"18/10/2023 15:00:00","SCA|NO1","mFRR","Local","Down","130.00","0.00"," "
"18/10/2023 16:00:00","SCA|NO1","mFRR","Local","Up","244.00","50.00"," "
"18/10/2023 16:00:00","SCA|NO1","mFRR","Local","Down","159.00","0.00"," "
"18/10/2023 17:00:00","SCA|NO1","mFRR","Local","Up","221.00","50.00"," "
"18/10/2023 17:00:00","SCA|NO1","mFRR","Local","Down","159.00","0.00"," "
"18/10/2023 18:00:00","SCA|NO1","mFRR","Local","Up","172.00","0.00"," "
"18/10/2023 18:00:00","SCA|NO1","mFRR","Local","Down","211.00","0.00"," "
"18/10/2023 19:00:00","SCA|NO1","mFRR","Local","Up","244.00","0.00"," "
"18/10/2023 19:00:00","SCA|NO1","mFRR","Local","Down","132.00","0.00"," "
"18/10/2023 20:00:00","SCA|NO1","mFRR","Local","Up","262.00","9.00"," "
"18/10/2023 20:00:00","SCA|NO1","mFRR","Local","Down","142.00","0.00"," "
"18/10/2023 21:00:00","SCA|NO1","mFRR","Local","Up","337.00","0.00"," "
"18/10/2023 21:00:00","SCA|NO1","mFRR","Local","Down","190.00","0.00"," "
"18/10/2023 22:00:00","SCA|NO1","mFRR","Local","Up","379.00","0.00"," "
"18/10/2023 22:00:00","SCA|NO1","mFRR","Local","Down","194.00","47.50"," "
"18/10/2023 23:00:00","SCA|NO1","mFRR","Local","Up","430.00","0.00"," "
"18/10/2023 23:00:00","SCA|NO1","mFRR","Local","Down","188.00","95.00"," "
"19/10/2023 00:00:00","SCA|NO1","mFRR","Local","Up","256.00","0.00"," "
"19/10/2023 00:00:00","SCA|NO1","mFRR","Local","Down","190.00","47.00"," "
"19/10/2023 01:00:00","SCA|NO1","mFRR","Local","Up","256.00","0.00"," "
"19/10/2023 01:00:00","SCA|NO1","mFRR","Local","Down","203.00","48.00"," "
"19/10/2023 02:00:00","SCA|NO1","mFRR","Local","Up","303.00","0.00"," "
"19/10/2023 02:00:00","SCA|NO1","mFRR","Local","Down","166.00","15.00"," "
"19/10/2023 03:00:00","SCA|NO1","mFRR","Local","Up","303.00","0.00"," "
"19/10/2023 03:00:00","SCA|NO1","mFRR","Local","Down","163.00","30.00"," "
"19/10/2023 04:00:00","SCA|NO1","mFRR","Local","Up","256.00","0.00"," "
"19/10/2023 04:00:00","SCA|NO1","mFRR","Local","Down","210.00","48.00"," "
"19/10/2023 05:00:00","SCA|NO1","mFRR","Local","Up","382.00","0.00"," "
"19/10/2023 05:00:00","SCA|NO1","mFRR","Local","Down","209.00","95.00"," "
"19/10/2023 06:00:00","SCA|NO1","mFRR","Local","Up","332.00","0.00"," "
"19/10/2023 06:00:00","SCA|NO1","mFRR","Local","Down","210.00","83.00"," "
"19/10/2023 07:00:00","SCA|NO1","mFRR","Local","Up","353.00","0.00"," "
"19/10/2023 07:00:00","SCA|NO1","mFRR","Local","Down","207.00","11.75"," "
"19/10/2023 08:00:00","SCA|NO1","mFRR","Local","Up","278.00","18.50"," "
"19/10/2023 08:00:00","SCA|NO1","mFRR","Local","Down","234.00","0.00"," "
"19/10/2023 09:00:00","SCA|NO1","mFRR","Local","Up","278.00","66.50"," "
"19/10/2023 09:00:00","SCA|NO1","mFRR","Local","Down","234.00","0.00"," "
"19/10/2023 10:00:00","SCA|NO1","mFRR","Local","Up","241.00","183.00"," "
"19/10/2023 10:00:00","SCA|NO1","mFRR","Local","Down","178.00","0.00"," "
"19/10/2023 11:00:00","SCA|NO1","mFRR","Local","Up","253.00","183.00"," "
"19/10/2023 11:00:00","SCA|NO1","mFRR","Local","Down","164.00","0.00"," "
"19/10/2023 12:00:00","SCA|NO1","mFRR","Local","Up","353.00","218.25"," "
"19/10/2023 12:00:00","SCA|NO1","mFRR","Local","Down","170.00","0.00"," "
"19/10/2023 13:00:00","SCA|NO1","mFRR","Local","Up","353.00","65.00"," "
"19/10/2023 13:00:00","SCA|NO1","mFRR","Local","Down","174.00","0.00"," "
"19/10/2023 14:00:00","SCA|NO1","mFRR","Local","Up","368.00","0.00"," "
"19/10/2023 14:00:00","SCA|NO1","mFRR","Local","Down","172.00","0.00"," "
"19/10/2023 15:00:00","SCA|NO1","mFRR","Local","Up","368.00","0.00"," "
"19/10/2023 15:00:00","SCA|NO1","mFRR","Local","Down","187.00","0.00"," "
"19/10/2023 16:00:00","SCA|NO1","mFRR","Local","Up","368.00","27.75"," "
"19/10/2023 16:00:00","SCA|NO1","mFRR","Local","Down","198.00","0.00"," "
"19/10/2023 17:00:00","SCA|NO1","mFRR","Local","Up","320.00","37.00"," "
"19/10/2023 17:00:00","SCA|NO1","mFRR","Local","Down","215.00","0.00"," "
"19/10/2023 18:00:00","SCA|NO1","mFRR","Local","Up","320.00","177.25"," "
"19/10/2023 18:00:00","SCA|NO1","mFRR","Local","Down","232.00","0.00"," "
"19/10/2023 19:00:00","SCA|NO1","mFRR","Local","Up","368.00","177.25"," "
"19/10/2023 19:00:00","SCA|NO1","mFRR","Local","Down","235.00","0.00"," "
"19/10/2023 20:00:00","SCA|NO1","mFRR","Local","Up","368.00","37.00"," "
"19/10/2023 20:00:00","SCA|NO1","mFRR","Local","Down","230.00","0.00"," "
"19/10/2023 21:00:00","SCA|NO1","mFRR","Local","Up","368.00","27.75"," "
"19/10/2023 21:00:00","SCA|NO1","mFRR","Local","Down","241.00","0.00"," "
"19/10/2023 22:00:00","SCA|NO1","mFRR","Local","Up","353.00","0.00"," "
"19/10/2023 22:00:00","SCA|NO1","mFRR","Local","Down","240.00","0.00"," "
"19/10/2023 23:00:00","SCA|NO1","mFRR","Local","Up","367.00","0.00"," "
"19/10/2023 23:00:00","SCA|NO1","mFRR","Local","Down","243.00","0.00"," "
"20/10/2023 00:00:00","SCA|NO1","mFRR","Local","Up","379.00","0.00"," "
"20/10/2023 00:00:00","SCA|NO1","mFRR","Local","Down","178.00","0.00"," "
"20/10/2023 01:00:00","SCA|NO1","mFRR","Local","Up","379.00","0.00"," "
"20/10/2023 01:00:00","SCA|NO1","mFRR","Local","Down","219.00","0.00"," "
"20/10/2023 02:00:00","SCA|NO1","mFRR","Local","Up","394.00","0.00"," "
"20/10/2023 02:00:00","SCA|NO1","mFRR","Local","Down","192.00","0.00"," "
"20/10/2023 03:00:00","SCA|NO1","mFRR","Local","Up","394.00","0.00"," "
"20/10/2023 03:00:00","SCA|NO1","mFRR","Local","Down","189.00","0.00"," "
"20/10/2023 04:00:00","SCA|NO1","mFRR","Local","Up","394.00","0.00"," "
"20/10/2023 04:00:00","SCA|NO1","mFRR","Local","Down","183.00","0.00"," "
"20/10/2023 05:00:00","SCA|NO1","mFRR","Local","Up","379.00","0.00"," "
"20/10/2023 05:00:00","SCA|NO1","mFRR","Local","Down","187.00","0.00"," "
"20/10/2023 06:00:00","SCA|NO1","mFRR","Local","Up","347.00","11.75"," "
"20/10/2023 06:00:00","SCA|NO1","mFRR","Local","Down","288.00","0.00"," "
"20/10/2023 07:00:00","SCA|NO1","mFRR","Local","Up","244.00","98.50"," "
"20/10/2023 07:00:00","SCA|NO1","mFRR","Local","Down","344.00","0.00"," "
"20/10/2023 08:00:00","SCA|NO1","mFRR","Local","Up","211.00","110.00"," "
"20/10/2023 08:00:00","SCA|NO1","mFRR","Local","Down","361.00","0.00"," "
"20/10/2023 09:00:00","SCA|NO1","mFRR","Local","Up","200.00","0.00"," "
"20/10/2023 09:00:00","SCA|NO1","mFRR","Local","Down","362.00","0.00"," "
"20/10/2023 10:00:00","SCA|NO1","mFRR","Local","Up","200.00","76.75"," "
"20/10/2023 10:00:00","SCA|NO1","mFRR","Local","Down","363.00","0.00"," "
"20/10/2023 11:00:00","SCA|NO1","mFRR","Local","Up","200.00","99.00"," "
"20/10/2023 11:00:00","SCA|NO1","mFRR","Local","Down","362.00","0.00"," "
"20/10/2023 12:00:00","SCA|NO1","mFRR","Local","Up","161.00","11.75"," "
"20/10/2023 12:00:00","SCA|NO1","mFRR","Local","Down","342.00","0.00"," "
"20/10/2023 13:00:00","SCA|NO1","mFRR","Local","Up","161.00","0.00"," "
"20/10/2023 13:00:00","SCA|NO1","mFRR","Local","Down","333.00","0.00"," "
"20/10/2023 14:00:00","SCA|NO1","mFRR","Local","Up","193.00","22.00"," "
"20/10/2023 14:00:00","SCA|NO1","mFRR","Local","Down","341.00","0.00"," "
"20/10/2023 15:00:00","SCA|NO1","mFRR","Local","Up","215.00","11.00"," "
"20/10/2023 15:00:00","SCA|NO1","mFRR","Local","Down","311.00","0.00"," "
"20/10/2023 16:00:00","SCA|NO1","mFRR","Local","Up","215.00","0.00"," "
"20/10/2023 16:00:00","SCA|NO1","mFRR","Local","Down","311.00","0.00"," "
"20/10/2023 17:00:00","SCA|NO1","mFRR","Local","Up","215.00","0.00"," "
"20/10/2023 17:00:00","SCA|NO1","mFRR","Local","Down","312.00","0.00"," "
"20/10/2023 18:00:00","SCA|NO1","mFRR","Local","Up","205.00","0.00"," "
"20/10/2023 18:00:00","SCA|NO1","mFRR","Local","Down","314.00","0.00"," "
"20/10/2023 19:00:00","SCA|NO1","mFRR","Local","Up","215.00","0.00"," "
"20/10/2023 19:00:00","SCA|NO1","mFRR","Local","Down","312.00","0.00"," "
"20/10/2023 20:00:00","SCA|NO1","mFRR","Local","Up","215.00","0.00"," "
"20/10/2023 20:00:00","SCA|NO1","mFRR","Local","Down","311.00","0.00"," "
"20/10/2023 21:00:00","SCA|NO1","mFRR","Local","Up","215.00","0.00"," "
"20/10/2023 21:00:00","SCA|NO1","mFRR","Local","Down","305.00","0.00"," "
"20/10/2023 22:00:00","SCA|NO1","mFRR","Local","Up","215.00","0.00"," "
"20/10/2023 22:00:00","SCA|NO1","mFRR","Local","Down","305.00","0.00"," "
"20/10/2023 23:00:00","SCA|NO1","mFRR","Local","Up","233.00","0.00"," "
"20/10/2023 23:00:00","SCA|NO1","mFRR","Local","Down","282.00","0.00"," "
"21/10/2023 00:00:00","SCA|NO1","mFRR","Local","Up","391.00","0.00"," "
"21/10/2023 00:00:00","SCA|NO1","mFRR","Local","Down","177.00","0.00"," "
"21/10/2023 01:00:00","SCA|NO1","mFRR","Local","Up","305.00","0.00"," "
"21/10/2023 01:00:00","SCA|NO1","mFRR","Local","Down","277.00","0.00"," "
"21/10/2023 02:00:00","SCA|NO1","mFRR","Local","Up","305.00","0.00"," "
"21/10/2023 02:00:00","SCA|NO1","mFRR","Local","Down","276.00","0.00"," "
"21/10/2023 03:00:00","SCA|NO1","mFRR","Local","Up","341.00","0.00"," "
"21/10/2023 03:00:00","SCA|NO1","mFRR","Local","Down","246.00","0.00"," "
"21/10/2023 04:00:00","SCA|NO1","mFRR","Local","Up","305.00","0.00"," "
"21/10/2023 04:00:00","SCA|NO1","mFRR","Local","Down","279.00","0.00"," "
"21/10/2023 05:00:00","SCA|NO1","mFRR","Local","Up","305.00","0.00"," "
"21/10/2023 05:00:00","SCA|NO1","mFRR","Local","Down","283.00","0.00"," "
"21/10/2023 06:00:00","SCA|NO1","mFRR","Local","Up","329.00","0.00"," "
"21/10/2023 06:00:00","SCA|NO1","mFRR","Local","Down","233.00","0.00"," "
"21/10/2023 07:00:00","SCA|NO1","mFRR","Local","Up","352.00","0.00"," "
"21/10/2023 07:00:00","SCA|NO1","mFRR","Local","Down","238.00","11.50"," "
"21/10/2023 08:00:00","SCA|NO1","mFRR","Local","Up","233.00","0.00"," "
"21/10/2023 08:00:00","SCA|NO1","mFRR","Local","Down","407.00","23.00"," "
"21/10/2023 09:00:00","SCA|NO1","mFRR","Local","Up","336.00","0.00"," "
"21/10/2023 09:00:00","SCA|NO1","mFRR","Local","Down","296.00","17.25"," "
"21/10/2023 10:00:00","SCA|NO1","mFRR","Local","Up","380.00","0.00"," "
"21/10/2023 10:00:00","SCA|NO1","mFRR","Local","Down","221.00","0.00"," "
"21/10/2023 11:00:00","SCA|NO1","mFRR","Local","Up","364.00","0.00"," "
"21/10/2023 11:00:00","SCA|NO1","mFRR","Local","Down","199.00","0.00"," "
"21/10/2023 12:00:00","SCA|NO1","mFRR","Local","Up","548.00","0.00"," "
"21/10/2023 12:00:00","SCA|NO1","mFRR","Local","Down","178.00","0.00"," "
"21/10/2023 13:00:00","SCA|NO1","mFRR","Local","Up","571.00","0.00"," "
"21/10/2023 13:00:00","SCA|NO1","mFRR","Local","Down","179.00","0.00"," "
"21/10/2023 14:00:00","SCA|NO1","mFRR","Local","Up","354.00","0.00"," "
"21/10/2023 14:00:00","SCA|NO1","mFRR","Local","Down","211.00","0.00"," "
"21/10/2023 15:00:00","SCA|NO1","mFRR","Local","Up","396.00","0.00"," "
"21/10/2023 15:00:00","SCA|NO1","mFRR","Local","Down","191.00","0.00"," "
"21/10/2023 16:00:00","SCA|NO1","mFRR","Local","Up","302.00","0.00"," "
"21/10/2023 16:00:00","SCA|NO1","mFRR","Local","Down","260.00","0.00"," "
"21/10/2023 17:00:00","SCA|NO1","mFRR","Local","Up","159.00","0.00"," "
"21/10/2023 17:00:00","SCA|NO1","mFRR","Local","Down","390.00","0.00"," "
"21/10/2023 18:00:00","SCA|NO1","mFRR","Local","Up","157.00","7.50"," "
"21/10/2023 18:00:00","SCA|NO1","mFRR","Local","Down","337.00","0.00"," "
"21/10/2023 19:00:00","SCA|NO1","mFRR","Local","Up","140.00","35.00"," "
"21/10/2023 19:00:00","SCA|NO1","mFRR","Local","Down","350.00","0.00"," "
"21/10/2023 20:00:00","SCA|NO1","mFRR","Local","Up","207.00","171.00"," "
"21/10/2023 20:00:00","SCA|NO1","mFRR","Local","Down","365.00","0.00"," "
"21/10/2023 21:00:00","SCA|NO1","mFRR","Local","Up","207.00","147.50"," "
"21/10/2023 21:00:00","SCA|NO1","mFRR","Local","Down","350.00","0.00"," "
"21/10/2023 22:00:00","SCA|NO1","mFRR","Local","Up","171.00","0.00"," "
"21/10/2023 22:00:00","SCA|NO1","mFRR","Local","Down","350.00","0.00"," "
"21/10/2023 23:00:00","SCA|NO1","mFRR","Local","Up","295.00","44.50"," "
"21/10/2023 23:00:00","SCA|NO1","mFRR","Local","Down","291.00","0.00"," "
"22/10/2023 00:00:00","SCA|NO1","mFRR","Local","Up","323.00","0.00"," "
"22/10/2023 00:00:00","SCA|NO1","mFRR","Local","Down","281.00","0.00"," "
"22/10/2023 01:00:00","SCA|NO1","mFRR","Local","Up","388.00","0.00"," "
"22/10/2023 01:00:00","SCA|NO1","mFRR","Local","Down","236.00","0.00"," "
"22/10/2023 02:00:00","SCA|NO1","mFRR","Local","Up","639.00","135.50"," "
"22/10/2023 02:00:00","SCA|NO1","mFRR","Local","Down","171.00","0.00"," "
"22/10/2023 03:00:00","SCA|NO1","mFRR","Local","Up","661.00","169.25"," "
"22/10/2023 03:00:00","SCA|NO1","mFRR","Local","Down","141.00","0.00"," "
"22/10/2023 04:00:00","SCA|NO1","mFRR","Local","Up","674.00","58.00"," "
"22/10/2023 04:00:00","SCA|NO1","mFRR","Local","Down","129.00","0.00"," "
"22/10/2023 05:00:00","SCA|NO1","mFRR","Local","Up","281.00","0.00"," "
"22/10/2023 05:00:00","SCA|NO1","mFRR","Local","Down","235.00","0.00"," "
"22/10/2023 06:00:00","SCA|NO1","mFRR","Local","Up","290.00","0.00"," "
"22/10/2023 06:00:00","SCA|NO1","mFRR","Local","Down","218.00","0.00"," "
"22/10/2023 07:00:00","SCA|NO1","mFRR","Local","Up","209.00","0.00"," "
"22/10/2023 07:00:00","SCA|NO1","mFRR","Local","Down","218.00","0.00"," "
"22/10/2023 08:00:00","SCA|NO1","mFRR","Local","Up","215.00","0.00"," "
"22/10/2023 08:00:00","SCA|NO1","mFRR","Local","Down","173.00","0.00"," "
"22/10/2023 09:00:00","SCA|NO1","mFRR","Local","Up","269.00","0.00"," "
"22/10/2023 09:00:00","SCA|NO1","mFRR","Local","Down","132.00","0.00"," "
"22/10/2023 10:00:00","SCA|NO1","mFRR","Local","Up","221.00","69.00"," "
"22/10/2023 10:00:00","SCA|NO1","mFRR","Local","Down","167.00","0.00"," "
"22/10/2023 11:00:00","SCA|NO1","mFRR","Local","Up","163.00","80.00"," "
"22/10/2023 11:00:00","SCA|NO1","mFRR","Local","Down","179.00","0.00"," "
"22/10/2023 12:00:00","SCA|NO1","mFRR","Local","Up","239.00","226.00"," "
"22/10/2023 12:00:00","SCA|NO1","mFRR","Local","Down","306.00","0.00"," "
"22/10/2023 13:00:00","SCA|NO1","mFRR","Local","Up","260.00","0.00"," "
"22/10/2023 13:00:00","SCA|NO1","mFRR","Local","Down","294.00","0.00"," "
"22/10/2023 14:00:00","SCA|NO1","mFRR","Local","Up","253.00","0.00"," "
"22/10/2023 14:00:00","SCA|NO1","mFRR","Local","Down","291.00","0.00"," "
"22/10/2023 15:00:00","SCA|NO1","mFRR","Local","Up","240.00","209.50"," "
"22/10/2023 15:00:00","SCA|NO1","mFRR","Local","Down","306.00","0.00"," "
"22/10/2023 16:00:00","SCA|NO1","mFRR","Local","Up","227.00","144.00"," "
"22/10/2023 16:00:00","SCA|NO1","mFRR","Local","Down","304.00","0.00"," "
"22/10/2023 17:00:00","SCA|NO1","mFRR","Local","Up","118.00","70.00"," "
"22/10/2023 17:00:00","SCA|NO1","mFRR","Local","Down","305.00","0.00"," "
"22/10/2023 18:00:00","SCA|NO1","mFRR","Local","Up","82.00","78.75"," "
"22/10/2023 18:00:00","SCA|NO1","mFRR","Local","Down","342.00","0.00"," "
"22/10/2023 19:00:00","SCA|NO1","mFRR","Local","Up","82.00","82.00"," "
"22/10/2023 19:00:00","SCA|NO1","mFRR","Local","Down","316.00","0.00"," "
"22/10/2023 20:00:00","SCA|NO1","mFRR","Local","Up","82.00","72.25"," "
"22/10/2023 20:00:00","SCA|NO1","mFRR","Local","Down","315.00","0.00"," "
"22/10/2023 21:00:00","SCA|NO1","mFRR","Local","Up","77.00","12.75"," "
"22/10/2023 21:00:00","SCA|NO1","mFRR","Local","Down","305.00","0.00"," "
"22/10/2023 22:00:00","SCA|NO1","mFRR","Local","Up","82.00","0.00"," "
"22/10/2023 22:00:00","SCA|NO1","mFRR","Local","Down","305.00","0.00"," "
"22/10/2023 23:00:00","SCA|NO1","mFRR","Local","Up","82.00","0.00"," "
"22/10/2023 23:00:00","SCA|NO1","mFRR","Local","Down","305.00","0.00"," "
"23/10/2023 00:00:00","SCA|NO1","mFRR","Local","Up","113.00","0.00"," "
"23/10/2023 00:00:00","SCA|NO1","mFRR","Local","Down","401.00","138.25"," "
"23/10/2023 01:00:00","SCA|NO1","mFRR","Local","Up","124.00","0.00"," "
"23/10/2023 01:00:00","SCA|NO1","mFRR","Local","Down","401.00","247.00"," "
"23/10/2023 02:00:00","SCA|NO1","mFRR","Local","Up","124.00","0.00"," "
"23/10/2023 02:00:00","SCA|NO1","mFRR","Local","Down","401.00","247.00"," "
"23/10/2023 03:00:00","SCA|NO1","mFRR","Local","Up","124.00","0.00"," "
"23/10/2023 03:00:00","SCA|NO1","mFRR","Local","Down","401.00","247.00"," "
"23/10/2023 04:00:00","SCA|NO1","mFRR","Local","Up","124.00","0.00"," "
"23/10/2023 04:00:00","SCA|NO1","mFRR","Local","Down","401.00","225.00"," "
"23/10/2023 05:00:00","SCA|NO1","mFRR","Local","Up","133.00","0.00"," "
"23/10/2023 05:00:00","SCA|NO1","mFRR","Local","Down","372.00","184.00"," "
"23/10/2023 06:00:00","SCA|NO1","mFRR","Local","Up","35.00","0.00"," "
"23/10/2023 06:00:00","SCA|NO1","mFRR","Local","Down","369.00","111.00"," "
"23/10/2023 07:00:00","SCA|NO1","mFRR","Local","Up","30.00","0.00"," "
"23/10/2023 07:00:00","SCA|NO1","mFRR","Local","Down","428.00","0.00"," "
"23/10/2023 08:00:00","SCA|NO1","mFRR","Local","Up","30.00","0.00"," "
"23/10/2023 08:00:00","SCA|NO1","mFRR","Local","Down","413.00","0.00"," "
"23/10/2023 09:00:00","SCA|NO1","mFRR","Local","Up","30.00","0.00"," "
"23/10/2023 09:00:00","SCA|NO1","mFRR","Local","Down","435.00","0.00"," "
"23/10/2023 10:00:00","SCA|NO1","mFRR","Local","Up","30.00","0.00"," "
"23/10/2023 10:00:00","SCA|NO1","mFRR","Local","Down","421.00","0.00"," "
"23/10/2023 11:00:00","SCA|NO1","mFRR","Local","Up","30.00","0.00"," "
"23/10/2023 11:00:00","SCA|NO1","mFRR","Local","Down","392.00","0.00"," "
"23/10/2023 12:00:00","SCA|NO1","mFRR","Local","Up","30.00","0.00"," "
"23/10/2023 12:00:00","SCA|NO1","mFRR","Local","Down","352.00","0.00"," "
"23/10/2023 13:00:00","SCA|NO1","mFRR","Local","Up","30.00","0.00"," "
"23/10/2023 13:00:00","SCA|NO1","mFRR","Local","Down","442.00","0.00"," "
"23/10/2023 14:00:00","SCA|NO1","mFRR","Local","Up","30.00","0.00"," "
"23/10/2023 14:00:00","SCA|NO1","mFRR","Local","Down","367.00","0.00"," "
"23/10/2023 15:00:00","SCA|NO1","mFRR","Local","Up","30.00","0.00"," "
"23/10/2023 15:00:00","SCA|NO1","mFRR","Local","Down","405.00","0.00"," "
"23/10/2023 16:00:00","SCA|NO1","mFRR","Local","Up","30.00","0.00"," "
"23/10/2023 16:00:00","SCA|NO1","mFRR","Local","Down","420.00","0.00"," "
"23/10/2023 17:00:00","SCA|NO1","mFRR","Local","Up","30.00","0.00"," "
"23/10/2023 17:00:00","SCA|NO1","mFRR","Local","Down","351.00","102.00"," "
"23/10/2023 18:00:00","SCA|NO1","mFRR","Local","Up","30.00","0.00"," "
"23/10/2023 18:00:00","SCA|NO1","mFRR","Local","Down","407.00","31.75"," "
"23/10/2023 19:00:00","SCA|NO1","mFRR","Local","Up","30.00","0.00"," "
"23/10/2023 19:00:00","SCA|NO1","mFRR","Local","Down","397.00","76.00"," "
"23/10/2023 20:00:00","SCA|NO1","mFRR","Local","Up","58.00","0.00"," "
"23/10/2023 20:00:00","SCA|NO1","mFRR","Local","Down","295.00","57.00"," "
"23/10/2023 21:00:00","SCA|NO1","mFRR","Local","Up","58.00","0.00"," "
"23/10/2023 21:00:00","SCA|NO1","mFRR","Local","Down","296.00","101.00"," "
"23/10/2023 22:00:00","SCA|NO1","mFRR","Local","Up","58.00","0.00"," "
"23/10/2023 22:00:00","SCA|NO1","mFRR","Local","Down","387.00","67.00"," "
"23/10/2023 23:00:00","SCA|NO1","mFRR","Local","Up","125.00","0.00"," "
"23/10/2023 23:00:00","SCA|NO1","mFRR","Local","Down","387.00","72.50"," "
"24/10/2023 00:00:00","SCA|NO1","mFRR","Local","Up","185.00","0.00"," "
"24/10/2023 00:00:00","SCA|NO1","mFRR","Local","Down","318.00","44.00"," "
"24/10/2023 01:00:00","SCA|NO1","mFRR","Local","Up","194.00","0.00"," "
"24/10/2023 01:00:00","SCA|NO1","mFRR","Local","Down","315.00","22.00"," "
"24/10/2023 02:00:00","SCA|NO1","mFRR","Local","Up","194.00","0.00"," "
"24/10/2023 02:00:00","SCA|NO1","mFRR","Local","Down","313.00","54.00"," "
"24/10/2023 03:00:00","SCA|NO1","mFRR","Local","Up","287.00","0.00"," "
"24/10/2023 03:00:00","SCA|NO1","mFRR","Local","Down","244.00","0.00"," "
"24/10/2023 04:00:00","SCA|NO1","mFRR","Local","Up","312.00","0.00"," "
"24/10/2023 04:00:00","SCA|NO1","mFRR","Local","Down","219.00","0.00"," "
"24/10/2023 05:00:00","SCA|NO1","mFRR","Local","Up","295.00","0.00"," "
"24/10/2023 05:00:00","SCA|NO1","mFRR","Local","Down","221.00","0.00"," "
"24/10/2023 06:00:00","SCA|NO1","mFRR","Local","Up","192.00","0.00"," "
"24/10/2023 06:00:00","SCA|NO1","mFRR","Local","Down","235.00","0.00"," "
"24/10/2023 07:00:00","SCA|NO1","mFRR","Local","Up","76.00","0.00"," "
"24/10/2023 07:00:00","SCA|NO1","mFRR","Local","Down","353.00","115.00"," "
"24/10/2023 08:00:00","SCA|NO1","mFRR","Local","Up","51.00","0.00"," "
"24/10/2023 08:00:00","SCA|NO1","mFRR","Local","Down","373.00","135.00"," "
"24/10/2023 09:00:00","SCA|NO1","mFRR","Local","Up","56.00","0.00"," "
"24/10/2023 09:00:00","SCA|NO1","mFRR","Local","Down","335.00","131.00"," "
"24/10/2023 10:00:00","SCA|NO1","mFRR","Local","Up","175.00","0.00"," "
"24/10/2023 10:00:00","SCA|NO1","mFRR","Local","Down","191.00","30.00"," "
"24/10/2023 11:00:00","SCA|NO1","mFRR","Local","Up","194.00","0.00"," "
"24/10/2023 11:00:00","SCA|NO1","mFRR","Local","Down","191.00","30.00"," "
"24/10/2023 12:00:00","SCA|NO1","mFRR","Local","Up","287.00","0.00"," "
"24/10/2023 12:00:00","SCA|NO1","mFRR","Local","Down","168.00","30.00"," "
"24/10/2023 13:00:00","SCA|NO1","mFRR","Local","Up","271.00","0.00"," "
"24/10/2023 13:00:00","SCA|NO1","mFRR","Local","Down","189.00","0.00"," "
"24/10/2023 14:00:00","SCA|NO1","mFRR","Local","Up","287.00","0.00"," "
"24/10/2023 14:00:00","SCA|NO1","mFRR","Local","Down","168.00","22.50"," "
"24/10/2023 15:00:00","SCA|NO1","mFRR","Local","Up","241.00","0.00"," "
"24/10/2023 15:00:00","SCA|NO1","mFRR","Local","Down","215.00","30.00"," "
"24/10/2023 16:00:00","SCA|NO1","mFRR","Local","Up","257.00","0.00"," "
"24/10/2023 16:00:00","SCA|NO1","mFRR","Local","Down","176.00","48.00"," "
"24/10/2023 17:00:00","SCA|NO1","mFRR","Local","Up","231.00","0.00"," "
"24/10/2023 17:00:00","SCA|NO1","mFRR","Local","Down","219.00","30.00"," "
"24/10/2023 18:00:00","SCA|NO1","mFRR","Local","Up","241.00","0.00"," "
"24/10/2023 18:00:00","SCA|NO1","mFRR","Local","Down","228.00","30.00"," "
"24/10/2023 19:00:00","SCA|NO1","mFRR","Local","Up","271.00","0.00"," "
"24/10/2023 19:00:00","SCA|NO1","mFRR","Local","Down","188.00","0.00"," "
"24/10/2023 20:00:00","SCA|NO1","mFRR","Local","Up","290.00","0.00"," "
"24/10/2023 20:00:00","SCA|NO1","mFRR","Local","Down","175.00","14.00"," "
"24/10/2023 21:00:00","SCA|NO1","mFRR","Local","Up","316.00","0.00"," "
"24/10/2023 21:00:00","SCA|NO1","mFRR","Local","Down","138.00","0.00"," "
"24/10/2023 22:00:00","SCA|NO1","mFRR","Local","Up","261.00","0.00"," "
"24/10/2023 22:00:00","SCA|NO1","mFRR","Local","Down","233.00","0.00"," "
"24/10/2023 23:00:00","SCA|NO1","mFRR","Local","Up","249.00","0.00"," "
"24/10/2023 23:00:00","SCA|NO1","mFRR","Local","Down","239.00","0.00"," "
"25/10/2023 00:00:00","SCA|NO1","mFRR","Local","Up","368.00","0.00"," "
"25/10/2023 00:00:00","SCA|NO1","mFRR","Local","Down","98.00","0.00"," "
"25/10/2023 01:00:00","SCA|NO1","mFRR","Local","Up","370.00","0.00"," "
"25/10/2023 01:00:00","SCA|NO1","mFRR","Local","Down","81.00","0.00"," "
"25/10/2023 02:00:00","SCA|NO1","mFRR","Local","Up","378.00","0.00"," "
"25/10/2023 02:00:00","SCA|NO1","mFRR","Local","Down","69.00","0.00"," "
"25/10/2023 03:00:00","SCA|NO1","mFRR","Local","Up","372.00","0.00"," "
"25/10/2023 03:00:00","SCA|NO1","mFRR","Local","Down","69.00","0.00"," "
"25/10/2023 04:00:00","SCA|NO1","mFRR","Local","Up","370.00","0.00"," "
"25/10/2023 04:00:00","SCA|NO1","mFRR","Local","Down","81.00","0.00"," "
"25/10/2023 05:00:00","SCA|NO1","mFRR","Local","Up","388.00","0.00"," "
"25/10/2023 05:00:00","SCA|NO1","mFRR","Local","Down","73.00","0.00"," "
"25/10/2023 06:00:00","SCA|NO1","mFRR","Local","Up","350.00","0.00"," "
"25/10/2023 06:00:00","SCA|NO1","mFRR","Local","Down","125.00","0.00"," "
"25/10/2023 07:00:00","SCA|NO1","mFRR","Local","Up","213.00","213.00"," "
"25/10/2023 07:00:00","SCA|NO1","mFRR","Local","Down","174.00","0.00"," "
"25/10/2023 08:00:00","SCA|NO1","mFRR","Local","Up","105.00","47.00"," "
"25/10/2023 08:00:00","SCA|NO1","mFRR","Local","Down","324.00","0.00"," "
"25/10/2023 09:00:00","SCA|NO1","mFRR","Local","Up","83.00","22.50"," "
"25/10/2023 09:00:00","SCA|NO1","mFRR","Local","Down","344.00","0.00"," "
"25/10/2023 10:00:00","SCA|NO1","mFRR","Local","Up","30.00","0.00"," "
"25/10/2023 10:00:00","SCA|NO1","mFRR","Local","Down","356.00","0.00"," "
"25/10/2023 11:00:00","SCA|NO1","mFRR","Local","Up","30.00","0.00"," "
"25/10/2023 11:00:00","SCA|NO1","mFRR","Local","Down","299.00","0.00"," "
"25/10/2023 12:00:00","SCA|NO1","mFRR","Local","Up","118.00","0.00"," "
"25/10/2023 12:00:00","SCA|NO1","mFRR","Local","Down","308.00","0.00"," "
"25/10/2023 13:00:00","SCA|NO1","mFRR","Local","Up","118.00","0.00"," "
"25/10/2023 13:00:00","SCA|NO1","mFRR","Local","Down","305.00","0.00"," "
"25/10/2023 14:00:00","SCA|NO1","mFRR","Local","Up","118.00","0.00"," "
"25/10/2023 14:00:00","SCA|NO1","mFRR","Local","Down","273.00","0.00"," "
"25/10/2023 15:00:00","SCA|NO1","mFRR","Local","Up","162.00","0.00"," "
"25/10/2023 15:00:00","SCA|NO1","mFRR","Local","Down","266.00","0.00"," "
"25/10/2023 16:00:00","SCA|NO1","mFRR","Local","Up","78.00","0.00"," "
"25/10/2023 16:00:00","SCA|NO1","mFRR","Local","Down","341.00","0.00"," "
"25/10/2023 17:00:00","SCA|NO1","mFRR","Local","Up","105.00","0.00"," "
"25/10/2023 17:00:00","SCA|NO1","mFRR","Local","Down","327.00","0.00"," "
"25/10/2023 18:00:00","SCA|NO1","mFRR","Local","Up","134.00","0.00"," "
"25/10/2023 18:00:00","SCA|NO1","mFRR","Local","Down","261.00","0.00"," "
"25/10/2023 19:00:00","SCA|NO1","mFRR","Local","Up","169.00","0.00"," "
"25/10/2023 19:00:00","SCA|NO1","mFRR","Local","Down","180.00","0.00"," "
"25/10/2023 20:00:00","SCA|NO1","mFRR","Local","Up","160.00","0.00"," "
"25/10/2023 20:00:00","SCA|NO1","mFRR","Local","Down","253.00","0.00"," "
"25/10/2023 21:00:00","SCA|NO1","mFRR","Local","Up","104.00","0.00"," "
"25/10/2023 21:00:00","SCA|NO1","mFRR","Local","Down","320.00","0.00"," "
"25/10/2023 22:00:00","SCA|NO1","mFRR","Local","Up","134.00","0.00"," "
"25/10/2023 22:00:00","SCA|NO1","mFRR","Local","Down","269.00","0.00"," "
"25/10/2023 23:00:00","SCA|NO1","mFRR","Local","Up","264.00","0.00"," "
"25/10/2023 23:00:00","SCA|NO1","mFRR","Local","Down","119.00","16.50"," "
"26/10/2023 00:00:00","SCA|NO1","mFRR","Local","Up","530.00","0.00"," "
"26/10/2023 00:00:00","SCA|NO1","mFRR","Local","Down","83.00","0.00"," "
"26/10/2023 01:00:00","SCA|NO1","mFRR","Local","Up","570.00","0.00"," "
"26/10/2023 01:00:00","SCA|NO1","mFRR","Local","Down","77.00","0.00"," "
"26/10/2023 02:00:00","SCA|NO1","mFRR","Local","Up","570.00","0.00"," "
"26/10/2023 02:00:00","SCA|NO1","mFRR","Local","Down","77.00","0.00"," "
"26/10/2023 03:00:00","SCA|NO1","mFRR","Local","Up","570.00","0.00"," "
"26/10/2023 03:00:00","SCA|NO1","mFRR","Local","Down","77.00","0.00"," "
"26/10/2023 04:00:00","SCA|NO1","mFRR","Local","Up","560.00","0.00"," "
"26/10/2023 04:00:00","SCA|NO1","mFRR","Local","Down","77.00","0.00"," "
"26/10/2023 05:00:00","SCA|NO1","mFRR","Local","Up","546.00","0.00"," "
"26/10/2023 05:00:00","SCA|NO1","mFRR","Local","Down","77.00","0.00"," "
"26/10/2023 06:00:00","SCA|NO1","mFRR","Local","Up","500.00","0.00"," "
"26/10/2023 06:00:00","SCA|NO1","mFRR","Local","Down","77.00","0.00"," "
"26/10/2023 07:00:00","SCA|NO1","mFRR","Local","Up","290.00","0.00"," "
"26/10/2023 07:00:00","SCA|NO1","mFRR","Local","Down","222.00","0.00"," "
"26/10/2023 08:00:00","SCA|NO1","mFRR","Local","Up","305.00","0.00"," "
"26/10/2023 08:00:00","SCA|NO1","mFRR","Local","Down","227.00","0.00"," "
"26/10/2023 09:00:00","SCA|NO1","mFRR","Local","Up","314.00","50.50"," "
"26/10/2023 09:00:00","SCA|NO1","mFRR","Local","Down","176.00","0.00"," "
"26/10/2023 10:00:00","SCA|NO1","mFRR","Local","Up","291.00","78.00"," "
"26/10/2023 10:00:00","SCA|NO1","mFRR","Local","Down","218.00","0.00"," "
"26/10/2023 11:00:00","SCA|NO1","mFRR","Local","Up","238.00","115.00"," "
"26/10/2023 11:00:00","SCA|NO1","mFRR","Local","Down","217.00","0.00"," "
"26/10/2023 12:00:00","SCA|NO1","mFRR","Local","Up","193.00","70.00"," "
"26/10/2023 12:00:00","SCA|NO1","mFRR","Local","Down","271.00","0.00"," "
"26/10/2023 13:00:00","SCA|NO1","mFRR","Local","Up","233.00","21.50"," "
"26/10/2023 13:00:00","SCA|NO1","mFRR","Local","Down","301.00","0.00"," "
"26/10/2023 14:00:00","SCA|NO1","mFRR","Local","Up","324.00","0.00"," "
"26/10/2023 14:00:00","SCA|NO1","mFRR","Local","Down","225.00","0.00"," "
"26/10/2023 15:00:00","SCA|NO1","mFRR","Local","Up","223.00","223.00"," "
"26/10/2023 15:00:00","SCA|NO1","mFRR","Local","Down","329.00","0.00"," "
"26/10/2023 16:00:00","SCA|NO1","mFRR","Local","Up","223.00","223.00"," "
"26/10/2023 16:00:00","SCA|NO1","mFRR","Local","Down","329.00","0.00"," "
"26/10/2023 17:00:00","SCA|NO1","mFRR","Local","Up","33.00","33.00"," "
"26/10/2023 17:00:00","SCA|NO1","mFRR","Local","Down","359.00","0.00"," "
"26/10/2023 18:00:00","SCA|NO1","mFRR","Local","Up","91.00","91.00"," "
"26/10/2023 18:00:00","SCA|NO1","mFRR","Local","Down","244.00","0.00"," "
"26/10/2023 19:00:00","SCA|NO1","mFRR","Local","Up","222.00","222.00"," "
"26/10/2023 19:00:00","SCA|NO1","mFRR","Local","Down","196.00","0.00"," "
"26/10/2023 20:00:00","SCA|NO1","mFRR","Local","Up","231.00","222.75"," "
"26/10/2023 20:00:00","SCA|NO1","mFRR","Local","Down","219.00","0.00"," "
"26/10/2023 21:00:00","SCA|NO1","mFRR","Local","Up","333.00","132.00"," "
"26/10/2023 21:00:00","SCA|NO1","mFRR","Local","Down","210.00","0.00"," "
"26/10/2023 22:00:00","SCA|NO1","mFRR","Local","Up","316.00","0.00"," "
"26/10/2023 22:00:00","SCA|NO1","mFRR","Local","Down","210.00","0.00"," "
"26/10/2023 23:00:00","SCA|NO1","mFRR","Local","Up","367.00","0.00"," "
"26/10/2023 23:00:00","SCA|NO1","mFRR","Local","Down","171.00","0.00"," "
"27/10/2023 00:00:00","SCA|NO1","mFRR","Local","Up","322.00","0.00"," "
"27/10/2023 00:00:00","SCA|NO1","mFRR","Local","Down","277.00","0.00"," "
"27/10/2023 01:00:00","SCA|NO1","mFRR","Local","Up","322.00","0.00"," "
"27/10/2023 01:00:00","SCA|NO1","mFRR","Local","Down","275.00","22.00"," "
"27/10/2023 02:00:00","SCA|NO1","mFRR","Local","Up","342.00","0.00"," "
"27/10/2023 02:00:00","SCA|NO1","mFRR","Local","Down","228.00","73.00"," "
"27/10/2023 03:00:00","SCA|NO1","mFRR","Local","Up","342.00","0.00"," "
"27/10/2023 03:00:00","SCA|NO1","mFRR","Local","Down","228.00","73.00"," "
"27/10/2023 04:00:00","SCA|NO1","mFRR","Local","Up","340.00","0.00"," "
"27/10/2023 04:00:00","SCA|NO1","mFRR","Local","Down","228.00","158.00"," "
"27/10/2023 05:00:00","SCA|NO1","mFRR","Local","Up","342.00","0.00"," "
"27/10/2023 05:00:00","SCA|NO1","mFRR","Local","Down","228.00","97.25"," "
"27/10/2023 06:00:00","SCA|NO1","mFRR","Local","Up","228.00","0.00"," "
"27/10/2023 06:00:00","SCA|NO1","mFRR","Local","Down","242.00","0.00"," "
"27/10/2023 07:00:00","SCA|NO1","mFRR","Local","Up","31.00","0.00"," "
"27/10/2023 07:00:00","SCA|NO1","mFRR","Local","Down","315.00","0.00"," "
"27/10/2023 08:00:00","SCA|NO1","mFRR","Local","Up","31.00","0.00"," "
"27/10/2023 08:00:00","SCA|NO1","mFRR","Local","Down","394.00","0.00"," "
"27/10/2023 09:00:00","SCA|NO1","mFRR","Local","Up","31.00","15.50"," "
"27/10/2023 09:00:00","SCA|NO1","mFRR","Local","Down","382.00","0.00"," "
"27/10/2023 10:00:00","SCA|NO1","mFRR","Local","Up","31.00","31.00"," "
"27/10/2023 10:00:00","SCA|NO1","mFRR","Local","Down","415.00","0.00"," "
"27/10/2023 11:00:00","SCA|NO1","mFRR","Local","Up","31.00","7.75"," "
"27/10/2023 11:00:00","SCA|NO1","mFRR","Local","Down","368.00","0.00"," "
"27/10/2023 12:00:00","SCA|NO1","mFRR","Local","Up","31.00","0.00"," "
"27/10/2023 12:00:00","SCA|NO1","mFRR","Local","Down","401.00","0.00"," "
"27/10/2023 13:00:00","SCA|NO1","mFRR","Local","Up","31.00","0.00"," "
"27/10/2023 13:00:00","SCA|NO1","mFRR","Local","Down","368.00","0.00"," "
"27/10/2023 14:00:00","SCA|NO1","mFRR","Local","Up","88.00","0.00"," "
"27/10/2023 14:00:00","SCA|NO1","mFRR","Local","Down","309.00","0.00"," "
"27/10/2023 15:00:00","SCA|NO1","mFRR","Local","Up","31.00","0.00"," "
"27/10/2023 15:00:00","SCA|NO1","mFRR","Local","Down","348.00","95.00"," "
"27/10/2023 16:00:00","SCA|NO1","mFRR","Local","Up","31.00","0.00"," "
"27/10/2023 16:00:00","SCA|NO1","mFRR","Local","Down","346.00","105.00"," "
"27/10/2023 17:00:00","SCA|NO1","mFRR","Local","Up","31.00","0.00"," "
"27/10/2023 17:00:00","SCA|NO1","mFRR","Local","Down","398.00","141.00"," "
"27/10/2023 18:00:00","SCA|NO1","mFRR","Local","Up","31.00","0.00"," "
"27/10/2023 18:00:00","SCA|NO1","mFRR","Local","Down","385.00","140.00"," "
"27/10/2023 19:00:00","SCA|NO1","mFRR","Local","Up","31.00","0.00"," "
"27/10/2023 19:00:00","SCA|NO1","mFRR","Local","Down","329.00","100.50"," "
"27/10/2023 20:00:00","SCA|NO1","mFRR","Local","Up","109.00","0.00"," "
"27/10/2023 20:00:00","SCA|NO1","mFRR","Local","Down","316.00","120.00"," "
"27/10/2023 21:00:00","SCA|NO1","mFRR","Local","Up","227.00","0.00"," "
"27/10/2023 21:00:00","SCA|NO1","mFRR","Local","Down","308.00","119.00"," "
"27/10/2023 22:00:00","SCA|NO1","mFRR","Local","Up","295.00","0.00"," "
"27/10/2023 22:00:00","SCA|NO1","mFRR","Local","Down","228.00","73.00"," "
"27/10/2023 23:00:00","SCA|NO1","mFRR","Local","Up","315.00","0.00"," "
"27/10/2023 23:00:00","SCA|NO1","mFRR","Local","Down","165.00","108.00"," "
"28/10/2023 00:00:00","SCA|NO1","mFRR","Local","Up","363.00","0.00"," "
"28/10/2023 00:00:00","SCA|NO1","mFRR","Local","Down","212.00","20.00"," "
"28/10/2023 01:00:00","SCA|NO1","mFRR","Local","Up","362.00","0.00"," "
"28/10/2023 01:00:00","SCA|NO1","mFRR","Local","Down","215.00","52.00"," "
"28/10/2023 02:00:00","SCA|NO1","mFRR","Local","Up","362.00","0.00"," "
"28/10/2023 02:00:00","SCA|NO1","mFRR","Local","Down","231.00","52.00"," "
"28/10/2023 03:00:00","SCA|NO1","mFRR","Local","Up","362.00","0.00"," "
"28/10/2023 03:00:00","SCA|NO1","mFRR","Local","Down","142.00","104.00"," "
"28/10/2023 04:00:00","SCA|NO1","mFRR","Local","Up","362.00","0.00"," "
"28/10/2023 04:00:00","SCA|NO1","mFRR","Local","Down","147.00","37.00"," "
"28/10/2023 05:00:00","SCA|NO1","mFRR","Local","Up","362.00","0.00"," "
"28/10/2023 05:00:00","SCA|NO1","mFRR","Local","Down","190.00","22.25"," "
"28/10/2023 06:00:00","SCA|NO1","mFRR","Local","Up","362.00","0.00"," "
"28/10/2023 06:00:00","SCA|NO1","mFRR","Local","Down","215.00","41.00"," "
"28/10/2023 07:00:00","SCA|NO1","mFRR","Local","Up","362.00","0.00"," "
"28/10/2023 07:00:00","SCA|NO1","mFRR","Local","Down","215.00","0.00"," "
"28/10/2023 08:00:00","SCA|NO1","mFRR","Local","Up","313.00","0.00"," "
"28/10/2023 08:00:00","SCA|NO1","mFRR","Local","Down","290.00","53.00"," "
"28/10/2023 09:00:00","SCA|NO1","mFRR","Local","Up","264.00","0.00"," "
"28/10/2023 09:00:00","SCA|NO1","mFRR","Local","Down","348.00","111.00"," "
"28/10/2023 10:00:00","SCA|NO1","mFRR","Local","Up","264.00","0.00"," "
"28/10/2023 10:00:00","SCA|NO1","mFRR","Local","Down","259.00","35.00"," "
"28/10/2023 11:00:00","SCA|NO1","mFRR","Local","Up","286.00","0.00"," "
"28/10/2023 11:00:00","SCA|NO1","mFRR","Local","Down","288.00","0.00"," "
"28/10/2023 12:00:00","SCA|NO1","mFRR","Local","Up","394.00","0.00"," "
"28/10/2023 12:00:00","SCA|NO1","mFRR","Local","Down","137.00","22.00"," "
"28/10/2023 13:00:00","SCA|NO1","mFRR","Local","Up","439.00","0.00"," "
"28/10/2023 13:00:00","SCA|NO1","mFRR","Local","Down","110.00","0.00"," "
"28/10/2023 14:00:00","SCA|NO1","mFRR","Local","Up","408.00","0.00"," "
"28/10/2023 14:00:00","SCA|NO1","mFRR","Local","Down","69.00","0.00"," "
"28/10/2023 15:00:00","SCA|NO1","mFRR","Local","Up","286.00","0.00"," "
"28/10/2023 15:00:00","SCA|NO1","mFRR","Local","Down","288.00","0.00"," "
"28/10/2023 16:00:00","SCA|NO1","mFRR","Local","Up","264.00","0.00"," "
"28/10/2023 16:00:00","SCA|NO1","mFRR","Local","Down","348.00","0.00"," "
"28/10/2023 17:00:00","SCA|NO1","mFRR","Local","Up","217.00","0.00"," "
"28/10/2023 17:00:00","SCA|NO1","mFRR","Local","Down","336.00","0.00"," "
"28/10/2023 18:00:00","SCA|NO1","mFRR","Local","Up","217.00","73.50"," "
"28/10/2023 18:00:00","SCA|NO1","mFRR","Local","Down","336.00","0.00"," "
"28/10/2023 19:00:00","SCA|NO1","mFRR","Local","Up","247.00","0.00"," "
"28/10/2023 19:00:00","SCA|NO1","mFRR","Local","Down","352.00","0.00"," "
"28/10/2023 20:00:00","SCA|NO1","mFRR","Local","Up","264.00","0.00"," "
"28/10/2023 20:00:00","SCA|NO1","mFRR","Local","Down","346.00","0.00"," "
"28/10/2023 21:00:00","SCA|NO1","mFRR","Local","Up","285.00","0.00"," "
"28/10/2023 21:00:00","SCA|NO1","mFRR","Local","Down","246.00","0.00"," "
"28/10/2023 22:00:00","SCA|NO1","mFRR","Local","Up","285.00","0.00"," "
"28/10/2023 22:00:00","SCA|NO1","mFRR","Local","Down","153.00","0.00"," "
"28/10/2023 23:00:00","SCA|NO1","mFRR","Local","Up","825.00","0.00"," "
"28/10/2023 23:00:00","SCA|NO1","mFRR","Local","Down","0.00","0.00"," "
"29/10/2023 00:00:00","SCA|NO1","mFRR","Local","Up","663.00","0.00"," "
"29/10/2023 00:00:00","SCA|NO1","mFRR","Local","Down","30.00","0.00"," "
"29/10/2023 01:00:00","SCA|NO1","mFRR","Local","Up","673.00","0.00"," "
"29/10/2023 01:00:00","SCA|NO1","mFRR","Local","Down","30.00","0.00"," "
"29/10/2023 02:00:00","SCA|NO1","mFRR","Local","Up","673.00","0.00"," "
"29/10/2023 02:00:00","SCA|NO1","mFRR","Local","Down","30.00","0.00"," "
"29/10/2023 02:00:00","SCA|NO1","mFRR","Local","Up","673.00","0.00"," "
"29/10/2023 02:00:00","SCA|NO1","mFRR","Local","Down","30.00","0.00"," "
"29/10/2023 03:00:00","SCA|NO1","mFRR","Local","Up","673.00","0.00"," "
"29/10/2023 03:00:00","SCA|NO1","mFRR","Local","Down","30.00","0.00"," "
"29/10/2023 04:00:00","SCA|NO1","mFRR","Local","Up","673.00","0.00"," "
"29/10/2023 04:00:00","SCA|NO1","mFRR","Local","Down","30.00","0.00"," "
"29/10/2023 05:00:00","SCA|NO1","mFRR","Local","Up","654.00","0.00"," "
"29/10/2023 05:00:00","SCA|NO1","mFRR","Local","Down","30.00","0.00"," "
"29/10/2023 06:00:00","SCA|NO1","mFRR","Local","Up","654.00","0.00"," "
"29/10/2023 06:00:00","SCA|NO1","mFRR","Local","Down","30.00","0.00"," "
"29/10/2023 07:00:00","SCA|NO1","mFRR","Local","Up","653.00","0.00"," "
"29/10/2023 07:00:00","SCA|NO1","mFRR","Local","Down","30.00","0.00"," "
"29/10/2023 08:00:00","SCA|NO1","mFRR","Local","Up","653.00","0.00"," "
"29/10/2023 08:00:00","SCA|NO1","mFRR","Local","Down","30.00","0.00"," "
"29/10/2023 09:00:00","SCA|NO1","mFRR","Local","Up","654.00","0.00"," "
"29/10/2023 09:00:00","SCA|NO1","mFRR","Local","Down","30.00","0.00"," "
"29/10/2023 10:00:00","SCA|NO1","mFRR","Local","Up","654.00","0.00"," "
"29/10/2023 10:00:00","SCA|NO1","mFRR","Local","Down","21.00","0.00"," "
"29/10/2023 11:00:00","SCA|NO1","mFRR","Local","Up","663.00","0.00"," "
"29/10/2023 11:00:00","SCA|NO1","mFRR","Local","Down","16.00","0.00"," "
"29/10/2023 12:00:00","SCA|NO1","mFRR","Local","Up","663.00","0.00"," "
"29/10/2023 12:00:00","SCA|NO1","mFRR","Local","Down","11.00","0.00"," "
"29/10/2023 13:00:00","SCA|NO1","mFRR","Local","Up","663.00","0.00"," "
"29/10/2023 13:00:00","SCA|NO1","mFRR","Local","Down","0.00","0.00"," "
"29/10/2023 14:00:00","SCA|NO1","mFRR","Local","Up","663.00","0.00"," "
"29/10/2023 14:00:00","SCA|NO1","mFRR","Local","Down","0.00","0.00"," "
"29/10/2023 15:00:00","SCA|NO1","mFRR","Local","Up","663.00","0.00"," "
"29/10/2023 15:00:00","SCA|NO1","mFRR","Local","Down","0.00","0.00"," "
"29/10/2023 16:00:00","SCA|NO1","mFRR","Local","Up","444.00","0.00"," "
"29/10/2023 16:00:00","SCA|NO1","mFRR","Local","Down","46.00","0.00"," "
"29/10/2023 17:00:00","SCA|NO1","mFRR","Local","Up","444.00","0.00"," "
"29/10/2023 17:00:00","SCA|NO1","mFRR","Local","Down","68.00","0.00"," "
"29/10/2023 18:00:00","SCA|NO1","mFRR","Local","Up","304.00","0.00"," "
"29/10/2023 18:00:00","SCA|NO1","mFRR","Local","Down","68.00","0.00"," "
"29/10/2023 19:00:00","SCA|NO1","mFRR","Local","Up","304.00","0.00"," "
"29/10/2023 19:00:00","SCA|NO1","mFRR","Local","Down","68.00","0.00"," "
"29/10/2023 20:00:00","SCA|NO1","mFRR","Local","Up","378.00","0.00"," "
"29/10/2023 20:00:00","SCA|NO1","mFRR","Local","Down","68.00","0.00"," "
"29/10/2023 21:00:00","SCA|NO1","mFRR","Local","Up","455.00","0.00"," "
"29/10/2023 21:00:00","SCA|NO1","mFRR","Local","Down","50.00","0.00"," "
"29/10/2023 22:00:00","SCA|NO1","mFRR","Local","Up","482.00","0.00"," "
"29/10/2023 22:00:00","SCA|NO1","mFRR","Local","Down","16.00","0.00"," "
"29/10/2023 23:00:00","SCA|NO1","mFRR","Local","Up","519.00","0.00"," "
"29/10/2023 23:00:00","SCA|NO1","mFRR","Local","Down","0.00","0.00"," "
"30/10/2023 00:00:00","SCA|NO1","mFRR","Local","Up","693.00","0.00"," "
"30/10/2023 00:00:00","SCA|NO1","mFRR","Local","Down","0.00","0.00"," "
"30/10/2023 01:00:00","SCA|NO1","mFRR","Local","Up","708.00","0.00"," "
"30/10/2023 01:00:00","SCA|NO1","mFRR","Local","Down","52.00","0.00"," "
"30/10/2023 02:00:00","SCA|NO1","mFRR","Local","Up","708.00","0.00"," "
"30/10/2023 02:00:00","SCA|NO1","mFRR","Local","Down","48.00","0.00"," "
"30/10/2023 03:00:00","SCA|NO1","mFRR","Local","Up","708.00","0.00"," "
"30/10/2023 03:00:00","SCA|NO1","mFRR","Local","Down","50.00","0.00"," "
"30/10/2023 04:00:00","SCA|NO1","mFRR","Local","Up","708.00","35.00"," "
"30/10/2023 04:00:00","SCA|NO1","mFRR","Local","Down","51.00","0.00"," "
"30/10/2023 05:00:00","SCA|NO1","mFRR","Local","Up","708.00","171.00"," "
"30/10/2023 05:00:00","SCA|NO1","mFRR","Local","Down","58.00","0.00"," "
"30/10/2023 06:00:00","SCA|NO1","mFRR","Local","Up","533.00","76.50"," "
"30/10/2023 06:00:00","SCA|NO1","mFRR","Local","Down","132.00","0.00"," "
"30/10/2023 07:00:00","SCA|NO1","mFRR","Local","Up","289.00","0.00"," "
"30/10/2023 07:00:00","SCA|NO1","mFRR","Local","Down","207.00","0.00"," "
"30/10/2023 08:00:00","SCA|NO1","mFRR","Local","Up","288.00","0.00"," "
"30/10/2023 08:00:00","SCA|NO1","mFRR","Local","Down","101.00","0.00"," "
"30/10/2023 09:00:00","SCA|NO1","mFRR","Local","Up","288.00","0.00"," "
"30/10/2023 09:00:00","SCA|NO1","mFRR","Local","Down","102.00","0.00"," "
"30/10/2023 10:00:00","SCA|NO1","mFRR","Local","Up","371.00","0.00"," "
"30/10/2023 10:00:00","SCA|NO1","mFRR","Local","Down","98.00","0.00"," "
"30/10/2023 11:00:00","SCA|NO1","mFRR","Local","Up","372.00","0.00"," "
"30/10/2023 11:00:00","SCA|NO1","mFRR","Local","Down","100.00","0.00"," "
"30/10/2023 12:00:00","SCA|NO1","mFRR","Local","Up","372.00","0.00"," "
"30/10/2023 12:00:00","SCA|NO1","mFRR","Local","Down","103.00","0.00"," "
"30/10/2023 13:00:00","SCA|NO1","mFRR","Local","Up","372.00","0.00"," "
"30/10/2023 13:00:00","SCA|NO1","mFRR","Local","Down","94.00","0.00"," "
"30/10/2023 14:00:00","SCA|NO1","mFRR","Local","Up","262.00","0.00"," "
"30/10/2023 14:00:00","SCA|NO1","mFRR","Local","Down","161.00","0.00"," "
"30/10/2023 15:00:00","SCA|NO1","mFRR","Local","Up","42.00","0.00"," "
"30/10/2023 15:00:00","SCA|NO1","mFRR","Local","Down","333.00","0.00"," "
"30/10/2023 16:00:00","SCA|NO1","mFRR","Local","Up","0.00","0.00"," "
"30/10/2023 16:00:00","SCA|NO1","mFRR","Local","Down","404.00","0.00"," "
"30/10/2023 17:00:00","SCA|NO1","mFRR","Local","Up","0.00","0.00"," "
"30/10/2023 17:00:00","SCA|NO1","mFRR","Local","Down","479.00","0.00"," "
"30/10/2023 18:00:00","SCA|NO1","mFRR","Local","Up","0.00","0.00"," "
"30/10/2023 18:00:00","SCA|NO1","mFRR","Local","Down","490.00","0.00"," "
"30/10/2023 19:00:00","SCA|NO1","mFRR","Local","Up","0.00","0.00"," "
"30/10/2023 19:00:00","SCA|NO1","mFRR","Local","Down","493.00","0.00"," "
"30/10/2023 20:00:00","SCA|NO1","mFRR","Local","Up","63.00","0.00"," "
"30/10/2023 20:00:00","SCA|NO1","mFRR","Local","Down","574.00","0.00"," "
"30/10/2023 21:00:00","SCA|NO1","mFRR","Local","Up","63.00","0.00"," "
"30/10/2023 21:00:00","SCA|NO1","mFRR","Local","Down","504.00","0.00"," "
"30/10/2023 22:00:00","SCA|NO1","mFRR","Local","Up","85.00","0.00"," "
"30/10/2023 22:00:00","SCA|NO1","mFRR","Local","Down","539.00","0.00"," "
"30/10/2023 23:00:00","SCA|NO1","mFRR","Local","Up","143.00","0.00"," "
"30/10/2023 23:00:00","SCA|NO1","mFRR","Local","Down","487.00","0.00"," "
"31/10/2023 00:00:00","SCA|NO1","mFRR","Local","Up","127.00","0.00"," "
"31/10/2023 00:00:00","SCA|NO1","mFRR","Local","Down","419.00","0.00"," "
"31/10/2023 01:00:00","SCA|NO1","mFRR","Local","Up","254.00","0.00"," "
"31/10/2023 01:00:00","SCA|NO1","mFRR","Local","Down","402.00","0.00"," "
"31/10/2023 02:00:00","SCA|NO1","mFRR","Local","Up","297.00","0.00"," "
"31/10/2023 02:00:00","SCA|NO1","mFRR","Local","Down","378.00","0.00"," "
"31/10/2023 03:00:00","SCA|NO1","mFRR","Local","Up","297.00","0.00"," "
"31/10/2023 03:00:00","SCA|NO1","mFRR","Local","Down","346.00","0.00"," "
"31/10/2023 04:00:00","SCA|NO1","mFRR","Local","Up","298.00","0.00"," "
"31/10/2023 04:00:00","SCA|NO1","mFRR","Local","Down","334.00","0.00"," "
"31/10/2023 05:00:00","SCA|NO1","mFRR","Local","Up","318.00","0.00"," "
"31/10/2023 05:00:00","SCA|NO1","mFRR","Local","Down","337.00","0.00"," "
"31/10/2023 06:00:00","SCA|NO1","mFRR","Local","Up","130.00","0.00"," "
"31/10/2023 06:00:00","SCA|NO1","mFRR","Local","Down","279.00","83.75"," "
"31/10/2023 07:00:00","SCA|NO1","mFRR","Local","Up","0.00","0.00"," "
"31/10/2023 07:00:00","SCA|NO1","mFRR","Local","Down","516.00","0.00"," "
"31/10/2023 08:00:00","SCA|NO1","mFRR","Local","Up","0.00","0.00"," "
"31/10/2023 08:00:00","SCA|NO1","mFRR","Local","Down","359.00","0.00"," "
"31/10/2023 09:00:00","SCA|NO1","mFRR","Local","Up","0.00","0.00"," "
"31/10/2023 09:00:00","SCA|NO1","mFRR","Local","Down","273.00","0.00"," "
"31/10/2023 10:00:00","SCA|NO1","mFRR","Local","Up","282.00","124.00"," "
"31/10/2023 10:00:00","SCA|NO1","mFRR","Local","Down","232.00","0.00"," "
"31/10/2023 11:00:00","SCA|NO1","mFRR","Local","Up","263.00","0.00"," "
"31/10/2023 11:00:00","SCA|NO1","mFRR","Local","Down","241.00","0.00"," "
"31/10/2023 12:00:00","SCA|NO1","mFRR","Local","Up","261.00","0.00"," "
"31/10/2023 12:00:00","SCA|NO1","mFRR","Local","Down","239.00","11.00"," "
"31/10/2023 13:00:00","SCA|NO1","mFRR","Local","Up","261.00","0.00"," "
"31/10/2023 13:00:00","SCA|NO1","mFRR","Local","Down","239.00","22.00"," "
"31/10/2023 14:00:00","SCA|NO1","mFRR","Local","Up","262.00","0.00"," "
"31/10/2023 14:00:00","SCA|NO1","mFRR","Local","Down","239.00","22.00"," "
"31/10/2023 15:00:00","SCA|NO1","mFRR","Local","Up","200.00","0.00"," "
"31/10/2023 15:00:00","SCA|NO1","mFRR","Local","Down","252.00","22.00"," "
"31/10/2023 16:00:00","SCA|NO1","mFRR","Local","Up","0.00","0.00"," "
"31/10/2023 16:00:00","SCA|NO1","mFRR","Local","Down","345.00","0.00"," "
"31/10/2023 17:00:00","SCA|NO1","mFRR","Local","Up","0.00","0.00"," "
"31/10/2023 17:00:00","SCA|NO1","mFRR","Local","Down","405.00","0.00"," "
"31/10/2023 18:00:00","SCA|NO1","mFRR","Local","Up","0.00","0.00"," "
"31/10/2023 18:00:00","SCA|NO1","mFRR","Local","Down","466.00","0.00"," "
"31/10/2023 19:00:00","SCA|NO1","mFRR","Local","Up","0.00","0.00"," "
"31/10/2023 19:00:00","SCA|NO1","mFRR","Local","Down","500.00","0.00"," "
"31/10/2023 20:00:00","SCA|NO1","mFRR","Local","Up","29.00","29.00"," "
"31/10/2023 20:00:00","SCA|NO1","mFRR","Local","Down","501.00","0.00"," "
"31/10/2023 21:00:00","SCA|NO1","mFRR","Local","Up","108.00","81.00"," "
"31/10/2023 21:00:00","SCA|NO1","mFRR","Local","Down","490.00","0.00"," "
"31/10/2023 22:00:00","SCA|NO1","mFRR","Local","Up","108.00","0.00"," "
"31/10/2023 22:00:00","SCA|NO1","mFRR","Local","Down","476.00","0.00"," "
"31/10/2023 23:00:00","SCA|NO1","mFRR","Local","Up","110.00","0.00"," "
"31/10/2023 23:00:00","SCA|NO1","mFRR","Local","Down","467.00","0.00"," "
"01/11/2023 00:00:00","SCA|NO1","mFRR","Local","Up","303.00","188.00"," "
"01/11/2023 00:00:00","SCA|NO1","mFRR","Local","Down","275.00","0.00"," "
"01/11/2023 01:00:00","SCA|NO1","mFRR","Local","Up","280.00","0.00"," "
"01/11/2023 01:00:00","SCA|NO1","mFRR","Local","Down","243.00","0.00"," "
"01/11/2023 02:00:00","SCA|NO1","mFRR","Local","Up","343.00","0.00"," "
"01/11/2023 02:00:00","SCA|NO1","mFRR","Local","Down","175.00","0.00"," "
"01/11/2023 03:00:00","SCA|NO1","mFRR","Local","Up","298.00","0.00"," "
"01/11/2023 03:00:00","SCA|NO1","mFRR","Local","Down","133.00","0.00"," "
"01/11/2023 04:00:00","SCA|NO1","mFRR","Local","Up","298.00","0.00"," "
"01/11/2023 04:00:00","SCA|NO1","mFRR","Local","Down","129.00","0.00"," "
"01/11/2023 05:00:00","SCA|NO1","mFRR","Local","Up","258.00","0.00"," "
"01/11/2023 05:00:00","SCA|NO1","mFRR","Local","Down","199.00","0.00"," "
"01/11/2023 06:00:00","SCA|NO1","mFRR","Local","Up","204.00","0.00"," "
"01/11/2023 06:00:00","SCA|NO1","mFRR","Local","Down","247.00","0.00"," "
"01/11/2023 07:00:00","SCA|NO1","mFRR","Local","Up","114.00","85.50"," "
"01/11/2023 07:00:00","SCA|NO1","mFRR","Local","Down","306.00","0.00"," "
"01/11/2023 08:00:00","SCA|NO1","mFRR","Local","Up","114.00","114.00"," "
"01/11/2023 08:00:00","SCA|NO1","mFRR","Local","Down","284.00","0.00"," "
"01/11/2023 09:00:00","SCA|NO1","mFRR","Local","Up","280.00","80.00"," "
"01/11/2023 09:00:00","SCA|NO1","mFRR","Local","Down","179.00","0.00"," "
"01/11/2023 10:00:00","SCA|NO1","mFRR","Local","Up","280.00","0.00"," "
"01/11/2023 10:00:00","SCA|NO1","mFRR","Local","Down","194.00","0.00"," "
"01/11/2023 11:00:00","SCA|NO1","mFRR","Local","Up","370.00","0.00"," "
"01/11/2023 11:00:00","SCA|NO1","mFRR","Local","Down","84.00","0.00"," "
"01/11/2023 12:00:00","SCA|NO1","mFRR","Local","Up","298.00","40.50"," "
"01/11/2023 12:00:00","SCA|NO1","mFRR","Local","Down","74.00","0.00"," "
"01/11/2023 13:00:00","SCA|NO1","mFRR","Local","Up","374.00","130.00"," "
"01/11/2023 13:00:00","SCA|NO1","mFRR","Local","Down","73.00","0.00"," "
"01/11/2023 14:00:00","SCA|NO1","mFRR","Local","Up","332.00","128.00"," "
"01/11/2023 14:00:00","SCA|NO1","mFRR","Local","Down","171.00","0.00"," "
"01/11/2023 15:00:00","SCA|NO1","mFRR","Local","Up","282.00","233.75"," "
"01/11/2023 15:00:00","SCA|NO1","mFRR","Local","Down","219.00","0.00"," "
"01/11/2023 16:00:00","SCA|NO1","mFRR","Local","Up","204.00","204.00"," "
"01/11/2023 16:00:00","SCA|NO1","mFRR","Local","Down","271.00","0.00"," "
"01/11/2023 17:00:00","SCA|NO1","mFRR","Local","Up","204.00","204.00"," "
"01/11/2023 17:00:00","SCA|NO1","mFRR","Local","Down","294.00","0.00"," "
"01/11/2023 18:00:00","SCA|NO1","mFRR","Local","Up","204.00","146.50"," "
"01/11/2023 18:00:00","SCA|NO1","mFRR","Local","Down","294.00","0.00"," "
"01/11/2023 19:00:00","SCA|NO1","mFRR","Local","Up","280.00","13.50"," "
"01/11/2023 19:00:00","SCA|NO1","mFRR","Local","Down","220.00","0.00"," "
"01/11/2023 20:00:00","SCA|NO1","mFRR","Local","Up","429.00","109.00"," "
"01/11/2023 20:00:00","SCA|NO1","mFRR","Local","Down","128.00","0.00"," "
"01/11/2023 21:00:00","SCA|NO1","mFRR","Local","Up","607.00","231.00"," "
"01/11/2023 21:00:00","SCA|NO1","mFRR","Local","Down","69.00","0.00"," "
"01/11/2023 22:00:00","SCA|NO1","mFRR","Local","Up","739.00","428.25"," "
"01/11/2023 22:00:00","SCA|NO1","mFRR","Local","Down","51.00","0.00"," "
"01/11/2023 23:00:00","SCA|NO1","mFRR","Local","Up","818.00","230.75"," "
"01/11/2023 23:00:00","SCA|NO1","mFRR","Local","Down","27.00","0.00"," "
"02/11/2023 00:00:00","SCA|NO1","mFRR","Local","Up","702.00","0.00"," "
"02/11/2023 00:00:00","SCA|NO1","mFRR","Local","Down","99.00","0.00"," "
"02/11/2023 01:00:00","SCA|NO1","mFRR","Local","Up","795.00","99.00"," "
"02/11/2023 01:00:00","SCA|NO1","mFRR","Local","Down","65.00","0.00"," "
"02/11/2023 02:00:00","SCA|NO1","mFRR","Local","Up","828.00","35.00"," "
"02/11/2023 02:00:00","SCA|NO1","mFRR","Local","Down","63.00","0.00"," "
"02/11/2023 03:00:00","SCA|NO1","mFRR","Local","Up","828.00","35.00"," "
"02/11/2023 03:00:00","SCA|NO1","mFRR","Local","Down","64.00","0.00"," "
"02/11/2023 04:00:00","SCA|NO1","mFRR","Local","Up","792.00","76.00"," "
"02/11/2023 04:00:00","SCA|NO1","mFRR","Local","Down","106.00","0.00"," "
"02/11/2023 05:00:00","SCA|NO1","mFRR","Local","Up","731.00","0.00"," "
"02/11/2023 05:00:00","SCA|NO1","mFRR","Local","Down","125.00","0.00"," "
"02/11/2023 06:00:00","SCA|NO1","mFRR","Local","Up","472.00","0.00"," "
"02/11/2023 06:00:00","SCA|NO1","mFRR","Local","Down","215.00","0.00"," "
"02/11/2023 07:00:00","SCA|NO1","mFRR","Local","Up","173.00","0.00"," "
"02/11/2023 07:00:00","SCA|NO1","mFRR","Local","Down","330.00","39.75"," "
"02/11/2023 08:00:00","SCA|NO1","mFRR","Local","Up","25.00","0.00"," "
"02/11/2023 08:00:00","SCA|NO1","mFRR","Local","Down","389.00","87.00"," "
"02/11/2023 09:00:00","SCA|NO1","mFRR","Local","Up","124.00","0.00"," "
"02/11/2023 09:00:00","SCA|NO1","mFRR","Local","Down","235.00","0.00"," "
"02/11/2023 10:00:00","SCA|NO1","mFRR","Local","Up","216.00","0.00"," "
"02/11/2023 10:00:00","SCA|NO1","mFRR","Local","Down","204.00","22.00"," "
"02/11/2023 11:00:00","SCA|NO1","mFRR","Local","Up","296.00","0.00"," "
"02/11/2023 11:00:00","SCA|NO1","mFRR","Local","Down","180.00","5.50"," "
"02/11/2023 12:00:00","SCA|NO1","mFRR","Local","Up","297.00","0.00"," "
"02/11/2023 12:00:00","SCA|NO1","mFRR","Local","Down","98.00","0.00"," "
"02/11/2023 13:00:00","SCA|NO1","mFRR","Local","Up","344.00","0.00"," "
"02/11/2023 13:00:00","SCA|NO1","mFRR","Local","Down","100.00","0.00"," "
"02/11/2023 14:00:00","SCA|NO1","mFRR","Local","Up","297.00","0.00"," "
"02/11/2023 14:00:00","SCA|NO1","mFRR","Local","Down","112.00","0.00"," "
"02/11/2023 15:00:00","SCA|NO1","mFRR","Local","Up","171.00","0.00"," "
"02/11/2023 15:00:00","SCA|NO1","mFRR","Local","Down","205.00","0.00"," "
"02/11/2023 16:00:00","SCA|NO1","mFRR","Local","Up","170.00","0.00"," "
"02/11/2023 16:00:00","SCA|NO1","mFRR","Local","Down","221.00","0.00"," "
"02/11/2023 17:00:00","SCA|NO1","mFRR","Local","Up","159.00","0.00"," "
"02/11/2023 17:00:00","SCA|NO1","mFRR","Local","Down","271.00","0.00"," "
"02/11/2023 18:00:00","SCA|NO1","mFRR","Local","Up","159.00","0.00"," "
"02/11/2023 18:00:00","SCA|NO1","mFRR","Local","Down","254.00","30.00"," "
"02/11/2023 19:00:00","SCA|NO1","mFRR","Local","Up","159.00","0.00"," "
"02/11/2023 19:00:00","SCA|NO1","mFRR","Local","Down","257.00","45.00"," "
"02/11/2023 20:00:00","SCA|NO1","mFRR","Local","Up","278.00","0.00"," "
"02/11/2023 20:00:00","SCA|NO1","mFRR","Local","Down","93.00","16.50"," "
"02/11/2023 21:00:00","SCA|NO1","mFRR","Local","Up","296.00","0.00"," "
"02/11/2023 21:00:00","SCA|NO1","mFRR","Local","Down","92.00","22.00"," "
"02/11/2023 22:00:00","SCA|NO1","mFRR","Local","Up","378.00","0.00"," "
"02/11/2023 22:00:00","SCA|NO1","mFRR","Local","Down","91.00","22.00"," "
"02/11/2023 23:00:00","SCA|NO1","mFRR","Local","Up","499.00","0.00"," "
"02/11/2023 23:00:00","SCA|NO1","mFRR","Local","Down","55.00","22.00"," "
"03/11/2023 00:00:00","SCA|NO1","mFRR","Local","Up","800.00","0.00"," "
"03/11/2023 00:00:00","SCA|NO1","mFRR","Local","Down","139.00","0.00"," "
"03/11/2023 01:00:00","SCA|NO1","mFRR","Local","Up","851.00","0.00"," "
"03/11/2023 01:00:00","SCA|NO1","mFRR","Local","Down","146.00","0.00"," "
"03/11/2023 02:00:00","SCA|NO1","mFRR","Local","Up","851.00","43.50"," "
"03/11/2023 02:00:00","SCA|NO1","mFRR","Local","Down","147.00","0.00"," "
"03/11/2023 03:00:00","SCA|NO1","mFRR","Local","Up","851.00","58.00"," "
"03/11/2023 03:00:00","SCA|NO1","mFRR","Local","Down","146.00","0.00"," "
"03/11/2023 04:00:00","SCA|NO1","mFRR","Local","Up","851.00","58.00"," "
"03/11/2023 04:00:00","SCA|NO1","mFRR","Local","Down","146.00","0.00"," "
"03/11/2023 05:00:00","SCA|NO1","mFRR","Local","Up","849.00","0.00"," "
"03/11/2023 05:00:00","SCA|NO1","mFRR","Local","Down","147.00","0.00"," "
"03/11/2023 06:00:00","SCA|NO1","mFRR","Local","Up","588.00","0.00"," "
"03/11/2023 06:00:00","SCA|NO1","mFRR","Local","Down","160.00","0.00"," "
"03/11/2023 07:00:00","SCA|NO1","mFRR","Local","Up","327.00","0.00"," "
"03/11/2023 07:00:00","SCA|NO1","mFRR","Local","Down","285.00","0.00"," "
"03/11/2023 08:00:00","SCA|NO1","mFRR","Local","Up","313.00","0.00"," "
"03/11/2023 08:00:00","SCA|NO1","mFRR","Local","Down","317.00","0.00"," "
"03/11/2023 09:00:00","SCA|NO1","mFRR","Local","Up","271.00","0.00"," "
"03/11/2023 09:00:00","SCA|NO1","mFRR","Local","Down","316.00","0.00"," "
"03/11/2023 10:00:00","SCA|NO1","mFRR","Local","Up","377.00","0.00"," "
"03/11/2023 10:00:00","SCA|NO1","mFRR","Local","Down","181.00","0.00"," "
"03/11/2023 11:00:00","SCA|NO1","mFRR","Local","Up","434.00","0.00"," "
"03/11/2023 11:00:00","SCA|NO1","mFRR","Local","Down","187.00","0.00"," "
"03/11/2023 12:00:00","SCA|NO1","mFRR","Local","Up","455.00","97.50"," "
"03/11/2023 12:00:00","SCA|NO1","mFRR","Local","Down","186.00","0.00"," "
"03/11/2023 13:00:00","SCA|NO1","mFRR","Local","Up","383.00","0.00"," "
"03/11/2023 13:00:00","SCA|NO1","mFRR","Local","Down","244.00","0.00"," "
"03/11/2023 14:00:00","SCA|NO1","mFRR","Local","Up","358.00","0.00"," "
"03/11/2023 14:00:00","SCA|NO1","mFRR","Local","Down","257.00","0.00"," "
"03/11/2023 15:00:00","SCA|NO1","mFRR","Local","Up","313.00","0.00"," "
"03/11/2023 15:00:00","SCA|NO1","mFRR","Local","Down","299.00","0.00"," "
"03/11/2023 16:00:00","SCA|NO1","mFRR","Local","Up","297.00","9.50"," "
"03/11/2023 16:00:00","SCA|NO1","mFRR","Local","Down","330.00","0.00"," "
"03/11/2023 17:00:00","SCA|NO1","mFRR","Local","Up","221.00","0.00"," "
"03/11/2023 17:00:00","SCA|NO1","mFRR","Local","Down","328.00","0.00"," "
"03/11/2023 18:00:00","SCA|NO1","mFRR","Local","Up","179.00","66.75"," "
"03/11/2023 18:00:00","SCA|NO1","mFRR","Local","Down","445.00","0.00"," "
"03/11/2023 19:00:00","SCA|NO1","mFRR","Local","Up","254.00","56.25"," "
"03/11/2023 19:00:00","SCA|NO1","mFRR","Local","Down","418.00","0.00"," "
"03/11/2023 20:00:00","SCA|NO1","mFRR","Local","Up","256.00","0.00"," "
"03/11/2023 20:00:00","SCA|NO1","mFRR","Local","Down","412.00","0.00"," "
"03/11/2023 21:00:00","SCA|NO1","mFRR","Local","Up","311.00","0.00"," "
"03/11/2023 21:00:00","SCA|NO1","mFRR","Local","Down","385.00","0.00"," "
"03/11/2023 22:00:00","SCA|NO1","mFRR","Local","Up","311.00","0.00"," "
"03/11/2023 22:00:00","SCA|NO1","mFRR","Local","Down","385.00","0.00"," "
"03/11/2023 23:00:00","SCA|NO1","mFRR","Local","Up","371.00","0.00"," "
"03/11/2023 23:00:00","SCA|NO1","mFRR","Local","Down","373.00","0.00"," "
"04/11/2023 00:00:00","SCA|NO1","mFRR","Local","Up","793.00","0.00"," "
"04/11/2023 00:00:00","SCA|NO1","mFRR","Local","Down","126.00","0.00"," "
"04/11/2023 01:00:00","SCA|NO1","mFRR","Local","Up","854.00","0.00"," "
"04/11/2023 01:00:00","SCA|NO1","mFRR","Local","Down","77.00","0.00"," "
"04/11/2023 02:00:00","SCA|NO1","mFRR","Local","Up","854.00","282.00"," "
"04/11/2023 02:00:00","SCA|NO1","mFRR","Local","Down","77.00","0.00"," "
"04/11/2023 03:00:00","SCA|NO1","mFRR","Local","Up","854.00","313.00"," "
"04/11/2023 03:00:00","SCA|NO1","mFRR","Local","Down","72.00","0.00"," "
"04/11/2023 04:00:00","SCA|NO1","mFRR","Local","Up","854.00","64.75"," "
"04/11/2023 04:00:00","SCA|NO1","mFRR","Local","Down","64.00","0.00"," "
"04/11/2023 05:00:00","SCA|NO1","mFRR","Local","Up","835.00","0.00"," "
"04/11/2023 05:00:00","SCA|NO1","mFRR","Local","Down","59.00","0.00"," "
"04/11/2023 06:00:00","SCA|NO1","mFRR","Local","Up","818.00","0.00"," "
"04/11/2023 06:00:00","SCA|NO1","mFRR","Local","Down","89.00","0.00"," "
"04/11/2023 07:00:00","SCA|NO1","mFRR","Local","Up","775.00","0.00"," "
"04/11/2023 07:00:00","SCA|NO1","mFRR","Local","Down","96.00","0.00"," "
"04/11/2023 08:00:00","SCA|NO1","mFRR","Local","Up","775.00","0.00"," "
"04/11/2023 08:00:00","SCA|NO1","mFRR","Local","Down","97.00","0.00"," "
"04/11/2023 09:00:00","SCA|NO1","mFRR","Local","Up","713.00","0.00"," "
"04/11/2023 09:00:00","SCA|NO1","mFRR","Local","Down","123.00","0.00"," "
"04/11/2023 10:00:00","SCA|NO1","mFRR","Local","Up","617.00","0.00"," "
"04/11/2023 10:00:00","SCA|NO1","mFRR","Local","Down","131.00","0.00"," "
"04/11/2023 11:00:00","SCA|NO1","mFRR","Local","Up","711.00","0.00"," "
"04/11/2023 11:00:00","SCA|NO1","mFRR","Local","Down","138.00","0.00"," "
"04/11/2023 12:00:00","SCA|NO1","mFRR","Local","Up","648.00","0.00"," "
"04/11/2023 12:00:00","SCA|NO1","mFRR","Local","Down","195.00","0.00"," "
"04/11/2023 13:00:00","SCA|NO1","mFRR","Local","Up","595.00","0.00"," "
"04/11/2023 13:00:00","SCA|NO1","mFRR","Local","Down","199.00","0.00"," "
"04/11/2023 14:00:00","SCA|NO1","mFRR","Local","Up","552.00","0.00"," "
"04/11/2023 14:00:00","SCA|NO1","mFRR","Local","Down","202.00","0.00"," "
"04/11/2023 15:00:00","SCA|NO1","mFRR","Local","Up","552.00","0.00"," "
"04/11/2023 15:00:00","SCA|NO1","mFRR","Local","Down","204.00","0.00"," "
"04/11/2023 16:00:00","SCA|NO1","mFRR","Local","Up","552.00","46.00"," "
"04/11/2023 16:00:00","SCA|NO1","mFRR","Local","Down","190.00","0.00"," "
"04/11/2023 17:00:00","SCA|NO1","mFRR","Local","Up","552.00","46.00"," "
"04/11/2023 17:00:00","SCA|NO1","mFRR","Local","Down","206.00","0.00"," "
"04/11/2023 18:00:00","SCA|NO1","mFRR","Local","Up","595.00","46.00"," "
"04/11/2023 18:00:00","SCA|NO1","mFRR","Local","Down","190.00","0.00"," "
"04/11/2023 19:00:00","SCA|NO1","mFRR","Local","Up","595.00","121.00"," "
"04/11/2023 19:00:00","SCA|NO1","mFRR","Local","Down","189.00","0.00"," "
"04/11/2023 20:00:00","SCA|NO1","mFRR","Local","Up","684.00","135.00"," "
"04/11/2023 20:00:00","SCA|NO1","mFRR","Local","Down","157.00","0.00"," "
"04/11/2023 21:00:00","SCA|NO1","mFRR","Local","Up","651.00","231.50"," "
"04/11/2023 21:00:00","SCA|NO1","mFRR","Local","Down","148.00","0.00"," "
"04/11/2023 22:00:00","SCA|NO1","mFRR","Local","Up","744.00","367.00"," "
"04/11/2023 22:00:00","SCA|NO1","mFRR","Local","Down","70.00","0.00"," "
"04/11/2023 23:00:00","SCA|NO1","mFRR","Local","Up","779.00","305.00"," "
"04/11/2023 23:00:00","SCA|NO1","mFRR","Local","Down","70.00","0.00"," "
"05/11/2023 00:00:00","SCA|NO1","mFRR","Local","Up","745.00","228.50"," "
"05/11/2023 00:00:00","SCA|NO1","mFRR","Local","Down","12.00","0.00"," "
"05/11/2023 01:00:00","SCA|NO1","mFRR","Local","Up","760.00","188.00"," "
"05/11/2023 01:00:00","SCA|NO1","mFRR","Local","Down","12.00","0.00"," "
"05/11/2023 02:00:00","SCA|NO1","mFRR","Local","Up","772.00","254.00"," "
"05/11/2023 02:00:00","SCA|NO1","mFRR","Local","Down","0.00","0.00"," "
"05/11/2023 03:00:00","SCA|NO1","mFRR","Local","Up","772.00","265.50"," "
"05/11/2023 03:00:00","SCA|NO1","mFRR","Local","Down","0.00","0.00"," "
"05/11/2023 04:00:00","SCA|NO1","mFRR","Local","Up","772.00","277.00"," "
"05/11/2023 04:00:00","SCA|NO1","mFRR","Local","Down","0.00","0.00"," "
"05/11/2023 05:00:00","SCA|NO1","mFRR","Local","Up","757.00","219.00"," "
"05/11/2023 05:00:00","SCA|NO1","mFRR","Local","Down","0.00","0.00"," "
"05/11/2023 06:00:00","SCA|NO1","mFRR","Local","Up","803.00","105.00"," "
"05/11/2023 06:00:00","SCA|NO1","mFRR","Local","Down","0.00","0.00"," "
"05/11/2023 07:00:00","SCA|NO1","mFRR","Local","Up","784.00","17.00"," "
"05/11/2023 07:00:00","SCA|NO1","mFRR","Local","Down","30.00","0.00"," "
"05/11/2023 08:00:00","SCA|NO1","mFRR","Local","Up","727.00","0.00"," "
"05/11/2023 08:00:00","SCA|NO1","mFRR","Local","Down","56.00","0.00"," "
"05/11/2023 09:00:00","SCA|NO1","mFRR","Local","Up","684.00","0.00"," "
"05/11/2023 09:00:00","SCA|NO1","mFRR","Local","Down","76.00","0.00"," "
"05/11/2023 10:00:00","SCA|NO1","mFRR","Local","Up","782.00","0.00"," "
"05/11/2023 10:00:00","SCA|NO1","mFRR","Local","Down","33.00","0.00"," "
"05/11/2023 11:00:00","SCA|NO1","mFRR","Local","Up","640.00","0.00"," "
"05/11/2023 11:00:00","SCA|NO1","mFRR","Local","Down","30.00","0.00"," "
"05/11/2023 12:00:00","SCA|NO1","mFRR","Local","Up","584.00","0.00"," "
"05/11/2023 12:00:00","SCA|NO1","mFRR","Local","Down","57.00","0.00"," "
"05/11/2023 13:00:00","SCA|NO1","mFRR","Local","Up","649.00","0.00"," "
"05/11/2023 13:00:00","SCA|NO1","mFRR","Local","Down","50.00","0.00"," "
"05/11/2023 14:00:00","SCA|NO1","mFRR","Local","Up","560.00","0.00"," "
"05/11/2023 14:00:00","SCA|NO1","mFRR","Local","Down","60.00","0.00"," "
"05/11/2023 15:00:00","SCA|NO1","mFRR","Local","Up","404.00","0.00"," "
"05/11/2023 15:00:00","SCA|NO1","mFRR","Local","Down","132.00","73.00"," "
"05/11/2023 16:00:00","SCA|NO1","mFRR","Local","Up","369.00","0.00"," "
"05/11/2023 16:00:00","SCA|NO1","mFRR","Local","Down","294.00","94.00"," "
"05/11/2023 17:00:00","SCA|NO1","mFRR","Local","Up","302.00","0.00"," "
"05/11/2023 17:00:00","SCA|NO1","mFRR","Local","Down","370.00","32.25"," "
"05/11/2023 18:00:00","SCA|NO1","mFRR","Local","Up","302.00","0.00"," "
"05/11/2023 18:00:00","SCA|NO1","mFRR","Local","Down","367.00","0.00"," "
"05/11/2023 19:00:00","SCA|NO1","mFRR","Local","Up","304.00","0.00"," "
"05/11/2023 19:00:00","SCA|NO1","mFRR","Local","Down","325.00","0.00"," "
"05/11/2023 20:00:00","SCA|NO1","mFRR","Local","Up","475.00","0.00"," "
"05/11/2023 20:00:00","SCA|NO1","mFRR","Local","Down","168.00","0.00"," "
"05/11/2023 21:00:00","SCA|NO1","mFRR","Local","Up","529.00","0.00"," "
"05/11/2023 21:00:00","SCA|NO1","mFRR","Local","Down","155.00","0.00"," "
"05/11/2023 22:00:00","SCA|NO1","mFRR","Local","Up","604.00","0.00"," "
"05/11/2023 22:00:00","SCA|NO1","mFRR","Local","Down","133.00","0.00"," "
"05/11/2023 23:00:00","SCA|NO1","mFRR","Local","Up","607.00","0.00"," "
"05/11/2023 23:00:00","SCA|NO1","mFRR","Local","Down","50.00","0.00"," "
"06/11/2023 00:00:00","SCA|NO1","mFRR","Local","Up","765.00","35.00"," "
"06/11/2023 00:00:00","SCA|NO1","mFRR","Local","Down","0.00","0.00"," "
"06/11/2023 01:00:00","SCA|NO1","mFRR","Local","Up","765.00","0.00"," "
"06/11/2023 01:00:00","SCA|NO1","mFRR","Local","Down","0.00","0.00"," "
"06/11/2023 02:00:00","SCA|NO1","mFRR","Local","Up","765.00","0.00"," "
"06/11/2023 02:00:00","SCA|NO1","mFRR","Local","Down","0.00","0.00"," "
"06/11/2023 03:00:00","SCA|NO1","mFRR","Local","Up","765.00","0.00"," "
"06/11/2023 03:00:00","SCA|NO1","mFRR","Local","Down","0.00","0.00"," "
"06/11/2023 04:00:00","SCA|NO1","mFRR","Local","Up","765.00","0.00"," "
"06/11/2023 04:00:00","SCA|NO1","mFRR","Local","Down","0.00","0.00"," "
"06/11/2023 05:00:00","SCA|NO1","mFRR","Local","Up","738.00","0.00"," "
"06/11/2023 05:00:00","SCA|NO1","mFRR","Local","Down","0.00","0.00"," "
"06/11/2023 06:00:00","SCA|NO1","mFRR","Local","Up","515.00","0.00"," "
"06/11/2023 06:00:00","SCA|NO1","mFRR","Local","Down","189.00","0.00"," "
"06/11/2023 07:00:00","SCA|NO1","mFRR","Local","Up","262.00","0.00"," "
"06/11/2023 07:00:00","SCA|NO1","mFRR","Local","Down","358.00","0.00"," "
"06/11/2023 08:00:00","SCA|NO1","mFRR","Local","Up","204.00","0.00"," "
"06/11/2023 08:00:00","SCA|NO1","mFRR","Local","Down","365.00","0.00"," "
"06/11/2023 09:00:00","SCA|NO1","mFRR","Local","Up","239.00","0.00"," "
"06/11/2023 09:00:00","SCA|NO1","mFRR","Local","Down","360.00","95.25"," "
"06/11/2023 10:00:00","SCA|NO1","mFRR","Local","Up","442.00","0.00"," "
"06/11/2023 10:00:00","SCA|NO1","mFRR","Local","Down","135.00","85.75"," "
"06/11/2023 11:00:00","SCA|NO1","mFRR","Local","Up","529.25","0.00"," "
"06/11/2023 11:00:00","SCA|NO1","mFRR","Local","Down","85.00","42.00"," "
"06/11/2023 12:00:00","SCA|NO1","mFRR","Local","Up","472.00","0.00"," "
"06/11/2023 12:00:00","SCA|NO1","mFRR","Local","Down","108.00","45.00"," "
"06/11/2023 13:00:00","SCA|NO1","mFRR","Local","Up","342.00","0.00"," "
"06/11/2023 13:00:00","SCA|NO1","mFRR","Local","Down","220.00","63.00"," "
"06/11/2023 14:00:00","SCA|NO1","mFRR","Local","Up","204.00","0.00"," "
"06/11/2023 14:00:00","SCA|NO1","mFRR","Local","Down","244.00","16.00"," "
"06/11/2023 15:00:00","SCA|NO1","mFRR","Local","Up","90.00","0.00"," "
"06/11/2023 15:00:00","SCA|NO1","mFRR","Local","Down","389.00","88.00"," "
"06/11/2023 16:00:00","SCA|NO1","mFRR","Local","Up","0.00","0.00"," "
"06/11/2023 16:00:00","SCA|NO1","mFRR","Local","Down","464.00","142.25"," "
"06/11/2023 17:00:00","SCA|NO1","mFRR","Local","Up","0.00","0.00"," "
"06/11/2023 17:00:00","SCA|NO1","mFRR","Local","Down","467.00","112.00"," "
"06/11/2023 18:00:00","SCA|NO1","mFRR","Local","Up","0.00","0.00"," "
"06/11/2023 18:00:00","SCA|NO1","mFRR","Local","Down","444.00","89.00"," "
"06/11/2023 19:00:00","SCA|NO1","mFRR","Local","Up","12.00","0.00"," "
"06/11/2023 19:00:00","SCA|NO1","mFRR","Local","Down","435.00","129.50"," "
"06/11/2023 20:00:00","SCA|NO1","mFRR","Local","Up","195.00","0.00"," "
"06/11/2023 20:00:00","SCA|NO1","mFRR","Local","Down","337.00","63.50"," "
"06/11/2023 21:00:00","SCA|NO1","mFRR","Local","Up","225.00","0.00"," "
"06/11/2023 21:00:00","SCA|NO1","mFRR","Local","Down","326.00","62.00"," "
"06/11/2023 22:00:00","SCA|NO1","mFRR","Local","Up","460.00","0.00"," "
"06/11/2023 22:00:00","SCA|NO1","mFRR","Local","Down","132.00","27.00"," "
"06/11/2023 23:00:00","SCA|NO1","mFRR","Local","Up","491.00","0.00"," "
"06/11/2023 23:00:00","SCA|NO1","mFRR","Local","Down","132.00","32.00"," "
"07/11/2023 00:00:00","SCA|NO1","mFRR","Local","Up","324.00","0.00"," "
"07/11/2023 00:00:00","SCA|NO1","mFRR","Local","Down","117.00","10.00"," "
"07/11/2023 01:00:00","SCA|NO1","mFRR","Local","Up","459.00","0.00"," "
"07/11/2023 01:00:00","SCA|NO1","mFRR","Local","Down","107.00","10.00"," "
"07/11/2023 02:00:00","SCA|NO1","mFRR","Local","Up","414.00","0.00"," "
"07/11/2023 02:00:00","SCA|NO1","mFRR","Local","Down","206.00","116.00"," "
"07/11/2023 03:00:00","SCA|NO1","mFRR","Local","Up","467.00","0.00"," "
"07/11/2023 03:00:00","SCA|NO1","mFRR","Local","Down","150.00","87.00"," "
"07/11/2023 04:00:00","SCA|NO1","mFRR","Local","Up","432.00","0.00"," "
"07/11/2023 04:00:00","SCA|NO1","mFRR","Local","Down","183.00","99.00"," "
"07/11/2023 05:00:00","SCA|NO1","mFRR","Local","Up","320.00","0.00"," "
"07/11/2023 05:00:00","SCA|NO1","mFRR","Local","Down","146.00","49.00"," "
"07/11/2023 06:00:00","SCA|NO1","mFRR","Local","Up","129.00","0.00"," "
"07/11/2023 06:00:00","SCA|NO1","mFRR","Local","Down","296.00","157.00"," "
"07/11/2023 07:00:00","SCA|NO1","mFRR","Local","Up","0.00","0.00"," "
"07/11/2023 07:00:00","SCA|NO1","mFRR","Local","Down","412.00","144.00"," "
"07/11/2023 08:00:00","SCA|NO1","mFRR","Local","Up","0.00","0.00"," "
"07/11/2023 08:00:00","SCA|NO1","mFRR","Local","Down","440.00","172.00"," "
"07/11/2023 09:00:00","SCA|NO1","mFRR","Local","Up","0.00","0.00"," "
"07/11/2023 09:00:00","SCA|NO1","mFRR","Local","Down","453.00","185.00"," "
"07/11/2023 10:00:00","SCA|NO1","mFRR","Local","Up","31.00","0.00"," "
"07/11/2023 10:00:00","SCA|NO1","mFRR","Local","Down","402.00","119.00"," "
"07/11/2023 11:00:00","SCA|NO1","mFRR","Local","Up","95.00","0.00"," "
"07/11/2023 11:00:00","SCA|NO1","mFRR","Local","Down","426.00","146.00"," "
"07/11/2023 12:00:00","SCA|NO1","mFRR","Local","Up","194.00","0.00"," "
"07/11/2023 12:00:00","SCA|NO1","mFRR","Local","Down","395.00","122.00"," "
"07/11/2023 13:00:00","SCA|NO1","mFRR","Local","Up","113.00","0.00"," "
"07/11/2023 13:00:00","SCA|NO1","mFRR","Local","Down","441.00","163.00"," "
"07/11/2023 14:00:00","SCA|NO1","mFRR","Local","Up","36.00","0.00"," "
"07/11/2023 14:00:00","SCA|NO1","mFRR","Local","Down","405.00","179.75"," "
"07/11/2023 15:00:00","SCA|NO1","mFRR","Local","Up","31.00","0.00"," "
"07/11/2023 15:00:00","SCA|NO1","mFRR","Local","Down","310.00","114.75"," "
"07/11/2023 16:00:00","SCA|NO1","mFRR","Local","Up","0.00","0.00"," "
"07/11/2023 16:00:00","SCA|NO1","mFRR","Local","Down","371.00","53.00"," "
"07/11/2023 17:00:00","SCA|NO1","mFRR","Local","Up","0.00","0.00"," "
"07/11/2023 17:00:00","SCA|NO1","mFRR","Local","Down","466.00","0.00"," "
"07/11/2023 18:00:00","SCA|NO1","mFRR","Local","Up","0.00","0.00"," "
"07/11/2023 18:00:00","SCA|NO1","mFRR","Local","Down","463.00","84.00"," "
"07/11/2023 19:00:00","SCA|NO1","mFRR","Local","Up","39.00","0.00"," "
"07/11/2023 19:00:00","SCA|NO1","mFRR","Local","Down","313.00","54.00"," "
"07/11/2023 20:00:00","SCA|NO1","mFRR","Local","Up","59.00","0.00"," "
"07/11/2023 20:00:00","SCA|NO1","mFRR","Local","Down","316.00","51.00"," "
"07/11/2023 21:00:00","SCA|NO1","mFRR","Local","Up","214.00","0.00"," "
"07/11/2023 21:00:00","SCA|NO1","mFRR","Local","Down","269.00","0.00"," "
"07/11/2023 22:00:00","SCA|NO1","mFRR","Local","Up","247.00","0.00"," "
"07/11/2023 22:00:00","SCA|NO1","mFRR","Local","Down","256.00","0.00"," "
"07/11/2023 23:00:00","SCA|NO1","mFRR","Local","Up","255.00","0.00"," "
"07/11/2023 23:00:00","SCA|NO1","mFRR","Local","Down","297.00","0.00"," "
"08/11/2023 00:00:00","SCA|NO1","mFRR","Local","Up","377.00","0.00"," "
"08/11/2023 00:00:00","SCA|NO1","mFRR","Local","Down","176.00","0.00"," "
"08/11/2023 01:00:00","SCA|NO1","mFRR","Local","Up","485.00","0.00"," "
"08/11/2023 01:00:00","SCA|NO1","mFRR","Local","Down","117.00","0.00"," "
"08/11/2023 02:00:00","SCA|NO1","mFRR","Local","Up","444.00","0.00"," "
"08/11/2023 02:00:00","SCA|NO1","mFRR","Local","Down","133.00","0.00"," "
"08/11/2023 03:00:00","SCA|NO1","mFRR","Local","Up","562.00","0.00"," "
"08/11/2023 03:00:00","SCA|NO1","mFRR","Local","Down","60.00","0.00"," "
"08/11/2023 04:00:00","SCA|NO1","mFRR","Local","Up","497.00","0.00"," "
"08/11/2023 04:00:00","SCA|NO1","mFRR","Local","Down","104.00","0.00"," "
"08/11/2023 05:00:00","SCA|NO1","mFRR","Local","Up","478.00","0.00"," "
"08/11/2023 05:00:00","SCA|NO1","mFRR","Local","Down","97.00","39.50"," "
"08/11/2023 06:00:00","SCA|NO1","mFRR","Local","Up","358.00","0.00"," "
"08/11/2023 06:00:00","SCA|NO1","mFRR","Local","Down","195.00","15.00"," "
"08/11/2023 07:00:00","SCA|NO1","mFRR","Local","Up","135.00","0.00"," "
"08/11/2023 07:00:00","SCA|NO1","mFRR","Local","Down","255.00","0.00"," "
"08/11/2023 08:00:00","SCA|NO1","mFRR","Local","Up","0.00","0.00"," "
"08/11/2023 08:00:00","SCA|NO1","mFRR","Local","Down","286.00","0.00"," "
"08/11/2023 09:00:00","SCA|NO1","mFRR","Local","Up","110.00","0.00"," "
"08/11/2023 09:00:00","SCA|NO1","mFRR","Local","Down","302.00","0.00"," "
"08/11/2023 10:00:00","SCA|NO1","mFRR","Local","Up","248.00","0.00"," "
"08/11/2023 10:00:00","SCA|NO1","mFRR","Local","Down","248.00","0.00"," "
"08/11/2023 11:00:00","SCA|NO1","mFRR","Local","Up","312.00","0.00"," "
"08/11/2023 11:00:00","SCA|NO1","mFRR","Local","Down","191.00","0.00"," "
"08/11/2023 12:00:00","SCA|NO1","mFRR","Local","Up","335.00","0.00"," "
"08/11/2023 12:00:00","SCA|NO1","mFRR","Local","Down","188.00","0.00"," "
"08/11/2023 13:00:00","SCA|NO1","mFRR","Local","Up","312.00","0.00"," "
"08/11/2023 13:00:00","SCA|NO1","mFRR","Local","Down","153.00","0.00"," "
"08/11/2023 14:00:00","SCA|NO1","mFRR","Local","Up","302.00","0.00"," "
"08/11/2023 14:00:00","SCA|NO1","mFRR","Local","Down","248.00","14.50"," "
"08/11/2023 15:00:00","SCA|NO1","mFRR","Local","Up","302.00","125.00"," "
"08/11/2023 15:00:00","SCA|NO1","mFRR","Local","Down","248.00","0.00"," "
"08/11/2023 16:00:00","SCA|NO1","mFRR","Local","Up","200.00","200.00"," "
"08/11/2023 16:00:00","SCA|NO1","mFRR","Local","Down","248.00","0.00"," "
"08/11/2023 17:00:00","SCA|NO1","mFRR","Local","Up","200.00","0.00"," "
"08/11/2023 17:00:00","SCA|NO1","mFRR","Local","Down","277.50","0.00"," "
"08/11/2023 18:00:00","SCA|NO1","mFRR","Local","Up","200.00","0.00"," "
"08/11/2023 18:00:00","SCA|NO1","mFRR","Local","Down","232.00","0.00"," "
"08/11/2023 19:00:00","SCA|NO1","mFRR","Local","Up","248.00","0.00"," "
"08/11/2023 19:00:00","SCA|NO1","mFRR","Local","Down","211.00","0.00"," "
"08/11/2023 20:00:00","SCA|NO1","mFRR","Local","Up","410.00","34.00"," "
"08/11/2023 20:00:00","SCA|NO1","mFRR","Local","Down","155.00","0.00"," "
"08/11/2023 21:00:00","SCA|NO1","mFRR","Local","Up","564.00","23.00"," "
"08/11/2023 21:00:00","SCA|NO1","mFRR","Local","Down","70.00","0.00"," "
"08/11/2023 22:00:00","SCA|NO1","mFRR","Local","Up","543.00","0.00"," "
"08/11/2023 22:00:00","SCA|NO1","mFRR","Local","Down","70.00","0.00"," "
"08/11/2023 23:00:00","SCA|NO1","mFRR","Local","Up","719.00","0.00"," "
"08/11/2023 23:00:00","SCA|NO1","mFRR","Local","Down","0.00","0.00"," "
"09/11/2023 00:00:00","SCA|NO1","mFRR","Local","Up","586.00","0.00"," "
"09/11/2023 00:00:00","SCA|NO1","mFRR","Local","Down","44.00","0.00"," "
"09/11/2023 01:00:00","SCA|NO1","mFRR","Local","Up","586.00","0.00"," "
"09/11/2023 01:00:00","SCA|NO1","mFRR","Local","Down","55.00","0.00"," "
"09/11/2023 02:00:00","SCA|NO1","mFRR","Local","Up","586.00","0.00"," "
"09/11/2023 02:00:00","SCA|NO1","mFRR","Local","Down","65.00","0.00"," "
"09/11/2023 03:00:00","SCA|NO1","mFRR","Local","Up","525.00","0.00"," "
"09/11/2023 03:00:00","SCA|NO1","mFRR","Local","Down","96.00","0.00"," "
"09/11/2023 04:00:00","SCA|NO1","mFRR","Local","Up","482.00","0.00"," "
"09/11/2023 04:00:00","SCA|NO1","mFRR","Local","Down","167.00","0.00"," "
"09/11/2023 05:00:00","SCA|NO1","mFRR","Local","Up","267.00","0.00"," "
"09/11/2023 05:00:00","SCA|NO1","mFRR","Local","Down","274.00","94.00"," "
"09/11/2023 06:00:00","SCA|NO1","mFRR","Local","Up","177.00","0.00"," "
"09/11/2023 06:00:00","SCA|NO1","mFRR","Local","Down","312.00","0.00"," "
"09/11/2023 07:00:00","SCA|NO1","mFRR","Local","Up","0.00","0.00"," "
"09/11/2023 07:00:00","SCA|NO1","mFRR","Local","Down","356.00","0.00"," "
"09/11/2023 08:00:00","SCA|NO1","mFRR","Local","Up","0.00","0.00"," "
"09/11/2023 08:00:00","SCA|NO1","mFRR","Local","Down","396.00","0.00"," "
"09/11/2023 09:00:00","SCA|NO1","mFRR","Local","Up","0.00","0.00"," "
"09/11/2023 09:00:00","SCA|NO1","mFRR","Local","Down","395.00","112.00"," "
"09/11/2023 10:00:00","SCA|NO1","mFRR","Local","Up","11.00","0.00"," "
"09/11/2023 10:00:00","SCA|NO1","mFRR","Local","Down","398.00","112.00"," "
"09/11/2023 11:00:00","SCA|NO1","mFRR","Local","Up","86.00","0.00"," "
"09/11/2023 11:00:00","SCA|NO1","mFRR","Local","Down","309.00","112.00"," "
"09/11/2023 12:00:00","SCA|NO1","mFRR","Local","Up","84.00","0.00"," "
"09/11/2023 12:00:00","SCA|NO1","mFRR","Local","Down","350.00","25.75"," "
"09/11/2023 13:00:00","SCA|NO1","mFRR","Local","Up","81.00","0.00"," "
"09/11/2023 13:00:00","SCA|NO1","mFRR","Local","Down","345.00","0.00"," "
"09/11/2023 14:00:00","SCA|NO1","mFRR","Local","Up","11.00","0.00"," "
"09/11/2023 14:00:00","SCA|NO1","mFRR","Local","Down","422.00","0.00"," "
"09/11/2023 15:00:00","SCA|NO1","mFRR","Local","Up","67.00","0.00"," "
"09/11/2023 15:00:00","SCA|NO1","mFRR","Local","Down","368.00","0.00"," "
"09/11/2023 16:00:00","SCA|NO1","mFRR","Local","Up","18.00","0.00"," "
"09/11/2023 16:00:00","SCA|NO1","mFRR","Local","Down","412.00","0.00"," "
"09/11/2023 17:00:00","SCA|NO1","mFRR","Local","Up","18.00","13.50"," "
"09/11/2023 17:00:00","SCA|NO1","mFRR","Local","Down","410.00","0.00"," "
"09/11/2023 18:00:00","SCA|NO1","mFRR","Local","Up","18.00","9.00"," "
"09/11/2023 18:00:00","SCA|NO1","mFRR","Local","Down","407.00","0.00"," "
"09/11/2023 19:00:00","SCA|NO1","mFRR","Local","Up","113.00","0.00"," "
"09/11/2023 19:00:00","SCA|NO1","mFRR","Local","Down","391.00","0.00"," "
"09/11/2023 20:00:00","SCA|NO1","mFRR","Local","Up","234.00","29.00"," "
"09/11/2023 20:00:00","SCA|NO1","mFRR","Local","Down","331.00","0.00"," "
"09/11/2023 21:00:00","SCA|NO1","mFRR","Local","Up","309.00","29.00"," "
"09/11/2023 21:00:00","SCA|NO1","mFRR","Local","Down","267.00","0.00"," "
"09/11/2023 22:00:00","SCA|NO1","mFRR","Local","Up","300.00","0.00"," "
"09/11/2023 22:00:00","SCA|NO1","mFRR","Local","Down","215.00","0.00"," "
"09/11/2023 23:00:00","SCA|NO1","mFRR","Local","Up","544.00","0.00"," "
"09/11/2023 23:00:00","SCA|NO1","mFRR","Local","Down","107.00","0.00"," "
"10/11/2023 00:00:00","SCA|NO1","mFRR","Local","Up","860.00","0.00"," "
"10/11/2023 00:00:00","SCA|NO1","mFRR","Local","Down","51.00","0.00"," "
"10/11/2023 01:00:00","SCA|NO1","mFRR","Local","Up","860.00","0.00"," "
"10/11/2023 01:00:00","SCA|NO1","mFRR","Local","Down","30.00","0.00"," "
"10/11/2023 02:00:00","SCA|NO1","mFRR","Local","Up","824.00","0.00"," "
"10/11/2023 02:00:00","SCA|NO1","mFRR","Local","Down","30.00","0.00"," "
"10/11/2023 03:00:00","SCA|NO1","mFRR","Local","Up","824.00","0.00"," "
"10/11/2023 03:00:00","SCA|NO1","mFRR","Local","Down","30.00","0.00"," "
"10/11/2023 04:00:00","SCA|NO1","mFRR","Local","Up","860.00","0.00"," "
"10/11/2023 04:00:00","SCA|NO1","mFRR","Local","Down","30.00","0.00"," "
"10/11/2023 05:00:00","SCA|NO1","mFRR","Local","Up","844.00","0.00"," "
"10/11/2023 05:00:00","SCA|NO1","mFRR","Local","Down","38.00","0.00"," "
"10/11/2023 06:00:00","SCA|NO1","mFRR","Local","Up","585.00","71.00"," "
"10/11/2023 06:00:00","SCA|NO1","mFRR","Local","Down","166.00","0.00"," "
"10/11/2023 07:00:00","SCA|NO1","mFRR","Local","Up","303.00","151.00"," "
"10/11/2023 07:00:00","SCA|NO1","mFRR","Local","Down","291.00","0.00"," "
"10/11/2023 08:00:00","SCA|NO1","mFRR","Local","Up","206.00","173.00"," "
"10/11/2023 08:00:00","SCA|NO1","mFRR","Local","Down","412.00","0.00"," "
"10/11/2023 09:00:00","SCA|NO1","mFRR","Local","Up","206.00","173.00"," "
"10/11/2023 09:00:00","SCA|NO1","mFRR","Local","Down","392.00","0.00"," "
"10/11/2023 10:00:00","SCA|NO1","mFRR","Local","Up","206.00","152.25"," "
"10/11/2023 10:00:00","SCA|NO1","mFRR","Local","Down","395.00","0.00"," "
"10/11/2023 11:00:00","SCA|NO1","mFRR","Local","Up","206.00","90.00"," "
"10/11/2023 11:00:00","SCA|NO1","mFRR","Local","Down","395.00","0.00"," "
"10/11/2023 12:00:00","SCA|NO1","mFRR","Local","Up","206.00","90.00"," "
"10/11/2023 12:00:00","SCA|NO1","mFRR","Local","Down","390.00","0.00"," "
"10/11/2023 13:00:00","SCA|NO1","mFRR","Local","Up","206.00","131.50"," "
"10/11/2023 13:00:00","SCA|NO1","mFRR","Local","Down","399.00","0.00"," "
"10/11/2023 14:00:00","SCA|NO1","mFRR","Local","Up","115.00","87.00"," "
"10/11/2023 14:00:00","SCA|NO1","mFRR","Local","Down","427.00","0.00"," "
"10/11/2023 15:00:00","SCA|NO1","mFRR","Local","Up","113.00","65.00"," "
"10/11/2023 15:00:00","SCA|NO1","mFRR","Local","Down","433.00","0.00"," "
"10/11/2023 16:00:00","SCA|NO1","mFRR","Local","Up","113.00","65.00"," "
"10/11/2023 16:00:00","SCA|NO1","mFRR","Local","Down","431.00","0.00"," "
"10/11/2023 17:00:00","SCA|NO1","mFRR","Local","Up","113.00","65.00"," "
"10/11/2023 17:00:00","SCA|NO1","mFRR","Local","Down","434.00","0.00"," "
"10/11/2023 18:00:00","SCA|NO1","mFRR","Local","Up","113.00","65.00"," "
"10/11/2023 18:00:00","SCA|NO1","mFRR","Local","Down","441.00","0.00"," "
"10/11/2023 19:00:00","SCA|NO1","mFRR","Local","Up","115.00","48.75"," "
"10/11/2023 19:00:00","SCA|NO1","mFRR","Local","Down","445.00","0.00"," "
"10/11/2023 20:00:00","SCA|NO1","mFRR","Local","Up","115.00","0.00"," "
"10/11/2023 20:00:00","SCA|NO1","mFRR","Local","Down","447.00","0.00"," "
"10/11/2023 21:00:00","SCA|NO1","mFRR","Local","Up","138.00","0.00"," "
"10/11/2023 21:00:00","SCA|NO1","mFRR","Local","Down","395.00","0.00"," "
"10/11/2023 22:00:00","SCA|NO1","mFRR","Local","Up","206.00","0.00"," "
"10/11/2023 22:00:00","SCA|NO1","mFRR","Local","Down","413.00","0.00"," "
"10/11/2023 23:00:00","SCA|NO1","mFRR","Local","Up","282.00","0.00"," "
"10/11/2023 23:00:00","SCA|NO1","mFRR","Local","Down","254.00","0.00"," "
"11/11/2023 00:00:00","SCA|NO1","mFRR","Local","Up","207.00","0.00"," "
"11/11/2023 00:00:00","SCA|NO1","mFRR","Local","Down","302.00","0.00"," "
"11/11/2023 01:00:00","SCA|NO1","mFRR","Local","Up","284.00","0.00"," "
"11/11/2023 01:00:00","SCA|NO1","mFRR","Local","Down","221.00","0.00"," "
"11/11/2023 02:00:00","SCA|NO1","mFRR","Local","Up","212.00","0.00"," "
"11/11/2023 02:00:00","SCA|NO1","mFRR","Local","Down","317.00","0.00"," "
"11/11/2023 03:00:00","SCA|NO1","mFRR","Local","Up","220.00","0.00"," "
"11/11/2023 03:00:00","SCA|NO1","mFRR","Local","Down","313.00","0.00"," "
"11/11/2023 04:00:00","SCA|NO1","mFRR","Local","Up","317.00","0.00"," "
"11/11/2023 04:00:00","SCA|NO1","mFRR","Local","Down","224.00","0.00"," "
"11/11/2023 05:00:00","SCA|NO1","mFRR","Local","Up","265.00","0.00"," "
"11/11/2023 05:00:00","SCA|NO1","mFRR","Local","Down","265.00","0.00"," "
"11/11/2023 06:00:00","SCA|NO1","mFRR","Local","Up","184.00","0.00"," "
"11/11/2023 06:00:00","SCA|NO1","mFRR","Local","Down","427.00","0.00"," "
"11/11/2023 07:00:00","SCA|NO1","mFRR","Local","Up","112.00","0.00"," "
"11/11/2023 07:00:00","SCA|NO1","mFRR","Local","Down","461.00","0.00"," "
"11/11/2023 08:00:00","SCA|NO1","mFRR","Local","Up","115.00","0.00"," "
"11/11/2023 08:00:00","SCA|NO1","mFRR","Local","Down","463.00","0.00"," "
"11/11/2023 09:00:00","SCA|NO1","mFRR","Local","Up","111.00","0.00"," "
"11/11/2023 09:00:00","SCA|NO1","mFRR","Local","Down","457.00","85.50"," "
"11/11/2023 10:00:00","SCA|NO1","mFRR","Local","Up","226.00","0.00"," "
"11/11/2023 10:00:00","SCA|NO1","mFRR","Local","Down","459.00","0.00"," "
"11/11/2023 11:00:00","SCA|NO1","mFRR","Local","Up","226.00","0.00"," "
"11/11/2023 11:00:00","SCA|NO1","mFRR","Local","Down","470.00","0.00"," "
"11/11/2023 12:00:00","SCA|NO1","mFRR","Local","Up","228.00","0.00"," "
"11/11/2023 12:00:00","SCA|NO1","mFRR","Local","Down","469.00","0.00"," "
"11/11/2023 13:00:00","SCA|NO1","mFRR","Local","Up","226.00","0.00"," "
"11/11/2023 13:00:00","SCA|NO1","mFRR","Local","Down","468.00","0.00"," "
"11/11/2023 14:00:00","SCA|NO1","mFRR","Local","Up","225.00","0.00"," "
"11/11/2023 14:00:00","SCA|NO1","mFRR","Local","Down","470.00","278.50"," "
"11/11/2023 15:00:00","SCA|NO1","mFRR","Local","Up","151.50","0.00"," "
"11/11/2023 15:00:00","SCA|NO1","mFRR","Local","Down","457.00","195.00"," "
"11/11/2023 16:00:00","SCA|NO1","mFRR","Local","Up","118.00","0.00"," "
"11/11/2023 16:00:00","SCA|NO1","mFRR","Local","Down","476.00","0.00"," "
"11/11/2023 17:00:00","SCA|NO1","mFRR","Local","Up","118.00","0.00"," "
"11/11/2023 17:00:00","SCA|NO1","mFRR","Local","Down","480.00","0.00"," "
"11/11/2023 18:00:00","SCA|NO1","mFRR","Local","Up","118.00","0.00"," "
"11/11/2023 18:00:00","SCA|NO1","mFRR","Local","Down","478.00","0.00"," "
"11/11/2023 19:00:00","SCA|NO1","mFRR","Local","Up","128.00","0.00"," "
"11/11/2023 19:00:00","SCA|NO1","mFRR","Local","Down","460.00","0.00"," "
"11/11/2023 20:00:00","SCA|NO1","mFRR","Local","Up","136.00","0.00"," "
"11/11/2023 20:00:00","SCA|NO1","mFRR","Local","Down","453.00","0.00"," "
"11/11/2023 21:00:00","SCA|NO1","mFRR","Local","Up","138.00","0.00"," "
"11/11/2023 21:00:00","SCA|NO1","mFRR","Local","Down","413.00","0.00"," "
"11/11/2023 22:00:00","SCA|NO1","mFRR","Local","Up","138.00","0.00"," "
"11/11/2023 22:00:00","SCA|NO1","mFRR","Local","Down","418.00","0.00"," "
"11/11/2023 23:00:00","SCA|NO1","mFRR","Local","Up","179.00","0.00"," "
"11/11/2023 23:00:00","SCA|NO1","mFRR","Local","Down","238.00","0.00"," "
"12/11/2023 00:00:00","SCA|NO1","mFRR","Local","Up","164.00","0.00"," "
"12/11/2023 00:00:00","SCA|NO1","mFRR","Local","Down","389.00","0.00"," "
"12/11/2023 01:00:00","SCA|NO1","mFRR","Local","Up","254.00","0.00"," "
"12/11/2023 01:00:00","SCA|NO1","mFRR","Local","Down","374.00","0.00"," "
"12/11/2023 02:00:00","SCA|NO1","mFRR","Local","Up","289.00","0.00"," "
"12/11/2023 02:00:00","SCA|NO1","mFRR","Local","Down","328.00","0.00"," "
"12/11/2023 03:00:00","SCA|NO1","mFRR","Local","Up","356.00","0.00"," "
"12/11/2023 03:00:00","SCA|NO1","mFRR","Local","Down","216.00","0.00"," "
"12/11/2023 04:00:00","SCA|NO1","mFRR","Local","Up","268.00","0.00"," "
"12/11/2023 04:00:00","SCA|NO1","mFRR","Local","Down","298.00","0.00"," "
"12/11/2023 05:00:00","SCA|NO1","mFRR","Local","Up","162.00","0.00"," "
"12/11/2023 05:00:00","SCA|NO1","mFRR","Local","Down","400.00","0.00"," "
"12/11/2023 06:00:00","SCA|NO1","mFRR","Local","Up","162.00","0.00"," "
"12/11/2023 06:00:00","SCA|NO1","mFRR","Local","Down","379.00","0.00"," "
"12/11/2023 07:00:00","SCA|NO1","mFRR","Local","Up","160.00","0.00"," "
"12/11/2023 07:00:00","SCA|NO1","mFRR","Local","Down","356.00","0.00"," "
"12/11/2023 08:00:00","SCA|NO1","mFRR","Local","Up","162.00","0.00"," "
"12/11/2023 08:00:00","SCA|NO1","mFRR","Local","Down","358.00","0.00"," "
"12/11/2023 09:00:00","SCA|NO1","mFRR","Local","Up","162.00","0.00"," "
"12/11/2023 09:00:00","SCA|NO1","mFRR","Local","Down","374.00","0.00"," "
"12/11/2023 10:00:00","SCA|NO1","mFRR","Local","Up","119.00","0.00"," "
"12/11/2023 10:00:00","SCA|NO1","mFRR","Local","Down","421.00","0.00"," "
"12/11/2023 11:00:00","SCA|NO1","mFRR","Local","Up","119.00","0.00"," "
"12/11/2023 11:00:00","SCA|NO1","mFRR","Local","Down","400.00","0.00"," "
"12/11/2023 12:00:00","SCA|NO1","mFRR","Local","Up","119.00","0.00"," "
"12/11/2023 12:00:00","SCA|NO1","mFRR","Local","Down","410.00","0.00"," "
"12/11/2023 13:00:00","SCA|NO1","mFRR","Local","Up","119.00","0.00"," "
"12/11/2023 13:00:00","SCA|NO1","mFRR","Local","Down","405.00","0.00"," "
"12/11/2023 14:00:00","SCA|NO1","mFRR","Local","Up","118.00","0.00"," "
"12/11/2023 14:00:00","SCA|NO1","mFRR","Local","Down","377.00","0.00"," "
"12/11/2023 15:00:00","SCA|NO1","mFRR","Local","Up","118.00","0.00"," "
"12/11/2023 15:00:00","SCA|NO1","mFRR","Local","Down","383.00","0.00"," "
"12/11/2023 16:00:00","SCA|NO1","mFRR","Local","Up","118.00","0.00"," "
"12/11/2023 16:00:00","SCA|NO1","mFRR","Local","Down","385.00","0.00"," "
"12/11/2023 17:00:00","SCA|NO1","mFRR","Local","Up","118.00","0.00"," "
"12/11/2023 17:00:00","SCA|NO1","mFRR","Local","Down","399.00","0.00"," "
"12/11/2023 18:00:00","SCA|NO1","mFRR","Local","Up","118.00","0.00"," "
"12/11/2023 18:00:00","SCA|NO1","mFRR","Local","Down","402.00","0.00"," "
"12/11/2023 19:00:00","SCA|NO1","mFRR","Local","Up","118.00","0.00"," "
"12/11/2023 19:00:00","SCA|NO1","mFRR","Local","Down","404.00","0.00"," "
"12/11/2023 20:00:00","SCA|NO1","mFRR","Local","Up","118.00","0.00"," "
"12/11/2023 20:00:00","SCA|NO1","mFRR","Local","Down","383.00","0.00"," "
"12/11/2023 21:00:00","SCA|NO1","mFRR","Local","Up","118.00","0.00"," "
"12/11/2023 21:00:00","SCA|NO1","mFRR","Local","Down","384.00","0.00"," "
"12/11/2023 22:00:00","SCA|NO1","mFRR","Local","Up","118.00","0.00"," "
"12/11/2023 22:00:00","SCA|NO1","mFRR","Local","Down","380.00","0.00"," "
"12/11/2023 23:00:00","SCA|NO1","mFRR","Local","Up","118.00","90.00"," "
"12/11/2023 23:00:00","SCA|NO1","mFRR","Local","Down","390.00","0.00"," "
"13/11/2023 00:00:00","SCA|NO1","mFRR","Local","Up","238.00","114.75"," "
"13/11/2023 00:00:00","SCA|NO1","mFRR","Local","Down","343.00","0.00"," "
"13/11/2023 01:00:00","SCA|NO1","mFRR","Local","Up","344.00","72.50"," "
"13/11/2023 01:00:00","SCA|NO1","mFRR","Local","Down","220.00","0.00"," "
"13/11/2023 02:00:00","SCA|NO1","mFRR","Local","Up","705.00","0.00"," "
"13/11/2023 02:00:00","SCA|NO1","mFRR","Local","Down","38.00","0.00"," "
"13/11/2023 03:00:00","SCA|NO1","mFRR","Local","Up","794.00","0.00"," "
"13/11/2023 03:00:00","SCA|NO1","mFRR","Local","Down","12.00","0.00"," "
"13/11/2023 04:00:00","SCA|NO1","mFRR","Local","Up","794.00","0.00"," "
"13/11/2023 04:00:00","SCA|NO1","mFRR","Local","Down","12.00","0.00"," "
"13/11/2023 05:00:00","SCA|NO1","mFRR","Local","Up","731.00","0.00"," "
"13/11/2023 05:00:00","SCA|NO1","mFRR","Local","Down","22.00","0.00"," "
"13/11/2023 06:00:00","SCA|NO1","mFRR","Local","Up","316.00","0.00"," "
"13/11/2023 06:00:00","SCA|NO1","mFRR","Local","Down","194.00","0.00"," "
"13/11/2023 07:00:00","SCA|NO1","mFRR","Local","Up","42.00","21.00"," "
"13/11/2023 07:00:00","SCA|NO1","mFRR","Local","Down","330.00","0.00"," "
"13/11/2023 08:00:00","SCA|NO1","mFRR","Local","Up","0.00","0.00"," "
"13/11/2023 08:00:00","SCA|NO1","mFRR","Local","Down","342.00","0.00"," "
"13/11/2023 09:00:00","SCA|NO1","mFRR","Local","Up","0.00","0.00"," "
"13/11/2023 09:00:00","SCA|NO1","mFRR","Local","Down","361.00","0.00"," "
"13/11/2023 10:00:00","SCA|NO1","mFRR","Local","Up","10.00","0.00"," "
"13/11/2023 10:00:00","SCA|NO1","mFRR","Local","Down","392.00","0.00"," "
"13/11/2023 11:00:00","SCA|NO1","mFRR","Local","Up","19.00","14.25"," "
"13/11/2023 11:00:00","SCA|NO1","mFRR","Local","Down","399.00","0.00"," "
"13/11/2023 12:00:00","SCA|NO1","mFRR","Local","Up","118.00","106.00"," "
"13/11/2023 12:00:00","SCA|NO1","mFRR","Local","Down","348.00","0.00"," "
"13/11/2023 13:00:00","SCA|NO1","mFRR","Local","Up","119.00","17.50"," "
"13/11/2023 13:00:00","SCA|NO1","mFRR","Local","Down","384.00","0.00"," "
"13/11/2023 14:00:00","SCA|NO1","mFRR","Local","Up","172.00","15.00"," "
"13/11/2023 14:00:00","SCA|NO1","mFRR","Local","Down","301.00","0.00"," "
"13/11/2023 15:00:00","SCA|NO1","mFRR","Local","Up","172.00","20.00"," "
"13/11/2023 15:00:00","SCA|NO1","mFRR","Local","Down","168.00","0.00"," "
"13/11/2023 16:00:00","SCA|NO1","mFRR","Local","Up","266.00","224.00"," "
"13/11/2023 16:00:00","SCA|NO1","mFRR","Local","Down","202.00","0.00"," "
"13/11/2023 17:00:00","SCA|NO1","mFRR","Local","Up","266.00","190.50"," "
"13/11/2023 17:00:00","SCA|NO1","mFRR","Local","Down","200.00","0.00"," "
"13/11/2023 18:00:00","SCA|NO1","mFRR","Local","Up","266.00","0.00"," "
"13/11/2023 18:00:00","SCA|NO1","mFRR","Local","Down","203.00","0.00"," "
"13/11/2023 19:00:00","SCA|NO1","mFRR","Local","Up","341.00","0.00"," "
"13/11/2023 19:00:00","SCA|NO1","mFRR","Local","Down","70.00","0.00"," "
"13/11/2023 20:00:00","SCA|NO1","mFRR","Local","Up","362.00","0.00"," "
"13/11/2023 20:00:00","SCA|NO1","mFRR","Local","Down","46.00","0.00"," "
"13/11/2023 21:00:00","SCA|NO1","mFRR","Local","Up","442.00","0.00"," "
"13/11/2023 21:00:00","SCA|NO1","mFRR","Local","Down","32.00","0.00"," "
"13/11/2023 22:00:00","SCA|NO1","mFRR","Local","Up","690.00","0.00"," "
"13/11/2023 22:00:00","SCA|NO1","mFRR","Local","Down","0.00","0.00"," "
"13/11/2023 23:00:00","SCA|NO1","mFRR","Local","Up","748.00","0.00"," "
"13/11/2023 23:00:00","SCA|NO1","mFRR","Local","Down","0.00","0.00"," "
"14/11/2023 00:00:00","SCA|NO1","mFRR","Local","Up","781.00","33.50"," "
"14/11/2023 00:00:00","SCA|NO1","mFRR","Local","Down","0.00","0.00"," "
"14/11/2023 01:00:00","SCA|NO1","mFRR","Local","Up","856.00","0.00"," "
"14/11/2023 01:00:00","SCA|NO1","mFRR","Local","Down","28.00","0.00"," "
"14/11/2023 02:00:00","SCA|NO1","mFRR","Local","Up","868.00","0.00"," "
"14/11/2023 02:00:00","SCA|NO1","mFRR","Local","Down","28.00","0.00"," "
"14/11/2023 03:00:00","SCA|NO1","mFRR","Local","Up","868.00","0.00"," "
"14/11/2023 03:00:00","SCA|NO1","mFRR","Local","Down","24.00","0.00"," "
"14/11/2023 04:00:00","SCA|NO1","mFRR","Local","Up","868.00","0.00"," "
"14/11/2023 04:00:00","SCA|NO1","mFRR","Local","Down","20.00","0.00"," "
"14/11/2023 05:00:00","SCA|NO1","mFRR","Local","Up","752.00","0.00"," "
"14/11/2023 05:00:00","SCA|NO1","mFRR","Local","Down","19.00","0.00"," "
"14/11/2023 06:00:00","SCA|NO1","mFRR","Local","Up","791.00","0.00"," "
"14/11/2023 06:00:00","SCA|NO1","mFRR","Local","Down","23.00","0.00"," "
"14/11/2023 07:00:00","SCA|NO1","mFRR","Local","Up","331.00","0.00"," "
"14/11/2023 07:00:00","SCA|NO1","mFRR","Local","Down","184.00","87.75"," "
"14/11/2023 08:00:00","SCA|NO1","mFRR","Local","Up","288.00","0.00"," "
"14/11/2023 08:00:00","SCA|NO1","mFRR","Local","Down","248.00","108.25"," "
"14/11/2023 09:00:00","SCA|NO1","mFRR","Local","Up","331.00","0.00"," "
"14/11/2023 09:00:00","SCA|NO1","mFRR","Local","Down","218.00","150.00"," "
"14/11/2023 10:00:00","SCA|NO1","mFRR","Local","Up","342.00","0.00"," "
"14/11/2023 10:00:00","SCA|NO1","mFRR","Local","Down","87.00","16.00"," "
"14/11/2023 11:00:00","SCA|NO1","mFRR","Local","Up","342.00","0.00"," "
"14/11/2023 11:00:00","SCA|NO1","mFRR","Local","Down","176.00","0.00"," "
"14/11/2023 12:00:00","SCA|NO1","mFRR","Local","Up","268.00","0.00"," "
"14/11/2023 12:00:00","SCA|NO1","mFRR","Local","Down","271.00","0.00"," "
"14/11/2023 13:00:00","SCA|NO1","mFRR","Local","Up","334.00","0.00"," "
"14/11/2023 13:00:00","SCA|NO1","mFRR","Local","Down","195.00","82.00"," "
"14/11/2023 14:00:00","SCA|NO1","mFRR","Local","Up","329.00","135.25"," "
"14/11/2023 14:00:00","SCA|NO1","mFRR","Local","Down","208.00","0.00"," "
"14/11/2023 15:00:00","SCA|NO1","mFRR","Local","Up","213.00","87.00"," "
"14/11/2023 15:00:00","SCA|NO1","mFRR","Local","Down","226.00","0.00"," "
"14/11/2023 16:00:00","SCA|NO1","mFRR","Local","Up","116.00","0.00"," "
"14/11/2023 16:00:00","SCA|NO1","mFRR","Local","Down","306.00","0.00"," "
"14/11/2023 17:00:00","SCA|NO1","mFRR","Local","Up","55.00","0.00"," "
"14/11/2023 17:00:00","SCA|NO1","mFRR","Local","Down","287.00","0.00"," "
"14/11/2023 18:00:00","SCA|NO1","mFRR","Local","Up","60.00","0.00"," "
"14/11/2023 18:00:00","SCA|NO1","mFRR","Local","Down","298.00","0.00"," "
"14/11/2023 19:00:00","SCA|NO1","mFRR","Local","Up","129.00","0.00"," "
"14/11/2023 19:00:00","SCA|NO1","mFRR","Local","Down","354.00","0.00"," "
"14/11/2023 20:00:00","SCA|NO1","mFRR","Local","Up","139.00","0.00"," "
"14/11/2023 20:00:00","SCA|NO1","mFRR","Local","Down","306.00","0.00"," "
"14/11/2023 21:00:00","SCA|NO1","mFRR","Local","Up","139.00","69.00"," "
"14/11/2023 21:00:00","SCA|NO1","mFRR","Local","Down","340.00","0.00"," "
"14/11/2023 22:00:00","SCA|NO1","mFRR","Local","Up","117.00","52.50"," "
"14/11/2023 22:00:00","SCA|NO1","mFRR","Local","Down","340.00","0.00"," "
"14/11/2023 23:00:00","SCA|NO1","mFRR","Local","Up","236.00","45.00"," "
"14/11/2023 23:00:00","SCA|NO1","mFRR","Local","Down","189.25","0.00"," "
"15/11/2023 00:00:00","SCA|NO1","mFRR","Local","Up","304.00","0.00"," "
"15/11/2023 00:00:00","SCA|NO1","mFRR","Local","Down","275.00","211.25"," "
"15/11/2023 01:00:00","SCA|NO1","mFRR","Local","Up","317.00","0.00"," "
"15/11/2023 01:00:00","SCA|NO1","mFRR","Local","Down","295.00","184.00"," "
"15/11/2023 02:00:00","SCA|NO1","mFRR","Local","Up","392.00","0.00"," "
"15/11/2023 02:00:00","SCA|NO1","mFRR","Local","Down","220.00","152.00"," "
"15/11/2023 03:00:00","SCA|NO1","mFRR","Local","Up","404.00","0.00"," "
"15/11/2023 03:00:00","SCA|NO1","mFRR","Local","Down","200.00","154.00"," "
"15/11/2023 04:00:00","SCA|NO1","mFRR","Local","Up","348.00","0.00"," "
"15/11/2023 04:00:00","SCA|NO1","mFRR","Local","Down","268.00","170.75"," "
"15/11/2023 05:00:00","SCA|NO1","mFRR","Local","Up","304.00","0.00"," "
"15/11/2023 05:00:00","SCA|NO1","mFRR","Local","Down","235.00","176.00"," "
"15/11/2023 06:00:00","SCA|NO1","mFRR","Local","Up","0.00","0.00"," "
"15/11/2023 06:00:00","SCA|NO1","mFRR","Local","Down","333.00","188.50"," "
"15/11/2023 07:00:00","SCA|NO1","mFRR","Local","Up","0.00","0.00"," "
"15/11/2023 07:00:00","SCA|NO1","mFRR","Local","Down","309.00","0.00"," "
"15/11/2023 08:00:00","SCA|NO1","mFRR","Local","Up","0.00","0.00"," "
"15/11/2023 08:00:00","SCA|NO1","mFRR","Local","Down","301.00","0.00"," "
"15/11/2023 09:00:00","SCA|NO1","mFRR","Local","Up","0.00","0.00"," "
"15/11/2023 09:00:00","SCA|NO1","mFRR","Local","Down","326.00","113.50"," "
"15/11/2023 10:00:00","SCA|NO1","mFRR","Local","Up","0.00","0.00"," "
"15/11/2023 10:00:00","SCA|NO1","mFRR","Local","Down","321.00","41.00"," "
"15/11/2023 11:00:00","SCA|NO1","mFRR","Local","Up","22.00","16.50"," "
"15/11/2023 11:00:00","SCA|NO1","mFRR","Local","Down","308.00","0.00"," "
"15/11/2023 12:00:00","SCA|NO1","mFRR","Local","Up","42.00","42.00"," "
"15/11/2023 12:00:00","SCA|NO1","mFRR","Local","Down","299.00","0.00"," "
"15/11/2023 13:00:00","SCA|NO1","mFRR","Local","Up","22.00","22.00"," "
"15/11/2023 13:00:00","SCA|NO1","mFRR","Local","Down","308.00","0.00"," "
"15/11/2023 14:00:00","SCA|NO1","mFRR","Local","Up","0.00","0.00"," "
"15/11/2023 14:00:00","SCA|NO1","mFRR","Local","Down","320.00","0.00"," "
"15/11/2023 15:00:00","SCA|NO1","mFRR","Local","Up","0.00","0.00"," "
"15/11/2023 15:00:00","SCA|NO1","mFRR","Local","Down","310.00","0.00"," "
"15/11/2023 16:00:00","SCA|NO1","mFRR","Local","Up","0.00","0.00"," "
"15/11/2023 16:00:00","SCA|NO1","mFRR","Local","Down","313.00","0.00"," "
"15/11/2023 17:00:00","SCA|NO1","mFRR","Local","Up","0.00","0.00"," "
"15/11/2023 17:00:00","SCA|NO1","mFRR","Local","Down","303.00","82.00"," "
"15/11/2023 18:00:00","SCA|NO1","mFRR","Local","Up","0.00","0.00"," "
"15/11/2023 18:00:00","SCA|NO1","mFRR","Local","Down","303.00","82.00"," "
"15/11/2023 19:00:00","SCA|NO1","mFRR","Local","Up","0.00","0.00"," "
"15/11/2023 19:00:00","SCA|NO1","mFRR","Local","Down","303.00","82.00"," "
"15/11/2023 20:00:00","SCA|NO1","mFRR","Local","Up","0.00","0.00"," "
"15/11/2023 20:00:00","SCA|NO1","mFRR","Local","Down","325.00","0.00"," "
"15/11/2023 21:00:00","SCA|NO1","mFRR","Local","Up","13.00","0.00"," "
"15/11/2023 21:00:00","SCA|NO1","mFRR","Local","Down","245.00","104.75"," "
"15/11/2023 22:00:00","SCA|NO1","mFRR","Local","Up","99.00","0.00"," "
"15/11/2023 22:00:00","SCA|NO1","mFRR","Local","Down","285.00","124.50"," "
"15/11/2023 23:00:00","SCA|NO1","mFRR","Local","Up","230.00","0.00"," "
"15/11/2023 23:00:00","SCA|NO1","mFRR","Local","Down","218.00","93.75"," "
"16/11/2023 00:00:00","SCA|NO1","mFRR","Local","Up","287.00","0.00"," "
"16/11/2023 00:00:00","SCA|NO1","mFRR","Local","Down","191.00","43.00"," "
"16/11/2023 01:00:00","SCA|NO1","mFRR","Local","Up","287.00","0.00"," "
"16/11/2023 01:00:00","SCA|NO1","mFRR","Local","Down","87.00","26.00"," "
"16/11/2023 02:00:00","SCA|NO1","mFRR","Local","Up","390.00","0.00"," "
"16/11/2023 02:00:00","SCA|NO1","mFRR","Local","Down","54.00","0.00"," "
"16/11/2023 03:00:00","SCA|NO1","mFRR","Local","Up","404.00","0.00"," "
"16/11/2023 03:00:00","SCA|NO1","mFRR","Local","Down","52.00","0.00"," "
"16/11/2023 04:00:00","SCA|NO1","mFRR","Local","Up","330.00","0.00"," "
"16/11/2023 04:00:00","SCA|NO1","mFRR","Local","Down","61.00","0.00"," "
"16/11/2023 05:00:00","SCA|NO1","mFRR","Local","Up","255.00","0.00"," "
"16/11/2023 05:00:00","SCA|NO1","mFRR","Local","Down","124.00","57.50"," "
"16/11/2023 06:00:00","SCA|NO1","mFRR","Local","Up","12.00","0.00"," "
"16/11/2023 06:00:00","SCA|NO1","mFRR","Local","Down","189.00","89.00"," "
"16/11/2023 07:00:00","SCA|NO1","mFRR","Local","Up","0.00","0.00"," "
"16/11/2023 07:00:00","SCA|NO1","mFRR","Local","Down","301.00","82.00"," "
"16/11/2023 08:00:00","SCA|NO1","mFRR","Local","Up","0.00","0.00"," "
"16/11/2023 08:00:00","SCA|NO1","mFRR","Local","Down","290.00","97.00"," "
"16/11/2023 09:00:00","SCA|NO1","mFRR","Local","Up","0.00","0.00"," "
"16/11/2023 09:00:00","SCA|NO1","mFRR","Local","Down","274.00","60.00"," "
"16/11/2023 10:00:00","SCA|NO1","mFRR","Local","Up","0.00","0.00"," "
"16/11/2023 10:00:00","SCA|NO1","mFRR","Local","Down","288.00","66.75"," "
"16/11/2023 11:00:00","SCA|NO1","mFRR","Local","Up","0.00","0.00"," "
"16/11/2023 11:00:00","SCA|NO1","mFRR","Local","Down","297.00","16.00"," "
"16/11/2023 12:00:00","SCA|NO1","mFRR","Local","Up","0.00","0.00"," "
"16/11/2023 12:00:00","SCA|NO1","mFRR","Local","Down","296.00","0.00"," "
"16/11/2023 13:00:00","SCA|NO1","mFRR","Local","Up","0.00","0.00"," "
"16/11/2023 13:00:00","SCA|NO1","mFRR","Local","Down","307.00","88.00"," "
"16/11/2023 14:00:00","SCA|NO1","mFRR","Local","Up","0.00","0.00"," "
"16/11/2023 14:00:00","SCA|NO1","mFRR","Local","Down","289.00","64.00"," "
"16/11/2023 15:00:00","SCA|NO1","mFRR","Local","Up","0.00","0.00"," "
"16/11/2023 15:00:00","SCA|NO1","mFRR","Local","Down","307.00","82.00"," "
"16/11/2023 16:00:00","SCA|NO1","mFRR","Local","Up","0.00","0.00"," "
"16/11/2023 16:00:00","SCA|NO1","mFRR","Local","Down","291.00","40.50"," "
"16/11/2023 17:00:00","SCA|NO1","mFRR","Local","Up","0.00","0.00"," "
"16/11/2023 17:00:00","SCA|NO1","mFRR","Local","Down","307.00","0.00"," "
"16/11/2023 18:00:00","SCA|NO1","mFRR","Local","Up","0.00","0.00"," "
"16/11/2023 18:00:00","SCA|NO1","mFRR","Local","Down","308.00","0.00"," "
"16/11/2023 19:00:00","SCA|NO1","mFRR","Local","Up","0.00","0.00"," "
"16/11/2023 19:00:00","SCA|NO1","mFRR","Local","Down","308.00","0.00"," "
"16/11/2023 20:00:00","SCA|NO1","mFRR","Local","Up","0.00","0.00"," "
"16/11/2023 20:00:00","SCA|NO1","mFRR","Local","Down","319.00","0.00"," "
"16/11/2023 21:00:00","SCA|NO1","mFRR","Local","Up","0.00","0.00"," "
"16/11/2023 21:00:00","SCA|NO1","mFRR","Local","Down","300.00","0.00"," "
"16/11/2023 22:00:00","SCA|NO1","mFRR","Local","Up","0.00","0.00"," "
"16/11/2023 22:00:00","SCA|NO1","mFRR","Local","Down","321.00","42.00"," "
"16/11/2023 23:00:00","SCA|NO1","mFRR","Local","Up","99.00","0.00"," "
"16/11/2023 23:00:00","SCA|NO1","mFRR","Local","Down","365.00","150.00"," "
"17/11/2023 00:00:00","SCA|NO1","mFRR","Local","Up","114.00","0.00"," "
"17/11/2023 00:00:00","SCA|NO1","mFRR","Local","Down","413.00","0.00"," "
"17/11/2023 01:00:00","SCA|NO1","mFRR","Local","Up","127.00","0.00"," "
"17/11/2023 01:00:00","SCA|NO1","mFRR","Local","Down","443.00","0.00"," "
"17/11/2023 02:00:00","SCA|NO1","mFRR","Local","Up","126.00","0.00"," "
"17/11/2023 02:00:00","SCA|NO1","mFRR","Local","Down","424.00","66.00"," "
"17/11/2023 03:00:00","SCA|NO1","mFRR","Local","Up","136.00","0.00"," "
"17/11/2023 03:00:00","SCA|NO1","mFRR","Local","Down","403.00","23.00"," "
"17/11/2023 04:00:00","SCA|NO1","mFRR","Local","Up","112.00","0.00"," "
"17/11/2023 04:00:00","SCA|NO1","mFRR","Local","Down","451.00","89.00"," "
"17/11/2023 05:00:00","SCA|NO1","mFRR","Local","Up","0.00","0.00"," "
"17/11/2023 05:00:00","SCA|NO1","mFRR","Local","Down","431.00","218.00"," "
"17/11/2023 06:00:00","SCA|NO1","mFRR","Local","Up","0.00","0.00"," "
"17/11/2023 06:00:00","SCA|NO1","mFRR","Local","Down","417.00","235.75"," "
"17/11/2023 07:00:00","SCA|NO1","mFRR","Local","Up","0.00","0.00"," "
"17/11/2023 07:00:00","SCA|NO1","mFRR","Local","Down","397.00","0.00"," "
"17/11/2023 08:00:00","SCA|NO1","mFRR","Local","Up","0.00","0.00"," "
"17/11/2023 08:00:00","SCA|NO1","mFRR","Local","Down","294.00","78.00"," "
"17/11/2023 09:00:00","SCA|NO1","mFRR","Local","Up","0.00","0.00"," "
"17/11/2023 09:00:00","SCA|NO1","mFRR","Local","Down","340.00","130.25"," "
"17/11/2023 10:00:00","SCA|NO1","mFRR","Local","Up","0.00","0.00"," "
"17/11/2023 10:00:00","SCA|NO1","mFRR","Local","Down","432.00","0.00"," "
"17/11/2023 11:00:00","SCA|NO1","mFRR","Local","Up","0.00","0.00"," "
"17/11/2023 11:00:00","SCA|NO1","mFRR","Local","Down","426.00","0.00"," "
"17/11/2023 12:00:00","SCA|NO1","mFRR","Local","Up","0.00","0.00"," "
"17/11/2023 12:00:00","SCA|NO1","mFRR","Local","Down","430.00","0.00"," "
"17/11/2023 13:00:00","SCA|NO1","mFRR","Local","Up","0.00","0.00"," "
"17/11/2023 13:00:00","SCA|NO1","mFRR","Local","Down","447.00","0.00"," "
"17/11/2023 14:00:00","SCA|NO1","mFRR","Local","Up","0.00","0.00"," "
"17/11/2023 14:00:00","SCA|NO1","mFRR","Local","Down","448.00","0.00"," "
"17/11/2023 15:00:00","SCA|NO1","mFRR","Local","Up","0.00","0.00"," "
"17/11/2023 15:00:00","SCA|NO1","mFRR","Local","Down","416.00","0.00"," "
"17/11/2023 16:00:00","SCA|NO1","mFRR","Local","Up","0.00","0.00"," "
"17/11/2023 16:00:00","SCA|NO1","mFRR","Local","Down","389.00","0.00"," "
"17/11/2023 17:00:00","SCA|NO1","mFRR","Local","Up","0.00","0.00"," "
"17/11/2023 17:00:00","SCA|NO1","mFRR","Local","Down","382.00","0.00"," "
"17/11/2023 18:00:00","SCA|NO1","mFRR","Local","Up","0.00","0.00"," "
"17/11/2023 18:00:00","SCA|NO1","mFRR","Local","Down","382.00","0.00"," "
"17/11/2023 19:00:00","SCA|NO1","mFRR","Local","Up","0.00","0.00"," "
"17/11/2023 19:00:00","SCA|NO1","mFRR","Local","Down","380.00","0.00"," "
"17/11/2023 20:00:00","SCA|NO1","mFRR","Local","Up","0.00","0.00"," "
"17/11/2023 20:00:00","SCA|NO1","mFRR","Local","Down","390.00","0.00"," "
"17/11/2023 21:00:00","SCA|NO1","mFRR","Local","Up","0.00","0.00"," "
"17/11/2023 21:00:00","SCA|NO1","mFRR","Local","Down","340.00","112.50"," "
"17/11/2023 22:00:00","SCA|NO1","mFRR","Local","Up","35.00","0.00"," "
"17/11/2023 22:00:00","SCA|NO1","mFRR","Local","Down","284.00","107.50"," "
"17/11/2023 23:00:00","SCA|NO1","mFRR","Local","Up","90.00","0.00"," "
"17/11/2023 23:00:00","SCA|NO1","mFRR","Local","Down","392.00","48.00"," "
"18/11/2023 00:00:00","SCA|NO1","mFRR","Local","Up","118.00","0.00"," "
"18/11/2023 00:00:00","SCA|NO1","mFRR","Local","Down","248.00","0.00"," "
"18/11/2023 01:00:00","SCA|NO1","mFRR","Local","Up","118.00","0.00"," "
"18/11/2023 01:00:00","SCA|NO1","mFRR","Local","Down","258.00","0.00"," "
"18/11/2023 02:00:00","SCA|NO1","mFRR","Local","Up","118.00","0.00"," "
"18/11/2023 02:00:00","SCA|NO1","mFRR","Local","Down","261.00","0.00"," "
"18/11/2023 03:00:00","SCA|NO1","mFRR","Local","Up","271.00","70.75"," "
"18/11/2023 03:00:00","SCA|NO1","mFRR","Local","Down","207.00","0.00"," "
"18/11/2023 04:00:00","SCA|NO1","mFRR","Local","Up","289.00","0.00"," "
"18/11/2023 04:00:00","SCA|NO1","mFRR","Local","Down","203.00","0.00"," "
"18/11/2023 05:00:00","SCA|NO1","mFRR","Local","Up","293.00","0.00"," "
"18/11/2023 05:00:00","SCA|NO1","mFRR","Local","Down","211.00","0.00"," "
"18/11/2023 06:00:00","SCA|NO1","mFRR","Local","Up","297.00","0.00"," "
"18/11/2023 06:00:00","SCA|NO1","mFRR","Local","Down","207.00","0.00"," "
"18/11/2023 07:00:00","SCA|NO1","mFRR","Local","Up","174.00","0.00"," "
"18/11/2023 07:00:00","SCA|NO1","mFRR","Local","Down","225.00","48.00"," "
"18/11/2023 08:00:00","SCA|NO1","mFRR","Local","Up","162.00","0.00"," "
"18/11/2023 08:00:00","SCA|NO1","mFRR","Local","Down","241.00","44.25"," "
"18/11/2023 09:00:00","SCA|NO1","mFRR","Local","Up","162.00","103.00"," "
"18/11/2023 09:00:00","SCA|NO1","mFRR","Local","Down","238.00","0.00"," "
"18/11/2023 10:00:00","SCA|NO1","mFRR","Local","Up","193.00","134.00"," "
"18/11/2023 10:00:00","SCA|NO1","mFRR","Local","Down","203.00","0.00"," "
"18/11/2023 11:00:00","SCA|NO1","mFRR","Local","Up","194.00","54.00"," "
"18/11/2023 11:00:00","SCA|NO1","mFRR","Local","Down","197.00","0.00"," "
"18/11/2023 12:00:00","SCA|NO1","mFRR","Local","Up","162.00","0.00"," "
"18/11/2023 12:00:00","SCA|NO1","mFRR","Local","Down","233.00","0.00"," "
"18/11/2023 13:00:00","SCA|NO1","mFRR","Local","Up","194.00","0.00"," "
"18/11/2023 13:00:00","SCA|NO1","mFRR","Local","Down","217.00","0.00"," "
"18/11/2023 14:00:00","SCA|NO1","mFRR","Local","Up","162.00","0.00"," "
"18/11/2023 14:00:00","SCA|NO1","mFRR","Local","Down","241.00","0.00"," "
"18/11/2023 15:00:00","SCA|NO1","mFRR","Local","Up","162.00","33.00"," "
"18/11/2023 15:00:00","SCA|NO1","mFRR","Local","Down","235.00","0.00"," "
"18/11/2023 16:00:00","SCA|NO1","mFRR","Local","Up","174.00","56.00"," "
"18/11/2023 16:00:00","SCA|NO1","mFRR","Local","Down","229.00","0.00"," "
"18/11/2023 17:00:00","SCA|NO1","mFRR","Local","Up","165.00","44.00"," "
"18/11/2023 17:00:00","SCA|NO1","mFRR","Local","Down","231.00","0.00"," "
"18/11/2023 18:00:00","SCA|NO1","mFRR","Local","Up","165.00","22.00"," "
"18/11/2023 18:00:00","SCA|NO1","mFRR","Local","Down","110.00","0.00"," "
"18/11/2023 19:00:00","SCA|NO1","mFRR","Local","Up","193.00","0.00"," "
"18/11/2023 19:00:00","SCA|NO1","mFRR","Local","Down","217.00","0.00"," "
"18/11/2023 20:00:00","SCA|NO1","mFRR","Local","Up","417.00","113.00"," "
"18/11/2023 20:00:00","SCA|NO1","mFRR","Local","Down","100.00","0.00"," "
"18/11/2023 21:00:00","SCA|NO1","mFRR","Local","Up","500.00","50.00"," "
"18/11/2023 21:00:00","SCA|NO1","mFRR","Local","Down","101.00","0.00"," "
"18/11/2023 22:00:00","SCA|NO1","mFRR","Local","Up","347.00","20.00"," "
"18/11/2023 22:00:00","SCA|NO1","mFRR","Local","Down","101.00","0.00"," "
"18/11/2023 23:00:00","SCA|NO1","mFRR","Local","Up","773.00","153.25"," "
"18/11/2023 23:00:00","SCA|NO1","mFRR","Local","Down","9.00","0.00"," "
"19/11/2023 00:00:00","SCA|NO1","mFRR","Local","Up","481.00","85.00"," "
"19/11/2023 00:00:00","SCA|NO1","mFRR","Local","Down","0.00","0.00"," "
"19/11/2023 01:00:00","SCA|NO1","mFRR","Local","Up","461.00","23.00"," "
"19/11/2023 01:00:00","SCA|NO1","mFRR","Local","Down","0.00","0.00"," "
"19/11/2023 02:00:00","SCA|NO1","mFRR","Local","Up","496.00","52.25"," "
"19/11/2023 02:00:00","SCA|NO1","mFRR","Local","Down","0.00","0.00"," "
"19/11/2023 03:00:00","SCA|NO1","mFRR","Local","Up","461.00","23.00"," "
"19/11/2023 03:00:00","SCA|NO1","mFRR","Local","Down","0.00","0.00"," "
"19/11/2023 04:00:00","SCA|NO1","mFRR","Local","Up","438.00","0.00"," "
"19/11/2023 04:00:00","SCA|NO1","mFRR","Local","Down","0.00","0.00"," "
"19/11/2023 05:00:00","SCA|NO1","mFRR","Local","Up","438.00","0.00"," "
"19/11/2023 05:00:00","SCA|NO1","mFRR","Local","Down","0.00","0.00"," "
"19/11/2023 06:00:00","SCA|NO1","mFRR","Local","Up","438.00","0.00"," "
"19/11/2023 06:00:00","SCA|NO1","mFRR","Local","Down","0.00","0.00"," "
"19/11/2023 07:00:00","SCA|NO1","mFRR","Local","Up","571.00","0.00"," "
"19/11/2023 07:00:00","SCA|NO1","mFRR","Local","Down","0.00","0.00"," "
"19/11/2023 08:00:00","SCA|NO1","mFRR","Local","Up","699.00","0.00"," "
"19/11/2023 08:00:00","SCA|NO1","mFRR","Local","Down","0.00","0.00"," "
"19/11/2023 09:00:00","SCA|NO1","mFRR","Local","Up","699.00","0.00"," "
"19/11/2023 09:00:00","SCA|NO1","mFRR","Local","Down","43.00","0.00"," "
"19/11/2023 10:00:00","SCA|NO1","mFRR","Local","Up","699.00","204.00"," "
"19/11/2023 10:00:00","SCA|NO1","mFRR","Local","Down","46.00","0.00"," "
"19/11/2023 11:00:00","SCA|NO1","mFRR","Local","Up","699.00","75.00"," "
"19/11/2023 11:00:00","SCA|NO1","mFRR","Local","Down","30.00","0.00"," "
"19/11/2023 12:00:00","SCA|NO1","mFRR","Local","Up","658.00","75.00"," "
"19/11/2023 12:00:00","SCA|NO1","mFRR","Local","Down","50.00","0.00"," "
"19/11/2023 13:00:00","SCA|NO1","mFRR","Local","Up","606.00","75.00"," "
"19/11/2023 13:00:00","SCA|NO1","mFRR","Local","Down","56.00","0.00"," "
"19/11/2023 14:00:00","SCA|NO1","mFRR","Local","Up","508.00","0.00"," "
"19/11/2023 14:00:00","SCA|NO1","mFRR","Local","Down","78.00","0.00"," "
"19/11/2023 15:00:00","SCA|NO1","mFRR","Local","Up","358.00","0.00"," "
"19/11/2023 15:00:00","SCA|NO1","mFRR","Local","Down","160.00","0.00"," "
"19/11/2023 16:00:00","SCA|NO1","mFRR","Local","Up","303.00","161.75"," "
"19/11/2023 16:00:00","SCA|NO1","mFRR","Local","Down","211.00","0.00"," "
"19/11/2023 17:00:00","SCA|NO1","mFRR","Local","Up","161.00","0.00"," "
"19/11/2023 17:00:00","SCA|NO1","mFRR","Local","Down","228.00","0.00"," "
"19/11/2023 18:00:00","SCA|NO1","mFRR","Local","Up","161.00","55.00"," "
"19/11/2023 18:00:00","SCA|NO1","mFRR","Local","Down","237.00","0.00"," "
"19/11/2023 19:00:00","SCA|NO1","mFRR","Local","Up","161.00","44.00"," "
"19/11/2023 19:00:00","SCA|NO1","mFRR","Local","Down","214.00","0.00"," "
"19/11/2023 20:00:00","SCA|NO1","mFRR","Local","Up","161.00","33.25"," "
"19/11/2023 20:00:00","SCA|NO1","mFRR","Local","Down","170.00","12.75"," "
"19/11/2023 21:00:00","SCA|NO1","mFRR","Local","Up","267.00","0.00"," "
"19/11/2023 21:00:00","SCA|NO1","mFRR","Local","Down","169.00","19.00"," "
"19/11/2023 22:00:00","SCA|NO1","mFRR","Local","Up","215.00","0.00"," "
"19/11/2023 22:00:00","SCA|NO1","mFRR","Local","Down","184.00","34.00"," "
"19/11/2023 23:00:00","SCA|NO1","mFRR","Local","Up","303.00","0.00"," "
"19/11/2023 23:00:00","SCA|NO1","mFRR","Local","Down","208.00","58.00"," "
"20/11/2023 00:00:00","SCA|NO1","mFRR","Local","Up","393.00","0.00"," "
"20/11/2023 00:00:00","SCA|NO1","mFRR","Local","Down","58.00","0.00"," "
"20/11/2023 01:00:00","SCA|NO1","mFRR","Local","Up","586.00","233.00"," "
"20/11/2023 01:00:00","SCA|NO1","mFRR","Local","Down","27.00","0.00"," "
"20/11/2023 02:00:00","SCA|NO1","mFRR","Local","Up","645.00","292.00"," "
"20/11/2023 02:00:00","SCA|NO1","mFRR","Local","Down","13.00","0.00"," "
"20/11/2023 03:00:00","SCA|NO1","mFRR","Local","Up","645.00","292.00"," "
"20/11/2023 03:00:00","SCA|NO1","mFRR","Local","Down","13.00","0.00"," "
"20/11/2023 04:00:00","SCA|NO1","mFRR","Local","Up","511.00","158.00"," "
"20/11/2023 04:00:00","SCA|NO1","mFRR","Local","Down","64.00","0.00"," "
"20/11/2023 05:00:00","SCA|NO1","mFRR","Local","Up","214.00","138.00"," "
"20/11/2023 05:00:00","SCA|NO1","mFRR","Local","Down","213.00","0.00"," "
"20/11/2023 06:00:00","SCA|NO1","mFRR","Local","Up","53.00","29.00"," "
"20/11/2023 06:00:00","SCA|NO1","mFRR","Local","Down","227.00","0.00"," "
"20/11/2023 07:00:00","SCA|NO1","mFRR","Local","Up","49.00","49.00"," "
"20/11/2023 07:00:00","SCA|NO1","mFRR","Local","Down","196.00","0.00"," "
"20/11/2023 08:00:00","SCA|NO1","mFRR","Local","Up","49.00","0.00"," "
"20/11/2023 08:00:00","SCA|NO1","mFRR","Local","Down","197.00","0.00"," "
"20/11/2023 09:00:00","SCA|NO1","mFRR","Local","Up","49.00","0.00"," "
"20/11/2023 09:00:00","SCA|NO1","mFRR","Local","Down","197.00","0.00"," "
"20/11/2023 10:00:00","SCA|NO1","mFRR","Local","Up","49.00","0.00"," "
"20/11/2023 10:00:00","SCA|NO1","mFRR","Local","Down","197.00","0.00"," "
"20/11/2023 11:00:00","SCA|NO1","mFRR","Local","Up","50.00","0.00"," "
"20/11/2023 11:00:00","SCA|NO1","mFRR","Local","Down","211.00","0.00"," "
"20/11/2023 12:00:00","SCA|NO1","mFRR","Local","Up","49.00","0.00"," "
"20/11/2023 12:00:00","SCA|NO1","mFRR","Local","Down","223.00","0.00"," "
"20/11/2023 13:00:00","SCA|NO1","mFRR","Local","Up","49.00","0.00"," "
"20/11/2023 13:00:00","SCA|NO1","mFRR","Local","Down","212.00","0.00"," "
"20/11/2023 14:00:00","SCA|NO1","mFRR","Local","Up","49.00","0.00"," "
"20/11/2023 14:00:00","SCA|NO1","mFRR","Local","Down","212.00","0.00"," "
"20/11/2023 15:00:00","SCA|NO1","mFRR","Local","Up","49.00","0.00"," "
"20/11/2023 15:00:00","SCA|NO1","mFRR","Local","Down","212.00","0.00"," "
"20/11/2023 16:00:00","SCA|NO1","mFRR","Local","Up","49.00","0.00"," "
"20/11/2023 16:00:00","SCA|NO1","mFRR","Local","Down","197.00","0.00"," "
"20/11/2023 17:00:00","SCA|NO1","mFRR","Local","Up","49.00","49.00"," "
"20/11/2023 17:00:00","SCA|NO1","mFRR","Local","Down","188.00","0.00"," "
"20/11/2023 18:00:00","SCA|NO1","mFRR","Local","Up","49.00","0.00"," "
"20/11/2023 18:00:00","SCA|NO1","mFRR","Local","Down","192.00","0.00"," "
"20/11/2023 19:00:00","SCA|NO1","mFRR","Local","Up","49.00","0.00"," "
"20/11/2023 19:00:00","SCA|NO1","mFRR","Local","Down","192.00","0.00"," "
"20/11/2023 20:00:00","SCA|NO1","mFRR","Local","Up","49.00","0.00"," "
"20/11/2023 20:00:00","SCA|NO1","mFRR","Local","Down","197.00","32.25"," "
"20/11/2023 21:00:00","SCA|NO1","mFRR","Local","Up","49.00","0.00"," "
"20/11/2023 21:00:00","SCA|NO1","mFRR","Local","Down","182.00","21.00"," "
"20/11/2023 22:00:00","SCA|NO1","mFRR","Local","Up","49.00","0.00"," "
"20/11/2023 22:00:00","SCA|NO1","mFRR","Local","Down","206.00","0.00"," "
"20/11/2023 23:00:00","SCA|NO1","mFRR","Local","Up","49.00","0.00"," "
"20/11/2023 23:00:00","SCA|NO1","mFRR","Local","Down","212.00","32.25"," "
"21/11/2023 00:00:00","SCA|NO1","mFRR","Local","Up","34.00","0.00"," "
"21/11/2023 00:00:00","SCA|NO1","mFRR","Local","Down","305.00","197.00"," "
"21/11/2023 01:00:00","SCA|NO1","mFRR","Local","Up","40.00","0.00"," "
"21/11/2023 01:00:00","SCA|NO1","mFRR","Local","Down","299.00","191.00"," "
"21/11/2023 02:00:00","SCA|NO1","mFRR","Local","Up","66.00","0.00"," "
"21/11/2023 02:00:00","SCA|NO1","mFRR","Local","Down","398.00","290.00"," "
"21/11/2023 03:00:00","SCA|NO1","mFRR","Local","Up","88.00","0.00"," "
"21/11/2023 03:00:00","SCA|NO1","mFRR","Local","Down","234.00","90.00"," "
"21/11/2023 04:00:00","SCA|NO1","mFRR","Local","Up","118.00","0.00"," "
"21/11/2023 04:00:00","SCA|NO1","mFRR","Local","Down","353.00","237.50"," "
"21/11/2023 05:00:00","SCA|NO1","mFRR","Local","Up","66.00","0.00"," "
"21/11/2023 05:00:00","SCA|NO1","mFRR","Local","Down","396.00","247.25"," "
"21/11/2023 06:00:00","SCA|NO1","mFRR","Local","Up","53.00","0.00"," "
"21/11/2023 06:00:00","SCA|NO1","mFRR","Local","Down","294.00","94.50"," "
"21/11/2023 07:00:00","SCA|NO1","mFRR","Local","Up","53.00","0.00"," "
"21/11/2023 07:00:00","SCA|NO1","mFRR","Local","Down","264.00","32.25"," "
"21/11/2023 08:00:00","SCA|NO1","mFRR","Local","Up","53.00","0.00"," "
"21/11/2023 08:00:00","SCA|NO1","mFRR","Local","Down","264.00","32.25"," "
"21/11/2023 09:00:00","SCA|NO1","mFRR","Local","Up","53.00","0.00"," "
"21/11/2023 09:00:00","SCA|NO1","mFRR","Local","Down","294.00","58.00"," "
"21/11/2023 10:00:00","SCA|NO1","mFRR","Local","Up","53.00","0.00"," "
"21/11/2023 10:00:00","SCA|NO1","mFRR","Local","Down","294.00","58.00"," "
"21/11/2023 11:00:00","SCA|NO1","mFRR","Local","Up","53.00","0.00"," "
"21/11/2023 11:00:00","SCA|NO1","mFRR","Local","Down","294.00","0.00"," "
"21/11/2023 12:00:00","SCA|NO1","mFRR","Local","Up","53.00","0.00"," "
"21/11/2023 12:00:00","SCA|NO1","mFRR","Local","Down","294.00","0.00"," "
"21/11/2023 13:00:00","SCA|NO1","mFRR","Local","Up","52.00","0.00"," "
"21/11/2023 13:00:00","SCA|NO1","mFRR","Local","Down","294.00","14.50"," "
"21/11/2023 14:00:00","SCA|NO1","mFRR","Local","Up","52.00","0.00"," "
"21/11/2023 14:00:00","SCA|NO1","mFRR","Local","Down","294.00","58.00"," "
"21/11/2023 15:00:00","SCA|NO1","mFRR","Local","Up","52.00","0.00"," "
"21/11/2023 15:00:00","SCA|NO1","mFRR","Local","Down","294.00","58.00"," "
"21/11/2023 16:00:00","SCA|NO1","mFRR","Local","Up","52.00","0.00"," "
"21/11/2023 16:00:00","SCA|NO1","mFRR","Local","Down","290.00","13.50"," "
"21/11/2023 17:00:00","SCA|NO1","mFRR","Local","Up","52.00","0.00"," "
"21/11/2023 17:00:00","SCA|NO1","mFRR","Local","Down","279.00","0.00"," "
"21/11/2023 18:00:00","SCA|NO1","mFRR","Local","Up","52.00","0.00"," "
"21/11/2023 18:00:00","SCA|NO1","mFRR","Local","Down","264.00","0.00"," "
"21/11/2023 19:00:00","SCA|NO1","mFRR","Local","Up","52.00","0.00"," "
"21/11/2023 19:00:00","SCA|NO1","mFRR","Local","Down","279.00","43.00"," "
"21/11/2023 20:00:00","SCA|NO1","mFRR","Local","Up","54.00","0.00"," "
"21/11/2023 20:00:00","SCA|NO1","mFRR","Local","Down","294.00","58.00"," "
"21/11/2023 21:00:00","SCA|NO1","mFRR","Local","Up","55.00","0.00"," "
"21/11/2023 21:00:00","SCA|NO1","mFRR","Local","Down","294.00","14.50"," "
"21/11/2023 22:00:00","SCA|NO1","mFRR","Local","Up","55.00","0.00"," "
"21/11/2023 22:00:00","SCA|NO1","mFRR","Local","Down","294.00","0.00"," "
"21/11/2023 23:00:00","SCA|NO1","mFRR","Local","Up","55.00","0.00"," "
"21/11/2023 23:00:00","SCA|NO1","mFRR","Local","Down","293.00","0.00"," "
"22/11/2023 00:00:00","SCA|NO1","mFRR","Local","Up","151.00","0.00"," "
"22/11/2023 00:00:00","SCA|NO1","mFRR","Local","Down","509.00","75.50"," "
"22/11/2023 01:00:00","SCA|NO1","mFRR","Local","Up","151.00","0.00"," "
"22/11/2023 01:00:00","SCA|NO1","mFRR","Local","Down","448.00","186.00"," "
"22/11/2023 02:00:00","SCA|NO1","mFRR","Local","Up","172.00","0.00"," "
"22/11/2023 02:00:00","SCA|NO1","mFRR","Local","Down","442.00","168.00"," "
"22/11/2023 03:00:00","SCA|NO1","mFRR","Local","Up","172.00","0.00"," "
"22/11/2023 03:00:00","SCA|NO1","mFRR","Local","Down","460.00","153.00"," "
"22/11/2023 04:00:00","SCA|NO1","mFRR","Local","Up","218.00","17.25"," "
"22/11/2023 04:00:00","SCA|NO1","mFRR","Local","Down","429.00","24.50"," "
"22/11/2023 05:00:00","SCA|NO1","mFRR","Local","Up","210.00","23.00"," "
"22/11/2023 05:00:00","SCA|NO1","mFRR","Local","Down","437.00","0.00"," "
"22/11/2023 06:00:00","SCA|NO1","mFRR","Local","Up","108.00","70.00"," "
"22/11/2023 06:00:00","SCA|NO1","mFRR","Local","Down","488.00","0.00"," "
"22/11/2023 07:00:00","SCA|NO1","mFRR","Local","Up","56.00","56.00"," "
"22/11/2023 07:00:00","SCA|NO1","mFRR","Local","Down","520.00","0.00"," "
"22/11/2023 08:00:00","SCA|NO1","mFRR","Local","Up","58.00","58.00"," "
"22/11/2023 08:00:00","SCA|NO1","mFRR","Local","Down","514.00","0.00"," "
"22/11/2023 09:00:00","SCA|NO1","mFRR","Local","Up","118.00","65.00"," "
"22/11/2023 09:00:00","SCA|NO1","mFRR","Local","Down","486.00","0.00"," "
"22/11/2023 10:00:00","SCA|NO1","mFRR","Local","Up","320.00","188.00"," "
"22/11/2023 10:00:00","SCA|NO1","mFRR","Local","Down","451.00","0.00"," "
"22/11/2023 11:00:00","SCA|NO1","mFRR","Local","Up","503.00","160.50"," "
"22/11/2023 11:00:00","SCA|NO1","mFRR","Local","Down","381.00","0.00"," "
"22/11/2023 12:00:00","SCA|NO1","mFRR","Local","Up","503.00","0.00"," "
"22/11/2023 12:00:00","SCA|NO1","mFRR","Local","Down","378.00","17.00"," "
"22/11/2023 13:00:00","SCA|NO1","mFRR","Local","Up","549.00","0.00"," "
"22/11/2023 13:00:00","SCA|NO1","mFRR","Local","Down","322.00","0.00"," "
"22/11/2023 14:00:00","SCA|NO1","mFRR","Local","Up","561.00","0.00"," "
"22/11/2023 14:00:00","SCA|NO1","mFRR","Local","Down","306.00","0.00"," "
"22/11/2023 15:00:00","SCA|NO1","mFRR","Local","Up","538.00","0.00"," "
"22/11/2023 15:00:00","SCA|NO1","mFRR","Local","Down","313.00","0.00"," "
"22/11/2023 16:00:00","SCA|NO1","mFRR","Local","Up","572.00","0.00"," "
"22/11/2023 16:00:00","SCA|NO1","mFRR","Local","Down","282.00","0.00"," "
"22/11/2023 17:00:00","SCA|NO1","mFRR","Local","Up","503.00","0.00"," "
"22/11/2023 17:00:00","SCA|NO1","mFRR","Local","Down","307.00","0.00"," "
"22/11/2023 18:00:00","SCA|NO1","mFRR","Local","Up","571.00","5.00"," "
"22/11/2023 18:00:00","SCA|NO1","mFRR","Local","Down","273.00","0.00"," "
"22/11/2023 19:00:00","SCA|NO1","mFRR","Local","Up","599.00","0.00"," "
"22/11/2023 19:00:00","SCA|NO1","mFRR","Local","Down","276.00","0.00"," "
"22/11/2023 20:00:00","SCA|NO1","mFRR","Local","Up","607.00","0.00"," "
"22/11/2023 20:00:00","SCA|NO1","mFRR","Local","Down","277.00","0.00"," "
"22/11/2023 21:00:00","SCA|NO1","mFRR","Local","Up","607.00","0.00"," "
"22/11/2023 21:00:00","SCA|NO1","mFRR","Local","Down","275.00","0.00"," "
"22/11/2023 22:00:00","SCA|NO1","mFRR","Local","Up","581.00","0.00"," "
"22/11/2023 22:00:00","SCA|NO1","mFRR","Local","Down","258.00","0.00"," "
"22/11/2023 23:00:00","SCA|NO1","mFRR","Local","Up","634.00","0.00"," "
"22/11/2023 23:00:00","SCA|NO1","mFRR","Local","Down","231.00","0.00"," "
"23/11/2023 00:00:00","SCA|NO1","mFRR","Local","Up","599.00","0.00"," "
"23/11/2023 00:00:00","SCA|NO1","mFRR","Local","Down","131.00","0.00"," "
"23/11/2023 01:00:00","SCA|NO1","mFRR","Local","Up","866.00","0.00"," "
"23/11/2023 01:00:00","SCA|NO1","mFRR","Local","Down","106.00","0.00"," "
"23/11/2023 02:00:00","SCA|NO1","mFRR","Local","Up","866.00","0.00"," "
"23/11/2023 02:00:00","SCA|NO1","mFRR","Local","Down","110.00","0.00"," "
"23/11/2023 03:00:00","SCA|NO1","mFRR","Local","Up","866.00","0.00"," "
"23/11/2023 03:00:00","SCA|NO1","mFRR","Local","Down","107.00","0.00"," "
"23/11/2023 04:00:00","SCA|NO1","mFRR","Local","Up","866.00","0.00"," "
"23/11/2023 04:00:00","SCA|NO1","mFRR","Local","Down","109.00","0.00"," "
"23/11/2023 05:00:00","SCA|NO1","mFRR","Local","Up","725.00","0.00"," "
"23/11/2023 05:00:00","SCA|NO1","mFRR","Local","Down","112.00","0.00"," "
"23/11/2023 06:00:00","SCA|NO1","mFRR","Local","Up","709.00","0.00"," "
"23/11/2023 06:00:00","SCA|NO1","mFRR","Local","Down","155.00","0.00"," "
"23/11/2023 07:00:00","SCA|NO1","mFRR","Local","Up","711.00","0.00"," "
"23/11/2023 07:00:00","SCA|NO1","mFRR","Local","Down","207.00","0.00"," "
"23/11/2023 08:00:00","SCA|NO1","mFRR","Local","Up","711.00","0.00"," "
"23/11/2023 08:00:00","SCA|NO1","mFRR","Local","Down","134.00","0.00"," "
"23/11/2023 09:00:00","SCA|NO1","mFRR","Local","Up","711.00","0.00"," "
"23/11/2023 09:00:00","SCA|NO1","mFRR","Local","Down","139.00","0.00"," "
"23/11/2023 10:00:00","SCA|NO1","mFRR","Local","Up","711.00","0.00"," "
"23/11/2023 10:00:00","SCA|NO1","mFRR","Local","Down","129.00","0.00"," "
"23/11/2023 11:00:00","SCA|NO1","mFRR","Local","Up","630.00","0.00"," "
"23/11/2023 11:00:00","SCA|NO1","mFRR","Local","Down","127.00","0.00"," "
"23/11/2023 12:00:00","SCA|NO1","mFRR","Local","Up","552.00","0.00"," "
"23/11/2023 12:00:00","SCA|NO1","mFRR","Local","Down","175.00","0.00"," "
"23/11/2023 13:00:00","SCA|NO1","mFRR","Local","Up","551.00","0.00"," "
"23/11/2023 13:00:00","SCA|NO1","mFRR","Local","Down","126.00","34.00"," "
"23/11/2023 14:00:00","SCA|NO1","mFRR","Local","Up","551.00","0.00"," "
"23/11/2023 14:00:00","SCA|NO1","mFRR","Local","Down","132.00","30.00"," "
"23/11/2023 15:00:00","SCA|NO1","mFRR","Local","Up","729.00","0.00"," "
"23/11/2023 15:00:00","SCA|NO1","mFRR","Local","Down","138.00","0.00"," "
"23/11/2023 16:00:00","SCA|NO1","mFRR","Local","Up","680.00","0.00"," "
"23/11/2023 16:00:00","SCA|NO1","mFRR","Local","Down","137.00","0.00"," "
"23/11/2023 17:00:00","SCA|NO1","mFRR","Local","Up","653.00","0.00"," "
"23/11/2023 17:00:00","SCA|NO1","mFRR","Local","Down","138.00","0.00"," "
"23/11/2023 18:00:00","SCA|NO1","mFRR","Local","Up","674.00","0.00"," "
"23/11/2023 18:00:00","SCA|NO1","mFRR","Local","Down","143.00","0.00"," "
"23/11/2023 19:00:00","SCA|NO1","mFRR","Local","Up","674.00","0.00"," "
"23/11/2023 19:00:00","SCA|NO1","mFRR","Local","Down","162.00","0.00"," "
"23/11/2023 20:00:00","SCA|NO1","mFRR","Local","Up","734.00","0.00"," "
"23/11/2023 20:00:00","SCA|NO1","mFRR","Local","Down","156.00","0.00"," "
"23/11/2023 21:00:00","SCA|NO1","mFRR","Local","Up","655.00","0.00"," "
"23/11/2023 21:00:00","SCA|NO1","mFRR","Local","Down","110.00","0.00"," "
"23/11/2023 22:00:00","SCA|NO1","mFRR","Local","Up","679.00","0.00"," "
"23/11/2023 22:00:00","SCA|NO1","mFRR","Local","Down","98.00","0.00"," "
"23/11/2023 23:00:00","SCA|NO1","mFRR","Local","Up","655.00","70.00"," "
"23/11/2023 23:00:00","SCA|NO1","mFRR","Local","Down","80.00","0.00"," "
"24/11/2023 00:00:00","SCA|NO1","mFRR","Local","Up","380.00","0.00"," "
"24/11/2023 00:00:00","SCA|NO1","mFRR","Local","Down","58.00","0.00"," "
"24/11/2023 01:00:00","SCA|NO1","mFRR","Local","Up","817.00","0.00"," "
"24/11/2023 01:00:00","SCA|NO1","mFRR","Local","Down","81.00","0.00"," "
"24/11/2023 02:00:00","SCA|NO1","mFRR","Local","Up","817.00","0.00"," "
"24/11/2023 02:00:00","SCA|NO1","mFRR","Local","Down","50.00","0.00"," "
"24/11/2023 03:00:00","SCA|NO1","mFRR","Local","Up","817.00","0.00"," "
"24/11/2023 03:00:00","SCA|NO1","mFRR","Local","Down","41.00","0.00"," "
"24/11/2023 04:00:00","SCA|NO1","mFRR","Local","Up","817.00","0.00"," "
"24/11/2023 04:00:00","SCA|NO1","mFRR","Local","Down","32.00","0.00"," "
"24/11/2023 05:00:00","SCA|NO1","mFRR","Local","Up","678.00","0.00"," "
"24/11/2023 05:00:00","SCA|NO1","mFRR","Local","Down","39.00","0.00"," "
"24/11/2023 06:00:00","SCA|NO1","mFRR","Local","Up","566.00","0.00"," "
"24/11/2023 06:00:00","SCA|NO1","mFRR","Local","Down","71.00","0.00"," "
"24/11/2023 07:00:00","SCA|NO1","mFRR","Local","Up","301.00","107.00"," "
"24/11/2023 07:00:00","SCA|NO1","mFRR","Local","Down","276.00","0.00"," "
"24/11/2023 08:00:00","SCA|NO1","mFRR","Local","Up","333.00","333.00"," "
"24/11/2023 08:00:00","SCA|NO1","mFRR","Local","Down","302.00","0.00"," "
"24/11/2023 09:00:00","SCA|NO1","mFRR","Local","Up","302.00","302.00"," "
"24/11/2023 09:00:00","SCA|NO1","mFRR","Local","Down","344.00","0.00"," "
"24/11/2023 10:00:00","SCA|NO1","mFRR","Local","Up","146.00","73.00"," "
"24/11/2023 10:00:00","SCA|NO1","mFRR","Local","Down","366.00","0.00"," "
"24/11/2023 11:00:00","SCA|NO1","mFRR","Local","Up","146.00","0.00"," "
"24/11/2023 11:00:00","SCA|NO1","mFRR","Local","Down","366.00","16.00"," "
"24/11/2023 12:00:00","SCA|NO1","mFRR","Local","Up","146.00","0.00"," "
"24/11/2023 12:00:00","SCA|NO1","mFRR","Local","Down","360.00","89.00"," "
"24/11/2023 13:00:00","SCA|NO1","mFRR","Local","Up","146.00","0.00"," "
"24/11/2023 13:00:00","SCA|NO1","mFRR","Local","Down","361.00","0.00"," "
"24/11/2023 14:00:00","SCA|NO1","mFRR","Local","Up","146.00","0.00"," "
"24/11/2023 14:00:00","SCA|NO1","mFRR","Local","Down","356.00","0.00"," "
"24/11/2023 15:00:00","SCA|NO1","mFRR","Local","Up","186.00","0.00"," "
"24/11/2023 15:00:00","SCA|NO1","mFRR","Local","Down","361.00","0.00"," "
"24/11/2023 16:00:00","SCA|NO1","mFRR","Local","Up","113.00","0.00"," "
"24/11/2023 16:00:00","SCA|NO1","mFRR","Local","Down","367.00","0.00"," "
"24/11/2023 17:00:00","SCA|NO1","mFRR","Local","Up","122.00","0.00"," "
"24/11/2023 17:00:00","SCA|NO1","mFRR","Local","Down","350.00","0.00"," "
"24/11/2023 18:00:00","SCA|NO1","mFRR","Local","Up","92.00","0.00"," "
"24/11/2023 18:00:00","SCA|NO1","mFRR","Local","Down","326.00","0.00"," "
"24/11/2023 19:00:00","SCA|NO1","mFRR","Local","Up","136.00","0.00"," "
"24/11/2023 19:00:00","SCA|NO1","mFRR","Local","Down","311.00","0.00"," "
"24/11/2023 20:00:00","SCA|NO1","mFRR","Local","Up","198.00","0.00"," "
"24/11/2023 20:00:00","SCA|NO1","mFRR","Local","Down","196.00","0.00"," "
"24/11/2023 21:00:00","SCA|NO1","mFRR","Local","Up","311.00","0.00"," "
"24/11/2023 21:00:00","SCA|NO1","mFRR","Local","Down","229.00","0.00"," "
"24/11/2023 22:00:00","SCA|NO1","mFRR","Local","Up","372.00","0.00"," "
"24/11/2023 22:00:00","SCA|NO1","mFRR","Local","Down","239.00","15.50"," "
"24/11/2023 23:00:00","SCA|NO1","mFRR","Local","Up","390.00","0.00"," "
"24/11/2023 23:00:00","SCA|NO1","mFRR","Local","Down","211.00","79.00"," "
"25/11/2023 00:00:00","SCA|NO1","mFRR","Local","Up","729.00","0.00"," "
"25/11/2023 00:00:00","SCA|NO1","mFRR","Local","Down","120.00","0.00"," "
"25/11/2023 01:00:00","SCA|NO1","mFRR","Local","Up","791.00","0.00"," "
"25/11/2023 01:00:00","SCA|NO1","mFRR","Local","Down","162.00","17.25"," "
"25/11/2023 02:00:00","SCA|NO1","mFRR","Local","Up","777.00","0.00"," "
"25/11/2023 02:00:00","SCA|NO1","mFRR","Local","Down","166.00","0.00"," "
"25/11/2023 03:00:00","SCA|NO1","mFRR","Local","Up","783.00","0.00"," "
"25/11/2023 03:00:00","SCA|NO1","mFRR","Local","Down","141.00","0.00"," "
"25/11/2023 04:00:00","SCA|NO1","mFRR","Local","Up","815.00","0.00"," "
"25/11/2023 04:00:00","SCA|NO1","mFRR","Local","Down","107.00","0.00"," "
"25/11/2023 05:00:00","SCA|NO1","mFRR","Local","Up","697.00","0.00"," "
"25/11/2023 05:00:00","SCA|NO1","mFRR","Local","Down","115.00","0.00"," "
"25/11/2023 06:00:00","SCA|NO1","mFRR","Local","Up","617.00","0.00"," "
"25/11/2023 06:00:00","SCA|NO1","mFRR","Local","Down","112.00","0.00"," "
"25/11/2023 07:00:00","SCA|NO1","mFRR","Local","Up","490.00","0.00"," "
"25/11/2023 07:00:00","SCA|NO1","mFRR","Local","Down","142.00","0.00"," "
"25/11/2023 08:00:00","SCA|NO1","mFRR","Local","Up","334.00","0.00"," "
"25/11/2023 08:00:00","SCA|NO1","mFRR","Local","Down","205.00","0.00"," "
"25/11/2023 09:00:00","SCA|NO1","mFRR","Local","Up","354.00","23.50"," "
"25/11/2023 09:00:00","SCA|NO1","mFRR","Local","Down","254.00","0.00"," "
"25/11/2023 10:00:00","SCA|NO1","mFRR","Local","Up","290.00","122.50"," "
"25/11/2023 10:00:00","SCA|NO1","mFRR","Local","Down","334.00","0.00"," "
"25/11/2023 11:00:00","SCA|NO1","mFRR","Local","Up","229.00","56.25"," "
"25/11/2023 11:00:00","SCA|NO1","mFRR","Local","Down","350.00","0.00"," "
"25/11/2023 12:00:00","SCA|NO1","mFRR","Local","Up","139.00","40.00"," "
"25/11/2023 12:00:00","SCA|NO1","mFRR","Local","Down","402.00","0.00"," "
"25/11/2023 13:00:00","SCA|NO1","mFRR","Local","Up","139.00","20.00"," "
"25/11/2023 13:00:00","SCA|NO1","mFRR","Local","Down","409.00","0.00"," "
"25/11/2023 14:00:00","SCA|NO1","mFRR","Local","Up","54.00","0.00"," "
"25/11/2023 14:00:00","SCA|NO1","mFRR","Local","Down","368.00","17.25"," "
"25/11/2023 15:00:00","SCA|NO1","mFRR","Local","Up","54.00","30.00"," "
"25/11/2023 15:00:00","SCA|NO1","mFRR","Local","Down","426.00","0.00"," "
"25/11/2023 16:00:00","SCA|NO1","mFRR","Local","Up","54.00","20.00"," "
"25/11/2023 16:00:00","SCA|NO1","mFRR","Local","Down","504.00","0.00"," "
"25/11/2023 17:00:00","SCA|NO1","mFRR","Local","Up","54.00","20.00"," "
"25/11/2023 17:00:00","SCA|NO1","mFRR","Local","Down","485.00","0.00"," "
"25/11/2023 18:00:00","SCA|NO1","mFRR","Local","Up","54.00","0.00"," "
"25/11/2023 18:00:00","SCA|NO1","mFRR","Local","Down","482.00","36.00"," "
"25/11/2023 19:00:00","SCA|NO1","mFRR","Local","Up","54.00","0.00"," "
"25/11/2023 19:00:00","SCA|NO1","mFRR","Local","Down","510.00","34.50"," "
"25/11/2023 20:00:00","SCA|NO1","mFRR","Local","Up","54.00","30.00"," "
"25/11/2023 20:00:00","SCA|NO1","mFRR","Local","Down","511.00","0.00"," "
"25/11/2023 21:00:00","SCA|NO1","mFRR","Local","Up","54.00","40.00"," "
"25/11/2023 21:00:00","SCA|NO1","mFRR","Local","Down","511.00","0.00"," "
"25/11/2023 22:00:00","SCA|NO1","mFRR","Local","Up","54.00","40.00"," "
"25/11/2023 22:00:00","SCA|NO1","mFRR","Local","Down","518.00","0.00"," "
"25/11/2023 23:00:00","SCA|NO1","mFRR","Local","Up","54.00","54.00"," "
"25/11/2023 23:00:00","SCA|NO1","mFRR","Local","Down","473.00","0.00"," "
"26/11/2023 00:00:00","SCA|NO1","mFRR","Local","Up","0.00","0.00"," "
"26/11/2023 00:00:00","SCA|NO1","mFRR","Local","Down","501.00","0.00"," "
"26/11/2023 01:00:00","SCA|NO1","mFRR","Local","Up","0.00","0.00"," "
"26/11/2023 01:00:00","SCA|NO1","mFRR","Local","Down","500.00","0.00"," "
"26/11/2023 02:00:00","SCA|NO1","mFRR","Local","Up","0.00","0.00"," "
"26/11/2023 02:00:00","SCA|NO1","mFRR","Local","Down","518.00","0.00"," "
"26/11/2023 03:00:00","SCA|NO1","mFRR","Local","Up","54.00","0.00"," "
"26/11/2023 03:00:00","SCA|NO1","mFRR","Local","Down","495.00","0.00"," "
"26/11/2023 04:00:00","SCA|NO1","mFRR","Local","Up","135.00","0.00"," "
"26/11/2023 04:00:00","SCA|NO1","mFRR","Local","Down","511.00","50.25"," "
"26/11/2023 05:00:00","SCA|NO1","mFRR","Local","Up","135.00","0.00"," "
"26/11/2023 05:00:00","SCA|NO1","mFRR","Local","Down","472.00","55.00"," "
"26/11/2023 06:00:00","SCA|NO1","mFRR","Local","Up","54.00","0.00"," "
"26/11/2023 06:00:00","SCA|NO1","mFRR","Local","Down","434.00","65.00"," "
"26/11/2023 07:00:00","SCA|NO1","mFRR","Local","Up","54.00","0.00"," "
"26/11/2023 07:00:00","SCA|NO1","mFRR","Local","Down","412.00","118.00"," "
"26/11/2023 08:00:00","SCA|NO1","mFRR","Local","Up","54.00","0.00"," "
"26/11/2023 08:00:00","SCA|NO1","mFRR","Local","Down","450.00","0.00"," "
"26/11/2023 09:00:00","SCA|NO1","mFRR","Local","Up","54.00","0.00"," "
"26/11/2023 09:00:00","SCA|NO1","mFRR","Local","Down","443.00","0.00"," "
"26/11/2023 10:00:00","SCA|NO1","mFRR","Local","Up","54.00","0.00"," "
"26/11/2023 10:00:00","SCA|NO1","mFRR","Local","Down","403.00","0.00"," "
"26/11/2023 11:00:00","SCA|NO1","mFRR","Local","Up","54.00","0.00"," "
"26/11/2023 11:00:00","SCA|NO1","mFRR","Local","Down","401.00","0.00"," "
"26/11/2023 12:00:00","SCA|NO1","mFRR","Local","Up","54.00","0.00"," "
"26/11/2023 12:00:00","SCA|NO1","mFRR","Local","Down","381.00","0.00"," "
"26/11/2023 13:00:00","SCA|NO1","mFRR","Local","Up","54.00","0.00"," "
"26/11/2023 13:00:00","SCA|NO1","mFRR","Local","Down","393.00","78.50"," "
"26/11/2023 14:00:00","SCA|NO1","mFRR","Local","Up","54.00","0.00"," "
"26/11/2023 14:00:00","SCA|NO1","mFRR","Local","Down","372.00","107.50"," "
"26/11/2023 15:00:00","SCA|NO1","mFRR","Local","Up","54.00","54.00"," "
"26/11/2023 15:00:00","SCA|NO1","mFRR","Local","Down","417.00","0.00"," "
"26/11/2023 16:00:00","SCA|NO1","mFRR","Local","Up","54.00","54.00"," "
"26/11/2023 16:00:00","SCA|NO1","mFRR","Local","Down","405.00","0.00"," "
"26/11/2023 17:00:00","SCA|NO1","mFRR","Local","Up","54.00","13.50"," "
"26/11/2023 17:00:00","SCA|NO1","mFRR","Local","Down","398.00","105.00"," "
"26/11/2023 18:00:00","SCA|NO1","mFRR","Local","Up","54.00","0.00"," "
"26/11/2023 18:00:00","SCA|NO1","mFRR","Local","Down","399.00","140.00"," "
"26/11/2023 19:00:00","SCA|NO1","mFRR","Local","Up","54.00","0.00"," "
"26/11/2023 19:00:00","SCA|NO1","mFRR","Local","Down","402.00","140.00"," "
"26/11/2023 20:00:00","SCA|NO1","mFRR","Local","Up","54.00","0.00"," "
"26/11/2023 20:00:00","SCA|NO1","mFRR","Local","Down","401.00","140.00"," "
"26/11/2023 21:00:00","SCA|NO1","mFRR","Local","Up","54.00","0.00"," "
"26/11/2023 21:00:00","SCA|NO1","mFRR","Local","Down","308.00","60.00"," "
"26/11/2023 22:00:00","SCA|NO1","mFRR","Local","Up","54.00","0.00"," "
"26/11/2023 22:00:00","SCA|NO1","mFRR","Local","Down","413.00","0.00"," "
"26/11/2023 23:00:00","SCA|NO1","mFRR","Local","Up","54.00","54.00"," "
"26/11/2023 23:00:00","SCA|NO1","mFRR","Local","Down","412.00","0.00"," "
"27/11/2023 00:00:00","SCA|NO1","mFRR","Local","Up","54.00","15.00"," "
"27/11/2023 00:00:00","SCA|NO1","mFRR","Local","Down","288.00","0.00"," "
"27/11/2023 01:00:00","SCA|NO1","mFRR","Local","Up","97.00","0.00"," "
"27/11/2023 01:00:00","SCA|NO1","mFRR","Local","Down","319.00","0.00"," "
"27/11/2023 02:00:00","SCA|NO1","mFRR","Local","Up","140.00","0.00"," "
"27/11/2023 02:00:00","SCA|NO1","mFRR","Local","Down","258.00","0.00"," "
"27/11/2023 03:00:00","SCA|NO1","mFRR","Local","Up","140.00","0.00"," "
"27/11/2023 03:00:00","SCA|NO1","mFRR","Local","Down","260.00","0.00"," "
"27/11/2023 04:00:00","SCA|NO1","mFRR","Local","Up","140.00","0.00"," "
"27/11/2023 04:00:00","SCA|NO1","mFRR","Local","Down","250.00","0.00"," "
"27/11/2023 05:00:00","SCA|NO1","mFRR","Local","Up","54.00","0.00"," "
"27/11/2023 05:00:00","SCA|NO1","mFRR","Local","Down","278.00","0.00"," "
"27/11/2023 06:00:00","SCA|NO1","mFRR","Local","Up","48.00","0.00"," "
"27/11/2023 06:00:00","SCA|NO1","mFRR","Local","Down","291.00","0.00"," "
"27/11/2023 07:00:00","SCA|NO1","mFRR","Local","Up","48.00","12.00"," "
"27/11/2023 07:00:00","SCA|NO1","mFRR","Local","Down","287.00","0.00"," "
"27/11/2023 08:00:00","SCA|NO1","mFRR","Local","Up","48.00","0.00"," "
"27/11/2023 08:00:00","SCA|NO1","mFRR","Local","Down","282.00","0.00"," "
"27/11/2023 09:00:00","SCA|NO1","mFRR","Local","Up","48.00","0.00"," "
"27/11/2023 09:00:00","SCA|NO1","mFRR","Local","Down","312.00","0.00"," "
"27/11/2023 10:00:00","SCA|NO1","mFRR","Local","Up","48.00","36.00"," "
"27/11/2023 10:00:00","SCA|NO1","mFRR","Local","Down","281.00","0.00"," "
"27/11/2023 11:00:00","SCA|NO1","mFRR","Local","Up","48.00","48.00"," "
"27/11/2023 11:00:00","SCA|NO1","mFRR","Local","Down","298.00","0.00"," "
"27/11/2023 12:00:00","SCA|NO1","mFRR","Local","Up","48.00","48.00"," "
"27/11/2023 12:00:00","SCA|NO1","mFRR","Local","Down","299.00","0.00"," "
"27/11/2023 13:00:00","SCA|NO1","mFRR","Local","Up","48.00","36.00"," "
"27/11/2023 13:00:00","SCA|NO1","mFRR","Local","Down","323.00","0.00"," "
"27/11/2023 14:00:00","SCA|NO1","mFRR","Local","Up","48.00","0.00"," "
"27/11/2023 14:00:00","SCA|NO1","mFRR","Local","Down","310.00","50.50"," "
"27/11/2023 15:00:00","SCA|NO1","mFRR","Local","Up","48.00","0.00"," "
"27/11/2023 15:00:00","SCA|NO1","mFRR","Local","Down","317.00","77.25"," "
"27/11/2023 16:00:00","SCA|NO1","mFRR","Local","Up","50.00","0.00"," "
"27/11/2023 16:00:00","SCA|NO1","mFRR","Local","Down","229.00","0.00"," "
"27/11/2023 17:00:00","SCA|NO1","mFRR","Local","Up","49.00","0.00"," "
"27/11/2023 17:00:00","SCA|NO1","mFRR","Local","Down","208.00","0.00"," "
"27/11/2023 18:00:00","SCA|NO1","mFRR","Local","Up","54.00","0.00"," "
"27/11/2023 18:00:00","SCA|NO1","mFRR","Local","Down","265.00","0.00"," "
"27/11/2023 19:00:00","SCA|NO1","mFRR","Local","Up","67.00","0.00"," "
"27/11/2023 19:00:00","SCA|NO1","mFRR","Local","Down","367.00","0.00"," "
"27/11/2023 20:00:00","SCA|NO1","mFRR","Local","Up","162.00","0.00"," "
"27/11/2023 20:00:00","SCA|NO1","mFRR","Local","Down","330.00","0.00"," "
"27/11/2023 21:00:00","SCA|NO1","mFRR","Local","Up","213.00","0.00"," "
"27/11/2023 21:00:00","SCA|NO1","mFRR","Local","Down","257.00","0.00"," "
"27/11/2023 22:00:00","SCA|NO1","mFRR","Local","Up","295.00","0.00"," "
"27/11/2023 22:00:00","SCA|NO1","mFRR","Local","Down","191.00","0.00"," "
"27/11/2023 23:00:00","SCA|NO1","mFRR","Local","Up","390.00","0.00"," "
"27/11/2023 23:00:00","SCA|NO1","mFRR","Local","Down","175.00","0.00"," "
"28/11/2023 00:00:00","SCA|NO1","mFRR","Local","Up","531.00","87.00"," "
"28/11/2023 00:00:00","SCA|NO1","mFRR","Local","Down","271.00","0.00"," "
"28/11/2023 01:00:00","SCA|NO1","mFRR","Local","Up","690.00","109.00"," "
"28/11/2023 01:00:00","SCA|NO1","mFRR","Local","Down","240.00","0.00"," "
"28/11/2023 02:00:00","SCA|NO1","mFRR","Local","Up","702.00","95.50"," "
"28/11/2023 02:00:00","SCA|NO1","mFRR","Local","Down","230.00","0.00"," "
"28/11/2023 03:00:00","SCA|NO1","mFRR","Local","Up","668.00","87.00"," "
"28/11/2023 03:00:00","SCA|NO1","mFRR","Local","Down","274.00","0.00"," "
"28/11/2023 04:00:00","SCA|NO1","mFRR","Local","Up","668.00","87.00"," "
"28/11/2023 04:00:00","SCA|NO1","mFRR","Local","Down","287.50","0.00"," "
"28/11/2023 05:00:00","SCA|NO1","mFRR","Local","Up","477.00","87.00"," "
"28/11/2023 05:00:00","SCA|NO1","mFRR","Local","Down","351.00","0.00"," "
"28/11/2023 06:00:00","SCA|NO1","mFRR","Local","Up","296.00","215.00"," "
"28/11/2023 06:00:00","SCA|NO1","mFRR","Local","Down","354.00","0.00"," "
"28/11/2023 07:00:00","SCA|NO1","mFRR","Local","Up","100.00","76.00"," "
"28/11/2023 07:00:00","SCA|NO1","mFRR","Local","Down","358.00","0.00"," "
"28/11/2023 08:00:00","SCA|NO1","mFRR","Local","Up","54.00","50.50"," "
"28/11/2023 08:00:00","SCA|NO1","mFRR","Local","Down","527.00","0.00"," "
"28/11/2023 09:00:00","SCA|NO1","mFRR","Local","Up","54.00","54.00"," "
"28/11/2023 09:00:00","SCA|NO1","mFRR","Local","Down","539.00","0.00"," "
"28/11/2023 10:00:00","SCA|NO1","mFRR","Local","Up","54.00","54.00"," "
"28/11/2023 10:00:00","SCA|NO1","mFRR","Local","Down","533.00","0.00"," "
"28/11/2023 11:00:00","SCA|NO1","mFRR","Local","Up","54.00","50.50"," "
"28/11/2023 11:00:00","SCA|NO1","mFRR","Local","Down","514.00","0.00"," "
"28/11/2023 12:00:00","SCA|NO1","mFRR","Local","Up","54.00","10.00"," "
"28/11/2023 12:00:00","SCA|NO1","mFRR","Local","Down","514.00","0.00"," "
"28/11/2023 13:00:00","SCA|NO1","mFRR","Local","Up","54.00","0.00"," "
"28/11/2023 13:00:00","SCA|NO1","mFRR","Local","Down","530.00","0.00"," "
"28/11/2023 14:00:00","SCA|NO1","mFRR","Local","Up","54.00","40.50"," "
"28/11/2023 14:00:00","SCA|NO1","mFRR","Local","Down","550.00","0.00"," "
"28/11/2023 15:00:00","SCA|NO1","mFRR","Local","Up","54.00","54.00"," "
"28/11/2023 15:00:00","SCA|NO1","mFRR","Local","Down","563.00","0.00"," "
"28/11/2023 16:00:00","SCA|NO1","mFRR","Local","Up","54.00","54.00"," "
"28/11/2023 16:00:00","SCA|NO1","mFRR","Local","Down","552.00","0.00"," "
"28/11/2023 17:00:00","SCA|NO1","mFRR","Local","Up","54.00","40.50"," "
"28/11/2023 17:00:00","SCA|NO1","mFRR","Local","Down","547.00","0.00"," "
"28/11/2023 18:00:00","SCA|NO1","mFRR","Local","Up","54.00","0.00"," "
"28/11/2023 18:00:00","SCA|NO1","mFRR","Local","Down","545.00","0.00"," "
"28/11/2023 19:00:00","SCA|NO1","mFRR","Local","Up","54.00","0.00"," "
"28/11/2023 19:00:00","SCA|NO1","mFRR","Local","Down","550.00","0.00"," "
"28/11/2023 20:00:00","SCA|NO1","mFRR","Local","Up","54.00","0.00"," "
"28/11/2023 20:00:00","SCA|NO1","mFRR","Local","Down","559.00","0.00"," "
"28/11/2023 21:00:00","SCA|NO1","mFRR","Local","Up","54.00","0.00"," "
"28/11/2023 21:00:00","SCA|NO1","mFRR","Local","Down","558.00","0.00"," "
"28/11/2023 22:00:00","SCA|NO1","mFRR","Local","Up","54.00","0.00"," "
"28/11/2023 22:00:00","SCA|NO1","mFRR","Local","Down","561.00","0.00"," "
"28/11/2023 23:00:00","SCA|NO1","mFRR","Local","Up","54.00","0.00"," "
"28/11/2023 23:00:00","SCA|NO1","mFRR","Local","Down","469.00","0.00"," "
"29/11/2023 00:00:00","SCA|NO1","mFRR","Local","Up","183.00","63.00"," "
"29/11/2023 00:00:00","SCA|NO1","mFRR","Local","Down","350.00","0.00"," "
"29/11/2023 01:00:00","SCA|NO1","mFRR","Local","Up","187.00","85.00"," "
"29/11/2023 01:00:00","SCA|NO1","mFRR","Local","Down","347.00","0.00"," "
"29/11/2023 02:00:00","SCA|NO1","mFRR","Local","Up","210.00","172.00"," "
"29/11/2023 02:00:00","SCA|NO1","mFRR","Local","Down","320.00","0.00"," "
"29/11/2023 03:00:00","SCA|NO1","mFRR","Local","Up","296.00","217.00"," "
"29/11/2023 03:00:00","SCA|NO1","mFRR","Local","Down","294.00","0.00"," "
"29/11/2023 04:00:00","SCA|NO1","mFRR","Local","Up","257.00","31.75"," "
"29/11/2023 04:00:00","SCA|NO1","mFRR","Local","Down","293.00","0.00"," "
"29/11/2023 05:00:00","SCA|NO1","mFRR","Local","Up","129.00","0.00"," "
"29/11/2023 05:00:00","SCA|NO1","mFRR","Local","Down","365.00","0.00"," "
"29/11/2023 06:00:00","SCA|NO1","mFRR","Local","Up","47.00","0.00"," "
"29/11/2023 06:00:00","SCA|NO1","mFRR","Local","Down","359.00","0.00"," "
"29/11/2023 07:00:00","SCA|NO1","mFRR","Local","Up","47.00","0.00"," "
"29/11/2023 07:00:00","SCA|NO1","mFRR","Local","Down","346.00","0.00"," "
"29/11/2023 08:00:00","SCA|NO1","mFRR","Local","Up","47.00","0.00"," "
"29/11/2023 08:00:00","SCA|NO1","mFRR","Local","Down","334.00","0.00"," "
"29/11/2023 09:00:00","SCA|NO1","mFRR","Local","Up","79.00","0.00"," "
"29/11/2023 09:00:00","SCA|NO1","mFRR","Local","Down","327.00","0.00"," "
"29/11/2023 10:00:00","SCA|NO1","mFRR","Local","Up","47.00","0.00"," "
"29/11/2023 10:00:00","SCA|NO1","mFRR","Local","Down","361.00","0.00"," "
"29/11/2023 11:00:00","SCA|NO1","mFRR","Local","Up","47.00","47.00"," "
"29/11/2023 11:00:00","SCA|NO1","mFRR","Local","Down","359.00","0.00"," "
"29/11/2023 12:00:00","SCA|NO1","mFRR","Local","Up","57.00","0.00"," "
"29/11/2023 12:00:00","SCA|NO1","mFRR","Local","Down","366.00","0.00"," "
"29/11/2023 13:00:00","SCA|NO1","mFRR","Local","Up","57.00","0.00"," "
"29/11/2023 13:00:00","SCA|NO1","mFRR","Local","Down","363.00","0.00"," "
"29/11/2023 14:00:00","SCA|NO1","mFRR","Local","Up","57.00","0.00"," "
"29/11/2023 14:00:00","SCA|NO1","mFRR","Local","Down","361.00","0.00"," "
"29/11/2023 15:00:00","SCA|NO1","mFRR","Local","Up","47.00","0.00"," "
"29/11/2023 15:00:00","SCA|NO1","mFRR","Local","Down","348.00","0.00"," "
"29/11/2023 16:00:00","SCA|NO1","mFRR","Local","Up","47.00","0.00"," "
"29/11/2023 16:00:00","SCA|NO1","mFRR","Local","Down","365.00","75.00"," "
"29/11/2023 17:00:00","SCA|NO1","mFRR","Local","Up","47.00","0.00"," "
"29/11/2023 17:00:00","SCA|NO1","mFRR","Local","Down","362.00","75.00"," "
"29/11/2023 18:00:00","SCA|NO1","mFRR","Local","Up","47.00","0.00"," "
"29/11/2023 18:00:00","SCA|NO1","mFRR","Local","Down","345.00","65.00"," "
"29/11/2023 19:00:00","SCA|NO1","mFRR","Local","Up","47.00","0.00"," "
"29/11/2023 19:00:00","SCA|NO1","mFRR","Local","Down","354.00","75.00"," "
"29/11/2023 20:00:00","SCA|NO1","mFRR","Local","Up","47.00","0.00"," "
"29/11/2023 20:00:00","SCA|NO1","mFRR","Local","Down","362.00","90.00"," "
"29/11/2023 21:00:00","SCA|NO1","mFRR","Local","Up","47.00","0.00"," "
"29/11/2023 21:00:00","SCA|NO1","mFRR","Local","Down","343.00","0.00"," "
"29/11/2023 22:00:00","SCA|NO1","mFRR","Local","Up","47.00","0.00"," "
"29/11/2023 22:00:00","SCA|NO1","mFRR","Local","Down","350.00","0.00"," "
"29/11/2023 23:00:00","SCA|NO1","mFRR","Local","Up","79.00","24.00"," "
"29/11/2023 23:00:00","SCA|NO1","mFRR","Local","Down","293.00","0.00"," "
"30/11/2023 00:00:00","SCA|NO1","mFRR","Local","Up","93.00","0.00"," "
"30/11/2023 00:00:00","SCA|NO1","mFRR","Local","Down","259.00","0.00"," "
"30/11/2023 01:00:00","SCA|NO1","mFRR","Local","Up","93.00","0.00"," "
"30/11/2023 01:00:00","SCA|NO1","mFRR","Local","Down","283.00","18.75"," "
"30/11/2023 02:00:00","SCA|NO1","mFRR","Local","Up","124.00","0.00"," "
"30/11/2023 02:00:00","SCA|NO1","mFRR","Local","Down","217.00","10.00"," "
"30/11/2023 03:00:00","SCA|NO1","mFRR","Local","Up","138.00","0.00"," "
"30/11/2023 03:00:00","SCA|NO1","mFRR","Local","Down","248.00","0.00"," "
"30/11/2023 04:00:00","SCA|NO1","mFRR","Local","Up","142.00","0.00"," "
"30/11/2023 04:00:00","SCA|NO1","mFRR","Local","Down","231.00","10.00"," "
"30/11/2023 05:00:00","SCA|NO1","mFRR","Local","Up","99.00","0.00"," "
"30/11/2023 05:00:00","SCA|NO1","mFRR","Local","Down","245.00","32.50"," "
"30/11/2023 06:00:00","SCA|NO1","mFRR","Local","Up","45.00","0.00"," "
"30/11/2023 06:00:00","SCA|NO1","mFRR","Local","Down","272.00","48.75"," "
"30/11/2023 07:00:00","SCA|NO1","mFRR","Local","Up","45.00","0.00"," "
"30/11/2023 07:00:00","SCA|NO1","mFRR","Local","Down","253.00","14.00"," "
"30/11/2023 08:00:00","SCA|NO1","mFRR","Local","Up","45.00","0.00"," "
"30/11/2023 08:00:00","SCA|NO1","mFRR","Local","Down","233.00","0.00"," "
"30/11/2023 09:00:00","SCA|NO1","mFRR","Local","Up","45.00","0.00"," "
"30/11/2023 09:00:00","SCA|NO1","mFRR","Local","Down","245.00","0.00"," "
"30/11/2023 10:00:00","SCA|NO1","mFRR","Local","Up","45.00","0.00"," "
"30/11/2023 10:00:00","SCA|NO1","mFRR","Local","Down","263.00","43.00"," "
"30/11/2023 11:00:00","SCA|NO1","mFRR","Local","Up","45.00","0.00"," "
"30/11/2023 11:00:00","SCA|NO1","mFRR","Local","Down","258.00","43.00"," "
"30/11/2023 12:00:00","SCA|NO1","mFRR","Local","Up","45.00","0.00"," "
"30/11/2023 12:00:00","SCA|NO1","mFRR","Local","Down","249.00","43.00"," "
"30/11/2023 13:00:00","SCA|NO1","mFRR","Local","Up","45.00","0.00"," "
"30/11/2023 13:00:00","SCA|NO1","mFRR","Local","Down","248.00","0.00"," "
"30/11/2023 14:00:00","SCA|NO1","mFRR","Local","Up","45.00","0.00"," "
"30/11/2023 14:00:00","SCA|NO1","mFRR","Local","Down","241.00","0.00"," "
"30/11/2023 15:00:00","SCA|NO1","mFRR","Local","Up","45.00","0.00"," "
"30/11/2023 15:00:00","SCA|NO1","mFRR","Local","Down","248.00","43.00"," "
"30/11/2023 16:00:00","SCA|NO1","mFRR","Local","Up","45.00","0.00"," "
"30/11/2023 16:00:00","SCA|NO1","mFRR","Local","Down","248.00","43.00"," "
"30/11/2023 17:00:00","SCA|NO1","mFRR","Local","Up","45.00","0.00"," "
"30/11/2023 17:00:00","SCA|NO1","mFRR","Local","Down","246.00","31.00"," "
"30/11/2023 18:00:00","SCA|NO1","mFRR","Local","Up","45.00","0.00"," "
"30/11/2023 18:00:00","SCA|NO1","mFRR","Local","Down","248.00","31.00"," "
"30/11/2023 19:00:00","SCA|NO1","mFRR","Local","Up","45.00","0.00"," "
"30/11/2023 19:00:00","SCA|NO1","mFRR","Local","Down","244.00","31.00"," "
"30/11/2023 20:00:00","SCA|NO1","mFRR","Local","Up","45.00","0.00"," "
"30/11/2023 20:00:00","SCA|NO1","mFRR","Local","Down","257.00","0.00"," "
"30/11/2023 21:00:00","SCA|NO1","mFRR","Local","Up","45.00","45.00"," "
"30/11/2023 21:00:00","SCA|NO1","mFRR","Local","Down","254.00","0.00"," "
"30/11/2023 22:00:00","SCA|NO1","mFRR","Local","Up","45.00","45.00"," "
"30/11/2023 22:00:00","SCA|NO1","mFRR","Local","Down","254.00","0.00"," "
"30/11/2023 23:00:00","SCA|NO1","mFRR","Local","Up","45.00","0.00"," "
"30/11/2023 23:00:00","SCA|NO1","mFRR","Local","Down","258.00","0.00"," "
"01/12/2023 00:00:00","SCA|NO1","mFRR","Local","Up","44.00","0.00"," "
"01/12/2023 00:00:00","SCA|NO1","mFRR","Local","Down","268.00","0.00"," "
"01/12/2023 01:00:00","SCA|NO1","mFRR","Local","Up","179.00","67.00"," "
"01/12/2023 01:00:00","SCA|NO1","mFRR","Local","Down","201.00","0.00"," "
"01/12/2023 02:00:00","SCA|NO1","mFRR","Local","Up","189.00","70.00"," "
"01/12/2023 02:00:00","SCA|NO1","mFRR","Local","Down","199.00","0.00"," "
"01/12/2023 03:00:00","SCA|NO1","mFRR","Local","Up","193.00","40.50"," "
"01/12/2023 03:00:00","SCA|NO1","mFRR","Local","Down","190.00","0.00"," "
"01/12/2023 04:00:00","SCA|NO1","mFRR","Local","Up","190.00","0.00"," "
"01/12/2023 04:00:00","SCA|NO1","mFRR","Local","Down","189.00","0.00"," "
"01/12/2023 05:00:00","SCA|NO1","mFRR","Local","Up","145.00","0.00"," "
"01/12/2023 05:00:00","SCA|NO1","mFRR","Local","Down","175.00","0.00"," "
"01/12/2023 06:00:00","SCA|NO1","mFRR","Local","Up","58.00","0.00"," "
"01/12/2023 06:00:00","SCA|NO1","mFRR","Local","Down","248.00","0.00"," "
"01/12/2023 07:00:00","SCA|NO1","mFRR","Local","Up","45.00","0.00"," "
"01/12/2023 07:00:00","SCA|NO1","mFRR","Local","Down","211.00","0.00"," "
"01/12/2023 08:00:00","SCA|NO1","mFRR","Local","Up","45.00","0.00"," "
"01/12/2023 08:00:00","SCA|NO1","mFRR","Local","Down","185.00","60.00"," "
"01/12/2023 09:00:00","SCA|NO1","mFRR","Local","Up","45.00","0.00"," "
"01/12/2023 09:00:00","SCA|NO1","mFRR","Local","Down","200.00","7.00"," "
"01/12/2023 10:00:00","SCA|NO1","mFRR","Local","Up","45.00","0.00"," "
"01/12/2023 10:00:00","SCA|NO1","mFRR","Local","Down","232.00","0.00"," "
"01/12/2023 11:00:00","SCA|NO1","mFRR","Local","Up","45.00","0.00"," "
"01/12/2023 11:00:00","SCA|NO1","mFRR","Local","Down","239.00","0.00"," "
"01/12/2023 12:00:00","SCA|NO1","mFRR","Local","Up","45.00","0.00"," "
"01/12/2023 12:00:00","SCA|NO1","mFRR","Local","Down","239.00","0.00"," "
"01/12/2023 13:00:00","SCA|NO1","mFRR","Local","Up","45.00","0.00"," "
"01/12/2023 13:00:00","SCA|NO1","mFRR","Local","Down","223.00","0.00"," "
"01/12/2023 14:00:00","SCA|NO1","mFRR","Local","Up","45.00","0.00"," "
"01/12/2023 14:00:00","SCA|NO1","mFRR","Local","Down","221.00","21.50"," "
"01/12/2023 15:00:00","SCA|NO1","mFRR","Local","Up","45.00","0.00"," "
"01/12/2023 15:00:00","SCA|NO1","mFRR","Local","Down","259.00","63.00"," "
"01/12/2023 16:00:00","SCA|NO1","mFRR","Local","Up","45.00","0.00"," "
"01/12/2023 16:00:00","SCA|NO1","mFRR","Local","Down","209.00","60.00"," "
"01/12/2023 17:00:00","SCA|NO1","mFRR","Local","Up","45.00","0.00"," "
"01/12/2023 17:00:00","SCA|NO1","mFRR","Local","Down","186.00","60.00"," "
"01/12/2023 18:00:00","SCA|NO1","mFRR","Local","Up","45.00","0.00"," "
"01/12/2023 18:00:00","SCA|NO1","mFRR","Local","Down","188.00","60.00"," "
"01/12/2023 19:00:00","SCA|NO1","mFRR","Local","Up","45.00","0.00"," "
"01/12/2023 19:00:00","SCA|NO1","mFRR","Local","Down","229.00","15.00"," "
"01/12/2023 20:00:00","SCA|NO1","mFRR","Local","Up","45.00","0.00"," "
"01/12/2023 20:00:00","SCA|NO1","mFRR","Local","Down","236.00","0.00"," "
"01/12/2023 21:00:00","SCA|NO1","mFRR","Local","Up","89.00","0.00"," "
"01/12/2023 21:00:00","SCA|NO1","mFRR","Local","Down","209.00","0.00"," "
"01/12/2023 22:00:00","SCA|NO1","mFRR","Local","Up","73.00","0.00"," "
"01/12/2023 22:00:00","SCA|NO1","mFRR","Local","Down","214.00","0.00"," "
"01/12/2023 23:00:00","SCA|NO1","mFRR","Local","Up","45.00","0.00"," "
"01/12/2023 23:00:00","SCA|NO1","mFRR","Local","Down","232.00","0.00"," "
"02/12/2023 00:00:00","SCA|NO1","mFRR","Local","Up","115.00","0.00"," "
"02/12/2023 00:00:00","SCA|NO1","mFRR","Local","Down","202.00","0.00"," "
"02/12/2023 01:00:00","SCA|NO1","mFRR","Local","Up","130.00","0.00"," "
"02/12/2023 01:00:00","SCA|NO1","mFRR","Local","Down","190.00","0.00"," "
"02/12/2023 02:00:00","SCA|NO1","mFRR","Local","Up","142.00","0.00"," "
"02/12/2023 02:00:00","SCA|NO1","mFRR","Local","Down","190.00","0.00"," "
"02/12/2023 03:00:00","SCA|NO1","mFRR","Local","Up","112.00","27.00"," "
"02/12/2023 03:00:00","SCA|NO1","mFRR","Local","Down","203.00","0.00"," "
"02/12/2023 04:00:00","SCA|NO1","mFRR","Local","Up","112.00","0.00"," "
"02/12/2023 04:00:00","SCA|NO1","mFRR","Local","Down","205.00","0.00"," "
"02/12/2023 05:00:00","SCA|NO1","mFRR","Local","Up","112.00","0.00"," "
"02/12/2023 05:00:00","SCA|NO1","mFRR","Local","Down","203.00","0.00"," "
"02/12/2023 06:00:00","SCA|NO1","mFRR","Local","Up","146.00","0.00"," "
"02/12/2023 06:00:00","SCA|NO1","mFRR","Local","Down","185.00","12.75"," "
"02/12/2023 07:00:00","SCA|NO1","mFRR","Local","Up","121.00","0.00"," "
"02/12/2023 07:00:00","SCA|NO1","mFRR","Local","Down","175.00","0.00"," "
"02/12/2023 08:00:00","SCA|NO1","mFRR","Local","Up","82.00","0.00"," "
"02/12/2023 08:00:00","SCA|NO1","mFRR","Local","Down","264.00","19.50"," "
"02/12/2023 09:00:00","SCA|NO1","mFRR","Local","Up","82.00","33.00"," "
"02/12/2023 09:00:00","SCA|NO1","mFRR","Local","Down","273.00","0.00"," "
"02/12/2023 10:00:00","SCA|NO1","mFRR","Local","Up","82.00","0.00"," "
"02/12/2023 10:00:00","SCA|NO1","mFRR","Local","Down","227.00","0.00"," "
"02/12/2023 11:00:00","SCA|NO1","mFRR","Local","Up","82.00","0.00"," "
"02/12/2023 11:00:00","SCA|NO1","mFRR","Local","Down","226.00","0.00"," "
"02/12/2023 12:00:00","SCA|NO1","mFRR","Local","Up","82.00","33.00"," "
"02/12/2023 12:00:00","SCA|NO1","mFRR","Local","Down","221.00","0.00"," "
"02/12/2023 13:00:00","SCA|NO1","mFRR","Local","Up","82.00","54.00"," "
"02/12/2023 13:00:00","SCA|NO1","mFRR","Local","Down","221.00","0.00"," "
"02/12/2023 14:00:00","SCA|NO1","mFRR","Local","Up","82.00","44.00"," "
"02/12/2023 14:00:00","SCA|NO1","mFRR","Local","Down","221.00","0.00"," "
"02/12/2023 15:00:00","SCA|NO1","mFRR","Local","Up","82.00","0.00"," "
"02/12/2023 15:00:00","SCA|NO1","mFRR","Local","Down","201.00","0.00"," "
"02/12/2023 16:00:00","SCA|NO1","mFRR","Local","Up","82.00","0.00"," "
"02/12/2023 16:00:00","SCA|NO1","mFRR","Local","Down","221.00","0.00"," "
"02/12/2023 17:00:00","SCA|NO1","mFRR","Local","Up","82.00","0.00"," "
"02/12/2023 17:00:00","SCA|NO1","mFRR","Local","Down","213.00","0.00"," "
"02/12/2023 18:00:00","SCA|NO1","mFRR","Local","Up","82.00","0.00"," "
"02/12/2023 18:00:00","SCA|NO1","mFRR","Local","Down","202.00","0.00"," "
"02/12/2023 19:00:00","SCA|NO1","mFRR","Local","Up","82.00","0.00"," "
"02/12/2023 19:00:00","SCA|NO1","mFRR","Local","Down","212.00","0.00"," "
"02/12/2023 20:00:00","SCA|NO1","mFRR","Local","Up","82.00","0.00"," "
"02/12/2023 20:00:00","SCA|NO1","mFRR","Local","Down","219.00","0.00"," "
"02/12/2023 21:00:00","SCA|NO1","mFRR","Local","Up","92.00","0.00"," "
"02/12/2023 21:00:00","SCA|NO1","mFRR","Local","Down","178.00","0.00"," "
"02/12/2023 22:00:00","SCA|NO1","mFRR","Local","Up","99.00","0.00"," "
"02/12/2023 22:00:00","SCA|NO1","mFRR","Local","Down","236.00","0.00"," "
"02/12/2023 23:00:00","SCA|NO1","mFRR","Local","Up","104.00","0.00"," "
"02/12/2023 23:00:00","SCA|NO1","mFRR","Local","Down","221.00","0.00"," "
"03/12/2023 00:00:00","SCA|NO1","mFRR","Local","Up","73.00","0.00"," "
"03/12/2023 00:00:00","SCA|NO1","mFRR","Local","Down","213.00","0.00"," "
"03/12/2023 01:00:00","SCA|NO1","mFRR","Local","Up","103.00","0.00"," "
"03/12/2023 01:00:00","SCA|NO1","mFRR","Local","Down","220.00","0.00"," "
"03/12/2023 02:00:00","SCA|NO1","mFRR","Local","Up","187.00","0.00"," "
"03/12/2023 02:00:00","SCA|NO1","mFRR","Local","Down","210.00","39.75"," "
"03/12/2023 03:00:00","SCA|NO1","mFRR","Local","Up","174.00","0.00"," "
"03/12/2023 03:00:00","SCA|NO1","mFRR","Local","Down","210.00","14.75"," "
"03/12/2023 04:00:00","SCA|NO1","mFRR","Local","Up","206.00","0.00"," "
"03/12/2023 04:00:00","SCA|NO1","mFRR","Local","Down","180.00","0.00"," "
"03/12/2023 05:00:00","SCA|NO1","mFRR","Local","Up","208.00","0.00"," "
"03/12/2023 05:00:00","SCA|NO1","mFRR","Local","Down","180.00","0.00"," "
"03/12/2023 06:00:00","SCA|NO1","mFRR","Local","Up","244.00","0.00"," "
"03/12/2023 06:00:00","SCA|NO1","mFRR","Local","Down","175.00","0.00"," "
"03/12/2023 07:00:00","SCA|NO1","mFRR","Local","Up","204.00","30.00"," "
"03/12/2023 07:00:00","SCA|NO1","mFRR","Local","Down","180.00","0.00"," "
"03/12/2023 08:00:00","SCA|NO1","mFRR","Local","Up","174.00","0.00"," "
"03/12/2023 08:00:00","SCA|NO1","mFRR","Local","Down","208.00","0.00"," "
"03/12/2023 09:00:00","SCA|NO1","mFRR","Local","Up","95.00","0.00"," "
"03/12/2023 09:00:00","SCA|NO1","mFRR","Local","Down","236.00","0.00"," "
"03/12/2023 10:00:00","SCA|NO1","mFRR","Local","Up","88.00","0.00"," "
"03/12/2023 10:00:00","SCA|NO1","mFRR","Local","Down","243.00","0.00"," "
"03/12/2023 11:00:00","SCA|NO1","mFRR","Local","Up","88.00","27.00"," "
"03/12/2023 11:00:00","SCA|NO1","mFRR","Local","Down","218.00","0.00"," "
"03/12/2023 12:00:00","SCA|NO1","mFRR","Local","Up","100.00","54.00"," "
"03/12/2023 12:00:00","SCA|NO1","mFRR","Local","Down","207.00","0.00"," "
"03/12/2023 13:00:00","SCA|NO1","mFRR","Local","Up","100.00","54.00"," "
"03/12/2023 13:00:00","SCA|NO1","mFRR","Local","Down","206.00","0.00"," "
"03/12/2023 14:00:00","SCA|NO1","mFRR","Local","Up","80.00","54.00"," "
"03/12/2023 14:00:00","SCA|NO1","mFRR","Local","Down","251.00","0.00"," "
"03/12/2023 15:00:00","SCA|NO1","mFRR","Local","Up","80.00","0.00"," "
"03/12/2023 15:00:00","SCA|NO1","mFRR","Local","Down","251.00","0.00"," "
"03/12/2023 16:00:00","SCA|NO1","mFRR","Local","Up","80.00","0.00"," "
"03/12/2023 16:00:00","SCA|NO1","mFRR","Local","Down","242.00","0.00"," "
"03/12/2023 17:00:00","SCA|NO1","mFRR","Local","Up","80.00","0.00"," "
"03/12/2023 17:00:00","SCA|NO1","mFRR","Local","Down","251.00","0.00"," "
"03/12/2023 18:00:00","SCA|NO1","mFRR","Local","Up","80.00","0.00"," "
"03/12/2023 18:00:00","SCA|NO1","mFRR","Local","Down","252.00","0.00"," "
"03/12/2023 19:00:00","SCA|NO1","mFRR","Local","Up","80.00","0.00"," "
"03/12/2023 19:00:00","SCA|NO1","mFRR","Local","Down","252.00","0.00"," "
"03/12/2023 20:00:00","SCA|NO1","mFRR","Local","Up","80.00","0.00"," "
"03/12/2023 20:00:00","SCA|NO1","mFRR","Local","Down","262.00","0.00"," "
"03/12/2023 21:00:00","SCA|NO1","mFRR","Local","Up","80.00","80.00"," "
"03/12/2023 21:00:00","SCA|NO1","mFRR","Local","Down","265.00","0.00"," "
"03/12/2023 22:00:00","SCA|NO1","mFRR","Local","Up","101.00","101.00"," "
"03/12/2023 22:00:00","SCA|NO1","mFRR","Local","Down","243.00","0.00"," "
"03/12/2023 23:00:00","SCA|NO1","mFRR","Local","Up","174.00","43.50"," "
"03/12/2023 23:00:00","SCA|NO1","mFRR","Local","Down","217.00","0.00"," "
"04/12/2023 00:00:00","SCA|NO1","mFRR","Local","Up","176.00","40.50"," "
"04/12/2023 00:00:00","SCA|NO1","mFRR","Local","Down","81.00","0.00"," "
"04/12/2023 01:00:00","SCA|NO1","mFRR","Local","Up","214.00","32.25"," "
"04/12/2023 01:00:00","SCA|NO1","mFRR","Local","Down","106.00","0.00"," "
"04/12/2023 02:00:00","SCA|NO1","mFRR","Local","Up","222.00","0.00"," "
"04/12/2023 02:00:00","SCA|NO1","mFRR","Local","Down","106.00","0.00"," "
"04/12/2023 03:00:00","SCA|NO1","mFRR","Local","Up","237.00","0.00"," "
"04/12/2023 03:00:00","SCA|NO1","mFRR","Local","Down","106.00","38.00"," "
"04/12/2023 04:00:00","SCA|NO1","mFRR","Local","Up","230.00","0.00"," "
"04/12/2023 04:00:00","SCA|NO1","mFRR","Local","Down","106.00","38.00"," "
"04/12/2023 05:00:00","SCA|NO1","mFRR","Local","Up","178.00","0.00"," "
"04/12/2023 05:00:00","SCA|NO1","mFRR","Local","Down","76.00","23.00"," "
"04/12/2023 06:00:00","SCA|NO1","mFRR","Local","Up","147.00","35.50"," "
"04/12/2023 06:00:00","SCA|NO1","mFRR","Local","Down","154.00","72.00"," "
"04/12/2023 07:00:00","SCA|NO1","mFRR","Local","Up","134.00","64.50"," "
"04/12/2023 07:00:00","SCA|NO1","mFRR","Local","Down","190.00","0.00"," "
"04/12/2023 08:00:00","SCA|NO1","mFRR","Local","Up","134.00","96.75"," "
"04/12/2023 08:00:00","SCA|NO1","mFRR","Local","Down","190.00","0.00"," "
"04/12/2023 09:00:00","SCA|NO1","mFRR","Local","Up","134.00","0.00"," "
"04/12/2023 09:00:00","SCA|NO1","mFRR","Local","Down","194.00","0.00"," "
"04/12/2023 10:00:00","SCA|NO1","mFRR","Local","Up","134.00","67.00"," "
"04/12/2023 10:00:00","SCA|NO1","mFRR","Local","Down","189.00","0.00"," "
"04/12/2023 11:00:00","SCA|NO1","mFRR","Local","Up","134.00","10.00"," "
"04/12/2023 11:00:00","SCA|NO1","mFRR","Local","Down","159.00","0.00"," "
"04/12/2023 12:00:00","SCA|NO1","mFRR","Local","Up","134.00","129.00"," "
"04/12/2023 12:00:00","SCA|NO1","mFRR","Local","Down","159.00","0.00"," "
"04/12/2023 13:00:00","SCA|NO1","mFRR","Local","Up","134.00","0.00"," "
"04/12/2023 13:00:00","SCA|NO1","mFRR","Local","Down","159.00","0.00"," "
"04/12/2023 14:00:00","SCA|NO1","mFRR","Local","Up","134.00","0.00"," "
"04/12/2023 14:00:00","SCA|NO1","mFRR","Local","Down","159.00","0.00"," "
"04/12/2023 15:00:00","SCA|NO1","mFRR","Local","Up","134.00","0.00"," "
"04/12/2023 15:00:00","SCA|NO1","mFRR","Local","Down","159.00","0.00"," "
"04/12/2023 16:00:00","SCA|NO1","mFRR","Local","Up","134.00","0.00"," "
"04/12/2023 16:00:00","SCA|NO1","mFRR","Local","Down","159.00","0.00"," "
"04/12/2023 17:00:00","SCA|NO1","mFRR","Local","Up","134.00","7.50"," "
"04/12/2023 17:00:00","SCA|NO1","mFRR","Local","Down","191.00","0.00"," "
"04/12/2023 18:00:00","SCA|NO1","mFRR","Local","Up","134.00","7.50"," "
"04/12/2023 18:00:00","SCA|NO1","mFRR","Local","Down","191.00","0.00"," "
"04/12/2023 19:00:00","SCA|NO1","mFRR","Local","Up","134.00","0.00"," "
"04/12/2023 19:00:00","SCA|NO1","mFRR","Local","Down","206.00","0.00"," "
"04/12/2023 20:00:00","SCA|NO1","mFRR","Local","Up","134.00","0.00"," "
"04/12/2023 20:00:00","SCA|NO1","mFRR","Local","Down","219.00","0.00"," "
"04/12/2023 21:00:00","SCA|NO1","mFRR","Local","Up","134.00","0.00"," "
"04/12/2023 21:00:00","SCA|NO1","mFRR","Local","Down","191.00","123.00"," "
"04/12/2023 22:00:00","SCA|NO1","mFRR","Local","Up","178.00","0.00"," "
"04/12/2023 22:00:00","SCA|NO1","mFRR","Local","Down","122.00","0.00"," "
"04/12/2023 23:00:00","SCA|NO1","mFRR","Local","Up","178.00","0.00"," "
"04/12/2023 23:00:00","SCA|NO1","mFRR","Local","Down","81.00","0.00"," "
"05/12/2023 00:00:00","SCA|NO1","mFRR","Local","Up","175.00","0.00"," "
"05/12/2023 00:00:00","SCA|NO1","mFRR","Local","Down","150.00","0.00"," "
"05/12/2023 01:00:00","SCA|NO1","mFRR","Local","Up","186.00","0.00"," "
"05/12/2023 01:00:00","SCA|NO1","mFRR","Local","Down","172.00","0.00"," "
"05/12/2023 02:00:00","SCA|NO1","mFRR","Local","Up","200.00","0.00"," "
"05/12/2023 02:00:00","SCA|NO1","mFRR","Local","Down","156.00","0.00"," "
"05/12/2023 03:00:00","SCA|NO1","mFRR","Local","Up","216.00","0.00"," "
"05/12/2023 03:00:00","SCA|NO1","mFRR","Local","Down","156.00","0.00"," "
"05/12/2023 04:00:00","SCA|NO1","mFRR","Local","Up","185.00","0.00"," "
"05/12/2023 04:00:00","SCA|NO1","mFRR","Local","Down","165.00","0.00"," "
"05/12/2023 05:00:00","SCA|NO1","mFRR","Local","Up","180.00","0.00"," "
"05/12/2023 05:00:00","SCA|NO1","mFRR","Local","Down","107.00","29.00"," "
"05/12/2023 06:00:00","SCA|NO1","mFRR","Local","Up","148.00","0.00"," "
"05/12/2023 06:00:00","SCA|NO1","mFRR","Local","Down","214.00","76.50"," "
"05/12/2023 07:00:00","SCA|NO1","mFRR","Local","Up","137.00","0.00"," "
"05/12/2023 07:00:00","SCA|NO1","mFRR","Local","Down","213.00","0.00"," "
"05/12/2023 08:00:00","SCA|NO1","mFRR","Local","Up","136.00","34.00"," "
"05/12/2023 08:00:00","SCA|NO1","mFRR","Local","Down","152.00","0.00"," "
"05/12/2023 09:00:00","SCA|NO1","mFRR","Local","Up","136.00","98.25"," "
"05/12/2023 09:00:00","SCA|NO1","mFRR","Local","Down","171.00","0.00"," "
"05/12/2023 10:00:00","SCA|NO1","mFRR","Local","Up","136.00","0.00"," "
"05/12/2023 10:00:00","SCA|NO1","mFRR","Local","Down","186.00","0.00"," "
"05/12/2023 11:00:00","SCA|NO1","mFRR","Local","Up","136.00","0.00"," "
"05/12/2023 11:00:00","SCA|NO1","mFRR","Local","Down","167.00","0.00"," "
"05/12/2023 12:00:00","SCA|NO1","mFRR","Local","Up","136.00","0.00"," "
"05/12/2023 12:00:00","SCA|NO1","mFRR","Local","Down","224.00","0.00"," "
"05/12/2023 13:00:00","SCA|NO1","mFRR","Local","Up","136.00","0.00"," "
"05/12/2023 13:00:00","SCA|NO1","mFRR","Local","Down","225.00","0.00"," "
"05/12/2023 14:00:00","SCA|NO1","mFRR","Local","Up","136.00","0.00"," "
"05/12/2023 14:00:00","SCA|NO1","mFRR","Local","Down","226.00","0.00"," "
"05/12/2023 15:00:00","SCA|NO1","mFRR","Local","Up","136.00","0.00"," "
"05/12/2023 15:00:00","SCA|NO1","mFRR","Local","Down","194.00","0.00"," "
"05/12/2023 16:00:00","SCA|NO1","mFRR","Local","Up","136.00","0.00"," "
"05/12/2023 16:00:00","SCA|NO1","mFRR","Local","Down","167.00","0.00"," "
"05/12/2023 17:00:00","SCA|NO1","mFRR","Local","Up","136.00","0.00"," "
"05/12/2023 17:00:00","SCA|NO1","mFRR","Local","Down","200.00","21.00"," "
"05/12/2023 18:00:00","SCA|NO1","mFRR","Local","Up","136.00","0.00"," "
"05/12/2023 18:00:00","SCA|NO1","mFRR","Local","Down","225.00","0.00"," "
"05/12/2023 19:00:00","SCA|NO1","mFRR","Local","Up","136.00","0.00"," "
"05/12/2023 19:00:00","SCA|NO1","mFRR","Local","Down","226.00","0.00"," "
"05/12/2023 20:00:00","SCA|NO1","mFRR","Local","Up","136.00","0.00"," "
"05/12/2023 20:00:00","SCA|NO1","mFRR","Local","Down","226.00","0.00"," "
"05/12/2023 21:00:00","SCA|NO1","mFRR","Local","Up","136.00","0.00"," "
"05/12/2023 21:00:00","SCA|NO1","mFRR","Local","Down","221.00","0.00"," "
"05/12/2023 22:00:00","SCA|NO1","mFRR","Local","Up","136.00","65.50"," "
"05/12/2023 22:00:00","SCA|NO1","mFRR","Local","Down","177.00","0.00"," "
"05/12/2023 23:00:00","SCA|NO1","mFRR","Local","Up","180.00","0.00"," "
"05/12/2023 23:00:00","SCA|NO1","mFRR","Local","Down","122.00","0.00"," "
"06/12/2023 00:00:00","SCA|NO1","mFRR","Local","Up","174.00","0.00"," "
"06/12/2023 00:00:00","SCA|NO1","mFRR","Local","Down","188.00","76.50"," "
"06/12/2023 01:00:00","SCA|NO1","mFRR","Local","Up","174.00","0.00"," "
"06/12/2023 01:00:00","SCA|NO1","mFRR","Local","Down","202.00","123.50"," "
"06/12/2023 02:00:00","SCA|NO1","mFRR","Local","Up","174.00","0.00"," "
"06/12/2023 02:00:00","SCA|NO1","mFRR","Local","Down","186.00","43.00"," "
"06/12/2023 03:00:00","SCA|NO1","mFRR","Local","Up","174.00","0.00"," "
"06/12/2023 03:00:00","SCA|NO1","mFRR","Local","Down","186.00","63.75"," "
"06/12/2023 04:00:00","SCA|NO1","mFRR","Local","Up","174.00","0.00"," "
"06/12/2023 04:00:00","SCA|NO1","mFRR","Local","Down","186.00","126.00"," "
"06/12/2023 05:00:00","SCA|NO1","mFRR","Local","Up","179.00","0.00"," "
"06/12/2023 05:00:00","SCA|NO1","mFRR","Local","Down","162.00","95.00"," "
"06/12/2023 06:00:00","SCA|NO1","mFRR","Local","Up","180.00","0.00"," "
"06/12/2023 06:00:00","SCA|NO1","mFRR","Local","Down","138.00","22.00"," "
"06/12/2023 07:00:00","SCA|NO1","mFRR","Local","Up","136.00","0.00"," "
"06/12/2023 07:00:00","SCA|NO1","mFRR","Local","Down","132.00","0.00"," "
"06/12/2023 08:00:00","SCA|NO1","mFRR","Local","Up","136.00","0.00"," "
"06/12/2023 08:00:00","SCA|NO1","mFRR","Local","Down","132.00","21.00"," "
"06/12/2023 09:00:00","SCA|NO1","mFRR","Local","Up","136.00","0.00"," "
"06/12/2023 09:00:00","SCA|NO1","mFRR","Local","Down","132.00","0.00"," "
"06/12/2023 10:00:00","SCA|NO1","mFRR","Local","Up","136.00","0.00"," "
"06/12/2023 10:00:00","SCA|NO1","mFRR","Local","Down","139.00","0.00"," "
"06/12/2023 11:00:00","SCA|NO1","mFRR","Local","Up","136.00","0.00"," "
"06/12/2023 11:00:00","SCA|NO1","mFRR","Local","Down","152.00","0.00"," "
"06/12/2023 12:00:00","SCA|NO1","mFRR","Local","Up","136.00","0.00"," "
"06/12/2023 12:00:00","SCA|NO1","mFRR","Local","Down","155.00","0.00"," "
"06/12/2023 13:00:00","SCA|NO1","mFRR","Local","Up","136.00","0.00"," "
"06/12/2023 13:00:00","SCA|NO1","mFRR","Local","Down","161.00","0.00"," "
"06/12/2023 14:00:00","SCA|NO1","mFRR","Local","Up","136.00","24.75"," "
"06/12/2023 14:00:00","SCA|NO1","mFRR","Local","Down","162.00","0.00"," "
"06/12/2023 15:00:00","SCA|NO1","mFRR","Local","Up","136.00","0.00"," "
"06/12/2023 15:00:00","SCA|NO1","mFRR","Local","Down","225.00","0.00"," "
"06/12/2023 16:00:00","SCA|NO1","mFRR","Local","Up","136.00","0.00"," "
"06/12/2023 16:00:00","SCA|NO1","mFRR","Local","Down","222.00","0.00"," "
"06/12/2023 17:00:00","SCA|NO1","mFRR","Local","Up","136.00","0.00"," "
"06/12/2023 17:00:00","SCA|NO1","mFRR","Local","Down","265.00","0.00"," "
"06/12/2023 18:00:00","SCA|NO1","mFRR","Local","Up","136.00","50.00"," "
"06/12/2023 18:00:00","SCA|NO1","mFRR","Local","Down","287.00","0.00"," "
"06/12/2023 19:00:00","SCA|NO1","mFRR","Local","Up","136.00","0.00"," "
"06/12/2023 19:00:00","SCA|NO1","mFRR","Local","Down","281.00","0.00"," "
"06/12/2023 20:00:00","SCA|NO1","mFRR","Local","Up","136.00","0.00"," "
"06/12/2023 20:00:00","SCA|NO1","mFRR","Local","Down","219.00","0.00"," "
"06/12/2023 21:00:00","SCA|NO1","mFRR","Local","Up","136.00","0.00"," "
"06/12/2023 21:00:00","SCA|NO1","mFRR","Local","Down","231.00","0.00"," "
"06/12/2023 22:00:00","SCA|NO1","mFRR","Local","Up","180.00","0.00"," "
"06/12/2023 22:00:00","SCA|NO1","mFRR","Local","Down","218.00","0.00"," "
"06/12/2023 23:00:00","SCA|NO1","mFRR","Local","Up","180.00","0.00"," "
"06/12/2023 23:00:00","SCA|NO1","mFRR","Local","Down","253.00","0.00"," "
"07/12/2023 00:00:00","SCA|NO1","mFRR","Local","Up","174.00","44.00"," "
"07/12/2023 00:00:00","SCA|NO1","mFRR","Local","Down","174.00","0.00"," "
"07/12/2023 01:00:00","SCA|NO1","mFRR","Local","Up","174.00","44.00"," "
"07/12/2023 01:00:00","SCA|NO1","mFRR","Local","Down","182.00","0.00"," "
"07/12/2023 02:00:00","SCA|NO1","mFRR","Local","Up","174.00","44.00"," "
"07/12/2023 02:00:00","SCA|NO1","mFRR","Local","Down","185.00","0.00"," "
"07/12/2023 03:00:00","SCA|NO1","mFRR","Local","Up","174.00","44.00"," "
"07/12/2023 03:00:00","SCA|NO1","mFRR","Local","Down","181.00","0.00"," "
"07/12/2023 04:00:00","SCA|NO1","mFRR","Local","Up","174.00","44.00"," "
"07/12/2023 04:00:00","SCA|NO1","mFRR","Local","Down","178.00","0.00"," "
"07/12/2023 05:00:00","SCA|NO1","mFRR","Local","Up","178.00","44.00"," "
"07/12/2023 05:00:00","SCA|NO1","mFRR","Local","Down","162.00","0.00"," "
"07/12/2023 06:00:00","SCA|NO1","mFRR","Local","Up","134.00","0.00"," "
"07/12/2023 06:00:00","SCA|NO1","mFRR","Local","Down","136.00","0.00"," "
"07/12/2023 07:00:00","SCA|NO1","mFRR","Local","Up","134.00","0.00"," "
"07/12/2023 07:00:00","SCA|NO1","mFRR","Local","Down","138.00","0.00"," "
"07/12/2023 08:00:00","SCA|NO1","mFRR","Local","Up","134.00","129.00"," "
"07/12/2023 08:00:00","SCA|NO1","mFRR","Local","Down","132.00","0.00"," "
"07/12/2023 09:00:00","SCA|NO1","mFRR","Local","Up","135.00","130.00"," "
"07/12/2023 09:00:00","SCA|NO1","mFRR","Local","Down","144.00","0.00"," "
"07/12/2023 10:00:00","SCA|NO1","mFRR","Local","Up","135.00","122.00"," "
"07/12/2023 10:00:00","SCA|NO1","mFRR","Local","Down","138.00","0.00"," "
"07/12/2023 11:00:00","SCA|NO1","mFRR","Local","Up","135.00","2.50"," "
"07/12/2023 11:00:00","SCA|NO1","mFRR","Local","Down","154.00","0.00"," "
"07/12/2023 12:00:00","SCA|NO1","mFRR","Local","Up","135.00","0.00"," "
"07/12/2023 12:00:00","SCA|NO1","mFRR","Local","Down","156.00","0.00"," "
"07/12/2023 13:00:00","SCA|NO1","mFRR","Local","Up","135.00","0.00"," "
"07/12/2023 13:00:00","SCA|NO1","mFRR","Local","Down","151.00","0.00"," "
"07/12/2023 14:00:00","SCA|NO1","mFRR","Local","Up","135.00","0.00"," "
"07/12/2023 14:00:00","SCA|NO1","mFRR","Local","Down","151.00","0.00"," "
"07/12/2023 15:00:00","SCA|NO1","mFRR","Local","Up","135.00","0.00"," "
"07/12/2023 15:00:00","SCA|NO1","mFRR","Local","Down","138.00","0.00"," "
"07/12/2023 16:00:00","SCA|NO1","mFRR","Local","Up","135.00","0.00"," "
"07/12/2023 16:00:00","SCA|NO1","mFRR","Local","Down","138.00","0.00"," "
"07/12/2023 17:00:00","SCA|NO1","mFRR","Local","Up","135.00","0.00"," "
"07/12/2023 17:00:00","SCA|NO1","mFRR","Local","Down","138.00","0.00"," "
"07/12/2023 18:00:00","SCA|NO1","mFRR","Local","Up","135.00","0.00"," "
"07/12/2023 18:00:00","SCA|NO1","mFRR","Local","Down","147.00","0.00"," "
"07/12/2023 19:00:00","SCA|NO1","mFRR","Local","Up","135.00","0.00"," "
"07/12/2023 19:00:00","SCA|NO1","mFRR","Local","Down","152.00","0.00"," "
"07/12/2023 20:00:00","SCA|NO1","mFRR","Local","Up","135.00","0.00"," "
"07/12/2023 20:00:00","SCA|NO1","mFRR","Local","Down","152.00","0.00"," "
"07/12/2023 21:00:00","SCA|NO1","mFRR","Local","Up","179.00","44.00"," "
"07/12/2023 21:00:00","SCA|NO1","mFRR","Local","Down","154.00","0.00"," "
"07/12/2023 22:00:00","SCA|NO1","mFRR","Local","Up","179.00","44.00"," "
"07/12/2023 22:00:00","SCA|NO1","mFRR","Local","Down","154.00","0.00"," "
"07/12/2023 23:00:00","SCA|NO1","mFRR","Local","Up","267.00","88.00"," "
"07/12/2023 23:00:00","SCA|NO1","mFRR","Local","Down","137.00","0.00"," "
"08/12/2023 00:00:00","SCA|NO1","mFRR","Local","Up","301.00","0.00"," "
"08/12/2023 00:00:00","SCA|NO1","mFRR","Local","Down","279.00","128.00"," "
"08/12/2023 01:00:00","SCA|NO1","mFRR","Local","Up","311.00","0.00"," "
"08/12/2023 01:00:00","SCA|NO1","mFRR","Local","Down","280.00","159.00"," "
"08/12/2023 02:00:00","SCA|NO1","mFRR","Local","Up","301.00","0.00"," "
"08/12/2023 02:00:00","SCA|NO1","mFRR","Local","Down","295.00","159.00"," "
"08/12/2023 03:00:00","SCA|NO1","mFRR","Local","Up","301.00","0.00"," "
"08/12/2023 03:00:00","SCA|NO1","mFRR","Local","Down","288.00","0.00"," "
"08/12/2023 04:00:00","SCA|NO1","mFRR","Local","Up","301.00","0.00"," "
"08/12/2023 04:00:00","SCA|NO1","mFRR","Local","Down","296.00","0.00"," "
"08/12/2023 05:00:00","SCA|NO1","mFRR","Local","Up","246.00","0.00"," "
"08/12/2023 05:00:00","SCA|NO1","mFRR","Local","Down","280.00","0.00"," "
"08/12/2023 06:00:00","SCA|NO1","mFRR","Local","Up","166.00","0.00"," "
"08/12/2023 06:00:00","SCA|NO1","mFRR","Local","Down","357.00","0.00"," "
"08/12/2023 07:00:00","SCA|NO1","mFRR","Local","Up","151.00","0.00"," "
"08/12/2023 07:00:00","SCA|NO1","mFRR","Local","Down","345.00","0.00"," "
"08/12/2023 08:00:00","SCA|NO1","mFRR","Local","Up","149.00","10.00"," "
"08/12/2023 08:00:00","SCA|NO1","mFRR","Local","Down","319.00","0.00"," "
"08/12/2023 09:00:00","SCA|NO1","mFRR","Local","Up","150.00","0.00"," "
"08/12/2023 09:00:00","SCA|NO1","mFRR","Local","Down","345.00","21.75"," "
"08/12/2023 10:00:00","SCA|NO1","mFRR","Local","Up","149.00","0.00"," "
"08/12/2023 10:00:00","SCA|NO1","mFRR","Local","Down","349.00","91.00"," "
"08/12/2023 11:00:00","SCA|NO1","mFRR","Local","Up","153.00","0.00"," "
"08/12/2023 11:00:00","SCA|NO1","mFRR","Local","Down","308.00","38.25"," "
"08/12/2023 12:00:00","SCA|NO1","mFRR","Local","Up","149.00","108.00"," "
"08/12/2023 12:00:00","SCA|NO1","mFRR","Local","Down","300.00","0.00"," "
"08/12/2023 13:00:00","SCA|NO1","mFRR","Local","Up","151.00","130.00"," "
"08/12/2023 13:00:00","SCA|NO1","mFRR","Local","Down","344.00","0.00"," "
"08/12/2023 14:00:00","SCA|NO1","mFRR","Local","Up","151.00","5.00"," "
"08/12/2023 14:00:00","SCA|NO1","mFRR","Local","Down","345.00","0.00"," "
"08/12/2023 15:00:00","SCA|NO1","mFRR","Local","Up","149.00","0.00"," "
"08/12/2023 15:00:00","SCA|NO1","mFRR","Local","Down","345.00","0.00"," "
"08/12/2023 16:00:00","SCA|NO1","mFRR","Local","Up","149.00","0.00"," "
"08/12/2023 16:00:00","SCA|NO1","mFRR","Local","Down","345.00","22.00"," "
"08/12/2023 17:00:00","SCA|NO1","mFRR","Local","Up","149.00","0.00"," "
"08/12/2023 17:00:00","SCA|NO1","mFRR","Local","Down","345.00","33.00"," "
"08/12/2023 18:00:00","SCA|NO1","mFRR","Local","Up","149.00","50.00"," "
"08/12/2023 18:00:00","SCA|NO1","mFRR","Local","Down","345.00","0.00"," "
"08/12/2023 19:00:00","SCA|NO1","mFRR","Local","Up","150.00","26.00"," "
"08/12/2023 19:00:00","SCA|NO1","mFRR","Local","Down","344.00","0.00"," "
"08/12/2023 20:00:00","SCA|NO1","mFRR","Local","Up","151.00","19.50"," "
"08/12/2023 20:00:00","SCA|NO1","mFRR","Local","Down","345.00","0.00"," "
"08/12/2023 21:00:00","SCA|NO1","mFRR","Local","Up","152.00","0.00"," "
"08/12/2023 21:00:00","SCA|NO1","mFRR","Local","Down","319.00","0.00"," "
"08/12/2023 22:00:00","SCA|NO1","mFRR","Local","Up","152.00","0.00"," "
"08/12/2023 22:00:00","SCA|NO1","mFRR","Local","Down","331.00","0.00"," "
"08/12/2023 23:00:00","SCA|NO1","mFRR","Local","Up","176.00","10.00"," "
"08/12/2023 23:00:00","SCA|NO1","mFRR","Local","Down","300.00","0.00"," "
"09/12/2023 00:00:00","SCA|NO1","mFRR","Local","Up","284.00","120.50"," "
"09/12/2023 00:00:00","SCA|NO1","mFRR","Local","Down","91.00","0.00"," "
"09/12/2023 01:00:00","SCA|NO1","mFRR","Local","Up","461.00","224.00"," "
"09/12/2023 01:00:00","SCA|NO1","mFRR","Local","Down","91.00","0.00"," "
"09/12/2023 02:00:00","SCA|NO1","mFRR","Local","Up","426.00","189.00"," "
"09/12/2023 02:00:00","SCA|NO1","mFRR","Local","Down","158.00","0.00"," "
"09/12/2023 03:00:00","SCA|NO1","mFRR","Local","Up","451.00","109.00"," "
"09/12/2023 03:00:00","SCA|NO1","mFRR","Local","Down","132.00","0.00"," "
"09/12/2023 04:00:00","SCA|NO1","mFRR","Local","Up","438.00","96.00"," "
"09/12/2023 04:00:00","SCA|NO1","mFRR","Local","Down","98.00","0.00"," "
"09/12/2023 05:00:00","SCA|NO1","mFRR","Local","Up","451.00","98.50"," "
"09/12/2023 05:00:00","SCA|NO1","mFRR","Local","Down","66.00","0.00"," "
"09/12/2023 06:00:00","SCA|NO1","mFRR","Local","Up","378.00","21.00"," "
"09/12/2023 06:00:00","SCA|NO1","mFRR","Local","Down","164.00","0.00"," "
"09/12/2023 07:00:00","SCA|NO1","mFRR","Local","Up","406.00","0.00"," "
"09/12/2023 07:00:00","SCA|NO1","mFRR","Local","Down","100.00","0.00"," "
"09/12/2023 08:00:00","SCA|NO1","mFRR","Local","Up","343.00","0.00"," "
"09/12/2023 08:00:00","SCA|NO1","mFRR","Local","Down","143.00","0.00"," "
"09/12/2023 09:00:00","SCA|NO1","mFRR","Local","Up","291.00","0.00"," "
"09/12/2023 09:00:00","SCA|NO1","mFRR","Local","Down","201.00","0.00"," "
"09/12/2023 10:00:00","SCA|NO1","mFRR","Local","Up","218.00","0.00"," "
"09/12/2023 10:00:00","SCA|NO1","mFRR","Local","Down","140.50","0.00"," "
"09/12/2023 11:00:00","SCA|NO1","mFRR","Local","Up","291.00","0.00"," "
"09/12/2023 11:00:00","SCA|NO1","mFRR","Local","Down","98.00","0.00"," "
"09/12/2023 12:00:00","SCA|NO1","mFRR","Local","Up","291.00","0.00"," "
"09/12/2023 12:00:00","SCA|NO1","mFRR","Local","Down","88.00","0.00"," "
"09/12/2023 13:00:00","SCA|NO1","mFRR","Local","Up","325.00","0.00"," "
"09/12/2023 13:00:00","SCA|NO1","mFRR","Local","Down","61.00","0.00"," "
"09/12/2023 14:00:00","SCA|NO1","mFRR","Local","Up","279.00","0.00"," "
"09/12/2023 14:00:00","SCA|NO1","mFRR","Local","Down","163.00","0.00"," "
"09/12/2023 15:00:00","SCA|NO1","mFRR","Local","Up","237.00","0.00"," "
"09/12/2023 15:00:00","SCA|NO1","mFRR","Local","Down","199.00","0.00"," "
"09/12/2023 16:00:00","SCA|NO1","mFRR","Local","Up","237.00","0.00"," "
"09/12/2023 16:00:00","SCA|NO1","mFRR","Local","Down","209.00","0.00"," "
"09/12/2023 17:00:00","SCA|NO1","mFRR","Local","Up","237.00","0.00"," "
"09/12/2023 17:00:00","SCA|NO1","mFRR","Local","Down","217.00","0.00"," "
"09/12/2023 18:00:00","SCA|NO1","mFRR","Local","Up","344.00","0.00"," "
"09/12/2023 18:00:00","SCA|NO1","mFRR","Local","Down","81.00","9.00"," "
"09/12/2023 19:00:00","SCA|NO1","mFRR","Local","Up","324.00","0.00"," "
"09/12/2023 19:00:00","SCA|NO1","mFRR","Local","Down","106.00","41.50"," "
"09/12/2023 20:00:00","SCA|NO1","mFRR","Local","Up","494.00","0.00"," "
"09/12/2023 20:00:00","SCA|NO1","mFRR","Local","Down","77.00","0.00"," "
"09/12/2023 21:00:00","SCA|NO1","mFRR","Local","Up","531.00","0.00"," "
"09/12/2023 21:00:00","SCA|NO1","mFRR","Local","Down","83.00","0.00"," "
"09/12/2023 22:00:00","SCA|NO1","mFRR","Local","Up","531.00","0.00"," "
"09/12/2023 22:00:00","SCA|NO1","mFRR","Local","Down","76.00","0.00"," "
"09/12/2023 23:00:00","SCA|NO1","mFRR","Local","Up","531.00","0.00"," "
"09/12/2023 23:00:00","SCA|NO1","mFRR","Local","Down","83.00","0.00"," "
"10/12/2023 00:00:00","SCA|NO1","mFRR","Local","Up","795.00","0.00"," "
"10/12/2023 00:00:00","SCA|NO1","mFRR","Local","Down","81.00","0.00"," "
"10/12/2023 01:00:00","SCA|NO1","mFRR","Local","Up","797.00","0.00"," "
"10/12/2023 01:00:00","SCA|NO1","mFRR","Local","Down","47.00","0.00"," "
"10/12/2023 02:00:00","SCA|NO1","mFRR","Local","Up","797.00","0.00"," "
"10/12/2023 02:00:00","SCA|NO1","mFRR","Local","Down","46.00","0.00"," "
"10/12/2023 03:00:00","SCA|NO1","mFRR","Local","Up","774.00","0.00"," "
"10/12/2023 03:00:00","SCA|NO1","mFRR","Local","Down","52.00","0.00"," "
"10/12/2023 04:00:00","SCA|NO1","mFRR","Local","Up","797.00","0.00"," "
"10/12/2023 04:00:00","SCA|NO1","mFRR","Local","Down","58.00","0.00"," "
"10/12/2023 05:00:00","SCA|NO1","mFRR","Local","Up","647.00","0.00"," "
"10/12/2023 05:00:00","SCA|NO1","mFRR","Local","Down","59.00","0.00"," "
"10/12/2023 06:00:00","SCA|NO1","mFRR","Local","Up","647.00","0.00"," "
"10/12/2023 06:00:00","SCA|NO1","mFRR","Local","Down","53.00","0.00"," "
"10/12/2023 07:00:00","SCA|NO1","mFRR","Local","Up","645.00","0.00"," "
"10/12/2023 07:00:00","SCA|NO1","mFRR","Local","Down","44.00","0.00"," "
"10/12/2023 08:00:00","SCA|NO1","mFRR","Local","Up","612.00","0.00"," "
"10/12/2023 08:00:00","SCA|NO1","mFRR","Local","Down","31.00","0.00"," "
"10/12/2023 09:00:00","SCA|NO1","mFRR","Local","Up","622.00","0.00"," "
"10/12/2023 09:00:00","SCA|NO1","mFRR","Local","Down","21.00","0.00"," "
"10/12/2023 10:00:00","SCA|NO1","mFRR","Local","Up","634.00","0.00"," "
"10/12/2023 10:00:00","SCA|NO1","mFRR","Local","Down","7.00","0.00"," "
"10/12/2023 11:00:00","SCA|NO1","mFRR","Local","Up","609.00","21.00"," "
"10/12/2023 11:00:00","SCA|NO1","mFRR","Local","Down","7.00","0.00"," "
"10/12/2023 12:00:00","SCA|NO1","mFRR","Local","Up","613.00","36.50"," "
"10/12/2023 12:00:00","SCA|NO1","mFRR","Local","Down","0.00","0.00"," "
"10/12/2023 13:00:00","SCA|NO1","mFRR","Local","Up","637.00","0.00"," "
"10/12/2023 13:00:00","SCA|NO1","mFRR","Local","Down","0.00","0.00"," "
"10/12/2023 14:00:00","SCA|NO1","mFRR","Local","Up","572.00","0.00"," "
"10/12/2023 14:00:00","SCA|NO1","mFRR","Local","Down","0.00","0.00"," "
"10/12/2023 15:00:00","SCA|NO1","mFRR","Local","Up","568.00","0.00"," "
"10/12/2023 15:00:00","SCA|NO1","mFRR","Local","Down","0.00","0.00"," "
"10/12/2023 16:00:00","SCA|NO1","mFRR","Local","Up","487.00","0.00"," "
"10/12/2023 16:00:00","SCA|NO1","mFRR","Local","Down","0.00","0.00"," "
"10/12/2023 17:00:00","SCA|NO1","mFRR","Local","Up","440.00","0.00"," "
"10/12/2023 17:00:00","SCA|NO1","mFRR","Local","Down","0.00","0.00"," "
"10/12/2023 18:00:00","SCA|NO1","mFRR","Local","Up","396.00","80.50"," "
"10/12/2023 18:00:00","SCA|NO1","mFRR","Local","Down","0.00","0.00"," "
"10/12/2023 19:00:00","SCA|NO1","mFRR","Local","Up","411.00","33.00"," "
"10/12/2023 19:00:00","SCA|NO1","mFRR","Local","Down","0.00","0.00"," "
"10/12/2023 20:00:00","SCA|NO1","mFRR","Local","Up","426.00","0.00"," "
"10/12/2023 20:00:00","SCA|NO1","mFRR","Local","Down","0.00","0.00"," "
"10/12/2023 21:00:00","SCA|NO1","mFRR","Local","Up","531.00","0.00"," "
"10/12/2023 21:00:00","SCA|NO1","mFRR","Local","Down","5.00","0.00"," "
"10/12/2023 22:00:00","SCA|NO1","mFRR","Local","Up","544.00","0.00"," "
"10/12/2023 22:00:00","SCA|NO1","mFRR","Local","Down","11.00","0.00"," "
"10/12/2023 23:00:00","SCA|NO1","mFRR","Local","Up","586.00","0.00"," "
"10/12/2023 23:00:00","SCA|NO1","mFRR","Local","Down","17.00","0.00"," "
"11/12/2023 00:00:00","SCA|NO1","mFRR","Local","Up","502.00","0.00"," "
"11/12/2023 00:00:00","SCA|NO1","mFRR","Local","Down","19.00","0.00"," "
"11/12/2023 01:00:00","SCA|NO1","mFRR","Local","Up","550.00","16.50"," "
"11/12/2023 01:00:00","SCA|NO1","mFRR","Local","Down","33.00","0.00"," "
"11/12/2023 02:00:00","SCA|NO1","mFRR","Local","Up","550.00","22.00"," "
"11/12/2023 02:00:00","SCA|NO1","mFRR","Local","Down","20.00","0.00"," "
"11/12/2023 03:00:00","SCA|NO1","mFRR","Local","Up","510.00","5.50"," "
"11/12/2023 03:00:00","SCA|NO1","mFRR","Local","Down","0.00","0.00"," "
"11/12/2023 04:00:00","SCA|NO1","mFRR","Local","Up","510.00","0.00"," "
"11/12/2023 04:00:00","SCA|NO1","mFRR","Local","Down","0.00","0.00"," "
"11/12/2023 05:00:00","SCA|NO1","mFRR","Local","Up","356.00","0.00"," "
"11/12/2023 05:00:00","SCA|NO1","mFRR","Local","Down","5.00","0.00"," "
"11/12/2023 06:00:00","SCA|NO1","mFRR","Local","Up","311.00","0.00"," "
"11/12/2023 06:00:00","SCA|NO1","mFRR","Local","Down","108.00","0.00"," "
"11/12/2023 07:00:00","SCA|NO1","mFRR","Local","Up","219.00","64.75"," "
"11/12/2023 07:00:00","SCA|NO1","mFRR","Local","Down","171.00","0.00"," "
"11/12/2023 08:00:00","SCA|NO1","mFRR","Local","Up","198.00","10.00"," "
"11/12/2023 08:00:00","SCA|NO1","mFRR","Local","Down","163.00","0.00"," "
"11/12/2023 09:00:00","SCA|NO1","mFRR","Local","Up","198.00","10.00"," "
"11/12/2023 09:00:00","SCA|NO1","mFRR","Local","Down","211.00","0.00"," "
"11/12/2023 10:00:00","SCA|NO1","mFRR","Local","Up","198.00","10.00"," "
"11/12/2023 10:00:00","SCA|NO1","mFRR","Local","Down","183.00","0.00"," "
"11/12/2023 11:00:00","SCA|NO1","mFRR","Local","Up","198.00","10.00"," "
"11/12/2023 11:00:00","SCA|NO1","mFRR","Local","Down","182.00","0.00"," "
"11/12/2023 12:00:00","SCA|NO1","mFRR","Local","Up","219.00","10.00"," "
"11/12/2023 12:00:00","SCA|NO1","mFRR","Local","Down","154.00","0.00"," "
"11/12/2023 13:00:00","SCA|NO1","mFRR","Local","Up","219.00","10.00"," "
"11/12/2023 13:00:00","SCA|NO1","mFRR","Local","Down","160.00","0.00"," "
"11/12/2023 14:00:00","SCA|NO1","mFRR","Local","Up","198.00","10.00"," "
"11/12/2023 14:00:00","SCA|NO1","mFRR","Local","Down","189.00","0.00"," "
"11/12/2023 15:00:00","SCA|NO1","mFRR","Local","Up","198.00","10.00"," "
"11/12/2023 15:00:00","SCA|NO1","mFRR","Local","Down","182.00","0.00"," "
"11/12/2023 16:00:00","SCA|NO1","mFRR","Local","Up","198.00","0.00"," "
"11/12/2023 16:00:00","SCA|NO1","mFRR","Local","Down","183.00","0.00"," "
"11/12/2023 17:00:00","SCA|NO1","mFRR","Local","Up","188.00","0.00"," "
"11/12/2023 17:00:00","SCA|NO1","mFRR","Local","Down","184.00","33.00"," "
"11/12/2023 18:00:00","SCA|NO1","mFRR","Local","Up","188.00","0.00"," "
"11/12/2023 18:00:00","SCA|NO1","mFRR","Local","Down","184.00","8.25"," "
"11/12/2023 19:00:00","SCA|NO1","mFRR","Local","Up","188.00","0.00"," "
"11/12/2023 19:00:00","SCA|NO1","mFRR","Local","Down","184.00","0.00"," "
"11/12/2023 20:00:00","SCA|NO1","mFRR","Local","Up","188.00","0.00"," "
"11/12/2023 20:00:00","SCA|NO1","mFRR","Local","Down","184.00","0.00"," "
"11/12/2023 21:00:00","SCA|NO1","mFRR","Local","Up","222.00","0.00"," "
"11/12/2023 21:00:00","SCA|NO1","mFRR","Local","Down","145.00","24.50"," "
"11/12/2023 22:00:00","SCA|NO1","mFRR","Local","Up","310.00","0.00"," "
"11/12/2023 22:00:00","SCA|NO1","mFRR","Local","Down","135.00","0.00"," "
"11/12/2023 23:00:00","SCA|NO1","mFRR","Local","Up","355.00","0.00"," "
"11/12/2023 23:00:00","SCA|NO1","mFRR","Local","Down","134.00","0.00"," "
"12/12/2023 00:00:00","SCA|NO1","mFRR","Local","Up","235.00","0.00"," "
"12/12/2023 00:00:00","SCA|NO1","mFRR","Local","Down","231.00","85.00"," "
"12/12/2023 01:00:00","SCA|NO1","mFRR","Local","Up","188.00","0.00"," "
"12/12/2023 01:00:00","SCA|NO1","mFRR","Local","Down","314.00","230.00"," "
"12/12/2023 02:00:00","SCA|NO1","mFRR","Local","Up","188.00","0.00"," "
"12/12/2023 02:00:00","SCA|NO1","mFRR","Local","Down","313.00","229.00"," "
"12/12/2023 03:00:00","SCA|NO1","mFRR","Local","Up","156.00","0.00"," "
"12/12/2023 03:00:00","SCA|NO1","mFRR","Local","Down","334.00","296.00"," "
"12/12/2023 04:00:00","SCA|NO1","mFRR","Local","Up","146.00","0.00"," "
"12/12/2023 04:00:00","SCA|NO1","mFRR","Local","Down","346.00","289.75"," "
"12/12/2023 05:00:00","SCA|NO1","mFRR","Local","Up","199.00","0.00"," "
"12/12/2023 05:00:00","SCA|NO1","mFRR","Local","Down","245.00","129.00"," "
"12/12/2023 06:00:00","SCA|NO1","mFRR","Local","Up","215.00","0.00"," "
"12/12/2023 06:00:00","SCA|NO1","mFRR","Local","Down","125.00","62.25"," "
"12/12/2023 07:00:00","SCA|NO1","mFRR","Local","Up","203.00","0.00"," "
"12/12/2023 07:00:00","SCA|NO1","mFRR","Local","Down","212.00","143.00"," "
"12/12/2023 08:00:00","SCA|NO1","mFRR","Local","Up","213.00","0.00"," "
"12/12/2023 08:00:00","SCA|NO1","mFRR","Local","Down","79.00","10.00"," "
"12/12/2023 09:00:00","SCA|NO1","mFRR","Local","Up","202.00","0.00"," "
"12/12/2023 09:00:00","SCA|NO1","mFRR","Local","Down","211.00","85.00"," "
"12/12/2023 10:00:00","SCA|NO1","mFRR","Local","Up","202.00","0.00"," "
"12/12/2023 10:00:00","SCA|NO1","mFRR","Local","Down","221.00","95.00"," "
"12/12/2023 11:00:00","SCA|NO1","mFRR","Local","Up","203.00","0.00"," "
"12/12/2023 11:00:00","SCA|NO1","mFRR","Local","Down","234.00","97.00"," "
"12/12/2023 12:00:00","SCA|NO1","mFRR","Local","Up","212.00","0.00"," "
"12/12/2023 12:00:00","SCA|NO1","mFRR","Local","Down","78.00","10.00"," "
"12/12/2023 13:00:00","SCA|NO1","mFRR","Local","Up","203.00","0.00"," "
"12/12/2023 13:00:00","SCA|NO1","mFRR","Local","Down","217.00","105.25"," "
"12/12/2023 14:00:00","SCA|NO1","mFRR","Local","Up","202.00","0.00"," "
"12/12/2023 14:00:00","SCA|NO1","mFRR","Local","Down","233.00","120.00"," "
"12/12/2023 15:00:00","SCA|NO1","mFRR","Local","Up","203.00","0.00"," "
"12/12/2023 15:00:00","SCA|NO1","mFRR","Local","Down","244.00","100.00"," "
"12/12/2023 16:00:00","SCA|NO1","mFRR","Local","Up","203.00","0.00"," "
"12/12/2023 16:00:00","SCA|NO1","mFRR","Local","Down","222.00","95.00"," "
"12/12/2023 17:00:00","SCA|NO1","mFRR","Local","Up","203.00","0.00"," "
"12/12/2023 17:00:00","SCA|NO1","mFRR","Local","Down","212.00","85.00"," "
"12/12/2023 18:00:00","SCA|NO1","mFRR","Local","Up","203.00","0.00"," "
"12/12/2023 18:00:00","SCA|NO1","mFRR","Local","Down","212.00","63.00"," "
"12/12/2023 19:00:00","SCA|NO1","mFRR","Local","Up","204.00","0.00"," "
"12/12/2023 19:00:00","SCA|NO1","mFRR","Local","Down","211.00","30.00"," "
"12/12/2023 20:00:00","SCA|NO1","mFRR","Local","Up","204.00","0.00"," "
"12/12/2023 20:00:00","SCA|NO1","mFRR","Local","Down","221.00","23.00"," "
"12/12/2023 21:00:00","SCA|NO1","mFRR","Local","Up","203.00","0.00"," "
"12/12/2023 21:00:00","SCA|NO1","mFRR","Local","Down","207.00","23.00"," "
"12/12/2023 22:00:00","SCA|NO1","mFRR","Local","Up","240.00","0.00"," "
"12/12/2023 22:00:00","SCA|NO1","mFRR","Local","Down","209.00","0.00"," "
"12/12/2023 23:00:00","SCA|NO1","mFRR","Local","Up","347.00","0.00"," "
"12/12/2023 23:00:00","SCA|NO1","mFRR","Local","Down","121.00","72.75"," "
"13/12/2023 00:00:00","SCA|NO1","mFRR","Local","Up","354.00","0.00"," "
"13/12/2023 00:00:00","SCA|NO1","mFRR","Local","Down","203.00","88.00"," "
"13/12/2023 01:00:00","SCA|NO1","mFRR","Local","Up","354.00","0.00"," "
"13/12/2023 01:00:00","SCA|NO1","mFRR","Local","Down","262.00","167.00"," "
"13/12/2023 02:00:00","SCA|NO1","mFRR","Local","Up","390.00","0.00"," "
"13/12/2023 02:00:00","SCA|NO1","mFRR","Local","Down","236.00","172.00"," "
"13/12/2023 03:00:00","SCA|NO1","mFRR","Local","Up","437.00","0.00"," "
"13/12/2023 03:00:00","SCA|NO1","mFRR","Local","Down","229.00","229.00"," "
"13/12/2023 04:00:00","SCA|NO1","mFRR","Local","Up","420.00","0.00"," "
"13/12/2023 04:00:00","SCA|NO1","mFRR","Local","Down","227.00","227.00"," "
"13/12/2023 05:00:00","SCA|NO1","mFRR","Local","Up","316.00","0.00"," "
"13/12/2023 05:00:00","SCA|NO1","mFRR","Local","Down","145.00","108.00"," "
"13/12/2023 06:00:00","SCA|NO1","mFRR","Local","Up","355.00","0.00"," "
"13/12/2023 06:00:00","SCA|NO1","mFRR","Local","Down","32.00","10.00"," "
"13/12/2023 07:00:00","SCA|NO1","mFRR","Local","Up","273.00","0.00"," "
"13/12/2023 07:00:00","SCA|NO1","mFRR","Local","Down","79.00","0.00"," "
"13/12/2023 08:00:00","SCA|NO1","mFRR","Local","Up","232.00","0.00"," "
"13/12/2023 08:00:00","SCA|NO1","mFRR","Local","Down","57.00","0.00"," "
"13/12/2023 09:00:00","SCA|NO1","mFRR","Local","Up","222.00","0.00"," "
"13/12/2023 09:00:00","SCA|NO1","mFRR","Local","Down","91.00","24.00"," "
"13/12/2023 10:00:00","SCA|NO1","mFRR","Local","Up","192.00","0.00"," "
"13/12/2023 10:00:00","SCA|NO1","mFRR","Local","Down","129.00","34.00"," "
"13/12/2023 11:00:00","SCA|NO1","mFRR","Local","Up","184.00","0.00"," "
"13/12/2023 11:00:00","SCA|NO1","mFRR","Local","Down","150.00","21.00"," "
"13/12/2023 12:00:00","SCA|NO1","mFRR","Local","Up","232.00","0.00"," "
"13/12/2023 12:00:00","SCA|NO1","mFRR","Local","Down","57.00","0.00"," "
"13/12/2023 13:00:00","SCA|NO1","mFRR","Local","Up","192.00","0.00"," "
"13/12/2023 13:00:00","SCA|NO1","mFRR","Local","Down","129.00","34.00"," "
"13/12/2023 14:00:00","SCA|NO1","mFRR","Local","Up","184.00","0.00"," "
"13/12/2023 14:00:00","SCA|NO1","mFRR","Local","Down","169.00","0.00"," "
"13/12/2023 15:00:00","SCA|NO1","mFRR","Local","Up","188.00","0.00"," "
"13/12/2023 15:00:00","SCA|NO1","mFRR","Local","Down","221.00","0.00"," "
"13/12/2023 16:00:00","SCA|NO1","mFRR","Local","Up","188.00","0.00"," "
"13/12/2023 16:00:00","SCA|NO1","mFRR","Local","Down","221.00","0.00"," "
"13/12/2023 17:00:00","SCA|NO1","mFRR","Local","Up","188.00","0.00"," "
"13/12/2023 17:00:00","SCA|NO1","mFRR","Local","Down","221.00","0.00"," "
"13/12/2023 18:00:00","SCA|NO1","mFRR","Local","Up","188.00","0.00"," "
"13/12/2023 18:00:00","SCA|NO1","mFRR","Local","Down","216.00","0.00"," "
"13/12/2023 19:00:00","SCA|NO1","mFRR","Local","Up","188.00","0.00"," "
"13/12/2023 19:00:00","SCA|NO1","mFRR","Local","Down","207.00","26.00"," "
"13/12/2023 20:00:00","SCA|NO1","mFRR","Local","Up","188.00","0.00"," "
"13/12/2023 20:00:00","SCA|NO1","mFRR","Local","Down","221.00","85.25"," "
"13/12/2023 21:00:00","SCA|NO1","mFRR","Local","Up","195.00","0.00"," "
"13/12/2023 21:00:00","SCA|NO1","mFRR","Local","Down","178.00","74.00"," "
"13/12/2023 22:00:00","SCA|NO1","mFRR","Local","Up","198.00","0.00"," "
"13/12/2023 22:00:00","SCA|NO1","mFRR","Local","Down","129.00","14.00"," "
"13/12/2023 23:00:00","SCA|NO1","mFRR","Local","Up","237.00","0.00"," "
"13/12/2023 23:00:00","SCA|NO1","mFRR","Local","Down","100.00","10.00"," "
"14/12/2023 00:00:00","SCA|NO1","mFRR","Local","Up","140.00","0.00"," "
"14/12/2023 00:00:00","SCA|NO1","mFRR","Local","Down","193.00","26.00"," "
"14/12/2023 01:00:00","SCA|NO1","mFRR","Local","Up","140.00","0.00"," "
"14/12/2023 01:00:00","SCA|NO1","mFRR","Local","Down","243.00","14.00"," "
"14/12/2023 02:00:00","SCA|NO1","mFRR","Local","Up","140.00","0.00"," "
"14/12/2023 02:00:00","SCA|NO1","mFRR","Local","Down","238.00","0.00"," "
"14/12/2023 03:00:00","SCA|NO1","mFRR","Local","Up","140.00","0.00"," "
"14/12/2023 03:00:00","SCA|NO1","mFRR","Local","Down","255.00","88.75"," "
"14/12/2023 04:00:00","SCA|NO1","mFRR","Local","Up","140.00","0.00"," "
"14/12/2023 04:00:00","SCA|NO1","mFRR","Local","Down","255.00","102.00"," "
"14/12/2023 05:00:00","SCA|NO1","mFRR","Local","Up","256.00","0.00"," "
"14/12/2023 05:00:00","SCA|NO1","mFRR","Local","Down","112.00","87.00"," "
"14/12/2023 06:00:00","SCA|NO1","mFRR","Local","Up","208.00","0.00"," "
"14/12/2023 06:00:00","SCA|NO1","mFRR","Local","Down","161.00","99.00"," "
"14/12/2023 07:00:00","SCA|NO1","mFRR","Local","Up","211.50","0.00"," "
"14/12/2023 07:00:00","SCA|NO1","mFRR","Local","Down","207.00","141.00"," "
"14/12/2023 08:00:00","SCA|NO1","mFRR","Local","Up","211.50","0.00"," "
"14/12/2023 08:00:00","SCA|NO1","mFRR","Local","Down","217.00","151.00"," "
"14/12/2023 09:00:00","SCA|NO1","mFRR","Local","Up","196.00","0.00"," "
"14/12/2023 09:00:00","SCA|NO1","mFRR","Local","Down","241.00","169.00"," "
"14/12/2023 10:00:00","SCA|NO1","mFRR","Local","Up","184.00","0.00"," "
"14/12/2023 10:00:00","SCA|NO1","mFRR","Local","Down","223.00","172.75"," "
"14/12/2023 11:00:00","SCA|NO1","mFRR","Local","Up","186.00","0.00"," "
"14/12/2023 11:00:00","SCA|NO1","mFRR","Local","Down","184.00","118.00"," "
"14/12/2023 12:00:00","SCA|NO1","mFRR","Local","Up","197.00","0.00"," "
"14/12/2023 12:00:00","SCA|NO1","mFRR","Local","Down","157.00","27.50"," "
"14/12/2023 13:00:00","SCA|NO1","mFRR","Local","Up","184.00","0.00"," "
"14/12/2023 13:00:00","SCA|NO1","mFRR","Local","Down","215.00","0.00"," "
"14/12/2023 14:00:00","SCA|NO1","mFRR","Local","Up","184.00","0.00"," "
"14/12/2023 14:00:00","SCA|NO1","mFRR","Local","Down","213.00","110.00"," "
"14/12/2023 15:00:00","SCA|NO1","mFRR","Local","Up","184.00","0.00"," "
"14/12/2023 15:00:00","SCA|NO1","mFRR","Local","Down","217.00","93.00"," "
"14/12/2023 16:00:00","SCA|NO1","mFRR","Local","Up","184.00","0.00"," "
"14/12/2023 16:00:00","SCA|NO1","mFRR","Local","Down","228.00","0.00"," "
"14/12/2023 17:00:00","SCA|NO1","mFRR","Local","Up","184.00","0.00"," "
"14/12/2023 17:00:00","SCA|NO1","mFRR","Local","Down","227.00","110.00"," "
"14/12/2023 18:00:00","SCA|NO1","mFRR","Local","Up","184.00","0.00"," "
"14/12/2023 18:00:00","SCA|NO1","mFRR","Local","Down","202.00","95.00"," "
"14/12/2023 19:00:00","SCA|NO1","mFRR","Local","Up","185.00","0.00"," "
"14/12/2023 19:00:00","SCA|NO1","mFRR","Local","Down","198.00","67.50"," "
"14/12/2023 20:00:00","SCA|NO1","mFRR","Local","Up","185.00","0.00"," "
"14/12/2023 20:00:00","SCA|NO1","mFRR","Local","Down","157.00","0.00"," "
"14/12/2023 21:00:00","SCA|NO1","mFRR","Local","Up","235.00","0.00"," "
"14/12/2023 21:00:00","SCA|NO1","mFRR","Local","Down","160.00","38.00"," "
"14/12/2023 22:00:00","SCA|NO1","mFRR","Local","Up","234.00","0.00"," "
"14/12/2023 22:00:00","SCA|NO1","mFRR","Local","Down","172.00","9.50"," "
"14/12/2023 23:00:00","SCA|NO1","mFRR","Local","Up","234.00","0.00"," "
"14/12/2023 23:00:00","SCA|NO1","mFRR","Local","Down","200.00","9.50"," "
"15/12/2023 00:00:00","SCA|NO1","mFRR","Local","Up","132.00","0.00"," "
"15/12/2023 00:00:00","SCA|NO1","mFRR","Local","Down","272.00","113.00"," "
"15/12/2023 01:00:00","SCA|NO1","mFRR","Local","Up","156.00","0.00"," "
"15/12/2023 01:00:00","SCA|NO1","mFRR","Local","Down","360.00","42.50"," "
"15/12/2023 02:00:00","SCA|NO1","mFRR","Local","Up","166.00","0.00"," "
"15/12/2023 02:00:00","SCA|NO1","mFRR","Local","Down","311.00","130.25"," "
"15/12/2023 03:00:00","SCA|NO1","mFRR","Local","Up","211.00","10.50"," "
"15/12/2023 03:00:00","SCA|NO1","mFRR","Local","Down","276.00","13.75"," "
"15/12/2023 04:00:00","SCA|NO1","mFRR","Local","Up","217.00","14.00"," "
"15/12/2023 04:00:00","SCA|NO1","mFRR","Local","Down","237.00","0.00"," "
"15/12/2023 05:00:00","SCA|NO1","mFRR","Local","Up","324.00","0.00"," "
"15/12/2023 05:00:00","SCA|NO1","mFRR","Local","Down","197.00","62.00"," "
"15/12/2023 06:00:00","SCA|NO1","mFRR","Local","Up","210.00","0.00"," "
"15/12/2023 06:00:00","SCA|NO1","mFRR","Local","Down","305.00","106.25"," "
"15/12/2023 07:00:00","SCA|NO1","mFRR","Local","Up","210.00","0.00"," "
"15/12/2023 07:00:00","SCA|NO1","mFRR","Local","Down","299.00","59.25"," "
"15/12/2023 08:00:00","SCA|NO1","mFRR","Local","Up","210.00","0.00"," "
"15/12/2023 08:00:00","SCA|NO1","mFRR","Local","Down","284.00","0.00"," "
"15/12/2023 09:00:00","SCA|NO1","mFRR","Local","Up","386.00","0.00"," "
"15/12/2023 09:00:00","SCA|NO1","mFRR","Local","Down","437.00","0.00"," "
"15/12/2023 10:00:00","SCA|NO1","mFRR","Local","Up","185.00","0.00"," "
"15/12/2023 10:00:00","SCA|NO1","mFRR","Local","Down","209.00","0.00"," "
"15/12/2023 11:00:00","SCA|NO1","mFRR","Local","Up","185.00","0.00"," "
"15/12/2023 11:00:00","SCA|NO1","mFRR","Local","Down","200.00","0.00"," "
"15/12/2023 12:00:00","SCA|NO1","mFRR","Local","Up","185.00","0.00"," "
"15/12/2023 12:00:00","SCA|NO1","mFRR","Local","Down","195.00","0.00"," "
"15/12/2023 13:00:00","SCA|NO1","mFRR","Local","Up","184.00","0.00"," "
"15/12/2023 13:00:00","SCA|NO1","mFRR","Local","Down","222.00","0.00"," "
"15/12/2023 14:00:00","SCA|NO1","mFRR","Local","Up","185.00","0.00"," "
"15/12/2023 14:00:00","SCA|NO1","mFRR","Local","Down","209.00","48.50"," "
"15/12/2023 15:00:00","SCA|NO1","mFRR","Local","Up","206.00","0.00"," "
"15/12/2023 15:00:00","SCA|NO1","mFRR","Local","Down","203.00","16.00"," "
"15/12/2023 16:00:00","SCA|NO1","mFRR","Local","Up","254.00","0.00"," "
"15/12/2023 16:00:00","SCA|NO1","mFRR","Local","Down","129.00","0.00"," "
"15/12/2023 17:00:00","SCA|NO1","mFRR","Local","Up","254.00","0.00"," "
"15/12/2023 17:00:00","SCA|NO1","mFRR","Local","Down","129.00","0.00"," "
"15/12/2023 18:00:00","SCA|NO1","mFRR","Local","Up","296.00","0.00"," "
"15/12/2023 18:00:00","SCA|NO1","mFRR","Local","Down","129.00","0.00"," "
"15/12/2023 19:00:00","SCA|NO1","mFRR","Local","Up","312.00","0.00"," "
"15/12/2023 19:00:00","SCA|NO1","mFRR","Local","Down","64.00","0.00"," "
"15/12/2023 20:00:00","SCA|NO1","mFRR","Local","Up","425.00","0.00"," "
"15/12/2023 20:00:00","SCA|NO1","mFRR","Local","Down","21.00","15.75"," "
"15/12/2023 21:00:00","SCA|NO1","mFRR","Local","Up","391.00","0.00"," "
"15/12/2023 21:00:00","SCA|NO1","mFRR","Local","Down","41.00","21.00"," "
"15/12/2023 22:00:00","SCA|NO1","mFRR","Local","Up","465.00","0.00"," "
"15/12/2023 22:00:00","SCA|NO1","mFRR","Local","Down","18.00","18.00"," "
"15/12/2023 23:00:00","SCA|NO1","mFRR","Local","Up","474.00","0.00"," "
"15/12/2023 23:00:00","SCA|NO1","mFRR","Local","Down","0.00","0.00"," "
"16/12/2023 00:00:00","SCA|NO1","mFRR","Local","Up","362.00","0.00"," "
"16/12/2023 00:00:00","SCA|NO1","mFRR","Local","Down","291.00","29.00"," "
"16/12/2023 01:00:00","SCA|NO1","mFRR","Local","Up","384.00","0.00"," "
"16/12/2023 01:00:00","SCA|NO1","mFRR","Local","Down","332.00","0.00"," "
"16/12/2023 02:00:00","SCA|NO1","mFRR","Local","Up","471.00","0.00"," "
"16/12/2023 02:00:00","SCA|NO1","mFRR","Local","Down","222.00","0.00"," "
"16/12/2023 03:00:00","SCA|NO1","mFRR","Local","Up","571.00","0.00"," "
"16/12/2023 03:00:00","SCA|NO1","mFRR","Local","Down","204.00","0.00"," "
"16/12/2023 04:00:00","SCA|NO1","mFRR","Local","Up","604.00","0.00"," "
"16/12/2023 04:00:00","SCA|NO1","mFRR","Local","Down","142.00","0.00"," "
"16/12/2023 05:00:00","SCA|NO1","mFRR","Local","Up","541.00","0.00"," "
"16/12/2023 05:00:00","SCA|NO1","mFRR","Local","Down","162.00","0.00"," "
"16/12/2023 06:00:00","SCA|NO1","mFRR","Local","Up","479.00","0.00"," "
"16/12/2023 06:00:00","SCA|NO1","mFRR","Local","Down","193.00","0.00"," "
"16/12/2023 07:00:00","SCA|NO1","mFRR","Local","Up","422.00","0.00"," "
"16/12/2023 07:00:00","SCA|NO1","mFRR","Local","Down","254.00","0.00"," "
"16/12/2023 08:00:00","SCA|NO1","mFRR","Local","Up","463.00","0.00"," "
"16/12/2023 08:00:00","SCA|NO1","mFRR","Local","Down","217.00","11.50"," "
"16/12/2023 09:00:00","SCA|NO1","mFRR","Local","Up","355.00","0.00"," "
"16/12/2023 09:00:00","SCA|NO1","mFRR","Local","Down","313.00","45.00"," "
"16/12/2023 10:00:00","SCA|NO1","mFRR","Local","Up","376.00","0.00"," "
"16/12/2023 10:00:00","SCA|NO1","mFRR","Local","Down","225.00","0.00"," "
"16/12/2023 11:00:00","SCA|NO1","mFRR","Local","Up","376.00","0.00"," "
"16/12/2023 11:00:00","SCA|NO1","mFRR","Local","Down","229.00","0.00"," "
"16/12/2023 12:00:00","SCA|NO1","mFRR","Local","Up","376.00","0.00"," "
"16/12/2023 12:00:00","SCA|NO1","mFRR","Local","Down","230.00","0.00"," "
"16/12/2023 13:00:00","SCA|NO1","mFRR","Local","Up","377.00","0.00"," "
"16/12/2023 13:00:00","SCA|NO1","mFRR","Local","Down","227.00","0.00"," "
"16/12/2023 14:00:00","SCA|NO1","mFRR","Local","Up","387.00","0.00"," "
"16/12/2023 14:00:00","SCA|NO1","mFRR","Local","Down","228.00","6.25"," "
"16/12/2023 15:00:00","SCA|NO1","mFRR","Local","Up","375.00","0.00"," "
"16/12/2023 15:00:00","SCA|NO1","mFRR","Local","Down","228.00","25.00"," "
"16/12/2023 16:00:00","SCA|NO1","mFRR","Local","Up","384.00","0.00"," "
"16/12/2023 16:00:00","SCA|NO1","mFRR","Local","Down","246.00","2.50"," "
"16/12/2023 17:00:00","SCA|NO1","mFRR","Local","Up","384.00","0.00"," "
"16/12/2023 17:00:00","SCA|NO1","mFRR","Local","Down","286.00","0.00"," "
"16/12/2023 18:00:00","SCA|NO1","mFRR","Local","Up","377.00","0.00"," "
"16/12/2023 18:00:00","SCA|NO1","mFRR","Local","Down","265.00","45.00"," "
"16/12/2023 19:00:00","SCA|NO1","mFRR","Local","Up","376.00","0.00"," "
"16/12/2023 19:00:00","SCA|NO1","mFRR","Local","Down","191.00","10.00"," "
"16/12/2023 20:00:00","SCA|NO1","mFRR","Local","Up","344.00","0.00"," "
"16/12/2023 20:00:00","SCA|NO1","mFRR","Local","Down","225.00","62.00"," "
"16/12/2023 21:00:00","SCA|NO1","mFRR","Local","Up","334.00","0.00"," "
"16/12/2023 21:00:00","SCA|NO1","mFRR","Local","Down","238.00","85.00"," "
"16/12/2023 22:00:00","SCA|NO1","mFRR","Local","Up","307.00","0.00"," "
"16/12/2023 22:00:00","SCA|NO1","mFRR","Local","Down","244.00","85.00"," "
"16/12/2023 23:00:00","SCA|NO1","mFRR","Local","Up","386.00","0.00"," "
"16/12/2023 23:00:00","SCA|NO1","mFRR","Local","Down","160.00","36.00"," "
"17/12/2023 00:00:00","SCA|NO1","mFRR","Local","Up","745.00","0.00"," "
"17/12/2023 00:00:00","SCA|NO1","mFRR","Local","Down","103.00","0.00"," "
"17/12/2023 01:00:00","SCA|NO1","mFRR","Local","Up","819.00","0.00"," "
"17/12/2023 01:00:00","SCA|NO1","mFRR","Local","Down","122.00","0.00"," "
"17/12/2023 02:00:00","SCA|NO1","mFRR","Local","Up","761.00","0.00"," "
"17/12/2023 02:00:00","SCA|NO1","mFRR","Local","Down","106.00","0.00"," "
"17/12/2023 03:00:00","SCA|NO1","mFRR","Local","Up","761.00","0.00"," "
"17/12/2023 03:00:00","SCA|NO1","mFRR","Local","Down","77.00","0.00"," "
"17/12/2023 04:00:00","SCA|NO1","mFRR","Local","Up","819.00","0.00"," "
"17/12/2023 04:00:00","SCA|NO1","mFRR","Local","Down","80.00","0.00"," "
"17/12/2023 05:00:00","SCA|NO1","mFRR","Local","Up","604.00","0.00"," "
"17/12/2023 05:00:00","SCA|NO1","mFRR","Local","Down","101.00","0.00"," "
"17/12/2023 06:00:00","SCA|NO1","mFRR","Local","Up","555.00","0.00"," "
"17/12/2023 06:00:00","SCA|NO1","mFRR","Local","Down","103.00","0.00"," "
"17/12/2023 07:00:00","SCA|NO1","mFRR","Local","Up","581.00","0.00"," "
"17/12/2023 07:00:00","SCA|NO1","mFRR","Local","Down","79.00","0.00"," "
"17/12/2023 08:00:00","SCA|NO1","mFRR","Local","Up","621.00","0.00"," "
"17/12/2023 08:00:00","SCA|NO1","mFRR","Local","Down","85.00","0.00"," "
"17/12/2023 09:00:00","SCA|NO1","mFRR","Local","Up","628.00","0.00"," "
"17/12/2023 09:00:00","SCA|NO1","mFRR","Local","Down","92.00","0.00"," "
"17/12/2023 10:00:00","SCA|NO1","mFRR","Local","Up","643.00","0.00"," "
"17/12/2023 10:00:00","SCA|NO1","mFRR","Local","Down","120.00","0.00"," "
"17/12/2023 11:00:00","SCA|NO1","mFRR","Local","Up","643.00","0.00"," "
"17/12/2023 11:00:00","SCA|NO1","mFRR","Local","Down","112.00","0.00"," "
"17/12/2023 12:00:00","SCA|NO1","mFRR","Local","Up","644.00","0.00"," "
"17/12/2023 12:00:00","SCA|NO1","mFRR","Local","Down","84.00","0.00"," "
"17/12/2023 13:00:00","SCA|NO1","mFRR","Local","Up","575.00","0.00"," "
"17/12/2023 13:00:00","SCA|NO1","mFRR","Local","Down","82.00","0.00"," "
"17/12/2023 14:00:00","SCA|NO1","mFRR","Local","Up","567.00","0.00"," "
"17/12/2023 14:00:00","SCA|NO1","mFRR","Local","Down","82.00","0.00"," "
"17/12/2023 15:00:00","SCA|NO1","mFRR","Local","Up","647.00","0.00"," "
"17/12/2023 15:00:00","SCA|NO1","mFRR","Local","Down","78.00","0.00"," "
"17/12/2023 16:00:00","SCA|NO1","mFRR","Local","Up","538.00","0.00"," "
"17/12/2023 16:00:00","SCA|NO1","mFRR","Local","Down","107.00","0.00"," "
"17/12/2023 17:00:00","SCA|NO1","mFRR","Local","Up","479.00","0.00"," "
"17/12/2023 17:00:00","SCA|NO1","mFRR","Local","Down","126.00","0.00"," "
"17/12/2023 18:00:00","SCA|NO1","mFRR","Local","Up","448.00","0.00"," "
"17/12/2023 18:00:00","SCA|NO1","mFRR","Local","Down","119.00","0.00"," "
"17/12/2023 19:00:00","SCA|NO1","mFRR","Local","Up","440.00","0.00"," "
"17/12/2023 19:00:00","SCA|NO1","mFRR","Local","Down","134.00","20.50"," "
"17/12/2023 20:00:00","SCA|NO1","mFRR","Local","Up","477.00","0.00"," "
"17/12/2023 20:00:00","SCA|NO1","mFRR","Local","Down","141.00","29.00"," "
"17/12/2023 21:00:00","SCA|NO1","mFRR","Local","Up","492.00","0.00"," "
"17/12/2023 21:00:00","SCA|NO1","mFRR","Local","Down","154.00","58.00"," "
"17/12/2023 22:00:00","SCA|NO1","mFRR","Local","Up","553.00","0.00"," "
"17/12/2023 22:00:00","SCA|NO1","mFRR","Local","Down","144.00","39.00"," "
"17/12/2023 23:00:00","SCA|NO1","mFRR","Local","Up","479.00","0.00"," "
"17/12/2023 23:00:00","SCA|NO1","mFRR","Local","Down","121.00","10.00"," "
"18/12/2023 00:00:00","SCA|NO1","mFRR","Local","Up","508.00","0.00"," "
"18/12/2023 00:00:00","SCA|NO1","mFRR","Local","Down","50.00","25.00"," "
"18/12/2023 01:00:00","SCA|NO1","mFRR","Local","Up","656.00","0.00"," "
"18/12/2023 01:00:00","SCA|NO1","mFRR","Local","Down","42.00","0.00"," "
"18/12/2023 02:00:00","SCA|NO1","mFRR","Local","Up","643.00","0.00"," "
"18/12/2023 02:00:00","SCA|NO1","mFRR","Local","Down","24.00","0.00"," "
"18/12/2023 03:00:00","SCA|NO1","mFRR","Local","Up","607.00","0.00"," "
"18/12/2023 03:00:00","SCA|NO1","mFRR","Local","Down","59.00","0.00"," "
"18/12/2023 04:00:00","SCA|NO1","mFRR","Local","Up","637.00","0.00"," "
"18/12/2023 04:00:00","SCA|NO1","mFRR","Local","Down","65.00","0.00"," "
"18/12/2023 05:00:00","SCA|NO1","mFRR","Local","Up","496.00","0.00"," "
"18/12/2023 05:00:00","SCA|NO1","mFRR","Local","Down","10.00","0.00"," "
"18/12/2023 06:00:00","SCA|NO1","mFRR","Local","Up","380.00","0.00"," "
"18/12/2023 06:00:00","SCA|NO1","mFRR","Local","Down","66.00","34.00"," "
"18/12/2023 07:00:00","SCA|NO1","mFRR","Local","Up","354.00","0.00"," "
"18/12/2023 07:00:00","SCA|NO1","mFRR","Local","Down","104.00","44.00"," "
"18/12/2023 08:00:00","SCA|NO1","mFRR","Local","Up","313.00","0.00"," "
"18/12/2023 08:00:00","SCA|NO1","mFRR","Local","Down","106.00","44.00"," "
"18/12/2023 09:00:00","SCA|NO1","mFRR","Local","Up","319.00","0.00"," "
"18/12/2023 09:00:00","SCA|NO1","mFRR","Local","Down","117.00","70.00"," "
"18/12/2023 10:00:00","SCA|NO1","mFRR","Local","Up","315.00","0.00"," "
"18/12/2023 10:00:00","SCA|NO1","mFRR","Local","Down","117.00","11.00"," "
"18/12/2023 11:00:00","SCA|NO1","mFRR","Local","Up","314.00","0.00"," "
"18/12/2023 11:00:00","SCA|NO1","mFRR","Local","Down","117.00","44.00"," "
"18/12/2023 12:00:00","SCA|NO1","mFRR","Local","Up","315.00","0.00"," "
"18/12/2023 12:00:00","SCA|NO1","mFRR","Local","Down","117.00","44.00"," "
"18/12/2023 13:00:00","SCA|NO1","mFRR","Local","Up","315.00","0.00"," "
"18/12/2023 13:00:00","SCA|NO1","mFRR","Local","Down","117.00","44.00"," "
"18/12/2023 14:00:00","SCA|NO1","mFRR","Local","Up","269.00","0.00"," "
"18/12/2023 14:00:00","SCA|NO1","mFRR","Local","Down","208.00","123.00"," "
"18/12/2023 15:00:00","SCA|NO1","mFRR","Local","Up","329.00","0.00"," "
"18/12/2023 15:00:00","SCA|NO1","mFRR","Local","Down","147.00","74.00"," "
"18/12/2023 16:00:00","SCA|NO1","mFRR","Local","Up","329.00","0.00"," "
"18/12/2023 16:00:00","SCA|NO1","mFRR","Local","Down","194.00","0.00"," "
"18/12/2023 17:00:00","SCA|NO1","mFRR","Local","Up","334.00","0.00"," "
"18/12/2023 17:00:00","SCA|NO1","mFRR","Local","Down","195.00","85.50"," "
"18/12/2023 18:00:00","SCA|NO1","mFRR","Local","Up","409.00","0.00"," "
"18/12/2023 18:00:00","SCA|NO1","mFRR","Local","Down","100.00","44.00"," "
"18/12/2023 19:00:00","SCA|NO1","mFRR","Local","Up","482.00","0.00"," "
"18/12/2023 19:00:00","SCA|NO1","mFRR","Local","Down","60.00","34.00"," "
"18/12/2023 20:00:00","SCA|NO1","mFRR","Local","Up","538.00","0.00"," "
"18/12/2023 20:00:00","SCA|NO1","mFRR","Local","Down","49.00","34.00"," "
"18/12/2023 21:00:00","SCA|NO1","mFRR","Local","Up","533.00","0.00"," "
"18/12/2023 21:00:00","SCA|NO1","mFRR","Local","Down","0.00","0.00"," "
"18/12/2023 22:00:00","SCA|NO1","mFRR","Local","Up","553.00","0.00"," "
"18/12/2023 22:00:00","SCA|NO1","mFRR","Local","Down","0.00","0.00"," "
"18/12/2023 23:00:00","SCA|NO1","mFRR","Local","Up","454.00","0.00"," "
"18/12/2023 23:00:00","SCA|NO1","mFRR","Local","Down","0.00","0.00"," "
"19/12/2023 00:00:00","SCA|NO1","mFRR","Local","Up","583.00","59.00"," "
"19/12/2023 00:00:00","SCA|NO1","mFRR","Local","Down","30.00","0.00"," "
"19/12/2023 01:00:00","SCA|NO1","mFRR","Local","Up","578.00","88.00"," "
"19/12/2023 01:00:00","SCA|NO1","mFRR","Local","Down","61.00","0.00"," "
"19/12/2023 02:00:00","SCA|NO1","mFRR","Local","Up","656.00","108.00"," "
"19/12/2023 02:00:00","SCA|NO1","mFRR","Local","Down","27.00","0.00"," "
"19/12/2023 03:00:00","SCA|NO1","mFRR","Local","Up","656.00","164.25"," "
"19/12/2023 03:00:00","SCA|NO1","mFRR","Local","Down","44.00","0.00"," "
"19/12/2023 04:00:00","SCA|NO1","mFRR","Local","Up","610.00","91.50"," "
"19/12/2023 04:00:00","SCA|NO1","mFRR","Local","Down","27.00","0.00"," "
"19/12/2023 05:00:00","SCA|NO1","mFRR","Local","Up","438.00","0.00"," "
"19/12/2023 05:00:00","SCA|NO1","mFRR","Local","Down","27.00","0.00"," "
"19/12/2023 06:00:00","SCA|NO1","mFRR","Local","Up","323.00","0.00"," "
"19/12/2023 06:00:00","SCA|NO1","mFRR","Local","Down","88.00","0.00"," "
"19/12/2023 07:00:00","SCA|NO1","mFRR","Local","Up","214.00","0.00"," "
"19/12/2023 07:00:00","SCA|NO1","mFRR","Local","Down","134.00","47.50"," "
"19/12/2023 08:00:00","SCA|NO1","mFRR","Local","Up","226.00","0.00"," "
"19/12/2023 08:00:00","SCA|NO1","mFRR","Local","Down","136.00","12.00"," "
"19/12/2023 09:00:00","SCA|NO1","mFRR","Local","Up","226.00","0.00"," "
"19/12/2023 09:00:00","SCA|NO1","mFRR","Local","Down","151.00","77.00"," "
"19/12/2023 10:00:00","SCA|NO1","mFRR","Local","Up","226.00","0.00"," "
"19/12/2023 10:00:00","SCA|NO1","mFRR","Local","Down","151.00","77.00"," "
"19/12/2023 11:00:00","SCA|NO1","mFRR","Local","Up","214.00","0.00"," "
"19/12/2023 11:00:00","SCA|NO1","mFRR","Local","Down","156.00","82.00"," "
"19/12/2023 12:00:00","SCA|NO1","mFRR","Local","Up","226.00","0.00"," "
"19/12/2023 12:00:00","SCA|NO1","mFRR","Local","Down","151.00","77.00"," "
"19/12/2023 13:00:00","SCA|NO1","mFRR","Local","Up","214.00","0.00"," "
"19/12/2023 13:00:00","SCA|NO1","mFRR","Local","Down","305.00","198.00"," "
"19/12/2023 14:00:00","SCA|NO1","mFRR","Local","Up","214.00","0.00"," "
"19/12/2023 14:00:00","SCA|NO1","mFRR","Local","Down","305.00","198.00"," "
"19/12/2023 15:00:00","SCA|NO1","mFRR","Local","Up","226.00","0.00"," "
"19/12/2023 15:00:00","SCA|NO1","mFRR","Local","Down","176.00","100.00"," "
"19/12/2023 16:00:00","SCA|NO1","mFRR","Local","Up","154.00","0.00"," "
"19/12/2023 16:00:00","SCA|NO1","mFRR","Local","Down","266.00","167.00"," "
"19/12/2023 17:00:00","SCA|NO1","mFRR","Local","Up","142.00","0.00"," "
"19/12/2023 17:00:00","SCA|NO1","mFRR","Local","Down","314.00","203.00"," "
"19/12/2023 18:00:00","SCA|NO1","mFRR","Local","Up","142.00","0.00"," "
"19/12/2023 18:00:00","SCA|NO1","mFRR","Local","Down","337.00","33.75"," "
"19/12/2023 19:00:00","SCA|NO1","mFRR","Local","Up","225.00","0.00"," "
"19/12/2023 19:00:00","SCA|NO1","mFRR","Local","Down","247.00","0.00"," "
"19/12/2023 20:00:00","SCA|NO1","mFRR","Local","Up","268.00","0.00"," "
"19/12/2023 20:00:00","SCA|NO1","mFRR","Local","Down","193.00","0.00"," "
"19/12/2023 21:00:00","SCA|NO1","mFRR","Local","Up","268.00","0.00"," "
"19/12/2023 21:00:00","SCA|NO1","mFRR","Local","Down","167.00","0.00"," "
"19/12/2023 22:00:00","SCA|NO1","mFRR","Local","Up","268.00","0.00"," "
"19/12/2023 22:00:00","SCA|NO1","mFRR","Local","Down","160.00","0.00"," "
"19/12/2023 23:00:00","SCA|NO1","mFRR","Local","Up","464.00","0.00"," "
"19/12/2023 23:00:00","SCA|NO1","mFRR","Local","Down","15.00","0.00"," "
"20/12/2023 00:00:00","SCA|NO1","mFRR","Local","Up","366.00","0.00"," "
"20/12/2023 00:00:00","SCA|NO1","mFRR","Local","Down","108.00","0.00"," "
"20/12/2023 01:00:00","SCA|NO1","mFRR","Local","Up","449.00","10.75"," "
"20/12/2023 01:00:00","SCA|NO1","mFRR","Local","Down","88.00","0.00"," "
"20/12/2023 02:00:00","SCA|NO1","mFRR","Local","Up","676.00","0.00"," "
"20/12/2023 02:00:00","SCA|NO1","mFRR","Local","Down","0.00","0.00"," "
"20/12/2023 03:00:00","SCA|NO1","mFRR","Local","Up","678.00","0.00"," "
"20/12/2023 03:00:00","SCA|NO1","mFRR","Local","Down","0.00","0.00"," "
"20/12/2023 04:00:00","SCA|NO1","mFRR","Local","Up","725.00","0.00"," "
"20/12/2023 04:00:00","SCA|NO1","mFRR","Local","Down","0.00","0.00"," "
"20/12/2023 05:00:00","SCA|NO1","mFRR","Local","Up","514.00","0.00"," "
"20/12/2023 05:00:00","SCA|NO1","mFRR","Local","Down","0.00","0.00"," "
"20/12/2023 06:00:00","SCA|NO1","mFRR","Local","Up","380.00","0.00"," "
"20/12/2023 06:00:00","SCA|NO1","mFRR","Local","Down","132.00","47.50"," "
"20/12/2023 07:00:00","SCA|NO1","mFRR","Local","Up","344.00","0.00"," "
"20/12/2023 07:00:00","SCA|NO1","mFRR","Local","Down","190.00","0.00"," "
"20/12/2023 08:00:00","SCA|NO1","mFRR","Local","Up","217.00","0.00"," "
"20/12/2023 08:00:00","SCA|NO1","mFRR","Local","Down","317.00","0.00"," "
"20/12/2023 09:00:00","SCA|NO1","mFRR","Local","Up","217.00","44.50"," "
"20/12/2023 09:00:00","SCA|NO1","mFRR","Local","Down","362.00","0.00"," "
"20/12/2023 10:00:00","SCA|NO1","mFRR","Local","Up","217.00","211.00"," "
"20/12/2023 10:00:00","SCA|NO1","mFRR","Local","Down","365.00","0.00"," "
"20/12/2023 11:00:00","SCA|NO1","mFRR","Local","Up","217.00","22.25"," "
"20/12/2023 11:00:00","SCA|NO1","mFRR","Local","Down","360.00","0.00"," "
"20/12/2023 12:00:00","SCA|NO1","mFRR","Local","Up","279.00","0.00"," "
"20/12/2023 12:00:00","SCA|NO1","mFRR","Local","Down","209.00","108.75"," "
"20/12/2023 13:00:00","SCA|NO1","mFRR","Local","Up","283.00","0.00"," "
"20/12/2023 13:00:00","SCA|NO1","mFRR","Local","Down","131.00","13.00"," "
"20/12/2023 14:00:00","SCA|NO1","mFRR","Local","Up","267.00","0.00"," "
"20/12/2023 14:00:00","SCA|NO1","mFRR","Local","Down","131.00","25.75"," "
"20/12/2023 15:00:00","SCA|NO1","mFRR","Local","Up","260.00","0.00"," "
"20/12/2023 15:00:00","SCA|NO1","mFRR","Local","Down","113.00","18.00"," "
"20/12/2023 16:00:00","SCA|NO1","mFRR","Local","Up","260.00","0.00"," "
"20/12/2023 16:00:00","SCA|NO1","mFRR","Local","Down","246.00","0.00"," "
"20/12/2023 17:00:00","SCA|NO1","mFRR","Local","Up","217.00","0.00"," "
"20/12/2023 17:00:00","SCA|NO1","mFRR","Local","Down","158.00","0.00"," "
"20/12/2023 18:00:00","SCA|NO1","mFRR","Local","Up","217.00","0.00"," "
"20/12/2023 18:00:00","SCA|NO1","mFRR","Local","Down","267.00","0.00"," "
"20/12/2023 19:00:00","SCA|NO1","mFRR","Local","Up","260.00","0.00"," "
"20/12/2023 19:00:00","SCA|NO1","mFRR","Local","Down","283.00","0.00"," "
"20/12/2023 20:00:00","SCA|NO1","mFRR","Local","Up","266.00","49.00"," "
"20/12/2023 20:00:00","SCA|NO1","mFRR","Local","Down","294.00","0.00"," "
"20/12/2023 21:00:00","SCA|NO1","mFRR","Local","Up","260.00","10.75"," "
"20/12/2023 21:00:00","SCA|NO1","mFRR","Local","Down","212.00","45.00"," "
"20/12/2023 22:00:00","SCA|NO1","mFRR","Local","Up","361.00","0.00"," "
"20/12/2023 22:00:00","SCA|NO1","mFRR","Local","Down","105.00","50.25"," "
"20/12/2023 23:00:00","SCA|NO1","mFRR","Local","Up","361.00","0.00"," "
"20/12/2023 23:00:00","SCA|NO1","mFRR","Local","Down","68.00","37.00"," "
"21/12/2023 00:00:00","SCA|NO1","mFRR","Local","Up","643.00","0.00"," "
"21/12/2023 00:00:00","SCA|NO1","mFRR","Local","Down","0.00","0.00"," "
"21/12/2023 01:00:00","SCA|NO1","mFRR","Local","Up","811.00","0.00"," "
"21/12/2023 01:00:00","SCA|NO1","mFRR","Local","Down","0.00","0.00"," "
"21/12/2023 02:00:00","SCA|NO1","mFRR","Local","Up","811.00","0.00"," "
"21/12/2023 02:00:00","SCA|NO1","mFRR","Local","Down","0.00","0.00"," "
"21/12/2023 03:00:00","SCA|NO1","mFRR","Local","Up","813.00","0.00"," "
"21/12/2023 03:00:00","SCA|NO1","mFRR","Local","Down","0.00","0.00"," "
"21/12/2023 04:00:00","SCA|NO1","mFRR","Local","Up","813.00","0.00"," "
"21/12/2023 04:00:00","SCA|NO1","mFRR","Local","Down","0.00","0.00"," "
"21/12/2023 05:00:00","SCA|NO1","mFRR","Local","Up","587.00","0.00"," "
"21/12/2023 05:00:00","SCA|NO1","mFRR","Local","Down","0.00","0.00"," "
"21/12/2023 06:00:00","SCA|NO1","mFRR","Local","Up","509.00","0.00"," "
"21/12/2023 06:00:00","SCA|NO1","mFRR","Local","Down","25.00","0.00"," "
"21/12/2023 07:00:00","SCA|NO1","mFRR","Local","Up","523.25","0.00"," "
"21/12/2023 07:00:00","SCA|NO1","mFRR","Local","Down","25.00","0.00"," "
"21/12/2023 08:00:00","SCA|NO1","mFRR","Local","Up","461.00","190.00"," "
"21/12/2023 08:00:00","SCA|NO1","mFRR","Local","Down","36.00","0.00"," "
"21/12/2023 09:00:00","SCA|NO1","mFRR","Local","Up","429.00","158.00"," "
"21/12/2023 09:00:00","SCA|NO1","mFRR","Local","Down","116.00","0.00"," "
"21/12/2023 10:00:00","SCA|NO1","mFRR","Local","Up","409.00","138.00"," "
"21/12/2023 10:00:00","SCA|NO1","mFRR","Local","Down","132.00","0.00"," "
"21/12/2023 11:00:00","SCA|NO1","mFRR","Local","Up","427.00","57.00"," "
"21/12/2023 11:00:00","SCA|NO1","mFRR","Local","Down","79.00","0.00"," "
"21/12/2023 12:00:00","SCA|NO1","mFRR","Local","Up","428.00","0.00"," "
"21/12/2023 12:00:00","SCA|NO1","mFRR","Local","Down","81.00","0.00"," "
"21/12/2023 13:00:00","SCA|NO1","mFRR","Local","Up","392.00","45.75"," "
"21/12/2023 13:00:00","SCA|NO1","mFRR","Local","Down","67.00","0.00"," "
"21/12/2023 14:00:00","SCA|NO1","mFRR","Local","Up","370.00","99.00"," "
"21/12/2023 14:00:00","SCA|NO1","mFRR","Local","Down","107.00","0.00"," "
"21/12/2023 15:00:00","SCA|NO1","mFRR","Local","Up","311.00","40.00"," "
"21/12/2023 15:00:00","SCA|NO1","mFRR","Local","Down","130.00","0.00"," "
"21/12/2023 16:00:00","SCA|NO1","mFRR","Local","Up","281.00","10.00"," "
"21/12/2023 16:00:00","SCA|NO1","mFRR","Local","Down","163.00","0.00"," "
"21/12/2023 17:00:00","SCA|NO1","mFRR","Local","Up","271.00","0.00"," "
"21/12/2023 17:00:00","SCA|NO1","mFRR","Local","Down","163.00","0.00"," "
"21/12/2023 18:00:00","SCA|NO1","mFRR","Local","Up","329.00","58.00"," "
"21/12/2023 18:00:00","SCA|NO1","mFRR","Local","Down","147.00","0.00"," "
"21/12/2023 19:00:00","SCA|NO1","mFRR","Local","Up","329.00","58.00"," "
"21/12/2023 19:00:00","SCA|NO1","mFRR","Local","Down","148.00","0.00"," "
"21/12/2023 20:00:00","SCA|NO1","mFRR","Local","Up","349.00","78.00"," "
"21/12/2023 20:00:00","SCA|NO1","mFRR","Local","Down","152.00","0.00"," "
"21/12/2023 21:00:00","SCA|NO1","mFRR","Local","Up","402.75","118.00"," "
"21/12/2023 21:00:00","SCA|NO1","mFRR","Local","Down","118.00","0.00"," "
"21/12/2023 22:00:00","SCA|NO1","mFRR","Local","Up","414.00","118.00"," "
"21/12/2023 22:00:00","SCA|NO1","mFRR","Local","Down","53.00","0.00"," "
"21/12/2023 23:00:00","SCA|NO1","mFRR","Local","Up","499.00","118.00"," "
"21/12/2023 23:00:00","SCA|NO1","mFRR","Local","Down","0.00","0.00"," "
"22/12/2023 00:00:00","SCA|NO1","mFRR","Local","Up","593.00","286.00"," "
"22/12/2023 00:00:00","SCA|NO1","mFRR","Local","Down","0.00","0.00"," "
"22/12/2023 01:00:00","SCA|NO1","mFRR","Local","Up","817.00","316.00"," "
"22/12/2023 01:00:00","SCA|NO1","mFRR","Local","Down","0.00","0.00"," "
"22/12/2023 02:00:00","SCA|NO1","mFRR","Local","Up","817.00","391.00"," "
"22/12/2023 02:00:00","SCA|NO1","mFRR","Local","Down","0.00","0.00"," "
"22/12/2023 03:00:00","SCA|NO1","mFRR","Local","Up","817.00","391.00"," "
"22/12/2023 03:00:00","SCA|NO1","mFRR","Local","Down","0.00","0.00"," "
"22/12/2023 04:00:00","SCA|NO1","mFRR","Local","Up","817.00","333.00"," "
"22/12/2023 04:00:00","SCA|NO1","mFRR","Local","Down","0.00","0.00"," "
"22/12/2023 05:00:00","SCA|NO1","mFRR","Local","Up","555.00","0.00"," "
"22/12/2023 05:00:00","SCA|NO1","mFRR","Local","Down","0.00","0.00"," "
"22/12/2023 06:00:00","SCA|NO1","mFRR","Local","Up","527.00","117.00"," "
"22/12/2023 06:00:00","SCA|NO1","mFRR","Local","Down","0.00","0.00"," "
"22/12/2023 07:00:00","SCA|NO1","mFRR","Local","Up","367.00","0.00"," "
"22/12/2023 07:00:00","SCA|NO1","mFRR","Local","Down","52.00","0.00"," "
"22/12/2023 08:00:00","SCA|NO1","mFRR","Local","Up","284.00","0.00"," "
"22/12/2023 08:00:00","SCA|NO1","mFRR","Local","Down","77.00","0.00"," "
"22/12/2023 09:00:00","SCA|NO1","mFRR","Local","Up","329.00","0.00"," "
"22/12/2023 09:00:00","SCA|NO1","mFRR","Local","Down","58.00","0.00"," "
"22/12/2023 10:00:00","SCA|NO1","mFRR","Local","Up","318.00","0.00"," "
"22/12/2023 10:00:00","SCA|NO1","mFRR","Local","Down","88.00","0.00"," "
"22/12/2023 11:00:00","SCA|NO1","mFRR","Local","Up","300.00","0.00"," "
"22/12/2023 11:00:00","SCA|NO1","mFRR","Local","Down","110.00","0.00"," "
"22/12/2023 12:00:00","SCA|NO1","mFRR","Local","Up","311.00","0.00"," "
"22/12/2023 12:00:00","SCA|NO1","mFRR","Local","Down","81.00","0.00"," "
"22/12/2023 13:00:00","SCA|NO1","mFRR","Local","Up","311.00","0.00"," "
"22/12/2023 13:00:00","SCA|NO1","mFRR","Local","Down","67.00","0.00"," "
"22/12/2023 14:00:00","SCA|NO1","mFRR","Local","Up","330.00","0.00"," "
"22/12/2023 14:00:00","SCA|NO1","mFRR","Local","Down","83.00","0.00"," "
"22/12/2023 15:00:00","SCA|NO1","mFRR","Local","Up","345.00","76.50"," "
"22/12/2023 15:00:00","SCA|NO1","mFRR","Local","Down","69.00","0.00"," "
"22/12/2023 16:00:00","SCA|NO1","mFRR","Local","Up","272.00","33.00"," "
"22/12/2023 16:00:00","SCA|NO1","mFRR","Local","Down","112.00","0.00"," "
"22/12/2023 17:00:00","SCA|NO1","mFRR","Local","Up","310.00","0.00"," "
"22/12/2023 17:00:00","SCA|NO1","mFRR","Local","Down","114.00","0.00"," "
"22/12/2023 18:00:00","SCA|NO1","mFRR","Local","Up","310.00","0.00"," "
"22/12/2023 18:00:00","SCA|NO1","mFRR","Local","Down","114.00","0.00"," "
"22/12/2023 19:00:00","SCA|NO1","mFRR","Local","Up","310.00","0.00"," "
"22/12/2023 19:00:00","SCA|NO1","mFRR","Local","Down","111.00","0.00"," "
"22/12/2023 20:00:00","SCA|NO1","mFRR","Local","Up","334.00","0.00"," "
"22/12/2023 20:00:00","SCA|NO1","mFRR","Local","Down","68.00","0.00"," "
"22/12/2023 21:00:00","SCA|NO1","mFRR","Local","Up","318.00","0.00"," "
"22/12/2023 21:00:00","SCA|NO1","mFRR","Local","Down","67.00","0.00"," "
"22/12/2023 22:00:00","SCA|NO1","mFRR","Local","Up","421.00","0.00"," "
"22/12/2023 22:00:00","SCA|NO1","mFRR","Local","Down","25.00","11.25"," "
"22/12/2023 23:00:00","SCA|NO1","mFRR","Local","Up","582.00","0.00"," "
"22/12/2023 23:00:00","SCA|NO1","mFRR","Local","Down","0.00","0.00"," "
"23/12/2023 00:00:00","SCA|NO1","mFRR","Local","Up","671.00","0.00"," "
"23/12/2023 00:00:00","SCA|NO1","mFRR","Local","Down","0.00","0.00"," "
"23/12/2023 01:00:00","SCA|NO1","mFRR","Local","Up","716.25","0.00"," "
"23/12/2023 01:00:00","SCA|NO1","mFRR","Local","Down","0.00","0.00"," "
"23/12/2023 02:00:00","SCA|NO1","mFRR","Local","Up","712.00","0.00"," "
"23/12/2023 02:00:00","SCA|NO1","mFRR","Local","Down","0.00","0.00"," "
"23/12/2023 03:00:00","SCA|NO1","mFRR","Local","Up","712.00","0.00"," "
"23/12/2023 03:00:00","SCA|NO1","mFRR","Local","Down","0.00","0.00"," "
"23/12/2023 04:00:00","SCA|NO1","mFRR","Local","Up","712.00","0.00"," "
"23/12/2023 04:00:00","SCA|NO1","mFRR","Local","Down","0.00","0.00"," "
"23/12/2023 05:00:00","SCA|NO1","mFRR","Local","Up","616.00","0.00"," "
"23/12/2023 05:00:00","SCA|NO1","mFRR","Local","Down","0.00","0.00"," "
"23/12/2023 06:00:00","SCA|NO1","mFRR","Local","Up","616.00","0.00"," "
"23/12/2023 06:00:00","SCA|NO1","mFRR","Local","Down","0.00","0.00"," "
"23/12/2023 07:00:00","SCA|NO1","mFRR","Local","Up","616.00","0.00"," "
"23/12/2023 07:00:00","SCA|NO1","mFRR","Local","Down","0.00","0.00"," "
"23/12/2023 08:00:00","SCA|NO1","mFRR","Local","Up","596.00","0.00"," "
"23/12/2023 08:00:00","SCA|NO1","mFRR","Local","Down","0.00","0.00"," "
"23/12/2023 09:00:00","SCA|NO1","mFRR","Local","Up","482.00","0.00"," "
"23/12/2023 09:00:00","SCA|NO1","mFRR","Local","Down","25.00","0.00"," "
"23/12/2023 10:00:00","SCA|NO1","mFRR","Local","Up","512.00","38.25"," "
"23/12/2023 10:00:00","SCA|NO1","mFRR","Local","Down","25.00","0.00"," "
"23/12/2023 11:00:00","SCA|NO1","mFRR","Local","Up","482.00","25.50"," "
"23/12/2023 11:00:00","SCA|NO1","mFRR","Local","Down","25.00","0.00"," "
"23/12/2023 12:00:00","SCA|NO1","mFRR","Local","Up","482.00","0.00"," "
"23/12/2023 12:00:00","SCA|NO1","mFRR","Local","Down","25.00","0.00"," "
"23/12/2023 13:00:00","SCA|NO1","mFRR","Local","Up","514.00","0.00"," "
"23/12/2023 13:00:00","SCA|NO1","mFRR","Local","Down","25.00","0.00"," "
"23/12/2023 14:00:00","SCA|NO1","mFRR","Local","Up","442.00","0.00"," "
"23/12/2023 14:00:00","SCA|NO1","mFRR","Local","Down","76.00","51.00"," "
"23/12/2023 15:00:00","SCA|NO1","mFRR","Local","Up","407.00","0.00"," "
"23/12/2023 15:00:00","SCA|NO1","mFRR","Local","Down","89.00","48.00"," "
"23/12/2023 16:00:00","SCA|NO1","mFRR","Local","Up","261.00","0.00"," "
"23/12/2023 16:00:00","SCA|NO1","mFRR","Local","Down","138.00","0.00"," "
"23/12/2023 17:00:00","SCA|NO1","mFRR","Local","Up","217.00","89.00"," "
"23/12/2023 17:00:00","SCA|NO1","mFRR","Local","Down","285.00","0.00"," "
"23/12/2023 18:00:00","SCA|NO1","mFRR","Local","Up","217.00","66.75"," "
"23/12/2023 18:00:00","SCA|NO1","mFRR","Local","Down","299.00","0.00"," "
"23/12/2023 19:00:00","SCA|NO1","mFRR","Local","Up","261.00","44.00"," "
"23/12/2023 19:00:00","SCA|NO1","mFRR","Local","Down","164.00","0.00"," "
"23/12/2023 20:00:00","SCA|NO1","mFRR","Local","Up","407.00","135.00"," "
"23/12/2023 20:00:00","SCA|NO1","mFRR","Local","Down","89.00","0.00"," "
"23/12/2023 21:00:00","SCA|NO1","mFRR","Local","Up","482.00","0.00"," "
"23/12/2023 21:00:00","SCA|NO1","mFRR","Local","Down","56.00","0.00"," "
"23/12/2023 22:00:00","SCA|NO1","mFRR","Local","Up","482.00","0.00"," "
"23/12/2023 22:00:00","SCA|NO1","mFRR","Local","Down","25.00","0.00"," "
"23/12/2023 23:00:00","SCA|NO1","mFRR","Local","Up","567.00","0.00"," "
"23/12/2023 23:00:00","SCA|NO1","mFRR","Local","Down","0.00","0.00"," "
"24/12/2023 00:00:00","SCA|NO1","mFRR","Local","Up","499.00","0.00"," "
"24/12/2023 00:00:00","SCA|NO1","mFRR","Local","Down","0.00","0.00"," "
"24/12/2023 01:00:00","SCA|NO1","mFRR","Local","Up","587.00","0.00"," "
"24/12/2023 01:00:00","SCA|NO1","mFRR","Local","Down","0.00","0.00"," "
"24/12/2023 02:00:00","SCA|NO1","mFRR","Local","Up","589.00","0.00"," "
"24/12/2023 02:00:00","SCA|NO1","mFRR","Local","Down","0.00","0.00"," "
"24/12/2023 03:00:00","SCA|NO1","mFRR","Local","Up","587.00","0.00"," "
"24/12/2023 03:00:00","SCA|NO1","mFRR","Local","Down","0.00","0.00"," "
"24/12/2023 04:00:00","SCA|NO1","mFRR","Local","Up","586.00","0.00"," "
"24/12/2023 04:00:00","SCA|NO1","mFRR","Local","Down","0.00","0.00"," "
"24/12/2023 05:00:00","SCA|NO1","mFRR","Local","Up","516.00","0.00"," "
"24/12/2023 05:00:00","SCA|NO1","mFRR","Local","Down","0.00","0.00"," "
"24/12/2023 06:00:00","SCA|NO1","mFRR","Local","Up","516.00","0.00"," "
"24/12/2023 06:00:00","SCA|NO1","mFRR","Local","Down","0.00","0.00"," "
"24/12/2023 07:00:00","SCA|NO1","mFRR","Local","Up","515.00","0.00"," "
"24/12/2023 07:00:00","SCA|NO1","mFRR","Local","Down","0.00","0.00"," "
"24/12/2023 08:00:00","SCA|NO1","mFRR","Local","Up","523.00","0.00"," "
"24/12/2023 08:00:00","SCA|NO1","mFRR","Local","Down","16.00","0.00"," "
"24/12/2023 09:00:00","SCA|NO1","mFRR","Local","Up","444.00","0.00"," "
"24/12/2023 09:00:00","SCA|NO1","mFRR","Local","Down","16.00","0.00"," "
"24/12/2023 10:00:00","SCA|NO1","mFRR","Local","Up","444.00","0.00"," "
"24/12/2023 10:00:00","SCA|NO1","mFRR","Local","Down","0.00","0.00"," "
"24/12/2023 11:00:00","SCA|NO1","mFRR","Local","Up","746.00","38.00"," "
"24/12/2023 11:00:00","SCA|NO1","mFRR","Local","Down","16.00","0.00"," "
"24/12/2023 12:00:00","SCA|NO1","mFRR","Local","Up","416.00","0.00"," "
"24/12/2023 12:00:00","SCA|NO1","mFRR","Local","Down","13.00","0.00"," "
"24/12/2023 13:00:00","SCA|NO1","mFRR","Local","Up","474.00","0.00"," "
"24/12/2023 13:00:00","SCA|NO1","mFRR","Local","Down","13.00","0.00"," "
"24/12/2023 14:00:00","SCA|NO1","mFRR","Local","Up","382.00","0.00"," "
"24/12/2023 14:00:00","SCA|NO1","mFRR","Local","Down","16.00","0.00"," "
"24/12/2023 15:00:00","SCA|NO1","mFRR","Local","Up","314.00","0.00"," "
"24/12/2023 15:00:00","SCA|NO1","mFRR","Local","Down","34.00","0.00"," "
"24/12/2023 16:00:00","SCA|NO1","mFRR","Local","Up","314.00","44.00"," "
"24/12/2023 16:00:00","SCA|NO1","mFRR","Local","Down","34.00","0.00"," "
"24/12/2023 17:00:00","SCA|NO1","mFRR","Local","Up","314.00","0.00"," "
"24/12/2023 17:00:00","SCA|NO1","mFRR","Local","Down","35.00","0.00"," "
"24/12/2023 18:00:00","SCA|NO1","mFRR","Local","Up","385.00","0.00"," "
"24/12/2023 18:00:00","SCA|NO1","mFRR","Local","Down","16.00","0.00"," "
"24/12/2023 19:00:00","SCA|NO1","mFRR","Local","Up","599.00","0.00"," "
"24/12/2023 19:00:00","SCA|NO1","mFRR","Local","Down","0.00","0.00"," "
"24/12/2023 20:00:00","SCA|NO1","mFRR","Local","Up","541.00","0.00"," "
"24/12/2023 20:00:00","SCA|NO1","mFRR","Local","Down","0.00","0.00"," "
"24/12/2023 21:00:00","SCA|NO1","mFRR","Local","Up","541.00","0.00"," "
"24/12/2023 21:00:00","SCA|NO1","mFRR","Local","Down","0.00","0.00"," "
"24/12/2023 22:00:00","SCA|NO1","mFRR","Local","Up","441.00","0.00"," "
"24/12/2023 22:00:00","SCA|NO1","mFRR","Local","Down","0.00","0.00"," "
"24/12/2023 23:00:00","SCA|NO1","mFRR","Local","Up","441.00","0.00"," "
"24/12/2023 23:00:00","SCA|NO1","mFRR","Local","Down","0.00","0.00"," "
"25/12/2023 00:00:00","SCA|NO1","mFRR","Local","Up","443.00","0.00"," "
"25/12/2023 00:00:00","SCA|NO1","mFRR","Local","Down","0.00","0.00"," "
"25/12/2023 01:00:00","SCA|NO1","mFRR","Local","Up","506.00","0.00"," "
"25/12/2023 01:00:00","SCA|NO1","mFRR","Local","Down","0.00","0.00"," "
"25/12/2023 02:00:00","SCA|NO1","mFRR","Local","Up","506.00","0.00"," "
"25/12/2023 02:00:00","SCA|NO1","mFRR","Local","Down","0.00","0.00"," "
"25/12/2023 03:00:00","SCA|NO1","mFRR","Local","Up","506.00","0.00"," "
"25/12/2023 03:00:00","SCA|NO1","mFRR","Local","Down","0.00","0.00"," "
"25/12/2023 04:00:00","SCA|NO1","mFRR","Local","Up","506.00","0.00"," "
"25/12/2023 04:00:00","SCA|NO1","mFRR","Local","Down","0.00","0.00"," "
"25/12/2023 05:00:00","SCA|NO1","mFRR","Local","Up","428.00","0.00"," "
"25/12/2023 05:00:00","SCA|NO1","mFRR","Local","Down","0.00","0.00"," "
"25/12/2023 06:00:00","SCA|NO1","mFRR","Local","Up","430.00","0.00"," "
"25/12/2023 06:00:00","SCA|NO1","mFRR","Local","Down","0.00","0.00"," "
"25/12/2023 07:00:00","SCA|NO1","mFRR","Local","Up","470.00","0.00"," "
"25/12/2023 07:00:00","SCA|NO1","mFRR","Local","Down","0.00","0.00"," "
"25/12/2023 08:00:00","SCA|NO1","mFRR","Local","Up","488.00","0.00"," "
"25/12/2023 08:00:00","SCA|NO1","mFRR","Local","Down","0.00","0.00"," "
"25/12/2023 09:00:00","SCA|NO1","mFRR","Local","Up","382.00","0.00"," "
"25/12/2023 09:00:00","SCA|NO1","mFRR","Local","Down","34.00","0.00"," "
"25/12/2023 10:00:00","SCA|NO1","mFRR","Local","Up","343.00","0.00"," "
"25/12/2023 10:00:00","SCA|NO1","mFRR","Local","Down","123.00","0.00"," "
"25/12/2023 11:00:00","SCA|NO1","mFRR","Local","Up","359.00","0.00"," "
"25/12/2023 11:00:00","SCA|NO1","mFRR","Local","Down","118.00","0.00"," "
"25/12/2023 12:00:00","SCA|NO1","mFRR","Local","Up","299.00","0.00"," "
"25/12/2023 12:00:00","SCA|NO1","mFRR","Local","Down","117.00","0.00"," "
"25/12/2023 13:00:00","SCA|NO1","mFRR","Local","Up","299.00","117.00"," "
"25/12/2023 13:00:00","SCA|NO1","mFRR","Local","Down","162.00","0.00"," "
"25/12/2023 14:00:00","SCA|NO1","mFRR","Local","Up","370.00","173.75"," "
"25/12/2023 14:00:00","SCA|NO1","mFRR","Local","Down","130.00","0.00"," "
"25/12/2023 15:00:00","SCA|NO1","mFRR","Local","Up","371.00","164.00"," "
"25/12/2023 15:00:00","SCA|NO1","mFRR","Local","Down","125.00","0.00"," "
"25/12/2023 16:00:00","SCA|NO1","mFRR","Local","Up","341.00","147.00"," "
"25/12/2023 16:00:00","SCA|NO1","mFRR","Local","Down","103.00","0.00"," "
"25/12/2023 17:00:00","SCA|NO1","mFRR","Local","Up","329.00","76.50"," "
"25/12/2023 17:00:00","SCA|NO1","mFRR","Local","Down","83.00","0.00"," "
"25/12/2023 18:00:00","SCA|NO1","mFRR","Local","Up","340.00","0.00"," "
"25/12/2023 18:00:00","SCA|NO1","mFRR","Local","Down","86.00","0.00"," "
"25/12/2023 19:00:00","SCA|NO1","mFRR","Local","Up","299.00","0.00"," "
"25/12/2023 19:00:00","SCA|NO1","mFRR","Local","Down","72.00","0.00"," "
"25/12/2023 20:00:00","SCA|NO1","mFRR","Local","Up","316.00","0.00"," "
"25/12/2023 20:00:00","SCA|NO1","mFRR","Local","Down","83.00","0.00"," "
"25/12/2023 21:00:00","SCA|NO1","mFRR","Local","Up","315.00","0.00"," "
"25/12/2023 21:00:00","SCA|NO1","mFRR","Local","Down","82.00","0.00"," "
"25/12/2023 22:00:00","SCA|NO1","mFRR","Local","Up","394.00","0.00"," "
"25/12/2023 22:00:00","SCA|NO1","mFRR","Local","Down","50.00","0.00"," "
"25/12/2023 23:00:00","SCA|NO1","mFRR","Local","Up","503.00","0.00"," "
"25/12/2023 23:00:00","SCA|NO1","mFRR","Local","Down","0.00","0.00"," "
"26/12/2023 00:00:00","SCA|NO1","mFRR","Local","Up","744.00","0.00"," "
"26/12/2023 00:00:00","SCA|NO1","mFRR","Local","Down","0.00","0.00"," "
"26/12/2023 01:00:00","SCA|NO1","mFRR","Local","Up","774.00","0.00"," "
"26/12/2023 01:00:00","SCA|NO1","mFRR","Local","Down","0.00","0.00"," "
"26/12/2023 02:00:00","SCA|NO1","mFRR","Local","Up","738.00","0.00"," "
"26/12/2023 02:00:00","SCA|NO1","mFRR","Local","Down","0.00","0.00"," "
"26/12/2023 03:00:00","SCA|NO1","mFRR","Local","Up","774.00","0.00"," "
"26/12/2023 03:00:00","SCA|NO1","mFRR","Local","Down","0.00","0.00"," "
"26/12/2023 04:00:00","SCA|NO1","mFRR","Local","Up","774.00","0.00"," "
"26/12/2023 04:00:00","SCA|NO1","mFRR","Local","Down","0.00","0.00"," "
"26/12/2023 05:00:00","SCA|NO1","mFRR","Local","Up","608.00","0.00"," "
"26/12/2023 05:00:00","SCA|NO1","mFRR","Local","Down","0.00","0.00"," "
"26/12/2023 06:00:00","SCA|NO1","mFRR","Local","Up","608.00","0.00"," "
"26/12/2023 06:00:00","SCA|NO1","mFRR","Local","Down","0.00","0.00"," "
"26/12/2023 07:00:00","SCA|NO1","mFRR","Local","Up","608.00","0.00"," "
"26/12/2023 07:00:00","SCA|NO1","mFRR","Local","Down","0.00","0.00"," "
"26/12/2023 08:00:00","SCA|NO1","mFRR","Local","Up","464.00","0.00"," "
"26/12/2023 08:00:00","SCA|NO1","mFRR","Local","Down","31.00","0.00"," "
"26/12/2023 09:00:00","SCA|NO1","mFRR","Local","Up","448.00","0.00"," "
"26/12/2023 09:00:00","SCA|NO1","mFRR","Local","Down","84.00","0.00"," "
"26/12/2023 10:00:00","SCA|NO1","mFRR","Local","Up","412.00","81.00"," "
"26/12/2023 10:00:00","SCA|NO1","mFRR","Local","Down","119.00","0.00"," "
"26/12/2023 11:00:00","SCA|NO1","mFRR","Local","Up","321.00","28.00"," "
"26/12/2023 11:00:00","SCA|NO1","mFRR","Local","Down","123.00","0.00"," "
"26/12/2023 12:00:00","SCA|NO1","mFRR","Local","Up","293.00","0.00"," "
"26/12/2023 12:00:00","SCA|NO1","mFRR","Local","Down","150.00","0.00"," "
"26/12/2023 13:00:00","SCA|NO1","mFRR","Local","Up","293.00","0.00"," "
"26/12/2023 13:00:00","SCA|NO1","mFRR","Local","Down","152.00","0.00"," "
"26/12/2023 14:00:00","SCA|NO1","mFRR","Local","Up","293.00","0.00"," "
"26/12/2023 14:00:00","SCA|NO1","mFRR","Local","Down","153.00","0.00"," "
"26/12/2023 15:00:00","SCA|NO1","mFRR","Local","Up","342.00","0.00"," "
"26/12/2023 15:00:00","SCA|NO1","mFRR","Local","Down","99.00","0.00"," "
"26/12/2023 16:00:00","SCA|NO1","mFRR","Local","Up","304.00","0.00"," "
"26/12/2023 16:00:00","SCA|NO1","mFRR","Local","Down","158.00","0.00"," "
"26/12/2023 17:00:00","SCA|NO1","mFRR","Local","Up","304.00","0.00"," "
"26/12/2023 17:00:00","SCA|NO1","mFRR","Local","Down","155.00","0.00"," "
"26/12/2023 18:00:00","SCA|NO1","mFRR","Local","Up","304.00","0.00"," "
"26/12/2023 18:00:00","SCA|NO1","mFRR","Local","Down","88.00","33.75"," "
"26/12/2023 19:00:00","SCA|NO1","mFRR","Local","Up","304.00","0.00"," "
"26/12/2023 19:00:00","SCA|NO1","mFRR","Local","Down","103.00","43.00"," "
"26/12/2023 20:00:00","SCA|NO1","mFRR","Local","Up","304.00","88.00"," "
"26/12/2023 20:00:00","SCA|NO1","mFRR","Local","Down","110.00","0.00"," "
"26/12/2023 21:00:00","SCA|NO1","mFRR","Local","Up","304.00","220.00"," "
"26/12/2023 21:00:00","SCA|NO1","mFRR","Local","Down","136.00","0.00"," "
"26/12/2023 22:00:00","SCA|NO1","mFRR","Local","Up","304.00","220.00"," "
"26/12/2023 22:00:00","SCA|NO1","mFRR","Local","Down","135.00","0.00"," "
"26/12/2023 23:00:00","SCA|NO1","mFRR","Local","Up","293.00","220.00"," "
"26/12/2023 23:00:00","SCA|NO1","mFRR","Local","Down","146.00","0.00"," "
"27/12/2023 00:00:00","SCA|NO1","mFRR","Local","Up","282.00","44.00"," "
"27/12/2023 00:00:00","SCA|NO1","mFRR","Local","Down","124.00","0.00"," "
"27/12/2023 01:00:00","SCA|NO1","mFRR","Local","Up","282.00","44.00"," "
"27/12/2023 01:00:00","SCA|NO1","mFRR","Local","Down","154.00","0.00"," "
"27/12/2023 02:00:00","SCA|NO1","mFRR","Local","Up","282.00","44.00"," "
"27/12/2023 02:00:00","SCA|NO1","mFRR","Local","Down","153.00","0.00"," "
"27/12/2023 03:00:00","SCA|NO1","mFRR","Local","Up","299.00","44.00"," "
"27/12/2023 03:00:00","SCA|NO1","mFRR","Local","Down","95.00","0.00"," "
"27/12/2023 04:00:00","SCA|NO1","mFRR","Local","Up","304.00","22.00"," "
"27/12/2023 04:00:00","SCA|NO1","mFRR","Local","Down","86.00","0.00"," "
"27/12/2023 05:00:00","SCA|NO1","mFRR","Local","Up","287.00","0.00"," "
"27/12/2023 05:00:00","SCA|NO1","mFRR","Local","Down","104.00","0.00"," "
"27/12/2023 06:00:00","SCA|NO1","mFRR","Local","Up","271.00","0.00"," "
"27/12/2023 06:00:00","SCA|NO1","mFRR","Local","Down","149.00","0.00"," "
"27/12/2023 07:00:00","SCA|NO1","mFRR","Local","Up","217.00","0.00"," "
"27/12/2023 07:00:00","SCA|NO1","mFRR","Local","Down","165.00","0.00"," "
"27/12/2023 08:00:00","SCA|NO1","mFRR","Local","Up","130.00","0.00"," "
"27/12/2023 08:00:00","SCA|NO1","mFRR","Local","Down","159.00","0.00"," "
"27/12/2023 09:00:00","SCA|NO1","mFRR","Local","Up","130.00","0.00"," "
"27/12/2023 09:00:00","SCA|NO1","mFRR","Local","Down","159.00","0.00"," "
"27/12/2023 10:00:00","SCA|NO1","mFRR","Local","Up","252.00","0.00"," "
"27/12/2023 10:00:00","SCA|NO1","mFRR","Local","Down","126.00","0.00"," "
"27/12/2023 11:00:00","SCA|NO1","mFRR","Local","Up","252.00","0.00"," "
"27/12/2023 11:00:00","SCA|NO1","mFRR","Local","Down","46.00","0.00"," "
"27/12/2023 12:00:00","SCA|NO1","mFRR","Local","Up","252.00","0.00"," "
"27/12/2023 12:00:00","SCA|NO1","mFRR","Local","Down","81.00","0.00"," "
"27/12/2023 13:00:00","SCA|NO1","mFRR","Local","Up","252.00","0.00"," "
"27/12/2023 13:00:00","SCA|NO1","mFRR","Local","Down","22.00","0.00"," "
"27/12/2023 14:00:00","SCA|NO1","mFRR","Local","Up","251.00","43.50"," "
"27/12/2023 14:00:00","SCA|NO1","mFRR","Local","Down","126.00","0.00"," "
"27/12/2023 15:00:00","SCA|NO1","mFRR","Local","Up","164.00","159.00"," "
"27/12/2023 15:00:00","SCA|NO1","mFRR","Local","Down","124.00","0.00"," "
"27/12/2023 16:00:00","SCA|NO1","mFRR","Local","Up","164.00","159.00"," "
"27/12/2023 16:00:00","SCA|NO1","mFRR","Local","Down","126.00","0.00"," "
"27/12/2023 17:00:00","SCA|NO1","mFRR","Local","Up","129.00","124.00"," "
"27/12/2023 17:00:00","SCA|NO1","mFRR","Local","Down","161.00","0.00"," "
"27/12/2023 18:00:00","SCA|NO1","mFRR","Local","Up","129.00","124.00"," "
"27/12/2023 18:00:00","SCA|NO1","mFRR","Local","Down","161.00","0.00"," "
"27/12/2023 19:00:00","SCA|NO1","mFRR","Local","Up","271.00","141.00"," "
"27/12/2023 19:00:00","SCA|NO1","mFRR","Local","Down","161.00","0.00"," "
"27/12/2023 20:00:00","SCA|NO1","mFRR","Local","Up","314.00","181.50"," "
"27/12/2023 20:00:00","SCA|NO1","mFRR","Local","Down","59.00","0.00"," "
"27/12/2023 21:00:00","SCA|NO1","mFRR","Local","Up","271.00","33.00"," "
"27/12/2023 21:00:00","SCA|NO1","mFRR","Local","Down","123.00","0.00"," "
"27/12/2023 22:00:00","SCA|NO1","mFRR","Local","Up","346.00","0.00"," "
"27/12/2023 22:00:00","SCA|NO1","mFRR","Local","Down","67.00","0.00"," "
"27/12/2023 23:00:00","SCA|NO1","mFRR","Local","Up","441.00","0.00"," "
"27/12/2023 23:00:00","SCA|NO1","mFRR","Local","Down","0.00","0.00"," "
"28/12/2023 00:00:00","SCA|NO1","mFRR","Local","Up","466.00","87.00"," "
"28/12/2023 00:00:00","SCA|NO1","mFRR","Local","Down","0.00","0.00"," "
"28/12/2023 01:00:00","SCA|NO1","mFRR","Local","Up","546.00","127.00"," "
"28/12/2023 01:00:00","SCA|NO1","mFRR","Local","Down","0.00","0.00"," "
"28/12/2023 02:00:00","SCA|NO1","mFRR","Local","Up","546.00","22.50"," "
"28/12/2023 02:00:00","SCA|NO1","mFRR","Local","Down","0.00","0.00"," "
"28/12/2023 03:00:00","SCA|NO1","mFRR","Local","Up","546.00","0.00"," "
"28/12/2023 03:00:00","SCA|NO1","mFRR","Local","Down","0.00","0.00"," "
"28/12/2023 04:00:00","SCA|NO1","mFRR","Local","Up","546.00","0.00"," "
"28/12/2023 04:00:00","SCA|NO1","mFRR","Local","Down","0.00","0.00"," "
"28/12/2023 05:00:00","SCA|NO1","mFRR","Local","Up","486.00","0.00"," "
"28/12/2023 05:00:00","SCA|NO1","mFRR","Local","Down","0.00","0.00"," "
"28/12/2023 06:00:00","SCA|NO1","mFRR","Local","Up","486.00","0.00"," "
"28/12/2023 06:00:00","SCA|NO1","mFRR","Local","Down","0.00","0.00"," "
"28/12/2023 07:00:00","SCA|NO1","mFRR","Local","Up","485.00","0.00"," "
"28/12/2023 07:00:00","SCA|NO1","mFRR","Local","Down","0.00","0.00"," "
"28/12/2023 08:00:00","SCA|NO1","mFRR","Local","Up","376.00","0.00"," "
"28/12/2023 08:00:00","SCA|NO1","mFRR","Local","Down","0.00","0.00"," "
"28/12/2023 09:00:00","SCA|NO1","mFRR","Local","Up","343.00","0.00"," "
"28/12/2023 09:00:00","SCA|NO1","mFRR","Local","Down","28.00","0.00"," "
"28/12/2023 10:00:00","SCA|NO1","mFRR","Local","Up","328.00","0.00"," "
"28/12/2023 10:00:00","SCA|NO1","mFRR","Local","Down","41.00","0.00"," "
"28/12/2023 11:00:00","SCA|NO1","mFRR","Local","Up","325.00","0.00"," "
"28/12/2023 11:00:00","SCA|NO1","mFRR","Local","Down","42.00","0.00"," "
"28/12/2023 12:00:00","SCA|NO1","mFRR","Local","Up","284.00","0.00"," "
"28/12/2023 12:00:00","SCA|NO1","mFRR","Local","Down","98.00","0.00"," "
"28/12/2023 13:00:00","SCA|NO1","mFRR","Local","Up","271.00","0.00"," "
"28/12/2023 13:00:00","SCA|NO1","mFRR","Local","Down","114.00","0.00"," "
"28/12/2023 14:00:00","SCA|NO1","mFRR","Local","Up","271.00","0.00"," "
"28/12/2023 14:00:00","SCA|NO1","mFRR","Local","Down","116.00","0.00"," "
"28/12/2023 15:00:00","SCA|NO1","mFRR","Local","Up","288.00","0.00"," "
"28/12/2023 15:00:00","SCA|NO1","mFRR","Local","Down","99.00","0.00"," "
"28/12/2023 16:00:00","SCA|NO1","mFRR","Local","Up","297.00","0.00"," "
"28/12/2023 16:00:00","SCA|NO1","mFRR","Local","Down","84.00","0.00"," "
"28/12/2023 17:00:00","SCA|NO1","mFRR","Local","Up","295.00","0.00"," "
"28/12/2023 17:00:00","SCA|NO1","mFRR","Local","Down","98.00","0.00"," "
"28/12/2023 18:00:00","SCA|NO1","mFRR","Local","Up","298.00","0.00"," "
"28/12/2023 18:00:00","SCA|NO1","mFRR","Local","Down","95.00","0.00"," "
"28/12/2023 19:00:00","SCA|NO1","mFRR","Local","Up","293.00","0.00"," "
"28/12/2023 19:00:00","SCA|NO1","mFRR","Local","Down","96.00","0.00"," "
"28/12/2023 20:00:00","SCA|NO1","mFRR","Local","Up","289.00","0.00"," "
"28/12/2023 20:00:00","SCA|NO1","mFRR","Local","Down","96.00","0.00"," "
"28/12/2023 21:00:00","SCA|NO1","mFRR","Local","Up","314.00","0.00"," "
"28/12/2023 21:00:00","SCA|NO1","mFRR","Local","Down","64.00","0.00"," "
"28/12/2023 22:00:00","SCA|NO1","mFRR","Local","Up","428.00","16.50"," "
"28/12/2023 22:00:00","SCA|NO1","mFRR","Local","Down","0.00","0.00"," "
"28/12/2023 23:00:00","SCA|NO1","mFRR","Local","Up","449.00","51.00"," "
"28/12/2023 23:00:00","SCA|NO1","mFRR","Local","Down","0.00","0.00"," "
"29/12/2023 00:00:00","SCA|NO1","mFRR","Local","Up","597.00","0.00"," "
"29/12/2023 00:00:00","SCA|NO1","mFRR","Local","Down","0.00","0.00"," "
"29/12/2023 01:00:00","SCA|NO1","mFRR","Local","Up","662.00","0.00"," "
"29/12/2023 01:00:00","SCA|NO1","mFRR","Local","Down","0.00","0.00"," "
"29/12/2023 02:00:00","SCA|NO1","mFRR","Local","Up","662.00","0.00"," "
"29/12/2023 02:00:00","SCA|NO1","mFRR","Local","Down","0.00","0.00"," "
"29/12/2023 03:00:00","SCA|NO1","mFRR","Local","Up","662.00","0.00"," "
"29/12/2023 03:00:00","SCA|NO1","mFRR","Local","Down","0.00","0.00"," "
"29/12/2023 04:00:00","SCA|NO1","mFRR","Local","Up","662.00","0.00"," "
"29/12/2023 04:00:00","SCA|NO1","mFRR","Local","Down","0.00","0.00"," "
"29/12/2023 05:00:00","SCA|NO1","mFRR","Local","Up","520.00","0.00"," "
"29/12/2023 05:00:00","SCA|NO1","mFRR","Local","Down","0.00","0.00"," "
"29/12/2023 06:00:00","SCA|NO1","mFRR","Local","Up","516.00","0.00"," "
"29/12/2023 06:00:00","SCA|NO1","mFRR","Local","Down","0.00","0.00"," "
"29/12/2023 07:00:00","SCA|NO1","mFRR","Local","Up","516.00","0.00"," "
"29/12/2023 07:00:00","SCA|NO1","mFRR","Local","Down","0.00","0.00"," "
"29/12/2023 08:00:00","SCA|NO1","mFRR","Local","Up","516.00","0.00"," "
"29/12/2023 08:00:00","SCA|NO1","mFRR","Local","Down","0.00","0.00"," "
"29/12/2023 09:00:00","SCA|NO1","mFRR","Local","Up","338.00","0.00"," "
"29/12/2023 09:00:00","SCA|NO1","mFRR","Local","Down","57.00","0.00"," "
"29/12/2023 10:00:00","SCA|NO1","mFRR","Local","Up","325.00","0.00"," "
"29/12/2023 10:00:00","SCA|NO1","mFRR","Local","Down","107.00","0.00"," "
"29/12/2023 11:00:00","SCA|NO1","mFRR","Local","Up","376.00","81.00"," "
"29/12/2023 11:00:00","SCA|NO1","mFRR","Local","Down","47.00","0.00"," "
"29/12/2023 12:00:00","SCA|NO1","mFRR","Local","Up","373.00","105.00"," "
"29/12/2023 12:00:00","SCA|NO1","mFRR","Local","Down","65.00","0.00"," "
"29/12/2023 13:00:00","SCA|NO1","mFRR","Local","Up","395.00","77.50"," "
"29/12/2023 13:00:00","SCA|NO1","mFRR","Local","Down","47.00","0.00"," "
"29/12/2023 14:00:00","SCA|NO1","mFRR","Local","Up","351.00","23.00"," "
"29/12/2023 14:00:00","SCA|NO1","mFRR","Local","Down","47.00","0.00"," "
"29/12/2023 15:00:00","SCA|NO1","mFRR","Local","Up","322.00","5.50"," "
"29/12/2023 15:00:00","SCA|NO1","mFRR","Local","Down","218.00","0.00"," "
"29/12/2023 16:00:00","SCA|NO1","mFRR","Local","Up","394.00","0.00"," "
"29/12/2023 16:00:00","SCA|NO1","mFRR","Local","Down","136.00","0.00"," "
"29/12/2023 17:00:00","SCA|NO1","mFRR","Local","Up","386.00","0.00"," "
"29/12/2023 17:00:00","SCA|NO1","mFRR","Local","Down","208.00","0.00"," "
"29/12/2023 18:00:00","SCA|NO1","mFRR","Local","Up","382.00","0.00"," "
"29/12/2023 18:00:00","SCA|NO1","mFRR","Local","Down","164.00","0.00"," "
"29/12/2023 19:00:00","SCA|NO1","mFRR","Local","Up","393.00","0.00"," "
"29/12/2023 19:00:00","SCA|NO1","mFRR","Local","Down","138.00","0.00"," "
"29/12/2023 20:00:00","SCA|NO1","mFRR","Local","Up","361.00","0.00"," "
"29/12/2023 20:00:00","SCA|NO1","mFRR","Local","Down","150.00","0.00"," "
"29/12/2023 21:00:00","SCA|NO1","mFRR","Local","Up","350.00","0.00"," "
"29/12/2023 21:00:00","SCA|NO1","mFRR","Local","Down","47.00","0.00"," "
"29/12/2023 22:00:00","SCA|NO1","mFRR","Local","Up","406.00","0.00"," "
"29/12/2023 22:00:00","SCA|NO1","mFRR","Local","Down","0.00","0.00"," "
"29/12/2023 23:00:00","SCA|NO1","mFRR","Local","Up","558.00","0.00"," "
"29/12/2023 23:00:00","SCA|NO1","mFRR","Local","Down","0.00","0.00"," "
"30/12/2023 00:00:00","SCA|NO1","mFRR","Local","Up","381.00","0.00"," "
"30/12/2023 00:00:00","SCA|NO1","mFRR","Local","Down","0.00","0.00"," "
"30/12/2023 01:00:00","SCA|NO1","mFRR","Local","Up","441.00","0.00"," "
"30/12/2023 01:00:00","SCA|NO1","mFRR","Local","Down","0.00","0.00"," "
"30/12/2023 02:00:00","SCA|NO1","mFRR","Local","Up","446.00","0.00"," "
"30/12/2023 02:00:00","SCA|NO1","mFRR","Local","Down","0.00","0.00"," "
"30/12/2023 03:00:00","SCA|NO1","mFRR","Local","Up","434.00","0.00"," "
"30/12/2023 03:00:00","SCA|NO1","mFRR","Local","Down","29.00","0.00"," "
"30/12/2023 04:00:00","SCA|NO1","mFRR","Local","Up","435.00","0.00"," "
"30/12/2023 04:00:00","SCA|NO1","mFRR","Local","Down","0.00","0.00"," "
"30/12/2023 05:00:00","SCA|NO1","mFRR","Local","Up","376.00","0.00"," "
"30/12/2023 05:00:00","SCA|NO1","mFRR","Local","Down","0.00","0.00"," "
"30/12/2023 06:00:00","SCA|NO1","mFRR","Local","Up","388.00","0.00"," "
"30/12/2023 06:00:00","SCA|NO1","mFRR","Local","Down","38.00","0.00"," "
"30/12/2023 07:00:00","SCA|NO1","mFRR","Local","Up","447.00","0.00"," "
"30/12/2023 07:00:00","SCA|NO1","mFRR","Local","Down","39.00","0.00"," "
"30/12/2023 08:00:00","SCA|NO1","mFRR","Local","Up","530.00","0.00"," "
"30/12/2023 08:00:00","SCA|NO1","mFRR","Local","Down","23.00","0.00"," "
"30/12/2023 09:00:00","SCA|NO1","mFRR","Local","Up","448.00","0.00"," "
"30/12/2023 09:00:00","SCA|NO1","mFRR","Local","Down","58.00","0.00"," "
"30/12/2023 10:00:00","SCA|NO1","mFRR","Local","Up","433.00","0.00"," "
"30/12/2023 10:00:00","SCA|NO1","mFRR","Local","Down","94.00","35.00"," "
"30/12/2023 11:00:00","SCA|NO1","mFRR","Local","Up","475.00","0.00"," "
"30/12/2023 11:00:00","SCA|NO1","mFRR","Local","Down","65.00","0.00"," "
"30/12/2023 12:00:00","SCA|NO1","mFRR","Local","Up","469.00","0.00"," "
"30/12/2023 12:00:00","SCA|NO1","mFRR","Local","Down","52.00","0.00"," "
"30/12/2023 13:00:00","SCA|NO1","mFRR","Local","Up","469.00","0.00"," "
"30/12/2023 13:00:00","SCA|NO1","mFRR","Local","Down","48.00","0.00"," "
"30/12/2023 14:00:00","SCA|NO1","mFRR","Local","Up","485.00","0.00"," "
"30/12/2023 14:00:00","SCA|NO1","mFRR","Local","Down","33.00","0.00"," "
"30/12/2023 15:00:00","SCA|NO1","mFRR","Local","Up","482.00","0.00"," "
"30/12/2023 15:00:00","SCA|NO1","mFRR","Local","Down","45.00","0.00"," "
"30/12/2023 16:00:00","SCA|NO1","mFRR","Local","Up","172.00","102.00"," "
"30/12/2023 16:00:00","SCA|NO1","mFRR","Local","Down","193.00","27.50"," "
"30/12/2023 17:00:00","SCA|NO1","mFRR","Local","Up","172.00","136.00"," "
"30/12/2023 17:00:00","SCA|NO1","mFRR","Local","Down","185.00","0.00"," "
"30/12/2023 18:00:00","SCA|NO1","mFRR","Local","Up","172.00","70.00"," "
"30/12/2023 18:00:00","SCA|NO1","mFRR","Local","Down","185.00","0.00"," "
"30/12/2023 19:00:00","SCA|NO1","mFRR","Local","Up","172.00","0.00"," "
"30/12/2023 19:00:00","SCA|NO1","mFRR","Local","Down","185.00","0.00"," "
"30/12/2023 20:00:00","SCA|NO1","mFRR","Local","Up","341.00","0.00"," "
"30/12/2023 20:00:00","SCA|NO1","mFRR","Local","Down","113.00","0.00"," "
"30/12/2023 21:00:00","SCA|NO1","mFRR","Local","Up","455.00","0.00"," "
"30/12/2023 21:00:00","SCA|NO1","mFRR","Local","Down","41.00","22.50"," "
"30/12/2023 22:00:00","SCA|NO1","mFRR","Local","Up","529.00","0.00"," "
"30/12/2023 22:00:00","SCA|NO1","mFRR","Local","Down","22.00","10.00"," "
"30/12/2023 23:00:00","SCA|NO1","mFRR","Local","Up","531.00","0.00"," "
"30/12/2023 23:00:00","SCA|NO1","mFRR","Local","Down","35.00","26.25"," "
"31/12/2023 00:00:00","SCA|NO1","mFRR","Local","Up","593.00","0.00"," "
"31/12/2023 00:00:00","SCA|NO1","mFRR","Local","Down","0.00","0.00"," "
"31/12/2023 01:00:00","SCA|NO1","mFRR","Local","Up","810.00","0.00"," "
"31/12/2023 01:00:00","SCA|NO1","mFRR","Local","Down","0.00","0.00"," "
"31/12/2023 02:00:00","SCA|NO1","mFRR","Local","Up","804.00","0.00"," "
"31/12/2023 02:00:00","SCA|NO1","mFRR","Local","Down","0.00","0.00"," "
"31/12/2023 03:00:00","SCA|NO1","mFRR","Local","Up","810.00","0.00"," "
"31/12/2023 03:00:00","SCA|NO1","mFRR","Local","Down","0.00","0.00"," "
"31/12/2023 04:00:00","SCA|NO1","mFRR","Local","Up","810.00","0.00"," "
"31/12/2023 04:00:00","SCA|NO1","mFRR","Local","Down","0.00","0.00"," "
"31/12/2023 05:00:00","SCA|NO1","mFRR","Local","Up","593.00","0.00"," "
"31/12/2023 05:00:00","SCA|NO1","mFRR","Local","Down","0.00","0.00"," "
"31/12/2023 06:00:00","SCA|NO1","mFRR","Local","Up","604.00","0.00"," "
"31/12/2023 06:00:00","SCA|NO1","mFRR","Local","Down","0.00","0.00"," "
"31/12/2023 07:00:00","SCA|NO1","mFRR","Local","Up","519.00","0.00"," "
"31/12/2023 07:00:00","SCA|NO1","mFRR","Local","Down","0.00","0.00"," "
"31/12/2023 08:00:00","SCA|NO1","mFRR","Local","Up","541.00","0.00"," "
"31/12/2023 08:00:00","SCA|NO1","mFRR","Local","Down","0.00","0.00"," "
"31/12/2023 09:00:00","SCA|NO1","mFRR","Local","Up","584.00","0.00"," "
"31/12/2023 09:00:00","SCA|NO1","mFRR","Local","Down","0.00","0.00"," "
"31/12/2023 10:00:00","SCA|NO1","mFRR","Local","Up","588.00","0.00"," "
"31/12/2023 10:00:00","SCA|NO1","mFRR","Local","Down","0.00","0.00"," "
"31/12/2023 11:00:00","SCA|NO1","mFRR","Local","Up","588.00","0.00"," "
"31/12/2023 11:00:00","SCA|NO1","mFRR","Local","Down","0.00","0.00"," "
"31/12/2023 12:00:00","SCA|NO1","mFRR","Local","Up","588.00","0.00"," "
"31/12/2023 12:00:00","SCA|NO1","mFRR","Local","Down","0.00","0.00"," "
"31/12/2023 13:00:00","SCA|NO1","mFRR","Local","Up","589.00","0.00"," "
"31/12/2023 13:00:00","SCA|NO1","mFRR","Local","Down","0.00","0.00"," "
"31/12/2023 14:00:00","SCA|NO1","mFRR","Local","Up","493.00","0.00"," "
"31/12/2023 14:00:00","SCA|NO1","mFRR","Local","Down","39.00","0.00"," "
"31/12/2023 15:00:00","SCA|NO1","mFRR","Local","Up","440.00","0.00"," "
"31/12/2023 15:00:00","SCA|NO1","mFRR","Local","Down","41.00","0.00"," "
"31/12/2023 16:00:00","SCA|NO1","mFRR","Local","Up","435.00","0.00"," "
"31/12/2023 16:00:00","SCA|NO1","mFRR","Local","Down","41.00","0.00"," "
"31/12/2023 17:00:00","SCA|NO1","mFRR","Local","Up","419.00","0.00"," "
"31/12/2023 17:00:00","SCA|NO1","mFRR","Local","Down","41.00","0.00"," "
"31/12/2023 18:00:00","SCA|NO1","mFRR","Local","Up","404.00","0.00"," "
"31/12/2023 18:00:00","SCA|NO1","mFRR","Local","Down","59.00","0.00"," "
"31/12/2023 19:00:00","SCA|NO1","mFRR","Local","Up","427.00","0.00"," "
"31/12/2023 19:00:00","SCA|NO1","mFRR","Local","Down","37.00","0.00"," "
"31/12/2023 20:00:00","SCA|NO1","mFRR","Local","Up","425.00","0.00"," "
"31/12/2023 20:00:00","SCA|NO1","mFRR","Local","Down","37.00","0.00"," "
"31/12/2023 21:00:00","SCA|NO1","mFRR","Local","Up","420.00","0.00"," "
"31/12/2023 21:00:00","SCA|NO1","mFRR","Local","Down","35.00","0.00"," "
"31/12/2023 22:00:00","SCA|NO1","mFRR","Local","Up","410.00","0.00"," "
"31/12/2023 22:00:00","SCA|NO1","mFRR","Local","Down","54.00","0.00"," "
"31/12/2023 23:00:00","SCA|NO1","mFRR","Local","Up","489.00","0.00"," "
"31/12/2023 23:00:00","SCA|NO1","mFRR","Local","Down","25.00","0.00"," "
