"ISP","Area","Reserve Type","Type of Product","Direction","Offered (MW)","Activated (MW)","Unavailable (MW)"
"12/09/2023 00:00:00","SCA|NO2","mFRR","Local","Up","1522.00","0.00"," "
"12/09/2023 00:00:00","SCA|NO2","mFRR","Local","Down","2301.00","0.00"," "
"12/09/2023 01:00:00","SCA|NO2","mFRR","Local","Up","1733.00","0.00"," "
"12/09/2023 01:00:00","SCA|NO2","mFRR","Local","Down","2262.50","0.00"," "
"12/09/2023 02:00:00","SCA|NO2","mFRR","Local","Up","1751.00","0.00"," "
"12/09/2023 02:00:00","SCA|NO2","mFRR","Local","Down","2244.00","0.00"," "
"12/09/2023 03:00:00","SCA|NO2","mFRR","Local","Up","1765.00","0.00"," "
"12/09/2023 03:00:00","SCA|NO2","mFRR","Local","Down","2221.00","0.00"," "
"12/09/2023 04:00:00","SCA|NO2","mFRR","Local","Up","1752.00","0.00"," "
"12/09/2023 04:00:00","SCA|NO2","mFRR","Local","Down","2193.00","0.00"," "
"12/09/2023 05:00:00","SCA|NO2","mFRR","Local","Up","1785.00","0.00"," "
"12/09/2023 05:00:00","SCA|NO2","mFRR","Local","Down","2186.00","0.00"," "
"12/09/2023 06:00:00","SCA|NO2","mFRR","Local","Up","1495.00","0.00"," "
"12/09/2023 06:00:00","SCA|NO2","mFRR","Local","Down","2409.50","0.00"," "
"12/09/2023 07:00:00","SCA|NO2","mFRR","Local","Up","1155.00","51.50"," "
"12/09/2023 07:00:00","SCA|NO2","mFRR","Local","Down","2701.50","0.00"," "
"12/09/2023 08:00:00","SCA|NO2","mFRR","Local","Up","1015.00","35.00"," "
"12/09/2023 08:00:00","SCA|NO2","mFRR","Local","Down","2818.00","0.00"," "
"12/09/2023 09:00:00","SCA|NO2","mFRR","Local","Up","977.00","0.00"," "
"12/09/2023 09:00:00","SCA|NO2","mFRR","Local","Down","2852.00","0.00"," "
"12/09/2023 10:00:00","SCA|NO2","mFRR","Local","Up","989.00","0.00"," "
"12/09/2023 10:00:00","SCA|NO2","mFRR","Local","Down","2847.00","0.00"," "
"12/09/2023 11:00:00","SCA|NO2","mFRR","Local","Up","1017.00","0.00"," "
"12/09/2023 11:00:00","SCA|NO2","mFRR","Local","Down","2808.00","0.00"," "
"12/09/2023 12:00:00","SCA|NO2","mFRR","Local","Up","967.00","0.00"," "
"12/09/2023 12:00:00","SCA|NO2","mFRR","Local","Down","2801.00","0.00"," "
"12/09/2023 13:00:00","SCA|NO2","mFRR","Local","Up","1039.00","0.00"," "
"12/09/2023 13:00:00","SCA|NO2","mFRR","Local","Down","2728.00","0.00"," "
"12/09/2023 14:00:00","SCA|NO2","mFRR","Local","Up","985.00","0.00"," "
"12/09/2023 14:00:00","SCA|NO2","mFRR","Local","Down","2721.00","0.00"," "
"12/09/2023 15:00:00","SCA|NO2","mFRR","Local","Up","1134.00","0.00"," "
"12/09/2023 15:00:00","SCA|NO2","mFRR","Local","Down","2627.50","0.00"," "
"12/09/2023 16:00:00","SCA|NO2","mFRR","Local","Up","1185.00","0.00"," "
"12/09/2023 16:00:00","SCA|NO2","mFRR","Local","Down","2590.00","0.00"," "
"12/09/2023 17:00:00","SCA|NO2","mFRR","Local","Up","1250.00","0.00"," "
"12/09/2023 17:00:00","SCA|NO2","mFRR","Local","Down","2459.00","0.00"," "
"12/09/2023 18:00:00","SCA|NO2","mFRR","Local","Up","1316.00","0.00"," "
"12/09/2023 18:00:00","SCA|NO2","mFRR","Local","Down","2349.00","0.00"," "
"12/09/2023 19:00:00","SCA|NO2","mFRR","Local","Up","1411.00","0.00"," "
"12/09/2023 19:00:00","SCA|NO2","mFRR","Local","Down","2325.00","0.00"," "
"12/09/2023 20:00:00","SCA|NO2","mFRR","Local","Up","1663.00","0.00"," "
"12/09/2023 20:00:00","SCA|NO2","mFRR","Local","Down","2204.00","0.00"," "
"12/09/2023 21:00:00","SCA|NO2","mFRR","Local","Up","1663.00","0.00"," "
"12/09/2023 21:00:00","SCA|NO2","mFRR","Local","Down","2167.00","0.00"," "
"12/09/2023 22:00:00","SCA|NO2","mFRR","Local","Up","1745.00","0.00"," "
"12/09/2023 22:00:00","SCA|NO2","mFRR","Local","Down","2151.50","0.00"," "
"12/09/2023 23:00:00","SCA|NO2","mFRR","Local","Up","1814.00","0.00"," "
"12/09/2023 23:00:00","SCA|NO2","mFRR","Local","Down","2083.00","0.00"," "
"13/09/2023 00:00:00","SCA|NO2","mFRR","Local","Up","1859.00","20.00"," "
"13/09/2023 00:00:00","SCA|NO2","mFRR","Local","Down","2089.00","0.00"," "
"13/09/2023 01:00:00","SCA|NO2","mFRR","Local","Up","1967.00","25.00"," "
"13/09/2023 01:00:00","SCA|NO2","mFRR","Local","Down","2024.00","0.00"," "
"13/09/2023 02:00:00","SCA|NO2","mFRR","Local","Up","2023.00","115.00"," "
"13/09/2023 02:00:00","SCA|NO2","mFRR","Local","Down","1908.00","0.00"," "
"13/09/2023 03:00:00","SCA|NO2","mFRR","Local","Up","2067.00","125.00"," "
"13/09/2023 03:00:00","SCA|NO2","mFRR","Local","Down","1950.00","0.00"," "
"13/09/2023 04:00:00","SCA|NO2","mFRR","Local","Up","2148.00","40.25"," "
"13/09/2023 04:00:00","SCA|NO2","mFRR","Local","Down","1865.50","0.00"," "
"13/09/2023 05:00:00","SCA|NO2","mFRR","Local","Up","2130.50","11.25"," "
"13/09/2023 05:00:00","SCA|NO2","mFRR","Local","Down","1876.00","0.00"," "
"13/09/2023 06:00:00","SCA|NO2","mFRR","Local","Up","1609.50","0.00"," "
"13/09/2023 06:00:00","SCA|NO2","mFRR","Local","Down","2219.00","0.00"," "
"13/09/2023 07:00:00","SCA|NO2","mFRR","Local","Up","950.00","167.75"," "
"13/09/2023 07:00:00","SCA|NO2","mFRR","Local","Down","2327.00","0.00"," "
"13/09/2023 08:00:00","SCA|NO2","mFRR","Local","Up","777.00","393.00"," "
"13/09/2023 08:00:00","SCA|NO2","mFRR","Local","Down","2511.50","0.00"," "
"13/09/2023 09:00:00","SCA|NO2","mFRR","Local","Up","784.00","676.00"," "
"13/09/2023 09:00:00","SCA|NO2","mFRR","Local","Down","2544.00","0.00"," "
"13/09/2023 10:00:00","SCA|NO2","mFRR","Local","Up","1008.00","763.00"," "
"13/09/2023 10:00:00","SCA|NO2","mFRR","Local","Down","2364.00","0.00"," "
"13/09/2023 11:00:00","SCA|NO2","mFRR","Local","Up","844.25","699.25"," "
"13/09/2023 11:00:00","SCA|NO2","mFRR","Local","Down","2461.00","0.00"," "
"13/09/2023 12:00:00","SCA|NO2","mFRR","Local","Up","886.00","520.00"," "
"13/09/2023 12:00:00","SCA|NO2","mFRR","Local","Down","2456.00","27.50"," "
"13/09/2023 13:00:00","SCA|NO2","mFRR","Local","Up","954.00","567.00"," "
"13/09/2023 13:00:00","SCA|NO2","mFRR","Local","Down","2373.00","0.00"," "
"13/09/2023 14:00:00","SCA|NO2","mFRR","Local","Up","879.00","540.00"," "
"13/09/2023 14:00:00","SCA|NO2","mFRR","Local","Down","2575.00","0.00"," "
"13/09/2023 15:00:00","SCA|NO2","mFRR","Local","Up","1083.00","344.00"," "
"13/09/2023 15:00:00","SCA|NO2","mFRR","Local","Down","2416.00","0.00"," "
"13/09/2023 16:00:00","SCA|NO2","mFRR","Local","Up","1543.00","545.00"," "
"13/09/2023 16:00:00","SCA|NO2","mFRR","Local","Down","2488.00","0.00"," "
"13/09/2023 17:00:00","SCA|NO2","mFRR","Local","Up","1217.00","0.00"," "
"13/09/2023 17:00:00","SCA|NO2","mFRR","Local","Down","2198.00","278.00"," "
"13/09/2023 18:00:00","SCA|NO2","mFRR","Local","Up","1530.00","0.00"," "
"13/09/2023 18:00:00","SCA|NO2","mFRR","Local","Down","2755.00","588.00"," "
"13/09/2023 19:00:00","SCA|NO2","mFRR","Local","Up","1790.75","0.00"," "
"13/09/2023 19:00:00","SCA|NO2","mFRR","Local","Down","3237.00","591.00"," "
"13/09/2023 20:00:00","SCA|NO2","mFRR","Local","Up","1802.00","0.00"," "
"13/09/2023 20:00:00","SCA|NO2","mFRR","Local","Down","3207.00","206.25"," "
"13/09/2023 21:00:00","SCA|NO2","mFRR","Local","Up","1803.00","0.00"," "
"13/09/2023 21:00:00","SCA|NO2","mFRR","Local","Down","3203.00","0.00"," "
"13/09/2023 22:00:00","SCA|NO2","mFRR","Local","Up","1907.75","0.00"," "
"13/09/2023 22:00:00","SCA|NO2","mFRR","Local","Down","3115.00","0.00"," "
"13/09/2023 23:00:00","SCA|NO2","mFRR","Local","Up","1994.00","0.00"," "
"13/09/2023 23:00:00","SCA|NO2","mFRR","Local","Down","2950.00","0.00"," "
"14/09/2023 00:00:00","SCA|NO2","mFRR","Local","Up","1840.00","0.00"," "
"14/09/2023 00:00:00","SCA|NO2","mFRR","Local","Down","2844.00","0.00"," "
"14/09/2023 01:00:00","SCA|NO2","mFRR","Local","Up","1936.00","0.00"," "
"14/09/2023 01:00:00","SCA|NO2","mFRR","Local","Down","2856.00","0.00"," "
"14/09/2023 02:00:00","SCA|NO2","mFRR","Local","Up","1988.00","0.00"," "
"14/09/2023 02:00:00","SCA|NO2","mFRR","Local","Down","2805.00","0.00"," "
"14/09/2023 03:00:00","SCA|NO2","mFRR","Local","Up","2042.00","0.00"," "
"14/09/2023 03:00:00","SCA|NO2","mFRR","Local","Down","2757.00","0.00"," "
"14/09/2023 04:00:00","SCA|NO2","mFRR","Local","Up","2396.00","0.00"," "
"14/09/2023 04:00:00","SCA|NO2","mFRR","Local","Down","2546.00","0.00"," "
"14/09/2023 05:00:00","SCA|NO2","mFRR","Local","Up","1939.25","0.00"," "
"14/09/2023 05:00:00","SCA|NO2","mFRR","Local","Down","2407.00","0.00"," "
"14/09/2023 06:00:00","SCA|NO2","mFRR","Local","Up","1693.75","0.00"," "
"14/09/2023 06:00:00","SCA|NO2","mFRR","Local","Down","3023.00","0.00"," "
"14/09/2023 07:00:00","SCA|NO2","mFRR","Local","Up","864.50","0.00"," "
"14/09/2023 07:00:00","SCA|NO2","mFRR","Local","Down","3151.00","0.00"," "
"14/09/2023 08:00:00","SCA|NO2","mFRR","Local","Up","827.00","0.00"," "
"14/09/2023 08:00:00","SCA|NO2","mFRR","Local","Down","3256.00","0.00"," "
"14/09/2023 09:00:00","SCA|NO2","mFRR","Local","Up","1071.00","0.00"," "
"14/09/2023 09:00:00","SCA|NO2","mFRR","Local","Down","2972.00","0.00"," "
"14/09/2023 10:00:00","SCA|NO2","mFRR","Local","Up","999.00","0.00"," "
"14/09/2023 10:00:00","SCA|NO2","mFRR","Local","Down","3193.00","0.00"," "
"14/09/2023 11:00:00","SCA|NO2","mFRR","Local","Up","1169.00","129.75"," "
"14/09/2023 11:00:00","SCA|NO2","mFRR","Local","Down","3001.00","0.00"," "
"14/09/2023 12:00:00","SCA|NO2","mFRR","Local","Up","1302.00","146.50"," "
"14/09/2023 12:00:00","SCA|NO2","mFRR","Local","Down","2911.00","0.00"," "
"14/09/2023 13:00:00","SCA|NO2","mFRR","Local","Up","1577.00","101.50"," "
"14/09/2023 13:00:00","SCA|NO2","mFRR","Local","Down","2650.00","0.00"," "
"14/09/2023 14:00:00","SCA|NO2","mFRR","Local","Up","1478.00","0.00"," "
"14/09/2023 14:00:00","SCA|NO2","mFRR","Local","Down","2752.00","0.00"," "
"14/09/2023 15:00:00","SCA|NO2","mFRR","Local","Up","2237.00","0.00"," "
"14/09/2023 15:00:00","SCA|NO2","mFRR","Local","Down","2415.00","0.00"," "
"14/09/2023 16:00:00","SCA|NO2","mFRR","Local","Up","2195.00","0.00"," "
"14/09/2023 16:00:00","SCA|NO2","mFRR","Local","Down","2466.00","0.00"," "
"14/09/2023 17:00:00","SCA|NO2","mFRR","Local","Up","2354.00","80.25"," "
"14/09/2023 17:00:00","SCA|NO2","mFRR","Local","Down","2633.00","0.00"," "
"14/09/2023 18:00:00","SCA|NO2","mFRR","Local","Up","2191.00","107.75"," "
"14/09/2023 18:00:00","SCA|NO2","mFRR","Local","Down","2823.00","0.00"," "
"14/09/2023 19:00:00","SCA|NO2","mFRR","Local","Up","2189.00","172.00"," "
"14/09/2023 19:00:00","SCA|NO2","mFRR","Local","Down","3012.00","0.00"," "
"14/09/2023 20:00:00","SCA|NO2","mFRR","Local","Up","2101.00","99.00"," "
"14/09/2023 20:00:00","SCA|NO2","mFRR","Local","Down","3028.00","0.00"," "
"14/09/2023 21:00:00","SCA|NO2","mFRR","Local","Up","2112.00","0.00"," "
"14/09/2023 21:00:00","SCA|NO2","mFRR","Local","Down","2982.00","0.00"," "
"14/09/2023 22:00:00","SCA|NO2","mFRR","Local","Up","2329.00","0.00"," "
"14/09/2023 22:00:00","SCA|NO2","mFRR","Local","Down","2739.00","0.00"," "
"14/09/2023 23:00:00","SCA|NO2","mFRR","Local","Up","2453.00","0.00"," "
"14/09/2023 23:00:00","SCA|NO2","mFRR","Local","Down","2718.00","0.00"," "
"15/09/2023 00:00:00","SCA|NO2","mFRR","Local","Up","2565.25","0.00"," "
"15/09/2023 00:00:00","SCA|NO2","mFRR","Local","Down","2967.50","0.00"," "
"15/09/2023 01:00:00","SCA|NO2","mFRR","Local","Up","2693.00","144.00"," "
"15/09/2023 01:00:00","SCA|NO2","mFRR","Local","Down","2915.00","0.00"," "
"15/09/2023 02:00:00","SCA|NO2","mFRR","Local","Up","2736.00","62.00"," "
"15/09/2023 02:00:00","SCA|NO2","mFRR","Local","Down","2930.25","0.00"," "
"15/09/2023 03:00:00","SCA|NO2","mFRR","Local","Up","2749.00","195.00"," "
"15/09/2023 03:00:00","SCA|NO2","mFRR","Local","Down","2907.00","0.00"," "
"15/09/2023 04:00:00","SCA|NO2","mFRR","Local","Up","2732.75","174.00"," "
"15/09/2023 04:00:00","SCA|NO2","mFRR","Local","Down","2931.50","0.00"," "
"15/09/2023 05:00:00","SCA|NO2","mFRR","Local","Up","2687.75","133.00"," "
"15/09/2023 05:00:00","SCA|NO2","mFRR","Local","Down","2898.00","0.00"," "
"15/09/2023 06:00:00","SCA|NO2","mFRR","Local","Up","2491.00","92.25"," "
"15/09/2023 06:00:00","SCA|NO2","mFRR","Local","Down","2991.25","0.00"," "
"15/09/2023 07:00:00","SCA|NO2","mFRR","Local","Up","2002.50","95.00"," "
"15/09/2023 07:00:00","SCA|NO2","mFRR","Local","Down","3360.00","0.00"," "
"15/09/2023 08:00:00","SCA|NO2","mFRR","Local","Up","1929.50","219.00"," "
"15/09/2023 08:00:00","SCA|NO2","mFRR","Local","Down","3485.00","0.00"," "
"15/09/2023 09:00:00","SCA|NO2","mFRR","Local","Up","1918.00","219.00"," "
"15/09/2023 09:00:00","SCA|NO2","mFRR","Local","Down","3476.00","0.00"," "
"15/09/2023 10:00:00","SCA|NO2","mFRR","Local","Up","1970.00","219.00"," "
"15/09/2023 10:00:00","SCA|NO2","mFRR","Local","Down","3389.00","0.00"," "
"15/09/2023 11:00:00","SCA|NO2","mFRR","Local","Up","2202.00","208.00"," "
"15/09/2023 11:00:00","SCA|NO2","mFRR","Local","Down","3202.00","0.00"," "
"15/09/2023 12:00:00","SCA|NO2","mFRR","Local","Up","2348.75","175.50"," "
"15/09/2023 12:00:00","SCA|NO2","mFRR","Local","Down","3040.00","0.00"," "
"15/09/2023 13:00:00","SCA|NO2","mFRR","Local","Up","3764.00","0.00"," "
"15/09/2023 13:00:00","SCA|NO2","mFRR","Local","Down","1773.00","119.50"," "
"15/09/2023 14:00:00","SCA|NO2","mFRR","Local","Up","2653.75","0.00"," "
"15/09/2023 14:00:00","SCA|NO2","mFRR","Local","Down","2769.00","0.00"," "
"15/09/2023 15:00:00","SCA|NO2","mFRR","Local","Up","2158.00","0.00"," "
"15/09/2023 15:00:00","SCA|NO2","mFRR","Local","Down","3250.00","0.00"," "
"15/09/2023 16:00:00","SCA|NO2","mFRR","Local","Up","2020.00","0.00"," "
"15/09/2023 16:00:00","SCA|NO2","mFRR","Local","Down","3456.00","0.00"," "
"15/09/2023 17:00:00","SCA|NO2","mFRR","Local","Up","2080.00","0.00"," "
"15/09/2023 17:00:00","SCA|NO2","mFRR","Local","Down","3376.00","0.00"," "
"15/09/2023 18:00:00","SCA|NO2","mFRR","Local","Up","2170.00","0.00"," "
"15/09/2023 18:00:00","SCA|NO2","mFRR","Local","Down","3275.00","0.00"," "
"15/09/2023 19:00:00","SCA|NO2","mFRR","Local","Up","2362.00","0.00"," "
"15/09/2023 19:00:00","SCA|NO2","mFRR","Local","Down","3090.00","0.00"," "
"15/09/2023 20:00:00","SCA|NO2","mFRR","Local","Up","2373.00","0.00"," "
"15/09/2023 20:00:00","SCA|NO2","mFRR","Local","Down","3091.00","0.00"," "
"15/09/2023 21:00:00","SCA|NO2","mFRR","Local","Up","2488.00","0.00"," "
"15/09/2023 21:00:00","SCA|NO2","mFRR","Local","Down","2963.00","0.00"," "
"15/09/2023 22:00:00","SCA|NO2","mFRR","Local","Up","2884.00","0.00"," "
"15/09/2023 22:00:00","SCA|NO2","mFRR","Local","Down","2590.00","0.00"," "
"15/09/2023 23:00:00","SCA|NO2","mFRR","Local","Up","3108.25","0.00"," "
"15/09/2023 23:00:00","SCA|NO2","mFRR","Local","Down","2415.00","0.00"," "
"16/09/2023 00:00:00","SCA|NO2","mFRR","Local","Up","3324.25","0.00"," "
"16/09/2023 00:00:00","SCA|NO2","mFRR","Local","Down","1929.00","0.00"," "
"16/09/2023 01:00:00","SCA|NO2","mFRR","Local","Up","3358.00","0.00"," "
"16/09/2023 01:00:00","SCA|NO2","mFRR","Local","Down","2026.00","56.00"," "
"16/09/2023 02:00:00","SCA|NO2","mFRR","Local","Up","3254.00","0.00"," "
"16/09/2023 02:00:00","SCA|NO2","mFRR","Local","Down","2136.00","45.50"," "
"16/09/2023 03:00:00","SCA|NO2","mFRR","Local","Up","3135.25","0.00"," "
"16/09/2023 03:00:00","SCA|NO2","mFRR","Local","Down","2235.00","0.00"," "
"16/09/2023 04:00:00","SCA|NO2","mFRR","Local","Up","3046.00","0.00"," "
"16/09/2023 04:00:00","SCA|NO2","mFRR","Local","Down","2308.50","0.00"," "
"16/09/2023 05:00:00","SCA|NO2","mFRR","Local","Up","2792.00","0.00"," "
"16/09/2023 05:00:00","SCA|NO2","mFRR","Local","Down","2410.50","0.00"," "
"16/09/2023 06:00:00","SCA|NO2","mFRR","Local","Up","2729.75","0.00"," "
"16/09/2023 06:00:00","SCA|NO2","mFRR","Local","Down","2467.50","0.00"," "
"16/09/2023 07:00:00","SCA|NO2","mFRR","Local","Up","2595.00","0.00"," "
"16/09/2023 07:00:00","SCA|NO2","mFRR","Local","Down","2610.25","0.00"," "
"16/09/2023 08:00:00","SCA|NO2","mFRR","Local","Up","2674.00","0.00"," "
"16/09/2023 08:00:00","SCA|NO2","mFRR","Local","Down","2641.00","0.00"," "
"16/09/2023 09:00:00","SCA|NO2","mFRR","Local","Up","2243.00","0.00"," "
"16/09/2023 09:00:00","SCA|NO2","mFRR","Local","Down","3040.00","0.00"," "
"16/09/2023 10:00:00","SCA|NO2","mFRR","Local","Up","2341.00","0.00"," "
"16/09/2023 10:00:00","SCA|NO2","mFRR","Local","Down","2966.00","0.00"," "
"16/09/2023 11:00:00","SCA|NO2","mFRR","Local","Up","3500.50","0.00"," "
"16/09/2023 11:00:00","SCA|NO2","mFRR","Local","Down","1862.75","0.00"," "
"16/09/2023 12:00:00","SCA|NO2","mFRR","Local","Up","4310.25","0.00"," "
"16/09/2023 12:00:00","SCA|NO2","mFRR","Local","Down","753.50","0.00"," "
"16/09/2023 13:00:00","SCA|NO2","mFRR","Local","Up","4822.00","0.00"," "
"16/09/2023 13:00:00","SCA|NO2","mFRR","Local","Down","333.00","0.00"," "
"16/09/2023 14:00:00","SCA|NO2","mFRR","Local","Up","4440.75","0.00"," "
"16/09/2023 14:00:00","SCA|NO2","mFRR","Local","Down","783.00","0.00"," "
"16/09/2023 15:00:00","SCA|NO2","mFRR","Local","Up","3478.50","0.00"," "
"16/09/2023 15:00:00","SCA|NO2","mFRR","Local","Down","1907.75","0.00"," "
"16/09/2023 16:00:00","SCA|NO2","mFRR","Local","Up","2306.00","0.00"," "
"16/09/2023 16:00:00","SCA|NO2","mFRR","Local","Down","3056.00","0.00"," "
"16/09/2023 17:00:00","SCA|NO2","mFRR","Local","Up","2145.00","0.00"," "
"16/09/2023 17:00:00","SCA|NO2","mFRR","Local","Down","3068.00","0.00"," "
"16/09/2023 18:00:00","SCA|NO2","mFRR","Local","Up","2223.25","0.00"," "
"16/09/2023 18:00:00","SCA|NO2","mFRR","Local","Down","2957.00","0.00"," "
"16/09/2023 19:00:00","SCA|NO2","mFRR","Local","Up","2363.50","0.00"," "
"16/09/2023 19:00:00","SCA|NO2","mFRR","Local","Down","2883.75","0.00"," "
"16/09/2023 20:00:00","SCA|NO2","mFRR","Local","Up","2442.00","0.00"," "
"16/09/2023 20:00:00","SCA|NO2","mFRR","Local","Down","2793.00","0.00"," "
"16/09/2023 21:00:00","SCA|NO2","mFRR","Local","Up","2531.00","0.00"," "
"16/09/2023 21:00:00","SCA|NO2","mFRR","Local","Down","2715.50","0.00"," "
"16/09/2023 22:00:00","SCA|NO2","mFRR","Local","Up","2563.00","0.00"," "
"16/09/2023 22:00:00","SCA|NO2","mFRR","Local","Down","2711.50","0.00"," "
"16/09/2023 23:00:00","SCA|NO2","mFRR","Local","Up","1966.00","0.00"," "
"16/09/2023 23:00:00","SCA|NO2","mFRR","Local","Down","2452.00","0.00"," "
"17/09/2023 00:00:00","SCA|NO2","mFRR","Local","Up","2888.00","0.00"," "
"17/09/2023 00:00:00","SCA|NO2","mFRR","Local","Down","2462.00","0.00"," "
"17/09/2023 01:00:00","SCA|NO2","mFRR","Local","Up","2993.00","0.00"," "
"17/09/2023 01:00:00","SCA|NO2","mFRR","Local","Down","2595.00","0.00"," "
"17/09/2023 02:00:00","SCA|NO2","mFRR","Local","Up","2969.00","0.00"," "
"17/09/2023 02:00:00","SCA|NO2","mFRR","Local","Down","2567.00","0.00"," "
"17/09/2023 03:00:00","SCA|NO2","mFRR","Local","Up","2899.00","0.00"," "
"17/09/2023 03:00:00","SCA|NO2","mFRR","Local","Down","2603.00","0.00"," "
"17/09/2023 04:00:00","SCA|NO2","mFRR","Local","Up","2879.00","0.00"," "
"17/09/2023 04:00:00","SCA|NO2","mFRR","Local","Down","2647.00","0.00"," "
"17/09/2023 05:00:00","SCA|NO2","mFRR","Local","Up","2750.00","0.00"," "
"17/09/2023 05:00:00","SCA|NO2","mFRR","Local","Down","2622.00","0.00"," "
"17/09/2023 06:00:00","SCA|NO2","mFRR","Local","Up","2740.00","0.00"," "
"17/09/2023 06:00:00","SCA|NO2","mFRR","Local","Down","2621.00","0.00"," "
"17/09/2023 07:00:00","SCA|NO2","mFRR","Local","Up","2683.00","0.00"," "
"17/09/2023 07:00:00","SCA|NO2","mFRR","Local","Down","2673.00","0.00"," "
"17/09/2023 08:00:00","SCA|NO2","mFRR","Local","Up","2750.00","0.00"," "
"17/09/2023 08:00:00","SCA|NO2","mFRR","Local","Down","2669.00","0.00"," "
"17/09/2023 09:00:00","SCA|NO2","mFRR","Local","Up","2715.50","0.00"," "
"17/09/2023 09:00:00","SCA|NO2","mFRR","Local","Down","2616.50","0.00"," "
"17/09/2023 10:00:00","SCA|NO2","mFRR","Local","Up","2887.50","0.00"," "
"17/09/2023 10:00:00","SCA|NO2","mFRR","Local","Down","2045.00","0.00"," "
"17/09/2023 11:00:00","SCA|NO2","mFRR","Local","Up","3709.75","0.00"," "
"17/09/2023 11:00:00","SCA|NO2","mFRR","Local","Down","1465.00","0.00"," "
"17/09/2023 12:00:00","SCA|NO2","mFRR","Local","Up","4174.75","0.00"," "
"17/09/2023 12:00:00","SCA|NO2","mFRR","Local","Down","1170.50","0.00"," "
"17/09/2023 13:00:00","SCA|NO2","mFRR","Local","Up","5054.50","0.00"," "
"17/09/2023 13:00:00","SCA|NO2","mFRR","Local","Down","224.00","0.00"," "
"17/09/2023 14:00:00","SCA|NO2","mFRR","Local","Up","4748.00","0.00"," "
"17/09/2023 14:00:00","SCA|NO2","mFRR","Local","Down","674.75","0.00"," "
"17/09/2023 15:00:00","SCA|NO2","mFRR","Local","Up","3636.50","443.00"," "
"17/09/2023 15:00:00","SCA|NO2","mFRR","Local","Down","1535.50","0.00"," "
"17/09/2023 16:00:00","SCA|NO2","mFRR","Local","Up","2667.00","406.25"," "
"17/09/2023 16:00:00","SCA|NO2","mFRR","Local","Down","2344.75","0.00"," "
"17/09/2023 17:00:00","SCA|NO2","mFRR","Local","Up","2257.75","0.00"," "
"17/09/2023 17:00:00","SCA|NO2","mFRR","Local","Down","3012.00","0.00"," "
"17/09/2023 18:00:00","SCA|NO2","mFRR","Local","Up","2312.00","0.00"," "
"17/09/2023 18:00:00","SCA|NO2","mFRR","Local","Down","3012.00","0.00"," "
"17/09/2023 19:00:00","SCA|NO2","mFRR","Local","Up","2690.00","0.00"," "
"17/09/2023 19:00:00","SCA|NO2","mFRR","Local","Down","2650.00","0.00"," "
"17/09/2023 20:00:00","SCA|NO2","mFRR","Local","Up","3299.00","0.00"," "
"17/09/2023 20:00:00","SCA|NO2","mFRR","Local","Down","1979.00","0.00"," "
"17/09/2023 21:00:00","SCA|NO2","mFRR","Local","Up","3955.75","0.00"," "
"17/09/2023 21:00:00","SCA|NO2","mFRR","Local","Down","1238.25","0.00"," "
"17/09/2023 22:00:00","SCA|NO2","mFRR","Local","Up","4177.00","0.00"," "
"17/09/2023 22:00:00","SCA|NO2","mFRR","Local","Down","873.00","0.00"," "
"17/09/2023 23:00:00","SCA|NO2","mFRR","Local","Up","4665.75","0.00"," "
"17/09/2023 23:00:00","SCA|NO2","mFRR","Local","Down","507.00","0.00"," "
"18/09/2023 00:00:00","SCA|NO2","mFRR","Local","Up","5079.75","0.00"," "
"18/09/2023 00:00:00","SCA|NO2","mFRR","Local","Down","252.00","0.00"," "
"18/09/2023 01:00:00","SCA|NO2","mFRR","Local","Up","5174.00","0.00"," "
"18/09/2023 01:00:00","SCA|NO2","mFRR","Local","Down","249.00","0.00"," "
"18/09/2023 02:00:00","SCA|NO2","mFRR","Local","Up","5178.00","0.00"," "
"18/09/2023 02:00:00","SCA|NO2","mFRR","Local","Down","262.00","0.00"," "
"18/09/2023 03:00:00","SCA|NO2","mFRR","Local","Up","5183.00","0.00"," "
"18/09/2023 03:00:00","SCA|NO2","mFRR","Local","Down","274.00","10.00"," "
"18/09/2023 04:00:00","SCA|NO2","mFRR","Local","Up","5178.00","0.00"," "
"18/09/2023 04:00:00","SCA|NO2","mFRR","Local","Down","289.00","20.00"," "
"18/09/2023 05:00:00","SCA|NO2","mFRR","Local","Up","5067.00","0.00"," "
"18/09/2023 05:00:00","SCA|NO2","mFRR","Local","Down","305.00","72.00"," "
"18/09/2023 06:00:00","SCA|NO2","mFRR","Local","Up","4940.00","0.00"," "
"18/09/2023 06:00:00","SCA|NO2","mFRR","Local","Down","385.75","142.75"," "
"18/09/2023 07:00:00","SCA|NO2","mFRR","Local","Up","4777.00","0.00"," "
"18/09/2023 07:00:00","SCA|NO2","mFRR","Local","Down","450.75","138.25"," "
"18/09/2023 08:00:00","SCA|NO2","mFRR","Local","Up","4769.00","0.00"," "
"18/09/2023 08:00:00","SCA|NO2","mFRR","Local","Down","549.00","308.00"," "
"18/09/2023 09:00:00","SCA|NO2","mFRR","Local","Up","4952.00","0.00"," "
"18/09/2023 09:00:00","SCA|NO2","mFRR","Local","Down","399.00","151.00"," "
"18/09/2023 10:00:00","SCA|NO2","mFRR","Local","Up","4946.00","0.00"," "
"18/09/2023 10:00:00","SCA|NO2","mFRR","Local","Down","339.00","87.00"," "
"18/09/2023 11:00:00","SCA|NO2","mFRR","Local","Up","4974.00","0.00"," "
"18/09/2023 11:00:00","SCA|NO2","mFRR","Local","Down","322.00","68.00"," "
"18/09/2023 12:00:00","SCA|NO2","mFRR","Local","Up","4948.00","0.00"," "
"18/09/2023 12:00:00","SCA|NO2","mFRR","Local","Down","353.00","101.00"," "
"18/09/2023 13:00:00","SCA|NO2","mFRR","Local","Up","4717.00","0.00"," "
"18/09/2023 13:00:00","SCA|NO2","mFRR","Local","Down","364.00","93.00"," "
"18/09/2023 14:00:00","SCA|NO2","mFRR","Local","Up","4728.00","0.00"," "
"18/09/2023 14:00:00","SCA|NO2","mFRR","Local","Down","350.00","40.00"," "
"18/09/2023 15:00:00","SCA|NO2","mFRR","Local","Up","4660.00","0.00"," "
"18/09/2023 15:00:00","SCA|NO2","mFRR","Local","Down","420.00","0.00"," "
"18/09/2023 16:00:00","SCA|NO2","mFRR","Local","Up","4152.00","0.00"," "
"18/09/2023 16:00:00","SCA|NO2","mFRR","Local","Down","759.00","26.50"," "
"18/09/2023 17:00:00","SCA|NO2","mFRR","Local","Up","4052.75","0.00"," "
"18/09/2023 17:00:00","SCA|NO2","mFRR","Local","Down","798.00","223.00"," "
"18/09/2023 18:00:00","SCA|NO2","mFRR","Local","Up","4097.00","0.00"," "
"18/09/2023 18:00:00","SCA|NO2","mFRR","Local","Down","1085.00","539.00"," "
"18/09/2023 19:00:00","SCA|NO2","mFRR","Local","Up","4130.00","0.00"," "
"18/09/2023 19:00:00","SCA|NO2","mFRR","Local","Down","1233.00","636.00"," "
"18/09/2023 20:00:00","SCA|NO2","mFRR","Local","Up","4193.00","0.00"," "
"18/09/2023 20:00:00","SCA|NO2","mFRR","Local","Down","1178.00","609.00"," "
"18/09/2023 21:00:00","SCA|NO2","mFRR","Local","Up","4481.75","0.00"," "
"18/09/2023 21:00:00","SCA|NO2","mFRR","Local","Down","830.00","379.75"," "
"18/09/2023 22:00:00","SCA|NO2","mFRR","Local","Up","4830.75","0.00"," "
"18/09/2023 22:00:00","SCA|NO2","mFRR","Local","Down","705.00","207.50"," "
"18/09/2023 23:00:00","SCA|NO2","mFRR","Local","Up","5068.00","0.00"," "
"18/09/2023 23:00:00","SCA|NO2","mFRR","Local","Down","537.00","132.00"," "
"19/09/2023 00:00:00","SCA|NO2","mFRR","Local","Up","5090.00","37.50"," "
"19/09/2023 00:00:00","SCA|NO2","mFRR","Local","Down","965.00","0.00"," "
"19/09/2023 01:00:00","SCA|NO2","mFRR","Local","Up","5163.00","70.00"," "
"19/09/2023 01:00:00","SCA|NO2","mFRR","Local","Down","861.00","0.00"," "
"19/09/2023 02:00:00","SCA|NO2","mFRR","Local","Up","5452.00","70.00"," "
"19/09/2023 02:00:00","SCA|NO2","mFRR","Local","Down","520.00","0.00"," "
"19/09/2023 03:00:00","SCA|NO2","mFRR","Local","Up","5461.00","52.50"," "
"19/09/2023 03:00:00","SCA|NO2","mFRR","Local","Down","443.00","0.00"," "
"19/09/2023 04:00:00","SCA|NO2","mFRR","Local","Up","5309.00","0.00"," "
"19/09/2023 04:00:00","SCA|NO2","mFRR","Local","Down","487.00","0.00"," "
"19/09/2023 05:00:00","SCA|NO2","mFRR","Local","Up","5203.00","72.00"," "
"19/09/2023 05:00:00","SCA|NO2","mFRR","Local","Down","544.00","0.00"," "
"19/09/2023 06:00:00","SCA|NO2","mFRR","Local","Up","4637.00","85.00"," "
"19/09/2023 06:00:00","SCA|NO2","mFRR","Local","Down","1100.00","0.00"," "
"19/09/2023 07:00:00","SCA|NO2","mFRR","Local","Up","4438.75","120.00"," "
"19/09/2023 07:00:00","SCA|NO2","mFRR","Local","Down","1119.00","0.00"," "
"19/09/2023 08:00:00","SCA|NO2","mFRR","Local","Up","4277.00","50.00"," "
"19/09/2023 08:00:00","SCA|NO2","mFRR","Local","Down","1327.00","0.00"," "
"19/09/2023 09:00:00","SCA|NO2","mFRR","Local","Up","4397.50","50.00"," "
"19/09/2023 09:00:00","SCA|NO2","mFRR","Local","Down","1129.00","0.00"," "
"19/09/2023 10:00:00","SCA|NO2","mFRR","Local","Up","5014.00","190.00"," "
"19/09/2023 10:00:00","SCA|NO2","mFRR","Local","Down","717.00","0.00"," "
"19/09/2023 11:00:00","SCA|NO2","mFRR","Local","Up","4683.00","54.00"," "
"19/09/2023 11:00:00","SCA|NO2","mFRR","Local","Down","642.25","0.00"," "
"19/09/2023 12:00:00","SCA|NO2","mFRR","Local","Up","4481.00","0.00"," "
"19/09/2023 12:00:00","SCA|NO2","mFRR","Local","Down","598.00","0.00"," "
"19/09/2023 13:00:00","SCA|NO2","mFRR","Local","Up","4882.00","0.00"," "
"19/09/2023 13:00:00","SCA|NO2","mFRR","Local","Down","438.00","0.00"," "
"19/09/2023 14:00:00","SCA|NO2","mFRR","Local","Up","4901.00","0.00"," "
"19/09/2023 14:00:00","SCA|NO2","mFRR","Local","Down","532.00","0.00"," "
"19/09/2023 15:00:00","SCA|NO2","mFRR","Local","Up","4983.00","70.00"," "
"19/09/2023 15:00:00","SCA|NO2","mFRR","Local","Down","706.25","0.00"," "
"19/09/2023 16:00:00","SCA|NO2","mFRR","Local","Up","4184.25","72.00"," "
"19/09/2023 16:00:00","SCA|NO2","mFRR","Local","Down","1316.00","0.00"," "
"19/09/2023 17:00:00","SCA|NO2","mFRR","Local","Up","3964.00","50.00"," "
"19/09/2023 17:00:00","SCA|NO2","mFRR","Local","Down","1697.00","0.00"," "
"19/09/2023 18:00:00","SCA|NO2","mFRR","Local","Up","3928.00","50.00"," "
"19/09/2023 18:00:00","SCA|NO2","mFRR","Local","Down","1696.00","0.00"," "
"19/09/2023 19:00:00","SCA|NO2","mFRR","Local","Up","4320.50","140.00"," "
"19/09/2023 19:00:00","SCA|NO2","mFRR","Local","Down","1452.00","0.00"," "
"19/09/2023 20:00:00","SCA|NO2","mFRR","Local","Up","4485.00","138.75"," "
"19/09/2023 20:00:00","SCA|NO2","mFRR","Local","Down","1387.00","0.00"," "
"19/09/2023 21:00:00","SCA|NO2","mFRR","Local","Up","4574.75","16.50"," "
"19/09/2023 21:00:00","SCA|NO2","mFRR","Local","Down","1303.00","0.00"," "
"19/09/2023 22:00:00","SCA|NO2","mFRR","Local","Up","4827.00","0.00"," "
"19/09/2023 22:00:00","SCA|NO2","mFRR","Local","Down","1076.00","0.00"," "
"19/09/2023 23:00:00","SCA|NO2","mFRR","Local","Up","4989.00","185.00"," "
"19/09/2023 23:00:00","SCA|NO2","mFRR","Local","Down","960.00","0.00"," "
"20/09/2023 00:00:00","SCA|NO2","mFRR","Local","Up","4743.00","0.00"," "
"20/09/2023 00:00:00","SCA|NO2","mFRR","Local","Down","600.00","0.00"," "
"20/09/2023 01:00:00","SCA|NO2","mFRR","Local","Up","4828.00","0.00"," "
"20/09/2023 01:00:00","SCA|NO2","mFRR","Local","Down","525.00","0.00"," "
"20/09/2023 02:00:00","SCA|NO2","mFRR","Local","Up","4873.00","0.00"," "
"20/09/2023 02:00:00","SCA|NO2","mFRR","Local","Down","511.00","0.00"," "
"20/09/2023 03:00:00","SCA|NO2","mFRR","Local","Up","4599.00","0.00"," "
"20/09/2023 03:00:00","SCA|NO2","mFRR","Local","Down","751.00","73.75"," "
"20/09/2023 04:00:00","SCA|NO2","mFRR","Local","Up","4100.00","0.00"," "
"20/09/2023 04:00:00","SCA|NO2","mFRR","Local","Down","1223.00","132.00"," "
"20/09/2023 05:00:00","SCA|NO2","mFRR","Local","Up","4128.00","0.00"," "
"20/09/2023 05:00:00","SCA|NO2","mFRR","Local","Down","1225.00","99.00"," "
"20/09/2023 06:00:00","SCA|NO2","mFRR","Local","Up","4052.00","0.00"," "
"20/09/2023 06:00:00","SCA|NO2","mFRR","Local","Down","1350.00","99.00"," "
"20/09/2023 07:00:00","SCA|NO2","mFRR","Local","Up","3955.00","6.75"," "
"20/09/2023 07:00:00","SCA|NO2","mFRR","Local","Down","1395.00","0.00"," "
"20/09/2023 08:00:00","SCA|NO2","mFRR","Local","Up","3955.00","27.00"," "
"20/09/2023 08:00:00","SCA|NO2","mFRR","Local","Down","1456.00","0.00"," "
"20/09/2023 09:00:00","SCA|NO2","mFRR","Local","Up","4042.00","82.00"," "
"20/09/2023 09:00:00","SCA|NO2","mFRR","Local","Down","1371.00","0.00"," "
"20/09/2023 10:00:00","SCA|NO2","mFRR","Local","Up","4234.00","27.50"," "
"20/09/2023 10:00:00","SCA|NO2","mFRR","Local","Down","1212.00","0.00"," "
"20/09/2023 11:00:00","SCA|NO2","mFRR","Local","Up","4219.00","0.00"," "
"20/09/2023 11:00:00","SCA|NO2","mFRR","Local","Down","1169.00","0.00"," "
"20/09/2023 12:00:00","SCA|NO2","mFRR","Local","Up","4341.00","0.00"," "
"20/09/2023 12:00:00","SCA|NO2","mFRR","Local","Down","1051.00","0.00"," "
"20/09/2023 13:00:00","SCA|NO2","mFRR","Local","Up","4684.00","43.00"," "
"20/09/2023 13:00:00","SCA|NO2","mFRR","Local","Down","706.00","0.00"," "
"20/09/2023 14:00:00","SCA|NO2","mFRR","Local","Up","4557.00","137.50"," "
"20/09/2023 14:00:00","SCA|NO2","mFRR","Local","Down","840.00","0.00"," "
"20/09/2023 15:00:00","SCA|NO2","mFRR","Local","Up","4293.00","55.00"," "
"20/09/2023 15:00:00","SCA|NO2","mFRR","Local","Down","1201.00","0.00"," "
"20/09/2023 16:00:00","SCA|NO2","mFRR","Local","Up","4053.25","229.75"," "
"20/09/2023 16:00:00","SCA|NO2","mFRR","Local","Down","1447.00","0.00"," "
"20/09/2023 17:00:00","SCA|NO2","mFRR","Local","Up","3994.00","262.00"," "
"20/09/2023 17:00:00","SCA|NO2","mFRR","Local","Down","1567.00","0.00"," "
"20/09/2023 18:00:00","SCA|NO2","mFRR","Local","Up","3847.50","214.50"," "
"20/09/2023 18:00:00","SCA|NO2","mFRR","Local","Down","1592.00","0.00"," "
"20/09/2023 19:00:00","SCA|NO2","mFRR","Local","Up","3936.00","177.00"," "
"20/09/2023 19:00:00","SCA|NO2","mFRR","Local","Down","1661.00","0.00"," "
"20/09/2023 20:00:00","SCA|NO2","mFRR","Local","Up","3877.75","0.00"," "
"20/09/2023 20:00:00","SCA|NO2","mFRR","Local","Down","1659.00","0.00"," "
"20/09/2023 21:00:00","SCA|NO2","mFRR","Local","Up","4104.50","0.00"," "
"20/09/2023 21:00:00","SCA|NO2","mFRR","Local","Down","1449.00","0.00"," "
"20/09/2023 22:00:00","SCA|NO2","mFRR","Local","Up","4249.75","0.00"," "
"20/09/2023 22:00:00","SCA|NO2","mFRR","Local","Down","1499.00","0.00"," "
"20/09/2023 23:00:00","SCA|NO2","mFRR","Local","Up","4262.00","0.00"," "
"20/09/2023 23:00:00","SCA|NO2","mFRR","Local","Down","1493.00","0.00"," "
"21/09/2023 00:00:00","SCA|NO2","mFRR","Local","Up","4695.00","0.00"," "
"21/09/2023 00:00:00","SCA|NO2","mFRR","Local","Down","1343.00","0.00"," "
"21/09/2023 01:00:00","SCA|NO2","mFRR","Local","Up","4771.00","0.00"," "
"21/09/2023 01:00:00","SCA|NO2","mFRR","Local","Down","1351.00","0.00"," "
"21/09/2023 02:00:00","SCA|NO2","mFRR","Local","Up","4763.00","0.00"," "
"21/09/2023 02:00:00","SCA|NO2","mFRR","Local","Down","1349.00","0.00"," "
"21/09/2023 03:00:00","SCA|NO2","mFRR","Local","Up","4771.00","0.00"," "
"21/09/2023 03:00:00","SCA|NO2","mFRR","Local","Down","1330.00","0.00"," "
"21/09/2023 04:00:00","SCA|NO2","mFRR","Local","Up","4669.00","0.00"," "
"21/09/2023 04:00:00","SCA|NO2","mFRR","Local","Down","1406.00","0.00"," "
"21/09/2023 05:00:00","SCA|NO2","mFRR","Local","Up","4530.00","0.00"," "
"21/09/2023 05:00:00","SCA|NO2","mFRR","Local","Down","1391.00","0.00"," "
"21/09/2023 06:00:00","SCA|NO2","mFRR","Local","Up","4301.00","0.00"," "
"21/09/2023 06:00:00","SCA|NO2","mFRR","Local","Down","1323.00","0.00"," "
"21/09/2023 07:00:00","SCA|NO2","mFRR","Local","Up","3885.50","0.00"," "
"21/09/2023 07:00:00","SCA|NO2","mFRR","Local","Down","1519.00","0.00"," "
"21/09/2023 08:00:00","SCA|NO2","mFRR","Local","Up","3760.00","0.00"," "
"21/09/2023 08:00:00","SCA|NO2","mFRR","Local","Down","1509.00","0.00"," "
"21/09/2023 09:00:00","SCA|NO2","mFRR","Local","Up","3886.00","0.00"," "
"21/09/2023 09:00:00","SCA|NO2","mFRR","Local","Down","1506.00","0.00"," "
"21/09/2023 10:00:00","SCA|NO2","mFRR","Local","Up","4120.00","25.00"," "
"21/09/2023 10:00:00","SCA|NO2","mFRR","Local","Down","1286.00","0.00"," "
"21/09/2023 11:00:00","SCA|NO2","mFRR","Local","Up","4115.50","0.00"," "
"21/09/2023 11:00:00","SCA|NO2","mFRR","Local","Down","1185.00","0.00"," "
"21/09/2023 12:00:00","SCA|NO2","mFRR","Local","Up","4213.00","0.00"," "
"21/09/2023 12:00:00","SCA|NO2","mFRR","Local","Down","1155.00","22.00"," "
"21/09/2023 13:00:00","SCA|NO2","mFRR","Local","Up","3876.00","0.00"," "
"21/09/2023 13:00:00","SCA|NO2","mFRR","Local","Down","1411.00","32.00"," "
"21/09/2023 14:00:00","SCA|NO2","mFRR","Local","Up","3930.00","0.00"," "
"21/09/2023 14:00:00","SCA|NO2","mFRR","Local","Down","1403.00","21.00"," "
"21/09/2023 15:00:00","SCA|NO2","mFRR","Local","Up","3477.00","0.00"," "
"21/09/2023 15:00:00","SCA|NO2","mFRR","Local","Down","1886.00","102.00"," "
"21/09/2023 16:00:00","SCA|NO2","mFRR","Local","Up","3097.00","0.00"," "
"21/09/2023 16:00:00","SCA|NO2","mFRR","Local","Down","2319.00","0.00"," "
"21/09/2023 17:00:00","SCA|NO2","mFRR","Local","Up","2979.00","0.00"," "
"21/09/2023 17:00:00","SCA|NO2","mFRR","Local","Down","2508.00","0.00"," "
"21/09/2023 18:00:00","SCA|NO2","mFRR","Local","Up","2676.00","0.00"," "
"21/09/2023 18:00:00","SCA|NO2","mFRR","Local","Down","2311.00","34.50"," "
"21/09/2023 19:00:00","SCA|NO2","mFRR","Local","Up","2920.00","0.00"," "
"21/09/2023 19:00:00","SCA|NO2","mFRR","Local","Down","2303.00","224.00"," "
"21/09/2023 20:00:00","SCA|NO2","mFRR","Local","Up","2894.00","0.00"," "
"21/09/2023 20:00:00","SCA|NO2","mFRR","Local","Down","2409.00","136.00"," "
"21/09/2023 21:00:00","SCA|NO2","mFRR","Local","Up","2888.00","0.00"," "
"21/09/2023 21:00:00","SCA|NO2","mFRR","Local","Down","2336.00","123.00"," "
"21/09/2023 22:00:00","SCA|NO2","mFRR","Local","Up","2969.00","0.00"," "
"21/09/2023 22:00:00","SCA|NO2","mFRR","Local","Down","2186.00","295.00"," "
"21/09/2023 23:00:00","SCA|NO2","mFRR","Local","Up","3075.00","0.00"," "
"21/09/2023 23:00:00","SCA|NO2","mFRR","Local","Down","2097.00","409.50"," "
"22/09/2023 00:00:00","SCA|NO2","mFRR","Local","Up","3211.00","0.00"," "
"22/09/2023 00:00:00","SCA|NO2","mFRR","Local","Down","1892.00","119.00"," "
"22/09/2023 01:00:00","SCA|NO2","mFRR","Local","Up","3353.00","0.00"," "
"22/09/2023 01:00:00","SCA|NO2","mFRR","Local","Down","1794.00","206.00"," "
"22/09/2023 02:00:00","SCA|NO2","mFRR","Local","Up","3320.00","0.00"," "
"22/09/2023 02:00:00","SCA|NO2","mFRR","Local","Down","1838.00","243.00"," "
"22/09/2023 03:00:00","SCA|NO2","mFRR","Local","Up","3309.00","0.00"," "
"22/09/2023 03:00:00","SCA|NO2","mFRR","Local","Down","1840.00","249.00"," "
"22/09/2023 04:00:00","SCA|NO2","mFRR","Local","Up","3305.00","0.00"," "
"22/09/2023 04:00:00","SCA|NO2","mFRR","Local","Down","1819.00","246.50"," "
"22/09/2023 05:00:00","SCA|NO2","mFRR","Local","Up","3262.50","0.00"," "
"22/09/2023 05:00:00","SCA|NO2","mFRR","Local","Down","2057.50","461.00"," "
"22/09/2023 06:00:00","SCA|NO2","mFRR","Local","Up","3186.50","0.00"," "
"22/09/2023 06:00:00","SCA|NO2","mFRR","Local","Down","2135.00","138.00"," "
"22/09/2023 07:00:00","SCA|NO2","mFRR","Local","Up","2771.00","0.00"," "
"22/09/2023 07:00:00","SCA|NO2","mFRR","Local","Down","2386.00","0.00"," "
"22/09/2023 08:00:00","SCA|NO2","mFRR","Local","Up","2698.00","0.00"," "
"22/09/2023 08:00:00","SCA|NO2","mFRR","Local","Down","2434.00","0.00"," "
"22/09/2023 09:00:00","SCA|NO2","mFRR","Local","Up","2780.00","103.00"," "
"22/09/2023 09:00:00","SCA|NO2","mFRR","Local","Down","2382.00","0.00"," "
"22/09/2023 10:00:00","SCA|NO2","mFRR","Local","Up","2820.00","103.00"," "
"22/09/2023 10:00:00","SCA|NO2","mFRR","Local","Down","2492.00","0.00"," "
"22/09/2023 11:00:00","SCA|NO2","mFRR","Local","Up","2839.00","0.00"," "
"22/09/2023 11:00:00","SCA|NO2","mFRR","Local","Down","2433.00","0.00"," "
"22/09/2023 12:00:00","SCA|NO2","mFRR","Local","Up","2910.00","0.00"," "
"22/09/2023 12:00:00","SCA|NO2","mFRR","Local","Down","2231.00","0.00"," "
"22/09/2023 13:00:00","SCA|NO2","mFRR","Local","Up","2919.00","0.00"," "
"22/09/2023 13:00:00","SCA|NO2","mFRR","Local","Down","2218.00","0.00"," "
"22/09/2023 14:00:00","SCA|NO2","mFRR","Local","Up","2912.00","0.00"," "
"22/09/2023 14:00:00","SCA|NO2","mFRR","Local","Down","2276.00","0.00"," "
"22/09/2023 15:00:00","SCA|NO2","mFRR","Local","Up","2729.00","0.00"," "
"22/09/2023 15:00:00","SCA|NO2","mFRR","Local","Down","2647.00","147.00"," "
"22/09/2023 16:00:00","SCA|NO2","mFRR","Local","Up","2760.75","0.00"," "
"22/09/2023 16:00:00","SCA|NO2","mFRR","Local","Down","2438.25","357.50"," "
"22/09/2023 17:00:00","SCA|NO2","mFRR","Local","Up","3163.25","0.00"," "
"22/09/2023 17:00:00","SCA|NO2","mFRR","Local","Down","2186.75","98.50"," "
"22/09/2023 18:00:00","SCA|NO2","mFRR","Local","Up","2201.00","0.00"," "
"22/09/2023 18:00:00","SCA|NO2","mFRR","Local","Down","2700.50","290.50"," "
"22/09/2023 19:00:00","SCA|NO2","mFRR","Local","Up","1651.50","0.00"," "
"22/09/2023 19:00:00","SCA|NO2","mFRR","Local","Down","2976.50","514.00"," "
"22/09/2023 20:00:00","SCA|NO2","mFRR","Local","Up","1610.00","0.00"," "
"22/09/2023 20:00:00","SCA|NO2","mFRR","Local","Down","2850.00","439.75"," "
"22/09/2023 21:00:00","SCA|NO2","mFRR","Local","Up","1731.00","0.00"," "
"22/09/2023 21:00:00","SCA|NO2","mFRR","Local","Down","2813.00","0.00"," "
"22/09/2023 22:00:00","SCA|NO2","mFRR","Local","Up","1791.00","0.00"," "
"22/09/2023 22:00:00","SCA|NO2","mFRR","Local","Down","3005.00","0.00"," "
"22/09/2023 23:00:00","SCA|NO2","mFRR","Local","Up","1596.00","0.00"," "
"22/09/2023 23:00:00","SCA|NO2","mFRR","Local","Down","2864.50","0.00"," "
"23/09/2023 00:00:00","SCA|NO2","mFRR","Local","Up","1810.50","0.00"," "
"23/09/2023 00:00:00","SCA|NO2","mFRR","Local","Down","2750.00","0.00"," "
"23/09/2023 01:00:00","SCA|NO2","mFRR","Local","Up","1872.00","0.00"," "
"23/09/2023 01:00:00","SCA|NO2","mFRR","Local","Down","2758.00","0.00"," "
"23/09/2023 02:00:00","SCA|NO2","mFRR","Local","Up","1881.00","0.00"," "
"23/09/2023 02:00:00","SCA|NO2","mFRR","Local","Down","2740.00","0.00"," "
"23/09/2023 03:00:00","SCA|NO2","mFRR","Local","Up","1894.00","0.00"," "
"23/09/2023 03:00:00","SCA|NO2","mFRR","Local","Down","2732.00","0.00"," "
"23/09/2023 04:00:00","SCA|NO2","mFRR","Local","Up","1893.00","0.00"," "
"23/09/2023 04:00:00","SCA|NO2","mFRR","Local","Down","2724.00","0.00"," "
"23/09/2023 05:00:00","SCA|NO2","mFRR","Local","Up","1862.00","0.00"," "
"23/09/2023 05:00:00","SCA|NO2","mFRR","Local","Down","2692.00","0.00"," "
"23/09/2023 06:00:00","SCA|NO2","mFRR","Local","Up","1863.00","0.00"," "
"23/09/2023 06:00:00","SCA|NO2","mFRR","Local","Down","2713.00","0.00"," "
"23/09/2023 07:00:00","SCA|NO2","mFRR","Local","Up","1840.00","0.00"," "
"23/09/2023 07:00:00","SCA|NO2","mFRR","Local","Down","2712.00","63.75"," "
"23/09/2023 08:00:00","SCA|NO2","mFRR","Local","Up","1841.00","0.00"," "
"23/09/2023 08:00:00","SCA|NO2","mFRR","Local","Down","2587.00","92.00"," "
"23/09/2023 09:00:00","SCA|NO2","mFRR","Local","Up","1845.00","0.00"," "
"23/09/2023 09:00:00","SCA|NO2","mFRR","Local","Down","2555.00","0.00"," "
"23/09/2023 10:00:00","SCA|NO2","mFRR","Local","Up","1915.00","0.00"," "
"23/09/2023 10:00:00","SCA|NO2","mFRR","Local","Down","2447.00","0.00"," "
"23/09/2023 11:00:00","SCA|NO2","mFRR","Local","Up","1918.00","0.00"," "
"23/09/2023 11:00:00","SCA|NO2","mFRR","Local","Down","2399.00","65.25"," "
"23/09/2023 12:00:00","SCA|NO2","mFRR","Local","Up","2015.00","0.00"," "
"23/09/2023 12:00:00","SCA|NO2","mFRR","Local","Down","2263.00","377.50"," "
"23/09/2023 13:00:00","SCA|NO2","mFRR","Local","Up","2320.00","0.00"," "
"23/09/2023 13:00:00","SCA|NO2","mFRR","Local","Down","1792.00","287.25"," "
"23/09/2023 14:00:00","SCA|NO2","mFRR","Local","Up","2331.00","0.00"," "
"23/09/2023 14:00:00","SCA|NO2","mFRR","Local","Down","1542.00","98.00"," "
"23/09/2023 15:00:00","SCA|NO2","mFRR","Local","Up","2229.00","0.00"," "
"23/09/2023 15:00:00","SCA|NO2","mFRR","Local","Down","1690.00","217.00"," "
"23/09/2023 16:00:00","SCA|NO2","mFRR","Local","Up","1948.00","0.00"," "
"23/09/2023 16:00:00","SCA|NO2","mFRR","Local","Down","2198.00","0.00"," "
"23/09/2023 17:00:00","SCA|NO2","mFRR","Local","Up","1878.00","0.00"," "
"23/09/2023 17:00:00","SCA|NO2","mFRR","Local","Down","2457.00","0.00"," "
"23/09/2023 18:00:00","SCA|NO2","mFRR","Local","Up","1907.00","0.00"," "
"23/09/2023 18:00:00","SCA|NO2","mFRR","Local","Down","2438.00","0.00"," "
"23/09/2023 19:00:00","SCA|NO2","mFRR","Local","Up","1908.00","0.00"," "
"23/09/2023 19:00:00","SCA|NO2","mFRR","Local","Down","2483.00","0.00"," "
"23/09/2023 20:00:00","SCA|NO2","mFRR","Local","Up","1825.00","0.00"," "
"23/09/2023 20:00:00","SCA|NO2","mFRR","Local","Down","2526.00","0.00"," "
"23/09/2023 21:00:00","SCA|NO2","mFRR","Local","Up","1821.00","0.00"," "
"23/09/2023 21:00:00","SCA|NO2","mFRR","Local","Down","2484.00","105.00"," "
"23/09/2023 22:00:00","SCA|NO2","mFRR","Local","Up","1828.00","0.00"," "
"23/09/2023 22:00:00","SCA|NO2","mFRR","Local","Down","2452.00","83.00"," "
"23/09/2023 23:00:00","SCA|NO2","mFRR","Local","Up","1826.00","0.00"," "
"23/09/2023 23:00:00","SCA|NO2","mFRR","Local","Down","2458.00","223.00"," "
"24/09/2023 00:00:00","SCA|NO2","mFRR","Local","Up","2253.00","0.00"," "
"24/09/2023 00:00:00","SCA|NO2","mFRR","Local","Down","2308.00","0.00"," "
"24/09/2023 01:00:00","SCA|NO2","mFRR","Local","Up","2342.00","0.00"," "
"24/09/2023 01:00:00","SCA|NO2","mFRR","Local","Down","2330.00","0.00"," "
"24/09/2023 02:00:00","SCA|NO2","mFRR","Local","Up","2341.00","0.00"," "
"24/09/2023 02:00:00","SCA|NO2","mFRR","Local","Down","2328.00","0.00"," "
"24/09/2023 03:00:00","SCA|NO2","mFRR","Local","Up","2663.00","0.00"," "
"24/09/2023 03:00:00","SCA|NO2","mFRR","Local","Down","1968.00","0.00"," "
"24/09/2023 04:00:00","SCA|NO2","mFRR","Local","Up","3043.00","0.00"," "
"24/09/2023 04:00:00","SCA|NO2","mFRR","Local","Down","1594.00","0.00"," "
"24/09/2023 05:00:00","SCA|NO2","mFRR","Local","Up","3031.75","0.00"," "
"24/09/2023 05:00:00","SCA|NO2","mFRR","Local","Down","1458.00","0.00"," "
"24/09/2023 06:00:00","SCA|NO2","mFRR","Local","Up","2699.00","0.00"," "
"24/09/2023 06:00:00","SCA|NO2","mFRR","Local","Down","1873.00","0.00"," "
"24/09/2023 07:00:00","SCA|NO2","mFRR","Local","Up","2403.00","0.00"," "
"24/09/2023 07:00:00","SCA|NO2","mFRR","Local","Down","2082.00","523.75"," "
"24/09/2023 08:00:00","SCA|NO2","mFRR","Local","Up","1804.25","0.00"," "
"24/09/2023 08:00:00","SCA|NO2","mFRR","Local","Down","2548.00","519.25"," "
"24/09/2023 09:00:00","SCA|NO2","mFRR","Local","Up","2316.00","0.00"," "
"24/09/2023 09:00:00","SCA|NO2","mFRR","Local","Down","2272.00","0.00"," "
"24/09/2023 10:00:00","SCA|NO2","mFRR","Local","Up","3444.25","0.00"," "
"24/09/2023 10:00:00","SCA|NO2","mFRR","Local","Down","1134.25","0.00"," "
"24/09/2023 11:00:00","SCA|NO2","mFRR","Local","Up","3896.00","0.00"," "
"24/09/2023 11:00:00","SCA|NO2","mFRR","Local","Down","954.25","34.00"," "
"24/09/2023 12:00:00","SCA|NO2","mFRR","Local","Up","4080.00","0.00"," "
"24/09/2023 12:00:00","SCA|NO2","mFRR","Local","Down","792.00","0.00"," "
"24/09/2023 13:00:00","SCA|NO2","mFRR","Local","Up","4265.00","0.00"," "
"24/09/2023 13:00:00","SCA|NO2","mFRR","Local","Down","694.00","29.25"," "
"24/09/2023 14:00:00","SCA|NO2","mFRR","Local","Up","4280.00","0.00"," "
"24/09/2023 14:00:00","SCA|NO2","mFRR","Local","Down","689.00","192.00"," "
"24/09/2023 15:00:00","SCA|NO2","mFRR","Local","Up","4055.00","0.00"," "
"24/09/2023 15:00:00","SCA|NO2","mFRR","Local","Down","832.00","15.00"," "
"24/09/2023 16:00:00","SCA|NO2","mFRR","Local","Up","3565.00","0.00"," "
"24/09/2023 16:00:00","SCA|NO2","mFRR","Local","Down","1316.25","78.25"," "
"24/09/2023 17:00:00","SCA|NO2","mFRR","Local","Up","2642.25","0.00"," "
"24/09/2023 17:00:00","SCA|NO2","mFRR","Local","Down","2032.50","75.50"," "
"24/09/2023 18:00:00","SCA|NO2","mFRR","Local","Up","2620.00","64.50"," "
"24/09/2023 18:00:00","SCA|NO2","mFRR","Local","Down","2088.00","0.00"," "
"24/09/2023 19:00:00","SCA|NO2","mFRR","Local","Up","2649.00","269.00"," "
"24/09/2023 19:00:00","SCA|NO2","mFRR","Local","Down","2069.00","0.00"," "
"24/09/2023 20:00:00","SCA|NO2","mFRR","Local","Up","2669.25","251.00"," "
"24/09/2023 20:00:00","SCA|NO2","mFRR","Local","Down","1977.00","280.75"," "
"24/09/2023 21:00:00","SCA|NO2","mFRR","Local","Up","2841.25","0.00"," "
"24/09/2023 21:00:00","SCA|NO2","mFRR","Local","Down","1907.00","783.00"," "
"24/09/2023 22:00:00","SCA|NO2","mFRR","Local","Up","3541.00","0.00"," "
"24/09/2023 22:00:00","SCA|NO2","mFRR","Local","Down","1590.50","501.00"," "
"24/09/2023 23:00:00","SCA|NO2","mFRR","Local","Up","3807.00","0.00"," "
"24/09/2023 23:00:00","SCA|NO2","mFRR","Local","Down","1412.00","329.00"," "
"25/09/2023 00:00:00","SCA|NO2","mFRR","Local","Up","4190.00","0.00"," "
"25/09/2023 00:00:00","SCA|NO2","mFRR","Local","Down","1039.00","0.00"," "
"25/09/2023 01:00:00","SCA|NO2","mFRR","Local","Up","4586.00","0.00"," "
"25/09/2023 01:00:00","SCA|NO2","mFRR","Local","Down","900.00","7.50"," "
"25/09/2023 02:00:00","SCA|NO2","mFRR","Local","Up","4664.00","0.00"," "
"25/09/2023 02:00:00","SCA|NO2","mFRR","Local","Down","815.75","15.00"," "
"25/09/2023 03:00:00","SCA|NO2","mFRR","Local","Up","4664.00","0.00"," "
"25/09/2023 03:00:00","SCA|NO2","mFRR","Local","Down","807.00","15.00"," "
"25/09/2023 04:00:00","SCA|NO2","mFRR","Local","Up","4664.00","0.00"," "
"25/09/2023 04:00:00","SCA|NO2","mFRR","Local","Down","799.00","11.25"," "
"25/09/2023 05:00:00","SCA|NO2","mFRR","Local","Up","4533.25","0.00"," "
"25/09/2023 05:00:00","SCA|NO2","mFRR","Local","Down","759.50","0.00"," "
"25/09/2023 06:00:00","SCA|NO2","mFRR","Local","Up","4425.00","0.00"," "
"25/09/2023 06:00:00","SCA|NO2","mFRR","Local","Down","887.00","37.00"," "
"25/09/2023 07:00:00","SCA|NO2","mFRR","Local","Up","4038.00","0.00"," "
"25/09/2023 07:00:00","SCA|NO2","mFRR","Local","Down","1024.00","0.00"," "
"25/09/2023 08:00:00","SCA|NO2","mFRR","Local","Up","4002.00","0.00"," "
"25/09/2023 08:00:00","SCA|NO2","mFRR","Local","Down","1050.00","16.50"," "
"25/09/2023 09:00:00","SCA|NO2","mFRR","Local","Up","3984.00","0.00"," "
"25/09/2023 09:00:00","SCA|NO2","mFRR","Local","Down","1119.00","137.00"," "
"25/09/2023 10:00:00","SCA|NO2","mFRR","Local","Up","4033.00","0.00"," "
"25/09/2023 10:00:00","SCA|NO2","mFRR","Local","Down","1080.00","72.00"," "
"25/09/2023 11:00:00","SCA|NO2","mFRR","Local","Up","4039.00","0.00"," "
"25/09/2023 11:00:00","SCA|NO2","mFRR","Local","Down","1125.75","0.00"," "
"25/09/2023 12:00:00","SCA|NO2","mFRR","Local","Up","4037.00","0.00"," "
"25/09/2023 12:00:00","SCA|NO2","mFRR","Local","Down","1061.00","0.00"," "
"25/09/2023 13:00:00","SCA|NO2","mFRR","Local","Up","4044.00","0.00"," "
"25/09/2023 13:00:00","SCA|NO2","mFRR","Local","Down","1023.00","90.00"," "
"25/09/2023 14:00:00","SCA|NO2","mFRR","Local","Up","4003.00","0.00"," "
"25/09/2023 14:00:00","SCA|NO2","mFRR","Local","Down","1039.00","106.75"," "
"25/09/2023 15:00:00","SCA|NO2","mFRR","Local","Up","4117.00","0.00"," "
"25/09/2023 15:00:00","SCA|NO2","mFRR","Local","Down","1181.00","173.25"," "
"25/09/2023 16:00:00","SCA|NO2","mFRR","Local","Up","3724.00","0.00"," "
"25/09/2023 16:00:00","SCA|NO2","mFRR","Local","Down","1626.00","0.00"," "
"25/09/2023 17:00:00","SCA|NO2","mFRR","Local","Up","3369.00","0.00"," "
"25/09/2023 17:00:00","SCA|NO2","mFRR","Local","Down","1965.00","0.00"," "
"25/09/2023 18:00:00","SCA|NO2","mFRR","Local","Up","3386.00","0.00"," "
"25/09/2023 18:00:00","SCA|NO2","mFRR","Local","Down","1960.00","0.00"," "
"25/09/2023 19:00:00","SCA|NO2","mFRR","Local","Up","3470.00","0.00"," "
"25/09/2023 19:00:00","SCA|NO2","mFRR","Local","Down","1973.00","0.00"," "
"25/09/2023 20:00:00","SCA|NO2","mFRR","Local","Up","3485.00","0.00"," "
"25/09/2023 20:00:00","SCA|NO2","mFRR","Local","Down","1958.00","0.00"," "
"25/09/2023 21:00:00","SCA|NO2","mFRR","Local","Up","3511.00","0.00"," "
"25/09/2023 21:00:00","SCA|NO2","mFRR","Local","Down","1929.00","0.00"," "
"25/09/2023 22:00:00","SCA|NO2","mFRR","Local","Up","3571.00","0.00"," "
"25/09/2023 22:00:00","SCA|NO2","mFRR","Local","Down","1850.00","0.00"," "
"25/09/2023 23:00:00","SCA|NO2","mFRR","Local","Up","3547.00","0.00"," "
"25/09/2023 23:00:00","SCA|NO2","mFRR","Local","Down","1844.00","0.00"," "
"26/09/2023 00:00:00","SCA|NO2","mFRR","Local","Up","3313.00","0.00"," "
"26/09/2023 00:00:00","SCA|NO2","mFRR","Local","Down","2091.00","0.00"," "
"26/09/2023 01:00:00","SCA|NO2","mFRR","Local","Up","3446.00","0.00"," "
"26/09/2023 01:00:00","SCA|NO2","mFRR","Local","Down","2172.00","0.00"," "
"26/09/2023 02:00:00","SCA|NO2","mFRR","Local","Up","3415.00","0.00"," "
"26/09/2023 02:00:00","SCA|NO2","mFRR","Local","Down","2159.00","0.00"," "
"26/09/2023 03:00:00","SCA|NO2","mFRR","Local","Up","3411.00","0.00"," "
"26/09/2023 03:00:00","SCA|NO2","mFRR","Local","Down","2148.00","0.00"," "
"26/09/2023 04:00:00","SCA|NO2","mFRR","Local","Up","3397.00","0.00"," "
"26/09/2023 04:00:00","SCA|NO2","mFRR","Local","Down","2157.00","0.00"," "
"26/09/2023 05:00:00","SCA|NO2","mFRR","Local","Up","3176.00","0.00"," "
"26/09/2023 05:00:00","SCA|NO2","mFRR","Local","Down","1949.50","0.00"," "
"26/09/2023 06:00:00","SCA|NO2","mFRR","Local","Up","3010.00","0.00"," "
"26/09/2023 06:00:00","SCA|NO2","mFRR","Local","Down","2104.00","0.00"," "
"26/09/2023 07:00:00","SCA|NO2","mFRR","Local","Up","2825.00","0.00"," "
"26/09/2023 07:00:00","SCA|NO2","mFRR","Local","Down","2091.00","0.00"," "
"26/09/2023 08:00:00","SCA|NO2","mFRR","Local","Up","2830.00","0.00"," "
"26/09/2023 08:00:00","SCA|NO2","mFRR","Local","Down","2080.00","0.00"," "
"26/09/2023 09:00:00","SCA|NO2","mFRR","Local","Up","2902.00","0.00"," "
"26/09/2023 09:00:00","SCA|NO2","mFRR","Local","Down","2093.00","0.00"," "
"26/09/2023 10:00:00","SCA|NO2","mFRR","Local","Up","2960.00","0.00"," "
"26/09/2023 10:00:00","SCA|NO2","mFRR","Local","Down","2050.00","0.00"," "
"26/09/2023 11:00:00","SCA|NO2","mFRR","Local","Up","2950.00","0.00"," "
"26/09/2023 11:00:00","SCA|NO2","mFRR","Local","Down","2003.50","0.00"," "
"26/09/2023 12:00:00","SCA|NO2","mFRR","Local","Up","3093.50","0.00"," "
"26/09/2023 12:00:00","SCA|NO2","mFRR","Local","Down","1884.00","49.50"," "
"26/09/2023 13:00:00","SCA|NO2","mFRR","Local","Up","3160.00","0.00"," "
"26/09/2023 13:00:00","SCA|NO2","mFRR","Local","Down","1844.50","46.00"," "
"26/09/2023 14:00:00","SCA|NO2","mFRR","Local","Up","3224.00","0.00"," "
"26/09/2023 14:00:00","SCA|NO2","mFRR","Local","Down","1779.00","0.00"," "
"26/09/2023 15:00:00","SCA|NO2","mFRR","Local","Up","3402.00","0.00"," "
"26/09/2023 15:00:00","SCA|NO2","mFRR","Local","Down","1861.00","0.00"," "
"26/09/2023 16:00:00","SCA|NO2","mFRR","Local","Up","3426.00","0.00"," "
"26/09/2023 16:00:00","SCA|NO2","mFRR","Local","Down","1895.00","0.00"," "
"26/09/2023 17:00:00","SCA|NO2","mFRR","Local","Up","3454.50","0.00"," "
"26/09/2023 17:00:00","SCA|NO2","mFRR","Local","Down","1895.00","0.00"," "
"26/09/2023 18:00:00","SCA|NO2","mFRR","Local","Up","2997.25","0.00"," "
"26/09/2023 18:00:00","SCA|NO2","mFRR","Local","Down","2242.75","0.00"," "
"26/09/2023 19:00:00","SCA|NO2","mFRR","Local","Up","2984.50","115.00"," "
"26/09/2023 19:00:00","SCA|NO2","mFRR","Local","Down","2371.00","0.00"," "
"26/09/2023 20:00:00","SCA|NO2","mFRR","Local","Up","3015.00","57.50"," "
"26/09/2023 20:00:00","SCA|NO2","mFRR","Local","Down","2339.00","0.00"," "
"26/09/2023 21:00:00","SCA|NO2","mFRR","Local","Up","3062.50","0.00"," "
"26/09/2023 21:00:00","SCA|NO2","mFRR","Local","Down","2261.00","0.00"," "
"26/09/2023 22:00:00","SCA|NO2","mFRR","Local","Up","3164.75","0.00"," "
"26/09/2023 22:00:00","SCA|NO2","mFRR","Local","Down","2146.00","0.00"," "
"26/09/2023 23:00:00","SCA|NO2","mFRR","Local","Up","3357.00","0.00"," "
"26/09/2023 23:00:00","SCA|NO2","mFRR","Local","Down","2087.00","0.00"," "
"27/09/2023 00:00:00","SCA|NO2","mFRR","Local","Up","2937.00","0.00"," "
"27/09/2023 00:00:00","SCA|NO2","mFRR","Local","Down","2371.00","0.00"," "
"27/09/2023 01:00:00","SCA|NO2","mFRR","Local","Up","3110.00","0.00"," "
"27/09/2023 01:00:00","SCA|NO2","mFRR","Local","Down","2503.00","0.00"," "
"27/09/2023 02:00:00","SCA|NO2","mFRR","Local","Up","3130.00","0.00"," "
"27/09/2023 02:00:00","SCA|NO2","mFRR","Local","Down","2527.00","0.00"," "
"27/09/2023 03:00:00","SCA|NO2","mFRR","Local","Up","3092.00","0.00"," "
"27/09/2023 03:00:00","SCA|NO2","mFRR","Local","Down","2543.00","0.00"," "
"27/09/2023 04:00:00","SCA|NO2","mFRR","Local","Up","3036.00","0.00"," "
"27/09/2023 04:00:00","SCA|NO2","mFRR","Local","Down","2581.00","0.00"," "
"27/09/2023 05:00:00","SCA|NO2","mFRR","Local","Up","2612.75","0.00"," "
"27/09/2023 05:00:00","SCA|NO2","mFRR","Local","Down","2511.25","0.00"," "
"27/09/2023 06:00:00","SCA|NO2","mFRR","Local","Up","2365.00","0.00"," "
"27/09/2023 06:00:00","SCA|NO2","mFRR","Local","Down","2694.25","0.00"," "
"27/09/2023 07:00:00","SCA|NO2","mFRR","Local","Up","1935.50","0.00"," "
"27/09/2023 07:00:00","SCA|NO2","mFRR","Local","Down","2914.50","0.00"," "
"27/09/2023 08:00:00","SCA|NO2","mFRR","Local","Up","1869.25","0.00"," "
"27/09/2023 08:00:00","SCA|NO2","mFRR","Local","Down","3055.00","0.00"," "
"27/09/2023 09:00:00","SCA|NO2","mFRR","Local","Up","2001.00","0.00"," "
"27/09/2023 09:00:00","SCA|NO2","mFRR","Local","Down","2989.00","0.00"," "
"27/09/2023 10:00:00","SCA|NO2","mFRR","Local","Up","1955.00","0.00"," "
"27/09/2023 10:00:00","SCA|NO2","mFRR","Local","Down","3003.00","0.00"," "
"27/09/2023 11:00:00","SCA|NO2","mFRR","Local","Up","1875.00","0.00"," "
"27/09/2023 11:00:00","SCA|NO2","mFRR","Local","Down","3029.00","0.00"," "
"27/09/2023 12:00:00","SCA|NO2","mFRR","Local","Up","1933.00","0.00"," "
"27/09/2023 12:00:00","SCA|NO2","mFRR","Local","Down","2855.00","0.00"," "
"27/09/2023 13:00:00","SCA|NO2","mFRR","Local","Up","1929.00","0.00"," "
"27/09/2023 13:00:00","SCA|NO2","mFRR","Local","Down","2848.00","0.00"," "
"27/09/2023 14:00:00","SCA|NO2","mFRR","Local","Up","1879.00","0.00"," "
"27/09/2023 14:00:00","SCA|NO2","mFRR","Local","Down","3053.00","0.00"," "
"27/09/2023 15:00:00","SCA|NO2","mFRR","Local","Up","1648.00","0.00"," "
"27/09/2023 15:00:00","SCA|NO2","mFRR","Local","Down","3268.00","0.00"," "
"27/09/2023 16:00:00","SCA|NO2","mFRR","Local","Up","1629.00","0.00"," "
"27/09/2023 16:00:00","SCA|NO2","mFRR","Local","Down","3289.00","0.00"," "
"27/09/2023 17:00:00","SCA|NO2","mFRR","Local","Up","1664.00","0.00"," "
"27/09/2023 17:00:00","SCA|NO2","mFRR","Local","Down","3266.00","0.00"," "
"27/09/2023 18:00:00","SCA|NO2","mFRR","Local","Up","1676.00","0.00"," "
"27/09/2023 18:00:00","SCA|NO2","mFRR","Local","Down","3263.00","0.00"," "
"27/09/2023 19:00:00","SCA|NO2","mFRR","Local","Up","1883.00","0.00"," "
"27/09/2023 19:00:00","SCA|NO2","mFRR","Local","Down","3161.00","0.00"," "
"27/09/2023 20:00:00","SCA|NO2","mFRR","Local","Up","1960.00","0.00"," "
"27/09/2023 20:00:00","SCA|NO2","mFRR","Local","Down","3130.00","0.00"," "
"27/09/2023 21:00:00","SCA|NO2","mFRR","Local","Up","2081.25","0.00"," "
"27/09/2023 21:00:00","SCA|NO2","mFRR","Local","Down","2937.75","0.00"," "
"27/09/2023 22:00:00","SCA|NO2","mFRR","Local","Up","2333.75","0.00"," "
"27/09/2023 22:00:00","SCA|NO2","mFRR","Local","Down","2844.25","0.00"," "
"27/09/2023 23:00:00","SCA|NO2","mFRR","Local","Up","2640.00","0.00"," "
"27/09/2023 23:00:00","SCA|NO2","mFRR","Local","Down","2588.00","315.25"," "
"28/09/2023 00:00:00","SCA|NO2","mFRR","Local","Up","3370.75","0.00"," "
"28/09/2023 00:00:00","SCA|NO2","mFRR","Local","Down","1777.75","586.50"," "
"28/09/2023 01:00:00","SCA|NO2","mFRR","Local","Up","4484.25","0.00"," "
"28/09/2023 01:00:00","SCA|NO2","mFRR","Local","Down","1034.25","470.75"," "
"28/09/2023 02:00:00","SCA|NO2","mFRR","Local","Up","5166.00","0.00"," "
"28/09/2023 02:00:00","SCA|NO2","mFRR","Local","Down","486.00","0.00"," "
"28/09/2023 03:00:00","SCA|NO2","mFRR","Local","Up","5166.00","0.00"," "
"28/09/2023 03:00:00","SCA|NO2","mFRR","Local","Down","513.00","22.00"," "
"28/09/2023 04:00:00","SCA|NO2","mFRR","Local","Up","5115.00","0.00"," "
"28/09/2023 04:00:00","SCA|NO2","mFRR","Local","Down","527.00","22.00"," "
"28/09/2023 05:00:00","SCA|NO2","mFRR","Local","Up","4879.75","0.00"," "
"28/09/2023 05:00:00","SCA|NO2","mFRR","Local","Down","557.00","22.00"," "
"28/09/2023 06:00:00","SCA|NO2","mFRR","Local","Up","4267.50","0.00"," "
"28/09/2023 06:00:00","SCA|NO2","mFRR","Local","Down","1156.00","98.00"," "
"28/09/2023 07:00:00","SCA|NO2","mFRR","Local","Up","3264.00","0.00"," "
"28/09/2023 07:00:00","SCA|NO2","mFRR","Local","Down","1800.00","0.00"," "
"28/09/2023 08:00:00","SCA|NO2","mFRR","Local","Up","3130.00","0.00"," "
"28/09/2023 08:00:00","SCA|NO2","mFRR","Local","Down","2015.00","0.00"," "
"28/09/2023 09:00:00","SCA|NO2","mFRR","Local","Up","3213.00","0.00"," "
"28/09/2023 09:00:00","SCA|NO2","mFRR","Local","Down","1861.00","154.00"," "
"28/09/2023 10:00:00","SCA|NO2","mFRR","Local","Up","3534.00","43.00"," "
"28/09/2023 10:00:00","SCA|NO2","mFRR","Local","Down","1528.00","0.00"," "
"28/09/2023 11:00:00","SCA|NO2","mFRR","Local","Up","3970.00","331.00"," "
"28/09/2023 11:00:00","SCA|NO2","mFRR","Local","Down","1086.00","0.00"," "
"28/09/2023 12:00:00","SCA|NO2","mFRR","Local","Up","4152.00","322.00"," "
"28/09/2023 12:00:00","SCA|NO2","mFRR","Local","Down","930.00","0.00"," "
"28/09/2023 13:00:00","SCA|NO2","mFRR","Local","Up","4057.00","232.00"," "
"28/09/2023 13:00:00","SCA|NO2","mFRR","Local","Down","1011.00","0.00"," "
"28/09/2023 14:00:00","SCA|NO2","mFRR","Local","Up","3690.50","153.00"," "
"28/09/2023 14:00:00","SCA|NO2","mFRR","Local","Down","1574.00","0.00"," "
"28/09/2023 15:00:00","SCA|NO2","mFRR","Local","Up","3291.00","136.25"," "
"28/09/2023 15:00:00","SCA|NO2","mFRR","Local","Down","1894.50","0.00"," "
"28/09/2023 16:00:00","SCA|NO2","mFRR","Local","Up","2755.00","0.00"," "
"28/09/2023 16:00:00","SCA|NO2","mFRR","Local","Down","2375.00","0.00"," "
"28/09/2023 17:00:00","SCA|NO2","mFRR","Local","Up","2302.00","0.00"," "
"28/09/2023 17:00:00","SCA|NO2","mFRR","Local","Down","2839.00","0.00"," "
"28/09/2023 18:00:00","SCA|NO2","mFRR","Local","Up","2399.00","109.00"," "
"28/09/2023 18:00:00","SCA|NO2","mFRR","Local","Down","2457.00","0.00"," "
"28/09/2023 19:00:00","SCA|NO2","mFRR","Local","Up","2389.50","0.00"," "
"28/09/2023 19:00:00","SCA|NO2","mFRR","Local","Down","2592.00","0.00"," "
"28/09/2023 20:00:00","SCA|NO2","mFRR","Local","Up","2344.25","0.00"," "
"28/09/2023 20:00:00","SCA|NO2","mFRR","Local","Down","2854.00","0.00"," "
"28/09/2023 21:00:00","SCA|NO2","mFRR","Local","Up","2350.00","0.00"," "
"28/09/2023 21:00:00","SCA|NO2","mFRR","Local","Down","2745.00","0.00"," "
"28/09/2023 22:00:00","SCA|NO2","mFRR","Local","Up","2490.00","0.00"," "
"28/09/2023 22:00:00","SCA|NO2","mFRR","Local","Down","2663.00","0.00"," "
"28/09/2023 23:00:00","SCA|NO2","mFRR","Local","Up","2577.25","0.00"," "
"28/09/2023 23:00:00","SCA|NO2","mFRR","Local","Down","2490.00","0.00"," "
"29/09/2023 00:00:00","SCA|NO2","mFRR","Local","Up","2701.00","0.00"," "
"29/09/2023 00:00:00","SCA|NO2","mFRR","Local","Down","2324.00","99.00"," "
"29/09/2023 01:00:00","SCA|NO2","mFRR","Local","Up","2795.00","0.00"," "
"29/09/2023 01:00:00","SCA|NO2","mFRR","Local","Down","2377.00","17.00"," "
"29/09/2023 02:00:00","SCA|NO2","mFRR","Local","Up","2784.00","0.00"," "
"29/09/2023 02:00:00","SCA|NO2","mFRR","Local","Down","2414.00","91.00"," "
"29/09/2023 03:00:00","SCA|NO2","mFRR","Local","Up","3245.00","0.00"," "
"29/09/2023 03:00:00","SCA|NO2","mFRR","Local","Down","2044.00","159.00"," "
"29/09/2023 04:00:00","SCA|NO2","mFRR","Local","Up","3632.00","0.00"," "
"29/09/2023 04:00:00","SCA|NO2","mFRR","Local","Down","1604.00","0.00"," "
"29/09/2023 05:00:00","SCA|NO2","mFRR","Local","Up","3096.00","0.00"," "
"29/09/2023 05:00:00","SCA|NO2","mFRR","Local","Down","1985.00","0.00"," "
"29/09/2023 06:00:00","SCA|NO2","mFRR","Local","Up","2659.00","0.00"," "
"29/09/2023 06:00:00","SCA|NO2","mFRR","Local","Down","2392.00","0.00"," "
"29/09/2023 07:00:00","SCA|NO2","mFRR","Local","Up","2429.00","0.00"," "
"29/09/2023 07:00:00","SCA|NO2","mFRR","Local","Down","2691.00","0.00"," "
"29/09/2023 08:00:00","SCA|NO2","mFRR","Local","Up","2510.75","0.00"," "
"29/09/2023 08:00:00","SCA|NO2","mFRR","Local","Down","2564.00","0.00"," "
"29/09/2023 09:00:00","SCA|NO2","mFRR","Local","Up","2515.00","0.00"," "
"29/09/2023 09:00:00","SCA|NO2","mFRR","Local","Down","2622.00","0.00"," "
"29/09/2023 10:00:00","SCA|NO2","mFRR","Local","Up","2472.00","0.00"," "
"29/09/2023 10:00:00","SCA|NO2","mFRR","Local","Down","2689.00","0.00"," "
"29/09/2023 11:00:00","SCA|NO2","mFRR","Local","Up","2678.00","0.00"," "
"29/09/2023 11:00:00","SCA|NO2","mFRR","Local","Down","2509.00","0.00"," "
"29/09/2023 12:00:00","SCA|NO2","mFRR","Local","Up","3240.50","0.00"," "
"29/09/2023 12:00:00","SCA|NO2","mFRR","Local","Down","2098.00","0.00"," "
"29/09/2023 13:00:00","SCA|NO2","mFRR","Local","Up","3291.00","324.00"," "
"29/09/2023 13:00:00","SCA|NO2","mFRR","Local","Down","1936.00","0.00"," "
"29/09/2023 14:00:00","SCA|NO2","mFRR","Local","Up","3277.00","0.00"," "
"29/09/2023 14:00:00","SCA|NO2","mFRR","Local","Down","1730.00","216.75"," "
"29/09/2023 15:00:00","SCA|NO2","mFRR","Local","Up","3206.00","0.00"," "
"29/09/2023 15:00:00","SCA|NO2","mFRR","Local","Down","1910.00","0.00"," "
"29/09/2023 16:00:00","SCA|NO2","mFRR","Local","Up","2898.00","0.00"," "
"29/09/2023 16:00:00","SCA|NO2","mFRR","Local","Down","2210.00","0.00"," "
"29/09/2023 17:00:00","SCA|NO2","mFRR","Local","Up","2602.00","0.00"," "
"29/09/2023 17:00:00","SCA|NO2","mFRR","Local","Down","2526.00","144.75"," "
"29/09/2023 18:00:00","SCA|NO2","mFRR","Local","Up","2594.00","0.00"," "
"29/09/2023 18:00:00","SCA|NO2","mFRR","Local","Down","2200.00","0.00"," "
"29/09/2023 19:00:00","SCA|NO2","mFRR","Local","Up","2915.00","0.00"," "
"29/09/2023 19:00:00","SCA|NO2","mFRR","Local","Down","2155.00","0.00"," "
"29/09/2023 20:00:00","SCA|NO2","mFRR","Local","Up","3150.00","0.00"," "
"29/09/2023 20:00:00","SCA|NO2","mFRR","Local","Down","2012.00","0.00"," "
"29/09/2023 21:00:00","SCA|NO2","mFRR","Local","Up","3434.75","0.00"," "
"29/09/2023 21:00:00","SCA|NO2","mFRR","Local","Down","1679.25","0.00"," "
"29/09/2023 22:00:00","SCA|NO2","mFRR","Local","Up","4013.00","0.00"," "
"29/09/2023 22:00:00","SCA|NO2","mFRR","Local","Down","1416.00","0.00"," "
"29/09/2023 23:00:00","SCA|NO2","mFRR","Local","Up","4300.00","0.00"," "
"29/09/2023 23:00:00","SCA|NO2","mFRR","Local","Down","1107.00","0.00"," "
"30/09/2023 00:00:00","SCA|NO2","mFRR","Local","Up","4587.00","351.00"," "
"30/09/2023 00:00:00","SCA|NO2","mFRR","Local","Down","580.00","0.00"," "
"30/09/2023 01:00:00","SCA|NO2","mFRR","Local","Up","4839.00","391.00"," "
"30/09/2023 01:00:00","SCA|NO2","mFRR","Local","Down","486.75","0.00"," "
"30/09/2023 02:00:00","SCA|NO2","mFRR","Local","Up","4838.00","273.50"," "
"30/09/2023 02:00:00","SCA|NO2","mFRR","Local","Down","490.50","0.00"," "
"30/09/2023 03:00:00","SCA|NO2","mFRR","Local","Up","4839.00","286.00"," "
"30/09/2023 03:00:00","SCA|NO2","mFRR","Local","Down","471.50","0.00"," "
"30/09/2023 04:00:00","SCA|NO2","mFRR","Local","Up","4838.00","311.00"," "
"30/09/2023 04:00:00","SCA|NO2","mFRR","Local","Down","464.50","0.00"," "
"30/09/2023 05:00:00","SCA|NO2","mFRR","Local","Up","4492.00","102.00"," "
"30/09/2023 05:00:00","SCA|NO2","mFRR","Local","Down","760.50","0.00"," "
"30/09/2023 06:00:00","SCA|NO2","mFRR","Local","Up","4510.00","147.50"," "
"30/09/2023 06:00:00","SCA|NO2","mFRR","Local","Down","761.00","0.00"," "
"30/09/2023 07:00:00","SCA|NO2","mFRR","Local","Up","4469.00","809.00"," "
"30/09/2023 07:00:00","SCA|NO2","mFRR","Local","Down","754.00","0.00"," "
"30/09/2023 08:00:00","SCA|NO2","mFRR","Local","Up","4458.50","191.00"," "
"30/09/2023 08:00:00","SCA|NO2","mFRR","Local","Down","758.00","0.00"," "
"30/09/2023 09:00:00","SCA|NO2","mFRR","Local","Up","4733.25","0.00"," "
"30/09/2023 09:00:00","SCA|NO2","mFRR","Local","Down","466.00","0.00"," "
"30/09/2023 10:00:00","SCA|NO2","mFRR","Local","Up","4730.00","0.00"," "
"30/09/2023 10:00:00","SCA|NO2","mFRR","Local","Down","467.50","0.00"," "
"30/09/2023 11:00:00","SCA|NO2","mFRR","Local","Up","4784.00","0.00"," "
"30/09/2023 11:00:00","SCA|NO2","mFRR","Local","Down","495.00","0.00"," "
"30/09/2023 12:00:00","SCA|NO2","mFRR","Local","Up","4785.00","0.00"," "
"30/09/2023 12:00:00","SCA|NO2","mFRR","Local","Down","469.00","0.00"," "
"30/09/2023 13:00:00","SCA|NO2","mFRR","Local","Up","4783.00","0.00"," "
"30/09/2023 13:00:00","SCA|NO2","mFRR","Local","Down","391.00","15.00"," "
"30/09/2023 14:00:00","SCA|NO2","mFRR","Local","Up","4625.00","0.00"," "
"30/09/2023 14:00:00","SCA|NO2","mFRR","Local","Down","513.00","96.75"," "
"30/09/2023 15:00:00","SCA|NO2","mFRR","Local","Up","4474.25","0.00"," "
"30/09/2023 15:00:00","SCA|NO2","mFRR","Local","Down","642.00","0.00"," "
"30/09/2023 16:00:00","SCA|NO2","mFRR","Local","Up","3948.25","0.00"," "
"30/09/2023 16:00:00","SCA|NO2","mFRR","Local","Down","1015.75","0.00"," "
"30/09/2023 17:00:00","SCA|NO2","mFRR","Local","Up","3429.00","0.00"," "
"30/09/2023 17:00:00","SCA|NO2","mFRR","Local","Down","1399.50","0.00"," "
"30/09/2023 18:00:00","SCA|NO2","mFRR","Local","Up","2680.00","599.25"," "
"30/09/2023 18:00:00","SCA|NO2","mFRR","Local","Down","2180.00","0.00"," "
"30/09/2023 19:00:00","SCA|NO2","mFRR","Local","Up","1932.00","280.00"," "
"30/09/2023 19:00:00","SCA|NO2","mFRR","Local","Down","2591.00","0.00"," "
"30/09/2023 20:00:00","SCA|NO2","mFRR","Local","Up","1898.00","289.00"," "
"30/09/2023 20:00:00","SCA|NO2","mFRR","Local","Down","2601.00","0.00"," "
"30/09/2023 21:00:00","SCA|NO2","mFRR","Local","Up","1848.00","638.00"," "
"30/09/2023 21:00:00","SCA|NO2","mFRR","Local","Down","2659.00","0.00"," "
"30/09/2023 22:00:00","SCA|NO2","mFRR","Local","Up","1852.00","641.00"," "
"30/09/2023 22:00:00","SCA|NO2","mFRR","Local","Down","2678.00","0.00"," "
"30/09/2023 23:00:00","SCA|NO2","mFRR","Local","Up","1718.00","618.00"," "
"30/09/2023 23:00:00","SCA|NO2","mFRR","Local","Down","2538.00","0.00"," "
"01/10/2023 00:00:00","SCA|NO2","mFRR","Local","Up","1811.00","349.25"," "
"01/10/2023 00:00:00","SCA|NO2","mFRR","Local","Down","3071.00","0.00"," "
"01/10/2023 01:00:00","SCA|NO2","mFRR","Local","Up","1957.00","308.00"," "
"01/10/2023 01:00:00","SCA|NO2","mFRR","Local","Down","3157.00","0.00"," "
"01/10/2023 02:00:00","SCA|NO2","mFRR","Local","Up","1867.00","268.00"," "
"01/10/2023 02:00:00","SCA|NO2","mFRR","Local","Down","3164.00","0.00"," "
"01/10/2023 03:00:00","SCA|NO2","mFRR","Local","Up","1768.00","222.00"," "
"01/10/2023 03:00:00","SCA|NO2","mFRR","Local","Down","3210.00","0.00"," "
"01/10/2023 04:00:00","SCA|NO2","mFRR","Local","Up","1992.00","130.00"," "
"01/10/2023 04:00:00","SCA|NO2","mFRR","Local","Down","2937.00","0.00"," "
"01/10/2023 05:00:00","SCA|NO2","mFRR","Local","Up","1855.00","0.00"," "
"01/10/2023 05:00:00","SCA|NO2","mFRR","Local","Down","2882.00","0.00"," "
"01/10/2023 06:00:00","SCA|NO2","mFRR","Local","Up","1509.00","94.00"," "
"01/10/2023 06:00:00","SCA|NO2","mFRR","Local","Down","3225.00","0.00"," "
"01/10/2023 07:00:00","SCA|NO2","mFRR","Local","Up","1470.00","135.00"," "
"01/10/2023 07:00:00","SCA|NO2","mFRR","Local","Down","3219.00","0.00"," "
"01/10/2023 08:00:00","SCA|NO2","mFRR","Local","Up","1467.00","130.00"," "
"01/10/2023 08:00:00","SCA|NO2","mFRR","Local","Down","3199.00","0.00"," "
"01/10/2023 09:00:00","SCA|NO2","mFRR","Local","Up","1505.50","63.50"," "
"01/10/2023 09:00:00","SCA|NO2","mFRR","Local","Down","3162.25","0.00"," "
"01/10/2023 10:00:00","SCA|NO2","mFRR","Local","Up","2775.75","227.00"," "
"01/10/2023 10:00:00","SCA|NO2","mFRR","Local","Down","2118.00","0.00"," "
"01/10/2023 11:00:00","SCA|NO2","mFRR","Local","Up","4003.50","81.00"," "
"01/10/2023 11:00:00","SCA|NO2","mFRR","Local","Down","1031.50","0.00"," "
"01/10/2023 12:00:00","SCA|NO2","mFRR","Local","Up","4675.00","0.00"," "
"01/10/2023 12:00:00","SCA|NO2","mFRR","Local","Down","406.00","0.00"," "
"01/10/2023 13:00:00","SCA|NO2","mFRR","Local","Up","4731.00","0.00"," "
"01/10/2023 13:00:00","SCA|NO2","mFRR","Local","Down","336.00","0.00"," "
"01/10/2023 14:00:00","SCA|NO2","mFRR","Local","Up","4779.00","40.00"," "
"01/10/2023 14:00:00","SCA|NO2","mFRR","Local","Down","365.00","0.00"," "
"01/10/2023 15:00:00","SCA|NO2","mFRR","Local","Up","3737.50","0.00"," "
"01/10/2023 15:00:00","SCA|NO2","mFRR","Local","Down","1338.25","0.00"," "
"01/10/2023 16:00:00","SCA|NO2","mFRR","Local","Up","2548.00","0.00"," "
"01/10/2023 16:00:00","SCA|NO2","mFRR","Local","Down","2386.50","0.00"," "
"01/10/2023 17:00:00","SCA|NO2","mFRR","Local","Up","1595.50","0.00"," "
"01/10/2023 17:00:00","SCA|NO2","mFRR","Local","Down","3306.00","0.00"," "
"01/10/2023 18:00:00","SCA|NO2","mFRR","Local","Up","1618.00","0.00"," "
"01/10/2023 18:00:00","SCA|NO2","mFRR","Local","Down","3298.00","0.00"," "
"01/10/2023 19:00:00","SCA|NO2","mFRR","Local","Up","1602.00","0.00"," "
"01/10/2023 19:00:00","SCA|NO2","mFRR","Local","Down","3329.00","0.00"," "
"01/10/2023 20:00:00","SCA|NO2","mFRR","Local","Up","1557.00","0.00"," "
"01/10/2023 20:00:00","SCA|NO2","mFRR","Local","Down","3377.00","0.00"," "
"01/10/2023 21:00:00","SCA|NO2","mFRR","Local","Up","1702.00","0.00"," "
"01/10/2023 21:00:00","SCA|NO2","mFRR","Local","Down","3118.00","0.00"," "
"01/10/2023 22:00:00","SCA|NO2","mFRR","Local","Up","1731.00","0.00"," "
"01/10/2023 22:00:00","SCA|NO2","mFRR","Local","Down","3049.00","0.00"," "
"01/10/2023 23:00:00","SCA|NO2","mFRR","Local","Up","1978.00","0.00"," "
"01/10/2023 23:00:00","SCA|NO2","mFRR","Local","Down","3004.00","0.00"," "
"02/10/2023 00:00:00","SCA|NO2","mFRR","Local","Up","2041.00","0.00"," "
"02/10/2023 00:00:00","SCA|NO2","mFRR","Local","Down","2545.00","0.00"," "
"02/10/2023 01:00:00","SCA|NO2","mFRR","Local","Up","2155.00","0.00"," "
"02/10/2023 01:00:00","SCA|NO2","mFRR","Local","Down","2702.00","0.00"," "
"02/10/2023 02:00:00","SCA|NO2","mFRR","Local","Up","2139.00","0.00"," "
"02/10/2023 02:00:00","SCA|NO2","mFRR","Local","Down","2690.00","0.00"," "
"02/10/2023 03:00:00","SCA|NO2","mFRR","Local","Up","2124.00","0.00"," "
"02/10/2023 03:00:00","SCA|NO2","mFRR","Local","Down","2693.00","0.00"," "
"02/10/2023 04:00:00","SCA|NO2","mFRR","Local","Up","2138.00","0.00"," "
"02/10/2023 04:00:00","SCA|NO2","mFRR","Local","Down","2681.00","0.00"," "
"02/10/2023 05:00:00","SCA|NO2","mFRR","Local","Up","2708.00","0.00"," "
"02/10/2023 05:00:00","SCA|NO2","mFRR","Local","Down","2561.00","0.00"," "
"02/10/2023 06:00:00","SCA|NO2","mFRR","Local","Up","2103.00","0.00"," "
"02/10/2023 06:00:00","SCA|NO2","mFRR","Local","Down","2945.00","0.00"," "
"02/10/2023 07:00:00","SCA|NO2","mFRR","Local","Up","2175.00","0.00"," "
"02/10/2023 07:00:00","SCA|NO2","mFRR","Local","Down","2895.00","0.00"," "
"02/10/2023 08:00:00","SCA|NO2","mFRR","Local","Up","1956.00","0.00"," "
"02/10/2023 08:00:00","SCA|NO2","mFRR","Local","Down","3022.00","0.00"," "
"02/10/2023 09:00:00","SCA|NO2","mFRR","Local","Up","1891.00","0.00"," "
"02/10/2023 09:00:00","SCA|NO2","mFRR","Local","Down","3069.00","0.00"," "
"02/10/2023 10:00:00","SCA|NO2","mFRR","Local","Up","1913.00","0.00"," "
"02/10/2023 10:00:00","SCA|NO2","mFRR","Local","Down","3068.00","0.00"," "
"02/10/2023 11:00:00","SCA|NO2","mFRR","Local","Up","2042.00","0.00"," "
"02/10/2023 11:00:00","SCA|NO2","mFRR","Local","Down","2937.00","0.00"," "
"02/10/2023 12:00:00","SCA|NO2","mFRR","Local","Up","1880.50","0.00"," "
"02/10/2023 12:00:00","SCA|NO2","mFRR","Local","Down","2907.00","0.00"," "
"02/10/2023 13:00:00","SCA|NO2","mFRR","Local","Up","1860.00","0.00"," "
"02/10/2023 13:00:00","SCA|NO2","mFRR","Local","Down","2932.00","0.00"," "
"02/10/2023 14:00:00","SCA|NO2","mFRR","Local","Up","1579.00","0.00"," "
"02/10/2023 14:00:00","SCA|NO2","mFRR","Local","Down","3000.00","0.00"," "
"02/10/2023 15:00:00","SCA|NO2","mFRR","Local","Up","1544.00","0.00"," "
"02/10/2023 15:00:00","SCA|NO2","mFRR","Local","Down","3025.00","44.00"," "
"02/10/2023 16:00:00","SCA|NO2","mFRR","Local","Up","1796.00","0.00"," "
"02/10/2023 16:00:00","SCA|NO2","mFRR","Local","Down","2791.00","50.00"," "
"02/10/2023 17:00:00","SCA|NO2","mFRR","Local","Up","1874.00","0.00"," "
"02/10/2023 17:00:00","SCA|NO2","mFRR","Local","Down","2791.00","0.00"," "
"02/10/2023 18:00:00","SCA|NO2","mFRR","Local","Up","1880.00","0.00"," "
"02/10/2023 18:00:00","SCA|NO2","mFRR","Local","Down","2797.00","0.00"," "
"02/10/2023 19:00:00","SCA|NO2","mFRR","Local","Up","1947.00","0.00"," "
"02/10/2023 19:00:00","SCA|NO2","mFRR","Local","Down","2773.00","0.00"," "
"02/10/2023 20:00:00","SCA|NO2","mFRR","Local","Up","1967.00","0.00"," "
"02/10/2023 20:00:00","SCA|NO2","mFRR","Local","Down","2757.00","0.00"," "
"02/10/2023 21:00:00","SCA|NO2","mFRR","Local","Up","2085.50","0.00"," "
"02/10/2023 21:00:00","SCA|NO2","mFRR","Local","Down","2722.50","0.00"," "
"02/10/2023 22:00:00","SCA|NO2","mFRR","Local","Up","2220.00","0.00"," "
"02/10/2023 22:00:00","SCA|NO2","mFRR","Local","Down","2683.00","0.00"," "
"02/10/2023 23:00:00","SCA|NO2","mFRR","Local","Up","2271.75","0.00"," "
"02/10/2023 23:00:00","SCA|NO2","mFRR","Local","Down","2567.00","179.75"," "
"03/10/2023 00:00:00","SCA|NO2","mFRR","Local","Up","1718.00","0.00"," "
"03/10/2023 00:00:00","SCA|NO2","mFRR","Local","Down","2947.00","179.25"," "
"03/10/2023 01:00:00","SCA|NO2","mFRR","Local","Up","1851.00","0.00"," "
"03/10/2023 01:00:00","SCA|NO2","mFRR","Local","Down","2931.00","208.75"," "
"03/10/2023 02:00:00","SCA|NO2","mFRR","Local","Up","1869.00","0.00"," "
"03/10/2023 02:00:00","SCA|NO2","mFRR","Local","Down","2921.00","222.00"," "
"03/10/2023 03:00:00","SCA|NO2","mFRR","Local","Up","2956.50","0.00"," "
"03/10/2023 03:00:00","SCA|NO2","mFRR","Local","Down","2057.50","258.50"," "
"03/10/2023 04:00:00","SCA|NO2","mFRR","Local","Up","4166.50","0.00"," "
"03/10/2023 04:00:00","SCA|NO2","mFRR","Local","Down","961.00","81.75"," "
"03/10/2023 05:00:00","SCA|NO2","mFRR","Local","Up","4521.00","0.00"," "
"03/10/2023 05:00:00","SCA|NO2","mFRR","Local","Down","743.00","59.00"," "
"03/10/2023 06:00:00","SCA|NO2","mFRR","Local","Up","4408.00","0.00"," "
"03/10/2023 06:00:00","SCA|NO2","mFRR","Local","Down","856.00","0.00"," "
"03/10/2023 07:00:00","SCA|NO2","mFRR","Local","Up","3253.00","162.00"," "
"03/10/2023 07:00:00","SCA|NO2","mFRR","Local","Down","1320.00","0.00"," "
"03/10/2023 08:00:00","SCA|NO2","mFRR","Local","Up","3717.00","245.00"," "
"03/10/2023 08:00:00","SCA|NO2","mFRR","Local","Down","901.50","0.00"," "
"03/10/2023 09:00:00","SCA|NO2","mFRR","Local","Up","4351.50","134.25"," "
"03/10/2023 09:00:00","SCA|NO2","mFRR","Local","Down","427.75","0.00"," "
"03/10/2023 10:00:00","SCA|NO2","mFRR","Local","Up","4526.75","143.25"," "
"03/10/2023 10:00:00","SCA|NO2","mFRR","Local","Down","241.00","0.00"," "
"03/10/2023 11:00:00","SCA|NO2","mFRR","Local","Up","4474.00","208.00"," "
"03/10/2023 11:00:00","SCA|NO2","mFRR","Local","Down","234.00","0.00"," "
"03/10/2023 12:00:00","SCA|NO2","mFRR","Local","Up","4461.00","153.00"," "
"03/10/2023 12:00:00","SCA|NO2","mFRR","Local","Down","222.00","0.00"," "
"03/10/2023 13:00:00","SCA|NO2","mFRR","Local","Up","4568.00","153.00"," "
"03/10/2023 13:00:00","SCA|NO2","mFRR","Local","Down","311.00","0.00"," "
"03/10/2023 14:00:00","SCA|NO2","mFRR","Local","Up","4688.00","206.00"," "
"03/10/2023 14:00:00","SCA|NO2","mFRR","Local","Down","339.00","0.00"," "
"03/10/2023 15:00:00","SCA|NO2","mFRR","Local","Up","4678.75","183.25"," "
"03/10/2023 15:00:00","SCA|NO2","mFRR","Local","Down","351.00","0.00"," "
"03/10/2023 16:00:00","SCA|NO2","mFRR","Local","Up","4295.00","173.50"," "
"03/10/2023 16:00:00","SCA|NO2","mFRR","Local","Down","536.00","0.00"," "
"03/10/2023 17:00:00","SCA|NO2","mFRR","Local","Up","3850.50","120.50"," "
"03/10/2023 17:00:00","SCA|NO2","mFRR","Local","Down","945.00","0.00"," "
"03/10/2023 18:00:00","SCA|NO2","mFRR","Local","Up","3703.00","7.00"," "
"03/10/2023 18:00:00","SCA|NO2","mFRR","Local","Down","944.00","0.00"," "
"03/10/2023 19:00:00","SCA|NO2","mFRR","Local","Up","4183.00","15.00"," "
"03/10/2023 19:00:00","SCA|NO2","mFRR","Local","Down","995.00","0.00"," "
"03/10/2023 20:00:00","SCA|NO2","mFRR","Local","Up","4371.75","174.00"," "
"03/10/2023 20:00:00","SCA|NO2","mFRR","Local","Down","833.00","0.00"," "
"03/10/2023 21:00:00","SCA|NO2","mFRR","Local","Up","4731.00","289.00"," "
"03/10/2023 21:00:00","SCA|NO2","mFRR","Local","Down","612.00","0.00"," "
"03/10/2023 22:00:00","SCA|NO2","mFRR","Local","Up","4748.00","304.00"," "
"03/10/2023 22:00:00","SCA|NO2","mFRR","Local","Down","585.00","0.00"," "
"03/10/2023 23:00:00","SCA|NO2","mFRR","Local","Up","4648.75","201.00"," "
"03/10/2023 23:00:00","SCA|NO2","mFRR","Local","Down","656.00","0.00"," "
"04/10/2023 00:00:00","SCA|NO2","mFRR","Local","Up","3861.00","0.00"," "
"04/10/2023 00:00:00","SCA|NO2","mFRR","Local","Down","1049.00","0.00"," "
"04/10/2023 01:00:00","SCA|NO2","mFRR","Local","Up","3974.00","0.00"," "
"04/10/2023 01:00:00","SCA|NO2","mFRR","Local","Down","1076.00","0.00"," "
"04/10/2023 02:00:00","SCA|NO2","mFRR","Local","Up","3974.00","0.00"," "
"04/10/2023 02:00:00","SCA|NO2","mFRR","Local","Down","1076.00","0.00"," "
"04/10/2023 03:00:00","SCA|NO2","mFRR","Local","Up","3993.00","19.00"," "
"04/10/2023 03:00:00","SCA|NO2","mFRR","Local","Down","1027.00","0.00"," "
"04/10/2023 04:00:00","SCA|NO2","mFRR","Local","Up","3993.00","19.00"," "
"04/10/2023 04:00:00","SCA|NO2","mFRR","Local","Down","1027.00","0.00"," "
"04/10/2023 05:00:00","SCA|NO2","mFRR","Local","Up","4114.00","19.00"," "
"04/10/2023 05:00:00","SCA|NO2","mFRR","Local","Down","1070.00","0.00"," "
"04/10/2023 06:00:00","SCA|NO2","mFRR","Local","Up","4024.00","0.00"," "
"04/10/2023 06:00:00","SCA|NO2","mFRR","Local","Down","1211.00","0.00"," "
"04/10/2023 07:00:00","SCA|NO2","mFRR","Local","Up","3143.00","0.00"," "
"04/10/2023 07:00:00","SCA|NO2","mFRR","Local","Down","1089.00","0.00"," "
"04/10/2023 08:00:00","SCA|NO2","mFRR","Local","Up","3131.00","0.00"," "
"04/10/2023 08:00:00","SCA|NO2","mFRR","Local","Down","901.00","0.00"," "
"04/10/2023 09:00:00","SCA|NO2","mFRR","Local","Up","3036.00","0.00"," "
"04/10/2023 09:00:00","SCA|NO2","mFRR","Local","Down","878.00","68.50"," "
"04/10/2023 10:00:00","SCA|NO2","mFRR","Local","Up","3021.00","0.00"," "
"04/10/2023 10:00:00","SCA|NO2","mFRR","Local","Down","1011.00","98.75"," "
"04/10/2023 11:00:00","SCA|NO2","mFRR","Local","Up","3059.00","0.00"," "
"04/10/2023 11:00:00","SCA|NO2","mFRR","Local","Down","1072.00","83.00"," "
"04/10/2023 12:00:00","SCA|NO2","mFRR","Local","Up","3046.00","0.00"," "
"04/10/2023 12:00:00","SCA|NO2","mFRR","Local","Down","989.00","83.00"," "
"04/10/2023 13:00:00","SCA|NO2","mFRR","Local","Up","3166.00","0.00"," "
"04/10/2023 13:00:00","SCA|NO2","mFRR","Local","Down","928.00","81.00"," "
"04/10/2023 14:00:00","SCA|NO2","mFRR","Local","Up","3276.00","0.00"," "
"04/10/2023 14:00:00","SCA|NO2","mFRR","Local","Down","914.00","81.00"," "
"04/10/2023 15:00:00","SCA|NO2","mFRR","Local","Up","3697.00","0.00"," "
"04/10/2023 15:00:00","SCA|NO2","mFRR","Local","Down","892.00","59.50"," "
"04/10/2023 16:00:00","SCA|NO2","mFRR","Local","Up","3649.00","0.00"," "
"04/10/2023 16:00:00","SCA|NO2","mFRR","Local","Down","817.00","0.00"," "
"04/10/2023 17:00:00","SCA|NO2","mFRR","Local","Up","3526.00","0.00"," "
"04/10/2023 17:00:00","SCA|NO2","mFRR","Local","Down","884.00","0.00"," "
"04/10/2023 18:00:00","SCA|NO2","mFRR","Local","Up","3578.00","0.00"," "
"04/10/2023 18:00:00","SCA|NO2","mFRR","Local","Down","932.00","0.00"," "
"04/10/2023 19:00:00","SCA|NO2","mFRR","Local","Up","4334.00","0.00"," "
"04/10/2023 19:00:00","SCA|NO2","mFRR","Local","Down","884.00","15.00"," "
"04/10/2023 20:00:00","SCA|NO2","mFRR","Local","Up","4403.00","0.00"," "
"04/10/2023 20:00:00","SCA|NO2","mFRR","Local","Down","840.00","55.00"," "
"04/10/2023 21:00:00","SCA|NO2","mFRR","Local","Up","4403.00","0.00"," "
"04/10/2023 21:00:00","SCA|NO2","mFRR","Local","Down","756.00","15.00"," "
"04/10/2023 22:00:00","SCA|NO2","mFRR","Local","Up","4473.00","0.00"," "
"04/10/2023 22:00:00","SCA|NO2","mFRR","Local","Down","631.00","3.75"," "
"04/10/2023 23:00:00","SCA|NO2","mFRR","Local","Up","4438.00","0.00"," "
"04/10/2023 23:00:00","SCA|NO2","mFRR","Local","Down","767.00","0.00"," "
"05/10/2023 00:00:00","SCA|NO2","mFRR","Local","Up","4106.50","0.00"," "
"05/10/2023 00:00:00","SCA|NO2","mFRR","Local","Down","363.00","0.00"," "
"05/10/2023 01:00:00","SCA|NO2","mFRR","Local","Up","4220.00","0.00"," "
"05/10/2023 01:00:00","SCA|NO2","mFRR","Local","Down","604.00","0.00"," "
"05/10/2023 02:00:00","SCA|NO2","mFRR","Local","Up","4220.00","0.00"," "
"05/10/2023 02:00:00","SCA|NO2","mFRR","Local","Down","668.00","0.00"," "
"05/10/2023 03:00:00","SCA|NO2","mFRR","Local","Up","4219.75","0.00"," "
"05/10/2023 03:00:00","SCA|NO2","mFRR","Local","Down","654.00","0.00"," "
"05/10/2023 04:00:00","SCA|NO2","mFRR","Local","Up","4220.00","0.00"," "
"05/10/2023 04:00:00","SCA|NO2","mFRR","Local","Down","501.00","0.00"," "
"05/10/2023 05:00:00","SCA|NO2","mFRR","Local","Up","4365.00","0.00"," "
"05/10/2023 05:00:00","SCA|NO2","mFRR","Local","Down","506.00","37.00"," "
"05/10/2023 06:00:00","SCA|NO2","mFRR","Local","Up","4229.00","0.00"," "
"05/10/2023 06:00:00","SCA|NO2","mFRR","Local","Down","759.00","54.50"," "
"05/10/2023 07:00:00","SCA|NO2","mFRR","Local","Up","4216.50","0.00"," "
"05/10/2023 07:00:00","SCA|NO2","mFRR","Local","Down","781.50","0.00"," "
"05/10/2023 08:00:00","SCA|NO2","mFRR","Local","Up","4100.50","0.00"," "
"05/10/2023 08:00:00","SCA|NO2","mFRR","Local","Down","921.00","0.00"," "
"05/10/2023 09:00:00","SCA|NO2","mFRR","Local","Up","4117.75","0.00"," "
"05/10/2023 09:00:00","SCA|NO2","mFRR","Local","Down","874.00","0.00"," "
"05/10/2023 10:00:00","SCA|NO2","mFRR","Local","Up","4119.00","0.00"," "
"05/10/2023 10:00:00","SCA|NO2","mFRR","Local","Down","843.00","0.00"," "
"05/10/2023 11:00:00","SCA|NO2","mFRR","Local","Up","4122.00","0.00"," "
"05/10/2023 11:00:00","SCA|NO2","mFRR","Local","Down","823.00","27.00"," "
"05/10/2023 12:00:00","SCA|NO2","mFRR","Local","Up","4094.00","0.00"," "
"05/10/2023 12:00:00","SCA|NO2","mFRR","Local","Down","893.00","81.50"," "
"05/10/2023 13:00:00","SCA|NO2","mFRR","Local","Up","3679.50","0.00"," "
"05/10/2023 13:00:00","SCA|NO2","mFRR","Local","Down","1135.75","304.75"," "
"05/10/2023 14:00:00","SCA|NO2","mFRR","Local","Up","3416.75","0.00"," "
"05/10/2023 14:00:00","SCA|NO2","mFRR","Local","Down","1352.75","590.75"," "
"05/10/2023 15:00:00","SCA|NO2","mFRR","Local","Up","2972.50","0.00"," "
"05/10/2023 15:00:00","SCA|NO2","mFRR","Local","Down","1606.00","759.50"," "
"05/10/2023 16:00:00","SCA|NO2","mFRR","Local","Up","2363.50","0.00"," "
"05/10/2023 16:00:00","SCA|NO2","mFRR","Local","Down","2160.50","955.00"," "
"05/10/2023 17:00:00","SCA|NO2","mFRR","Local","Up","1478.00","0.00"," "
"05/10/2023 17:00:00","SCA|NO2","mFRR","Local","Down","2799.00","605.25"," "
"05/10/2023 18:00:00","SCA|NO2","mFRR","Local","Up","1344.25","0.00"," "
"05/10/2023 18:00:00","SCA|NO2","mFRR","Local","Down","3296.00","172.00"," "
"05/10/2023 19:00:00","SCA|NO2","mFRR","Local","Up","1389.00","0.00"," "
"05/10/2023 19:00:00","SCA|NO2","mFRR","Local","Down","3255.00","0.00"," "
"05/10/2023 20:00:00","SCA|NO2","mFRR","Local","Up","1409.00","0.00"," "
"05/10/2023 20:00:00","SCA|NO2","mFRR","Local","Down","3260.00","0.00"," "
"05/10/2023 21:00:00","SCA|NO2","mFRR","Local","Up","1457.00","0.00"," "
"05/10/2023 21:00:00","SCA|NO2","mFRR","Local","Down","3125.00","0.00"," "
"05/10/2023 22:00:00","SCA|NO2","mFRR","Local","Up","1655.00","0.00"," "
"05/10/2023 22:00:00","SCA|NO2","mFRR","Local","Down","3017.00","0.00"," "
"05/10/2023 23:00:00","SCA|NO2","mFRR","Local","Up","2085.50","0.00"," "
"05/10/2023 23:00:00","SCA|NO2","mFRR","Local","Down","2617.50","0.00"," "
"06/10/2023 00:00:00","SCA|NO2","mFRR","Local","Up","2126.25","0.00"," "
"06/10/2023 00:00:00","SCA|NO2","mFRR","Local","Down","2401.00","644.00"," "
"06/10/2023 01:00:00","SCA|NO2","mFRR","Local","Up","2924.50","0.00"," "
"06/10/2023 01:00:00","SCA|NO2","mFRR","Local","Down","2196.50","364.00"," "
"06/10/2023 02:00:00","SCA|NO2","mFRR","Local","Up","3577.25","0.00"," "
"06/10/2023 02:00:00","SCA|NO2","mFRR","Local","Down","1736.50","359.25"," "
"06/10/2023 03:00:00","SCA|NO2","mFRR","Local","Up","4031.50","0.00"," "
"06/10/2023 03:00:00","SCA|NO2","mFRR","Local","Down","1486.75","49.00"," "
"06/10/2023 04:00:00","SCA|NO2","mFRR","Local","Up","4360.00","10.00"," "
"06/10/2023 04:00:00","SCA|NO2","mFRR","Local","Down","1255.00","0.00"," "
"06/10/2023 05:00:00","SCA|NO2","mFRR","Local","Up","4467.00","0.00"," "
"06/10/2023 05:00:00","SCA|NO2","mFRR","Local","Down","1034.00","0.00"," "
"06/10/2023 06:00:00","SCA|NO2","mFRR","Local","Up","4378.00","0.00"," "
"06/10/2023 06:00:00","SCA|NO2","mFRR","Local","Down","1094.00","0.00"," "
"06/10/2023 07:00:00","SCA|NO2","mFRR","Local","Up","4170.00","0.00"," "
"06/10/2023 07:00:00","SCA|NO2","mFRR","Local","Down","1299.00","0.00"," "
"06/10/2023 08:00:00","SCA|NO2","mFRR","Local","Up","4008.00","0.00"," "
"06/10/2023 08:00:00","SCA|NO2","mFRR","Local","Down","1368.00","147.00"," "
"06/10/2023 09:00:00","SCA|NO2","mFRR","Local","Up","4159.00","0.00"," "
"06/10/2023 09:00:00","SCA|NO2","mFRR","Local","Down","1343.00","182.25"," "
"06/10/2023 10:00:00","SCA|NO2","mFRR","Local","Up","4187.00","0.00"," "
"06/10/2023 10:00:00","SCA|NO2","mFRR","Local","Down","1326.00","199.50"," "
"06/10/2023 11:00:00","SCA|NO2","mFRR","Local","Up","4299.00","0.00"," "
"06/10/2023 11:00:00","SCA|NO2","mFRR","Local","Down","1216.00","139.00"," "
"06/10/2023 12:00:00","SCA|NO2","mFRR","Local","Up","4484.00","0.00"," "
"06/10/2023 12:00:00","SCA|NO2","mFRR","Local","Down","1122.00","90.00"," "
"06/10/2023 13:00:00","SCA|NO2","mFRR","Local","Up","4591.00","0.00"," "
"06/10/2023 13:00:00","SCA|NO2","mFRR","Local","Down","1143.00","45.00"," "
"06/10/2023 14:00:00","SCA|NO2","mFRR","Local","Up","4569.00","0.00"," "
"06/10/2023 14:00:00","SCA|NO2","mFRR","Local","Down","1147.00","45.00"," "
"06/10/2023 15:00:00","SCA|NO2","mFRR","Local","Up","4581.00","0.00"," "
"06/10/2023 15:00:00","SCA|NO2","mFRR","Local","Down","1070.00","16.00"," "
"06/10/2023 16:00:00","SCA|NO2","mFRR","Local","Up","4559.00","0.00"," "
"06/10/2023 16:00:00","SCA|NO2","mFRR","Local","Down","1072.00","0.00"," "
"06/10/2023 17:00:00","SCA|NO2","mFRR","Local","Up","4579.00","0.00"," "
"06/10/2023 17:00:00","SCA|NO2","mFRR","Local","Down","1048.00","0.00"," "
"06/10/2023 18:00:00","SCA|NO2","mFRR","Local","Up","4383.00","0.00"," "
"06/10/2023 18:00:00","SCA|NO2","mFRR","Local","Down","1088.00","0.00"," "
"06/10/2023 19:00:00","SCA|NO2","mFRR","Local","Up","4369.00","0.00"," "
"06/10/2023 19:00:00","SCA|NO2","mFRR","Local","Down","1087.00","0.00"," "
"06/10/2023 20:00:00","SCA|NO2","mFRR","Local","Up","4387.00","0.00"," "
"06/10/2023 20:00:00","SCA|NO2","mFRR","Local","Down","1069.00","0.00"," "
"06/10/2023 21:00:00","SCA|NO2","mFRR","Local","Up","4398.00","0.00"," "
"06/10/2023 21:00:00","SCA|NO2","mFRR","Local","Down","1045.00","389.75"," "
"06/10/2023 22:00:00","SCA|NO2","mFRR","Local","Up","4480.00","0.00"," "
"06/10/2023 22:00:00","SCA|NO2","mFRR","Local","Down","923.00","409.50"," "
"06/10/2023 23:00:00","SCA|NO2","mFRR","Local","Up","4516.00","0.00"," "
"06/10/2023 23:00:00","SCA|NO2","mFRR","Local","Down","888.00","405.00"," "
"07/10/2023 00:00:00","SCA|NO2","mFRR","Local","Up","4342.00","21.75"," "
"07/10/2023 00:00:00","SCA|NO2","mFRR","Local","Down","933.00","0.00"," "
"07/10/2023 01:00:00","SCA|NO2","mFRR","Local","Up","4454.00","148.00"," "
"07/10/2023 01:00:00","SCA|NO2","mFRR","Local","Down","860.00","0.00"," "
"07/10/2023 02:00:00","SCA|NO2","mFRR","Local","Up","4401.00","145.00"," "
"07/10/2023 02:00:00","SCA|NO2","mFRR","Local","Down","867.25","0.00"," "
"07/10/2023 03:00:00","SCA|NO2","mFRR","Local","Up","4479.00","224.00"," "
"07/10/2023 03:00:00","SCA|NO2","mFRR","Local","Down","792.00","0.00"," "
"07/10/2023 04:00:00","SCA|NO2","mFRR","Local","Up","4465.00","209.00"," "
"07/10/2023 04:00:00","SCA|NO2","mFRR","Local","Down","855.00","0.00"," "
"07/10/2023 05:00:00","SCA|NO2","mFRR","Local","Up","4281.00","165.00"," "
"07/10/2023 05:00:00","SCA|NO2","mFRR","Local","Down","804.00","0.00"," "
"07/10/2023 06:00:00","SCA|NO2","mFRR","Local","Up","4259.00","165.00"," "
"07/10/2023 06:00:00","SCA|NO2","mFRR","Local","Down","686.00","0.00"," "
"07/10/2023 07:00:00","SCA|NO2","mFRR","Local","Up","4265.00","305.50"," "
"07/10/2023 07:00:00","SCA|NO2","mFRR","Local","Down","701.00","0.00"," "
"07/10/2023 08:00:00","SCA|NO2","mFRR","Local","Up","4204.00","612.00"," "
"07/10/2023 08:00:00","SCA|NO2","mFRR","Local","Down","696.00","0.00"," "
"07/10/2023 09:00:00","SCA|NO2","mFRR","Local","Up","3628.00","117.00"," "
"07/10/2023 09:00:00","SCA|NO2","mFRR","Local","Down","1270.00","0.00"," "
"07/10/2023 10:00:00","SCA|NO2","mFRR","Local","Up","3514.00","0.00"," "
"07/10/2023 10:00:00","SCA|NO2","mFRR","Local","Down","1531.00","0.00"," "
"07/10/2023 11:00:00","SCA|NO2","mFRR","Local","Up","3543.00","0.00"," "
"07/10/2023 11:00:00","SCA|NO2","mFRR","Local","Down","1460.00","0.00"," "
"07/10/2023 12:00:00","SCA|NO2","mFRR","Local","Up","3773.75","0.00"," "
"07/10/2023 12:00:00","SCA|NO2","mFRR","Local","Down","1134.00","0.00"," "
"07/10/2023 13:00:00","SCA|NO2","mFRR","Local","Up","4125.00","0.00"," "
"07/10/2023 13:00:00","SCA|NO2","mFRR","Local","Down","845.00","0.00"," "
"07/10/2023 14:00:00","SCA|NO2","mFRR","Local","Up","3923.25","0.00"," "
"07/10/2023 14:00:00","SCA|NO2","mFRR","Local","Down","998.75","101.25"," "
"07/10/2023 15:00:00","SCA|NO2","mFRR","Local","Up","3162.00","0.00"," "
"07/10/2023 15:00:00","SCA|NO2","mFRR","Local","Down","1700.75","40.50"," "
"07/10/2023 16:00:00","SCA|NO2","mFRR","Local","Up","1909.00","0.00"," "
"07/10/2023 16:00:00","SCA|NO2","mFRR","Local","Down","3007.00","0.00"," "
"07/10/2023 17:00:00","SCA|NO2","mFRR","Local","Up","1955.00","0.00"," "
"07/10/2023 17:00:00","SCA|NO2","mFRR","Local","Down","2893.00","0.00"," "
"07/10/2023 18:00:00","SCA|NO2","mFRR","Local","Up","1962.00","0.00"," "
"07/10/2023 18:00:00","SCA|NO2","mFRR","Local","Down","2888.00","0.00"," "
"07/10/2023 19:00:00","SCA|NO2","mFRR","Local","Up","1988.75","0.00"," "
"07/10/2023 19:00:00","SCA|NO2","mFRR","Local","Down","2887.00","0.00"," "
"07/10/2023 20:00:00","SCA|NO2","mFRR","Local","Up","2155.00","0.00"," "
"07/10/2023 20:00:00","SCA|NO2","mFRR","Local","Down","2832.00","0.00"," "
"07/10/2023 21:00:00","SCA|NO2","mFRR","Local","Up","2202.50","0.00"," "
"07/10/2023 21:00:00","SCA|NO2","mFRR","Local","Down","2617.00","0.00"," "
"07/10/2023 22:00:00","SCA|NO2","mFRR","Local","Up","2581.00","0.00"," "
"07/10/2023 22:00:00","SCA|NO2","mFRR","Local","Down","2201.00","0.00"," "
"07/10/2023 23:00:00","SCA|NO2","mFRR","Local","Up","2903.00","0.00"," "
"07/10/2023 23:00:00","SCA|NO2","mFRR","Local","Down","1847.00","0.00"," "
"08/10/2023 00:00:00","SCA|NO2","mFRR","Local","Up","2649.00","0.00"," "
"08/10/2023 00:00:00","SCA|NO2","mFRR","Local","Down","2059.00","0.00"," "
"08/10/2023 01:00:00","SCA|NO2","mFRR","Local","Up","2840.00","0.00"," "
"08/10/2023 01:00:00","SCA|NO2","mFRR","Local","Down","2036.00","0.00"," "
"08/10/2023 02:00:00","SCA|NO2","mFRR","Local","Up","2678.00","0.00"," "
"08/10/2023 02:00:00","SCA|NO2","mFRR","Local","Down","2179.00","0.00"," "
"08/10/2023 03:00:00","SCA|NO2","mFRR","Local","Up","2592.00","0.00"," "
"08/10/2023 03:00:00","SCA|NO2","mFRR","Local","Down","2286.00","0.00"," "
"08/10/2023 04:00:00","SCA|NO2","mFRR","Local","Up","2582.00","0.00"," "
"08/10/2023 04:00:00","SCA|NO2","mFRR","Local","Down","2299.00","0.00"," "
"08/10/2023 05:00:00","SCA|NO2","mFRR","Local","Up","2147.00","0.00"," "
"08/10/2023 05:00:00","SCA|NO2","mFRR","Local","Down","2473.00","0.00"," "
"08/10/2023 06:00:00","SCA|NO2","mFRR","Local","Up","1700.00","0.00"," "
"08/10/2023 06:00:00","SCA|NO2","mFRR","Local","Down","2956.00","0.00"," "
"08/10/2023 07:00:00","SCA|NO2","mFRR","Local","Up","1557.00","0.00"," "
"08/10/2023 07:00:00","SCA|NO2","mFRR","Local","Down","3098.00","0.00"," "
"08/10/2023 08:00:00","SCA|NO2","mFRR","Local","Up","1451.00","0.00"," "
"08/10/2023 08:00:00","SCA|NO2","mFRR","Local","Down","3157.00","0.00"," "
"08/10/2023 09:00:00","SCA|NO2","mFRR","Local","Up","1363.00","0.00"," "
"08/10/2023 09:00:00","SCA|NO2","mFRR","Local","Down","3309.00","0.00"," "
"08/10/2023 10:00:00","SCA|NO2","mFRR","Local","Up","1237.00","0.00"," "
"08/10/2023 10:00:00","SCA|NO2","mFRR","Local","Down","3503.00","0.00"," "
"08/10/2023 11:00:00","SCA|NO2","mFRR","Local","Up","1221.00","0.00"," "
"08/10/2023 11:00:00","SCA|NO2","mFRR","Local","Down","3502.00","0.00"," "
"08/10/2023 12:00:00","SCA|NO2","mFRR","Local","Up","1155.00","0.00"," "
"08/10/2023 12:00:00","SCA|NO2","mFRR","Local","Down","3436.00","0.00"," "
"08/10/2023 13:00:00","SCA|NO2","mFRR","Local","Up","1178.00","0.00"," "
"08/10/2023 13:00:00","SCA|NO2","mFRR","Local","Down","3262.00","0.00"," "
"08/10/2023 14:00:00","SCA|NO2","mFRR","Local","Up","1171.00","0.00"," "
"08/10/2023 14:00:00","SCA|NO2","mFRR","Local","Down","3266.00","0.00"," "
"08/10/2023 15:00:00","SCA|NO2","mFRR","Local","Up","1291.00","0.00"," "
"08/10/2023 15:00:00","SCA|NO2","mFRR","Local","Down","3272.00","0.00"," "
"08/10/2023 16:00:00","SCA|NO2","mFRR","Local","Up","1261.00","0.00"," "
"08/10/2023 16:00:00","SCA|NO2","mFRR","Local","Down","3302.00","0.00"," "
"08/10/2023 17:00:00","SCA|NO2","mFRR","Local","Up","1237.00","0.00"," "
"08/10/2023 17:00:00","SCA|NO2","mFRR","Local","Down","3313.00","0.00"," "
"08/10/2023 18:00:00","SCA|NO2","mFRR","Local","Up","1819.00","232.25"," "
"08/10/2023 18:00:00","SCA|NO2","mFRR","Local","Down","3176.00","0.00"," "
"08/10/2023 19:00:00","SCA|NO2","mFRR","Local","Up","1807.00","386.75"," "
"08/10/2023 19:00:00","SCA|NO2","mFRR","Local","Down","3201.00","0.00"," "
"08/10/2023 20:00:00","SCA|NO2","mFRR","Local","Up","1807.00","0.00"," "
"08/10/2023 20:00:00","SCA|NO2","mFRR","Local","Down","3209.00","0.00"," "
"08/10/2023 21:00:00","SCA|NO2","mFRR","Local","Up","1807.00","0.00"," "
"08/10/2023 21:00:00","SCA|NO2","mFRR","Local","Down","3217.00","0.00"," "
"08/10/2023 22:00:00","SCA|NO2","mFRR","Local","Up","1871.00","7.00"," "
"08/10/2023 22:00:00","SCA|NO2","mFRR","Local","Down","3192.00","0.00"," "
"08/10/2023 23:00:00","SCA|NO2","mFRR","Local","Up","1915.00","0.00"," "
"08/10/2023 23:00:00","SCA|NO2","mFRR","Local","Down","3077.00","0.00"," "
"09/10/2023 00:00:00","SCA|NO2","mFRR","Local","Up","1828.00","0.00"," "
"09/10/2023 00:00:00","SCA|NO2","mFRR","Local","Down","3040.00","0.00"," "
"09/10/2023 01:00:00","SCA|NO2","mFRR","Local","Up","1927.50","0.00"," "
"09/10/2023 01:00:00","SCA|NO2","mFRR","Local","Down","2863.00","0.00"," "
"09/10/2023 02:00:00","SCA|NO2","mFRR","Local","Up","1953.00","0.00"," "
"09/10/2023 02:00:00","SCA|NO2","mFRR","Local","Down","3048.00","0.00"," "
"09/10/2023 03:00:00","SCA|NO2","mFRR","Local","Up","1953.00","0.00"," "
"09/10/2023 03:00:00","SCA|NO2","mFRR","Local","Down","3059.00","0.00"," "
"09/10/2023 04:00:00","SCA|NO2","mFRR","Local","Up","1953.00","0.00"," "
"09/10/2023 04:00:00","SCA|NO2","mFRR","Local","Down","3051.00","0.00"," "
"09/10/2023 05:00:00","SCA|NO2","mFRR","Local","Up","2261.00","0.00"," "
"09/10/2023 05:00:00","SCA|NO2","mFRR","Local","Down","2930.00","0.00"," "
"09/10/2023 06:00:00","SCA|NO2","mFRR","Local","Up","1730.50","98.50"," "
"09/10/2023 06:00:00","SCA|NO2","mFRR","Local","Down","3436.50","0.00"," "
"09/10/2023 07:00:00","SCA|NO2","mFRR","Local","Up","1166.00","383.25"," "
"09/10/2023 07:00:00","SCA|NO2","mFRR","Local","Down","3979.00","0.00"," "
"09/10/2023 08:00:00","SCA|NO2","mFRR","Local","Up","727.00","313.50"," "
"09/10/2023 08:00:00","SCA|NO2","mFRR","Local","Down","4467.00","0.00"," "
"09/10/2023 09:00:00","SCA|NO2","mFRR","Local","Up","716.50","311.00"," "
"09/10/2023 09:00:00","SCA|NO2","mFRR","Local","Down","4390.00","0.00"," "
"09/10/2023 10:00:00","SCA|NO2","mFRR","Local","Up","797.00","242.00"," "
"09/10/2023 10:00:00","SCA|NO2","mFRR","Local","Down","4210.00","0.00"," "
"09/10/2023 11:00:00","SCA|NO2","mFRR","Local","Up","837.00","0.00"," "
"09/10/2023 11:00:00","SCA|NO2","mFRR","Local","Down","4170.00","0.00"," "
"09/10/2023 12:00:00","SCA|NO2","mFRR","Local","Up","1038.00","0.00"," "
"09/10/2023 12:00:00","SCA|NO2","mFRR","Local","Down","4044.00","0.00"," "
"09/10/2023 13:00:00","SCA|NO2","mFRR","Local","Up","1013.00","0.00"," "
"09/10/2023 13:00:00","SCA|NO2","mFRR","Local","Down","4043.00","0.00"," "
"09/10/2023 14:00:00","SCA|NO2","mFRR","Local","Up","1101.00","0.00"," "
"09/10/2023 14:00:00","SCA|NO2","mFRR","Local","Down","3990.00","0.00"," "
"09/10/2023 15:00:00","SCA|NO2","mFRR","Local","Up","1138.00","0.00"," "
"09/10/2023 15:00:00","SCA|NO2","mFRR","Local","Down","3917.00","0.00"," "
"09/10/2023 16:00:00","SCA|NO2","mFRR","Local","Up","1096.00","0.00"," "
"09/10/2023 16:00:00","SCA|NO2","mFRR","Local","Down","4010.00","0.00"," "
"09/10/2023 17:00:00","SCA|NO2","mFRR","Local","Up","1107.00","0.00"," "
"09/10/2023 17:00:00","SCA|NO2","mFRR","Local","Down","4026.00","0.00"," "
"09/10/2023 18:00:00","SCA|NO2","mFRR","Local","Up","958.00","174.75"," "
"09/10/2023 18:00:00","SCA|NO2","mFRR","Local","Down","4208.00","0.00"," "
"09/10/2023 19:00:00","SCA|NO2","mFRR","Local","Up","1162.00","239.25"," "
"09/10/2023 19:00:00","SCA|NO2","mFRR","Local","Down","4041.25","0.00"," "
"09/10/2023 20:00:00","SCA|NO2","mFRR","Local","Up","1084.00","0.00"," "
"09/10/2023 20:00:00","SCA|NO2","mFRR","Local","Down","4181.00","0.00"," "
"09/10/2023 21:00:00","SCA|NO2","mFRR","Local","Up","1291.00","0.00"," "
"09/10/2023 21:00:00","SCA|NO2","mFRR","Local","Down","3967.00","0.00"," "
"09/10/2023 22:00:00","SCA|NO2","mFRR","Local","Up","2082.50","0.00"," "
"09/10/2023 22:00:00","SCA|NO2","mFRR","Local","Down","2987.00","0.00"," "
"09/10/2023 23:00:00","SCA|NO2","mFRR","Local","Up","2876.00","295.50"," "
"09/10/2023 23:00:00","SCA|NO2","mFRR","Local","Down","2548.00","0.00"," "
"10/10/2023 00:00:00","SCA|NO2","mFRR","Local","Up","2679.00","317.00"," "
"10/10/2023 00:00:00","SCA|NO2","mFRR","Local","Down","1744.00","0.00"," "
"10/10/2023 01:00:00","SCA|NO2","mFRR","Local","Up","2776.00","196.25"," "
"10/10/2023 01:00:00","SCA|NO2","mFRR","Local","Down","1776.00","0.00"," "
"10/10/2023 02:00:00","SCA|NO2","mFRR","Local","Up","2776.00","207.00"," "
"10/10/2023 02:00:00","SCA|NO2","mFRR","Local","Down","1773.00","0.00"," "
"10/10/2023 03:00:00","SCA|NO2","mFRR","Local","Up","2805.00","145.00"," "
"10/10/2023 03:00:00","SCA|NO2","mFRR","Local","Down","1774.00","0.00"," "
"10/10/2023 04:00:00","SCA|NO2","mFRR","Local","Up","2807.00","69.50"," "
"10/10/2023 04:00:00","SCA|NO2","mFRR","Local","Down","1779.00","0.00"," "
"10/10/2023 05:00:00","SCA|NO2","mFRR","Local","Up","2706.00","0.00"," "
"10/10/2023 05:00:00","SCA|NO2","mFRR","Local","Down","2132.50","0.00"," "
"10/10/2023 06:00:00","SCA|NO2","mFRR","Local","Up","1526.25","0.00"," "
"10/10/2023 06:00:00","SCA|NO2","mFRR","Local","Down","2800.25","0.00"," "
"10/10/2023 07:00:00","SCA|NO2","mFRR","Local","Up","921.00","0.00"," "
"10/10/2023 07:00:00","SCA|NO2","mFRR","Local","Down","3266.00","0.00"," "
"10/10/2023 08:00:00","SCA|NO2","mFRR","Local","Up","883.00","0.00"," "
"10/10/2023 08:00:00","SCA|NO2","mFRR","Local","Down","3357.00","175.00"," "
"10/10/2023 09:00:00","SCA|NO2","mFRR","Local","Up","924.00","0.00"," "
"10/10/2023 09:00:00","SCA|NO2","mFRR","Local","Down","3286.00","0.00"," "
"10/10/2023 10:00:00","SCA|NO2","mFRR","Local","Up","975.00","61.00"," "
"10/10/2023 10:00:00","SCA|NO2","mFRR","Local","Down","3264.00","0.00"," "
"10/10/2023 11:00:00","SCA|NO2","mFRR","Local","Up","1668.00","62.00"," "
"10/10/2023 11:00:00","SCA|NO2","mFRR","Local","Down","2956.00","0.00"," "
"10/10/2023 12:00:00","SCA|NO2","mFRR","Local","Up","2099.00","118.50"," "
"10/10/2023 12:00:00","SCA|NO2","mFRR","Local","Down","2600.00","0.00"," "
"10/10/2023 13:00:00","SCA|NO2","mFRR","Local","Up","2449.00","0.00"," "
"10/10/2023 13:00:00","SCA|NO2","mFRR","Local","Down","2103.00","320.50"," "
"10/10/2023 14:00:00","SCA|NO2","mFRR","Local","Up","2880.00","0.00"," "
"10/10/2023 14:00:00","SCA|NO2","mFRR","Local","Down","1723.00","298.00"," "
"10/10/2023 15:00:00","SCA|NO2","mFRR","Local","Up","3212.00","0.00"," "
"10/10/2023 15:00:00","SCA|NO2","mFRR","Local","Down","1477.00","126.00"," "
"10/10/2023 16:00:00","SCA|NO2","mFRR","Local","Up","2948.00","0.00"," "
"10/10/2023 16:00:00","SCA|NO2","mFRR","Local","Down","1725.00","197.25"," "
"10/10/2023 17:00:00","SCA|NO2","mFRR","Local","Up","2690.75","0.00"," "
"10/10/2023 17:00:00","SCA|NO2","mFRR","Local","Down","1629.50","0.00"," "
"10/10/2023 18:00:00","SCA|NO2","mFRR","Local","Up","3048.00","0.00"," "
"10/10/2023 18:00:00","SCA|NO2","mFRR","Local","Down","1500.25","0.00"," "
"10/10/2023 19:00:00","SCA|NO2","mFRR","Local","Up","3386.00","0.00"," "
"10/10/2023 19:00:00","SCA|NO2","mFRR","Local","Down","1168.00","0.00"," "
"10/10/2023 20:00:00","SCA|NO2","mFRR","Local","Up","3582.75","0.00"," "
"10/10/2023 20:00:00","SCA|NO2","mFRR","Local","Down","990.75","105.50"," "
"10/10/2023 21:00:00","SCA|NO2","mFRR","Local","Up","3801.75","0.00"," "
"10/10/2023 21:00:00","SCA|NO2","mFRR","Local","Down","635.00","0.00"," "
"10/10/2023 22:00:00","SCA|NO2","mFRR","Local","Up","3931.00","0.00"," "
"10/10/2023 22:00:00","SCA|NO2","mFRR","Local","Down","697.00","0.00"," "
"10/10/2023 23:00:00","SCA|NO2","mFRR","Local","Up","3985.00","0.00"," "
"10/10/2023 23:00:00","SCA|NO2","mFRR","Local","Down","656.00","0.00"," "
"11/10/2023 00:00:00","SCA|NO2","mFRR","Local","Up","3801.00","0.00"," "
"11/10/2023 00:00:00","SCA|NO2","mFRR","Local","Down","589.00","0.00"," "
"11/10/2023 01:00:00","SCA|NO2","mFRR","Local","Up","4046.00","0.00"," "
"11/10/2023 01:00:00","SCA|NO2","mFRR","Local","Down","508.00","30.00"," "
"11/10/2023 02:00:00","SCA|NO2","mFRR","Local","Up","4046.00","0.00"," "
"11/10/2023 02:00:00","SCA|NO2","mFRR","Local","Down","492.00","40.00"," "
"11/10/2023 03:00:00","SCA|NO2","mFRR","Local","Up","4046.00","0.00"," "
"11/10/2023 03:00:00","SCA|NO2","mFRR","Local","Down","464.00","40.00"," "
"11/10/2023 04:00:00","SCA|NO2","mFRR","Local","Up","4046.00","0.00"," "
"11/10/2023 04:00:00","SCA|NO2","mFRR","Local","Down","446.00","40.00"," "
"11/10/2023 05:00:00","SCA|NO2","mFRR","Local","Up","4082.50","0.00"," "
"11/10/2023 05:00:00","SCA|NO2","mFRR","Local","Down","627.50","131.50"," "
"11/10/2023 06:00:00","SCA|NO2","mFRR","Local","Up","3932.00","0.00"," "
"11/10/2023 06:00:00","SCA|NO2","mFRR","Local","Down","826.50","30.50"," "
"11/10/2023 07:00:00","SCA|NO2","mFRR","Local","Up","2966.00","0.00"," "
"11/10/2023 07:00:00","SCA|NO2","mFRR","Local","Down","832.50","0.00"," "
"11/10/2023 08:00:00","SCA|NO2","mFRR","Local","Up","2849.00","0.00"," "
"11/10/2023 08:00:00","SCA|NO2","mFRR","Local","Down","776.00","0.00"," "
"11/10/2023 09:00:00","SCA|NO2","mFRR","Local","Up","2960.00","0.00"," "
"11/10/2023 09:00:00","SCA|NO2","mFRR","Local","Down","817.00","0.00"," "
"11/10/2023 10:00:00","SCA|NO2","mFRR","Local","Up","2960.00","0.00"," "
"11/10/2023 10:00:00","SCA|NO2","mFRR","Local","Down","828.00","0.00"," "
"11/10/2023 11:00:00","SCA|NO2","mFRR","Local","Up","3049.00","0.00"," "
"11/10/2023 11:00:00","SCA|NO2","mFRR","Local","Down","501.00","0.00"," "
"11/10/2023 12:00:00","SCA|NO2","mFRR","Local","Up","3007.00","0.00"," "
"11/10/2023 12:00:00","SCA|NO2","mFRR","Local","Down","503.00","0.00"," "
"11/10/2023 13:00:00","SCA|NO2","mFRR","Local","Up","3007.00","0.00"," "
"11/10/2023 13:00:00","SCA|NO2","mFRR","Local","Down","505.00","0.00"," "
"11/10/2023 14:00:00","SCA|NO2","mFRR","Local","Up","3007.00","0.00"," "
"11/10/2023 14:00:00","SCA|NO2","mFRR","Local","Down","501.00","0.00"," "
"11/10/2023 15:00:00","SCA|NO2","mFRR","Local","Up","3647.00","0.00"," "
"11/10/2023 15:00:00","SCA|NO2","mFRR","Local","Down","720.00","0.00"," "
"11/10/2023 16:00:00","SCA|NO2","mFRR","Local","Up","3498.00","0.00"," "
"11/10/2023 16:00:00","SCA|NO2","mFRR","Local","Down","932.00","190.75"," "
"11/10/2023 17:00:00","SCA|NO2","mFRR","Local","Up","3285.00","0.00"," "
"11/10/2023 17:00:00","SCA|NO2","mFRR","Local","Down","804.00","70.00"," "
"11/10/2023 18:00:00","SCA|NO2","mFRR","Local","Up","3285.00","0.00"," "
"11/10/2023 18:00:00","SCA|NO2","mFRR","Local","Down","828.00","0.00"," "
"11/10/2023 19:00:00","SCA|NO2","mFRR","Local","Up","3271.00","0.00"," "
"11/10/2023 19:00:00","SCA|NO2","mFRR","Local","Down","1003.00","96.00"," "
"11/10/2023 20:00:00","SCA|NO2","mFRR","Local","Up","3241.00","0.00"," "
"11/10/2023 20:00:00","SCA|NO2","mFRR","Local","Down","1097.00","254.00"," "
"11/10/2023 21:00:00","SCA|NO2","mFRR","Local","Up","3438.75","0.00"," "
"11/10/2023 21:00:00","SCA|NO2","mFRR","Local","Down","713.00","3.75"," "
"11/10/2023 22:00:00","SCA|NO2","mFRR","Local","Up","3667.00","28.00"," "
"11/10/2023 22:00:00","SCA|NO2","mFRR","Local","Down","749.00","0.00"," "
"11/10/2023 23:00:00","SCA|NO2","mFRR","Local","Up","3741.00","42.00"," "
"11/10/2023 23:00:00","SCA|NO2","mFRR","Local","Down","657.00","0.00"," "
"12/10/2023 00:00:00","SCA|NO2","mFRR","Local","Up","4177.50","0.00"," "
"12/10/2023 00:00:00","SCA|NO2","mFRR","Local","Down","532.00","0.00"," "
"12/10/2023 01:00:00","SCA|NO2","mFRR","Local","Up","4233.00","0.00"," "
"12/10/2023 01:00:00","SCA|NO2","mFRR","Local","Down","531.00","0.00"," "
"12/10/2023 02:00:00","SCA|NO2","mFRR","Local","Up","4233.00","0.00"," "
"12/10/2023 02:00:00","SCA|NO2","mFRR","Local","Down","526.00","0.00"," "
"12/10/2023 03:00:00","SCA|NO2","mFRR","Local","Up","4233.00","0.00"," "
"12/10/2023 03:00:00","SCA|NO2","mFRR","Local","Down","523.00","0.00"," "
"12/10/2023 04:00:00","SCA|NO2","mFRR","Local","Up","4234.00","0.00"," "
"12/10/2023 04:00:00","SCA|NO2","mFRR","Local","Down","523.00","0.00"," "
"12/10/2023 05:00:00","SCA|NO2","mFRR","Local","Up","4205.50","0.00"," "
"12/10/2023 05:00:00","SCA|NO2","mFRR","Local","Down","578.50","0.00"," "
"12/10/2023 06:00:00","SCA|NO2","mFRR","Local","Up","3908.50","0.00"," "
"12/10/2023 06:00:00","SCA|NO2","mFRR","Local","Down","938.50","0.00"," "
"12/10/2023 07:00:00","SCA|NO2","mFRR","Local","Up","3110.00","0.00"," "
"12/10/2023 07:00:00","SCA|NO2","mFRR","Local","Down","998.00","0.00"," "
"12/10/2023 08:00:00","SCA|NO2","mFRR","Local","Up","2826.00","0.00"," "
"12/10/2023 08:00:00","SCA|NO2","mFRR","Local","Down","1369.00","67.50"," "
"12/10/2023 09:00:00","SCA|NO2","mFRR","Local","Up","2857.00","0.00"," "
"12/10/2023 09:00:00","SCA|NO2","mFRR","Local","Down","1383.00","155.50"," "
"12/10/2023 10:00:00","SCA|NO2","mFRR","Local","Up","2708.00","0.00"," "
"12/10/2023 10:00:00","SCA|NO2","mFRR","Local","Down","1260.00","187.00"," "
"12/10/2023 11:00:00","SCA|NO2","mFRR","Local","Up","2850.00","0.00"," "
"12/10/2023 11:00:00","SCA|NO2","mFRR","Local","Down","1027.00","118.00"," "
"12/10/2023 12:00:00","SCA|NO2","mFRR","Local","Up","2656.00","0.00"," "
"12/10/2023 12:00:00","SCA|NO2","mFRR","Local","Down","1106.00","148.75"," "
"12/10/2023 13:00:00","SCA|NO2","mFRR","Local","Up","2564.00","0.00"," "
"12/10/2023 13:00:00","SCA|NO2","mFRR","Local","Down","1200.00","373.00"," "
"12/10/2023 14:00:00","SCA|NO2","mFRR","Local","Up","2774.00","0.00"," "
"12/10/2023 14:00:00","SCA|NO2","mFRR","Local","Down","1387.00","502.00"," "
"12/10/2023 15:00:00","SCA|NO2","mFRR","Local","Up","2775.00","0.00"," "
"12/10/2023 15:00:00","SCA|NO2","mFRR","Local","Down","1765.00","344.25"," "
"12/10/2023 16:00:00","SCA|NO2","mFRR","Local","Up","2191.00","0.00"," "
"12/10/2023 16:00:00","SCA|NO2","mFRR","Local","Down","2552.00","0.00"," "
"12/10/2023 17:00:00","SCA|NO2","mFRR","Local","Up","1856.00","0.00"," "
"12/10/2023 17:00:00","SCA|NO2","mFRR","Local","Down","2907.00","0.00"," "
"12/10/2023 18:00:00","SCA|NO2","mFRR","Local","Up","1646.00","0.00"," "
"12/10/2023 18:00:00","SCA|NO2","mFRR","Local","Down","3052.00","0.00"," "
"12/10/2023 19:00:00","SCA|NO2","mFRR","Local","Up","1591.00","0.00"," "
"12/10/2023 19:00:00","SCA|NO2","mFRR","Local","Down","3159.00","0.00"," "
"12/10/2023 20:00:00","SCA|NO2","mFRR","Local","Up","1532.00","0.00"," "
"12/10/2023 20:00:00","SCA|NO2","mFRR","Local","Down","3149.00","0.00"," "
"12/10/2023 21:00:00","SCA|NO2","mFRR","Local","Up","1592.00","0.00"," "
"12/10/2023 21:00:00","SCA|NO2","mFRR","Local","Down","3097.00","0.00"," "
"12/10/2023 22:00:00","SCA|NO2","mFRR","Local","Up","1744.00","0.00"," "
"12/10/2023 22:00:00","SCA|NO2","mFRR","Local","Down","3026.00","0.00"," "
"12/10/2023 23:00:00","SCA|NO2","mFRR","Local","Up","1975.00","0.00"," "
"12/10/2023 23:00:00","SCA|NO2","mFRR","Local","Down","2940.00","0.00"," "
"13/10/2023 00:00:00","SCA|NO2","mFRR","Local","Up","2895.00","0.00"," "
"13/10/2023 00:00:00","SCA|NO2","mFRR","Local","Down","1747.00","0.00"," "
"13/10/2023 01:00:00","SCA|NO2","mFRR","Local","Up","3164.00","0.00"," "
"13/10/2023 01:00:00","SCA|NO2","mFRR","Local","Down","1669.00","0.00"," "
"13/10/2023 02:00:00","SCA|NO2","mFRR","Local","Up","3359.00","0.00"," "
"13/10/2023 02:00:00","SCA|NO2","mFRR","Local","Down","1683.00","0.00"," "
"13/10/2023 03:00:00","SCA|NO2","mFRR","Local","Up","3471.00","0.00"," "
"13/10/2023 03:00:00","SCA|NO2","mFRR","Local","Down","1350.00","0.00"," "
"13/10/2023 04:00:00","SCA|NO2","mFRR","Local","Up","3495.00","0.00"," "
"13/10/2023 04:00:00","SCA|NO2","mFRR","Local","Down","1583.00","252.75"," "
"13/10/2023 05:00:00","SCA|NO2","mFRR","Local","Up","3403.00","0.00"," "
"13/10/2023 05:00:00","SCA|NO2","mFRR","Local","Down","1678.00","189.50"," "
"13/10/2023 06:00:00","SCA|NO2","mFRR","Local","Up","3190.00","239.25"," "
"13/10/2023 06:00:00","SCA|NO2","mFRR","Local","Down","1612.00","0.00"," "
"13/10/2023 07:00:00","SCA|NO2","mFRR","Local","Up","3030.00","504.00"," "
"13/10/2023 07:00:00","SCA|NO2","mFRR","Local","Down","1669.00","0.00"," "
"13/10/2023 08:00:00","SCA|NO2","mFRR","Local","Up","2995.00","656.00"," "
"13/10/2023 08:00:00","SCA|NO2","mFRR","Local","Down","1667.00","0.00"," "
"13/10/2023 09:00:00","SCA|NO2","mFRR","Local","Up","2959.00","254.50"," "
"13/10/2023 09:00:00","SCA|NO2","mFRR","Local","Down","1743.00","0.00"," "
"13/10/2023 10:00:00","SCA|NO2","mFRR","Local","Up","3339.00","290.00"," "
"13/10/2023 10:00:00","SCA|NO2","mFRR","Local","Down","1586.00","0.00"," "
"13/10/2023 11:00:00","SCA|NO2","mFRR","Local","Up","3724.00","345.25"," "
"13/10/2023 11:00:00","SCA|NO2","mFRR","Local","Down","1142.00","0.00"," "
"13/10/2023 12:00:00","SCA|NO2","mFRR","Local","Up","4083.00","36.25"," "
"13/10/2023 12:00:00","SCA|NO2","mFRR","Local","Down","615.00","0.00"," "
"13/10/2023 13:00:00","SCA|NO2","mFRR","Local","Up","4366.00","0.00"," "
"13/10/2023 13:00:00","SCA|NO2","mFRR","Local","Down","422.00","0.00"," "
"13/10/2023 14:00:00","SCA|NO2","mFRR","Local","Up","4578.00","0.00"," "
"13/10/2023 14:00:00","SCA|NO2","mFRR","Local","Down","323.00","0.00"," "
"13/10/2023 15:00:00","SCA|NO2","mFRR","Local","Up","4482.00","0.00"," "
"13/10/2023 15:00:00","SCA|NO2","mFRR","Local","Down","339.00","0.00"," "
"13/10/2023 16:00:00","SCA|NO2","mFRR","Local","Up","4217.00","0.00"," "
"13/10/2023 16:00:00","SCA|NO2","mFRR","Local","Down","445.00","0.00"," "
"13/10/2023 17:00:00","SCA|NO2","mFRR","Local","Up","3682.00","0.00"," "
"13/10/2023 17:00:00","SCA|NO2","mFRR","Local","Down","842.00","0.00"," "
"13/10/2023 18:00:00","SCA|NO2","mFRR","Local","Up","3416.00","181.25"," "
"13/10/2023 18:00:00","SCA|NO2","mFRR","Local","Down","1582.00","0.00"," "
"13/10/2023 19:00:00","SCA|NO2","mFRR","Local","Up","3470.00","0.00"," "
"13/10/2023 19:00:00","SCA|NO2","mFRR","Local","Down","1637.00","287.25"," "
"13/10/2023 20:00:00","SCA|NO2","mFRR","Local","Up","3861.00","0.00"," "
"13/10/2023 20:00:00","SCA|NO2","mFRR","Local","Down","943.25","0.00"," "
"13/10/2023 21:00:00","SCA|NO2","mFRR","Local","Up","4478.00","0.00"," "
"13/10/2023 21:00:00","SCA|NO2","mFRR","Local","Down","509.00","0.00"," "
"13/10/2023 22:00:00","SCA|NO2","mFRR","Local","Up","4562.00","0.00"," "
"13/10/2023 22:00:00","SCA|NO2","mFRR","Local","Down","418.00","0.00"," "
"13/10/2023 23:00:00","SCA|NO2","mFRR","Local","Up","4628.00","0.00"," "
"13/10/2023 23:00:00","SCA|NO2","mFRR","Local","Down","422.00","0.00"," "
"14/10/2023 00:00:00","SCA|NO2","mFRR","Local","Up","4198.00","0.00"," "
"14/10/2023 00:00:00","SCA|NO2","mFRR","Local","Down","542.00","0.00"," "
"14/10/2023 01:00:00","SCA|NO2","mFRR","Local","Up","4339.00","0.00"," "
"14/10/2023 01:00:00","SCA|NO2","mFRR","Local","Down","507.00","0.00"," "
"14/10/2023 02:00:00","SCA|NO2","mFRR","Local","Up","4339.00","0.00"," "
"14/10/2023 02:00:00","SCA|NO2","mFRR","Local","Down","495.00","0.00"," "
"14/10/2023 03:00:00","SCA|NO2","mFRR","Local","Up","4339.00","0.00"," "
"14/10/2023 03:00:00","SCA|NO2","mFRR","Local","Down","510.00","0.00"," "
"14/10/2023 04:00:00","SCA|NO2","mFRR","Local","Up","4340.00","0.00"," "
"14/10/2023 04:00:00","SCA|NO2","mFRR","Local","Down","477.00","0.00"," "
"14/10/2023 05:00:00","SCA|NO2","mFRR","Local","Up","3988.00","0.00"," "
"14/10/2023 05:00:00","SCA|NO2","mFRR","Local","Down","734.00","0.00"," "
"14/10/2023 06:00:00","SCA|NO2","mFRR","Local","Up","3980.00","0.00"," "
"14/10/2023 06:00:00","SCA|NO2","mFRR","Local","Down","729.00","0.00"," "
"14/10/2023 07:00:00","SCA|NO2","mFRR","Local","Up","3916.00","0.00"," "
"14/10/2023 07:00:00","SCA|NO2","mFRR","Local","Down","716.00","0.00"," "
"14/10/2023 08:00:00","SCA|NO2","mFRR","Local","Up","3923.00","0.00"," "
"14/10/2023 08:00:00","SCA|NO2","mFRR","Local","Down","683.00","0.00"," "
"14/10/2023 09:00:00","SCA|NO2","mFRR","Local","Up","3923.00","0.00"," "
"14/10/2023 09:00:00","SCA|NO2","mFRR","Local","Down","662.00","0.00"," "
"14/10/2023 10:00:00","SCA|NO2","mFRR","Local","Up","3923.00","0.00"," "
"14/10/2023 10:00:00","SCA|NO2","mFRR","Local","Down","675.00","0.00"," "
"14/10/2023 11:00:00","SCA|NO2","mFRR","Local","Up","4021.50","0.00"," "
"14/10/2023 11:00:00","SCA|NO2","mFRR","Local","Down","703.00","0.00"," "
"14/10/2023 12:00:00","SCA|NO2","mFRR","Local","Up","4003.00","0.00"," "
"14/10/2023 12:00:00","SCA|NO2","mFRR","Local","Down","711.00","0.00"," "
"14/10/2023 13:00:00","SCA|NO2","mFRR","Local","Up","3999.00","0.00"," "
"14/10/2023 13:00:00","SCA|NO2","mFRR","Local","Down","729.00","0.00"," "
"14/10/2023 14:00:00","SCA|NO2","mFRR","Local","Up","3698.00","0.00"," "
"14/10/2023 14:00:00","SCA|NO2","mFRR","Local","Down","733.00","0.00"," "
"14/10/2023 15:00:00","SCA|NO2","mFRR","Local","Up","3628.00","0.00"," "
"14/10/2023 15:00:00","SCA|NO2","mFRR","Local","Down","732.00","0.00"," "
"14/10/2023 16:00:00","SCA|NO2","mFRR","Local","Up","3601.00","0.00"," "
"14/10/2023 16:00:00","SCA|NO2","mFRR","Local","Down","790.00","0.00"," "
"14/10/2023 17:00:00","SCA|NO2","mFRR","Local","Up","3769.00","0.00"," "
"14/10/2023 17:00:00","SCA|NO2","mFRR","Local","Down","938.00","0.00"," "
"14/10/2023 18:00:00","SCA|NO2","mFRR","Local","Up","4070.00","0.00"," "
"14/10/2023 18:00:00","SCA|NO2","mFRR","Local","Down","957.00","0.00"," "
"14/10/2023 19:00:00","SCA|NO2","mFRR","Local","Up","3919.00","0.00"," "
"14/10/2023 19:00:00","SCA|NO2","mFRR","Local","Down","982.00","138.50"," "
"14/10/2023 20:00:00","SCA|NO2","mFRR","Local","Up","3921.00","0.00"," "
"14/10/2023 20:00:00","SCA|NO2","mFRR","Local","Down","950.00","354.00"," "
"14/10/2023 21:00:00","SCA|NO2","mFRR","Local","Up","3951.00","0.00"," "
"14/10/2023 21:00:00","SCA|NO2","mFRR","Local","Down","879.00","287.00"," "
"14/10/2023 22:00:00","SCA|NO2","mFRR","Local","Up","4031.00","0.00"," "
"14/10/2023 22:00:00","SCA|NO2","mFRR","Local","Down","809.00","174.00"," "
"14/10/2023 23:00:00","SCA|NO2","mFRR","Local","Up","4064.00","0.00"," "
"14/10/2023 23:00:00","SCA|NO2","mFRR","Local","Down","764.00","174.00"," "
"15/10/2023 00:00:00","SCA|NO2","mFRR","Local","Up","4411.00","0.00"," "
"15/10/2023 00:00:00","SCA|NO2","mFRR","Local","Down","585.00","68.75"," "
"15/10/2023 01:00:00","SCA|NO2","mFRR","Local","Up","4551.00","0.00"," "
"15/10/2023 01:00:00","SCA|NO2","mFRR","Local","Down","513.00","0.00"," "
"15/10/2023 02:00:00","SCA|NO2","mFRR","Local","Up","4551.00","0.00"," "
"15/10/2023 02:00:00","SCA|NO2","mFRR","Local","Down","509.00","0.00"," "
"15/10/2023 03:00:00","SCA|NO2","mFRR","Local","Up","4551.00","0.00"," "
"15/10/2023 03:00:00","SCA|NO2","mFRR","Local","Down","505.00","0.00"," "
"15/10/2023 04:00:00","SCA|NO2","mFRR","Local","Up","4551.00","0.00"," "
"15/10/2023 04:00:00","SCA|NO2","mFRR","Local","Down","502.00","0.00"," "
"15/10/2023 05:00:00","SCA|NO2","mFRR","Local","Up","4281.00","0.00"," "
"15/10/2023 05:00:00","SCA|NO2","mFRR","Local","Down","697.00","0.00"," "
"15/10/2023 06:00:00","SCA|NO2","mFRR","Local","Up","4358.00","0.00"," "
"15/10/2023 06:00:00","SCA|NO2","mFRR","Local","Down","694.00","0.00"," "
"15/10/2023 07:00:00","SCA|NO2","mFRR","Local","Up","4338.00","0.00"," "
"15/10/2023 07:00:00","SCA|NO2","mFRR","Local","Down","711.00","0.00"," "
"15/10/2023 08:00:00","SCA|NO2","mFRR","Local","Up","4318.00","0.00"," "
"15/10/2023 08:00:00","SCA|NO2","mFRR","Local","Down","696.00","0.00"," "
"15/10/2023 09:00:00","SCA|NO2","mFRR","Local","Up","4244.00","0.00"," "
"15/10/2023 09:00:00","SCA|NO2","mFRR","Local","Down","846.00","0.00"," "
"15/10/2023 10:00:00","SCA|NO2","mFRR","Local","Up","3935.00","0.00"," "
"15/10/2023 10:00:00","SCA|NO2","mFRR","Local","Down","1129.00","0.00"," "
"15/10/2023 11:00:00","SCA|NO2","mFRR","Local","Up","3893.00","0.00"," "
"15/10/2023 11:00:00","SCA|NO2","mFRR","Local","Down","1017.25","0.00"," "
"15/10/2023 12:00:00","SCA|NO2","mFRR","Local","Up","3601.25","0.00"," "
"15/10/2023 12:00:00","SCA|NO2","mFRR","Local","Down","1386.25","0.00"," "
"15/10/2023 13:00:00","SCA|NO2","mFRR","Local","Up","3762.00","0.00"," "
"15/10/2023 13:00:00","SCA|NO2","mFRR","Local","Down","1258.50","0.00"," "
"15/10/2023 14:00:00","SCA|NO2","mFRR","Local","Up","4198.50","0.00"," "
"15/10/2023 14:00:00","SCA|NO2","mFRR","Local","Down","977.00","0.00"," "
"15/10/2023 15:00:00","SCA|NO2","mFRR","Local","Up","4330.00","0.00"," "
"15/10/2023 15:00:00","SCA|NO2","mFRR","Local","Down","884.00","0.00"," "
"15/10/2023 16:00:00","SCA|NO2","mFRR","Local","Up","4395.00","0.00"," "
"15/10/2023 16:00:00","SCA|NO2","mFRR","Local","Down","810.00","0.00"," "
"15/10/2023 17:00:00","SCA|NO2","mFRR","Local","Up","4346.00","0.00"," "
"15/10/2023 17:00:00","SCA|NO2","mFRR","Local","Down","803.00","0.00"," "
"15/10/2023 18:00:00","SCA|NO2","mFRR","Local","Up","3979.75","455.00"," "
"15/10/2023 18:00:00","SCA|NO2","mFRR","Local","Down","1110.00","0.00"," "
"15/10/2023 19:00:00","SCA|NO2","mFRR","Local","Up","3662.00","495.00"," "
"15/10/2023 19:00:00","SCA|NO2","mFRR","Local","Down","1236.00","0.00"," "
"15/10/2023 20:00:00","SCA|NO2","mFRR","Local","Up","3835.00","72.50"," "
"15/10/2023 20:00:00","SCA|NO2","mFRR","Local","Down","1183.00","0.00"," "
"15/10/2023 21:00:00","SCA|NO2","mFRR","Local","Up","3901.00","0.00"," "
"15/10/2023 21:00:00","SCA|NO2","mFRR","Local","Down","1085.00","0.00"," "
"15/10/2023 22:00:00","SCA|NO2","mFRR","Local","Up","3845.00","0.00"," "
"15/10/2023 22:00:00","SCA|NO2","mFRR","Local","Down","1114.00","0.00"," "
"15/10/2023 23:00:00","SCA|NO2","mFRR","Local","Up","3811.25","0.00"," "
"15/10/2023 23:00:00","SCA|NO2","mFRR","Local","Down","1175.00","0.00"," "
"16/10/2023 00:00:00","SCA|NO2","mFRR","Local","Up","3325.25","0.00"," "
"16/10/2023 00:00:00","SCA|NO2","mFRR","Local","Down","977.00","0.00"," "
"16/10/2023 01:00:00","SCA|NO2","mFRR","Local","Up","3586.00","0.00"," "
"16/10/2023 01:00:00","SCA|NO2","mFRR","Local","Down","1043.00","0.00"," "
"16/10/2023 02:00:00","SCA|NO2","mFRR","Local","Up","3577.75","0.00"," "
"16/10/2023 02:00:00","SCA|NO2","mFRR","Local","Down","1037.00","0.00"," "
"16/10/2023 03:00:00","SCA|NO2","mFRR","Local","Up","3538.00","0.00"," "
"16/10/2023 03:00:00","SCA|NO2","mFRR","Local","Down","1068.50","0.00"," "
"16/10/2023 04:00:00","SCA|NO2","mFRR","Local","Up","3493.50","0.00"," "
"16/10/2023 04:00:00","SCA|NO2","mFRR","Local","Down","1108.00","0.00"," "
"16/10/2023 05:00:00","SCA|NO2","mFRR","Local","Up","3227.00","0.00"," "
"16/10/2023 05:00:00","SCA|NO2","mFRR","Local","Down","1395.50","0.00"," "
"16/10/2023 06:00:00","SCA|NO2","mFRR","Local","Up","2531.75","0.00"," "
"16/10/2023 06:00:00","SCA|NO2","mFRR","Local","Down","1967.75","0.00"," "
"16/10/2023 07:00:00","SCA|NO2","mFRR","Local","Up","1816.75","396.00"," "
"16/10/2023 07:00:00","SCA|NO2","mFRR","Local","Down","2495.00","0.00"," "
"16/10/2023 08:00:00","SCA|NO2","mFRR","Local","Up","1497.75","122.00"," "
"16/10/2023 08:00:00","SCA|NO2","mFRR","Local","Down","3112.75","0.00"," "
"16/10/2023 09:00:00","SCA|NO2","mFRR","Local","Up","1627.00","195.25"," "
"16/10/2023 09:00:00","SCA|NO2","mFRR","Local","Down","2929.25","0.00"," "
"16/10/2023 10:00:00","SCA|NO2","mFRR","Local","Up","1893.00","214.25"," "
"16/10/2023 10:00:00","SCA|NO2","mFRR","Local","Down","2772.00","0.00"," "
"16/10/2023 11:00:00","SCA|NO2","mFRR","Local","Up","2131.00","0.00"," "
"16/10/2023 11:00:00","SCA|NO2","mFRR","Local","Down","2347.00","0.00"," "
"16/10/2023 12:00:00","SCA|NO2","mFRR","Local","Up","2334.00","0.00"," "
"16/10/2023 12:00:00","SCA|NO2","mFRR","Local","Down","2347.00","0.00"," "
"16/10/2023 13:00:00","SCA|NO2","mFRR","Local","Up","2168.00","0.00"," "
"16/10/2023 13:00:00","SCA|NO2","mFRR","Local","Down","2565.00","0.00"," "
"16/10/2023 14:00:00","SCA|NO2","mFRR","Local","Up","2394.00","0.00"," "
"16/10/2023 14:00:00","SCA|NO2","mFRR","Local","Down","2340.00","0.00"," "
"16/10/2023 15:00:00","SCA|NO2","mFRR","Local","Up","2796.00","0.00"," "
"16/10/2023 15:00:00","SCA|NO2","mFRR","Local","Down","2291.00","0.00"," "
"16/10/2023 16:00:00","SCA|NO2","mFRR","Local","Up","2974.00","0.00"," "
"16/10/2023 16:00:00","SCA|NO2","mFRR","Local","Down","2081.00","0.00"," "
"16/10/2023 17:00:00","SCA|NO2","mFRR","Local","Up","2905.00","0.00"," "
"16/10/2023 17:00:00","SCA|NO2","mFRR","Local","Down","2067.00","0.00"," "
"16/10/2023 18:00:00","SCA|NO2","mFRR","Local","Up","2831.00","0.00"," "
"16/10/2023 18:00:00","SCA|NO2","mFRR","Local","Down","1927.00","0.00"," "
"16/10/2023 19:00:00","SCA|NO2","mFRR","Local","Up","2583.00","0.00"," "
"16/10/2023 19:00:00","SCA|NO2","mFRR","Local","Down","1798.00","0.00"," "
"16/10/2023 20:00:00","SCA|NO2","mFRR","Local","Up","2660.00","0.00"," "
"16/10/2023 20:00:00","SCA|NO2","mFRR","Local","Down","1850.00","208.50"," "
"16/10/2023 21:00:00","SCA|NO2","mFRR","Local","Up","2826.00","0.00"," "
"16/10/2023 21:00:00","SCA|NO2","mFRR","Local","Down","1897.00","207.00"," "
"16/10/2023 22:00:00","SCA|NO2","mFRR","Local","Up","3111.00","0.00"," "
"16/10/2023 22:00:00","SCA|NO2","mFRR","Local","Down","1647.00","34.50"," "
"16/10/2023 23:00:00","SCA|NO2","mFRR","Local","Up","3199.00","0.00"," "
"16/10/2023 23:00:00","SCA|NO2","mFRR","Local","Down","1558.00","0.00"," "
"17/10/2023 00:00:00","SCA|NO2","mFRR","Local","Up","2813.00","0.00"," "
"17/10/2023 00:00:00","SCA|NO2","mFRR","Local","Down","1788.00","127.00"," "
"17/10/2023 01:00:00","SCA|NO2","mFRR","Local","Up","3008.00","0.00"," "
"17/10/2023 01:00:00","SCA|NO2","mFRR","Local","Down","1880.00","261.00"," "
"17/10/2023 02:00:00","SCA|NO2","mFRR","Local","Up","3125.00","0.00"," "
"17/10/2023 02:00:00","SCA|NO2","mFRR","Local","Down","1890.00","186.00"," "
"17/10/2023 03:00:00","SCA|NO2","mFRR","Local","Up","3147.00","0.00"," "
"17/10/2023 03:00:00","SCA|NO2","mFRR","Local","Down","1871.00","181.00"," "
"17/10/2023 04:00:00","SCA|NO2","mFRR","Local","Up","3147.00","0.00"," "
"17/10/2023 04:00:00","SCA|NO2","mFRR","Local","Down","1860.00","256.00"," "
"17/10/2023 05:00:00","SCA|NO2","mFRR","Local","Up","3147.50","0.00"," "
"17/10/2023 05:00:00","SCA|NO2","mFRR","Local","Down","1756.00","278.00"," "
"17/10/2023 06:00:00","SCA|NO2","mFRR","Local","Up","3074.00","0.00"," "
"17/10/2023 06:00:00","SCA|NO2","mFRR","Local","Down","2076.50","293.50"," "
"17/10/2023 07:00:00","SCA|NO2","mFRR","Local","Up","2319.00","0.00"," "
"17/10/2023 07:00:00","SCA|NO2","mFRR","Local","Down","2383.00","0.00"," "
"17/10/2023 08:00:00","SCA|NO2","mFRR","Local","Up","1958.75","0.00"," "
"17/10/2023 08:00:00","SCA|NO2","mFRR","Local","Down","2556.00","397.50"," "
"17/10/2023 09:00:00","SCA|NO2","mFRR","Local","Up","1904.75","0.00"," "
"17/10/2023 09:00:00","SCA|NO2","mFRR","Local","Down","2519.00","370.00"," "
"17/10/2023 10:00:00","SCA|NO2","mFRR","Local","Up","2484.00","0.00"," "
"17/10/2023 10:00:00","SCA|NO2","mFRR","Local","Down","2160.00","333.50"," "
"17/10/2023 11:00:00","SCA|NO2","mFRR","Local","Up","3148.00","0.00"," "
"17/10/2023 11:00:00","SCA|NO2","mFRR","Local","Down","1987.00","94.00"," "
"17/10/2023 12:00:00","SCA|NO2","mFRR","Local","Up","3272.00","0.00"," "
"17/10/2023 12:00:00","SCA|NO2","mFRR","Local","Down","1784.00","184.75"," "
"17/10/2023 13:00:00","SCA|NO2","mFRR","Local","Up","3277.00","0.00"," "
"17/10/2023 13:00:00","SCA|NO2","mFRR","Local","Down","1691.00","600.00"," "
"17/10/2023 14:00:00","SCA|NO2","mFRR","Local","Up","3391.00","0.00"," "
"17/10/2023 14:00:00","SCA|NO2","mFRR","Local","Down","1569.50","642.00"," "
"17/10/2023 15:00:00","SCA|NO2","mFRR","Local","Up","2778.00","0.00"," "
"17/10/2023 15:00:00","SCA|NO2","mFRR","Local","Down","1907.50","928.25"," "
"17/10/2023 16:00:00","SCA|NO2","mFRR","Local","Up","2748.50","0.00"," "
"17/10/2023 16:00:00","SCA|NO2","mFRR","Local","Down","1961.00","741.00"," "
"17/10/2023 17:00:00","SCA|NO2","mFRR","Local","Up","2438.25","0.00"," "
"17/10/2023 17:00:00","SCA|NO2","mFRR","Local","Down","2086.25","542.25"," "
"17/10/2023 18:00:00","SCA|NO2","mFRR","Local","Up","2366.00","0.00"," "
"17/10/2023 18:00:00","SCA|NO2","mFRR","Local","Down","2187.00","357.00"," "
"17/10/2023 19:00:00","SCA|NO2","mFRR","Local","Up","2369.00","0.00"," "
"17/10/2023 19:00:00","SCA|NO2","mFRR","Local","Down","2275.00","448.75"," "
"17/10/2023 20:00:00","SCA|NO2","mFRR","Local","Up","2477.00","0.00"," "
"17/10/2023 20:00:00","SCA|NO2","mFRR","Local","Down","2184.75","305.75"," "
"17/10/2023 21:00:00","SCA|NO2","mFRR","Local","Up","2724.50","0.00"," "
"17/10/2023 21:00:00","SCA|NO2","mFRR","Local","Down","2033.00","267.00"," "
"17/10/2023 22:00:00","SCA|NO2","mFRR","Local","Up","2640.00","0.00"," "
"17/10/2023 22:00:00","SCA|NO2","mFRR","Local","Down","1871.00","458.00"," "
"17/10/2023 23:00:00","SCA|NO2","mFRR","Local","Up","2655.00","0.00"," "
"17/10/2023 23:00:00","SCA|NO2","mFRR","Local","Down","1798.00","409.00"," "
"18/10/2023 00:00:00","SCA|NO2","mFRR","Local","Up","2784.00","0.00"," "
"18/10/2023 00:00:00","SCA|NO2","mFRR","Local","Down","1680.00","441.00"," "
"18/10/2023 01:00:00","SCA|NO2","mFRR","Local","Up","2902.00","0.00"," "
"18/10/2023 01:00:00","SCA|NO2","mFRR","Local","Down","1735.00","224.00"," "
"18/10/2023 02:00:00","SCA|NO2","mFRR","Local","Up","2982.00","0.00"," "
"18/10/2023 02:00:00","SCA|NO2","mFRR","Local","Down","1462.00","200.00"," "
"18/10/2023 03:00:00","SCA|NO2","mFRR","Local","Up","3171.75","0.00"," "
"18/10/2023 03:00:00","SCA|NO2","mFRR","Local","Down","1700.00","253.00"," "
"18/10/2023 04:00:00","SCA|NO2","mFRR","Local","Up","3297.00","0.00"," "
"18/10/2023 04:00:00","SCA|NO2","mFRR","Local","Down","1476.00","221.00"," "
"18/10/2023 05:00:00","SCA|NO2","mFRR","Local","Up","3291.00","0.00"," "
"18/10/2023 05:00:00","SCA|NO2","mFRR","Local","Down","1525.75","238.75"," "
"18/10/2023 06:00:00","SCA|NO2","mFRR","Local","Up","2713.50","0.00"," "
"18/10/2023 06:00:00","SCA|NO2","mFRR","Local","Down","1895.50","390.00"," "
"18/10/2023 07:00:00","SCA|NO2","mFRR","Local","Up","1344.25","0.00"," "
"18/10/2023 07:00:00","SCA|NO2","mFRR","Local","Down","2667.00","0.00"," "
"18/10/2023 08:00:00","SCA|NO2","mFRR","Local","Up","1229.00","0.00"," "
"18/10/2023 08:00:00","SCA|NO2","mFRR","Local","Down","2846.00","0.00"," "
"18/10/2023 09:00:00","SCA|NO2","mFRR","Local","Up","1401.00","0.00"," "
"18/10/2023 09:00:00","SCA|NO2","mFRR","Local","Down","2933.00","113.25"," "
"18/10/2023 10:00:00","SCA|NO2","mFRR","Local","Up","1401.00","0.00"," "
"18/10/2023 10:00:00","SCA|NO2","mFRR","Local","Down","2906.00","96.00"," "
"18/10/2023 11:00:00","SCA|NO2","mFRR","Local","Up","1609.00","0.00"," "
"18/10/2023 11:00:00","SCA|NO2","mFRR","Local","Down","2656.00","0.00"," "
"18/10/2023 12:00:00","SCA|NO2","mFRR","Local","Up","1875.00","0.00"," "
"18/10/2023 12:00:00","SCA|NO2","mFRR","Local","Down","2665.00","0.00"," "
"18/10/2023 13:00:00","SCA|NO2","mFRR","Local","Up","2145.00","0.00"," "
"18/10/2023 13:00:00","SCA|NO2","mFRR","Local","Down","2256.00","0.00"," "
"18/10/2023 14:00:00","SCA|NO2","mFRR","Local","Up","2344.00","38.25"," "
"18/10/2023 14:00:00","SCA|NO2","mFRR","Local","Down","2607.00","0.00"," "
"18/10/2023 15:00:00","SCA|NO2","mFRR","Local","Up","3178.00","7.75"," "
"18/10/2023 15:00:00","SCA|NO2","mFRR","Local","Down","2120.00","0.00"," "
"18/10/2023 16:00:00","SCA|NO2","mFRR","Local","Up","2895.75","42.00"," "
"18/10/2023 16:00:00","SCA|NO2","mFRR","Local","Down","2040.00","0.00"," "
"18/10/2023 17:00:00","SCA|NO2","mFRR","Local","Up","2591.00","31.00"," "
"18/10/2023 17:00:00","SCA|NO2","mFRR","Local","Down","2519.00","0.00"," "
"18/10/2023 18:00:00","SCA|NO2","mFRR","Local","Up","2692.50","20.00"," "
"18/10/2023 18:00:00","SCA|NO2","mFRR","Local","Down","2459.00","0.00"," "
"18/10/2023 19:00:00","SCA|NO2","mFRR","Local","Up","3098.00","0.00"," "
"18/10/2023 19:00:00","SCA|NO2","mFRR","Local","Down","2201.75","0.00"," "
"18/10/2023 20:00:00","SCA|NO2","mFRR","Local","Up","3234.00","5.00"," "
"18/10/2023 20:00:00","SCA|NO2","mFRR","Local","Down","1736.00","17.25"," "
"18/10/2023 21:00:00","SCA|NO2","mFRR","Local","Up","3429.00","0.00"," "
"18/10/2023 21:00:00","SCA|NO2","mFRR","Local","Down","1422.00","32.00"," "
"18/10/2023 22:00:00","SCA|NO2","mFRR","Local","Up","3895.00","0.00"," "
"18/10/2023 22:00:00","SCA|NO2","mFRR","Local","Down","1025.00","135.75"," "
"18/10/2023 23:00:00","SCA|NO2","mFRR","Local","Up","4137.50","0.00"," "
"18/10/2023 23:00:00","SCA|NO2","mFRR","Local","Down","891.50","309.25"," "
"19/10/2023 00:00:00","SCA|NO2","mFRR","Local","Up","4797.00","0.00"," "
"19/10/2023 00:00:00","SCA|NO2","mFRR","Local","Down","442.00","7.50"," "
"19/10/2023 01:00:00","SCA|NO2","mFRR","Local","Up","4930.00","0.00"," "
"19/10/2023 01:00:00","SCA|NO2","mFRR","Local","Down","430.00","27.00"," "
"19/10/2023 02:00:00","SCA|NO2","mFRR","Local","Up","4930.00","0.00"," "
"19/10/2023 02:00:00","SCA|NO2","mFRR","Local","Down","434.00","176.00"," "
"19/10/2023 03:00:00","SCA|NO2","mFRR","Local","Up","4930.00","0.00"," "
"19/10/2023 03:00:00","SCA|NO2","mFRR","Local","Down","440.00","186.00"," "
"19/10/2023 04:00:00","SCA|NO2","mFRR","Local","Up","4930.00","0.00"," "
"19/10/2023 04:00:00","SCA|NO2","mFRR","Local","Down","444.00","186.00"," "
"19/10/2023 05:00:00","SCA|NO2","mFRR","Local","Up","4930.50","0.00"," "
"19/10/2023 05:00:00","SCA|NO2","mFRR","Local","Down","556.50","210.50"," "
"19/10/2023 06:00:00","SCA|NO2","mFRR","Local","Up","4480.25","0.00"," "
"19/10/2023 06:00:00","SCA|NO2","mFRR","Local","Down","772.75","351.25"," "
"19/10/2023 07:00:00","SCA|NO2","mFRR","Local","Up","3052.00","0.00"," "
"19/10/2023 07:00:00","SCA|NO2","mFRR","Local","Down","898.50","102.50"," "
"19/10/2023 08:00:00","SCA|NO2","mFRR","Local","Up","2915.00","20.50"," "
"19/10/2023 08:00:00","SCA|NO2","mFRR","Local","Down","990.00","0.00"," "
"19/10/2023 09:00:00","SCA|NO2","mFRR","Local","Up","2914.00","44.25"," "
"19/10/2023 09:00:00","SCA|NO2","mFRR","Local","Down","987.00","0.00"," "
"19/10/2023 10:00:00","SCA|NO2","mFRR","Local","Up","2606.00","129.00"," "
"19/10/2023 10:00:00","SCA|NO2","mFRR","Local","Down","982.00","0.00"," "
"19/10/2023 11:00:00","SCA|NO2","mFRR","Local","Up","2651.00","173.00"," "
"19/10/2023 11:00:00","SCA|NO2","mFRR","Local","Down","941.00","0.00"," "
"19/10/2023 12:00:00","SCA|NO2","mFRR","Local","Up","2699.00","122.50"," "
"19/10/2023 12:00:00","SCA|NO2","mFRR","Local","Down","916.00","0.00"," "
"19/10/2023 13:00:00","SCA|NO2","mFRR","Local","Up","2791.00","58.00"," "
"19/10/2023 13:00:00","SCA|NO2","mFRR","Local","Down","961.00","0.00"," "
"19/10/2023 14:00:00","SCA|NO2","mFRR","Local","Up","2942.00","0.00"," "
"19/10/2023 14:00:00","SCA|NO2","mFRR","Local","Down","835.00","0.00"," "
"19/10/2023 15:00:00","SCA|NO2","mFRR","Local","Up","3606.00","48.00"," "
"19/10/2023 15:00:00","SCA|NO2","mFRR","Local","Down","1214.00","0.00"," "
"19/10/2023 16:00:00","SCA|NO2","mFRR","Local","Up","3905.00","115.00"," "
"19/10/2023 16:00:00","SCA|NO2","mFRR","Local","Down","1130.00","0.00"," "
"19/10/2023 17:00:00","SCA|NO2","mFRR","Local","Up","3883.00","100.00"," "
"19/10/2023 17:00:00","SCA|NO2","mFRR","Local","Down","1335.00","0.00"," "
"19/10/2023 18:00:00","SCA|NO2","mFRR","Local","Up","3922.00","184.75"," "
"19/10/2023 18:00:00","SCA|NO2","mFRR","Local","Down","1306.00","0.00"," "
"19/10/2023 19:00:00","SCA|NO2","mFRR","Local","Up","4030.00","93.25"," "
"19/10/2023 19:00:00","SCA|NO2","mFRR","Local","Down","1265.00","0.00"," "
"19/10/2023 20:00:00","SCA|NO2","mFRR","Local","Up","4248.00","150.00"," "
"19/10/2023 20:00:00","SCA|NO2","mFRR","Local","Down","1208.00","0.00"," "
"19/10/2023 21:00:00","SCA|NO2","mFRR","Local","Up","4583.00","468.50"," "
"19/10/2023 21:00:00","SCA|NO2","mFRR","Local","Down","921.00","0.00"," "
"19/10/2023 22:00:00","SCA|NO2","mFRR","Local","Up","4590.00","160.00"," "
"19/10/2023 22:00:00","SCA|NO2","mFRR","Local","Down","790.00","0.00"," "
"19/10/2023 23:00:00","SCA|NO2","mFRR","Local","Up","4824.00","0.00"," "
"19/10/2023 23:00:00","SCA|NO2","mFRR","Local","Down","717.00","0.00"," "
"20/10/2023 00:00:00","SCA|NO2","mFRR","Local","Up","4916.00","0.00"," "
"20/10/2023 00:00:00","SCA|NO2","mFRR","Local","Down","526.00","0.00"," "
"20/10/2023 01:00:00","SCA|NO2","mFRR","Local","Up","5057.00","0.00"," "
"20/10/2023 01:00:00","SCA|NO2","mFRR","Local","Down","441.00","0.00"," "
"20/10/2023 02:00:00","SCA|NO2","mFRR","Local","Up","5057.00","0.00"," "
"20/10/2023 02:00:00","SCA|NO2","mFRR","Local","Down","438.00","0.00"," "
"20/10/2023 03:00:00","SCA|NO2","mFRR","Local","Up","5057.00","0.00"," "
"20/10/2023 03:00:00","SCA|NO2","mFRR","Local","Down","438.00","0.00"," "
"20/10/2023 04:00:00","SCA|NO2","mFRR","Local","Up","5073.00","0.00"," "
"20/10/2023 04:00:00","SCA|NO2","mFRR","Local","Down","435.00","0.00"," "
"20/10/2023 05:00:00","SCA|NO2","mFRR","Local","Up","4976.50","0.00"," "
"20/10/2023 05:00:00","SCA|NO2","mFRR","Local","Down","496.00","0.00"," "
"20/10/2023 06:00:00","SCA|NO2","mFRR","Local","Up","4462.00","0.00"," "
"20/10/2023 06:00:00","SCA|NO2","mFRR","Local","Down","844.00","0.00"," "
"20/10/2023 07:00:00","SCA|NO2","mFRR","Local","Up","4213.00","343.50"," "
"20/10/2023 07:00:00","SCA|NO2","mFRR","Local","Down","989.00","0.00"," "
"20/10/2023 08:00:00","SCA|NO2","mFRR","Local","Up","4074.00","454.00"," "
"20/10/2023 08:00:00","SCA|NO2","mFRR","Local","Down","1211.00","0.00"," "
"20/10/2023 09:00:00","SCA|NO2","mFRR","Local","Up","3577.25","0.00"," "
"20/10/2023 09:00:00","SCA|NO2","mFRR","Local","Down","1571.00","0.00"," "
"20/10/2023 10:00:00","SCA|NO2","mFRR","Local","Up","3980.50","147.25"," "
"20/10/2023 10:00:00","SCA|NO2","mFRR","Local","Down","1256.75","0.00"," "
"20/10/2023 11:00:00","SCA|NO2","mFRR","Local","Up","4263.00","229.00"," "
"20/10/2023 11:00:00","SCA|NO2","mFRR","Local","Down","1117.00","0.00"," "
"20/10/2023 12:00:00","SCA|NO2","mFRR","Local","Up","3898.00","88.00"," "
"20/10/2023 12:00:00","SCA|NO2","mFRR","Local","Down","1146.00","0.00"," "
"20/10/2023 13:00:00","SCA|NO2","mFRR","Local","Up","4001.00","66.00"," "
"20/10/2023 13:00:00","SCA|NO2","mFRR","Local","Down","1054.00","0.00"," "
"20/10/2023 14:00:00","SCA|NO2","mFRR","Local","Up","4002.00","66.00"," "
"20/10/2023 14:00:00","SCA|NO2","mFRR","Local","Down","1064.00","0.00"," "
"20/10/2023 15:00:00","SCA|NO2","mFRR","Local","Up","4031.00","98.00"," "
"20/10/2023 15:00:00","SCA|NO2","mFRR","Local","Down","1178.00","0.00"," "
"20/10/2023 16:00:00","SCA|NO2","mFRR","Local","Up","3942.00","0.00"," "
"20/10/2023 16:00:00","SCA|NO2","mFRR","Local","Down","1238.00","0.00"," "
"20/10/2023 17:00:00","SCA|NO2","mFRR","Local","Up","3641.00","0.00"," "
"20/10/2023 17:00:00","SCA|NO2","mFRR","Local","Down","1636.00","0.00"," "
"20/10/2023 18:00:00","SCA|NO2","mFRR","Local","Up","3288.00","0.00"," "
"20/10/2023 18:00:00","SCA|NO2","mFRR","Local","Down","2004.25","0.00"," "
"20/10/2023 19:00:00","SCA|NO2","mFRR","Local","Up","3210.25","0.00"," "
"20/10/2023 19:00:00","SCA|NO2","mFRR","Local","Down","1906.75","0.00"," "
"20/10/2023 20:00:00","SCA|NO2","mFRR","Local","Up","3655.00","0.00"," "
"20/10/2023 20:00:00","SCA|NO2","mFRR","Local","Down","1379.00","0.00"," "
"20/10/2023 21:00:00","SCA|NO2","mFRR","Local","Up","4312.00","0.00"," "
"20/10/2023 21:00:00","SCA|NO2","mFRR","Local","Down","834.00","0.00"," "
"20/10/2023 22:00:00","SCA|NO2","mFRR","Local","Up","4265.75","0.00"," "
"20/10/2023 22:00:00","SCA|NO2","mFRR","Local","Down","923.00","0.00"," "
"20/10/2023 23:00:00","SCA|NO2","mFRR","Local","Up","4552.00","0.00"," "
"20/10/2023 23:00:00","SCA|NO2","mFRR","Local","Down","633.00","0.00"," "
"21/10/2023 00:00:00","SCA|NO2","mFRR","Local","Up","4016.00","0.00"," "
"21/10/2023 00:00:00","SCA|NO2","mFRR","Local","Down","1015.00","0.00"," "
"21/10/2023 01:00:00","SCA|NO2","mFRR","Local","Up","4282.00","0.00"," "
"21/10/2023 01:00:00","SCA|NO2","mFRR","Local","Down","957.00","0.00"," "
"21/10/2023 02:00:00","SCA|NO2","mFRR","Local","Up","4340.00","0.00"," "
"21/10/2023 02:00:00","SCA|NO2","mFRR","Local","Down","780.00","63.00"," "
"21/10/2023 03:00:00","SCA|NO2","mFRR","Local","Up","4419.00","0.00"," "
"21/10/2023 03:00:00","SCA|NO2","mFRR","Local","Down","713.00","0.00"," "
"21/10/2023 04:00:00","SCA|NO2","mFRR","Local","Up","4418.00","0.00"," "
"21/10/2023 04:00:00","SCA|NO2","mFRR","Local","Down","751.00","0.00"," "
"21/10/2023 05:00:00","SCA|NO2","mFRR","Local","Up","4167.00","0.00"," "
"21/10/2023 05:00:00","SCA|NO2","mFRR","Local","Down","734.00","0.00"," "
"21/10/2023 06:00:00","SCA|NO2","mFRR","Local","Up","4576.00","0.00"," "
"21/10/2023 06:00:00","SCA|NO2","mFRR","Local","Down","1003.00","0.00"," "
"21/10/2023 07:00:00","SCA|NO2","mFRR","Local","Up","4020.00","0.00"," "
"21/10/2023 07:00:00","SCA|NO2","mFRR","Local","Down","1283.00","78.00"," "
"21/10/2023 08:00:00","SCA|NO2","mFRR","Local","Up","3885.00","0.00"," "
"21/10/2023 08:00:00","SCA|NO2","mFRR","Local","Down","1596.00","300.00"," "
"21/10/2023 09:00:00","SCA|NO2","mFRR","Local","Up","4005.00","0.00"," "
"21/10/2023 09:00:00","SCA|NO2","mFRR","Local","Down","1379.00","159.25"," "
"21/10/2023 10:00:00","SCA|NO2","mFRR","Local","Up","3967.25","0.00"," "
"21/10/2023 10:00:00","SCA|NO2","mFRR","Local","Down","1120.50","0.00"," "
"21/10/2023 11:00:00","SCA|NO2","mFRR","Local","Up","4018.00","118.50"," "
"21/10/2023 11:00:00","SCA|NO2","mFRR","Local","Down","614.00","0.00"," "
"21/10/2023 12:00:00","SCA|NO2","mFRR","Local","Up","4456.00","0.00"," "
"21/10/2023 12:00:00","SCA|NO2","mFRR","Local","Down","451.00","0.00"," "
"21/10/2023 13:00:00","SCA|NO2","mFRR","Local","Up","4695.00","0.00"," "
"21/10/2023 13:00:00","SCA|NO2","mFRR","Local","Down","464.00","0.00"," "
"21/10/2023 14:00:00","SCA|NO2","mFRR","Local","Up","4432.00","0.00"," "
"21/10/2023 14:00:00","SCA|NO2","mFRR","Local","Down","589.00","0.00"," "
"21/10/2023 15:00:00","SCA|NO2","mFRR","Local","Up","3799.75","0.00"," "
"21/10/2023 15:00:00","SCA|NO2","mFRR","Local","Down","1152.75","0.00"," "
"21/10/2023 16:00:00","SCA|NO2","mFRR","Local","Up","3506.25","0.00"," "
"21/10/2023 16:00:00","SCA|NO2","mFRR","Local","Down","1752.50","0.00"," "
"21/10/2023 17:00:00","SCA|NO2","mFRR","Local","Up","2775.50","0.00"," "
"21/10/2023 17:00:00","SCA|NO2","mFRR","Local","Down","2309.00","0.00"," "
"21/10/2023 18:00:00","SCA|NO2","mFRR","Local","Up","2734.25","18.75"," "
"21/10/2023 18:00:00","SCA|NO2","mFRR","Local","Down","2353.00","0.00"," "
"21/10/2023 19:00:00","SCA|NO2","mFRR","Local","Up","3106.00","236.50"," "
"21/10/2023 19:00:00","SCA|NO2","mFRR","Local","Down","2104.50","0.00"," "
"21/10/2023 20:00:00","SCA|NO2","mFRR","Local","Up","3117.00","350.50"," "
"21/10/2023 20:00:00","SCA|NO2","mFRR","Local","Down","1756.00","0.00"," "
"21/10/2023 21:00:00","SCA|NO2","mFRR","Local","Up","3190.00","274.50"," "
"21/10/2023 21:00:00","SCA|NO2","mFRR","Local","Down","1638.00","0.00"," "
"21/10/2023 22:00:00","SCA|NO2","mFRR","Local","Up","3011.00","58.00"," "
"21/10/2023 22:00:00","SCA|NO2","mFRR","Local","Down","1577.50","0.00"," "
"21/10/2023 23:00:00","SCA|NO2","mFRR","Local","Up","3270.00","85.50"," "
"21/10/2023 23:00:00","SCA|NO2","mFRR","Local","Down","1201.00","0.00"," "
"22/10/2023 00:00:00","SCA|NO2","mFRR","Local","Up","3918.00","13.50"," "
"22/10/2023 00:00:00","SCA|NO2","mFRR","Local","Down","890.00","0.00"," "
"22/10/2023 01:00:00","SCA|NO2","mFRR","Local","Up","4384.00","13.00"," "
"22/10/2023 01:00:00","SCA|NO2","mFRR","Local","Down","686.00","0.00"," "
"22/10/2023 02:00:00","SCA|NO2","mFRR","Local","Up","4424.00","79.00"," "
"22/10/2023 02:00:00","SCA|NO2","mFRR","Local","Down","656.00","0.00"," "
"22/10/2023 03:00:00","SCA|NO2","mFRR","Local","Up","4425.00","58.00"," "
"22/10/2023 03:00:00","SCA|NO2","mFRR","Local","Down","663.00","0.00"," "
"22/10/2023 04:00:00","SCA|NO2","mFRR","Local","Up","4424.00","21.00"," "
"22/10/2023 04:00:00","SCA|NO2","mFRR","Local","Down","658.00","0.00"," "
"22/10/2023 05:00:00","SCA|NO2","mFRR","Local","Up","4341.50","0.00"," "
"22/10/2023 05:00:00","SCA|NO2","mFRR","Local","Down","622.75","0.00"," "
"22/10/2023 06:00:00","SCA|NO2","mFRR","Local","Up","4237.00","0.00"," "
"22/10/2023 06:00:00","SCA|NO2","mFRR","Local","Down","775.00","0.00"," "
"22/10/2023 07:00:00","SCA|NO2","mFRR","Local","Up","3751.00","0.00"," "
"22/10/2023 07:00:00","SCA|NO2","mFRR","Local","Down","1267.00","0.00"," "
"22/10/2023 08:00:00","SCA|NO2","mFRR","Local","Up","3650.00","0.00"," "
"22/10/2023 08:00:00","SCA|NO2","mFRR","Local","Down","1561.00","54.00"," "
"22/10/2023 09:00:00","SCA|NO2","mFRR","Local","Up","3399.00","0.00"," "
"22/10/2023 09:00:00","SCA|NO2","mFRR","Local","Down","1640.00","119.50"," "
"22/10/2023 10:00:00","SCA|NO2","mFRR","Local","Up","3485.00","118.50"," "
"22/10/2023 10:00:00","SCA|NO2","mFRR","Local","Down","1645.00","0.00"," "
"22/10/2023 11:00:00","SCA|NO2","mFRR","Local","Up","3579.00","382.00"," "
"22/10/2023 11:00:00","SCA|NO2","mFRR","Local","Down","1537.00","0.00"," "
"22/10/2023 12:00:00","SCA|NO2","mFRR","Local","Up","3940.50","209.50"," "
"22/10/2023 12:00:00","SCA|NO2","mFRR","Local","Down","1153.00","0.00"," "
"22/10/2023 13:00:00","SCA|NO2","mFRR","Local","Up","4518.50","134.00"," "
"22/10/2023 13:00:00","SCA|NO2","mFRR","Local","Down","709.00","0.00"," "
"22/10/2023 14:00:00","SCA|NO2","mFRR","Local","Up","4337.00","31.00"," "
"22/10/2023 14:00:00","SCA|NO2","mFRR","Local","Down","875.00","0.00"," "
"22/10/2023 15:00:00","SCA|NO2","mFRR","Local","Up","2972.00","370.75"," "
"22/10/2023 15:00:00","SCA|NO2","mFRR","Local","Down","1221.00","0.00"," "
"22/10/2023 16:00:00","SCA|NO2","mFRR","Local","Up","3094.25","357.25"," "
"22/10/2023 16:00:00","SCA|NO2","mFRR","Local","Down","1886.75","0.00"," "
"22/10/2023 17:00:00","SCA|NO2","mFRR","Local","Up","2369.25","602.00"," "
"22/10/2023 17:00:00","SCA|NO2","mFRR","Local","Down","2601.75","0.00"," "
"22/10/2023 18:00:00","SCA|NO2","mFRR","Local","Up","2140.00","1020.75"," "
"22/10/2023 18:00:00","SCA|NO2","mFRR","Local","Down","2951.00","0.00"," "
"22/10/2023 19:00:00","SCA|NO2","mFRR","Local","Up","2268.50","928.00"," "
"22/10/2023 19:00:00","SCA|NO2","mFRR","Local","Down","2821.25","0.00"," "
"22/10/2023 20:00:00","SCA|NO2","mFRR","Local","Up","2617.25","748.00"," "
"22/10/2023 20:00:00","SCA|NO2","mFRR","Local","Down","2413.75","0.00"," "
"22/10/2023 21:00:00","SCA|NO2","mFRR","Local","Up","2640.00","69.50"," "
"22/10/2023 21:00:00","SCA|NO2","mFRR","Local","Down","2314.00","0.00"," "
"22/10/2023 22:00:00","SCA|NO2","mFRR","Local","Up","2685.00","0.00"," "
"22/10/2023 22:00:00","SCA|NO2","mFRR","Local","Down","2276.00","0.00"," "
"22/10/2023 23:00:00","SCA|NO2","mFRR","Local","Up","2800.00","0.00"," "
"22/10/2023 23:00:00","SCA|NO2","mFRR","Local","Down","2142.00","0.00"," "
"23/10/2023 00:00:00","SCA|NO2","mFRR","Local","Up","3053.00","0.00"," "
"23/10/2023 00:00:00","SCA|NO2","mFRR","Local","Down","2219.00","0.00"," "
"23/10/2023 01:00:00","SCA|NO2","mFRR","Local","Up","3289.00","0.00"," "
"23/10/2023 01:00:00","SCA|NO2","mFRR","Local","Down","2246.00","0.00"," "
"23/10/2023 02:00:00","SCA|NO2","mFRR","Local","Up","3290.00","0.00"," "
"23/10/2023 02:00:00","SCA|NO2","mFRR","Local","Down","2220.00","0.00"," "
"23/10/2023 03:00:00","SCA|NO2","mFRR","Local","Up","3254.00","0.00"," "
"23/10/2023 03:00:00","SCA|NO2","mFRR","Local","Down","2238.00","59.00"," "
"23/10/2023 04:00:00","SCA|NO2","mFRR","Local","Up","3198.00","0.00"," "
"23/10/2023 04:00:00","SCA|NO2","mFRR","Local","Down","2291.00","59.25"," "
"23/10/2023 05:00:00","SCA|NO2","mFRR","Local","Up","3067.00","0.00"," "
"23/10/2023 05:00:00","SCA|NO2","mFRR","Local","Down","2349.00","41.00"," "
"23/10/2023 06:00:00","SCA|NO2","mFRR","Local","Up","1815.00","0.00"," "
"23/10/2023 06:00:00","SCA|NO2","mFRR","Local","Down","2778.50","162.75"," "
"23/10/2023 07:00:00","SCA|NO2","mFRR","Local","Up","806.00","0.00"," "
"23/10/2023 07:00:00","SCA|NO2","mFRR","Local","Down","3254.25","0.00"," "
"23/10/2023 08:00:00","SCA|NO2","mFRR","Local","Up","691.00","0.00"," "
"23/10/2023 08:00:00","SCA|NO2","mFRR","Local","Down","3409.00","0.00"," "
"23/10/2023 09:00:00","SCA|NO2","mFRR","Local","Up","695.00","0.00"," "
"23/10/2023 09:00:00","SCA|NO2","mFRR","Local","Down","3426.00","0.00"," "
"23/10/2023 10:00:00","SCA|NO2","mFRR","Local","Up","763.00","0.00"," "
"23/10/2023 10:00:00","SCA|NO2","mFRR","Local","Down","3381.00","0.00"," "
"23/10/2023 11:00:00","SCA|NO2","mFRR","Local","Up","791.00","0.00"," "
"23/10/2023 11:00:00","SCA|NO2","mFRR","Local","Down","3289.00","0.00"," "
"23/10/2023 12:00:00","SCA|NO2","mFRR","Local","Up","806.00","0.00"," "
"23/10/2023 12:00:00","SCA|NO2","mFRR","Local","Down","3253.00","0.00"," "
"23/10/2023 13:00:00","SCA|NO2","mFRR","Local","Up","792.00","0.00"," "
"23/10/2023 13:00:00","SCA|NO2","mFRR","Local","Down","3594.00","0.00"," "
"23/10/2023 14:00:00","SCA|NO2","mFRR","Local","Up","861.00","0.00"," "
"23/10/2023 14:00:00","SCA|NO2","mFRR","Local","Down","3490.00","0.00"," "
"23/10/2023 15:00:00","SCA|NO2","mFRR","Local","Up","847.00","0.00"," "
"23/10/2023 15:00:00","SCA|NO2","mFRR","Local","Down","3561.00","0.00"," "
"23/10/2023 16:00:00","SCA|NO2","mFRR","Local","Up","847.00","0.00"," "
"23/10/2023 16:00:00","SCA|NO2","mFRR","Local","Down","3477.00","0.00"," "
"23/10/2023 17:00:00","SCA|NO2","mFRR","Local","Up","713.00","0.00"," "
"23/10/2023 17:00:00","SCA|NO2","mFRR","Local","Down","3634.00","180.00"," "
"23/10/2023 18:00:00","SCA|NO2","mFRR","Local","Up","725.00","0.00"," "
"23/10/2023 18:00:00","SCA|NO2","mFRR","Local","Down","3581.00","21.25"," "
"23/10/2023 19:00:00","SCA|NO2","mFRR","Local","Up","988.00","0.00"," "
"23/10/2023 19:00:00","SCA|NO2","mFRR","Local","Down","3308.00","170.00"," "
"23/10/2023 20:00:00","SCA|NO2","mFRR","Local","Up","1621.50","0.00"," "
"23/10/2023 20:00:00","SCA|NO2","mFRR","Local","Down","2700.25","150.50"," "
"23/10/2023 21:00:00","SCA|NO2","mFRR","Local","Up","1861.00","0.00"," "
"23/10/2023 21:00:00","SCA|NO2","mFRR","Local","Down","2484.00","200.00"," "
"23/10/2023 22:00:00","SCA|NO2","mFRR","Local","Up","2128.00","0.00"," "
"23/10/2023 22:00:00","SCA|NO2","mFRR","Local","Down","2365.00","95.00"," "
"23/10/2023 23:00:00","SCA|NO2","mFRR","Local","Up","2305.25","0.00"," "
"23/10/2023 23:00:00","SCA|NO2","mFRR","Local","Down","2291.00","83.00"," "
"24/10/2023 00:00:00","SCA|NO2","mFRR","Local","Up","2232.50","0.00"," "
"24/10/2023 00:00:00","SCA|NO2","mFRR","Local","Down","2016.50","107.00"," "
"24/10/2023 01:00:00","SCA|NO2","mFRR","Local","Up","2617.25","0.00"," "
"24/10/2023 01:00:00","SCA|NO2","mFRR","Local","Down","2193.50","65.50"," "
"24/10/2023 02:00:00","SCA|NO2","mFRR","Local","Up","2701.00","0.00"," "
"24/10/2023 02:00:00","SCA|NO2","mFRR","Local","Down","2161.00","53.00"," "
"24/10/2023 03:00:00","SCA|NO2","mFRR","Local","Up","2976.25","0.00"," "
"24/10/2023 03:00:00","SCA|NO2","mFRR","Local","Down","2060.75","53.00"," "
"24/10/2023 04:00:00","SCA|NO2","mFRR","Local","Up","3185.00","0.00"," "
"24/10/2023 04:00:00","SCA|NO2","mFRR","Local","Down","1929.00","0.00"," "
"24/10/2023 05:00:00","SCA|NO2","mFRR","Local","Up","3047.25","0.00"," "
"24/10/2023 05:00:00","SCA|NO2","mFRR","Local","Down","1860.75","40.75"," "
"24/10/2023 06:00:00","SCA|NO2","mFRR","Local","Up","2475.25","0.00"," "
"24/10/2023 06:00:00","SCA|NO2","mFRR","Local","Down","2119.75","197.75"," "
"24/10/2023 07:00:00","SCA|NO2","mFRR","Local","Up","1643.25","0.00"," "
"24/10/2023 07:00:00","SCA|NO2","mFRR","Local","Down","2334.75","99.00"," "
"24/10/2023 08:00:00","SCA|NO2","mFRR","Local","Up","1430.00","0.00"," "
"24/10/2023 08:00:00","SCA|NO2","mFRR","Local","Down","2544.00","311.00"," "
"24/10/2023 09:00:00","SCA|NO2","mFRR","Local","Up","1688.00","0.00"," "
"24/10/2023 09:00:00","SCA|NO2","mFRR","Local","Down","2347.00","362.50"," "
"24/10/2023 10:00:00","SCA|NO2","mFRR","Local","Up","1996.00","0.00"," "
"24/10/2023 10:00:00","SCA|NO2","mFRR","Local","Down","2206.00","456.00"," "
"24/10/2023 11:00:00","SCA|NO2","mFRR","Local","Up","2245.00","0.00"," "
"24/10/2023 11:00:00","SCA|NO2","mFRR","Local","Down","2144.00","331.00"," "
"24/10/2023 12:00:00","SCA|NO2","mFRR","Local","Up","2570.75","0.00"," "
"24/10/2023 12:00:00","SCA|NO2","mFRR","Local","Down","1907.00","196.00"," "
"24/10/2023 13:00:00","SCA|NO2","mFRR","Local","Up","2673.00","0.00"," "
"24/10/2023 13:00:00","SCA|NO2","mFRR","Local","Down","1912.00","0.00"," "
"24/10/2023 14:00:00","SCA|NO2","mFRR","Local","Up","2732.75","0.00"," "
"24/10/2023 14:00:00","SCA|NO2","mFRR","Local","Down","1955.00","74.25"," "
"24/10/2023 15:00:00","SCA|NO2","mFRR","Local","Up","2513.00","0.00"," "
"24/10/2023 15:00:00","SCA|NO2","mFRR","Local","Down","1926.00","144.00"," "
"24/10/2023 16:00:00","SCA|NO2","mFRR","Local","Up","2313.25","0.00"," "
"24/10/2023 16:00:00","SCA|NO2","mFRR","Local","Down","1900.25","199.50"," "
"24/10/2023 17:00:00","SCA|NO2","mFRR","Local","Up","2351.00","0.00"," "
"24/10/2023 17:00:00","SCA|NO2","mFRR","Local","Down","2003.00","222.00"," "
"24/10/2023 18:00:00","SCA|NO2","mFRR","Local","Up","2377.00","0.00"," "
"24/10/2023 18:00:00","SCA|NO2","mFRR","Local","Down","2175.00","239.00"," "
"24/10/2023 19:00:00","SCA|NO2","mFRR","Local","Up","2931.00","0.00"," "
"24/10/2023 19:00:00","SCA|NO2","mFRR","Local","Down","1938.00","207.00"," "
"24/10/2023 20:00:00","SCA|NO2","mFRR","Local","Up","2997.00","0.00"," "
"24/10/2023 20:00:00","SCA|NO2","mFRR","Local","Down","1902.25","206.00"," "
"24/10/2023 21:00:00","SCA|NO2","mFRR","Local","Up","3254.00","0.00"," "
"24/10/2023 21:00:00","SCA|NO2","mFRR","Local","Down","1624.00","246.00"," "
"24/10/2023 22:00:00","SCA|NO2","mFRR","Local","Up","3783.00","0.00"," "
"24/10/2023 22:00:00","SCA|NO2","mFRR","Local","Down","1539.00","17.00"," "
"24/10/2023 23:00:00","SCA|NO2","mFRR","Local","Up","4081.00","0.00"," "
"24/10/2023 23:00:00","SCA|NO2","mFRR","Local","Down","1392.00","0.00"," "
"25/10/2023 00:00:00","SCA|NO2","mFRR","Local","Up","3897.00","0.00"," "
"25/10/2023 00:00:00","SCA|NO2","mFRR","Local","Down","1325.00","0.00"," "
"25/10/2023 01:00:00","SCA|NO2","mFRR","Local","Up","4225.00","0.00"," "
"25/10/2023 01:00:00","SCA|NO2","mFRR","Local","Down","1552.00","0.00"," "
"25/10/2023 02:00:00","SCA|NO2","mFRR","Local","Up","4362.00","0.00"," "
"25/10/2023 02:00:00","SCA|NO2","mFRR","Local","Down","1524.00","0.00"," "
"25/10/2023 03:00:00","SCA|NO2","mFRR","Local","Up","4329.00","0.00"," "
"25/10/2023 03:00:00","SCA|NO2","mFRR","Local","Down","1534.00","0.00"," "
"25/10/2023 04:00:00","SCA|NO2","mFRR","Local","Up","4230.00","0.00"," "
"25/10/2023 04:00:00","SCA|NO2","mFRR","Local","Down","1633.00","0.00"," "
"25/10/2023 05:00:00","SCA|NO2","mFRR","Local","Up","3775.00","0.00"," "
"25/10/2023 05:00:00","SCA|NO2","mFRR","Local","Down","1434.00","35.75"," "
"25/10/2023 06:00:00","SCA|NO2","mFRR","Local","Up","2956.75","0.00"," "
"25/10/2023 06:00:00","SCA|NO2","mFRR","Local","Down","1841.00","154.50"," "
"25/10/2023 07:00:00","SCA|NO2","mFRR","Local","Up","2179.00","460.75"," "
"25/10/2023 07:00:00","SCA|NO2","mFRR","Local","Down","2666.50","0.00"," "
"25/10/2023 08:00:00","SCA|NO2","mFRR","Local","Up","1682.00","120.00"," "
"25/10/2023 08:00:00","SCA|NO2","mFRR","Local","Down","3042.00","0.00"," "
"25/10/2023 09:00:00","SCA|NO2","mFRR","Local","Up","1500.00","35.00"," "
"25/10/2023 09:00:00","SCA|NO2","mFRR","Local","Down","3377.50","0.00"," "
"25/10/2023 10:00:00","SCA|NO2","mFRR","Local","Up","1234.00","0.00"," "
"25/10/2023 10:00:00","SCA|NO2","mFRR","Local","Down","3102.75","0.00"," "
"25/10/2023 11:00:00","SCA|NO2","mFRR","Local","Up","1456.00","0.00"," "
"25/10/2023 11:00:00","SCA|NO2","mFRR","Local","Down","3068.75","0.00"," "
"25/10/2023 12:00:00","SCA|NO2","mFRR","Local","Up","1613.00","0.00"," "
"25/10/2023 12:00:00","SCA|NO2","mFRR","Local","Down","2892.75","0.00"," "
"25/10/2023 13:00:00","SCA|NO2","mFRR","Local","Up","1673.00","0.00"," "
"25/10/2023 13:00:00","SCA|NO2","mFRR","Local","Down","2665.00","0.00"," "
"25/10/2023 14:00:00","SCA|NO2","mFRR","Local","Up","1809.00","0.00"," "
"25/10/2023 14:00:00","SCA|NO2","mFRR","Local","Down","2438.00","0.00"," "
"25/10/2023 15:00:00","SCA|NO2","mFRR","Local","Up","1702.00","0.00"," "
"25/10/2023 15:00:00","SCA|NO2","mFRR","Local","Down","2324.00","0.00"," "
"25/10/2023 16:00:00","SCA|NO2","mFRR","Local","Up","1891.00","0.00"," "
"25/10/2023 16:00:00","SCA|NO2","mFRR","Local","Down","2019.00","0.00"," "
"25/10/2023 17:00:00","SCA|NO2","mFRR","Local","Up","1911.00","0.00"," "
"25/10/2023 17:00:00","SCA|NO2","mFRR","Local","Down","1986.25","0.00"," "
"25/10/2023 18:00:00","SCA|NO2","mFRR","Local","Up","1793.00","0.00"," "
"25/10/2023 18:00:00","SCA|NO2","mFRR","Local","Down","2081.00","0.00"," "
"25/10/2023 19:00:00","SCA|NO2","mFRR","Local","Up","2333.00","0.00"," "
"25/10/2023 19:00:00","SCA|NO2","mFRR","Local","Down","2023.00","0.00"," "
"25/10/2023 20:00:00","SCA|NO2","mFRR","Local","Up","2531.50","0.00"," "
"25/10/2023 20:00:00","SCA|NO2","mFRR","Local","Down","2162.00","0.00"," "
"25/10/2023 21:00:00","SCA|NO2","mFRR","Local","Up","2472.50","0.00"," "
"25/10/2023 21:00:00","SCA|NO2","mFRR","Local","Down","2289.00","0.00"," "
"25/10/2023 22:00:00","SCA|NO2","mFRR","Local","Up","2561.00","0.00"," "
"25/10/2023 22:00:00","SCA|NO2","mFRR","Local","Down","1940.00","0.00"," "
"25/10/2023 23:00:00","SCA|NO2","mFRR","Local","Up","2800.75","0.00"," "
"25/10/2023 23:00:00","SCA|NO2","mFRR","Local","Down","2048.00","165.25"," "
"26/10/2023 00:00:00","SCA|NO2","mFRR","Local","Up","3388.75","0.00"," "
"26/10/2023 00:00:00","SCA|NO2","mFRR","Local","Down","1874.00","0.00"," "
"26/10/2023 01:00:00","SCA|NO2","mFRR","Local","Up","3281.00","0.00"," "
"26/10/2023 01:00:00","SCA|NO2","mFRR","Local","Down","1939.00","0.00"," "
"26/10/2023 02:00:00","SCA|NO2","mFRR","Local","Up","3279.00","0.00"," "
"26/10/2023 02:00:00","SCA|NO2","mFRR","Local","Down","1940.00","20.75"," "
"26/10/2023 03:00:00","SCA|NO2","mFRR","Local","Up","3275.00","0.00"," "
"26/10/2023 03:00:00","SCA|NO2","mFRR","Local","Down","1942.00","278.25"," "
"26/10/2023 04:00:00","SCA|NO2","mFRR","Local","Up","3089.75","0.00"," "
"26/10/2023 04:00:00","SCA|NO2","mFRR","Local","Down","2060.00","441.00"," "
"26/10/2023 05:00:00","SCA|NO2","mFRR","Local","Up","2907.50","0.00"," "
"26/10/2023 05:00:00","SCA|NO2","mFRR","Local","Down","2152.00","437.00"," "
"26/10/2023 06:00:00","SCA|NO2","mFRR","Local","Up","1933.00","0.00"," "
"26/10/2023 06:00:00","SCA|NO2","mFRR","Local","Down","3012.00","545.75"," "
"26/10/2023 07:00:00","SCA|NO2","mFRR","Local","Up","1616.50","0.00"," "
"26/10/2023 07:00:00","SCA|NO2","mFRR","Local","Down","3446.50","0.00"," "
"26/10/2023 08:00:00","SCA|NO2","mFRR","Local","Up","1508.00","0.00"," "
"26/10/2023 08:00:00","SCA|NO2","mFRR","Local","Down","3789.00","0.00"," "
"26/10/2023 09:00:00","SCA|NO2","mFRR","Local","Up","1431.00","90.25"," "
"26/10/2023 09:00:00","SCA|NO2","mFRR","Local","Down","3851.00","0.00"," "
"26/10/2023 10:00:00","SCA|NO2","mFRR","Local","Up","1309.00","162.00"," "
"26/10/2023 10:00:00","SCA|NO2","mFRR","Local","Down","3913.00","0.00"," "
"26/10/2023 11:00:00","SCA|NO2","mFRR","Local","Up","1245.00","101.00"," "
"26/10/2023 11:00:00","SCA|NO2","mFRR","Local","Down","4009.00","0.00"," "
"26/10/2023 12:00:00","SCA|NO2","mFRR","Local","Up","1154.00","132.00"," "
"26/10/2023 12:00:00","SCA|NO2","mFRR","Local","Down","3988.00","0.00"," "
"26/10/2023 13:00:00","SCA|NO2","mFRR","Local","Up","1168.00","78.00"," "
"26/10/2023 13:00:00","SCA|NO2","mFRR","Local","Down","3969.00","0.00"," "
"26/10/2023 14:00:00","SCA|NO2","mFRR","Local","Up","1337.25","0.00"," "
"26/10/2023 14:00:00","SCA|NO2","mFRR","Local","Down","3782.00","0.00"," "
"26/10/2023 15:00:00","SCA|NO2","mFRR","Local","Up","1129.00","266.00"," "
"26/10/2023 15:00:00","SCA|NO2","mFRR","Local","Down","3807.00","0.00"," "
"26/10/2023 16:00:00","SCA|NO2","mFRR","Local","Up","1105.00","268.00"," "
"26/10/2023 16:00:00","SCA|NO2","mFRR","Local","Down","3642.00","0.00"," "
"26/10/2023 17:00:00","SCA|NO2","mFRR","Local","Up","1073.00","232.00"," "
"26/10/2023 17:00:00","SCA|NO2","mFRR","Local","Down","3608.00","0.00"," "
"26/10/2023 18:00:00","SCA|NO2","mFRR","Local","Up","1098.75","397.75"," "
"26/10/2023 18:00:00","SCA|NO2","mFRR","Local","Down","3310.00","0.00"," "
"26/10/2023 19:00:00","SCA|NO2","mFRR","Local","Up","1323.00","275.00"," "
"26/10/2023 19:00:00","SCA|NO2","mFRR","Local","Down","3356.00","0.00"," "
"26/10/2023 20:00:00","SCA|NO2","mFRR","Local","Up","1720.00","222.50"," "
"26/10/2023 20:00:00","SCA|NO2","mFRR","Local","Down","3522.25","0.00"," "
"26/10/2023 21:00:00","SCA|NO2","mFRR","Local","Up","1664.00","149.00"," "
"26/10/2023 21:00:00","SCA|NO2","mFRR","Local","Down","3523.00","0.00"," "
"26/10/2023 22:00:00","SCA|NO2","mFRR","Local","Up","2077.25","0.00"," "
"26/10/2023 22:00:00","SCA|NO2","mFRR","Local","Down","3107.75","0.00"," "
"26/10/2023 23:00:00","SCA|NO2","mFRR","Local","Up","2429.00","0.00"," "
"26/10/2023 23:00:00","SCA|NO2","mFRR","Local","Down","2783.00","0.00"," "
"27/10/2023 00:00:00","SCA|NO2","mFRR","Local","Up","2338.00","0.00"," "
"27/10/2023 00:00:00","SCA|NO2","mFRR","Local","Down","3032.00","0.00"," "
"27/10/2023 01:00:00","SCA|NO2","mFRR","Local","Up","2712.00","0.00"," "
"27/10/2023 01:00:00","SCA|NO2","mFRR","Local","Down","2887.00","0.00"," "
"27/10/2023 02:00:00","SCA|NO2","mFRR","Local","Up","2737.00","0.00"," "
"27/10/2023 02:00:00","SCA|NO2","mFRR","Local","Down","2873.00","100.00"," "
"27/10/2023 03:00:00","SCA|NO2","mFRR","Local","Up","2737.00","0.00"," "
"27/10/2023 03:00:00","SCA|NO2","mFRR","Local","Down","2871.00","200.00"," "
"27/10/2023 04:00:00","SCA|NO2","mFRR","Local","Up","2736.00","0.00"," "
"27/10/2023 04:00:00","SCA|NO2","mFRR","Local","Down","2865.00","200.00"," "
"27/10/2023 05:00:00","SCA|NO2","mFRR","Local","Up","2606.00","0.00"," "
"27/10/2023 05:00:00","SCA|NO2","mFRR","Local","Down","3014.00","108.25"," "
"27/10/2023 06:00:00","SCA|NO2","mFRR","Local","Up","1696.25","0.00"," "
"27/10/2023 06:00:00","SCA|NO2","mFRR","Local","Down","3594.25","0.00"," "
"27/10/2023 07:00:00","SCA|NO2","mFRR","Local","Up","1018.50","0.00"," "
"27/10/2023 07:00:00","SCA|NO2","mFRR","Local","Down","4208.25","0.00"," "
"27/10/2023 08:00:00","SCA|NO2","mFRR","Local","Up","890.00","0.00"," "
"27/10/2023 08:00:00","SCA|NO2","mFRR","Local","Down","4338.00","0.00"," "
"27/10/2023 09:00:00","SCA|NO2","mFRR","Local","Up","743.00","55.00"," "
"27/10/2023 09:00:00","SCA|NO2","mFRR","Local","Down","4069.00","0.00"," "
"27/10/2023 10:00:00","SCA|NO2","mFRR","Local","Up","732.00","162.00"," "
"27/10/2023 10:00:00","SCA|NO2","mFRR","Local","Down","4310.00","0.00"," "
"27/10/2023 11:00:00","SCA|NO2","mFRR","Local","Up","803.00","150.50"," "
"27/10/2023 11:00:00","SCA|NO2","mFRR","Local","Down","4319.00","0.00"," "
"27/10/2023 12:00:00","SCA|NO2","mFRR","Local","Up","805.00","65.50"," "
"27/10/2023 12:00:00","SCA|NO2","mFRR","Local","Down","4373.00","0.00"," "
"27/10/2023 13:00:00","SCA|NO2","mFRR","Local","Up","767.00","0.00"," "
"27/10/2023 13:00:00","SCA|NO2","mFRR","Local","Down","4321.00","0.00"," "
"27/10/2023 14:00:00","SCA|NO2","mFRR","Local","Up","971.00","0.00"," "
"27/10/2023 14:00:00","SCA|NO2","mFRR","Local","Down","4483.00","0.00"," "
"27/10/2023 15:00:00","SCA|NO2","mFRR","Local","Up","1035.00","0.00"," "
"27/10/2023 15:00:00","SCA|NO2","mFRR","Local","Down","4627.00","43.50"," "
"27/10/2023 16:00:00","SCA|NO2","mFRR","Local","Up","772.00","0.00"," "
"27/10/2023 16:00:00","SCA|NO2","mFRR","Local","Down","4927.00","177.00"," "
"27/10/2023 17:00:00","SCA|NO2","mFRR","Local","Up","721.00","0.00"," "
"27/10/2023 17:00:00","SCA|NO2","mFRR","Local","Down","5024.00","312.50"," "
"27/10/2023 18:00:00","SCA|NO2","mFRR","Local","Up","752.75","0.00"," "
"27/10/2023 18:00:00","SCA|NO2","mFRR","Local","Down","5091.00","266.00"," "
"27/10/2023 19:00:00","SCA|NO2","mFRR","Local","Up","884.00","0.00"," "
"27/10/2023 19:00:00","SCA|NO2","mFRR","Local","Down","4932.25","701.00"," "
"27/10/2023 20:00:00","SCA|NO2","mFRR","Local","Up","1426.00","0.00"," "
"27/10/2023 20:00:00","SCA|NO2","mFRR","Local","Down","4412.25","482.00"," "
"27/10/2023 21:00:00","SCA|NO2","mFRR","Local","Up","1843.00","0.00"," "
"27/10/2023 21:00:00","SCA|NO2","mFRR","Local","Down","4058.00","388.00"," "
"27/10/2023 22:00:00","SCA|NO2","mFRR","Local","Up","2292.50","0.00"," "
"27/10/2023 22:00:00","SCA|NO2","mFRR","Local","Down","3703.00","174.00"," "
"27/10/2023 23:00:00","SCA|NO2","mFRR","Local","Up","2341.00","0.00"," "
"27/10/2023 23:00:00","SCA|NO2","mFRR","Local","Down","3696.00","421.00"," "
"28/10/2023 00:00:00","SCA|NO2","mFRR","Local","Up","1821.00","0.00"," "
"28/10/2023 00:00:00","SCA|NO2","mFRR","Local","Down","3753.00","676.00"," "
"28/10/2023 01:00:00","SCA|NO2","mFRR","Local","Up","2491.75","0.00"," "
"28/10/2023 01:00:00","SCA|NO2","mFRR","Local","Down","3143.25","443.00"," "
"28/10/2023 02:00:00","SCA|NO2","mFRR","Local","Up","3565.50","0.00"," "
"28/10/2023 02:00:00","SCA|NO2","mFRR","Local","Down","2381.25","157.50"," "
"28/10/2023 03:00:00","SCA|NO2","mFRR","Local","Up","4517.25","0.00"," "
"28/10/2023 03:00:00","SCA|NO2","mFRR","Local","Down","1484.75","116.25"," "
"28/10/2023 04:00:00","SCA|NO2","mFRR","Local","Up","4374.00","0.00"," "
"28/10/2023 04:00:00","SCA|NO2","mFRR","Local","Down","1670.00","9.00"," "
"28/10/2023 05:00:00","SCA|NO2","mFRR","Local","Up","3986.00","0.00"," "
"28/10/2023 05:00:00","SCA|NO2","mFRR","Local","Down","1674.00","0.00"," "
"28/10/2023 06:00:00","SCA|NO2","mFRR","Local","Up","3117.25","0.00"," "
"28/10/2023 06:00:00","SCA|NO2","mFRR","Local","Down","2308.75","32.25"," "
"28/10/2023 07:00:00","SCA|NO2","mFRR","Local","Up","1729.75","0.00"," "
"28/10/2023 07:00:00","SCA|NO2","mFRR","Local","Down","3397.50","14.75"," "
"28/10/2023 08:00:00","SCA|NO2","mFRR","Local","Up","941.00","0.00"," "
"28/10/2023 08:00:00","SCA|NO2","mFRR","Local","Down","4168.50","246.00"," "
"28/10/2023 09:00:00","SCA|NO2","mFRR","Local","Up","735.00","0.00"," "
"28/10/2023 09:00:00","SCA|NO2","mFRR","Local","Down","4390.00","300.00"," "
"28/10/2023 10:00:00","SCA|NO2","mFRR","Local","Up","909.25","0.00"," "
"28/10/2023 10:00:00","SCA|NO2","mFRR","Local","Down","4212.25","239.00"," "
"28/10/2023 11:00:00","SCA|NO2","mFRR","Local","Up","1579.50","0.00"," "
"28/10/2023 11:00:00","SCA|NO2","mFRR","Local","Down","3732.00","66.00"," "
"28/10/2023 12:00:00","SCA|NO2","mFRR","Local","Up","1798.75","0.00"," "
"28/10/2023 12:00:00","SCA|NO2","mFRR","Local","Down","3366.50","59.50"," "
"28/10/2023 13:00:00","SCA|NO2","mFRR","Local","Up","2125.25","0.00"," "
"28/10/2023 13:00:00","SCA|NO2","mFRR","Local","Down","3080.50","0.00"," "
"28/10/2023 14:00:00","SCA|NO2","mFRR","Local","Up","1575.25","0.00"," "
"28/10/2023 14:00:00","SCA|NO2","mFRR","Local","Down","3531.50","0.00"," "
"28/10/2023 15:00:00","SCA|NO2","mFRR","Local","Up","1156.75","0.00"," "
"28/10/2023 15:00:00","SCA|NO2","mFRR","Local","Down","4021.25","0.00"," "
"28/10/2023 16:00:00","SCA|NO2","mFRR","Local","Up","682.25","112.50"," "
"28/10/2023 16:00:00","SCA|NO2","mFRR","Local","Down","4209.75","0.00"," "
"28/10/2023 17:00:00","SCA|NO2","mFRR","Local","Up","377.75","0.00"," "
"28/10/2023 17:00:00","SCA|NO2","mFRR","Local","Down","4611.25","0.00"," "
"28/10/2023 18:00:00","SCA|NO2","mFRR","Local","Up","391.00","85.00"," "
"28/10/2023 18:00:00","SCA|NO2","mFRR","Local","Down","4645.00","0.00"," "
"28/10/2023 19:00:00","SCA|NO2","mFRR","Local","Up","582.50","0.00"," "
"28/10/2023 19:00:00","SCA|NO2","mFRR","Local","Down","4405.75","0.00"," "
"28/10/2023 20:00:00","SCA|NO2","mFRR","Local","Up","1542.50","0.00"," "
"28/10/2023 20:00:00","SCA|NO2","mFRR","Local","Down","3600.00","0.00"," "
"28/10/2023 21:00:00","SCA|NO2","mFRR","Local","Up","2705.75","0.00"," "
"28/10/2023 21:00:00","SCA|NO2","mFRR","Local","Down","2451.00","0.00"," "
"28/10/2023 22:00:00","SCA|NO2","mFRR","Local","Up","3770.25","0.00"," "
"28/10/2023 22:00:00","SCA|NO2","mFRR","Local","Down","1501.75","0.00"," "
"28/10/2023 23:00:00","SCA|NO2","mFRR","Local","Up","4696.50","0.00"," "
"28/10/2023 23:00:00","SCA|NO2","mFRR","Local","Down","701.00","10.00"," "
"29/10/2023 00:00:00","SCA|NO2","mFRR","Local","Up","3864.00","0.00"," "
"29/10/2023 00:00:00","SCA|NO2","mFRR","Local","Down","779.25","112.00"," "
"29/10/2023 01:00:00","SCA|NO2","mFRR","Local","Up","4353.00","0.00"," "
"29/10/2023 01:00:00","SCA|NO2","mFRR","Local","Down","485.00","37.50"," "
"29/10/2023 02:00:00","SCA|NO2","mFRR","Local","Up","4596.00","0.00"," "
"29/10/2023 02:00:00","SCA|NO2","mFRR","Local","Down","243.00","0.00"," "
"29/10/2023 02:00:00","SCA|NO2","mFRR","Local","Up","4596.00","0.00"," "
"29/10/2023 02:00:00","SCA|NO2","mFRR","Local","Down","243.00","0.00"," "
"29/10/2023 03:00:00","SCA|NO2","mFRR","Local","Up","4616.00","0.00"," "
"29/10/2023 03:00:00","SCA|NO2","mFRR","Local","Down","240.00","0.00"," "
"29/10/2023 04:00:00","SCA|NO2","mFRR","Local","Up","4616.00","0.00"," "
"29/10/2023 04:00:00","SCA|NO2","mFRR","Local","Down","244.00","0.00"," "
"29/10/2023 05:00:00","SCA|NO2","mFRR","Local","Up","4578.00","0.00"," "
"29/10/2023 05:00:00","SCA|NO2","mFRR","Local","Down","255.00","2.75"," "
"29/10/2023 06:00:00","SCA|NO2","mFRR","Local","Up","4563.00","0.00"," "
"29/10/2023 06:00:00","SCA|NO2","mFRR","Local","Down","321.00","33.75"," "
"29/10/2023 07:00:00","SCA|NO2","mFRR","Local","Up","4543.25","0.00"," "
"29/10/2023 07:00:00","SCA|NO2","mFRR","Local","Down","334.00","92.00"," "
"29/10/2023 08:00:00","SCA|NO2","mFRR","Local","Up","5211.75","0.00"," "
"29/10/2023 08:00:00","SCA|NO2","mFRR","Local","Down","431.00","60.25"," "
"29/10/2023 09:00:00","SCA|NO2","mFRR","Local","Up","5105.00","0.00"," "
"29/10/2023 09:00:00","SCA|NO2","mFRR","Local","Down","487.00","125.00"," "
"29/10/2023 10:00:00","SCA|NO2","mFRR","Local","Up","4955.00","0.00"," "
"29/10/2023 10:00:00","SCA|NO2","mFRR","Local","Down","576.00","29.00"," "
"29/10/2023 11:00:00","SCA|NO2","mFRR","Local","Up","4938.00","0.00"," "
"29/10/2023 11:00:00","SCA|NO2","mFRR","Local","Down","583.00","0.00"," "
"29/10/2023 12:00:00","SCA|NO2","mFRR","Local","Up","4960.00","0.00"," "
"29/10/2023 12:00:00","SCA|NO2","mFRR","Local","Down","555.00","0.00"," "
"29/10/2023 13:00:00","SCA|NO2","mFRR","Local","Up","4962.00","0.00"," "
"29/10/2023 13:00:00","SCA|NO2","mFRR","Local","Down","548.00","0.00"," "
"29/10/2023 14:00:00","SCA|NO2","mFRR","Local","Up","4841.00","0.00"," "
"29/10/2023 14:00:00","SCA|NO2","mFRR","Local","Down","636.50","0.00"," "
"29/10/2023 15:00:00","SCA|NO2","mFRR","Local","Up","4323.50","0.00"," "
"29/10/2023 15:00:00","SCA|NO2","mFRR","Local","Down","1017.75","0.00"," "
"29/10/2023 16:00:00","SCA|NO2","mFRR","Local","Up","4009.50","0.00"," "
"29/10/2023 16:00:00","SCA|NO2","mFRR","Local","Down","1491.75","0.00"," "
"29/10/2023 17:00:00","SCA|NO2","mFRR","Local","Up","3183.00","0.00"," "
"29/10/2023 17:00:00","SCA|NO2","mFRR","Local","Down","2173.00","0.00"," "
"29/10/2023 18:00:00","SCA|NO2","mFRR","Local","Up","3190.00","0.00"," "
"29/10/2023 18:00:00","SCA|NO2","mFRR","Local","Down","2226.00","0.00"," "
"29/10/2023 19:00:00","SCA|NO2","mFRR","Local","Up","3366.00","0.00"," "
"29/10/2023 19:00:00","SCA|NO2","mFRR","Local","Down","1978.00","0.00"," "
"29/10/2023 20:00:00","SCA|NO2","mFRR","Local","Up","3932.00","0.00"," "
"29/10/2023 20:00:00","SCA|NO2","mFRR","Local","Down","1350.00","35.00"," "
"29/10/2023 21:00:00","SCA|NO2","mFRR","Local","Up","4591.00","0.00"," "
"29/10/2023 21:00:00","SCA|NO2","mFRR","Local","Down","1034.00","97.50"," "
"29/10/2023 22:00:00","SCA|NO2","mFRR","Local","Up","4160.00","0.00"," "
"29/10/2023 22:00:00","SCA|NO2","mFRR","Local","Down","1044.00","107.00"," "
"29/10/2023 23:00:00","SCA|NO2","mFRR","Local","Up","3499.00","0.00"," "
"29/10/2023 23:00:00","SCA|NO2","mFRR","Local","Down","426.00","19.25"," "
"30/10/2023 00:00:00","SCA|NO2","mFRR","Local","Up","5218.00","106.00"," "
"30/10/2023 00:00:00","SCA|NO2","mFRR","Local","Down","216.00","0.00"," "
"30/10/2023 01:00:00","SCA|NO2","mFRR","Local","Up","5426.00","0.00"," "
"30/10/2023 01:00:00","SCA|NO2","mFRR","Local","Down","227.00","0.00"," "
"30/10/2023 02:00:00","SCA|NO2","mFRR","Local","Up","5456.00","0.00"," "
"30/10/2023 02:00:00","SCA|NO2","mFRR","Local","Down","242.00","0.00"," "
"30/10/2023 03:00:00","SCA|NO2","mFRR","Local","Up","5456.00","0.00"," "
"30/10/2023 03:00:00","SCA|NO2","mFRR","Local","Down","239.00","0.00"," "
"30/10/2023 04:00:00","SCA|NO2","mFRR","Local","Up","5448.00","77.00"," "
"30/10/2023 04:00:00","SCA|NO2","mFRR","Local","Down","235.00","0.00"," "
"30/10/2023 05:00:00","SCA|NO2","mFRR","Local","Up","4647.25","78.75"," "
"30/10/2023 05:00:00","SCA|NO2","mFRR","Local","Down","793.25","0.00"," "
"30/10/2023 06:00:00","SCA|NO2","mFRR","Local","Up","3488.25","6.50"," "
"30/10/2023 06:00:00","SCA|NO2","mFRR","Local","Down","1877.75","0.00"," "
"30/10/2023 07:00:00","SCA|NO2","mFRR","Local","Up","1275.50","0.00"," "
"30/10/2023 07:00:00","SCA|NO2","mFRR","Local","Down","3834.00","0.00"," "
"30/10/2023 08:00:00","SCA|NO2","mFRR","Local","Up","1031.00","0.00"," "
"30/10/2023 08:00:00","SCA|NO2","mFRR","Local","Down","4390.00","154.00"," "
"30/10/2023 09:00:00","SCA|NO2","mFRR","Local","Up","1156.00","0.00"," "
"30/10/2023 09:00:00","SCA|NO2","mFRR","Local","Down","4315.00","0.00"," "
"30/10/2023 10:00:00","SCA|NO2","mFRR","Local","Up","1403.75","0.00"," "
"30/10/2023 10:00:00","SCA|NO2","mFRR","Local","Down","4146.00","0.00"," "
"30/10/2023 11:00:00","SCA|NO2","mFRR","Local","Up","1644.75","0.00"," "
"30/10/2023 11:00:00","SCA|NO2","mFRR","Local","Down","4043.00","0.00"," "
"30/10/2023 12:00:00","SCA|NO2","mFRR","Local","Up","1701.00","0.00"," "
"30/10/2023 12:00:00","SCA|NO2","mFRR","Local","Down","4018.00","0.00"," "
"30/10/2023 13:00:00","SCA|NO2","mFRR","Local","Up","1627.75","0.00"," "
"30/10/2023 13:00:00","SCA|NO2","mFRR","Local","Down","3979.50","0.00"," "
"30/10/2023 14:00:00","SCA|NO2","mFRR","Local","Up","1113.75","0.00"," "
"30/10/2023 14:00:00","SCA|NO2","mFRR","Local","Down","4447.50","0.00"," "
"30/10/2023 15:00:00","SCA|NO2","mFRR","Local","Up","788.00","0.00"," "
"30/10/2023 15:00:00","SCA|NO2","mFRR","Local","Down","4927.00","0.00"," "
"30/10/2023 16:00:00","SCA|NO2","mFRR","Local","Up","606.00","20.00"," "
"30/10/2023 16:00:00","SCA|NO2","mFRR","Local","Down","4967.00","0.00"," "
"30/10/2023 17:00:00","SCA|NO2","mFRR","Local","Up","553.00","113.00"," "
"30/10/2023 17:00:00","SCA|NO2","mFRR","Local","Down","4888.00","0.00"," "
"30/10/2023 18:00:00","SCA|NO2","mFRR","Local","Up","560.00","133.00"," "
"30/10/2023 18:00:00","SCA|NO2","mFRR","Local","Down","4977.00","0.00"," "
"30/10/2023 19:00:00","SCA|NO2","mFRR","Local","Up","669.00","167.25"," "
"30/10/2023 19:00:00","SCA|NO2","mFRR","Local","Down","4957.00","0.00"," "
"30/10/2023 20:00:00","SCA|NO2","mFRR","Local","Up","1004.00","21.75"," "
"30/10/2023 20:00:00","SCA|NO2","mFRR","Local","Down","4646.00","0.00"," "
"30/10/2023 21:00:00","SCA|NO2","mFRR","Local","Up","1174.00","0.00"," "
"30/10/2023 21:00:00","SCA|NO2","mFRR","Local","Down","4456.00","0.00"," "
"30/10/2023 22:00:00","SCA|NO2","mFRR","Local","Up","1209.00","0.00"," "
"30/10/2023 22:00:00","SCA|NO2","mFRR","Local","Down","4399.00","0.00"," "
"30/10/2023 23:00:00","SCA|NO2","mFRR","Local","Up","1226.00","0.00"," "
"30/10/2023 23:00:00","SCA|NO2","mFRR","Local","Down","4360.00","0.00"," "
"31/10/2023 00:00:00","SCA|NO2","mFRR","Local","Up","623.00","0.00"," "
"31/10/2023 00:00:00","SCA|NO2","mFRR","Local","Down","4317.00","0.00"," "
"31/10/2023 01:00:00","SCA|NO2","mFRR","Local","Up","805.00","0.00"," "
"31/10/2023 01:00:00","SCA|NO2","mFRR","Local","Down","4670.00","0.00"," "
"31/10/2023 02:00:00","SCA|NO2","mFRR","Local","Up","1121.00","0.00"," "
"31/10/2023 02:00:00","SCA|NO2","mFRR","Local","Down","4379.00","0.00"," "
"31/10/2023 03:00:00","SCA|NO2","mFRR","Local","Up","1770.00","0.00"," "
"31/10/2023 03:00:00","SCA|NO2","mFRR","Local","Down","3384.25","0.00"," "
"31/10/2023 04:00:00","SCA|NO2","mFRR","Local","Up","1839.25","0.00"," "
"31/10/2023 04:00:00","SCA|NO2","mFRR","Local","Down","3314.50","0.00"," "
"31/10/2023 05:00:00","SCA|NO2","mFRR","Local","Up","1520.50","0.00"," "
"31/10/2023 05:00:00","SCA|NO2","mFRR","Local","Down","3420.00","0.00"," "
"31/10/2023 06:00:00","SCA|NO2","mFRR","Local","Up","945.75","0.00"," "
"31/10/2023 06:00:00","SCA|NO2","mFRR","Local","Down","3984.25","40.50"," "
"31/10/2023 07:00:00","SCA|NO2","mFRR","Local","Up","606.00","0.00"," "
"31/10/2023 07:00:00","SCA|NO2","mFRR","Local","Down","4458.75","0.00"," "
"31/10/2023 08:00:00","SCA|NO2","mFRR","Local","Up","570.00","17.50"," "
"31/10/2023 08:00:00","SCA|NO2","mFRR","Local","Down","4526.00","0.00"," "
"31/10/2023 09:00:00","SCA|NO2","mFRR","Local","Up","652.00","51.00"," "
"31/10/2023 09:00:00","SCA|NO2","mFRR","Local","Down","4403.00","0.00"," "
"31/10/2023 10:00:00","SCA|NO2","mFRR","Local","Up","736.00","43.00"," "
"31/10/2023 10:00:00","SCA|NO2","mFRR","Local","Down","4253.50","0.00"," "
"31/10/2023 11:00:00","SCA|NO2","mFRR","Local","Up","985.00","0.00"," "
"31/10/2023 11:00:00","SCA|NO2","mFRR","Local","Down","4079.00","0.00"," "
"31/10/2023 12:00:00","SCA|NO2","mFRR","Local","Up","1091.00","0.00"," "
"31/10/2023 12:00:00","SCA|NO2","mFRR","Local","Down","3995.00","18.00"," "
"31/10/2023 13:00:00","SCA|NO2","mFRR","Local","Up","1033.00","0.00"," "
"31/10/2023 13:00:00","SCA|NO2","mFRR","Local","Down","4078.00","106.00"," "
"31/10/2023 14:00:00","SCA|NO2","mFRR","Local","Up","777.00","0.00"," "
"31/10/2023 14:00:00","SCA|NO2","mFRR","Local","Down","4397.00","115.00"," "
"31/10/2023 15:00:00","SCA|NO2","mFRR","Local","Up","632.00","0.00"," "
"31/10/2023 15:00:00","SCA|NO2","mFRR","Local","Down","4676.00","407.00"," "
"31/10/2023 16:00:00","SCA|NO2","mFRR","Local","Up","575.00","27.00"," "
"31/10/2023 16:00:00","SCA|NO2","mFRR","Local","Down","4631.00","0.00"," "
"31/10/2023 17:00:00","SCA|NO2","mFRR","Local","Up","575.00","95.00"," "
"31/10/2023 17:00:00","SCA|NO2","mFRR","Local","Down","4755.00","0.00"," "
"31/10/2023 18:00:00","SCA|NO2","mFRR","Local","Up","578.00","141.00"," "
"31/10/2023 18:00:00","SCA|NO2","mFRR","Local","Down","4739.00","0.00"," "
"31/10/2023 19:00:00","SCA|NO2","mFRR","Local","Up","618.00","115.00"," "
"31/10/2023 19:00:00","SCA|NO2","mFRR","Local","Down","4980.00","0.00"," "
"31/10/2023 20:00:00","SCA|NO2","mFRR","Local","Up","634.00","71.50"," "
"31/10/2023 20:00:00","SCA|NO2","mFRR","Local","Down","5105.75","0.00"," "
"31/10/2023 21:00:00","SCA|NO2","mFRR","Local","Up","715.00","20.00"," "
"31/10/2023 21:00:00","SCA|NO2","mFRR","Local","Down","5005.00","0.00"," "
"31/10/2023 22:00:00","SCA|NO2","mFRR","Local","Up","819.00","42.00"," "
"31/10/2023 22:00:00","SCA|NO2","mFRR","Local","Down","4890.25","0.00"," "
"31/10/2023 23:00:00","SCA|NO2","mFRR","Local","Up","934.00","77.00"," "
"31/10/2023 23:00:00","SCA|NO2","mFRR","Local","Down","4429.00","0.00"," "
"01/11/2023 00:00:00","SCA|NO2","mFRR","Local","Up","1287.25","93.00"," "
"01/11/2023 00:00:00","SCA|NO2","mFRR","Local","Down","4036.50","0.00"," "
"01/11/2023 01:00:00","SCA|NO2","mFRR","Local","Up","2545.00","0.00"," "
"01/11/2023 01:00:00","SCA|NO2","mFRR","Local","Down","3214.50","0.00"," "
"01/11/2023 02:00:00","SCA|NO2","mFRR","Local","Up","3779.25","0.00"," "
"01/11/2023 02:00:00","SCA|NO2","mFRR","Local","Down","2113.00","0.00"," "
"01/11/2023 03:00:00","SCA|NO2","mFRR","Local","Up","3935.00","0.00"," "
"01/11/2023 03:00:00","SCA|NO2","mFRR","Local","Down","1994.00","0.00"," "
"01/11/2023 04:00:00","SCA|NO2","mFRR","Local","Up","3769.50","0.00"," "
"01/11/2023 04:00:00","SCA|NO2","mFRR","Local","Down","2016.50","0.00"," "
"01/11/2023 05:00:00","SCA|NO2","mFRR","Local","Up","3027.75","0.00"," "
"01/11/2023 05:00:00","SCA|NO2","mFRR","Local","Down","2617.25","0.00"," "
"01/11/2023 06:00:00","SCA|NO2","mFRR","Local","Up","1547.75","0.00"," "
"01/11/2023 06:00:00","SCA|NO2","mFRR","Local","Down","3910.25","0.00"," "
"01/11/2023 07:00:00","SCA|NO2","mFRR","Local","Up","965.00","84.75"," "
"01/11/2023 07:00:00","SCA|NO2","mFRR","Local","Down","4206.50","0.00"," "
"01/11/2023 08:00:00","SCA|NO2","mFRR","Local","Up","929.00","158.00"," "
"01/11/2023 08:00:00","SCA|NO2","mFRR","Local","Down","4176.00","0.00"," "
"01/11/2023 09:00:00","SCA|NO2","mFRR","Local","Up","1673.25","277.00"," "
"01/11/2023 09:00:00","SCA|NO2","mFRR","Local","Down","3575.50","0.00"," "
"01/11/2023 10:00:00","SCA|NO2","mFRR","Local","Up","3067.50","92.00"," "
"01/11/2023 10:00:00","SCA|NO2","mFRR","Local","Down","2442.00","0.00"," "
"01/11/2023 11:00:00","SCA|NO2","mFRR","Local","Up","3842.50","77.00"," "
"01/11/2023 11:00:00","SCA|NO2","mFRR","Local","Down","1611.25","0.00"," "
"01/11/2023 12:00:00","SCA|NO2","mFRR","Local","Up","4508.00","679.50"," "
"01/11/2023 12:00:00","SCA|NO2","mFRR","Local","Down","1670.00","0.00"," "
"01/11/2023 13:00:00","SCA|NO2","mFRR","Local","Up","3923.50","696.75"," "
"01/11/2023 13:00:00","SCA|NO2","mFRR","Local","Down","1750.50","0.00"," "
"01/11/2023 14:00:00","SCA|NO2","mFRR","Local","Up","2985.00","556.50"," "
"01/11/2023 14:00:00","SCA|NO2","mFRR","Local","Down","2416.00","0.00"," "
"01/11/2023 15:00:00","SCA|NO2","mFRR","Local","Up","1855.25","487.50"," "
"01/11/2023 15:00:00","SCA|NO2","mFRR","Local","Down","3533.00","0.00"," "
"01/11/2023 16:00:00","SCA|NO2","mFRR","Local","Up","1231.50","178.00"," "
"01/11/2023 16:00:00","SCA|NO2","mFRR","Local","Down","4112.25","0.00"," "
"01/11/2023 17:00:00","SCA|NO2","mFRR","Local","Up","1127.00","160.50"," "
"01/11/2023 17:00:00","SCA|NO2","mFRR","Local","Down","4311.00","0.00"," "
"01/11/2023 18:00:00","SCA|NO2","mFRR","Local","Up","1388.25","209.25"," "
"01/11/2023 18:00:00","SCA|NO2","mFRR","Local","Down","4018.75","0.00"," "
"01/11/2023 19:00:00","SCA|NO2","mFRR","Local","Up","2518.75","172.00"," "
"01/11/2023 19:00:00","SCA|NO2","mFRR","Local","Down","3084.00","0.00"," "
"01/11/2023 20:00:00","SCA|NO2","mFRR","Local","Up","4112.25","256.50"," "
"01/11/2023 20:00:00","SCA|NO2","mFRR","Local","Down","1916.75","0.00"," "
"01/11/2023 21:00:00","SCA|NO2","mFRR","Local","Up","4878.00","316.00"," "
"01/11/2023 21:00:00","SCA|NO2","mFRR","Local","Down","1117.00","0.00"," "
"01/11/2023 22:00:00","SCA|NO2","mFRR","Local","Up","4705.00","721.50"," "
"01/11/2023 22:00:00","SCA|NO2","mFRR","Local","Down","1062.00","0.00"," "
"01/11/2023 23:00:00","SCA|NO2","mFRR","Local","Up","4811.00","311.50"," "
"01/11/2023 23:00:00","SCA|NO2","mFRR","Local","Down","840.00","0.00"," "
"02/11/2023 00:00:00","SCA|NO2","mFRR","Local","Up","4543.00","53.00"," "
"02/11/2023 00:00:00","SCA|NO2","mFRR","Local","Down","797.00","0.00"," "
"02/11/2023 01:00:00","SCA|NO2","mFRR","Local","Up","4891.00","71.00"," "
"02/11/2023 01:00:00","SCA|NO2","mFRR","Local","Down","680.00","0.00"," "
"02/11/2023 02:00:00","SCA|NO2","mFRR","Local","Up","5074.00","58.00"," "
"02/11/2023 02:00:00","SCA|NO2","mFRR","Local","Down","542.00","0.00"," "
"02/11/2023 03:00:00","SCA|NO2","mFRR","Local","Up","5338.00","38.00"," "
"02/11/2023 03:00:00","SCA|NO2","mFRR","Local","Down","362.00","0.00"," "
"02/11/2023 04:00:00","SCA|NO2","mFRR","Local","Up","5370.00","114.00"," "
"02/11/2023 04:00:00","SCA|NO2","mFRR","Local","Down","335.50","0.00"," "
"02/11/2023 05:00:00","SCA|NO2","mFRR","Local","Up","4996.75","25.00"," "
"02/11/2023 05:00:00","SCA|NO2","mFRR","Local","Down","753.75","0.00"," "
"02/11/2023 06:00:00","SCA|NO2","mFRR","Local","Up","3865.75","0.00"," "
"02/11/2023 06:00:00","SCA|NO2","mFRR","Local","Down","1649.75","0.00"," "
"02/11/2023 07:00:00","SCA|NO2","mFRR","Local","Up","2212.25","0.00"," "
"02/11/2023 07:00:00","SCA|NO2","mFRR","Local","Down","3214.50","136.75"," "
"02/11/2023 08:00:00","SCA|NO2","mFRR","Local","Up","1291.25","0.00"," "
"02/11/2023 08:00:00","SCA|NO2","mFRR","Local","Down","4125.25","636.50"," "
"02/11/2023 09:00:00","SCA|NO2","mFRR","Local","Up","2270.50","0.00"," "
"02/11/2023 09:00:00","SCA|NO2","mFRR","Local","Down","3218.00","273.00"," "
"02/11/2023 10:00:00","SCA|NO2","mFRR","Local","Up","3771.50","0.00"," "
"02/11/2023 10:00:00","SCA|NO2","mFRR","Local","Down","2023.50","44.00"," "
"02/11/2023 11:00:00","SCA|NO2","mFRR","Local","Up","3990.00","0.00"," "
"02/11/2023 11:00:00","SCA|NO2","mFRR","Local","Down","1874.00","10.25"," "
"02/11/2023 12:00:00","SCA|NO2","mFRR","Local","Up","4053.00","0.00"," "
"02/11/2023 12:00:00","SCA|NO2","mFRR","Local","Down","1843.00","0.00"," "
"02/11/2023 13:00:00","SCA|NO2","mFRR","Local","Up","3994.25","0.00"," "
"02/11/2023 13:00:00","SCA|NO2","mFRR","Local","Down","1861.00","0.00"," "
"02/11/2023 14:00:00","SCA|NO2","mFRR","Local","Up","3408.50","0.00"," "
"02/11/2023 14:00:00","SCA|NO2","mFRR","Local","Down","2288.75","0.00"," "
"02/11/2023 15:00:00","SCA|NO2","mFRR","Local","Up","3345.00","0.00"," "
"02/11/2023 15:00:00","SCA|NO2","mFRR","Local","Down","2444.00","0.00"," "
"02/11/2023 16:00:00","SCA|NO2","mFRR","Local","Up","3181.00","0.00"," "
"02/11/2023 16:00:00","SCA|NO2","mFRR","Local","Down","2550.00","0.00"," "
"02/11/2023 17:00:00","SCA|NO2","mFRR","Local","Up","3313.00","0.00"," "
"02/11/2023 17:00:00","SCA|NO2","mFRR","Local","Down","2423.00","0.00"," "
"02/11/2023 18:00:00","SCA|NO2","mFRR","Local","Up","3639.00","0.00"," "
"02/11/2023 18:00:00","SCA|NO2","mFRR","Local","Down","2176.75","45.00"," "
"02/11/2023 19:00:00","SCA|NO2","mFRR","Local","Up","3904.00","0.00"," "
"02/11/2023 19:00:00","SCA|NO2","mFRR","Local","Down","2033.00","50.00"," "
"02/11/2023 20:00:00","SCA|NO2","mFRR","Local","Up","4434.00","0.00"," "
"02/11/2023 20:00:00","SCA|NO2","mFRR","Local","Down","1565.00","23.50"," "
"02/11/2023 21:00:00","SCA|NO2","mFRR","Local","Up","4691.00","0.00"," "
"02/11/2023 21:00:00","SCA|NO2","mFRR","Local","Down","1378.00","26.00"," "
"02/11/2023 22:00:00","SCA|NO2","mFRR","Local","Up","4850.00","0.00"," "
"02/11/2023 22:00:00","SCA|NO2","mFRR","Local","Down","1295.00","17.50"," "
"02/11/2023 23:00:00","SCA|NO2","mFRR","Local","Up","5340.00","0.00"," "
"02/11/2023 23:00:00","SCA|NO2","mFRR","Local","Down","824.00","18.00"," "
"03/11/2023 00:00:00","SCA|NO2","mFRR","Local","Up","4946.50","0.00"," "
"03/11/2023 00:00:00","SCA|NO2","mFRR","Local","Down","594.50","0.00"," "
"03/11/2023 01:00:00","SCA|NO2","mFRR","Local","Up","5500.50","0.00"," "
"03/11/2023 01:00:00","SCA|NO2","mFRR","Local","Down","469.00","0.00"," "
"03/11/2023 02:00:00","SCA|NO2","mFRR","Local","Up","5785.00","34.50"," "
"03/11/2023 02:00:00","SCA|NO2","mFRR","Local","Down","301.00","0.00"," "
"03/11/2023 03:00:00","SCA|NO2","mFRR","Local","Up","5791.00","46.00"," "
"03/11/2023 03:00:00","SCA|NO2","mFRR","Local","Down","297.00","0.00"," "
"03/11/2023 04:00:00","SCA|NO2","mFRR","Local","Up","5785.00","46.00"," "
"03/11/2023 04:00:00","SCA|NO2","mFRR","Local","Down","289.00","0.00"," "
"03/11/2023 05:00:00","SCA|NO2","mFRR","Local","Up","5462.00","78.00"," "
"03/11/2023 05:00:00","SCA|NO2","mFRR","Local","Down","508.75","0.00"," "
"03/11/2023 06:00:00","SCA|NO2","mFRR","Local","Up","4530.25","0.00"," "
"03/11/2023 06:00:00","SCA|NO2","mFRR","Local","Down","1251.50","0.00"," "
"03/11/2023 07:00:00","SCA|NO2","mFRR","Local","Up","3324.75","0.00"," "
"03/11/2023 07:00:00","SCA|NO2","mFRR","Local","Down","2431.00","0.00"," "
"03/11/2023 08:00:00","SCA|NO2","mFRR","Local","Up","2811.00","0.00"," "
"03/11/2023 08:00:00","SCA|NO2","mFRR","Local","Down","2778.25","0.00"," "
"03/11/2023 09:00:00","SCA|NO2","mFRR","Local","Up","2889.00","0.00"," "
"03/11/2023 09:00:00","SCA|NO2","mFRR","Local","Down","2778.00","0.00"," "
"03/11/2023 10:00:00","SCA|NO2","mFRR","Local","Up","3020.00","0.00"," "
"03/11/2023 10:00:00","SCA|NO2","mFRR","Local","Down","2716.00","0.00"," "
"03/11/2023 11:00:00","SCA|NO2","mFRR","Local","Up","3337.00","0.00"," "
"03/11/2023 11:00:00","SCA|NO2","mFRR","Local","Down","2381.00","0.00"," "
"03/11/2023 12:00:00","SCA|NO2","mFRR","Local","Up","3747.00","107.75"," "
"03/11/2023 12:00:00","SCA|NO2","mFRR","Local","Down","2160.00","0.00"," "
"03/11/2023 13:00:00","SCA|NO2","mFRR","Local","Up","3609.50","27.00"," "
"03/11/2023 13:00:00","SCA|NO2","mFRR","Local","Down","2301.50","0.00"," "
"03/11/2023 14:00:00","SCA|NO2","mFRR","Local","Up","3530.00","47.00"," "
"03/11/2023 14:00:00","SCA|NO2","mFRR","Local","Down","2405.00","0.00"," "
"03/11/2023 15:00:00","SCA|NO2","mFRR","Local","Up","3660.00","36.00"," "
"03/11/2023 15:00:00","SCA|NO2","mFRR","Local","Down","2362.00","0.00"," "
"03/11/2023 16:00:00","SCA|NO2","mFRR","Local","Up","2961.50","42.00"," "
"03/11/2023 16:00:00","SCA|NO2","mFRR","Local","Down","2075.00","0.00"," "
"03/11/2023 17:00:00","SCA|NO2","mFRR","Local","Up","2844.75","292.00"," "
"03/11/2023 17:00:00","SCA|NO2","mFRR","Local","Down","2958.00","0.00"," "
"03/11/2023 18:00:00","SCA|NO2","mFRR","Local","Up","2907.00","330.00"," "
"03/11/2023 18:00:00","SCA|NO2","mFRR","Local","Down","2537.00","0.00"," "
"03/11/2023 19:00:00","SCA|NO2","mFRR","Local","Up","3001.00","165.00"," "
"03/11/2023 19:00:00","SCA|NO2","mFRR","Local","Down","2373.00","0.00"," "
"03/11/2023 20:00:00","SCA|NO2","mFRR","Local","Up","3246.75","42.00"," "
"03/11/2023 20:00:00","SCA|NO2","mFRR","Local","Down","2339.25","0.00"," "
"03/11/2023 21:00:00","SCA|NO2","mFRR","Local","Up","3554.00","10.00"," "
"03/11/2023 21:00:00","SCA|NO2","mFRR","Local","Down","1722.00","0.00"," "
"03/11/2023 22:00:00","SCA|NO2","mFRR","Local","Up","3928.00","0.00"," "
"03/11/2023 22:00:00","SCA|NO2","mFRR","Local","Down","1459.00","0.00"," "
"03/11/2023 23:00:00","SCA|NO2","mFRR","Local","Up","3634.75","0.00"," "
"03/11/2023 23:00:00","SCA|NO2","mFRR","Local","Down","1278.25","0.00"," "
"04/11/2023 00:00:00","SCA|NO2","mFRR","Local","Up","4748.25","0.00"," "
"04/11/2023 00:00:00","SCA|NO2","mFRR","Local","Down","915.00","0.00"," "
"04/11/2023 01:00:00","SCA|NO2","mFRR","Local","Up","5319.00","0.00"," "
"04/11/2023 01:00:00","SCA|NO2","mFRR","Local","Down","943.00","0.00"," "
"04/11/2023 02:00:00","SCA|NO2","mFRR","Local","Up","5555.00","87.75"," "
"04/11/2023 02:00:00","SCA|NO2","mFRR","Local","Down","733.00","0.00"," "
"04/11/2023 03:00:00","SCA|NO2","mFRR","Local","Up","5555.00","80.00"," "
"04/11/2023 03:00:00","SCA|NO2","mFRR","Local","Down","732.00","0.00"," "
"04/11/2023 04:00:00","SCA|NO2","mFRR","Local","Up","5595.00","128.75"," "
"04/11/2023 04:00:00","SCA|NO2","mFRR","Local","Down","669.00","0.00"," "
"04/11/2023 05:00:00","SCA|NO2","mFRR","Local","Up","5558.00","145.00"," "
"04/11/2023 05:00:00","SCA|NO2","mFRR","Local","Down","583.00","0.00"," "
"04/11/2023 06:00:00","SCA|NO2","mFRR","Local","Up","5497.00","108.75"," "
"04/11/2023 06:00:00","SCA|NO2","mFRR","Local","Down","577.00","0.00"," "
"04/11/2023 07:00:00","SCA|NO2","mFRR","Local","Up","5593.00","176.25"," "
"04/11/2023 07:00:00","SCA|NO2","mFRR","Local","Down","616.00","0.00"," "
"04/11/2023 08:00:00","SCA|NO2","mFRR","Local","Up","5455.00","0.00"," "
"04/11/2023 08:00:00","SCA|NO2","mFRR","Local","Down","739.00","0.00"," "
"04/11/2023 09:00:00","SCA|NO2","mFRR","Local","Up","5335.00","67.50"," "
"04/11/2023 09:00:00","SCA|NO2","mFRR","Local","Down","755.00","0.00"," "
"04/11/2023 10:00:00","SCA|NO2","mFRR","Local","Up","4767.00","90.00"," "
"04/11/2023 10:00:00","SCA|NO2","mFRR","Local","Down","1178.00","0.00"," "
"04/11/2023 11:00:00","SCA|NO2","mFRR","Local","Up","4994.00","90.00"," "
"04/11/2023 11:00:00","SCA|NO2","mFRR","Local","Down","970.00","0.00"," "
"04/11/2023 12:00:00","SCA|NO2","mFRR","Local","Up","4929.00","0.00"," "
"04/11/2023 12:00:00","SCA|NO2","mFRR","Local","Down","1005.00","0.00"," "
"04/11/2023 13:00:00","SCA|NO2","mFRR","Local","Up","4603.00","27.50"," "
"04/11/2023 13:00:00","SCA|NO2","mFRR","Local","Down","1201.00","0.00"," "
"04/11/2023 14:00:00","SCA|NO2","mFRR","Local","Up","4667.00","67.00"," "
"04/11/2023 14:00:00","SCA|NO2","mFRR","Local","Down","1177.00","0.00"," "
"04/11/2023 15:00:00","SCA|NO2","mFRR","Local","Up","4356.00","55.00"," "
"04/11/2023 15:00:00","SCA|NO2","mFRR","Local","Down","1351.00","0.00"," "
"04/11/2023 16:00:00","SCA|NO2","mFRR","Local","Up","4360.00","160.75"," "
"04/11/2023 16:00:00","SCA|NO2","mFRR","Local","Down","1313.00","0.00"," "
"04/11/2023 17:00:00","SCA|NO2","mFRR","Local","Up","3756.00","239.00"," "
"04/11/2023 17:00:00","SCA|NO2","mFRR","Local","Down","1585.00","0.00"," "
"04/11/2023 18:00:00","SCA|NO2","mFRR","Local","Up","3923.00","388.00"," "
"04/11/2023 18:00:00","SCA|NO2","mFRR","Local","Down","1336.00","0.00"," "
"04/11/2023 19:00:00","SCA|NO2","mFRR","Local","Up","4174.00","305.75"," "
"04/11/2023 19:00:00","SCA|NO2","mFRR","Local","Down","1164.00","0.00"," "
"04/11/2023 20:00:00","SCA|NO2","mFRR","Local","Up","4444.75","238.25"," "
"04/11/2023 20:00:00","SCA|NO2","mFRR","Local","Down","984.00","0.00"," "
"04/11/2023 21:00:00","SCA|NO2","mFRR","Local","Up","5031.00","479.00"," "
"04/11/2023 21:00:00","SCA|NO2","mFRR","Local","Down","856.00","0.00"," "
"04/11/2023 22:00:00","SCA|NO2","mFRR","Local","Up","4960.00","583.00"," "
"04/11/2023 22:00:00","SCA|NO2","mFRR","Local","Down","972.00","0.00"," "
"04/11/2023 23:00:00","SCA|NO2","mFRR","Local","Up","5001.00","222.00"," "
"04/11/2023 23:00:00","SCA|NO2","mFRR","Local","Down","944.00","0.00"," "
"05/11/2023 00:00:00","SCA|NO2","mFRR","Local","Up","5135.00","448.50"," "
"05/11/2023 00:00:00","SCA|NO2","mFRR","Local","Down","842.00","0.00"," "
"05/11/2023 01:00:00","SCA|NO2","mFRR","Local","Up","5207.00","246.00"," "
"05/11/2023 01:00:00","SCA|NO2","mFRR","Local","Down","828.00","0.00"," "
"05/11/2023 02:00:00","SCA|NO2","mFRR","Local","Up","5299.00","246.00"," "
"05/11/2023 02:00:00","SCA|NO2","mFRR","Local","Down","777.00","0.00"," "
"05/11/2023 03:00:00","SCA|NO2","mFRR","Local","Up","5360.00","318.00"," "
"05/11/2023 03:00:00","SCA|NO2","mFRR","Local","Down","789.00","0.00"," "
"05/11/2023 04:00:00","SCA|NO2","mFRR","Local","Up","5387.00","345.00"," "
"05/11/2023 04:00:00","SCA|NO2","mFRR","Local","Down","764.00","0.00"," "
"05/11/2023 05:00:00","SCA|NO2","mFRR","Local","Up","5341.00","246.25"," "
"05/11/2023 05:00:00","SCA|NO2","mFRR","Local","Down","643.00","0.00"," "
"05/11/2023 06:00:00","SCA|NO2","mFRR","Local","Up","5174.00","91.00"," "
"05/11/2023 06:00:00","SCA|NO2","mFRR","Local","Down","745.00","0.00"," "
"05/11/2023 07:00:00","SCA|NO2","mFRR","Local","Up","4769.00","55.00"," "
"05/11/2023 07:00:00","SCA|NO2","mFRR","Local","Down","1147.00","0.00"," "
"05/11/2023 08:00:00","SCA|NO2","mFRR","Local","Up","4866.00","0.00"," "
"05/11/2023 08:00:00","SCA|NO2","mFRR","Local","Down","1256.00","0.00"," "
"05/11/2023 09:00:00","SCA|NO2","mFRR","Local","Up","5061.00","0.00"," "
"05/11/2023 09:00:00","SCA|NO2","mFRR","Local","Down","1238.00","0.00"," "
"05/11/2023 10:00:00","SCA|NO2","mFRR","Local","Up","5140.00","0.00"," "
"05/11/2023 10:00:00","SCA|NO2","mFRR","Local","Down","1296.00","0.00"," "
"05/11/2023 11:00:00","SCA|NO2","mFRR","Local","Up","5069.00","0.00"," "
"05/11/2023 11:00:00","SCA|NO2","mFRR","Local","Down","1320.00","0.00"," "
"05/11/2023 12:00:00","SCA|NO2","mFRR","Local","Up","5282.00","0.00"," "
"05/11/2023 12:00:00","SCA|NO2","mFRR","Local","Down","1123.00","0.00"," "
"05/11/2023 13:00:00","SCA|NO2","mFRR","Local","Up","5110.00","0.00"," "
"05/11/2023 13:00:00","SCA|NO2","mFRR","Local","Down","1282.00","0.00"," "
"05/11/2023 14:00:00","SCA|NO2","mFRR","Local","Up","5029.75","0.00"," "
"05/11/2023 14:00:00","SCA|NO2","mFRR","Local","Down","1265.25","0.00"," "
"05/11/2023 15:00:00","SCA|NO2","mFRR","Local","Up","3781.75","0.00"," "
"05/11/2023 15:00:00","SCA|NO2","mFRR","Local","Down","2145.75","111.75"," "
"05/11/2023 16:00:00","SCA|NO2","mFRR","Local","Up","2477.00","0.00"," "
"05/11/2023 16:00:00","SCA|NO2","mFRR","Local","Down","3041.00","170.75"," "
"05/11/2023 17:00:00","SCA|NO2","mFRR","Local","Up","1548.00","0.00"," "
"05/11/2023 17:00:00","SCA|NO2","mFRR","Local","Down","4202.75","41.75"," "
"05/11/2023 18:00:00","SCA|NO2","mFRR","Local","Up","1792.50","0.00"," "
"05/11/2023 18:00:00","SCA|NO2","mFRR","Local","Down","3906.25","0.00"," "
"05/11/2023 19:00:00","SCA|NO2","mFRR","Local","Up","2190.50","0.00"," "
"05/11/2023 19:00:00","SCA|NO2","mFRR","Local","Down","3270.00","0.00"," "
"05/11/2023 20:00:00","SCA|NO2","mFRR","Local","Up","3338.50","0.00"," "
"05/11/2023 20:00:00","SCA|NO2","mFRR","Local","Down","2213.00","0.00"," "
"05/11/2023 21:00:00","SCA|NO2","mFRR","Local","Up","3992.00","0.00"," "
"05/11/2023 21:00:00","SCA|NO2","mFRR","Local","Down","1670.00","0.00"," "
"05/11/2023 22:00:00","SCA|NO2","mFRR","Local","Up","4517.00","15.00"," "
"05/11/2023 22:00:00","SCA|NO2","mFRR","Local","Down","1565.00","0.00"," "
"05/11/2023 23:00:00","SCA|NO2","mFRR","Local","Up","4104.00","47.75"," "
"05/11/2023 23:00:00","SCA|NO2","mFRR","Local","Down","1473.00","0.00"," "
"06/11/2023 00:00:00","SCA|NO2","mFRR","Local","Up","4410.00","29.00"," "
"06/11/2023 00:00:00","SCA|NO2","mFRR","Local","Down","1303.00","0.00"," "
"06/11/2023 01:00:00","SCA|NO2","mFRR","Local","Up","4877.00","141.00"," "
"06/11/2023 01:00:00","SCA|NO2","mFRR","Local","Down","894.00","0.00"," "
"06/11/2023 02:00:00","SCA|NO2","mFRR","Local","Up","4905.00","125.00"," "
"06/11/2023 02:00:00","SCA|NO2","mFRR","Local","Down","851.00","0.00"," "
"06/11/2023 03:00:00","SCA|NO2","mFRR","Local","Up","4862.00","97.00"," "
"06/11/2023 03:00:00","SCA|NO2","mFRR","Local","Down","870.00","0.00"," "
"06/11/2023 04:00:00","SCA|NO2","mFRR","Local","Up","4754.75","44.25"," "
"06/11/2023 04:00:00","SCA|NO2","mFRR","Local","Down","936.00","0.00"," "
"06/11/2023 05:00:00","SCA|NO2","mFRR","Local","Up","4349.50","0.00"," "
"06/11/2023 05:00:00","SCA|NO2","mFRR","Local","Down","1535.75","0.00"," "
"06/11/2023 06:00:00","SCA|NO2","mFRR","Local","Up","3172.25","0.00"," "
"06/11/2023 06:00:00","SCA|NO2","mFRR","Local","Down","2857.75","0.00"," "
"06/11/2023 07:00:00","SCA|NO2","mFRR","Local","Up","1415.25","0.00"," "
"06/11/2023 07:00:00","SCA|NO2","mFRR","Local","Down","4589.00","0.00"," "
"06/11/2023 08:00:00","SCA|NO2","mFRR","Local","Up","795.00","0.00"," "
"06/11/2023 08:00:00","SCA|NO2","mFRR","Local","Down","4875.00","0.00"," "
"06/11/2023 09:00:00","SCA|NO2","mFRR","Local","Up","1070.75","0.00"," "
"06/11/2023 09:00:00","SCA|NO2","mFRR","Local","Down","4308.50","72.50"," "
"06/11/2023 10:00:00","SCA|NO2","mFRR","Local","Up","2191.25","0.00"," "
"06/11/2023 10:00:00","SCA|NO2","mFRR","Local","Down","3274.00","598.75"," "
"06/11/2023 11:00:00","SCA|NO2","mFRR","Local","Up","3313.75","0.00"," "
"06/11/2023 11:00:00","SCA|NO2","mFRR","Local","Down","2270.00","218.00"," "
"06/11/2023 12:00:00","SCA|NO2","mFRR","Local","Up","2962.00","0.00"," "
"06/11/2023 12:00:00","SCA|NO2","mFRR","Local","Down","2586.00","201.00"," "
"06/11/2023 13:00:00","SCA|NO2","mFRR","Local","Up","1800.00","0.00"," "
"06/11/2023 13:00:00","SCA|NO2","mFRR","Local","Down","3447.25","18.50"," "
"06/11/2023 14:00:00","SCA|NO2","mFRR","Local","Up","841.00","0.00"," "
"06/11/2023 14:00:00","SCA|NO2","mFRR","Local","Down","4622.50","27.50"," "
"06/11/2023 15:00:00","SCA|NO2","mFRR","Local","Up","837.00","0.00"," "
"06/11/2023 15:00:00","SCA|NO2","mFRR","Local","Down","4624.00","122.50"," "
"06/11/2023 16:00:00","SCA|NO2","mFRR","Local","Up","741.00","0.00"," "
"06/11/2023 16:00:00","SCA|NO2","mFRR","Local","Down","4390.00","96.75"," "
"06/11/2023 17:00:00","SCA|NO2","mFRR","Local","Up","743.00","0.00"," "
"06/11/2023 17:00:00","SCA|NO2","mFRR","Local","Down","4368.00","59.00"," "
"06/11/2023 18:00:00","SCA|NO2","mFRR","Local","Up","722.00","0.00"," "
"06/11/2023 18:00:00","SCA|NO2","mFRR","Local","Down","4444.00","17.25"," "
"06/11/2023 19:00:00","SCA|NO2","mFRR","Local","Up","778.00","0.00"," "
"06/11/2023 19:00:00","SCA|NO2","mFRR","Local","Down","4489.00","169.00"," "
"06/11/2023 20:00:00","SCA|NO2","mFRR","Local","Up","867.00","0.00"," "
"06/11/2023 20:00:00","SCA|NO2","mFRR","Local","Down","4398.00","228.75"," "
"06/11/2023 21:00:00","SCA|NO2","mFRR","Local","Up","972.00","0.00"," "
"06/11/2023 21:00:00","SCA|NO2","mFRR","Local","Down","4410.00","489.00"," "
"06/11/2023 22:00:00","SCA|NO2","mFRR","Local","Up","1024.00","0.00"," "
"06/11/2023 22:00:00","SCA|NO2","mFRR","Local","Down","4247.00","577.00"," "
"06/11/2023 23:00:00","SCA|NO2","mFRR","Local","Up","1160.75","0.00"," "
"06/11/2023 23:00:00","SCA|NO2","mFRR","Local","Down","4055.00","573.00"," "
"07/11/2023 00:00:00","SCA|NO2","mFRR","Local","Up","286.00","0.00"," "
"07/11/2023 00:00:00","SCA|NO2","mFRR","Local","Down","3750.00","123.00"," "
"07/11/2023 01:00:00","SCA|NO2","mFRR","Local","Up","480.00","0.00"," "
"07/11/2023 01:00:00","SCA|NO2","mFRR","Local","Down","4156.00","293.00"," "
"07/11/2023 02:00:00","SCA|NO2","mFRR","Local","Up","1219.00","0.00"," "
"07/11/2023 02:00:00","SCA|NO2","mFRR","Local","Down","3696.00","12.00"," "
"07/11/2023 03:00:00","SCA|NO2","mFRR","Local","Up","1474.00","0.00"," "
"07/11/2023 03:00:00","SCA|NO2","mFRR","Local","Down","3322.00","0.00"," "
"07/11/2023 04:00:00","SCA|NO2","mFRR","Local","Up","1210.00","0.00"," "
"07/11/2023 04:00:00","SCA|NO2","mFRR","Local","Down","3652.00","148.00"," "
"07/11/2023 05:00:00","SCA|NO2","mFRR","Local","Up","1110.00","0.00"," "
"07/11/2023 05:00:00","SCA|NO2","mFRR","Local","Down","3933.50","435.75"," "
"07/11/2023 06:00:00","SCA|NO2","mFRR","Local","Up","793.75","0.00"," "
"07/11/2023 06:00:00","SCA|NO2","mFRR","Local","Down","4417.25","117.25"," "
"07/11/2023 07:00:00","SCA|NO2","mFRR","Local","Up","763.00","0.00"," "
"07/11/2023 07:00:00","SCA|NO2","mFRR","Local","Down","4439.00","415.00"," "
"07/11/2023 08:00:00","SCA|NO2","mFRR","Local","Up","763.00","0.00"," "
"07/11/2023 08:00:00","SCA|NO2","mFRR","Local","Down","4438.00","425.00"," "
"07/11/2023 09:00:00","SCA|NO2","mFRR","Local","Up","763.00","0.00"," "
"07/11/2023 09:00:00","SCA|NO2","mFRR","Local","Down","4548.00","197.00"," "
"07/11/2023 10:00:00","SCA|NO2","mFRR","Local","Up","763.00","0.00"," "
"07/11/2023 10:00:00","SCA|NO2","mFRR","Local","Down","4472.00","98.00"," "
"07/11/2023 11:00:00","SCA|NO2","mFRR","Local","Up","780.00","0.00"," "
"07/11/2023 11:00:00","SCA|NO2","mFRR","Local","Down","4466.00","14.00"," "
"07/11/2023 12:00:00","SCA|NO2","mFRR","Local","Up","821.00","0.00"," "
"07/11/2023 12:00:00","SCA|NO2","mFRR","Local","Down","4448.00","0.00"," "
"07/11/2023 13:00:00","SCA|NO2","mFRR","Local","Up","780.00","0.00"," "
"07/11/2023 13:00:00","SCA|NO2","mFRR","Local","Down","4536.00","0.00"," "
"07/11/2023 14:00:00","SCA|NO2","mFRR","Local","Up","763.00","0.00"," "
"07/11/2023 14:00:00","SCA|NO2","mFRR","Local","Down","4548.00","142.25"," "
"07/11/2023 15:00:00","SCA|NO2","mFRR","Local","Up","732.00","0.00"," "
"07/11/2023 15:00:00","SCA|NO2","mFRR","Local","Down","4542.00","164.25"," "
"07/11/2023 16:00:00","SCA|NO2","mFRR","Local","Up","732.00","0.00"," "
"07/11/2023 16:00:00","SCA|NO2","mFRR","Local","Down","4582.00","59.00"," "
"07/11/2023 17:00:00","SCA|NO2","mFRR","Local","Up","732.00","116.00"," "
"07/11/2023 17:00:00","SCA|NO2","mFRR","Local","Down","4581.00","0.00"," "
"07/11/2023 18:00:00","SCA|NO2","mFRR","Local","Up","732.00","0.00"," "
"07/11/2023 18:00:00","SCA|NO2","mFRR","Local","Down","4575.00","100.75"," "
"07/11/2023 19:00:00","SCA|NO2","mFRR","Local","Up","738.00","0.00"," "
"07/11/2023 19:00:00","SCA|NO2","mFRR","Local","Down","4681.00","59.00"," "
"07/11/2023 20:00:00","SCA|NO2","mFRR","Local","Up","827.00","0.00"," "
"07/11/2023 20:00:00","SCA|NO2","mFRR","Local","Down","4513.00","0.00"," "
"07/11/2023 21:00:00","SCA|NO2","mFRR","Local","Up","899.00","0.00"," "
"07/11/2023 21:00:00","SCA|NO2","mFRR","Local","Down","4467.50","0.00"," "
"07/11/2023 22:00:00","SCA|NO2","mFRR","Local","Up","925.00","0.00"," "
"07/11/2023 22:00:00","SCA|NO2","mFRR","Local","Down","4453.00","0.00"," "
"07/11/2023 23:00:00","SCA|NO2","mFRR","Local","Up","1265.25","0.00"," "
"07/11/2023 23:00:00","SCA|NO2","mFRR","Local","Down","3951.75","0.00"," "
"08/11/2023 00:00:00","SCA|NO2","mFRR","Local","Up","1195.00","0.00"," "
"08/11/2023 00:00:00","SCA|NO2","mFRR","Local","Down","3361.00","0.00"," "
"08/11/2023 01:00:00","SCA|NO2","mFRR","Local","Up","1026.00","0.00"," "
"08/11/2023 01:00:00","SCA|NO2","mFRR","Local","Down","3830.00","0.00"," "
"08/11/2023 02:00:00","SCA|NO2","mFRR","Local","Up","1682.00","0.00"," "
"08/11/2023 02:00:00","SCA|NO2","mFRR","Local","Down","3170.00","0.00"," "
"08/11/2023 03:00:00","SCA|NO2","mFRR","Local","Up","2220.00","0.00"," "
"08/11/2023 03:00:00","SCA|NO2","mFRR","Local","Down","2697.00","0.00"," "
"08/11/2023 04:00:00","SCA|NO2","mFRR","Local","Up","1990.00","0.00"," "
"08/11/2023 04:00:00","SCA|NO2","mFRR","Local","Down","2886.00","0.00"," "
"08/11/2023 05:00:00","SCA|NO2","mFRR","Local","Up","1762.75","0.00"," "
"08/11/2023 05:00:00","SCA|NO2","mFRR","Local","Down","3028.75","88.75"," "
"08/11/2023 06:00:00","SCA|NO2","mFRR","Local","Up","959.75","0.00"," "
"08/11/2023 06:00:00","SCA|NO2","mFRR","Local","Down","3753.75","33.75"," "
"08/11/2023 07:00:00","SCA|NO2","mFRR","Local","Up","790.00","0.00"," "
"08/11/2023 07:00:00","SCA|NO2","mFRR","Local","Down","3979.00","0.00"," "
"08/11/2023 08:00:00","SCA|NO2","mFRR","Local","Up","741.00","0.00"," "
"08/11/2023 08:00:00","SCA|NO2","mFRR","Local","Down","3986.00","0.00"," "
"08/11/2023 09:00:00","SCA|NO2","mFRR","Local","Up","753.00","0.00"," "
"08/11/2023 09:00:00","SCA|NO2","mFRR","Local","Down","4153.00","0.00"," "
"08/11/2023 10:00:00","SCA|NO2","mFRR","Local","Up","772.00","99.75"," "
"08/11/2023 10:00:00","SCA|NO2","mFRR","Local","Down","4001.00","0.00"," "
"08/11/2023 11:00:00","SCA|NO2","mFRR","Local","Up","808.00","133.00"," "
"08/11/2023 11:00:00","SCA|NO2","mFRR","Local","Down","3897.00","0.00"," "
"08/11/2023 12:00:00","SCA|NO2","mFRR","Local","Up","856.00","133.00"," "
"08/11/2023 12:00:00","SCA|NO2","mFRR","Local","Down","3940.00","0.00"," "
"08/11/2023 13:00:00","SCA|NO2","mFRR","Local","Up","897.00","0.00"," "
"08/11/2023 13:00:00","SCA|NO2","mFRR","Local","Down","3817.00","0.00"," "
"08/11/2023 14:00:00","SCA|NO2","mFRR","Local","Up","790.00","120.00"," "
"08/11/2023 14:00:00","SCA|NO2","mFRR","Local","Down","4130.50","7.00"," "
"08/11/2023 15:00:00","SCA|NO2","mFRR","Local","Up","806.00","157.50"," "
"08/11/2023 15:00:00","SCA|NO2","mFRR","Local","Down","4181.00","0.00"," "
"08/11/2023 16:00:00","SCA|NO2","mFRR","Local","Up","763.00","155.00"," "
"08/11/2023 16:00:00","SCA|NO2","mFRR","Local","Down","4273.00","0.00"," "
"08/11/2023 17:00:00","SCA|NO2","mFRR","Local","Up","923.00","293.00"," "
"08/11/2023 17:00:00","SCA|NO2","mFRR","Local","Down","4383.00","0.00"," "
"08/11/2023 18:00:00","SCA|NO2","mFRR","Local","Up","956.00","272.00"," "
"08/11/2023 18:00:00","SCA|NO2","mFRR","Local","Down","4394.50","0.00"," "
"08/11/2023 19:00:00","SCA|NO2","mFRR","Local","Up","1389.25","161.75"," "
"08/11/2023 19:00:00","SCA|NO2","mFRR","Local","Down","4116.00","0.00"," "
"08/11/2023 20:00:00","SCA|NO2","mFRR","Local","Up","2196.25","253.00"," "
"08/11/2023 20:00:00","SCA|NO2","mFRR","Local","Down","3075.25","0.00"," "
"08/11/2023 21:00:00","SCA|NO2","mFRR","Local","Up","2637.00","176.75"," "
"08/11/2023 21:00:00","SCA|NO2","mFRR","Local","Down","2578.00","0.00"," "
"08/11/2023 22:00:00","SCA|NO2","mFRR","Local","Up","2828.00","571.50"," "
"08/11/2023 22:00:00","SCA|NO2","mFRR","Local","Down","2376.00","0.00"," "
"08/11/2023 23:00:00","SCA|NO2","mFRR","Local","Up","3072.50","15.00"," "
"08/11/2023 23:00:00","SCA|NO2","mFRR","Local","Down","2380.00","0.00"," "
"09/11/2023 00:00:00","SCA|NO2","mFRR","Local","Up","2326.00","0.00"," "
"09/11/2023 00:00:00","SCA|NO2","mFRR","Local","Down","2545.00","0.00"," "
"09/11/2023 01:00:00","SCA|NO2","mFRR","Local","Up","2262.00","0.00"," "
"09/11/2023 01:00:00","SCA|NO2","mFRR","Local","Down","3065.75","0.00"," "
"09/11/2023 02:00:00","SCA|NO2","mFRR","Local","Up","1944.00","0.00"," "
"09/11/2023 02:00:00","SCA|NO2","mFRR","Local","Down","3573.00","0.00"," "
"09/11/2023 03:00:00","SCA|NO2","mFRR","Local","Up","1650.00","0.00"," "
"09/11/2023 03:00:00","SCA|NO2","mFRR","Local","Down","3877.00","0.00"," "
"09/11/2023 04:00:00","SCA|NO2","mFRR","Local","Up","899.00","0.00"," "
"09/11/2023 04:00:00","SCA|NO2","mFRR","Local","Down","3980.00","0.00"," "
"09/11/2023 05:00:00","SCA|NO2","mFRR","Local","Up","987.00","0.00"," "
"09/11/2023 05:00:00","SCA|NO2","mFRR","Local","Down","4337.75","53.00"," "
"09/11/2023 06:00:00","SCA|NO2","mFRR","Local","Up","824.00","0.00"," "
"09/11/2023 06:00:00","SCA|NO2","mFRR","Local","Down","4451.00","0.00"," "
"09/11/2023 07:00:00","SCA|NO2","mFRR","Local","Up","790.00","0.00"," "
"09/11/2023 07:00:00","SCA|NO2","mFRR","Local","Down","4263.00","0.00"," "
"09/11/2023 08:00:00","SCA|NO2","mFRR","Local","Up","719.00","0.00"," "
"09/11/2023 08:00:00","SCA|NO2","mFRR","Local","Down","4210.00","0.00"," "
"09/11/2023 09:00:00","SCA|NO2","mFRR","Local","Up","858.00","0.00"," "
"09/11/2023 09:00:00","SCA|NO2","mFRR","Local","Down","4248.00","14.00"," "
"09/11/2023 10:00:00","SCA|NO2","mFRR","Local","Up","780.00","0.00"," "
"09/11/2023 10:00:00","SCA|NO2","mFRR","Local","Down","4337.00","0.00"," "
"09/11/2023 11:00:00","SCA|NO2","mFRR","Local","Up","794.00","0.00"," "
"09/11/2023 11:00:00","SCA|NO2","mFRR","Local","Down","4266.00","7.50"," "
"09/11/2023 12:00:00","SCA|NO2","mFRR","Local","Up","782.00","0.00"," "
"09/11/2023 12:00:00","SCA|NO2","mFRR","Local","Down","3920.00","0.00"," "
"09/11/2023 13:00:00","SCA|NO2","mFRR","Local","Up","922.00","0.00"," "
"09/11/2023 13:00:00","SCA|NO2","mFRR","Local","Down","3952.00","0.00"," "
"09/11/2023 14:00:00","SCA|NO2","mFRR","Local","Up","767.00","0.00"," "
"09/11/2023 14:00:00","SCA|NO2","mFRR","Local","Down","4101.00","0.00"," "
"09/11/2023 15:00:00","SCA|NO2","mFRR","Local","Up","885.00","0.00"," "
"09/11/2023 15:00:00","SCA|NO2","mFRR","Local","Down","4705.50","0.00"," "
"09/11/2023 16:00:00","SCA|NO2","mFRR","Local","Up","771.75","0.00"," "
"09/11/2023 16:00:00","SCA|NO2","mFRR","Local","Down","4746.50","0.00"," "
"09/11/2023 17:00:00","SCA|NO2","mFRR","Local","Up","787.00","131.75"," "
"09/11/2023 17:00:00","SCA|NO2","mFRR","Local","Down","4826.00","0.00"," "
"09/11/2023 18:00:00","SCA|NO2","mFRR","Local","Up","786.50","122.00"," "
"09/11/2023 18:00:00","SCA|NO2","mFRR","Local","Down","4906.50","0.00"," "
"09/11/2023 19:00:00","SCA|NO2","mFRR","Local","Up","778.50","101.50"," "
"09/11/2023 19:00:00","SCA|NO2","mFRR","Local","Down","4897.25","0.00"," "
"09/11/2023 20:00:00","SCA|NO2","mFRR","Local","Up","1064.00","55.00"," "
"09/11/2023 20:00:00","SCA|NO2","mFRR","Local","Down","4859.75","0.00"," "
"09/11/2023 21:00:00","SCA|NO2","mFRR","Local","Up","944.00","46.00"," "
"09/11/2023 21:00:00","SCA|NO2","mFRR","Local","Down","4737.00","0.00"," "
"09/11/2023 22:00:00","SCA|NO2","mFRR","Local","Up","1142.00","12.00"," "
"09/11/2023 22:00:00","SCA|NO2","mFRR","Local","Down","4554.00","0.00"," "
"09/11/2023 23:00:00","SCA|NO2","mFRR","Local","Up","1563.75","0.00"," "
"09/11/2023 23:00:00","SCA|NO2","mFRR","Local","Down","3957.25","0.00"," "
"10/11/2023 00:00:00","SCA|NO2","mFRR","Local","Up","2464.75","0.00"," "
"10/11/2023 00:00:00","SCA|NO2","mFRR","Local","Down","2940.50","0.00"," "
"10/11/2023 01:00:00","SCA|NO2","mFRR","Local","Up","3413.25","0.00"," "
"10/11/2023 01:00:00","SCA|NO2","mFRR","Local","Down","2456.00","0.00"," "
"10/11/2023 02:00:00","SCA|NO2","mFRR","Local","Up","4335.50","0.00"," "
"10/11/2023 02:00:00","SCA|NO2","mFRR","Local","Down","1760.00","0.00"," "
"10/11/2023 03:00:00","SCA|NO2","mFRR","Local","Up","4800.00","17.00"," "
"10/11/2023 03:00:00","SCA|NO2","mFRR","Local","Down","1267.00","0.00"," "
"10/11/2023 04:00:00","SCA|NO2","mFRR","Local","Up","3922.50","0.00"," "
"10/11/2023 04:00:00","SCA|NO2","mFRR","Local","Down","2018.00","0.00"," "
"10/11/2023 05:00:00","SCA|NO2","mFRR","Local","Up","2775.25","0.00"," "
"10/11/2023 05:00:00","SCA|NO2","mFRR","Local","Down","3012.50","0.00"," "
"10/11/2023 06:00:00","SCA|NO2","mFRR","Local","Up","1513.25","8.75"," "
"10/11/2023 06:00:00","SCA|NO2","mFRR","Local","Down","4234.00","0.00"," "
"10/11/2023 07:00:00","SCA|NO2","mFRR","Local","Up","1031.25","176.00"," "
"10/11/2023 07:00:00","SCA|NO2","mFRR","Local","Down","4680.75","0.00"," "
"10/11/2023 08:00:00","SCA|NO2","mFRR","Local","Up","869.00","166.00"," "
"10/11/2023 08:00:00","SCA|NO2","mFRR","Local","Down","4786.00","0.00"," "
"10/11/2023 09:00:00","SCA|NO2","mFRR","Local","Up","930.00","211.00"," "
"10/11/2023 09:00:00","SCA|NO2","mFRR","Local","Down","4917.00","0.00"," "
"10/11/2023 10:00:00","SCA|NO2","mFRR","Local","Up","949.00","200.50"," "
"10/11/2023 10:00:00","SCA|NO2","mFRR","Local","Down","4882.00","0.00"," "
"10/11/2023 11:00:00","SCA|NO2","mFRR","Local","Up","1016.00","201.00"," "
"10/11/2023 11:00:00","SCA|NO2","mFRR","Local","Down","4846.00","0.00"," "
"10/11/2023 12:00:00","SCA|NO2","mFRR","Local","Up","1039.00","200.50"," "
"10/11/2023 12:00:00","SCA|NO2","mFRR","Local","Down","4815.00","0.00"," "
"10/11/2023 13:00:00","SCA|NO2","mFRR","Local","Up","1013.00","238.00"," "
"10/11/2023 13:00:00","SCA|NO2","mFRR","Local","Down","4839.00","0.00"," "
"10/11/2023 14:00:00","SCA|NO2","mFRR","Local","Up","911.00","205.00"," "
"10/11/2023 14:00:00","SCA|NO2","mFRR","Local","Down","4975.00","0.00"," "
"10/11/2023 15:00:00","SCA|NO2","mFRR","Local","Up","795.00","172.00"," "
"10/11/2023 15:00:00","SCA|NO2","mFRR","Local","Down","5243.00","0.00"," "
"10/11/2023 16:00:00","SCA|NO2","mFRR","Local","Up","795.00","172.00"," "
"10/11/2023 16:00:00","SCA|NO2","mFRR","Local","Down","5159.00","0.00"," "
"10/11/2023 17:00:00","SCA|NO2","mFRR","Local","Up","781.00","112.00"," "
"10/11/2023 17:00:00","SCA|NO2","mFRR","Local","Down","5089.00","0.00"," "
"10/11/2023 18:00:00","SCA|NO2","mFRR","Local","Up","779.75","105.00"," "
"10/11/2023 18:00:00","SCA|NO2","mFRR","Local","Down","4934.75","0.00"," "
"10/11/2023 19:00:00","SCA|NO2","mFRR","Local","Up","779.00","64.50"," "
"10/11/2023 19:00:00","SCA|NO2","mFRR","Local","Down","5060.00","0.00"," "
"10/11/2023 20:00:00","SCA|NO2","mFRR","Local","Up","782.00","0.00"," "
"10/11/2023 20:00:00","SCA|NO2","mFRR","Local","Down","5186.00","0.00"," "
"10/11/2023 21:00:00","SCA|NO2","mFRR","Local","Up","763.00","0.00"," "
"10/11/2023 21:00:00","SCA|NO2","mFRR","Local","Down","5238.00","0.00"," "
"10/11/2023 22:00:00","SCA|NO2","mFRR","Local","Up","801.00","0.00"," "
"10/11/2023 22:00:00","SCA|NO2","mFRR","Local","Down","5163.00","0.00"," "
"10/11/2023 23:00:00","SCA|NO2","mFRR","Local","Up","813.25","0.00"," "
"10/11/2023 23:00:00","SCA|NO2","mFRR","Local","Down","4972.75","0.00"," "
"11/11/2023 00:00:00","SCA|NO2","mFRR","Local","Up","342.00","0.00"," "
"11/11/2023 00:00:00","SCA|NO2","mFRR","Local","Down","4285.00","0.00"," "
"11/11/2023 01:00:00","SCA|NO2","mFRR","Local","Up","393.00","0.00"," "
"11/11/2023 01:00:00","SCA|NO2","mFRR","Local","Down","4611.00","0.00"," "
"11/11/2023 02:00:00","SCA|NO2","mFRR","Local","Up","556.00","0.00"," "
"11/11/2023 02:00:00","SCA|NO2","mFRR","Local","Down","4033.00","0.00"," "
"11/11/2023 03:00:00","SCA|NO2","mFRR","Local","Up","560.00","0.00"," "
"11/11/2023 03:00:00","SCA|NO2","mFRR","Local","Down","4214.00","0.00"," "
"11/11/2023 04:00:00","SCA|NO2","mFRR","Local","Up","446.00","0.00"," "
"11/11/2023 04:00:00","SCA|NO2","mFRR","Local","Down","4322.00","0.00"," "
"11/11/2023 05:00:00","SCA|NO2","mFRR","Local","Up","719.00","0.00"," "
"11/11/2023 05:00:00","SCA|NO2","mFRR","Local","Down","4190.00","0.00"," "
"11/11/2023 06:00:00","SCA|NO2","mFRR","Local","Up","601.00","0.00"," "
"11/11/2023 06:00:00","SCA|NO2","mFRR","Local","Down","4261.00","0.00"," "
"11/11/2023 07:00:00","SCA|NO2","mFRR","Local","Up","654.00","0.00"," "
"11/11/2023 07:00:00","SCA|NO2","mFRR","Local","Down","4244.50","0.00"," "
"11/11/2023 08:00:00","SCA|NO2","mFRR","Local","Up","660.00","0.00"," "
"11/11/2023 08:00:00","SCA|NO2","mFRR","Local","Down","4508.00","0.00"," "
"11/11/2023 09:00:00","SCA|NO2","mFRR","Local","Up","654.75","0.00"," "
"11/11/2023 09:00:00","SCA|NO2","mFRR","Local","Down","4525.00","0.00"," "
"11/11/2023 10:00:00","SCA|NO2","mFRR","Local","Up","669.00","0.00"," "
"11/11/2023 10:00:00","SCA|NO2","mFRR","Local","Down","4288.00","0.00"," "
"11/11/2023 11:00:00","SCA|NO2","mFRR","Local","Up","684.00","0.00"," "
"11/11/2023 11:00:00","SCA|NO2","mFRR","Local","Down","4483.00","0.00"," "
"11/11/2023 12:00:00","SCA|NO2","mFRR","Local","Up","710.00","0.00"," "
"11/11/2023 12:00:00","SCA|NO2","mFRR","Local","Down","4335.00","0.00"," "
"11/11/2023 13:00:00","SCA|NO2","mFRR","Local","Up","712.00","0.00"," "
"11/11/2023 13:00:00","SCA|NO2","mFRR","Local","Down","4244.00","0.00"," "
"11/11/2023 14:00:00","SCA|NO2","mFRR","Local","Up","659.00","0.00"," "
"11/11/2023 14:00:00","SCA|NO2","mFRR","Local","Down","4562.00","6.00"," "
"11/11/2023 15:00:00","SCA|NO2","mFRR","Local","Up","577.00","0.00"," "
"11/11/2023 15:00:00","SCA|NO2","mFRR","Local","Down","4574.00","29.00"," "
"11/11/2023 16:00:00","SCA|NO2","mFRR","Local","Up","571.00","22.50"," "
"11/11/2023 16:00:00","SCA|NO2","mFRR","Local","Down","4641.00","0.00"," "
"11/11/2023 17:00:00","SCA|NO2","mFRR","Local","Up","570.00","225.00"," "
"11/11/2023 17:00:00","SCA|NO2","mFRR","Local","Down","4894.00","0.00"," "
"11/11/2023 18:00:00","SCA|NO2","mFRR","Local","Up","570.00","146.75"," "
"11/11/2023 18:00:00","SCA|NO2","mFRR","Local","Down","4892.00","0.00"," "
"11/11/2023 19:00:00","SCA|NO2","mFRR","Local","Up","576.00","102.00"," "
"11/11/2023 19:00:00","SCA|NO2","mFRR","Local","Down","4850.00","0.00"," "
"11/11/2023 20:00:00","SCA|NO2","mFRR","Local","Up","649.00","104.00"," "
"11/11/2023 20:00:00","SCA|NO2","mFRR","Local","Down","4780.00","0.00"," "
"11/11/2023 21:00:00","SCA|NO2","mFRR","Local","Up","645.00","103.00"," "
"11/11/2023 21:00:00","SCA|NO2","mFRR","Local","Down","4565.00","0.00"," "
"11/11/2023 22:00:00","SCA|NO2","mFRR","Local","Up","656.00","0.00"," "
"11/11/2023 22:00:00","SCA|NO2","mFRR","Local","Down","4308.00","0.00"," "
"11/11/2023 23:00:00","SCA|NO2","mFRR","Local","Up","683.00","0.00"," "
"11/11/2023 23:00:00","SCA|NO2","mFRR","Local","Down","4306.00","0.00"," "
"12/11/2023 00:00:00","SCA|NO2","mFRR","Local","Up","545.00","0.00"," "
"12/11/2023 00:00:00","SCA|NO2","mFRR","Local","Down","4484.00","0.00"," "
"12/11/2023 01:00:00","SCA|NO2","mFRR","Local","Up","612.00","0.00"," "
"12/11/2023 01:00:00","SCA|NO2","mFRR","Local","Down","4684.00","0.00"," "
"12/11/2023 02:00:00","SCA|NO2","mFRR","Local","Up","616.00","0.00"," "
"12/11/2023 02:00:00","SCA|NO2","mFRR","Local","Down","4691.00","0.00"," "
"12/11/2023 03:00:00","SCA|NO2","mFRR","Local","Up","710.00","0.00"," "
"12/11/2023 03:00:00","SCA|NO2","mFRR","Local","Down","4938.00","0.00"," "
"12/11/2023 04:00:00","SCA|NO2","mFRR","Local","Up","688.00","0.00"," "
"12/11/2023 04:00:00","SCA|NO2","mFRR","Local","Down","4959.00","0.00"," "
"12/11/2023 05:00:00","SCA|NO2","mFRR","Local","Up","902.00","0.00"," "
"12/11/2023 05:00:00","SCA|NO2","mFRR","Local","Down","4245.00","0.00"," "
"12/11/2023 06:00:00","SCA|NO2","mFRR","Local","Up","987.00","0.00"," "
"12/11/2023 06:00:00","SCA|NO2","mFRR","Local","Down","4225.00","0.00"," "
"12/11/2023 07:00:00","SCA|NO2","mFRR","Local","Up","1004.00","0.00"," "
"12/11/2023 07:00:00","SCA|NO2","mFRR","Local","Down","4149.00","0.00"," "
"12/11/2023 08:00:00","SCA|NO2","mFRR","Local","Up","986.00","0.00"," "
"12/11/2023 08:00:00","SCA|NO2","mFRR","Local","Down","4203.00","0.00"," "
"12/11/2023 09:00:00","SCA|NO2","mFRR","Local","Up","873.00","0.00"," "
"12/11/2023 09:00:00","SCA|NO2","mFRR","Local","Down","4352.50","0.00"," "
"12/11/2023 10:00:00","SCA|NO2","mFRR","Local","Up","922.00","0.00"," "
"12/11/2023 10:00:00","SCA|NO2","mFRR","Local","Down","4331.00","0.00"," "
"12/11/2023 11:00:00","SCA|NO2","mFRR","Local","Up","1012.00","0.00"," "
"12/11/2023 11:00:00","SCA|NO2","mFRR","Local","Down","4238.00","0.00"," "
"12/11/2023 12:00:00","SCA|NO2","mFRR","Local","Up","946.00","0.00"," "
"12/11/2023 12:00:00","SCA|NO2","mFRR","Local","Down","4297.00","0.00"," "
"12/11/2023 13:00:00","SCA|NO2","mFRR","Local","Up","839.00","66.00"," "
"12/11/2023 13:00:00","SCA|NO2","mFRR","Local","Down","4413.00","0.00"," "
"12/11/2023 14:00:00","SCA|NO2","mFRR","Local","Up","759.00","119.00"," "
"12/11/2023 14:00:00","SCA|NO2","mFRR","Local","Down","4501.00","0.00"," "
"12/11/2023 15:00:00","SCA|NO2","mFRR","Local","Up","679.00","114.00"," "
"12/11/2023 15:00:00","SCA|NO2","mFRR","Local","Down","4595.00","0.00"," "
"12/11/2023 16:00:00","SCA|NO2","mFRR","Local","Up","680.00","145.75"," "
"12/11/2023 16:00:00","SCA|NO2","mFRR","Local","Down","4801.00","0.00"," "
"12/11/2023 17:00:00","SCA|NO2","mFRR","Local","Up","685.00","60.00"," "
"12/11/2023 17:00:00","SCA|NO2","mFRR","Local","Down","4967.00","0.00"," "
"12/11/2023 18:00:00","SCA|NO2","mFRR","Local","Up","685.00","67.50"," "
"12/11/2023 18:00:00","SCA|NO2","mFRR","Local","Down","4995.00","0.00"," "
"12/11/2023 19:00:00","SCA|NO2","mFRR","Local","Up","678.00","0.00"," "
"12/11/2023 19:00:00","SCA|NO2","mFRR","Local","Down","4610.00","0.00"," "
"12/11/2023 20:00:00","SCA|NO2","mFRR","Local","Up","680.00","0.00"," "
"12/11/2023 20:00:00","SCA|NO2","mFRR","Local","Down","4603.00","0.00"," "
"12/11/2023 21:00:00","SCA|NO2","mFRR","Local","Up","756.00","0.00"," "
"12/11/2023 21:00:00","SCA|NO2","mFRR","Local","Down","4536.00","0.00"," "
"12/11/2023 22:00:00","SCA|NO2","mFRR","Local","Up","740.00","0.00"," "
"12/11/2023 22:00:00","SCA|NO2","mFRR","Local","Down","4531.00","0.00"," "
"12/11/2023 23:00:00","SCA|NO2","mFRR","Local","Up","846.00","203.00"," "
"12/11/2023 23:00:00","SCA|NO2","mFRR","Local","Down","4393.00","0.00"," "
"13/11/2023 00:00:00","SCA|NO2","mFRR","Local","Up","447.00","8.00"," "
"13/11/2023 00:00:00","SCA|NO2","mFRR","Local","Down","4933.00","0.00"," "
"13/11/2023 01:00:00","SCA|NO2","mFRR","Local","Up","461.00","0.00"," "
"13/11/2023 01:00:00","SCA|NO2","mFRR","Local","Down","5110.00","0.00"," "
"13/11/2023 02:00:00","SCA|NO2","mFRR","Local","Up","565.00","0.00"," "
"13/11/2023 02:00:00","SCA|NO2","mFRR","Local","Down","4800.00","0.00"," "
"13/11/2023 03:00:00","SCA|NO2","mFRR","Local","Up","720.00","0.00"," "
"13/11/2023 03:00:00","SCA|NO2","mFRR","Local","Down","4667.00","0.00"," "
"13/11/2023 04:00:00","SCA|NO2","mFRR","Local","Up","835.00","0.00"," "
"13/11/2023 04:00:00","SCA|NO2","mFRR","Local","Down","4445.00","0.00"," "
"13/11/2023 05:00:00","SCA|NO2","mFRR","Local","Up","1205.00","0.00"," "
"13/11/2023 05:00:00","SCA|NO2","mFRR","Local","Down","4412.50","0.00"," "
"13/11/2023 06:00:00","SCA|NO2","mFRR","Local","Up","836.00","0.00"," "
"13/11/2023 06:00:00","SCA|NO2","mFRR","Local","Down","5098.50","0.00"," "
"13/11/2023 07:00:00","SCA|NO2","mFRR","Local","Up","691.00","110.50"," "
"13/11/2023 07:00:00","SCA|NO2","mFRR","Local","Down","5264.00","0.00"," "
"13/11/2023 08:00:00","SCA|NO2","mFRR","Local","Up","661.00","71.00"," "
"13/11/2023 08:00:00","SCA|NO2","mFRR","Local","Down","4958.00","0.00"," "
"13/11/2023 09:00:00","SCA|NO2","mFRR","Local","Up","661.00","35.50"," "
"13/11/2023 09:00:00","SCA|NO2","mFRR","Local","Down","5277.00","0.00"," "
"13/11/2023 10:00:00","SCA|NO2","mFRR","Local","Up","661.00","0.00"," "
"13/11/2023 10:00:00","SCA|NO2","mFRR","Local","Down","5178.00","0.00"," "
"13/11/2023 11:00:00","SCA|NO2","mFRR","Local","Up","688.00","77.75"," "
"13/11/2023 11:00:00","SCA|NO2","mFRR","Local","Down","5157.00","0.00"," "
"13/11/2023 12:00:00","SCA|NO2","mFRR","Local","Up","715.00","164.25"," "
"13/11/2023 12:00:00","SCA|NO2","mFRR","Local","Down","5014.00","0.00"," "
"13/11/2023 13:00:00","SCA|NO2","mFRR","Local","Up","718.00","20.75"," "
"13/11/2023 13:00:00","SCA|NO2","mFRR","Local","Down","5025.00","0.00"," "
"13/11/2023 14:00:00","SCA|NO2","mFRR","Local","Up","900.00","0.00"," "
"13/11/2023 14:00:00","SCA|NO2","mFRR","Local","Down","4784.00","0.00"," "
"13/11/2023 15:00:00","SCA|NO2","mFRR","Local","Up","984.00","45.00"," "
"13/11/2023 15:00:00","SCA|NO2","mFRR","Local","Down","4699.00","0.00"," "
"13/11/2023 16:00:00","SCA|NO2","mFRR","Local","Up","1097.00","158.00"," "
"13/11/2023 16:00:00","SCA|NO2","mFRR","Local","Down","4646.00","0.00"," "
"13/11/2023 17:00:00","SCA|NO2","mFRR","Local","Up","1016.00","134.75"," "
"13/11/2023 17:00:00","SCA|NO2","mFRR","Local","Down","4766.00","0.00"," "
"13/11/2023 18:00:00","SCA|NO2","mFRR","Local","Up","1241.25","0.00"," "
"13/11/2023 18:00:00","SCA|NO2","mFRR","Local","Down","4487.75","0.00"," "
"13/11/2023 19:00:00","SCA|NO2","mFRR","Local","Up","1719.25","0.00"," "
"13/11/2023 19:00:00","SCA|NO2","mFRR","Local","Down","4082.00","0.00"," "
"13/11/2023 20:00:00","SCA|NO2","mFRR","Local","Up","2466.25","30.00"," "
"13/11/2023 20:00:00","SCA|NO2","mFRR","Local","Down","3439.75","0.00"," "
"13/11/2023 21:00:00","SCA|NO2","mFRR","Local","Up","3670.75","113.00"," "
"13/11/2023 21:00:00","SCA|NO2","mFRR","Local","Down","2372.00","0.00"," "
"13/11/2023 22:00:00","SCA|NO2","mFRR","Local","Up","4531.50","311.00"," "
"13/11/2023 22:00:00","SCA|NO2","mFRR","Local","Down","1662.50","0.00"," "
"13/11/2023 23:00:00","SCA|NO2","mFRR","Local","Up","5323.75","507.50"," "
"13/11/2023 23:00:00","SCA|NO2","mFRR","Local","Down","1148.00","0.00"," "
"14/11/2023 00:00:00","SCA|NO2","mFRR","Local","Up","4792.00","0.00"," "
"14/11/2023 00:00:00","SCA|NO2","mFRR","Local","Down","1123.00","0.00"," "
"14/11/2023 01:00:00","SCA|NO2","mFRR","Local","Up","4988.00","0.00"," "
"14/11/2023 01:00:00","SCA|NO2","mFRR","Local","Down","1163.00","0.00"," "
"14/11/2023 02:00:00","SCA|NO2","mFRR","Local","Up","5011.00","0.00"," "
"14/11/2023 02:00:00","SCA|NO2","mFRR","Local","Down","1143.00","199.75"," "
"14/11/2023 03:00:00","SCA|NO2","mFRR","Local","Up","4490.00","0.00"," "
"14/11/2023 03:00:00","SCA|NO2","mFRR","Local","Down","1190.00","314.00"," "
"14/11/2023 04:00:00","SCA|NO2","mFRR","Local","Up","4384.00","0.00"," "
"14/11/2023 04:00:00","SCA|NO2","mFRR","Local","Down","1295.00","377.00"," "
"14/11/2023 05:00:00","SCA|NO2","mFRR","Local","Up","4522.00","0.00"," "
"14/11/2023 05:00:00","SCA|NO2","mFRR","Local","Down","1329.25","371.25"," "
"14/11/2023 06:00:00","SCA|NO2","mFRR","Local","Up","3291.00","0.00"," "
"14/11/2023 06:00:00","SCA|NO2","mFRR","Local","Down","2009.00","577.75"," "
"14/11/2023 07:00:00","SCA|NO2","mFRR","Local","Up","1735.00","0.00"," "
"14/11/2023 07:00:00","SCA|NO2","mFRR","Local","Down","3439.75","528.25"," "
"14/11/2023 08:00:00","SCA|NO2","mFRR","Local","Up","1318.00","0.00"," "
"14/11/2023 08:00:00","SCA|NO2","mFRR","Local","Down","4097.00","9.00"," "
"14/11/2023 09:00:00","SCA|NO2","mFRR","Local","Up","1354.00","0.00"," "
"14/11/2023 09:00:00","SCA|NO2","mFRR","Local","Down","4096.00","0.00"," "
"14/11/2023 10:00:00","SCA|NO2","mFRR","Local","Up","1666.00","0.00"," "
"14/11/2023 10:00:00","SCA|NO2","mFRR","Local","Down","3778.00","109.00"," "
"14/11/2023 11:00:00","SCA|NO2","mFRR","Local","Up","1619.00","0.00"," "
"14/11/2023 11:00:00","SCA|NO2","mFRR","Local","Down","3722.00","0.00"," "
"14/11/2023 12:00:00","SCA|NO2","mFRR","Local","Up","1471.00","0.00"," "
"14/11/2023 12:00:00","SCA|NO2","mFRR","Local","Down","4079.00","0.00"," "
"14/11/2023 13:00:00","SCA|NO2","mFRR","Local","Up","1464.00","0.00"," "
"14/11/2023 13:00:00","SCA|NO2","mFRR","Local","Down","4058.00","0.00"," "
"14/11/2023 14:00:00","SCA|NO2","mFRR","Local","Up","1130.00","108.25"," "
"14/11/2023 14:00:00","SCA|NO2","mFRR","Local","Down","4075.00","0.00"," "
"14/11/2023 15:00:00","SCA|NO2","mFRR","Local","Up","810.75","48.00"," "
"14/11/2023 15:00:00","SCA|NO2","mFRR","Local","Down","4263.00","0.00"," "
"14/11/2023 16:00:00","SCA|NO2","mFRR","Local","Up","661.00","38.00"," "
"14/11/2023 16:00:00","SCA|NO2","mFRR","Local","Down","4472.00","0.00"," "
"14/11/2023 17:00:00","SCA|NO2","mFRR","Local","Up","661.00","0.00"," "
"14/11/2023 17:00:00","SCA|NO2","mFRR","Local","Down","4492.00","0.00"," "
"14/11/2023 18:00:00","SCA|NO2","mFRR","Local","Up","661.00","0.00"," "
"14/11/2023 18:00:00","SCA|NO2","mFRR","Local","Down","4493.00","0.00"," "
"14/11/2023 19:00:00","SCA|NO2","mFRR","Local","Up","683.00","0.00"," "
"14/11/2023 19:00:00","SCA|NO2","mFRR","Local","Down","4521.00","0.00"," "
"14/11/2023 20:00:00","SCA|NO2","mFRR","Local","Up","661.00","0.00"," "
"14/11/2023 20:00:00","SCA|NO2","mFRR","Local","Down","4517.25","0.00"," "
"14/11/2023 21:00:00","SCA|NO2","mFRR","Local","Up","740.00","72.00"," "
"14/11/2023 21:00:00","SCA|NO2","mFRR","Local","Down","4423.00","0.00"," "
"14/11/2023 22:00:00","SCA|NO2","mFRR","Local","Up","748.00","91.50"," "
"14/11/2023 22:00:00","SCA|NO2","mFRR","Local","Down","4418.75","0.00"," "
"14/11/2023 23:00:00","SCA|NO2","mFRR","Local","Up","831.00","0.00"," "
"14/11/2023 23:00:00","SCA|NO2","mFRR","Local","Down","4192.00","0.00"," "
"15/11/2023 00:00:00","SCA|NO2","mFRR","Local","Up","343.00","0.00"," "
"15/11/2023 00:00:00","SCA|NO2","mFRR","Local","Down","4027.00","224.50"," "
"15/11/2023 01:00:00","SCA|NO2","mFRR","Local","Up","807.00","0.00"," "
"15/11/2023 01:00:00","SCA|NO2","mFRR","Local","Down","3756.00","114.00"," "
"15/11/2023 02:00:00","SCA|NO2","mFRR","Local","Up","1146.75","0.00"," "
"15/11/2023 02:00:00","SCA|NO2","mFRR","Local","Down","3372.00","52.00"," "
"15/11/2023 03:00:00","SCA|NO2","mFRR","Local","Up","1323.25","0.00"," "
"15/11/2023 03:00:00","SCA|NO2","mFRR","Local","Down","3015.00","319.75"," "
"15/11/2023 04:00:00","SCA|NO2","mFRR","Local","Up","1092.75","0.00"," "
"15/11/2023 04:00:00","SCA|NO2","mFRR","Local","Down","3325.00","209.50"," "
"15/11/2023 05:00:00","SCA|NO2","mFRR","Local","Up","1016.00","0.00"," "
"15/11/2023 05:00:00","SCA|NO2","mFRR","Local","Down","3666.25","108.75"," "
"15/11/2023 06:00:00","SCA|NO2","mFRR","Local","Up","754.00","0.00"," "
"15/11/2023 06:00:00","SCA|NO2","mFRR","Local","Down","4257.00","20.00"," "
"15/11/2023 07:00:00","SCA|NO2","mFRR","Local","Up","658.00","0.00"," "
"15/11/2023 07:00:00","SCA|NO2","mFRR","Local","Down","4148.00","0.00"," "
"15/11/2023 08:00:00","SCA|NO2","mFRR","Local","Up","658.00","0.00"," "
"15/11/2023 08:00:00","SCA|NO2","mFRR","Local","Down","4059.00","0.00"," "
"15/11/2023 09:00:00","SCA|NO2","mFRR","Local","Up","658.00","0.00"," "
"15/11/2023 09:00:00","SCA|NO2","mFRR","Local","Down","4189.00","56.50"," "
"15/11/2023 10:00:00","SCA|NO2","mFRR","Local","Up","672.00","0.00"," "
"15/11/2023 10:00:00","SCA|NO2","mFRR","Local","Down","4195.00","5.00"," "
"15/11/2023 11:00:00","SCA|NO2","mFRR","Local","Up","747.00","129.75"," "
"15/11/2023 11:00:00","SCA|NO2","mFRR","Local","Down","3984.00","0.00"," "
"15/11/2023 12:00:00","SCA|NO2","mFRR","Local","Up","751.00","215.50"," "
"15/11/2023 12:00:00","SCA|NO2","mFRR","Local","Down","3984.00","0.00"," "
"15/11/2023 13:00:00","SCA|NO2","mFRR","Local","Up","727.00","181.00"," "
"15/11/2023 13:00:00","SCA|NO2","mFRR","Local","Down","4162.50","0.00"," "
"15/11/2023 14:00:00","SCA|NO2","mFRR","Local","Up","680.00","147.00"," "
"15/11/2023 14:00:00","SCA|NO2","mFRR","Local","Down","4252.00","0.00"," "
"15/11/2023 15:00:00","SCA|NO2","mFRR","Local","Up","648.00","105.00"," "
"15/11/2023 15:00:00","SCA|NO2","mFRR","Local","Down","4315.00","0.00"," "
"15/11/2023 16:00:00","SCA|NO2","mFRR","Local","Up","650.00","16.25"," "
"15/11/2023 16:00:00","SCA|NO2","mFRR","Local","Down","4452.00","0.00"," "
"15/11/2023 17:00:00","SCA|NO2","mFRR","Local","Up","650.00","0.00"," "
"15/11/2023 17:00:00","SCA|NO2","mFRR","Local","Down","4461.00","48.00"," "
"15/11/2023 18:00:00","SCA|NO2","mFRR","Local","Up","650.00","0.00"," "
"15/11/2023 18:00:00","SCA|NO2","mFRR","Local","Down","4478.00","61.00"," "
"15/11/2023 19:00:00","SCA|NO2","mFRR","Local","Up","650.00","0.00"," "
"15/11/2023 19:00:00","SCA|NO2","mFRR","Local","Down","4577.00","22.00"," "
"15/11/2023 20:00:00","SCA|NO2","mFRR","Local","Up","739.00","97.50"," "
"15/11/2023 20:00:00","SCA|NO2","mFRR","Local","Down","4539.00","0.00"," "
"15/11/2023 21:00:00","SCA|NO2","mFRR","Local","Up","782.00","0.00"," "
"15/11/2023 21:00:00","SCA|NO2","mFRR","Local","Down","4440.00","12.00"," "
"15/11/2023 22:00:00","SCA|NO2","mFRR","Local","Up","742.00","0.00"," "
"15/11/2023 22:00:00","SCA|NO2","mFRR","Local","Down","4444.00","12.00"," "
"15/11/2023 23:00:00","SCA|NO2","mFRR","Local","Up","816.00","0.00"," "
"15/11/2023 23:00:00","SCA|NO2","mFRR","Local","Down","4245.25","0.00"," "
"16/11/2023 00:00:00","SCA|NO2","mFRR","Local","Up","251.00","0.00"," "
"16/11/2023 00:00:00","SCA|NO2","mFRR","Local","Down","4021.00","0.00"," "
"16/11/2023 01:00:00","SCA|NO2","mFRR","Local","Up","459.75","0.00"," "
"16/11/2023 01:00:00","SCA|NO2","mFRR","Local","Down","4173.25","33.00"," "
"16/11/2023 02:00:00","SCA|NO2","mFRR","Local","Up","882.75","0.00"," "
"16/11/2023 02:00:00","SCA|NO2","mFRR","Local","Down","3531.25","0.00"," "
"16/11/2023 03:00:00","SCA|NO2","mFRR","Local","Up","940.00","0.00"," "
"16/11/2023 03:00:00","SCA|NO2","mFRR","Local","Down","3462.00","0.00"," "
"16/11/2023 04:00:00","SCA|NO2","mFRR","Local","Up","531.00","0.00"," "
"16/11/2023 04:00:00","SCA|NO2","mFRR","Local","Down","4006.25","114.00"," "
"16/11/2023 05:00:00","SCA|NO2","mFRR","Local","Up","827.50","0.00"," "
"16/11/2023 05:00:00","SCA|NO2","mFRR","Local","Down","3831.00","151.00"," "
"16/11/2023 06:00:00","SCA|NO2","mFRR","Local","Up","659.00","0.00"," "
"16/11/2023 06:00:00","SCA|NO2","mFRR","Local","Down","4061.00","40.50"," "
"16/11/2023 07:00:00","SCA|NO2","mFRR","Local","Up","638.00","0.00"," "
"16/11/2023 07:00:00","SCA|NO2","mFRR","Local","Down","4006.00","10.00"," "
"16/11/2023 08:00:00","SCA|NO2","mFRR","Local","Up","638.00","0.00"," "
"16/11/2023 08:00:00","SCA|NO2","mFRR","Local","Down","4163.00","74.00"," "
"16/11/2023 09:00:00","SCA|NO2","mFRR","Local","Up","638.00","0.00"," "
"16/11/2023 09:00:00","SCA|NO2","mFRR","Local","Down","4260.00","77.00"," "
"16/11/2023 10:00:00","SCA|NO2","mFRR","Local","Up","648.00","0.00"," "
"16/11/2023 10:00:00","SCA|NO2","mFRR","Local","Down","4269.00","7.50"," "
"16/11/2023 11:00:00","SCA|NO2","mFRR","Local","Up","652.00","0.00"," "
"16/11/2023 11:00:00","SCA|NO2","mFRR","Local","Down","4258.00","0.00"," "
"16/11/2023 12:00:00","SCA|NO2","mFRR","Local","Up","638.00","30.00"," "
"16/11/2023 12:00:00","SCA|NO2","mFRR","Local","Down","4242.00","0.00"," "
"16/11/2023 13:00:00","SCA|NO2","mFRR","Local","Up","622.00","0.00"," "
"16/11/2023 13:00:00","SCA|NO2","mFRR","Local","Down","4209.00","32.00"," "
"16/11/2023 14:00:00","SCA|NO2","mFRR","Local","Up","623.00","0.00"," "
"16/11/2023 14:00:00","SCA|NO2","mFRR","Local","Down","4303.00","110.00"," "
"16/11/2023 15:00:00","SCA|NO2","mFRR","Local","Up","623.00","0.00"," "
"16/11/2023 15:00:00","SCA|NO2","mFRR","Local","Down","4312.00","169.00"," "
"16/11/2023 16:00:00","SCA|NO2","mFRR","Local","Up","623.00","0.00"," "
"16/11/2023 16:00:00","SCA|NO2","mFRR","Local","Down","4286.00","45.00"," "
"16/11/2023 17:00:00","SCA|NO2","mFRR","Local","Up","639.00","50.00"," "
"16/11/2023 17:00:00","SCA|NO2","mFRR","Local","Down","4236.00","0.00"," "
"16/11/2023 18:00:00","SCA|NO2","mFRR","Local","Up","639.00","50.00"," "
"16/11/2023 18:00:00","SCA|NO2","mFRR","Local","Down","4792.00","0.00"," "
"16/11/2023 19:00:00","SCA|NO2","mFRR","Local","Up","670.00","105.00"," "
"16/11/2023 19:00:00","SCA|NO2","mFRR","Local","Down","4861.00","0.00"," "
"16/11/2023 20:00:00","SCA|NO2","mFRR","Local","Up","680.00","105.00"," "
"16/11/2023 20:00:00","SCA|NO2","mFRR","Local","Down","4888.00","0.00"," "
"16/11/2023 21:00:00","SCA|NO2","mFRR","Local","Up","700.00","120.00"," "
"16/11/2023 21:00:00","SCA|NO2","mFRR","Local","Down","4785.00","0.00"," "
"16/11/2023 22:00:00","SCA|NO2","mFRR","Local","Up","933.00","42.50"," "
"16/11/2023 22:00:00","SCA|NO2","mFRR","Local","Down","4598.00","17.50"," "
"16/11/2023 23:00:00","SCA|NO2","mFRR","Local","Up","950.00","0.00"," "
"16/11/2023 23:00:00","SCA|NO2","mFRR","Local","Down","4477.00","23.00"," "
"17/11/2023 00:00:00","SCA|NO2","mFRR","Local","Up","144.00","0.00"," "
"17/11/2023 00:00:00","SCA|NO2","mFRR","Local","Down","4604.00","0.00"," "
"17/11/2023 01:00:00","SCA|NO2","mFRR","Local","Up","146.00","0.00"," "
"17/11/2023 01:00:00","SCA|NO2","mFRR","Local","Down","4999.00","0.00"," "
"17/11/2023 02:00:00","SCA|NO2","mFRR","Local","Up","146.00","0.00"," "
"17/11/2023 02:00:00","SCA|NO2","mFRR","Local","Down","4941.00","0.00"," "
"17/11/2023 03:00:00","SCA|NO2","mFRR","Local","Up","181.00","0.00"," "
"17/11/2023 03:00:00","SCA|NO2","mFRR","Local","Down","4884.00","0.00"," "
"17/11/2023 04:00:00","SCA|NO2","mFRR","Local","Up","152.00","0.00"," "
"17/11/2023 04:00:00","SCA|NO2","mFRR","Local","Down","4904.00","0.00"," "
"17/11/2023 05:00:00","SCA|NO2","mFRR","Local","Up","741.00","0.00"," "
"17/11/2023 05:00:00","SCA|NO2","mFRR","Local","Down","4290.50","10.00"," "
"17/11/2023 06:00:00","SCA|NO2","mFRR","Local","Up","746.00","0.00"," "
"17/11/2023 06:00:00","SCA|NO2","mFRR","Local","Down","4561.00","12.50"," "
"17/11/2023 07:00:00","SCA|NO2","mFRR","Local","Up","665.00","0.00"," "
"17/11/2023 07:00:00","SCA|NO2","mFRR","Local","Down","4680.00","0.00"," "
"17/11/2023 08:00:00","SCA|NO2","mFRR","Local","Up","638.00","0.00"," "
"17/11/2023 08:00:00","SCA|NO2","mFRR","Local","Down","4595.00","9.75"," "
"17/11/2023 09:00:00","SCA|NO2","mFRR","Local","Up","638.00","0.00"," "
"17/11/2023 09:00:00","SCA|NO2","mFRR","Local","Down","4723.00","0.00"," "
"17/11/2023 10:00:00","SCA|NO2","mFRR","Local","Up","656.00","75.00"," "
"17/11/2023 10:00:00","SCA|NO2","mFRR","Local","Down","4694.00","0.00"," "
"17/11/2023 11:00:00","SCA|NO2","mFRR","Local","Up","661.00","62.50"," "
"17/11/2023 11:00:00","SCA|NO2","mFRR","Local","Down","4720.00","0.00"," "
"17/11/2023 12:00:00","SCA|NO2","mFRR","Local","Up","679.00","10.00"," "
"17/11/2023 12:00:00","SCA|NO2","mFRR","Local","Down","4658.00","0.00"," "
"17/11/2023 13:00:00","SCA|NO2","mFRR","Local","Up","696.00","0.00"," "
"17/11/2023 13:00:00","SCA|NO2","mFRR","Local","Down","4718.00","0.00"," "
"17/11/2023 14:00:00","SCA|NO2","mFRR","Local","Up","677.00","0.00"," "
"17/11/2023 14:00:00","SCA|NO2","mFRR","Local","Down","4821.00","0.00"," "
"17/11/2023 15:00:00","SCA|NO2","mFRR","Local","Up","645.00","0.00"," "
"17/11/2023 15:00:00","SCA|NO2","mFRR","Local","Down","5032.00","0.00"," "
"17/11/2023 16:00:00","SCA|NO2","mFRR","Local","Up","646.00","37.50"," "
"17/11/2023 16:00:00","SCA|NO2","mFRR","Local","Down","5021.00","0.00"," "
"17/11/2023 17:00:00","SCA|NO2","mFRR","Local","Up","624.00","60.00"," "
"17/11/2023 17:00:00","SCA|NO2","mFRR","Local","Down","4994.00","0.00"," "
"17/11/2023 18:00:00","SCA|NO2","mFRR","Local","Up","640.00","40.00"," "
"17/11/2023 18:00:00","SCA|NO2","mFRR","Local","Down","4992.00","0.00"," "
"17/11/2023 19:00:00","SCA|NO2","mFRR","Local","Up","624.00","0.00"," "
"17/11/2023 19:00:00","SCA|NO2","mFRR","Local","Down","5008.00","0.00"," "
"17/11/2023 20:00:00","SCA|NO2","mFRR","Local","Up","687.00","0.00"," "
"17/11/2023 20:00:00","SCA|NO2","mFRR","Local","Down","5009.00","0.00"," "
"17/11/2023 21:00:00","SCA|NO2","mFRR","Local","Up","755.00","0.00"," "
"17/11/2023 21:00:00","SCA|NO2","mFRR","Local","Down","4981.00","7.50"," "
"17/11/2023 22:00:00","SCA|NO2","mFRR","Local","Up","902.00","0.00"," "
"17/11/2023 22:00:00","SCA|NO2","mFRR","Local","Down","4686.25","5.00"," "
"17/11/2023 23:00:00","SCA|NO2","mFRR","Local","Up","887.00","0.00"," "
"17/11/2023 23:00:00","SCA|NO2","mFRR","Local","Down","4684.00","10.00"," "
"18/11/2023 00:00:00","SCA|NO2","mFRR","Local","Up","182.00","0.00"," "
"18/11/2023 00:00:00","SCA|NO2","mFRR","Local","Down","4526.00","0.00"," "
"18/11/2023 01:00:00","SCA|NO2","mFRR","Local","Up","184.00","0.00"," "
"18/11/2023 01:00:00","SCA|NO2","mFRR","Local","Down","4871.00","0.00"," "
"18/11/2023 02:00:00","SCA|NO2","mFRR","Local","Up","287.00","15.00"," "
"18/11/2023 02:00:00","SCA|NO2","mFRR","Local","Down","5044.00","0.00"," "
"18/11/2023 03:00:00","SCA|NO2","mFRR","Local","Up","386.00","9.00"," "
"18/11/2023 03:00:00","SCA|NO2","mFRR","Local","Down","4808.00","0.00"," "
"18/11/2023 04:00:00","SCA|NO2","mFRR","Local","Up","552.00","0.00"," "
"18/11/2023 04:00:00","SCA|NO2","mFRR","Local","Down","4581.25","0.00"," "
"18/11/2023 05:00:00","SCA|NO2","mFRR","Local","Up","743.00","0.00"," "
"18/11/2023 05:00:00","SCA|NO2","mFRR","Local","Down","4289.00","0.00"," "
"18/11/2023 06:00:00","SCA|NO2","mFRR","Local","Up","612.00","0.00"," "
"18/11/2023 06:00:00","SCA|NO2","mFRR","Local","Down","4378.00","0.00"," "
"18/11/2023 07:00:00","SCA|NO2","mFRR","Local","Up","539.00","0.00"," "
"18/11/2023 07:00:00","SCA|NO2","mFRR","Local","Down","4606.00","13.00"," "
"18/11/2023 08:00:00","SCA|NO2","mFRR","Local","Up","495.00","0.00"," "
"18/11/2023 08:00:00","SCA|NO2","mFRR","Local","Down","4826.00","26.50"," "
"18/11/2023 09:00:00","SCA|NO2","mFRR","Local","Up","496.00","81.00"," "
"18/11/2023 09:00:00","SCA|NO2","mFRR","Local","Down","4816.00","0.00"," "
"18/11/2023 10:00:00","SCA|NO2","mFRR","Local","Up","499.00","91.00"," "
"18/11/2023 10:00:00","SCA|NO2","mFRR","Local","Down","4812.00","0.00"," "
"18/11/2023 11:00:00","SCA|NO2","mFRR","Local","Up","537.00","73.50"," "
"18/11/2023 11:00:00","SCA|NO2","mFRR","Local","Down","4771.00","0.00"," "
"18/11/2023 12:00:00","SCA|NO2","mFRR","Local","Up","537.00","0.00"," "
"18/11/2023 12:00:00","SCA|NO2","mFRR","Local","Down","4787.00","0.00"," "
"18/11/2023 13:00:00","SCA|NO2","mFRR","Local","Up","537.00","0.00"," "
"18/11/2023 13:00:00","SCA|NO2","mFRR","Local","Down","4802.00","0.00"," "
"18/11/2023 14:00:00","SCA|NO2","mFRR","Local","Up","532.00","0.00"," "
"18/11/2023 14:00:00","SCA|NO2","mFRR","Local","Down","4899.00","0.00"," "
"18/11/2023 15:00:00","SCA|NO2","mFRR","Local","Up","432.00","62.00"," "
"18/11/2023 15:00:00","SCA|NO2","mFRR","Local","Down","4931.00","0.00"," "
"18/11/2023 16:00:00","SCA|NO2","mFRR","Local","Up","395.00","61.00"," "
"18/11/2023 16:00:00","SCA|NO2","mFRR","Local","Down","5033.00","0.00"," "
"18/11/2023 17:00:00","SCA|NO2","mFRR","Local","Up","395.00","61.00"," "
"18/11/2023 17:00:00","SCA|NO2","mFRR","Local","Down","5074.00","0.00"," "
"18/11/2023 18:00:00","SCA|NO2","mFRR","Local","Up","498.00","30.50"," "
"18/11/2023 18:00:00","SCA|NO2","mFRR","Local","Down","4990.00","0.00"," "
"18/11/2023 19:00:00","SCA|NO2","mFRR","Local","Up","615.00","0.00"," "
"18/11/2023 19:00:00","SCA|NO2","mFRR","Local","Down","4745.00","0.00"," "
"18/11/2023 20:00:00","SCA|NO2","mFRR","Local","Up","912.00","151.00"," "
"18/11/2023 20:00:00","SCA|NO2","mFRR","Local","Down","4358.00","0.00"," "
"18/11/2023 21:00:00","SCA|NO2","mFRR","Local","Up","1472.50","26.25"," "
"18/11/2023 21:00:00","SCA|NO2","mFRR","Local","Down","3782.25","0.00"," "
"18/11/2023 22:00:00","SCA|NO2","mFRR","Local","Up","2112.75","131.00"," "
"18/11/2023 22:00:00","SCA|NO2","mFRR","Local","Down","3188.75","0.00"," "
"18/11/2023 23:00:00","SCA|NO2","mFRR","Local","Up","3570.75","119.00"," "
"18/11/2023 23:00:00","SCA|NO2","mFRR","Local","Down","2206.75","0.00"," "
"19/11/2023 00:00:00","SCA|NO2","mFRR","Local","Up","3909.00","599.00"," "
"19/11/2023 00:00:00","SCA|NO2","mFRR","Local","Down","1528.00","0.00"," "
"19/11/2023 01:00:00","SCA|NO2","mFRR","Local","Up","4563.00","234.00"," "
"19/11/2023 01:00:00","SCA|NO2","mFRR","Local","Down","899.00","0.00"," "
"19/11/2023 02:00:00","SCA|NO2","mFRR","Local","Up","4802.00","180.00"," "
"19/11/2023 02:00:00","SCA|NO2","mFRR","Local","Down","728.00","0.00"," "
"19/11/2023 03:00:00","SCA|NO2","mFRR","Local","Up","4945.00","219.50"," "
"19/11/2023 03:00:00","SCA|NO2","mFRR","Local","Down","582.00","0.00"," "
"19/11/2023 04:00:00","SCA|NO2","mFRR","Local","Up","4946.00","88.00"," "
"19/11/2023 04:00:00","SCA|NO2","mFRR","Local","Down","575.00","0.00"," "
"19/11/2023 05:00:00","SCA|NO2","mFRR","Local","Up","4904.00","26.00"," "
"19/11/2023 05:00:00","SCA|NO2","mFRR","Local","Down","593.00","0.00"," "
"19/11/2023 06:00:00","SCA|NO2","mFRR","Local","Up","4745.00","26.00"," "
"19/11/2023 06:00:00","SCA|NO2","mFRR","Local","Down","697.00","0.00"," "
"19/11/2023 07:00:00","SCA|NO2","mFRR","Local","Up","4409.00","279.50"," "
"19/11/2023 07:00:00","SCA|NO2","mFRR","Local","Down","892.00","0.00"," "
"19/11/2023 08:00:00","SCA|NO2","mFRR","Local","Up","3949.00","144.00"," "
"19/11/2023 08:00:00","SCA|NO2","mFRR","Local","Down","1415.00","0.00"," "
"19/11/2023 09:00:00","SCA|NO2","mFRR","Local","Up","4276.00","209.75"," "
"19/11/2023 09:00:00","SCA|NO2","mFRR","Local","Down","1628.75","0.00"," "
"19/11/2023 10:00:00","SCA|NO2","mFRR","Local","Up","3445.00","136.25"," "
"19/11/2023 10:00:00","SCA|NO2","mFRR","Local","Down","1960.00","0.00"," "
"19/11/2023 11:00:00","SCA|NO2","mFRR","Local","Up","3452.75","0.00"," "
"19/11/2023 11:00:00","SCA|NO2","mFRR","Local","Down","2497.50","0.00"," "
"19/11/2023 12:00:00","SCA|NO2","mFRR","Local","Up","3228.00","0.00"," "
"19/11/2023 12:00:00","SCA|NO2","mFRR","Local","Down","2528.00","0.00"," "
"19/11/2023 13:00:00","SCA|NO2","mFRR","Local","Up","3106.00","36.00"," "
"19/11/2023 13:00:00","SCA|NO2","mFRR","Local","Down","2683.00","0.00"," "
"19/11/2023 14:00:00","SCA|NO2","mFRR","Local","Up","2698.00","98.75"," "
"19/11/2023 14:00:00","SCA|NO2","mFRR","Local","Down","3037.25","0.00"," "
"19/11/2023 15:00:00","SCA|NO2","mFRR","Local","Up","2036.00","0.00"," "
"19/11/2023 15:00:00","SCA|NO2","mFRR","Local","Down","3456.50","0.00"," "
"19/11/2023 16:00:00","SCA|NO2","mFRR","Local","Up","1018.00","72.75"," "
"19/11/2023 16:00:00","SCA|NO2","mFRR","Local","Down","4006.00","0.00"," "
"19/11/2023 17:00:00","SCA|NO2","mFRR","Local","Up","554.00","119.00"," "
"19/11/2023 17:00:00","SCA|NO2","mFRR","Local","Down","4784.00","0.00"," "
"19/11/2023 18:00:00","SCA|NO2","mFRR","Local","Up","494.00","82.50"," "
"19/11/2023 18:00:00","SCA|NO2","mFRR","Local","Down","4182.00","0.00"," "
"19/11/2023 19:00:00","SCA|NO2","mFRR","Local","Up","498.00","124.75"," "
"19/11/2023 19:00:00","SCA|NO2","mFRR","Local","Down","4165.00","0.00"," "
"19/11/2023 20:00:00","SCA|NO2","mFRR","Local","Up","785.00","46.75"," "
"19/11/2023 20:00:00","SCA|NO2","mFRR","Local","Down","3765.00","148.50"," "
"19/11/2023 21:00:00","SCA|NO2","mFRR","Local","Up","1037.00","0.00"," "
"19/11/2023 21:00:00","SCA|NO2","mFRR","Local","Down","4184.00","281.00"," "
"19/11/2023 22:00:00","SCA|NO2","mFRR","Local","Up","720.00","0.00"," "
"19/11/2023 22:00:00","SCA|NO2","mFRR","Local","Down","4617.00","102.00"," "
"19/11/2023 23:00:00","SCA|NO2","mFRR","Local","Up","839.00","0.00"," "
"19/11/2023 23:00:00","SCA|NO2","mFRR","Local","Down","4616.00","92.00"," "
"20/11/2023 00:00:00","SCA|NO2","mFRR","Local","Up","1826.00","0.00"," "
"20/11/2023 00:00:00","SCA|NO2","mFRR","Local","Down","3736.00","0.00"," "
"20/11/2023 01:00:00","SCA|NO2","mFRR","Local","Up","2909.00","122.00"," "
"20/11/2023 01:00:00","SCA|NO2","mFRR","Local","Down","2907.00","0.00"," "
"20/11/2023 02:00:00","SCA|NO2","mFRR","Local","Up","3131.00","258.00"," "
"20/11/2023 02:00:00","SCA|NO2","mFRR","Local","Down","2618.00","0.00"," "
"20/11/2023 03:00:00","SCA|NO2","mFRR","Local","Up","3103.00","221.00"," "
"20/11/2023 03:00:00","SCA|NO2","mFRR","Local","Down","2833.00","0.00"," "
"20/11/2023 04:00:00","SCA|NO2","mFRR","Local","Up","2089.75","133.00"," "
"20/11/2023 04:00:00","SCA|NO2","mFRR","Local","Down","3442.00","0.00"," "
"20/11/2023 05:00:00","SCA|NO2","mFRR","Local","Up","1244.50","119.25"," "
"20/11/2023 05:00:00","SCA|NO2","mFRR","Local","Down","4064.00","0.00"," "
"20/11/2023 06:00:00","SCA|NO2","mFRR","Local","Up","794.00","115.00"," "
"20/11/2023 06:00:00","SCA|NO2","mFRR","Local","Down","4737.00","0.00"," "
"20/11/2023 07:00:00","SCA|NO2","mFRR","Local","Up","717.00","144.50"," "
"20/11/2023 07:00:00","SCA|NO2","mFRR","Local","Down","4831.00","0.00"," "
"20/11/2023 08:00:00","SCA|NO2","mFRR","Local","Up","717.00","38.50"," "
"20/11/2023 08:00:00","SCA|NO2","mFRR","Local","Down","4866.00","0.00"," "
"20/11/2023 09:00:00","SCA|NO2","mFRR","Local","Up","733.00","69.00"," "
"20/11/2023 09:00:00","SCA|NO2","mFRR","Local","Down","4944.00","0.00"," "
"20/11/2023 10:00:00","SCA|NO2","mFRR","Local","Up","706.00","69.00"," "
"20/11/2023 10:00:00","SCA|NO2","mFRR","Local","Down","4909.00","0.00"," "
"20/11/2023 11:00:00","SCA|NO2","mFRR","Local","Up","726.00","80.25"," "
"20/11/2023 11:00:00","SCA|NO2","mFRR","Local","Down","4894.00","0.00"," "
"20/11/2023 12:00:00","SCA|NO2","mFRR","Local","Up","723.00","80.00"," "
"20/11/2023 12:00:00","SCA|NO2","mFRR","Local","Down","4761.00","0.00"," "
"20/11/2023 13:00:00","SCA|NO2","mFRR","Local","Up","702.00","25.50"," "
"20/11/2023 13:00:00","SCA|NO2","mFRR","Local","Down","4778.00","0.00"," "
"20/11/2023 14:00:00","SCA|NO2","mFRR","Local","Up","693.00","0.00"," "
"20/11/2023 14:00:00","SCA|NO2","mFRR","Local","Down","4800.00","0.00"," "
"20/11/2023 15:00:00","SCA|NO2","mFRR","Local","Up","683.00","32.50"," "
"20/11/2023 15:00:00","SCA|NO2","mFRR","Local","Down","4882.00","0.00"," "
"20/11/2023 16:00:00","SCA|NO2","mFRR","Local","Up","683.00","65.00"," "
"20/11/2023 16:00:00","SCA|NO2","mFRR","Local","Down","4917.00","0.00"," "
"20/11/2023 17:00:00","SCA|NO2","mFRR","Local","Up","663.00","50.00"," "
"20/11/2023 17:00:00","SCA|NO2","mFRR","Local","Down","4921.00","0.00"," "
"20/11/2023 18:00:00","SCA|NO2","mFRR","Local","Up","664.00","66.00"," "
"20/11/2023 18:00:00","SCA|NO2","mFRR","Local","Down","4905.00","0.00"," "
"20/11/2023 19:00:00","SCA|NO2","mFRR","Local","Up","667.00","17.25"," "
"20/11/2023 19:00:00","SCA|NO2","mFRR","Local","Down","4934.00","0.00"," "
"20/11/2023 20:00:00","SCA|NO2","mFRR","Local","Up","663.00","0.00"," "
"20/11/2023 20:00:00","SCA|NO2","mFRR","Local","Down","4838.00","66.75"," "
"20/11/2023 21:00:00","SCA|NO2","mFRR","Local","Up","701.00","0.00"," "
"20/11/2023 21:00:00","SCA|NO2","mFRR","Local","Down","4735.00","0.00"," "
"20/11/2023 22:00:00","SCA|NO2","mFRR","Local","Up","648.00","56.25"," "
"20/11/2023 22:00:00","SCA|NO2","mFRR","Local","Down","4762.00","0.00"," "
"20/11/2023 23:00:00","SCA|NO2","mFRR","Local","Up","653.00","0.00"," "
"20/11/2023 23:00:00","SCA|NO2","mFRR","Local","Down","4657.00","0.00"," "
"21/11/2023 00:00:00","SCA|NO2","mFRR","Local","Up","115.00","0.00"," "
"21/11/2023 00:00:00","SCA|NO2","mFRR","Local","Down","4702.00","54.00"," "
"21/11/2023 01:00:00","SCA|NO2","mFRR","Local","Up","126.00","0.00"," "
"21/11/2023 01:00:00","SCA|NO2","mFRR","Local","Down","5122.00","270.00"," "
"21/11/2023 02:00:00","SCA|NO2","mFRR","Local","Up","157.00","0.00"," "
"21/11/2023 02:00:00","SCA|NO2","mFRR","Local","Down","4910.00","129.75"," "
"21/11/2023 03:00:00","SCA|NO2","mFRR","Local","Up","221.00","0.00"," "
"21/11/2023 03:00:00","SCA|NO2","mFRR","Local","Down","4933.00","43.50"," "
"21/11/2023 04:00:00","SCA|NO2","mFRR","Local","Up","157.00","0.00"," "
"21/11/2023 04:00:00","SCA|NO2","mFRR","Local","Down","4908.00","19.00"," "
"21/11/2023 05:00:00","SCA|NO2","mFRR","Local","Up","650.50","0.00"," "
"21/11/2023 05:00:00","SCA|NO2","mFRR","Local","Down","4316.50","0.00"," "
"21/11/2023 06:00:00","SCA|NO2","mFRR","Local","Up","742.00","0.00"," "
"21/11/2023 06:00:00","SCA|NO2","mFRR","Local","Down","4484.00","10.50"," "
"21/11/2023 07:00:00","SCA|NO2","mFRR","Local","Up","663.00","0.00"," "
"21/11/2023 07:00:00","SCA|NO2","mFRR","Local","Down","4548.00","0.00"," "
"21/11/2023 08:00:00","SCA|NO2","mFRR","Local","Up","663.00","0.00"," "
"21/11/2023 08:00:00","SCA|NO2","mFRR","Local","Down","4735.00","0.00"," "
"21/11/2023 09:00:00","SCA|NO2","mFRR","Local","Up","673.00","0.00"," "
"21/11/2023 09:00:00","SCA|NO2","mFRR","Local","Down","4832.00","0.00"," "
"21/11/2023 10:00:00","SCA|NO2","mFRR","Local","Up","676.00","0.00"," "
"21/11/2023 10:00:00","SCA|NO2","mFRR","Local","Down","4793.00","0.00"," "
"21/11/2023 11:00:00","SCA|NO2","mFRR","Local","Up","674.00","65.00"," "
"21/11/2023 11:00:00","SCA|NO2","mFRR","Local","Down","4804.00","0.00"," "
"21/11/2023 12:00:00","SCA|NO2","mFRR","Local","Up","679.00","65.00"," "
"21/11/2023 12:00:00","SCA|NO2","mFRR","Local","Down","4802.00","0.00"," "
"21/11/2023 13:00:00","SCA|NO2","mFRR","Local","Up","681.00","0.00"," "
"21/11/2023 13:00:00","SCA|NO2","mFRR","Local","Down","4812.00","0.00"," "
"21/11/2023 14:00:00","SCA|NO2","mFRR","Local","Up","680.00","0.00"," "
"21/11/2023 14:00:00","SCA|NO2","mFRR","Local","Down","4839.50","7.25"," "
"21/11/2023 15:00:00","SCA|NO2","mFRR","Local","Up","664.00","0.00"," "
"21/11/2023 15:00:00","SCA|NO2","mFRR","Local","Down","4911.00","61.50"," "
"21/11/2023 16:00:00","SCA|NO2","mFRR","Local","Up","664.00","0.00"," "
"21/11/2023 16:00:00","SCA|NO2","mFRR","Local","Down","4924.75","7.25"," "
"21/11/2023 17:00:00","SCA|NO2","mFRR","Local","Up","663.00","0.00"," "
"21/11/2023 17:00:00","SCA|NO2","mFRR","Local","Down","4956.00","0.00"," "
"21/11/2023 18:00:00","SCA|NO2","mFRR","Local","Up","663.00","0.00"," "
"21/11/2023 18:00:00","SCA|NO2","mFRR","Local","Down","4979.00","0.00"," "
"21/11/2023 19:00:00","SCA|NO2","mFRR","Local","Up","678.00","0.00"," "
"21/11/2023 19:00:00","SCA|NO2","mFRR","Local","Down","4957.00","11.25"," "
"21/11/2023 20:00:00","SCA|NO2","mFRR","Local","Up","688.00","0.00"," "
"21/11/2023 20:00:00","SCA|NO2","mFRR","Local","Down","4938.00","45.00"," "
"21/11/2023 21:00:00","SCA|NO2","mFRR","Local","Up","800.00","48.75"," "
"21/11/2023 21:00:00","SCA|NO2","mFRR","Local","Down","4873.00","0.00"," "
"21/11/2023 22:00:00","SCA|NO2","mFRR","Local","Up","813.00","71.25"," "
"21/11/2023 22:00:00","SCA|NO2","mFRR","Local","Down","4863.00","0.00"," "
"21/11/2023 23:00:00","SCA|NO2","mFRR","Local","Up","873.50","35.75"," "
"21/11/2023 23:00:00","SCA|NO2","mFRR","Local","Down","4784.00","0.00"," "
"22/11/2023 00:00:00","SCA|NO2","mFRR","Local","Up","404.00","0.00"," "
"22/11/2023 00:00:00","SCA|NO2","mFRR","Local","Down","4840.00","0.00"," "
"22/11/2023 01:00:00","SCA|NO2","mFRR","Local","Up","450.00","0.00"," "
"22/11/2023 01:00:00","SCA|NO2","mFRR","Local","Down","4936.00","50.50"," "
"22/11/2023 02:00:00","SCA|NO2","mFRR","Local","Up","440.00","0.00"," "
"22/11/2023 02:00:00","SCA|NO2","mFRR","Local","Down","4955.00","64.00"," "
"22/11/2023 03:00:00","SCA|NO2","mFRR","Local","Up","480.00","0.00"," "
"22/11/2023 03:00:00","SCA|NO2","mFRR","Local","Down","4932.00","0.00"," "
"22/11/2023 04:00:00","SCA|NO2","mFRR","Local","Up","483.00","27.00"," "
"22/11/2023 04:00:00","SCA|NO2","mFRR","Local","Down","4883.00","0.00"," "
"22/11/2023 05:00:00","SCA|NO2","mFRR","Local","Up","934.00","25.00"," "
"22/11/2023 05:00:00","SCA|NO2","mFRR","Local","Down","4851.50","0.00"," "
"22/11/2023 06:00:00","SCA|NO2","mFRR","Local","Up","791.00","83.00"," "
"22/11/2023 06:00:00","SCA|NO2","mFRR","Local","Down","5065.00","0.00"," "
"22/11/2023 07:00:00","SCA|NO2","mFRR","Local","Up","789.00","120.00"," "
"22/11/2023 07:00:00","SCA|NO2","mFRR","Local","Down","5034.00","0.00"," "
"22/11/2023 08:00:00","SCA|NO2","mFRR","Local","Up","784.00","71.00"," "
"22/11/2023 08:00:00","SCA|NO2","mFRR","Local","Down","4944.00","0.00"," "
"22/11/2023 09:00:00","SCA|NO2","mFRR","Local","Up","769.00","73.00"," "
"22/11/2023 09:00:00","SCA|NO2","mFRR","Local","Down","4901.00","0.00"," "
"22/11/2023 10:00:00","SCA|NO2","mFRR","Local","Up","989.25","123.50"," "
"22/11/2023 10:00:00","SCA|NO2","mFRR","Local","Down","4751.25","0.00"," "
"22/11/2023 11:00:00","SCA|NO2","mFRR","Local","Up","1436.00","116.50"," "
"22/11/2023 11:00:00","SCA|NO2","mFRR","Local","Down","3867.75","0.00"," "
"22/11/2023 12:00:00","SCA|NO2","mFRR","Local","Up","1955.00","0.00"," "
"22/11/2023 12:00:00","SCA|NO2","mFRR","Local","Down","3293.00","6.00"," "
"22/11/2023 13:00:00","SCA|NO2","mFRR","Local","Up","2134.00","0.00"," "
"22/11/2023 13:00:00","SCA|NO2","mFRR","Local","Down","3275.25","0.00"," "
"22/11/2023 14:00:00","SCA|NO2","mFRR","Local","Up","2288.75","0.00"," "
"22/11/2023 14:00:00","SCA|NO2","mFRR","Local","Down","3164.50","60.00"," "
"22/11/2023 15:00:00","SCA|NO2","mFRR","Local","Up","2194.00","0.00"," "
"22/11/2023 15:00:00","SCA|NO2","mFRR","Local","Down","2972.00","22.50"," "
"22/11/2023 16:00:00","SCA|NO2","mFRR","Local","Up","2242.75","0.00"," "
"22/11/2023 16:00:00","SCA|NO2","mFRR","Local","Down","3284.00","0.00"," "
"22/11/2023 17:00:00","SCA|NO2","mFRR","Local","Up","2145.00","50.00"," "
"22/11/2023 17:00:00","SCA|NO2","mFRR","Local","Down","3123.00","0.00"," "
"22/11/2023 18:00:00","SCA|NO2","mFRR","Local","Up","2194.00","12.50"," "
"22/11/2023 18:00:00","SCA|NO2","mFRR","Local","Down","3069.50","0.00"," "
"22/11/2023 19:00:00","SCA|NO2","mFRR","Local","Up","2296.75","0.00"," "
"22/11/2023 19:00:00","SCA|NO2","mFRR","Local","Down","3158.00","0.00"," "
"22/11/2023 20:00:00","SCA|NO2","mFRR","Local","Up","2202.00","0.00"," "
"22/11/2023 20:00:00","SCA|NO2","mFRR","Local","Down","3152.00","0.00"," "
"22/11/2023 21:00:00","SCA|NO2","mFRR","Local","Up","2249.00","0.00"," "
"22/11/2023 21:00:00","SCA|NO2","mFRR","Local","Down","3027.00","0.00"," "
"22/11/2023 22:00:00","SCA|NO2","mFRR","Local","Up","2394.00","0.00"," "
"22/11/2023 22:00:00","SCA|NO2","mFRR","Local","Down","2911.00","0.00"," "
"22/11/2023 23:00:00","SCA|NO2","mFRR","Local","Up","2883.00","0.00"," "
"22/11/2023 23:00:00","SCA|NO2","mFRR","Local","Down","2428.00","0.00"," "
"23/11/2023 00:00:00","SCA|NO2","mFRR","Local","Up","3357.75","0.00"," "
"23/11/2023 00:00:00","SCA|NO2","mFRR","Local","Down","1755.25","0.00"," "
"23/11/2023 01:00:00","SCA|NO2","mFRR","Local","Up","4329.00","0.00"," "
"23/11/2023 01:00:00","SCA|NO2","mFRR","Local","Down","1647.00","0.00"," "
"23/11/2023 02:00:00","SCA|NO2","mFRR","Local","Up","5225.00","0.00"," "
"23/11/2023 02:00:00","SCA|NO2","mFRR","Local","Down","873.00","54.00"," "
"23/11/2023 03:00:00","SCA|NO2","mFRR","Local","Up","5409.00","0.00"," "
"23/11/2023 03:00:00","SCA|NO2","mFRR","Local","Down","822.00","20.00"," "
"23/11/2023 04:00:00","SCA|NO2","mFRR","Local","Up","5436.00","0.00"," "
"23/11/2023 04:00:00","SCA|NO2","mFRR","Local","Down","806.00","0.00"," "
"23/11/2023 05:00:00","SCA|NO2","mFRR","Local","Up","4703.50","0.00"," "
"23/11/2023 05:00:00","SCA|NO2","mFRR","Local","Down","1364.00","119.50"," "
"23/11/2023 06:00:00","SCA|NO2","mFRR","Local","Up","3257.25","0.00"," "
"23/11/2023 06:00:00","SCA|NO2","mFRR","Local","Down","2363.25","66.00"," "
"23/11/2023 07:00:00","SCA|NO2","mFRR","Local","Up","1998.25","0.00"," "
"23/11/2023 07:00:00","SCA|NO2","mFRR","Local","Down","3664.00","152.00"," "
"23/11/2023 08:00:00","SCA|NO2","mFRR","Local","Up","1922.50","0.00"," "
"23/11/2023 08:00:00","SCA|NO2","mFRR","Local","Down","3483.00","0.00"," "
"23/11/2023 09:00:00","SCA|NO2","mFRR","Local","Up","1950.00","0.00"," "
"23/11/2023 09:00:00","SCA|NO2","mFRR","Local","Down","3132.00","0.00"," "
"23/11/2023 10:00:00","SCA|NO2","mFRR","Local","Up","1968.00","0.00"," "
"23/11/2023 10:00:00","SCA|NO2","mFRR","Local","Down","3099.00","0.00"," "
"23/11/2023 11:00:00","SCA|NO2","mFRR","Local","Up","1982.25","0.00"," "
"23/11/2023 11:00:00","SCA|NO2","mFRR","Local","Down","3054.00","0.00"," "
"23/11/2023 12:00:00","SCA|NO2","mFRR","Local","Up","2288.00","0.00"," "
"23/11/2023 12:00:00","SCA|NO2","mFRR","Local","Down","2645.50","0.00"," "
"23/11/2023 13:00:00","SCA|NO2","mFRR","Local","Up","2280.50","0.00"," "
"23/11/2023 13:00:00","SCA|NO2","mFRR","Local","Down","2659.00","313.50"," "
"23/11/2023 14:00:00","SCA|NO2","mFRR","Local","Up","2345.00","0.00"," "
"23/11/2023 14:00:00","SCA|NO2","mFRR","Local","Down","2608.00","278.25"," "
"23/11/2023 15:00:00","SCA|NO2","mFRR","Local","Up","2056.50","0.00"," "
"23/11/2023 15:00:00","SCA|NO2","mFRR","Local","Down","2900.50","0.00"," "
"23/11/2023 16:00:00","SCA|NO2","mFRR","Local","Up","2042.75","0.00"," "
"23/11/2023 16:00:00","SCA|NO2","mFRR","Local","Down","3580.00","0.00"," "
"23/11/2023 17:00:00","SCA|NO2","mFRR","Local","Up","2029.50","0.00"," "
"23/11/2023 17:00:00","SCA|NO2","mFRR","Local","Down","3632.00","0.00"," "
"23/11/2023 18:00:00","SCA|NO2","mFRR","Local","Up","2319.00","0.00"," "
"23/11/2023 18:00:00","SCA|NO2","mFRR","Local","Down","3376.50","0.00"," "
"23/11/2023 19:00:00","SCA|NO2","mFRR","Local","Up","2878.25","0.00"," "
"23/11/2023 19:00:00","SCA|NO2","mFRR","Local","Down","2905.00","0.00"," "
"23/11/2023 20:00:00","SCA|NO2","mFRR","Local","Up","3279.00","0.00"," "
"23/11/2023 20:00:00","SCA|NO2","mFRR","Local","Down","2472.00","0.00"," "
"23/11/2023 21:00:00","SCA|NO2","mFRR","Local","Up","3605.00","0.00"," "
"23/11/2023 21:00:00","SCA|NO2","mFRR","Local","Down","2113.00","0.00"," "
"23/11/2023 22:00:00","SCA|NO2","mFRR","Local","Up","3978.00","0.00"," "
"23/11/2023 22:00:00","SCA|NO2","mFRR","Local","Down","1846.00","0.00"," "
"23/11/2023 23:00:00","SCA|NO2","mFRR","Local","Up","4349.00","195.00"," "
"23/11/2023 23:00:00","SCA|NO2","mFRR","Local","Down","1684.00","0.00"," "
"24/11/2023 00:00:00","SCA|NO2","mFRR","Local","Up","4218.00","341.00"," "
"24/11/2023 00:00:00","SCA|NO2","mFRR","Local","Down","1592.00","0.00"," "
"24/11/2023 01:00:00","SCA|NO2","mFRR","Local","Up","4741.00","119.00"," "
"24/11/2023 01:00:00","SCA|NO2","mFRR","Local","Down","1275.00","0.00"," "
"24/11/2023 02:00:00","SCA|NO2","mFRR","Local","Up","4888.00","70.50"," "
"24/11/2023 02:00:00","SCA|NO2","mFRR","Local","Down","1180.00","0.00"," "
"24/11/2023 03:00:00","SCA|NO2","mFRR","Local","Up","5153.00","0.00"," "
"24/11/2023 03:00:00","SCA|NO2","mFRR","Local","Down","894.00","209.00"," "
"24/11/2023 04:00:00","SCA|NO2","mFRR","Local","Up","5249.00","0.00"," "
"24/11/2023 04:00:00","SCA|NO2","mFRR","Local","Down","886.00","339.00"," "
"24/11/2023 05:00:00","SCA|NO2","mFRR","Local","Up","4663.25","0.00"," "
"24/11/2023 05:00:00","SCA|NO2","mFRR","Local","Down","1429.75","483.75"," "
"24/11/2023 06:00:00","SCA|NO2","mFRR","Local","Up","2868.75","0.00"," "
"24/11/2023 06:00:00","SCA|NO2","mFRR","Local","Down","2971.25","280.25"," "
"24/11/2023 07:00:00","SCA|NO2","mFRR","Local","Up","1738.50","286.25"," "
"24/11/2023 07:00:00","SCA|NO2","mFRR","Local","Down","3448.50","0.00"," "
"24/11/2023 08:00:00","SCA|NO2","mFRR","Local","Up","1482.75","175.75"," "
"24/11/2023 08:00:00","SCA|NO2","mFRR","Local","Down","3958.00","0.00"," "
"24/11/2023 09:00:00","SCA|NO2","mFRR","Local","Up","1493.00","331.00"," "
"24/11/2023 09:00:00","SCA|NO2","mFRR","Local","Down","4103.00","0.00"," "
"24/11/2023 10:00:00","SCA|NO2","mFRR","Local","Up","1556.00","305.50"," "
"24/11/2023 10:00:00","SCA|NO2","mFRR","Local","Down","3973.00","0.00"," "
"24/11/2023 11:00:00","SCA|NO2","mFRR","Local","Up","1623.00","80.00"," "
"24/11/2023 11:00:00","SCA|NO2","mFRR","Local","Down","3721.00","126.00"," "
"24/11/2023 12:00:00","SCA|NO2","mFRR","Local","Up","1571.00","0.00"," "
"24/11/2023 12:00:00","SCA|NO2","mFRR","Local","Down","3555.00","233.00"," "
"24/11/2023 13:00:00","SCA|NO2","mFRR","Local","Up","1742.00","0.00"," "
"24/11/2023 13:00:00","SCA|NO2","mFRR","Local","Down","3368.00","433.00"," "
"24/11/2023 14:00:00","SCA|NO2","mFRR","Local","Up","1680.00","16.50"," "
"24/11/2023 14:00:00","SCA|NO2","mFRR","Local","Down","3530.00","73.00"," "
"24/11/2023 15:00:00","SCA|NO2","mFRR","Local","Up","1927.00","354.00"," "
"24/11/2023 15:00:00","SCA|NO2","mFRR","Local","Down","4028.00","0.00"," "
"24/11/2023 16:00:00","SCA|NO2","mFRR","Local","Up","1635.50","175.50"," "
"24/11/2023 16:00:00","SCA|NO2","mFRR","Local","Down","4352.00","0.00"," "
"24/11/2023 17:00:00","SCA|NO2","mFRR","Local","Up","1594.00","122.00"," "
"24/11/2023 17:00:00","SCA|NO2","mFRR","Local","Down","4251.00","0.00"," "
"24/11/2023 18:00:00","SCA|NO2","mFRR","Local","Up","1662.00","93.75"," "
"24/11/2023 18:00:00","SCA|NO2","mFRR","Local","Down","4401.00","0.00"," "
"24/11/2023 19:00:00","SCA|NO2","mFRR","Local","Up","1671.00","13.50"," "
"24/11/2023 19:00:00","SCA|NO2","mFRR","Local","Down","4471.00","0.00"," "
"24/11/2023 20:00:00","SCA|NO2","mFRR","Local","Up","1994.25","0.00"," "
"24/11/2023 20:00:00","SCA|NO2","mFRR","Local","Down","4088.25","0.00"," "
"24/11/2023 21:00:00","SCA|NO2","mFRR","Local","Up","1785.00","0.00"," "
"24/11/2023 21:00:00","SCA|NO2","mFRR","Local","Down","4108.25","0.00"," "
"24/11/2023 22:00:00","SCA|NO2","mFRR","Local","Up","2186.50","0.00"," "
"24/11/2023 22:00:00","SCA|NO2","mFRR","Local","Down","3802.50","110.00"," "
"24/11/2023 23:00:00","SCA|NO2","mFRR","Local","Up","2412.00","0.00"," "
"24/11/2023 23:00:00","SCA|NO2","mFRR","Local","Down","3441.50","337.00"," "
"25/11/2023 00:00:00","SCA|NO2","mFRR","Local","Up","2470.00","0.00"," "
"25/11/2023 00:00:00","SCA|NO2","mFRR","Local","Down","3475.00","223.25"," "
"25/11/2023 01:00:00","SCA|NO2","mFRR","Local","Up","2769.00","0.00"," "
"25/11/2023 01:00:00","SCA|NO2","mFRR","Local","Down","3526.00","219.00"," "
"25/11/2023 02:00:00","SCA|NO2","mFRR","Local","Up","2830.00","0.00"," "
"25/11/2023 02:00:00","SCA|NO2","mFRR","Local","Down","3490.00","64.50"," "
"25/11/2023 03:00:00","SCA|NO2","mFRR","Local","Up","3032.00","0.00"," "
"25/11/2023 03:00:00","SCA|NO2","mFRR","Local","Down","3284.75","83.00"," "
"25/11/2023 04:00:00","SCA|NO2","mFRR","Local","Up","3098.50","0.00"," "
"25/11/2023 04:00:00","SCA|NO2","mFRR","Local","Down","3156.50","0.00"," "
"25/11/2023 05:00:00","SCA|NO2","mFRR","Local","Up","2701.00","0.00"," "
"25/11/2023 05:00:00","SCA|NO2","mFRR","Local","Down","3332.75","0.00"," "
"25/11/2023 06:00:00","SCA|NO2","mFRR","Local","Up","2306.25","0.00"," "
"25/11/2023 06:00:00","SCA|NO2","mFRR","Local","Down","3684.00","0.00"," "
"25/11/2023 07:00:00","SCA|NO2","mFRR","Local","Up","1782.25","0.00"," "
"25/11/2023 07:00:00","SCA|NO2","mFRR","Local","Down","3993.50","0.00"," "
"25/11/2023 08:00:00","SCA|NO2","mFRR","Local","Up","1148.50","0.00"," "
"25/11/2023 08:00:00","SCA|NO2","mFRR","Local","Down","4732.75","55.50"," "
"25/11/2023 09:00:00","SCA|NO2","mFRR","Local","Up","1443.00","0.00"," "
"25/11/2023 09:00:00","SCA|NO2","mFRR","Local","Down","4469.00","19.25"," "
"25/11/2023 10:00:00","SCA|NO2","mFRR","Local","Up","1728.00","465.00"," "
"25/11/2023 10:00:00","SCA|NO2","mFRR","Local","Down","4147.00","0.00"," "
"25/11/2023 11:00:00","SCA|NO2","mFRR","Local","Up","1741.00","387.50"," "
"25/11/2023 11:00:00","SCA|NO2","mFRR","Local","Down","4008.50","0.00"," "
"25/11/2023 12:00:00","SCA|NO2","mFRR","Local","Up","1794.75","173.25"," "
"25/11/2023 12:00:00","SCA|NO2","mFRR","Local","Down","3933.00","0.00"," "
"25/11/2023 13:00:00","SCA|NO2","mFRR","Local","Up","1672.00","8.00"," "
"25/11/2023 13:00:00","SCA|NO2","mFRR","Local","Down","4105.00","0.00"," "
"25/11/2023 14:00:00","SCA|NO2","mFRR","Local","Up","1165.25","0.00"," "
"25/11/2023 14:00:00","SCA|NO2","mFRR","Local","Down","4238.50","29.25"," "
"25/11/2023 15:00:00","SCA|NO2","mFRR","Local","Up","680.00","0.00"," "
"25/11/2023 15:00:00","SCA|NO2","mFRR","Local","Down","4890.25","0.00"," "
"25/11/2023 16:00:00","SCA|NO2","mFRR","Local","Up","397.00","0.00"," "
"25/11/2023 16:00:00","SCA|NO2","mFRR","Local","Down","5295.00","0.00"," "
"25/11/2023 17:00:00","SCA|NO2","mFRR","Local","Up","360.00","0.00"," "
"25/11/2023 17:00:00","SCA|NO2","mFRR","Local","Down","5372.00","0.00"," "
"25/11/2023 18:00:00","SCA|NO2","mFRR","Local","Up","360.00","0.00"," "
"25/11/2023 18:00:00","SCA|NO2","mFRR","Local","Down","5379.00","12.00"," "
"25/11/2023 19:00:00","SCA|NO2","mFRR","Local","Up","360.00","0.00"," "
"25/11/2023 19:00:00","SCA|NO2","mFRR","Local","Down","5412.00","12.00"," "
"25/11/2023 20:00:00","SCA|NO2","mFRR","Local","Up","505.00","0.00"," "
"25/11/2023 20:00:00","SCA|NO2","mFRR","Local","Down","5345.00","0.00"," "
"25/11/2023 21:00:00","SCA|NO2","mFRR","Local","Up","525.00","0.00"," "
"25/11/2023 21:00:00","SCA|NO2","mFRR","Local","Down","5298.00","0.00"," "
"25/11/2023 22:00:00","SCA|NO2","mFRR","Local","Up","542.00","0.00"," "
"25/11/2023 22:00:00","SCA|NO2","mFRR","Local","Down","5226.00","0.00"," "
"25/11/2023 23:00:00","SCA|NO2","mFRR","Local","Up","800.00","38.00"," "
"25/11/2023 23:00:00","SCA|NO2","mFRR","Local","Down","4971.00","0.00"," "
"26/11/2023 00:00:00","SCA|NO2","mFRR","Local","Up","793.00","46.00"," "
"26/11/2023 00:00:00","SCA|NO2","mFRR","Local","Down","4942.00","0.00"," "
"26/11/2023 01:00:00","SCA|NO2","mFRR","Local","Up","891.00","9.00"," "
"26/11/2023 01:00:00","SCA|NO2","mFRR","Local","Down","5058.00","0.00"," "
"26/11/2023 02:00:00","SCA|NO2","mFRR","Local","Up","895.00","0.00"," "
"26/11/2023 02:00:00","SCA|NO2","mFRR","Local","Down","5043.00","0.00"," "
"26/11/2023 03:00:00","SCA|NO2","mFRR","Local","Up","895.00","0.00"," "
"26/11/2023 03:00:00","SCA|NO2","mFRR","Local","Down","5030.00","0.00"," "
"26/11/2023 04:00:00","SCA|NO2","mFRR","Local","Up","935.00","0.00"," "
"26/11/2023 04:00:00","SCA|NO2","mFRR","Local","Down","4995.00","0.00"," "
"26/11/2023 05:00:00","SCA|NO2","mFRR","Local","Up","978.00","0.00"," "
"26/11/2023 05:00:00","SCA|NO2","mFRR","Local","Down","4805.00","70.00"," "
"26/11/2023 06:00:00","SCA|NO2","mFRR","Local","Up","966.00","0.00"," "
"26/11/2023 06:00:00","SCA|NO2","mFRR","Local","Down","4844.00","70.00"," "
"26/11/2023 07:00:00","SCA|NO2","mFRR","Local","Up","965.00","0.00"," "
"26/11/2023 07:00:00","SCA|NO2","mFRR","Local","Down","4887.00","70.00"," "
"26/11/2023 08:00:00","SCA|NO2","mFRR","Local","Up","883.00","0.00"," "
"26/11/2023 08:00:00","SCA|NO2","mFRR","Local","Down","4939.00","0.00"," "
"26/11/2023 09:00:00","SCA|NO2","mFRR","Local","Up","823.00","0.00"," "
"26/11/2023 09:00:00","SCA|NO2","mFRR","Local","Down","5002.00","0.00"," "
"26/11/2023 10:00:00","SCA|NO2","mFRR","Local","Up","683.00","7.50"," "
"26/11/2023 10:00:00","SCA|NO2","mFRR","Local","Down","4986.00","0.00"," "
"26/11/2023 11:00:00","SCA|NO2","mFRR","Local","Up","610.00","10.00"," "
"26/11/2023 11:00:00","SCA|NO2","mFRR","Local","Down","4999.00","0.00"," "
"26/11/2023 12:00:00","SCA|NO2","mFRR","Local","Up","616.00","0.00"," "
"26/11/2023 12:00:00","SCA|NO2","mFRR","Local","Down","5035.00","0.00"," "
"26/11/2023 13:00:00","SCA|NO2","mFRR","Local","Up","531.00","0.00"," "
"26/11/2023 13:00:00","SCA|NO2","mFRR","Local","Down","5128.00","0.00"," "
"26/11/2023 14:00:00","SCA|NO2","mFRR","Local","Up","472.00","5.00"," "
"26/11/2023 14:00:00","SCA|NO2","mFRR","Local","Down","5196.00","0.00"," "
"26/11/2023 15:00:00","SCA|NO2","mFRR","Local","Up","302.00","50.00"," "
"26/11/2023 15:00:00","SCA|NO2","mFRR","Local","Down","5280.00","0.00"," "
"26/11/2023 16:00:00","SCA|NO2","mFRR","Local","Up","282.00","40.00"," "
"26/11/2023 16:00:00","SCA|NO2","mFRR","Local","Down","5297.00","0.00"," "
"26/11/2023 17:00:00","SCA|NO2","mFRR","Local","Up","282.00","10.00"," "
"26/11/2023 17:00:00","SCA|NO2","mFRR","Local","Down","5315.00","36.75"," "
"26/11/2023 18:00:00","SCA|NO2","mFRR","Local","Up","282.00","0.00"," "
"26/11/2023 18:00:00","SCA|NO2","mFRR","Local","Down","5355.00","85.00"," "
"26/11/2023 19:00:00","SCA|NO2","mFRR","Local","Up","282.00","0.00"," "
"26/11/2023 19:00:00","SCA|NO2","mFRR","Local","Down","5378.00","59.00"," "
"26/11/2023 20:00:00","SCA|NO2","mFRR","Local","Up","282.00","0.00"," "
"26/11/2023 20:00:00","SCA|NO2","mFRR","Local","Down","5424.00","39.00"," "
"26/11/2023 21:00:00","SCA|NO2","mFRR","Local","Up","517.00","0.00"," "
"26/11/2023 21:00:00","SCA|NO2","mFRR","Local","Down","5401.00","4.75"," "
"26/11/2023 22:00:00","SCA|NO2","mFRR","Local","Up","637.00","55.00"," "
"26/11/2023 22:00:00","SCA|NO2","mFRR","Local","Down","5288.00","0.00"," "
"26/11/2023 23:00:00","SCA|NO2","mFRR","Local","Up","847.00","10.00"," "
"26/11/2023 23:00:00","SCA|NO2","mFRR","Local","Down","5167.00","0.00"," "
"27/11/2023 00:00:00","SCA|NO2","mFRR","Local","Up","1240.00","100.00"," "
"27/11/2023 00:00:00","SCA|NO2","mFRR","Local","Down","4542.25","0.00"," "
"27/11/2023 01:00:00","SCA|NO2","mFRR","Local","Up","1328.00","0.00"," "
"27/11/2023 01:00:00","SCA|NO2","mFRR","Local","Down","4574.00","0.00"," "
"27/11/2023 02:00:00","SCA|NO2","mFRR","Local","Up","1434.75","0.00"," "
"27/11/2023 02:00:00","SCA|NO2","mFRR","Local","Down","4473.00","0.00"," "
"27/11/2023 03:00:00","SCA|NO2","mFRR","Local","Up","1449.00","0.00"," "
"27/11/2023 03:00:00","SCA|NO2","mFRR","Local","Down","4447.00","0.00"," "
"27/11/2023 04:00:00","SCA|NO2","mFRR","Local","Up","1460.00","0.00"," "
"27/11/2023 04:00:00","SCA|NO2","mFRR","Local","Down","4390.00","0.00"," "
"27/11/2023 05:00:00","SCA|NO2","mFRR","Local","Up","1507.00","0.00"," "
"27/11/2023 05:00:00","SCA|NO2","mFRR","Local","Down","4618.75","0.00"," "
"27/11/2023 06:00:00","SCA|NO2","mFRR","Local","Up","758.00","0.00"," "
"27/11/2023 06:00:00","SCA|NO2","mFRR","Local","Down","5183.00","0.00"," "
"27/11/2023 07:00:00","SCA|NO2","mFRR","Local","Up","647.00","5.00"," "
"27/11/2023 07:00:00","SCA|NO2","mFRR","Local","Down","5112.00","0.00"," "
"27/11/2023 08:00:00","SCA|NO2","mFRR","Local","Up","647.00","0.00"," "
"27/11/2023 08:00:00","SCA|NO2","mFRR","Local","Down","5081.00","34.00"," "
"27/11/2023 09:00:00","SCA|NO2","mFRR","Local","Up","647.00","0.00"," "
"27/11/2023 09:00:00","SCA|NO2","mFRR","Local","Down","5034.00","3.75"," "
"27/11/2023 10:00:00","SCA|NO2","mFRR","Local","Up","647.00","15.00"," "
"27/11/2023 10:00:00","SCA|NO2","mFRR","Local","Down","5028.00","0.00"," "
"27/11/2023 11:00:00","SCA|NO2","mFRR","Local","Up","647.00","20.00"," "
"27/11/2023 11:00:00","SCA|NO2","mFRR","Local","Down","5016.00","0.00"," "
"27/11/2023 12:00:00","SCA|NO2","mFRR","Local","Up","647.00","50.00"," "
"27/11/2023 12:00:00","SCA|NO2","mFRR","Local","Down","5022.00","0.00"," "
"27/11/2023 13:00:00","SCA|NO2","mFRR","Local","Up","647.00","22.50"," "
"27/11/2023 13:00:00","SCA|NO2","mFRR","Local","Down","5006.00","0.00"," "
"27/11/2023 14:00:00","SCA|NO2","mFRR","Local","Up","650.00","0.00"," "
"27/11/2023 14:00:00","SCA|NO2","mFRR","Local","Down","4926.00","0.00"," "
"27/11/2023 15:00:00","SCA|NO2","mFRR","Local","Up","712.00","0.00"," "
"27/11/2023 15:00:00","SCA|NO2","mFRR","Local","Down","4887.00","0.00"," "
"27/11/2023 16:00:00","SCA|NO2","mFRR","Local","Up","777.00","52.00"," "
"27/11/2023 16:00:00","SCA|NO2","mFRR","Local","Down","4859.00","0.00"," "
"27/11/2023 17:00:00","SCA|NO2","mFRR","Local","Up","679.00","20.00"," "
"27/11/2023 17:00:00","SCA|NO2","mFRR","Local","Down","4934.00","0.00"," "
"27/11/2023 18:00:00","SCA|NO2","mFRR","Local","Up","774.00","0.00"," "
"27/11/2023 18:00:00","SCA|NO2","mFRR","Local","Down","4880.00","0.00"," "
"27/11/2023 19:00:00","SCA|NO2","mFRR","Local","Up","1267.00","0.00"," "
"27/11/2023 19:00:00","SCA|NO2","mFRR","Local","Down","4622.00","0.00"," "
"27/11/2023 20:00:00","SCA|NO2","mFRR","Local","Up","1280.50","0.00"," "
"27/11/2023 20:00:00","SCA|NO2","mFRR","Local","Down","4567.00","0.00"," "
"27/11/2023 21:00:00","SCA|NO2","mFRR","Local","Up","1586.00","0.00"," "
"27/11/2023 21:00:00","SCA|NO2","mFRR","Local","Down","4237.00","0.00"," "
"27/11/2023 22:00:00","SCA|NO2","mFRR","Local","Up","1668.50","0.00"," "
"27/11/2023 22:00:00","SCA|NO2","mFRR","Local","Down","4016.50","0.00"," "
"27/11/2023 23:00:00","SCA|NO2","mFRR","Local","Up","2398.50","0.00"," "
"27/11/2023 23:00:00","SCA|NO2","mFRR","Local","Down","3329.50","0.00"," "
"28/11/2023 00:00:00","SCA|NO2","mFRR","Local","Up","2341.00","348.00"," "
"28/11/2023 00:00:00","SCA|NO2","mFRR","Local","Down","3159.00","0.00"," "
"28/11/2023 01:00:00","SCA|NO2","mFRR","Local","Up","3275.00","121.00"," "
"28/11/2023 01:00:00","SCA|NO2","mFRR","Local","Down","2659.00","0.00"," "
"28/11/2023 02:00:00","SCA|NO2","mFRR","Local","Up","3533.00","189.00"," "
"28/11/2023 02:00:00","SCA|NO2","mFRR","Local","Down","2370.00","0.00"," "
"28/11/2023 03:00:00","SCA|NO2","mFRR","Local","Up","3579.00","233.00"," "
"28/11/2023 03:00:00","SCA|NO2","mFRR","Local","Down","2386.00","0.00"," "
"28/11/2023 04:00:00","SCA|NO2","mFRR","Local","Up","3332.50","70.50"," "
"28/11/2023 04:00:00","SCA|NO2","mFRR","Local","Down","2686.00","0.00"," "
"28/11/2023 05:00:00","SCA|NO2","mFRR","Local","Up","2694.25","86.00"," "
"28/11/2023 05:00:00","SCA|NO2","mFRR","Local","Down","3358.75","0.00"," "
"28/11/2023 06:00:00","SCA|NO2","mFRR","Local","Up","1262.50","52.25"," "
"28/11/2023 06:00:00","SCA|NO2","mFRR","Local","Down","4546.50","0.00"," "
"28/11/2023 07:00:00","SCA|NO2","mFRR","Local","Up","842.00","80.00"," "
"28/11/2023 07:00:00","SCA|NO2","mFRR","Local","Down","4867.00","0.00"," "
"28/11/2023 08:00:00","SCA|NO2","mFRR","Local","Up","695.00","95.00"," "
"28/11/2023 08:00:00","SCA|NO2","mFRR","Local","Down","4938.00","0.00"," "
"28/11/2023 09:00:00","SCA|NO2","mFRR","Local","Up","663.00","116.00"," "
"28/11/2023 09:00:00","SCA|NO2","mFRR","Local","Down","5023.00","0.00"," "
"28/11/2023 10:00:00","SCA|NO2","mFRR","Local","Up","663.00","116.00"," "
"28/11/2023 10:00:00","SCA|NO2","mFRR","Local","Down","5036.00","0.00"," "
"28/11/2023 11:00:00","SCA|NO2","mFRR","Local","Up","673.00","85.00"," "
"28/11/2023 11:00:00","SCA|NO2","mFRR","Local","Down","4959.00","0.00"," "
"28/11/2023 12:00:00","SCA|NO2","mFRR","Local","Up","673.00","7.50"," "
"28/11/2023 12:00:00","SCA|NO2","mFRR","Local","Down","4928.00","0.00"," "
"28/11/2023 13:00:00","SCA|NO2","mFRR","Local","Up","663.00","0.00"," "
"28/11/2023 13:00:00","SCA|NO2","mFRR","Local","Down","4891.00","0.00"," "
"28/11/2023 14:00:00","SCA|NO2","mFRR","Local","Up","643.00","60.00"," "
"28/11/2023 14:00:00","SCA|NO2","mFRR","Local","Down","4965.00","0.00"," "
"28/11/2023 15:00:00","SCA|NO2","mFRR","Local","Up","627.00","100.00"," "
"28/11/2023 15:00:00","SCA|NO2","mFRR","Local","Down","5051.00","0.00"," "
"28/11/2023 16:00:00","SCA|NO2","mFRR","Local","Up","627.00","102.00"," "
"28/11/2023 16:00:00","SCA|NO2","mFRR","Local","Down","5054.00","0.00"," "
"28/11/2023 17:00:00","SCA|NO2","mFRR","Local","Up","627.00","70.00"," "
"28/11/2023 17:00:00","SCA|NO2","mFRR","Local","Down","5016.00","0.00"," "
"28/11/2023 18:00:00","SCA|NO2","mFRR","Local","Up","627.00","0.00"," "
"28/11/2023 18:00:00","SCA|NO2","mFRR","Local","Down","5005.00","0.00"," "
"28/11/2023 19:00:00","SCA|NO2","mFRR","Local","Up","647.00","0.00"," "
"28/11/2023 19:00:00","SCA|NO2","mFRR","Local","Down","5090.00","0.00"," "
"28/11/2023 20:00:00","SCA|NO2","mFRR","Local","Up","837.00","0.00"," "
"28/11/2023 20:00:00","SCA|NO2","mFRR","Local","Down","4966.00","0.00"," "
"28/11/2023 21:00:00","SCA|NO2","mFRR","Local","Up","974.00","0.00"," "
"28/11/2023 21:00:00","SCA|NO2","mFRR","Local","Down","4761.00","0.00"," "
"28/11/2023 22:00:00","SCA|NO2","mFRR","Local","Up","1165.00","0.00"," "
"28/11/2023 22:00:00","SCA|NO2","mFRR","Local","Down","4763.00","0.00"," "
"28/11/2023 23:00:00","SCA|NO2","mFRR","Local","Up","1259.50","0.00"," "
"28/11/2023 23:00:00","SCA|NO2","mFRR","Local","Down","4680.00","0.00"," "
"29/11/2023 00:00:00","SCA|NO2","mFRR","Local","Up","1255.00","200.00"," "
"29/11/2023 00:00:00","SCA|NO2","mFRR","Local","Down","3851.00","0.00"," "
"29/11/2023 01:00:00","SCA|NO2","mFRR","Local","Up","1394.50","260.50"," "
"29/11/2023 01:00:00","SCA|NO2","mFRR","Local","Down","3935.00","0.00"," "
"29/11/2023 02:00:00","SCA|NO2","mFRR","Local","Up","1525.00","387.00"," "
"29/11/2023 02:00:00","SCA|NO2","mFRR","Local","Down","3789.00","0.00"," "
"29/11/2023 03:00:00","SCA|NO2","mFRR","Local","Up","1675.00","453.00"," "
"29/11/2023 03:00:00","SCA|NO2","mFRR","Local","Down","3620.75","0.00"," "
"29/11/2023 04:00:00","SCA|NO2","mFRR","Local","Up","1678.00","136.25"," "
"29/11/2023 04:00:00","SCA|NO2","mFRR","Local","Down","3612.00","0.00"," "
"29/11/2023 05:00:00","SCA|NO2","mFRR","Local","Up","1694.00","0.00"," "
"29/11/2023 05:00:00","SCA|NO2","mFRR","Local","Down","3721.75","0.00"," "
"29/11/2023 06:00:00","SCA|NO2","mFRR","Local","Up","1031.50","0.00"," "
"29/11/2023 06:00:00","SCA|NO2","mFRR","Local","Down","4260.50","0.00"," "
"29/11/2023 07:00:00","SCA|NO2","mFRR","Local","Up","722.50","0.00"," "
"29/11/2023 07:00:00","SCA|NO2","mFRR","Local","Down","4568.25","0.00"," "
"29/11/2023 08:00:00","SCA|NO2","mFRR","Local","Up","710.00","0.00"," "
"29/11/2023 08:00:00","SCA|NO2","mFRR","Local","Down","4708.00","0.00"," "
"29/11/2023 09:00:00","SCA|NO2","mFRR","Local","Up","711.00","7.50"," "
"29/11/2023 09:00:00","SCA|NO2","mFRR","Local","Down","4726.00","0.00"," "
"29/11/2023 10:00:00","SCA|NO2","mFRR","Local","Up","711.00","10.00"," "
"29/11/2023 10:00:00","SCA|NO2","mFRR","Local","Down","4666.00","0.00"," "
"29/11/2023 11:00:00","SCA|NO2","mFRR","Local","Up","755.00","64.00"," "
"29/11/2023 11:00:00","SCA|NO2","mFRR","Local","Down","4664.00","0.00"," "
"29/11/2023 12:00:00","SCA|NO2","mFRR","Local","Up","721.00","5.00"," "
"29/11/2023 12:00:00","SCA|NO2","mFRR","Local","Down","4749.00","72.00"," "
"29/11/2023 13:00:00","SCA|NO2","mFRR","Local","Up","710.00","0.00"," "
"29/11/2023 13:00:00","SCA|NO2","mFRR","Local","Down","4768.75","0.00"," "
"29/11/2023 14:00:00","SCA|NO2","mFRR","Local","Up","681.00","0.00"," "
"29/11/2023 14:00:00","SCA|NO2","mFRR","Local","Down","4859.00","158.00"," "
"29/11/2023 15:00:00","SCA|NO2","mFRR","Local","Up","645.00","0.00"," "
"29/11/2023 15:00:00","SCA|NO2","mFRR","Local","Down","5085.00","273.00"," "
"29/11/2023 16:00:00","SCA|NO2","mFRR","Local","Up","645.00","0.00"," "
"29/11/2023 16:00:00","SCA|NO2","mFRR","Local","Down","5096.00","113.00"," "
"29/11/2023 17:00:00","SCA|NO2","mFRR","Local","Up","645.00","0.00"," "
"29/11/2023 17:00:00","SCA|NO2","mFRR","Local","Down","5142.00","406.00"," "
"29/11/2023 18:00:00","SCA|NO2","mFRR","Local","Up","645.00","0.00"," "
"29/11/2023 18:00:00","SCA|NO2","mFRR","Local","Down","5156.00","212.00"," "
"29/11/2023 19:00:00","SCA|NO2","mFRR","Local","Up","645.00","0.00"," "
"29/11/2023 19:00:00","SCA|NO2","mFRR","Local","Down","5122.00","276.50"," "
"29/11/2023 20:00:00","SCA|NO2","mFRR","Local","Up","713.00","0.00"," "
"29/11/2023 20:00:00","SCA|NO2","mFRR","Local","Down","5035.00","214.00"," "
"29/11/2023 21:00:00","SCA|NO2","mFRR","Local","Up","740.00","12.50"," "
"29/11/2023 21:00:00","SCA|NO2","mFRR","Local","Down","4851.00","0.00"," "
"29/11/2023 22:00:00","SCA|NO2","mFRR","Local","Up","1128.00","30.00"," "
"29/11/2023 22:00:00","SCA|NO2","mFRR","Local","Down","4623.00","0.00"," "
"29/11/2023 23:00:00","SCA|NO2","mFRR","Local","Up","1438.00","127.75"," "
"29/11/2023 23:00:00","SCA|NO2","mFRR","Local","Down","4225.00","0.00"," "
"30/11/2023 00:00:00","SCA|NO2","mFRR","Local","Up","1074.00","0.00"," "
"30/11/2023 00:00:00","SCA|NO2","mFRR","Local","Down","3568.00","0.00"," "
"30/11/2023 01:00:00","SCA|NO2","mFRR","Local","Up","1075.00","0.00"," "
"30/11/2023 01:00:00","SCA|NO2","mFRR","Local","Down","3779.00","0.00"," "
"30/11/2023 02:00:00","SCA|NO2","mFRR","Local","Up","1101.00","0.00"," "
"30/11/2023 02:00:00","SCA|NO2","mFRR","Local","Down","3749.00","0.00"," "
"30/11/2023 03:00:00","SCA|NO2","mFRR","Local","Up","1117.00","0.00"," "
"30/11/2023 03:00:00","SCA|NO2","mFRR","Local","Down","3745.00","0.00"," "
"30/11/2023 04:00:00","SCA|NO2","mFRR","Local","Up","1102.00","0.00"," "
"30/11/2023 04:00:00","SCA|NO2","mFRR","Local","Down","3763.00","0.00"," "
"30/11/2023 05:00:00","SCA|NO2","mFRR","Local","Up","1293.00","0.00"," "
"30/11/2023 05:00:00","SCA|NO2","mFRR","Local","Down","3825.50","0.00"," "
"30/11/2023 06:00:00","SCA|NO2","mFRR","Local","Up","769.00","0.00"," "
"30/11/2023 06:00:00","SCA|NO2","mFRR","Local","Down","4338.00","0.00"," "
"30/11/2023 07:00:00","SCA|NO2","mFRR","Local","Up","670.00","0.00"," "
"30/11/2023 07:00:00","SCA|NO2","mFRR","Local","Down","4403.00","16.75"," "
"30/11/2023 08:00:00","SCA|NO2","mFRR","Local","Up","670.00","0.00"," "
"30/11/2023 08:00:00","SCA|NO2","mFRR","Local","Down","4294.00","0.00"," "
"30/11/2023 09:00:00","SCA|NO2","mFRR","Local","Up","656.50","0.00"," "
"30/11/2023 09:00:00","SCA|NO2","mFRR","Local","Down","4401.50","0.00"," "
"30/11/2023 10:00:00","SCA|NO2","mFRR","Local","Up","654.00","0.00"," "
"30/11/2023 10:00:00","SCA|NO2","mFRR","Local","Down","4821.00","92.00"," "
"30/11/2023 11:00:00","SCA|NO2","mFRR","Local","Up","654.00","0.00"," "
"30/11/2023 11:00:00","SCA|NO2","mFRR","Local","Down","4846.00","142.00"," "
"30/11/2023 12:00:00","SCA|NO2","mFRR","Local","Up","692.00","0.00"," "
"30/11/2023 12:00:00","SCA|NO2","mFRR","Local","Down","4803.00","130.00"," "
"30/11/2023 13:00:00","SCA|NO2","mFRR","Local","Up","795.00","22.00"," "
"30/11/2023 13:00:00","SCA|NO2","mFRR","Local","Down","4810.75","0.00"," "
"30/11/2023 14:00:00","SCA|NO2","mFRR","Local","Up","713.00","0.00"," "
"30/11/2023 14:00:00","SCA|NO2","mFRR","Local","Down","4902.00","0.00"," "
"30/11/2023 15:00:00","SCA|NO2","mFRR","Local","Up","686.00","0.00"," "
"30/11/2023 15:00:00","SCA|NO2","mFRR","Local","Down","4954.00","122.00"," "
"30/11/2023 16:00:00","SCA|NO2","mFRR","Local","Up","686.00","0.00"," "
"30/11/2023 16:00:00","SCA|NO2","mFRR","Local","Down","5187.00","167.00"," "
"30/11/2023 17:00:00","SCA|NO2","mFRR","Local","Up","686.00","0.00"," "
"30/11/2023 17:00:00","SCA|NO2","mFRR","Local","Down","5204.00","556.00"," "
"30/11/2023 18:00:00","SCA|NO2","mFRR","Local","Up","751.00","0.00"," "
"30/11/2023 18:00:00","SCA|NO2","mFRR","Local","Down","5145.00","500.00"," "
"30/11/2023 19:00:00","SCA|NO2","mFRR","Local","Up","802.00","0.00"," "
"30/11/2023 19:00:00","SCA|NO2","mFRR","Local","Down","5165.00","376.75"," "
"30/11/2023 20:00:00","SCA|NO2","mFRR","Local","Up","741.50","0.00"," "
"30/11/2023 20:00:00","SCA|NO2","mFRR","Local","Down","5174.00","18.00"," "
"30/11/2023 21:00:00","SCA|NO2","mFRR","Local","Up","824.00","72.00"," "
"30/11/2023 21:00:00","SCA|NO2","mFRR","Local","Down","4832.00","0.00"," "
"30/11/2023 22:00:00","SCA|NO2","mFRR","Local","Up","1139.00","205.00"," "
"30/11/2023 22:00:00","SCA|NO2","mFRR","Local","Down","4574.00","0.00"," "
"30/11/2023 23:00:00","SCA|NO2","mFRR","Local","Up","1383.00","29.75"," "
"30/11/2023 23:00:00","SCA|NO2","mFRR","Local","Down","4344.00","0.00"," "
"01/12/2023 00:00:00","SCA|NO2","mFRR","Local","Up","1240.00","100.00"," "
"01/12/2023 00:00:00","SCA|NO2","mFRR","Local","Down","4243.75","0.00"," "
"01/12/2023 01:00:00","SCA|NO2","mFRR","Local","Up","1456.00","318.00"," "
"01/12/2023 01:00:00","SCA|NO2","mFRR","Local","Down","4204.00","0.00"," "
"01/12/2023 02:00:00","SCA|NO2","mFRR","Local","Up","1467.00","233.25"," "
"01/12/2023 02:00:00","SCA|NO2","mFRR","Local","Down","4160.00","0.00"," "
"01/12/2023 03:00:00","SCA|NO2","mFRR","Local","Up","1507.00","122.50"," "
"01/12/2023 03:00:00","SCA|NO2","mFRR","Local","Down","4102.00","0.00"," "
"01/12/2023 04:00:00","SCA|NO2","mFRR","Local","Up","1508.50","0.00"," "
"01/12/2023 04:00:00","SCA|NO2","mFRR","Local","Down","4126.00","0.00"," "
"01/12/2023 05:00:00","SCA|NO2","mFRR","Local","Up","1471.25","0.00"," "
"01/12/2023 05:00:00","SCA|NO2","mFRR","Local","Down","4150.00","0.00"," "
"01/12/2023 06:00:00","SCA|NO2","mFRR","Local","Up","803.50","0.00"," "
"01/12/2023 06:00:00","SCA|NO2","mFRR","Local","Down","4768.25","0.00"," "
"01/12/2023 07:00:00","SCA|NO2","mFRR","Local","Up","676.00","0.00"," "
"01/12/2023 07:00:00","SCA|NO2","mFRR","Local","Down","4940.00","0.00"," "
"01/12/2023 08:00:00","SCA|NO2","mFRR","Local","Up","674.00","0.00"," "
"01/12/2023 08:00:00","SCA|NO2","mFRR","Local","Down","4879.50","290.50"," "
"01/12/2023 09:00:00","SCA|NO2","mFRR","Local","Up","683.00","0.00"," "
"01/12/2023 09:00:00","SCA|NO2","mFRR","Local","Down","4922.00","78.25"," "
"01/12/2023 10:00:00","SCA|NO2","mFRR","Local","Up","673.00","0.00"," "
"01/12/2023 10:00:00","SCA|NO2","mFRR","Local","Down","4917.00","0.00"," "
"01/12/2023 11:00:00","SCA|NO2","mFRR","Local","Up","673.00","0.00"," "
"01/12/2023 11:00:00","SCA|NO2","mFRR","Local","Down","4953.00","0.00"," "
"01/12/2023 12:00:00","SCA|NO2","mFRR","Local","Up","673.00","0.00"," "
"01/12/2023 12:00:00","SCA|NO2","mFRR","Local","Down","4942.00","0.00"," "
"01/12/2023 13:00:00","SCA|NO2","mFRR","Local","Up","674.00","0.00"," "
"01/12/2023 13:00:00","SCA|NO2","mFRR","Local","Down","4996.00","0.00"," "
"01/12/2023 14:00:00","SCA|NO2","mFRR","Local","Up","675.00","0.00"," "
"01/12/2023 14:00:00","SCA|NO2","mFRR","Local","Down","5042.00","61.00"," "
"01/12/2023 15:00:00","SCA|NO2","mFRR","Local","Up","674.00","0.00"," "
"01/12/2023 15:00:00","SCA|NO2","mFRR","Local","Down","5112.00","197.00"," "
"01/12/2023 16:00:00","SCA|NO2","mFRR","Local","Up","676.00","0.00"," "
"01/12/2023 16:00:00","SCA|NO2","mFRR","Local","Down","5172.00","418.50"," "
"01/12/2023 17:00:00","SCA|NO2","mFRR","Local","Up","685.00","0.00"," "
"01/12/2023 17:00:00","SCA|NO2","mFRR","Local","Down","5156.00","534.00"," "
"01/12/2023 18:00:00","SCA|NO2","mFRR","Local","Up","676.00","0.00"," "
"01/12/2023 18:00:00","SCA|NO2","mFRR","Local","Down","5172.00","330.00"," "
"01/12/2023 19:00:00","SCA|NO2","mFRR","Local","Up","674.00","0.00"," "
"01/12/2023 19:00:00","SCA|NO2","mFRR","Local","Down","5089.00","25.50"," "
"01/12/2023 20:00:00","SCA|NO2","mFRR","Local","Up","676.00","0.00"," "
"01/12/2023 20:00:00","SCA|NO2","mFRR","Local","Down","5032.00","0.00"," "
"01/12/2023 21:00:00","SCA|NO2","mFRR","Local","Up","773.00","0.00"," "
"01/12/2023 21:00:00","SCA|NO2","mFRR","Local","Down","4818.50","0.00"," "
"01/12/2023 22:00:00","SCA|NO2","mFRR","Local","Up","1145.00","0.00"," "
"01/12/2023 22:00:00","SCA|NO2","mFRR","Local","Down","4578.00","0.00"," "
"01/12/2023 23:00:00","SCA|NO2","mFRR","Local","Up","1315.50","0.00"," "
"01/12/2023 23:00:00","SCA|NO2","mFRR","Local","Down","4271.00","0.00"," "
"02/12/2023 00:00:00","SCA|NO2","mFRR","Local","Up","1225.00","0.00"," "
"02/12/2023 00:00:00","SCA|NO2","mFRR","Local","Down","4106.00","0.00"," "
"02/12/2023 01:00:00","SCA|NO2","mFRR","Local","Up","1346.00","0.00"," "
"02/12/2023 01:00:00","SCA|NO2","mFRR","Local","Down","4240.00","0.00"," "
"02/12/2023 02:00:00","SCA|NO2","mFRR","Local","Up","1350.75","0.00"," "
"02/12/2023 02:00:00","SCA|NO2","mFRR","Local","Down","4226.50","0.00"," "
"02/12/2023 03:00:00","SCA|NO2","mFRR","Local","Up","1360.00","0.00"," "
"02/12/2023 03:00:00","SCA|NO2","mFRR","Local","Down","4209.00","0.00"," "
"02/12/2023 04:00:00","SCA|NO2","mFRR","Local","Up","1363.00","0.00"," "
"02/12/2023 04:00:00","SCA|NO2","mFRR","Local","Down","4161.00","0.00"," "
"02/12/2023 05:00:00","SCA|NO2","mFRR","Local","Up","1583.25","0.00"," "
"02/12/2023 05:00:00","SCA|NO2","mFRR","Local","Down","3532.00","0.00"," "
"02/12/2023 06:00:00","SCA|NO2","mFRR","Local","Up","1037.00","0.00"," "
"02/12/2023 06:00:00","SCA|NO2","mFRR","Local","Down","3935.00","0.00"," "
"02/12/2023 07:00:00","SCA|NO2","mFRR","Local","Up","962.75","0.00"," "
"02/12/2023 07:00:00","SCA|NO2","mFRR","Local","Down","4236.50","0.00"," "
"02/12/2023 08:00:00","SCA|NO2","mFRR","Local","Up","765.00","0.00"," "
"02/12/2023 08:00:00","SCA|NO2","mFRR","Local","Down","4465.00","7.50"," "
"02/12/2023 09:00:00","SCA|NO2","mFRR","Local","Up","647.00","134.50"," "
"02/12/2023 09:00:00","SCA|NO2","mFRR","Local","Down","4546.00","0.00"," "
"02/12/2023 10:00:00","SCA|NO2","mFRR","Local","Up","635.00","216.00"," "
"02/12/2023 10:00:00","SCA|NO2","mFRR","Local","Down","4547.00","0.00"," "
"02/12/2023 11:00:00","SCA|NO2","mFRR","Local","Up","641.75","106.00"," "
"02/12/2023 11:00:00","SCA|NO2","mFRR","Local","Down","4545.00","0.00"," "
"02/12/2023 12:00:00","SCA|NO2","mFRR","Local","Up","731.00","250.50"," "
"02/12/2023 12:00:00","SCA|NO2","mFRR","Local","Down","4487.00","0.00"," "
"02/12/2023 13:00:00","SCA|NO2","mFRR","Local","Up","647.00","236.00"," "
"02/12/2023 13:00:00","SCA|NO2","mFRR","Local","Down","4464.75","0.00"," "
"02/12/2023 14:00:00","SCA|NO2","mFRR","Local","Up","618.00","236.00"," "
"02/12/2023 14:00:00","SCA|NO2","mFRR","Local","Down","4619.00","0.00"," "
"02/12/2023 15:00:00","SCA|NO2","mFRR","Local","Up","506.00","216.00"," "
"02/12/2023 15:00:00","SCA|NO2","mFRR","Local","Down","4645.00","0.00"," "
"02/12/2023 16:00:00","SCA|NO2","mFRR","Local","Up","510.00","216.00"," "
"02/12/2023 16:00:00","SCA|NO2","mFRR","Local","Down","4579.00","0.00"," "
"02/12/2023 17:00:00","SCA|NO2","mFRR","Local","Up","494.00","161.00"," "
"02/12/2023 17:00:00","SCA|NO2","mFRR","Local","Down","4656.00","0.00"," "
"02/12/2023 18:00:00","SCA|NO2","mFRR","Local","Up","494.00","106.00"," "
"02/12/2023 18:00:00","SCA|NO2","mFRR","Local","Down","4654.00","0.00"," "
"02/12/2023 19:00:00","SCA|NO2","mFRR","Local","Up","494.00","0.00"," "
"02/12/2023 19:00:00","SCA|NO2","mFRR","Local","Down","4620.00","0.00"," "
"02/12/2023 20:00:00","SCA|NO2","mFRR","Local","Up","693.00","113.25"," "
"02/12/2023 20:00:00","SCA|NO2","mFRR","Local","Down","4552.00","0.00"," "
"02/12/2023 21:00:00","SCA|NO2","mFRR","Local","Up","852.00","186.00"," "
"02/12/2023 21:00:00","SCA|NO2","mFRR","Local","Down","4397.00","0.00"," "
"02/12/2023 22:00:00","SCA|NO2","mFRR","Local","Up","1142.00","186.00"," "
"02/12/2023 22:00:00","SCA|NO2","mFRR","Local","Down","4111.00","0.00"," "
"02/12/2023 23:00:00","SCA|NO2","mFRR","Local","Up","1451.00","0.00"," "
"02/12/2023 23:00:00","SCA|NO2","mFRR","Local","Down","3873.00","0.00"," "
"03/12/2023 00:00:00","SCA|NO2","mFRR","Local","Up","1165.00","0.00"," "
"03/12/2023 00:00:00","SCA|NO2","mFRR","Local","Down","4378.00","0.00"," "
"03/12/2023 01:00:00","SCA|NO2","mFRR","Local","Up","1193.25","0.00"," "
"03/12/2023 01:00:00","SCA|NO2","mFRR","Local","Down","4565.00","0.00"," "
"03/12/2023 02:00:00","SCA|NO2","mFRR","Local","Up","1203.00","0.00"," "
"03/12/2023 02:00:00","SCA|NO2","mFRR","Local","Down","4590.00","0.00"," "
"03/12/2023 03:00:00","SCA|NO2","mFRR","Local","Up","1203.00","0.00"," "
"03/12/2023 03:00:00","SCA|NO2","mFRR","Local","Down","4599.00","0.00"," "
"03/12/2023 04:00:00","SCA|NO2","mFRR","Local","Up","1280.00","0.00"," "
"03/12/2023 04:00:00","SCA|NO2","mFRR","Local","Down","4321.00","0.00"," "
"03/12/2023 05:00:00","SCA|NO2","mFRR","Local","Up","1581.00","0.00"," "
"03/12/2023 05:00:00","SCA|NO2","mFRR","Local","Down","3766.00","0.00"," "
"03/12/2023 06:00:00","SCA|NO2","mFRR","Local","Up","1449.50","104.50"," "
"03/12/2023 06:00:00","SCA|NO2","mFRR","Local","Down","3797.25","0.00"," "
"03/12/2023 07:00:00","SCA|NO2","mFRR","Local","Up","1380.00","198.00"," "
"03/12/2023 07:00:00","SCA|NO2","mFRR","Local","Down","3943.00","0.00"," "
"03/12/2023 08:00:00","SCA|NO2","mFRR","Local","Up","1271.75","139.50"," "
"03/12/2023 08:00:00","SCA|NO2","mFRR","Local","Down","3902.00","0.00"," "
"03/12/2023 09:00:00","SCA|NO2","mFRR","Local","Up","1163.00","0.00"," "
"03/12/2023 09:00:00","SCA|NO2","mFRR","Local","Down","4187.00","0.00"," "
"03/12/2023 10:00:00","SCA|NO2","mFRR","Local","Up","1115.00","131.50"," "
"03/12/2023 10:00:00","SCA|NO2","mFRR","Local","Down","4054.00","0.00"," "
"03/12/2023 11:00:00","SCA|NO2","mFRR","Local","Up","1113.00","186.00"," "
"03/12/2023 11:00:00","SCA|NO2","mFRR","Local","Down","3936.00","0.00"," "
"03/12/2023 12:00:00","SCA|NO2","mFRR","Local","Up","1018.00","186.00"," "
"03/12/2023 12:00:00","SCA|NO2","mFRR","Local","Down","4138.00","0.00"," "
"03/12/2023 13:00:00","SCA|NO2","mFRR","Local","Up","1024.00","199.00"," "
"03/12/2023 13:00:00","SCA|NO2","mFRR","Local","Down","4105.00","0.00"," "
"03/12/2023 14:00:00","SCA|NO2","mFRR","Local","Up","989.00","186.00"," "
"03/12/2023 14:00:00","SCA|NO2","mFRR","Local","Down","4222.00","0.00"," "
"03/12/2023 15:00:00","SCA|NO2","mFRR","Local","Up","806.00","186.00"," "
"03/12/2023 15:00:00","SCA|NO2","mFRR","Local","Down","4461.00","0.00"," "
"03/12/2023 16:00:00","SCA|NO2","mFRR","Local","Up","680.00","135.25"," "
"03/12/2023 16:00:00","SCA|NO2","mFRR","Local","Down","4481.00","0.00"," "
"03/12/2023 17:00:00","SCA|NO2","mFRR","Local","Up","666.00","0.00"," "
"03/12/2023 17:00:00","SCA|NO2","mFRR","Local","Down","4495.00","0.00"," "
"03/12/2023 18:00:00","SCA|NO2","mFRR","Local","Up","666.00","23.25"," "
"03/12/2023 18:00:00","SCA|NO2","mFRR","Local","Down","4507.00","0.00"," "
"03/12/2023 19:00:00","SCA|NO2","mFRR","Local","Up","678.00","217.00"," "
"03/12/2023 19:00:00","SCA|NO2","mFRR","Local","Down","4497.00","0.00"," "
"03/12/2023 20:00:00","SCA|NO2","mFRR","Local","Up","770.00","186.00"," "
"03/12/2023 20:00:00","SCA|NO2","mFRR","Local","Down","4459.00","0.00"," "
"03/12/2023 21:00:00","SCA|NO2","mFRR","Local","Up","939.00","324.25"," "
"03/12/2023 21:00:00","SCA|NO2","mFRR","Local","Down","4360.00","0.00"," "
"03/12/2023 22:00:00","SCA|NO2","mFRR","Local","Up","1457.00","361.00"," "
"03/12/2023 22:00:00","SCA|NO2","mFRR","Local","Down","3533.00","0.00"," "
"03/12/2023 23:00:00","SCA|NO2","mFRR","Local","Up","1564.00","227.00"," "
"03/12/2023 23:00:00","SCA|NO2","mFRR","Local","Down","3461.00","0.00"," "
"04/12/2023 00:00:00","SCA|NO2","mFRR","Local","Up","1301.00","0.00"," "
"04/12/2023 00:00:00","SCA|NO2","mFRR","Local","Down","3101.00","0.00"," "
"04/12/2023 01:00:00","SCA|NO2","mFRR","Local","Up","1299.00","21.75"," "
"04/12/2023 01:00:00","SCA|NO2","mFRR","Local","Down","3430.00","0.00"," "
"04/12/2023 02:00:00","SCA|NO2","mFRR","Local","Up","1340.00","0.00"," "
"04/12/2023 02:00:00","SCA|NO2","mFRR","Local","Down","3394.00","0.00"," "
"04/12/2023 03:00:00","SCA|NO2","mFRR","Local","Up","1863.00","0.00"," "
"04/12/2023 03:00:00","SCA|NO2","mFRR","Local","Down","3090.00","10.00"," "
"04/12/2023 04:00:00","SCA|NO2","mFRR","Local","Up","1754.00","0.00"," "
"04/12/2023 04:00:00","SCA|NO2","mFRR","Local","Down","3166.00","45.00"," "
"04/12/2023 05:00:00","SCA|NO2","mFRR","Local","Up","1609.00","0.00"," "
"04/12/2023 05:00:00","SCA|NO2","mFRR","Local","Down","3096.25","167.25"," "
"04/12/2023 06:00:00","SCA|NO2","mFRR","Local","Up","1177.50","14.50"," "
"04/12/2023 06:00:00","SCA|NO2","mFRR","Local","Down","3993.00","10.50"," "
"04/12/2023 07:00:00","SCA|NO2","mFRR","Local","Up","893.00","0.00"," "
"04/12/2023 07:00:00","SCA|NO2","mFRR","Local","Down","4190.00","0.00"," "
"04/12/2023 08:00:00","SCA|NO2","mFRR","Local","Up","795.00","0.00"," "
"04/12/2023 08:00:00","SCA|NO2","mFRR","Local","Down","4113.00","0.00"," "
"04/12/2023 09:00:00","SCA|NO2","mFRR","Local","Up","794.00","0.00"," "
"04/12/2023 09:00:00","SCA|NO2","mFRR","Local","Down","4149.00","0.00"," "
"04/12/2023 10:00:00","SCA|NO2","mFRR","Local","Up","792.00","0.00"," "
"04/12/2023 10:00:00","SCA|NO2","mFRR","Local","Down","4159.00","0.00"," "
"04/12/2023 11:00:00","SCA|NO2","mFRR","Local","Up","791.00","0.00"," "
"04/12/2023 11:00:00","SCA|NO2","mFRR","Local","Down","4140.00","0.00"," "
"04/12/2023 12:00:00","SCA|NO2","mFRR","Local","Up","806.00","42.00"," "
"04/12/2023 12:00:00","SCA|NO2","mFRR","Local","Down","4131.00","0.00"," "
"04/12/2023 13:00:00","SCA|NO2","mFRR","Local","Up","788.00","10.25"," "
"04/12/2023 13:00:00","SCA|NO2","mFRR","Local","Down","4123.00","24.00"," "
"04/12/2023 14:00:00","SCA|NO2","mFRR","Local","Up","794.00","0.00"," "
"04/12/2023 14:00:00","SCA|NO2","mFRR","Local","Down","4131.00","18.00"," "
"04/12/2023 15:00:00","SCA|NO2","mFRR","Local","Up","804.00","42.00"," "
"04/12/2023 15:00:00","SCA|NO2","mFRR","Local","Down","4150.00","0.00"," "
"04/12/2023 16:00:00","SCA|NO2","mFRR","Local","Up","811.00","41.00"," "
"04/12/2023 16:00:00","SCA|NO2","mFRR","Local","Down","4151.00","0.00"," "
"04/12/2023 17:00:00","SCA|NO2","mFRR","Local","Up","791.00","43.00"," "
"04/12/2023 17:00:00","SCA|NO2","mFRR","Local","Down","4143.00","0.00"," "
"04/12/2023 18:00:00","SCA|NO2","mFRR","Local","Up","804.00","32.25"," "
"04/12/2023 18:00:00","SCA|NO2","mFRR","Local","Down","4134.00","0.00"," "
"04/12/2023 19:00:00","SCA|NO2","mFRR","Local","Up","796.00","0.00"," "
"04/12/2023 19:00:00","SCA|NO2","mFRR","Local","Down","4138.00","0.00"," "
"04/12/2023 20:00:00","SCA|NO2","mFRR","Local","Up","882.50","0.00"," "
"04/12/2023 20:00:00","SCA|NO2","mFRR","Local","Down","4031.75","3.00"," "
"04/12/2023 21:00:00","SCA|NO2","mFRR","Local","Up","1103.00","0.00"," "
"04/12/2023 21:00:00","SCA|NO2","mFRR","Local","Down","3889.00","0.00"," "
"04/12/2023 22:00:00","SCA|NO2","mFRR","Local","Up","1416.75","0.00"," "
"04/12/2023 22:00:00","SCA|NO2","mFRR","Local","Down","3460.25","0.00"," "
"04/12/2023 23:00:00","SCA|NO2","mFRR","Local","Up","1700.00","11.00"," "
"04/12/2023 23:00:00","SCA|NO2","mFRR","Local","Down","3106.00","0.00"," "
"05/12/2023 00:00:00","SCA|NO2","mFRR","Local","Up","1367.75","42.25"," "
"05/12/2023 00:00:00","SCA|NO2","mFRR","Local","Down","3597.00","0.00"," "
"05/12/2023 01:00:00","SCA|NO2","mFRR","Local","Up","1421.00","8.50"," "
"05/12/2023 01:00:00","SCA|NO2","mFRR","Local","Down","3857.00","0.00"," "
"05/12/2023 02:00:00","SCA|NO2","mFRR","Local","Up","1466.25","36.75"," "
"05/12/2023 02:00:00","SCA|NO2","mFRR","Local","Down","3725.00","0.00"," "
"05/12/2023 03:00:00","SCA|NO2","mFRR","Local","Up","1528.50","103.00"," "
"05/12/2023 03:00:00","SCA|NO2","mFRR","Local","Down","3665.00","0.00"," "
"05/12/2023 04:00:00","SCA|NO2","mFRR","Local","Up","1524.25","0.00"," "
"05/12/2023 04:00:00","SCA|NO2","mFRR","Local","Down","3671.00","0.00"," "
"05/12/2023 05:00:00","SCA|NO2","mFRR","Local","Up","1606.50","0.00"," "
"05/12/2023 05:00:00","SCA|NO2","mFRR","Local","Down","3406.50","0.00"," "
"05/12/2023 06:00:00","SCA|NO2","mFRR","Local","Up","1046.00","0.00"," "
"05/12/2023 06:00:00","SCA|NO2","mFRR","Local","Down","3864.50","12.00"," "
"05/12/2023 07:00:00","SCA|NO2","mFRR","Local","Up","895.00","0.00"," "
"05/12/2023 07:00:00","SCA|NO2","mFRR","Local","Down","4223.00","0.00"," "
"05/12/2023 08:00:00","SCA|NO2","mFRR","Local","Up","815.00","87.50"," "
"05/12/2023 08:00:00","SCA|NO2","mFRR","Local","Down","4217.00","0.00"," "
"05/12/2023 09:00:00","SCA|NO2","mFRR","Local","Up","815.00","75.00"," "
"05/12/2023 09:00:00","SCA|NO2","mFRR","Local","Down","4228.00","0.00"," "
"05/12/2023 10:00:00","SCA|NO2","mFRR","Local","Up","821.00","74.00"," "
"05/12/2023 10:00:00","SCA|NO2","mFRR","Local","Down","4226.00","0.00"," "
"05/12/2023 11:00:00","SCA|NO2","mFRR","Local","Up","830.00","75.00"," "
"05/12/2023 11:00:00","SCA|NO2","mFRR","Local","Down","4218.00","0.00"," "
"05/12/2023 12:00:00","SCA|NO2","mFRR","Local","Up","846.00","0.00"," "
"05/12/2023 12:00:00","SCA|NO2","mFRR","Local","Down","4221.00","0.00"," "
"05/12/2023 13:00:00","SCA|NO2","mFRR","Local","Up","811.00","0.00"," "
"05/12/2023 13:00:00","SCA|NO2","mFRR","Local","Down","4387.00","0.00"," "
"05/12/2023 14:00:00","SCA|NO2","mFRR","Local","Up","771.75","0.00"," "
"05/12/2023 14:00:00","SCA|NO2","mFRR","Local","Down","4270.00","0.00"," "
"05/12/2023 15:00:00","SCA|NO2","mFRR","Local","Up","768.00","18.75"," "
"05/12/2023 15:00:00","SCA|NO2","mFRR","Local","Down","4381.00","0.00"," "
"05/12/2023 16:00:00","SCA|NO2","mFRR","Local","Up","770.00","76.00"," "
"05/12/2023 16:00:00","SCA|NO2","mFRR","Local","Down","4379.00","0.00"," "
"05/12/2023 17:00:00","SCA|NO2","mFRR","Local","Up","761.00","0.00"," "
"05/12/2023 17:00:00","SCA|NO2","mFRR","Local","Down","4305.00","45.00"," "
"05/12/2023 18:00:00","SCA|NO2","mFRR","Local","Up","763.00","0.00"," "
"05/12/2023 18:00:00","SCA|NO2","mFRR","Local","Down","4248.00","36.00"," "
"05/12/2023 19:00:00","SCA|NO2","mFRR","Local","Up","737.00","0.00"," "
"05/12/2023 19:00:00","SCA|NO2","mFRR","Local","Down","4322.00","0.00"," "
"05/12/2023 20:00:00","SCA|NO2","mFRR","Local","Up","746.00","76.00"," "
"05/12/2023 20:00:00","SCA|NO2","mFRR","Local","Down","4357.00","0.00"," "
"05/12/2023 21:00:00","SCA|NO2","mFRR","Local","Up","862.00","44.00"," "
"05/12/2023 21:00:00","SCA|NO2","mFRR","Local","Down","4176.00","0.00"," "
"05/12/2023 22:00:00","SCA|NO2","mFRR","Local","Up","1145.00","22.00"," "
"05/12/2023 22:00:00","SCA|NO2","mFRR","Local","Down","3980.00","0.00"," "
"05/12/2023 23:00:00","SCA|NO2","mFRR","Local","Up","1267.00","0.00"," "
"05/12/2023 23:00:00","SCA|NO2","mFRR","Local","Down","3896.00","16.00"," "
"06/12/2023 00:00:00","SCA|NO2","mFRR","Local","Up","1083.75","0.00"," "
"06/12/2023 00:00:00","SCA|NO2","mFRR","Local","Down","3687.00","70.50"," "
"06/12/2023 01:00:00","SCA|NO2","mFRR","Local","Up","1218.00","0.00"," "
"06/12/2023 01:00:00","SCA|NO2","mFRR","Local","Down","3847.00","31.00"," "
"06/12/2023 02:00:00","SCA|NO2","mFRR","Local","Up","1274.00","0.00"," "
"06/12/2023 02:00:00","SCA|NO2","mFRR","Local","Down","3798.00","20.00"," "
"06/12/2023 03:00:00","SCA|NO2","mFRR","Local","Up","1276.00","0.00"," "
"06/12/2023 03:00:00","SCA|NO2","mFRR","Local","Down","3794.00","20.00"," "
"06/12/2023 04:00:00","SCA|NO2","mFRR","Local","Up","1278.50","0.00"," "
"06/12/2023 04:00:00","SCA|NO2","mFRR","Local","Down","3782.75","20.00"," "
"06/12/2023 05:00:00","SCA|NO2","mFRR","Local","Up","1403.75","0.00"," "
"06/12/2023 05:00:00","SCA|NO2","mFRR","Local","Down","3558.00","67.75"," "
"06/12/2023 06:00:00","SCA|NO2","mFRR","Local","Up","889.25","0.00"," "
"06/12/2023 06:00:00","SCA|NO2","mFRR","Local","Down","3989.75","24.00"," "
"06/12/2023 07:00:00","SCA|NO2","mFRR","Local","Up","798.00","0.00"," "
"06/12/2023 07:00:00","SCA|NO2","mFRR","Local","Down","4059.00","16.00"," "
"06/12/2023 08:00:00","SCA|NO2","mFRR","Local","Up","781.00","0.00"," "
"06/12/2023 08:00:00","SCA|NO2","mFRR","Local","Down","3915.00","217.00"," "
"06/12/2023 09:00:00","SCA|NO2","mFRR","Local","Up","721.00","0.00"," "
"06/12/2023 09:00:00","SCA|NO2","mFRR","Local","Down","3971.00","121.75"," "
"06/12/2023 10:00:00","SCA|NO2","mFRR","Local","Up","721.00","0.00"," "
"06/12/2023 10:00:00","SCA|NO2","mFRR","Local","Down","4041.00","0.00"," "
"06/12/2023 11:00:00","SCA|NO2","mFRR","Local","Up","721.00","74.00"," "
"06/12/2023 11:00:00","SCA|NO2","mFRR","Local","Down","4048.00","0.00"," "
"06/12/2023 12:00:00","SCA|NO2","mFRR","Local","Up","721.00","37.00"," "
"06/12/2023 12:00:00","SCA|NO2","mFRR","Local","Down","4019.00","21.50"," "
"06/12/2023 13:00:00","SCA|NO2","mFRR","Local","Up","721.00","0.00"," "
"06/12/2023 13:00:00","SCA|NO2","mFRR","Local","Down","4010.00","96.00"," "
"06/12/2023 14:00:00","SCA|NO2","mFRR","Local","Up","721.00","65.50"," "
"06/12/2023 14:00:00","SCA|NO2","mFRR","Local","Down","3982.00","19.00"," "
"06/12/2023 15:00:00","SCA|NO2","mFRR","Local","Up","721.00","84.00"," "
"06/12/2023 15:00:00","SCA|NO2","mFRR","Local","Down","4265.00","0.00"," "
"06/12/2023 16:00:00","SCA|NO2","mFRR","Local","Up","721.00","74.00"," "
"06/12/2023 16:00:00","SCA|NO2","mFRR","Local","Down","4147.00","0.00"," "
"06/12/2023 17:00:00","SCA|NO2","mFRR","Local","Up","718.00","74.00"," "
"06/12/2023 17:00:00","SCA|NO2","mFRR","Local","Down","4325.00","0.00"," "
"06/12/2023 18:00:00","SCA|NO2","mFRR","Local","Up","718.00","91.00"," "
"06/12/2023 18:00:00","SCA|NO2","mFRR","Local","Down","4361.00","0.00"," "
"06/12/2023 19:00:00","SCA|NO2","mFRR","Local","Up","773.00","37.00"," "
"06/12/2023 19:00:00","SCA|NO2","mFRR","Local","Down","4372.00","0.00"," "
"06/12/2023 20:00:00","SCA|NO2","mFRR","Local","Up","793.00","0.00"," "
"06/12/2023 20:00:00","SCA|NO2","mFRR","Local","Down","4354.00","0.00"," "
"06/12/2023 21:00:00","SCA|NO2","mFRR","Local","Up","929.00","0.00"," "
"06/12/2023 21:00:00","SCA|NO2","mFRR","Local","Down","4156.00","0.00"," "
"06/12/2023 22:00:00","SCA|NO2","mFRR","Local","Up","1270.00","0.00"," "
"06/12/2023 22:00:00","SCA|NO2","mFRR","Local","Down","3949.00","0.00"," "
"06/12/2023 23:00:00","SCA|NO2","mFRR","Local","Up","1359.00","0.00"," "
"06/12/2023 23:00:00","SCA|NO2","mFRR","Local","Down","3780.00","0.00"," "
"07/12/2023 00:00:00","SCA|NO2","mFRR","Local","Up","939.00","50.50"," "
"07/12/2023 00:00:00","SCA|NO2","mFRR","Local","Down","3785.00","0.00"," "
"07/12/2023 01:00:00","SCA|NO2","mFRR","Local","Up","1071.00","90.00"," "
"07/12/2023 01:00:00","SCA|NO2","mFRR","Local","Down","4078.00","0.00"," "
"07/12/2023 02:00:00","SCA|NO2","mFRR","Local","Up","1056.00","81.00"," "
"07/12/2023 02:00:00","SCA|NO2","mFRR","Local","Down","4047.00","0.00"," "
"07/12/2023 03:00:00","SCA|NO2","mFRR","Local","Up","1127.75","58.00"," "
"07/12/2023 03:00:00","SCA|NO2","mFRR","Local","Down","3862.00","0.00"," "
"07/12/2023 04:00:00","SCA|NO2","mFRR","Local","Up","1127.00","60.00"," "
"07/12/2023 04:00:00","SCA|NO2","mFRR","Local","Down","3957.00","0.00"," "
"07/12/2023 05:00:00","SCA|NO2","mFRR","Local","Up","1455.75","48.00"," "
"07/12/2023 05:00:00","SCA|NO2","mFRR","Local","Down","3665.00","0.00"," "
"07/12/2023 06:00:00","SCA|NO2","mFRR","Local","Up","835.00","89.50"," "
"07/12/2023 06:00:00","SCA|NO2","mFRR","Local","Down","3969.00","0.00"," "
"07/12/2023 07:00:00","SCA|NO2","mFRR","Local","Up","760.00","88.00"," "
"07/12/2023 07:00:00","SCA|NO2","mFRR","Local","Down","4236.00","0.00"," "
"07/12/2023 08:00:00","SCA|NO2","mFRR","Local","Up","740.00","120.00"," "
"07/12/2023 08:00:00","SCA|NO2","mFRR","Local","Down","4204.75","0.00"," "
"07/12/2023 09:00:00","SCA|NO2","mFRR","Local","Up","740.00","122.50"," "
"07/12/2023 09:00:00","SCA|NO2","mFRR","Local","Down","4213.00","0.00"," "
"07/12/2023 10:00:00","SCA|NO2","mFRR","Local","Up","739.00","120.00"," "
"07/12/2023 10:00:00","SCA|NO2","mFRR","Local","Down","4202.00","0.00"," "
"07/12/2023 11:00:00","SCA|NO2","mFRR","Local","Up","739.00","96.00"," "
"07/12/2023 11:00:00","SCA|NO2","mFRR","Local","Down","4151.00","0.00"," "
"07/12/2023 12:00:00","SCA|NO2","mFRR","Local","Up","743.00","88.00"," "
"07/12/2023 12:00:00","SCA|NO2","mFRR","Local","Down","4177.00","0.00"," "
"07/12/2023 13:00:00","SCA|NO2","mFRR","Local","Up","720.00","88.00"," "
"07/12/2023 13:00:00","SCA|NO2","mFRR","Local","Down","3986.00","0.00"," "
"07/12/2023 14:00:00","SCA|NO2","mFRR","Local","Up","723.00","88.00"," "
"07/12/2023 14:00:00","SCA|NO2","mFRR","Local","Down","3982.50","0.00"," "
"07/12/2023 15:00:00","SCA|NO2","mFRR","Local","Up","768.00","88.00"," "
"07/12/2023 15:00:00","SCA|NO2","mFRR","Local","Down","4364.00","0.00"," "
"07/12/2023 16:00:00","SCA|NO2","mFRR","Local","Up","744.75","86.75"," "
"07/12/2023 16:00:00","SCA|NO2","mFRR","Local","Down","4438.00","0.00"," "
"07/12/2023 17:00:00","SCA|NO2","mFRR","Local","Up","759.00","87.00"," "
"07/12/2023 17:00:00","SCA|NO2","mFRR","Local","Down","4495.00","0.00"," "
"07/12/2023 18:00:00","SCA|NO2","mFRR","Local","Up","759.50","86.50"," "
"07/12/2023 18:00:00","SCA|NO2","mFRR","Local","Down","4396.00","0.00"," "
"07/12/2023 19:00:00","SCA|NO2","mFRR","Local","Up","895.00","73.00"," "
"07/12/2023 19:00:00","SCA|NO2","mFRR","Local","Down","4198.00","0.00"," "
"07/12/2023 20:00:00","SCA|NO2","mFRR","Local","Up","919.00","62.00"," "
"07/12/2023 20:00:00","SCA|NO2","mFRR","Local","Down","4175.00","0.00"," "
"07/12/2023 21:00:00","SCA|NO2","mFRR","Local","Up","994.00","62.00"," "
"07/12/2023 21:00:00","SCA|NO2","mFRR","Local","Down","4163.00","0.00"," "
"07/12/2023 22:00:00","SCA|NO2","mFRR","Local","Up","1396.00","81.50"," "
"07/12/2023 22:00:00","SCA|NO2","mFRR","Local","Down","3926.00","0.00"," "
"07/12/2023 23:00:00","SCA|NO2","mFRR","Local","Up","1637.00","99.00"," "
"07/12/2023 23:00:00","SCA|NO2","mFRR","Local","Down","3619.00","0.00"," "
"08/12/2023 00:00:00","SCA|NO2","mFRR","Local","Up","1403.00","0.00"," "
"08/12/2023 00:00:00","SCA|NO2","mFRR","Local","Down","3468.00","27.50"," "
"08/12/2023 01:00:00","SCA|NO2","mFRR","Local","Up","1660.00","0.00"," "
"08/12/2023 01:00:00","SCA|NO2","mFRR","Local","Down","3486.00","39.00"," "
"08/12/2023 02:00:00","SCA|NO2","mFRR","Local","Up","1717.00","0.00"," "
"08/12/2023 02:00:00","SCA|NO2","mFRR","Local","Down","3184.00","20.00"," "
"08/12/2023 03:00:00","SCA|NO2","mFRR","Local","Up","1969.00","0.00"," "
"08/12/2023 03:00:00","SCA|NO2","mFRR","Local","Down","2959.00","0.00"," "
"08/12/2023 04:00:00","SCA|NO2","mFRR","Local","Up","1820.00","0.00"," "
"08/12/2023 04:00:00","SCA|NO2","mFRR","Local","Down","3084.25","0.00"," "
"08/12/2023 05:00:00","SCA|NO2","mFRR","Local","Up","1808.50","0.00"," "
"08/12/2023 05:00:00","SCA|NO2","mFRR","Local","Down","3519.50","0.00"," "
"08/12/2023 06:00:00","SCA|NO2","mFRR","Local","Up","1225.00","0.00"," "
"08/12/2023 06:00:00","SCA|NO2","mFRR","Local","Down","4245.00","0.00"," "
"08/12/2023 07:00:00","SCA|NO2","mFRR","Local","Up","1006.00","64.50"," "
"08/12/2023 07:00:00","SCA|NO2","mFRR","Local","Down","4367.75","0.00"," "
"08/12/2023 08:00:00","SCA|NO2","mFRR","Local","Up","906.00","88.00"," "
"08/12/2023 08:00:00","SCA|NO2","mFRR","Local","Down","4393.00","0.00"," "
"08/12/2023 09:00:00","SCA|NO2","mFRR","Local","Up","905.00","44.00"," "
"08/12/2023 09:00:00","SCA|NO2","mFRR","Local","Down","4469.00","16.00"," "
"08/12/2023 10:00:00","SCA|NO2","mFRR","Local","Up","905.00","0.00"," "
"08/12/2023 10:00:00","SCA|NO2","mFRR","Local","Down","4456.25","31.00"," "
"08/12/2023 11:00:00","SCA|NO2","mFRR","Local","Up","923.00","0.00"," "
"08/12/2023 11:00:00","SCA|NO2","mFRR","Local","Down","4517.00","9.00"," "
"08/12/2023 12:00:00","SCA|NO2","mFRR","Local","Up","905.00","88.00"," "
"08/12/2023 12:00:00","SCA|NO2","mFRR","Local","Down","3532.00","0.00"," "
"08/12/2023 13:00:00","SCA|NO2","mFRR","Local","Up","935.00","108.25"," "
"08/12/2023 13:00:00","SCA|NO2","mFRR","Local","Down","3936.00","0.00"," "
"08/12/2023 14:00:00","SCA|NO2","mFRR","Local","Up","792.00","67.50"," "
"08/12/2023 14:00:00","SCA|NO2","mFRR","Local","Down","4559.00","0.00"," "
"08/12/2023 15:00:00","SCA|NO2","mFRR","Local","Up","798.00","0.00"," "
"08/12/2023 15:00:00","SCA|NO2","mFRR","Local","Down","4498.00","0.00"," "
"08/12/2023 16:00:00","SCA|NO2","mFRR","Local","Up","764.00","0.00"," "
"08/12/2023 16:00:00","SCA|NO2","mFRR","Local","Down","4507.00","0.00"," "
"08/12/2023 17:00:00","SCA|NO2","mFRR","Local","Up","762.00","0.00"," "
"08/12/2023 17:00:00","SCA|NO2","mFRR","Local","Down","4521.00","0.00"," "
"08/12/2023 18:00:00","SCA|NO2","mFRR","Local","Up","821.00","40.00"," "
"08/12/2023 18:00:00","SCA|NO2","mFRR","Local","Down","4472.00","0.00"," "
"08/12/2023 19:00:00","SCA|NO2","mFRR","Local","Up","864.00","40.00"," "
"08/12/2023 19:00:00","SCA|NO2","mFRR","Local","Down","4478.00","0.00"," "
"08/12/2023 20:00:00","SCA|NO2","mFRR","Local","Up","1183.00","94.00"," "
"08/12/2023 20:00:00","SCA|NO2","mFRR","Local","Down","4303.00","0.00"," "
"08/12/2023 21:00:00","SCA|NO2","mFRR","Local","Up","1293.00","78.00"," "
"08/12/2023 21:00:00","SCA|NO2","mFRR","Local","Down","4163.00","0.00"," "
"08/12/2023 22:00:00","SCA|NO2","mFRR","Local","Up","1590.25","78.00"," "
"08/12/2023 22:00:00","SCA|NO2","mFRR","Local","Down","3863.00","0.00"," "
"08/12/2023 23:00:00","SCA|NO2","mFRR","Local","Up","1723.00","244.00"," "
"08/12/2023 23:00:00","SCA|NO2","mFRR","Local","Down","3343.00","0.00"," "
"09/12/2023 00:00:00","SCA|NO2","mFRR","Local","Up","1307.50","79.00"," "
"09/12/2023 00:00:00","SCA|NO2","mFRR","Local","Down","3724.00","0.00"," "
"09/12/2023 01:00:00","SCA|NO2","mFRR","Local","Up","1710.50","163.25"," "
"09/12/2023 01:00:00","SCA|NO2","mFRR","Local","Down","3459.75","0.00"," "
"09/12/2023 02:00:00","SCA|NO2","mFRR","Local","Up","2723.00","198.00"," "
"09/12/2023 02:00:00","SCA|NO2","mFRR","Local","Down","2599.50","0.00"," "
"09/12/2023 03:00:00","SCA|NO2","mFRR","Local","Up","3166.50","207.00"," "
"09/12/2023 03:00:00","SCA|NO2","mFRR","Local","Down","2046.00","0.00"," "
"09/12/2023 04:00:00","SCA|NO2","mFRR","Local","Up","3337.00","213.00"," "
"09/12/2023 04:00:00","SCA|NO2","mFRR","Local","Down","1884.00","0.00"," "
"09/12/2023 05:00:00","SCA|NO2","mFRR","Local","Up","3064.00","120.00"," "
"09/12/2023 05:00:00","SCA|NO2","mFRR","Local","Down","1896.00","0.00"," "
"09/12/2023 06:00:00","SCA|NO2","mFRR","Local","Up","2554.00","51.50"," "
"09/12/2023 06:00:00","SCA|NO2","mFRR","Local","Down","2371.25","0.00"," "
"09/12/2023 07:00:00","SCA|NO2","mFRR","Local","Up","1576.25","0.00"," "
"09/12/2023 07:00:00","SCA|NO2","mFRR","Local","Down","3379.00","0.00"," "
"09/12/2023 08:00:00","SCA|NO2","mFRR","Local","Up","1112.00","0.00"," "
"09/12/2023 08:00:00","SCA|NO2","mFRR","Local","Down","3903.00","0.00"," "
"09/12/2023 09:00:00","SCA|NO2","mFRR","Local","Up","922.00","0.00"," "
"09/12/2023 09:00:00","SCA|NO2","mFRR","Local","Down","4227.00","0.00"," "
"09/12/2023 10:00:00","SCA|NO2","mFRR","Local","Up","885.00","0.00"," "
"09/12/2023 10:00:00","SCA|NO2","mFRR","Local","Down","4247.00","0.00"," "
"09/12/2023 11:00:00","SCA|NO2","mFRR","Local","Up","890.00","0.00"," "
"09/12/2023 11:00:00","SCA|NO2","mFRR","Local","Down","4043.00","0.00"," "
"09/12/2023 12:00:00","SCA|NO2","mFRR","Local","Up","919.00","0.00"," "
"09/12/2023 12:00:00","SCA|NO2","mFRR","Local","Down","4272.00","0.00"," "
"09/12/2023 13:00:00","SCA|NO2","mFRR","Local","Up","923.00","0.00"," "
"09/12/2023 13:00:00","SCA|NO2","mFRR","Local","Down","4111.00","0.00"," "
"09/12/2023 14:00:00","SCA|NO2","mFRR","Local","Up","955.00","25.00"," "
"09/12/2023 14:00:00","SCA|NO2","mFRR","Local","Down","4046.00","0.00"," "
"09/12/2023 15:00:00","SCA|NO2","mFRR","Local","Up","1002.50","100.00"," "
"09/12/2023 15:00:00","SCA|NO2","mFRR","Local","Down","3944.00","0.00"," "
"09/12/2023 16:00:00","SCA|NO2","mFRR","Local","Up","1122.25","100.00"," "
"09/12/2023 16:00:00","SCA|NO2","mFRR","Local","Down","3883.00","0.00"," "
"09/12/2023 17:00:00","SCA|NO2","mFRR","Local","Up","1150.00","0.00"," "
"09/12/2023 17:00:00","SCA|NO2","mFRR","Local","Down","3867.00","0.00"," "
"09/12/2023 18:00:00","SCA|NO2","mFRR","Local","Up","1821.00","0.00"," "
"09/12/2023 18:00:00","SCA|NO2","mFRR","Local","Down","3317.75","0.00"," "
"09/12/2023 19:00:00","SCA|NO2","mFRR","Local","Up","2663.00","0.00"," "
"09/12/2023 19:00:00","SCA|NO2","mFRR","Local","Down","2475.00","128.25"," "
"09/12/2023 20:00:00","SCA|NO2","mFRR","Local","Up","3209.00","0.00"," "
"09/12/2023 20:00:00","SCA|NO2","mFRR","Local","Down","2102.00","251.25"," "
"09/12/2023 21:00:00","SCA|NO2","mFRR","Local","Up","3534.00","0.00"," "
"09/12/2023 21:00:00","SCA|NO2","mFRR","Local","Down","1869.00","0.00"," "
"09/12/2023 22:00:00","SCA|NO2","mFRR","Local","Up","3750.00","120.00"," "
"09/12/2023 22:00:00","SCA|NO2","mFRR","Local","Down","1767.00","0.00"," "
"09/12/2023 23:00:00","SCA|NO2","mFRR","Local","Up","4068.00","0.00"," "
"09/12/2023 23:00:00","SCA|NO2","mFRR","Local","Down","1520.00","0.00"," "
"10/12/2023 00:00:00","SCA|NO2","mFRR","Local","Up","3466.00","0.00"," "
"10/12/2023 00:00:00","SCA|NO2","mFRR","Local","Down","1098.00","0.00"," "
"10/12/2023 01:00:00","SCA|NO2","mFRR","Local","Up","4404.00","15.00"," "
"10/12/2023 01:00:00","SCA|NO2","mFRR","Local","Down","1040.00","0.00"," "
"10/12/2023 02:00:00","SCA|NO2","mFRR","Local","Up","4630.00","0.00"," "
"10/12/2023 02:00:00","SCA|NO2","mFRR","Local","Down","801.00","0.00"," "
"10/12/2023 03:00:00","SCA|NO2","mFRR","Local","Up","4822.00","0.00"," "
"10/12/2023 03:00:00","SCA|NO2","mFRR","Local","Down","626.00","0.00"," "
"10/12/2023 04:00:00","SCA|NO2","mFRR","Local","Up","4892.00","0.00"," "
"10/12/2023 04:00:00","SCA|NO2","mFRR","Local","Down","550.00","0.00"," "
"10/12/2023 05:00:00","SCA|NO2","mFRR","Local","Up","4780.00","0.00"," "
"10/12/2023 05:00:00","SCA|NO2","mFRR","Local","Down","658.00","0.00"," "
"10/12/2023 06:00:00","SCA|NO2","mFRR","Local","Up","4546.00","0.00"," "
"10/12/2023 06:00:00","SCA|NO2","mFRR","Local","Down","810.00","79.50"," "
"10/12/2023 07:00:00","SCA|NO2","mFRR","Local","Up","4336.00","35.00"," "
"10/12/2023 07:00:00","SCA|NO2","mFRR","Local","Down","1197.00","0.00"," "
"10/12/2023 08:00:00","SCA|NO2","mFRR","Local","Up","3753.25","0.00"," "
"10/12/2023 08:00:00","SCA|NO2","mFRR","Local","Down","1705.50","146.75"," "
"10/12/2023 09:00:00","SCA|NO2","mFRR","Local","Up","3517.25","0.00"," "
"10/12/2023 09:00:00","SCA|NO2","mFRR","Local","Down","1929.50","159.75"," "
"10/12/2023 10:00:00","SCA|NO2","mFRR","Local","Up","3103.50","0.00"," "
"10/12/2023 10:00:00","SCA|NO2","mFRR","Local","Down","2076.50","39.50"," "
"10/12/2023 11:00:00","SCA|NO2","mFRR","Local","Up","2876.00","77.25"," "
"10/12/2023 11:00:00","SCA|NO2","mFRR","Local","Down","2102.00","0.00"," "
"10/12/2023 12:00:00","SCA|NO2","mFRR","Local","Up","3216.00","198.50"," "
"10/12/2023 12:00:00","SCA|NO2","mFRR","Local","Down","1987.00","0.00"," "
"10/12/2023 13:00:00","SCA|NO2","mFRR","Local","Up","3336.00","0.00"," "
"10/12/2023 13:00:00","SCA|NO2","mFRR","Local","Down","1948.00","0.00"," "
"10/12/2023 14:00:00","SCA|NO2","mFRR","Local","Up","2730.50","0.00"," "
"10/12/2023 14:00:00","SCA|NO2","mFRR","Local","Down","2661.00","0.00"," "
"10/12/2023 15:00:00","SCA|NO2","mFRR","Local","Up","1992.25","0.00"," "
"10/12/2023 15:00:00","SCA|NO2","mFRR","Local","Down","3168.00","0.00"," "
"10/12/2023 16:00:00","SCA|NO2","mFRR","Local","Up","1517.75","0.00"," "
"10/12/2023 16:00:00","SCA|NO2","mFRR","Local","Down","3483.50","16.50"," "
"10/12/2023 17:00:00","SCA|NO2","mFRR","Local","Up","1391.00","0.00"," "
"10/12/2023 17:00:00","SCA|NO2","mFRR","Local","Down","3649.00","16.00"," "
"10/12/2023 18:00:00","SCA|NO2","mFRR","Local","Up","1178.00","36.00"," "
"10/12/2023 18:00:00","SCA|NO2","mFRR","Local","Down","3983.00","0.00"," "
"10/12/2023 19:00:00","SCA|NO2","mFRR","Local","Up","1432.00","39.00"," "
"10/12/2023 19:00:00","SCA|NO2","mFRR","Local","Down","3628.00","0.00"," "
"10/12/2023 20:00:00","SCA|NO2","mFRR","Local","Up","2007.75","0.00"," "
"10/12/2023 20:00:00","SCA|NO2","mFRR","Local","Down","3089.00","0.00"," "
"10/12/2023 21:00:00","SCA|NO2","mFRR","Local","Up","2522.00","0.00"," "
"10/12/2023 21:00:00","SCA|NO2","mFRR","Local","Down","2640.00","0.00"," "
"10/12/2023 22:00:00","SCA|NO2","mFRR","Local","Up","2780.50","0.00"," "
"10/12/2023 22:00:00","SCA|NO2","mFRR","Local","Down","2394.75","0.00"," "
"10/12/2023 23:00:00","SCA|NO2","mFRR","Local","Up","3218.25","0.00"," "
"10/12/2023 23:00:00","SCA|NO2","mFRR","Local","Down","2044.00","114.00"," "
"11/12/2023 00:00:00","SCA|NO2","mFRR","Local","Up","3722.25","0.00"," "
"11/12/2023 00:00:00","SCA|NO2","mFRR","Local","Down","1931.00","0.00"," "
"11/12/2023 01:00:00","SCA|NO2","mFRR","Local","Up","4331.00","163.50"," "
"11/12/2023 01:00:00","SCA|NO2","mFRR","Local","Down","1402.50","0.00"," "
"11/12/2023 02:00:00","SCA|NO2","mFRR","Local","Up","4372.00","293.00"," "
"11/12/2023 02:00:00","SCA|NO2","mFRR","Local","Down","1377.00","0.00"," "
"11/12/2023 03:00:00","SCA|NO2","mFRR","Local","Up","4460.00","0.00"," "
"11/12/2023 03:00:00","SCA|NO2","mFRR","Local","Down","1134.00","0.00"," "
"11/12/2023 04:00:00","SCA|NO2","mFRR","Local","Up","4387.00","0.00"," "
"11/12/2023 04:00:00","SCA|NO2","mFRR","Local","Down","1195.00","0.00"," "
"11/12/2023 05:00:00","SCA|NO2","mFRR","Local","Up","4218.00","0.00"," "
"11/12/2023 05:00:00","SCA|NO2","mFRR","Local","Down","1536.00","0.00"," "
"11/12/2023 06:00:00","SCA|NO2","mFRR","Local","Up","2596.50","0.00"," "
"11/12/2023 06:00:00","SCA|NO2","mFRR","Local","Down","2762.75","0.00"," "
"11/12/2023 07:00:00","SCA|NO2","mFRR","Local","Up","1271.25","235.50"," "
"11/12/2023 07:00:00","SCA|NO2","mFRR","Local","Down","3764.25","0.00"," "
"11/12/2023 08:00:00","SCA|NO2","mFRR","Local","Up","964.00","45.00"," "
"11/12/2023 08:00:00","SCA|NO2","mFRR","Local","Down","4192.00","0.00"," "
"11/12/2023 09:00:00","SCA|NO2","mFRR","Local","Up","921.00","35.00"," "
"11/12/2023 09:00:00","SCA|NO2","mFRR","Local","Down","4209.00","0.00"," "
"11/12/2023 10:00:00","SCA|NO2","mFRR","Local","Up","1020.00","89.00"," "
"11/12/2023 10:00:00","SCA|NO2","mFRR","Local","Down","4296.00","0.00"," "
"11/12/2023 11:00:00","SCA|NO2","mFRR","Local","Up","1062.00","50.00"," "
"11/12/2023 11:00:00","SCA|NO2","mFRR","Local","Down","4273.00","0.00"," "
"11/12/2023 12:00:00","SCA|NO2","mFRR","Local","Up","1160.00","165.00"," "
"11/12/2023 12:00:00","SCA|NO2","mFRR","Local","Down","3374.75","0.00"," "
"11/12/2023 13:00:00","SCA|NO2","mFRR","Local","Up","1144.00","170.00"," "
"11/12/2023 13:00:00","SCA|NO2","mFRR","Local","Down","3357.00","0.00"," "
"11/12/2023 14:00:00","SCA|NO2","mFRR","Local","Up","1000.00","88.00"," "
"11/12/2023 14:00:00","SCA|NO2","mFRR","Local","Down","3530.00","0.00"," "
"11/12/2023 15:00:00","SCA|NO2","mFRR","Local","Up","919.00","50.00"," "
"11/12/2023 15:00:00","SCA|NO2","mFRR","Local","Down","4365.00","0.00"," "
"11/12/2023 16:00:00","SCA|NO2","mFRR","Local","Up","851.00","40.00"," "
"11/12/2023 16:00:00","SCA|NO2","mFRR","Local","Down","4554.00","0.00"," "
"11/12/2023 17:00:00","SCA|NO2","mFRR","Local","Up","844.00","0.00"," "
"11/12/2023 17:00:00","SCA|NO2","mFRR","Local","Down","4427.00","73.00"," "
"11/12/2023 18:00:00","SCA|NO2","mFRR","Local","Up","844.00","0.00"," "
"11/12/2023 18:00:00","SCA|NO2","mFRR","Local","Down","4430.00","5.00"," "
"11/12/2023 19:00:00","SCA|NO2","mFRR","Local","Up","883.00","30.00"," "
"11/12/2023 19:00:00","SCA|NO2","mFRR","Local","Down","4370.00","0.00"," "
"11/12/2023 20:00:00","SCA|NO2","mFRR","Local","Up","871.00","30.00"," "
"11/12/2023 20:00:00","SCA|NO2","mFRR","Local","Down","4378.00","0.00"," "
"11/12/2023 21:00:00","SCA|NO2","mFRR","Local","Up","1175.00","0.00"," "
"11/12/2023 21:00:00","SCA|NO2","mFRR","Local","Down","4089.00","15.50"," "
"11/12/2023 22:00:00","SCA|NO2","mFRR","Local","Up","1474.00","0.00"," "
"11/12/2023 22:00:00","SCA|NO2","mFRR","Local","Down","3862.00","0.00"," "
"11/12/2023 23:00:00","SCA|NO2","mFRR","Local","Up","1965.00","0.00"," "
"11/12/2023 23:00:00","SCA|NO2","mFRR","Local","Down","2920.00","0.00"," "
"12/12/2023 00:00:00","SCA|NO2","mFRR","Local","Up","1304.00","0.00"," "
"12/12/2023 00:00:00","SCA|NO2","mFRR","Local","Down","3065.00","45.25"," "
"12/12/2023 01:00:00","SCA|NO2","mFRR","Local","Up","1304.00","0.00"," "
"12/12/2023 01:00:00","SCA|NO2","mFRR","Local","Down","3383.00","78.00"," "
"12/12/2023 02:00:00","SCA|NO2","mFRR","Local","Up","1304.00","0.00"," "
"12/12/2023 02:00:00","SCA|NO2","mFRR","Local","Down","3391.00","79.00"," "
"12/12/2023 03:00:00","SCA|NO2","mFRR","Local","Up","1308.00","0.00"," "
"12/12/2023 03:00:00","SCA|NO2","mFRR","Local","Down","3401.00","148.50"," "
"12/12/2023 04:00:00","SCA|NO2","mFRR","Local","Up","1304.00","0.00"," "
"12/12/2023 04:00:00","SCA|NO2","mFRR","Local","Down","3407.00","143.00"," "
"12/12/2023 05:00:00","SCA|NO2","mFRR","Local","Up","1889.00","0.00"," "
"12/12/2023 05:00:00","SCA|NO2","mFRR","Local","Down","2878.50","72.00"," "
"12/12/2023 06:00:00","SCA|NO2","mFRR","Local","Up","1353.00","0.00"," "
"12/12/2023 06:00:00","SCA|NO2","mFRR","Local","Down","3688.50","292.50"," "
"12/12/2023 07:00:00","SCA|NO2","mFRR","Local","Up","901.00","0.00"," "
"12/12/2023 07:00:00","SCA|NO2","mFRR","Local","Down","3637.00","361.75"," "
"12/12/2023 08:00:00","SCA|NO2","mFRR","Local","Up","863.00","0.00"," "
"12/12/2023 08:00:00","SCA|NO2","mFRR","Local","Down","3616.00","558.25"," "
"12/12/2023 09:00:00","SCA|NO2","mFRR","Local","Up","877.00","0.00"," "
"12/12/2023 09:00:00","SCA|NO2","mFRR","Local","Down","3891.00","439.00"," "
"12/12/2023 10:00:00","SCA|NO2","mFRR","Local","Up","877.00","0.00"," "
"12/12/2023 10:00:00","SCA|NO2","mFRR","Local","Down","3896.00","283.50"," "
"12/12/2023 11:00:00","SCA|NO2","mFRR","Local","Up","881.00","0.00"," "
"12/12/2023 11:00:00","SCA|NO2","mFRR","Local","Down","3847.00","160.00"," "
"12/12/2023 12:00:00","SCA|NO2","mFRR","Local","Up","881.00","0.00"," "
"12/12/2023 12:00:00","SCA|NO2","mFRR","Local","Down","3790.00","105.00"," "
"12/12/2023 13:00:00","SCA|NO2","mFRR","Local","Up","877.00","0.00"," "
"12/12/2023 13:00:00","SCA|NO2","mFRR","Local","Down","3792.00","146.00"," "
"12/12/2023 14:00:00","SCA|NO2","mFRR","Local","Up","881.00","0.00"," "
"12/12/2023 14:00:00","SCA|NO2","mFRR","Local","Down","3773.00","71.00"," "
"12/12/2023 15:00:00","SCA|NO2","mFRR","Local","Up","904.00","0.00"," "
"12/12/2023 15:00:00","SCA|NO2","mFRR","Local","Down","4227.00","36.00"," "
"12/12/2023 16:00:00","SCA|NO2","mFRR","Local","Up","917.00","0.00"," "
"12/12/2023 16:00:00","SCA|NO2","mFRR","Local","Down","4275.00","112.25"," "
"12/12/2023 17:00:00","SCA|NO2","mFRR","Local","Up","996.00","0.00"," "
"12/12/2023 17:00:00","SCA|NO2","mFRR","Local","Down","4245.00","119.50"," "
"12/12/2023 18:00:00","SCA|NO2","mFRR","Local","Up","1014.00","0.00"," "
"12/12/2023 18:00:00","SCA|NO2","mFRR","Local","Down","4468.00","61.00"," "
"12/12/2023 19:00:00","SCA|NO2","mFRR","Local","Up","1402.00","0.00"," "
"12/12/2023 19:00:00","SCA|NO2","mFRR","Local","Down","4579.00","35.00"," "
"12/12/2023 20:00:00","SCA|NO2","mFRR","Local","Up","1464.00","0.00"," "
"12/12/2023 20:00:00","SCA|NO2","mFRR","Local","Down","4498.00","10.00"," "
"12/12/2023 21:00:00","SCA|NO2","mFRR","Local","Up","1648.50","0.00"," "
"12/12/2023 21:00:00","SCA|NO2","mFRR","Local","Down","4254.00","0.00"," "
"12/12/2023 22:00:00","SCA|NO2","mFRR","Local","Up","1752.50","0.00"," "
"12/12/2023 22:00:00","SCA|NO2","mFRR","Local","Down","4153.25","0.00"," "
"12/12/2023 23:00:00","SCA|NO2","mFRR","Local","Up","1763.00","0.00"," "
"12/12/2023 23:00:00","SCA|NO2","mFRR","Local","Down","4113.00","42.00"," "
"13/12/2023 00:00:00","SCA|NO2","mFRR","Local","Up","1358.00","0.00"," "
"13/12/2023 00:00:00","SCA|NO2","mFRR","Local","Down","3818.00","0.00"," "
"13/12/2023 01:00:00","SCA|NO2","mFRR","Local","Up","1513.00","0.00"," "
"13/12/2023 01:00:00","SCA|NO2","mFRR","Local","Down","4049.00","0.00"," "
"13/12/2023 02:00:00","SCA|NO2","mFRR","Local","Up","1538.00","0.00"," "
"13/12/2023 02:00:00","SCA|NO2","mFRR","Local","Down","4042.00","60.00"," "
"13/12/2023 03:00:00","SCA|NO2","mFRR","Local","Up","1605.00","0.00"," "
"13/12/2023 03:00:00","SCA|NO2","mFRR","Local","Down","3862.00","151.00"," "
"13/12/2023 04:00:00","SCA|NO2","mFRR","Local","Up","1608.50","0.00"," "
"13/12/2023 04:00:00","SCA|NO2","mFRR","Local","Down","3992.00","330.00"," "
"13/12/2023 05:00:00","SCA|NO2","mFRR","Local","Up","1919.00","0.00"," "
"13/12/2023 05:00:00","SCA|NO2","mFRR","Local","Down","3819.00","179.25"," "
"13/12/2023 06:00:00","SCA|NO2","mFRR","Local","Up","1821.00","0.00"," "
"13/12/2023 06:00:00","SCA|NO2","mFRR","Local","Down","3897.75","43.75"," "
"13/12/2023 07:00:00","SCA|NO2","mFRR","Local","Up","1049.00","0.00"," "
"13/12/2023 07:00:00","SCA|NO2","mFRR","Local","Down","3831.00","256.00"," "
"13/12/2023 08:00:00","SCA|NO2","mFRR","Local","Up","1074.00","0.00"," "
"13/12/2023 08:00:00","SCA|NO2","mFRR","Local","Down","3826.00","80.00"," "
"13/12/2023 09:00:00","SCA|NO2","mFRR","Local","Up","962.00","0.00"," "
"13/12/2023 09:00:00","SCA|NO2","mFRR","Local","Down","4038.00","178.00"," "
"13/12/2023 10:00:00","SCA|NO2","mFRR","Local","Up","974.00","0.00"," "
"13/12/2023 10:00:00","SCA|NO2","mFRR","Local","Down","4058.00","30.00"," "
"13/12/2023 11:00:00","SCA|NO2","mFRR","Local","Up","974.00","0.00"," "
"13/12/2023 11:00:00","SCA|NO2","mFRR","Local","Down","4197.00","15.00"," "
"13/12/2023 12:00:00","SCA|NO2","mFRR","Local","Up","1043.00","0.00"," "
"13/12/2023 12:00:00","SCA|NO2","mFRR","Local","Down","4144.00","13.00"," "
"13/12/2023 13:00:00","SCA|NO2","mFRR","Local","Up","977.00","0.00"," "
"13/12/2023 13:00:00","SCA|NO2","mFRR","Local","Down","4200.00","92.00"," "
"13/12/2023 14:00:00","SCA|NO2","mFRR","Local","Up","963.75","0.00"," "
"13/12/2023 14:00:00","SCA|NO2","mFRR","Local","Down","4218.00","0.00"," "
"13/12/2023 15:00:00","SCA|NO2","mFRR","Local","Up","936.00","0.00"," "
"13/12/2023 15:00:00","SCA|NO2","mFRR","Local","Down","4285.00","0.00"," "
"13/12/2023 16:00:00","SCA|NO2","mFRR","Local","Up","948.00","0.00"," "
"13/12/2023 16:00:00","SCA|NO2","mFRR","Local","Down","4288.00","0.00"," "
"13/12/2023 17:00:00","SCA|NO2","mFRR","Local","Up","927.00","0.00"," "
"13/12/2023 17:00:00","SCA|NO2","mFRR","Local","Down","4191.00","0.00"," "
"13/12/2023 18:00:00","SCA|NO2","mFRR","Local","Up","934.00","0.00"," "
"13/12/2023 18:00:00","SCA|NO2","mFRR","Local","Down","4255.00","0.00"," "
"13/12/2023 19:00:00","SCA|NO2","mFRR","Local","Up","1269.00","0.00"," "
"13/12/2023 19:00:00","SCA|NO2","mFRR","Local","Down","4453.00","55.00"," "
"13/12/2023 20:00:00","SCA|NO2","mFRR","Local","Up","1393.00","0.00"," "
"13/12/2023 20:00:00","SCA|NO2","mFRR","Local","Down","4351.00","165.00"," "
"13/12/2023 21:00:00","SCA|NO2","mFRR","Local","Up","1427.00","0.00"," "
"13/12/2023 21:00:00","SCA|NO2","mFRR","Local","Down","4284.00","267.00"," "
"13/12/2023 22:00:00","SCA|NO2","mFRR","Local","Up","1515.00","0.00"," "
"13/12/2023 22:00:00","SCA|NO2","mFRR","Local","Down","4093.00","255.25"," "
"13/12/2023 23:00:00","SCA|NO2","mFRR","Local","Up","1804.00","0.00"," "
"13/12/2023 23:00:00","SCA|NO2","mFRR","Local","Down","3822.00","43.50"," "
"14/12/2023 00:00:00","SCA|NO2","mFRR","Local","Up","1203.00","0.00"," "
"14/12/2023 00:00:00","SCA|NO2","mFRR","Local","Down","3845.00","82.50"," "
"14/12/2023 01:00:00","SCA|NO2","mFRR","Local","Up","1216.00","0.00"," "
"14/12/2023 01:00:00","SCA|NO2","mFRR","Local","Down","4279.00","24.50"," "
"14/12/2023 02:00:00","SCA|NO2","mFRR","Local","Up","1207.00","0.00"," "
"14/12/2023 02:00:00","SCA|NO2","mFRR","Local","Down","4292.00","0.00"," "
"14/12/2023 03:00:00","SCA|NO2","mFRR","Local","Up","1210.00","0.00"," "
"14/12/2023 03:00:00","SCA|NO2","mFRR","Local","Down","4292.00","0.00"," "
"14/12/2023 04:00:00","SCA|NO2","mFRR","Local","Up","1215.00","0.00"," "
"14/12/2023 04:00:00","SCA|NO2","mFRR","Local","Down","4370.00","0.00"," "
"14/12/2023 05:00:00","SCA|NO2","mFRR","Local","Up","1680.00","0.00"," "
"14/12/2023 05:00:00","SCA|NO2","mFRR","Local","Down","3880.00","73.00"," "
"14/12/2023 06:00:00","SCA|NO2","mFRR","Local","Up","1483.00","0.00"," "
"14/12/2023 06:00:00","SCA|NO2","mFRR","Local","Down","4395.50","275.75"," "
"14/12/2023 07:00:00","SCA|NO2","mFRR","Local","Up","1036.00","0.00"," "
"14/12/2023 07:00:00","SCA|NO2","mFRR","Local","Down","4270.00","195.75"," "
"14/12/2023 08:00:00","SCA|NO2","mFRR","Local","Up","997.00","0.00"," "
"14/12/2023 08:00:00","SCA|NO2","mFRR","Local","Down","4054.00","50.00"," "
"14/12/2023 09:00:00","SCA|NO2","mFRR","Local","Up","920.00","0.00"," "
"14/12/2023 09:00:00","SCA|NO2","mFRR","Local","Down","4068.00","0.00"," "
"14/12/2023 10:00:00","SCA|NO2","mFRR","Local","Up","919.00","0.00"," "
"14/12/2023 10:00:00","SCA|NO2","mFRR","Local","Down","4072.00","0.00"," "
"14/12/2023 11:00:00","SCA|NO2","mFRR","Local","Up","919.00","0.00"," "
"14/12/2023 11:00:00","SCA|NO2","mFRR","Local","Down","4375.00","0.00"," "
"14/12/2023 12:00:00","SCA|NO2","mFRR","Local","Up","941.00","0.00"," "
"14/12/2023 12:00:00","SCA|NO2","mFRR","Local","Down","4352.00","2.50"," "
"14/12/2023 13:00:00","SCA|NO2","mFRR","Local","Up","928.00","0.00"," "
"14/12/2023 13:00:00","SCA|NO2","mFRR","Local","Down","4431.00","0.00"," "
"14/12/2023 14:00:00","SCA|NO2","mFRR","Local","Up","916.00","0.00"," "
"14/12/2023 14:00:00","SCA|NO2","mFRR","Local","Down","4456.00","10.00"," "
"14/12/2023 15:00:00","SCA|NO2","mFRR","Local","Up","914.00","0.00"," "
"14/12/2023 15:00:00","SCA|NO2","mFRR","Local","Down","4419.00","32.50"," "
"14/12/2023 16:00:00","SCA|NO2","mFRR","Local","Up","917.00","0.00"," "
"14/12/2023 16:00:00","SCA|NO2","mFRR","Local","Down","4419.00","0.00"," "
"14/12/2023 17:00:00","SCA|NO2","mFRR","Local","Up","453.00","0.00"," "
"14/12/2023 17:00:00","SCA|NO2","mFRR","Local","Down","4260.50","177.00"," "
"14/12/2023 18:00:00","SCA|NO2","mFRR","Local","Up","980.00","0.00"," "
"14/12/2023 18:00:00","SCA|NO2","mFRR","Local","Down","4454.00","63.00"," "
"14/12/2023 19:00:00","SCA|NO2","mFRR","Local","Up","1102.00","0.00"," "
"14/12/2023 19:00:00","SCA|NO2","mFRR","Local","Down","4711.00","41.00"," "
"14/12/2023 20:00:00","SCA|NO2","mFRR","Local","Up","1364.00","0.00"," "
"14/12/2023 20:00:00","SCA|NO2","mFRR","Local","Down","4644.00","0.00"," "
"14/12/2023 21:00:00","SCA|NO2","mFRR","Local","Up","1400.00","0.00"," "
"14/12/2023 21:00:00","SCA|NO2","mFRR","Local","Down","4422.00","158.50"," "
"14/12/2023 22:00:00","SCA|NO2","mFRR","Local","Up","1427.00","0.00"," "
"14/12/2023 22:00:00","SCA|NO2","mFRR","Local","Down","4369.00","12.00"," "
"14/12/2023 23:00:00","SCA|NO2","mFRR","Local","Up","1567.00","0.00"," "
"14/12/2023 23:00:00","SCA|NO2","mFRR","Local","Down","4284.00","2.50"," "
"15/12/2023 00:00:00","SCA|NO2","mFRR","Local","Up","799.00","0.00"," "
"15/12/2023 00:00:00","SCA|NO2","mFRR","Local","Down","4644.00","10.00"," "
"15/12/2023 01:00:00","SCA|NO2","mFRR","Local","Up","839.00","0.00"," "
"15/12/2023 01:00:00","SCA|NO2","mFRR","Local","Down","4878.00","5.00"," "
"15/12/2023 02:00:00","SCA|NO2","mFRR","Local","Up","887.75","0.00"," "
"15/12/2023 02:00:00","SCA|NO2","mFRR","Local","Down","4817.00","34.00"," "
"15/12/2023 03:00:00","SCA|NO2","mFRR","Local","Up","1136.00","71.25"," "
"15/12/2023 03:00:00","SCA|NO2","mFRR","Local","Down","4506.00","0.00"," "
"15/12/2023 04:00:00","SCA|NO2","mFRR","Local","Up","1195.50","159.00"," "
"15/12/2023 04:00:00","SCA|NO2","mFRR","Local","Down","4464.00","0.00"," "
"15/12/2023 05:00:00","SCA|NO2","mFRR","Local","Up","1370.00","0.00"," "
"15/12/2023 05:00:00","SCA|NO2","mFRR","Local","Down","4615.00","31.50"," "
"15/12/2023 06:00:00","SCA|NO2","mFRR","Local","Up","901.00","0.00"," "
"15/12/2023 06:00:00","SCA|NO2","mFRR","Local","Down","5008.00","108.25"," "
"15/12/2023 07:00:00","SCA|NO2","mFRR","Local","Up","874.00","0.00"," "
"15/12/2023 07:00:00","SCA|NO2","mFRR","Local","Down","5160.00","7.50"," "
"15/12/2023 08:00:00","SCA|NO2","mFRR","Local","Up","854.00","0.00"," "
"15/12/2023 08:00:00","SCA|NO2","mFRR","Local","Down","5180.00","0.00"," "
"15/12/2023 09:00:00","SCA|NO2","mFRR","Local","Up","854.00","0.00"," "
"15/12/2023 09:00:00","SCA|NO2","mFRR","Local","Down","5291.00","0.00"," "
"15/12/2023 10:00:00","SCA|NO2","mFRR","Local","Up","854.00","0.00"," "
"15/12/2023 10:00:00","SCA|NO2","mFRR","Local","Down","5214.00","0.00"," "
"15/12/2023 11:00:00","SCA|NO2","mFRR","Local","Up","854.00","0.00"," "
"15/12/2023 11:00:00","SCA|NO2","mFRR","Local","Down","5184.00","0.00"," "
"15/12/2023 12:00:00","SCA|NO2","mFRR","Local","Up","893.00","0.00"," "
"15/12/2023 12:00:00","SCA|NO2","mFRR","Local","Down","5156.00","0.00"," "
"15/12/2023 13:00:00","SCA|NO2","mFRR","Local","Up","893.00","0.00"," "
"15/12/2023 13:00:00","SCA|NO2","mFRR","Local","Down","5154.00","0.00"," "
"15/12/2023 14:00:00","SCA|NO2","mFRR","Local","Up","895.00","0.00"," "
"15/12/2023 14:00:00","SCA|NO2","mFRR","Local","Down","5140.00","134.50"," "
"15/12/2023 15:00:00","SCA|NO2","mFRR","Local","Up","896.00","0.00"," "
"15/12/2023 15:00:00","SCA|NO2","mFRR","Local","Down","5144.00","153.00"," "
"15/12/2023 16:00:00","SCA|NO2","mFRR","Local","Up","893.00","0.00"," "
"15/12/2023 16:00:00","SCA|NO2","mFRR","Local","Down","5198.00","144.00"," "
"15/12/2023 17:00:00","SCA|NO2","mFRR","Local","Up","911.00","0.00"," "
"15/12/2023 17:00:00","SCA|NO2","mFRR","Local","Down","5172.00","0.00"," "
"15/12/2023 18:00:00","SCA|NO2","mFRR","Local","Up","984.00","23.50"," "
"15/12/2023 18:00:00","SCA|NO2","mFRR","Local","Down","4912.00","0.00"," "
"15/12/2023 19:00:00","SCA|NO2","mFRR","Local","Up","1019.00","0.00"," "
"15/12/2023 19:00:00","SCA|NO2","mFRR","Local","Down","4819.00","10.00"," "
"15/12/2023 20:00:00","SCA|NO2","mFRR","Local","Up","862.50","0.00"," "
"15/12/2023 20:00:00","SCA|NO2","mFRR","Local","Down","4449.00","116.00"," "
"15/12/2023 21:00:00","SCA|NO2","mFRR","Local","Up","1130.00","0.00"," "
"15/12/2023 21:00:00","SCA|NO2","mFRR","Local","Down","4515.00","170.00"," "
"15/12/2023 22:00:00","SCA|NO2","mFRR","Local","Up","1430.00","0.00"," "
"15/12/2023 22:00:00","SCA|NO2","mFRR","Local","Down","4370.00","248.75"," "
"15/12/2023 23:00:00","SCA|NO2","mFRR","Local","Up","1760.00","0.00"," "
"15/12/2023 23:00:00","SCA|NO2","mFRR","Local","Down","4100.00","430.00"," "
"16/12/2023 00:00:00","SCA|NO2","mFRR","Local","Up","2322.50","0.00"," "
"16/12/2023 00:00:00","SCA|NO2","mFRR","Local","Down","3112.75","126.00"," "
"16/12/2023 01:00:00","SCA|NO2","mFRR","Local","Up","3311.50","0.00"," "
"16/12/2023 01:00:00","SCA|NO2","mFRR","Local","Down","2783.00","0.00"," "
"16/12/2023 02:00:00","SCA|NO2","mFRR","Local","Up","3279.00","0.00"," "
"16/12/2023 02:00:00","SCA|NO2","mFRR","Local","Down","2655.00","0.00"," "
"16/12/2023 03:00:00","SCA|NO2","mFRR","Local","Up","3359.00","0.00"," "
"16/12/2023 03:00:00","SCA|NO2","mFRR","Local","Down","2586.00","0.00"," "
"16/12/2023 04:00:00","SCA|NO2","mFRR","Local","Up","3642.00","0.00"," "
"16/12/2023 04:00:00","SCA|NO2","mFRR","Local","Down","2320.00","0.00"," "
"16/12/2023 05:00:00","SCA|NO2","mFRR","Local","Up","3655.00","0.00"," "
"16/12/2023 05:00:00","SCA|NO2","mFRR","Local","Down","2286.00","0.00"," "
"16/12/2023 06:00:00","SCA|NO2","mFRR","Local","Up","3339.00","0.00"," "
"16/12/2023 06:00:00","SCA|NO2","mFRR","Local","Down","2659.00","0.00"," "
"16/12/2023 07:00:00","SCA|NO2","mFRR","Local","Up","3307.00","0.00"," "
"16/12/2023 07:00:00","SCA|NO2","mFRR","Local","Down","2716.00","0.00"," "
"16/12/2023 08:00:00","SCA|NO2","mFRR","Local","Up","3252.25","0.00"," "
"16/12/2023 08:00:00","SCA|NO2","mFRR","Local","Down","2769.00","0.00"," "
"16/12/2023 09:00:00","SCA|NO2","mFRR","Local","Up","3187.00","0.00"," "
"16/12/2023 09:00:00","SCA|NO2","mFRR","Local","Down","2858.00","0.00"," "
"16/12/2023 10:00:00","SCA|NO2","mFRR","Local","Up","2957.00","0.00"," "
"16/12/2023 10:00:00","SCA|NO2","mFRR","Local","Down","3156.00","0.00"," "
"16/12/2023 11:00:00","SCA|NO2","mFRR","Local","Up","3248.00","0.00"," "
"16/12/2023 11:00:00","SCA|NO2","mFRR","Local","Down","2822.00","0.00"," "
"16/12/2023 12:00:00","SCA|NO2","mFRR","Local","Up","3181.00","0.00"," "
"16/12/2023 12:00:00","SCA|NO2","mFRR","Local","Down","2964.00","0.00"," "
"16/12/2023 13:00:00","SCA|NO2","mFRR","Local","Up","3410.00","0.00"," "
"16/12/2023 13:00:00","SCA|NO2","mFRR","Local","Down","2697.00","0.00"," "
"16/12/2023 14:00:00","SCA|NO2","mFRR","Local","Up","3538.00","0.00"," "
"16/12/2023 14:00:00","SCA|NO2","mFRR","Local","Down","2561.00","51.75"," "
"16/12/2023 15:00:00","SCA|NO2","mFRR","Local","Up","3706.00","0.00"," "
"16/12/2023 15:00:00","SCA|NO2","mFRR","Local","Down","2478.00","162.50"," "
"16/12/2023 16:00:00","SCA|NO2","mFRR","Local","Up","3395.00","0.00"," "
"16/12/2023 16:00:00","SCA|NO2","mFRR","Local","Down","2728.00","6.50"," "
"16/12/2023 17:00:00","SCA|NO2","mFRR","Local","Up","3158.00","0.00"," "
"16/12/2023 17:00:00","SCA|NO2","mFRR","Local","Down","2866.00","0.00"," "
"16/12/2023 18:00:00","SCA|NO2","mFRR","Local","Up","3271.00","0.00"," "
"16/12/2023 18:00:00","SCA|NO2","mFRR","Local","Down","2873.00","0.00"," "
"16/12/2023 19:00:00","SCA|NO2","mFRR","Local","Up","3406.00","0.00"," "
"16/12/2023 19:00:00","SCA|NO2","mFRR","Local","Down","2713.00","0.00"," "
"16/12/2023 20:00:00","SCA|NO2","mFRR","Local","Up","3453.00","0.00"," "
"16/12/2023 20:00:00","SCA|NO2","mFRR","Local","Down","2660.00","24.50"," "
"16/12/2023 21:00:00","SCA|NO2","mFRR","Local","Up","3458.00","0.00"," "
"16/12/2023 21:00:00","SCA|NO2","mFRR","Local","Down","2613.00","115.00"," "
"16/12/2023 22:00:00","SCA|NO2","mFRR","Local","Up","3610.00","0.00"," "
"16/12/2023 22:00:00","SCA|NO2","mFRR","Local","Down","2031.00","114.00"," "
"16/12/2023 23:00:00","SCA|NO2","mFRR","Local","Up","3806.00","0.00"," "
"16/12/2023 23:00:00","SCA|NO2","mFRR","Local","Down","1994.00","103.00"," "
"17/12/2023 00:00:00","SCA|NO2","mFRR","Local","Up","3801.00","0.00"," "
"17/12/2023 00:00:00","SCA|NO2","mFRR","Local","Down","1719.00","109.00"," "
"17/12/2023 01:00:00","SCA|NO2","mFRR","Local","Up","4256.50","0.00"," "
"17/12/2023 01:00:00","SCA|NO2","mFRR","Local","Down","1826.50","0.00"," "
"17/12/2023 02:00:00","SCA|NO2","mFRR","Local","Up","4180.00","0.00"," "
"17/12/2023 02:00:00","SCA|NO2","mFRR","Local","Down","2004.00","0.00"," "
"17/12/2023 03:00:00","SCA|NO2","mFRR","Local","Up","4850.75","0.00"," "
"17/12/2023 03:00:00","SCA|NO2","mFRR","Local","Down","1396.00","0.00"," "
"17/12/2023 04:00:00","SCA|NO2","mFRR","Local","Up","5161.00","0.00"," "
"17/12/2023 04:00:00","SCA|NO2","mFRR","Local","Down","1115.00","0.00"," "
"17/12/2023 05:00:00","SCA|NO2","mFRR","Local","Up","5477.00","0.00"," "
"17/12/2023 05:00:00","SCA|NO2","mFRR","Local","Down","1142.00","0.00"," "
"17/12/2023 06:00:00","SCA|NO2","mFRR","Local","Up","5353.00","0.00"," "
"17/12/2023 06:00:00","SCA|NO2","mFRR","Local","Down","1220.00","0.00"," "
"17/12/2023 07:00:00","SCA|NO2","mFRR","Local","Up","4767.50","0.00"," "
"17/12/2023 07:00:00","SCA|NO2","mFRR","Local","Down","1750.50","0.00"," "
"17/12/2023 08:00:00","SCA|NO2","mFRR","Local","Up","4318.00","0.00"," "
"17/12/2023 08:00:00","SCA|NO2","mFRR","Local","Down","1716.00","0.00"," "
"17/12/2023 09:00:00","SCA|NO2","mFRR","Local","Up","3932.00","0.00"," "
"17/12/2023 09:00:00","SCA|NO2","mFRR","Local","Down","2523.00","0.00"," "
"17/12/2023 10:00:00","SCA|NO2","mFRR","Local","Up","3859.00","0.00"," "
"17/12/2023 10:00:00","SCA|NO2","mFRR","Local","Down","2601.00","0.00"," "
"17/12/2023 11:00:00","SCA|NO2","mFRR","Local","Up","4126.00","0.00"," "
"17/12/2023 11:00:00","SCA|NO2","mFRR","Local","Down","2326.00","51.00"," "
"17/12/2023 12:00:00","SCA|NO2","mFRR","Local","Up","4459.00","0.00"," "
"17/12/2023 12:00:00","SCA|NO2","mFRR","Local","Down","1554.00","117.00"," "
"17/12/2023 13:00:00","SCA|NO2","mFRR","Local","Up","4684.00","0.00"," "
"17/12/2023 13:00:00","SCA|NO2","mFRR","Local","Down","1708.00","416.00"," "
"17/12/2023 14:00:00","SCA|NO2","mFRR","Local","Up","4212.00","0.00"," "
"17/12/2023 14:00:00","SCA|NO2","mFRR","Local","Down","2303.00","266.25"," "
"17/12/2023 15:00:00","SCA|NO2","mFRR","Local","Up","3639.00","0.00"," "
"17/12/2023 15:00:00","SCA|NO2","mFRR","Local","Down","2711.00","0.00"," "
"17/12/2023 16:00:00","SCA|NO2","mFRR","Local","Up","2979.25","0.00"," "
"17/12/2023 16:00:00","SCA|NO2","mFRR","Local","Down","3094.00","0.00"," "
"17/12/2023 17:00:00","SCA|NO2","mFRR","Local","Up","2983.00","0.00"," "
"17/12/2023 17:00:00","SCA|NO2","mFRR","Local","Down","3091.00","0.00"," "
"17/12/2023 18:00:00","SCA|NO2","mFRR","Local","Up","3019.50","0.00"," "
"17/12/2023 18:00:00","SCA|NO2","mFRR","Local","Down","3023.00","43.75"," "
"17/12/2023 19:00:00","SCA|NO2","mFRR","Local","Up","3050.00","0.00"," "
"17/12/2023 19:00:00","SCA|NO2","mFRR","Local","Down","2983.00","267.00"," "
"17/12/2023 20:00:00","SCA|NO2","mFRR","Local","Up","3305.25","0.00"," "
"17/12/2023 20:00:00","SCA|NO2","mFRR","Local","Down","2845.25","217.00"," "
"17/12/2023 21:00:00","SCA|NO2","mFRR","Local","Up","3383.00","0.00"," "
"17/12/2023 21:00:00","SCA|NO2","mFRR","Local","Down","2822.00","312.00"," "
"17/12/2023 22:00:00","SCA|NO2","mFRR","Local","Up","3501.00","0.00"," "
"17/12/2023 22:00:00","SCA|NO2","mFRR","Local","Down","2716.75","158.75"," "
"17/12/2023 23:00:00","SCA|NO2","mFRR","Local","Up","3964.00","0.00"," "
"17/12/2023 23:00:00","SCA|NO2","mFRR","Local","Down","2326.00","43.00"," "
"18/12/2023 00:00:00","SCA|NO2","mFRR","Local","Up","3752.00","0.00"," "
"18/12/2023 00:00:00","SCA|NO2","mFRR","Local","Down","2422.00","18.00"," "
"18/12/2023 01:00:00","SCA|NO2","mFRR","Local","Up","3909.00","0.00"," "
"18/12/2023 01:00:00","SCA|NO2","mFRR","Local","Down","2356.00","0.00"," "
"18/12/2023 02:00:00","SCA|NO2","mFRR","Local","Up","4021.00","0.00"," "
"18/12/2023 02:00:00","SCA|NO2","mFRR","Local","Down","2207.00","0.00"," "
"18/12/2023 03:00:00","SCA|NO2","mFRR","Local","Up","4074.00","0.00"," "
"18/12/2023 03:00:00","SCA|NO2","mFRR","Local","Down","2087.00","0.00"," "
"18/12/2023 04:00:00","SCA|NO2","mFRR","Local","Up","3739.00","0.00"," "
"18/12/2023 04:00:00","SCA|NO2","mFRR","Local","Down","2415.00","0.00"," "
"18/12/2023 05:00:00","SCA|NO2","mFRR","Local","Up","3592.00","0.00"," "
"18/12/2023 05:00:00","SCA|NO2","mFRR","Local","Down","2865.25","0.00"," "
"18/12/2023 06:00:00","SCA|NO2","mFRR","Local","Up","2858.00","0.00"," "
"18/12/2023 06:00:00","SCA|NO2","mFRR","Local","Down","3254.50","177.50"," "
"18/12/2023 07:00:00","SCA|NO2","mFRR","Local","Up","2226.00","0.00"," "
"18/12/2023 07:00:00","SCA|NO2","mFRR","Local","Down","3689.00","76.00"," "
"18/12/2023 08:00:00","SCA|NO2","mFRR","Local","Up","1800.00","0.00"," "
"18/12/2023 08:00:00","SCA|NO2","mFRR","Local","Down","4253.00","316.00"," "
"18/12/2023 09:00:00","SCA|NO2","mFRR","Local","Up","2181.00","0.00"," "
"18/12/2023 09:00:00","SCA|NO2","mFRR","Local","Down","4119.00","269.50"," "
"18/12/2023 10:00:00","SCA|NO2","mFRR","Local","Up","1831.00","0.00"," "
"18/12/2023 10:00:00","SCA|NO2","mFRR","Local","Down","4431.00","69.50"," "
"18/12/2023 11:00:00","SCA|NO2","mFRR","Local","Up","2076.25","0.00"," "
"18/12/2023 11:00:00","SCA|NO2","mFRR","Local","Down","4102.00","10.00"," "
"18/12/2023 12:00:00","SCA|NO2","mFRR","Local","Up","1946.00","0.00"," "
"18/12/2023 12:00:00","SCA|NO2","mFRR","Local","Down","4237.00","47.75"," "
"18/12/2023 13:00:00","SCA|NO2","mFRR","Local","Up","1737.25","0.00"," "
"18/12/2023 13:00:00","SCA|NO2","mFRR","Local","Down","4471.00","472.00"," "
"18/12/2023 14:00:00","SCA|NO2","mFRR","Local","Up","2056.25","0.00"," "
"18/12/2023 14:00:00","SCA|NO2","mFRR","Local","Down","4249.00","158.00"," "
"18/12/2023 15:00:00","SCA|NO2","mFRR","Local","Up","2151.00","0.00"," "
"18/12/2023 15:00:00","SCA|NO2","mFRR","Local","Down","4086.00","43.00"," "
"18/12/2023 16:00:00","SCA|NO2","mFRR","Local","Up","2294.50","0.00"," "
"18/12/2023 16:00:00","SCA|NO2","mFRR","Local","Down","4063.00","0.00"," "
"18/12/2023 17:00:00","SCA|NO2","mFRR","Local","Up","2318.75","0.00"," "
"18/12/2023 17:00:00","SCA|NO2","mFRR","Local","Down","4123.00","50.25"," "
"18/12/2023 18:00:00","SCA|NO2","mFRR","Local","Up","2902.75","0.00"," "
"18/12/2023 18:00:00","SCA|NO2","mFRR","Local","Down","3329.25","32.00"," "
"18/12/2023 19:00:00","SCA|NO2","mFRR","Local","Up","3149.00","0.00"," "
"18/12/2023 19:00:00","SCA|NO2","mFRR","Local","Down","3328.00","51.00"," "
"18/12/2023 20:00:00","SCA|NO2","mFRR","Local","Up","3816.00","0.00"," "
"18/12/2023 20:00:00","SCA|NO2","mFRR","Local","Down","2857.00","0.00"," "
"18/12/2023 21:00:00","SCA|NO2","mFRR","Local","Up","3663.00","0.00"," "
"18/12/2023 21:00:00","SCA|NO2","mFRR","Local","Down","2863.00","0.00"," "
"18/12/2023 22:00:00","SCA|NO2","mFRR","Local","Up","3972.50","0.00"," "
"18/12/2023 22:00:00","SCA|NO2","mFRR","Local","Down","2608.50","0.00"," "
"18/12/2023 23:00:00","SCA|NO2","mFRR","Local","Up","4335.00","0.00"," "
"18/12/2023 23:00:00","SCA|NO2","mFRR","Local","Down","2356.00","0.00"," "
"19/12/2023 00:00:00","SCA|NO2","mFRR","Local","Up","4210.25","447.75"," "
"19/12/2023 00:00:00","SCA|NO2","mFRR","Local","Down","1553.00","0.00"," "
"19/12/2023 01:00:00","SCA|NO2","mFRR","Local","Up","4641.00","677.00"," "
"19/12/2023 01:00:00","SCA|NO2","mFRR","Local","Down","1209.25","0.00"," "
"19/12/2023 02:00:00","SCA|NO2","mFRR","Local","Up","4637.00","735.00"," "
"19/12/2023 02:00:00","SCA|NO2","mFRR","Local","Down","1206.00","0.00"," "
"19/12/2023 03:00:00","SCA|NO2","mFRR","Local","Up","4081.00","90.00"," "
"19/12/2023 03:00:00","SCA|NO2","mFRR","Local","Down","1721.00","0.00"," "
"19/12/2023 04:00:00","SCA|NO2","mFRR","Local","Up","3320.50","54.50"," "
"19/12/2023 04:00:00","SCA|NO2","mFRR","Local","Down","2541.50","0.00"," "
"19/12/2023 05:00:00","SCA|NO2","mFRR","Local","Up","3459.50","0.00"," "
"19/12/2023 05:00:00","SCA|NO2","mFRR","Local","Down","2735.50","0.00"," "
"19/12/2023 06:00:00","SCA|NO2","mFRR","Local","Up","2794.00","0.00"," "
"19/12/2023 06:00:00","SCA|NO2","mFRR","Local","Down","3196.25","0.00"," "
"19/12/2023 07:00:00","SCA|NO2","mFRR","Local","Up","1740.25","0.00"," "
"19/12/2023 07:00:00","SCA|NO2","mFRR","Local","Down","4217.00","32.25"," "
"19/12/2023 08:00:00","SCA|NO2","mFRR","Local","Up","1241.50","0.00"," "
"19/12/2023 08:00:00","SCA|NO2","mFRR","Local","Down","4514.50","0.00"," "
"19/12/2023 09:00:00","SCA|NO2","mFRR","Local","Up","1324.00","0.00"," "
"19/12/2023 09:00:00","SCA|NO2","mFRR","Local","Down","4490.00","314.50"," "
"19/12/2023 10:00:00","SCA|NO2","mFRR","Local","Up","1028.00","0.00"," "
"19/12/2023 10:00:00","SCA|NO2","mFRR","Local","Down","4645.75","485.00"," "
"19/12/2023 11:00:00","SCA|NO2","mFRR","Local","Up","1044.00","0.00"," "
"19/12/2023 11:00:00","SCA|NO2","mFRR","Local","Down","4643.25","476.00"," "
"19/12/2023 12:00:00","SCA|NO2","mFRR","Local","Up","1217.25","0.00"," "
"19/12/2023 12:00:00","SCA|NO2","mFRR","Local","Down","4572.75","457.00"," "
"19/12/2023 13:00:00","SCA|NO2","mFRR","Local","Up","1051.00","0.00"," "
"19/12/2023 13:00:00","SCA|NO2","mFRR","Local","Down","4660.25","533.00"," "
"19/12/2023 14:00:00","SCA|NO2","mFRR","Local","Up","1066.00","0.00"," "
"19/12/2023 14:00:00","SCA|NO2","mFRR","Local","Down","4726.00","493.00"," "
"19/12/2023 15:00:00","SCA|NO2","mFRR","Local","Up","1070.00","0.00"," "
"19/12/2023 15:00:00","SCA|NO2","mFRR","Local","Down","4658.00","185.00"," "
"19/12/2023 16:00:00","SCA|NO2","mFRR","Local","Up","976.00","0.00"," "
"19/12/2023 16:00:00","SCA|NO2","mFRR","Local","Down","4854.00","86.00"," "
"19/12/2023 17:00:00","SCA|NO2","mFRR","Local","Up","857.00","0.00"," "
"19/12/2023 17:00:00","SCA|NO2","mFRR","Local","Down","4962.00","75.00"," "
"19/12/2023 18:00:00","SCA|NO2","mFRR","Local","Up","1148.50","0.00"," "
"19/12/2023 18:00:00","SCA|NO2","mFRR","Local","Down","4660.75","2.50"," "
"19/12/2023 19:00:00","SCA|NO2","mFRR","Local","Up","1651.75","0.00"," "
"19/12/2023 19:00:00","SCA|NO2","mFRR","Local","Down","4355.50","0.00"," "
"19/12/2023 20:00:00","SCA|NO2","mFRR","Local","Up","1856.00","0.00"," "
"19/12/2023 20:00:00","SCA|NO2","mFRR","Local","Down","4114.25","0.00"," "
"19/12/2023 21:00:00","SCA|NO2","mFRR","Local","Up","2416.50","0.00"," "
"19/12/2023 21:00:00","SCA|NO2","mFRR","Local","Down","3683.00","0.00"," "
"19/12/2023 22:00:00","SCA|NO2","mFRR","Local","Up","2767.00","0.00"," "
"19/12/2023 22:00:00","SCA|NO2","mFRR","Local","Down","3497.00","0.00"," "
"19/12/2023 23:00:00","SCA|NO2","mFRR","Local","Up","3189.00","0.00"," "
"19/12/2023 23:00:00","SCA|NO2","mFRR","Local","Down","2999.50","0.00"," "
"20/12/2023 00:00:00","SCA|NO2","mFRR","Local","Up","3247.75","0.00"," "
"20/12/2023 00:00:00","SCA|NO2","mFRR","Local","Down","2388.25","0.00"," "
"20/12/2023 01:00:00","SCA|NO2","mFRR","Local","Up","4525.75","0.00"," "
"20/12/2023 01:00:00","SCA|NO2","mFRR","Local","Down","1676.00","0.00"," "
"20/12/2023 02:00:00","SCA|NO2","mFRR","Local","Up","4788.00","0.00"," "
"20/12/2023 02:00:00","SCA|NO2","mFRR","Local","Down","1488.00","41.00"," "
"20/12/2023 03:00:00","SCA|NO2","mFRR","Local","Up","5116.00","0.00"," "
"20/12/2023 03:00:00","SCA|NO2","mFRR","Local","Down","1097.00","0.00"," "
"20/12/2023 04:00:00","SCA|NO2","mFRR","Local","Up","5213.00","0.00"," "
"20/12/2023 04:00:00","SCA|NO2","mFRR","Local","Down","1089.25","0.00"," "
"20/12/2023 05:00:00","SCA|NO2","mFRR","Local","Up","5446.75","0.00"," "
"20/12/2023 05:00:00","SCA|NO2","mFRR","Local","Down","969.25","189.75"," "
"20/12/2023 06:00:00","SCA|NO2","mFRR","Local","Up","4412.25","0.00"," "
"20/12/2023 06:00:00","SCA|NO2","mFRR","Local","Down","1786.75","89.50"," "
"20/12/2023 07:00:00","SCA|NO2","mFRR","Local","Up","2807.00","0.00"," "
"20/12/2023 07:00:00","SCA|NO2","mFRR","Local","Down","2704.00","0.00"," "
"20/12/2023 08:00:00","SCA|NO2","mFRR","Local","Up","2178.00","60.00"," "
"20/12/2023 08:00:00","SCA|NO2","mFRR","Local","Down","3679.75","0.00"," "
"20/12/2023 09:00:00","SCA|NO2","mFRR","Local","Up","2057.00","55.50"," "
"20/12/2023 09:00:00","SCA|NO2","mFRR","Local","Down","3921.00","0.00"," "
"20/12/2023 10:00:00","SCA|NO2","mFRR","Local","Up","2031.00","96.00"," "
"20/12/2023 10:00:00","SCA|NO2","mFRR","Local","Down","4027.00","0.00"," "
"20/12/2023 11:00:00","SCA|NO2","mFRR","Local","Up","2120.00","75.75"," "
"20/12/2023 11:00:00","SCA|NO2","mFRR","Local","Down","3944.00","0.00"," "
"20/12/2023 12:00:00","SCA|NO2","mFRR","Local","Up","2326.50","0.00"," "
"20/12/2023 12:00:00","SCA|NO2","mFRR","Local","Down","3646.00","38.25"," "
"20/12/2023 13:00:00","SCA|NO2","mFRR","Local","Up","2540.25","0.00"," "
"20/12/2023 13:00:00","SCA|NO2","mFRR","Local","Down","3629.50","0.00"," "
"20/12/2023 14:00:00","SCA|NO2","mFRR","Local","Up","2198.75","0.00"," "
"20/12/2023 14:00:00","SCA|NO2","mFRR","Local","Down","3846.50","42.50"," "
"20/12/2023 15:00:00","SCA|NO2","mFRR","Local","Up","1765.25","0.00"," "
"20/12/2023 15:00:00","SCA|NO2","mFRR","Local","Down","4087.25","52.75"," "
"20/12/2023 16:00:00","SCA|NO2","mFRR","Local","Up","1471.00","0.00"," "
"20/12/2023 16:00:00","SCA|NO2","mFRR","Local","Down","4411.00","0.00"," "
"20/12/2023 17:00:00","SCA|NO2","mFRR","Local","Up","1616.00","0.00"," "
"20/12/2023 17:00:00","SCA|NO2","mFRR","Local","Down","4340.00","0.00"," "
"20/12/2023 18:00:00","SCA|NO2","mFRR","Local","Up","1456.00","0.00"," "
"20/12/2023 18:00:00","SCA|NO2","mFRR","Local","Down","4364.00","0.00"," "
"20/12/2023 19:00:00","SCA|NO2","mFRR","Local","Up","1652.00","13.00"," "
"20/12/2023 19:00:00","SCA|NO2","mFRR","Local","Down","4159.00","0.00"," "
"20/12/2023 20:00:00","SCA|NO2","mFRR","Local","Up","1739.00","29.00"," "
"20/12/2023 20:00:00","SCA|NO2","mFRR","Local","Down","4050.50","0.00"," "
"20/12/2023 21:00:00","SCA|NO2","mFRR","Local","Up","2193.75","33.00"," "
"20/12/2023 21:00:00","SCA|NO2","mFRR","Local","Down","3732.00","10.50"," "
"20/12/2023 22:00:00","SCA|NO2","mFRR","Local","Up","2920.25","0.00"," "
"20/12/2023 22:00:00","SCA|NO2","mFRR","Local","Down","2931.75","374.75"," "
"20/12/2023 23:00:00","SCA|NO2","mFRR","Local","Up","4085.75","0.00"," "
"20/12/2023 23:00:00","SCA|NO2","mFRR","Local","Down","1629.50","316.75"," "
"21/12/2023 00:00:00","SCA|NO2","mFRR","Local","Up","4753.75","0.00"," "
"21/12/2023 00:00:00","SCA|NO2","mFRR","Local","Down","1236.00","0.00"," "
"21/12/2023 01:00:00","SCA|NO2","mFRR","Local","Up","5056.50","0.00"," "
"21/12/2023 01:00:00","SCA|NO2","mFRR","Local","Down","1108.50","0.00"," "
"21/12/2023 02:00:00","SCA|NO2","mFRR","Local","Up","5091.00","0.00"," "
"21/12/2023 02:00:00","SCA|NO2","mFRR","Local","Down","929.00","0.00"," "
"21/12/2023 03:00:00","SCA|NO2","mFRR","Local","Up","5140.00","0.00"," "
"21/12/2023 03:00:00","SCA|NO2","mFRR","Local","Down","863.00","0.00"," "
"21/12/2023 04:00:00","SCA|NO2","mFRR","Local","Up","5519.00","0.00"," "
"21/12/2023 04:00:00","SCA|NO2","mFRR","Local","Down","855.00","0.00"," "
"21/12/2023 05:00:00","SCA|NO2","mFRR","Local","Up","5946.00","0.00"," "
"21/12/2023 05:00:00","SCA|NO2","mFRR","Local","Down","876.00","0.00"," "
"21/12/2023 06:00:00","SCA|NO2","mFRR","Local","Up","5453.00","0.00"," "
"21/12/2023 06:00:00","SCA|NO2","mFRR","Local","Down","862.75","0.00"," "
"21/12/2023 07:00:00","SCA|NO2","mFRR","Local","Up","4636.50","0.00"," "
"21/12/2023 07:00:00","SCA|NO2","mFRR","Local","Down","1300.50","0.00"," "
"21/12/2023 08:00:00","SCA|NO2","mFRR","Local","Up","4110.00","78.00"," "
"21/12/2023 08:00:00","SCA|NO2","mFRR","Local","Down","1632.00","0.00"," "
"21/12/2023 09:00:00","SCA|NO2","mFRR","Local","Up","4096.00","78.00"," "
"21/12/2023 09:00:00","SCA|NO2","mFRR","Local","Down","2186.00","0.00"," "
"21/12/2023 10:00:00","SCA|NO2","mFRR","Local","Up","3671.00","109.00"," "
"21/12/2023 10:00:00","SCA|NO2","mFRR","Local","Down","2404.00","0.00"," "
"21/12/2023 11:00:00","SCA|NO2","mFRR","Local","Up","3611.00","58.50"," "
"21/12/2023 11:00:00","SCA|NO2","mFRR","Local","Down","2421.00","0.00"," "
"21/12/2023 12:00:00","SCA|NO2","mFRR","Local","Up","3352.00","0.00"," "
"21/12/2023 12:00:00","SCA|NO2","mFRR","Local","Down","2605.00","0.00"," "
"21/12/2023 13:00:00","SCA|NO2","mFRR","Local","Up","3546.00","58.50"," "
"21/12/2023 13:00:00","SCA|NO2","mFRR","Local","Down","2638.00","0.00"," "
"21/12/2023 14:00:00","SCA|NO2","mFRR","Local","Up","3378.00","411.00"," "
"21/12/2023 14:00:00","SCA|NO2","mFRR","Local","Down","2733.00","0.00"," "
"21/12/2023 15:00:00","SCA|NO2","mFRR","Local","Up","3312.00","256.00"," "
"21/12/2023 15:00:00","SCA|NO2","mFRR","Local","Down","2942.00","0.00"," "
"21/12/2023 16:00:00","SCA|NO2","mFRR","Local","Up","3216.75","233.00"," "
"21/12/2023 16:00:00","SCA|NO2","mFRR","Local","Down","2898.00","0.00"," "
"21/12/2023 17:00:00","SCA|NO2","mFRR","Local","Up","3416.00","160.75"," "
"21/12/2023 17:00:00","SCA|NO2","mFRR","Local","Down","2447.00","0.00"," "
"21/12/2023 18:00:00","SCA|NO2","mFRR","Local","Up","3528.50","248.00"," "
"21/12/2023 18:00:00","SCA|NO2","mFRR","Local","Down","2235.00","0.00"," "
"21/12/2023 19:00:00","SCA|NO2","mFRR","Local","Up","3755.00","290.00"," "
"21/12/2023 19:00:00","SCA|NO2","mFRR","Local","Down","2095.00","0.00"," "
"21/12/2023 20:00:00","SCA|NO2","mFRR","Local","Up","4357.00","443.00"," "
"21/12/2023 20:00:00","SCA|NO2","mFRR","Local","Down","2046.00","0.00"," "
"21/12/2023 21:00:00","SCA|NO2","mFRR","Local","Up","5059.00","832.00"," "
"21/12/2023 21:00:00","SCA|NO2","mFRR","Local","Down","1538.00","0.00"," "
"21/12/2023 22:00:00","SCA|NO2","mFRR","Local","Up","5123.00","730.00"," "
"21/12/2023 22:00:00","SCA|NO2","mFRR","Local","Down","1353.00","0.00"," "
"21/12/2023 23:00:00","SCA|NO2","mFRR","Local","Up","5603.00","130.50"," "
"21/12/2023 23:00:00","SCA|NO2","mFRR","Local","Down","896.75","0.00"," "
"22/12/2023 00:00:00","SCA|NO2","mFRR","Local","Up","6265.25","0.00"," "
"22/12/2023 00:00:00","SCA|NO2","mFRR","Local","Down","457.00","0.00"," "
"22/12/2023 01:00:00","SCA|NO2","mFRR","Local","Up","6465.00","0.00"," "
"22/12/2023 01:00:00","SCA|NO2","mFRR","Local","Down","454.00","0.00"," "
"22/12/2023 02:00:00","SCA|NO2","mFRR","Local","Up","6465.00","0.00"," "
"22/12/2023 02:00:00","SCA|NO2","mFRR","Local","Down","459.00","0.00"," "
"22/12/2023 03:00:00","SCA|NO2","mFRR","Local","Up","6478.00","0.00"," "
"22/12/2023 03:00:00","SCA|NO2","mFRR","Local","Down","459.00","0.00"," "
"22/12/2023 04:00:00","SCA|NO2","mFRR","Local","Up","6465.00","0.00"," "
"22/12/2023 04:00:00","SCA|NO2","mFRR","Local","Down","480.00","0.00"," "
"22/12/2023 05:00:00","SCA|NO2","mFRR","Local","Up","6986.00","0.00"," "
"22/12/2023 05:00:00","SCA|NO2","mFRR","Local","Down","353.00","0.00"," "
"22/12/2023 06:00:00","SCA|NO2","mFRR","Local","Up","6161.50","0.00"," "
"22/12/2023 06:00:00","SCA|NO2","mFRR","Local","Down","789.50","0.00"," "
"22/12/2023 07:00:00","SCA|NO2","mFRR","Local","Up","5243.00","0.00"," "
"22/12/2023 07:00:00","SCA|NO2","mFRR","Local","Down","1486.75","0.00"," "
"22/12/2023 08:00:00","SCA|NO2","mFRR","Local","Up","4840.00","0.00"," "
"22/12/2023 08:00:00","SCA|NO2","mFRR","Local","Down","1731.00","0.00"," "
"22/12/2023 09:00:00","SCA|NO2","mFRR","Local","Up","4258.25","0.00"," "
"22/12/2023 09:00:00","SCA|NO2","mFRR","Local","Down","2266.00","0.00"," "
"22/12/2023 10:00:00","SCA|NO2","mFRR","Local","Up","3783.00","0.00"," "
"22/12/2023 10:00:00","SCA|NO2","mFRR","Local","Down","2710.00","0.00"," "
"22/12/2023 11:00:00","SCA|NO2","mFRR","Local","Up","3775.75","0.00"," "
"22/12/2023 11:00:00","SCA|NO2","mFRR","Local","Down","2643.00","0.00"," "
"22/12/2023 12:00:00","SCA|NO2","mFRR","Local","Up","4233.00","0.00"," "
"22/12/2023 12:00:00","SCA|NO2","mFRR","Local","Down","2238.00","0.00"," "
"22/12/2023 13:00:00","SCA|NO2","mFRR","Local","Up","4330.00","0.00"," "
"22/12/2023 13:00:00","SCA|NO2","mFRR","Local","Down","2111.00","0.00"," "
"22/12/2023 14:00:00","SCA|NO2","mFRR","Local","Up","4209.00","0.00"," "
"22/12/2023 14:00:00","SCA|NO2","mFRR","Local","Down","2183.00","0.00"," "
"22/12/2023 15:00:00","SCA|NO2","mFRR","Local","Up","4352.00","89.25"," "
"22/12/2023 15:00:00","SCA|NO2","mFRR","Local","Down","2126.00","0.00"," "
"22/12/2023 16:00:00","SCA|NO2","mFRR","Local","Up","4084.75","121.00"," "
"22/12/2023 16:00:00","SCA|NO2","mFRR","Local","Down","2201.00","0.00"," "
"22/12/2023 17:00:00","SCA|NO2","mFRR","Local","Up","3618.50","0.00"," "
"22/12/2023 17:00:00","SCA|NO2","mFRR","Local","Down","2653.00","0.00"," "
"22/12/2023 18:00:00","SCA|NO2","mFRR","Local","Up","3778.00","0.00"," "
"22/12/2023 18:00:00","SCA|NO2","mFRR","Local","Down","2717.00","0.00"," "
"22/12/2023 19:00:00","SCA|NO2","mFRR","Local","Up","4209.00","0.00"," "
"22/12/2023 19:00:00","SCA|NO2","mFRR","Local","Down","2251.00","0.00"," "
"22/12/2023 20:00:00","SCA|NO2","mFRR","Local","Up","5105.00","0.00"," "
"22/12/2023 20:00:00","SCA|NO2","mFRR","Local","Down","1595.00","0.00"," "
"22/12/2023 21:00:00","SCA|NO2","mFRR","Local","Up","5441.00","0.00"," "
"22/12/2023 21:00:00","SCA|NO2","mFRR","Local","Down","1254.00","0.00"," "
"22/12/2023 22:00:00","SCA|NO2","mFRR","Local","Up","5771.00","0.00"," "
"22/12/2023 22:00:00","SCA|NO2","mFRR","Local","Down","906.00","23.00"," "
"22/12/2023 23:00:00","SCA|NO2","mFRR","Local","Up","5990.75","0.00"," "
"22/12/2023 23:00:00","SCA|NO2","mFRR","Local","Down","551.00","70.50"," "
"23/12/2023 00:00:00","SCA|NO2","mFRR","Local","Up","6386.75","0.00"," "
"23/12/2023 00:00:00","SCA|NO2","mFRR","Local","Down","118.00","0.00"," "
"23/12/2023 01:00:00","SCA|NO2","mFRR","Local","Up","6615.00","0.00"," "
"23/12/2023 01:00:00","SCA|NO2","mFRR","Local","Down","249.00","0.00"," "
"23/12/2023 02:00:00","SCA|NO2","mFRR","Local","Up","6615.00","0.00"," "
"23/12/2023 02:00:00","SCA|NO2","mFRR","Local","Down","219.00","0.00"," "
"23/12/2023 03:00:00","SCA|NO2","mFRR","Local","Up","6615.00","0.00"," "
"23/12/2023 03:00:00","SCA|NO2","mFRR","Local","Down","203.00","0.00"," "
"23/12/2023 04:00:00","SCA|NO2","mFRR","Local","Up","6615.00","0.00"," "
"23/12/2023 04:00:00","SCA|NO2","mFRR","Local","Down","187.00","0.00"," "
"23/12/2023 05:00:00","SCA|NO2","mFRR","Local","Up","6704.00","0.00"," "
"23/12/2023 05:00:00","SCA|NO2","mFRR","Local","Down","186.00","0.00"," "
"23/12/2023 06:00:00","SCA|NO2","mFRR","Local","Up","6773.00","0.00"," "
"23/12/2023 06:00:00","SCA|NO2","mFRR","Local","Down","219.00","0.00"," "
"23/12/2023 07:00:00","SCA|NO2","mFRR","Local","Up","6670.00","0.00"," "
"23/12/2023 07:00:00","SCA|NO2","mFRR","Local","Down","342.00","0.00"," "
"23/12/2023 08:00:00","SCA|NO2","mFRR","Local","Up","6458.00","0.00"," "
"23/12/2023 08:00:00","SCA|NO2","mFRR","Local","Down","371.00","0.00"," "
"23/12/2023 09:00:00","SCA|NO2","mFRR","Local","Up","5973.75","308.50"," "
"23/12/2023 09:00:00","SCA|NO2","mFRR","Local","Down","696.75","0.00"," "
"23/12/2023 10:00:00","SCA|NO2","mFRR","Local","Up","5334.25","0.00"," "
"23/12/2023 10:00:00","SCA|NO2","mFRR","Local","Down","1225.75","0.00"," "
"23/12/2023 11:00:00","SCA|NO2","mFRR","Local","Up","5272.00","0.00"," "
"23/12/2023 11:00:00","SCA|NO2","mFRR","Local","Down","1234.00","0.00"," "
"23/12/2023 12:00:00","SCA|NO2","mFRR","Local","Up","5397.00","0.00"," "
"23/12/2023 12:00:00","SCA|NO2","mFRR","Local","Down","1188.00","0.00"," "
"23/12/2023 13:00:00","SCA|NO2","mFRR","Local","Up","5402.00","0.00"," "
"23/12/2023 13:00:00","SCA|NO2","mFRR","Local","Down","1180.00","55.75"," "
"23/12/2023 14:00:00","SCA|NO2","mFRR","Local","Up","5291.00","0.00"," "
"23/12/2023 14:00:00","SCA|NO2","mFRR","Local","Down","1258.00","106.00"," "
"23/12/2023 15:00:00","SCA|NO2","mFRR","Local","Up","5178.00","0.00"," "
"23/12/2023 15:00:00","SCA|NO2","mFRR","Local","Down","1179.00","90.00"," "
"23/12/2023 16:00:00","SCA|NO2","mFRR","Local","Up","4069.75","0.00"," "
"23/12/2023 16:00:00","SCA|NO2","mFRR","Local","Down","1976.00","0.00"," "
"23/12/2023 17:00:00","SCA|NO2","mFRR","Local","Up","2299.50","13.00"," "
"23/12/2023 17:00:00","SCA|NO2","mFRR","Local","Down","3583.25","0.00"," "
"23/12/2023 18:00:00","SCA|NO2","mFRR","Local","Up","2381.00","9.75"," "
"23/12/2023 18:00:00","SCA|NO2","mFRR","Local","Down","3604.00","0.00"," "
"23/12/2023 19:00:00","SCA|NO2","mFRR","Local","Up","3347.75","97.00"," "
"23/12/2023 19:00:00","SCA|NO2","mFRR","Local","Down","2304.00","0.00"," "
"23/12/2023 20:00:00","SCA|NO2","mFRR","Local","Up","4728.00","29.25"," "
"23/12/2023 20:00:00","SCA|NO2","mFRR","Local","Down","1519.00","0.00"," "
"23/12/2023 21:00:00","SCA|NO2","mFRR","Local","Up","5229.00","0.00"," "
"23/12/2023 21:00:00","SCA|NO2","mFRR","Local","Down","1151.00","0.00"," "
"23/12/2023 22:00:00","SCA|NO2","mFRR","Local","Up","5625.00","0.00"," "
"23/12/2023 22:00:00","SCA|NO2","mFRR","Local","Down","875.75","48.00"," "
"23/12/2023 23:00:00","SCA|NO2","mFRR","Local","Up","5924.75","0.00"," "
"23/12/2023 23:00:00","SCA|NO2","mFRR","Local","Down","569.75","17.00"," "
"24/12/2023 00:00:00","SCA|NO2","mFRR","Local","Up","5500.00","0.00"," "
"24/12/2023 00:00:00","SCA|NO2","mFRR","Local","Down","778.00","56.00"," "
"24/12/2023 01:00:00","SCA|NO2","mFRR","Local","Up","6173.00","0.00"," "
"24/12/2023 01:00:00","SCA|NO2","mFRR","Local","Down","331.00","0.00"," "
"24/12/2023 02:00:00","SCA|NO2","mFRR","Local","Up","6236.00","0.00"," "
"24/12/2023 02:00:00","SCA|NO2","mFRR","Local","Down","283.00","0.00"," "
"24/12/2023 03:00:00","SCA|NO2","mFRR","Local","Up","6181.00","0.00"," "
"24/12/2023 03:00:00","SCA|NO2","mFRR","Local","Down","287.00","0.00"," "
"24/12/2023 04:00:00","SCA|NO2","mFRR","Local","Up","6341.00","0.00"," "
"24/12/2023 04:00:00","SCA|NO2","mFRR","Local","Down","170.00","0.00"," "
"24/12/2023 05:00:00","SCA|NO2","mFRR","Local","Up","6517.00","0.00"," "
"24/12/2023 05:00:00","SCA|NO2","mFRR","Local","Down","227.00","0.00"," "
"24/12/2023 06:00:00","SCA|NO2","mFRR","Local","Up","6431.00","0.00"," "
"24/12/2023 06:00:00","SCA|NO2","mFRR","Local","Down","280.00","0.00"," "
"24/12/2023 07:00:00","SCA|NO2","mFRR","Local","Up","6363.50","0.00"," "
"24/12/2023 07:00:00","SCA|NO2","mFRR","Local","Down","545.00","0.00"," "
"24/12/2023 08:00:00","SCA|NO2","mFRR","Local","Up","5900.00","0.00"," "
"24/12/2023 08:00:00","SCA|NO2","mFRR","Local","Down","1013.00","0.00"," "
"24/12/2023 09:00:00","SCA|NO2","mFRR","Local","Up","5792.00","0.00"," "
"24/12/2023 09:00:00","SCA|NO2","mFRR","Local","Down","1067.00","0.00"," "
"24/12/2023 10:00:00","SCA|NO2","mFRR","Local","Up","5740.00","0.00"," "
"24/12/2023 10:00:00","SCA|NO2","mFRR","Local","Down","977.00","0.00"," "
"24/12/2023 11:00:00","SCA|NO2","mFRR","Local","Up","5639.00","0.00"," "
"24/12/2023 11:00:00","SCA|NO2","mFRR","Local","Down","1052.00","0.00"," "
"24/12/2023 12:00:00","SCA|NO2","mFRR","Local","Up","5804.00","0.00"," "
"24/12/2023 12:00:00","SCA|NO2","mFRR","Local","Down","935.00","0.00"," "
"24/12/2023 13:00:00","SCA|NO2","mFRR","Local","Up","5778.00","0.00"," "
"24/12/2023 13:00:00","SCA|NO2","mFRR","Local","Down","870.00","0.00"," "
"24/12/2023 14:00:00","SCA|NO2","mFRR","Local","Up","5870.00","0.00"," "
"24/12/2023 14:00:00","SCA|NO2","mFRR","Local","Down","859.00","0.00"," "
"24/12/2023 15:00:00","SCA|NO2","mFRR","Local","Up","5920.00","0.00"," "
"24/12/2023 15:00:00","SCA|NO2","mFRR","Local","Down","812.00","0.00"," "
"24/12/2023 16:00:00","SCA|NO2","mFRR","Local","Up","5994.75","167.00"," "
"24/12/2023 16:00:00","SCA|NO2","mFRR","Local","Down","677.00","0.00"," "
"24/12/2023 17:00:00","SCA|NO2","mFRR","Local","Up","6288.00","311.00"," "
"24/12/2023 17:00:00","SCA|NO2","mFRR","Local","Down","452.00","0.00"," "
"24/12/2023 18:00:00","SCA|NO2","mFRR","Local","Up","6142.00","0.00"," "
"24/12/2023 18:00:00","SCA|NO2","mFRR","Local","Down","588.00","0.00"," "
"24/12/2023 19:00:00","SCA|NO2","mFRR","Local","Up","6516.50","0.00"," "
"24/12/2023 19:00:00","SCA|NO2","mFRR","Local","Down","538.00","0.00"," "
"24/12/2023 20:00:00","SCA|NO2","mFRR","Local","Up","6768.25","0.00"," "
"24/12/2023 20:00:00","SCA|NO2","mFRR","Local","Down","321.00","0.00"," "
"24/12/2023 21:00:00","SCA|NO2","mFRR","Local","Up","6826.00","0.00"," "
"24/12/2023 21:00:00","SCA|NO2","mFRR","Local","Down","352.00","0.00"," "
"24/12/2023 22:00:00","SCA|NO2","mFRR","Local","Up","6826.00","0.00"," "
"24/12/2023 22:00:00","SCA|NO2","mFRR","Local","Down","372.00","0.00"," "
"24/12/2023 23:00:00","SCA|NO2","mFRR","Local","Up","6787.00","0.00"," "
"24/12/2023 23:00:00","SCA|NO2","mFRR","Local","Down","369.00","0.00"," "
"25/12/2023 00:00:00","SCA|NO2","mFRR","Local","Up","6495.00","0.00"," "
"25/12/2023 00:00:00","SCA|NO2","mFRR","Local","Down","368.00","0.00"," "
"25/12/2023 01:00:00","SCA|NO2","mFRR","Local","Up","6599.00","0.00"," "
"25/12/2023 01:00:00","SCA|NO2","mFRR","Local","Down","322.00","0.00"," "
"25/12/2023 02:00:00","SCA|NO2","mFRR","Local","Up","6600.00","0.00"," "
"25/12/2023 02:00:00","SCA|NO2","mFRR","Local","Down","288.00","7.50"," "
"25/12/2023 03:00:00","SCA|NO2","mFRR","Local","Up","6599.00","0.00"," "
"25/12/2023 03:00:00","SCA|NO2","mFRR","Local","Down","304.00","10.00"," "
"25/12/2023 04:00:00","SCA|NO2","mFRR","Local","Up","6598.00","0.00"," "
"25/12/2023 04:00:00","SCA|NO2","mFRR","Local","Down","340.00","10.00"," "
"25/12/2023 05:00:00","SCA|NO2","mFRR","Local","Up","7000.00","0.00"," "
"25/12/2023 05:00:00","SCA|NO2","mFRR","Local","Down","392.00","7.50"," "
"25/12/2023 06:00:00","SCA|NO2","mFRR","Local","Up","7004.50","0.00"," "
"25/12/2023 06:00:00","SCA|NO2","mFRR","Local","Down","399.00","48.00"," "
"25/12/2023 07:00:00","SCA|NO2","mFRR","Local","Up","6933.75","0.00"," "
"25/12/2023 07:00:00","SCA|NO2","mFRR","Local","Down","464.00","0.00"," "
"25/12/2023 08:00:00","SCA|NO2","mFRR","Local","Up","6161.50","0.00"," "
"25/12/2023 08:00:00","SCA|NO2","mFRR","Local","Down","1030.75","0.00"," "
"25/12/2023 09:00:00","SCA|NO2","mFRR","Local","Up","5822.50","0.00"," "
"25/12/2023 09:00:00","SCA|NO2","mFRR","Local","Down","1412.00","0.00"," "
"25/12/2023 10:00:00","SCA|NO2","mFRR","Local","Up","5286.25","0.00"," "
"25/12/2023 10:00:00","SCA|NO2","mFRR","Local","Down","1488.00","0.00"," "
"25/12/2023 11:00:00","SCA|NO2","mFRR","Local","Up","5160.00","0.00"," "
"25/12/2023 11:00:00","SCA|NO2","mFRR","Local","Down","1790.00","0.00"," "
"25/12/2023 12:00:00","SCA|NO2","mFRR","Local","Up","4858.50","0.00"," "
"25/12/2023 12:00:00","SCA|NO2","mFRR","Local","Down","2063.00","0.00"," "
"25/12/2023 13:00:00","SCA|NO2","mFRR","Local","Up","5193.00","146.00"," "
"25/12/2023 13:00:00","SCA|NO2","mFRR","Local","Down","1580.00","0.00"," "
"25/12/2023 14:00:00","SCA|NO2","mFRR","Local","Up","5381.00","89.50"," "
"25/12/2023 14:00:00","SCA|NO2","mFRR","Local","Down","1389.00","0.00"," "
"25/12/2023 15:00:00","SCA|NO2","mFRR","Local","Up","5489.00","40.00"," "
"25/12/2023 15:00:00","SCA|NO2","mFRR","Local","Down","1290.00","0.00"," "
"25/12/2023 16:00:00","SCA|NO2","mFRR","Local","Up","5429.75","0.00"," "
"25/12/2023 16:00:00","SCA|NO2","mFRR","Local","Down","1392.00","0.00"," "
"25/12/2023 17:00:00","SCA|NO2","mFRR","Local","Up","5498.00","0.00"," "
"25/12/2023 17:00:00","SCA|NO2","mFRR","Local","Down","1288.00","0.00"," "
"25/12/2023 18:00:00","SCA|NO2","mFRR","Local","Up","5838.00","0.00"," "
"25/12/2023 18:00:00","SCA|NO2","mFRR","Local","Down","1021.00","0.00"," "
"25/12/2023 19:00:00","SCA|NO2","mFRR","Local","Up","6101.00","0.00"," "
"25/12/2023 19:00:00","SCA|NO2","mFRR","Local","Down","750.00","0.00"," "
"25/12/2023 20:00:00","SCA|NO2","mFRR","Local","Up","6105.00","0.00"," "
"25/12/2023 20:00:00","SCA|NO2","mFRR","Local","Down","729.00","0.00"," "
"25/12/2023 21:00:00","SCA|NO2","mFRR","Local","Up","6127.00","0.00"," "
"25/12/2023 21:00:00","SCA|NO2","mFRR","Local","Down","738.00","0.00"," "
"25/12/2023 22:00:00","SCA|NO2","mFRR","Local","Up","6169.00","0.00"," "
"25/12/2023 22:00:00","SCA|NO2","mFRR","Local","Down","716.00","0.00"," "
"25/12/2023 23:00:00","SCA|NO2","mFRR","Local","Up","6105.00","0.00"," "
"25/12/2023 23:00:00","SCA|NO2","mFRR","Local","Down","690.00","0.00"," "
"26/12/2023 00:00:00","SCA|NO2","mFRR","Local","Up","5827.00","0.00"," "
"26/12/2023 00:00:00","SCA|NO2","mFRR","Local","Down","432.00","0.00"," "
"26/12/2023 01:00:00","SCA|NO2","mFRR","Local","Up","5921.00","0.00"," "
"26/12/2023 01:00:00","SCA|NO2","mFRR","Local","Down","400.00","0.00"," "
"26/12/2023 02:00:00","SCA|NO2","mFRR","Local","Up","5874.00","0.00"," "
"26/12/2023 02:00:00","SCA|NO2","mFRR","Local","Down","364.00","0.00"," "
"26/12/2023 03:00:00","SCA|NO2","mFRR","Local","Up","5885.00","0.00"," "
"26/12/2023 03:00:00","SCA|NO2","mFRR","Local","Down","357.00","0.00"," "
"26/12/2023 04:00:00","SCA|NO2","mFRR","Local","Up","5899.00","0.00"," "
"26/12/2023 04:00:00","SCA|NO2","mFRR","Local","Down","364.00","0.00"," "
"26/12/2023 05:00:00","SCA|NO2","mFRR","Local","Up","6358.00","0.00"," "
"26/12/2023 05:00:00","SCA|NO2","mFRR","Local","Down","244.00","0.00"," "
"26/12/2023 06:00:00","SCA|NO2","mFRR","Local","Up","6224.00","0.00"," "
"26/12/2023 06:00:00","SCA|NO2","mFRR","Local","Down","354.00","0.00"," "
"26/12/2023 07:00:00","SCA|NO2","mFRR","Local","Up","5959.00","0.00"," "
"26/12/2023 07:00:00","SCA|NO2","mFRR","Local","Down","853.75","0.00"," "
"26/12/2023 08:00:00","SCA|NO2","mFRR","Local","Up","5663.00","0.00"," "
"26/12/2023 08:00:00","SCA|NO2","mFRR","Local","Down","1112.00","0.00"," "
"26/12/2023 09:00:00","SCA|NO2","mFRR","Local","Up","5481.00","0.00"," "
"26/12/2023 09:00:00","SCA|NO2","mFRR","Local","Down","1194.00","0.00"," "
"26/12/2023 10:00:00","SCA|NO2","mFRR","Local","Up","5097.00","0.00"," "
"26/12/2023 10:00:00","SCA|NO2","mFRR","Local","Down","1426.00","0.00"," "
"26/12/2023 11:00:00","SCA|NO2","mFRR","Local","Up","4870.00","0.00"," "
"26/12/2023 11:00:00","SCA|NO2","mFRR","Local","Down","1613.00","0.00"," "
"26/12/2023 12:00:00","SCA|NO2","mFRR","Local","Up","4615.00","0.00"," "
"26/12/2023 12:00:00","SCA|NO2","mFRR","Local","Down","1853.00","0.00"," "
"26/12/2023 13:00:00","SCA|NO2","mFRR","Local","Up","4615.00","0.00"," "
"26/12/2023 13:00:00","SCA|NO2","mFRR","Local","Down","1847.00","0.00"," "
"26/12/2023 14:00:00","SCA|NO2","mFRR","Local","Up","4496.00","0.00"," "
"26/12/2023 14:00:00","SCA|NO2","mFRR","Local","Down","1820.00","0.00"," "
"26/12/2023 15:00:00","SCA|NO2","mFRR","Local","Up","4396.00","0.00"," "
"26/12/2023 15:00:00","SCA|NO2","mFRR","Local","Down","2033.00","0.00"," "
"26/12/2023 16:00:00","SCA|NO2","mFRR","Local","Up","4050.75","0.00"," "
"26/12/2023 16:00:00","SCA|NO2","mFRR","Local","Down","2293.00","0.00"," "
"26/12/2023 17:00:00","SCA|NO2","mFRR","Local","Up","3848.00","0.00"," "
"26/12/2023 17:00:00","SCA|NO2","mFRR","Local","Down","2458.00","0.00"," "
"26/12/2023 18:00:00","SCA|NO2","mFRR","Local","Up","3933.00","0.00"," "
"26/12/2023 18:00:00","SCA|NO2","mFRR","Local","Down","2461.00","30.00"," "
"26/12/2023 19:00:00","SCA|NO2","mFRR","Local","Up","3904.00","0.00"," "
"26/12/2023 19:00:00","SCA|NO2","mFRR","Local","Down","2473.00","125.00"," "
"26/12/2023 20:00:00","SCA|NO2","mFRR","Local","Up","4264.00","0.00"," "
"26/12/2023 20:00:00","SCA|NO2","mFRR","Local","Down","2102.00","0.00"," "
"26/12/2023 21:00:00","SCA|NO2","mFRR","Local","Up","4465.00","361.00"," "
"26/12/2023 21:00:00","SCA|NO2","mFRR","Local","Down","1939.00","0.00"," "
"26/12/2023 22:00:00","SCA|NO2","mFRR","Local","Up","4559.00","361.00"," "
"26/12/2023 22:00:00","SCA|NO2","mFRR","Local","Down","1871.00","0.00"," "
"26/12/2023 23:00:00","SCA|NO2","mFRR","Local","Up","4640.00","51.00"," "
"26/12/2023 23:00:00","SCA|NO2","mFRR","Local","Down","1826.00","0.00"," "
"27/12/2023 00:00:00","SCA|NO2","mFRR","Local","Up","4674.00","611.25"," "
"27/12/2023 00:00:00","SCA|NO2","mFRR","Local","Down","1401.00","0.00"," "
"27/12/2023 01:00:00","SCA|NO2","mFRR","Local","Up","4894.00","792.00"," "
"27/12/2023 01:00:00","SCA|NO2","mFRR","Local","Down","1382.00","0.00"," "
"27/12/2023 02:00:00","SCA|NO2","mFRR","Local","Up","4881.00","950.50"," "
"27/12/2023 02:00:00","SCA|NO2","mFRR","Local","Down","1380.00","0.00"," "
"27/12/2023 03:00:00","SCA|NO2","mFRR","Local","Up","5133.00","402.00"," "
"27/12/2023 03:00:00","SCA|NO2","mFRR","Local","Down","1305.00","0.00"," "
"27/12/2023 04:00:00","SCA|NO2","mFRR","Local","Up","5087.25","128.00"," "
"27/12/2023 04:00:00","SCA|NO2","mFRR","Local","Down","1357.00","0.00"," "
"27/12/2023 05:00:00","SCA|NO2","mFRR","Local","Up","4829.25","0.00"," "
"27/12/2023 05:00:00","SCA|NO2","mFRR","Local","Down","1721.75","0.00"," "
"27/12/2023 06:00:00","SCA|NO2","mFRR","Local","Up","3276.25","0.00"," "
"27/12/2023 06:00:00","SCA|NO2","mFRR","Local","Down","2876.50","0.00"," "
"27/12/2023 07:00:00","SCA|NO2","mFRR","Local","Up","1580.00","0.00"," "
"27/12/2023 07:00:00","SCA|NO2","mFRR","Local","Down","4511.25","0.00"," "
"27/12/2023 08:00:00","SCA|NO2","mFRR","Local","Up","1051.50","0.00"," "
"27/12/2023 08:00:00","SCA|NO2","mFRR","Local","Down","5055.50","0.00"," "
"27/12/2023 09:00:00","SCA|NO2","mFRR","Local","Up","1035.00","0.00"," "
"27/12/2023 09:00:00","SCA|NO2","mFRR","Local","Down","5119.00","0.00"," "
"27/12/2023 10:00:00","SCA|NO2","mFRR","Local","Up","1289.25","0.00"," "
"27/12/2023 10:00:00","SCA|NO2","mFRR","Local","Down","4774.00","0.00"," "
"27/12/2023 11:00:00","SCA|NO2","mFRR","Local","Up","1330.00","0.00"," "
"27/12/2023 11:00:00","SCA|NO2","mFRR","Local","Down","4778.00","0.00"," "
"27/12/2023 12:00:00","SCA|NO2","mFRR","Local","Up","1325.00","0.00"," "
"27/12/2023 12:00:00","SCA|NO2","mFRR","Local","Down","4922.00","0.00"," "
"27/12/2023 13:00:00","SCA|NO2","mFRR","Local","Up","1449.00","0.00"," "
"27/12/2023 13:00:00","SCA|NO2","mFRR","Local","Down","4805.00","0.00"," "
"27/12/2023 14:00:00","SCA|NO2","mFRR","Local","Up","1416.00","47.50"," "
"27/12/2023 14:00:00","SCA|NO2","mFRR","Local","Down","5010.00","0.00"," "
"27/12/2023 15:00:00","SCA|NO2","mFRR","Local","Up","1122.00","219.00"," "
"27/12/2023 15:00:00","SCA|NO2","mFRR","Local","Down","5293.00","0.00"," "
"27/12/2023 16:00:00","SCA|NO2","mFRR","Local","Up","1114.00","280.00"," "
"27/12/2023 16:00:00","SCA|NO2","mFRR","Local","Down","5090.00","0.00"," "
"27/12/2023 17:00:00","SCA|NO2","mFRR","Local","Up","1012.00","189.00"," "
"27/12/2023 17:00:00","SCA|NO2","mFRR","Local","Down","5214.00","0.00"," "
"27/12/2023 18:00:00","SCA|NO2","mFRR","Local","Up","1407.00","369.00"," "
"27/12/2023 18:00:00","SCA|NO2","mFRR","Local","Down","4831.50","0.00"," "
"27/12/2023 19:00:00","SCA|NO2","mFRR","Local","Up","3068.25","830.50"," "
"27/12/2023 19:00:00","SCA|NO2","mFRR","Local","Down","3459.25","0.00"," "
"27/12/2023 20:00:00","SCA|NO2","mFRR","Local","Up","4920.75","924.50"," "
"27/12/2023 20:00:00","SCA|NO2","mFRR","Local","Down","1855.75","0.00"," "
"27/12/2023 21:00:00","SCA|NO2","mFRR","Local","Up","5345.00","341.50"," "
"27/12/2023 21:00:00","SCA|NO2","mFRR","Local","Down","1393.00","0.00"," "
"27/12/2023 22:00:00","SCA|NO2","mFRR","Local","Up","5492.50","0.00"," "
"27/12/2023 22:00:00","SCA|NO2","mFRR","Local","Down","1352.00","0.00"," "
"27/12/2023 23:00:00","SCA|NO2","mFRR","Local","Up","6200.50","0.00"," "
"27/12/2023 23:00:00","SCA|NO2","mFRR","Local","Down","626.50","0.00"," "
"28/12/2023 00:00:00","SCA|NO2","mFRR","Local","Up","6209.00","0.00"," "
"28/12/2023 00:00:00","SCA|NO2","mFRR","Local","Down","192.00","0.00"," "
"28/12/2023 01:00:00","SCA|NO2","mFRR","Local","Up","6207.00","0.00"," "
"28/12/2023 01:00:00","SCA|NO2","mFRR","Local","Down","203.00","0.00"," "
"28/12/2023 02:00:00","SCA|NO2","mFRR","Local","Up","6207.00","0.00"," "
"28/12/2023 02:00:00","SCA|NO2","mFRR","Local","Down","244.00","0.00"," "
"28/12/2023 03:00:00","SCA|NO2","mFRR","Local","Up","6207.00","0.00"," "
"28/12/2023 03:00:00","SCA|NO2","mFRR","Local","Down","246.00","0.00"," "
"28/12/2023 04:00:00","SCA|NO2","mFRR","Local","Up","6207.00","0.00"," "
"28/12/2023 04:00:00","SCA|NO2","mFRR","Local","Down","296.00","0.00"," "
"28/12/2023 05:00:00","SCA|NO2","mFRR","Local","Up","6679.00","0.00"," "
"28/12/2023 05:00:00","SCA|NO2","mFRR","Local","Down","311.00","0.00"," "
"28/12/2023 06:00:00","SCA|NO2","mFRR","Local","Up","6549.00","0.00"," "
"28/12/2023 06:00:00","SCA|NO2","mFRR","Local","Down","325.00","0.00"," "
"28/12/2023 07:00:00","SCA|NO2","mFRR","Local","Up","6558.00","0.00"," "
"28/12/2023 07:00:00","SCA|NO2","mFRR","Local","Down","311.00","0.00"," "
"28/12/2023 08:00:00","SCA|NO2","mFRR","Local","Up","6335.50","0.00"," "
"28/12/2023 08:00:00","SCA|NO2","mFRR","Local","Down","396.00","0.00"," "
"28/12/2023 09:00:00","SCA|NO2","mFRR","Local","Up","5808.00","0.00"," "
"28/12/2023 09:00:00","SCA|NO2","mFRR","Local","Down","683.00","0.00"," "
"28/12/2023 10:00:00","SCA|NO2","mFRR","Local","Up","5484.00","0.00"," "
"28/12/2023 10:00:00","SCA|NO2","mFRR","Local","Down","822.00","0.00"," "
"28/12/2023 11:00:00","SCA|NO2","mFRR","Local","Up","5520.00","0.00"," "
"28/12/2023 11:00:00","SCA|NO2","mFRR","Local","Down","732.00","0.00"," "
"28/12/2023 12:00:00","SCA|NO2","mFRR","Local","Up","4842.50","0.00"," "
"28/12/2023 12:00:00","SCA|NO2","mFRR","Local","Down","805.00","0.00"," "
"28/12/2023 13:00:00","SCA|NO2","mFRR","Local","Up","4691.00","0.00"," "
"28/12/2023 13:00:00","SCA|NO2","mFRR","Local","Down","944.00","0.00"," "
"28/12/2023 14:00:00","SCA|NO2","mFRR","Local","Up","4650.00","0.00"," "
"28/12/2023 14:00:00","SCA|NO2","mFRR","Local","Down","1079.00","0.00"," "
"28/12/2023 15:00:00","SCA|NO2","mFRR","Local","Up","4769.00","0.00"," "
"28/12/2023 15:00:00","SCA|NO2","mFRR","Local","Down","1037.00","0.00"," "
"28/12/2023 16:00:00","SCA|NO2","mFRR","Local","Up","4040.50","0.00"," "
"28/12/2023 16:00:00","SCA|NO2","mFRR","Local","Down","1210.00","0.00"," "
"28/12/2023 17:00:00","SCA|NO2","mFRR","Local","Up","3637.75","0.00"," "
"28/12/2023 17:00:00","SCA|NO2","mFRR","Local","Down","1597.00","0.00"," "
"28/12/2023 18:00:00","SCA|NO2","mFRR","Local","Up","3938.75","0.00"," "
"28/12/2023 18:00:00","SCA|NO2","mFRR","Local","Down","1656.00","137.50"," "
"28/12/2023 19:00:00","SCA|NO2","mFRR","Local","Up","4557.00","0.00"," "
"28/12/2023 19:00:00","SCA|NO2","mFRR","Local","Down","1244.00","165.00"," "
"28/12/2023 20:00:00","SCA|NO2","mFRR","Local","Up","5034.00","0.00"," "
"28/12/2023 20:00:00","SCA|NO2","mFRR","Local","Down","1077.00","101.00"," "
"28/12/2023 21:00:00","SCA|NO2","mFRR","Local","Up","5448.00","0.00"," "
"28/12/2023 21:00:00","SCA|NO2","mFRR","Local","Down","912.00","10.00"," "
"28/12/2023 22:00:00","SCA|NO2","mFRR","Local","Up","5845.00","0.00"," "
"28/12/2023 22:00:00","SCA|NO2","mFRR","Local","Down","783.00","81.00"," "
"28/12/2023 23:00:00","SCA|NO2","mFRR","Local","Up","6393.00","0.00"," "
"28/12/2023 23:00:00","SCA|NO2","mFRR","Local","Down","613.00","0.00"," "
"29/12/2023 00:00:00","SCA|NO2","mFRR","Local","Up","5792.75","0.00"," "
"29/12/2023 00:00:00","SCA|NO2","mFRR","Local","Down","443.00","39.50"," "
"29/12/2023 01:00:00","SCA|NO2","mFRR","Local","Up","5782.75","0.00"," "
"29/12/2023 01:00:00","SCA|NO2","mFRR","Local","Down","489.00","111.50"," "
"29/12/2023 02:00:00","SCA|NO2","mFRR","Local","Up","5878.00","0.00"," "
"29/12/2023 02:00:00","SCA|NO2","mFRR","Local","Down","439.00","144.00"," "
"29/12/2023 03:00:00","SCA|NO2","mFRR","Local","Up","5919.00","0.00"," "
"29/12/2023 03:00:00","SCA|NO2","mFRR","Local","Down","415.00","173.50"," "
"29/12/2023 04:00:00","SCA|NO2","mFRR","Local","Up","5852.00","0.00"," "
"29/12/2023 04:00:00","SCA|NO2","mFRR","Local","Down","483.00","172.00"," "
"29/12/2023 05:00:00","SCA|NO2","mFRR","Local","Up","6412.00","0.00"," "
"29/12/2023 05:00:00","SCA|NO2","mFRR","Local","Down","225.00","0.00"," "
"29/12/2023 06:00:00","SCA|NO2","mFRR","Local","Up","6234.00","0.00"," "
"29/12/2023 06:00:00","SCA|NO2","mFRR","Local","Down","279.00","0.00"," "
"29/12/2023 07:00:00","SCA|NO2","mFRR","Local","Up","6072.50","0.00"," "
"29/12/2023 07:00:00","SCA|NO2","mFRR","Local","Down","525.75","0.00"," "
"29/12/2023 08:00:00","SCA|NO2","mFRR","Local","Up","5376.00","0.00"," "
"29/12/2023 08:00:00","SCA|NO2","mFRR","Local","Down","841.00","71.00"," "
"29/12/2023 09:00:00","SCA|NO2","mFRR","Local","Up","4832.00","0.00"," "
"29/12/2023 09:00:00","SCA|NO2","mFRR","Local","Down","1316.00","170.00"," "
"29/12/2023 10:00:00","SCA|NO2","mFRR","Local","Up","4737.00","0.00"," "
"29/12/2023 10:00:00","SCA|NO2","mFRR","Local","Down","1410.00","217.50"," "
"29/12/2023 11:00:00","SCA|NO2","mFRR","Local","Up","4342.00","28.50"," "
"29/12/2023 11:00:00","SCA|NO2","mFRR","Local","Down","1603.00","0.00"," "
"29/12/2023 12:00:00","SCA|NO2","mFRR","Local","Up","4082.00","17.00"," "
"29/12/2023 12:00:00","SCA|NO2","mFRR","Local","Down","2029.00","0.00"," "
"29/12/2023 13:00:00","SCA|NO2","mFRR","Local","Up","3818.00","0.00"," "
"29/12/2023 13:00:00","SCA|NO2","mFRR","Local","Down","2315.00","0.00"," "
"29/12/2023 14:00:00","SCA|NO2","mFRR","Local","Up","3409.00","0.00"," "
"29/12/2023 14:00:00","SCA|NO2","mFRR","Local","Down","2721.00","0.00"," "
"29/12/2023 15:00:00","SCA|NO2","mFRR","Local","Up","3062.00","0.00"," "
"29/12/2023 15:00:00","SCA|NO2","mFRR","Local","Down","3061.00","0.00"," "
"29/12/2023 16:00:00","SCA|NO2","mFRR","Local","Up","2880.75","0.00"," "
"29/12/2023 16:00:00","SCA|NO2","mFRR","Local","Down","3157.00","0.00"," "
"29/12/2023 17:00:00","SCA|NO2","mFRR","Local","Up","2508.00","0.00"," "
"29/12/2023 17:00:00","SCA|NO2","mFRR","Local","Down","3581.00","0.00"," "
"29/12/2023 18:00:00","SCA|NO2","mFRR","Local","Up","2484.00","0.00"," "
"29/12/2023 18:00:00","SCA|NO2","mFRR","Local","Down","3610.00","0.00"," "
"29/12/2023 19:00:00","SCA|NO2","mFRR","Local","Up","2836.00","0.00"," "
"29/12/2023 19:00:00","SCA|NO2","mFRR","Local","Down","3246.00","0.00"," "
"29/12/2023 20:00:00","SCA|NO2","mFRR","Local","Up","3781.00","0.00"," "
"29/12/2023 20:00:00","SCA|NO2","mFRR","Local","Down","2546.00","0.00"," "
"29/12/2023 21:00:00","SCA|NO2","mFRR","Local","Up","4235.00","33.75"," "
"29/12/2023 21:00:00","SCA|NO2","mFRR","Local","Down","2084.00","0.00"," "
"29/12/2023 22:00:00","SCA|NO2","mFRR","Local","Up","4945.75","57.00"," "
"29/12/2023 22:00:00","SCA|NO2","mFRR","Local","Down","1509.50","0.00"," "
"29/12/2023 23:00:00","SCA|NO2","mFRR","Local","Up","5205.00","22.50"," "
"29/12/2023 23:00:00","SCA|NO2","mFRR","Local","Down","1298.00","0.00"," "
"30/12/2023 00:00:00","SCA|NO2","mFRR","Local","Up","5010.00","0.00"," "
"30/12/2023 00:00:00","SCA|NO2","mFRR","Local","Down","1164.00","0.00"," "
"30/12/2023 01:00:00","SCA|NO2","mFRR","Local","Up","4666.00","0.00"," "
"30/12/2023 01:00:00","SCA|NO2","mFRR","Local","Down","1454.00","0.00"," "
"30/12/2023 02:00:00","SCA|NO2","mFRR","Local","Up","4786.00","0.00"," "
"30/12/2023 02:00:00","SCA|NO2","mFRR","Local","Down","1343.00","0.00"," "
"30/12/2023 03:00:00","SCA|NO2","mFRR","Local","Up","4532.00","0.00"," "
"30/12/2023 03:00:00","SCA|NO2","mFRR","Local","Down","1486.00","0.00"," "
"30/12/2023 04:00:00","SCA|NO2","mFRR","Local","Up","4758.25","0.00"," "
"30/12/2023 04:00:00","SCA|NO2","mFRR","Local","Down","1264.00","0.00"," "
"30/12/2023 05:00:00","SCA|NO2","mFRR","Local","Up","4949.00","0.00"," "
"30/12/2023 05:00:00","SCA|NO2","mFRR","Local","Down","1107.00","104.25"," "
"30/12/2023 06:00:00","SCA|NO2","mFRR","Local","Up","4720.00","0.00"," "
"30/12/2023 06:00:00","SCA|NO2","mFRR","Local","Down","1345.00","0.00"," "
"30/12/2023 07:00:00","SCA|NO2","mFRR","Local","Up","4352.50","0.00"," "
"30/12/2023 07:00:00","SCA|NO2","mFRR","Local","Down","1794.25","0.00"," "
"30/12/2023 08:00:00","SCA|NO2","mFRR","Local","Up","3622.25","0.00"," "
"30/12/2023 08:00:00","SCA|NO2","mFRR","Local","Down","2487.50","510.00"," "
"30/12/2023 09:00:00","SCA|NO2","mFRR","Local","Up","3240.00","0.00"," "
"30/12/2023 09:00:00","SCA|NO2","mFRR","Local","Down","2822.00","649.00"," "
"30/12/2023 10:00:00","SCA|NO2","mFRR","Local","Up","3135.00","0.00"," "
"30/12/2023 10:00:00","SCA|NO2","mFRR","Local","Down","2852.00","630.50"," "
"30/12/2023 11:00:00","SCA|NO2","mFRR","Local","Up","3118.00","0.00"," "
"30/12/2023 11:00:00","SCA|NO2","mFRR","Local","Down","2913.00","389.00"," "
"30/12/2023 12:00:00","SCA|NO2","mFRR","Local","Up","3532.00","0.00"," "
"30/12/2023 12:00:00","SCA|NO2","mFRR","Local","Down","2858.00","283.00"," "
"30/12/2023 13:00:00","SCA|NO2","mFRR","Local","Up","3487.25","0.00"," "
"30/12/2023 13:00:00","SCA|NO2","mFRR","Local","Down","2895.00","556.00"," "
"30/12/2023 14:00:00","SCA|NO2","mFRR","Local","Up","3559.00","0.00"," "
"30/12/2023 14:00:00","SCA|NO2","mFRR","Local","Down","2752.00","638.00"," "
"30/12/2023 15:00:00","SCA|NO2","mFRR","Local","Up","3821.50","0.00"," "
"30/12/2023 15:00:00","SCA|NO2","mFRR","Local","Down","2603.75","335.00"," "
"30/12/2023 16:00:00","SCA|NO2","mFRR","Local","Up","2208.50","228.75"," "
"30/12/2023 16:00:00","SCA|NO2","mFRR","Local","Down","3818.00","64.75"," "
"30/12/2023 17:00:00","SCA|NO2","mFRR","Local","Up","1397.75","305.00"," "
"30/12/2023 17:00:00","SCA|NO2","mFRR","Local","Down","4683.50","0.00"," "
"30/12/2023 18:00:00","SCA|NO2","mFRR","Local","Up","1305.00","215.00"," "
"30/12/2023 18:00:00","SCA|NO2","mFRR","Local","Down","4788.00","0.00"," "
"30/12/2023 19:00:00","SCA|NO2","mFRR","Local","Up","1964.00","25.00"," "
"30/12/2023 19:00:00","SCA|NO2","mFRR","Local","Down","4139.75","0.00"," "
"30/12/2023 20:00:00","SCA|NO2","mFRR","Local","Up","3081.25","0.00"," "
"30/12/2023 20:00:00","SCA|NO2","mFRR","Local","Down","3307.75","0.00"," "
"30/12/2023 21:00:00","SCA|NO2","mFRR","Local","Up","4134.75","0.00"," "
"30/12/2023 21:00:00","SCA|NO2","mFRR","Local","Down","2563.00","181.50"," "
"30/12/2023 22:00:00","SCA|NO2","mFRR","Local","Up","4746.00","0.00"," "
"30/12/2023 22:00:00","SCA|NO2","mFRR","Local","Down","1896.00","118.50"," "
"30/12/2023 23:00:00","SCA|NO2","mFRR","Local","Up","5217.00","0.00"," "
"30/12/2023 23:00:00","SCA|NO2","mFRR","Local","Down","1454.00","190.00"," "
"31/12/2023 00:00:00","SCA|NO2","mFRR","Local","Up","5970.00","0.00"," "
"31/12/2023 00:00:00","SCA|NO2","mFRR","Local","Down","743.00","86.00"," "
"31/12/2023 01:00:00","SCA|NO2","mFRR","Local","Up","6267.00","0.00"," "
"31/12/2023 01:00:00","SCA|NO2","mFRR","Local","Down","640.00","0.00"," "
"31/12/2023 02:00:00","SCA|NO2","mFRR","Local","Up","6555.25","0.00"," "
"31/12/2023 02:00:00","SCA|NO2","mFRR","Local","Down","490.00","0.00"," "
"31/12/2023 03:00:00","SCA|NO2","mFRR","Local","Up","6675.00","0.00"," "
"31/12/2023 03:00:00","SCA|NO2","mFRR","Local","Down","403.00","0.00"," "
"31/12/2023 04:00:00","SCA|NO2","mFRR","Local","Up","6790.00","0.00"," "
"31/12/2023 04:00:00","SCA|NO2","mFRR","Local","Down","315.00","0.00"," "
"31/12/2023 05:00:00","SCA|NO2","mFRR","Local","Up","6858.00","0.00"," "
"31/12/2023 05:00:00","SCA|NO2","mFRR","Local","Down","384.00","58.00"," "
"31/12/2023 06:00:00","SCA|NO2","mFRR","Local","Up","6683.00","0.00"," "
"31/12/2023 06:00:00","SCA|NO2","mFRR","Local","Down","501.00","70.00"," "
"31/12/2023 07:00:00","SCA|NO2","mFRR","Local","Up","6549.00","0.00"," "
"31/12/2023 07:00:00","SCA|NO2","mFRR","Local","Down","602.00","86.00"," "
"31/12/2023 08:00:00","SCA|NO2","mFRR","Local","Up","5924.00","0.00"," "
"31/12/2023 08:00:00","SCA|NO2","mFRR","Local","Down","1176.00","274.00"," "
"31/12/2023 09:00:00","SCA|NO2","mFRR","Local","Up","5301.00","0.00"," "
"31/12/2023 09:00:00","SCA|NO2","mFRR","Local","Down","1497.00","374.25"," "
"31/12/2023 10:00:00","SCA|NO2","mFRR","Local","Up","4728.00","0.00"," "
"31/12/2023 10:00:00","SCA|NO2","mFRR","Local","Down","1719.00","612.00"," "
"31/12/2023 11:00:00","SCA|NO2","mFRR","Local","Up","4133.00","0.00"," "
"31/12/2023 11:00:00","SCA|NO2","mFRR","Local","Down","1838.00","361.25"," "
"31/12/2023 12:00:00","SCA|NO2","mFRR","Local","Up","3975.00","0.00"," "
"31/12/2023 12:00:00","SCA|NO2","mFRR","Local","Down","1926.00","387.00"," "
"31/12/2023 13:00:00","SCA|NO2","mFRR","Local","Up","3951.00","0.00"," "
"31/12/2023 13:00:00","SCA|NO2","mFRR","Local","Down","2155.00","205.00"," "
"31/12/2023 14:00:00","SCA|NO2","mFRR","Local","Up","3917.00","0.00"," "
"31/12/2023 14:00:00","SCA|NO2","mFRR","Local","Down","2167.00","91.50"," "
"31/12/2023 15:00:00","SCA|NO2","mFRR","Local","Up","3860.00","0.00"," "
"31/12/2023 15:00:00","SCA|NO2","mFRR","Local","Down","2211.00","160.00"," "
"31/12/2023 16:00:00","SCA|NO2","mFRR","Local","Up","3713.75","0.00"," "
"31/12/2023 16:00:00","SCA|NO2","mFRR","Local","Down","2338.00","222.00"," "
"31/12/2023 17:00:00","SCA|NO2","mFRR","Local","Up","3770.00","0.00"," "
"31/12/2023 17:00:00","SCA|NO2","mFRR","Local","Down","2155.00","200.00"," "
"31/12/2023 18:00:00","SCA|NO2","mFRR","Local","Up","3992.00","0.00"," "
"31/12/2023 18:00:00","SCA|NO2","mFRR","Local","Down","2052.00","131.00"," "
"31/12/2023 19:00:00","SCA|NO2","mFRR","Local","Up","4260.00","0.00"," "
"31/12/2023 19:00:00","SCA|NO2","mFRR","Local","Down","2021.00","26.25"," "
"31/12/2023 20:00:00","SCA|NO2","mFRR","Local","Up","4491.75","0.00"," "
"31/12/2023 20:00:00","SCA|NO2","mFRR","Local","Down","1633.00","0.00"," "
"31/12/2023 21:00:00","SCA|NO2","mFRR","Local","Up","4685.00","0.00"," "
"31/12/2023 21:00:00","SCA|NO2","mFRR","Local","Down","1667.00","0.00"," "
"31/12/2023 22:00:00","SCA|NO2","mFRR","Local","Up","4772.00","0.00"," "
"31/12/2023 22:00:00","SCA|NO2","mFRR","Local","Down","1610.00","0.00"," "
"31/12/2023 23:00:00","SCA|NO2","mFRR","Local","Up","5170.00","0.00"," "
"31/12/2023 23:00:00","SCA|NO2","mFRR","Local","Down","1423.00","0.00"," "
