ISP (CET/CEST),Area,Reserve Type,Source,Type of Product,Price Type,Price Up (EUR/MWh),Price Down (EUR/MWh)
31/12/2023 23:00:00 - 01/01/2024 00:00:00,SCA|NO1,mFRR,Not Specified,Not Specified,MARGINAL,59.31,59.31
01/01/2024 00:00:00 - 01/01/2024 01:00:00,SCA|NO1,mFRR,Not Specified,Not Specified,MARGINAL,55.0,53.79
01/01/2024 01:00:00 - 01/01/2024 02:00:00,SCA|NO1,mFRR,Not Specified,Not Specified,MARGINAL,53.87,48.98
01/01/2024 02:00:00 - 01/01/2024 03:00:00,SCA|NO1,mFRR,Not Specified,Not Specified,MARGINAL,53.87,27.45
01/01/2024 03:00:00 - 01/01/2024 04:00:00,SCA|NO1,mFRR,Not Specified,Not Specified,MARGINAL,24.48,24.48
01/01/2024 04:00:00 - 01/01/2024 05:00:00,SCA|NO1,mFRR,Not Specified,Not Specified,MARGINAL,36.0,24.01
01/01/2024 05:00:00 - 01/01/2024 06:00:00,SCA|NO1,mFRR,Not Specified,Not Specified,MARGINAL,36.0,21.23
01/01/2024 06:00:00 - 01/01/2024 07:00:00,SCA|NO1,mFRR,Not Specified,Not Specified,MARGINAL,40.11,22.62
01/01/2024 07:00:00 - 01/01/2024 08:00:00,SCA|NO1,mFRR,Not Specified,Not Specified,MARGINAL,44.0,25.04
01/01/2024 08:00:00 - 01/01/2024 09:00:00,SCA|NO1,mFRR,Not Specified,Not Specified,MARGINAL,44.0,26.24
01/01/2024 09:00:00 - 01/01/2024 10:00:00,SCA|NO1,mFRR,Not Specified,Not Specified,MARGINAL,44.0,32.21
01/01/2024 10:00:00 - 01/01/2024 11:00:00,SCA|NO1,mFRR,Not Specified,Not Specified,MARGINAL,48.0,47.71
01/01/2024 11:00:00 - 01/01/2024 12:00:00,SCA|NO1,mFRR,Not Specified,Not Specified,MARGINAL,52.51,52.51
01/01/2024 12:00:00 - 01/01/2024 13:00:00,SCA|NO1,mFRR,Not Specified,Not Specified,MARGINAL,60.0,56.57
01/01/2024 13:00:00 - 01/01/2024 14:00:00,SCA|NO1,mFRR,Not Specified,Not Specified,MARGINAL,60.0,59.82
01/01/2024 14:00:00 - 01/01/2024 15:00:00,SCA|NO1,mFRR,Not Specified,Not Specified,MARGINAL,71.0,62.06
01/01/2024 15:00:00 - 01/01/2024 16:00:00,SCA|NO1,mFRR,Not Specified,Not Specified,MARGINAL,71.0,62.52
01/01/2024 16:00:00 - 01/01/2024 17:00:00,SCA|NO1,mFRR,Not Specified,Not Specified,MARGINAL,71.0,63.19
01/01/2024 17:00:00 - 01/01/2024 18:00:00,SCA|NO1,mFRR,Not Specified,Not Specified,MARGINAL,73.0,64.99
01/01/2024 18:00:00 - 01/01/2024 19:00:00,SCA|NO1,mFRR,Not Specified,Not Specified,MARGINAL,73.0,63.58
01/01/2024 19:00:00 - 01/01/2024 20:00:00,SCA|NO1,mFRR,Not Specified,Not Specified,MARGINAL,70.0,63.1
01/01/2024 20:00:00 - 01/01/2024 21:00:00,SCA|NO1,mFRR,Not Specified,Not Specified,MARGINAL,62.15,62.15
01/01/2024 21:00:00 - 01/01/2024 22:00:00,SCA|NO1,mFRR,Not Specified,Not Specified,MARGINAL,58.27,58.27
01/01/2024 22:00:00 - 01/01/2024 23:00:00,SCA|NO1,mFRR,Not Specified,Not Specified,MARGINAL,52.58,52.58
01/01/2024 23:00:00 - 02/01/2024 00:00:00,SCA|NO1,mFRR,Not Specified,Not Specified,MARGINAL,44.03,44.03
02/01/2024 00:00:00 - 02/01/2024 01:00:00,SCA|NO1,mFRR,Not Specified,Not Specified,MARGINAL,38.0,38.0
02/01/2024 01:00:00 - 02/01/2024 02:00:00,SCA|NO1,mFRR,Not Specified,Not Specified,MARGINAL,33.56,33.56
02/01/2024 02:00:00 - 02/01/2024 03:00:00,SCA|NO1,mFRR,Not Specified,Not Specified,MARGINAL,32.03,32.03
02/01/2024 03:00:00 - 02/01/2024 04:00:00,SCA|NO1,mFRR,Not Specified,Not Specified,MARGINAL,32.29,32.29
02/01/2024 04:00:00 - 02/01/2024 05:00:00,SCA|NO1,mFRR,Not Specified,Not Specified,MARGINAL,36.7,20.0
02/01/2024 05:00:00 - 02/01/2024 06:00:00,SCA|NO1,mFRR,Not Specified,Not Specified,MARGINAL,41.72,20.0
02/01/2024 06:00:00 - 02/01/2024 07:00:00,SCA|NO1,mFRR,Not Specified,Not Specified,MARGINAL,49.18,49.18
02/01/2024 07:00:00 - 02/01/2024 08:00:00,SCA|NO1,mFRR,Not Specified,Not Specified,MARGINAL,62.04,62.04
02/01/2024 08:00:00 - 02/01/2024 09:00:00,SCA|NO1,mFRR,Not Specified,Not Specified,MARGINAL,65.67,65.67
02/01/2024 09:00:00 - 02/01/2024 10:00:00,SCA|NO1,mFRR,Not Specified,Not Specified,MARGINAL,73.0,66.8
02/01/2024 10:00:00 - 02/01/2024 11:00:00,SCA|NO1,mFRR,Not Specified,Not Specified,MARGINAL,84.5,71.08
02/01/2024 11:00:00 - 02/01/2024 12:00:00,SCA|NO1,mFRR,Not Specified,Not Specified,MARGINAL,85.0,73.54
02/01/2024 12:00:00 - 02/01/2024 13:00:00,SCA|NO1,mFRR,Not Specified,Not Specified,MARGINAL,90.16,78.16
02/01/2024 13:00:00 - 02/01/2024 14:00:00,SCA|NO1,mFRR,Not Specified,Not Specified,MARGINAL,90.87,78.87
02/01/2024 14:00:00 - 02/01/2024 15:00:00,SCA|NO1,mFRR,Not Specified,Not Specified,MARGINAL,82.0,79.24
02/01/2024 15:00:00 - 02/01/2024 16:00:00,SCA|NO1,mFRR,Not Specified,Not Specified,MARGINAL,88.0,79.96
02/01/2024 16:00:00 - 02/01/2024 17:00:00,SCA|NO1,mFRR,Not Specified,Not Specified,MARGINAL,88.0,81.46
02/01/2024 17:00:00 - 02/01/2024 18:00:00,SCA|NO1,mFRR,Not Specified,Not Specified,MARGINAL,88.08,80.92
02/01/2024 18:00:00 - 02/01/2024 19:00:00,SCA|NO1,mFRR,Not Specified,Not Specified,MARGINAL,80.11,74.95
02/01/2024 19:00:00 - 02/01/2024 20:00:00,SCA|NO1,mFRR,Not Specified,Not Specified,MARGINAL,66.77,66.77
02/01/2024 20:00:00 - 02/01/2024 21:00:00,SCA|NO1,mFRR,Not Specified,Not Specified,MARGINAL,70.0,64.92
02/01/2024 21:00:00 - 02/01/2024 22:00:00,SCA|NO1,mFRR,Not Specified,Not Specified,MARGINAL,70.0,64.43
02/01/2024 22:00:00 - 02/01/2024 23:00:00,SCA|NO1,mFRR,Not Specified,Not Specified,MARGINAL,72.5,62.61
02/01/2024 23:00:00 - 03/01/2024 00:00:00,SCA|NO1,mFRR,Not Specified,Not Specified,MARGINAL,69.0,59.16
03/01/2024 00:00:00 - 03/01/2024 01:00:00,SCA|NO1,mFRR,Not Specified,Not Specified,MARGINAL,67.0,58.0
03/01/2024 01:00:00 - 03/01/2024 02:00:00,SCA|NO1,mFRR,Not Specified,Not Specified,MARGINAL,58.39,58.39
03/01/2024 02:00:00 - 03/01/2024 03:00:00,SCA|NO1,mFRR,Not Specified,Not Specified,MARGINAL,59.0,58.41
03/01/2024 03:00:00 - 03/01/2024 04:00:00,SCA|NO1,mFRR,Not Specified,Not Specified,MARGINAL,59.0,55.84
03/01/2024 04:00:00 - 03/01/2024 05:00:00,SCA|NO1,mFRR,Not Specified,Not Specified,MARGINAL,59.0,54.53
03/01/2024 05:00:00 - 03/01/2024 06:00:00,SCA|NO1,mFRR,Not Specified,Not Specified,MARGINAL,59.0,58.41
03/01/2024 06:00:00 - 03/01/2024 07:00:00,SCA|NO1,mFRR,Not Specified,Not Specified,MARGINAL,62.7,62.7
03/01/2024 07:00:00 - 03/01/2024 08:00:00,SCA|NO1,mFRR,Not Specified,Not Specified,MARGINAL,74.0,64.81
03/01/2024 08:00:00 - 03/01/2024 09:00:00,SCA|NO1,mFRR,Not Specified,Not Specified,MARGINAL,74.0,65.6
03/01/2024 09:00:00 - 03/01/2024 10:00:00,SCA|NO1,mFRR,Not Specified,Not Specified,MARGINAL,74.0,65.94
03/01/2024 10:00:00 - 03/01/2024 11:00:00,SCA|NO1,mFRR,Not Specified,Not Specified,MARGINAL,74.0,66.42
03/01/2024 11:00:00 - 03/01/2024 12:00:00,SCA|NO1,mFRR,Not Specified,Not Specified,MARGINAL,74.0,65.93
03/01/2024 12:00:00 - 03/01/2024 13:00:00,SCA|NO1,mFRR,Not Specified,Not Specified,MARGINAL,66.4,65.6
03/01/2024 13:00:00 - 03/01/2024 14:00:00,SCA|NO1,mFRR,Not Specified,Not Specified,MARGINAL,71.0,65.43
03/01/2024 14:00:00 - 03/01/2024 15:00:00,SCA|NO1,mFRR,Not Specified,Not Specified,MARGINAL,73.0,65.76
03/01/2024 15:00:00 - 03/01/2024 16:00:00,SCA|NO1,mFRR,Not Specified,Not Specified,MARGINAL,78.0,69.38
03/01/2024 16:00:00 - 03/01/2024 17:00:00,SCA|NO1,mFRR,Not Specified,Not Specified,MARGINAL,84.0,73.59
03/01/2024 17:00:00 - 03/01/2024 18:00:00,SCA|NO1,mFRR,Not Specified,Not Specified,MARGINAL,91.0,82.28
03/01/2024 18:00:00 - 03/01/2024 19:00:00,SCA|NO1,mFRR,Not Specified,Not Specified,MARGINAL,91.0,82.97
03/01/2024 19:00:00 - 03/01/2024 20:00:00,SCA|NO1,mFRR,Not Specified,Not Specified,MARGINAL,91.0,79.03
03/01/2024 20:00:00 - 03/01/2024 21:00:00,SCA|NO1,mFRR,Not Specified,Not Specified,MARGINAL,85.0,73.23
03/01/2024 21:00:00 - 03/01/2024 22:00:00,SCA|NO1,mFRR,Not Specified,Not Specified,MARGINAL,69.2,69.2
03/01/2024 22:00:00 - 03/01/2024 23:00:00,SCA|NO1,mFRR,Not Specified,Not Specified,MARGINAL,75.0,65.42
03/01/2024 23:00:00 - 04/01/2024 00:00:00,SCA|NO1,mFRR,Not Specified,Not Specified,MARGINAL,73.78,63.79
04/01/2024 00:00:00 - 04/01/2024 01:00:00,SCA|NO1,mFRR,Not Specified,Not Specified,MARGINAL,64.03,64.03
04/01/2024 01:00:00 - 04/01/2024 02:00:00,SCA|NO1,mFRR,Not Specified,Not Specified,MARGINAL,63.13,63.13
04/01/2024 02:00:00 - 04/01/2024 03:00:00,SCA|NO1,mFRR,Not Specified,Not Specified,MARGINAL,62.61,62.61
04/01/2024 03:00:00 - 04/01/2024 04:00:00,SCA|NO1,mFRR,Not Specified,Not Specified,MARGINAL,62.41,62.41
04/01/2024 04:00:00 - 04/01/2024 05:00:00,SCA|NO1,mFRR,Not Specified,Not Specified,MARGINAL,62.08,54.0
04/01/2024 05:00:00 - 04/01/2024 06:00:00,SCA|NO1,mFRR,Not Specified,Not Specified,MARGINAL,64.47,53.65
04/01/2024 06:00:00 - 04/01/2024 07:00:00,SCA|NO1,mFRR,Not Specified,Not Specified,MARGINAL,72.65,58.0
04/01/2024 07:00:00 - 04/01/2024 08:00:00,SCA|NO1,mFRR,Not Specified,Not Specified,MARGINAL,92.0,70.5
04/01/2024 08:00:00 - 04/01/2024 09:00:00,SCA|NO1,mFRR,Not Specified,Not Specified,MARGINAL,92.0,91.47
04/01/2024 09:00:00 - 04/01/2024 10:00:00,SCA|NO1,mFRR,Not Specified,Not Specified,MARGINAL,94.2,74.5
04/01/2024 10:00:00 - 04/01/2024 11:00:00,SCA|NO1,mFRR,Not Specified,Not Specified,MARGINAL,94.82,79.0
04/01/2024 11:00:00 - 04/01/2024 12:00:00,SCA|NO1,mFRR,Not Specified,Not Specified,MARGINAL,94.74,90.4
04/01/2024 12:00:00 - 04/01/2024 13:00:00,SCA|NO1,mFRR,Not Specified,Not Specified,MARGINAL,86.69,76.0
04/01/2024 13:00:00 - 04/01/2024 14:00:00,SCA|NO1,mFRR,Not Specified,Not Specified,MARGINAL,85.96,76.0
04/01/2024 14:00:00 - 04/01/2024 15:00:00,SCA|NO1,mFRR,Not Specified,Not Specified,MARGINAL,95.0,79.0
04/01/2024 15:00:00 - 04/01/2024 16:00:00,SCA|NO1,mFRR,Not Specified,Not Specified,MARGINAL,99.0,98.62
04/01/2024 16:00:00 - 04/01/2024 17:00:00,SCA|NO1,mFRR,Not Specified,Not Specified,MARGINAL,106.0,105.73
04/01/2024 17:00:00 - 04/01/2024 18:00:00,SCA|NO1,mFRR,Not Specified,Not Specified,MARGINAL,134.0,133.23
04/01/2024 18:00:00 - 04/01/2024 19:00:00,SCA|NO1,mFRR,Not Specified,Not Specified,MARGINAL,145.0,144.65
04/01/2024 19:00:00 - 04/01/2024 20:00:00,SCA|NO1,mFRR,Not Specified,Not Specified,MARGINAL,125.0,125.0
04/01/2024 20:00:00 - 04/01/2024 21:00:00,SCA|NO1,mFRR,Not Specified,Not Specified,MARGINAL,104.0,103.59
04/01/2024 21:00:00 - 04/01/2024 22:00:00,SCA|NO1,mFRR,Not Specified,Not Specified,MARGINAL,100.01,100.01
04/01/2024 22:00:00 - 04/01/2024 23:00:00,SCA|NO1,mFRR,Not Specified,Not Specified,MARGINAL,95.0,94.86
04/01/2024 23:00:00 - 05/01/2024 00:00:00,SCA|NO1,mFRR,Not Specified,Not Specified,MARGINAL,88.83,88.83
05/01/2024 00:00:00 - 05/01/2024 01:00:00,SCA|NO1,mFRR,Not Specified,Not Specified,MARGINAL,88.83,88.83
05/01/2024 01:00:00 - 05/01/2024 02:00:00,SCA|NO1,mFRR,Not Specified,Not Specified,MARGINAL,83.09,78.0
05/01/2024 02:00:00 - 05/01/2024 03:00:00,SCA|NO1,mFRR,Not Specified,Not Specified,MARGINAL,80.0,71.0
05/01/2024 03:00:00 - 05/01/2024 04:00:00,SCA|NO1,mFRR,Not Specified,Not Specified,MARGINAL,80.17,71.0
05/01/2024 04:00:00 - 05/01/2024 05:00:00,SCA|NO1,mFRR,Not Specified,Not Specified,MARGINAL,82.49,71.0
05/01/2024 05:00:00 - 05/01/2024 06:00:00,SCA|NO1,mFRR,Not Specified,Not Specified,MARGINAL,88.14,70.0
05/01/2024 06:00:00 - 05/01/2024 07:00:00,SCA|NO1,mFRR,Not Specified,Not Specified,MARGINAL,109.79,65.0
05/01/2024 07:00:00 - 05/01/2024 08:00:00,SCA|NO1,mFRR,Not Specified,Not Specified,MARGINAL,165.01,105.0
05/01/2024 08:00:00 - 05/01/2024 09:00:00,SCA|NO1,mFRR,Not Specified,Not Specified,MARGINAL,299.01,150.0
05/01/2024 09:00:00 - 05/01/2024 10:00:00,SCA|NO1,mFRR,Not Specified,Not Specified,MARGINAL,249.12,150.0
05/01/2024 10:00:00 - 05/01/2024 11:00:00,SCA|NO1,mFRR,Not Specified,Not Specified,MARGINAL,255.86,150.0
05/01/2024 11:00:00 - 05/01/2024 12:00:00,SCA|NO1,mFRR,Not Specified,Not Specified,MARGINAL,211.51,211.11
05/01/2024 12:00:00 - 05/01/2024 13:00:00,SCA|NO1,mFRR,Not Specified,Not Specified,MARGINAL,203.28,105.0
05/01/2024 13:00:00 - 05/01/2024 14:00:00,SCA|NO1,mFRR,Not Specified,Not Specified,MARGINAL,196.98,105.0
05/01/2024 14:00:00 - 05/01/2024 15:00:00,SCA|NO1,mFRR,Not Specified,Not Specified,MARGINAL,197.86,105.0
05/01/2024 15:00:00 - 05/01/2024 16:00:00,SCA|NO1,mFRR,Not Specified,Not Specified,MARGINAL,299.94,105.0
05/01/2024 16:00:00 - 05/01/2024 17:00:00,SCA|NO1,mFRR,Not Specified,Not Specified,MARGINAL,449.64,105.0
05/01/2024 17:00:00 - 05/01/2024 18:00:00,SCA|NO1,mFRR,Not Specified,Not Specified,MARGINAL,526.25,105.0
05/01/2024 18:00:00 - 05/01/2024 19:00:00,SCA|NO1,mFRR,Not Specified,Not Specified,MARGINAL,349.95,105.0
05/01/2024 19:00:00 - 05/01/2024 20:00:00,SCA|NO1,mFRR,Not Specified,Not Specified,MARGINAL,181.91,105.0
05/01/2024 20:00:00 - 05/01/2024 21:00:00,SCA|NO1,mFRR,Not Specified,Not Specified,MARGINAL,149.6,105.0
05/01/2024 21:00:00 - 05/01/2024 22:00:00,SCA|NO1,mFRR,Not Specified,Not Specified,MARGINAL,112.82,105.0
05/01/2024 22:00:00 - 05/01/2024 23:00:00,SCA|NO1,mFRR,Not Specified,Not Specified,MARGINAL,100.1,98.6
05/01/2024 23:00:00 - 06/01/2024 00:00:00,SCA|NO1,mFRR,Not Specified,Not Specified,MARGINAL,92.87,92.87
06/01/2024 00:00:00 - 06/01/2024 01:00:00,SCA|NO1,mFRR,Not Specified,Not Specified,MARGINAL,103.47,84.88
06/01/2024 01:00:00 - 06/01/2024 02:00:00,SCA|NO1,mFRR,Not Specified,Not Specified,MARGINAL,95.0,83.2
06/01/2024 02:00:00 - 06/01/2024 03:00:00,SCA|NO1,mFRR,Not Specified,Not Specified,MARGINAL,94.33,82.03
06/01/2024 03:00:00 - 06/01/2024 04:00:00,SCA|NO1,mFRR,Not Specified,Not Specified,MARGINAL,93.0,82.18
06/01/2024 04:00:00 - 06/01/2024 05:00:00,SCA|NO1,mFRR,Not Specified,Not Specified,MARGINAL,92.7,82.53
06/01/2024 05:00:00 - 06/01/2024 06:00:00,SCA|NO1,mFRR,Not Specified,Not Specified,MARGINAL,86.5,84.13
06/01/2024 06:00:00 - 06/01/2024 07:00:00,SCA|NO1,mFRR,Not Specified,Not Specified,MARGINAL,86.5,84.48
06/01/2024 07:00:00 - 06/01/2024 08:00:00,SCA|NO1,mFRR,Not Specified,Not Specified,MARGINAL,87.43,87.43
06/01/2024 08:00:00 - 06/01/2024 09:00:00,SCA|NO1,mFRR,Not Specified,Not Specified,MARGINAL,90.87,90.87
06/01/2024 09:00:00 - 06/01/2024 10:00:00,SCA|NO1,mFRR,Not Specified,Not Specified,MARGINAL,94.98,82.0
06/01/2024 10:00:00 - 06/01/2024 11:00:00,SCA|NO1,mFRR,Not Specified,Not Specified,MARGINAL,100.41,82.0
06/01/2024 11:00:00 - 06/01/2024 12:00:00,SCA|NO1,mFRR,Not Specified,Not Specified,MARGINAL,105.0,103.65
06/01/2024 12:00:00 - 06/01/2024 13:00:00,SCA|NO1,mFRR,Not Specified,Not Specified,MARGINAL,104.0,102.33
06/01/2024 13:00:00 - 06/01/2024 14:00:00,SCA|NO1,mFRR,Not Specified,Not Specified,MARGINAL,98.0,97.75
06/01/2024 14:00:00 - 06/01/2024 15:00:00,SCA|NO1,mFRR,Not Specified,Not Specified,MARGINAL,96.0,95.51
06/01/2024 15:00:00 - 06/01/2024 16:00:00,SCA|NO1,mFRR,Not Specified,Not Specified,MARGINAL,98.5,98.5
06/01/2024 16:00:00 - 06/01/2024 17:00:00,SCA|NO1,mFRR,Not Specified,Not Specified,MARGINAL,110.0,110.0
06/01/2024 17:00:00 - 06/01/2024 18:00:00,SCA|NO1,mFRR,Not Specified,Not Specified,MARGINAL,120.0,118.27
06/01/2024 18:00:00 - 06/01/2024 19:00:00,SCA|NO1,mFRR,Not Specified,Not Specified,MARGINAL,119.0,106.94
06/01/2024 19:00:00 - 06/01/2024 20:00:00,SCA|NO1,mFRR,Not Specified,Not Specified,MARGINAL,119.0,102.27
06/01/2024 20:00:00 - 06/01/2024 21:00:00,SCA|NO1,mFRR,Not Specified,Not Specified,MARGINAL,104.0,94.98
06/01/2024 21:00:00 - 06/01/2024 22:00:00,SCA|NO1,mFRR,Not Specified,Not Specified,MARGINAL,92.0,90.63
06/01/2024 22:00:00 - 06/01/2024 23:00:00,SCA|NO1,mFRR,Not Specified,Not Specified,MARGINAL,89.34,89.34
06/01/2024 23:00:00 - 07/01/2024 00:00:00,SCA|NO1,mFRR,Not Specified,Not Specified,MARGINAL,82.8,82.8
07/01/2024 00:00:00 - 07/01/2024 01:00:00,SCA|NO1,mFRR,Not Specified,Not Specified,MARGINAL,100.0,86.15
07/01/2024 01:00:00 - 07/01/2024 02:00:00,SCA|NO1,mFRR,Not Specified,Not Specified,MARGINAL,100.0,82.46
07/01/2024 02:00:00 - 07/01/2024 03:00:00,SCA|NO1,mFRR,Not Specified,Not Specified,MARGINAL,96.0,79.22
07/01/2024 03:00:00 - 07/01/2024 04:00:00,SCA|NO1,mFRR,Not Specified,Not Specified,MARGINAL,92.0,77.53
07/01/2024 04:00:00 - 07/01/2024 05:00:00,SCA|NO1,mFRR,Not Specified,Not Specified,MARGINAL,92.0,76.89
07/01/2024 05:00:00 - 07/01/2024 06:00:00,SCA|NO1,mFRR,Not Specified,Not Specified,MARGINAL,92.0,77.42
07/01/2024 06:00:00 - 07/01/2024 07:00:00,SCA|NO1,mFRR,Not Specified,Not Specified,MARGINAL,92.0,78.45
07/01/2024 07:00:00 - 07/01/2024 08:00:00,SCA|NO1,mFRR,Not Specified,Not Specified,MARGINAL,90.0,80.37
07/01/2024 08:00:00 - 07/01/2024 09:00:00,SCA|NO1,mFRR,Not Specified,Not Specified,MARGINAL,85.0,84.21
07/01/2024 09:00:00 - 07/01/2024 10:00:00,SCA|NO1,mFRR,Not Specified,Not Specified,MARGINAL,90.0,87.57
07/01/2024 10:00:00 - 07/01/2024 11:00:00,SCA|NO1,mFRR,Not Specified,Not Specified,MARGINAL,102.0,89.75
07/01/2024 11:00:00 - 07/01/2024 12:00:00,SCA|NO1,mFRR,Not Specified,Not Specified,MARGINAL,102.0,91.99
07/01/2024 12:00:00 - 07/01/2024 13:00:00,SCA|NO1,mFRR,Not Specified,Not Specified,MARGINAL,100.0,91.5
07/01/2024 13:00:00 - 07/01/2024 14:00:00,SCA|NO1,mFRR,Not Specified,Not Specified,MARGINAL,100.0,87.52
07/01/2024 14:00:00 - 07/01/2024 15:00:00,SCA|NO1,mFRR,Not Specified,Not Specified,MARGINAL,100.0,87.23
07/01/2024 15:00:00 - 07/01/2024 16:00:00,SCA|NO1,mFRR,Not Specified,Not Specified,MARGINAL,100.0,90.64
07/01/2024 16:00:00 - 07/01/2024 17:00:00,SCA|NO1,mFRR,Not Specified,Not Specified,MARGINAL,100.0,96.21
07/01/2024 17:00:00 - 07/01/2024 18:00:00,SCA|NO1,mFRR,Not Specified,Not Specified,MARGINAL,201.11,104.27
07/01/2024 18:00:00 - 07/01/2024 19:00:00,SCA|NO1,mFRR,Not Specified,Not Specified,MARGINAL,260.0,106.09
07/01/2024 19:00:00 - 07/01/2024 20:00:00,SCA|NO1,mFRR,Not Specified,Not Specified,MARGINAL,179.0,103.55
07/01/2024 20:00:00 - 07/01/2024 21:00:00,SCA|NO1,mFRR,Not Specified,Not Specified,MARGINAL,114.0,100.5
07/01/2024 21:00:00 - 07/01/2024 22:00:00,SCA|NO1,mFRR,Not Specified,Not Specified,MARGINAL,114.0,93.31
07/01/2024 22:00:00 - 07/01/2024 23:00:00,SCA|NO1,mFRR,Not Specified,Not Specified,MARGINAL,114.0,91.17
07/01/2024 23:00:00 - 08/01/2024 00:00:00,SCA|NO1,mFRR,Not Specified,Not Specified,MARGINAL,113.0,83.86
08/01/2024 00:00:00 - 08/01/2024 01:00:00,SCA|NO1,mFRR,Not Specified,Not Specified,MARGINAL,98.0,87.02
08/01/2024 01:00:00 - 08/01/2024 02:00:00,SCA|NO1,mFRR,Not Specified,Not Specified,MARGINAL,84.32,84.32
08/01/2024 02:00:00 - 08/01/2024 03:00:00,SCA|NO1,mFRR,Not Specified,Not Specified,MARGINAL,81.82,81.82
08/01/2024 03:00:00 - 08/01/2024 04:00:00,SCA|NO1,mFRR,Not Specified,Not Specified,MARGINAL,87.0,80.63
08/01/2024 04:00:00 - 08/01/2024 05:00:00,SCA|NO1,mFRR,Not Specified,Not Specified,MARGINAL,87.0,79.04
08/01/2024 05:00:00 - 08/01/2024 06:00:00,SCA|NO1,mFRR,Not Specified,Not Specified,MARGINAL,82.1,82.1
08/01/2024 06:00:00 - 08/01/2024 07:00:00,SCA|NO1,mFRR,Not Specified,Not Specified,MARGINAL,133.0,94.3
08/01/2024 07:00:00 - 08/01/2024 08:00:00,SCA|NO1,mFRR,Not Specified,Not Specified,MARGINAL,499.12,111.22
08/01/2024 08:00:00 - 08/01/2024 09:00:00,SCA|NO1,mFRR,Not Specified,Not Specified,MARGINAL,1206.14,121.11
08/01/2024 09:00:00 - 08/01/2024 10:00:00,SCA|NO1,mFRR,Not Specified,Not Specified,MARGINAL,1205.86,120.73
08/01/2024 10:00:00 - 08/01/2024 11:00:00,SCA|NO1,mFRR,Not Specified,Not Specified,MARGINAL,499.12,113.9
08/01/2024 11:00:00 - 08/01/2024 12:00:00,SCA|NO1,mFRR,Not Specified,Not Specified,MARGINAL,293.0,105.54
08/01/2024 12:00:00 - 08/01/2024 13:00:00,SCA|NO1,mFRR,Not Specified,Not Specified,MARGINAL,133.0,97.84
08/01/2024 13:00:00 - 08/01/2024 14:00:00,SCA|NO1,mFRR,Not Specified,Not Specified,MARGINAL,94.88,93.0
08/01/2024 14:00:00 - 08/01/2024 15:00:00,SCA|NO1,mFRR,Not Specified,Not Specified,MARGINAL,102.46,102.46
08/01/2024 15:00:00 - 08/01/2024 16:00:00,SCA|NO1,mFRR,Not Specified,Not Specified,MARGINAL,110.64,91.18
08/01/2024 16:00:00 - 08/01/2024 17:00:00,SCA|NO1,mFRR,Not Specified,Not Specified,MARGINAL,128.0,90.0
08/01/2024 17:00:00 - 08/01/2024 18:00:00,SCA|NO1,mFRR,Not Specified,Not Specified,MARGINAL,132.31,132.31
08/01/2024 18:00:00 - 08/01/2024 19:00:00,SCA|NO1,mFRR,Not Specified,Not Specified,MARGINAL,130.01,130.01
08/01/2024 19:00:00 - 08/01/2024 20:00:00,SCA|NO1,mFRR,Not Specified,Not Specified,MARGINAL,129.0,122.12
08/01/2024 20:00:00 - 08/01/2024 21:00:00,SCA|NO1,mFRR,Not Specified,Not Specified,MARGINAL,129.0,114.21
08/01/2024 21:00:00 - 08/01/2024 22:00:00,SCA|NO1,mFRR,Not Specified,Not Specified,MARGINAL,129.0,99.85
08/01/2024 22:00:00 - 08/01/2024 23:00:00,SCA|NO1,mFRR,Not Specified,Not Specified,MARGINAL,132.0,97.08
08/01/2024 23:00:00 - 09/01/2024 00:00:00,SCA|NO1,mFRR,Not Specified,Not Specified,MARGINAL,110.0,88.83
09/01/2024 00:00:00 - 09/01/2024 01:00:00,SCA|NO1,mFRR,Not Specified,Not Specified,MARGINAL,92.0,85.43
09/01/2024 01:00:00 - 09/01/2024 02:00:00,SCA|NO1,mFRR,Not Specified,Not Specified,MARGINAL,92.0,84.34
09/01/2024 02:00:00 - 09/01/2024 03:00:00,SCA|NO1,mFRR,Not Specified,Not Specified,MARGINAL,92.0,82.54
09/01/2024 03:00:00 - 09/01/2024 04:00:00,SCA|NO1,mFRR,Not Specified,Not Specified,MARGINAL,92.0,81.7
09/01/2024 04:00:00 - 09/01/2024 05:00:00,SCA|NO1,mFRR,Not Specified,Not Specified,MARGINAL,92.0,83.23
09/01/2024 05:00:00 - 09/01/2024 06:00:00,SCA|NO1,mFRR,Not Specified,Not Specified,MARGINAL,98.0,86.34
09/01/2024 06:00:00 - 09/01/2024 07:00:00,SCA|NO1,mFRR,Not Specified,Not Specified,MARGINAL,120.0,88.98
09/01/2024 07:00:00 - 09/01/2024 08:00:00,SCA|NO1,mFRR,Not Specified,Not Specified,MARGINAL,135.0,94.88
09/01/2024 08:00:00 - 09/01/2024 09:00:00,SCA|NO1,mFRR,Not Specified,Not Specified,MARGINAL,250.0,129.11
09/01/2024 09:00:00 - 09/01/2024 10:00:00,SCA|NO1,mFRR,Not Specified,Not Specified,MARGINAL,250.0,117.16
09/01/2024 10:00:00 - 09/01/2024 11:00:00,SCA|NO1,mFRR,Not Specified,Not Specified,MARGINAL,250.0,109.91
09/01/2024 11:00:00 - 09/01/2024 12:00:00,SCA|NO1,mFRR,Not Specified,Not Specified,MARGINAL,493.48,102.5
09/01/2024 12:00:00 - 09/01/2024 13:00:00,SCA|NO1,mFRR,Not Specified,Not Specified,MARGINAL,126.0,97.11
09/01/2024 13:00:00 - 09/01/2024 14:00:00,SCA|NO1,mFRR,Not Specified,Not Specified,MARGINAL,97.69,82.0
09/01/2024 14:00:00 - 09/01/2024 15:00:00,SCA|NO1,mFRR,Not Specified,Not Specified,MARGINAL,107.45,83.5
09/01/2024 15:00:00 - 09/01/2024 16:00:00,SCA|NO1,mFRR,Not Specified,Not Specified,MARGINAL,120.0,115.69
09/01/2024 16:00:00 - 09/01/2024 17:00:00,SCA|NO1,mFRR,Not Specified,Not Specified,MARGINAL,134.0,123.88
09/01/2024 17:00:00 - 09/01/2024 18:00:00,SCA|NO1,mFRR,Not Specified,Not Specified,MARGINAL,139.4,133.56
09/01/2024 18:00:00 - 09/01/2024 19:00:00,SCA|NO1,mFRR,Not Specified,Not Specified,MARGINAL,139.4,133.53
09/01/2024 19:00:00 - 09/01/2024 20:00:00,SCA|NO1,mFRR,Not Specified,Not Specified,MARGINAL,139.4,126.38
09/01/2024 20:00:00 - 09/01/2024 21:00:00,SCA|NO1,mFRR,Not Specified,Not Specified,MARGINAL,125.0,116.51
09/01/2024 21:00:00 - 09/01/2024 22:00:00,SCA|NO1,mFRR,Not Specified,Not Specified,MARGINAL,99.96,99.96
09/01/2024 22:00:00 - 09/01/2024 23:00:00,SCA|NO1,mFRR,Not Specified,Not Specified,MARGINAL,91.69,91.69
09/01/2024 23:00:00 - 10/01/2024 00:00:00,SCA|NO1,mFRR,Not Specified,Not Specified,MARGINAL,90.91,90.91
10/01/2024 00:00:00 - 10/01/2024 01:00:00,SCA|NO1,mFRR,Not Specified,Not Specified,MARGINAL,90.0,86.52
10/01/2024 01:00:00 - 10/01/2024 02:00:00,SCA|NO1,mFRR,Not Specified,Not Specified,MARGINAL,90.0,84.07
10/01/2024 02:00:00 - 10/01/2024 03:00:00,SCA|NO1,mFRR,Not Specified,Not Specified,MARGINAL,90.0,84.04
10/01/2024 03:00:00 - 10/01/2024 04:00:00,SCA|NO1,mFRR,Not Specified,Not Specified,MARGINAL,90.0,83.42
10/01/2024 04:00:00 - 10/01/2024 05:00:00,SCA|NO1,mFRR,Not Specified,Not Specified,MARGINAL,90.0,83.63
10/01/2024 05:00:00 - 10/01/2024 06:00:00,SCA|NO1,mFRR,Not Specified,Not Specified,MARGINAL,90.0,82.45
10/01/2024 06:00:00 - 10/01/2024 07:00:00,SCA|NO1,mFRR,Not Specified,Not Specified,MARGINAL,90.0,82.74
10/01/2024 07:00:00 - 10/01/2024 08:00:00,SCA|NO1,mFRR,Not Specified,Not Specified,MARGINAL,111.0,96.89
10/01/2024 08:00:00 - 10/01/2024 09:00:00,SCA|NO1,mFRR,Not Specified,Not Specified,MARGINAL,200.0,136.9
10/01/2024 09:00:00 - 10/01/2024 10:00:00,SCA|NO1,mFRR,Not Specified,Not Specified,MARGINAL,469.35,126.35
10/01/2024 10:00:00 - 10/01/2024 11:00:00,SCA|NO1,mFRR,Not Specified,Not Specified,MARGINAL,157.0,114.88
10/01/2024 11:00:00 - 10/01/2024 12:00:00,SCA|NO1,mFRR,Not Specified,Not Specified,MARGINAL,125.0,105.97
10/01/2024 12:00:00 - 10/01/2024 13:00:00,SCA|NO1,mFRR,Not Specified,Not Specified,MARGINAL,120.0,98.82
10/01/2024 13:00:00 - 10/01/2024 14:00:00,SCA|NO1,mFRR,Not Specified,Not Specified,MARGINAL,105.0,91.49
10/01/2024 14:00:00 - 10/01/2024 15:00:00,SCA|NO1,mFRR,Not Specified,Not Specified,MARGINAL,109.41,109.41
10/01/2024 15:00:00 - 10/01/2024 16:00:00,SCA|NO1,mFRR,Not Specified,Not Specified,MARGINAL,123.0,119.96
10/01/2024 16:00:00 - 10/01/2024 17:00:00,SCA|NO1,mFRR,Not Specified,Not Specified,MARGINAL,125.0,122.06
10/01/2024 17:00:00 - 10/01/2024 18:00:00,SCA|NO1,mFRR,Not Specified,Not Specified,MARGINAL,141.0,139.19
10/01/2024 18:00:00 - 10/01/2024 19:00:00,SCA|NO1,mFRR,Not Specified,Not Specified,MARGINAL,136.0,135.66
10/01/2024 19:00:00 - 10/01/2024 20:00:00,SCA|NO1,mFRR,Not Specified,Not Specified,MARGINAL,130.0,128.06
10/01/2024 20:00:00 - 10/01/2024 21:00:00,SCA|NO1,mFRR,Not Specified,Not Specified,MARGINAL,129.0,116.28
10/01/2024 21:00:00 - 10/01/2024 22:00:00,SCA|NO1,mFRR,Not Specified,Not Specified,MARGINAL,110.16,100.52
10/01/2024 22:00:00 - 10/01/2024 23:00:00,SCA|NO1,mFRR,Not Specified,Not Specified,MARGINAL,101.0,89.46
10/01/2024 23:00:00 - 11/01/2024 00:00:00,SCA|NO1,mFRR,Not Specified,Not Specified,MARGINAL,85.04,85.04
11/01/2024 00:00:00 - 11/01/2024 01:00:00,SCA|NO1,mFRR,Not Specified,Not Specified,MARGINAL,88.9,77.11
11/01/2024 01:00:00 - 11/01/2024 02:00:00,SCA|NO1,mFRR,Not Specified,Not Specified,MARGINAL,85.84,72.41
11/01/2024 02:00:00 - 11/01/2024 03:00:00,SCA|NO1,mFRR,Not Specified,Not Specified,MARGINAL,84.54,71.0
11/01/2024 03:00:00 - 11/01/2024 04:00:00,SCA|NO1,mFRR,Not Specified,Not Specified,MARGINAL,79.83,71.0
11/01/2024 04:00:00 - 11/01/2024 05:00:00,SCA|NO1,mFRR,Not Specified,Not Specified,MARGINAL,79.57,79.57
11/01/2024 05:00:00 - 11/01/2024 06:00:00,SCA|NO1,mFRR,Not Specified,Not Specified,MARGINAL,83.75,76.0
11/01/2024 06:00:00 - 11/01/2024 07:00:00,SCA|NO1,mFRR,Not Specified,Not Specified,MARGINAL,86.74,86.74
11/01/2024 07:00:00 - 11/01/2024 08:00:00,SCA|NO1,mFRR,Not Specified,Not Specified,MARGINAL,110.07,83.0
11/01/2024 08:00:00 - 11/01/2024 09:00:00,SCA|NO1,mFRR,Not Specified,Not Specified,MARGINAL,136.63,85.0
11/01/2024 09:00:00 - 11/01/2024 10:00:00,SCA|NO1,mFRR,Not Specified,Not Specified,MARGINAL,125.03,88.0
11/01/2024 10:00:00 - 11/01/2024 11:00:00,SCA|NO1,mFRR,Not Specified,Not Specified,MARGINAL,110.01,80.46
11/01/2024 11:00:00 - 11/01/2024 12:00:00,SCA|NO1,mFRR,Not Specified,Not Specified,MARGINAL,103.29,85.0
11/01/2024 12:00:00 - 11/01/2024 13:00:00,SCA|NO1,mFRR,Not Specified,Not Specified,MARGINAL,100.0,96.3
11/01/2024 13:00:00 - 11/01/2024 14:00:00,SCA|NO1,mFRR,Not Specified,Not Specified,MARGINAL,100.0,95.93
11/01/2024 14:00:00 - 11/01/2024 15:00:00,SCA|NO1,mFRR,Not Specified,Not Specified,MARGINAL,102.69,102.69
11/01/2024 15:00:00 - 11/01/2024 16:00:00,SCA|NO1,mFRR,Not Specified,Not Specified,MARGINAL,114.3,85.0
11/01/2024 16:00:00 - 11/01/2024 17:00:00,SCA|NO1,mFRR,Not Specified,Not Specified,MARGINAL,133.09,81.0
11/01/2024 17:00:00 - 11/01/2024 18:00:00,SCA|NO1,mFRR,Not Specified,Not Specified,MARGINAL,145.44,81.0
11/01/2024 18:00:00 - 11/01/2024 19:00:00,SCA|NO1,mFRR,Not Specified,Not Specified,MARGINAL,137.0,132.45
11/01/2024 19:00:00 - 11/01/2024 20:00:00,SCA|NO1,mFRR,Not Specified,Not Specified,MARGINAL,146.0,128.21
11/01/2024 20:00:00 - 11/01/2024 21:00:00,SCA|NO1,mFRR,Not Specified,Not Specified,MARGINAL,135.0,114.22
11/01/2024 21:00:00 - 11/01/2024 22:00:00,SCA|NO1,mFRR,Not Specified,Not Specified,MARGINAL,103.76,103.76
11/01/2024 22:00:00 - 11/01/2024 23:00:00,SCA|NO1,mFRR,Not Specified,Not Specified,MARGINAL,95.0,94.49
11/01/2024 23:00:00 - 12/01/2024 00:00:00,SCA|NO1,mFRR,Not Specified,Not Specified,MARGINAL,96.5,85.74
12/01/2024 00:00:00 - 12/01/2024 01:00:00,SCA|NO1,mFRR,Not Specified,Not Specified,MARGINAL,91.43,86.53
12/01/2024 01:00:00 - 12/01/2024 02:00:00,SCA|NO1,mFRR,Not Specified,Not Specified,MARGINAL,83.3,72.41
12/01/2024 02:00:00 - 12/01/2024 03:00:00,SCA|NO1,mFRR,Not Specified,Not Specified,MARGINAL,81.25,66.0
12/01/2024 03:00:00 - 12/01/2024 04:00:00,SCA|NO1,mFRR,Not Specified,Not Specified,MARGINAL,79.84,64.0
12/01/2024 04:00:00 - 12/01/2024 05:00:00,SCA|NO1,mFRR,Not Specified,Not Specified,MARGINAL,79.98,64.0
12/01/2024 05:00:00 - 12/01/2024 06:00:00,SCA|NO1,mFRR,Not Specified,Not Specified,MARGINAL,81.8,64.0
12/01/2024 06:00:00 - 12/01/2024 07:00:00,SCA|NO1,mFRR,Not Specified,Not Specified,MARGINAL,86.66,70.0
12/01/2024 07:00:00 - 12/01/2024 08:00:00,SCA|NO1,mFRR,Not Specified,Not Specified,MARGINAL,111.86,85.0
12/01/2024 08:00:00 - 12/01/2024 09:00:00,SCA|NO1,mFRR,Not Specified,Not Specified,MARGINAL,136.38,87.5
12/01/2024 09:00:00 - 12/01/2024 10:00:00,SCA|NO1,mFRR,Not Specified,Not Specified,MARGINAL,130.78,130.78
12/01/2024 10:00:00 - 12/01/2024 11:00:00,SCA|NO1,mFRR,Not Specified,Not Specified,MARGINAL,118.22,118.22
12/01/2024 11:00:00 - 12/01/2024 12:00:00,SCA|NO1,mFRR,Not Specified,Not Specified,MARGINAL,111.41,111.41
12/01/2024 12:00:00 - 12/01/2024 13:00:00,SCA|NO1,mFRR,Not Specified,Not Specified,MARGINAL,103.67,103.67
12/01/2024 13:00:00 - 12/01/2024 14:00:00,SCA|NO1,mFRR,Not Specified,Not Specified,MARGINAL,99.88,99.88
12/01/2024 14:00:00 - 12/01/2024 15:00:00,SCA|NO1,mFRR,Not Specified,Not Specified,MARGINAL,101.3,101.3
12/01/2024 15:00:00 - 12/01/2024 16:00:00,SCA|NO1,mFRR,Not Specified,Not Specified,MARGINAL,106.81,106.81
12/01/2024 16:00:00 - 12/01/2024 17:00:00,SCA|NO1,mFRR,Not Specified,Not Specified,MARGINAL,116.52,83.0
12/01/2024 17:00:00 - 12/01/2024 18:00:00,SCA|NO1,mFRR,Not Specified,Not Specified,MARGINAL,123.8,83.0
12/01/2024 18:00:00 - 12/01/2024 19:00:00,SCA|NO1,mFRR,Not Specified,Not Specified,MARGINAL,122.35,90.0
12/01/2024 19:00:00 - 12/01/2024 20:00:00,SCA|NO1,mFRR,Not Specified,Not Specified,MARGINAL,116.01,116.01
12/01/2024 20:00:00 - 12/01/2024 21:00:00,SCA|NO1,mFRR,Not Specified,Not Specified,MARGINAL,104.03,104.03
12/01/2024 21:00:00 - 12/01/2024 22:00:00,SCA|NO1,mFRR,Not Specified,Not Specified,MARGINAL,88.77,88.77
12/01/2024 22:00:00 - 12/01/2024 23:00:00,SCA|NO1,mFRR,Not Specified,Not Specified,MARGINAL,82.83,72.0
12/01/2024 23:00:00 - 13/01/2024 00:00:00,SCA|NO1,mFRR,Not Specified,Not Specified,MARGINAL,80.1,72.0
13/01/2024 00:00:00 - 13/01/2024 01:00:00,SCA|NO1,mFRR,Not Specified,Not Specified,MARGINAL,87.0,76.65
13/01/2024 01:00:00 - 13/01/2024 02:00:00,SCA|NO1,mFRR,Not Specified,Not Specified,MARGINAL,80.0,74.85
13/01/2024 02:00:00 - 13/01/2024 03:00:00,SCA|NO1,mFRR,Not Specified,Not Specified,MARGINAL,80.0,74.42
13/01/2024 03:00:00 - 13/01/2024 04:00:00,SCA|NO1,mFRR,Not Specified,Not Specified,MARGINAL,73.5,73.5
13/01/2024 04:00:00 - 13/01/2024 05:00:00,SCA|NO1,mFRR,Not Specified,Not Specified,MARGINAL,72.24,72.24
13/01/2024 05:00:00 - 13/01/2024 06:00:00,SCA|NO1,mFRR,Not Specified,Not Specified,MARGINAL,70.85,70.85
13/01/2024 06:00:00 - 13/01/2024 07:00:00,SCA|NO1,mFRR,Not Specified,Not Specified,MARGINAL,69.22,69.22
13/01/2024 07:00:00 - 13/01/2024 08:00:00,SCA|NO1,mFRR,Not Specified,Not Specified,MARGINAL,70.56,70.56
13/01/2024 08:00:00 - 13/01/2024 09:00:00,SCA|NO1,mFRR,Not Specified,Not Specified,MARGINAL,72.52,72.52
13/01/2024 09:00:00 - 13/01/2024 10:00:00,SCA|NO1,mFRR,Not Specified,Not Specified,MARGINAL,73.31,68.0
13/01/2024 10:00:00 - 13/01/2024 11:00:00,SCA|NO1,mFRR,Not Specified,Not Specified,MARGINAL,80.0,73.01
13/01/2024 11:00:00 - 13/01/2024 12:00:00,SCA|NO1,mFRR,Not Specified,Not Specified,MARGINAL,80.0,72.25
13/01/2024 12:00:00 - 13/01/2024 13:00:00,SCA|NO1,mFRR,Not Specified,Not Specified,MARGINAL,70.56,70.56
13/01/2024 13:00:00 - 13/01/2024 14:00:00,SCA|NO1,mFRR,Not Specified,Not Specified,MARGINAL,67.89,67.89
13/01/2024 14:00:00 - 13/01/2024 15:00:00,SCA|NO1,mFRR,Not Specified,Not Specified,MARGINAL,69.94,69.94
13/01/2024 15:00:00 - 13/01/2024 16:00:00,SCA|NO1,mFRR,Not Specified,Not Specified,MARGINAL,70.71,66.0
13/01/2024 16:00:00 - 13/01/2024 17:00:00,SCA|NO1,mFRR,Not Specified,Not Specified,MARGINAL,72.84,67.05
13/01/2024 17:00:00 - 13/01/2024 18:00:00,SCA|NO1,mFRR,Not Specified,Not Specified,MARGINAL,86.0,74.22
13/01/2024 18:00:00 - 13/01/2024 19:00:00,SCA|NO1,mFRR,Not Specified,Not Specified,MARGINAL,92.0,75.81
13/01/2024 19:00:00 - 13/01/2024 20:00:00,SCA|NO1,mFRR,Not Specified,Not Specified,MARGINAL,85.0,73.82
13/01/2024 20:00:00 - 13/01/2024 21:00:00,SCA|NO1,mFRR,Not Specified,Not Specified,MARGINAL,80.5,73.06
13/01/2024 21:00:00 - 13/01/2024 22:00:00,SCA|NO1,mFRR,Not Specified,Not Specified,MARGINAL,79.0,70.93
13/01/2024 22:00:00 - 13/01/2024 23:00:00,SCA|NO1,mFRR,Not Specified,Not Specified,MARGINAL,81.0,67.66
13/01/2024 23:00:00 - 14/01/2024 00:00:00,SCA|NO1,mFRR,Not Specified,Not Specified,MARGINAL,81.0,66.15
14/01/2024 00:00:00 - 14/01/2024 01:00:00,SCA|NO1,mFRR,Not Specified,Not Specified,MARGINAL,80.0,66.07
14/01/2024 01:00:00 - 14/01/2024 02:00:00,SCA|NO1,mFRR,Not Specified,Not Specified,MARGINAL,70.5,64.1
14/01/2024 02:00:00 - 14/01/2024 03:00:00,SCA|NO1,mFRR,Not Specified,Not Specified,MARGINAL,70.0,64.95
14/01/2024 03:00:00 - 14/01/2024 04:00:00,SCA|NO1,mFRR,Not Specified,Not Specified,MARGINAL,66.06,56.32
14/01/2024 04:00:00 - 14/01/2024 05:00:00,SCA|NO1,mFRR,Not Specified,Not Specified,MARGINAL,66.74,56.32
14/01/2024 05:00:00 - 14/01/2024 06:00:00,SCA|NO1,mFRR,Not Specified,Not Specified,MARGINAL,67.34,56.32
14/01/2024 06:00:00 - 14/01/2024 07:00:00,SCA|NO1,mFRR,Not Specified,Not Specified,MARGINAL,69.41,63.5
14/01/2024 07:00:00 - 14/01/2024 08:00:00,SCA|NO1,mFRR,Not Specified,Not Specified,MARGINAL,73.36,64.0
14/01/2024 08:00:00 - 14/01/2024 09:00:00,SCA|NO1,mFRR,Not Specified,Not Specified,MARGINAL,76.74,70.0
14/01/2024 09:00:00 - 14/01/2024 10:00:00,SCA|NO1,mFRR,Not Specified,Not Specified,MARGINAL,90.0,81.14
14/01/2024 10:00:00 - 14/01/2024 11:00:00,SCA|NO1,mFRR,Not Specified,Not Specified,MARGINAL,92.0,80.63
14/01/2024 11:00:00 - 14/01/2024 12:00:00,SCA|NO1,mFRR,Not Specified,Not Specified,MARGINAL,88.08,81.84
14/01/2024 12:00:00 - 14/01/2024 13:00:00,SCA|NO1,mFRR,Not Specified,Not Specified,MARGINAL,80.39,80.39
14/01/2024 13:00:00 - 14/01/2024 14:00:00,SCA|NO1,mFRR,Not Specified,Not Specified,MARGINAL,77.04,77.04
14/01/2024 14:00:00 - 14/01/2024 15:00:00,SCA|NO1,mFRR,Not Specified,Not Specified,MARGINAL,79.15,71.0
14/01/2024 15:00:00 - 14/01/2024 16:00:00,SCA|NO1,mFRR,Not Specified,Not Specified,MARGINAL,82.32,74.0
14/01/2024 16:00:00 - 14/01/2024 17:00:00,SCA|NO1,mFRR,Not Specified,Not Specified,MARGINAL,90.5,75.0
14/01/2024 17:00:00 - 14/01/2024 18:00:00,SCA|NO1,mFRR,Not Specified,Not Specified,MARGINAL,97.0,91.86
14/01/2024 18:00:00 - 14/01/2024 19:00:00,SCA|NO1,mFRR,Not Specified,Not Specified,MARGINAL,96.0,76.0
14/01/2024 19:00:00 - 14/01/2024 20:00:00,SCA|NO1,mFRR,Not Specified,Not Specified,MARGINAL,85.26,73.46
14/01/2024 20:00:00 - 14/01/2024 21:00:00,SCA|NO1,mFRR,Not Specified,Not Specified,MARGINAL,79.06,74.0
14/01/2024 21:00:00 - 14/01/2024 22:00:00,SCA|NO1,mFRR,Not Specified,Not Specified,MARGINAL,78.41,78.41
14/01/2024 22:00:00 - 14/01/2024 23:00:00,SCA|NO1,mFRR,Not Specified,Not Specified,MARGINAL,80.0,74.67
14/01/2024 23:00:00 - 15/01/2024 00:00:00,SCA|NO1,mFRR,Not Specified,Not Specified,MARGINAL,74.0,69.34
15/01/2024 00:00:00 - 15/01/2024 01:00:00,SCA|NO1,mFRR,Not Specified,Not Specified,MARGINAL,69.65,60.5
15/01/2024 01:00:00 - 15/01/2024 02:00:00,SCA|NO1,mFRR,Not Specified,Not Specified,MARGINAL,67.08,53.0
15/01/2024 02:00:00 - 15/01/2024 03:00:00,SCA|NO1,mFRR,Not Specified,Not Specified,MARGINAL,65.98,53.0
15/01/2024 03:00:00 - 15/01/2024 04:00:00,SCA|NO1,mFRR,Not Specified,Not Specified,MARGINAL,64.03,53.0
15/01/2024 04:00:00 - 15/01/2024 05:00:00,SCA|NO1,mFRR,Not Specified,Not Specified,MARGINAL,64.93,53.0
15/01/2024 05:00:00 - 15/01/2024 06:00:00,SCA|NO1,mFRR,Not Specified,Not Specified,MARGINAL,70.57,58.0
15/01/2024 06:00:00 - 15/01/2024 07:00:00,SCA|NO1,mFRR,Not Specified,Not Specified,MARGINAL,86.0,79.95
15/01/2024 07:00:00 - 15/01/2024 08:00:00,SCA|NO1,mFRR,Not Specified,Not Specified,MARGINAL,89.0,83.84
15/01/2024 08:00:00 - 15/01/2024 09:00:00,SCA|NO1,mFRR,Not Specified,Not Specified,MARGINAL,96.42,80.0
15/01/2024 09:00:00 - 15/01/2024 10:00:00,SCA|NO1,mFRR,Not Specified,Not Specified,MARGINAL,97.39,80.0
15/01/2024 10:00:00 - 15/01/2024 11:00:00,SCA|NO1,mFRR,Not Specified,Not Specified,MARGINAL,94.88,80.0
15/01/2024 11:00:00 - 15/01/2024 12:00:00,SCA|NO1,mFRR,Not Specified,Not Specified,MARGINAL,93.46,90.26
15/01/2024 12:00:00 - 15/01/2024 13:00:00,SCA|NO1,mFRR,Not Specified,Not Specified,MARGINAL,87.32,83.86
15/01/2024 13:00:00 - 15/01/2024 14:00:00,SCA|NO1,mFRR,Not Specified,Not Specified,MARGINAL,82.15,82.15
15/01/2024 14:00:00 - 15/01/2024 15:00:00,SCA|NO1,mFRR,Not Specified,Not Specified,MARGINAL,89.0,84.5
15/01/2024 15:00:00 - 15/01/2024 16:00:00,SCA|NO1,mFRR,Not Specified,Not Specified,MARGINAL,89.44,81.0
15/01/2024 16:00:00 - 15/01/2024 17:00:00,SCA|NO1,mFRR,Not Specified,Not Specified,MARGINAL,99.92,78.5
15/01/2024 17:00:00 - 15/01/2024 18:00:00,SCA|NO1,mFRR,Not Specified,Not Specified,MARGINAL,109.08,80.46
15/01/2024 18:00:00 - 15/01/2024 19:00:00,SCA|NO1,mFRR,Not Specified,Not Specified,MARGINAL,115.57,80.46
15/01/2024 19:00:00 - 15/01/2024 20:00:00,SCA|NO1,mFRR,Not Specified,Not Specified,MARGINAL,110.66,110.66
15/01/2024 20:00:00 - 15/01/2024 21:00:00,SCA|NO1,mFRR,Not Specified,Not Specified,MARGINAL,113.98,103.15
15/01/2024 21:00:00 - 15/01/2024 22:00:00,SCA|NO1,mFRR,Not Specified,Not Specified,MARGINAL,106.0,92.95
15/01/2024 22:00:00 - 15/01/2024 23:00:00,SCA|NO1,mFRR,Not Specified,Not Specified,MARGINAL,95.0,89.49
15/01/2024 23:00:00 - 16/01/2024 00:00:00,SCA|NO1,mFRR,Not Specified,Not Specified,MARGINAL,85.73,85.73
16/01/2024 00:00:00 - 16/01/2024 01:00:00,SCA|NO1,mFRR,Not Specified,Not Specified,MARGINAL,80.55,71.0
16/01/2024 01:00:00 - 16/01/2024 02:00:00,SCA|NO1,mFRR,Not Specified,Not Specified,MARGINAL,79.74,73.0
16/01/2024 02:00:00 - 16/01/2024 03:00:00,SCA|NO1,mFRR,Not Specified,Not Specified,MARGINAL,79.99,73.0
16/01/2024 03:00:00 - 16/01/2024 04:00:00,SCA|NO1,mFRR,Not Specified,Not Specified,MARGINAL,78.26,70.12
16/01/2024 04:00:00 - 16/01/2024 05:00:00,SCA|NO1,mFRR,Not Specified,Not Specified,MARGINAL,77.59,70.12
16/01/2024 05:00:00 - 16/01/2024 06:00:00,SCA|NO1,mFRR,Not Specified,Not Specified,MARGINAL,81.55,73.0
16/01/2024 06:00:00 - 16/01/2024 07:00:00,SCA|NO1,mFRR,Not Specified,Not Specified,MARGINAL,123.0,123.0
16/01/2024 07:00:00 - 16/01/2024 08:00:00,SCA|NO1,mFRR,Not Specified,Not Specified,MARGINAL,193.42,193.42
16/01/2024 08:00:00 - 16/01/2024 09:00:00,SCA|NO1,mFRR,Not Specified,Not Specified,MARGINAL,275.59,275.59
16/01/2024 09:00:00 - 16/01/2024 10:00:00,SCA|NO1,mFRR,Not Specified,Not Specified,,,
16/01/2024 10:00:00 - 16/01/2024 11:00:00,SCA|NO1,mFRR,Not Specified,Not Specified,MARGINAL,249.93,249.93
16/01/2024 11:00:00 - 16/01/2024 12:00:00,SCA|NO1,mFRR,Not Specified,Not Specified,MARGINAL,200.55,200.55
16/01/2024 12:00:00 - 16/01/2024 13:00:00,SCA|NO1,mFRR,Not Specified,Not Specified,MARGINAL,170.04,170.04
16/01/2024 13:00:00 - 16/01/2024 14:00:00,SCA|NO1,mFRR,Not Specified,Not Specified,MARGINAL,141.97,141.97
16/01/2024 14:00:00 - 16/01/2024 15:00:00,SCA|NO1,mFRR,Not Specified,Not Specified,MARGINAL,143.58,143.58
16/01/2024 15:00:00 - 16/01/2024 16:00:00,SCA|NO1,mFRR,Not Specified,Not Specified,MARGINAL,156.16,156.16
16/01/2024 16:00:00 - 16/01/2024 17:00:00,SCA|NO1,mFRR,Not Specified,Not Specified,MARGINAL,170.08,170.08
16/01/2024 17:00:00 - 16/01/2024 18:00:00,SCA|NO1,mFRR,Not Specified,Not Specified,MARGINAL,170.81,170.81
16/01/2024 18:00:00 - 16/01/2024 19:00:00,SCA|NO1,mFRR,Not Specified,Not Specified,MARGINAL,133.08,133.08
16/01/2024 19:00:00 - 16/01/2024 20:00:00,SCA|NO1,mFRR,Not Specified,Not Specified,MARGINAL,111.77,111.77
16/01/2024 20:00:00 - 16/01/2024 21:00:00,SCA|NO1,mFRR,Not Specified,Not Specified,MARGINAL,95.49,95.49
16/01/2024 21:00:00 - 16/01/2024 22:00:00,SCA|NO1,mFRR,Not Specified,Not Specified,MARGINAL,86.21,86.21
16/01/2024 22:00:00 - 16/01/2024 23:00:00,SCA|NO1,mFRR,Not Specified,Not Specified,MARGINAL,82.04,69.0
16/01/2024 23:00:00 - 17/01/2024 00:00:00,SCA|NO1,mFRR,Not Specified,Not Specified,MARGINAL,77.69,62.0
17/01/2024 00:00:00 - 17/01/2024 01:00:00,SCA|NO1,mFRR,Not Specified,Not Specified,MARGINAL,69.89,62.0
17/01/2024 01:00:00 - 17/01/2024 02:00:00,SCA|NO1,mFRR,Not Specified,Not Specified,MARGINAL,70.0,62.0
17/01/2024 02:00:00 - 17/01/2024 03:00:00,SCA|NO1,mFRR,Not Specified,Not Specified,MARGINAL,70.0,68.47
17/01/2024 03:00:00 - 17/01/2024 04:00:00,SCA|NO1,mFRR,Not Specified,Not Specified,MARGINAL,68.0,67.56
17/01/2024 04:00:00 - 17/01/2024 05:00:00,SCA|NO1,mFRR,Not Specified,Not Specified,MARGINAL,67.31,60.06
17/01/2024 05:00:00 - 17/01/2024 06:00:00,SCA|NO1,mFRR,Not Specified,Not Specified,MARGINAL,67.28,59.5
17/01/2024 06:00:00 - 17/01/2024 07:00:00,SCA|NO1,mFRR,Not Specified,Not Specified,MARGINAL,70.65,62.0
17/01/2024 07:00:00 - 17/01/2024 08:00:00,SCA|NO1,mFRR,Not Specified,Not Specified,MARGINAL,79.94,71.05
17/01/2024 08:00:00 - 17/01/2024 09:00:00,SCA|NO1,mFRR,Not Specified,Not Specified,MARGINAL,95.35,87.0
17/01/2024 09:00:00 - 17/01/2024 10:00:00,SCA|NO1,mFRR,Not Specified,Not Specified,MARGINAL,102.87,93.0
17/01/2024 10:00:00 - 17/01/2024 11:00:00,SCA|NO1,mFRR,Not Specified,Not Specified,MARGINAL,109.0,106.91
17/01/2024 11:00:00 - 17/01/2024 12:00:00,SCA|NO1,mFRR,Not Specified,Not Specified,MARGINAL,110.0,107.66
17/01/2024 12:00:00 - 17/01/2024 13:00:00,SCA|NO1,mFRR,Not Specified,Not Specified,MARGINAL,114.06,114.06
17/01/2024 13:00:00 - 17/01/2024 14:00:00,SCA|NO1,mFRR,Not Specified,Not Specified,MARGINAL,117.92,117.92
17/01/2024 14:00:00 - 17/01/2024 15:00:00,SCA|NO1,mFRR,Not Specified,Not Specified,MARGINAL,117.97,80.0
17/01/2024 15:00:00 - 17/01/2024 16:00:00,SCA|NO1,mFRR,Not Specified,Not Specified,MARGINAL,121.82,75.0
17/01/2024 16:00:00 - 17/01/2024 17:00:00,SCA|NO1,mFRR,Not Specified,Not Specified,MARGINAL,124.84,79.0
17/01/2024 17:00:00 - 17/01/2024 18:00:00,SCA|NO1,mFRR,Not Specified,Not Specified,MARGINAL,136.44,80.45
17/01/2024 18:00:00 - 17/01/2024 19:00:00,SCA|NO1,mFRR,Not Specified,Not Specified,MARGINAL,120.01,80.45
17/01/2024 19:00:00 - 17/01/2024 20:00:00,SCA|NO1,mFRR,Not Specified,Not Specified,MARGINAL,110.96,89.0
17/01/2024 20:00:00 - 17/01/2024 21:00:00,SCA|NO1,mFRR,Not Specified,Not Specified,MARGINAL,106.61,84.5
17/01/2024 21:00:00 - 17/01/2024 22:00:00,SCA|NO1,mFRR,Not Specified,Not Specified,MARGINAL,97.51,75.0
17/01/2024 22:00:00 - 17/01/2024 23:00:00,SCA|NO1,mFRR,Not Specified,Not Specified,MARGINAL,91.36,75.0
17/01/2024 23:00:00 - 18/01/2024 00:00:00,SCA|NO1,mFRR,Not Specified,Not Specified,MARGINAL,81.56,72.0
18/01/2024 00:00:00 - 18/01/2024 01:00:00,SCA|NO1,mFRR,Not Specified,Not Specified,MARGINAL,77.34,72.0
18/01/2024 01:00:00 - 18/01/2024 02:00:00,SCA|NO1,mFRR,Not Specified,Not Specified,MARGINAL,74.8,72.0
18/01/2024 02:00:00 - 18/01/2024 03:00:00,SCA|NO1,mFRR,Not Specified,Not Specified,MARGINAL,72.96,69.0
18/01/2024 03:00:00 - 18/01/2024 04:00:00,SCA|NO1,mFRR,Not Specified,Not Specified,MARGINAL,72.58,69.0
18/01/2024 04:00:00 - 18/01/2024 05:00:00,SCA|NO1,mFRR,Not Specified,Not Specified,MARGINAL,75.17,71.0
18/01/2024 05:00:00 - 18/01/2024 06:00:00,SCA|NO1,mFRR,Not Specified,Not Specified,MARGINAL,78.49,74.0
18/01/2024 06:00:00 - 18/01/2024 07:00:00,SCA|NO1,mFRR,Not Specified,Not Specified,MARGINAL,88.6,72.0
18/01/2024 07:00:00 - 18/01/2024 08:00:00,SCA|NO1,mFRR,Not Specified,Not Specified,MARGINAL,107.84,107.84
18/01/2024 08:00:00 - 18/01/2024 09:00:00,SCA|NO1,mFRR,Not Specified,Not Specified,MARGINAL,125.89,76.0
18/01/2024 09:00:00 - 18/01/2024 10:00:00,SCA|NO1,mFRR,Not Specified,Not Specified,MARGINAL,122.17,76.0
18/01/2024 10:00:00 - 18/01/2024 11:00:00,SCA|NO1,mFRR,Not Specified,Not Specified,MARGINAL,114.5,110.9
18/01/2024 11:00:00 - 18/01/2024 12:00:00,SCA|NO1,mFRR,Not Specified,Not Specified,MARGINAL,108.35,107.95
18/01/2024 12:00:00 - 18/01/2024 13:00:00,SCA|NO1,mFRR,Not Specified,Not Specified,MARGINAL,93.55,93.55
18/01/2024 13:00:00 - 18/01/2024 14:00:00,SCA|NO1,mFRR,Not Specified,Not Specified,MARGINAL,87.62,73.0
18/01/2024 14:00:00 - 18/01/2024 15:00:00,SCA|NO1,mFRR,Not Specified,Not Specified,MARGINAL,86.43,73.0
18/01/2024 15:00:00 - 18/01/2024 16:00:00,SCA|NO1,mFRR,Not Specified,Not Specified,MARGINAL,94.25,75.0
18/01/2024 16:00:00 - 18/01/2024 17:00:00,SCA|NO1,mFRR,Not Specified,Not Specified,MARGINAL,101.0,99.52
18/01/2024 17:00:00 - 18/01/2024 18:00:00,SCA|NO1,mFRR,Not Specified,Not Specified,MARGINAL,104.68,104.68
18/01/2024 18:00:00 - 18/01/2024 19:00:00,SCA|NO1,mFRR,Not Specified,Not Specified,MARGINAL,103.26,103.26
18/01/2024 19:00:00 - 18/01/2024 20:00:00,SCA|NO1,mFRR,Not Specified,Not Specified,MARGINAL,94.53,94.53
18/01/2024 20:00:00 - 18/01/2024 21:00:00,SCA|NO1,mFRR,Not Specified,Not Specified,MARGINAL,86.97,86.97
18/01/2024 21:00:00 - 18/01/2024 22:00:00,SCA|NO1,mFRR,Not Specified,Not Specified,MARGINAL,80.54,80.54
18/01/2024 22:00:00 - 18/01/2024 23:00:00,SCA|NO1,mFRR,Not Specified,Not Specified,MARGINAL,77.43,77.43
18/01/2024 23:00:00 - 19/01/2024 00:00:00,SCA|NO1,mFRR,Not Specified,Not Specified,MARGINAL,71.33,61.0
19/01/2024 00:00:00 - 19/01/2024 01:00:00,SCA|NO1,mFRR,Not Specified,Not Specified,MARGINAL,68.4,58.99
19/01/2024 01:00:00 - 19/01/2024 02:00:00,SCA|NO1,mFRR,Not Specified,Not Specified,MARGINAL,65.34,62.0
19/01/2024 02:00:00 - 19/01/2024 03:00:00,SCA|NO1,mFRR,Not Specified,Not Specified,MARGINAL,64.05,62.0
19/01/2024 03:00:00 - 19/01/2024 04:00:00,SCA|NO1,mFRR,Not Specified,Not Specified,MARGINAL,62.76,58.0
19/01/2024 04:00:00 - 19/01/2024 05:00:00,SCA|NO1,mFRR,Not Specified,Not Specified,MARGINAL,63.32,58.0
19/01/2024 05:00:00 - 19/01/2024 06:00:00,SCA|NO1,mFRR,Not Specified,Not Specified,MARGINAL,65.85,57.0
19/01/2024 06:00:00 - 19/01/2024 07:00:00,SCA|NO1,mFRR,Not Specified,Not Specified,MARGINAL,98.0,68.0
19/01/2024 07:00:00 - 19/01/2024 08:00:00,SCA|NO1,mFRR,Not Specified,Not Specified,MARGINAL,98.0,89.38
19/01/2024 08:00:00 - 19/01/2024 09:00:00,SCA|NO1,mFRR,Not Specified,Not Specified,MARGINAL,104.27,73.0
19/01/2024 09:00:00 - 19/01/2024 10:00:00,SCA|NO1,mFRR,Not Specified,Not Specified,MARGINAL,103.3,69.73
19/01/2024 10:00:00 - 19/01/2024 11:00:00,SCA|NO1,mFRR,Not Specified,Not Specified,MARGINAL,95.85,74.0
19/01/2024 11:00:00 - 19/01/2024 12:00:00,SCA|NO1,mFRR,Not Specified,Not Specified,MARGINAL,86.56,74.0
19/01/2024 12:00:00 - 19/01/2024 13:00:00,SCA|NO1,mFRR,Not Specified,Not Specified,MARGINAL,111.82,78.72
19/01/2024 13:00:00 - 19/01/2024 14:00:00,SCA|NO1,mFRR,Not Specified,Not Specified,MARGINAL,98.0,75.15
19/01/2024 14:00:00 - 19/01/2024 15:00:00,SCA|NO1,mFRR,Not Specified,Not Specified,MARGINAL,80.0,71.07
19/01/2024 15:00:00 - 19/01/2024 16:00:00,SCA|NO1,mFRR,Not Specified,Not Specified,MARGINAL,86.95,66.0
19/01/2024 16:00:00 - 19/01/2024 17:00:00,SCA|NO1,mFRR,Not Specified,Not Specified,MARGINAL,104.6,66.0
19/01/2024 17:00:00 - 19/01/2024 18:00:00,SCA|NO1,mFRR,Not Specified,Not Specified,MARGINAL,114.77,114.77
19/01/2024 18:00:00 - 19/01/2024 19:00:00,SCA|NO1,mFRR,Not Specified,Not Specified,MARGINAL,110.0,108.49
19/01/2024 19:00:00 - 19/01/2024 20:00:00,SCA|NO1,mFRR,Not Specified,Not Specified,MARGINAL,97.0,85.1
19/01/2024 20:00:00 - 19/01/2024 21:00:00,SCA|NO1,mFRR,Not Specified,Not Specified,MARGINAL,75.82,67.0
19/01/2024 21:00:00 - 19/01/2024 22:00:00,SCA|NO1,mFRR,Not Specified,Not Specified,MARGINAL,73.01,67.0
19/01/2024 22:00:00 - 19/01/2024 23:00:00,SCA|NO1,mFRR,Not Specified,Not Specified,MARGINAL,70.69,70.69
19/01/2024 23:00:00 - 20/01/2024 00:00:00,SCA|NO1,mFRR,Not Specified,Not Specified,MARGINAL,66.69,66.69
20/01/2024 00:00:00 - 20/01/2024 01:00:00,SCA|NO1,mFRR,Not Specified,Not Specified,MARGINAL,77.0,67.62
20/01/2024 01:00:00 - 20/01/2024 02:00:00,SCA|NO1,mFRR,Not Specified,Not Specified,MARGINAL,69.75,65.35
20/01/2024 02:00:00 - 20/01/2024 03:00:00,SCA|NO1,mFRR,Not Specified,Not Specified,MARGINAL,66.0,65.42
20/01/2024 03:00:00 - 20/01/2024 04:00:00,SCA|NO1,mFRR,Not Specified,Not Specified,MARGINAL,64.0,63.68
20/01/2024 04:00:00 - 20/01/2024 05:00:00,SCA|NO1,mFRR,Not Specified,Not Specified,MARGINAL,64.0,63.7
20/01/2024 05:00:00 - 20/01/2024 06:00:00,SCA|NO1,mFRR,Not Specified,Not Specified,MARGINAL,64.0,63.59
20/01/2024 06:00:00 - 20/01/2024 07:00:00,SCA|NO1,mFRR,Not Specified,Not Specified,MARGINAL,64.45,58.0
20/01/2024 07:00:00 - 20/01/2024 08:00:00,SCA|NO1,mFRR,Not Specified,Not Specified,MARGINAL,68.55,61.5
20/01/2024 08:00:00 - 20/01/2024 09:00:00,SCA|NO1,mFRR,Not Specified,Not Specified,MARGINAL,75.0,62.84
20/01/2024 09:00:00 - 20/01/2024 10:00:00,SCA|NO1,mFRR,Not Specified,Not Specified,MARGINAL,78.85,78.85
20/01/2024 10:00:00 - 20/01/2024 11:00:00,SCA|NO1,mFRR,Not Specified,Not Specified,MARGINAL,74.07,73.57
20/01/2024 11:00:00 - 20/01/2024 12:00:00,SCA|NO1,mFRR,Not Specified,Not Specified,MARGINAL,73.01,72.51
20/01/2024 12:00:00 - 20/01/2024 13:00:00,SCA|NO1,mFRR,Not Specified,Not Specified,MARGINAL,69.75,64.0
20/01/2024 13:00:00 - 20/01/2024 14:00:00,SCA|NO1,mFRR,Not Specified,Not Specified,MARGINAL,70.79,64.0
20/01/2024 14:00:00 - 20/01/2024 15:00:00,SCA|NO1,mFRR,Not Specified,Not Specified,MARGINAL,73.39,64.0
20/01/2024 15:00:00 - 20/01/2024 16:00:00,SCA|NO1,mFRR,Not Specified,Not Specified,MARGINAL,81.0,79.11
20/01/2024 16:00:00 - 20/01/2024 17:00:00,SCA|NO1,mFRR,Not Specified,Not Specified,MARGINAL,95.0,90.05
20/01/2024 17:00:00 - 20/01/2024 18:00:00,SCA|NO1,mFRR,Not Specified,Not Specified,MARGINAL,102.0,97.27
20/01/2024 18:00:00 - 20/01/2024 19:00:00,SCA|NO1,mFRR,Not Specified,Not Specified,MARGINAL,102.0,101.11
20/01/2024 19:00:00 - 20/01/2024 20:00:00,SCA|NO1,mFRR,Not Specified,Not Specified,MARGINAL,91.57,91.57
20/01/2024 20:00:00 - 20/01/2024 21:00:00,SCA|NO1,mFRR,Not Specified,Not Specified,MARGINAL,88.0,80.0
20/01/2024 21:00:00 - 20/01/2024 22:00:00,SCA|NO1,mFRR,Not Specified,Not Specified,MARGINAL,73.39,73.39
20/01/2024 22:00:00 - 20/01/2024 23:00:00,SCA|NO1,mFRR,Not Specified,Not Specified,MARGINAL,70.42,70.42
20/01/2024 23:00:00 - 21/01/2024 00:00:00,SCA|NO1,mFRR,Not Specified,Not Specified,MARGINAL,66.99,58.56
21/01/2024 00:00:00 - 21/01/2024 01:00:00,SCA|NO1,mFRR,Not Specified,Not Specified,MARGINAL,61.48,61.48
21/01/2024 01:00:00 - 21/01/2024 02:00:00,SCA|NO1,mFRR,Not Specified,Not Specified,MARGINAL,59.04,59.04
21/01/2024 02:00:00 - 21/01/2024 03:00:00,SCA|NO1,mFRR,Not Specified,Not Specified,MARGINAL,64.0,56.46
21/01/2024 03:00:00 - 21/01/2024 04:00:00,SCA|NO1,mFRR,Not Specified,Not Specified,MARGINAL,65.0,52.98
21/01/2024 04:00:00 - 21/01/2024 05:00:00,SCA|NO1,mFRR,Not Specified,Not Specified,MARGINAL,63.0,50.06
21/01/2024 05:00:00 - 21/01/2024 06:00:00,SCA|NO1,mFRR,Not Specified,Not Specified,MARGINAL,53.64,48.97
21/01/2024 06:00:00 - 21/01/2024 07:00:00,SCA|NO1,mFRR,Not Specified,Not Specified,MARGINAL,60.0,46.99
21/01/2024 07:00:00 - 21/01/2024 08:00:00,SCA|NO1,mFRR,Not Specified,Not Specified,MARGINAL,60.0,45.37
21/01/2024 08:00:00 - 21/01/2024 09:00:00,SCA|NO1,mFRR,Not Specified,Not Specified,MARGINAL,63.0,53.0
21/01/2024 09:00:00 - 21/01/2024 10:00:00,SCA|NO1,mFRR,Not Specified,Not Specified,MARGINAL,63.5,56.09
21/01/2024 10:00:00 - 21/01/2024 11:00:00,SCA|NO1,mFRR,Not Specified,Not Specified,MARGINAL,63.0,57.2
21/01/2024 11:00:00 - 21/01/2024 12:00:00,SCA|NO1,mFRR,Not Specified,Not Specified,MARGINAL,65.0,58.1
21/01/2024 12:00:00 - 21/01/2024 13:00:00,SCA|NO1,mFRR,Not Specified,Not Specified,MARGINAL,69.0,58.31
21/01/2024 13:00:00 - 21/01/2024 14:00:00,SCA|NO1,mFRR,Not Specified,Not Specified,MARGINAL,69.0,58.05
21/01/2024 14:00:00 - 21/01/2024 15:00:00,SCA|NO1,mFRR,Not Specified,Not Specified,MARGINAL,58.02,58.02
21/01/2024 15:00:00 - 21/01/2024 16:00:00,SCA|NO1,mFRR,Not Specified,Not Specified,MARGINAL,64.0,58.77
21/01/2024 16:00:00 - 21/01/2024 17:00:00,SCA|NO1,mFRR,Not Specified,Not Specified,MARGINAL,65.0,59.96
21/01/2024 17:00:00 - 21/01/2024 18:00:00,SCA|NO1,mFRR,Not Specified,Not Specified,MARGINAL,71.0,60.38
21/01/2024 18:00:00 - 21/01/2024 19:00:00,SCA|NO1,mFRR,Not Specified,Not Specified,MARGINAL,71.0,61.49
21/01/2024 19:00:00 - 21/01/2024 20:00:00,SCA|NO1,mFRR,Not Specified,Not Specified,MARGINAL,68.5,60.39
21/01/2024 20:00:00 - 21/01/2024 21:00:00,SCA|NO1,mFRR,Not Specified,Not Specified,MARGINAL,63.5,57.98
21/01/2024 21:00:00 - 21/01/2024 22:00:00,SCA|NO1,mFRR,Not Specified,Not Specified,MARGINAL,56.7,56.7
21/01/2024 22:00:00 - 21/01/2024 23:00:00,SCA|NO1,mFRR,Not Specified,Not Specified,MARGINAL,56.06,56.06
21/01/2024 23:00:00 - 22/01/2024 00:00:00,SCA|NO1,mFRR,Not Specified,Not Specified,MARGINAL,55.03,55.03
22/01/2024 00:00:00 - 22/01/2024 01:00:00,SCA|NO1,mFRR,Not Specified,Not Specified,MARGINAL,50.35,50.35
22/01/2024 01:00:00 - 22/01/2024 02:00:00,SCA|NO1,mFRR,Not Specified,Not Specified,MARGINAL,49.95,49.95
22/01/2024 02:00:00 - 22/01/2024 03:00:00,SCA|NO1,mFRR,Not Specified,Not Specified,MARGINAL,46.02,46.02
22/01/2024 03:00:00 - 22/01/2024 04:00:00,SCA|NO1,mFRR,Not Specified,Not Specified,MARGINAL,28.85,3.0
22/01/2024 04:00:00 - 22/01/2024 05:00:00,SCA|NO1,mFRR,Not Specified,Not Specified,MARGINAL,18.6,1.0
22/01/2024 05:00:00 - 22/01/2024 06:00:00,SCA|NO1,mFRR,Not Specified,Not Specified,MARGINAL,20.63,5.0
22/01/2024 06:00:00 - 22/01/2024 07:00:00,SCA|NO1,mFRR,Not Specified,Not Specified,MARGINAL,48.88,24.0
22/01/2024 07:00:00 - 22/01/2024 08:00:00,SCA|NO1,mFRR,Not Specified,Not Specified,MARGINAL,59.84,59.84
22/01/2024 08:00:00 - 22/01/2024 09:00:00,SCA|NO1,mFRR,Not Specified,Not Specified,MARGINAL,62.97,50.0
22/01/2024 09:00:00 - 22/01/2024 10:00:00,SCA|NO1,mFRR,Not Specified,Not Specified,MARGINAL,61.14,50.0
22/01/2024 10:00:00 - 22/01/2024 11:00:00,SCA|NO1,mFRR,Not Specified,Not Specified,MARGINAL,62.92,50.0
22/01/2024 11:00:00 - 22/01/2024 12:00:00,SCA|NO1,mFRR,Not Specified,Not Specified,MARGINAL,61.45,51.5
22/01/2024 12:00:00 - 22/01/2024 13:00:00,SCA|NO1,mFRR,Not Specified,Not Specified,MARGINAL,59.82,42.0
22/01/2024 13:00:00 - 22/01/2024 14:00:00,SCA|NO1,mFRR,Not Specified,Not Specified,MARGINAL,58.54,38.5
22/01/2024 14:00:00 - 22/01/2024 15:00:00,SCA|NO1,mFRR,Not Specified,Not Specified,MARGINAL,60.09,40.5
22/01/2024 15:00:00 - 22/01/2024 16:00:00,SCA|NO1,mFRR,Not Specified,Not Specified,MARGINAL,61.39,50.0
22/01/2024 16:00:00 - 22/01/2024 17:00:00,SCA|NO1,mFRR,Not Specified,Not Specified,MARGINAL,61.78,53.0
22/01/2024 17:00:00 - 22/01/2024 18:00:00,SCA|NO1,mFRR,Not Specified,Not Specified,MARGINAL,63.69,58.0
22/01/2024 18:00:00 - 22/01/2024 19:00:00,SCA|NO1,mFRR,Not Specified,Not Specified,MARGINAL,62.85,54.0
22/01/2024 19:00:00 - 22/01/2024 20:00:00,SCA|NO1,mFRR,Not Specified,Not Specified,MARGINAL,61.83,52.0
22/01/2024 20:00:00 - 22/01/2024 21:00:00,SCA|NO1,mFRR,Not Specified,Not Specified,MARGINAL,61.38,45.5
22/01/2024 21:00:00 - 22/01/2024 22:00:00,SCA|NO1,mFRR,Not Specified,Not Specified,MARGINAL,60.22,39.0
22/01/2024 22:00:00 - 22/01/2024 23:00:00,SCA|NO1,mFRR,Not Specified,Not Specified,MARGINAL,57.56,39.0
22/01/2024 23:00:00 - 23/01/2024 00:00:00,SCA|NO1,mFRR,Not Specified,Not Specified,MARGINAL,52.01,16.67
23/01/2024 00:00:00 - 23/01/2024 01:00:00,SCA|NO1,mFRR,Not Specified,Not Specified,MARGINAL,17.4,17.0
23/01/2024 01:00:00 - 23/01/2024 02:00:00,SCA|NO1,mFRR,Not Specified,Not Specified,MARGINAL,11.35,10.5
23/01/2024 02:00:00 - 23/01/2024 03:00:00,SCA|NO1,mFRR,Not Specified,Not Specified,MARGINAL,10.33,2.5
23/01/2024 03:00:00 - 23/01/2024 04:00:00,SCA|NO1,mFRR,Not Specified,Not Specified,MARGINAL,5.17,0.0
23/01/2024 04:00:00 - 23/01/2024 05:00:00,SCA|NO1,mFRR,Not Specified,Not Specified,MARGINAL,25.0,2.0
23/01/2024 05:00:00 - 23/01/2024 06:00:00,SCA|NO1,mFRR,Not Specified,Not Specified,MARGINAL,52.23,10.5
23/01/2024 06:00:00 - 23/01/2024 07:00:00,SCA|NO1,mFRR,Not Specified,Not Specified,MARGINAL,58.99,37.5
23/01/2024 07:00:00 - 23/01/2024 08:00:00,SCA|NO1,mFRR,Not Specified,Not Specified,MARGINAL,61.07,51.0
23/01/2024 08:00:00 - 23/01/2024 09:00:00,SCA|NO1,mFRR,Not Specified,Not Specified,MARGINAL,63.75,51.0
23/01/2024 09:00:00 - 23/01/2024 10:00:00,SCA|NO1,mFRR,Not Specified,Not Specified,MARGINAL,62.93,52.5
23/01/2024 10:00:00 - 23/01/2024 11:00:00,SCA|NO1,mFRR,Not Specified,Not Specified,MARGINAL,61.76,50.5
23/01/2024 11:00:00 - 23/01/2024 12:00:00,SCA|NO1,mFRR,Not Specified,Not Specified,MARGINAL,61.22,44.5
23/01/2024 12:00:00 - 23/01/2024 13:00:00,SCA|NO1,mFRR,Not Specified,Not Specified,MARGINAL,60.91,39.5
23/01/2024 13:00:00 - 23/01/2024 14:00:00,SCA|NO1,mFRR,Not Specified,Not Specified,MARGINAL,61.33,40.23
23/01/2024 14:00:00 - 23/01/2024 15:00:00,SCA|NO1,mFRR,Not Specified,Not Specified,MARGINAL,63.62,49.5
23/01/2024 15:00:00 - 23/01/2024 16:00:00,SCA|NO1,mFRR,Not Specified,Not Specified,MARGINAL,64.64,64.64
23/01/2024 16:00:00 - 23/01/2024 17:00:00,SCA|NO1,mFRR,Not Specified,Not Specified,MARGINAL,66.29,54.98
23/01/2024 17:00:00 - 23/01/2024 18:00:00,SCA|NO1,mFRR,Not Specified,Not Specified,MARGINAL,68.46,53.5
23/01/2024 18:00:00 - 23/01/2024 19:00:00,SCA|NO1,mFRR,Not Specified,Not Specified,MARGINAL,66.78,51.5
23/01/2024 19:00:00 - 23/01/2024 20:00:00,SCA|NO1,mFRR,Not Specified,Not Specified,MARGINAL,63.34,50.5
23/01/2024 20:00:00 - 23/01/2024 21:00:00,SCA|NO1,mFRR,Not Specified,Not Specified,,,
23/01/2024 21:00:00 - 23/01/2024 22:00:00,SCA|NO1,mFRR,Not Specified,Not Specified,MARGINAL,58.04,48.0
23/01/2024 22:00:00 - 23/01/2024 23:00:00,SCA|NO1,mFRR,Not Specified,Not Specified,MARGINAL,59.0,52.92
23/01/2024 23:00:00 - 24/01/2024 00:00:00,SCA|NO1,mFRR,Not Specified,Not Specified,MARGINAL,47.0,33.13
24/01/2024 00:00:00 - 24/01/2024 01:00:00,SCA|NO1,mFRR,Not Specified,Not Specified,MARGINAL,55.5,38.23
24/01/2024 01:00:00 - 24/01/2024 02:00:00,SCA|NO1,mFRR,Not Specified,Not Specified,MARGINAL,50.0,25.17
24/01/2024 02:00:00 - 24/01/2024 03:00:00,SCA|NO1,mFRR,Not Specified,Not Specified,MARGINAL,20.64,12.69
24/01/2024 03:00:00 - 24/01/2024 04:00:00,SCA|NO1,mFRR,Not Specified,Not Specified,MARGINAL,18.82,0.67
24/01/2024 04:00:00 - 24/01/2024 05:00:00,SCA|NO1,mFRR,Not Specified,Not Specified,MARGINAL,17.85,0.67
24/01/2024 05:00:00 - 24/01/2024 06:00:00,SCA|NO1,mFRR,Not Specified,Not Specified,MARGINAL,19.55,0.67
24/01/2024 06:00:00 - 24/01/2024 07:00:00,SCA|NO1,mFRR,Not Specified,Not Specified,MARGINAL,25.5,25.5
24/01/2024 07:00:00 - 24/01/2024 08:00:00,SCA|NO1,mFRR,Not Specified,Not Specified,MARGINAL,49.44,49.44
24/01/2024 08:00:00 - 24/01/2024 09:00:00,SCA|NO1,mFRR,Not Specified,Not Specified,MARGINAL,58.0,53.23
24/01/2024 09:00:00 - 24/01/2024 10:00:00,SCA|NO1,mFRR,Not Specified,Not Specified,MARGINAL,54.31,53.88
24/01/2024 10:00:00 - 24/01/2024 11:00:00,SCA|NO1,mFRR,Not Specified,Not Specified,MARGINAL,56.0,53.68
24/01/2024 11:00:00 - 24/01/2024 12:00:00,SCA|NO1,mFRR,Not Specified,Not Specified,MARGINAL,56.0,53.19
24/01/2024 12:00:00 - 24/01/2024 13:00:00,SCA|NO1,mFRR,Not Specified,Not Specified,MARGINAL,53.78,52.59
24/01/2024 13:00:00 - 24/01/2024 14:00:00,SCA|NO1,mFRR,Not Specified,Not Specified,MARGINAL,53.5,41.0
24/01/2024 14:00:00 - 24/01/2024 15:00:00,SCA|NO1,mFRR,Not Specified,Not Specified,MARGINAL,50.51,41.0
24/01/2024 15:00:00 - 24/01/2024 16:00:00,SCA|NO1,mFRR,Not Specified,Not Specified,MARGINAL,51.54,49.0
24/01/2024 16:00:00 - 24/01/2024 17:00:00,SCA|NO1,mFRR,Not Specified,Not Specified,MARGINAL,60.0,52.96
24/01/2024 17:00:00 - 24/01/2024 18:00:00,SCA|NO1,mFRR,Not Specified,Not Specified,MARGINAL,66.5,55.41
24/01/2024 18:00:00 - 24/01/2024 19:00:00,SCA|NO1,mFRR,Not Specified,Not Specified,MARGINAL,65.0,54.92
24/01/2024 19:00:00 - 24/01/2024 20:00:00,SCA|NO1,mFRR,Not Specified,Not Specified,MARGINAL,64.0,51.81
24/01/2024 20:00:00 - 24/01/2024 21:00:00,SCA|NO1,mFRR,Not Specified,Not Specified,MARGINAL,63.0,50.04
24/01/2024 21:00:00 - 24/01/2024 22:00:00,SCA|NO1,mFRR,Not Specified,Not Specified,MARGINAL,60.0,50.12
24/01/2024 22:00:00 - 24/01/2024 23:00:00,SCA|NO1,mFRR,Not Specified,Not Specified,MARGINAL,60.0,49.9
24/01/2024 23:00:00 - 25/01/2024 00:00:00,SCA|NO1,mFRR,Not Specified,Not Specified,MARGINAL,56.0,47.52
25/01/2024 00:00:00 - 25/01/2024 01:00:00,SCA|NO1,mFRR,Not Specified,Not Specified,MARGINAL,54.5,48.68
25/01/2024 01:00:00 - 25/01/2024 02:00:00,SCA|NO1,mFRR,Not Specified,Not Specified,MARGINAL,51.0,40.0
25/01/2024 02:00:00 - 25/01/2024 03:00:00,SCA|NO1,mFRR,Not Specified,Not Specified,MARGINAL,44.94,35.0
25/01/2024 03:00:00 - 25/01/2024 04:00:00,SCA|NO1,mFRR,Not Specified,Not Specified,MARGINAL,48.66,35.0
25/01/2024 04:00:00 - 25/01/2024 05:00:00,SCA|NO1,mFRR,Not Specified,Not Specified,MARGINAL,50.74,44.0
25/01/2024 05:00:00 - 25/01/2024 06:00:00,SCA|NO1,mFRR,Not Specified,Not Specified,MARGINAL,53.13,53.13
25/01/2024 06:00:00 - 25/01/2024 07:00:00,SCA|NO1,mFRR,Not Specified,Not Specified,MARGINAL,59.39,53.5
25/01/2024 07:00:00 - 25/01/2024 08:00:00,SCA|NO1,mFRR,Not Specified,Not Specified,MARGINAL,66.05,59.0
25/01/2024 08:00:00 - 25/01/2024 09:00:00,SCA|NO1,mFRR,Not Specified,Not Specified,MARGINAL,89.02,62.0
25/01/2024 09:00:00 - 25/01/2024 10:00:00,SCA|NO1,mFRR,Not Specified,Not Specified,MARGINAL,85.25,62.0
25/01/2024 10:00:00 - 25/01/2024 11:00:00,SCA|NO1,mFRR,Not Specified,Not Specified,MARGINAL,81.35,60.0
25/01/2024 11:00:00 - 25/01/2024 12:00:00,SCA|NO1,mFRR,Not Specified,Not Specified,MARGINAL,76.22,56.0
25/01/2024 12:00:00 - 25/01/2024 13:00:00,SCA|NO1,mFRR,Not Specified,Not Specified,MARGINAL,72.63,55.0
25/01/2024 13:00:00 - 25/01/2024 14:00:00,SCA|NO1,mFRR,Not Specified,Not Specified,MARGINAL,75.44,55.0
25/01/2024 14:00:00 - 25/01/2024 15:00:00,SCA|NO1,mFRR,Not Specified,Not Specified,MARGINAL,79.56,55.0
25/01/2024 15:00:00 - 25/01/2024 16:00:00,SCA|NO1,mFRR,Not Specified,Not Specified,MARGINAL,89.1,56.0
25/01/2024 16:00:00 - 25/01/2024 17:00:00,SCA|NO1,mFRR,Not Specified,Not Specified,MARGINAL,81.53,58.0
25/01/2024 17:00:00 - 25/01/2024 18:00:00,SCA|NO1,mFRR,Not Specified,Not Specified,MARGINAL,119.56,59.5
25/01/2024 18:00:00 - 25/01/2024 19:00:00,SCA|NO1,mFRR,Not Specified,Not Specified,MARGINAL,111.96,58.11
25/01/2024 19:00:00 - 25/01/2024 20:00:00,SCA|NO1,mFRR,Not Specified,Not Specified,MARGINAL,95.73,56.0
25/01/2024 20:00:00 - 25/01/2024 21:00:00,SCA|NO1,mFRR,Not Specified,Not Specified,MARGINAL,88.24,57.0
25/01/2024 21:00:00 - 25/01/2024 22:00:00,SCA|NO1,mFRR,Not Specified,Not Specified,MARGINAL,83.64,59.0
25/01/2024 22:00:00 - 25/01/2024 23:00:00,SCA|NO1,mFRR,Not Specified,Not Specified,MARGINAL,77.93,59.5
25/01/2024 23:00:00 - 26/01/2024 00:00:00,SCA|NO1,mFRR,Not Specified,Not Specified,MARGINAL,72.83,55.0
26/01/2024 00:00:00 - 26/01/2024 01:00:00,SCA|NO1,mFRR,Not Specified,Not Specified,MARGINAL,62.8,55.0
26/01/2024 01:00:00 - 26/01/2024 02:00:00,SCA|NO1,mFRR,Not Specified,Not Specified,MARGINAL,60.82,60.82
26/01/2024 02:00:00 - 26/01/2024 03:00:00,SCA|NO1,mFRR,Not Specified,Not Specified,MARGINAL,58.49,58.49
26/01/2024 03:00:00 - 26/01/2024 04:00:00,SCA|NO1,mFRR,Not Specified,Not Specified,MARGINAL,55.94,55.94
26/01/2024 04:00:00 - 26/01/2024 05:00:00,SCA|NO1,mFRR,Not Specified,Not Specified,MARGINAL,54.75,54.75
26/01/2024 05:00:00 - 26/01/2024 06:00:00,SCA|NO1,mFRR,Not Specified,Not Specified,MARGINAL,52.16,52.16
26/01/2024 06:00:00 - 26/01/2024 07:00:00,SCA|NO1,mFRR,Not Specified,Not Specified,MARGINAL,57.95,57.95
26/01/2024 07:00:00 - 26/01/2024 08:00:00,SCA|NO1,mFRR,Not Specified,Not Specified,MARGINAL,72.0,62.97
26/01/2024 08:00:00 - 26/01/2024 09:00:00,SCA|NO1,mFRR,Not Specified,Not Specified,MARGINAL,74.19,64.94
26/01/2024 09:00:00 - 26/01/2024 10:00:00,SCA|NO1,mFRR,Not Specified,Not Specified,MARGINAL,70.5,63.8
26/01/2024 10:00:00 - 26/01/2024 11:00:00,SCA|NO1,mFRR,Not Specified,Not Specified,MARGINAL,65.0,54.32
26/01/2024 11:00:00 - 26/01/2024 12:00:00,SCA|NO1,mFRR,Not Specified,Not Specified,MARGINAL,58.74,53.65
26/01/2024 12:00:00 - 26/01/2024 13:00:00,SCA|NO1,mFRR,Not Specified,Not Specified,MARGINAL,63.0,54.47
26/01/2024 13:00:00 - 26/01/2024 14:00:00,SCA|NO1,mFRR,Not Specified,Not Specified,MARGINAL,63.0,52.18
26/01/2024 14:00:00 - 26/01/2024 15:00:00,SCA|NO1,mFRR,Not Specified,Not Specified,MARGINAL,55.0,41.0
26/01/2024 15:00:00 - 26/01/2024 16:00:00,SCA|NO1,mFRR,Not Specified,Not Specified,MARGINAL,52.78,41.0
26/01/2024 16:00:00 - 26/01/2024 17:00:00,SCA|NO1,mFRR,Not Specified,Not Specified,MARGINAL,54.86,54.86
26/01/2024 17:00:00 - 26/01/2024 18:00:00,SCA|NO1,mFRR,Not Specified,Not Specified,MARGINAL,66.0,57.37
26/01/2024 18:00:00 - 26/01/2024 19:00:00,SCA|NO1,mFRR,Not Specified,Not Specified,MARGINAL,66.0,56.93
26/01/2024 19:00:00 - 26/01/2024 20:00:00,SCA|NO1,mFRR,Not Specified,Not Specified,MARGINAL,64.0,56.16
26/01/2024 20:00:00 - 26/01/2024 21:00:00,SCA|NO1,mFRR,Not Specified,Not Specified,MARGINAL,55.94,55.94
26/01/2024 21:00:00 - 26/01/2024 22:00:00,SCA|NO1,mFRR,Not Specified,Not Specified,MARGINAL,55.97,55.97
26/01/2024 22:00:00 - 26/01/2024 23:00:00,SCA|NO1,mFRR,Not Specified,Not Specified,MARGINAL,56.02,49.0
26/01/2024 23:00:00 - 27/01/2024 00:00:00,SCA|NO1,mFRR,Not Specified,Not Specified,MARGINAL,55.31,49.0
27/01/2024 00:00:00 - 27/01/2024 01:00:00,SCA|NO1,mFRR,Not Specified,Not Specified,MARGINAL,56.07,56.07
27/01/2024 01:00:00 - 27/01/2024 02:00:00,SCA|NO1,mFRR,Not Specified,Not Specified,MARGINAL,56.57,56.57
27/01/2024 02:00:00 - 27/01/2024 03:00:00,SCA|NO1,mFRR,Not Specified,Not Specified,MARGINAL,60.0,56.47
27/01/2024 03:00:00 - 27/01/2024 04:00:00,SCA|NO1,mFRR,Not Specified,Not Specified,MARGINAL,60.0,56.05
27/01/2024 04:00:00 - 27/01/2024 05:00:00,SCA|NO1,mFRR,Not Specified,Not Specified,MARGINAL,60.0,55.74
27/01/2024 05:00:00 - 27/01/2024 06:00:00,SCA|NO1,mFRR,Not Specified,Not Specified,MARGINAL,60.0,56.83
27/01/2024 06:00:00 - 27/01/2024 07:00:00,SCA|NO1,mFRR,Not Specified,Not Specified,MARGINAL,57.24,50.5
27/01/2024 07:00:00 - 27/01/2024 08:00:00,SCA|NO1,mFRR,Not Specified,Not Specified,MARGINAL,57.86,50.5
27/01/2024 08:00:00 - 27/01/2024 09:00:00,SCA|NO1,mFRR,Not Specified,Not Specified,MARGINAL,58.13,50.5
27/01/2024 09:00:00 - 27/01/2024 10:00:00,SCA|NO1,mFRR,Not Specified,Not Specified,MARGINAL,58.5,50.5
27/01/2024 10:00:00 - 27/01/2024 11:00:00,SCA|NO1,mFRR,Not Specified,Not Specified,MARGINAL,58.2,53.65
27/01/2024 11:00:00 - 27/01/2024 12:00:00,SCA|NO1,mFRR,Not Specified,Not Specified,MARGINAL,56.61,56.61
27/01/2024 12:00:00 - 27/01/2024 13:00:00,SCA|NO1,mFRR,Not Specified,Not Specified,MARGINAL,55.84,55.84
27/01/2024 13:00:00 - 27/01/2024 14:00:00,SCA|NO1,mFRR,Not Specified,Not Specified,MARGINAL,55.48,55.48
27/01/2024 14:00:00 - 27/01/2024 15:00:00,SCA|NO1,mFRR,Not Specified,Not Specified,MARGINAL,57.54,57.54
27/01/2024 15:00:00 - 27/01/2024 16:00:00,SCA|NO1,mFRR,Not Specified,Not Specified,MARGINAL,57.95,57.95
27/01/2024 16:00:00 - 27/01/2024 17:00:00,SCA|NO1,mFRR,Not Specified,Not Specified,MARGINAL,58.93,58.93
27/01/2024 17:00:00 - 27/01/2024 18:00:00,SCA|NO1,mFRR,Not Specified,Not Specified,MARGINAL,59.96,59.96
27/01/2024 18:00:00 - 27/01/2024 19:00:00,SCA|NO1,mFRR,Not Specified,Not Specified,MARGINAL,59.54,53.65
27/01/2024 19:00:00 - 27/01/2024 20:00:00,SCA|NO1,mFRR,Not Specified,Not Specified,MARGINAL,59.07,49.0
27/01/2024 20:00:00 - 27/01/2024 21:00:00,SCA|NO1,mFRR,Not Specified,Not Specified,,,
27/01/2024 21:00:00 - 27/01/2024 22:00:00,SCA|NO1,mFRR,Not Specified,Not Specified,MARGINAL,57.85,45.0
27/01/2024 22:00:00 - 27/01/2024 23:00:00,SCA|NO1,mFRR,Not Specified,Not Specified,MARGINAL,57.73,45.0
27/01/2024 23:00:00 - 28/01/2024 00:00:00,SCA|NO1,mFRR,Not Specified,Not Specified,MARGINAL,57.61,45.0
28/01/2024 00:00:00 - 28/01/2024 01:00:00,SCA|NO1,mFRR,Not Specified,Not Specified,MARGINAL,57.52,48.5
28/01/2024 01:00:00 - 28/01/2024 02:00:00,SCA|NO1,mFRR,Not Specified,Not Specified,MARGINAL,57.09,41.0
28/01/2024 02:00:00 - 28/01/2024 03:00:00,SCA|NO1,mFRR,Not Specified,Not Specified,MARGINAL,56.57,41.5
28/01/2024 03:00:00 - 28/01/2024 04:00:00,SCA|NO1,mFRR,Not Specified,Not Specified,MARGINAL,56.05,41.5
28/01/2024 04:00:00 - 28/01/2024 05:00:00,SCA|NO1,mFRR,Not Specified,Not Specified,MARGINAL,56.2,49.5
28/01/2024 05:00:00 - 28/01/2024 06:00:00,SCA|NO1,mFRR,Not Specified,Not Specified,MARGINAL,55.96,55.96
28/01/2024 06:00:00 - 28/01/2024 07:00:00,SCA|NO1,mFRR,Not Specified,Not Specified,MARGINAL,56.05,46.5
28/01/2024 07:00:00 - 28/01/2024 08:00:00,SCA|NO1,mFRR,Not Specified,Not Specified,MARGINAL,56.79,45.5
28/01/2024 08:00:00 - 28/01/2024 09:00:00,SCA|NO1,mFRR,Not Specified,Not Specified,MARGINAL,56.26,39.0
28/01/2024 09:00:00 - 28/01/2024 10:00:00,SCA|NO1,mFRR,Not Specified,Not Specified,MARGINAL,54.9,39.0
28/01/2024 10:00:00 - 28/01/2024 11:00:00,SCA|NO1,mFRR,Not Specified,Not Specified,MARGINAL,51.45,32.5
28/01/2024 11:00:00 - 28/01/2024 12:00:00,SCA|NO1,mFRR,Not Specified,Not Specified,MARGINAL,48.56,32.5
28/01/2024 12:00:00 - 28/01/2024 13:00:00,SCA|NO1,mFRR,Not Specified,Not Specified,MARGINAL,42.91,6.57
28/01/2024 13:00:00 - 28/01/2024 14:00:00,SCA|NO1,mFRR,Not Specified,Not Specified,MARGINAL,45.26,6.57
28/01/2024 14:00:00 - 28/01/2024 15:00:00,SCA|NO1,mFRR,Not Specified,Not Specified,MARGINAL,51.93,51.93
28/01/2024 15:00:00 - 28/01/2024 16:00:00,SCA|NO1,mFRR,Not Specified,Not Specified,MARGINAL,55.13,55.13
28/01/2024 16:00:00 - 28/01/2024 17:00:00,SCA|NO1,mFRR,Not Specified,Not Specified,MARGINAL,57.93,57.93
28/01/2024 17:00:00 - 28/01/2024 18:00:00,SCA|NO1,mFRR,Not Specified,Not Specified,MARGINAL,57.86,57.86
28/01/2024 18:00:00 - 28/01/2024 19:00:00,SCA|NO1,mFRR,Not Specified,Not Specified,MARGINAL,57.33,57.33
28/01/2024 19:00:00 - 28/01/2024 20:00:00,SCA|NO1,mFRR,Not Specified,Not Specified,MARGINAL,56.61,56.61
28/01/2024 20:00:00 - 28/01/2024 21:00:00,SCA|NO1,mFRR,Not Specified,Not Specified,MARGINAL,55.96,55.96
28/01/2024 21:00:00 - 28/01/2024 22:00:00,SCA|NO1,mFRR,Not Specified,Not Specified,MARGINAL,55.39,55.39
28/01/2024 22:00:00 - 28/01/2024 23:00:00,SCA|NO1,mFRR,Not Specified,Not Specified,MARGINAL,55.31,55.31
28/01/2024 23:00:00 - 29/01/2024 00:00:00,SCA|NO1,mFRR,Not Specified,Not Specified,MARGINAL,54.26,54.26
29/01/2024 00:00:00 - 29/01/2024 01:00:00,SCA|NO1,mFRR,Not Specified,Not Specified,MARGINAL,50.09,50.09
29/01/2024 01:00:00 - 29/01/2024 02:00:00,SCA|NO1,mFRR,Not Specified,Not Specified,MARGINAL,48.77,48.77
29/01/2024 02:00:00 - 29/01/2024 03:00:00,SCA|NO1,mFRR,Not Specified,Not Specified,MARGINAL,49.55,49.55
29/01/2024 03:00:00 - 29/01/2024 04:00:00,SCA|NO1,mFRR,Not Specified,Not Specified,MARGINAL,49.56,49.56
29/01/2024 04:00:00 - 29/01/2024 05:00:00,SCA|NO1,mFRR,Not Specified,Not Specified,MARGINAL,52.65,46.0
29/01/2024 05:00:00 - 29/01/2024 06:00:00,SCA|NO1,mFRR,Not Specified,Not Specified,MARGINAL,55.42,46.0
29/01/2024 06:00:00 - 29/01/2024 07:00:00,SCA|NO1,mFRR,Not Specified,Not Specified,MARGINAL,56.66,44.0
29/01/2024 07:00:00 - 29/01/2024 08:00:00,SCA|NO1,mFRR,Not Specified,Not Specified,MARGINAL,59.09,50.0
29/01/2024 08:00:00 - 29/01/2024 09:00:00,SCA|NO1,mFRR,Not Specified,Not Specified,MARGINAL,61.78,50.0
29/01/2024 09:00:00 - 29/01/2024 10:00:00,SCA|NO1,mFRR,Not Specified,Not Specified,MARGINAL,61.68,48.0
29/01/2024 10:00:00 - 29/01/2024 11:00:00,SCA|NO1,mFRR,Not Specified,Not Specified,MARGINAL,61.8,48.0
29/01/2024 11:00:00 - 29/01/2024 12:00:00,SCA|NO1,mFRR,Not Specified,Not Specified,MARGINAL,61.89,50.0
29/01/2024 12:00:00 - 29/01/2024 13:00:00,SCA|NO1,mFRR,Not Specified,Not Specified,MARGINAL,62.61,54.0
29/01/2024 13:00:00 - 29/01/2024 14:00:00,SCA|NO1,mFRR,Not Specified,Not Specified,MARGINAL,62.92,55.0
29/01/2024 14:00:00 - 29/01/2024 15:00:00,SCA|NO1,mFRR,Not Specified,Not Specified,MARGINAL,63.9,55.0
29/01/2024 15:00:00 - 29/01/2024 16:00:00,SCA|NO1,mFRR,Not Specified,Not Specified,MARGINAL,88.97,60.0
29/01/2024 16:00:00 - 29/01/2024 17:00:00,SCA|NO1,mFRR,Not Specified,Not Specified,MARGINAL,105.07,56.0
29/01/2024 17:00:00 - 29/01/2024 18:00:00,SCA|NO1,mFRR,Not Specified,Not Specified,MARGINAL,123.47,61.0
29/01/2024 18:00:00 - 29/01/2024 19:00:00,SCA|NO1,mFRR,Not Specified,Not Specified,MARGINAL,113.66,57.0
29/01/2024 19:00:00 - 29/01/2024 20:00:00,SCA|NO1,mFRR,Not Specified,Not Specified,MARGINAL,104.19,56.0
29/01/2024 20:00:00 - 29/01/2024 21:00:00,SCA|NO1,mFRR,Not Specified,Not Specified,MARGINAL,89.13,58.5
29/01/2024 21:00:00 - 29/01/2024 22:00:00,SCA|NO1,mFRR,Not Specified,Not Specified,MARGINAL,81.83,58.51
29/01/2024 22:00:00 - 29/01/2024 23:00:00,SCA|NO1,mFRR,Not Specified,Not Specified,MARGINAL,64.4,58.37
29/01/2024 23:00:00 - 30/01/2024 00:00:00,SCA|NO1,mFRR,Not Specified,Not Specified,MARGINAL,62.19,55.0
30/01/2024 00:00:00 - 30/01/2024 01:00:00,SCA|NO1,mFRR,Not Specified,Not Specified,MARGINAL,60.12,55.0
30/01/2024 01:00:00 - 30/01/2024 02:00:00,SCA|NO1,mFRR,Not Specified,Not Specified,MARGINAL,59.6,55.0
30/01/2024 02:00:00 - 30/01/2024 03:00:00,SCA|NO1,mFRR,Not Specified,Not Specified,MARGINAL,59.29,59.29
30/01/2024 03:00:00 - 30/01/2024 04:00:00,SCA|NO1,mFRR,Not Specified,Not Specified,MARGINAL,59.16,59.16
30/01/2024 04:00:00 - 30/01/2024 05:00:00,SCA|NO1,mFRR,Not Specified,Not Specified,MARGINAL,59.27,55.0
30/01/2024 05:00:00 - 30/01/2024 06:00:00,SCA|NO1,mFRR,Not Specified,Not Specified,MARGINAL,59.95,55.0
30/01/2024 06:00:00 - 30/01/2024 07:00:00,SCA|NO1,mFRR,Not Specified,Not Specified,MARGINAL,61.95,55.0
30/01/2024 07:00:00 - 30/01/2024 08:00:00,SCA|NO1,mFRR,Not Specified,Not Specified,MARGINAL,70.69,70.69
30/01/2024 08:00:00 - 30/01/2024 09:00:00,SCA|NO1,mFRR,Not Specified,Not Specified,MARGINAL,83.51,83.51
30/01/2024 09:00:00 - 30/01/2024 10:00:00,SCA|NO1,mFRR,Not Specified,Not Specified,MARGINAL,82.22,82.22
30/01/2024 10:00:00 - 30/01/2024 11:00:00,SCA|NO1,mFRR,Not Specified,Not Specified,MARGINAL,74.68,74.68
30/01/2024 11:00:00 - 30/01/2024 12:00:00,SCA|NO1,mFRR,Not Specified,Not Specified,MARGINAL,80.5,64.83
30/01/2024 12:00:00 - 30/01/2024 13:00:00,SCA|NO1,mFRR,Not Specified,Not Specified,MARGINAL,72.5,63.81
30/01/2024 13:00:00 - 30/01/2024 14:00:00,SCA|NO1,mFRR,Not Specified,Not Specified,MARGINAL,75.0,63.69
30/01/2024 14:00:00 - 30/01/2024 15:00:00,SCA|NO1,mFRR,Not Specified,Not Specified,MARGINAL,74.5,64.02
30/01/2024 15:00:00 - 30/01/2024 16:00:00,SCA|NO1,mFRR,Not Specified,Not Specified,MARGINAL,74.0,62.64
30/01/2024 16:00:00 - 30/01/2024 17:00:00,SCA|NO1,mFRR,Not Specified,Not Specified,MARGINAL,74.0,63.73
30/01/2024 17:00:00 - 30/01/2024 18:00:00,SCA|NO1,mFRR,Not Specified,Not Specified,MARGINAL,77.0,69.82
30/01/2024 18:00:00 - 30/01/2024 19:00:00,SCA|NO1,mFRR,Not Specified,Not Specified,MARGINAL,76.0,61.42
30/01/2024 19:00:00 - 30/01/2024 20:00:00,SCA|NO1,mFRR,Not Specified,Not Specified,MARGINAL,72.5,58.45
30/01/2024 20:00:00 - 30/01/2024 21:00:00,SCA|NO1,mFRR,Not Specified,Not Specified,MARGINAL,66.0,56.72
30/01/2024 21:00:00 - 30/01/2024 22:00:00,SCA|NO1,mFRR,Not Specified,Not Specified,MARGINAL,55.53,55.53
30/01/2024 22:00:00 - 30/01/2024 23:00:00,SCA|NO1,mFRR,Not Specified,Not Specified,MARGINAL,55.16,55.16
30/01/2024 23:00:00 - 31/01/2024 00:00:00,SCA|NO1,mFRR,Not Specified,Not Specified,MARGINAL,54.84,54.84
31/01/2024 00:00:00 - 31/01/2024 01:00:00,SCA|NO1,mFRR,Not Specified,Not Specified,MARGINAL,53.15,53.15
31/01/2024 01:00:00 - 31/01/2024 02:00:00,SCA|NO1,mFRR,Not Specified,Not Specified,MARGINAL,52.92,52.92
31/01/2024 02:00:00 - 31/01/2024 03:00:00,SCA|NO1,mFRR,Not Specified,Not Specified,MARGINAL,52.79,52.79
31/01/2024 03:00:00 - 31/01/2024 04:00:00,SCA|NO1,mFRR,Not Specified,Not Specified,MARGINAL,52.59,52.59
31/01/2024 04:00:00 - 31/01/2024 05:00:00,SCA|NO1,mFRR,Not Specified,Not Specified,MARGINAL,52.93,52.93
31/01/2024 05:00:00 - 31/01/2024 06:00:00,SCA|NO1,mFRR,Not Specified,Not Specified,MARGINAL,53.97,53.97
31/01/2024 06:00:00 - 31/01/2024 07:00:00,SCA|NO1,mFRR,Not Specified,Not Specified,,,
31/01/2024 07:00:00 - 31/01/2024 08:00:00,SCA|NO1,mFRR,Not Specified,Not Specified,MARGINAL,56.91,56.91
31/01/2024 08:00:00 - 31/01/2024 09:00:00,SCA|NO1,mFRR,Not Specified,Not Specified,MARGINAL,57.9,57.9
31/01/2024 09:00:00 - 31/01/2024 10:00:00,SCA|NO1,mFRR,Not Specified,Not Specified,MARGINAL,56.6,48.0
31/01/2024 10:00:00 - 31/01/2024 11:00:00,SCA|NO1,mFRR,Not Specified,Not Specified,MARGINAL,55.66,48.0
31/01/2024 11:00:00 - 31/01/2024 12:00:00,SCA|NO1,mFRR,Not Specified,Not Specified,MARGINAL,54.62,50.0
31/01/2024 12:00:00 - 31/01/2024 13:00:00,SCA|NO1,mFRR,Not Specified,Not Specified,MARGINAL,54.08,50.0
31/01/2024 13:00:00 - 31/01/2024 14:00:00,SCA|NO1,mFRR,Not Specified,Not Specified,MARGINAL,53.24,53.24
31/01/2024 14:00:00 - 31/01/2024 15:00:00,SCA|NO1,mFRR,Not Specified,Not Specified,MARGINAL,53.15,53.15
31/01/2024 15:00:00 - 31/01/2024 16:00:00,SCA|NO1,mFRR,Not Specified,Not Specified,MARGINAL,52.85,52.85
31/01/2024 16:00:00 - 31/01/2024 17:00:00,SCA|NO1,mFRR,Not Specified,Not Specified,MARGINAL,55.0,53.0
31/01/2024 17:00:00 - 31/01/2024 18:00:00,SCA|NO1,mFRR,Not Specified,Not Specified,MARGINAL,62.0,52.8
31/01/2024 18:00:00 - 31/01/2024 19:00:00,SCA|NO1,mFRR,Not Specified,Not Specified,MARGINAL,58.0,52.57
31/01/2024 19:00:00 - 31/01/2024 20:00:00,SCA|NO1,mFRR,Not Specified,Not Specified,MARGINAL,58.0,51.96
31/01/2024 20:00:00 - 31/01/2024 21:00:00,SCA|NO1,mFRR,Not Specified,Not Specified,MARGINAL,58.0,51.92
31/01/2024 21:00:00 - 31/01/2024 22:00:00,SCA|NO1,mFRR,Not Specified,Not Specified,MARGINAL,57.0,51.97
31/01/2024 22:00:00 - 31/01/2024 23:00:00,SCA|NO1,mFRR,Not Specified,Not Specified,MARGINAL,55.0,49.89
31/01/2024 23:00:00 - 01/02/2024 00:00:00,SCA|NO1,mFRR,Not Specified,Not Specified,MARGINAL,56.0,44.95
01/02/2024 00:00:00 - 01/02/2024 01:00:00,SCA|NO1,mFRR,Not Specified,Not Specified,MARGINAL,56.0,47.5
01/02/2024 01:00:00 - 01/02/2024 02:00:00,SCA|NO1,mFRR,Not Specified,Not Specified,MARGINAL,52.5,42.44
01/02/2024 02:00:00 - 01/02/2024 03:00:00,SCA|NO1,mFRR,Not Specified,Not Specified,MARGINAL,52.5,43.51
01/02/2024 03:00:00 - 01/02/2024 04:00:00,SCA|NO1,mFRR,Not Specified,Not Specified,MARGINAL,52.5,44.43
01/02/2024 04:00:00 - 01/02/2024 05:00:00,SCA|NO1,mFRR,Not Specified,Not Specified,MARGINAL,48.22,48.22
01/02/2024 05:00:00 - 01/02/2024 06:00:00,SCA|NO1,mFRR,Not Specified,Not Specified,MARGINAL,50.86,50.86
01/02/2024 06:00:00 - 01/02/2024 07:00:00,SCA|NO1,mFRR,Not Specified,Not Specified,MARGINAL,51.85,51.85
01/02/2024 07:00:00 - 01/02/2024 08:00:00,SCA|NO1,mFRR,Not Specified,Not Specified,MARGINAL,64.0,53.83
01/02/2024 08:00:00 - 01/02/2024 09:00:00,SCA|NO1,mFRR,Not Specified,Not Specified,MARGINAL,64.0,54.26
01/02/2024 09:00:00 - 01/02/2024 10:00:00,SCA|NO1,mFRR,Not Specified,Not Specified,MARGINAL,62.0,53.68
01/02/2024 10:00:00 - 01/02/2024 11:00:00,SCA|NO1,mFRR,Not Specified,Not Specified,MARGINAL,53.03,53.03
01/02/2024 11:00:00 - 01/02/2024 12:00:00,SCA|NO1,mFRR,Not Specified,Not Specified,MARGINAL,52.34,52.34
01/02/2024 12:00:00 - 01/02/2024 13:00:00,SCA|NO1,mFRR,Not Specified,Not Specified,MARGINAL,52.38,52.38
01/02/2024 13:00:00 - 01/02/2024 14:00:00,SCA|NO1,mFRR,Not Specified,Not Specified,MARGINAL,51.93,51.93
01/02/2024 14:00:00 - 01/02/2024 15:00:00,SCA|NO1,mFRR,Not Specified,Not Specified,MARGINAL,51.9,51.9
01/02/2024 15:00:00 - 01/02/2024 16:00:00,SCA|NO1,mFRR,Not Specified,Not Specified,MARGINAL,52.28,52.28
01/02/2024 16:00:00 - 01/02/2024 17:00:00,SCA|NO1,mFRR,Not Specified,Not Specified,MARGINAL,53.42,53.42
01/02/2024 17:00:00 - 01/02/2024 18:00:00,SCA|NO1,mFRR,Not Specified,Not Specified,MARGINAL,65.0,54.93
01/02/2024 18:00:00 - 01/02/2024 19:00:00,SCA|NO1,mFRR,Not Specified,Not Specified,MARGINAL,65.0,55.07
01/02/2024 19:00:00 - 01/02/2024 20:00:00,SCA|NO1,mFRR,Not Specified,Not Specified,MARGINAL,55.06,55.06
01/02/2024 20:00:00 - 01/02/2024 21:00:00,SCA|NO1,mFRR,Not Specified,Not Specified,MARGINAL,55.03,55.03
01/02/2024 21:00:00 - 01/02/2024 22:00:00,SCA|NO1,mFRR,Not Specified,Not Specified,MARGINAL,54.93,54.93
01/02/2024 22:00:00 - 01/02/2024 23:00:00,SCA|NO1,mFRR,Not Specified,Not Specified,MARGINAL,54.79,54.79
01/02/2024 23:00:00 - 02/02/2024 00:00:00,SCA|NO1,mFRR,Not Specified,Not Specified,MARGINAL,54.32,54.32
02/02/2024 00:00:00 - 02/02/2024 01:00:00,SCA|NO1,mFRR,Not Specified,Not Specified,MARGINAL,55.74,47.0
02/02/2024 01:00:00 - 02/02/2024 02:00:00,SCA|NO1,mFRR,Not Specified,Not Specified,MARGINAL,54.96,45.0
02/02/2024 02:00:00 - 02/02/2024 03:00:00,SCA|NO1,mFRR,Not Specified,Not Specified,MARGINAL,53.98,44.0
02/02/2024 03:00:00 - 02/02/2024 04:00:00,SCA|NO1,mFRR,Not Specified,Not Specified,MARGINAL,52.94,36.22
02/02/2024 04:00:00 - 02/02/2024 05:00:00,SCA|NO1,mFRR,Not Specified,Not Specified,MARGINAL,51.58,36.22
02/02/2024 05:00:00 - 02/02/2024 06:00:00,SCA|NO1,mFRR,Not Specified,Not Specified,MARGINAL,53.09,45.5
02/02/2024 06:00:00 - 02/02/2024 07:00:00,SCA|NO1,mFRR,Not Specified,Not Specified,MARGINAL,54.19,54.19
02/02/2024 07:00:00 - 02/02/2024 08:00:00,SCA|NO1,mFRR,Not Specified,Not Specified,MARGINAL,67.0,57.82
02/02/2024 08:00:00 - 02/02/2024 09:00:00,SCA|NO1,mFRR,Not Specified,Not Specified,MARGINAL,67.0,59.84
02/02/2024 09:00:00 - 02/02/2024 10:00:00,SCA|NO1,mFRR,Not Specified,Not Specified,MARGINAL,61.0,58.1
02/02/2024 10:00:00 - 02/02/2024 11:00:00,SCA|NO1,mFRR,Not Specified,Not Specified,MARGINAL,61.0,56.74
02/02/2024 11:00:00 - 02/02/2024 12:00:00,SCA|NO1,mFRR,Not Specified,Not Specified,MARGINAL,55.63,55.63
02/02/2024 12:00:00 - 02/02/2024 13:00:00,SCA|NO1,mFRR,Not Specified,Not Specified,MARGINAL,55.12,55.12
02/02/2024 13:00:00 - 02/02/2024 14:00:00,SCA|NO1,mFRR,Not Specified,Not Specified,MARGINAL,54.77,44.0
02/02/2024 14:00:00 - 02/02/2024 15:00:00,SCA|NO1,mFRR,Not Specified,Not Specified,MARGINAL,53.13,43.0
02/02/2024 15:00:00 - 02/02/2024 16:00:00,SCA|NO1,mFRR,Not Specified,Not Specified,MARGINAL,52.95,43.0
02/02/2024 16:00:00 - 02/02/2024 17:00:00,SCA|NO1,mFRR,Not Specified,Not Specified,MARGINAL,53.24,43.0
02/02/2024 17:00:00 - 02/02/2024 18:00:00,SCA|NO1,mFRR,Not Specified,Not Specified,MARGINAL,54.55,47.5
02/02/2024 18:00:00 - 02/02/2024 19:00:00,SCA|NO1,mFRR,Not Specified,Not Specified,MARGINAL,54.8,48.5
02/02/2024 19:00:00 - 02/02/2024 20:00:00,SCA|NO1,mFRR,Not Specified,Not Specified,MARGINAL,53.29,46.0
02/02/2024 20:00:00 - 02/02/2024 21:00:00,SCA|NO1,mFRR,Not Specified,Not Specified,,,
02/02/2024 21:00:00 - 02/02/2024 22:00:00,SCA|NO1,mFRR,Not Specified,Not Specified,MARGINAL,50.7,46.5
02/02/2024 22:00:00 - 02/02/2024 23:00:00,SCA|NO1,mFRR,Not Specified,Not Specified,MARGINAL,47.87,45.0
02/02/2024 23:00:00 - 03/02/2024 00:00:00,SCA|NO1,mFRR,Not Specified,Not Specified,MARGINAL,37.85,34.0
03/02/2024 00:00:00 - 03/02/2024 01:00:00,SCA|NO1,mFRR,Not Specified,Not Specified,MARGINAL,43.19,33.0
03/02/2024 01:00:00 - 03/02/2024 02:00:00,SCA|NO1,mFRR,Not Specified,Not Specified,MARGINAL,44.36,34.5
03/02/2024 02:00:00 - 03/02/2024 03:00:00,SCA|NO1,mFRR,Not Specified,Not Specified,MARGINAL,38.37,1.52
03/02/2024 03:00:00 - 03/02/2024 04:00:00,SCA|NO1,mFRR,Not Specified,Not Specified,MARGINAL,17.29,0.5
03/02/2024 04:00:00 - 03/02/2024 05:00:00,SCA|NO1,mFRR,Not Specified,Not Specified,MARGINAL,8.8,0.5
03/02/2024 05:00:00 - 03/02/2024 06:00:00,SCA|NO1,mFRR,Not Specified,Not Specified,MARGINAL,9.08,-3.0
03/02/2024 06:00:00 - 03/02/2024 07:00:00,SCA|NO1,mFRR,Not Specified,Not Specified,MARGINAL,17.0,0.0
03/02/2024 07:00:00 - 03/02/2024 08:00:00,SCA|NO1,mFRR,Not Specified,Not Specified,MARGINAL,35.26,0.0
03/02/2024 08:00:00 - 03/02/2024 09:00:00,SCA|NO1,mFRR,Not Specified,Not Specified,MARGINAL,47.46,36.0
03/02/2024 09:00:00 - 03/02/2024 10:00:00,SCA|NO1,mFRR,Not Specified,Not Specified,MARGINAL,48.45,44.67
03/02/2024 10:00:00 - 03/02/2024 11:00:00,SCA|NO1,mFRR,Not Specified,Not Specified,MARGINAL,49.44,48.0
03/02/2024 11:00:00 - 03/02/2024 12:00:00,SCA|NO1,mFRR,Not Specified,Not Specified,MARGINAL,49.09,49.09
03/02/2024 12:00:00 - 03/02/2024 13:00:00,SCA|NO1,mFRR,Not Specified,Not Specified,MARGINAL,48.82,39.0
03/02/2024 13:00:00 - 03/02/2024 14:00:00,SCA|NO1,mFRR,Not Specified,Not Specified,MARGINAL,46.92,37.0
03/02/2024 14:00:00 - 03/02/2024 15:00:00,SCA|NO1,mFRR,Not Specified,Not Specified,MARGINAL,43.94,38.0
03/02/2024 15:00:00 - 03/02/2024 16:00:00,SCA|NO1,mFRR,Not Specified,Not Specified,MARGINAL,49.62,36.5
03/02/2024 16:00:00 - 03/02/2024 17:00:00,SCA|NO1,mFRR,Not Specified,Not Specified,MARGINAL,52.34,40.0
03/02/2024 17:00:00 - 03/02/2024 18:00:00,SCA|NO1,mFRR,Not Specified,Not Specified,MARGINAL,55.15,43.0
03/02/2024 18:00:00 - 03/02/2024 19:00:00,SCA|NO1,mFRR,Not Specified,Not Specified,MARGINAL,57.3,43.0
03/02/2024 19:00:00 - 03/02/2024 20:00:00,SCA|NO1,mFRR,Not Specified,Not Specified,MARGINAL,56.19,46.5
03/02/2024 20:00:00 - 03/02/2024 21:00:00,SCA|NO1,mFRR,Not Specified,Not Specified,MARGINAL,54.08,46.5
03/02/2024 21:00:00 - 03/02/2024 22:00:00,SCA|NO1,mFRR,Not Specified,Not Specified,MARGINAL,52.85,46.5
03/02/2024 22:00:00 - 03/02/2024 23:00:00,SCA|NO1,mFRR,Not Specified,Not Specified,MARGINAL,50.81,40.0
03/02/2024 23:00:00 - 04/02/2024 00:00:00,SCA|NO1,mFRR,Not Specified,Not Specified,MARGINAL,42.37,42.37
04/02/2024 00:00:00 - 04/02/2024 01:00:00,SCA|NO1,mFRR,Not Specified,Not Specified,MARGINAL,41.14,41.14
04/02/2024 01:00:00 - 04/02/2024 02:00:00,SCA|NO1,mFRR,Not Specified,Not Specified,MARGINAL,31.19,31.19
04/02/2024 02:00:00 - 04/02/2024 03:00:00,SCA|NO1,mFRR,Not Specified,Not Specified,MARGINAL,6.68,6.68
04/02/2024 03:00:00 - 04/02/2024 04:00:00,SCA|NO1,mFRR,Not Specified,Not Specified,MARGINAL,0.7,0.7
04/02/2024 04:00:00 - 04/02/2024 05:00:00,SCA|NO1,mFRR,Not Specified,Not Specified,MARGINAL,0.0,0.0
04/02/2024 05:00:00 - 04/02/2024 06:00:00,SCA|NO1,mFRR,Not Specified,Not Specified,MARGINAL,0.0,0.0
04/02/2024 06:00:00 - 04/02/2024 07:00:00,SCA|NO1,mFRR,Not Specified,Not Specified,MARGINAL,0.0,0.0
04/02/2024 07:00:00 - 04/02/2024 08:00:00,SCA|NO1,mFRR,Not Specified,Not Specified,MARGINAL,1.08,1.08
04/02/2024 08:00:00 - 04/02/2024 09:00:00,SCA|NO1,mFRR,Not Specified,Not Specified,MARGINAL,11.5,11.5
04/02/2024 09:00:00 - 04/02/2024 10:00:00,SCA|NO1,mFRR,Not Specified,Not Specified,MARGINAL,23.97,-2.0
04/02/2024 10:00:00 - 04/02/2024 11:00:00,SCA|NO1,mFRR,Not Specified,Not Specified,MARGINAL,33.95,-2.0
04/02/2024 11:00:00 - 04/02/2024 12:00:00,SCA|NO1,mFRR,Not Specified,Not Specified,MARGINAL,37.56,-2.0
04/02/2024 12:00:00 - 04/02/2024 13:00:00,SCA|NO1,mFRR,Not Specified,Not Specified,MARGINAL,38.48,-2.5
04/02/2024 13:00:00 - 04/02/2024 14:00:00,SCA|NO1,mFRR,Not Specified,Not Specified,MARGINAL,43.34,-2.0
04/02/2024 14:00:00 - 04/02/2024 15:00:00,SCA|NO1,mFRR,Not Specified,Not Specified,MARGINAL,43.37,-2.0
04/02/2024 15:00:00 - 04/02/2024 16:00:00,SCA|NO1,mFRR,Not Specified,Not Specified,MARGINAL,45.22,25.0
04/02/2024 16:00:00 - 04/02/2024 17:00:00,SCA|NO1,mFRR,Not Specified,Not Specified,MARGINAL,48.58,34.0
04/02/2024 17:00:00 - 04/02/2024 18:00:00,SCA|NO1,mFRR,Not Specified,Not Specified,MARGINAL,51.18,35.0
04/02/2024 18:00:00 - 04/02/2024 19:00:00,SCA|NO1,mFRR,Not Specified,Not Specified,MARGINAL,51.88,37.5
04/02/2024 19:00:00 - 04/02/2024 20:00:00,SCA|NO1,mFRR,Not Specified,Not Specified,MARGINAL,51.49,37.5
04/02/2024 20:00:00 - 04/02/2024 21:00:00,SCA|NO1,mFRR,Not Specified,Not Specified,MARGINAL,51.28,38.0
04/02/2024 21:00:00 - 04/02/2024 22:00:00,SCA|NO1,mFRR,Not Specified,Not Specified,MARGINAL,50.84,40.5
04/02/2024 22:00:00 - 04/02/2024 23:00:00,SCA|NO1,mFRR,Not Specified,Not Specified,MARGINAL,47.26,47.26
04/02/2024 23:00:00 - 05/02/2024 00:00:00,SCA|NO1,mFRR,Not Specified,Not Specified,MARGINAL,39.43,39.43
05/02/2024 00:00:00 - 05/02/2024 01:00:00,SCA|NO1,mFRR,Not Specified,Not Specified,MARGINAL,11.78,11.78
05/02/2024 01:00:00 - 05/02/2024 02:00:00,SCA|NO1,mFRR,Not Specified,Not Specified,MARGINAL,22.64,10.65
05/02/2024 02:00:00 - 05/02/2024 03:00:00,SCA|NO1,mFRR,Not Specified,Not Specified,MARGINAL,9.67,-6.0
05/02/2024 03:00:00 - 05/02/2024 04:00:00,SCA|NO1,mFRR,Not Specified,Not Specified,MARGINAL,4.99,-7.92
05/02/2024 04:00:00 - 05/02/2024 05:00:00,SCA|NO1,mFRR,Not Specified,Not Specified,MARGINAL,7.01,-4.03
05/02/2024 05:00:00 - 05/02/2024 06:00:00,SCA|NO1,mFRR,Not Specified,Not Specified,MARGINAL,17.01,-4.03
05/02/2024 06:00:00 - 05/02/2024 07:00:00,SCA|NO1,mFRR,Not Specified,Not Specified,MARGINAL,47.4,47.4
05/02/2024 07:00:00 - 05/02/2024 08:00:00,SCA|NO1,mFRR,Not Specified,Not Specified,MARGINAL,63.0,55.44
05/02/2024 08:00:00 - 05/02/2024 09:00:00,SCA|NO1,mFRR,Not Specified,Not Specified,MARGINAL,71.0,60.82
05/02/2024 09:00:00 - 05/02/2024 10:00:00,SCA|NO1,mFRR,Not Specified,Not Specified,MARGINAL,71.0,56.86
05/02/2024 10:00:00 - 05/02/2024 11:00:00,SCA|NO1,mFRR,Not Specified,Not Specified,MARGINAL,64.0,45.0
05/02/2024 11:00:00 - 05/02/2024 12:00:00,SCA|NO1,mFRR,Not Specified,Not Specified,MARGINAL,50.96,45.0
05/02/2024 12:00:00 - 05/02/2024 13:00:00,SCA|NO1,mFRR,Not Specified,Not Specified,MARGINAL,50.85,45.07
05/02/2024 13:00:00 - 05/02/2024 14:00:00,SCA|NO1,mFRR,Not Specified,Not Specified,MARGINAL,51.88,46.0
05/02/2024 14:00:00 - 05/02/2024 15:00:00,SCA|NO1,mFRR,Not Specified,Not Specified,MARGINAL,55.98,53.98
05/02/2024 15:00:00 - 05/02/2024 16:00:00,SCA|NO1,mFRR,Not Specified,Not Specified,MARGINAL,55.79,49.5
05/02/2024 16:00:00 - 05/02/2024 17:00:00,SCA|NO1,mFRR,Not Specified,Not Specified,MARGINAL,60.72,54.5
05/02/2024 17:00:00 - 05/02/2024 18:00:00,SCA|NO1,mFRR,Not Specified,Not Specified,MARGINAL,72.0,63.0
05/02/2024 18:00:00 - 05/02/2024 19:00:00,SCA|NO1,mFRR,Not Specified,Not Specified,MARGINAL,72.0,68.78
05/02/2024 19:00:00 - 05/02/2024 20:00:00,SCA|NO1,mFRR,Not Specified,Not Specified,MARGINAL,61.84,60.0
05/02/2024 20:00:00 - 05/02/2024 21:00:00,SCA|NO1,mFRR,Not Specified,Not Specified,MARGINAL,60.48,60.48
05/02/2024 21:00:00 - 05/02/2024 22:00:00,SCA|NO1,mFRR,Not Specified,Not Specified,MARGINAL,59.65,52.99
05/02/2024 22:00:00 - 05/02/2024 23:00:00,SCA|NO1,mFRR,Not Specified,Not Specified,MARGINAL,56.3,56.3
05/02/2024 23:00:00 - 06/02/2024 00:00:00,SCA|NO1,mFRR,Not Specified,Not Specified,MARGINAL,52.29,52.29
06/02/2024 00:00:00 - 06/02/2024 01:00:00,SCA|NO1,mFRR,Not Specified,Not Specified,MARGINAL,53.8,43.0
06/02/2024 01:00:00 - 06/02/2024 02:00:00,SCA|NO1,mFRR,Not Specified,Not Specified,MARGINAL,53.17,40.0
06/02/2024 02:00:00 - 06/02/2024 03:00:00,SCA|NO1,mFRR,Not Specified,Not Specified,MARGINAL,53.2,35.0
06/02/2024 03:00:00 - 06/02/2024 04:00:00,SCA|NO1,mFRR,Not Specified,Not Specified,MARGINAL,53.21,35.0
06/02/2024 04:00:00 - 06/02/2024 05:00:00,SCA|NO1,mFRR,Not Specified,Not Specified,MARGINAL,54.56,39.0
06/02/2024 05:00:00 - 06/02/2024 06:00:00,SCA|NO1,mFRR,Not Specified,Not Specified,MARGINAL,57.22,57.22
06/02/2024 06:00:00 - 06/02/2024 07:00:00,SCA|NO1,mFRR,Not Specified,Not Specified,MARGINAL,64.5,61.14
06/02/2024 07:00:00 - 06/02/2024 08:00:00,SCA|NO1,mFRR,Not Specified,Not Specified,MARGINAL,69.07,69.07
06/02/2024 08:00:00 - 06/02/2024 09:00:00,SCA|NO1,mFRR,Not Specified,Not Specified,MARGINAL,74.4,74.4
06/02/2024 09:00:00 - 06/02/2024 10:00:00,SCA|NO1,mFRR,Not Specified,Not Specified,MARGINAL,70.0,68.29
06/02/2024 10:00:00 - 06/02/2024 11:00:00,SCA|NO1,mFRR,Not Specified,Not Specified,MARGINAL,67.0,59.0
06/02/2024 11:00:00 - 06/02/2024 12:00:00,SCA|NO1,mFRR,Not Specified,Not Specified,MARGINAL,62.2,59.0
06/02/2024 12:00:00 - 06/02/2024 13:00:00,SCA|NO1,mFRR,Not Specified,Not Specified,MARGINAL,61.6,55.0
06/02/2024 13:00:00 - 06/02/2024 14:00:00,SCA|NO1,mFRR,Not Specified,Not Specified,MARGINAL,61.35,52.98
06/02/2024 14:00:00 - 06/02/2024 15:00:00,SCA|NO1,mFRR,Not Specified,Not Specified,MARGINAL,61.82,55.0
06/02/2024 15:00:00 - 06/02/2024 16:00:00,SCA|NO1,mFRR,Not Specified,Not Specified,MARGINAL,61.85,56.5
06/02/2024 16:00:00 - 06/02/2024 17:00:00,SCA|NO1,mFRR,Not Specified,Not Specified,MARGINAL,62.63,56.5
06/02/2024 17:00:00 - 06/02/2024 18:00:00,SCA|NO1,mFRR,Not Specified,Not Specified,MARGINAL,64.85,56.5
06/02/2024 18:00:00 - 06/02/2024 19:00:00,SCA|NO1,mFRR,Not Specified,Not Specified,MARGINAL,68.88,63.81
06/02/2024 19:00:00 - 06/02/2024 20:00:00,SCA|NO1,mFRR,Not Specified,Not Specified,MARGINAL,66.35,62.16
06/02/2024 20:00:00 - 06/02/2024 21:00:00,SCA|NO1,mFRR,Not Specified,Not Specified,MARGINAL,60.42,60.42
06/02/2024 21:00:00 - 06/02/2024 22:00:00,SCA|NO1,mFRR,Not Specified,Not Specified,MARGINAL,58.85,50.0
06/02/2024 22:00:00 - 06/02/2024 23:00:00,SCA|NO1,mFRR,Not Specified,Not Specified,MARGINAL,58.04,48.0
06/02/2024 23:00:00 - 07/02/2024 00:00:00,SCA|NO1,mFRR,Not Specified,Not Specified,MARGINAL,55.06,48.5
07/02/2024 00:00:00 - 07/02/2024 01:00:00,SCA|NO1,mFRR,Not Specified,Not Specified,MARGINAL,62.0,53.23
07/02/2024 01:00:00 - 07/02/2024 02:00:00,SCA|NO1,mFRR,Not Specified,Not Specified,MARGINAL,62.0,52.99
07/02/2024 02:00:00 - 07/02/2024 03:00:00,SCA|NO1,mFRR,Not Specified,Not Specified,MARGINAL,67.0,53.26
07/02/2024 03:00:00 - 07/02/2024 04:00:00,SCA|NO1,mFRR,Not Specified,Not Specified,MARGINAL,68.96,53.89
07/02/2024 04:00:00 - 07/02/2024 05:00:00,SCA|NO1,mFRR,Not Specified,Not Specified,MARGINAL,68.47,56.03
07/02/2024 05:00:00 - 07/02/2024 06:00:00,SCA|NO1,mFRR,Not Specified,Not Specified,MARGINAL,67.0,60.12
07/02/2024 06:00:00 - 07/02/2024 07:00:00,SCA|NO1,mFRR,Not Specified,Not Specified,MARGINAL,72.51,72.51
07/02/2024 07:00:00 - 07/02/2024 08:00:00,SCA|NO1,mFRR,Not Specified,Not Specified,MARGINAL,86.67,86.67
07/02/2024 08:00:00 - 07/02/2024 09:00:00,SCA|NO1,mFRR,Not Specified,Not Specified,MARGINAL,87.0,87.0
07/02/2024 09:00:00 - 07/02/2024 10:00:00,SCA|NO1,mFRR,Not Specified,Not Specified,MARGINAL,85.53,85.53
07/02/2024 10:00:00 - 07/02/2024 11:00:00,SCA|NO1,mFRR,Not Specified,Not Specified,MARGINAL,81.17,81.17
07/02/2024 11:00:00 - 07/02/2024 12:00:00,SCA|NO1,mFRR,Not Specified,Not Specified,MARGINAL,78.01,78.01
07/02/2024 12:00:00 - 07/02/2024 13:00:00,SCA|NO1,mFRR,Not Specified,Not Specified,MARGINAL,75.82,67.04
07/02/2024 13:00:00 - 07/02/2024 14:00:00,SCA|NO1,mFRR,Not Specified,Not Specified,MARGINAL,78.29,67.04
07/02/2024 14:00:00 - 07/02/2024 15:00:00,SCA|NO1,mFRR,Not Specified,Not Specified,MARGINAL,80.0,77.32
07/02/2024 15:00:00 - 07/02/2024 16:00:00,SCA|NO1,mFRR,Not Specified,Not Specified,MARGINAL,86.74,86.74
07/02/2024 16:00:00 - 07/02/2024 17:00:00,SCA|NO1,mFRR,Not Specified,Not Specified,MARGINAL,99.0,97.3
07/02/2024 17:00:00 - 07/02/2024 18:00:00,SCA|NO1,mFRR,Not Specified,Not Specified,MARGINAL,140.0,116.57
07/02/2024 18:00:00 - 07/02/2024 19:00:00,SCA|NO1,mFRR,Not Specified,Not Specified,MARGINAL,136.0,132.0
07/02/2024 19:00:00 - 07/02/2024 20:00:00,SCA|NO1,mFRR,Not Specified,Not Specified,MARGINAL,106.79,106.79
07/02/2024 20:00:00 - 07/02/2024 21:00:00,SCA|NO1,mFRR,Not Specified,Not Specified,MARGINAL,97.36,73.5
07/02/2024 21:00:00 - 07/02/2024 22:00:00,SCA|NO1,mFRR,Not Specified,Not Specified,MARGINAL,84.94,74.5
07/02/2024 22:00:00 - 07/02/2024 23:00:00,SCA|NO1,mFRR,Not Specified,Not Specified,MARGINAL,93.86,81.04
07/02/2024 23:00:00 - 08/02/2024 00:00:00,SCA|NO1,mFRR,Not Specified,Not Specified,MARGINAL,76.91,76.91
08/02/2024 00:00:00 - 08/02/2024 01:00:00,SCA|NO1,mFRR,Not Specified,Not Specified,MARGINAL,83.7,71.41
08/02/2024 01:00:00 - 08/02/2024 02:00:00,SCA|NO1,mFRR,Not Specified,Not Specified,MARGINAL,86.5,71.23
08/02/2024 02:00:00 - 08/02/2024 03:00:00,SCA|NO1,mFRR,Not Specified,Not Specified,MARGINAL,80.0,65.5
08/02/2024 03:00:00 - 08/02/2024 04:00:00,SCA|NO1,mFRR,Not Specified,Not Specified,MARGINAL,69.12,65.0
08/02/2024 04:00:00 - 08/02/2024 05:00:00,SCA|NO1,mFRR,Not Specified,Not Specified,MARGINAL,68.89,68.89
08/02/2024 05:00:00 - 08/02/2024 06:00:00,SCA|NO1,mFRR,Not Specified,Not Specified,MARGINAL,74.08,74.08
08/02/2024 06:00:00 - 08/02/2024 07:00:00,SCA|NO1,mFRR,Not Specified,Not Specified,MARGINAL,85.0,84.25
08/02/2024 07:00:00 - 08/02/2024 08:00:00,SCA|NO1,mFRR,Not Specified,Not Specified,MARGINAL,110.0,110.0
08/02/2024 08:00:00 - 08/02/2024 09:00:00,SCA|NO1,mFRR,Not Specified,Not Specified,MARGINAL,133.15,80.15
08/02/2024 09:00:00 - 08/02/2024 10:00:00,SCA|NO1,mFRR,Not Specified,Not Specified,MARGINAL,113.55,80.55
08/02/2024 10:00:00 - 08/02/2024 11:00:00,SCA|NO1,mFRR,Not Specified,Not Specified,MARGINAL,117.0,97.79
08/02/2024 11:00:00 - 08/02/2024 12:00:00,SCA|NO1,mFRR,Not Specified,Not Specified,MARGINAL,115.0,91.87
08/02/2024 12:00:00 - 08/02/2024 13:00:00,SCA|NO1,mFRR,Not Specified,Not Specified,MARGINAL,213.41,89.38
08/02/2024 13:00:00 - 08/02/2024 14:00:00,SCA|NO1,mFRR,Not Specified,Not Specified,MARGINAL,90.98,90.98
08/02/2024 14:00:00 - 08/02/2024 15:00:00,SCA|NO1,mFRR,Not Specified,Not Specified,MARGINAL,94.9,77.0
08/02/2024 15:00:00 - 08/02/2024 16:00:00,SCA|NO1,mFRR,Not Specified,Not Specified,MARGINAL,94.38,77.0
08/02/2024 16:00:00 - 08/02/2024 17:00:00,SCA|NO1,mFRR,Not Specified,Not Specified,MARGINAL,115.0,77.0
08/02/2024 17:00:00 - 08/02/2024 18:00:00,SCA|NO1,mFRR,Not Specified,Not Specified,MARGINAL,115.0,105.53
08/02/2024 18:00:00 - 08/02/2024 19:00:00,SCA|NO1,mFRR,Not Specified,Not Specified,MARGINAL,97.0,97.0
08/02/2024 19:00:00 - 08/02/2024 20:00:00,SCA|NO1,mFRR,Not Specified,Not Specified,MARGINAL,86.06,86.06
08/02/2024 20:00:00 - 08/02/2024 21:00:00,SCA|NO1,mFRR,Not Specified,Not Specified,MARGINAL,83.2,83.2
08/02/2024 21:00:00 - 08/02/2024 22:00:00,SCA|NO1,mFRR,Not Specified,Not Specified,MARGINAL,85.0,80.61
08/02/2024 22:00:00 - 08/02/2024 23:00:00,SCA|NO1,mFRR,Not Specified,Not Specified,MARGINAL,80.0,75.6
08/02/2024 23:00:00 - 09/02/2024 00:00:00,SCA|NO1,mFRR,Not Specified,Not Specified,MARGINAL,76.0,65.98
09/02/2024 00:00:00 - 09/02/2024 01:00:00,SCA|NO1,mFRR,Not Specified,Not Specified,MARGINAL,67.27,67.27
09/02/2024 01:00:00 - 09/02/2024 02:00:00,SCA|NO1,mFRR,Not Specified,Not Specified,MARGINAL,70.0,65.65
09/02/2024 02:00:00 - 09/02/2024 03:00:00,SCA|NO1,mFRR,Not Specified,Not Specified,MARGINAL,66.16,55.0
09/02/2024 03:00:00 - 09/02/2024 04:00:00,SCA|NO1,mFRR,Not Specified,Not Specified,MARGINAL,63.57,50.0
09/02/2024 04:00:00 - 09/02/2024 05:00:00,SCA|NO1,mFRR,Not Specified,Not Specified,MARGINAL,62.97,50.0
09/02/2024 05:00:00 - 09/02/2024 06:00:00,SCA|NO1,mFRR,Not Specified,Not Specified,MARGINAL,66.13,43.0
09/02/2024 06:00:00 - 09/02/2024 07:00:00,SCA|NO1,mFRR,Not Specified,Not Specified,MARGINAL,71.0,46.25
09/02/2024 07:00:00 - 09/02/2024 08:00:00,SCA|NO1,mFRR,Not Specified,Not Specified,MARGINAL,77.0,69.6
09/02/2024 08:00:00 - 09/02/2024 09:00:00,SCA|NO1,mFRR,Not Specified,Not Specified,MARGINAL,83.0,75.48
09/02/2024 09:00:00 - 09/02/2024 10:00:00,SCA|NO1,mFRR,Not Specified,Not Specified,MARGINAL,83.0,73.68
09/02/2024 10:00:00 - 09/02/2024 11:00:00,SCA|NO1,mFRR,Not Specified,Not Specified,MARGINAL,79.13,71.46
09/02/2024 11:00:00 - 09/02/2024 12:00:00,SCA|NO1,mFRR,Not Specified,Not Specified,MARGINAL,80.0,70.75
09/02/2024 12:00:00 - 09/02/2024 13:00:00,SCA|NO1,mFRR,Not Specified,Not Specified,MARGINAL,80.0,69.52
09/02/2024 13:00:00 - 09/02/2024 14:00:00,SCA|NO1,mFRR,Not Specified,Not Specified,MARGINAL,83.02,69.6
09/02/2024 14:00:00 - 09/02/2024 15:00:00,SCA|NO1,mFRR,Not Specified,Not Specified,MARGINAL,80.09,70.09
09/02/2024 15:00:00 - 09/02/2024 16:00:00,SCA|NO1,mFRR,Not Specified,Not Specified,MARGINAL,82.0,70.12
09/02/2024 16:00:00 - 09/02/2024 17:00:00,SCA|NO1,mFRR,Not Specified,Not Specified,MARGINAL,76.5,70.8
09/02/2024 17:00:00 - 09/02/2024 18:00:00,SCA|NO1,mFRR,Not Specified,Not Specified,MARGINAL,85.0,76.44
09/02/2024 18:00:00 - 09/02/2024 19:00:00,SCA|NO1,mFRR,Not Specified,Not Specified,MARGINAL,85.0,75.94
09/02/2024 19:00:00 - 09/02/2024 20:00:00,SCA|NO1,mFRR,Not Specified,Not Specified,MARGINAL,78.0,70.94
09/02/2024 20:00:00 - 09/02/2024 21:00:00,SCA|NO1,mFRR,Not Specified,Not Specified,MARGINAL,67.25,67.25
09/02/2024 21:00:00 - 09/02/2024 22:00:00,SCA|NO1,mFRR,Not Specified,Not Specified,MARGINAL,66.15,66.15
09/02/2024 22:00:00 - 09/02/2024 23:00:00,SCA|NO1,mFRR,Not Specified,Not Specified,MARGINAL,64.96,64.96
09/02/2024 23:00:00 - 10/02/2024 00:00:00,SCA|NO1,mFRR,Not Specified,Not Specified,MARGINAL,63.28,63.28
10/02/2024 00:00:00 - 10/02/2024 01:00:00,SCA|NO1,mFRR,Not Specified,Not Specified,MARGINAL,65.0,61.14
10/02/2024 01:00:00 - 10/02/2024 02:00:00,SCA|NO1,mFRR,Not Specified,Not Specified,MARGINAL,74.0,62.03
10/02/2024 02:00:00 - 10/02/2024 03:00:00,SCA|NO1,mFRR,Not Specified,Not Specified,,,
10/02/2024 03:00:00 - 10/02/2024 04:00:00,SCA|NO1,mFRR,Not Specified,Not Specified,,,
10/02/2024 04:00:00 - 10/02/2024 05:00:00,SCA|NO1,mFRR,Not Specified,Not Specified,,,
10/02/2024 05:00:00 - 10/02/2024 06:00:00,SCA|NO1,mFRR,Not Specified,Not Specified,,,
10/02/2024 06:00:00 - 10/02/2024 07:00:00,SCA|NO1,mFRR,Not Specified,Not Specified,,,
10/02/2024 07:00:00 - 10/02/2024 08:00:00,SCA|NO1,mFRR,Not Specified,Not Specified,,,
10/02/2024 08:00:00 - 10/02/2024 09:00:00,SCA|NO1,mFRR,Not Specified,Not Specified,MARGINAL,76.0,64.74
10/02/2024 09:00:00 - 10/02/2024 10:00:00,SCA|NO1,mFRR,Not Specified,Not Specified,,,
10/02/2024 10:00:00 - 10/02/2024 11:00:00,SCA|NO1,mFRR,Not Specified,Not Specified,,,
10/02/2024 11:00:00 - 10/02/2024 12:00:00,SCA|NO1,mFRR,Not Specified,Not Specified,,,
10/02/2024 12:00:00 - 10/02/2024 13:00:00,SCA|NO1,mFRR,Not Specified,Not Specified,,,
10/02/2024 13:00:00 - 10/02/2024 14:00:00,SCA|NO1,mFRR,Not Specified,Not Specified,,,
10/02/2024 14:00:00 - 10/02/2024 15:00:00,SCA|NO1,mFRR,Not Specified,Not Specified,MARGINAL,78.5,66.91
10/02/2024 15:00:00 - 10/02/2024 16:00:00,SCA|NO1,mFRR,Not Specified,Not Specified,MARGINAL,77.0,68.01
10/02/2024 16:00:00 - 10/02/2024 17:00:00,SCA|NO1,mFRR,Not Specified,Not Specified,MARGINAL,68.92,64.0
10/02/2024 17:00:00 - 10/02/2024 18:00:00,SCA|NO1,mFRR,Not Specified,Not Specified,MARGINAL,86.2,65.0
10/02/2024 18:00:00 - 10/02/2024 19:00:00,SCA|NO1,mFRR,Not Specified,Not Specified,MARGINAL,84.91,84.91
10/02/2024 19:00:00 - 10/02/2024 20:00:00,SCA|NO1,mFRR,Not Specified,Not Specified,MARGINAL,77.0,69.06
10/02/2024 20:00:00 - 10/02/2024 21:00:00,SCA|NO1,mFRR,Not Specified,Not Specified,MARGINAL,65.28,58.0
10/02/2024 21:00:00 - 10/02/2024 22:00:00,SCA|NO1,mFRR,Not Specified,Not Specified,MARGINAL,64.18,58.0
10/02/2024 22:00:00 - 10/02/2024 23:00:00,SCA|NO1,mFRR,Not Specified,Not Specified,MARGINAL,63.38,56.0
10/02/2024 23:00:00 - 11/02/2024 00:00:00,SCA|NO1,mFRR,Not Specified,Not Specified,MARGINAL,61.93,55.0
11/02/2024 00:00:00 - 11/02/2024 01:00:00,SCA|NO1,mFRR,Not Specified,Not Specified,MARGINAL,57.92,57.92
11/02/2024 01:00:00 - 11/02/2024 02:00:00,SCA|NO1,mFRR,Not Specified,Not Specified,MARGINAL,56.39,56.39
11/02/2024 02:00:00 - 11/02/2024 03:00:00,SCA|NO1,mFRR,Not Specified,Not Specified,MARGINAL,54.28,54.28
11/02/2024 03:00:00 - 11/02/2024 04:00:00,SCA|NO1,mFRR,Not Specified,Not Specified,MARGINAL,51.78,43.0
11/02/2024 04:00:00 - 11/02/2024 05:00:00,SCA|NO1,mFRR,Not Specified,Not Specified,MARGINAL,50.88,30.92
11/02/2024 05:00:00 - 11/02/2024 06:00:00,SCA|NO1,mFRR,Not Specified,Not Specified,MARGINAL,51.99,30.91
11/02/2024 06:00:00 - 11/02/2024 07:00:00,SCA|NO1,mFRR,Not Specified,Not Specified,MARGINAL,52.83,39.0
11/02/2024 07:00:00 - 11/02/2024 08:00:00,SCA|NO1,mFRR,Not Specified,Not Specified,MARGINAL,55.97,45.0
11/02/2024 08:00:00 - 11/02/2024 09:00:00,SCA|NO1,mFRR,Not Specified,Not Specified,MARGINAL,56.97,50.5
11/02/2024 09:00:00 - 11/02/2024 10:00:00,SCA|NO1,mFRR,Not Specified,Not Specified,MARGINAL,68.5,58.57
11/02/2024 10:00:00 - 11/02/2024 11:00:00,SCA|NO1,mFRR,Not Specified,Not Specified,MARGINAL,75.5,61.16
11/02/2024 11:00:00 - 11/02/2024 12:00:00,SCA|NO1,mFRR,Not Specified,Not Specified,MARGINAL,77.0,63.97
11/02/2024 12:00:00 - 11/02/2024 13:00:00,SCA|NO1,mFRR,Not Specified,Not Specified,MARGINAL,77.5,63.05
11/02/2024 13:00:00 - 11/02/2024 14:00:00,SCA|NO1,mFRR,Not Specified,Not Specified,MARGINAL,77.5,61.73
11/02/2024 14:00:00 - 11/02/2024 15:00:00,SCA|NO1,mFRR,Not Specified,Not Specified,MARGINAL,70.0,63.33
11/02/2024 15:00:00 - 11/02/2024 16:00:00,SCA|NO1,mFRR,Not Specified,Not Specified,MARGINAL,70.0,64.71
11/02/2024 16:00:00 - 11/02/2024 17:00:00,SCA|NO1,mFRR,Not Specified,Not Specified,MARGINAL,68.04,61.0
11/02/2024 17:00:00 - 11/02/2024 18:00:00,SCA|NO1,mFRR,Not Specified,Not Specified,MARGINAL,76.07,63.5
11/02/2024 18:00:00 - 11/02/2024 19:00:00,SCA|NO1,mFRR,Not Specified,Not Specified,MARGINAL,92.5,78.24
11/02/2024 19:00:00 - 11/02/2024 20:00:00,SCA|NO1,mFRR,Not Specified,Not Specified,MARGINAL,92.5,72.77
11/02/2024 20:00:00 - 11/02/2024 21:00:00,SCA|NO1,mFRR,Not Specified,Not Specified,MARGINAL,92.5,74.37
11/02/2024 21:00:00 - 11/02/2024 22:00:00,SCA|NO1,mFRR,Not Specified,Not Specified,MARGINAL,79.0,67.9
11/02/2024 22:00:00 - 11/02/2024 23:00:00,SCA|NO1,mFRR,Not Specified,Not Specified,MARGINAL,85.0,65.89
11/02/2024 23:00:00 - 12/02/2024 00:00:00,SCA|NO1,mFRR,Not Specified,Not Specified,MARGINAL,80.5,62.02
12/02/2024 00:00:00 - 12/02/2024 01:00:00,SCA|NO1,mFRR,Not Specified,Not Specified,MARGINAL,74.5,62.35
12/02/2024 01:00:00 - 12/02/2024 02:00:00,SCA|NO1,mFRR,Not Specified,Not Specified,MARGINAL,74.5,59.94
12/02/2024 02:00:00 - 12/02/2024 03:00:00,SCA|NO1,mFRR,Not Specified,Not Specified,MARGINAL,68.0,58.79
12/02/2024 03:00:00 - 12/02/2024 04:00:00,SCA|NO1,mFRR,Not Specified,Not Specified,MARGINAL,65.5,57.77
12/02/2024 04:00:00 - 12/02/2024 05:00:00,SCA|NO1,mFRR,Not Specified,Not Specified,MARGINAL,65.0,59.21
12/02/2024 05:00:00 - 12/02/2024 06:00:00,SCA|NO1,mFRR,Not Specified,Not Specified,MARGINAL,70.0,63.01
12/02/2024 06:00:00 - 12/02/2024 07:00:00,SCA|NO1,mFRR,Not Specified,Not Specified,MARGINAL,150.0,66.89
12/02/2024 07:00:00 - 12/02/2024 08:00:00,SCA|NO1,mFRR,Not Specified,Not Specified,MARGINAL,150.0,82.93
12/02/2024 08:00:00 - 12/02/2024 09:00:00,SCA|NO1,mFRR,Not Specified,Not Specified,MARGINAL,104.42,100.98
12/02/2024 09:00:00 - 12/02/2024 10:00:00,SCA|NO1,mFRR,Not Specified,Not Specified,MARGINAL,94.0,93.7
12/02/2024 10:00:00 - 12/02/2024 11:00:00,SCA|NO1,mFRR,Not Specified,Not Specified,MARGINAL,87.0,83.0
12/02/2024 11:00:00 - 12/02/2024 12:00:00,SCA|NO1,mFRR,Not Specified,Not Specified,MARGINAL,87.0,76.8
12/02/2024 12:00:00 - 12/02/2024 13:00:00,SCA|NO1,mFRR,Not Specified,Not Specified,MARGINAL,164.0,65.29
12/02/2024 13:00:00 - 12/02/2024 14:00:00,SCA|NO1,mFRR,Not Specified,Not Specified,MARGINAL,164.0,63.75
12/02/2024 14:00:00 - 12/02/2024 15:00:00,SCA|NO1,mFRR,Not Specified,Not Specified,MARGINAL,77.5,63.38
12/02/2024 15:00:00 - 12/02/2024 16:00:00,SCA|NO1,mFRR,Not Specified,Not Specified,MARGINAL,77.5,64.52
12/02/2024 16:00:00 - 12/02/2024 17:00:00,SCA|NO1,mFRR,Not Specified,Not Specified,MARGINAL,77.0,75.81
12/02/2024 17:00:00 - 12/02/2024 18:00:00,SCA|NO1,mFRR,Not Specified,Not Specified,MARGINAL,108.0,90.99
12/02/2024 18:00:00 - 12/02/2024 19:00:00,SCA|NO1,mFRR,Not Specified,Not Specified,MARGINAL,200.0,93.02
12/02/2024 19:00:00 - 12/02/2024 20:00:00,SCA|NO1,mFRR,Not Specified,Not Specified,MARGINAL,200.0,86.32
12/02/2024 20:00:00 - 12/02/2024 21:00:00,SCA|NO1,mFRR,Not Specified,Not Specified,MARGINAL,100.0,76.53
12/02/2024 21:00:00 - 12/02/2024 22:00:00,SCA|NO1,mFRR,Not Specified,Not Specified,MARGINAL,75.0,67.94
12/02/2024 22:00:00 - 12/02/2024 23:00:00,SCA|NO1,mFRR,Not Specified,Not Specified,MARGINAL,63.75,63.75
12/02/2024 23:00:00 - 13/02/2024 00:00:00,SCA|NO1,mFRR,Not Specified,Not Specified,MARGINAL,59.94,59.94
13/02/2024 00:00:00 - 13/02/2024 01:00:00,SCA|NO1,mFRR,Not Specified,Not Specified,MARGINAL,64.38,59.0
13/02/2024 01:00:00 - 13/02/2024 02:00:00,SCA|NO1,mFRR,Not Specified,Not Specified,MARGINAL,63.22,55.0
13/02/2024 02:00:00 - 13/02/2024 03:00:00,SCA|NO1,mFRR,Not Specified,Not Specified,MARGINAL,61.1,55.0
13/02/2024 03:00:00 - 13/02/2024 04:00:00,SCA|NO1,mFRR,Not Specified,Not Specified,MARGINAL,58.96,54.0
13/02/2024 04:00:00 - 13/02/2024 05:00:00,SCA|NO1,mFRR,Not Specified,Not Specified,MARGINAL,58.82,53.0
13/02/2024 05:00:00 - 13/02/2024 06:00:00,SCA|NO1,mFRR,Not Specified,Not Specified,MARGINAL,60.88,55.0
13/02/2024 06:00:00 - 13/02/2024 07:00:00,SCA|NO1,mFRR,Not Specified,Not Specified,MARGINAL,64.23,64.23
13/02/2024 07:00:00 - 13/02/2024 08:00:00,SCA|NO1,mFRR,Not Specified,Not Specified,MARGINAL,78.0,73.49
13/02/2024 08:00:00 - 13/02/2024 09:00:00,SCA|NO1,mFRR,Not Specified,Not Specified,MARGINAL,87.0,86.18
13/02/2024 09:00:00 - 13/02/2024 10:00:00,SCA|NO1,mFRR,Not Specified,Not Specified,MARGINAL,72.79,72.79
13/02/2024 10:00:00 - 13/02/2024 11:00:00,SCA|NO1,mFRR,Not Specified,Not Specified,MARGINAL,75.0,67.06
13/02/2024 11:00:00 - 13/02/2024 12:00:00,SCA|NO1,mFRR,Not Specified,Not Specified,MARGINAL,73.0,63.87
13/02/2024 12:00:00 - 13/02/2024 13:00:00,SCA|NO1,mFRR,Not Specified,Not Specified,MARGINAL,69.0,60.53
13/02/2024 13:00:00 - 13/02/2024 14:00:00,SCA|NO1,mFRR,Not Specified,Not Specified,MARGINAL,60.26,60.26
13/02/2024 14:00:00 - 13/02/2024 15:00:00,SCA|NO1,mFRR,Not Specified,Not Specified,MARGINAL,63.1,63.1
13/02/2024 15:00:00 - 13/02/2024 16:00:00,SCA|NO1,mFRR,Not Specified,Not Specified,MARGINAL,68.65,68.65
13/02/2024 16:00:00 - 13/02/2024 17:00:00,SCA|NO1,mFRR,Not Specified,Not Specified,MARGINAL,75.78,63.0
13/02/2024 17:00:00 - 13/02/2024 18:00:00,SCA|NO1,mFRR,Not Specified,Not Specified,MARGINAL,92.06,60.37
13/02/2024 18:00:00 - 13/02/2024 19:00:00,SCA|NO1,mFRR,Not Specified,Not Specified,MARGINAL,96.78,63.0
13/02/2024 19:00:00 - 13/02/2024 20:00:00,SCA|NO1,mFRR,Not Specified,Not Specified,MARGINAL,88.21,64.0
13/02/2024 20:00:00 - 13/02/2024 21:00:00,SCA|NO1,mFRR,Not Specified,Not Specified,MARGINAL,75.71,64.0
13/02/2024 21:00:00 - 13/02/2024 22:00:00,SCA|NO1,mFRR,Not Specified,Not Specified,MARGINAL,69.78,69.78
13/02/2024 22:00:00 - 13/02/2024 23:00:00,SCA|NO1,mFRR,Not Specified,Not Specified,MARGINAL,66.2,66.2
13/02/2024 23:00:00 - 14/02/2024 00:00:00,SCA|NO1,mFRR,Not Specified,Not Specified,MARGINAL,63.07,63.07
14/02/2024 00:00:00 - 14/02/2024 01:00:00,SCA|NO1,mFRR,Not Specified,Not Specified,MARGINAL,60.63,60.63
14/02/2024 01:00:00 - 14/02/2024 02:00:00,SCA|NO1,mFRR,Not Specified,Not Specified,MARGINAL,59.34,59.34
14/02/2024 02:00:00 - 14/02/2024 03:00:00,SCA|NO1,mFRR,Not Specified,Not Specified,MARGINAL,60.0,57.55
14/02/2024 03:00:00 - 14/02/2024 04:00:00,SCA|NO1,mFRR,Not Specified,Not Specified,MARGINAL,60.0,56.54
14/02/2024 04:00:00 - 14/02/2024 05:00:00,SCA|NO1,mFRR,Not Specified,Not Specified,MARGINAL,60.0,56.82
14/02/2024 05:00:00 - 14/02/2024 06:00:00,SCA|NO1,mFRR,Not Specified,Not Specified,MARGINAL,59.66,59.66
14/02/2024 06:00:00 - 14/02/2024 07:00:00,SCA|NO1,mFRR,Not Specified,Not Specified,MARGINAL,73.0,61.49
14/02/2024 07:00:00 - 14/02/2024 08:00:00,SCA|NO1,mFRR,Not Specified,Not Specified,MARGINAL,73.0,70.63
14/02/2024 08:00:00 - 14/02/2024 09:00:00,SCA|NO1,mFRR,Not Specified,Not Specified,MARGINAL,77.41,62.0
14/02/2024 09:00:00 - 14/02/2024 10:00:00,SCA|NO1,mFRR,Not Specified,Not Specified,MARGINAL,71.0,62.5
14/02/2024 10:00:00 - 14/02/2024 11:00:00,SCA|NO1,mFRR,Not Specified,Not Specified,MARGINAL,79.24,63.86
14/02/2024 11:00:00 - 14/02/2024 12:00:00,SCA|NO1,mFRR,Not Specified,Not Specified,MARGINAL,80.5,63.29
14/02/2024 12:00:00 - 14/02/2024 13:00:00,SCA|NO1,mFRR,Not Specified,Not Specified,MARGINAL,77.0,62.63
14/02/2024 13:00:00 - 14/02/2024 14:00:00,SCA|NO1,mFRR,Not Specified,Not Specified,MARGINAL,62.9,58.53
14/02/2024 14:00:00 - 14/02/2024 15:00:00,SCA|NO1,mFRR,Not Specified,Not Specified,MARGINAL,66.89,59.0
14/02/2024 15:00:00 - 14/02/2024 16:00:00,SCA|NO1,mFRR,Not Specified,Not Specified,MARGINAL,70.0,62.0
14/02/2024 16:00:00 - 14/02/2024 17:00:00,SCA|NO1,mFRR,Not Specified,Not Specified,MARGINAL,77.0,76.1
14/02/2024 17:00:00 - 14/02/2024 18:00:00,SCA|NO1,mFRR,Not Specified,Not Specified,MARGINAL,80.56,80.56
14/02/2024 18:00:00 - 14/02/2024 19:00:00,SCA|NO1,mFRR,Not Specified,Not Specified,MARGINAL,84.89,84.89
14/02/2024 19:00:00 - 14/02/2024 20:00:00,SCA|NO1,mFRR,Not Specified,Not Specified,MARGINAL,81.85,81.85
14/02/2024 20:00:00 - 14/02/2024 21:00:00,SCA|NO1,mFRR,Not Specified,Not Specified,MARGINAL,74.15,74.15
14/02/2024 21:00:00 - 14/02/2024 22:00:00,SCA|NO1,mFRR,Not Specified,Not Specified,MARGINAL,67.48,67.48
14/02/2024 22:00:00 - 14/02/2024 23:00:00,SCA|NO1,mFRR,Not Specified,Not Specified,MARGINAL,66.02,66.02
14/02/2024 23:00:00 - 15/02/2024 00:00:00,SCA|NO1,mFRR,Not Specified,Not Specified,MARGINAL,61.99,61.99
15/02/2024 00:00:00 - 15/02/2024 01:00:00,SCA|NO1,mFRR,Not Specified,Not Specified,MARGINAL,59.92,59.92
15/02/2024 01:00:00 - 15/02/2024 02:00:00,SCA|NO1,mFRR,Not Specified,Not Specified,MARGINAL,59.36,59.36
15/02/2024 02:00:00 - 15/02/2024 03:00:00,SCA|NO1,mFRR,Not Specified,Not Specified,MARGINAL,58.55,58.55
15/02/2024 03:00:00 - 15/02/2024 04:00:00,SCA|NO1,mFRR,Not Specified,Not Specified,MARGINAL,58.4,58.4
15/02/2024 04:00:00 - 15/02/2024 05:00:00,SCA|NO1,mFRR,Not Specified,Not Specified,MARGINAL,59.51,51.0
15/02/2024 05:00:00 - 15/02/2024 06:00:00,SCA|NO1,mFRR,Not Specified,Not Specified,MARGINAL,61.07,51.5
15/02/2024 06:00:00 - 15/02/2024 07:00:00,SCA|NO1,mFRR,Not Specified,Not Specified,MARGINAL,61.9,61.9
15/02/2024 07:00:00 - 15/02/2024 08:00:00,SCA|NO1,mFRR,Not Specified,Not Specified,MARGINAL,79.04,79.04
15/02/2024 08:00:00 - 15/02/2024 09:00:00,SCA|NO1,mFRR,Not Specified,Not Specified,MARGINAL,80.1,59.5
15/02/2024 09:00:00 - 15/02/2024 10:00:00,SCA|NO1,mFRR,Not Specified,Not Specified,MARGINAL,76.17,76.17
15/02/2024 10:00:00 - 15/02/2024 11:00:00,SCA|NO1,mFRR,Not Specified,Not Specified,MARGINAL,72.03,72.03
15/02/2024 11:00:00 - 15/02/2024 12:00:00,SCA|NO1,mFRR,Not Specified,Not Specified,MARGINAL,67.79,67.79
15/02/2024 12:00:00 - 15/02/2024 13:00:00,SCA|NO1,mFRR,Not Specified,Not Specified,MARGINAL,67.41,64.84
15/02/2024 13:00:00 - 15/02/2024 14:00:00,SCA|NO1,mFRR,Not Specified,Not Specified,MARGINAL,67.5,64.41
15/02/2024 14:00:00 - 15/02/2024 15:00:00,SCA|NO1,mFRR,Not Specified,Not Specified,MARGINAL,67.75,58.0
15/02/2024 15:00:00 - 15/02/2024 16:00:00,SCA|NO1,mFRR,Not Specified,Not Specified,MARGINAL,72.88,56.0
15/02/2024 16:00:00 - 15/02/2024 17:00:00,SCA|NO1,mFRR,Not Specified,Not Specified,MARGINAL,76.45,58.0
15/02/2024 17:00:00 - 15/02/2024 18:00:00,SCA|NO1,mFRR,Not Specified,Not Specified,MARGINAL,82.01,59.0
15/02/2024 18:00:00 - 15/02/2024 19:00:00,SCA|NO1,mFRR,Not Specified,Not Specified,MARGINAL,82.01,62.0
15/02/2024 19:00:00 - 15/02/2024 20:00:00,SCA|NO1,mFRR,Not Specified,Not Specified,MARGINAL,72.55,62.0
15/02/2024 20:00:00 - 15/02/2024 21:00:00,SCA|NO1,mFRR,Not Specified,Not Specified,MARGINAL,66.73,66.73
15/02/2024 21:00:00 - 15/02/2024 22:00:00,SCA|NO1,mFRR,Not Specified,Not Specified,MARGINAL,61.29,61.29
15/02/2024 22:00:00 - 15/02/2024 23:00:00,SCA|NO1,mFRR,Not Specified,Not Specified,MARGINAL,63.0,60.21
15/02/2024 23:00:00 - 16/02/2024 00:00:00,SCA|NO1,mFRR,Not Specified,Not Specified,MARGINAL,58.01,58.01
16/02/2024 00:00:00 - 16/02/2024 01:00:00,SCA|NO1,mFRR,Not Specified,Not Specified,MARGINAL,54.0,53.31
16/02/2024 01:00:00 - 16/02/2024 02:00:00,SCA|NO1,mFRR,Not Specified,Not Specified,MARGINAL,54.99,52.32
16/02/2024 02:00:00 - 16/02/2024 03:00:00,SCA|NO1,mFRR,Not Specified,Not Specified,MARGINAL,54.99,51.41
16/02/2024 03:00:00 - 16/02/2024 04:00:00,SCA|NO1,mFRR,Not Specified,Not Specified,MARGINAL,50.37,50.37
16/02/2024 04:00:00 - 16/02/2024 05:00:00,SCA|NO1,mFRR,Not Specified,Not Specified,MARGINAL,51.82,51.82
16/02/2024 05:00:00 - 16/02/2024 06:00:00,SCA|NO1,mFRR,Not Specified,Not Specified,MARGINAL,53.94,53.94
16/02/2024 06:00:00 - 16/02/2024 07:00:00,SCA|NO1,mFRR,Not Specified,Not Specified,MARGINAL,55.24,55.24
16/02/2024 07:00:00 - 16/02/2024 08:00:00,SCA|NO1,mFRR,Not Specified,Not Specified,MARGINAL,59.61,59.61
16/02/2024 08:00:00 - 16/02/2024 09:00:00,SCA|NO1,mFRR,Not Specified,Not Specified,MARGINAL,61.3,61.3
16/02/2024 09:00:00 - 16/02/2024 10:00:00,SCA|NO1,mFRR,Not Specified,Not Specified,MARGINAL,59.36,59.36
16/02/2024 10:00:00 - 16/02/2024 11:00:00,SCA|NO1,mFRR,Not Specified,Not Specified,MARGINAL,58.0,56.0
16/02/2024 11:00:00 - 16/02/2024 12:00:00,SCA|NO1,mFRR,Not Specified,Not Specified,MARGINAL,58.0,54.47
16/02/2024 12:00:00 - 16/02/2024 13:00:00,SCA|NO1,mFRR,Not Specified,Not Specified,MARGINAL,54.0,54.0
16/02/2024 13:00:00 - 16/02/2024 14:00:00,SCA|NO1,mFRR,Not Specified,Not Specified,MARGINAL,53.99,53.99
16/02/2024 14:00:00 - 16/02/2024 15:00:00,SCA|NO1,mFRR,Not Specified,Not Specified,MARGINAL,56.5,55.27
16/02/2024 15:00:00 - 16/02/2024 16:00:00,SCA|NO1,mFRR,Not Specified,Not Specified,MARGINAL,57.49,57.49
16/02/2024 16:00:00 - 16/02/2024 17:00:00,SCA|NO1,mFRR,Not Specified,Not Specified,MARGINAL,58.18,58.18
16/02/2024 17:00:00 - 16/02/2024 18:00:00,SCA|NO1,mFRR,Not Specified,Not Specified,MARGINAL,63.57,58.27
16/02/2024 18:00:00 - 16/02/2024 19:00:00,SCA|NO1,mFRR,Not Specified,Not Specified,MARGINAL,63.5,57.87
16/02/2024 19:00:00 - 16/02/2024 20:00:00,SCA|NO1,mFRR,Not Specified,Not Specified,MARGINAL,56.34,56.34
16/02/2024 20:00:00 - 16/02/2024 21:00:00,SCA|NO1,mFRR,Not Specified,Not Specified,MARGINAL,54.94,54.94
16/02/2024 21:00:00 - 16/02/2024 22:00:00,SCA|NO1,mFRR,Not Specified,Not Specified,MARGINAL,54.49,54.49
16/02/2024 22:00:00 - 16/02/2024 23:00:00,SCA|NO1,mFRR,Not Specified,Not Specified,MARGINAL,53.62,53.62
16/02/2024 23:00:00 - 17/02/2024 00:00:00,SCA|NO1,mFRR,Not Specified,Not Specified,MARGINAL,53.59,53.59
17/02/2024 00:00:00 - 17/02/2024 01:00:00,SCA|NO1,mFRR,Not Specified,Not Specified,MARGINAL,51.41,51.41
17/02/2024 01:00:00 - 17/02/2024 02:00:00,SCA|NO1,mFRR,Not Specified,Not Specified,MARGINAL,49.99,49.99
17/02/2024 02:00:00 - 17/02/2024 03:00:00,SCA|NO1,mFRR,Not Specified,Not Specified,MARGINAL,50.3,50.3
17/02/2024 03:00:00 - 17/02/2024 04:00:00,SCA|NO1,mFRR,Not Specified,Not Specified,MARGINAL,51.36,51.36
17/02/2024 04:00:00 - 17/02/2024 05:00:00,SCA|NO1,mFRR,Not Specified,Not Specified,MARGINAL,52.88,46.0
17/02/2024 05:00:00 - 17/02/2024 06:00:00,SCA|NO1,mFRR,Not Specified,Not Specified,MARGINAL,53.76,46.0
17/02/2024 06:00:00 - 17/02/2024 07:00:00,SCA|NO1,mFRR,Not Specified,Not Specified,MARGINAL,54.14,45.5
17/02/2024 07:00:00 - 17/02/2024 08:00:00,SCA|NO1,mFRR,Not Specified,Not Specified,MARGINAL,55.6,45.0
17/02/2024 08:00:00 - 17/02/2024 09:00:00,SCA|NO1,mFRR,Not Specified,Not Specified,MARGINAL,58.93,45.0
17/02/2024 09:00:00 - 17/02/2024 10:00:00,SCA|NO1,mFRR,Not Specified,Not Specified,MARGINAL,61.33,46.0
17/02/2024 10:00:00 - 17/02/2024 11:00:00,SCA|NO1,mFRR,Not Specified,Not Specified,MARGINAL,60.09,46.95
17/02/2024 11:00:00 - 17/02/2024 12:00:00,SCA|NO1,mFRR,Not Specified,Not Specified,MARGINAL,58.81,45.0
17/02/2024 12:00:00 - 17/02/2024 13:00:00,SCA|NO1,mFRR,Not Specified,Not Specified,MARGINAL,56.45,43.5
17/02/2024 13:00:00 - 17/02/2024 14:00:00,SCA|NO1,mFRR,Not Specified,Not Specified,MARGINAL,54.76,43.5
17/02/2024 14:00:00 - 17/02/2024 15:00:00,SCA|NO1,mFRR,Not Specified,Not Specified,MARGINAL,56.45,41.32
17/02/2024 15:00:00 - 17/02/2024 16:00:00,SCA|NO1,mFRR,Not Specified,Not Specified,MARGINAL,59.07,40.5
17/02/2024 16:00:00 - 17/02/2024 17:00:00,SCA|NO1,mFRR,Not Specified,Not Specified,MARGINAL,59.78,42.0
17/02/2024 17:00:00 - 17/02/2024 18:00:00,SCA|NO1,mFRR,Not Specified,Not Specified,MARGINAL,63.69,45.0
17/02/2024 18:00:00 - 17/02/2024 19:00:00,SCA|NO1,mFRR,Not Specified,Not Specified,MARGINAL,102.3,47.0
17/02/2024 19:00:00 - 17/02/2024 20:00:00,SCA|NO1,mFRR,Not Specified,Not Specified,MARGINAL,86.65,45.0
17/02/2024 20:00:00 - 17/02/2024 21:00:00,SCA|NO1,mFRR,Not Specified,Not Specified,MARGINAL,77.59,45.0
17/02/2024 21:00:00 - 17/02/2024 22:00:00,SCA|NO1,mFRR,Not Specified,Not Specified,MARGINAL,67.01,45.5
17/02/2024 22:00:00 - 17/02/2024 23:00:00,SCA|NO1,mFRR,Not Specified,Not Specified,MARGINAL,61.19,45.0
17/02/2024 23:00:00 - 18/02/2024 00:00:00,SCA|NO1,mFRR,Not Specified,Not Specified,MARGINAL,59.11,45.0
18/02/2024 00:00:00 - 18/02/2024 01:00:00,SCA|NO1,mFRR,Not Specified,Not Specified,MARGINAL,57.44,44.0
18/02/2024 01:00:00 - 18/02/2024 02:00:00,SCA|NO1,mFRR,Not Specified,Not Specified,MARGINAL,53.44,44.0
18/02/2024 02:00:00 - 18/02/2024 03:00:00,SCA|NO1,mFRR,Not Specified,Not Specified,MARGINAL,51.39,44.0
18/02/2024 03:00:00 - 18/02/2024 04:00:00,SCA|NO1,mFRR,Not Specified,Not Specified,MARGINAL,50.32,44.0
18/02/2024 04:00:00 - 18/02/2024 05:00:00,SCA|NO1,mFRR,Not Specified,Not Specified,MARGINAL,49.37,41.5
18/02/2024 05:00:00 - 18/02/2024 06:00:00,SCA|NO1,mFRR,Not Specified,Not Specified,MARGINAL,48.92,41.5
18/02/2024 06:00:00 - 18/02/2024 07:00:00,SCA|NO1,mFRR,Not Specified,Not Specified,MARGINAL,48.0,47.4
18/02/2024 07:00:00 - 18/02/2024 08:00:00,SCA|NO1,mFRR,Not Specified,Not Specified,MARGINAL,48.97,48.97
18/02/2024 08:00:00 - 18/02/2024 09:00:00,SCA|NO1,mFRR,Not Specified,Not Specified,MARGINAL,47.28,47.28
18/02/2024 09:00:00 - 18/02/2024 10:00:00,SCA|NO1,mFRR,Not Specified,Not Specified,MARGINAL,52.0,44.99
18/02/2024 10:00:00 - 18/02/2024 11:00:00,SCA|NO1,mFRR,Not Specified,Not Specified,MARGINAL,52.0,43.86
18/02/2024 11:00:00 - 18/02/2024 12:00:00,SCA|NO1,mFRR,Not Specified,Not Specified,MARGINAL,53.0,44.23
18/02/2024 12:00:00 - 18/02/2024 13:00:00,SCA|NO1,mFRR,Not Specified,Not Specified,MARGINAL,55.0,45.22
18/02/2024 13:00:00 - 18/02/2024 14:00:00,SCA|NO1,mFRR,Not Specified,Not Specified,MARGINAL,58.0,47.49
18/02/2024 14:00:00 - 18/02/2024 15:00:00,SCA|NO1,mFRR,Not Specified,Not Specified,MARGINAL,57.5,50.16
18/02/2024 15:00:00 - 18/02/2024 16:00:00,SCA|NO1,mFRR,Not Specified,Not Specified,MARGINAL,51.78,51.78
18/02/2024 16:00:00 - 18/02/2024 17:00:00,SCA|NO1,mFRR,Not Specified,Not Specified,MARGINAL,53.63,53.63
18/02/2024 17:00:00 - 18/02/2024 18:00:00,SCA|NO1,mFRR,Not Specified,Not Specified,MARGINAL,65.59,50.49
18/02/2024 18:00:00 - 18/02/2024 19:00:00,SCA|NO1,mFRR,Not Specified,Not Specified,MARGINAL,71.38,54.0
18/02/2024 19:00:00 - 18/02/2024 20:00:00,SCA|NO1,mFRR,Not Specified,Not Specified,MARGINAL,68.4,54.0
18/02/2024 20:00:00 - 18/02/2024 21:00:00,SCA|NO1,mFRR,Not Specified,Not Specified,MARGINAL,62.64,52.0
18/02/2024 21:00:00 - 18/02/2024 22:00:00,SCA|NO1,mFRR,Not Specified,Not Specified,MARGINAL,57.81,47.5
18/02/2024 22:00:00 - 18/02/2024 23:00:00,SCA|NO1,mFRR,Not Specified,Not Specified,MARGINAL,55.59,44.0
18/02/2024 23:00:00 - 19/02/2024 00:00:00,SCA|NO1,mFRR,Not Specified,Not Specified,MARGINAL,52.44,40.5
19/02/2024 00:00:00 - 19/02/2024 01:00:00,SCA|NO1,mFRR,Not Specified,Not Specified,MARGINAL,51.43,40.5
19/02/2024 01:00:00 - 19/02/2024 02:00:00,SCA|NO1,mFRR,Not Specified,Not Specified,MARGINAL,49.92,49.92
19/02/2024 02:00:00 - 19/02/2024 03:00:00,SCA|NO1,mFRR,Not Specified,Not Specified,MARGINAL,48.0,40.0
19/02/2024 03:00:00 - 19/02/2024 04:00:00,SCA|NO1,mFRR,Not Specified,Not Specified,MARGINAL,46.68,37.0
19/02/2024 04:00:00 - 19/02/2024 05:00:00,SCA|NO1,mFRR,Not Specified,Not Specified,MARGINAL,48.27,37.0
19/02/2024 05:00:00 - 19/02/2024 06:00:00,SCA|NO1,mFRR,Not Specified,Not Specified,MARGINAL,51.57,39.0
19/02/2024 06:00:00 - 19/02/2024 07:00:00,SCA|NO1,mFRR,Not Specified,Not Specified,MARGINAL,59.05,51.0
19/02/2024 07:00:00 - 19/02/2024 08:00:00,SCA|NO1,mFRR,Not Specified,Not Specified,MARGINAL,76.79,55.0
19/02/2024 08:00:00 - 19/02/2024 09:00:00,SCA|NO1,mFRR,Not Specified,Not Specified,MARGINAL,81.41,59.0
19/02/2024 09:00:00 - 19/02/2024 10:00:00,SCA|NO1,mFRR,Not Specified,Not Specified,MARGINAL,72.86,54.0
19/02/2024 10:00:00 - 19/02/2024 11:00:00,SCA|NO1,mFRR,Not Specified,Not Specified,MARGINAL,70.0,69.09
19/02/2024 11:00:00 - 19/02/2024 12:00:00,SCA|NO1,mFRR,Not Specified,Not Specified,MARGINAL,68.0,67.01
19/02/2024 12:00:00 - 19/02/2024 13:00:00,SCA|NO1,mFRR,Not Specified,Not Specified,MARGINAL,60.47,60.47
19/02/2024 13:00:00 - 19/02/2024 14:00:00,SCA|NO1,mFRR,Not Specified,Not Specified,MARGINAL,58.27,58.27
19/02/2024 14:00:00 - 19/02/2024 15:00:00,SCA|NO1,mFRR,Not Specified,Not Specified,MARGINAL,61.91,61.91
19/02/2024 15:00:00 - 19/02/2024 16:00:00,SCA|NO1,mFRR,Not Specified,Not Specified,MARGINAL,64.66,64.66
19/02/2024 16:00:00 - 19/02/2024 17:00:00,SCA|NO1,mFRR,Not Specified,Not Specified,MARGINAL,67.62,56.5
19/02/2024 17:00:00 - 19/02/2024 18:00:00,SCA|NO1,mFRR,Not Specified,Not Specified,MARGINAL,74.18,74.18
19/02/2024 18:00:00 - 19/02/2024 19:00:00,SCA|NO1,mFRR,Not Specified,Not Specified,MARGINAL,94.81,94.81
19/02/2024 19:00:00 - 19/02/2024 20:00:00,SCA|NO1,mFRR,Not Specified,Not Specified,MARGINAL,77.66,77.66
19/02/2024 20:00:00 - 19/02/2024 21:00:00,SCA|NO1,mFRR,Not Specified,Not Specified,MARGINAL,68.0,60.76
19/02/2024 21:00:00 - 19/02/2024 22:00:00,SCA|NO1,mFRR,Not Specified,Not Specified,MARGINAL,64.0,56.15
19/02/2024 22:00:00 - 19/02/2024 23:00:00,SCA|NO1,mFRR,Not Specified,Not Specified,MARGINAL,64.0,53.47
19/02/2024 23:00:00 - 20/02/2024 00:00:00,SCA|NO1,mFRR,Not Specified,Not Specified,MARGINAL,60.0,52.7
20/02/2024 00:00:00 - 20/02/2024 01:00:00,SCA|NO1,mFRR,Not Specified,Not Specified,MARGINAL,56.0,53.52
20/02/2024 01:00:00 - 20/02/2024 02:00:00,SCA|NO1,mFRR,Not Specified,Not Specified,MARGINAL,56.0,52.58
20/02/2024 02:00:00 - 20/02/2024 03:00:00,SCA|NO1,mFRR,Not Specified,Not Specified,MARGINAL,56.0,52.23
20/02/2024 03:00:00 - 20/02/2024 04:00:00,SCA|NO1,mFRR,Not Specified,Not Specified,MARGINAL,56.0,51.82
20/02/2024 04:00:00 - 20/02/2024 05:00:00,SCA|NO1,mFRR,Not Specified,Not Specified,MARGINAL,51.35,48.0
20/02/2024 05:00:00 - 20/02/2024 06:00:00,SCA|NO1,mFRR,Not Specified,Not Specified,MARGINAL,52.35,48.0
20/02/2024 06:00:00 - 20/02/2024 07:00:00,SCA|NO1,mFRR,Not Specified,Not Specified,MARGINAL,59.93,48.0
20/02/2024 07:00:00 - 20/02/2024 08:00:00,SCA|NO1,mFRR,Not Specified,Not Specified,MARGINAL,85.66,53.32
20/02/2024 08:00:00 - 20/02/2024 09:00:00,SCA|NO1,mFRR,Not Specified,Not Specified,,,
20/02/2024 09:00:00 - 20/02/2024 10:00:00,SCA|NO1,mFRR,Not Specified,Not Specified,MARGINAL,76.27,54.5
20/02/2024 10:00:00 - 20/02/2024 11:00:00,SCA|NO1,mFRR,Not Specified,Not Specified,MARGINAL,67.81,53.0
20/02/2024 11:00:00 - 20/02/2024 12:00:00,SCA|NO1,mFRR,Not Specified,Not Specified,MARGINAL,59.12,53.0
20/02/2024 12:00:00 - 20/02/2024 13:00:00,SCA|NO1,mFRR,Not Specified,Not Specified,MARGINAL,62.5,53.52
20/02/2024 13:00:00 - 20/02/2024 14:00:00,SCA|NO1,mFRR,Not Specified,Not Specified,MARGINAL,55.0,51.42
20/02/2024 14:00:00 - 20/02/2024 15:00:00,SCA|NO1,mFRR,Not Specified,Not Specified,MARGINAL,55.0,51.79
20/02/2024 15:00:00 - 20/02/2024 16:00:00,SCA|NO1,mFRR,Not Specified,Not Specified,MARGINAL,59.44,54.81
20/02/2024 16:00:00 - 20/02/2024 17:00:00,SCA|NO1,mFRR,Not Specified,Not Specified,MARGINAL,55.93,55.93
20/02/2024 17:00:00 - 20/02/2024 18:00:00,SCA|NO1,mFRR,Not Specified,Not Specified,MARGINAL,67.0,66.77
20/02/2024 18:00:00 - 20/02/2024 19:00:00,SCA|NO1,mFRR,Not Specified,Not Specified,MARGINAL,67.0,65.53
20/02/2024 19:00:00 - 20/02/2024 20:00:00,SCA|NO1,mFRR,Not Specified,Not Specified,MARGINAL,64.0,55.65
20/02/2024 20:00:00 - 20/02/2024 21:00:00,SCA|NO1,mFRR,Not Specified,Not Specified,MARGINAL,64.0,52.57
20/02/2024 21:00:00 - 20/02/2024 22:00:00,SCA|NO1,mFRR,Not Specified,Not Specified,MARGINAL,51.54,51.54
20/02/2024 22:00:00 - 20/02/2024 23:00:00,SCA|NO1,mFRR,Not Specified,Not Specified,MARGINAL,50.53,50.53
20/02/2024 23:00:00 - 21/02/2024 00:00:00,SCA|NO1,mFRR,Not Specified,Not Specified,MARGINAL,50.13,43.0
21/02/2024 00:00:00 - 21/02/2024 01:00:00,SCA|NO1,mFRR,Not Specified,Not Specified,MARGINAL,48.58,40.5
21/02/2024 01:00:00 - 21/02/2024 02:00:00,SCA|NO1,mFRR,Not Specified,Not Specified,MARGINAL,46.96,40.0
21/02/2024 02:00:00 - 21/02/2024 03:00:00,SCA|NO1,mFRR,Not Specified,Not Specified,MARGINAL,46.84,35.0
21/02/2024 03:00:00 - 21/02/2024 04:00:00,SCA|NO1,mFRR,Not Specified,Not Specified,MARGINAL,44.77,31.0
21/02/2024 04:00:00 - 21/02/2024 05:00:00,SCA|NO1,mFRR,Not Specified,Not Specified,MARGINAL,44.66,31.0
21/02/2024 05:00:00 - 21/02/2024 06:00:00,SCA|NO1,mFRR,Not Specified,Not Specified,MARGINAL,47.42,31.0
21/02/2024 06:00:00 - 21/02/2024 07:00:00,SCA|NO1,mFRR,Not Specified,Not Specified,MARGINAL,49.32,35.0
21/02/2024 07:00:00 - 21/02/2024 08:00:00,SCA|NO1,mFRR,Not Specified,Not Specified,MARGINAL,53.39,40.0
21/02/2024 08:00:00 - 21/02/2024 09:00:00,SCA|NO1,mFRR,Not Specified,Not Specified,MARGINAL,55.3,42.0
21/02/2024 09:00:00 - 21/02/2024 10:00:00,SCA|NO1,mFRR,Not Specified,Not Specified,MARGINAL,56.18,44.5
21/02/2024 10:00:00 - 21/02/2024 11:00:00,SCA|NO1,mFRR,Not Specified,Not Specified,MARGINAL,55.56,49.0
21/02/2024 11:00:00 - 21/02/2024 12:00:00,SCA|NO1,mFRR,Not Specified,Not Specified,MARGINAL,55.35,46.0
21/02/2024 12:00:00 - 21/02/2024 13:00:00,SCA|NO1,mFRR,Not Specified,Not Specified,MARGINAL,51.74,44.5
21/02/2024 13:00:00 - 21/02/2024 14:00:00,SCA|NO1,mFRR,Not Specified,Not Specified,MARGINAL,49.99,44.5
21/02/2024 14:00:00 - 21/02/2024 15:00:00,SCA|NO1,mFRR,Not Specified,Not Specified,MARGINAL,51.62,51.62
21/02/2024 15:00:00 - 21/02/2024 16:00:00,SCA|NO1,mFRR,Not Specified,Not Specified,MARGINAL,50.64,50.64
21/02/2024 16:00:00 - 21/02/2024 17:00:00,SCA|NO1,mFRR,Not Specified,Not Specified,MARGINAL,52.82,52.82
21/02/2024 17:00:00 - 21/02/2024 18:00:00,SCA|NO1,mFRR,Not Specified,Not Specified,MARGINAL,58.5,55.74
21/02/2024 18:00:00 - 21/02/2024 19:00:00,SCA|NO1,mFRR,Not Specified,Not Specified,MARGINAL,58.5,54.85
21/02/2024 19:00:00 - 21/02/2024 20:00:00,SCA|NO1,mFRR,Not Specified,Not Specified,MARGINAL,52.68,52.68
21/02/2024 20:00:00 - 21/02/2024 21:00:00,SCA|NO1,mFRR,Not Specified,Not Specified,MARGINAL,54.0,49.48
21/02/2024 21:00:00 - 21/02/2024 22:00:00,SCA|NO1,mFRR,Not Specified,Not Specified,,,
21/02/2024 22:00:00 - 21/02/2024 23:00:00,SCA|NO1,mFRR,Not Specified,Not Specified,MARGINAL,52.0,44.36
21/02/2024 23:00:00 - 22/02/2024 00:00:00,SCA|NO1,mFRR,Not Specified,Not Specified,MARGINAL,42.6,30.0
22/02/2024 00:00:00 - 22/02/2024 01:00:00,SCA|NO1,mFRR,Not Specified,Not Specified,MARGINAL,38.68,22.0
22/02/2024 01:00:00 - 22/02/2024 02:00:00,SCA|NO1,mFRR,Not Specified,Not Specified,MARGINAL,33.44,20.0
22/02/2024 02:00:00 - 22/02/2024 03:00:00,SCA|NO1,mFRR,Not Specified,Not Specified,MARGINAL,37.55,31.5
22/02/2024 03:00:00 - 22/02/2024 04:00:00,SCA|NO1,mFRR,Not Specified,Not Specified,MARGINAL,38.66,25.0
22/02/2024 04:00:00 - 22/02/2024 05:00:00,SCA|NO1,mFRR,Not Specified,Not Specified,MARGINAL,44.11,29.0
22/02/2024 05:00:00 - 22/02/2024 06:00:00,SCA|NO1,mFRR,Not Specified,Not Specified,MARGINAL,48.08,40.0
22/02/2024 06:00:00 - 22/02/2024 07:00:00,SCA|NO1,mFRR,Not Specified,Not Specified,MARGINAL,50.98,49.0
22/02/2024 07:00:00 - 22/02/2024 08:00:00,SCA|NO1,mFRR,Not Specified,Not Specified,MARGINAL,56.96,56.96
22/02/2024 08:00:00 - 22/02/2024 09:00:00,SCA|NO1,mFRR,Not Specified,Not Specified,MARGINAL,79.29,79.29
22/02/2024 09:00:00 - 22/02/2024 10:00:00,SCA|NO1,mFRR,Not Specified,Not Specified,MARGINAL,71.63,50.31
22/02/2024 10:00:00 - 22/02/2024 11:00:00,SCA|NO1,mFRR,Not Specified,Not Specified,MARGINAL,67.21,49.0
22/02/2024 11:00:00 - 22/02/2024 12:00:00,SCA|NO1,mFRR,Not Specified,Not Specified,MARGINAL,65.3,46.28
22/02/2024 12:00:00 - 22/02/2024 13:00:00,SCA|NO1,mFRR,Not Specified,Not Specified,MARGINAL,57.85,46.28
22/02/2024 13:00:00 - 22/02/2024 14:00:00,SCA|NO1,mFRR,Not Specified,Not Specified,MARGINAL,55.8,47.0
22/02/2024 14:00:00 - 22/02/2024 15:00:00,SCA|NO1,mFRR,Not Specified,Not Specified,MARGINAL,54.77,46.0
22/02/2024 15:00:00 - 22/02/2024 16:00:00,SCA|NO1,mFRR,Not Specified,Not Specified,MARGINAL,54.03,45.0
22/02/2024 16:00:00 - 22/02/2024 17:00:00,SCA|NO1,mFRR,Not Specified,Not Specified,MARGINAL,53.56,45.0
22/02/2024 17:00:00 - 22/02/2024 18:00:00,SCA|NO1,mFRR,Not Specified,Not Specified,MARGINAL,53.28,46.0
22/02/2024 18:00:00 - 22/02/2024 19:00:00,SCA|NO1,mFRR,Not Specified,Not Specified,MARGINAL,52.41,52.41
22/02/2024 19:00:00 - 22/02/2024 20:00:00,SCA|NO1,mFRR,Not Specified,Not Specified,MARGINAL,49.42,49.42
22/02/2024 20:00:00 - 22/02/2024 21:00:00,SCA|NO1,mFRR,Not Specified,Not Specified,MARGINAL,47.62,47.62
22/02/2024 21:00:00 - 22/02/2024 22:00:00,SCA|NO1,mFRR,Not Specified,Not Specified,MARGINAL,45.4,45.4
22/02/2024 22:00:00 - 22/02/2024 23:00:00,SCA|NO1,mFRR,Not Specified,Not Specified,MARGINAL,43.99,43.99
22/02/2024 23:00:00 - 23/02/2024 00:00:00,SCA|NO1,mFRR,Not Specified,Not Specified,MARGINAL,42.16,42.16
23/02/2024 00:00:00 - 23/02/2024 01:00:00,SCA|NO1,mFRR,Not Specified,Not Specified,MARGINAL,41.26,41.26
23/02/2024 01:00:00 - 23/02/2024 02:00:00,SCA|NO1,mFRR,Not Specified,Not Specified,MARGINAL,40.67,40.67
23/02/2024 02:00:00 - 23/02/2024 03:00:00,SCA|NO1,mFRR,Not Specified,Not Specified,MARGINAL,40.32,40.32
23/02/2024 03:00:00 - 23/02/2024 04:00:00,SCA|NO1,mFRR,Not Specified,Not Specified,MARGINAL,40.0,40.0
23/02/2024 04:00:00 - 23/02/2024 05:00:00,SCA|NO1,mFRR,Not Specified,Not Specified,MARGINAL,40.34,40.34
23/02/2024 05:00:00 - 23/02/2024 06:00:00,SCA|NO1,mFRR,Not Specified,Not Specified,MARGINAL,41.2,41.2
23/02/2024 06:00:00 - 23/02/2024 07:00:00,SCA|NO1,mFRR,Not Specified,Not Specified,MARGINAL,46.94,45.9
23/02/2024 07:00:00 - 23/02/2024 08:00:00,SCA|NO1,mFRR,Not Specified,Not Specified,MARGINAL,49.55,49.55
23/02/2024 08:00:00 - 23/02/2024 09:00:00,SCA|NO1,mFRR,Not Specified,Not Specified,MARGINAL,51.96,51.96
23/02/2024 09:00:00 - 23/02/2024 10:00:00,SCA|NO1,mFRR,Not Specified,Not Specified,MARGINAL,50.5,50.5
23/02/2024 10:00:00 - 23/02/2024 11:00:00,SCA|NO1,mFRR,Not Specified,Not Specified,MARGINAL,50.23,47.25
23/02/2024 11:00:00 - 23/02/2024 12:00:00,SCA|NO1,mFRR,Not Specified,Not Specified,MARGINAL,50.22,45.18
23/02/2024 12:00:00 - 23/02/2024 13:00:00,SCA|NO1,mFRR,Not Specified,Not Specified,MARGINAL,49.13,43.45
23/02/2024 13:00:00 - 23/02/2024 14:00:00,SCA|NO1,mFRR,Not Specified,Not Specified,MARGINAL,46.56,43.86
23/02/2024 14:00:00 - 23/02/2024 15:00:00,SCA|NO1,mFRR,Not Specified,Not Specified,MARGINAL,45.91,45.91
23/02/2024 15:00:00 - 23/02/2024 16:00:00,SCA|NO1,mFRR,Not Specified,Not Specified,MARGINAL,48.15,48.15
23/02/2024 16:00:00 - 23/02/2024 17:00:00,SCA|NO1,mFRR,Not Specified,Not Specified,MARGINAL,49.99,45.0
23/02/2024 17:00:00 - 23/02/2024 18:00:00,SCA|NO1,mFRR,Not Specified,Not Specified,MARGINAL,53.28,53.28
23/02/2024 18:00:00 - 23/02/2024 19:00:00,SCA|NO1,mFRR,Not Specified,Not Specified,MARGINAL,54.66,54.66
23/02/2024 19:00:00 - 23/02/2024 20:00:00,SCA|NO1,mFRR,Not Specified,Not Specified,MARGINAL,53.61,53.61
23/02/2024 20:00:00 - 23/02/2024 21:00:00,SCA|NO1,mFRR,Not Specified,Not Specified,MARGINAL,53.22,53.22
23/02/2024 21:00:00 - 23/02/2024 22:00:00,SCA|NO1,mFRR,Not Specified,Not Specified,MARGINAL,53.16,53.16
23/02/2024 22:00:00 - 23/02/2024 23:00:00,SCA|NO1,mFRR,Not Specified,Not Specified,MARGINAL,53.28,53.28
23/02/2024 23:00:00 - 24/02/2024 00:00:00,SCA|NO1,mFRR,Not Specified,Not Specified,MARGINAL,53.25,53.25
24/02/2024 00:00:00 - 24/02/2024 01:00:00,SCA|NO1,mFRR,Not Specified,Not Specified,MARGINAL,53.97,44.5
24/02/2024 01:00:00 - 24/02/2024 02:00:00,SCA|NO1,mFRR,Not Specified,Not Specified,MARGINAL,53.52,44.5
24/02/2024 02:00:00 - 24/02/2024 03:00:00,SCA|NO1,mFRR,Not Specified,Not Specified,MARGINAL,53.48,44.5
24/02/2024 03:00:00 - 24/02/2024 04:00:00,SCA|NO1,mFRR,Not Specified,Not Specified,MARGINAL,53.43,44.5
24/02/2024 04:00:00 - 24/02/2024 05:00:00,SCA|NO1,mFRR,Not Specified,Not Specified,MARGINAL,53.49,44.5
24/02/2024 05:00:00 - 24/02/2024 06:00:00,SCA|NO1,mFRR,Not Specified,Not Specified,MARGINAL,53.92,44.5
24/02/2024 06:00:00 - 24/02/2024 07:00:00,SCA|NO1,mFRR,Not Specified,Not Specified,MARGINAL,53.95,46.0
24/02/2024 07:00:00 - 24/02/2024 08:00:00,SCA|NO1,mFRR,Not Specified,Not Specified,MARGINAL,54.61,46.0
24/02/2024 08:00:00 - 24/02/2024 09:00:00,SCA|NO1,mFRR,Not Specified,Not Specified,MARGINAL,54.69,50.5
24/02/2024 09:00:00 - 24/02/2024 10:00:00,SCA|NO1,mFRR,Not Specified,Not Specified,MARGINAL,61.0,52.66
24/02/2024 10:00:00 - 24/02/2024 11:00:00,SCA|NO1,mFRR,Not Specified,Not Specified,MARGINAL,59.0,49.99
24/02/2024 11:00:00 - 24/02/2024 12:00:00,SCA|NO1,mFRR,Not Specified,Not Specified,MARGINAL,55.0,47.61
24/02/2024 12:00:00 - 24/02/2024 13:00:00,SCA|NO1,mFRR,Not Specified,Not Specified,MARGINAL,52.0,45.2
24/02/2024 13:00:00 - 24/02/2024 14:00:00,SCA|NO1,mFRR,Not Specified,Not Specified,MARGINAL,50.0,43.38
24/02/2024 14:00:00 - 24/02/2024 15:00:00,SCA|NO1,mFRR,Not Specified,Not Specified,MARGINAL,46.28,46.28
24/02/2024 15:00:00 - 24/02/2024 16:00:00,SCA|NO1,mFRR,Not Specified,Not Specified,MARGINAL,49.14,49.14
24/02/2024 16:00:00 - 24/02/2024 17:00:00,SCA|NO1,mFRR,Not Specified,Not Specified,MARGINAL,51.7,51.7
24/02/2024 17:00:00 - 24/02/2024 18:00:00,SCA|NO1,mFRR,Not Specified,Not Specified,MARGINAL,56.58,56.58
24/02/2024 18:00:00 - 24/02/2024 19:00:00,SCA|NO1,mFRR,Not Specified,Not Specified,MARGINAL,72.83,72.83
24/02/2024 19:00:00 - 24/02/2024 20:00:00,SCA|NO1,mFRR,Not Specified,Not Specified,MARGINAL,58.98,50.0
24/02/2024 20:00:00 - 24/02/2024 21:00:00,SCA|NO1,mFRR,Not Specified,Not Specified,MARGINAL,56.03,50.0
24/02/2024 21:00:00 - 24/02/2024 22:00:00,SCA|NO1,mFRR,Not Specified,Not Specified,MARGINAL,54.99,50.0
24/02/2024 22:00:00 - 24/02/2024 23:00:00,SCA|NO1,mFRR,Not Specified,Not Specified,MARGINAL,53.22,50.0
24/02/2024 23:00:00 - 25/02/2024 00:00:00,SCA|NO1,mFRR,Not Specified,Not Specified,MARGINAL,51.85,45.0
25/02/2024 00:00:00 - 25/02/2024 01:00:00,SCA|NO1,mFRR,Not Specified,Not Specified,MARGINAL,54.7,50.0
25/02/2024 01:00:00 - 25/02/2024 02:00:00,SCA|NO1,mFRR,Not Specified,Not Specified,MARGINAL,53.72,50.0
25/02/2024 02:00:00 - 25/02/2024 03:00:00,SCA|NO1,mFRR,Not Specified,Not Specified,MARGINAL,53.67,47.0
25/02/2024 03:00:00 - 25/02/2024 04:00:00,SCA|NO1,mFRR,Not Specified,Not Specified,MARGINAL,53.19,46.5
25/02/2024 04:00:00 - 25/02/2024 05:00:00,SCA|NO1,mFRR,Not Specified,Not Specified,MARGINAL,53.48,44.5
25/02/2024 05:00:00 - 25/02/2024 06:00:00,SCA|NO1,mFRR,Not Specified,Not Specified,MARGINAL,53.36,43.35
25/02/2024 06:00:00 - 25/02/2024 07:00:00,SCA|NO1,mFRR,Not Specified,Not Specified,MARGINAL,54.95,44.5
25/02/2024 07:00:00 - 25/02/2024 08:00:00,SCA|NO1,mFRR,Not Specified,Not Specified,MARGINAL,55.45,42.0
25/02/2024 08:00:00 - 25/02/2024 09:00:00,SCA|NO1,mFRR,Not Specified,Not Specified,MARGINAL,56.87,42.0
25/02/2024 09:00:00 - 25/02/2024 10:00:00,SCA|NO1,mFRR,Not Specified,Not Specified,MARGINAL,58.08,42.0
25/02/2024 10:00:00 - 25/02/2024 11:00:00,SCA|NO1,mFRR,Not Specified,Not Specified,MARGINAL,55.02,42.93
25/02/2024 11:00:00 - 25/02/2024 12:00:00,SCA|NO1,mFRR,Not Specified,Not Specified,MARGINAL,52.9,43.0
25/02/2024 12:00:00 - 25/02/2024 13:00:00,SCA|NO1,mFRR,Not Specified,Not Specified,MARGINAL,49.81,43.0
25/02/2024 13:00:00 - 25/02/2024 14:00:00,SCA|NO1,mFRR,Not Specified,Not Specified,MARGINAL,48.22,43.0
25/02/2024 14:00:00 - 25/02/2024 15:00:00,SCA|NO1,mFRR,Not Specified,Not Specified,MARGINAL,51.17,43.0
25/02/2024 15:00:00 - 25/02/2024 16:00:00,SCA|NO1,mFRR,Not Specified,Not Specified,MARGINAL,53.44,47.0
25/02/2024 16:00:00 - 25/02/2024 17:00:00,SCA|NO1,mFRR,Not Specified,Not Specified,MARGINAL,58.99,47.0
25/02/2024 17:00:00 - 25/02/2024 18:00:00,SCA|NO1,mFRR,Not Specified,Not Specified,MARGINAL,79.64,52.0
25/02/2024 18:00:00 - 25/02/2024 19:00:00,SCA|NO1,mFRR,Not Specified,Not Specified,MARGINAL,90.79,54.0
25/02/2024 19:00:00 - 25/02/2024 20:00:00,SCA|NO1,mFRR,Not Specified,Not Specified,MARGINAL,73.17,51.0
25/02/2024 20:00:00 - 25/02/2024 21:00:00,SCA|NO1,mFRR,Not Specified,Not Specified,MARGINAL,63.65,51.0
25/02/2024 21:00:00 - 25/02/2024 22:00:00,SCA|NO1,mFRR,Not Specified,Not Specified,MARGINAL,59.35,51.0
25/02/2024 22:00:00 - 25/02/2024 23:00:00,SCA|NO1,mFRR,Not Specified,Not Specified,MARGINAL,55.98,51.0
25/02/2024 23:00:00 - 26/02/2024 00:00:00,SCA|NO1,mFRR,Not Specified,Not Specified,MARGINAL,55.25,50.0
26/02/2024 00:00:00 - 26/02/2024 01:00:00,SCA|NO1,mFRR,Not Specified,Not Specified,MARGINAL,55.98,50.0
26/02/2024 01:00:00 - 26/02/2024 02:00:00,SCA|NO1,mFRR,Not Specified,Not Specified,MARGINAL,55.0,50.0
26/02/2024 02:00:00 - 26/02/2024 03:00:00,SCA|NO1,mFRR,Not Specified,Not Specified,MARGINAL,53.87,50.5
26/02/2024 03:00:00 - 26/02/2024 04:00:00,SCA|NO1,mFRR,Not Specified,Not Specified,MARGINAL,50.3,50.3
26/02/2024 04:00:00 - 26/02/2024 05:00:00,SCA|NO1,mFRR,Not Specified,Not Specified,MARGINAL,51.75,51.75
26/02/2024 05:00:00 - 26/02/2024 06:00:00,SCA|NO1,mFRR,Not Specified,Not Specified,MARGINAL,54.93,54.93
26/02/2024 06:00:00 - 26/02/2024 07:00:00,SCA|NO1,mFRR,Not Specified,Not Specified,MARGINAL,55.12,55.12
26/02/2024 07:00:00 - 26/02/2024 08:00:00,SCA|NO1,mFRR,Not Specified,Not Specified,MARGINAL,65.1,51.5
26/02/2024 08:00:00 - 26/02/2024 09:00:00,SCA|NO1,mFRR,Not Specified,Not Specified,MARGINAL,79.23,52.19
26/02/2024 09:00:00 - 26/02/2024 10:00:00,SCA|NO1,mFRR,Not Specified,Not Specified,MARGINAL,71.54,71.54
26/02/2024 10:00:00 - 26/02/2024 11:00:00,SCA|NO1,mFRR,Not Specified,Not Specified,MARGINAL,64.59,64.59
26/02/2024 11:00:00 - 26/02/2024 12:00:00,SCA|NO1,mFRR,Not Specified,Not Specified,MARGINAL,62.52,51.5
26/02/2024 12:00:00 - 26/02/2024 13:00:00,SCA|NO1,mFRR,Not Specified,Not Specified,MARGINAL,56.61,56.61
26/02/2024 13:00:00 - 26/02/2024 14:00:00,SCA|NO1,mFRR,Not Specified,Not Specified,MARGINAL,56.33,51.5
26/02/2024 14:00:00 - 26/02/2024 15:00:00,SCA|NO1,mFRR,Not Specified,Not Specified,MARGINAL,58.98,46.76
26/02/2024 15:00:00 - 26/02/2024 16:00:00,SCA|NO1,mFRR,Not Specified,Not Specified,MARGINAL,59.35,46.54
26/02/2024 16:00:00 - 26/02/2024 17:00:00,SCA|NO1,mFRR,Not Specified,Not Specified,MARGINAL,62.45,50.0
26/02/2024 17:00:00 - 26/02/2024 18:00:00,SCA|NO1,mFRR,Not Specified,Not Specified,MARGINAL,74.61,48.5
26/02/2024 18:00:00 - 26/02/2024 19:00:00,SCA|NO1,mFRR,Not Specified,Not Specified,MARGINAL,82.67,50.0
26/02/2024 19:00:00 - 26/02/2024 20:00:00,SCA|NO1,mFRR,Not Specified,Not Specified,MARGINAL,78.5,50.3
26/02/2024 20:00:00 - 26/02/2024 21:00:00,SCA|NO1,mFRR,Not Specified,Not Specified,MARGINAL,69.98,51.0
26/02/2024 21:00:00 - 26/02/2024 22:00:00,SCA|NO1,mFRR,Not Specified,Not Specified,MARGINAL,63.65,51.0
26/02/2024 22:00:00 - 26/02/2024 23:00:00,SCA|NO1,mFRR,Not Specified,Not Specified,MARGINAL,59.95,52.0
26/02/2024 23:00:00 - 27/02/2024 00:00:00,SCA|NO1,mFRR,Not Specified,Not Specified,MARGINAL,58.88,58.88
27/02/2024 00:00:00 - 27/02/2024 01:00:00,SCA|NO1,mFRR,Not Specified,Not Specified,MARGINAL,55.83,51.0
27/02/2024 01:00:00 - 27/02/2024 02:00:00,SCA|NO1,mFRR,Not Specified,Not Specified,MARGINAL,55.65,50.0
27/02/2024 02:00:00 - 27/02/2024 03:00:00,SCA|NO1,mFRR,Not Specified,Not Specified,MARGINAL,55.51,48.0
27/02/2024 03:00:00 - 27/02/2024 04:00:00,SCA|NO1,mFRR,Not Specified,Not Specified,MARGINAL,55.05,46.0
27/02/2024 04:00:00 - 27/02/2024 05:00:00,SCA|NO1,mFRR,Not Specified,Not Specified,MARGINAL,54.96,46.0
27/02/2024 05:00:00 - 27/02/2024 06:00:00,SCA|NO1,mFRR,Not Specified,Not Specified,MARGINAL,55.68,46.0
27/02/2024 06:00:00 - 27/02/2024 07:00:00,SCA|NO1,mFRR,Not Specified,Not Specified,MARGINAL,60.12,47.0
27/02/2024 07:00:00 - 27/02/2024 08:00:00,SCA|NO1,mFRR,Not Specified,Not Specified,MARGINAL,92.67,51.5
27/02/2024 08:00:00 - 27/02/2024 09:00:00,SCA|NO1,mFRR,Not Specified,Not Specified,MARGINAL,92.81,51.5
27/02/2024 09:00:00 - 27/02/2024 10:00:00,SCA|NO1,mFRR,Not Specified,Not Specified,MARGINAL,78.3,56.0
27/02/2024 10:00:00 - 27/02/2024 11:00:00,SCA|NO1,mFRR,Not Specified,Not Specified,MARGINAL,76.0,66.58
27/02/2024 11:00:00 - 27/02/2024 12:00:00,SCA|NO1,mFRR,Not Specified,Not Specified,MARGINAL,76.0,62.92
27/02/2024 12:00:00 - 27/02/2024 13:00:00,SCA|NO1,mFRR,Not Specified,Not Specified,MARGINAL,73.0,57.42
27/02/2024 13:00:00 - 27/02/2024 14:00:00,SCA|NO1,mFRR,Not Specified,Not Specified,MARGINAL,60.0,57.41
27/02/2024 14:00:00 - 27/02/2024 15:00:00,SCA|NO1,mFRR,Not Specified,Not Specified,MARGINAL,60.0,56.01
27/02/2024 15:00:00 - 27/02/2024 16:00:00,SCA|NO1,mFRR,Not Specified,Not Specified,MARGINAL,65.0,57.01
27/02/2024 16:00:00 - 27/02/2024 17:00:00,SCA|NO1,mFRR,Not Specified,Not Specified,MARGINAL,65.0,59.25
27/02/2024 17:00:00 - 27/02/2024 18:00:00,SCA|NO1,mFRR,Not Specified,Not Specified,MARGINAL,65.0,59.96
27/02/2024 18:00:00 - 27/02/2024 19:00:00,SCA|NO1,mFRR,Not Specified,Not Specified,MARGINAL,61.0,59.96
27/02/2024 19:00:00 - 27/02/2024 20:00:00,SCA|NO1,mFRR,Not Specified,Not Specified,MARGINAL,60.5,58.67
27/02/2024 20:00:00 - 27/02/2024 21:00:00,SCA|NO1,mFRR,Not Specified,Not Specified,MARGINAL,56.13,56.13
27/02/2024 21:00:00 - 27/02/2024 22:00:00,SCA|NO1,mFRR,Not Specified,Not Specified,MARGINAL,56.81,56.81
27/02/2024 22:00:00 - 27/02/2024 23:00:00,SCA|NO1,mFRR,Not Specified,Not Specified,MARGINAL,56.05,56.05
27/02/2024 23:00:00 - 28/02/2024 00:00:00,SCA|NO1,mFRR,Not Specified,Not Specified,MARGINAL,55.18,55.18
28/02/2024 00:00:00 - 28/02/2024 01:00:00,SCA|NO1,mFRR,Not Specified,Not Specified,MARGINAL,53.15,53.15
28/02/2024 01:00:00 - 28/02/2024 02:00:00,SCA|NO1,mFRR,Not Specified,Not Specified,MARGINAL,52.35,52.35
28/02/2024 02:00:00 - 28/02/2024 03:00:00,SCA|NO1,mFRR,Not Specified,Not Specified,MARGINAL,53.61,53.61
28/02/2024 03:00:00 - 28/02/2024 04:00:00,SCA|NO1,mFRR,Not Specified,Not Specified,MARGINAL,52.0,47.0
28/02/2024 04:00:00 - 28/02/2024 05:00:00,SCA|NO1,mFRR,Not Specified,Not Specified,MARGINAL,52.0,46.0
28/02/2024 05:00:00 - 28/02/2024 06:00:00,SCA|NO1,mFRR,Not Specified,Not Specified,MARGINAL,53.73,45.0
28/02/2024 06:00:00 - 28/02/2024 07:00:00,SCA|NO1,mFRR,Not Specified,Not Specified,MARGINAL,54.71,45.0
28/02/2024 07:00:00 - 28/02/2024 08:00:00,SCA|NO1,mFRR,Not Specified,Not Specified,MARGINAL,60.09,60.09
28/02/2024 08:00:00 - 28/02/2024 09:00:00,SCA|NO1,mFRR,Not Specified,Not Specified,MARGINAL,57.48,57.48
28/02/2024 09:00:00 - 28/02/2024 10:00:00,SCA|NO1,mFRR,Not Specified,Not Specified,MARGINAL,55.43,55.43
28/02/2024 10:00:00 - 28/02/2024 11:00:00,SCA|NO1,mFRR,Not Specified,Not Specified,MARGINAL,54.09,54.09
28/02/2024 11:00:00 - 28/02/2024 12:00:00,SCA|NO1,mFRR,Not Specified,Not Specified,MARGINAL,53.05,53.05
28/02/2024 12:00:00 - 28/02/2024 13:00:00,SCA|NO1,mFRR,Not Specified,Not Specified,MARGINAL,52.51,50.0
28/02/2024 13:00:00 - 28/02/2024 14:00:00,SCA|NO1,mFRR,Not Specified,Not Specified,MARGINAL,51.57,50.0
28/02/2024 14:00:00 - 28/02/2024 15:00:00,SCA|NO1,mFRR,Not Specified,Not Specified,MARGINAL,51.09,49.0
28/02/2024 15:00:00 - 28/02/2024 16:00:00,SCA|NO1,mFRR,Not Specified,Not Specified,MARGINAL,52.12,49.0
28/02/2024 16:00:00 - 28/02/2024 17:00:00,SCA|NO1,mFRR,Not Specified,Not Specified,MARGINAL,56.28,56.28
28/02/2024 17:00:00 - 28/02/2024 18:00:00,SCA|NO1,mFRR,Not Specified,Not Specified,MARGINAL,57.34,57.34
28/02/2024 18:00:00 - 28/02/2024 19:00:00,SCA|NO1,mFRR,Not Specified,Not Specified,MARGINAL,56.53,50.0
28/02/2024 19:00:00 - 28/02/2024 20:00:00,SCA|NO1,mFRR,Not Specified,Not Specified,MARGINAL,55.49,50.0
28/02/2024 20:00:00 - 28/02/2024 21:00:00,SCA|NO1,mFRR,Not Specified,Not Specified,MARGINAL,53.95,50.0
28/02/2024 21:00:00 - 28/02/2024 22:00:00,SCA|NO1,mFRR,Not Specified,Not Specified,MARGINAL,52.27,52.27
28/02/2024 22:00:00 - 28/02/2024 23:00:00,SCA|NO1,mFRR,Not Specified,Not Specified,MARGINAL,49.89,49.89
28/02/2024 23:00:00 - 29/02/2024 00:00:00,SCA|NO1,mFRR,Not Specified,Not Specified,MARGINAL,47.36,47.36
29/02/2024 00:00:00 - 29/02/2024 01:00:00,SCA|NO1,mFRR,Not Specified,Not Specified,MARGINAL,50.33,39.0
29/02/2024 01:00:00 - 29/02/2024 02:00:00,SCA|NO1,mFRR,Not Specified,Not Specified,MARGINAL,49.25,39.0
29/02/2024 02:00:00 - 29/02/2024 03:00:00,SCA|NO1,mFRR,Not Specified,Not Specified,MARGINAL,48.1,33.5
29/02/2024 03:00:00 - 29/02/2024 04:00:00,SCA|NO1,mFRR,Not Specified,Not Specified,MARGINAL,45.15,33.5
29/02/2024 04:00:00 - 29/02/2024 05:00:00,SCA|NO1,mFRR,Not Specified,Not Specified,MARGINAL,43.49,34.0
29/02/2024 05:00:00 - 29/02/2024 06:00:00,SCA|NO1,mFRR,Not Specified,Not Specified,MARGINAL,45.32,38.5
29/02/2024 06:00:00 - 29/02/2024 07:00:00,SCA|NO1,mFRR,Not Specified,Not Specified,MARGINAL,47.07,36.0
29/02/2024 07:00:00 - 29/02/2024 08:00:00,SCA|NO1,mFRR,Not Specified,Not Specified,MARGINAL,47.24,36.5
29/02/2024 08:00:00 - 29/02/2024 09:00:00,SCA|NO1,mFRR,Not Specified,Not Specified,MARGINAL,49.21,40.0
29/02/2024 09:00:00 - 29/02/2024 10:00:00,SCA|NO1,mFRR,Not Specified,Not Specified,MARGINAL,49.74,41.0
29/02/2024 10:00:00 - 29/02/2024 11:00:00,SCA|NO1,mFRR,Not Specified,Not Specified,MARGINAL,50.0,42.0
29/02/2024 11:00:00 - 29/02/2024 12:00:00,SCA|NO1,mFRR,Not Specified,Not Specified,MARGINAL,51.37,43.5
29/02/2024 12:00:00 - 29/02/2024 13:00:00,SCA|NO1,mFRR,Not Specified,Not Specified,MARGINAL,50.89,42.0
29/02/2024 13:00:00 - 29/02/2024 14:00:00,SCA|NO1,mFRR,Not Specified,Not Specified,MARGINAL,50.6,45.0
29/02/2024 14:00:00 - 29/02/2024 15:00:00,SCA|NO1,mFRR,Not Specified,Not Specified,MARGINAL,49.36,45.0
29/02/2024 15:00:00 - 29/02/2024 16:00:00,SCA|NO1,mFRR,Not Specified,Not Specified,MARGINAL,49.91,45.0
29/02/2024 16:00:00 - 29/02/2024 17:00:00,SCA|NO1,mFRR,Not Specified,Not Specified,MARGINAL,51.25,45.0
29/02/2024 17:00:00 - 29/02/2024 18:00:00,SCA|NO1,mFRR,Not Specified,Not Specified,MARGINAL,55.87,53.0
29/02/2024 18:00:00 - 29/02/2024 19:00:00,SCA|NO1,mFRR,Not Specified,Not Specified,,,
29/02/2024 19:00:00 - 29/02/2024 20:00:00,SCA|NO1,mFRR,Not Specified,Not Specified,MARGINAL,54.0,54.0
29/02/2024 20:00:00 - 29/02/2024 21:00:00,SCA|NO1,mFRR,Not Specified,Not Specified,MARGINAL,52.57,52.57
29/02/2024 21:00:00 - 29/02/2024 22:00:00,SCA|NO1,mFRR,Not Specified,Not Specified,MARGINAL,51.58,48.0
29/02/2024 22:00:00 - 29/02/2024 23:00:00,SCA|NO1,mFRR,Not Specified,Not Specified,MARGINAL,51.1,51.1
29/02/2024 23:00:00 - 01/03/2024 00:00:00,SCA|NO1,mFRR,Not Specified,Not Specified,MARGINAL,50.35,50.35
01/03/2024 00:00:00 - 01/03/2024 01:00:00,SCA|NO1,mFRR,Not Specified,Not Specified,MARGINAL,52.33,52.33
01/03/2024 01:00:00 - 01/03/2024 02:00:00,SCA|NO1,mFRR,Not Specified,Not Specified,MARGINAL,51.51,51.51
01/03/2024 02:00:00 - 01/03/2024 03:00:00,SCA|NO1,mFRR,Not Specified,Not Specified,MARGINAL,51.95,51.95
01/03/2024 03:00:00 - 01/03/2024 04:00:00,SCA|NO1,mFRR,Not Specified,Not Specified,MARGINAL,51.91,51.91
01/03/2024 04:00:00 - 01/03/2024 05:00:00,SCA|NO1,mFRR,Not Specified,Not Specified,MARGINAL,52.03,52.03
01/03/2024 05:00:00 - 01/03/2024 06:00:00,SCA|NO1,mFRR,Not Specified,Not Specified,MARGINAL,52.52,52.52
01/03/2024 06:00:00 - 01/03/2024 07:00:00,SCA|NO1,mFRR,Not Specified,Not Specified,MARGINAL,54.46,54.46
01/03/2024 07:00:00 - 01/03/2024 08:00:00,SCA|NO1,mFRR,Not Specified,Not Specified,MARGINAL,57.15,57.15
01/03/2024 08:00:00 - 01/03/2024 09:00:00,SCA|NO1,mFRR,Not Specified,Not Specified,MARGINAL,58.2,58.2
01/03/2024 09:00:00 - 01/03/2024 10:00:00,SCA|NO1,mFRR,Not Specified,Not Specified,MARGINAL,58.21,58.21
01/03/2024 10:00:00 - 01/03/2024 11:00:00,SCA|NO1,mFRR,Not Specified,Not Specified,MARGINAL,58.2,58.2
01/03/2024 11:00:00 - 01/03/2024 12:00:00,SCA|NO1,mFRR,Not Specified,Not Specified,MARGINAL,56.3,56.3
01/03/2024 12:00:00 - 01/03/2024 13:00:00,SCA|NO1,mFRR,Not Specified,Not Specified,MARGINAL,54.33,54.33
01/03/2024 13:00:00 - 01/03/2024 14:00:00,SCA|NO1,mFRR,Not Specified,Not Specified,MARGINAL,56.6,52.5
01/03/2024 14:00:00 - 01/03/2024 15:00:00,SCA|NO1,mFRR,Not Specified,Not Specified,MARGINAL,61.35,53.0
01/03/2024 15:00:00 - 01/03/2024 16:00:00,SCA|NO1,mFRR,Not Specified,Not Specified,MARGINAL,63.1,54.0
01/03/2024 16:00:00 - 01/03/2024 17:00:00,SCA|NO1,mFRR,Not Specified,Not Specified,MARGINAL,61.93,53.0
01/03/2024 17:00:00 - 01/03/2024 18:00:00,SCA|NO1,mFRR,Not Specified,Not Specified,MARGINAL,63.11,63.11
01/03/2024 18:00:00 - 01/03/2024 19:00:00,SCA|NO1,mFRR,Not Specified,Not Specified,MARGINAL,62.37,62.37
01/03/2024 19:00:00 - 01/03/2024 20:00:00,SCA|NO1,mFRR,Not Specified,Not Specified,MARGINAL,61.79,61.79
01/03/2024 20:00:00 - 01/03/2024 21:00:00,SCA|NO1,mFRR,Not Specified,Not Specified,MARGINAL,60.05,60.05
01/03/2024 21:00:00 - 01/03/2024 22:00:00,SCA|NO1,mFRR,Not Specified,Not Specified,MARGINAL,58.71,58.71
01/03/2024 22:00:00 - 01/03/2024 23:00:00,SCA|NO1,mFRR,Not Specified,Not Specified,MARGINAL,56.36,56.36
01/03/2024 23:00:00 - 02/03/2024 00:00:00,SCA|NO1,mFRR,Not Specified,Not Specified,,,
02/03/2024 00:00:00 - 02/03/2024 01:00:00,SCA|NO1,mFRR,Not Specified,Not Specified,MARGINAL,57.36,57.36
02/03/2024 01:00:00 - 02/03/2024 02:00:00,SCA|NO1,mFRR,Not Specified,Not Specified,MARGINAL,54.96,54.96
02/03/2024 02:00:00 - 02/03/2024 03:00:00,SCA|NO1,mFRR,Not Specified,Not Specified,MARGINAL,54.34,54.34
02/03/2024 03:00:00 - 02/03/2024 04:00:00,SCA|NO1,mFRR,Not Specified,Not Specified,MARGINAL,53.88,53.88
02/03/2024 04:00:00 - 02/03/2024 05:00:00,SCA|NO1,mFRR,Not Specified,Not Specified,MARGINAL,53.37,53.37
02/03/2024 05:00:00 - 02/03/2024 06:00:00,SCA|NO1,mFRR,Not Specified,Not Specified,MARGINAL,54.25,54.25
02/03/2024 06:00:00 - 02/03/2024 07:00:00,SCA|NO1,mFRR,Not Specified,Not Specified,MARGINAL,54.97,54.97
02/03/2024 07:00:00 - 02/03/2024 08:00:00,SCA|NO1,mFRR,Not Specified,Not Specified,MARGINAL,57.1,57.1
02/03/2024 08:00:00 - 02/03/2024 09:00:00,SCA|NO1,mFRR,Not Specified,Not Specified,MARGINAL,58.02,58.02
02/03/2024 09:00:00 - 02/03/2024 10:00:00,SCA|NO1,mFRR,Not Specified,Not Specified,MARGINAL,58.67,58.67
02/03/2024 10:00:00 - 02/03/2024 11:00:00,SCA|NO1,mFRR,Not Specified,Not Specified,MARGINAL,63.0,58.34
02/03/2024 11:00:00 - 02/03/2024 12:00:00,SCA|NO1,mFRR,Not Specified,Not Specified,MARGINAL,63.0,56.85
02/03/2024 12:00:00 - 02/03/2024 13:00:00,SCA|NO1,mFRR,Not Specified,Not Specified,MARGINAL,55.0,45.0
02/03/2024 13:00:00 - 02/03/2024 14:00:00,SCA|NO1,mFRR,Not Specified,Not Specified,MARGINAL,54.81,45.0
02/03/2024 14:00:00 - 02/03/2024 15:00:00,SCA|NO1,mFRR,Not Specified,Not Specified,MARGINAL,56.73,49.0
02/03/2024 15:00:00 - 02/03/2024 16:00:00,SCA|NO1,mFRR,Not Specified,Not Specified,MARGINAL,58.58,58.58
02/03/2024 16:00:00 - 02/03/2024 17:00:00,SCA|NO1,mFRR,Not Specified,Not Specified,MARGINAL,67.0,59.19
02/03/2024 17:00:00 - 02/03/2024 18:00:00,SCA|NO1,mFRR,Not Specified,Not Specified,MARGINAL,70.0,63.07
02/03/2024 18:00:00 - 02/03/2024 19:00:00,SCA|NO1,mFRR,Not Specified,Not Specified,MARGINAL,69.0,63.93
02/03/2024 19:00:00 - 02/03/2024 20:00:00,SCA|NO1,mFRR,Not Specified,Not Specified,MARGINAL,67.0,60.42
02/03/2024 20:00:00 - 02/03/2024 21:00:00,SCA|NO1,mFRR,Not Specified,Not Specified,MARGINAL,60.51,58.55
02/03/2024 21:00:00 - 02/03/2024 22:00:00,SCA|NO1,mFRR,Not Specified,Not Specified,MARGINAL,60.57,58.24
02/03/2024 22:00:00 - 02/03/2024 23:00:00,SCA|NO1,mFRR,Not Specified,Not Specified,MARGINAL,60.0,57.34
02/03/2024 23:00:00 - 03/03/2024 00:00:00,SCA|NO1,mFRR,Not Specified,Not Specified,MARGINAL,54.99,54.99
03/03/2024 00:00:00 - 03/03/2024 01:00:00,SCA|NO1,mFRR,Not Specified,Not Specified,MARGINAL,54.5,54.5
03/03/2024 01:00:00 - 03/03/2024 02:00:00,SCA|NO1,mFRR,Not Specified,Not Specified,MARGINAL,53.63,53.63
03/03/2024 02:00:00 - 03/03/2024 03:00:00,SCA|NO1,mFRR,Not Specified,Not Specified,MARGINAL,53.8,53.8
03/03/2024 03:00:00 - 03/03/2024 04:00:00,SCA|NO1,mFRR,Not Specified,Not Specified,MARGINAL,53.98,46.28
03/03/2024 04:00:00 - 03/03/2024 05:00:00,SCA|NO1,mFRR,Not Specified,Not Specified,MARGINAL,53.71,46.28
03/03/2024 05:00:00 - 03/03/2024 06:00:00,SCA|NO1,mFRR,Not Specified,Not Specified,MARGINAL,54.21,54.21
03/03/2024 06:00:00 - 03/03/2024 07:00:00,SCA|NO1,mFRR,Not Specified,Not Specified,MARGINAL,54.66,54.66
03/03/2024 07:00:00 - 03/03/2024 08:00:00,SCA|NO1,mFRR,Not Specified,Not Specified,MARGINAL,55.51,47.0
03/03/2024 08:00:00 - 03/03/2024 09:00:00,SCA|NO1,mFRR,Not Specified,Not Specified,MARGINAL,54.77,46.0
03/03/2024 09:00:00 - 03/03/2024 10:00:00,SCA|NO1,mFRR,Not Specified,Not Specified,MARGINAL,53.99,44.0
03/03/2024 10:00:00 - 03/03/2024 11:00:00,SCA|NO1,mFRR,Not Specified,Not Specified,MARGINAL,53.46,46.95
03/03/2024 11:00:00 - 03/03/2024 12:00:00,SCA|NO1,mFRR,Not Specified,Not Specified,MARGINAL,51.04,47.0
03/03/2024 12:00:00 - 03/03/2024 13:00:00,SCA|NO1,mFRR,Not Specified,Not Specified,MARGINAL,48.93,48.93
03/03/2024 13:00:00 - 03/03/2024 14:00:00,SCA|NO1,mFRR,Not Specified,Not Specified,MARGINAL,46.89,41.0
03/03/2024 14:00:00 - 03/03/2024 15:00:00,SCA|NO1,mFRR,Not Specified,Not Specified,MARGINAL,50.26,50.26
03/03/2024 15:00:00 - 03/03/2024 16:00:00,SCA|NO1,mFRR,Not Specified,Not Specified,MARGINAL,54.34,54.34
03/03/2024 16:00:00 - 03/03/2024 17:00:00,SCA|NO1,mFRR,Not Specified,Not Specified,MARGINAL,58.35,50.0
03/03/2024 17:00:00 - 03/03/2024 18:00:00,SCA|NO1,mFRR,Not Specified,Not Specified,MARGINAL,62.9,54.0
03/03/2024 18:00:00 - 03/03/2024 19:00:00,SCA|NO1,mFRR,Not Specified,Not Specified,MARGINAL,63.36,54.0
03/03/2024 19:00:00 - 03/03/2024 20:00:00,SCA|NO1,mFRR,Not Specified,Not Specified,MARGINAL,61.14,49.5
03/03/2024 20:00:00 - 03/03/2024 21:00:00,SCA|NO1,mFRR,Not Specified,Not Specified,MARGINAL,59.79,49.5
03/03/2024 21:00:00 - 03/03/2024 22:00:00,SCA|NO1,mFRR,Not Specified,Not Specified,MARGINAL,58.86,48.0
03/03/2024 22:00:00 - 03/03/2024 23:00:00,SCA|NO1,mFRR,Not Specified,Not Specified,MARGINAL,58.32,48.0
03/03/2024 23:00:00 - 04/03/2024 00:00:00,SCA|NO1,mFRR,Not Specified,Not Specified,MARGINAL,57.93,48.5
04/03/2024 00:00:00 - 04/03/2024 01:00:00,SCA|NO1,mFRR,Not Specified,Not Specified,MARGINAL,58.49,50.0
04/03/2024 01:00:00 - 04/03/2024 02:00:00,SCA|NO1,mFRR,Not Specified,Not Specified,MARGINAL,58.81,50.0
04/03/2024 02:00:00 - 04/03/2024 03:00:00,SCA|NO1,mFRR,Not Specified,Not Specified,MARGINAL,58.7,50.0
04/03/2024 03:00:00 - 04/03/2024 04:00:00,SCA|NO1,mFRR,Not Specified,Not Specified,MARGINAL,58.8,51.0
04/03/2024 04:00:00 - 04/03/2024 05:00:00,SCA|NO1,mFRR,Not Specified,Not Specified,MARGINAL,58.99,51.0
04/03/2024 05:00:00 - 04/03/2024 06:00:00,SCA|NO1,mFRR,Not Specified,Not Specified,MARGINAL,59.88,51.0
04/03/2024 06:00:00 - 04/03/2024 07:00:00,SCA|NO1,mFRR,Not Specified,Not Specified,MARGINAL,60.92,56.5
04/03/2024 07:00:00 - 04/03/2024 08:00:00,SCA|NO1,mFRR,Not Specified,Not Specified,MARGINAL,93.58,57.5
04/03/2024 08:00:00 - 04/03/2024 09:00:00,SCA|NO1,mFRR,Not Specified,Not Specified,MARGINAL,99.78,55.86
04/03/2024 09:00:00 - 04/03/2024 10:00:00,SCA|NO1,mFRR,Not Specified,Not Specified,MARGINAL,82.2,54.0
04/03/2024 10:00:00 - 04/03/2024 11:00:00,SCA|NO1,mFRR,Not Specified,Not Specified,MARGINAL,63.72,49.0
04/03/2024 11:00:00 - 04/03/2024 12:00:00,SCA|NO1,mFRR,Not Specified,Not Specified,MARGINAL,59.92,48.5
04/03/2024 12:00:00 - 04/03/2024 13:00:00,SCA|NO1,mFRR,Not Specified,Not Specified,MARGINAL,59.25,48.5
04/03/2024 13:00:00 - 04/03/2024 14:00:00,SCA|NO1,mFRR,Not Specified,Not Specified,MARGINAL,59.21,47.0
04/03/2024 14:00:00 - 04/03/2024 15:00:00,SCA|NO1,mFRR,Not Specified,Not Specified,MARGINAL,59.6,48.5
04/03/2024 15:00:00 - 04/03/2024 16:00:00,SCA|NO1,mFRR,Not Specified,Not Specified,MARGINAL,59.87,53.26
04/03/2024 16:00:00 - 04/03/2024 17:00:00,SCA|NO1,mFRR,Not Specified,Not Specified,MARGINAL,60.42,60.42
04/03/2024 17:00:00 - 04/03/2024 18:00:00,SCA|NO1,mFRR,Not Specified,Not Specified,MARGINAL,72.33,72.33
04/03/2024 18:00:00 - 04/03/2024 19:00:00,SCA|NO1,mFRR,Not Specified,Not Specified,MARGINAL,72.33,72.33
04/03/2024 19:00:00 - 04/03/2024 20:00:00,SCA|NO1,mFRR,Not Specified,Not Specified,MARGINAL,62.78,62.78
04/03/2024 20:00:00 - 04/03/2024 21:00:00,SCA|NO1,mFRR,Not Specified,Not Specified,MARGINAL,60.89,60.89
04/03/2024 21:00:00 - 04/03/2024 22:00:00,SCA|NO1,mFRR,Not Specified,Not Specified,MARGINAL,59.24,59.24
04/03/2024 22:00:00 - 04/03/2024 23:00:00,SCA|NO1,mFRR,Not Specified,Not Specified,MARGINAL,58.24,58.24
04/03/2024 23:00:00 - 05/03/2024 00:00:00,SCA|NO1,mFRR,Not Specified,Not Specified,MARGINAL,57.87,49.0
05/03/2024 00:00:00 - 05/03/2024 01:00:00,SCA|NO1,mFRR,Not Specified,Not Specified,MARGINAL,56.21,49.21
05/03/2024 01:00:00 - 05/03/2024 02:00:00,SCA|NO1,mFRR,Not Specified,Not Specified,MARGINAL,56.48,49.48
05/03/2024 02:00:00 - 05/03/2024 03:00:00,SCA|NO1,mFRR,Not Specified,Not Specified,MARGINAL,56.46,49.46
05/03/2024 03:00:00 - 05/03/2024 04:00:00,SCA|NO1,mFRR,Not Specified,Not Specified,MARGINAL,56.36,49.36
05/03/2024 04:00:00 - 05/03/2024 05:00:00,SCA|NO1,mFRR,Not Specified,Not Specified,MARGINAL,56.47,56.47
05/03/2024 05:00:00 - 05/03/2024 06:00:00,SCA|NO1,mFRR,Not Specified,Not Specified,MARGINAL,57.39,57.39
05/03/2024 06:00:00 - 05/03/2024 07:00:00,SCA|NO1,mFRR,Not Specified,Not Specified,MARGINAL,58.38,50.0
05/03/2024 07:00:00 - 05/03/2024 08:00:00,SCA|NO1,mFRR,Not Specified,Not Specified,MARGINAL,60.3,53.27
05/03/2024 08:00:00 - 05/03/2024 09:00:00,SCA|NO1,mFRR,Not Specified,Not Specified,MARGINAL,61.24,52.42
05/03/2024 09:00:00 - 05/03/2024 10:00:00,SCA|NO1,mFRR,Not Specified,Not Specified,MARGINAL,59.64,50.5
05/03/2024 10:00:00 - 05/03/2024 11:00:00,SCA|NO1,mFRR,Not Specified,Not Specified,MARGINAL,59.18,50.0
05/03/2024 11:00:00 - 05/03/2024 12:00:00,SCA|NO1,mFRR,Not Specified,Not Specified,MARGINAL,59.22,48.0
05/03/2024 12:00:00 - 05/03/2024 13:00:00,SCA|NO1,mFRR,Not Specified,Not Specified,MARGINAL,58.61,48.0
05/03/2024 13:00:00 - 05/03/2024 14:00:00,SCA|NO1,mFRR,Not Specified,Not Specified,MARGINAL,58.59,48.0
05/03/2024 14:00:00 - 05/03/2024 15:00:00,SCA|NO1,mFRR,Not Specified,Not Specified,MARGINAL,59.06,48.0
05/03/2024 15:00:00 - 05/03/2024 16:00:00,SCA|NO1,mFRR,Not Specified,Not Specified,MARGINAL,59.65,48.3
05/03/2024 16:00:00 - 05/03/2024 17:00:00,SCA|NO1,mFRR,Not Specified,Not Specified,MARGINAL,60.69,56.0
05/03/2024 17:00:00 - 05/03/2024 18:00:00,SCA|NO1,mFRR,Not Specified,Not Specified,MARGINAL,73.86,55.0
05/03/2024 18:00:00 - 05/03/2024 19:00:00,SCA|NO1,mFRR,Not Specified,Not Specified,MARGINAL,95.72,56.5
05/03/2024 19:00:00 - 05/03/2024 20:00:00,SCA|NO1,mFRR,Not Specified,Not Specified,MARGINAL,78.77,55.5
05/03/2024 20:00:00 - 05/03/2024 21:00:00,SCA|NO1,mFRR,Not Specified,Not Specified,MARGINAL,67.87,55.5
05/03/2024 21:00:00 - 05/03/2024 22:00:00,SCA|NO1,mFRR,Not Specified,Not Specified,MARGINAL,68.0,56.5
05/03/2024 22:00:00 - 05/03/2024 23:00:00,SCA|NO1,mFRR,Not Specified,Not Specified,MARGINAL,64.0,61.98
05/03/2024 23:00:00 - 06/03/2024 00:00:00,SCA|NO1,mFRR,Not Specified,Not Specified,MARGINAL,60.79,56.58
06/03/2024 00:00:00 - 06/03/2024 01:00:00,SCA|NO1,mFRR,Not Specified,Not Specified,MARGINAL,64.02,59.0
06/03/2024 01:00:00 - 06/03/2024 02:00:00,SCA|NO1,mFRR,Not Specified,Not Specified,MARGINAL,62.77,59.0
06/03/2024 02:00:00 - 06/03/2024 03:00:00,SCA|NO1,mFRR,Not Specified,Not Specified,MARGINAL,62.17,59.0
06/03/2024 03:00:00 - 06/03/2024 04:00:00,SCA|NO1,mFRR,Not Specified,Not Specified,MARGINAL,62.74,59.0
06/03/2024 04:00:00 - 06/03/2024 05:00:00,SCA|NO1,mFRR,Not Specified,Not Specified,MARGINAL,64.92,64.92
06/03/2024 05:00:00 - 06/03/2024 06:00:00,SCA|NO1,mFRR,Not Specified,Not Specified,MARGINAL,68.58,58.5
06/03/2024 06:00:00 - 06/03/2024 07:00:00,SCA|NO1,mFRR,Not Specified,Not Specified,MARGINAL,83.5,58.5
06/03/2024 07:00:00 - 06/03/2024 08:00:00,SCA|NO1,mFRR,Not Specified,Not Specified,MARGINAL,106.0,103.55
06/03/2024 08:00:00 - 06/03/2024 09:00:00,SCA|NO1,mFRR,Not Specified,Not Specified,MARGINAL,107.0,105.33
06/03/2024 09:00:00 - 06/03/2024 10:00:00,SCA|NO1,mFRR,Not Specified,Not Specified,MARGINAL,87.0,84.68
06/03/2024 10:00:00 - 06/03/2024 11:00:00,SCA|NO1,mFRR,Not Specified,Not Specified,MARGINAL,73.39,73.39
06/03/2024 11:00:00 - 06/03/2024 12:00:00,SCA|NO1,mFRR,Not Specified,Not Specified,MARGINAL,69.67,60.0
06/03/2024 12:00:00 - 06/03/2024 13:00:00,SCA|NO1,mFRR,Not Specified,Not Specified,MARGINAL,67.32,60.0
06/03/2024 13:00:00 - 06/03/2024 14:00:00,SCA|NO1,mFRR,Not Specified,Not Specified,MARGINAL,67.21,58.5
06/03/2024 14:00:00 - 06/03/2024 15:00:00,SCA|NO1,mFRR,Not Specified,Not Specified,MARGINAL,68.38,58.5
06/03/2024 15:00:00 - 06/03/2024 16:00:00,SCA|NO1,mFRR,Not Specified,Not Specified,MARGINAL,69.96,58.5
06/03/2024 16:00:00 - 06/03/2024 17:00:00,SCA|NO1,mFRR,Not Specified,Not Specified,MARGINAL,77.24,58.0
06/03/2024 17:00:00 - 06/03/2024 18:00:00,SCA|NO1,mFRR,Not Specified,Not Specified,MARGINAL,96.9,58.0
06/03/2024 18:00:00 - 06/03/2024 19:00:00,SCA|NO1,mFRR,Not Specified,Not Specified,MARGINAL,115.87,115.87
06/03/2024 19:00:00 - 06/03/2024 20:00:00,SCA|NO1,mFRR,Not Specified,Not Specified,MARGINAL,115.55,115.55
06/03/2024 20:00:00 - 06/03/2024 21:00:00,SCA|NO1,mFRR,Not Specified,Not Specified,MARGINAL,91.0,90.5
06/03/2024 21:00:00 - 06/03/2024 22:00:00,SCA|NO1,mFRR,Not Specified,Not Specified,MARGINAL,77.67,59.0
06/03/2024 22:00:00 - 06/03/2024 23:00:00,SCA|NO1,mFRR,Not Specified,Not Specified,MARGINAL,77.2,72.88
06/03/2024 23:00:00 - 07/03/2024 00:00:00,SCA|NO1,mFRR,Not Specified,Not Specified,MARGINAL,70.5,65.55
07/03/2024 00:00:00 - 07/03/2024 01:00:00,SCA|NO1,mFRR,Not Specified,Not Specified,MARGINAL,71.74,67.86
07/03/2024 01:00:00 - 07/03/2024 02:00:00,SCA|NO1,mFRR,Not Specified,Not Specified,MARGINAL,71.42,65.68
07/03/2024 02:00:00 - 07/03/2024 03:00:00,SCA|NO1,mFRR,Not Specified,Not Specified,MARGINAL,71.47,64.77
07/03/2024 03:00:00 - 07/03/2024 04:00:00,SCA|NO1,mFRR,Not Specified,Not Specified,MARGINAL,71.55,64.33
07/03/2024 04:00:00 - 07/03/2024 05:00:00,SCA|NO1,mFRR,Not Specified,Not Specified,MARGINAL,71.0,64.8
07/03/2024 05:00:00 - 07/03/2024 06:00:00,SCA|NO1,mFRR,Not Specified,Not Specified,MARGINAL,73.79,66.34
07/03/2024 06:00:00 - 07/03/2024 07:00:00,SCA|NO1,mFRR,Not Specified,Not Specified,MARGINAL,107.33,78.46
07/03/2024 07:00:00 - 07/03/2024 08:00:00,SCA|NO1,mFRR,Not Specified,Not Specified,MARGINAL,114.04,103.2
07/03/2024 08:00:00 - 07/03/2024 09:00:00,SCA|NO1,mFRR,Not Specified,Not Specified,MARGINAL,106.0,93.9
07/03/2024 09:00:00 - 07/03/2024 10:00:00,SCA|NO1,mFRR,Not Specified,Not Specified,MARGINAL,76.71,60.5
07/03/2024 10:00:00 - 07/03/2024 11:00:00,SCA|NO1,mFRR,Not Specified,Not Specified,MARGINAL,69.02,60.5
07/03/2024 11:00:00 - 07/03/2024 12:00:00,SCA|NO1,mFRR,Not Specified,Not Specified,MARGINAL,64.04,64.04
07/03/2024 12:00:00 - 07/03/2024 13:00:00,SCA|NO1,mFRR,Not Specified,Not Specified,MARGINAL,60.98,59.0
07/03/2024 13:00:00 - 07/03/2024 14:00:00,SCA|NO1,mFRR,Not Specified,Not Specified,MARGINAL,60.26,55.26
07/03/2024 14:00:00 - 07/03/2024 15:00:00,SCA|NO1,mFRR,Not Specified,Not Specified,MARGINAL,61.81,59.0
07/03/2024 15:00:00 - 07/03/2024 16:00:00,SCA|NO1,mFRR,Not Specified,Not Specified,MARGINAL,63.55,63.55
07/03/2024 16:00:00 - 07/03/2024 17:00:00,SCA|NO1,mFRR,Not Specified,Not Specified,MARGINAL,64.88,58.0
07/03/2024 17:00:00 - 07/03/2024 18:00:00,SCA|NO1,mFRR,Not Specified,Not Specified,MARGINAL,86.22,59.5
07/03/2024 18:00:00 - 07/03/2024 19:00:00,SCA|NO1,mFRR,Not Specified,Not Specified,MARGINAL,104.0,102.64
07/03/2024 19:00:00 - 07/03/2024 20:00:00,SCA|NO1,mFRR,Not Specified,Not Specified,MARGINAL,104.0,87.54
07/03/2024 20:00:00 - 07/03/2024 21:00:00,SCA|NO1,mFRR,Not Specified,Not Specified,MARGINAL,79.9,63.0
07/03/2024 21:00:00 - 07/03/2024 22:00:00,SCA|NO1,mFRR,Not Specified,Not Specified,MARGINAL,68.66,63.0
07/03/2024 22:00:00 - 07/03/2024 23:00:00,SCA|NO1,mFRR,Not Specified,Not Specified,MARGINAL,70.0,60.0
07/03/2024 23:00:00 - 08/03/2024 00:00:00,SCA|NO1,mFRR,Not Specified,Not Specified,MARGINAL,69.0,63.68
08/03/2024 00:00:00 - 08/03/2024 01:00:00,SCA|NO1,mFRR,Not Specified,Not Specified,MARGINAL,66.11,59.0
08/03/2024 01:00:00 - 08/03/2024 02:00:00,SCA|NO1,mFRR,Not Specified,Not Specified,MARGINAL,64.89,58.0
08/03/2024 02:00:00 - 08/03/2024 03:00:00,SCA|NO1,mFRR,Not Specified,Not Specified,MARGINAL,64.87,58.0
08/03/2024 03:00:00 - 08/03/2024 04:00:00,SCA|NO1,mFRR,Not Specified,Not Specified,MARGINAL,64.01,55.0
08/03/2024 04:00:00 - 08/03/2024 05:00:00,SCA|NO1,mFRR,Not Specified,Not Specified,MARGINAL,64.24,55.0
08/03/2024 05:00:00 - 08/03/2024 06:00:00,SCA|NO1,mFRR,Not Specified,Not Specified,MARGINAL,65.03,59.0
08/03/2024 06:00:00 - 08/03/2024 07:00:00,SCA|NO1,mFRR,Not Specified,Not Specified,MARGINAL,76.0,61.5
08/03/2024 07:00:00 - 08/03/2024 08:00:00,SCA|NO1,mFRR,Not Specified,Not Specified,MARGINAL,96.0,95.06
08/03/2024 08:00:00 - 08/03/2024 09:00:00,SCA|NO1,mFRR,Not Specified,Not Specified,MARGINAL,89.0,87.39
08/03/2024 09:00:00 - 08/03/2024 10:00:00,SCA|NO1,mFRR,Not Specified,Not Specified,MARGINAL,74.0,60.0
08/03/2024 10:00:00 - 08/03/2024 11:00:00,SCA|NO1,mFRR,Not Specified,Not Specified,MARGINAL,59.37,50.0
08/03/2024 11:00:00 - 08/03/2024 12:00:00,SCA|NO1,mFRR,Not Specified,Not Specified,MARGINAL,55.78,45.0
08/03/2024 12:00:00 - 08/03/2024 13:00:00,SCA|NO1,mFRR,Not Specified,Not Specified,MARGINAL,54.17,45.0
08/03/2024 13:00:00 - 08/03/2024 14:00:00,SCA|NO1,mFRR,Not Specified,Not Specified,MARGINAL,52.8,40.0
08/03/2024 14:00:00 - 08/03/2024 15:00:00,SCA|NO1,mFRR,Not Specified,Not Specified,MARGINAL,51.98,40.0
08/03/2024 15:00:00 - 08/03/2024 16:00:00,SCA|NO1,mFRR,Not Specified,Not Specified,MARGINAL,52.72,40.0
08/03/2024 16:00:00 - 08/03/2024 17:00:00,SCA|NO1,mFRR,Not Specified,Not Specified,MARGINAL,58.11,46.0
08/03/2024 17:00:00 - 08/03/2024 18:00:00,SCA|NO1,mFRR,Not Specified,Not Specified,MARGINAL,63.2,53.0
08/03/2024 18:00:00 - 08/03/2024 19:00:00,SCA|NO1,mFRR,Not Specified,Not Specified,MARGINAL,75.94,61.0
08/03/2024 19:00:00 - 08/03/2024 20:00:00,SCA|NO1,mFRR,Not Specified,Not Specified,MARGINAL,77.44,58.0
08/03/2024 20:00:00 - 08/03/2024 21:00:00,SCA|NO1,mFRR,Not Specified,Not Specified,MARGINAL,68.85,59.0
08/03/2024 21:00:00 - 08/03/2024 22:00:00,SCA|NO1,mFRR,Not Specified,Not Specified,MARGINAL,63.29,53.0
08/03/2024 22:00:00 - 08/03/2024 23:00:00,SCA|NO1,mFRR,Not Specified,Not Specified,MARGINAL,63.02,47.0
08/03/2024 23:00:00 - 09/03/2024 00:00:00,SCA|NO1,mFRR,Not Specified,Not Specified,MARGINAL,59.89,50.0
09/03/2024 00:00:00 - 09/03/2024 01:00:00,SCA|NO1,mFRR,Not Specified,Not Specified,MARGINAL,57.95,45.34
09/03/2024 01:00:00 - 09/03/2024 02:00:00,SCA|NO1,mFRR,Not Specified,Not Specified,MARGINAL,54.91,44.0
09/03/2024 02:00:00 - 09/03/2024 03:00:00,SCA|NO1,mFRR,Not Specified,Not Specified,MARGINAL,53.96,38.23
09/03/2024 03:00:00 - 09/03/2024 04:00:00,SCA|NO1,mFRR,Not Specified,Not Specified,MARGINAL,53.42,38.23
09/03/2024 04:00:00 - 09/03/2024 05:00:00,SCA|NO1,mFRR,Not Specified,Not Specified,MARGINAL,50.05,38.5
09/03/2024 05:00:00 - 09/03/2024 06:00:00,SCA|NO1,mFRR,Not Specified,Not Specified,MARGINAL,49.22,38.63
09/03/2024 06:00:00 - 09/03/2024 07:00:00,SCA|NO1,mFRR,Not Specified,Not Specified,MARGINAL,51.63,39.0
09/03/2024 07:00:00 - 09/03/2024 08:00:00,SCA|NO1,mFRR,Not Specified,Not Specified,MARGINAL,53.06,42.0
09/03/2024 08:00:00 - 09/03/2024 09:00:00,SCA|NO1,mFRR,Not Specified,Not Specified,MARGINAL,53.06,42.0
09/03/2024 09:00:00 - 09/03/2024 10:00:00,SCA|NO1,mFRR,Not Specified,Not Specified,MARGINAL,51.36,42.0
09/03/2024 10:00:00 - 09/03/2024 11:00:00,SCA|NO1,mFRR,Not Specified,Not Specified,MARGINAL,49.31,49.31
09/03/2024 11:00:00 - 09/03/2024 12:00:00,SCA|NO1,mFRR,Not Specified,Not Specified,MARGINAL,47.98,47.98
09/03/2024 12:00:00 - 09/03/2024 13:00:00,SCA|NO1,mFRR,Not Specified,Not Specified,MARGINAL,49.28,35.0
09/03/2024 13:00:00 - 09/03/2024 14:00:00,SCA|NO1,mFRR,Not Specified,Not Specified,MARGINAL,49.09,35.0
09/03/2024 14:00:00 - 09/03/2024 15:00:00,SCA|NO1,mFRR,Not Specified,Not Specified,MARGINAL,48.53,35.0
09/03/2024 15:00:00 - 09/03/2024 16:00:00,SCA|NO1,mFRR,Not Specified,Not Specified,MARGINAL,50.46,41.0
09/03/2024 16:00:00 - 09/03/2024 17:00:00,SCA|NO1,mFRR,Not Specified,Not Specified,MARGINAL,54.17,48.0
09/03/2024 17:00:00 - 09/03/2024 18:00:00,SCA|NO1,mFRR,Not Specified,Not Specified,MARGINAL,59.85,53.0
09/03/2024 18:00:00 - 09/03/2024 19:00:00,SCA|NO1,mFRR,Not Specified,Not Specified,MARGINAL,62.06,53.0
09/03/2024 19:00:00 - 09/03/2024 20:00:00,SCA|NO1,mFRR,Not Specified,Not Specified,MARGINAL,60.16,53.0
09/03/2024 20:00:00 - 09/03/2024 21:00:00,SCA|NO1,mFRR,Not Specified,Not Specified,MARGINAL,64.0,53.0
09/03/2024 21:00:00 - 09/03/2024 22:00:00,SCA|NO1,mFRR,Not Specified,Not Specified,MARGINAL,64.0,58.59
09/03/2024 22:00:00 - 09/03/2024 23:00:00,SCA|NO1,mFRR,Not Specified,Not Specified,MARGINAL,64.0,57.28
09/03/2024 23:00:00 - 10/03/2024 00:00:00,SCA|NO1,mFRR,Not Specified,Not Specified,MARGINAL,62.0,56.0
10/03/2024 00:00:00 - 10/03/2024 01:00:00,SCA|NO1,mFRR,Not Specified,Not Specified,MARGINAL,52.04,52.04
10/03/2024 01:00:00 - 10/03/2024 02:00:00,SCA|NO1,mFRR,Not Specified,Not Specified,MARGINAL,47.53,47.53
10/03/2024 02:00:00 - 10/03/2024 03:00:00,SCA|NO1,mFRR,Not Specified,Not Specified,MARGINAL,42.29,42.29
10/03/2024 03:00:00 - 10/03/2024 04:00:00,SCA|NO1,mFRR,Not Specified,Not Specified,MARGINAL,36.69,36.69
10/03/2024 04:00:00 - 10/03/2024 05:00:00,SCA|NO1,mFRR,Not Specified,Not Specified,MARGINAL,42.0,33.43
10/03/2024 05:00:00 - 10/03/2024 06:00:00,SCA|NO1,mFRR,Not Specified,Not Specified,MARGINAL,47.0,33.32
10/03/2024 06:00:00 - 10/03/2024 07:00:00,SCA|NO1,mFRR,Not Specified,Not Specified,MARGINAL,47.0,34.92
10/03/2024 07:00:00 - 10/03/2024 08:00:00,SCA|NO1,mFRR,Not Specified,Not Specified,MARGINAL,49.0,40.67
10/03/2024 08:00:00 - 10/03/2024 09:00:00,SCA|NO1,mFRR,Not Specified,Not Specified,MARGINAL,47.0,36.01
10/03/2024 09:00:00 - 10/03/2024 10:00:00,SCA|NO1,mFRR,Not Specified,Not Specified,MARGINAL,47.0,37.87
10/03/2024 10:00:00 - 10/03/2024 11:00:00,SCA|NO1,mFRR,Not Specified,Not Specified,MARGINAL,47.16,47.16
10/03/2024 11:00:00 - 10/03/2024 12:00:00,SCA|NO1,mFRR,Not Specified,Not Specified,MARGINAL,50.81,50.81
10/03/2024 12:00:00 - 10/03/2024 13:00:00,SCA|NO1,mFRR,Not Specified,Not Specified,MARGINAL,49.26,49.26
10/03/2024 13:00:00 - 10/03/2024 14:00:00,SCA|NO1,mFRR,Not Specified,Not Specified,MARGINAL,49.08,49.08
10/03/2024 14:00:00 - 10/03/2024 15:00:00,SCA|NO1,mFRR,Not Specified,Not Specified,MARGINAL,49.31,49.31
10/03/2024 15:00:00 - 10/03/2024 16:00:00,SCA|NO1,mFRR,Not Specified,Not Specified,MARGINAL,52.0,49.14
10/03/2024 16:00:00 - 10/03/2024 17:00:00,SCA|NO1,mFRR,Not Specified,Not Specified,MARGINAL,60.0,52.57
10/03/2024 17:00:00 - 10/03/2024 18:00:00,SCA|NO1,mFRR,Not Specified,Not Specified,MARGINAL,60.0,55.97
10/03/2024 18:00:00 - 10/03/2024 19:00:00,SCA|NO1,mFRR,Not Specified,Not Specified,MARGINAL,60.0,57.64
10/03/2024 19:00:00 - 10/03/2024 20:00:00,SCA|NO1,mFRR,Not Specified,Not Specified,MARGINAL,63.0,57.52
10/03/2024 20:00:00 - 10/03/2024 21:00:00,SCA|NO1,mFRR,Not Specified,Not Specified,MARGINAL,63.0,56.06
10/03/2024 21:00:00 - 10/03/2024 22:00:00,SCA|NO1,mFRR,Not Specified,Not Specified,MARGINAL,64.0,55.0
10/03/2024 22:00:00 - 10/03/2024 23:00:00,SCA|NO1,mFRR,Not Specified,Not Specified,MARGINAL,64.0,54.66
10/03/2024 23:00:00 - 11/03/2024 00:00:00,SCA|NO1,mFRR,Not Specified,Not Specified,MARGINAL,63.5,53.71
11/03/2024 00:00:00 - 11/03/2024 01:00:00,SCA|NO1,mFRR,Not Specified,Not Specified,MARGINAL,61.0,51.95
11/03/2024 01:00:00 - 11/03/2024 02:00:00,SCA|NO1,mFRR,Not Specified,Not Specified,MARGINAL,61.0,50.91
11/03/2024 02:00:00 - 11/03/2024 03:00:00,SCA|NO1,mFRR,Not Specified,Not Specified,MARGINAL,55.5,51.82
11/03/2024 03:00:00 - 11/03/2024 04:00:00,SCA|NO1,mFRR,Not Specified,Not Specified,MARGINAL,55.5,51.15
11/03/2024 04:00:00 - 11/03/2024 05:00:00,SCA|NO1,mFRR,Not Specified,Not Specified,MARGINAL,57.0,53.32
11/03/2024 05:00:00 - 11/03/2024 06:00:00,SCA|NO1,mFRR,Not Specified,Not Specified,MARGINAL,65.0,54.95
11/03/2024 06:00:00 - 11/03/2024 07:00:00,SCA|NO1,mFRR,Not Specified,Not Specified,MARGINAL,69.0,57.93
11/03/2024 07:00:00 - 11/03/2024 08:00:00,SCA|NO1,mFRR,Not Specified,Not Specified,MARGINAL,73.78,62.27
11/03/2024 08:00:00 - 11/03/2024 09:00:00,SCA|NO1,mFRR,Not Specified,Not Specified,MARGINAL,73.0,64.79
11/03/2024 09:00:00 - 11/03/2024 10:00:00,SCA|NO1,mFRR,Not Specified,Not Specified,MARGINAL,62.85,56.0
11/03/2024 10:00:00 - 11/03/2024 11:00:00,SCA|NO1,mFRR,Not Specified,Not Specified,MARGINAL,61.9,48.16
11/03/2024 11:00:00 - 11/03/2024 12:00:00,SCA|NO1,mFRR,Not Specified,Not Specified,MARGINAL,60.44,48.0
11/03/2024 12:00:00 - 11/03/2024 13:00:00,SCA|NO1,mFRR,Not Specified,Not Specified,MARGINAL,58.9,48.0
11/03/2024 13:00:00 - 11/03/2024 14:00:00,SCA|NO1,mFRR,Not Specified,Not Specified,MARGINAL,58.92,48.0
11/03/2024 14:00:00 - 11/03/2024 15:00:00,SCA|NO1,mFRR,Not Specified,Not Specified,MARGINAL,58.72,48.0
11/03/2024 15:00:00 - 11/03/2024 16:00:00,SCA|NO1,mFRR,Not Specified,Not Specified,MARGINAL,59.95,51.0
11/03/2024 16:00:00 - 11/03/2024 17:00:00,SCA|NO1,mFRR,Not Specified,Not Specified,MARGINAL,61.61,61.61
11/03/2024 17:00:00 - 11/03/2024 18:00:00,SCA|NO1,mFRR,Not Specified,Not Specified,MARGINAL,74.0,65.32
11/03/2024 18:00:00 - 11/03/2024 19:00:00,SCA|NO1,mFRR,Not Specified,Not Specified,MARGINAL,80.0,73.01
11/03/2024 19:00:00 - 11/03/2024 20:00:00,SCA|NO1,mFRR,Not Specified,Not Specified,MARGINAL,90.0,70.01
11/03/2024 20:00:00 - 11/03/2024 21:00:00,SCA|NO1,mFRR,Not Specified,Not Specified,MARGINAL,90.0,67.19
11/03/2024 21:00:00 - 11/03/2024 22:00:00,SCA|NO1,mFRR,Not Specified,Not Specified,MARGINAL,90.0,65.59
11/03/2024 22:00:00 - 11/03/2024 23:00:00,SCA|NO1,mFRR,Not Specified,Not Specified,MARGINAL,80.0,63.45
11/03/2024 23:00:00 - 12/03/2024 00:00:00,SCA|NO1,mFRR,Not Specified,Not Specified,MARGINAL,75.0,63.23
12/03/2024 00:00:00 - 12/03/2024 01:00:00,SCA|NO1,mFRR,Not Specified,Not Specified,MARGINAL,64.56,56.73
12/03/2024 01:00:00 - 12/03/2024 02:00:00,SCA|NO1,mFRR,Not Specified,Not Specified,MARGINAL,63.46,56.73
12/03/2024 02:00:00 - 12/03/2024 03:00:00,SCA|NO1,mFRR,Not Specified,Not Specified,MARGINAL,63.3,59.0
12/03/2024 03:00:00 - 12/03/2024 04:00:00,SCA|NO1,mFRR,Not Specified,Not Specified,MARGINAL,66.0,63.11
12/03/2024 04:00:00 - 12/03/2024 05:00:00,SCA|NO1,mFRR,Not Specified,Not Specified,MARGINAL,63.85,63.85
12/03/2024 05:00:00 - 12/03/2024 06:00:00,SCA|NO1,mFRR,Not Specified,Not Specified,MARGINAL,69.16,69.16
12/03/2024 06:00:00 - 12/03/2024 07:00:00,SCA|NO1,mFRR,Not Specified,Not Specified,MARGINAL,72.41,60.0
12/03/2024 07:00:00 - 12/03/2024 08:00:00,SCA|NO1,mFRR,Not Specified,Not Specified,MARGINAL,97.5,95.85
12/03/2024 08:00:00 - 12/03/2024 09:00:00,SCA|NO1,mFRR,Not Specified,Not Specified,MARGINAL,100.0,99.3
12/03/2024 09:00:00 - 12/03/2024 10:00:00,SCA|NO1,mFRR,Not Specified,Not Specified,MARGINAL,91.0,68.0
12/03/2024 10:00:00 - 12/03/2024 11:00:00,SCA|NO1,mFRR,Not Specified,Not Specified,MARGINAL,83.11,63.0
12/03/2024 11:00:00 - 12/03/2024 12:00:00,SCA|NO1,mFRR,Not Specified,Not Specified,MARGINAL,78.18,59.96
12/03/2024 12:00:00 - 12/03/2024 13:00:00,SCA|NO1,mFRR,Not Specified,Not Specified,MARGINAL,76.17,59.0
12/03/2024 13:00:00 - 12/03/2024 14:00:00,SCA|NO1,mFRR,Not Specified,Not Specified,MARGINAL,73.67,56.5
12/03/2024 14:00:00 - 12/03/2024 15:00:00,SCA|NO1,mFRR,Not Specified,Not Specified,MARGINAL,70.06,56.5
12/03/2024 15:00:00 - 12/03/2024 16:00:00,SCA|NO1,mFRR,Not Specified,Not Specified,MARGINAL,69.01,59.01
12/03/2024 16:00:00 - 12/03/2024 17:00:00,SCA|NO1,mFRR,Not Specified,Not Specified,MARGINAL,71.5,59.02
12/03/2024 17:00:00 - 12/03/2024 18:00:00,SCA|NO1,mFRR,Not Specified,Not Specified,MARGINAL,76.0,75.38
12/03/2024 18:00:00 - 12/03/2024 19:00:00,SCA|NO1,mFRR,Not Specified,Not Specified,MARGINAL,82.33,82.33
12/03/2024 19:00:00 - 12/03/2024 20:00:00,SCA|NO1,mFRR,Not Specified,Not Specified,MARGINAL,99.13,61.5
12/03/2024 20:00:00 - 12/03/2024 21:00:00,SCA|NO1,mFRR,Not Specified,Not Specified,MARGINAL,71.09,58.0
12/03/2024 21:00:00 - 12/03/2024 22:00:00,SCA|NO1,mFRR,Not Specified,Not Specified,MARGINAL,71.41,58.0
12/03/2024 22:00:00 - 12/03/2024 23:00:00,SCA|NO1,mFRR,Not Specified,Not Specified,MARGINAL,68.27,58.0
12/03/2024 23:00:00 - 13/03/2024 00:00:00,SCA|NO1,mFRR,Not Specified,Not Specified,MARGINAL,63.15,55.0
13/03/2024 00:00:00 - 13/03/2024 01:00:00,SCA|NO1,mFRR,Not Specified,Not Specified,MARGINAL,58.86,53.0
13/03/2024 01:00:00 - 13/03/2024 02:00:00,SCA|NO1,mFRR,Not Specified,Not Specified,MARGINAL,57.34,52.0
13/03/2024 02:00:00 - 13/03/2024 03:00:00,SCA|NO1,mFRR,Not Specified,Not Specified,MARGINAL,56.68,51.68
13/03/2024 03:00:00 - 13/03/2024 04:00:00,SCA|NO1,mFRR,Not Specified,Not Specified,MARGINAL,56.18,50.0
13/03/2024 04:00:00 - 13/03/2024 05:00:00,SCA|NO1,mFRR,Not Specified,Not Specified,MARGINAL,56.49,48.0
13/03/2024 05:00:00 - 13/03/2024 06:00:00,SCA|NO1,mFRR,Not Specified,Not Specified,MARGINAL,58.41,48.41
13/03/2024 06:00:00 - 13/03/2024 07:00:00,SCA|NO1,mFRR,Not Specified,Not Specified,MARGINAL,60.25,50.0
13/03/2024 07:00:00 - 13/03/2024 08:00:00,SCA|NO1,mFRR,Not Specified,Not Specified,MARGINAL,68.65,68.65
13/03/2024 08:00:00 - 13/03/2024 09:00:00,SCA|NO1,mFRR,Not Specified,Not Specified,MARGINAL,87.12,87.12
13/03/2024 09:00:00 - 13/03/2024 10:00:00,SCA|NO1,mFRR,Not Specified,Not Specified,MARGINAL,74.62,74.62
13/03/2024 10:00:00 - 13/03/2024 11:00:00,SCA|NO1,mFRR,Not Specified,Not Specified,MARGINAL,65.43,65.43
13/03/2024 11:00:00 - 13/03/2024 12:00:00,SCA|NO1,mFRR,Not Specified,Not Specified,MARGINAL,60.98,60.98
13/03/2024 12:00:00 - 13/03/2024 13:00:00,SCA|NO1,mFRR,Not Specified,Not Specified,MARGINAL,65.0,59.9
13/03/2024 13:00:00 - 13/03/2024 14:00:00,SCA|NO1,mFRR,Not Specified,Not Specified,MARGINAL,67.68,57.68
13/03/2024 14:00:00 - 13/03/2024 15:00:00,SCA|NO1,mFRR,Not Specified,Not Specified,MARGINAL,68.5,56.94
13/03/2024 15:00:00 - 13/03/2024 16:00:00,SCA|NO1,mFRR,Not Specified,Not Specified,MARGINAL,69.0,56.77
13/03/2024 16:00:00 - 13/03/2024 17:00:00,SCA|NO1,mFRR,Not Specified,Not Specified,MARGINAL,69.0,59.07
13/03/2024 17:00:00 - 13/03/2024 18:00:00,SCA|NO1,mFRR,Not Specified,Not Specified,MARGINAL,67.49,63.04
13/03/2024 18:00:00 - 13/03/2024 19:00:00,SCA|NO1,mFRR,Not Specified,Not Specified,MARGINAL,71.0,63.01
13/03/2024 19:00:00 - 13/03/2024 20:00:00,SCA|NO1,mFRR,Not Specified,Not Specified,MARGINAL,70.7,59.69
13/03/2024 20:00:00 - 13/03/2024 21:00:00,SCA|NO1,mFRR,Not Specified,Not Specified,MARGINAL,64.0,55.87
13/03/2024 21:00:00 - 13/03/2024 22:00:00,SCA|NO1,mFRR,Not Specified,Not Specified,MARGINAL,63.0,54.56
13/03/2024 22:00:00 - 13/03/2024 23:00:00,SCA|NO1,mFRR,Not Specified,Not Specified,MARGINAL,61.0,53.77
13/03/2024 23:00:00 - 14/03/2024 00:00:00,SCA|NO1,mFRR,Not Specified,Not Specified,MARGINAL,53.33,53.33
14/03/2024 00:00:00 - 14/03/2024 01:00:00,SCA|NO1,mFRR,Not Specified,Not Specified,MARGINAL,52.63,52.63
14/03/2024 01:00:00 - 14/03/2024 02:00:00,SCA|NO1,mFRR,Not Specified,Not Specified,MARGINAL,51.95,51.95
14/03/2024 02:00:00 - 14/03/2024 03:00:00,SCA|NO1,mFRR,Not Specified,Not Specified,MARGINAL,51.11,51.11
14/03/2024 03:00:00 - 14/03/2024 04:00:00,SCA|NO1,mFRR,Not Specified,Not Specified,MARGINAL,50.6,50.6
14/03/2024 04:00:00 - 14/03/2024 05:00:00,SCA|NO1,mFRR,Not Specified,Not Specified,MARGINAL,51.97,46.0
14/03/2024 05:00:00 - 14/03/2024 06:00:00,SCA|NO1,mFRR,Not Specified,Not Specified,MARGINAL,53.07,45.0
14/03/2024 06:00:00 - 14/03/2024 07:00:00,SCA|NO1,mFRR,Not Specified,Not Specified,MARGINAL,54.96,46.0
14/03/2024 07:00:00 - 14/03/2024 08:00:00,SCA|NO1,mFRR,Not Specified,Not Specified,MARGINAL,56.24,48.0
14/03/2024 08:00:00 - 14/03/2024 09:00:00,SCA|NO1,mFRR,Not Specified,Not Specified,MARGINAL,57.92,49.0
14/03/2024 09:00:00 - 14/03/2024 10:00:00,SCA|NO1,mFRR,Not Specified,Not Specified,MARGINAL,56.22,46.0
14/03/2024 10:00:00 - 14/03/2024 11:00:00,SCA|NO1,mFRR,Not Specified,Not Specified,MARGINAL,53.98,46.0
14/03/2024 11:00:00 - 14/03/2024 12:00:00,SCA|NO1,mFRR,Not Specified,Not Specified,MARGINAL,51.33,44.0
14/03/2024 12:00:00 - 14/03/2024 13:00:00,SCA|NO1,mFRR,Not Specified,Not Specified,MARGINAL,51.2,43.0
14/03/2024 13:00:00 - 14/03/2024 14:00:00,SCA|NO1,mFRR,Not Specified,Not Specified,MARGINAL,50.47,26.11
14/03/2024 14:00:00 - 14/03/2024 15:00:00,SCA|NO1,mFRR,Not Specified,Not Specified,MARGINAL,52.07,41.0
14/03/2024 15:00:00 - 14/03/2024 16:00:00,SCA|NO1,mFRR,Not Specified,Not Specified,MARGINAL,54.26,43.04
14/03/2024 16:00:00 - 14/03/2024 17:00:00,SCA|NO1,mFRR,Not Specified,Not Specified,MARGINAL,55.26,48.0
14/03/2024 17:00:00 - 14/03/2024 18:00:00,SCA|NO1,mFRR,Not Specified,Not Specified,MARGINAL,58.37,50.0
14/03/2024 18:00:00 - 14/03/2024 19:00:00,SCA|NO1,mFRR,Not Specified,Not Specified,MARGINAL,59.64,53.0
14/03/2024 19:00:00 - 14/03/2024 20:00:00,SCA|NO1,mFRR,Not Specified,Not Specified,MARGINAL,58.25,50.0
14/03/2024 20:00:00 - 14/03/2024 21:00:00,SCA|NO1,mFRR,Not Specified,Not Specified,MARGINAL,55.99,55.99
14/03/2024 21:00:00 - 14/03/2024 22:00:00,SCA|NO1,mFRR,Not Specified,Not Specified,MARGINAL,55.14,55.14
14/03/2024 22:00:00 - 14/03/2024 23:00:00,SCA|NO1,mFRR,Not Specified,Not Specified,MARGINAL,54.45,54.45
14/03/2024 23:00:00 - 15/03/2024 00:00:00,SCA|NO1,mFRR,Not Specified,Not Specified,MARGINAL,52.46,52.46
15/03/2024 00:00:00 - 15/03/2024 01:00:00,SCA|NO1,mFRR,Not Specified,Not Specified,MARGINAL,49.32,49.32
15/03/2024 01:00:00 - 15/03/2024 02:00:00,SCA|NO1,mFRR,Not Specified,Not Specified,MARGINAL,47.97,47.97
15/03/2024 02:00:00 - 15/03/2024 03:00:00,SCA|NO1,mFRR,Not Specified,Not Specified,MARGINAL,46.94,46.94
15/03/2024 03:00:00 - 15/03/2024 04:00:00,SCA|NO1,mFRR,Not Specified,Not Specified,MARGINAL,45.26,45.26
15/03/2024 04:00:00 - 15/03/2024 05:00:00,SCA|NO1,mFRR,Not Specified,Not Specified,MARGINAL,45.51,45.51
15/03/2024 05:00:00 - 15/03/2024 06:00:00,SCA|NO1,mFRR,Not Specified,Not Specified,MARGINAL,47.82,41.0
15/03/2024 06:00:00 - 15/03/2024 07:00:00,SCA|NO1,mFRR,Not Specified,Not Specified,MARGINAL,51.73,42.0
15/03/2024 07:00:00 - 15/03/2024 08:00:00,SCA|NO1,mFRR,Not Specified,Not Specified,MARGINAL,58.0,54.32
15/03/2024 08:00:00 - 15/03/2024 09:00:00,SCA|NO1,mFRR,Not Specified,Not Specified,MARGINAL,61.0,54.71
15/03/2024 09:00:00 - 15/03/2024 10:00:00,SCA|NO1,mFRR,Not Specified,Not Specified,MARGINAL,61.0,53.23
15/03/2024 10:00:00 - 15/03/2024 11:00:00,SCA|NO1,mFRR,Not Specified,Not Specified,MARGINAL,57.0,50.84
15/03/2024 11:00:00 - 15/03/2024 12:00:00,SCA|NO1,mFRR,Not Specified,Not Specified,MARGINAL,48.54,30.0
15/03/2024 12:00:00 - 15/03/2024 13:00:00,SCA|NO1,mFRR,Not Specified,Not Specified,MARGINAL,47.4,25.0
15/03/2024 13:00:00 - 15/03/2024 14:00:00,SCA|NO1,mFRR,Not Specified,Not Specified,MARGINAL,47.54,38.0
15/03/2024 14:00:00 - 15/03/2024 15:00:00,SCA|NO1,mFRR,Not Specified,Not Specified,MARGINAL,49.33,42.0
15/03/2024 15:00:00 - 15/03/2024 16:00:00,SCA|NO1,mFRR,Not Specified,Not Specified,MARGINAL,51.53,51.53
15/03/2024 16:00:00 - 15/03/2024 17:00:00,SCA|NO1,mFRR,Not Specified,Not Specified,MARGINAL,53.31,45.0
15/03/2024 17:00:00 - 15/03/2024 18:00:00,SCA|NO1,mFRR,Not Specified,Not Specified,MARGINAL,55.61,48.5
15/03/2024 18:00:00 - 15/03/2024 19:00:00,SCA|NO1,mFRR,Not Specified,Not Specified,MARGINAL,56.79,52.0
15/03/2024 19:00:00 - 15/03/2024 20:00:00,SCA|NO1,mFRR,Not Specified,Not Specified,MARGINAL,55.54,53.5
15/03/2024 20:00:00 - 15/03/2024 21:00:00,SCA|NO1,mFRR,Not Specified,Not Specified,MARGINAL,54.27,45.5
15/03/2024 21:00:00 - 15/03/2024 22:00:00,SCA|NO1,mFRR,Not Specified,Not Specified,MARGINAL,53.25,45.0
15/03/2024 22:00:00 - 15/03/2024 23:00:00,SCA|NO1,mFRR,Not Specified,Not Specified,MARGINAL,51.66,44.5
15/03/2024 23:00:00 - 16/03/2024 00:00:00,SCA|NO1,mFRR,Not Specified,Not Specified,MARGINAL,50.75,38.0
16/03/2024 00:00:00 - 16/03/2024 01:00:00,SCA|NO1,mFRR,Not Specified,Not Specified,MARGINAL,48.04,43.0
16/03/2024 01:00:00 - 16/03/2024 02:00:00,SCA|NO1,mFRR,Not Specified,Not Specified,MARGINAL,45.49,43.0
16/03/2024 02:00:00 - 16/03/2024 03:00:00,SCA|NO1,mFRR,Not Specified,Not Specified,MARGINAL,41.99,41.99
16/03/2024 03:00:00 - 16/03/2024 04:00:00,SCA|NO1,mFRR,Not Specified,Not Specified,MARGINAL,40.13,40.13
16/03/2024 04:00:00 - 16/03/2024 05:00:00,SCA|NO1,mFRR,Not Specified,Not Specified,MARGINAL,39.91,39.91
16/03/2024 05:00:00 - 16/03/2024 06:00:00,SCA|NO1,mFRR,Not Specified,Not Specified,MARGINAL,46.0,43.14
16/03/2024 06:00:00 - 16/03/2024 07:00:00,SCA|NO1,mFRR,Not Specified,Not Specified,MARGINAL,47.26,47.26
16/03/2024 07:00:00 - 16/03/2024 08:00:00,SCA|NO1,mFRR,Not Specified,Not Specified,MARGINAL,54.0,49.72
16/03/2024 08:00:00 - 16/03/2024 09:00:00,SCA|NO1,mFRR,Not Specified,Not Specified,MARGINAL,54.0,49.61
16/03/2024 09:00:00 - 16/03/2024 10:00:00,SCA|NO1,mFRR,Not Specified,Not Specified,MARGINAL,50.0,48.15
16/03/2024 10:00:00 - 16/03/2024 11:00:00,SCA|NO1,mFRR,Not Specified,Not Specified,MARGINAL,51.5,46.69
16/03/2024 11:00:00 - 16/03/2024 12:00:00,SCA|NO1,mFRR,Not Specified,Not Specified,MARGINAL,52.0,43.95
16/03/2024 12:00:00 - 16/03/2024 13:00:00,SCA|NO1,mFRR,Not Specified,Not Specified,MARGINAL,52.0,40.02
16/03/2024 13:00:00 - 16/03/2024 14:00:00,SCA|NO1,mFRR,Not Specified,Not Specified,MARGINAL,54.0,43.16
16/03/2024 14:00:00 - 16/03/2024 15:00:00,SCA|NO1,mFRR,Not Specified,Not Specified,MARGINAL,54.0,44.69
16/03/2024 15:00:00 - 16/03/2024 16:00:00,SCA|NO1,mFRR,Not Specified,Not Specified,MARGINAL,54.0,47.2
16/03/2024 16:00:00 - 16/03/2024 17:00:00,SCA|NO1,mFRR,Not Specified,Not Specified,MARGINAL,50.0,49.71
16/03/2024 17:00:00 - 16/03/2024 18:00:00,SCA|NO1,mFRR,Not Specified,Not Specified,MARGINAL,54.0,51.56
16/03/2024 18:00:00 - 16/03/2024 19:00:00,SCA|NO1,mFRR,Not Specified,Not Specified,MARGINAL,55.0,53.56
16/03/2024 19:00:00 - 16/03/2024 20:00:00,SCA|NO1,mFRR,Not Specified,Not Specified,MARGINAL,55.0,53.77
16/03/2024 20:00:00 - 16/03/2024 21:00:00,SCA|NO1,mFRR,Not Specified,Not Specified,MARGINAL,54.0,53.77
16/03/2024 21:00:00 - 16/03/2024 22:00:00,SCA|NO1,mFRR,Not Specified,Not Specified,MARGINAL,59.0,53.74
16/03/2024 22:00:00 - 16/03/2024 23:00:00,SCA|NO1,mFRR,Not Specified,Not Specified,MARGINAL,59.0,53.85
16/03/2024 23:00:00 - 17/03/2024 00:00:00,SCA|NO1,mFRR,Not Specified,Not Specified,MARGINAL,59.0,54.98
17/03/2024 00:00:00 - 17/03/2024 01:00:00,SCA|NO1,mFRR,Not Specified,Not Specified,MARGINAL,58.0,54.72
17/03/2024 01:00:00 - 17/03/2024 02:00:00,SCA|NO1,mFRR,Not Specified,Not Specified,MARGINAL,60.0,54.97
17/03/2024 02:00:00 - 17/03/2024 03:00:00,SCA|NO1,mFRR,Not Specified,Not Specified,MARGINAL,55.0,54.22
17/03/2024 03:00:00 - 17/03/2024 04:00:00,SCA|NO1,mFRR,Not Specified,Not Specified,MARGINAL,54.75,54.75
17/03/2024 04:00:00 - 17/03/2024 05:00:00,SCA|NO1,mFRR,Not Specified,Not Specified,MARGINAL,54.79,54.79
17/03/2024 05:00:00 - 17/03/2024 06:00:00,SCA|NO1,mFRR,Not Specified,Not Specified,MARGINAL,55.06,55.06
17/03/2024 06:00:00 - 17/03/2024 07:00:00,SCA|NO1,mFRR,Not Specified,Not Specified,MARGINAL,54.93,47.5
17/03/2024 07:00:00 - 17/03/2024 08:00:00,SCA|NO1,mFRR,Not Specified,Not Specified,MARGINAL,54.25,47.5
17/03/2024 08:00:00 - 17/03/2024 09:00:00,SCA|NO1,mFRR,Not Specified,Not Specified,MARGINAL,51.4,51.4
17/03/2024 09:00:00 - 17/03/2024 10:00:00,SCA|NO1,mFRR,Not Specified,Not Specified,MARGINAL,49.7,49.7
17/03/2024 10:00:00 - 17/03/2024 11:00:00,SCA|NO1,mFRR,Not Specified,Not Specified,MARGINAL,48.15,40.0
17/03/2024 11:00:00 - 17/03/2024 12:00:00,SCA|NO1,mFRR,Not Specified,Not Specified,MARGINAL,47.28,40.0
17/03/2024 12:00:00 - 17/03/2024 13:00:00,SCA|NO1,mFRR,Not Specified,Not Specified,MARGINAL,45.98,41.0
17/03/2024 13:00:00 - 17/03/2024 14:00:00,SCA|NO1,mFRR,Not Specified,Not Specified,MARGINAL,48.91,41.0
17/03/2024 14:00:00 - 17/03/2024 15:00:00,SCA|NO1,mFRR,Not Specified,Not Specified,MARGINAL,51.65,43.0
17/03/2024 15:00:00 - 17/03/2024 16:00:00,SCA|NO1,mFRR,Not Specified,Not Specified,MARGINAL,54.32,45.5
17/03/2024 16:00:00 - 17/03/2024 17:00:00,SCA|NO1,mFRR,Not Specified,Not Specified,MARGINAL,65.5,57.46
17/03/2024 17:00:00 - 17/03/2024 18:00:00,SCA|NO1,mFRR,Not Specified,Not Specified,MARGINAL,74.0,73.18
17/03/2024 18:00:00 - 17/03/2024 19:00:00,SCA|NO1,mFRR,Not Specified,Not Specified,MARGINAL,92.0,91.38
17/03/2024 19:00:00 - 17/03/2024 20:00:00,SCA|NO1,mFRR,Not Specified,Not Specified,MARGINAL,85.56,85.56
17/03/2024 20:00:00 - 17/03/2024 21:00:00,SCA|NO1,mFRR,Not Specified,Not Specified,MARGINAL,61.02,61.02
17/03/2024 21:00:00 - 17/03/2024 22:00:00,SCA|NO1,mFRR,Not Specified,Not Specified,MARGINAL,60.0,57.73
17/03/2024 22:00:00 - 17/03/2024 23:00:00,SCA|NO1,mFRR,Not Specified,Not Specified,MARGINAL,63.0,55.4
17/03/2024 23:00:00 - 18/03/2024 00:00:00,SCA|NO1,mFRR,Not Specified,Not Specified,MARGINAL,63.0,54.32
18/03/2024 00:00:00 - 18/03/2024 01:00:00,SCA|NO1,mFRR,Not Specified,Not Specified,MARGINAL,61.0,54.55
18/03/2024 01:00:00 - 18/03/2024 02:00:00,SCA|NO1,mFRR,Not Specified,Not Specified,MARGINAL,60.0,54.34
18/03/2024 02:00:00 - 18/03/2024 03:00:00,SCA|NO1,mFRR,Not Specified,Not Specified,MARGINAL,54.2,54.2
18/03/2024 03:00:00 - 18/03/2024 04:00:00,SCA|NO1,mFRR,Not Specified,Not Specified,MARGINAL,54.07,54.07
18/03/2024 04:00:00 - 18/03/2024 05:00:00,SCA|NO1,mFRR,Not Specified,Not Specified,MARGINAL,54.24,54.24
18/03/2024 05:00:00 - 18/03/2024 06:00:00,SCA|NO1,mFRR,Not Specified,Not Specified,MARGINAL,55.6,55.6
18/03/2024 06:00:00 - 18/03/2024 07:00:00,SCA|NO1,mFRR,Not Specified,Not Specified,MARGINAL,57.66,57.66
18/03/2024 07:00:00 - 18/03/2024 08:00:00,SCA|NO1,mFRR,Not Specified,Not Specified,MARGINAL,67.0,66.96
18/03/2024 08:00:00 - 18/03/2024 09:00:00,SCA|NO1,mFRR,Not Specified,Not Specified,MARGINAL,92.0,91.43
18/03/2024 09:00:00 - 18/03/2024 10:00:00,SCA|NO1,mFRR,Not Specified,Not Specified,MARGINAL,79.0,78.47
18/03/2024 10:00:00 - 18/03/2024 11:00:00,SCA|NO1,mFRR,Not Specified,Not Specified,MARGINAL,70.0,69.93
18/03/2024 11:00:00 - 18/03/2024 12:00:00,SCA|NO1,mFRR,Not Specified,Not Specified,MARGINAL,63.15,55.0
18/03/2024 12:00:00 - 18/03/2024 13:00:00,SCA|NO1,mFRR,Not Specified,Not Specified,MARGINAL,61.12,55.0
18/03/2024 13:00:00 - 18/03/2024 14:00:00,SCA|NO1,mFRR,Not Specified,Not Specified,MARGINAL,58.97,55.0
18/03/2024 14:00:00 - 18/03/2024 15:00:00,SCA|NO1,mFRR,Not Specified,Not Specified,MARGINAL,57.75,54.0
18/03/2024 15:00:00 - 18/03/2024 16:00:00,SCA|NO1,mFRR,Not Specified,Not Specified,MARGINAL,57.58,53.0
18/03/2024 16:00:00 - 18/03/2024 17:00:00,SCA|NO1,mFRR,Not Specified,Not Specified,MARGINAL,65.0,57.74
18/03/2024 17:00:00 - 18/03/2024 18:00:00,SCA|NO1,mFRR,Not Specified,Not Specified,MARGINAL,65.5,61.82
18/03/2024 18:00:00 - 18/03/2024 19:00:00,SCA|NO1,mFRR,Not Specified,Not Specified,MARGINAL,65.5,60.9
18/03/2024 19:00:00 - 18/03/2024 20:00:00,SCA|NO1,mFRR,Not Specified,Not Specified,MARGINAL,61.0,60.24
18/03/2024 20:00:00 - 18/03/2024 21:00:00,SCA|NO1,mFRR,Not Specified,Not Specified,MARGINAL,59.91,55.0
18/03/2024 21:00:00 - 18/03/2024 22:00:00,SCA|NO1,mFRR,Not Specified,Not Specified,MARGINAL,57.56,54.0
18/03/2024 22:00:00 - 18/03/2024 23:00:00,SCA|NO1,mFRR,Not Specified,Not Specified,MARGINAL,56.83,54.0
18/03/2024 23:00:00 - 19/03/2024 00:00:00,SCA|NO1,mFRR,Not Specified,Not Specified,MARGINAL,55.34,48.0
19/03/2024 00:00:00 - 19/03/2024 01:00:00,SCA|NO1,mFRR,Not Specified,Not Specified,MARGINAL,55.07,48.0
19/03/2024 01:00:00 - 19/03/2024 02:00:00,SCA|NO1,mFRR,Not Specified,Not Specified,MARGINAL,54.06,49.0
19/03/2024 02:00:00 - 19/03/2024 03:00:00,SCA|NO1,mFRR,Not Specified,Not Specified,MARGINAL,53.52,48.5
19/03/2024 03:00:00 - 19/03/2024 04:00:00,SCA|NO1,mFRR,Not Specified,Not Specified,MARGINAL,51.53,47.0
19/03/2024 04:00:00 - 19/03/2024 05:00:00,SCA|NO1,mFRR,Not Specified,Not Specified,MARGINAL,54.5,47.0
19/03/2024 05:00:00 - 19/03/2024 06:00:00,SCA|NO1,mFRR,Not Specified,Not Specified,MARGINAL,54.95,49.0
19/03/2024 06:00:00 - 19/03/2024 07:00:00,SCA|NO1,mFRR,Not Specified,Not Specified,MARGINAL,59.09,50.5
19/03/2024 07:00:00 - 19/03/2024 08:00:00,SCA|NO1,mFRR,Not Specified,Not Specified,MARGINAL,88.4,54.0
19/03/2024 08:00:00 - 19/03/2024 09:00:00,SCA|NO1,mFRR,Not Specified,Not Specified,MARGINAL,93.09,55.5
19/03/2024 09:00:00 - 19/03/2024 10:00:00,SCA|NO1,mFRR,Not Specified,Not Specified,MARGINAL,69.76,69.76
19/03/2024 10:00:00 - 19/03/2024 11:00:00,SCA|NO1,mFRR,Not Specified,Not Specified,MARGINAL,63.0,61.12
19/03/2024 11:00:00 - 19/03/2024 12:00:00,SCA|NO1,mFRR,Not Specified,Not Specified,MARGINAL,62.0,57.09
19/03/2024 12:00:00 - 19/03/2024 13:00:00,SCA|NO1,mFRR,Not Specified,Not Specified,MARGINAL,57.0,49.0
19/03/2024 13:00:00 - 19/03/2024 14:00:00,SCA|NO1,mFRR,Not Specified,Not Specified,MARGINAL,54.96,46.5
19/03/2024 14:00:00 - 19/03/2024 15:00:00,SCA|NO1,mFRR,Not Specified,Not Specified,MARGINAL,65.5,56.24
19/03/2024 15:00:00 - 19/03/2024 16:00:00,SCA|NO1,mFRR,Not Specified,Not Specified,MARGINAL,67.5,58.27
19/03/2024 16:00:00 - 19/03/2024 17:00:00,SCA|NO1,mFRR,Not Specified,Not Specified,MARGINAL,66.5,62.37
19/03/2024 17:00:00 - 19/03/2024 18:00:00,SCA|NO1,mFRR,Not Specified,Not Specified,MARGINAL,68.7,68.7
19/03/2024 18:00:00 - 19/03/2024 19:00:00,SCA|NO1,mFRR,Not Specified,Not Specified,MARGINAL,66.5,66.24
19/03/2024 19:00:00 - 19/03/2024 20:00:00,SCA|NO1,mFRR,Not Specified,Not Specified,MARGINAL,63.33,59.16
19/03/2024 20:00:00 - 19/03/2024 21:00:00,SCA|NO1,mFRR,Not Specified,Not Specified,MARGINAL,69.5,57.52
19/03/2024 21:00:00 - 19/03/2024 22:00:00,SCA|NO1,mFRR,Not Specified,Not Specified,MARGINAL,69.0,57.48
19/03/2024 22:00:00 - 19/03/2024 23:00:00,SCA|NO1,mFRR,Not Specified,Not Specified,MARGINAL,65.0,57.56
19/03/2024 23:00:00 - 20/03/2024 00:00:00,SCA|NO1,mFRR,Not Specified,Not Specified,MARGINAL,62.0,56.78
20/03/2024 00:00:00 - 20/03/2024 01:00:00,SCA|NO1,mFRR,Not Specified,Not Specified,MARGINAL,63.5,57.79
20/03/2024 01:00:00 - 20/03/2024 02:00:00,SCA|NO1,mFRR,Not Specified,Not Specified,MARGINAL,60.5,57.5
20/03/2024 02:00:00 - 20/03/2024 03:00:00,SCA|NO1,mFRR,Not Specified,Not Specified,MARGINAL,59.0,57.31
20/03/2024 03:00:00 - 20/03/2024 04:00:00,SCA|NO1,mFRR,Not Specified,Not Specified,MARGINAL,59.0,57.29
20/03/2024 04:00:00 - 20/03/2024 05:00:00,SCA|NO1,mFRR,Not Specified,Not Specified,MARGINAL,62.0,57.4
20/03/2024 05:00:00 - 20/03/2024 06:00:00,SCA|NO1,mFRR,Not Specified,Not Specified,MARGINAL,62.0,57.94
20/03/2024 06:00:00 - 20/03/2024 07:00:00,SCA|NO1,mFRR,Not Specified,Not Specified,MARGINAL,59.73,53.5
20/03/2024 07:00:00 - 20/03/2024 08:00:00,SCA|NO1,mFRR,Not Specified,Not Specified,MARGINAL,111.95,57.0
20/03/2024 08:00:00 - 20/03/2024 09:00:00,SCA|NO1,mFRR,Not Specified,Not Specified,MARGINAL,96.28,95.97
20/03/2024 09:00:00 - 20/03/2024 10:00:00,SCA|NO1,mFRR,Not Specified,Not Specified,MARGINAL,70.0,68.92
20/03/2024 10:00:00 - 20/03/2024 11:00:00,SCA|NO1,mFRR,Not Specified,Not Specified,MARGINAL,65.5,64.09
20/03/2024 11:00:00 - 20/03/2024 12:00:00,SCA|NO1,mFRR,Not Specified,Not Specified,MARGINAL,65.0,63.36
20/03/2024 12:00:00 - 20/03/2024 13:00:00,SCA|NO1,mFRR,Not Specified,Not Specified,MARGINAL,62.5,59.96
20/03/2024 13:00:00 - 20/03/2024 14:00:00,SCA|NO1,mFRR,Not Specified,Not Specified,MARGINAL,65.0,61.97
20/03/2024 14:00:00 - 20/03/2024 15:00:00,SCA|NO1,mFRR,Not Specified,Not Specified,MARGINAL,62.81,55.0
20/03/2024 15:00:00 - 20/03/2024 16:00:00,SCA|NO1,mFRR,Not Specified,Not Specified,MARGINAL,68.13,55.0
20/03/2024 16:00:00 - 20/03/2024 17:00:00,SCA|NO1,mFRR,Not Specified,Not Specified,MARGINAL,74.82,73.52
20/03/2024 17:00:00 - 20/03/2024 18:00:00,SCA|NO1,mFRR,Not Specified,Not Specified,MARGINAL,113.0,112.29
20/03/2024 18:00:00 - 20/03/2024 19:00:00,SCA|NO1,mFRR,Not Specified,Not Specified,MARGINAL,159.0,158.48
20/03/2024 19:00:00 - 20/03/2024 20:00:00,SCA|NO1,mFRR,Not Specified,Not Specified,MARGINAL,110.0,98.1
20/03/2024 20:00:00 - 20/03/2024 21:00:00,SCA|NO1,mFRR,Not Specified,Not Specified,MARGINAL,70.0,65.02
20/03/2024 21:00:00 - 20/03/2024 22:00:00,SCA|NO1,mFRR,Not Specified,Not Specified,MARGINAL,83.0,61.19
20/03/2024 22:00:00 - 20/03/2024 23:00:00,SCA|NO1,mFRR,Not Specified,Not Specified,MARGINAL,83.0,59.31
20/03/2024 23:00:00 - 21/03/2024 00:00:00,SCA|NO1,mFRR,Not Specified,Not Specified,MARGINAL,67.0,58.09
21/03/2024 00:00:00 - 21/03/2024 01:00:00,SCA|NO1,mFRR,Not Specified,Not Specified,MARGINAL,68.5,59.41
21/03/2024 01:00:00 - 21/03/2024 02:00:00,SCA|NO1,mFRR,Not Specified,Not Specified,MARGINAL,68.5,58.83
21/03/2024 02:00:00 - 21/03/2024 03:00:00,SCA|NO1,mFRR,Not Specified,Not Specified,MARGINAL,68.0,58.51
21/03/2024 03:00:00 - 21/03/2024 04:00:00,SCA|NO1,mFRR,Not Specified,Not Specified,MARGINAL,58.55,52.0
21/03/2024 04:00:00 - 21/03/2024 05:00:00,SCA|NO1,mFRR,Not Specified,Not Specified,MARGINAL,59.03,52.0
21/03/2024 05:00:00 - 21/03/2024 06:00:00,SCA|NO1,mFRR,Not Specified,Not Specified,MARGINAL,61.01,54.0
21/03/2024 06:00:00 - 21/03/2024 07:00:00,SCA|NO1,mFRR,Not Specified,Not Specified,MARGINAL,86.0,66.47
21/03/2024 07:00:00 - 21/03/2024 08:00:00,SCA|NO1,mFRR,Not Specified,Not Specified,MARGINAL,94.27,94.27
21/03/2024 08:00:00 - 21/03/2024 09:00:00,SCA|NO1,mFRR,Not Specified,Not Specified,MARGINAL,102.0,100.01
21/03/2024 09:00:00 - 21/03/2024 10:00:00,SCA|NO1,mFRR,Not Specified,Not Specified,MARGINAL,79.0,77.68
21/03/2024 10:00:00 - 21/03/2024 11:00:00,SCA|NO1,mFRR,Not Specified,Not Specified,MARGINAL,70.34,70.34
21/03/2024 11:00:00 - 21/03/2024 12:00:00,SCA|NO1,mFRR,Not Specified,Not Specified,MARGINAL,66.03,66.03
21/03/2024 12:00:00 - 21/03/2024 13:00:00,SCA|NO1,mFRR,Not Specified,Not Specified,MARGINAL,70.0,62.76
21/03/2024 13:00:00 - 21/03/2024 14:00:00,SCA|NO1,mFRR,Not Specified,Not Specified,MARGINAL,63.0,59.64
21/03/2024 14:00:00 - 21/03/2024 15:00:00,SCA|NO1,mFRR,Not Specified,Not Specified,MARGINAL,67.5,61.93
21/03/2024 15:00:00 - 21/03/2024 16:00:00,SCA|NO1,mFRR,Not Specified,Not Specified,MARGINAL,67.5,62.13
21/03/2024 16:00:00 - 21/03/2024 17:00:00,SCA|NO1,mFRR,Not Specified,Not Specified,MARGINAL,61.76,61.76
21/03/2024 17:00:00 - 21/03/2024 18:00:00,SCA|NO1,mFRR,Not Specified,Not Specified,MARGINAL,89.02,57.0
21/03/2024 18:00:00 - 21/03/2024 19:00:00,SCA|NO1,mFRR,Not Specified,Not Specified,MARGINAL,117.13,56.5
21/03/2024 19:00:00 - 21/03/2024 20:00:00,SCA|NO1,mFRR,Not Specified,Not Specified,MARGINAL,116.83,55.5
21/03/2024 20:00:00 - 21/03/2024 21:00:00,SCA|NO1,mFRR,Not Specified,Not Specified,MARGINAL,81.91,55.5
21/03/2024 21:00:00 - 21/03/2024 22:00:00,SCA|NO1,mFRR,Not Specified,Not Specified,MARGINAL,61.49,57.5
21/03/2024 22:00:00 - 21/03/2024 23:00:00,SCA|NO1,mFRR,Not Specified,Not Specified,MARGINAL,59.52,59.52
21/03/2024 23:00:00 - 22/03/2024 00:00:00,SCA|NO1,mFRR,Not Specified,Not Specified,MARGINAL,56.92,49.5
22/03/2024 00:00:00 - 22/03/2024 01:00:00,SCA|NO1,mFRR,Not Specified,Not Specified,MARGINAL,57.5,54.27
22/03/2024 01:00:00 - 22/03/2024 02:00:00,SCA|NO1,mFRR,Not Specified,Not Specified,MARGINAL,55.0,50.62
22/03/2024 02:00:00 - 22/03/2024 03:00:00,SCA|NO1,mFRR,Not Specified,Not Specified,MARGINAL,52.0,48.15
22/03/2024 03:00:00 - 22/03/2024 04:00:00,SCA|NO1,mFRR,Not Specified,Not Specified,MARGINAL,47.26,47.26
22/03/2024 04:00:00 - 22/03/2024 05:00:00,SCA|NO1,mFRR,Not Specified,Not Specified,MARGINAL,45.21,45.21
22/03/2024 05:00:00 - 22/03/2024 06:00:00,SCA|NO1,mFRR,Not Specified,Not Specified,MARGINAL,48.35,43.0
22/03/2024 06:00:00 - 22/03/2024 07:00:00,SCA|NO1,mFRR,Not Specified,Not Specified,MARGINAL,51.3,43.0
22/03/2024 07:00:00 - 22/03/2024 08:00:00,SCA|NO1,mFRR,Not Specified,Not Specified,MARGINAL,60.0,55.1
22/03/2024 08:00:00 - 22/03/2024 09:00:00,SCA|NO1,mFRR,Not Specified,Not Specified,MARGINAL,59.0,51.73
22/03/2024 09:00:00 - 22/03/2024 10:00:00,SCA|NO1,mFRR,Not Specified,Not Specified,MARGINAL,55.64,46.0
22/03/2024 10:00:00 - 22/03/2024 11:00:00,SCA|NO1,mFRR,Not Specified,Not Specified,MARGINAL,53.25,46.0
22/03/2024 11:00:00 - 22/03/2024 12:00:00,SCA|NO1,mFRR,Not Specified,Not Specified,MARGINAL,51.45,42.0
22/03/2024 12:00:00 - 22/03/2024 13:00:00,SCA|NO1,mFRR,Not Specified,Not Specified,MARGINAL,55.0,42.0
22/03/2024 13:00:00 - 22/03/2024 14:00:00,SCA|NO1,mFRR,Not Specified,Not Specified,MARGINAL,60.0,51.76
22/03/2024 14:00:00 - 22/03/2024 15:00:00,SCA|NO1,mFRR,Not Specified,Not Specified,MARGINAL,51.29,46.0
22/03/2024 15:00:00 - 22/03/2024 16:00:00,SCA|NO1,mFRR,Not Specified,Not Specified,MARGINAL,52.8,46.0
22/03/2024 16:00:00 - 22/03/2024 17:00:00,SCA|NO1,mFRR,Not Specified,Not Specified,MARGINAL,53.42,44.0
22/03/2024 17:00:00 - 22/03/2024 18:00:00,SCA|NO1,mFRR,Not Specified,Not Specified,MARGINAL,58.03,45.0
22/03/2024 18:00:00 - 22/03/2024 19:00:00,SCA|NO1,mFRR,Not Specified,Not Specified,MARGINAL,64.51,59.51
22/03/2024 19:00:00 - 22/03/2024 20:00:00,SCA|NO1,mFRR,Not Specified,Not Specified,MARGINAL,64.5,59.73
22/03/2024 20:00:00 - 22/03/2024 21:00:00,SCA|NO1,mFRR,Not Specified,Not Specified,MARGINAL,61.5,51.5
22/03/2024 21:00:00 - 22/03/2024 22:00:00,SCA|NO1,mFRR,Not Specified,Not Specified,MARGINAL,58.75,50.0
22/03/2024 22:00:00 - 22/03/2024 23:00:00,SCA|NO1,mFRR,Not Specified,Not Specified,MARGINAL,56.8,56.8
22/03/2024 23:00:00 - 23/03/2024 00:00:00,SCA|NO1,mFRR,Not Specified,Not Specified,MARGINAL,54.51,54.51
23/03/2024 00:00:00 - 23/03/2024 01:00:00,SCA|NO1,mFRR,Not Specified,Not Specified,MARGINAL,60.0,53.23
23/03/2024 01:00:00 - 23/03/2024 02:00:00,SCA|NO1,mFRR,Not Specified,Not Specified,MARGINAL,60.0,51.17
23/03/2024 02:00:00 - 23/03/2024 03:00:00,SCA|NO1,mFRR,Not Specified,Not Specified,MARGINAL,60.0,51.01
23/03/2024 03:00:00 - 23/03/2024 04:00:00,SCA|NO1,mFRR,Not Specified,Not Specified,MARGINAL,55.0,50.01
23/03/2024 04:00:00 - 23/03/2024 05:00:00,SCA|NO1,mFRR,Not Specified,Not Specified,MARGINAL,50.44,50.44
23/03/2024 05:00:00 - 23/03/2024 06:00:00,SCA|NO1,mFRR,Not Specified,Not Specified,MARGINAL,50.28,50.28
23/03/2024 06:00:00 - 23/03/2024 07:00:00,SCA|NO1,mFRR,Not Specified,Not Specified,MARGINAL,49.3,49.3
23/03/2024 07:00:00 - 23/03/2024 08:00:00,SCA|NO1,mFRR,Not Specified,Not Specified,MARGINAL,52.0,44.78
23/03/2024 08:00:00 - 23/03/2024 09:00:00,SCA|NO1,mFRR,Not Specified,Not Specified,MARGINAL,42.0,37.72
23/03/2024 09:00:00 - 23/03/2024 10:00:00,SCA|NO1,mFRR,Not Specified,Not Specified,MARGINAL,23.93,23.93
23/03/2024 10:00:00 - 23/03/2024 11:00:00,SCA|NO1,mFRR,Not Specified,Not Specified,MARGINAL,20.0,11.6
23/03/2024 11:00:00 - 23/03/2024 12:00:00,SCA|NO1,mFRR,Not Specified,Not Specified,MARGINAL,10.4,2.0
23/03/2024 12:00:00 - 23/03/2024 13:00:00,SCA|NO1,mFRR,Not Specified,Not Specified,MARGINAL,10.35,2.0
23/03/2024 13:00:00 - 23/03/2024 14:00:00,SCA|NO1,mFRR,Not Specified,Not Specified,MARGINAL,14.52,2.0
23/03/2024 14:00:00 - 23/03/2024 15:00:00,SCA|NO1,mFRR,Not Specified,Not Specified,MARGINAL,23.96,2.0
23/03/2024 15:00:00 - 23/03/2024 16:00:00,SCA|NO1,mFRR,Not Specified,Not Specified,MARGINAL,29.28,9.0
23/03/2024 16:00:00 - 23/03/2024 17:00:00,SCA|NO1,mFRR,Not Specified,Not Specified,MARGINAL,42.0,38.37
23/03/2024 17:00:00 - 23/03/2024 18:00:00,SCA|NO1,mFRR,Not Specified,Not Specified,MARGINAL,52.0,48.29
23/03/2024 18:00:00 - 23/03/2024 19:00:00,SCA|NO1,mFRR,Not Specified,Not Specified,MARGINAL,65.0,54.89
23/03/2024 19:00:00 - 23/03/2024 20:00:00,SCA|NO1,mFRR,Not Specified,Not Specified,MARGINAL,67.5,58.64
23/03/2024 20:00:00 - 23/03/2024 21:00:00,SCA|NO1,mFRR,Not Specified,Not Specified,MARGINAL,65.0,52.94
23/03/2024 21:00:00 - 23/03/2024 22:00:00,SCA|NO1,mFRR,Not Specified,Not Specified,MARGINAL,48.01,48.01
23/03/2024 22:00:00 - 23/03/2024 23:00:00,SCA|NO1,mFRR,Not Specified,Not Specified,MARGINAL,40.28,40.28
23/03/2024 23:00:00 - 24/03/2024 00:00:00,SCA|NO1,mFRR,Not Specified,Not Specified,MARGINAL,31.22,31.22
24/03/2024 00:00:00 - 24/03/2024 01:00:00,SCA|NO1,mFRR,Not Specified,Not Specified,MARGINAL,36.26,19.5
24/03/2024 01:00:00 - 24/03/2024 02:00:00,SCA|NO1,mFRR,Not Specified,Not Specified,MARGINAL,33.87,19.5
24/03/2024 02:00:00 - 24/03/2024 03:00:00,SCA|NO1,mFRR,Not Specified,Not Specified,MARGINAL,33.37,33.37
24/03/2024 03:00:00 - 24/03/2024 04:00:00,SCA|NO1,mFRR,Not Specified,Not Specified,MARGINAL,33.54,33.54
24/03/2024 04:00:00 - 24/03/2024 05:00:00,SCA|NO1,mFRR,Not Specified,Not Specified,MARGINAL,35.16,19.52
24/03/2024 05:00:00 - 24/03/2024 06:00:00,SCA|NO1,mFRR,Not Specified,Not Specified,MARGINAL,36.34,19.5
24/03/2024 06:00:00 - 24/03/2024 07:00:00,SCA|NO1,mFRR,Not Specified,Not Specified,MARGINAL,33.17,19.5
24/03/2024 07:00:00 - 24/03/2024 08:00:00,SCA|NO1,mFRR,Not Specified,Not Specified,MARGINAL,37.23,19.5
24/03/2024 08:00:00 - 24/03/2024 09:00:00,SCA|NO1,mFRR,Not Specified,Not Specified,MARGINAL,41.92,18.91
24/03/2024 09:00:00 - 24/03/2024 10:00:00,SCA|NO1,mFRR,Not Specified,Not Specified,MARGINAL,45.09,27.0
24/03/2024 10:00:00 - 24/03/2024 11:00:00,SCA|NO1,mFRR,Not Specified,Not Specified,MARGINAL,46.25,31.0
24/03/2024 11:00:00 - 24/03/2024 12:00:00,SCA|NO1,mFRR,Not Specified,Not Specified,MARGINAL,48.23,26.0
24/03/2024 12:00:00 - 24/03/2024 13:00:00,SCA|NO1,mFRR,Not Specified,Not Specified,,,
24/03/2024 13:00:00 - 24/03/2024 14:00:00,SCA|NO1,mFRR,Not Specified,Not Specified,MARGINAL,49.75,33.39
24/03/2024 14:00:00 - 24/03/2024 15:00:00,SCA|NO1,mFRR,Not Specified,Not Specified,MARGINAL,50.51,33.52
24/03/2024 15:00:00 - 24/03/2024 16:00:00,SCA|NO1,mFRR,Not Specified,Not Specified,MARGINAL,51.99,33.52
24/03/2024 16:00:00 - 24/03/2024 17:00:00,SCA|NO1,mFRR,Not Specified,Not Specified,MARGINAL,54.9,39.89
24/03/2024 17:00:00 - 24/03/2024 18:00:00,SCA|NO1,mFRR,Not Specified,Not Specified,MARGINAL,59.4,49.57
24/03/2024 18:00:00 - 24/03/2024 19:00:00,SCA|NO1,mFRR,Not Specified,Not Specified,MARGINAL,67.4,55.0
24/03/2024 19:00:00 - 24/03/2024 20:00:00,SCA|NO1,mFRR,Not Specified,Not Specified,MARGINAL,72.73,56.0
24/03/2024 20:00:00 - 24/03/2024 21:00:00,SCA|NO1,mFRR,Not Specified,Not Specified,MARGINAL,64.96,55.0
24/03/2024 21:00:00 - 24/03/2024 22:00:00,SCA|NO1,mFRR,Not Specified,Not Specified,MARGINAL,62.9,54.5
24/03/2024 22:00:00 - 24/03/2024 23:00:00,SCA|NO1,mFRR,Not Specified,Not Specified,MARGINAL,62.41,55.0
24/03/2024 23:00:00 - 25/03/2024 00:00:00,SCA|NO1,mFRR,Not Specified,Not Specified,MARGINAL,61.15,55.0
25/03/2024 00:00:00 - 25/03/2024 01:00:00,SCA|NO1,mFRR,Not Specified,Not Specified,MARGINAL,60.7,51.23
25/03/2024 01:00:00 - 25/03/2024 02:00:00,SCA|NO1,mFRR,Not Specified,Not Specified,MARGINAL,60.49,51.5
25/03/2024 02:00:00 - 25/03/2024 03:00:00,SCA|NO1,mFRR,Not Specified,Not Specified,MARGINAL,60.67,51.5
25/03/2024 03:00:00 - 25/03/2024 04:00:00,SCA|NO1,mFRR,Not Specified,Not Specified,MARGINAL,62.51,54.0
25/03/2024 04:00:00 - 25/03/2024 05:00:00,SCA|NO1,mFRR,Not Specified,Not Specified,MARGINAL,64.88,54.5
25/03/2024 05:00:00 - 25/03/2024 06:00:00,SCA|NO1,mFRR,Not Specified,Not Specified,MARGINAL,74.18,54.5
25/03/2024 06:00:00 - 25/03/2024 07:00:00,SCA|NO1,mFRR,Not Specified,Not Specified,MARGINAL,85.46,54.5
25/03/2024 07:00:00 - 25/03/2024 08:00:00,SCA|NO1,mFRR,Not Specified,Not Specified,MARGINAL,110.57,55.0
25/03/2024 08:00:00 - 25/03/2024 09:00:00,SCA|NO1,mFRR,Not Specified,Not Specified,MARGINAL,96.79,55.5
25/03/2024 09:00:00 - 25/03/2024 10:00:00,SCA|NO1,mFRR,Not Specified,Not Specified,MARGINAL,75.19,55.5
25/03/2024 10:00:00 - 25/03/2024 11:00:00,SCA|NO1,mFRR,Not Specified,Not Specified,MARGINAL,68.02,57.0
25/03/2024 11:00:00 - 25/03/2024 12:00:00,SCA|NO1,mFRR,Not Specified,Not Specified,MARGINAL,65.5,61.69
25/03/2024 12:00:00 - 25/03/2024 13:00:00,SCA|NO1,mFRR,Not Specified,Not Specified,MARGINAL,63.0,60.31
25/03/2024 13:00:00 - 25/03/2024 14:00:00,SCA|NO1,mFRR,Not Specified,Not Specified,MARGINAL,61.26,61.26
25/03/2024 14:00:00 - 25/03/2024 15:00:00,SCA|NO1,mFRR,Not Specified,Not Specified,MARGINAL,62.65,62.65
25/03/2024 15:00:00 - 25/03/2024 16:00:00,SCA|NO1,mFRR,Not Specified,Not Specified,MARGINAL,71.52,71.52
25/03/2024 16:00:00 - 25/03/2024 17:00:00,SCA|NO1,mFRR,Not Specified,Not Specified,MARGINAL,76.96,60.12
25/03/2024 17:00:00 - 25/03/2024 18:00:00,SCA|NO1,mFRR,Not Specified,Not Specified,MARGINAL,101.96,60.12
25/03/2024 18:00:00 - 25/03/2024 19:00:00,SCA|NO1,mFRR,Not Specified,Not Specified,MARGINAL,160.12,60.34
25/03/2024 19:00:00 - 25/03/2024 20:00:00,SCA|NO1,mFRR,Not Specified,Not Specified,MARGINAL,142.56,142.56
25/03/2024 20:00:00 - 25/03/2024 21:00:00,SCA|NO1,mFRR,Not Specified,Not Specified,MARGINAL,99.55,99.55
25/03/2024 21:00:00 - 25/03/2024 22:00:00,SCA|NO1,mFRR,Not Specified,Not Specified,MARGINAL,68.97,59.0
25/03/2024 22:00:00 - 25/03/2024 23:00:00,SCA|NO1,mFRR,Not Specified,Not Specified,MARGINAL,72.73,59.5
25/03/2024 23:00:00 - 26/03/2024 00:00:00,SCA|NO1,mFRR,Not Specified,Not Specified,MARGINAL,68.95,60.34
26/03/2024 00:00:00 - 26/03/2024 01:00:00,SCA|NO1,mFRR,Not Specified,Not Specified,MARGINAL,73.0,70.66
26/03/2024 01:00:00 - 26/03/2024 02:00:00,SCA|NO1,mFRR,Not Specified,Not Specified,MARGINAL,73.15,64.08
26/03/2024 02:00:00 - 26/03/2024 03:00:00,SCA|NO1,mFRR,Not Specified,Not Specified,MARGINAL,73.0,63.76
26/03/2024 03:00:00 - 26/03/2024 04:00:00,SCA|NO1,mFRR,Not Specified,Not Specified,MARGINAL,70.51,63.89
26/03/2024 04:00:00 - 26/03/2024 05:00:00,SCA|NO1,mFRR,Not Specified,Not Specified,MARGINAL,69.5,61.99
26/03/2024 05:00:00 - 26/03/2024 06:00:00,SCA|NO1,mFRR,Not Specified,Not Specified,MARGINAL,69.5,65.12
26/03/2024 06:00:00 - 26/03/2024 07:00:00,SCA|NO1,mFRR,Not Specified,Not Specified,MARGINAL,78.0,72.92
26/03/2024 07:00:00 - 26/03/2024 08:00:00,SCA|NO1,mFRR,Not Specified,Not Specified,MARGINAL,79.2,79.2
26/03/2024 08:00:00 - 26/03/2024 09:00:00,SCA|NO1,mFRR,Not Specified,Not Specified,MARGINAL,69.79,69.79
26/03/2024 09:00:00 - 26/03/2024 10:00:00,SCA|NO1,mFRR,Not Specified,Not Specified,MARGINAL,59.48,59.48
26/03/2024 10:00:00 - 26/03/2024 11:00:00,SCA|NO1,mFRR,Not Specified,Not Specified,MARGINAL,54.85,54.85
26/03/2024 11:00:00 - 26/03/2024 12:00:00,SCA|NO1,mFRR,Not Specified,Not Specified,MARGINAL,52.22,52.22
26/03/2024 12:00:00 - 26/03/2024 13:00:00,SCA|NO1,mFRR,Not Specified,Not Specified,MARGINAL,64.0,49.92
26/03/2024 13:00:00 - 26/03/2024 14:00:00,SCA|NO1,mFRR,Not Specified,Not Specified,MARGINAL,64.0,47.99
26/03/2024 14:00:00 - 26/03/2024 15:00:00,SCA|NO1,mFRR,Not Specified,Not Specified,MARGINAL,66.5,49.56
26/03/2024 15:00:00 - 26/03/2024 16:00:00,SCA|NO1,mFRR,Not Specified,Not Specified,MARGINAL,66.5,55.14
26/03/2024 16:00:00 - 26/03/2024 17:00:00,SCA|NO1,mFRR,Not Specified,Not Specified,MARGINAL,66.5,58.95
26/03/2024 17:00:00 - 26/03/2024 18:00:00,SCA|NO1,mFRR,Not Specified,Not Specified,MARGINAL,61.03,55.0
26/03/2024 18:00:00 - 26/03/2024 19:00:00,SCA|NO1,mFRR,Not Specified,Not Specified,MARGINAL,61.59,55.0
26/03/2024 19:00:00 - 26/03/2024 20:00:00,SCA|NO1,mFRR,Not Specified,Not Specified,MARGINAL,59.86,57.0
26/03/2024 20:00:00 - 26/03/2024 21:00:00,SCA|NO1,mFRR,Not Specified,Not Specified,MARGINAL,62.5,58.36
26/03/2024 21:00:00 - 26/03/2024 22:00:00,SCA|NO1,mFRR,Not Specified,Not Specified,MARGINAL,66.0,58.01
26/03/2024 22:00:00 - 26/03/2024 23:00:00,SCA|NO1,mFRR,Not Specified,Not Specified,MARGINAL,65.0,56.65
26/03/2024 23:00:00 - 27/03/2024 00:00:00,SCA|NO1,mFRR,Not Specified,Not Specified,MARGINAL,55.17,55.17
27/03/2024 00:00:00 - 27/03/2024 01:00:00,SCA|NO1,mFRR,Not Specified,Not Specified,MARGINAL,59.0,56.09
27/03/2024 01:00:00 - 27/03/2024 02:00:00,SCA|NO1,mFRR,Not Specified,Not Specified,MARGINAL,60.0,55.26
27/03/2024 02:00:00 - 27/03/2024 03:00:00,SCA|NO1,mFRR,Not Specified,Not Specified,MARGINAL,59.0,55.45
27/03/2024 03:00:00 - 27/03/2024 04:00:00,SCA|NO1,mFRR,Not Specified,Not Specified,MARGINAL,56.0,53.86
27/03/2024 04:00:00 - 27/03/2024 05:00:00,SCA|NO1,mFRR,Not Specified,Not Specified,MARGINAL,52.95,46.0
27/03/2024 05:00:00 - 27/03/2024 06:00:00,SCA|NO1,mFRR,Not Specified,Not Specified,MARGINAL,54.14,44.0
27/03/2024 06:00:00 - 27/03/2024 07:00:00,SCA|NO1,mFRR,Not Specified,Not Specified,MARGINAL,56.89,48.0
27/03/2024 07:00:00 - 27/03/2024 08:00:00,SCA|NO1,mFRR,Not Specified,Not Specified,MARGINAL,58.91,58.91
27/03/2024 08:00:00 - 27/03/2024 09:00:00,SCA|NO1,mFRR,Not Specified,Not Specified,MARGINAL,59.72,59.72
27/03/2024 09:00:00 - 27/03/2024 10:00:00,SCA|NO1,mFRR,Not Specified,Not Specified,MARGINAL,59.48,59.48
27/03/2024 10:00:00 - 27/03/2024 11:00:00,SCA|NO1,mFRR,Not Specified,Not Specified,MARGINAL,59.38,59.38
27/03/2024 11:00:00 - 27/03/2024 12:00:00,SCA|NO1,mFRR,Not Specified,Not Specified,MARGINAL,57.13,57.13
27/03/2024 12:00:00 - 27/03/2024 13:00:00,SCA|NO1,mFRR,Not Specified,Not Specified,MARGINAL,56.53,56.53
27/03/2024 13:00:00 - 27/03/2024 14:00:00,SCA|NO1,mFRR,Not Specified,Not Specified,MARGINAL,57.66,55.5
27/03/2024 14:00:00 - 27/03/2024 15:00:00,SCA|NO1,mFRR,Not Specified,Not Specified,MARGINAL,59.46,54.0
27/03/2024 15:00:00 - 27/03/2024 16:00:00,SCA|NO1,mFRR,Not Specified,Not Specified,MARGINAL,59.95,54.0
27/03/2024 16:00:00 - 27/03/2024 17:00:00,SCA|NO1,mFRR,Not Specified,Not Specified,MARGINAL,60.49,56.0
27/03/2024 17:00:00 - 27/03/2024 18:00:00,SCA|NO1,mFRR,Not Specified,Not Specified,MARGINAL,60.91,56.0
27/03/2024 18:00:00 - 27/03/2024 19:00:00,SCA|NO1,mFRR,Not Specified,Not Specified,MARGINAL,60.53,56.0
27/03/2024 19:00:00 - 27/03/2024 20:00:00,SCA|NO1,mFRR,Not Specified,Not Specified,MARGINAL,60.34,56.0
27/03/2024 20:00:00 - 27/03/2024 21:00:00,SCA|NO1,mFRR,Not Specified,Not Specified,MARGINAL,60.06,60.06
27/03/2024 21:00:00 - 27/03/2024 22:00:00,SCA|NO1,mFRR,Not Specified,Not Specified,MARGINAL,59.87,59.87
27/03/2024 22:00:00 - 27/03/2024 23:00:00,SCA|NO1,mFRR,Not Specified,Not Specified,MARGINAL,59.53,59.53
27/03/2024 23:00:00 - 28/03/2024 00:00:00,SCA|NO1,mFRR,Not Specified,Not Specified,MARGINAL,59.11,59.11
28/03/2024 00:00:00 - 28/03/2024 01:00:00,SCA|NO1,mFRR,Not Specified,Not Specified,MARGINAL,58.94,58.94
28/03/2024 01:00:00 - 28/03/2024 02:00:00,SCA|NO1,mFRR,Not Specified,Not Specified,MARGINAL,57.98,57.98
28/03/2024 02:00:00 - 28/03/2024 03:00:00,SCA|NO1,mFRR,Not Specified,Not Specified,MARGINAL,57.66,48.0
28/03/2024 03:00:00 - 28/03/2024 04:00:00,SCA|NO1,mFRR,Not Specified,Not Specified,MARGINAL,58.0,48.0
28/03/2024 04:00:00 - 28/03/2024 05:00:00,SCA|NO1,mFRR,Not Specified,Not Specified,MARGINAL,58.0,55.74
28/03/2024 05:00:00 - 28/03/2024 06:00:00,SCA|NO1,mFRR,Not Specified,Not Specified,MARGINAL,58.0,56.46
28/03/2024 06:00:00 - 28/03/2024 07:00:00,SCA|NO1,mFRR,Not Specified,Not Specified,MARGINAL,58.0,57.66
28/03/2024 07:00:00 - 28/03/2024 08:00:00,SCA|NO1,mFRR,Not Specified,Not Specified,MARGINAL,59.0,59.0
28/03/2024 08:00:00 - 28/03/2024 09:00:00,SCA|NO1,mFRR,Not Specified,Not Specified,MARGINAL,57.73,50.0
28/03/2024 09:00:00 - 28/03/2024 10:00:00,SCA|NO1,mFRR,Not Specified,Not Specified,MARGINAL,56.28,50.0
28/03/2024 10:00:00 - 28/03/2024 11:00:00,SCA|NO1,mFRR,Not Specified,Not Specified,MARGINAL,54.03,45.0
28/03/2024 11:00:00 - 28/03/2024 12:00:00,SCA|NO1,mFRR,Not Specified,Not Specified,MARGINAL,49.91,46.0
28/03/2024 12:00:00 - 28/03/2024 13:00:00,SCA|NO1,mFRR,Not Specified,Not Specified,MARGINAL,56.0,45.99
28/03/2024 13:00:00 - 28/03/2024 14:00:00,SCA|NO1,mFRR,Not Specified,Not Specified,MARGINAL,59.0,44.61
28/03/2024 14:00:00 - 28/03/2024 15:00:00,SCA|NO1,mFRR,Not Specified,Not Specified,MARGINAL,51.0,40.96
28/03/2024 15:00:00 - 28/03/2024 16:00:00,SCA|NO1,mFRR,Not Specified,Not Specified,MARGINAL,52.0,42.47
28/03/2024 16:00:00 - 28/03/2024 17:00:00,SCA|NO1,mFRR,Not Specified,Not Specified,MARGINAL,58.14,46.46
28/03/2024 17:00:00 - 28/03/2024 18:00:00,SCA|NO1,mFRR,Not Specified,Not Specified,MARGINAL,55.0,52.46
28/03/2024 18:00:00 - 28/03/2024 19:00:00,SCA|NO1,mFRR,Not Specified,Not Specified,MARGINAL,55.13,55.13
28/03/2024 19:00:00 - 28/03/2024 20:00:00,SCA|NO1,mFRR,Not Specified,Not Specified,MARGINAL,56.92,50.0
28/03/2024 20:00:00 - 28/03/2024 21:00:00,SCA|NO1,mFRR,Not Specified,Not Specified,MARGINAL,54.84,44.0
28/03/2024 21:00:00 - 28/03/2024 22:00:00,SCA|NO1,mFRR,Not Specified,Not Specified,MARGINAL,51.52,40.22
28/03/2024 22:00:00 - 28/03/2024 23:00:00,SCA|NO1,mFRR,Not Specified,Not Specified,MARGINAL,45.0,42.0
28/03/2024 23:00:00 - 29/03/2024 00:00:00,SCA|NO1,mFRR,Not Specified,Not Specified,,,
29/03/2024 00:00:00 - 29/03/2024 01:00:00,SCA|NO1,mFRR,Not Specified,Not Specified,MARGINAL,29.98,29.98
29/03/2024 01:00:00 - 29/03/2024 02:00:00,SCA|NO1,mFRR,Not Specified,Not Specified,MARGINAL,19.46,19.46
29/03/2024 02:00:00 - 29/03/2024 03:00:00,SCA|NO1,mFRR,Not Specified,Not Specified,MARGINAL,16.99,16.99
29/03/2024 03:00:00 - 29/03/2024 04:00:00,SCA|NO1,mFRR,Not Specified,Not Specified,MARGINAL,16.99,16.99
29/03/2024 04:00:00 - 29/03/2024 05:00:00,SCA|NO1,mFRR,Not Specified,Not Specified,MARGINAL,16.99,5.0
29/03/2024 05:00:00 - 29/03/2024 06:00:00,SCA|NO1,mFRR,Not Specified,Not Specified,MARGINAL,17.0,5.5
29/03/2024 06:00:00 - 29/03/2024 07:00:00,SCA|NO1,mFRR,Not Specified,Not Specified,MARGINAL,26.21,5.5
29/03/2024 07:00:00 - 29/03/2024 08:00:00,SCA|NO1,mFRR,Not Specified,Not Specified,MARGINAL,42.25,29.5
29/03/2024 08:00:00 - 29/03/2024 09:00:00,SCA|NO1,mFRR,Not Specified,Not Specified,MARGINAL,42.59,29.5
29/03/2024 09:00:00 - 29/03/2024 10:00:00,SCA|NO1,mFRR,Not Specified,Not Specified,MARGINAL,44.0,29.5
29/03/2024 10:00:00 - 29/03/2024 11:00:00,SCA|NO1,mFRR,Not Specified,Not Specified,MARGINAL,36.65,20.0
29/03/2024 11:00:00 - 29/03/2024 12:00:00,SCA|NO1,mFRR,Not Specified,Not Specified,MARGINAL,19.43,17.17
29/03/2024 12:00:00 - 29/03/2024 13:00:00,SCA|NO1,mFRR,Not Specified,Not Specified,MARGINAL,17.0,17.0
29/03/2024 13:00:00 - 29/03/2024 14:00:00,SCA|NO1,mFRR,Not Specified,Not Specified,MARGINAL,20.27,20.0
29/03/2024 14:00:00 - 29/03/2024 15:00:00,SCA|NO1,mFRR,Not Specified,Not Specified,MARGINAL,46.0,44.27
29/03/2024 15:00:00 - 29/03/2024 16:00:00,SCA|NO1,mFRR,Not Specified,Not Specified,MARGINAL,49.14,49.14
29/03/2024 16:00:00 - 29/03/2024 17:00:00,SCA|NO1,mFRR,Not Specified,Not Specified,MARGINAL,57.0,54.16
29/03/2024 17:00:00 - 29/03/2024 18:00:00,SCA|NO1,mFRR,Not Specified,Not Specified,MARGINAL,61.0,56.02
29/03/2024 18:00:00 - 29/03/2024 19:00:00,SCA|NO1,mFRR,Not Specified,Not Specified,MARGINAL,62.0,57.71
29/03/2024 19:00:00 - 29/03/2024 20:00:00,SCA|NO1,mFRR,Not Specified,Not Specified,MARGINAL,63.0,58.4
29/03/2024 20:00:00 - 29/03/2024 21:00:00,SCA|NO1,mFRR,Not Specified,Not Specified,MARGINAL,63.0,58.63
29/03/2024 21:00:00 - 29/03/2024 22:00:00,SCA|NO1,mFRR,Not Specified,Not Specified,MARGINAL,58.05,58.05
29/03/2024 22:00:00 - 29/03/2024 23:00:00,SCA|NO1,mFRR,Not Specified,Not Specified,MARGINAL,57.78,57.78
29/03/2024 23:00:00 - 30/03/2024 00:00:00,SCA|NO1,mFRR,Not Specified,Not Specified,MARGINAL,57.39,49.5
30/03/2024 00:00:00 - 30/03/2024 01:00:00,SCA|NO1,mFRR,Not Specified,Not Specified,MARGINAL,56.84,49.5
30/03/2024 01:00:00 - 30/03/2024 02:00:00,SCA|NO1,mFRR,Not Specified,Not Specified,MARGINAL,56.3,51.0
30/03/2024 02:00:00 - 30/03/2024 03:00:00,SCA|NO1,mFRR,Not Specified,Not Specified,MARGINAL,56.56,52.0
30/03/2024 03:00:00 - 30/03/2024 04:00:00,SCA|NO1,mFRR,Not Specified,Not Specified,MARGINAL,56.57,52.0
30/03/2024 04:00:00 - 30/03/2024 05:00:00,SCA|NO1,mFRR,Not Specified,Not Specified,MARGINAL,56.27,49.0
30/03/2024 05:00:00 - 30/03/2024 06:00:00,SCA|NO1,mFRR,Not Specified,Not Specified,MARGINAL,56.29,48.0
30/03/2024 06:00:00 - 30/03/2024 07:00:00,SCA|NO1,mFRR,Not Specified,Not Specified,MARGINAL,54.53,48.0
30/03/2024 07:00:00 - 30/03/2024 08:00:00,SCA|NO1,mFRR,Not Specified,Not Specified,MARGINAL,52.62,45.17
30/03/2024 08:00:00 - 30/03/2024 09:00:00,SCA|NO1,mFRR,Not Specified,Not Specified,MARGINAL,48.0,43.6
30/03/2024 09:00:00 - 30/03/2024 10:00:00,SCA|NO1,mFRR,Not Specified,Not Specified,MARGINAL,46.18,46.18
30/03/2024 10:00:00 - 30/03/2024 11:00:00,SCA|NO1,mFRR,Not Specified,Not Specified,MARGINAL,56.0,41.47
30/03/2024 11:00:00 - 30/03/2024 12:00:00,SCA|NO1,mFRR,Not Specified,Not Specified,MARGINAL,56.0,25.83
30/03/2024 12:00:00 - 30/03/2024 13:00:00,SCA|NO1,mFRR,Not Specified,Not Specified,MARGINAL,26.51,26.51
30/03/2024 13:00:00 - 30/03/2024 14:00:00,SCA|NO1,mFRR,Not Specified,Not Specified,MARGINAL,49.0,24.52
30/03/2024 14:00:00 - 30/03/2024 15:00:00,SCA|NO1,mFRR,Not Specified,Not Specified,MARGINAL,57.0,39.96
30/03/2024 15:00:00 - 30/03/2024 16:00:00,SCA|NO1,mFRR,Not Specified,Not Specified,MARGINAL,60.0,47.11
30/03/2024 16:00:00 - 30/03/2024 17:00:00,SCA|NO1,mFRR,Not Specified,Not Specified,MARGINAL,58.0,52.75
30/03/2024 17:00:00 - 30/03/2024 18:00:00,SCA|NO1,mFRR,Not Specified,Not Specified,MARGINAL,56.66,56.66
30/03/2024 18:00:00 - 30/03/2024 19:00:00,SCA|NO1,mFRR,Not Specified,Not Specified,MARGINAL,57.49,57.49
30/03/2024 19:00:00 - 30/03/2024 20:00:00,SCA|NO1,mFRR,Not Specified,Not Specified,MARGINAL,57.59,50.0
30/03/2024 20:00:00 - 30/03/2024 21:00:00,SCA|NO1,mFRR,Not Specified,Not Specified,MARGINAL,57.51,48.0
30/03/2024 21:00:00 - 30/03/2024 22:00:00,SCA|NO1,mFRR,Not Specified,Not Specified,MARGINAL,57.32,47.0
30/03/2024 22:00:00 - 30/03/2024 23:00:00,SCA|NO1,mFRR,Not Specified,Not Specified,MARGINAL,57.45,48.0
30/03/2024 23:00:00 - 31/03/2024 00:00:00,SCA|NO1,mFRR,Not Specified,Not Specified,MARGINAL,57.0,48.0
31/03/2024 00:00:00 - 31/03/2024 01:00:00,SCA|NO1,mFRR,Not Specified,Not Specified,MARGINAL,57.18,48.0
31/03/2024 01:00:00 - 31/03/2024 03:00:00,SCA|NO1,mFRR,Not Specified,Not Specified,MARGINAL,56.96,50.0
31/03/2024 03:00:00 - 31/03/2024 04:00:00,SCA|NO1,mFRR,Not Specified,Not Specified,MARGINAL,56.84,50.0
31/03/2024 04:00:00 - 31/03/2024 05:00:00,SCA|NO1,mFRR,Not Specified,Not Specified,MARGINAL,56.85,49.0
31/03/2024 05:00:00 - 31/03/2024 06:00:00,SCA|NO1,mFRR,Not Specified,Not Specified,MARGINAL,56.92,56.92
31/03/2024 06:00:00 - 31/03/2024 07:00:00,SCA|NO1,mFRR,Not Specified,Not Specified,MARGINAL,57.12,44.5
31/03/2024 07:00:00 - 31/03/2024 08:00:00,SCA|NO1,mFRR,Not Specified,Not Specified,MARGINAL,56.98,42.9
31/03/2024 08:00:00 - 31/03/2024 09:00:00,SCA|NO1,mFRR,Not Specified,Not Specified,MARGINAL,56.21,42.9
31/03/2024 09:00:00 - 31/03/2024 10:00:00,SCA|NO1,mFRR,Not Specified,Not Specified,MARGINAL,53.84,43.0
31/03/2024 10:00:00 - 31/03/2024 11:00:00,SCA|NO1,mFRR,Not Specified,Not Specified,MARGINAL,62.0,43.0
31/03/2024 11:00:00 - 31/03/2024 12:00:00,SCA|NO1,mFRR,Not Specified,Not Specified,MARGINAL,62.0,44.91
31/03/2024 12:00:00 - 31/03/2024 13:00:00,SCA|NO1,mFRR,Not Specified,Not Specified,MARGINAL,59.0,40.33
31/03/2024 13:00:00 - 31/03/2024 14:00:00,SCA|NO1,mFRR,Not Specified,Not Specified,MARGINAL,47.5,40.07
31/03/2024 14:00:00 - 31/03/2024 15:00:00,SCA|NO1,mFRR,Not Specified,Not Specified,MARGINAL,47.5,43.37
31/03/2024 15:00:00 - 31/03/2024 16:00:00,SCA|NO1,mFRR,Not Specified,Not Specified,MARGINAL,47.5,46.57
31/03/2024 16:00:00 - 31/03/2024 17:00:00,SCA|NO1,mFRR,Not Specified,Not Specified,MARGINAL,52.7,47.0
31/03/2024 17:00:00 - 31/03/2024 18:00:00,SCA|NO1,mFRR,Not Specified,Not Specified,MARGINAL,55.11,44.0
31/03/2024 18:00:00 - 31/03/2024 19:00:00,SCA|NO1,mFRR,Not Specified,Not Specified,MARGINAL,57.62,50.95
31/03/2024 19:00:00 - 31/03/2024 20:00:00,SCA|NO1,mFRR,Not Specified,Not Specified,MARGINAL,61.0,58.6
31/03/2024 20:00:00 - 31/03/2024 21:00:00,SCA|NO1,mFRR,Not Specified,Not Specified,MARGINAL,65.0,58.66
31/03/2024 21:00:00 - 31/03/2024 22:00:00,SCA|NO1,mFRR,Not Specified,Not Specified,MARGINAL,65.0,58.4
31/03/2024 22:00:00 - 31/03/2024 23:00:00,SCA|NO1,mFRR,Not Specified,Not Specified,MARGINAL,59.0,57.64
31/03/2024 23:00:00 - 01/04/2024 00:00:00,SCA|NO1,mFRR,Not Specified,Not Specified,MARGINAL,55.31,48.5
01/04/2024 00:00:00 - 01/04/2024 01:00:00,SCA|NO1,mFRR,Not Specified,Not Specified,MARGINAL,53.18,44.5
01/04/2024 01:00:00 - 01/04/2024 02:00:00,SCA|NO1,mFRR,Not Specified,Not Specified,MARGINAL,49.65,43.0
01/04/2024 02:00:00 - 01/04/2024 03:00:00,SCA|NO1,mFRR,Not Specified,Not Specified,MARGINAL,47.54,42.5
01/04/2024 03:00:00 - 01/04/2024 04:00:00,SCA|NO1,mFRR,Not Specified,Not Specified,MARGINAL,44.98,36.62
01/04/2024 04:00:00 - 01/04/2024 05:00:00,SCA|NO1,mFRR,Not Specified,Not Specified,MARGINAL,48.1,35.5
01/04/2024 05:00:00 - 01/04/2024 06:00:00,SCA|NO1,mFRR,Not Specified,Not Specified,MARGINAL,51.94,44.54
01/04/2024 06:00:00 - 01/04/2024 07:00:00,SCA|NO1,mFRR,Not Specified,Not Specified,MARGINAL,55.68,55.68
01/04/2024 07:00:00 - 01/04/2024 08:00:00,SCA|NO1,mFRR,Not Specified,Not Specified,MARGINAL,57.17,57.17
01/04/2024 08:00:00 - 01/04/2024 09:00:00,SCA|NO1,mFRR,Not Specified,Not Specified,MARGINAL,56.83,56.83
01/04/2024 09:00:00 - 01/04/2024 10:00:00,SCA|NO1,mFRR,Not Specified,Not Specified,MARGINAL,56.1,56.1
01/04/2024 10:00:00 - 01/04/2024 11:00:00,SCA|NO1,mFRR,Not Specified,Not Specified,MARGINAL,54.11,47.0
01/04/2024 11:00:00 - 01/04/2024 12:00:00,SCA|NO1,mFRR,Not Specified,Not Specified,MARGINAL,49.83,46.5
01/04/2024 12:00:00 - 01/04/2024 13:00:00,SCA|NO1,mFRR,Not Specified,Not Specified,MARGINAL,48.75,47.0
01/04/2024 13:00:00 - 01/04/2024 14:00:00,SCA|NO1,mFRR,Not Specified,Not Specified,MARGINAL,49.0,44.78
01/04/2024 14:00:00 - 01/04/2024 15:00:00,SCA|NO1,mFRR,Not Specified,Not Specified,MARGINAL,48.0,44.55
01/04/2024 15:00:00 - 01/04/2024 16:00:00,SCA|NO1,mFRR,Not Specified,Not Specified,MARGINAL,44.98,44.98
01/04/2024 16:00:00 - 01/04/2024 17:00:00,SCA|NO1,mFRR,Not Specified,Not Specified,MARGINAL,49.0,45.72
01/04/2024 17:00:00 - 01/04/2024 18:00:00,SCA|NO1,mFRR,Not Specified,Not Specified,MARGINAL,50.0,44.94
01/04/2024 18:00:00 - 01/04/2024 19:00:00,SCA|NO1,mFRR,Not Specified,Not Specified,MARGINAL,48.86,48.86
01/04/2024 19:00:00 - 01/04/2024 20:00:00,SCA|NO1,mFRR,Not Specified,Not Specified,MARGINAL,54.0,50.08
01/04/2024 20:00:00 - 01/04/2024 21:00:00,SCA|NO1,mFRR,Not Specified,Not Specified,MARGINAL,59.0,51.48
01/04/2024 21:00:00 - 01/04/2024 22:00:00,SCA|NO1,mFRR,Not Specified,Not Specified,MARGINAL,48.99,48.99
01/04/2024 22:00:00 - 01/04/2024 23:00:00,SCA|NO1,mFRR,Not Specified,Not Specified,MARGINAL,49.0,44.86
01/04/2024 23:00:00 - 02/04/2024 00:00:00,SCA|NO1,mFRR,Not Specified,Not Specified,MARGINAL,49.0,30.52
02/04/2024 00:00:00 - 02/04/2024 01:00:00,SCA|NO1,mFRR,Not Specified,Not Specified,MARGINAL,44.65,20.0
02/04/2024 01:00:00 - 02/04/2024 02:00:00,SCA|NO1,mFRR,Not Specified,Not Specified,MARGINAL,37.36,1.0
02/04/2024 02:00:00 - 02/04/2024 03:00:00,SCA|NO1,mFRR,Not Specified,Not Specified,MARGINAL,17.0,-10.0
02/04/2024 03:00:00 - 02/04/2024 04:00:00,SCA|NO1,mFRR,Not Specified,Not Specified,MARGINAL,7.79,-10.0
02/04/2024 04:00:00 - 02/04/2024 05:00:00,SCA|NO1,mFRR,Not Specified,Not Specified,MARGINAL,6.39,-10.0
02/04/2024 05:00:00 - 02/04/2024 06:00:00,SCA|NO1,mFRR,Not Specified,Not Specified,MARGINAL,32.42,32.42
02/04/2024 06:00:00 - 02/04/2024 07:00:00,SCA|NO1,mFRR,Not Specified,Not Specified,MARGINAL,57.0,50.58
02/04/2024 07:00:00 - 02/04/2024 08:00:00,SCA|NO1,mFRR,Not Specified,Not Specified,MARGINAL,60.0,55.59
02/04/2024 08:00:00 - 02/04/2024 09:00:00,SCA|NO1,mFRR,Not Specified,Not Specified,MARGINAL,66.5,56.05
02/04/2024 09:00:00 - 02/04/2024 10:00:00,SCA|NO1,mFRR,Not Specified,Not Specified,MARGINAL,66.5,51.96
02/04/2024 10:00:00 - 02/04/2024 11:00:00,SCA|NO1,mFRR,Not Specified,Not Specified,MARGINAL,55.0,46.97
02/04/2024 11:00:00 - 02/04/2024 12:00:00,SCA|NO1,mFRR,Not Specified,Not Specified,MARGINAL,55.0,44.94
02/04/2024 12:00:00 - 02/04/2024 13:00:00,SCA|NO1,mFRR,Not Specified,Not Specified,MARGINAL,58.21,44.95
02/04/2024 13:00:00 - 02/04/2024 14:00:00,SCA|NO1,mFRR,Not Specified,Not Specified,MARGINAL,58.0,44.95
02/04/2024 14:00:00 - 02/04/2024 15:00:00,SCA|NO1,mFRR,Not Specified,Not Specified,MARGINAL,58.0,46.95
02/04/2024 15:00:00 - 02/04/2024 16:00:00,SCA|NO1,mFRR,Not Specified,Not Specified,MARGINAL,55.0,47.96
02/04/2024 16:00:00 - 02/04/2024 17:00:00,SCA|NO1,mFRR,Not Specified,Not Specified,MARGINAL,55.0,49.98
02/04/2024 17:00:00 - 02/04/2024 18:00:00,SCA|NO1,mFRR,Not Specified,Not Specified,MARGINAL,55.0,52.44
02/04/2024 18:00:00 - 02/04/2024 19:00:00,SCA|NO1,mFRR,Not Specified,Not Specified,MARGINAL,64.0,55.42
02/04/2024 19:00:00 - 02/04/2024 20:00:00,SCA|NO1,mFRR,Not Specified,Not Specified,MARGINAL,60.0,56.85
02/04/2024 20:00:00 - 02/04/2024 21:00:00,SCA|NO1,mFRR,Not Specified,Not Specified,MARGINAL,60.0,57.5
02/04/2024 21:00:00 - 02/04/2024 22:00:00,SCA|NO1,mFRR,Not Specified,Not Specified,MARGINAL,66.0,57.83
02/04/2024 22:00:00 - 02/04/2024 23:00:00,SCA|NO1,mFRR,Not Specified,Not Specified,MARGINAL,64.0,57.55
02/04/2024 23:00:00 - 03/04/2024 00:00:00,SCA|NO1,mFRR,Not Specified,Not Specified,MARGINAL,58.0,57.2
03/04/2024 00:00:00 - 03/04/2024 01:00:00,SCA|NO1,mFRR,Not Specified,Not Specified,MARGINAL,58.0,56.88
03/04/2024 01:00:00 - 03/04/2024 02:00:00,SCA|NO1,mFRR,Not Specified,Not Specified,MARGINAL,58.0,55.72
03/04/2024 02:00:00 - 03/04/2024 03:00:00,SCA|NO1,mFRR,Not Specified,Not Specified,MARGINAL,54.67,54.67
03/04/2024 03:00:00 - 03/04/2024 04:00:00,SCA|NO1,mFRR,Not Specified,Not Specified,MARGINAL,54.47,49.0
03/04/2024 04:00:00 - 03/04/2024 05:00:00,SCA|NO1,mFRR,Not Specified,Not Specified,MARGINAL,54.08,49.0
03/04/2024 05:00:00 - 03/04/2024 06:00:00,SCA|NO1,mFRR,Not Specified,Not Specified,MARGINAL,55.07,49.0
03/04/2024 06:00:00 - 03/04/2024 07:00:00,SCA|NO1,mFRR,Not Specified,Not Specified,MARGINAL,56.66,49.0
03/04/2024 07:00:00 - 03/04/2024 08:00:00,SCA|NO1,mFRR,Not Specified,Not Specified,MARGINAL,96.59,64.5
03/04/2024 08:00:00 - 03/04/2024 09:00:00,SCA|NO1,mFRR,Not Specified,Not Specified,MARGINAL,114.28,114.28
03/04/2024 09:00:00 - 03/04/2024 10:00:00,SCA|NO1,mFRR,Not Specified,Not Specified,MARGINAL,97.95,63.5
03/04/2024 10:00:00 - 03/04/2024 11:00:00,SCA|NO1,mFRR,Not Specified,Not Specified,MARGINAL,103.91,50.5
03/04/2024 11:00:00 - 03/04/2024 12:00:00,SCA|NO1,mFRR,Not Specified,Not Specified,MARGINAL,87.99,52.0
03/04/2024 12:00:00 - 03/04/2024 13:00:00,SCA|NO1,mFRR,Not Specified,Not Specified,MARGINAL,78.5,76.22
03/04/2024 13:00:00 - 03/04/2024 14:00:00,SCA|NO1,mFRR,Not Specified,Not Specified,MARGINAL,70.0,67.98
03/04/2024 14:00:00 - 03/04/2024 15:00:00,SCA|NO1,mFRR,Not Specified,Not Specified,MARGINAL,65.0,59.94
03/04/2024 15:00:00 - 03/04/2024 16:00:00,SCA|NO1,mFRR,Not Specified,Not Specified,MARGINAL,60.0,57.07
03/04/2024 16:00:00 - 03/04/2024 17:00:00,SCA|NO1,mFRR,Not Specified,Not Specified,MARGINAL,59.01,54.0
03/04/2024 17:00:00 - 03/04/2024 18:00:00,SCA|NO1,mFRR,Not Specified,Not Specified,MARGINAL,59.34,52.29
03/04/2024 18:00:00 - 03/04/2024 19:00:00,SCA|NO1,mFRR,Not Specified,Not Specified,MARGINAL,62.97,54.0
03/04/2024 19:00:00 - 03/04/2024 20:00:00,SCA|NO1,mFRR,Not Specified,Not Specified,MARGINAL,64.54,64.23
03/04/2024 20:00:00 - 03/04/2024 21:00:00,SCA|NO1,mFRR,Not Specified,Not Specified,MARGINAL,64.52,61.53
03/04/2024 21:00:00 - 03/04/2024 22:00:00,SCA|NO1,mFRR,Not Specified,Not Specified,MARGINAL,62.0,58.46
03/04/2024 22:00:00 - 03/04/2024 23:00:00,SCA|NO1,mFRR,Not Specified,Not Specified,MARGINAL,60.5,57.67
03/04/2024 23:00:00 - 04/04/2024 00:00:00,SCA|NO1,mFRR,Not Specified,Not Specified,MARGINAL,57.5,55.33
04/04/2024 00:00:00 - 04/04/2024 01:00:00,SCA|NO1,mFRR,Not Specified,Not Specified,MARGINAL,54.52,48.0
04/04/2024 01:00:00 - 04/04/2024 02:00:00,SCA|NO1,mFRR,Not Specified,Not Specified,MARGINAL,52.01,45.0
04/04/2024 02:00:00 - 04/04/2024 03:00:00,SCA|NO1,mFRR,Not Specified,Not Specified,MARGINAL,50.17,47.0
04/04/2024 03:00:00 - 04/04/2024 04:00:00,SCA|NO1,mFRR,Not Specified,Not Specified,MARGINAL,59.0,51.57
04/04/2024 04:00:00 - 04/04/2024 05:00:00,SCA|NO1,mFRR,Not Specified,Not Specified,MARGINAL,56.5,51.94
04/04/2024 05:00:00 - 04/04/2024 06:00:00,SCA|NO1,mFRR,Not Specified,Not Specified,MARGINAL,54.08,54.08
04/04/2024 06:00:00 - 04/04/2024 07:00:00,SCA|NO1,mFRR,Not Specified,Not Specified,MARGINAL,57.21,57.21
04/04/2024 07:00:00 - 04/04/2024 08:00:00,SCA|NO1,mFRR,Not Specified,Not Specified,MARGINAL,65.0,55.34
04/04/2024 08:00:00 - 04/04/2024 09:00:00,SCA|NO1,mFRR,Not Specified,Not Specified,MARGINAL,74.0,73.15
04/04/2024 09:00:00 - 04/04/2024 10:00:00,SCA|NO1,mFRR,Not Specified,Not Specified,MARGINAL,72.0,69.71
04/04/2024 10:00:00 - 04/04/2024 11:00:00,SCA|NO1,mFRR,Not Specified,Not Specified,MARGINAL,67.17,53.24
04/04/2024 11:00:00 - 04/04/2024 12:00:00,SCA|NO1,mFRR,Not Specified,Not Specified,MARGINAL,61.23,51.5
04/04/2024 12:00:00 - 04/04/2024 13:00:00,SCA|NO1,mFRR,Not Specified,Not Specified,MARGINAL,57.4,51.5
04/04/2024 13:00:00 - 04/04/2024 14:00:00,SCA|NO1,mFRR,Not Specified,Not Specified,MARGINAL,56.22,56.22
04/04/2024 14:00:00 - 04/04/2024 15:00:00,SCA|NO1,mFRR,Not Specified,Not Specified,MARGINAL,55.49,46.0
04/04/2024 15:00:00 - 04/04/2024 16:00:00,SCA|NO1,mFRR,Not Specified,Not Specified,MARGINAL,56.17,44.5
04/04/2024 16:00:00 - 04/04/2024 17:00:00,SCA|NO1,mFRR,Not Specified,Not Specified,MARGINAL,57.08,44.5
04/04/2024 17:00:00 - 04/04/2024 18:00:00,SCA|NO1,mFRR,Not Specified,Not Specified,MARGINAL,65.17,48.0
04/04/2024 18:00:00 - 04/04/2024 19:00:00,SCA|NO1,mFRR,Not Specified,Not Specified,MARGINAL,73.02,49.0
04/04/2024 19:00:00 - 04/04/2024 20:00:00,SCA|NO1,mFRR,Not Specified,Not Specified,MARGINAL,87.85,51.01
04/04/2024 20:00:00 - 04/04/2024 21:00:00,SCA|NO1,mFRR,Not Specified,Not Specified,MARGINAL,67.78,51.5
04/04/2024 21:00:00 - 04/04/2024 22:00:00,SCA|NO1,mFRR,Not Specified,Not Specified,MARGINAL,59.94,52.5
04/04/2024 22:00:00 - 04/04/2024 23:00:00,SCA|NO1,mFRR,Not Specified,Not Specified,,,
04/04/2024 23:00:00 - 05/04/2024 00:00:00,SCA|NO1,mFRR,Not Specified,Not Specified,MARGINAL,56.0,46.0
05/04/2024 00:00:00 - 05/04/2024 01:00:00,SCA|NO1,mFRR,Not Specified,Not Specified,MARGINAL,52.85,44.0
05/04/2024 01:00:00 - 05/04/2024 02:00:00,SCA|NO1,mFRR,Not Specified,Not Specified,MARGINAL,51.2,38.0
05/04/2024 02:00:00 - 05/04/2024 03:00:00,SCA|NO1,mFRR,Not Specified,Not Specified,MARGINAL,49.95,33.52
05/04/2024 03:00:00 - 05/04/2024 04:00:00,SCA|NO1,mFRR,Not Specified,Not Specified,MARGINAL,49.34,37.0
05/04/2024 04:00:00 - 05/04/2024 05:00:00,SCA|NO1,mFRR,Not Specified,Not Specified,MARGINAL,48.93,16.76
05/04/2024 05:00:00 - 05/04/2024 06:00:00,SCA|NO1,mFRR,Not Specified,Not Specified,MARGINAL,50.92,25.0
05/04/2024 06:00:00 - 05/04/2024 07:00:00,SCA|NO1,mFRR,Not Specified,Not Specified,MARGINAL,53.26,40.0
05/04/2024 07:00:00 - 05/04/2024 08:00:00,SCA|NO1,mFRR,Not Specified,Not Specified,MARGINAL,56.92,45.0
05/04/2024 08:00:00 - 05/04/2024 09:00:00,SCA|NO1,mFRR,Not Specified,Not Specified,MARGINAL,62.31,50.0
05/04/2024 09:00:00 - 05/04/2024 10:00:00,SCA|NO1,mFRR,Not Specified,Not Specified,MARGINAL,63.0,59.96
05/04/2024 10:00:00 - 05/04/2024 11:00:00,SCA|NO1,mFRR,Not Specified,Not Specified,MARGINAL,62.0,52.7
05/04/2024 11:00:00 - 05/04/2024 12:00:00,SCA|NO1,mFRR,Not Specified,Not Specified,MARGINAL,60.0,48.96
05/04/2024 12:00:00 - 05/04/2024 13:00:00,SCA|NO1,mFRR,Not Specified,Not Specified,MARGINAL,45.76,45.76
05/04/2024 13:00:00 - 05/04/2024 14:00:00,SCA|NO1,mFRR,Not Specified,Not Specified,MARGINAL,41.23,24.72
05/04/2024 14:00:00 - 05/04/2024 15:00:00,SCA|NO1,mFRR,Not Specified,Not Specified,MARGINAL,37.07,-6.0
05/04/2024 15:00:00 - 05/04/2024 16:00:00,SCA|NO1,mFRR,Not Specified,Not Specified,MARGINAL,31.04,31.04
05/04/2024 16:00:00 - 05/04/2024 17:00:00,SCA|NO1,mFRR,Not Specified,Not Specified,MARGINAL,46.66,27.61
05/04/2024 17:00:00 - 05/04/2024 18:00:00,SCA|NO1,mFRR,Not Specified,Not Specified,MARGINAL,62.5,39.99
05/04/2024 18:00:00 - 05/04/2024 19:00:00,SCA|NO1,mFRR,Not Specified,Not Specified,MARGINAL,62.0,49.65
05/04/2024 19:00:00 - 05/04/2024 20:00:00,SCA|NO1,mFRR,Not Specified,Not Specified,MARGINAL,64.5,53.4
05/04/2024 20:00:00 - 05/04/2024 21:00:00,SCA|NO1,mFRR,Not Specified,Not Specified,MARGINAL,65.0,53.92
05/04/2024 21:00:00 - 05/04/2024 22:00:00,SCA|NO1,mFRR,Not Specified,Not Specified,MARGINAL,65.0,53.4
05/04/2024 22:00:00 - 05/04/2024 23:00:00,SCA|NO1,mFRR,Not Specified,Not Specified,MARGINAL,63.0,52.73
05/04/2024 23:00:00 - 06/04/2024 00:00:00,SCA|NO1,mFRR,Not Specified,Not Specified,MARGINAL,58.0,50.68
06/04/2024 00:00:00 - 06/04/2024 01:00:00,SCA|NO1,mFRR,Not Specified,Not Specified,MARGINAL,53.0,46.26
06/04/2024 01:00:00 - 06/04/2024 02:00:00,SCA|NO1,mFRR,Not Specified,Not Specified,MARGINAL,57.0,45.08
06/04/2024 02:00:00 - 06/04/2024 03:00:00,SCA|NO1,mFRR,Not Specified,Not Specified,MARGINAL,57.0,45.31
06/04/2024 03:00:00 - 06/04/2024 04:00:00,SCA|NO1,mFRR,Not Specified,Not Specified,MARGINAL,55.0,46.09
06/04/2024 04:00:00 - 06/04/2024 05:00:00,SCA|NO1,mFRR,Not Specified,Not Specified,MARGINAL,55.0,47.51
06/04/2024 05:00:00 - 06/04/2024 06:00:00,SCA|NO1,mFRR,Not Specified,Not Specified,MARGINAL,58.0,48.25
06/04/2024 06:00:00 - 06/04/2024 07:00:00,SCA|NO1,mFRR,Not Specified,Not Specified,MARGINAL,60.0,49.94
06/04/2024 07:00:00 - 06/04/2024 08:00:00,SCA|NO1,mFRR,Not Specified,Not Specified,MARGINAL,61.0,51.26
06/04/2024 08:00:00 - 06/04/2024 09:00:00,SCA|NO1,mFRR,Not Specified,Not Specified,MARGINAL,60.0,50.23
06/04/2024 09:00:00 - 06/04/2024 10:00:00,SCA|NO1,mFRR,Not Specified,Not Specified,MARGINAL,55.0,48.25
06/04/2024 10:00:00 - 06/04/2024 11:00:00,SCA|NO1,mFRR,Not Specified,Not Specified,MARGINAL,55.0,39.12
06/04/2024 11:00:00 - 06/04/2024 12:00:00,SCA|NO1,mFRR,Not Specified,Not Specified,MARGINAL,52.0,39.99
06/04/2024 12:00:00 - 06/04/2024 13:00:00,SCA|NO1,mFRR,Not Specified,Not Specified,MARGINAL,39.55,39.55
06/04/2024 13:00:00 - 06/04/2024 14:00:00,SCA|NO1,mFRR,Not Specified,Not Specified,MARGINAL,37.84,37.84
06/04/2024 14:00:00 - 06/04/2024 15:00:00,SCA|NO1,mFRR,Not Specified,Not Specified,MARGINAL,34.92,34.92
06/04/2024 15:00:00 - 06/04/2024 16:00:00,SCA|NO1,mFRR,Not Specified,Not Specified,MARGINAL,39.21,39.21
06/04/2024 16:00:00 - 06/04/2024 17:00:00,SCA|NO1,mFRR,Not Specified,Not Specified,MARGINAL,39.87,39.87
06/04/2024 17:00:00 - 06/04/2024 18:00:00,SCA|NO1,mFRR,Not Specified,Not Specified,MARGINAL,46.28,46.28
06/04/2024 18:00:00 - 06/04/2024 19:00:00,SCA|NO1,mFRR,Not Specified,Not Specified,MARGINAL,51.51,51.51
06/04/2024 19:00:00 - 06/04/2024 20:00:00,SCA|NO1,mFRR,Not Specified,Not Specified,MARGINAL,50.96,50.96
06/04/2024 20:00:00 - 06/04/2024 21:00:00,SCA|NO1,mFRR,Not Specified,Not Specified,MARGINAL,48.28,48.28
06/04/2024 21:00:00 - 06/04/2024 22:00:00,SCA|NO1,mFRR,Not Specified,Not Specified,MARGINAL,53.0,45.02
06/04/2024 22:00:00 - 06/04/2024 23:00:00,SCA|NO1,mFRR,Not Specified,Not Specified,MARGINAL,49.0,40.83
06/04/2024 23:00:00 - 07/04/2024 00:00:00,SCA|NO1,mFRR,Not Specified,Not Specified,MARGINAL,26.01,26.01
07/04/2024 00:00:00 - 07/04/2024 01:00:00,SCA|NO1,mFRR,Not Specified,Not Specified,MARGINAL,11.3,11.3
07/04/2024 01:00:00 - 07/04/2024 02:00:00,SCA|NO1,mFRR,Not Specified,Not Specified,MARGINAL,0.1,0.1
07/04/2024 02:00:00 - 07/04/2024 03:00:00,SCA|NO1,mFRR,Not Specified,Not Specified,MARGINAL,29.0,0.0
07/04/2024 03:00:00 - 07/04/2024 04:00:00,SCA|NO1,mFRR,Not Specified,Not Specified,MARGINAL,41.0,0.0
07/04/2024 04:00:00 - 07/04/2024 05:00:00,SCA|NO1,mFRR,Not Specified,Not Specified,MARGINAL,0.0,0.0
07/04/2024 05:00:00 - 07/04/2024 06:00:00,SCA|NO1,mFRR,Not Specified,Not Specified,MARGINAL,0.0,0.0
07/04/2024 06:00:00 - 07/04/2024 07:00:00,SCA|NO1,mFRR,Not Specified,Not Specified,MARGINAL,0.0,-5.0
07/04/2024 07:00:00 - 07/04/2024 08:00:00,SCA|NO1,mFRR,Not Specified,Not Specified,MARGINAL,0.0,-9.02
07/04/2024 08:00:00 - 07/04/2024 09:00:00,SCA|NO1,mFRR,Not Specified,Not Specified,MARGINAL,0.0,-1.0
07/04/2024 09:00:00 - 07/04/2024 10:00:00,SCA|NO1,mFRR,Not Specified,Not Specified,MARGINAL,-0.01,-9.02
07/04/2024 10:00:00 - 07/04/2024 11:00:00,SCA|NO1,mFRR,Not Specified,Not Specified,MARGINAL,6.6,-0.16
07/04/2024 11:00:00 - 07/04/2024 12:00:00,SCA|NO1,mFRR,Not Specified,Not Specified,MARGINAL,7.2,-3.01
07/04/2024 12:00:00 - 07/04/2024 13:00:00,SCA|NO1,mFRR,Not Specified,Not Specified,MARGINAL,7.2,-11.0
07/04/2024 13:00:00 - 07/04/2024 14:00:00,SCA|NO1,mFRR,Not Specified,Not Specified,MARGINAL,-6.55,-93.85
07/04/2024 14:00:00 - 07/04/2024 15:00:00,SCA|NO1,mFRR,Not Specified,Not Specified,MARGINAL,-10.0,-120.0
07/04/2024 15:00:00 - 07/04/2024 16:00:00,SCA|NO1,mFRR,Not Specified,Not Specified,MARGINAL,-5.04,-1005.04
07/04/2024 16:00:00 - 07/04/2024 17:00:00,SCA|NO1,mFRR,Not Specified,Not Specified,MARGINAL,-0.16,-30.0
07/04/2024 17:00:00 - 07/04/2024 18:00:00,SCA|NO1,mFRR,Not Specified,Not Specified,MARGINAL,6.75,-10.0
07/04/2024 18:00:00 - 07/04/2024 19:00:00,SCA|NO1,mFRR,Not Specified,Not Specified,MARGINAL,38.91,-4.0
07/04/2024 19:00:00 - 07/04/2024 20:00:00,SCA|NO1,mFRR,Not Specified,Not Specified,MARGINAL,46.12,31.5
07/04/2024 20:00:00 - 07/04/2024 21:00:00,SCA|NO1,mFRR,Not Specified,Not Specified,MARGINAL,47.79,47.79
07/04/2024 21:00:00 - 07/04/2024 22:00:00,SCA|NO1,mFRR,Not Specified,Not Specified,MARGINAL,48.21,48.21
07/04/2024 22:00:00 - 07/04/2024 23:00:00,SCA|NO1,mFRR,Not Specified,Not Specified,MARGINAL,45.69,45.69
07/04/2024 23:00:00 - 08/04/2024 00:00:00,SCA|NO1,mFRR,Not Specified,Not Specified,MARGINAL,44.03,30.0
08/04/2024 00:00:00 - 08/04/2024 01:00:00,SCA|NO1,mFRR,Not Specified,Not Specified,MARGINAL,42.57,29.5
08/04/2024 01:00:00 - 08/04/2024 02:00:00,SCA|NO1,mFRR,Not Specified,Not Specified,MARGINAL,40.75,3.0
08/04/2024 02:00:00 - 08/04/2024 03:00:00,SCA|NO1,mFRR,Not Specified,Not Specified,MARGINAL,40.33,3.0
08/04/2024 03:00:00 - 08/04/2024 04:00:00,SCA|NO1,mFRR,Not Specified,Not Specified,MARGINAL,43.12,6.0
08/04/2024 04:00:00 - 08/04/2024 05:00:00,SCA|NO1,mFRR,Not Specified,Not Specified,MARGINAL,45.02,17.0
08/04/2024 05:00:00 - 08/04/2024 06:00:00,SCA|NO1,mFRR,Not Specified,Not Specified,MARGINAL,46.2,20.0
08/04/2024 06:00:00 - 08/04/2024 07:00:00,SCA|NO1,mFRR,Not Specified,Not Specified,MARGINAL,49.04,27.0
08/04/2024 07:00:00 - 08/04/2024 08:00:00,SCA|NO1,mFRR,Not Specified,Not Specified,MARGINAL,51.62,44.0
08/04/2024 08:00:00 - 08/04/2024 09:00:00,SCA|NO1,mFRR,Not Specified,Not Specified,MARGINAL,54.73,44.5
08/04/2024 09:00:00 - 08/04/2024 10:00:00,SCA|NO1,mFRR,Not Specified,Not Specified,MARGINAL,53.5,47.5
08/04/2024 10:00:00 - 08/04/2024 11:00:00,SCA|NO1,mFRR,Not Specified,Not Specified,MARGINAL,52.46,42.5
08/04/2024 11:00:00 - 08/04/2024 12:00:00,SCA|NO1,mFRR,Not Specified,Not Specified,MARGINAL,52.01,40.5
08/04/2024 12:00:00 - 08/04/2024 13:00:00,SCA|NO1,mFRR,Not Specified,Not Specified,MARGINAL,51.7,40.5
08/04/2024 13:00:00 - 08/04/2024 14:00:00,SCA|NO1,mFRR,Not Specified,Not Specified,MARGINAL,51.7,40.5
08/04/2024 14:00:00 - 08/04/2024 15:00:00,SCA|NO1,mFRR,Not Specified,Not Specified,MARGINAL,51.7,42.0
08/04/2024 15:00:00 - 08/04/2024 16:00:00,SCA|NO1,mFRR,Not Specified,Not Specified,MARGINAL,51.51,44.0
08/04/2024 16:00:00 - 08/04/2024 17:00:00,SCA|NO1,mFRR,Not Specified,Not Specified,MARGINAL,51.7,44.5
08/04/2024 17:00:00 - 08/04/2024 18:00:00,SCA|NO1,mFRR,Not Specified,Not Specified,MARGINAL,53.05,44.5
08/04/2024 18:00:00 - 08/04/2024 19:00:00,SCA|NO1,mFRR,Not Specified,Not Specified,MARGINAL,70.0,47.0
08/04/2024 19:00:00 - 08/04/2024 20:00:00,SCA|NO1,mFRR,Not Specified,Not Specified,MARGINAL,72.4,57.5
08/04/2024 20:00:00 - 08/04/2024 21:00:00,SCA|NO1,mFRR,Not Specified,Not Specified,MARGINAL,72.45,58.31
08/04/2024 21:00:00 - 08/04/2024 22:00:00,SCA|NO1,mFRR,Not Specified,Not Specified,MARGINAL,70.5,54.68
08/04/2024 22:00:00 - 08/04/2024 23:00:00,SCA|NO1,mFRR,Not Specified,Not Specified,MARGINAL,69.0,53.3
08/04/2024 23:00:00 - 09/04/2024 00:00:00,SCA|NO1,mFRR,Not Specified,Not Specified,MARGINAL,53.0,52.24
09/04/2024 00:00:00 - 09/04/2024 01:00:00,SCA|NO1,mFRR,Not Specified,Not Specified,MARGINAL,50.65,45.0
09/04/2024 01:00:00 - 09/04/2024 02:00:00,SCA|NO1,mFRR,Not Specified,Not Specified,MARGINAL,50.27,45.0
09/04/2024 02:00:00 - 09/04/2024 03:00:00,SCA|NO1,mFRR,Not Specified,Not Specified,MARGINAL,49.96,49.96
09/04/2024 03:00:00 - 09/04/2024 04:00:00,SCA|NO1,mFRR,Not Specified,Not Specified,MARGINAL,49.56,40.5
09/04/2024 04:00:00 - 09/04/2024 05:00:00,SCA|NO1,mFRR,Not Specified,Not Specified,MARGINAL,49.36,39.0
09/04/2024 05:00:00 - 09/04/2024 06:00:00,SCA|NO1,mFRR,Not Specified,Not Specified,MARGINAL,49.82,40.0
09/04/2024 06:00:00 - 09/04/2024 07:00:00,SCA|NO1,mFRR,Not Specified,Not Specified,MARGINAL,55.36,43.0
09/04/2024 07:00:00 - 09/04/2024 08:00:00,SCA|NO1,mFRR,Not Specified,Not Specified,MARGINAL,85.93,46.04
09/04/2024 08:00:00 - 09/04/2024 09:00:00,SCA|NO1,mFRR,Not Specified,Not Specified,MARGINAL,77.31,43.0
09/04/2024 09:00:00 - 09/04/2024 10:00:00,SCA|NO1,mFRR,Not Specified,Not Specified,MARGINAL,65.78,40.5
09/04/2024 10:00:00 - 09/04/2024 11:00:00,SCA|NO1,mFRR,Not Specified,Not Specified,MARGINAL,50.48,39.0
09/04/2024 11:00:00 - 09/04/2024 12:00:00,SCA|NO1,mFRR,Not Specified,Not Specified,MARGINAL,45.07,35.0
09/04/2024 12:00:00 - 09/04/2024 13:00:00,SCA|NO1,mFRR,Not Specified,Not Specified,MARGINAL,37.53,29.0
09/04/2024 13:00:00 - 09/04/2024 14:00:00,SCA|NO1,mFRR,Not Specified,Not Specified,MARGINAL,30.04,21.5
09/04/2024 14:00:00 - 09/04/2024 15:00:00,SCA|NO1,mFRR,Not Specified,Not Specified,MARGINAL,26.93,21.0
09/04/2024 15:00:00 - 09/04/2024 16:00:00,SCA|NO1,mFRR,Not Specified,Not Specified,MARGINAL,50.0,29.76
09/04/2024 16:00:00 - 09/04/2024 17:00:00,SCA|NO1,mFRR,Not Specified,Not Specified,MARGINAL,55.0,39.8
09/04/2024 17:00:00 - 09/04/2024 18:00:00,SCA|NO1,mFRR,Not Specified,Not Specified,MARGINAL,55.0,48.37
09/04/2024 18:00:00 - 09/04/2024 19:00:00,SCA|NO1,mFRR,Not Specified,Not Specified,MARGINAL,57.0,50.6
09/04/2024 19:00:00 - 09/04/2024 20:00:00,SCA|NO1,mFRR,Not Specified,Not Specified,MARGINAL,58.5,48.83
09/04/2024 20:00:00 - 09/04/2024 21:00:00,SCA|NO1,mFRR,Not Specified,Not Specified,MARGINAL,55.0,40.5
09/04/2024 21:00:00 - 09/04/2024 22:00:00,SCA|NO1,mFRR,Not Specified,Not Specified,MARGINAL,48.22,41.5
09/04/2024 22:00:00 - 09/04/2024 23:00:00,SCA|NO1,mFRR,Not Specified,Not Specified,MARGINAL,45.48,20.11
09/04/2024 23:00:00 - 10/04/2024 00:00:00,SCA|NO1,mFRR,Not Specified,Not Specified,MARGINAL,37.87,0.0
10/04/2024 00:00:00 - 10/04/2024 01:00:00,SCA|NO1,mFRR,Not Specified,Not Specified,MARGINAL,21.21,0.0
10/04/2024 01:00:00 - 10/04/2024 02:00:00,SCA|NO1,mFRR,Not Specified,Not Specified,MARGINAL,5.27,0.0
10/04/2024 02:00:00 - 10/04/2024 03:00:00,SCA|NO1,mFRR,Not Specified,Not Specified,MARGINAL,5.15,-1.0
10/04/2024 03:00:00 - 10/04/2024 04:00:00,SCA|NO1,mFRR,Not Specified,Not Specified,MARGINAL,9.21,-1.0
10/04/2024 04:00:00 - 10/04/2024 05:00:00,SCA|NO1,mFRR,Not Specified,Not Specified,MARGINAL,25.49,-1.0
10/04/2024 05:00:00 - 10/04/2024 06:00:00,SCA|NO1,mFRR,Not Specified,Not Specified,MARGINAL,37.95,2.0
10/04/2024 06:00:00 - 10/04/2024 07:00:00,SCA|NO1,mFRR,Not Specified,Not Specified,MARGINAL,41.07,2.0
10/04/2024 07:00:00 - 10/04/2024 08:00:00,SCA|NO1,mFRR,Not Specified,Not Specified,MARGINAL,41.74,24.0
10/04/2024 08:00:00 - 10/04/2024 09:00:00,SCA|NO1,mFRR,Not Specified,Not Specified,MARGINAL,43.04,43.04
10/04/2024 09:00:00 - 10/04/2024 10:00:00,SCA|NO1,mFRR,Not Specified,Not Specified,MARGINAL,42.72,42.72
10/04/2024 10:00:00 - 10/04/2024 11:00:00,SCA|NO1,mFRR,Not Specified,Not Specified,MARGINAL,42.72,34.0
10/04/2024 11:00:00 - 10/04/2024 12:00:00,SCA|NO1,mFRR,Not Specified,Not Specified,MARGINAL,41.04,4.0
10/04/2024 12:00:00 - 10/04/2024 13:00:00,SCA|NO1,mFRR,Not Specified,Not Specified,MARGINAL,36.41,-2.0
10/04/2024 13:00:00 - 10/04/2024 14:00:00,SCA|NO1,mFRR,Not Specified,Not Specified,MARGINAL,24.76,-5.0
10/04/2024 14:00:00 - 10/04/2024 15:00:00,SCA|NO1,mFRR,Not Specified,Not Specified,MARGINAL,7.59,-10.0
10/04/2024 15:00:00 - 10/04/2024 16:00:00,SCA|NO1,mFRR,Not Specified,Not Specified,MARGINAL,25.28,-10.0
10/04/2024 16:00:00 - 10/04/2024 17:00:00,SCA|NO1,mFRR,Not Specified,Not Specified,MARGINAL,39.08,-4.0
10/04/2024 17:00:00 - 10/04/2024 18:00:00,SCA|NO1,mFRR,Not Specified,Not Specified,MARGINAL,45.97,35.0
10/04/2024 18:00:00 - 10/04/2024 19:00:00,SCA|NO1,mFRR,Not Specified,Not Specified,MARGINAL,50.1,41.5
10/04/2024 19:00:00 - 10/04/2024 20:00:00,SCA|NO1,mFRR,Not Specified,Not Specified,MARGINAL,78.91,78.91
10/04/2024 20:00:00 - 10/04/2024 21:00:00,SCA|NO1,mFRR,Not Specified,Not Specified,MARGINAL,141.1,141.1
10/04/2024 21:00:00 - 10/04/2024 22:00:00,SCA|NO1,mFRR,Not Specified,Not Specified,MARGINAL,89.95,89.95
10/04/2024 22:00:00 - 10/04/2024 23:00:00,SCA|NO1,mFRR,Not Specified,Not Specified,MARGINAL,49.66,49.66
10/04/2024 23:00:00 - 11/04/2024 00:00:00,SCA|NO1,mFRR,Not Specified,Not Specified,MARGINAL,47.22,39.0
11/04/2024 00:00:00 - 11/04/2024 01:00:00,SCA|NO1,mFRR,Not Specified,Not Specified,MARGINAL,42.44,10.06
11/04/2024 01:00:00 - 11/04/2024 02:00:00,SCA|NO1,mFRR,Not Specified,Not Specified,MARGINAL,35.75,0.98
11/04/2024 02:00:00 - 11/04/2024 03:00:00,SCA|NO1,mFRR,Not Specified,Not Specified,MARGINAL,24.46,3.0
11/04/2024 03:00:00 - 11/04/2024 04:00:00,SCA|NO1,mFRR,Not Specified,Not Specified,MARGINAL,12.49,4.0
11/04/2024 04:00:00 - 11/04/2024 05:00:00,SCA|NO1,mFRR,Not Specified,Not Specified,MARGINAL,12.49,4.0
11/04/2024 05:00:00 - 11/04/2024 06:00:00,SCA|NO1,mFRR,Not Specified,Not Specified,MARGINAL,20.6,7.37
11/04/2024 06:00:00 - 11/04/2024 07:00:00,SCA|NO1,mFRR,Not Specified,Not Specified,MARGINAL,50.0,37.59
11/04/2024 07:00:00 - 11/04/2024 08:00:00,SCA|NO1,mFRR,Not Specified,Not Specified,MARGINAL,50.0,41.06
11/04/2024 08:00:00 - 11/04/2024 09:00:00,SCA|NO1,mFRR,Not Specified,Not Specified,MARGINAL,50.0,41.55
11/04/2024 09:00:00 - 11/04/2024 10:00:00,SCA|NO1,mFRR,Not Specified,Not Specified,MARGINAL,45.0,40.28
11/04/2024 10:00:00 - 11/04/2024 11:00:00,SCA|NO1,mFRR,Not Specified,Not Specified,MARGINAL,38.91,38.91
11/04/2024 11:00:00 - 11/04/2024 12:00:00,SCA|NO1,mFRR,Not Specified,Not Specified,MARGINAL,39.09,39.09
11/04/2024 12:00:00 - 11/04/2024 13:00:00,SCA|NO1,mFRR,Not Specified,Not Specified,MARGINAL,38.78,8.0
11/04/2024 13:00:00 - 11/04/2024 14:00:00,SCA|NO1,mFRR,Not Specified,Not Specified,MARGINAL,39.02,11.5
11/04/2024 14:00:00 - 11/04/2024 15:00:00,SCA|NO1,mFRR,Not Specified,Not Specified,MARGINAL,39.68,23.0
11/04/2024 15:00:00 - 11/04/2024 16:00:00,SCA|NO1,mFRR,Not Specified,Not Specified,MARGINAL,41.47,30.0
11/04/2024 16:00:00 - 11/04/2024 17:00:00,SCA|NO1,mFRR,Not Specified,Not Specified,MARGINAL,42.44,33.5
11/04/2024 17:00:00 - 11/04/2024 18:00:00,SCA|NO1,mFRR,Not Specified,Not Specified,MARGINAL,45.61,45.61
11/04/2024 18:00:00 - 11/04/2024 19:00:00,SCA|NO1,mFRR,Not Specified,Not Specified,MARGINAL,47.54,37.0
11/04/2024 19:00:00 - 11/04/2024 20:00:00,SCA|NO1,mFRR,Not Specified,Not Specified,MARGINAL,48.93,40.5
11/04/2024 20:00:00 - 11/04/2024 21:00:00,SCA|NO1,mFRR,Not Specified,Not Specified,MARGINAL,58.6,41.0
11/04/2024 21:00:00 - 11/04/2024 22:00:00,SCA|NO1,mFRR,Not Specified,Not Specified,MARGINAL,59.81,59.81
11/04/2024 22:00:00 - 11/04/2024 23:00:00,SCA|NO1,mFRR,Not Specified,Not Specified,MARGINAL,58.6,41.5
11/04/2024 23:00:00 - 12/04/2024 00:00:00,SCA|NO1,mFRR,Not Specified,Not Specified,MARGINAL,54.52,34.0
12/04/2024 00:00:00 - 12/04/2024 01:00:00,SCA|NO1,mFRR,Not Specified,Not Specified,MARGINAL,45.54,33.51
12/04/2024 01:00:00 - 12/04/2024 02:00:00,SCA|NO1,mFRR,Not Specified,Not Specified,MARGINAL,43.57,27.0
12/04/2024 02:00:00 - 12/04/2024 03:00:00,SCA|NO1,mFRR,Not Specified,Not Specified,MARGINAL,42.0,19.0
12/04/2024 03:00:00 - 12/04/2024 04:00:00,SCA|NO1,mFRR,Not Specified,Not Specified,MARGINAL,40.82,9.0
12/04/2024 04:00:00 - 12/04/2024 05:00:00,SCA|NO1,mFRR,Not Specified,Not Specified,MARGINAL,39.98,10.19
12/04/2024 05:00:00 - 12/04/2024 06:00:00,SCA|NO1,mFRR,Not Specified,Not Specified,MARGINAL,40.0,19.0
12/04/2024 06:00:00 - 12/04/2024 07:00:00,SCA|NO1,mFRR,Not Specified,Not Specified,MARGINAL,41.29,29.0
12/04/2024 07:00:00 - 12/04/2024 08:00:00,SCA|NO1,mFRR,Not Specified,Not Specified,MARGINAL,54.0,47.21
12/04/2024 08:00:00 - 12/04/2024 09:00:00,SCA|NO1,mFRR,Not Specified,Not Specified,MARGINAL,64.09,64.09
12/04/2024 09:00:00 - 12/04/2024 10:00:00,SCA|NO1,mFRR,Not Specified,Not Specified,MARGINAL,61.87,47.5
12/04/2024 10:00:00 - 12/04/2024 11:00:00,SCA|NO1,mFRR,Not Specified,Not Specified,MARGINAL,42.16,29.5
12/04/2024 11:00:00 - 12/04/2024 12:00:00,SCA|NO1,mFRR,Not Specified,Not Specified,MARGINAL,25.74,13.0
12/04/2024 12:00:00 - 12/04/2024 13:00:00,SCA|NO1,mFRR,Not Specified,Not Specified,MARGINAL,20.09,13.0
12/04/2024 13:00:00 - 12/04/2024 14:00:00,SCA|NO1,mFRR,Not Specified,Not Specified,MARGINAL,4.98,4.98
12/04/2024 14:00:00 - 12/04/2024 15:00:00,SCA|NO1,mFRR,Not Specified,Not Specified,MARGINAL,0.81,0.0
12/04/2024 15:00:00 - 12/04/2024 16:00:00,SCA|NO1,mFRR,Not Specified,Not Specified,MARGINAL,0.43,-6.03
12/04/2024 16:00:00 - 12/04/2024 17:00:00,SCA|NO1,mFRR,Not Specified,Not Specified,MARGINAL,27.32,10.0
12/04/2024 17:00:00 - 12/04/2024 18:00:00,SCA|NO1,mFRR,Not Specified,Not Specified,MARGINAL,39.4,26.0
12/04/2024 18:00:00 - 12/04/2024 19:00:00,SCA|NO1,mFRR,Not Specified,Not Specified,MARGINAL,43.54,43.54
12/04/2024 19:00:00 - 12/04/2024 20:00:00,SCA|NO1,mFRR,Not Specified,Not Specified,MARGINAL,45.55,45.55
12/04/2024 20:00:00 - 12/04/2024 21:00:00,SCA|NO1,mFRR,Not Specified,Not Specified,MARGINAL,48.09,48.09
12/04/2024 21:00:00 - 12/04/2024 22:00:00,SCA|NO1,mFRR,Not Specified,Not Specified,MARGINAL,49.0,45.74
12/04/2024 22:00:00 - 12/04/2024 23:00:00,SCA|NO1,mFRR,Not Specified,Not Specified,MARGINAL,49.0,44.56
12/04/2024 23:00:00 - 13/04/2024 00:00:00,SCA|NO1,mFRR,Not Specified,Not Specified,MARGINAL,49.0,42.85
13/04/2024 00:00:00 - 13/04/2024 01:00:00,SCA|NO1,mFRR,Not Specified,Not Specified,MARGINAL,50.0,34.15
13/04/2024 01:00:00 - 13/04/2024 02:00:00,SCA|NO1,mFRR,Not Specified,Not Specified,MARGINAL,46.0,25.92
13/04/2024 02:00:00 - 13/04/2024 03:00:00,SCA|NO1,mFRR,Not Specified,Not Specified,MARGINAL,44.0,19.36
13/04/2024 03:00:00 - 13/04/2024 04:00:00,SCA|NO1,mFRR,Not Specified,Not Specified,MARGINAL,44.0,17.53
13/04/2024 04:00:00 - 13/04/2024 05:00:00,SCA|NO1,mFRR,Not Specified,Not Specified,MARGINAL,32.0,17.46
13/04/2024 05:00:00 - 13/04/2024 06:00:00,SCA|NO1,mFRR,Not Specified,Not Specified,MARGINAL,23.31,23.31
13/04/2024 06:00:00 - 13/04/2024 07:00:00,SCA|NO1,mFRR,Not Specified,Not Specified,MARGINAL,27.83,16.96
13/04/2024 07:00:00 - 13/04/2024 08:00:00,SCA|NO1,mFRR,Not Specified,Not Specified,MARGINAL,22.16,16.0
13/04/2024 08:00:00 - 13/04/2024 09:00:00,SCA|NO1,mFRR,Not Specified,Not Specified,MARGINAL,26.5,22.47
13/04/2024 09:00:00 - 13/04/2024 10:00:00,SCA|NO1,mFRR,Not Specified,Not Specified,MARGINAL,26.5,22.44
13/04/2024 10:00:00 - 13/04/2024 11:00:00,SCA|NO1,mFRR,Not Specified,Not Specified,MARGINAL,-0.02,-0.02
13/04/2024 11:00:00 - 13/04/2024 12:00:00,SCA|NO1,mFRR,Not Specified,Not Specified,MARGINAL,-4.04,-4.04
13/04/2024 12:00:00 - 13/04/2024 13:00:00,SCA|NO1,mFRR,Not Specified,Not Specified,MARGINAL,-8.26,-8.26
13/04/2024 13:00:00 - 13/04/2024 14:00:00,SCA|NO1,mFRR,Not Specified,Not Specified,MARGINAL,-20.81,-20.81
13/04/2024 14:00:00 - 13/04/2024 15:00:00,SCA|NO1,mFRR,Not Specified,Not Specified,MARGINAL,-30.2,-30.2
13/04/2024 15:00:00 - 13/04/2024 16:00:00,SCA|NO1,mFRR,Not Specified,Not Specified,MARGINAL,-31.6,-31.6
13/04/2024 16:00:00 - 13/04/2024 17:00:00,SCA|NO1,mFRR,Not Specified,Not Specified,MARGINAL,-10.07,-10.07
13/04/2024 17:00:00 - 13/04/2024 18:00:00,SCA|NO1,mFRR,Not Specified,Not Specified,MARGINAL,21.0,12.49
13/04/2024 18:00:00 - 13/04/2024 19:00:00,SCA|NO1,mFRR,Not Specified,Not Specified,MARGINAL,30.0,8.0
13/04/2024 19:00:00 - 13/04/2024 20:00:00,SCA|NO1,mFRR,Not Specified,Not Specified,MARGINAL,38.0,11.5
13/04/2024 20:00:00 - 13/04/2024 21:00:00,SCA|NO1,mFRR,Not Specified,Not Specified,MARGINAL,38.0,37.32
13/04/2024 21:00:00 - 13/04/2024 22:00:00,SCA|NO1,mFRR,Not Specified,Not Specified,MARGINAL,34.65,34.65
13/04/2024 22:00:00 - 13/04/2024 23:00:00,SCA|NO1,mFRR,Not Specified,Not Specified,MARGINAL,24.0,20.6
13/04/2024 23:00:00 - 14/04/2024 00:00:00,SCA|NO1,mFRR,Not Specified,Not Specified,MARGINAL,21.0,7.26
14/04/2024 00:00:00 - 14/04/2024 01:00:00,SCA|NO1,mFRR,Not Specified,Not Specified,MARGINAL,0.64,-1.5
14/04/2024 01:00:00 - 14/04/2024 02:00:00,SCA|NO1,mFRR,Not Specified,Not Specified,MARGINAL,0.86,-10.0
14/04/2024 02:00:00 - 14/04/2024 03:00:00,SCA|NO1,mFRR,Not Specified,Not Specified,MARGINAL,0.95,-13.0
14/04/2024 03:00:00 - 14/04/2024 04:00:00,SCA|NO1,mFRR,Not Specified,Not Specified,MARGINAL,1.17,-13.0
14/04/2024 04:00:00 - 14/04/2024 05:00:00,SCA|NO1,mFRR,Not Specified,Not Specified,MARGINAL,2.41,-18.0
14/04/2024 05:00:00 - 14/04/2024 06:00:00,SCA|NO1,mFRR,Not Specified,Not Specified,MARGINAL,6.12,-18.0
14/04/2024 06:00:00 - 14/04/2024 07:00:00,SCA|NO1,mFRR,Not Specified,Not Specified,MARGINAL,13.2,-9.0
14/04/2024 07:00:00 - 14/04/2024 08:00:00,SCA|NO1,mFRR,Not Specified,Not Specified,MARGINAL,13.42,-6.0
14/04/2024 08:00:00 - 14/04/2024 09:00:00,SCA|NO1,mFRR,Not Specified,Not Specified,MARGINAL,7.64,0.0
14/04/2024 09:00:00 - 14/04/2024 10:00:00,SCA|NO1,mFRR,Not Specified,Not Specified,MARGINAL,0.0,0.0
14/04/2024 10:00:00 - 14/04/2024 11:00:00,SCA|NO1,mFRR,Not Specified,Not Specified,MARGINAL,1.01,1.01
14/04/2024 11:00:00 - 14/04/2024 12:00:00,SCA|NO1,mFRR,Not Specified,Not Specified,MARGINAL,4.94,1.73
14/04/2024 12:00:00 - 14/04/2024 13:00:00,SCA|NO1,mFRR,Not Specified,Not Specified,MARGINAL,5.67,5.67
14/04/2024 13:00:00 - 14/04/2024 14:00:00,SCA|NO1,mFRR,Not Specified,Not Specified,MARGINAL,5.1,5.1
14/04/2024 14:00:00 - 14/04/2024 15:00:00,SCA|NO1,mFRR,Not Specified,Not Specified,MARGINAL,4.39,4.39
14/04/2024 15:00:00 - 14/04/2024 16:00:00,SCA|NO1,mFRR,Not Specified,Not Specified,MARGINAL,9.99,9.99
14/04/2024 16:00:00 - 14/04/2024 17:00:00,SCA|NO1,mFRR,Not Specified,Not Specified,MARGINAL,24.84,24.84
14/04/2024 17:00:00 - 14/04/2024 18:00:00,SCA|NO1,mFRR,Not Specified,Not Specified,MARGINAL,40.0,37.7
14/04/2024 18:00:00 - 14/04/2024 19:00:00,SCA|NO1,mFRR,Not Specified,Not Specified,MARGINAL,42.29,42.29
14/04/2024 19:00:00 - 14/04/2024 20:00:00,SCA|NO1,mFRR,Not Specified,Not Specified,MARGINAL,45.03,45.03
14/04/2024 20:00:00 - 14/04/2024 21:00:00,SCA|NO1,mFRR,Not Specified,Not Specified,MARGINAL,47.41,41.5
14/04/2024 21:00:00 - 14/04/2024 22:00:00,SCA|NO1,mFRR,Not Specified,Not Specified,MARGINAL,49.9,41.5
14/04/2024 22:00:00 - 14/04/2024 23:00:00,SCA|NO1,mFRR,Not Specified,Not Specified,MARGINAL,49.72,43.0
14/04/2024 23:00:00 - 15/04/2024 00:00:00,SCA|NO1,mFRR,Not Specified,Not Specified,MARGINAL,47.76,41.5
15/04/2024 00:00:00 - 15/04/2024 01:00:00,SCA|NO1,mFRR,Not Specified,Not Specified,MARGINAL,47.06,42.0
15/04/2024 01:00:00 - 15/04/2024 02:00:00,SCA|NO1,mFRR,Not Specified,Not Specified,MARGINAL,45.84,35.5
15/04/2024 02:00:00 - 15/04/2024 03:00:00,SCA|NO1,mFRR,Not Specified,Not Specified,MARGINAL,44.86,32.0
15/04/2024 03:00:00 - 15/04/2024 04:00:00,SCA|NO1,mFRR,Not Specified,Not Specified,MARGINAL,43.14,30.0
15/04/2024 04:00:00 - 15/04/2024 05:00:00,SCA|NO1,mFRR,Not Specified,Not Specified,MARGINAL,40.78,27.0
15/04/2024 05:00:00 - 15/04/2024 06:00:00,SCA|NO1,mFRR,Not Specified,Not Specified,MARGINAL,39.07,22.79
15/04/2024 06:00:00 - 15/04/2024 07:00:00,SCA|NO1,mFRR,Not Specified,Not Specified,MARGINAL,40.83,31.0
15/04/2024 07:00:00 - 15/04/2024 08:00:00,SCA|NO1,mFRR,Not Specified,Not Specified,MARGINAL,55.5,44.4
15/04/2024 08:00:00 - 15/04/2024 09:00:00,SCA|NO1,mFRR,Not Specified,Not Specified,MARGINAL,70.0,49.21
15/04/2024 09:00:00 - 15/04/2024 10:00:00,SCA|NO1,mFRR,Not Specified,Not Specified,MARGINAL,56.0,38.0
15/04/2024 10:00:00 - 15/04/2024 11:00:00,SCA|NO1,mFRR,Not Specified,Not Specified,MARGINAL,49.8,37.5
15/04/2024 11:00:00 - 15/04/2024 12:00:00,SCA|NO1,mFRR,Not Specified,Not Specified,MARGINAL,45.73,33.0
15/04/2024 12:00:00 - 15/04/2024 13:00:00,SCA|NO1,mFRR,Not Specified,Not Specified,MARGINAL,43.0,21.0
15/04/2024 13:00:00 - 15/04/2024 14:00:00,SCA|NO1,mFRR,Not Specified,Not Specified,MARGINAL,34.84,21.0
15/04/2024 14:00:00 - 15/04/2024 15:00:00,SCA|NO1,mFRR,Not Specified,Not Specified,MARGINAL,19.5,0.0
15/04/2024 15:00:00 - 15/04/2024 16:00:00,SCA|NO1,mFRR,Not Specified,Not Specified,MARGINAL,29.94,3.71
15/04/2024 16:00:00 - 15/04/2024 17:00:00,SCA|NO1,mFRR,Not Specified,Not Specified,MARGINAL,35.58,5.0
15/04/2024 17:00:00 - 15/04/2024 18:00:00,SCA|NO1,mFRR,Not Specified,Not Specified,MARGINAL,43.24,9.0
15/04/2024 18:00:00 - 15/04/2024 19:00:00,SCA|NO1,mFRR,Not Specified,Not Specified,MARGINAL,44.39,33.0
15/04/2024 19:00:00 - 15/04/2024 20:00:00,SCA|NO1,mFRR,Not Specified,Not Specified,MARGINAL,46.92,33.0
15/04/2024 20:00:00 - 15/04/2024 21:00:00,SCA|NO1,mFRR,Not Specified,Not Specified,MARGINAL,48.17,43.0
15/04/2024 21:00:00 - 15/04/2024 22:00:00,SCA|NO1,mFRR,Not Specified,Not Specified,MARGINAL,47.3,40.0
15/04/2024 22:00:00 - 15/04/2024 23:00:00,SCA|NO1,mFRR,Not Specified,Not Specified,MARGINAL,45.09,34.0
15/04/2024 23:00:00 - 16/04/2024 00:00:00,SCA|NO1,mFRR,Not Specified,Not Specified,MARGINAL,39.63,30.0
16/04/2024 00:00:00 - 16/04/2024 01:00:00,SCA|NO1,mFRR,Not Specified,Not Specified,MARGINAL,33.23,33.23
16/04/2024 01:00:00 - 16/04/2024 02:00:00,SCA|NO1,mFRR,Not Specified,Not Specified,MARGINAL,17.79,3.0
16/04/2024 02:00:00 - 16/04/2024 03:00:00,SCA|NO1,mFRR,Not Specified,Not Specified,MARGINAL,6.65,-0.26
16/04/2024 03:00:00 - 16/04/2024 04:00:00,SCA|NO1,mFRR,Not Specified,Not Specified,MARGINAL,5.49,5.49
16/04/2024 04:00:00 - 16/04/2024 05:00:00,SCA|NO1,mFRR,Not Specified,Not Specified,MARGINAL,29.0,17.9
16/04/2024 05:00:00 - 16/04/2024 06:00:00,SCA|NO1,mFRR,Not Specified,Not Specified,MARGINAL,36.22,36.22
16/04/2024 06:00:00 - 16/04/2024 07:00:00,SCA|NO1,mFRR,Not Specified,Not Specified,MARGINAL,54.0,49.0
16/04/2024 07:00:00 - 16/04/2024 08:00:00,SCA|NO1,mFRR,Not Specified,Not Specified,MARGINAL,53.29,53.29
16/04/2024 08:00:00 - 16/04/2024 09:00:00,SCA|NO1,mFRR,Not Specified,Not Specified,MARGINAL,59.02,47.0
16/04/2024 09:00:00 - 16/04/2024 10:00:00,SCA|NO1,mFRR,Not Specified,Not Specified,MARGINAL,56.36,37.5
16/04/2024 10:00:00 - 16/04/2024 11:00:00,SCA|NO1,mFRR,Not Specified,Not Specified,MARGINAL,52.05,37.5
16/04/2024 11:00:00 - 16/04/2024 12:00:00,SCA|NO1,mFRR,Not Specified,Not Specified,MARGINAL,46.15,33.51
16/04/2024 12:00:00 - 16/04/2024 13:00:00,SCA|NO1,mFRR,Not Specified,Not Specified,MARGINAL,42.96,35.0
16/04/2024 13:00:00 - 16/04/2024 14:00:00,SCA|NO1,mFRR,Not Specified,Not Specified,MARGINAL,42.37,35.0
16/04/2024 14:00:00 - 16/04/2024 15:00:00,SCA|NO1,mFRR,Not Specified,Not Specified,MARGINAL,57.0,43.21
16/04/2024 15:00:00 - 16/04/2024 16:00:00,SCA|NO1,mFRR,Not Specified,Not Specified,MARGINAL,57.0,44.5
16/04/2024 16:00:00 - 16/04/2024 17:00:00,SCA|NO1,mFRR,Not Specified,Not Specified,MARGINAL,51.67,43.27
16/04/2024 17:00:00 - 16/04/2024 18:00:00,SCA|NO1,mFRR,Not Specified,Not Specified,MARGINAL,55.0,48.0
16/04/2024 18:00:00 - 16/04/2024 19:00:00,SCA|NO1,mFRR,Not Specified,Not Specified,MARGINAL,57.83,48.5
16/04/2024 19:00:00 - 16/04/2024 20:00:00,SCA|NO1,mFRR,Not Specified,Not Specified,MARGINAL,57.1,48.27
16/04/2024 20:00:00 - 16/04/2024 21:00:00,SCA|NO1,mFRR,Not Specified,Not Specified,MARGINAL,56.78,49.6
16/04/2024 21:00:00 - 16/04/2024 22:00:00,SCA|NO1,mFRR,Not Specified,Not Specified,MARGINAL,56.72,51.89
16/04/2024 22:00:00 - 16/04/2024 23:00:00,SCA|NO1,mFRR,Not Specified,Not Specified,MARGINAL,54.24,49.5
16/04/2024 23:00:00 - 17/04/2024 00:00:00,SCA|NO1,mFRR,Not Specified,Not Specified,MARGINAL,52.35,52.35
17/04/2024 00:00:00 - 17/04/2024 01:00:00,SCA|NO1,mFRR,Not Specified,Not Specified,MARGINAL,57.36,47.5
17/04/2024 01:00:00 - 17/04/2024 02:00:00,SCA|NO1,mFRR,Not Specified,Not Specified,MARGINAL,56.11,48.0
17/04/2024 02:00:00 - 17/04/2024 03:00:00,SCA|NO1,mFRR,Not Specified,Not Specified,MARGINAL,55.66,50.0
17/04/2024 03:00:00 - 17/04/2024 04:00:00,SCA|NO1,mFRR,Not Specified,Not Specified,MARGINAL,55.45,50.0
17/04/2024 04:00:00 - 17/04/2024 05:00:00,SCA|NO1,mFRR,Not Specified,Not Specified,MARGINAL,55.69,50.0
17/04/2024 05:00:00 - 17/04/2024 06:00:00,SCA|NO1,mFRR,Not Specified,Not Specified,MARGINAL,58.82,49.6
17/04/2024 06:00:00 - 17/04/2024 07:00:00,SCA|NO1,mFRR,Not Specified,Not Specified,MARGINAL,58.5,47.5
17/04/2024 07:00:00 - 17/04/2024 08:00:00,SCA|NO1,mFRR,Not Specified,Not Specified,MARGINAL,61.63,48.5
17/04/2024 08:00:00 - 17/04/2024 09:00:00,SCA|NO1,mFRR,Not Specified,Not Specified,MARGINAL,62.17,52.0
17/04/2024 09:00:00 - 17/04/2024 10:00:00,SCA|NO1,mFRR,Not Specified,Not Specified,MARGINAL,62.35,49.5
17/04/2024 10:00:00 - 17/04/2024 11:00:00,SCA|NO1,mFRR,Not Specified,Not Specified,MARGINAL,59.95,50.0
17/04/2024 11:00:00 - 17/04/2024 12:00:00,SCA|NO1,mFRR,Not Specified,Not Specified,MARGINAL,59.91,50.0
17/04/2024 12:00:00 - 17/04/2024 13:00:00,SCA|NO1,mFRR,Not Specified,Not Specified,MARGINAL,59.88,50.0
17/04/2024 13:00:00 - 17/04/2024 14:00:00,SCA|NO1,mFRR,Not Specified,Not Specified,MARGINAL,59.96,50.0
17/04/2024 14:00:00 - 17/04/2024 15:00:00,SCA|NO1,mFRR,Not Specified,Not Specified,MARGINAL,59.67,50.5
17/04/2024 15:00:00 - 17/04/2024 16:00:00,SCA|NO1,mFRR,Not Specified,Not Specified,MARGINAL,59.33,50.5
17/04/2024 16:00:00 - 17/04/2024 17:00:00,SCA|NO1,mFRR,Not Specified,Not Specified,MARGINAL,59.25,49.0
17/04/2024 17:00:00 - 17/04/2024 18:00:00,SCA|NO1,mFRR,Not Specified,Not Specified,MARGINAL,62.8,52.0
17/04/2024 18:00:00 - 17/04/2024 19:00:00,SCA|NO1,mFRR,Not Specified,Not Specified,MARGINAL,62.76,52.0
17/04/2024 19:00:00 - 17/04/2024 20:00:00,SCA|NO1,mFRR,Not Specified,Not Specified,MARGINAL,62.22,52.22
17/04/2024 20:00:00 - 17/04/2024 21:00:00,SCA|NO1,mFRR,Not Specified,Not Specified,MARGINAL,62.9,52.5
17/04/2024 21:00:00 - 17/04/2024 22:00:00,SCA|NO1,mFRR,Not Specified,Not Specified,MARGINAL,61.08,60.5
17/04/2024 22:00:00 - 17/04/2024 23:00:00,SCA|NO1,mFRR,Not Specified,Not Specified,MARGINAL,59.99,59.99
17/04/2024 23:00:00 - 18/04/2024 00:00:00,SCA|NO1,mFRR,Not Specified,Not Specified,MARGINAL,59.72,51.5
18/04/2024 00:00:00 - 18/04/2024 01:00:00,SCA|NO1,mFRR,Not Specified,Not Specified,MARGINAL,61.82,54.0
18/04/2024 01:00:00 - 18/04/2024 02:00:00,SCA|NO1,mFRR,Not Specified,Not Specified,MARGINAL,62.44,53.0
18/04/2024 02:00:00 - 18/04/2024 03:00:00,SCA|NO1,mFRR,Not Specified,Not Specified,MARGINAL,62.69,53.0
18/04/2024 03:00:00 - 18/04/2024 04:00:00,SCA|NO1,mFRR,Not Specified,Not Specified,MARGINAL,63.03,53.0
18/04/2024 04:00:00 - 18/04/2024 05:00:00,SCA|NO1,mFRR,Not Specified,Not Specified,MARGINAL,63.81,53.5
18/04/2024 05:00:00 - 18/04/2024 06:00:00,SCA|NO1,mFRR,Not Specified,Not Specified,,,
18/04/2024 06:00:00 - 18/04/2024 07:00:00,SCA|NO1,mFRR,Not Specified,Not Specified,MARGINAL,67.9,54.0
18/04/2024 07:00:00 - 18/04/2024 08:00:00,SCA|NO1,mFRR,Not Specified,Not Specified,MARGINAL,150.34,61.0
18/04/2024 08:00:00 - 18/04/2024 09:00:00,SCA|NO1,mFRR,Not Specified,Not Specified,MARGINAL,127.13,127.13
18/04/2024 09:00:00 - 18/04/2024 10:00:00,SCA|NO1,mFRR,Not Specified,Not Specified,MARGINAL,97.89,63.0
18/04/2024 10:00:00 - 18/04/2024 11:00:00,SCA|NO1,mFRR,Not Specified,Not Specified,MARGINAL,87.02,63.0
18/04/2024 11:00:00 - 18/04/2024 12:00:00,SCA|NO1,mFRR,Not Specified,Not Specified,MARGINAL,74.58,58.0
18/04/2024 12:00:00 - 18/04/2024 13:00:00,SCA|NO1,mFRR,Not Specified,Not Specified,MARGINAL,64.15,60.0
18/04/2024 13:00:00 - 18/04/2024 14:00:00,SCA|NO1,mFRR,Not Specified,Not Specified,MARGINAL,64.71,53.0
18/04/2024 14:00:00 - 18/04/2024 15:00:00,SCA|NO1,mFRR,Not Specified,Not Specified,MARGINAL,62.63,50.0
18/04/2024 15:00:00 - 18/04/2024 16:00:00,SCA|NO1,mFRR,Not Specified,Not Specified,MARGINAL,61.49,45.0
18/04/2024 16:00:00 - 18/04/2024 17:00:00,SCA|NO1,mFRR,Not Specified,Not Specified,MARGINAL,63.15,49.5
18/04/2024 17:00:00 - 18/04/2024 18:00:00,SCA|NO1,mFRR,Not Specified,Not Specified,MARGINAL,64.97,54.0
18/04/2024 18:00:00 - 18/04/2024 19:00:00,SCA|NO1,mFRR,Not Specified,Not Specified,MARGINAL,66.47,56.0
18/04/2024 19:00:00 - 18/04/2024 20:00:00,SCA|NO1,mFRR,Not Specified,Not Specified,MARGINAL,77.04,59.5
18/04/2024 20:00:00 - 18/04/2024 21:00:00,SCA|NO1,mFRR,Not Specified,Not Specified,MARGINAL,74.98,59.5
18/04/2024 21:00:00 - 18/04/2024 22:00:00,SCA|NO1,mFRR,Not Specified,Not Specified,MARGINAL,69.05,58.0
18/04/2024 22:00:00 - 18/04/2024 23:00:00,SCA|NO1,mFRR,Not Specified,Not Specified,MARGINAL,63.98,54.5
18/04/2024 23:00:00 - 19/04/2024 00:00:00,SCA|NO1,mFRR,Not Specified,Not Specified,MARGINAL,61.09,54.0
19/04/2024 00:00:00 - 19/04/2024 01:00:00,SCA|NO1,mFRR,Not Specified,Not Specified,MARGINAL,61.23,53.61
19/04/2024 01:00:00 - 19/04/2024 02:00:00,SCA|NO1,mFRR,Not Specified,Not Specified,MARGINAL,57.38,46.0
19/04/2024 02:00:00 - 19/04/2024 03:00:00,SCA|NO1,mFRR,Not Specified,Not Specified,MARGINAL,50.53,46.0
19/04/2024 03:00:00 - 19/04/2024 04:00:00,SCA|NO1,mFRR,Not Specified,Not Specified,MARGINAL,48.25,46.0
19/04/2024 04:00:00 - 19/04/2024 05:00:00,SCA|NO1,mFRR,Not Specified,Not Specified,MARGINAL,46.91,36.0
19/04/2024 05:00:00 - 19/04/2024 06:00:00,SCA|NO1,mFRR,Not Specified,Not Specified,MARGINAL,49.08,36.0
19/04/2024 06:00:00 - 19/04/2024 07:00:00,SCA|NO1,mFRR,Not Specified,Not Specified,MARGINAL,58.08,58.08
19/04/2024 07:00:00 - 19/04/2024 08:00:00,SCA|NO1,mFRR,Not Specified,Not Specified,MARGINAL,63.08,63.08
19/04/2024 08:00:00 - 19/04/2024 09:00:00,SCA|NO1,mFRR,Not Specified,Not Specified,MARGINAL,63.99,63.99
19/04/2024 09:00:00 - 19/04/2024 10:00:00,SCA|NO1,mFRR,Not Specified,Not Specified,MARGINAL,67.0,63.5
19/04/2024 10:00:00 - 19/04/2024 11:00:00,SCA|NO1,mFRR,Not Specified,Not Specified,MARGINAL,61.27,61.27
19/04/2024 11:00:00 - 19/04/2024 12:00:00,SCA|NO1,mFRR,Not Specified,Not Specified,MARGINAL,57.28,50.0
19/04/2024 12:00:00 - 19/04/2024 13:00:00,SCA|NO1,mFRR,Not Specified,Not Specified,MARGINAL,52.16,40.08
19/04/2024 13:00:00 - 19/04/2024 14:00:00,SCA|NO1,mFRR,Not Specified,Not Specified,MARGINAL,48.67,40.08
19/04/2024 14:00:00 - 19/04/2024 15:00:00,SCA|NO1,mFRR,Not Specified,Not Specified,MARGINAL,54.0,46.38
19/04/2024 15:00:00 - 19/04/2024 16:00:00,SCA|NO1,mFRR,Not Specified,Not Specified,MARGINAL,54.0,47.31
19/04/2024 16:00:00 - 19/04/2024 17:00:00,SCA|NO1,mFRR,Not Specified,Not Specified,MARGINAL,50.91,40.0
19/04/2024 17:00:00 - 19/04/2024 18:00:00,SCA|NO1,mFRR,Not Specified,Not Specified,MARGINAL,56.95,49.38
19/04/2024 18:00:00 - 19/04/2024 19:00:00,SCA|NO1,mFRR,Not Specified,Not Specified,MARGINAL,60.04,60.04
19/04/2024 19:00:00 - 19/04/2024 20:00:00,SCA|NO1,mFRR,Not Specified,Not Specified,MARGINAL,61.86,54.5
19/04/2024 20:00:00 - 19/04/2024 21:00:00,SCA|NO1,mFRR,Not Specified,Not Specified,MARGINAL,62.2,62.2
19/04/2024 21:00:00 - 19/04/2024 22:00:00,SCA|NO1,mFRR,Not Specified,Not Specified,MARGINAL,62.08,62.08
19/04/2024 22:00:00 - 19/04/2024 23:00:00,SCA|NO1,mFRR,Not Specified,Not Specified,MARGINAL,62.09,62.09
19/04/2024 23:00:00 - 20/04/2024 00:00:00,SCA|NO1,mFRR,Not Specified,Not Specified,MARGINAL,61.19,61.19
20/04/2024 00:00:00 - 20/04/2024 01:00:00,SCA|NO1,mFRR,Not Specified,Not Specified,MARGINAL,60.24,60.24
20/04/2024 01:00:00 - 20/04/2024 02:00:00,SCA|NO1,mFRR,Not Specified,Not Specified,MARGINAL,57.97,57.97
20/04/2024 02:00:00 - 20/04/2024 03:00:00,SCA|NO1,mFRR,Not Specified,Not Specified,MARGINAL,60.0,57.33
20/04/2024 03:00:00 - 20/04/2024 04:00:00,SCA|NO1,mFRR,Not Specified,Not Specified,MARGINAL,62.0,57.46
20/04/2024 04:00:00 - 20/04/2024 05:00:00,SCA|NO1,mFRR,Not Specified,Not Specified,MARGINAL,60.0,59.15
20/04/2024 05:00:00 - 20/04/2024 06:00:00,SCA|NO1,mFRR,Not Specified,Not Specified,MARGINAL,60.88,60.88
20/04/2024 06:00:00 - 20/04/2024 07:00:00,SCA|NO1,mFRR,Not Specified,Not Specified,MARGINAL,61.93,57.5
20/04/2024 07:00:00 - 20/04/2024 08:00:00,SCA|NO1,mFRR,Not Specified,Not Specified,MARGINAL,61.81,61.81
20/04/2024 08:00:00 - 20/04/2024 09:00:00,SCA|NO1,mFRR,Not Specified,Not Specified,MARGINAL,60.7,60.7
20/04/2024 09:00:00 - 20/04/2024 10:00:00,SCA|NO1,mFRR,Not Specified,Not Specified,MARGINAL,58.16,48.0
20/04/2024 10:00:00 - 20/04/2024 11:00:00,SCA|NO1,mFRR,Not Specified,Not Specified,MARGINAL,52.85,48.0
20/04/2024 11:00:00 - 20/04/2024 12:00:00,SCA|NO1,mFRR,Not Specified,Not Specified,MARGINAL,40.65,33.01
20/04/2024 12:00:00 - 20/04/2024 13:00:00,SCA|NO1,mFRR,Not Specified,Not Specified,MARGINAL,34.47,27.44
20/04/2024 13:00:00 - 20/04/2024 14:00:00,SCA|NO1,mFRR,Not Specified,Not Specified,MARGINAL,29.8,18.0
20/04/2024 14:00:00 - 20/04/2024 15:00:00,SCA|NO1,mFRR,Not Specified,Not Specified,MARGINAL,28.76,18.0
20/04/2024 15:00:00 - 20/04/2024 16:00:00,SCA|NO1,mFRR,Not Specified,Not Specified,MARGINAL,42.11,22.0
20/04/2024 16:00:00 - 20/04/2024 17:00:00,SCA|NO1,mFRR,Not Specified,Not Specified,MARGINAL,51.4,26.5
20/04/2024 17:00:00 - 20/04/2024 18:00:00,SCA|NO1,mFRR,Not Specified,Not Specified,MARGINAL,56.13,36.0
20/04/2024 18:00:00 - 20/04/2024 19:00:00,SCA|NO1,mFRR,Not Specified,Not Specified,MARGINAL,63.0,59.85
20/04/2024 19:00:00 - 20/04/2024 20:00:00,SCA|NO1,mFRR,Not Specified,Not Specified,MARGINAL,68.0,62.42
20/04/2024 20:00:00 - 20/04/2024 21:00:00,SCA|NO1,mFRR,Not Specified,Not Specified,MARGINAL,73.0,63.22
20/04/2024 21:00:00 - 20/04/2024 22:00:00,SCA|NO1,mFRR,Not Specified,Not Specified,MARGINAL,74.0,63.32
20/04/2024 22:00:00 - 20/04/2024 23:00:00,SCA|NO1,mFRR,Not Specified,Not Specified,MARGINAL,73.0,62.92
20/04/2024 23:00:00 - 21/04/2024 00:00:00,SCA|NO1,mFRR,Not Specified,Not Specified,MARGINAL,69.5,62.3
21/04/2024 00:00:00 - 21/04/2024 01:00:00,SCA|NO1,mFRR,Not Specified,Not Specified,MARGINAL,68.0,62.48
21/04/2024 01:00:00 - 21/04/2024 02:00:00,SCA|NO1,mFRR,Not Specified,Not Specified,MARGINAL,70.5,62.16
21/04/2024 02:00:00 - 21/04/2024 03:00:00,SCA|NO1,mFRR,Not Specified,Not Specified,MARGINAL,73.0,62.02
21/04/2024 03:00:00 - 21/04/2024 04:00:00,SCA|NO1,mFRR,Not Specified,Not Specified,MARGINAL,73.0,62.0
21/04/2024 04:00:00 - 21/04/2024 05:00:00,SCA|NO1,mFRR,Not Specified,Not Specified,MARGINAL,67.0,61.83
21/04/2024 05:00:00 - 21/04/2024 06:00:00,SCA|NO1,mFRR,Not Specified,Not Specified,MARGINAL,61.59,61.59
21/04/2024 06:00:00 - 21/04/2024 07:00:00,SCA|NO1,mFRR,Not Specified,Not Specified,MARGINAL,67.0,61.04
21/04/2024 07:00:00 - 21/04/2024 08:00:00,SCA|NO1,mFRR,Not Specified,Not Specified,MARGINAL,67.0,60.04
21/04/2024 08:00:00 - 21/04/2024 09:00:00,SCA|NO1,mFRR,Not Specified,Not Specified,MARGINAL,67.0,59.17
21/04/2024 09:00:00 - 21/04/2024 10:00:00,SCA|NO1,mFRR,Not Specified,Not Specified,MARGINAL,54.73,37.45
21/04/2024 10:00:00 - 21/04/2024 11:00:00,SCA|NO1,mFRR,Not Specified,Not Specified,MARGINAL,43.29,28.71
21/04/2024 11:00:00 - 21/04/2024 12:00:00,SCA|NO1,mFRR,Not Specified,Not Specified,MARGINAL,42.47,42.47
21/04/2024 12:00:00 - 21/04/2024 13:00:00,SCA|NO1,mFRR,Not Specified,Not Specified,MARGINAL,43.94,43.94
21/04/2024 13:00:00 - 21/04/2024 14:00:00,SCA|NO1,mFRR,Not Specified,Not Specified,MARGINAL,42.14,42.14
21/04/2024 14:00:00 - 21/04/2024 15:00:00,SCA|NO1,mFRR,Not Specified,Not Specified,MARGINAL,41.48,41.48
21/04/2024 15:00:00 - 21/04/2024 16:00:00,SCA|NO1,mFRR,Not Specified,Not Specified,MARGINAL,41.93,41.93
21/04/2024 16:00:00 - 21/04/2024 17:00:00,SCA|NO1,mFRR,Not Specified,Not Specified,MARGINAL,48.15,48.15
21/04/2024 17:00:00 - 21/04/2024 18:00:00,SCA|NO1,mFRR,Not Specified,Not Specified,MARGINAL,58.68,58.68
21/04/2024 18:00:00 - 21/04/2024 19:00:00,SCA|NO1,mFRR,Not Specified,Not Specified,MARGINAL,66.0,61.23
21/04/2024 19:00:00 - 21/04/2024 20:00:00,SCA|NO1,mFRR,Not Specified,Not Specified,MARGINAL,63.35,60.0
21/04/2024 20:00:00 - 21/04/2024 21:00:00,SCA|NO1,mFRR,Not Specified,Not Specified,MARGINAL,66.02,58.5
21/04/2024 21:00:00 - 21/04/2024 22:00:00,SCA|NO1,mFRR,Not Specified,Not Specified,MARGINAL,66.75,59.5
21/04/2024 22:00:00 - 21/04/2024 23:00:00,SCA|NO1,mFRR,Not Specified,Not Specified,MARGINAL,65.45,60.0
21/04/2024 23:00:00 - 22/04/2024 00:00:00,SCA|NO1,mFRR,Not Specified,Not Specified,MARGINAL,66.0,66.0
22/04/2024 00:00:00 - 22/04/2024 01:00:00,SCA|NO1,mFRR,Not Specified,Not Specified,MARGINAL,64.75,64.75
22/04/2024 01:00:00 - 22/04/2024 02:00:00,SCA|NO1,mFRR,Not Specified,Not Specified,MARGINAL,64.65,59.0
22/04/2024 02:00:00 - 22/04/2024 03:00:00,SCA|NO1,mFRR,Not Specified,Not Specified,MARGINAL,64.55,59.0
22/04/2024 03:00:00 - 22/04/2024 04:00:00,SCA|NO1,mFRR,Not Specified,Not Specified,MARGINAL,64.38,58.0
22/04/2024 04:00:00 - 22/04/2024 05:00:00,SCA|NO1,mFRR,Not Specified,Not Specified,MARGINAL,64.7,55.0
22/04/2024 05:00:00 - 22/04/2024 06:00:00,SCA|NO1,mFRR,Not Specified,Not Specified,MARGINAL,64.84,54.94
22/04/2024 06:00:00 - 22/04/2024 07:00:00,SCA|NO1,mFRR,Not Specified,Not Specified,MARGINAL,75.0,56.0
22/04/2024 07:00:00 - 22/04/2024 08:00:00,SCA|NO1,mFRR,Not Specified,Not Specified,MARGINAL,81.0,74.95
22/04/2024 08:00:00 - 22/04/2024 09:00:00,SCA|NO1,mFRR,Not Specified,Not Specified,MARGINAL,117.0,113.82
22/04/2024 09:00:00 - 22/04/2024 10:00:00,SCA|NO1,mFRR,Not Specified,Not Specified,MARGINAL,94.04,94.04
22/04/2024 10:00:00 - 22/04/2024 11:00:00,SCA|NO1,mFRR,Not Specified,Not Specified,MARGINAL,81.0,79.32
22/04/2024 11:00:00 - 22/04/2024 12:00:00,SCA|NO1,mFRR,Not Specified,Not Specified,MARGINAL,77.0,74.63
22/04/2024 12:00:00 - 22/04/2024 13:00:00,SCA|NO1,mFRR,Not Specified,Not Specified,MARGINAL,75.0,70.57
22/04/2024 13:00:00 - 22/04/2024 14:00:00,SCA|NO1,mFRR,Not Specified,Not Specified,MARGINAL,70.38,70.38
22/04/2024 14:00:00 - 22/04/2024 15:00:00,SCA|NO1,mFRR,Not Specified,Not Specified,MARGINAL,71.0,66.39
22/04/2024 15:00:00 - 22/04/2024 16:00:00,SCA|NO1,mFRR,Not Specified,Not Specified,MARGINAL,70.0,66.11
22/04/2024 16:00:00 - 22/04/2024 17:00:00,SCA|NO1,mFRR,Not Specified,Not Specified,MARGINAL,67.51,67.51
22/04/2024 17:00:00 - 22/04/2024 18:00:00,SCA|NO1,mFRR,Not Specified,Not Specified,MARGINAL,69.43,59.0
22/04/2024 18:00:00 - 22/04/2024 19:00:00,SCA|NO1,mFRR,Not Specified,Not Specified,MARGINAL,68.53,68.53
22/04/2024 19:00:00 - 22/04/2024 20:00:00,SCA|NO1,mFRR,Not Specified,Not Specified,MARGINAL,68.01,68.01
22/04/2024 20:00:00 - 22/04/2024 21:00:00,SCA|NO1,mFRR,Not Specified,Not Specified,MARGINAL,68.89,68.89
22/04/2024 21:00:00 - 22/04/2024 22:00:00,SCA|NO1,mFRR,Not Specified,Not Specified,MARGINAL,67.69,67.69
22/04/2024 22:00:00 - 22/04/2024 23:00:00,SCA|NO1,mFRR,Not Specified,Not Specified,MARGINAL,67.1,67.1
22/04/2024 23:00:00 - 23/04/2024 00:00:00,SCA|NO1,mFRR,Not Specified,Not Specified,MARGINAL,66.21,66.21
23/04/2024 00:00:00 - 23/04/2024 01:00:00,SCA|NO1,mFRR,Not Specified,Not Specified,MARGINAL,80.0,67.76
23/04/2024 01:00:00 - 23/04/2024 02:00:00,SCA|NO1,mFRR,Not Specified,Not Specified,MARGINAL,79.0,67.53
23/04/2024 02:00:00 - 23/04/2024 03:00:00,SCA|NO1,mFRR,Not Specified,Not Specified,MARGINAL,80.0,67.33
23/04/2024 03:00:00 - 23/04/2024 04:00:00,SCA|NO1,mFRR,Not Specified,Not Specified,MARGINAL,80.0,67.27
23/04/2024 04:00:00 - 23/04/2024 05:00:00,SCA|NO1,mFRR,Not Specified,Not Specified,MARGINAL,76.0,67.15
23/04/2024 05:00:00 - 23/04/2024 06:00:00,SCA|NO1,mFRR,Not Specified,Not Specified,MARGINAL,77.35,67.39
23/04/2024 06:00:00 - 23/04/2024 07:00:00,SCA|NO1,mFRR,Not Specified,Not Specified,MARGINAL,80.0,68.54
23/04/2024 07:00:00 - 23/04/2024 08:00:00,SCA|NO1,mFRR,Not Specified,Not Specified,MARGINAL,171.0,170.64
23/04/2024 08:00:00 - 23/04/2024 09:00:00,SCA|NO1,mFRR,Not Specified,Not Specified,MARGINAL,132.0,131.92
23/04/2024 09:00:00 - 23/04/2024 10:00:00,SCA|NO1,mFRR,Not Specified,Not Specified,MARGINAL,96.0,64.5
23/04/2024 10:00:00 - 23/04/2024 11:00:00,SCA|NO1,mFRR,Not Specified,Not Specified,MARGINAL,79.83,59.0
23/04/2024 11:00:00 - 23/04/2024 12:00:00,SCA|NO1,mFRR,Not Specified,Not Specified,MARGINAL,74.77,59.0
23/04/2024 12:00:00 - 23/04/2024 13:00:00,SCA|NO1,mFRR,Not Specified,Not Specified,MARGINAL,75.06,64.0
23/04/2024 13:00:00 - 23/04/2024 14:00:00,SCA|NO1,mFRR,Not Specified,Not Specified,MARGINAL,75.74,66.0
23/04/2024 14:00:00 - 23/04/2024 15:00:00,SCA|NO1,mFRR,Not Specified,Not Specified,MARGINAL,76.18,66.0
23/04/2024 15:00:00 - 23/04/2024 16:00:00,SCA|NO1,mFRR,Not Specified,Not Specified,MARGINAL,73.88,62.19
23/04/2024 16:00:00 - 23/04/2024 17:00:00,SCA|NO1,mFRR,Not Specified,Not Specified,MARGINAL,72.87,62.5
23/04/2024 17:00:00 - 23/04/2024 18:00:00,SCA|NO1,mFRR,Not Specified,Not Specified,MARGINAL,70.08,64.0
23/04/2024 18:00:00 - 23/04/2024 19:00:00,SCA|NO1,mFRR,Not Specified,Not Specified,MARGINAL,70.63,70.63
23/04/2024 19:00:00 - 23/04/2024 20:00:00,SCA|NO1,mFRR,Not Specified,Not Specified,MARGINAL,69.99,69.99
23/04/2024 20:00:00 - 23/04/2024 21:00:00,SCA|NO1,mFRR,Not Specified,Not Specified,MARGINAL,70.63,62.0
23/04/2024 21:00:00 - 23/04/2024 22:00:00,SCA|NO1,mFRR,Not Specified,Not Specified,MARGINAL,69.98,64.0
23/04/2024 22:00:00 - 23/04/2024 23:00:00,SCA|NO1,mFRR,Not Specified,Not Specified,MARGINAL,68.97,62.0
23/04/2024 23:00:00 - 24/04/2024 00:00:00,SCA|NO1,mFRR,Not Specified,Not Specified,MARGINAL,68.76,62.0
24/04/2024 00:00:00 - 24/04/2024 01:00:00,SCA|NO1,mFRR,Not Specified,Not Specified,MARGINAL,71.86,64.0
24/04/2024 01:00:00 - 24/04/2024 02:00:00,SCA|NO1,mFRR,Not Specified,Not Specified,MARGINAL,70.59,70.59
24/04/2024 02:00:00 - 24/04/2024 03:00:00,SCA|NO1,mFRR,Not Specified,Not Specified,MARGINAL,70.17,70.17
24/04/2024 03:00:00 - 24/04/2024 04:00:00,SCA|NO1,mFRR,Not Specified,Not Specified,MARGINAL,69.16,69.16
24/04/2024 04:00:00 - 24/04/2024 05:00:00,SCA|NO1,mFRR,Not Specified,Not Specified,MARGINAL,68.45,60.0
24/04/2024 05:00:00 - 24/04/2024 06:00:00,SCA|NO1,mFRR,Not Specified,Not Specified,MARGINAL,69.65,59.0
24/04/2024 06:00:00 - 24/04/2024 07:00:00,SCA|NO1,mFRR,Not Specified,Not Specified,MARGINAL,70.98,59.0
24/04/2024 07:00:00 - 24/04/2024 08:00:00,SCA|NO1,mFRR,Not Specified,Not Specified,MARGINAL,92.72,67.0
24/04/2024 08:00:00 - 24/04/2024 09:00:00,SCA|NO1,mFRR,Not Specified,Not Specified,MARGINAL,104.0,103.75
24/04/2024 09:00:00 - 24/04/2024 10:00:00,SCA|NO1,mFRR,Not Specified,Not Specified,MARGINAL,81.0,79.69
24/04/2024 10:00:00 - 24/04/2024 11:00:00,SCA|NO1,mFRR,Not Specified,Not Specified,MARGINAL,77.37,74.02
24/04/2024 11:00:00 - 24/04/2024 12:00:00,SCA|NO1,mFRR,Not Specified,Not Specified,MARGINAL,73.16,70.0
24/04/2024 12:00:00 - 24/04/2024 13:00:00,SCA|NO1,mFRR,Not Specified,Not Specified,MARGINAL,70.98,70.0
24/04/2024 13:00:00 - 24/04/2024 14:00:00,SCA|NO1,mFRR,Not Specified,Not Specified,MARGINAL,69.65,69.65
24/04/2024 14:00:00 - 24/04/2024 15:00:00,SCA|NO1,mFRR,Not Specified,Not Specified,MARGINAL,69.45,62.0
24/04/2024 15:00:00 - 24/04/2024 16:00:00,SCA|NO1,mFRR,Not Specified,Not Specified,MARGINAL,68.21,62.0
24/04/2024 16:00:00 - 24/04/2024 17:00:00,SCA|NO1,mFRR,Not Specified,Not Specified,MARGINAL,69.39,64.32
24/04/2024 17:00:00 - 24/04/2024 18:00:00,SCA|NO1,mFRR,Not Specified,Not Specified,MARGINAL,68.96,68.96
24/04/2024 18:00:00 - 24/04/2024 19:00:00,SCA|NO1,mFRR,Not Specified,Not Specified,MARGINAL,70.37,70.37
24/04/2024 19:00:00 - 24/04/2024 20:00:00,SCA|NO1,mFRR,Not Specified,Not Specified,MARGINAL,71.56,71.56
24/04/2024 20:00:00 - 24/04/2024 21:00:00,SCA|NO1,mFRR,Not Specified,Not Specified,MARGINAL,80.5,71.97
24/04/2024 21:00:00 - 24/04/2024 22:00:00,SCA|NO1,mFRR,Not Specified,Not Specified,MARGINAL,120.0,72.23
24/04/2024 22:00:00 - 24/04/2024 23:00:00,SCA|NO1,mFRR,Not Specified,Not Specified,MARGINAL,120.0,72.09
24/04/2024 23:00:00 - 25/04/2024 00:00:00,SCA|NO1,mFRR,Not Specified,Not Specified,MARGINAL,96.0,71.57
25/04/2024 00:00:00 - 25/04/2024 01:00:00,SCA|NO1,mFRR,Not Specified,Not Specified,MARGINAL,73.21,73.21
25/04/2024 01:00:00 - 25/04/2024 02:00:00,SCA|NO1,mFRR,Not Specified,Not Specified,MARGINAL,71.65,70.0
25/04/2024 02:00:00 - 25/04/2024 03:00:00,SCA|NO1,mFRR,Not Specified,Not Specified,MARGINAL,71.51,70.0
25/04/2024 03:00:00 - 25/04/2024 04:00:00,SCA|NO1,mFRR,Not Specified,Not Specified,MARGINAL,69.94,69.0
25/04/2024 04:00:00 - 25/04/2024 05:00:00,SCA|NO1,mFRR,Not Specified,Not Specified,MARGINAL,69.16,69.16
25/04/2024 05:00:00 - 25/04/2024 06:00:00,SCA|NO1,mFRR,Not Specified,Not Specified,MARGINAL,68.47,68.47
25/04/2024 06:00:00 - 25/04/2024 07:00:00,SCA|NO1,mFRR,Not Specified,Not Specified,MARGINAL,69.59,69.0
25/04/2024 07:00:00 - 25/04/2024 08:00:00,SCA|NO1,mFRR,Not Specified,Not Specified,MARGINAL,77.6,77.6
25/04/2024 08:00:00 - 25/04/2024 09:00:00,SCA|NO1,mFRR,Not Specified,Not Specified,MARGINAL,89.0,71.99
25/04/2024 09:00:00 - 25/04/2024 10:00:00,SCA|NO1,mFRR,Not Specified,Not Specified,MARGINAL,85.47,85.47
25/04/2024 10:00:00 - 25/04/2024 11:00:00,SCA|NO1,mFRR,Not Specified,Not Specified,MARGINAL,76.64,66.0
25/04/2024 11:00:00 - 25/04/2024 12:00:00,SCA|NO1,mFRR,Not Specified,Not Specified,MARGINAL,71.99,71.0
25/04/2024 12:00:00 - 25/04/2024 13:00:00,SCA|NO1,mFRR,Not Specified,Not Specified,MARGINAL,69.86,69.86
25/04/2024 13:00:00 - 25/04/2024 14:00:00,SCA|NO1,mFRR,Not Specified,Not Specified,MARGINAL,68.6,68.6
25/04/2024 14:00:00 - 25/04/2024 15:00:00,SCA|NO1,mFRR,Not Specified,Not Specified,MARGINAL,76.81,66.81
25/04/2024 15:00:00 - 25/04/2024 16:00:00,SCA|NO1,mFRR,Not Specified,Not Specified,MARGINAL,68.04,68.04
25/04/2024 16:00:00 - 25/04/2024 17:00:00,SCA|NO1,mFRR,Not Specified,Not Specified,MARGINAL,69.68,69.68
25/04/2024 17:00:00 - 25/04/2024 18:00:00,SCA|NO1,mFRR,Not Specified,Not Specified,MARGINAL,77.4,77.4
25/04/2024 18:00:00 - 25/04/2024 19:00:00,SCA|NO1,mFRR,Not Specified,Not Specified,MARGINAL,90.66,69.0
25/04/2024 19:00:00 - 25/04/2024 20:00:00,SCA|NO1,mFRR,Not Specified,Not Specified,MARGINAL,89.0,69.0
25/04/2024 20:00:00 - 25/04/2024 21:00:00,SCA|NO1,mFRR,Not Specified,Not Specified,MARGINAL,90.0,78.4
25/04/2024 21:00:00 - 25/04/2024 22:00:00,SCA|NO1,mFRR,Not Specified,Not Specified,MARGINAL,90.0,74.97
25/04/2024 22:00:00 - 25/04/2024 23:00:00,SCA|NO1,mFRR,Not Specified,Not Specified,MARGINAL,71.84,68.0
25/04/2024 23:00:00 - 26/04/2024 00:00:00,SCA|NO1,mFRR,Not Specified,Not Specified,MARGINAL,71.13,68.0
26/04/2024 00:00:00 - 26/04/2024 01:00:00,SCA|NO1,mFRR,Not Specified,Not Specified,MARGINAL,77.24,65.0
26/04/2024 01:00:00 - 26/04/2024 02:00:00,SCA|NO1,mFRR,Not Specified,Not Specified,MARGINAL,71.71,65.0
26/04/2024 02:00:00 - 26/04/2024 03:00:00,SCA|NO1,mFRR,Not Specified,Not Specified,MARGINAL,71.83,61.14
26/04/2024 03:00:00 - 26/04/2024 04:00:00,SCA|NO1,mFRR,Not Specified,Not Specified,MARGINAL,71.7,60.79
26/04/2024 04:00:00 - 26/04/2024 05:00:00,SCA|NO1,mFRR,Not Specified,Not Specified,MARGINAL,74.1,60.79
26/04/2024 05:00:00 - 26/04/2024 06:00:00,SCA|NO1,mFRR,Not Specified,Not Specified,MARGINAL,76.21,59.41
26/04/2024 06:00:00 - 26/04/2024 07:00:00,SCA|NO1,mFRR,Not Specified,Not Specified,MARGINAL,125.0,64.0
26/04/2024 07:00:00 - 26/04/2024 08:00:00,SCA|NO1,mFRR,Not Specified,Not Specified,MARGINAL,125.0,101.04
26/04/2024 08:00:00 - 26/04/2024 09:00:00,SCA|NO1,mFRR,Not Specified,Not Specified,MARGINAL,96.38,93.08
26/04/2024 09:00:00 - 26/04/2024 10:00:00,SCA|NO1,mFRR,Not Specified,Not Specified,MARGINAL,78.57,67.0
26/04/2024 10:00:00 - 26/04/2024 11:00:00,SCA|NO1,mFRR,Not Specified,Not Specified,MARGINAL,75.4,51.0
26/04/2024 11:00:00 - 26/04/2024 12:00:00,SCA|NO1,mFRR,Not Specified,Not Specified,MARGINAL,70.68,50.0
26/04/2024 12:00:00 - 26/04/2024 13:00:00,SCA|NO1,mFRR,Not Specified,Not Specified,MARGINAL,68.78,49.97
26/04/2024 13:00:00 - 26/04/2024 14:00:00,SCA|NO1,mFRR,Not Specified,Not Specified,MARGINAL,68.36,49.0
26/04/2024 14:00:00 - 26/04/2024 15:00:00,SCA|NO1,mFRR,Not Specified,Not Specified,MARGINAL,65.37,49.0
26/04/2024 15:00:00 - 26/04/2024 16:00:00,SCA|NO1,mFRR,Not Specified,Not Specified,MARGINAL,68.65,57.0
26/04/2024 16:00:00 - 26/04/2024 17:00:00,SCA|NO1,mFRR,Not Specified,Not Specified,MARGINAL,69.47,58.7
26/04/2024 17:00:00 - 26/04/2024 18:00:00,SCA|NO1,mFRR,Not Specified,Not Specified,MARGINAL,86.5,67.04
26/04/2024 18:00:00 - 26/04/2024 19:00:00,SCA|NO1,mFRR,Not Specified,Not Specified,MARGINAL,102.0,90.66
26/04/2024 19:00:00 - 26/04/2024 20:00:00,SCA|NO1,mFRR,Not Specified,Not Specified,MARGINAL,125.0,124.49
26/04/2024 20:00:00 - 26/04/2024 21:00:00,SCA|NO1,mFRR,Not Specified,Not Specified,MARGINAL,132.19,132.19
26/04/2024 21:00:00 - 26/04/2024 22:00:00,SCA|NO1,mFRR,Not Specified,Not Specified,MARGINAL,133.0,105.14
26/04/2024 22:00:00 - 26/04/2024 23:00:00,SCA|NO1,mFRR,Not Specified,Not Specified,MARGINAL,116.0,81.13
26/04/2024 23:00:00 - 27/04/2024 00:00:00,SCA|NO1,mFRR,Not Specified,Not Specified,MARGINAL,78.56,78.56
27/04/2024 00:00:00 - 27/04/2024 01:00:00,SCA|NO1,mFRR,Not Specified,Not Specified,MARGINAL,79.0,73.06
27/04/2024 01:00:00 - 27/04/2024 02:00:00,SCA|NO1,mFRR,Not Specified,Not Specified,MARGINAL,79.0,68.98
27/04/2024 02:00:00 - 27/04/2024 03:00:00,SCA|NO1,mFRR,Not Specified,Not Specified,MARGINAL,78.0,68.03
27/04/2024 03:00:00 - 27/04/2024 04:00:00,SCA|NO1,mFRR,Not Specified,Not Specified,MARGINAL,86.0,68.53
27/04/2024 04:00:00 - 27/04/2024 05:00:00,SCA|NO1,mFRR,Not Specified,Not Specified,MARGINAL,86.0,68.66
27/04/2024 05:00:00 - 27/04/2024 06:00:00,SCA|NO1,mFRR,Not Specified,Not Specified,MARGINAL,76.0,69.56
27/04/2024 06:00:00 - 27/04/2024 07:00:00,SCA|NO1,mFRR,Not Specified,Not Specified,MARGINAL,67.67,67.67
27/04/2024 07:00:00 - 27/04/2024 08:00:00,SCA|NO1,mFRR,Not Specified,Not Specified,MARGINAL,67.35,67.35
27/04/2024 08:00:00 - 27/04/2024 09:00:00,SCA|NO1,mFRR,Not Specified,Not Specified,MARGINAL,63.11,61.0
27/04/2024 09:00:00 - 27/04/2024 10:00:00,SCA|NO1,mFRR,Not Specified,Not Specified,MARGINAL,59.07,59.02
27/04/2024 10:00:00 - 27/04/2024 11:00:00,SCA|NO1,mFRR,Not Specified,Not Specified,MARGINAL,60.5,50.98
27/04/2024 11:00:00 - 27/04/2024 12:00:00,SCA|NO1,mFRR,Not Specified,Not Specified,MARGINAL,59.0,44.01
27/04/2024 12:00:00 - 27/04/2024 13:00:00,SCA|NO1,mFRR,Not Specified,Not Specified,MARGINAL,63.0,43.42
27/04/2024 13:00:00 - 27/04/2024 14:00:00,SCA|NO1,mFRR,Not Specified,Not Specified,MARGINAL,63.0,42.64
27/04/2024 14:00:00 - 27/04/2024 15:00:00,SCA|NO1,mFRR,Not Specified,Not Specified,MARGINAL,52.0,43.05
27/04/2024 15:00:00 - 27/04/2024 16:00:00,SCA|NO1,mFRR,Not Specified,Not Specified,MARGINAL,45.12,45.12
27/04/2024 16:00:00 - 27/04/2024 17:00:00,SCA|NO1,mFRR,Not Specified,Not Specified,MARGINAL,52.72,52.72
27/04/2024 17:00:00 - 27/04/2024 18:00:00,SCA|NO1,mFRR,Not Specified,Not Specified,MARGINAL,61.47,61.47
27/04/2024 18:00:00 - 27/04/2024 19:00:00,SCA|NO1,mFRR,Not Specified,Not Specified,MARGINAL,67.0,63.77
27/04/2024 19:00:00 - 27/04/2024 20:00:00,SCA|NO1,mFRR,Not Specified,Not Specified,MARGINAL,76.0,69.67
27/04/2024 20:00:00 - 27/04/2024 21:00:00,SCA|NO1,mFRR,Not Specified,Not Specified,MARGINAL,77.74,68.3
27/04/2024 21:00:00 - 27/04/2024 22:00:00,SCA|NO1,mFRR,Not Specified,Not Specified,MARGINAL,71.34,65.2
27/04/2024 22:00:00 - 27/04/2024 23:00:00,SCA|NO1,mFRR,Not Specified,Not Specified,MARGINAL,69.85,60.0
27/04/2024 23:00:00 - 28/04/2024 00:00:00,SCA|NO1,mFRR,Not Specified,Not Specified,MARGINAL,63.34,56.0
28/04/2024 00:00:00 - 28/04/2024 01:00:00,SCA|NO1,mFRR,Not Specified,Not Specified,MARGINAL,56.39,48.0
28/04/2024 01:00:00 - 28/04/2024 02:00:00,SCA|NO1,mFRR,Not Specified,Not Specified,MARGINAL,46.14,40.0
28/04/2024 02:00:00 - 28/04/2024 03:00:00,SCA|NO1,mFRR,Not Specified,Not Specified,MARGINAL,39.6,32.0
28/04/2024 03:00:00 - 28/04/2024 04:00:00,SCA|NO1,mFRR,Not Specified,Not Specified,MARGINAL,32.56,25.0
28/04/2024 04:00:00 - 28/04/2024 05:00:00,SCA|NO1,mFRR,Not Specified,Not Specified,MARGINAL,28.49,19.0
28/04/2024 05:00:00 - 28/04/2024 06:00:00,SCA|NO1,mFRR,Not Specified,Not Specified,MARGINAL,26.82,19.0
28/04/2024 06:00:00 - 28/04/2024 07:00:00,SCA|NO1,mFRR,Not Specified,Not Specified,MARGINAL,10.25,10.25
28/04/2024 07:00:00 - 28/04/2024 08:00:00,SCA|NO1,mFRR,Not Specified,Not Specified,MARGINAL,0.1,0.1
28/04/2024 08:00:00 - 28/04/2024 09:00:00,SCA|NO1,mFRR,Not Specified,Not Specified,MARGINAL,49.0,19.44
28/04/2024 09:00:00 - 28/04/2024 10:00:00,SCA|NO1,mFRR,Not Specified,Not Specified,MARGINAL,48.5,32.34
28/04/2024 10:00:00 - 28/04/2024 11:00:00,SCA|NO1,mFRR,Not Specified,Not Specified,MARGINAL,45.0,33.67
28/04/2024 11:00:00 - 28/04/2024 12:00:00,SCA|NO1,mFRR,Not Specified,Not Specified,MARGINAL,45.0,31.94
28/04/2024 12:00:00 - 28/04/2024 13:00:00,SCA|NO1,mFRR,Not Specified,Not Specified,MARGINAL,40.0,29.32
28/04/2024 13:00:00 - 28/04/2024 14:00:00,SCA|NO1,mFRR,Not Specified,Not Specified,MARGINAL,50.0,27.2
28/04/2024 14:00:00 - 28/04/2024 15:00:00,SCA|NO1,mFRR,Not Specified,Not Specified,MARGINAL,50.0,24.96
28/04/2024 15:00:00 - 28/04/2024 16:00:00,SCA|NO1,mFRR,Not Specified,Not Specified,MARGINAL,50.0,12.99
28/04/2024 16:00:00 - 28/04/2024 17:00:00,SCA|NO1,mFRR,Not Specified,Not Specified,MARGINAL,45.0,17.71
28/04/2024 17:00:00 - 28/04/2024 18:00:00,SCA|NO1,mFRR,Not Specified,Not Specified,MARGINAL,27.0,24.77
28/04/2024 18:00:00 - 28/04/2024 19:00:00,SCA|NO1,mFRR,Not Specified,Not Specified,MARGINAL,56.5,35.44
28/04/2024 19:00:00 - 28/04/2024 20:00:00,SCA|NO1,mFRR,Not Specified,Not Specified,MARGINAL,63.5,51.38
28/04/2024 20:00:00 - 28/04/2024 21:00:00,SCA|NO1,mFRR,Not Specified,Not Specified,MARGINAL,60.0,53.5
28/04/2024 21:00:00 - 28/04/2024 22:00:00,SCA|NO1,mFRR,Not Specified,Not Specified,MARGINAL,59.08,49.0
28/04/2024 22:00:00 - 28/04/2024 23:00:00,SCA|NO1,mFRR,Not Specified,Not Specified,MARGINAL,59.31,42.0
28/04/2024 23:00:00 - 29/04/2024 00:00:00,SCA|NO1,mFRR,Not Specified,Not Specified,MARGINAL,56.03,30.5
29/04/2024 00:00:00 - 29/04/2024 01:00:00,SCA|NO1,mFRR,Not Specified,Not Specified,MARGINAL,51.0,42.0
29/04/2024 01:00:00 - 29/04/2024 02:00:00,SCA|NO1,mFRR,Not Specified,Not Specified,MARGINAL,49.71,43.0
29/04/2024 02:00:00 - 29/04/2024 03:00:00,SCA|NO1,mFRR,Not Specified,Not Specified,MARGINAL,53.5,43.0
29/04/2024 03:00:00 - 29/04/2024 04:00:00,SCA|NO1,mFRR,Not Specified,Not Specified,MARGINAL,57.0,54.78
29/04/2024 04:00:00 - 29/04/2024 05:00:00,SCA|NO1,mFRR,Not Specified,Not Specified,MARGINAL,55.24,55.24
29/04/2024 05:00:00 - 29/04/2024 06:00:00,SCA|NO1,mFRR,Not Specified,Not Specified,MARGINAL,56.77,49.5
29/04/2024 06:00:00 - 29/04/2024 07:00:00,SCA|NO1,mFRR,Not Specified,Not Specified,MARGINAL,65.0,54.0
29/04/2024 07:00:00 - 29/04/2024 08:00:00,SCA|NO1,mFRR,Not Specified,Not Specified,MARGINAL,79.99,79.99
29/04/2024 08:00:00 - 29/04/2024 09:00:00,SCA|NO1,mFRR,Not Specified,Not Specified,MARGINAL,96.0,95.77
29/04/2024 09:00:00 - 29/04/2024 10:00:00,SCA|NO1,mFRR,Not Specified,Not Specified,MARGINAL,66.0,62.63
29/04/2024 10:00:00 - 29/04/2024 11:00:00,SCA|NO1,mFRR,Not Specified,Not Specified,MARGINAL,54.41,49.0
29/04/2024 11:00:00 - 29/04/2024 12:00:00,SCA|NO1,mFRR,Not Specified,Not Specified,MARGINAL,49.55,48.5
29/04/2024 12:00:00 - 29/04/2024 13:00:00,SCA|NO1,mFRR,Not Specified,Not Specified,MARGINAL,57.0,38.57
29/04/2024 13:00:00 - 29/04/2024 14:00:00,SCA|NO1,mFRR,Not Specified,Not Specified,MARGINAL,36.73,36.73
29/04/2024 14:00:00 - 29/04/2024 15:00:00,SCA|NO1,mFRR,Not Specified,Not Specified,MARGINAL,39.17,39.17
29/04/2024 15:00:00 - 29/04/2024 16:00:00,SCA|NO1,mFRR,Not Specified,Not Specified,MARGINAL,63.0,47.06
29/04/2024 16:00:00 - 29/04/2024 17:00:00,SCA|NO1,mFRR,Not Specified,Not Specified,MARGINAL,53.6,53.6
29/04/2024 17:00:00 - 29/04/2024 18:00:00,SCA|NO1,mFRR,Not Specified,Not Specified,,,
29/04/2024 18:00:00 - 29/04/2024 19:00:00,SCA|NO1,mFRR,Not Specified,Not Specified,MARGINAL,66.0,63.92
29/04/2024 19:00:00 - 29/04/2024 20:00:00,SCA|NO1,mFRR,Not Specified,Not Specified,MARGINAL,66.0,48.0
29/04/2024 20:00:00 - 29/04/2024 21:00:00,SCA|NO1,mFRR,Not Specified,Not Specified,MARGINAL,65.86,51.0
29/04/2024 21:00:00 - 29/04/2024 22:00:00,SCA|NO1,mFRR,Not Specified,Not Specified,MARGINAL,65.5,51.0
29/04/2024 22:00:00 - 29/04/2024 23:00:00,SCA|NO1,mFRR,Not Specified,Not Specified,MARGINAL,61.12,61.12
29/04/2024 23:00:00 - 30/04/2024 00:00:00,SCA|NO1,mFRR,Not Specified,Not Specified,MARGINAL,55.93,55.93
30/04/2024 00:00:00 - 30/04/2024 01:00:00,SCA|NO1,mFRR,Not Specified,Not Specified,MARGINAL,51.88,51.88
30/04/2024 01:00:00 - 30/04/2024 02:00:00,SCA|NO1,mFRR,Not Specified,Not Specified,MARGINAL,51.37,51.37
30/04/2024 02:00:00 - 30/04/2024 03:00:00,SCA|NO1,mFRR,Not Specified,Not Specified,MARGINAL,51.23,51.23
30/04/2024 03:00:00 - 30/04/2024 04:00:00,SCA|NO1,mFRR,Not Specified,Not Specified,MARGINAL,51.27,51.27
30/04/2024 04:00:00 - 30/04/2024 05:00:00,SCA|NO1,mFRR,Not Specified,Not Specified,MARGINAL,51.23,45.0
30/04/2024 05:00:00 - 30/04/2024 06:00:00,SCA|NO1,mFRR,Not Specified,Not Specified,MARGINAL,51.92,51.92
30/04/2024 06:00:00 - 30/04/2024 07:00:00,SCA|NO1,mFRR,Not Specified,Not Specified,MARGINAL,54.19,47.0
30/04/2024 07:00:00 - 30/04/2024 08:00:00,SCA|NO1,mFRR,Not Specified,Not Specified,MARGINAL,60.03,46.0
30/04/2024 08:00:00 - 30/04/2024 09:00:00,SCA|NO1,mFRR,Not Specified,Not Specified,MARGINAL,74.92,49.5
30/04/2024 09:00:00 - 30/04/2024 10:00:00,SCA|NO1,mFRR,Not Specified,Not Specified,MARGINAL,62.66,45.0
30/04/2024 10:00:00 - 30/04/2024 11:00:00,SCA|NO1,mFRR,Not Specified,Not Specified,MARGINAL,52.54,33.0
30/04/2024 11:00:00 - 30/04/2024 12:00:00,SCA|NO1,mFRR,Not Specified,Not Specified,MARGINAL,47.41,28.0
30/04/2024 12:00:00 - 30/04/2024 13:00:00,SCA|NO1,mFRR,Not Specified,Not Specified,MARGINAL,36.2,14.0
30/04/2024 13:00:00 - 30/04/2024 14:00:00,SCA|NO1,mFRR,Not Specified,Not Specified,MARGINAL,24.1,10.9
30/04/2024 14:00:00 - 30/04/2024 15:00:00,SCA|NO1,mFRR,Not Specified,Not Specified,MARGINAL,14.99,14.99
30/04/2024 15:00:00 - 30/04/2024 16:00:00,SCA|NO1,mFRR,Not Specified,Not Specified,MARGINAL,27.35,15.5
30/04/2024 16:00:00 - 30/04/2024 17:00:00,SCA|NO1,mFRR,Not Specified,Not Specified,MARGINAL,46.03,23.0
30/04/2024 17:00:00 - 30/04/2024 18:00:00,SCA|NO1,mFRR,Not Specified,Not Specified,MARGINAL,52.85,39.0
30/04/2024 18:00:00 - 30/04/2024 19:00:00,SCA|NO1,mFRR,Not Specified,Not Specified,MARGINAL,53.81,46.0
30/04/2024 19:00:00 - 30/04/2024 20:00:00,SCA|NO1,mFRR,Not Specified,Not Specified,MARGINAL,54.3,46.0
30/04/2024 20:00:00 - 30/04/2024 21:00:00,SCA|NO1,mFRR,Not Specified,Not Specified,MARGINAL,54.07,44.0
30/04/2024 21:00:00 - 30/04/2024 22:00:00,SCA|NO1,mFRR,Not Specified,Not Specified,MARGINAL,53.42,44.0
30/04/2024 22:00:00 - 30/04/2024 23:00:00,SCA|NO1,mFRR,Not Specified,Not Specified,MARGINAL,52.52,37.0
30/04/2024 23:00:00 - 01/05/2024 00:00:00,SCA|NO1,mFRR,Not Specified,Not Specified,MARGINAL,50.05,32.5
01/05/2024 00:00:00 - 01/05/2024 01:00:00,SCA|NO1,mFRR,Not Specified,Not Specified,MARGINAL,47.24,29.0
01/05/2024 01:00:00 - 01/05/2024 02:00:00,SCA|NO1,mFRR,Not Specified,Not Specified,MARGINAL,47.28,27.5
01/05/2024 02:00:00 - 01/05/2024 03:00:00,SCA|NO1,mFRR,Not Specified,Not Specified,MARGINAL,47.29,27.5
01/05/2024 03:00:00 - 01/05/2024 04:00:00,SCA|NO1,mFRR,Not Specified,Not Specified,MARGINAL,42.63,27.5
01/05/2024 04:00:00 - 01/05/2024 05:00:00,SCA|NO1,mFRR,Not Specified,Not Specified,MARGINAL,43.09,31.5
01/05/2024 05:00:00 - 01/05/2024 06:00:00,SCA|NO1,mFRR,Not Specified,Not Specified,MARGINAL,40.78,31.5
01/05/2024 06:00:00 - 01/05/2024 07:00:00,SCA|NO1,mFRR,Not Specified,Not Specified,MARGINAL,38.29,25.8
01/05/2024 07:00:00 - 01/05/2024 08:00:00,SCA|NO1,mFRR,Not Specified,Not Specified,MARGINAL,40.0,28.08
01/05/2024 08:00:00 - 01/05/2024 09:00:00,SCA|NO1,mFRR,Not Specified,Not Specified,MARGINAL,14.99,14.99
01/05/2024 09:00:00 - 01/05/2024 10:00:00,SCA|NO1,mFRR,Not Specified,Not Specified,MARGINAL,25.0,3.83
01/05/2024 10:00:00 - 01/05/2024 11:00:00,SCA|NO1,mFRR,Not Specified,Not Specified,MARGINAL,14.0,3.49
01/05/2024 11:00:00 - 01/05/2024 12:00:00,SCA|NO1,mFRR,Not Specified,Not Specified,MARGINAL,4.17,4.17
01/05/2024 12:00:00 - 01/05/2024 13:00:00,SCA|NO1,mFRR,Not Specified,Not Specified,MARGINAL,2.29,2.0
01/05/2024 13:00:00 - 01/05/2024 14:00:00,SCA|NO1,mFRR,Not Specified,Not Specified,MARGINAL,1.5,1.5
01/05/2024 14:00:00 - 01/05/2024 15:00:00,SCA|NO1,mFRR,Not Specified,Not Specified,MARGINAL,0.44,0.44
01/05/2024 15:00:00 - 01/05/2024 16:00:00,SCA|NO1,mFRR,Not Specified,Not Specified,MARGINAL,0.66,0.66
01/05/2024 16:00:00 - 01/05/2024 17:00:00,SCA|NO1,mFRR,Not Specified,Not Specified,MARGINAL,3.29,3.29
01/05/2024 17:00:00 - 01/05/2024 18:00:00,SCA|NO1,mFRR,Not Specified,Not Specified,MARGINAL,4.37,4.37
01/05/2024 18:00:00 - 01/05/2024 19:00:00,SCA|NO1,mFRR,Not Specified,Not Specified,MARGINAL,40.0,23.25
01/05/2024 19:00:00 - 01/05/2024 20:00:00,SCA|NO1,mFRR,Not Specified,Not Specified,MARGINAL,48.0,41.82
01/05/2024 20:00:00 - 01/05/2024 21:00:00,SCA|NO1,mFRR,Not Specified,Not Specified,MARGINAL,48.0,45.75
01/05/2024 21:00:00 - 01/05/2024 22:00:00,SCA|NO1,mFRR,Not Specified,Not Specified,MARGINAL,48.0,35.1
01/05/2024 22:00:00 - 01/05/2024 23:00:00,SCA|NO1,mFRR,Not Specified,Not Specified,MARGINAL,48.0,30.81
01/05/2024 23:00:00 - 02/05/2024 00:00:00,SCA|NO1,mFRR,Not Specified,Not Specified,MARGINAL,22.65,12.0
02/05/2024 00:00:00 - 02/05/2024 01:00:00,SCA|NO1,mFRR,Not Specified,Not Specified,MARGINAL,14.99,10.0
02/05/2024 01:00:00 - 02/05/2024 02:00:00,SCA|NO1,mFRR,Not Specified,Not Specified,MARGINAL,11.27,8.0
02/05/2024 02:00:00 - 02/05/2024 03:00:00,SCA|NO1,mFRR,Not Specified,Not Specified,MARGINAL,10.3,1.0
02/05/2024 03:00:00 - 02/05/2024 04:00:00,SCA|NO1,mFRR,Not Specified,Not Specified,MARGINAL,8.05,1.0
02/05/2024 04:00:00 - 02/05/2024 05:00:00,SCA|NO1,mFRR,Not Specified,Not Specified,MARGINAL,12.16,0.0
02/05/2024 05:00:00 - 02/05/2024 06:00:00,SCA|NO1,mFRR,Not Specified,Not Specified,MARGINAL,30.42,3.0
02/05/2024 06:00:00 - 02/05/2024 07:00:00,SCA|NO1,mFRR,Not Specified,Not Specified,MARGINAL,39.82,10.0
02/05/2024 07:00:00 - 02/05/2024 08:00:00,SCA|NO1,mFRR,Not Specified,Not Specified,MARGINAL,49.63,28.5
02/05/2024 08:00:00 - 02/05/2024 09:00:00,SCA|NO1,mFRR,Not Specified,Not Specified,MARGINAL,46.9,39.0
02/05/2024 09:00:00 - 02/05/2024 10:00:00,SCA|NO1,mFRR,Not Specified,Not Specified,MARGINAL,31.45,31.45
02/05/2024 10:00:00 - 02/05/2024 11:00:00,SCA|NO1,mFRR,Not Specified,Not Specified,MARGINAL,20.32,18.47
02/05/2024 11:00:00 - 02/05/2024 12:00:00,SCA|NO1,mFRR,Not Specified,Not Specified,MARGINAL,8.69,8.0
02/05/2024 12:00:00 - 02/05/2024 13:00:00,SCA|NO1,mFRR,Not Specified,Not Specified,MARGINAL,4.97,4.0
02/05/2024 13:00:00 - 02/05/2024 14:00:00,SCA|NO1,mFRR,Not Specified,Not Specified,MARGINAL,0.08,0.0
02/05/2024 14:00:00 - 02/05/2024 15:00:00,SCA|NO1,mFRR,Not Specified,Not Specified,MARGINAL,1.51,1.51
02/05/2024 15:00:00 - 02/05/2024 16:00:00,SCA|NO1,mFRR,Not Specified,Not Specified,MARGINAL,6.55,6.55
02/05/2024 16:00:00 - 02/05/2024 17:00:00,SCA|NO1,mFRR,Not Specified,Not Specified,MARGINAL,22.02,7.0
02/05/2024 17:00:00 - 02/05/2024 18:00:00,SCA|NO1,mFRR,Not Specified,Not Specified,MARGINAL,34.92,24.0
02/05/2024 18:00:00 - 02/05/2024 19:00:00,SCA|NO1,mFRR,Not Specified,Not Specified,MARGINAL,39.05,24.0
02/05/2024 19:00:00 - 02/05/2024 20:00:00,SCA|NO1,mFRR,Not Specified,Not Specified,MARGINAL,41.92,30.0
02/05/2024 20:00:00 - 02/05/2024 21:00:00,SCA|NO1,mFRR,Not Specified,Not Specified,MARGINAL,41.99,41.99
02/05/2024 21:00:00 - 02/05/2024 22:00:00,SCA|NO1,mFRR,Not Specified,Not Specified,MARGINAL,41.92,41.92
02/05/2024 22:00:00 - 02/05/2024 23:00:00,SCA|NO1,mFRR,Not Specified,Not Specified,MARGINAL,37.87,37.87
02/05/2024 23:00:00 - 03/05/2024 00:00:00,SCA|NO1,mFRR,Not Specified,Not Specified,MARGINAL,33.93,18.1
03/05/2024 00:00:00 - 03/05/2024 01:00:00,SCA|NO1,mFRR,Not Specified,Not Specified,MARGINAL,29.78,8.0
03/05/2024 01:00:00 - 03/05/2024 02:00:00,SCA|NO1,mFRR,Not Specified,Not Specified,MARGINAL,29.35,10.0
03/05/2024 02:00:00 - 03/05/2024 03:00:00,SCA|NO1,mFRR,Not Specified,Not Specified,MARGINAL,29.96,10.0
03/05/2024 03:00:00 - 03/05/2024 04:00:00,SCA|NO1,mFRR,Not Specified,Not Specified,MARGINAL,30.01,10.0
03/05/2024 04:00:00 - 03/05/2024 05:00:00,SCA|NO1,mFRR,Not Specified,Not Specified,MARGINAL,30.44,10.0
03/05/2024 05:00:00 - 03/05/2024 06:00:00,SCA|NO1,mFRR,Not Specified,Not Specified,MARGINAL,31.94,10.0
03/05/2024 06:00:00 - 03/05/2024 07:00:00,SCA|NO1,mFRR,Not Specified,Not Specified,MARGINAL,35.08,18.5
03/05/2024 07:00:00 - 03/05/2024 08:00:00,SCA|NO1,mFRR,Not Specified,Not Specified,MARGINAL,41.71,30.0
03/05/2024 08:00:00 - 03/05/2024 09:00:00,SCA|NO1,mFRR,Not Specified,Not Specified,MARGINAL,41.5,30.0
03/05/2024 09:00:00 - 03/05/2024 10:00:00,SCA|NO1,mFRR,Not Specified,Not Specified,MARGINAL,38.69,38.69
03/05/2024 10:00:00 - 03/05/2024 11:00:00,SCA|NO1,mFRR,Not Specified,Not Specified,MARGINAL,38.09,30.1
03/05/2024 11:00:00 - 03/05/2024 12:00:00,SCA|NO1,mFRR,Not Specified,Not Specified,MARGINAL,34.98,28.0
03/05/2024 12:00:00 - 03/05/2024 13:00:00,SCA|NO1,mFRR,Not Specified,Not Specified,MARGINAL,34.96,24.17
03/05/2024 13:00:00 - 03/05/2024 14:00:00,SCA|NO1,mFRR,Not Specified,Not Specified,MARGINAL,33.59,20.0
03/05/2024 14:00:00 - 03/05/2024 15:00:00,SCA|NO1,mFRR,Not Specified,Not Specified,MARGINAL,32.71,30.0
03/05/2024 15:00:00 - 03/05/2024 16:00:00,SCA|NO1,mFRR,Not Specified,Not Specified,MARGINAL,39.0,35.3
03/05/2024 16:00:00 - 03/05/2024 17:00:00,SCA|NO1,mFRR,Not Specified,Not Specified,MARGINAL,44.94,34.52
03/05/2024 17:00:00 - 03/05/2024 18:00:00,SCA|NO1,mFRR,Not Specified,Not Specified,MARGINAL,47.0,37.49
03/05/2024 18:00:00 - 03/05/2024 19:00:00,SCA|NO1,mFRR,Not Specified,Not Specified,MARGINAL,47.0,39.51
03/05/2024 19:00:00 - 03/05/2024 20:00:00,SCA|NO1,mFRR,Not Specified,Not Specified,MARGINAL,48.0,41.6
03/05/2024 20:00:00 - 03/05/2024 21:00:00,SCA|NO1,mFRR,Not Specified,Not Specified,MARGINAL,45.0,39.76
03/05/2024 21:00:00 - 03/05/2024 22:00:00,SCA|NO1,mFRR,Not Specified,Not Specified,MARGINAL,45.0,37.09
03/05/2024 22:00:00 - 03/05/2024 23:00:00,SCA|NO1,mFRR,Not Specified,Not Specified,MARGINAL,42.5,25.0
03/05/2024 23:00:00 - 04/05/2024 00:00:00,SCA|NO1,mFRR,Not Specified,Not Specified,MARGINAL,33.09,17.0
04/05/2024 00:00:00 - 04/05/2024 01:00:00,SCA|NO1,mFRR,Not Specified,Not Specified,MARGINAL,19.57,19.57
04/05/2024 01:00:00 - 04/05/2024 02:00:00,SCA|NO1,mFRR,Not Specified,Not Specified,MARGINAL,17.15,17.15
04/05/2024 02:00:00 - 04/05/2024 03:00:00,SCA|NO1,mFRR,Not Specified,Not Specified,MARGINAL,16.18,16.18
04/05/2024 03:00:00 - 04/05/2024 04:00:00,SCA|NO1,mFRR,Not Specified,Not Specified,MARGINAL,18.33,18.33
04/05/2024 04:00:00 - 04/05/2024 05:00:00,SCA|NO1,mFRR,Not Specified,Not Specified,MARGINAL,20.47,19.01
04/05/2024 05:00:00 - 04/05/2024 06:00:00,SCA|NO1,mFRR,Not Specified,Not Specified,MARGINAL,22.9,19.5
04/05/2024 06:00:00 - 04/05/2024 07:00:00,SCA|NO1,mFRR,Not Specified,Not Specified,MARGINAL,25.22,18.0
04/05/2024 07:00:00 - 04/05/2024 08:00:00,SCA|NO1,mFRR,Not Specified,Not Specified,MARGINAL,35.08,35.0
04/05/2024 08:00:00 - 04/05/2024 09:00:00,SCA|NO1,mFRR,Not Specified,Not Specified,MARGINAL,39.27,29.0
04/05/2024 09:00:00 - 04/05/2024 10:00:00,SCA|NO1,mFRR,Not Specified,Not Specified,MARGINAL,38.09,35.0
04/05/2024 10:00:00 - 04/05/2024 11:00:00,SCA|NO1,mFRR,Not Specified,Not Specified,MARGINAL,37.84,35.04
04/05/2024 11:00:00 - 04/05/2024 12:00:00,SCA|NO1,mFRR,Not Specified,Not Specified,,,
04/05/2024 12:00:00 - 04/05/2024 13:00:00,SCA|NO1,mFRR,Not Specified,Not Specified,MARGINAL,25.72,14.0
04/05/2024 13:00:00 - 04/05/2024 14:00:00,SCA|NO1,mFRR,Not Specified,Not Specified,MARGINAL,14.99,-1.5
04/05/2024 14:00:00 - 04/05/2024 15:00:00,SCA|NO1,mFRR,Not Specified,Not Specified,MARGINAL,20.26,-1.5
04/05/2024 15:00:00 - 04/05/2024 16:00:00,SCA|NO1,mFRR,Not Specified,Not Specified,MARGINAL,34.59,10.5
04/05/2024 16:00:00 - 04/05/2024 17:00:00,SCA|NO1,mFRR,Not Specified,Not Specified,MARGINAL,34.59,28.09
04/05/2024 17:00:00 - 04/05/2024 18:00:00,SCA|NO1,mFRR,Not Specified,Not Specified,MARGINAL,45.0,28.5
04/05/2024 18:00:00 - 04/05/2024 19:00:00,SCA|NO1,mFRR,Not Specified,Not Specified,MARGINAL,51.0,34.59
04/05/2024 19:00:00 - 04/05/2024 20:00:00,SCA|NO1,mFRR,Not Specified,Not Specified,MARGINAL,51.0,33.13
04/05/2024 20:00:00 - 04/05/2024 21:00:00,SCA|NO1,mFRR,Not Specified,Not Specified,MARGINAL,45.0,34.47
04/05/2024 21:00:00 - 04/05/2024 22:00:00,SCA|NO1,mFRR,Not Specified,Not Specified,MARGINAL,34.22,34.22
04/05/2024 22:00:00 - 04/05/2024 23:00:00,SCA|NO1,mFRR,Not Specified,Not Specified,MARGINAL,30.2,17.0
04/05/2024 23:00:00 - 05/05/2024 00:00:00,SCA|NO1,mFRR,Not Specified,Not Specified,MARGINAL,25.39,0.0
05/05/2024 00:00:00 - 05/05/2024 01:00:00,SCA|NO1,mFRR,Not Specified,Not Specified,MARGINAL,26.75,0.0
05/05/2024 01:00:00 - 05/05/2024 02:00:00,SCA|NO1,mFRR,Not Specified,Not Specified,MARGINAL,27.82,0.0
05/05/2024 02:00:00 - 05/05/2024 03:00:00,SCA|NO1,mFRR,Not Specified,Not Specified,MARGINAL,28.09,-2.0
05/05/2024 03:00:00 - 05/05/2024 04:00:00,SCA|NO1,mFRR,Not Specified,Not Specified,MARGINAL,28.42,-4.0
05/05/2024 04:00:00 - 05/05/2024 05:00:00,SCA|NO1,mFRR,Not Specified,Not Specified,MARGINAL,29.39,-4.0
05/05/2024 05:00:00 - 05/05/2024 06:00:00,SCA|NO1,mFRR,Not Specified,Not Specified,MARGINAL,29.04,-7.0
05/05/2024 06:00:00 - 05/05/2024 07:00:00,SCA|NO1,mFRR,Not Specified,Not Specified,MARGINAL,31.32,-7.0
05/05/2024 07:00:00 - 05/05/2024 08:00:00,SCA|NO1,mFRR,Not Specified,Not Specified,MARGINAL,35.12,1.5
05/05/2024 08:00:00 - 05/05/2024 09:00:00,SCA|NO1,mFRR,Not Specified,Not Specified,MARGINAL,35.72,10.0
05/05/2024 09:00:00 - 05/05/2024 10:00:00,SCA|NO1,mFRR,Not Specified,Not Specified,MARGINAL,30.67,1.0
05/05/2024 10:00:00 - 05/05/2024 11:00:00,SCA|NO1,mFRR,Not Specified,Not Specified,MARGINAL,15.0,2.5
05/05/2024 11:00:00 - 05/05/2024 12:00:00,SCA|NO1,mFRR,Not Specified,Not Specified,MARGINAL,3.7,-2.0
05/05/2024 12:00:00 - 05/05/2024 13:00:00,SCA|NO1,mFRR,Not Specified,Not Specified,MARGINAL,3.27,3.27
05/05/2024 13:00:00 - 05/05/2024 14:00:00,SCA|NO1,mFRR,Not Specified,Not Specified,MARGINAL,2.0,1.5
05/05/2024 14:00:00 - 05/05/2024 15:00:00,SCA|NO1,mFRR,Not Specified,Not Specified,MARGINAL,1.9,1.4
05/05/2024 15:00:00 - 05/05/2024 16:00:00,SCA|NO1,mFRR,Not Specified,Not Specified,MARGINAL,25.0,11.4
05/05/2024 16:00:00 - 05/05/2024 17:00:00,SCA|NO1,mFRR,Not Specified,Not Specified,MARGINAL,33.0,21.79
05/05/2024 17:00:00 - 05/05/2024 18:00:00,SCA|NO1,mFRR,Not Specified,Not Specified,MARGINAL,33.94,33.94
05/05/2024 18:00:00 - 05/05/2024 19:00:00,SCA|NO1,mFRR,Not Specified,Not Specified,MARGINAL,51.5,37.71
05/05/2024 19:00:00 - 05/05/2024 20:00:00,SCA|NO1,mFRR,Not Specified,Not Specified,MARGINAL,51.5,43.22
05/05/2024 20:00:00 - 05/05/2024 21:00:00,SCA|NO1,mFRR,Not Specified,Not Specified,MARGINAL,46.65,46.52
05/05/2024 21:00:00 - 05/05/2024 22:00:00,SCA|NO1,mFRR,Not Specified,Not Specified,MARGINAL,51.0,43.71
05/05/2024 22:00:00 - 05/05/2024 23:00:00,SCA|NO1,mFRR,Not Specified,Not Specified,MARGINAL,52.0,40.06
05/05/2024 23:00:00 - 06/05/2024 00:00:00,SCA|NO1,mFRR,Not Specified,Not Specified,MARGINAL,36.48,36.48
06/05/2024 00:00:00 - 06/05/2024 01:00:00,SCA|NO1,mFRR,Not Specified,Not Specified,MARGINAL,33.43,33.43
06/05/2024 01:00:00 - 06/05/2024 02:00:00,SCA|NO1,mFRR,Not Specified,Not Specified,MARGINAL,33.33,33.33
06/05/2024 02:00:00 - 06/05/2024 03:00:00,SCA|NO1,mFRR,Not Specified,Not Specified,MARGINAL,32.9,32.9
06/05/2024 03:00:00 - 06/05/2024 04:00:00,SCA|NO1,mFRR,Not Specified,Not Specified,MARGINAL,33.21,33.21
06/05/2024 04:00:00 - 06/05/2024 05:00:00,SCA|NO1,mFRR,Not Specified,Not Specified,MARGINAL,33.37,33.37
06/05/2024 05:00:00 - 06/05/2024 06:00:00,SCA|NO1,mFRR,Not Specified,Not Specified,MARGINAL,34.65,34.65
06/05/2024 06:00:00 - 06/05/2024 07:00:00,SCA|NO1,mFRR,Not Specified,Not Specified,MARGINAL,48.69,48.69
06/05/2024 07:00:00 - 06/05/2024 08:00:00,SCA|NO1,mFRR,Not Specified,Not Specified,MARGINAL,54.43,54.43
06/05/2024 08:00:00 - 06/05/2024 09:00:00,SCA|NO1,mFRR,Not Specified,Not Specified,MARGINAL,67.96,54.0
06/05/2024 09:00:00 - 06/05/2024 10:00:00,SCA|NO1,mFRR,Not Specified,Not Specified,MARGINAL,69.81,54.0
06/05/2024 10:00:00 - 06/05/2024 11:00:00,SCA|NO1,mFRR,Not Specified,Not Specified,MARGINAL,60.02,60.0
06/05/2024 11:00:00 - 06/05/2024 12:00:00,SCA|NO1,mFRR,Not Specified,Not Specified,MARGINAL,49.55,45.82
06/05/2024 12:00:00 - 06/05/2024 13:00:00,SCA|NO1,mFRR,Not Specified,Not Specified,MARGINAL,48.79,48.79
06/05/2024 13:00:00 - 06/05/2024 14:00:00,SCA|NO1,mFRR,Not Specified,Not Specified,MARGINAL,48.92,48.92
06/05/2024 14:00:00 - 06/05/2024 15:00:00,SCA|NO1,mFRR,Not Specified,Not Specified,MARGINAL,52.0,48.59
06/05/2024 15:00:00 - 06/05/2024 16:00:00,SCA|NO1,mFRR,Not Specified,Not Specified,MARGINAL,51.0,48.55
06/05/2024 16:00:00 - 06/05/2024 17:00:00,SCA|NO1,mFRR,Not Specified,Not Specified,MARGINAL,51.0,48.5
06/05/2024 17:00:00 - 06/05/2024 18:00:00,SCA|NO1,mFRR,Not Specified,Not Specified,MARGINAL,58.44,49.97
06/05/2024 18:00:00 - 06/05/2024 19:00:00,SCA|NO1,mFRR,Not Specified,Not Specified,MARGINAL,71.0,67.91
06/05/2024 19:00:00 - 06/05/2024 20:00:00,SCA|NO1,mFRR,Not Specified,Not Specified,MARGINAL,71.0,70.04
06/05/2024 20:00:00 - 06/05/2024 21:00:00,SCA|NO1,mFRR,Not Specified,Not Specified,MARGINAL,134.0,69.42
06/05/2024 21:00:00 - 06/05/2024 22:00:00,SCA|NO1,mFRR,Not Specified,Not Specified,MARGINAL,82.0,60.05
06/05/2024 22:00:00 - 06/05/2024 23:00:00,SCA|NO1,mFRR,Not Specified,Not Specified,MARGINAL,57.1,48.52
06/05/2024 23:00:00 - 07/05/2024 00:00:00,SCA|NO1,mFRR,Not Specified,Not Specified,MARGINAL,50.0,43.44
07/05/2024 00:00:00 - 07/05/2024 01:00:00,SCA|NO1,mFRR,Not Specified,Not Specified,MARGINAL,50.0,46.93
07/05/2024 01:00:00 - 07/05/2024 02:00:00,SCA|NO1,mFRR,Not Specified,Not Specified,MARGINAL,50.0,48.2
07/05/2024 02:00:00 - 07/05/2024 03:00:00,SCA|NO1,mFRR,Not Specified,Not Specified,MARGINAL,53.05,45.95
07/05/2024 03:00:00 - 07/05/2024 04:00:00,SCA|NO1,mFRR,Not Specified,Not Specified,MARGINAL,58.0,45.48
07/05/2024 04:00:00 - 07/05/2024 05:00:00,SCA|NO1,mFRR,Not Specified,Not Specified,MARGINAL,58.0,48.3
07/05/2024 05:00:00 - 07/05/2024 06:00:00,SCA|NO1,mFRR,Not Specified,Not Specified,MARGINAL,50.73,50.73
07/05/2024 06:00:00 - 07/05/2024 07:00:00,SCA|NO1,mFRR,Not Specified,Not Specified,MARGINAL,89.57,89.57
07/05/2024 07:00:00 - 07/05/2024 08:00:00,SCA|NO1,mFRR,Not Specified,Not Specified,MARGINAL,114.78,114.78
07/05/2024 08:00:00 - 07/05/2024 09:00:00,SCA|NO1,mFRR,Not Specified,Not Specified,MARGINAL,109.06,109.06
07/05/2024 09:00:00 - 07/05/2024 10:00:00,SCA|NO1,mFRR,Not Specified,Not Specified,MARGINAL,88.82,41.0
07/05/2024 10:00:00 - 07/05/2024 11:00:00,SCA|NO1,mFRR,Not Specified,Not Specified,MARGINAL,81.56,41.0
07/05/2024 11:00:00 - 07/05/2024 12:00:00,SCA|NO1,mFRR,Not Specified,Not Specified,MARGINAL,69.91,39.0
07/05/2024 12:00:00 - 07/05/2024 13:00:00,SCA|NO1,mFRR,Not Specified,Not Specified,MARGINAL,55.31,46.0
07/05/2024 13:00:00 - 07/05/2024 14:00:00,SCA|NO1,mFRR,Not Specified,Not Specified,MARGINAL,50.25,39.0
07/05/2024 14:00:00 - 07/05/2024 15:00:00,SCA|NO1,mFRR,Not Specified,Not Specified,MARGINAL,40.05,33.04
07/05/2024 15:00:00 - 07/05/2024 16:00:00,SCA|NO1,mFRR,Not Specified,Not Specified,MARGINAL,36.41,31.51
07/05/2024 16:00:00 - 07/05/2024 17:00:00,SCA|NO1,mFRR,Not Specified,Not Specified,MARGINAL,51.76,47.5
07/05/2024 17:00:00 - 07/05/2024 18:00:00,SCA|NO1,mFRR,Not Specified,Not Specified,MARGINAL,58.63,58.63
07/05/2024 18:00:00 - 07/05/2024 19:00:00,SCA|NO1,mFRR,Not Specified,Not Specified,MARGINAL,79.53,61.0
07/05/2024 19:00:00 - 07/05/2024 20:00:00,SCA|NO1,mFRR,Not Specified,Not Specified,MARGINAL,79.99,79.99
07/05/2024 20:00:00 - 07/05/2024 21:00:00,SCA|NO1,mFRR,Not Specified,Not Specified,MARGINAL,97.57,97.57
07/05/2024 21:00:00 - 07/05/2024 22:00:00,SCA|NO1,mFRR,Not Specified,Not Specified,MARGINAL,99.95,99.95
07/05/2024 22:00:00 - 07/05/2024 23:00:00,SCA|NO1,mFRR,Not Specified,Not Specified,MARGINAL,74.21,74.21
07/05/2024 23:00:00 - 08/05/2024 00:00:00,SCA|NO1,mFRR,Not Specified,Not Specified,MARGINAL,50.55,50.55
08/05/2024 00:00:00 - 08/05/2024 01:00:00,SCA|NO1,mFRR,Not Specified,Not Specified,MARGINAL,52.97,48.24
08/05/2024 01:00:00 - 08/05/2024 02:00:00,SCA|NO1,mFRR,Not Specified,Not Specified,MARGINAL,52.23,49.5
08/05/2024 02:00:00 - 08/05/2024 03:00:00,SCA|NO1,mFRR,Not Specified,Not Specified,MARGINAL,50.87,50.0
08/05/2024 03:00:00 - 08/05/2024 04:00:00,SCA|NO1,mFRR,Not Specified,Not Specified,MARGINAL,50.43,46.96
08/05/2024 04:00:00 - 08/05/2024 05:00:00,SCA|NO1,mFRR,Not Specified,Not Specified,MARGINAL,52.26,36.0
08/05/2024 05:00:00 - 08/05/2024 06:00:00,SCA|NO1,mFRR,Not Specified,Not Specified,MARGINAL,53.06,46.5
08/05/2024 06:00:00 - 08/05/2024 07:00:00,SCA|NO1,mFRR,Not Specified,Not Specified,MARGINAL,79.5,47.5
08/05/2024 07:00:00 - 08/05/2024 08:00:00,SCA|NO1,mFRR,Not Specified,Not Specified,MARGINAL,115.51,115.51
08/05/2024 08:00:00 - 08/05/2024 09:00:00,SCA|NO1,mFRR,Not Specified,Not Specified,MARGINAL,106.71,106.71
08/05/2024 09:00:00 - 08/05/2024 10:00:00,SCA|NO1,mFRR,Not Specified,Not Specified,MARGINAL,89.55,89.55
08/05/2024 10:00:00 - 08/05/2024 11:00:00,SCA|NO1,mFRR,Not Specified,Not Specified,MARGINAL,82.75,82.75
08/05/2024 11:00:00 - 08/05/2024 12:00:00,SCA|NO1,mFRR,Not Specified,Not Specified,MARGINAL,77.02,77.02
08/05/2024 12:00:00 - 08/05/2024 13:00:00,SCA|NO1,mFRR,Not Specified,Not Specified,MARGINAL,63.95,63.95
08/05/2024 13:00:00 - 08/05/2024 14:00:00,SCA|NO1,mFRR,Not Specified,Not Specified,MARGINAL,59.95,50.5
08/05/2024 14:00:00 - 08/05/2024 15:00:00,SCA|NO1,mFRR,Not Specified,Not Specified,MARGINAL,60.11,50.5
08/05/2024 15:00:00 - 08/05/2024 16:00:00,SCA|NO1,mFRR,Not Specified,Not Specified,MARGINAL,80.0,57.98
08/05/2024 16:00:00 - 08/05/2024 17:00:00,SCA|NO1,mFRR,Not Specified,Not Specified,MARGINAL,80.0,61.82
08/05/2024 17:00:00 - 08/05/2024 18:00:00,SCA|NO1,mFRR,Not Specified,Not Specified,MARGINAL,72.69,72.69
08/05/2024 18:00:00 - 08/05/2024 19:00:00,SCA|NO1,mFRR,Not Specified,Not Specified,MARGINAL,79.91,79.91
08/05/2024 19:00:00 - 08/05/2024 20:00:00,SCA|NO1,mFRR,Not Specified,Not Specified,MARGINAL,98.43,98.43
08/05/2024 20:00:00 - 08/05/2024 21:00:00,SCA|NO1,mFRR,Not Specified,Not Specified,MARGINAL,83.95,83.95
08/05/2024 21:00:00 - 08/05/2024 22:00:00,SCA|NO1,mFRR,Not Specified,Not Specified,MARGINAL,85.0,85.0
08/05/2024 22:00:00 - 08/05/2024 23:00:00,SCA|NO1,mFRR,Not Specified,Not Specified,MARGINAL,72.45,72.45
08/05/2024 23:00:00 - 09/05/2024 00:00:00,SCA|NO1,mFRR,Not Specified,Not Specified,MARGINAL,70.94,70.94
09/05/2024 00:00:00 - 09/05/2024 01:00:00,SCA|NO1,mFRR,Not Specified,Not Specified,MARGINAL,69.0,51.55
09/05/2024 01:00:00 - 09/05/2024 02:00:00,SCA|NO1,mFRR,Not Specified,Not Specified,MARGINAL,68.64,50.52
09/05/2024 02:00:00 - 09/05/2024 03:00:00,SCA|NO1,mFRR,Not Specified,Not Specified,MARGINAL,60.5,50.21
09/05/2024 03:00:00 - 09/05/2024 04:00:00,SCA|NO1,mFRR,Not Specified,Not Specified,MARGINAL,60.5,50.26
09/05/2024 04:00:00 - 09/05/2024 05:00:00,SCA|NO1,mFRR,Not Specified,Not Specified,MARGINAL,60.5,50.25
09/05/2024 05:00:00 - 09/05/2024 06:00:00,SCA|NO1,mFRR,Not Specified,Not Specified,MARGINAL,60.5,50.25
09/05/2024 06:00:00 - 09/05/2024 07:00:00,SCA|NO1,mFRR,Not Specified,Not Specified,MARGINAL,60.5,40.61
09/05/2024 07:00:00 - 09/05/2024 08:00:00,SCA|NO1,mFRR,Not Specified,Not Specified,MARGINAL,60.5,43.69
09/05/2024 08:00:00 - 09/05/2024 09:00:00,SCA|NO1,mFRR,Not Specified,Not Specified,MARGINAL,60.5,47.39
09/05/2024 09:00:00 - 09/05/2024 10:00:00,SCA|NO1,mFRR,Not Specified,Not Specified,MARGINAL,60.5,38.81
09/05/2024 10:00:00 - 09/05/2024 11:00:00,SCA|NO1,mFRR,Not Specified,Not Specified,MARGINAL,29.0,10.58
09/05/2024 11:00:00 - 09/05/2024 12:00:00,SCA|NO1,mFRR,Not Specified,Not Specified,MARGINAL,19.0,3.3
09/05/2024 12:00:00 - 09/05/2024 13:00:00,SCA|NO1,mFRR,Not Specified,Not Specified,MARGINAL,11.0,0.52
09/05/2024 13:00:00 - 09/05/2024 14:00:00,SCA|NO1,mFRR,Not Specified,Not Specified,MARGINAL,11.0,-0.18
09/05/2024 14:00:00 - 09/05/2024 15:00:00,SCA|NO1,mFRR,Not Specified,Not Specified,MARGINAL,9.16,-0.07
09/05/2024 15:00:00 - 09/05/2024 16:00:00,SCA|NO1,mFRR,Not Specified,Not Specified,MARGINAL,8.1,8.1
09/05/2024 16:00:00 - 09/05/2024 17:00:00,SCA|NO1,mFRR,Not Specified,Not Specified,MARGINAL,36.82,36.82
09/05/2024 17:00:00 - 09/05/2024 18:00:00,SCA|NO1,mFRR,Not Specified,Not Specified,MARGINAL,65.17,43.69
09/05/2024 18:00:00 - 09/05/2024 19:00:00,SCA|NO1,mFRR,Not Specified,Not Specified,MARGINAL,69.0,51.88
09/05/2024 19:00:00 - 09/05/2024 20:00:00,SCA|NO1,mFRR,Not Specified,Not Specified,MARGINAL,61.5,50.56
09/05/2024 20:00:00 - 09/05/2024 21:00:00,SCA|NO1,mFRR,Not Specified,Not Specified,MARGINAL,51.0,50.59
09/05/2024 21:00:00 - 09/05/2024 22:00:00,SCA|NO1,mFRR,Not Specified,Not Specified,MARGINAL,50.5,50.46
09/05/2024 22:00:00 - 09/05/2024 23:00:00,SCA|NO1,mFRR,Not Specified,Not Specified,MARGINAL,50.22,50.22
09/05/2024 23:00:00 - 10/05/2024 00:00:00,SCA|NO1,mFRR,Not Specified,Not Specified,MARGINAL,47.37,47.37
10/05/2024 00:00:00 - 10/05/2024 01:00:00,SCA|NO1,mFRR,Not Specified,Not Specified,MARGINAL,48.06,48.06
10/05/2024 01:00:00 - 10/05/2024 02:00:00,SCA|NO1,mFRR,Not Specified,Not Specified,MARGINAL,47.16,36.5
10/05/2024 02:00:00 - 10/05/2024 03:00:00,SCA|NO1,mFRR,Not Specified,Not Specified,MARGINAL,46.88,36.5
10/05/2024 03:00:00 - 10/05/2024 04:00:00,SCA|NO1,mFRR,Not Specified,Not Specified,MARGINAL,46.99,40.5
10/05/2024 04:00:00 - 10/05/2024 05:00:00,SCA|NO1,mFRR,Not Specified,Not Specified,MARGINAL,47.16,47.16
10/05/2024 05:00:00 - 10/05/2024 06:00:00,SCA|NO1,mFRR,Not Specified,Not Specified,MARGINAL,47.91,44.0
10/05/2024 06:00:00 - 10/05/2024 07:00:00,SCA|NO1,mFRR,Not Specified,Not Specified,MARGINAL,46.94,44.0
10/05/2024 07:00:00 - 10/05/2024 08:00:00,SCA|NO1,mFRR,Not Specified,Not Specified,MARGINAL,49.47,49.47
10/05/2024 08:00:00 - 10/05/2024 09:00:00,SCA|NO1,mFRR,Not Specified,Not Specified,MARGINAL,49.89,46.5
10/05/2024 09:00:00 - 10/05/2024 10:00:00,SCA|NO1,mFRR,Not Specified,Not Specified,MARGINAL,48.37,48.37
10/05/2024 10:00:00 - 10/05/2024 11:00:00,SCA|NO1,mFRR,Not Specified,Not Specified,MARGINAL,39.85,39.85
10/05/2024 11:00:00 - 10/05/2024 12:00:00,SCA|NO1,mFRR,Not Specified,Not Specified,MARGINAL,23.86,7.0
10/05/2024 12:00:00 - 10/05/2024 13:00:00,SCA|NO1,mFRR,Not Specified,Not Specified,MARGINAL,0.6,0.0
10/05/2024 13:00:00 - 10/05/2024 14:00:00,SCA|NO1,mFRR,Not Specified,Not Specified,MARGINAL,0.43,0.0
10/05/2024 14:00:00 - 10/05/2024 15:00:00,SCA|NO1,mFRR,Not Specified,Not Specified,MARGINAL,12.07,12.0
10/05/2024 15:00:00 - 10/05/2024 16:00:00,SCA|NO1,mFRR,Not Specified,Not Specified,MARGINAL,37.97,10.97
10/05/2024 16:00:00 - 10/05/2024 17:00:00,SCA|NO1,mFRR,Not Specified,Not Specified,MARGINAL,47.91,34.0
10/05/2024 17:00:00 - 10/05/2024 18:00:00,SCA|NO1,mFRR,Not Specified,Not Specified,MARGINAL,60.0,49.17
10/05/2024 18:00:00 - 10/05/2024 19:00:00,SCA|NO1,mFRR,Not Specified,Not Specified,MARGINAL,61.0,49.82
10/05/2024 19:00:00 - 10/05/2024 20:00:00,SCA|NO1,mFRR,Not Specified,Not Specified,MARGINAL,61.0,50.48
10/05/2024 20:00:00 - 10/05/2024 21:00:00,SCA|NO1,mFRR,Not Specified,Not Specified,MARGINAL,61.0,50.5
10/05/2024 21:00:00 - 10/05/2024 22:00:00,SCA|NO1,mFRR,Not Specified,Not Specified,MARGINAL,53.5,49.99
10/05/2024 22:00:00 - 10/05/2024 23:00:00,SCA|NO1,mFRR,Not Specified,Not Specified,MARGINAL,53.5,49.92
10/05/2024 23:00:00 - 11/05/2024 00:00:00,SCA|NO1,mFRR,Not Specified,Not Specified,MARGINAL,53.5,48.57
11/05/2024 00:00:00 - 11/05/2024 01:00:00,SCA|NO1,mFRR,Not Specified,Not Specified,MARGINAL,57.0,43.84
11/05/2024 01:00:00 - 11/05/2024 02:00:00,SCA|NO1,mFRR,Not Specified,Not Specified,MARGINAL,56.0,42.23
11/05/2024 02:00:00 - 11/05/2024 03:00:00,SCA|NO1,mFRR,Not Specified,Not Specified,MARGINAL,56.0,41.45
11/05/2024 03:00:00 - 11/05/2024 04:00:00,SCA|NO1,mFRR,Not Specified,Not Specified,MARGINAL,57.0,40.83
11/05/2024 04:00:00 - 11/05/2024 05:00:00,SCA|NO1,mFRR,Not Specified,Not Specified,MARGINAL,57.0,40.82
11/05/2024 05:00:00 - 11/05/2024 06:00:00,SCA|NO1,mFRR,Not Specified,Not Specified,MARGINAL,56.0,40.59
11/05/2024 06:00:00 - 11/05/2024 07:00:00,SCA|NO1,mFRR,Not Specified,Not Specified,MARGINAL,56.0,41.79
11/05/2024 07:00:00 - 11/05/2024 08:00:00,SCA|NO1,mFRR,Not Specified,Not Specified,MARGINAL,56.0,47.57
11/05/2024 08:00:00 - 11/05/2024 09:00:00,SCA|NO1,mFRR,Not Specified,Not Specified,MARGINAL,36.13,36.13
11/05/2024 09:00:00 - 11/05/2024 10:00:00,SCA|NO1,mFRR,Not Specified,Not Specified,MARGINAL,22.21,22.21
11/05/2024 10:00:00 - 11/05/2024 11:00:00,SCA|NO1,mFRR,Not Specified,Not Specified,MARGINAL,8.58,0.27
11/05/2024 11:00:00 - 11/05/2024 12:00:00,SCA|NO1,mFRR,Not Specified,Not Specified,MARGINAL,0.0,0.0
11/05/2024 12:00:00 - 11/05/2024 13:00:00,SCA|NO1,mFRR,Not Specified,Not Specified,MARGINAL,-0.58,-1.08
11/05/2024 13:00:00 - 11/05/2024 14:00:00,SCA|NO1,mFRR,Not Specified,Not Specified,MARGINAL,-0.88,-6.0
11/05/2024 14:00:00 - 11/05/2024 15:00:00,SCA|NO1,mFRR,Not Specified,Not Specified,MARGINAL,-0.91,-6.0
11/05/2024 15:00:00 - 11/05/2024 16:00:00,SCA|NO1,mFRR,Not Specified,Not Specified,MARGINAL,-0.03,-6.0
11/05/2024 16:00:00 - 11/05/2024 17:00:00,SCA|NO1,mFRR,Not Specified,Not Specified,MARGINAL,19.22,-3.0
11/05/2024 17:00:00 - 11/05/2024 18:00:00,SCA|NO1,mFRR,Not Specified,Not Specified,MARGINAL,31.97,6.0
11/05/2024 18:00:00 - 11/05/2024 19:00:00,SCA|NO1,mFRR,Not Specified,Not Specified,MARGINAL,48.17,23.5
11/05/2024 19:00:00 - 11/05/2024 20:00:00,SCA|NO1,mFRR,Not Specified,Not Specified,MARGINAL,48.35,48.35
11/05/2024 20:00:00 - 11/05/2024 21:00:00,SCA|NO1,mFRR,Not Specified,Not Specified,MARGINAL,48.51,48.51
11/05/2024 21:00:00 - 11/05/2024 22:00:00,SCA|NO1,mFRR,Not Specified,Not Specified,MARGINAL,48.5,48.5
11/05/2024 22:00:00 - 11/05/2024 23:00:00,SCA|NO1,mFRR,Not Specified,Not Specified,MARGINAL,48.39,38.0
11/05/2024 23:00:00 - 12/05/2024 00:00:00,SCA|NO1,mFRR,Not Specified,Not Specified,MARGINAL,48.78,36.0
12/05/2024 00:00:00 - 12/05/2024 01:00:00,SCA|NO1,mFRR,Not Specified,Not Specified,MARGINAL,41.84,33.0
12/05/2024 01:00:00 - 12/05/2024 02:00:00,SCA|NO1,mFRR,Not Specified,Not Specified,MARGINAL,41.25,33.0
12/05/2024 02:00:00 - 12/05/2024 03:00:00,SCA|NO1,mFRR,Not Specified,Not Specified,MARGINAL,40.97,33.0
12/05/2024 03:00:00 - 12/05/2024 04:00:00,SCA|NO1,mFRR,Not Specified,Not Specified,MARGINAL,37.96,33.0
12/05/2024 04:00:00 - 12/05/2024 05:00:00,SCA|NO1,mFRR,Not Specified,Not Specified,MARGINAL,38.38,33.0
12/05/2024 05:00:00 - 12/05/2024 06:00:00,SCA|NO1,mFRR,Not Specified,Not Specified,MARGINAL,36.98,33.0
12/05/2024 06:00:00 - 12/05/2024 07:00:00,SCA|NO1,mFRR,Not Specified,Not Specified,MARGINAL,17.61,17.61
12/05/2024 07:00:00 - 12/05/2024 08:00:00,SCA|NO1,mFRR,Not Specified,Not Specified,MARGINAL,4.54,2.0
12/05/2024 08:00:00 - 12/05/2024 09:00:00,SCA|NO1,mFRR,Not Specified,Not Specified,MARGINAL,2.6,-7.0
12/05/2024 09:00:00 - 12/05/2024 10:00:00,SCA|NO1,mFRR,Not Specified,Not Specified,MARGINAL,-0.99,-7.0
12/05/2024 10:00:00 - 12/05/2024 11:00:00,SCA|NO1,mFRR,Not Specified,Not Specified,MARGINAL,-2.57,-8.0
12/05/2024 11:00:00 - 12/05/2024 12:00:00,SCA|NO1,mFRR,Not Specified,Not Specified,MARGINAL,-4.07,-8.0
12/05/2024 12:00:00 - 12/05/2024 13:00:00,SCA|NO1,mFRR,Not Specified,Not Specified,MARGINAL,-5.09,-8.0
12/05/2024 13:00:00 - 12/05/2024 14:00:00,SCA|NO1,mFRR,Not Specified,Not Specified,MARGINAL,-6.58,-6.9
12/05/2024 14:00:00 - 12/05/2024 15:00:00,SCA|NO1,mFRR,Not Specified,Not Specified,MARGINAL,-5.16,-6.0
12/05/2024 15:00:00 - 12/05/2024 16:00:00,SCA|NO1,mFRR,Not Specified,Not Specified,MARGINAL,5.0,-4.0
12/05/2024 16:00:00 - 12/05/2024 17:00:00,SCA|NO1,mFRR,Not Specified,Not Specified,MARGINAL,5.0,-7.0
12/05/2024 17:00:00 - 12/05/2024 18:00:00,SCA|NO1,mFRR,Not Specified,Not Specified,MARGINAL,2.59,-7.0
12/05/2024 18:00:00 - 12/05/2024 19:00:00,SCA|NO1,mFRR,Not Specified,Not Specified,MARGINAL,29.51,20.0
12/05/2024 19:00:00 - 12/05/2024 20:00:00,SCA|NO1,mFRR,Not Specified,Not Specified,MARGINAL,40.09,32.0
12/05/2024 20:00:00 - 12/05/2024 21:00:00,SCA|NO1,mFRR,Not Specified,Not Specified,MARGINAL,55.0,43.18
12/05/2024 21:00:00 - 12/05/2024 22:00:00,SCA|NO1,mFRR,Not Specified,Not Specified,MARGINAL,55.0,42.6
12/05/2024 22:00:00 - 12/05/2024 23:00:00,SCA|NO1,mFRR,Not Specified,Not Specified,MARGINAL,41.95,36.5
12/05/2024 23:00:00 - 13/05/2024 00:00:00,SCA|NO1,mFRR,Not Specified,Not Specified,MARGINAL,35.61,35.61
13/05/2024 00:00:00 - 13/05/2024 01:00:00,SCA|NO1,mFRR,Not Specified,Not Specified,MARGINAL,26.84,22.0
13/05/2024 01:00:00 - 13/05/2024 02:00:00,SCA|NO1,mFRR,Not Specified,Not Specified,MARGINAL,25.25,24.0
13/05/2024 02:00:00 - 13/05/2024 03:00:00,SCA|NO1,mFRR,Not Specified,Not Specified,MARGINAL,25.01,24.0
13/05/2024 03:00:00 - 13/05/2024 04:00:00,SCA|NO1,mFRR,Not Specified,Not Specified,MARGINAL,24.11,24.11
13/05/2024 04:00:00 - 13/05/2024 05:00:00,SCA|NO1,mFRR,Not Specified,Not Specified,MARGINAL,27.0,27.0
13/05/2024 05:00:00 - 13/05/2024 06:00:00,SCA|NO1,mFRR,Not Specified,Not Specified,MARGINAL,34.99,23.5
13/05/2024 06:00:00 - 13/05/2024 07:00:00,SCA|NO1,mFRR,Not Specified,Not Specified,MARGINAL,48.0,29.0
13/05/2024 07:00:00 - 13/05/2024 08:00:00,SCA|NO1,mFRR,Not Specified,Not Specified,MARGINAL,72.0,44.73
13/05/2024 08:00:00 - 13/05/2024 09:00:00,SCA|NO1,mFRR,Not Specified,Not Specified,MARGINAL,70.0,45.19
13/05/2024 09:00:00 - 13/05/2024 10:00:00,SCA|NO1,mFRR,Not Specified,Not Specified,MARGINAL,40.0,37.59
13/05/2024 10:00:00 - 13/05/2024 11:00:00,SCA|NO1,mFRR,Not Specified,Not Specified,MARGINAL,26.55,3.0
13/05/2024 11:00:00 - 13/05/2024 12:00:00,SCA|NO1,mFRR,Not Specified,Not Specified,MARGINAL,7.04,3.0
13/05/2024 12:00:00 - 13/05/2024 13:00:00,SCA|NO1,mFRR,Not Specified,Not Specified,MARGINAL,1.59,1.59
13/05/2024 13:00:00 - 13/05/2024 14:00:00,SCA|NO1,mFRR,Not Specified,Not Specified,MARGINAL,1.01,1.01
13/05/2024 14:00:00 - 13/05/2024 15:00:00,SCA|NO1,mFRR,Not Specified,Not Specified,MARGINAL,23.0,0.3
13/05/2024 15:00:00 - 13/05/2024 16:00:00,SCA|NO1,mFRR,Not Specified,Not Specified,MARGINAL,26.81,1.51
13/05/2024 16:00:00 - 13/05/2024 17:00:00,SCA|NO1,mFRR,Not Specified,Not Specified,MARGINAL,33.0,17.19
13/05/2024 17:00:00 - 13/05/2024 18:00:00,SCA|NO1,mFRR,Not Specified,Not Specified,MARGINAL,43.0,33.93
13/05/2024 18:00:00 - 13/05/2024 19:00:00,SCA|NO1,mFRR,Not Specified,Not Specified,MARGINAL,48.0,37.6
13/05/2024 19:00:00 - 13/05/2024 20:00:00,SCA|NO1,mFRR,Not Specified,Not Specified,MARGINAL,48.0,37.53
13/05/2024 20:00:00 - 13/05/2024 21:00:00,SCA|NO1,mFRR,Not Specified,Not Specified,MARGINAL,48.0,37.09
13/05/2024 21:00:00 - 13/05/2024 22:00:00,SCA|NO1,mFRR,Not Specified,Not Specified,MARGINAL,48.0,34.1
13/05/2024 22:00:00 - 13/05/2024 23:00:00,SCA|NO1,mFRR,Not Specified,Not Specified,MARGINAL,48.0,30.4
13/05/2024 23:00:00 - 14/05/2024 00:00:00,SCA|NO1,mFRR,Not Specified,Not Specified,MARGINAL,48.0,32.68
14/05/2024 00:00:00 - 14/05/2024 01:00:00,SCA|NO1,mFRR,Not Specified,Not Specified,MARGINAL,42.0,23.38
14/05/2024 01:00:00 - 14/05/2024 02:00:00,SCA|NO1,mFRR,Not Specified,Not Specified,MARGINAL,46.0,19.95
14/05/2024 02:00:00 - 14/05/2024 03:00:00,SCA|NO1,mFRR,Not Specified,Not Specified,MARGINAL,46.0,19.93
14/05/2024 03:00:00 - 14/05/2024 04:00:00,SCA|NO1,mFRR,Not Specified,Not Specified,MARGINAL,46.0,19.95
14/05/2024 04:00:00 - 14/05/2024 05:00:00,SCA|NO1,mFRR,Not Specified,Not Specified,MARGINAL,46.0,20.0
14/05/2024 05:00:00 - 14/05/2024 06:00:00,SCA|NO1,mFRR,Not Specified,Not Specified,MARGINAL,46.0,23.01
14/05/2024 06:00:00 - 14/05/2024 07:00:00,SCA|NO1,mFRR,Not Specified,Not Specified,MARGINAL,47.0,36.59
14/05/2024 07:00:00 - 14/05/2024 08:00:00,SCA|NO1,mFRR,Not Specified,Not Specified,MARGINAL,50.0,37.96
14/05/2024 08:00:00 - 14/05/2024 09:00:00,SCA|NO1,mFRR,Not Specified,Not Specified,MARGINAL,50.0,37.39
14/05/2024 09:00:00 - 14/05/2024 10:00:00,SCA|NO1,mFRR,Not Specified,Not Specified,MARGINAL,40.0,14.99
14/05/2024 10:00:00 - 14/05/2024 11:00:00,SCA|NO1,mFRR,Not Specified,Not Specified,MARGINAL,0.33,-4.0
14/05/2024 11:00:00 - 14/05/2024 12:00:00,SCA|NO1,mFRR,Not Specified,Not Specified,MARGINAL,-1.46,-7.91
14/05/2024 12:00:00 - 14/05/2024 13:00:00,SCA|NO1,mFRR,Not Specified,Not Specified,MARGINAL,-3.0,-7.91
14/05/2024 13:00:00 - 14/05/2024 14:00:00,SCA|NO1,mFRR,Not Specified,Not Specified,MARGINAL,-3.72,-9.02
14/05/2024 14:00:00 - 14/05/2024 15:00:00,SCA|NO1,mFRR,Not Specified,Not Specified,MARGINAL,-4.99,-5.49
14/05/2024 15:00:00 - 14/05/2024 16:00:00,SCA|NO1,mFRR,Not Specified,Not Specified,MARGINAL,2.31,-3.99
14/05/2024 16:00:00 - 14/05/2024 17:00:00,SCA|NO1,mFRR,Not Specified,Not Specified,MARGINAL,6.7,-0.1
14/05/2024 17:00:00 - 14/05/2024 18:00:00,SCA|NO1,mFRR,Not Specified,Not Specified,MARGINAL,4.21,4.21
14/05/2024 18:00:00 - 14/05/2024 19:00:00,SCA|NO1,mFRR,Not Specified,Not Specified,MARGINAL,45.0,28.87
14/05/2024 19:00:00 - 14/05/2024 20:00:00,SCA|NO1,mFRR,Not Specified,Not Specified,MARGINAL,46.0,36.53
14/05/2024 20:00:00 - 14/05/2024 21:00:00,SCA|NO1,mFRR,Not Specified,Not Specified,MARGINAL,42.5,36.63
14/05/2024 21:00:00 - 14/05/2024 22:00:00,SCA|NO1,mFRR,Not Specified,Not Specified,MARGINAL,42.5,36.33
14/05/2024 22:00:00 - 14/05/2024 23:00:00,SCA|NO1,mFRR,Not Specified,Not Specified,MARGINAL,32.42,32.42
14/05/2024 23:00:00 - 15/05/2024 00:00:00,SCA|NO1,mFRR,Not Specified,Not Specified,MARGINAL,26.85,26.85
15/05/2024 00:00:00 - 15/05/2024 01:00:00,SCA|NO1,mFRR,Not Specified,Not Specified,MARGINAL,29.62,8.0
15/05/2024 01:00:00 - 15/05/2024 02:00:00,SCA|NO1,mFRR,Not Specified,Not Specified,MARGINAL,31.34,4.0
15/05/2024 02:00:00 - 15/05/2024 03:00:00,SCA|NO1,mFRR,Not Specified,Not Specified,MARGINAL,29.64,4.0
15/05/2024 03:00:00 - 15/05/2024 04:00:00,SCA|NO1,mFRR,Not Specified,Not Specified,MARGINAL,29.62,4.0
15/05/2024 04:00:00 - 15/05/2024 05:00:00,SCA|NO1,mFRR,Not Specified,Not Specified,MARGINAL,28.97,10.0
15/05/2024 05:00:00 - 15/05/2024 06:00:00,SCA|NO1,mFRR,Not Specified,Not Specified,MARGINAL,26.88,26.88
15/05/2024 06:00:00 - 15/05/2024 07:00:00,SCA|NO1,mFRR,Not Specified,Not Specified,MARGINAL,34.37,34.37
15/05/2024 07:00:00 - 15/05/2024 08:00:00,SCA|NO1,mFRR,Not Specified,Not Specified,MARGINAL,38.0,36.61
15/05/2024 08:00:00 - 15/05/2024 09:00:00,SCA|NO1,mFRR,Not Specified,Not Specified,MARGINAL,39.0,37.89
15/05/2024 09:00:00 - 15/05/2024 10:00:00,SCA|NO1,mFRR,Not Specified,Not Specified,MARGINAL,37.0,36.01
15/05/2024 10:00:00 - 15/05/2024 11:00:00,SCA|NO1,mFRR,Not Specified,Not Specified,MARGINAL,30.0,18.53
15/05/2024 11:00:00 - 15/05/2024 12:00:00,SCA|NO1,mFRR,Not Specified,Not Specified,MARGINAL,5.65,-4.02
15/05/2024 12:00:00 - 15/05/2024 13:00:00,SCA|NO1,mFRR,Not Specified,Not Specified,MARGINAL,0.85,-4.02
15/05/2024 13:00:00 - 15/05/2024 14:00:00,SCA|NO1,mFRR,Not Specified,Not Specified,MARGINAL,-0.01,-4.02
15/05/2024 14:00:00 - 15/05/2024 15:00:00,SCA|NO1,mFRR,Not Specified,Not Specified,MARGINAL,-0.19,-4.02
15/05/2024 15:00:00 - 15/05/2024 16:00:00,SCA|NO1,mFRR,Not Specified,Not Specified,MARGINAL,0.83,0.83
15/05/2024 16:00:00 - 15/05/2024 17:00:00,SCA|NO1,mFRR,Not Specified,Not Specified,MARGINAL,7.0,6.68
15/05/2024 17:00:00 - 15/05/2024 18:00:00,SCA|NO1,mFRR,Not Specified,Not Specified,MARGINAL,18.81,5.0
15/05/2024 18:00:00 - 15/05/2024 19:00:00,SCA|NO1,mFRR,Not Specified,Not Specified,MARGINAL,28.92,14.0
15/05/2024 19:00:00 - 15/05/2024 20:00:00,SCA|NO1,mFRR,Not Specified,Not Specified,MARGINAL,34.37,34.37
15/05/2024 20:00:00 - 15/05/2024 21:00:00,SCA|NO1,mFRR,Not Specified,Not Specified,MARGINAL,36.08,36.08
15/05/2024 21:00:00 - 15/05/2024 22:00:00,SCA|NO1,mFRR,Not Specified,Not Specified,MARGINAL,34.19,34.19
15/05/2024 22:00:00 - 15/05/2024 23:00:00,SCA|NO1,mFRR,Not Specified,Not Specified,MARGINAL,34.38,34.38
15/05/2024 23:00:00 - 16/05/2024 00:00:00,SCA|NO1,mFRR,Not Specified,Not Specified,MARGINAL,32.02,32.02
16/05/2024 00:00:00 - 16/05/2024 01:00:00,SCA|NO1,mFRR,Not Specified,Not Specified,MARGINAL,20.39,20.39
16/05/2024 01:00:00 - 16/05/2024 02:00:00,SCA|NO1,mFRR,Not Specified,Not Specified,MARGINAL,19.67,19.67
16/05/2024 02:00:00 - 16/05/2024 03:00:00,SCA|NO1,mFRR,Not Specified,Not Specified,MARGINAL,19.66,11.0
16/05/2024 03:00:00 - 16/05/2024 04:00:00,SCA|NO1,mFRR,Not Specified,Not Specified,MARGINAL,19.23,11.0
16/05/2024 04:00:00 - 16/05/2024 05:00:00,SCA|NO1,mFRR,Not Specified,Not Specified,MARGINAL,19.47,11.0
16/05/2024 05:00:00 - 16/05/2024 06:00:00,SCA|NO1,mFRR,Not Specified,Not Specified,MARGINAL,17.2,10.0
16/05/2024 06:00:00 - 16/05/2024 07:00:00,SCA|NO1,mFRR,Not Specified,Not Specified,MARGINAL,25.22,12.0
16/05/2024 07:00:00 - 16/05/2024 08:00:00,SCA|NO1,mFRR,Not Specified,Not Specified,MARGINAL,35.52,26.0
16/05/2024 08:00:00 - 16/05/2024 09:00:00,SCA|NO1,mFRR,Not Specified,Not Specified,MARGINAL,35.0,35.0
16/05/2024 09:00:00 - 16/05/2024 10:00:00,SCA|NO1,mFRR,Not Specified,Not Specified,MARGINAL,26.75,26.75
16/05/2024 10:00:00 - 16/05/2024 11:00:00,SCA|NO1,mFRR,Not Specified,Not Specified,MARGINAL,16.8,16.8
16/05/2024 11:00:00 - 16/05/2024 12:00:00,SCA|NO1,mFRR,Not Specified,Not Specified,MARGINAL,8.93,8.93
16/05/2024 12:00:00 - 16/05/2024 13:00:00,SCA|NO1,mFRR,Not Specified,Not Specified,MARGINAL,0.73,-1.0
16/05/2024 13:00:00 - 16/05/2024 14:00:00,SCA|NO1,mFRR,Not Specified,Not Specified,MARGINAL,-0.19,-1.0
16/05/2024 14:00:00 - 16/05/2024 15:00:00,SCA|NO1,mFRR,Not Specified,Not Specified,MARGINAL,-0.16,-1.0
16/05/2024 15:00:00 - 16/05/2024 16:00:00,SCA|NO1,mFRR,Not Specified,Not Specified,MARGINAL,0.92,-1.0
16/05/2024 16:00:00 - 16/05/2024 17:00:00,SCA|NO1,mFRR,Not Specified,Not Specified,MARGINAL,10.0,10.0
16/05/2024 17:00:00 - 16/05/2024 18:00:00,SCA|NO1,mFRR,Not Specified,Not Specified,MARGINAL,17.28,17.28
16/05/2024 18:00:00 - 16/05/2024 19:00:00,SCA|NO1,mFRR,Not Specified,Not Specified,MARGINAL,20.81,17.54
16/05/2024 19:00:00 - 16/05/2024 20:00:00,SCA|NO1,mFRR,Not Specified,Not Specified,MARGINAL,24.36,10.0
16/05/2024 20:00:00 - 16/05/2024 21:00:00,SCA|NO1,mFRR,Not Specified,Not Specified,MARGINAL,25.45,10.0
16/05/2024 21:00:00 - 16/05/2024 22:00:00,SCA|NO1,mFRR,Not Specified,Not Specified,MARGINAL,24.55,10.0
16/05/2024 22:00:00 - 16/05/2024 23:00:00,SCA|NO1,mFRR,Not Specified,Not Specified,MARGINAL,22.35,12.0
16/05/2024 23:00:00 - 17/05/2024 00:00:00,SCA|NO1,mFRR,Not Specified,Not Specified,MARGINAL,27.78,12.0
17/05/2024 00:00:00 - 17/05/2024 01:00:00,SCA|NO1,mFRR,Not Specified,Not Specified,MARGINAL,19.59,19.59
17/05/2024 01:00:00 - 17/05/2024 02:00:00,SCA|NO1,mFRR,Not Specified,Not Specified,MARGINAL,18.69,18.69
17/05/2024 02:00:00 - 17/05/2024 03:00:00,SCA|NO1,mFRR,Not Specified,Not Specified,MARGINAL,18.44,18.44
17/05/2024 03:00:00 - 17/05/2024 04:00:00,SCA|NO1,mFRR,Not Specified,Not Specified,MARGINAL,18.34,18.34
17/05/2024 04:00:00 - 17/05/2024 05:00:00,SCA|NO1,mFRR,Not Specified,Not Specified,MARGINAL,18.77,18.77
17/05/2024 05:00:00 - 17/05/2024 06:00:00,SCA|NO1,mFRR,Not Specified,Not Specified,MARGINAL,19.19,19.19
17/05/2024 06:00:00 - 17/05/2024 07:00:00,SCA|NO1,mFRR,Not Specified,Not Specified,MARGINAL,40.0,8.0
17/05/2024 07:00:00 - 17/05/2024 08:00:00,SCA|NO1,mFRR,Not Specified,Not Specified,MARGINAL,45.0,29.97
17/05/2024 08:00:00 - 17/05/2024 09:00:00,SCA|NO1,mFRR,Not Specified,Not Specified,MARGINAL,45.0,32.45
17/05/2024 09:00:00 - 17/05/2024 10:00:00,SCA|NO1,mFRR,Not Specified,Not Specified,MARGINAL,45.5,25.67
17/05/2024 10:00:00 - 17/05/2024 11:00:00,SCA|NO1,mFRR,Not Specified,Not Specified,MARGINAL,40.0,19.47
17/05/2024 11:00:00 - 17/05/2024 12:00:00,SCA|NO1,mFRR,Not Specified,Not Specified,MARGINAL,27.0,18.63
17/05/2024 12:00:00 - 17/05/2024 13:00:00,SCA|NO1,mFRR,Not Specified,Not Specified,MARGINAL,14.56,0.0
17/05/2024 13:00:00 - 17/05/2024 14:00:00,SCA|NO1,mFRR,Not Specified,Not Specified,MARGINAL,14.09,-2.5
17/05/2024 14:00:00 - 17/05/2024 15:00:00,SCA|NO1,mFRR,Not Specified,Not Specified,MARGINAL,13.89,-4.0
17/05/2024 15:00:00 - 17/05/2024 16:00:00,SCA|NO1,mFRR,Not Specified,Not Specified,MARGINAL,14.56,-1.0
17/05/2024 16:00:00 - 17/05/2024 17:00:00,SCA|NO1,mFRR,Not Specified,Not Specified,MARGINAL,19.17,19.17
17/05/2024 17:00:00 - 17/05/2024 18:00:00,SCA|NO1,mFRR,Not Specified,Not Specified,MARGINAL,19.67,19.67
17/05/2024 18:00:00 - 17/05/2024 19:00:00,SCA|NO1,mFRR,Not Specified,Not Specified,MARGINAL,30.0,22.6
17/05/2024 19:00:00 - 17/05/2024 20:00:00,SCA|NO1,mFRR,Not Specified,Not Specified,MARGINAL,30.0,27.01
17/05/2024 20:00:00 - 17/05/2024 21:00:00,SCA|NO1,mFRR,Not Specified,Not Specified,MARGINAL,37.0,27.57
17/05/2024 21:00:00 - 17/05/2024 22:00:00,SCA|NO1,mFRR,Not Specified,Not Specified,MARGINAL,39.0,27.13
17/05/2024 22:00:00 - 17/05/2024 23:00:00,SCA|NO1,mFRR,Not Specified,Not Specified,MARGINAL,26.9,26.9
17/05/2024 23:00:00 - 18/05/2024 00:00:00,SCA|NO1,mFRR,Not Specified,Not Specified,MARGINAL,26.0,26.0
18/05/2024 00:00:00 - 18/05/2024 01:00:00,SCA|NO1,mFRR,Not Specified,Not Specified,MARGINAL,26.05,26.05
18/05/2024 01:00:00 - 18/05/2024 02:00:00,SCA|NO1,mFRR,Not Specified,Not Specified,MARGINAL,22.83,22.83
18/05/2024 02:00:00 - 18/05/2024 03:00:00,SCA|NO1,mFRR,Not Specified,Not Specified,MARGINAL,21.54,21.54
18/05/2024 03:00:00 - 18/05/2024 04:00:00,SCA|NO1,mFRR,Not Specified,Not Specified,MARGINAL,21.07,21.07
18/05/2024 04:00:00 - 18/05/2024 05:00:00,SCA|NO1,mFRR,Not Specified,Not Specified,MARGINAL,21.0,21.0
18/05/2024 05:00:00 - 18/05/2024 06:00:00,SCA|NO1,mFRR,Not Specified,Not Specified,MARGINAL,20.82,20.82
18/05/2024 06:00:00 - 18/05/2024 07:00:00,SCA|NO1,mFRR,Not Specified,Not Specified,MARGINAL,20.09,20.09
18/05/2024 07:00:00 - 18/05/2024 08:00:00,SCA|NO1,mFRR,Not Specified,Not Specified,MARGINAL,20.84,20.84
18/05/2024 08:00:00 - 18/05/2024 09:00:00,SCA|NO1,mFRR,Not Specified,Not Specified,MARGINAL,23.16,23.16
18/05/2024 09:00:00 - 18/05/2024 10:00:00,SCA|NO1,mFRR,Not Specified,Not Specified,MARGINAL,28.07,28.07
18/05/2024 10:00:00 - 18/05/2024 11:00:00,SCA|NO1,mFRR,Not Specified,Not Specified,MARGINAL,21.49,21.49
18/05/2024 11:00:00 - 18/05/2024 12:00:00,SCA|NO1,mFRR,Not Specified,Not Specified,MARGINAL,0.74,0.74
18/05/2024 12:00:00 - 18/05/2024 13:00:00,SCA|NO1,mFRR,Not Specified,Not Specified,MARGINAL,-0.02,-0.02
18/05/2024 13:00:00 - 18/05/2024 14:00:00,SCA|NO1,mFRR,Not Specified,Not Specified,MARGINAL,-1.26,-1.26
18/05/2024 14:00:00 - 18/05/2024 15:00:00,SCA|NO1,mFRR,Not Specified,Not Specified,MARGINAL,10.5,-2.71
18/05/2024 15:00:00 - 18/05/2024 16:00:00,SCA|NO1,mFRR,Not Specified,Not Specified,MARGINAL,10.5,-0.01
18/05/2024 16:00:00 - 18/05/2024 17:00:00,SCA|NO1,mFRR,Not Specified,Not Specified,MARGINAL,18.85,18.85
18/05/2024 17:00:00 - 18/05/2024 18:00:00,SCA|NO1,mFRR,Not Specified,Not Specified,MARGINAL,21.95,21.95
18/05/2024 18:00:00 - 18/05/2024 19:00:00,SCA|NO1,mFRR,Not Specified,Not Specified,MARGINAL,42.5,22.01
18/05/2024 19:00:00 - 18/05/2024 20:00:00,SCA|NO1,mFRR,Not Specified,Not Specified,MARGINAL,42.5,28.63
18/05/2024 20:00:00 - 18/05/2024 21:00:00,SCA|NO1,mFRR,Not Specified,Not Specified,MARGINAL,42.5,28.88
18/05/2024 21:00:00 - 18/05/2024 22:00:00,SCA|NO1,mFRR,Not Specified,Not Specified,MARGINAL,42.5,25.79
18/05/2024 22:00:00 - 18/05/2024 23:00:00,SCA|NO1,mFRR,Not Specified,Not Specified,MARGINAL,42.5,21.33
18/05/2024 23:00:00 - 19/05/2024 00:00:00,SCA|NO1,mFRR,Not Specified,Not Specified,MARGINAL,32.0,21.66
19/05/2024 00:00:00 - 19/05/2024 01:00:00,SCA|NO1,mFRR,Not Specified,Not Specified,MARGINAL,26.09,26.09
19/05/2024 01:00:00 - 19/05/2024 02:00:00,SCA|NO1,mFRR,Not Specified,Not Specified,MARGINAL,24.99,24.99
19/05/2024 02:00:00 - 19/05/2024 03:00:00,SCA|NO1,mFRR,Not Specified,Not Specified,MARGINAL,24.53,24.53
19/05/2024 03:00:00 - 19/05/2024 04:00:00,SCA|NO1,mFRR,Not Specified,Not Specified,,,
19/05/2024 04:00:00 - 19/05/2024 05:00:00,SCA|NO1,mFRR,Not Specified,Not Specified,MARGINAL,23.38,23.38
19/05/2024 05:00:00 - 19/05/2024 06:00:00,SCA|NO1,mFRR,Not Specified,Not Specified,MARGINAL,23.38,23.38
19/05/2024 06:00:00 - 19/05/2024 07:00:00,SCA|NO1,mFRR,Not Specified,Not Specified,MARGINAL,18.54,18.54
19/05/2024 07:00:00 - 19/05/2024 08:00:00,SCA|NO1,mFRR,Not Specified,Not Specified,MARGINAL,18.56,18.56
19/05/2024 08:00:00 - 19/05/2024 09:00:00,SCA|NO1,mFRR,Not Specified,Not Specified,MARGINAL,23.37,19.0
19/05/2024 09:00:00 - 19/05/2024 10:00:00,SCA|NO1,mFRR,Not Specified,Not Specified,MARGINAL,17.52,17.52
19/05/2024 10:00:00 - 19/05/2024 11:00:00,SCA|NO1,mFRR,Not Specified,Not Specified,MARGINAL,7.0,2.41
19/05/2024 11:00:00 - 19/05/2024 12:00:00,SCA|NO1,mFRR,Not Specified,Not Specified,MARGINAL,3.75,-4.0
19/05/2024 12:00:00 - 19/05/2024 13:00:00,SCA|NO1,mFRR,Not Specified,Not Specified,MARGINAL,-2.06,-4.0
19/05/2024 13:00:00 - 19/05/2024 14:00:00,SCA|NO1,mFRR,Not Specified,Not Specified,MARGINAL,-7.41,-7.41
19/05/2024 14:00:00 - 19/05/2024 15:00:00,SCA|NO1,mFRR,Not Specified,Not Specified,MARGINAL,1.0,-15.07
19/05/2024 15:00:00 - 19/05/2024 16:00:00,SCA|NO1,mFRR,Not Specified,Not Specified,MARGINAL,1.0,-5.01
19/05/2024 16:00:00 - 19/05/2024 17:00:00,SCA|NO1,mFRR,Not Specified,Not Specified,MARGINAL,1.93,-1.5
19/05/2024 17:00:00 - 19/05/2024 18:00:00,SCA|NO1,mFRR,Not Specified,Not Specified,MARGINAL,18.5,18.5
19/05/2024 18:00:00 - 19/05/2024 19:00:00,SCA|NO1,mFRR,Not Specified,Not Specified,MARGINAL,44.0,27.48
19/05/2024 19:00:00 - 19/05/2024 20:00:00,SCA|NO1,mFRR,Not Specified,Not Specified,MARGINAL,60.5,27.73
19/05/2024 20:00:00 - 19/05/2024 21:00:00,SCA|NO1,mFRR,Not Specified,Not Specified,MARGINAL,60.5,29.47
19/05/2024 21:00:00 - 19/05/2024 22:00:00,SCA|NO1,mFRR,Not Specified,Not Specified,MARGINAL,60.5,27.9
19/05/2024 22:00:00 - 19/05/2024 23:00:00,SCA|NO1,mFRR,Not Specified,Not Specified,MARGINAL,60.5,26.88
19/05/2024 23:00:00 - 20/05/2024 00:00:00,SCA|NO1,mFRR,Not Specified,Not Specified,MARGINAL,60.0,26.24
20/05/2024 00:00:00 - 20/05/2024 01:00:00,SCA|NO1,mFRR,Not Specified,Not Specified,MARGINAL,37.0,29.37
20/05/2024 01:00:00 - 20/05/2024 02:00:00,SCA|NO1,mFRR,Not Specified,Not Specified,MARGINAL,29.21,29.21
20/05/2024 02:00:00 - 20/05/2024 03:00:00,SCA|NO1,mFRR,Not Specified,Not Specified,MARGINAL,28.93,-10.0
20/05/2024 03:00:00 - 20/05/2024 04:00:00,SCA|NO1,mFRR,Not Specified,Not Specified,MARGINAL,28.82,-30.0
20/05/2024 04:00:00 - 20/05/2024 05:00:00,SCA|NO1,mFRR,Not Specified,Not Specified,MARGINAL,28.85,-30.0
20/05/2024 05:00:00 - 20/05/2024 06:00:00,SCA|NO1,mFRR,Not Specified,Not Specified,MARGINAL,28.89,-20.0
20/05/2024 06:00:00 - 20/05/2024 07:00:00,SCA|NO1,mFRR,Not Specified,Not Specified,MARGINAL,29.72,-3.0
20/05/2024 07:00:00 - 20/05/2024 08:00:00,SCA|NO1,mFRR,Not Specified,Not Specified,MARGINAL,30.01,30.01
20/05/2024 08:00:00 - 20/05/2024 09:00:00,SCA|NO1,mFRR,Not Specified,Not Specified,MARGINAL,33.98,29.5
20/05/2024 09:00:00 - 20/05/2024 10:00:00,SCA|NO1,mFRR,Not Specified,Not Specified,MARGINAL,29.38,29.38
20/05/2024 10:00:00 - 20/05/2024 11:00:00,SCA|NO1,mFRR,Not Specified,Not Specified,MARGINAL,32.0,25.94
20/05/2024 11:00:00 - 20/05/2024 12:00:00,SCA|NO1,mFRR,Not Specified,Not Specified,MARGINAL,32.0,6.36
20/05/2024 12:00:00 - 20/05/2024 13:00:00,SCA|NO1,mFRR,Not Specified,Not Specified,MARGINAL,2.48,2.48
20/05/2024 13:00:00 - 20/05/2024 14:00:00,SCA|NO1,mFRR,Not Specified,Not Specified,MARGINAL,0.01,0.01
20/05/2024 14:00:00 - 20/05/2024 15:00:00,SCA|NO1,mFRR,Not Specified,Not Specified,MARGINAL,0.02,0.02
20/05/2024 15:00:00 - 20/05/2024 16:00:00,SCA|NO1,mFRR,Not Specified,Not Specified,MARGINAL,7.68,7.68
20/05/2024 16:00:00 - 20/05/2024 17:00:00,SCA|NO1,mFRR,Not Specified,Not Specified,MARGINAL,38.0,29.03
20/05/2024 17:00:00 - 20/05/2024 18:00:00,SCA|NO1,mFRR,Not Specified,Not Specified,MARGINAL,37.0,29.86
20/05/2024 18:00:00 - 20/05/2024 19:00:00,SCA|NO1,mFRR,Not Specified,Not Specified,MARGINAL,44.0,31.78
20/05/2024 19:00:00 - 20/05/2024 20:00:00,SCA|NO1,mFRR,Not Specified,Not Specified,MARGINAL,56.0,33.97
20/05/2024 20:00:00 - 20/05/2024 21:00:00,SCA|NO1,mFRR,Not Specified,Not Specified,MARGINAL,56.0,33.97
20/05/2024 21:00:00 - 20/05/2024 22:00:00,SCA|NO1,mFRR,Not Specified,Not Specified,MARGINAL,50.0,32.5
20/05/2024 22:00:00 - 20/05/2024 23:00:00,SCA|NO1,mFRR,Not Specified,Not Specified,MARGINAL,44.0,32.49
20/05/2024 23:00:00 - 21/05/2024 00:00:00,SCA|NO1,mFRR,Not Specified,Not Specified,MARGINAL,40.0,31.17
21/05/2024 00:00:00 - 21/05/2024 01:00:00,SCA|NO1,mFRR,Not Specified,Not Specified,,,
21/05/2024 01:00:00 - 21/05/2024 02:00:00,SCA|NO1,mFRR,Not Specified,Not Specified,MARGINAL,29.59,29.59
21/05/2024 02:00:00 - 21/05/2024 03:00:00,SCA|NO1,mFRR,Not Specified,Not Specified,MARGINAL,29.34,29.34
21/05/2024 03:00:00 - 21/05/2024 04:00:00,SCA|NO1,mFRR,Not Specified,Not Specified,MARGINAL,29.42,29.42
21/05/2024 04:00:00 - 21/05/2024 05:00:00,SCA|NO1,mFRR,Not Specified,Not Specified,MARGINAL,29.34,29.34
21/05/2024 05:00:00 - 21/05/2024 06:00:00,SCA|NO1,mFRR,Not Specified,Not Specified,MARGINAL,29.53,20.0
21/05/2024 06:00:00 - 21/05/2024 07:00:00,SCA|NO1,mFRR,Not Specified,Not Specified,MARGINAL,45.5,26.67
21/05/2024 07:00:00 - 21/05/2024 08:00:00,SCA|NO1,mFRR,Not Specified,Not Specified,MARGINAL,56.0,49.49
21/05/2024 08:00:00 - 21/05/2024 09:00:00,SCA|NO1,mFRR,Not Specified,Not Specified,MARGINAL,56.0,54.68
21/05/2024 09:00:00 - 21/05/2024 10:00:00,SCA|NO1,mFRR,Not Specified,Not Specified,MARGINAL,45.5,35.38
21/05/2024 10:00:00 - 21/05/2024 11:00:00,SCA|NO1,mFRR,Not Specified,Not Specified,MARGINAL,44.0,31.87
21/05/2024 11:00:00 - 21/05/2024 12:00:00,SCA|NO1,mFRR,Not Specified,Not Specified,MARGINAL,39.0,31.41
21/05/2024 12:00:00 - 21/05/2024 13:00:00,SCA|NO1,mFRR,Not Specified,Not Specified,MARGINAL,37.99,28.23
21/05/2024 13:00:00 - 21/05/2024 14:00:00,SCA|NO1,mFRR,Not Specified,Not Specified,MARGINAL,32.0,29.16
21/05/2024 14:00:00 - 21/05/2024 15:00:00,SCA|NO1,mFRR,Not Specified,Not Specified,MARGINAL,30.99,20.24
21/05/2024 15:00:00 - 21/05/2024 16:00:00,SCA|NO1,mFRR,Not Specified,Not Specified,MARGINAL,31.06,26.5
21/05/2024 16:00:00 - 21/05/2024 17:00:00,SCA|NO1,mFRR,Not Specified,Not Specified,MARGINAL,30.46,26.5
21/05/2024 17:00:00 - 21/05/2024 18:00:00,SCA|NO1,mFRR,Not Specified,Not Specified,MARGINAL,31.14,31.14
21/05/2024 18:00:00 - 21/05/2024 19:00:00,SCA|NO1,mFRR,Not Specified,Not Specified,MARGINAL,33.83,33.83
21/05/2024 19:00:00 - 21/05/2024 20:00:00,SCA|NO1,mFRR,Not Specified,Not Specified,MARGINAL,33.83,33.83
21/05/2024 20:00:00 - 21/05/2024 21:00:00,SCA|NO1,mFRR,Not Specified,Not Specified,MARGINAL,44.5,30.69
21/05/2024 21:00:00 - 21/05/2024 22:00:00,SCA|NO1,mFRR,Not Specified,Not Specified,MARGINAL,44.5,30.2
21/05/2024 22:00:00 - 21/05/2024 23:00:00,SCA|NO1,mFRR,Not Specified,Not Specified,MARGINAL,30.31,30.31
21/05/2024 23:00:00 - 22/05/2024 00:00:00,SCA|NO1,mFRR,Not Specified,Not Specified,MARGINAL,29.57,2.0
22/05/2024 00:00:00 - 22/05/2024 01:00:00,SCA|NO1,mFRR,Not Specified,Not Specified,MARGINAL,28.0,0.0
22/05/2024 01:00:00 - 22/05/2024 02:00:00,SCA|NO1,mFRR,Not Specified,Not Specified,MARGINAL,35.0,28.0
22/05/2024 02:00:00 - 22/05/2024 03:00:00,SCA|NO1,mFRR,Not Specified,Not Specified,MARGINAL,35.0,26.6
22/05/2024 03:00:00 - 22/05/2024 04:00:00,SCA|NO1,mFRR,Not Specified,Not Specified,MARGINAL,41.0,23.81
22/05/2024 04:00:00 - 22/05/2024 05:00:00,SCA|NO1,mFRR,Not Specified,Not Specified,MARGINAL,41.0,23.81
22/05/2024 05:00:00 - 22/05/2024 06:00:00,SCA|NO1,mFRR,Not Specified,Not Specified,MARGINAL,27.93,27.93
22/05/2024 06:00:00 - 22/05/2024 07:00:00,SCA|NO1,mFRR,Not Specified,Not Specified,MARGINAL,31.36,26.5
22/05/2024 07:00:00 - 22/05/2024 08:00:00,SCA|NO1,mFRR,Not Specified,Not Specified,MARGINAL,36.45,18.0
22/05/2024 08:00:00 - 22/05/2024 09:00:00,SCA|NO1,mFRR,Not Specified,Not Specified,MARGINAL,55.0,38.09
22/05/2024 09:00:00 - 22/05/2024 10:00:00,SCA|NO1,mFRR,Not Specified,Not Specified,MARGINAL,52.0,33.28
22/05/2024 10:00:00 - 22/05/2024 11:00:00,SCA|NO1,mFRR,Not Specified,Not Specified,MARGINAL,31.32,20.36
22/05/2024 11:00:00 - 22/05/2024 12:00:00,SCA|NO1,mFRR,Not Specified,Not Specified,MARGINAL,29.67,16.0
22/05/2024 12:00:00 - 22/05/2024 13:00:00,SCA|NO1,mFRR,Not Specified,Not Specified,MARGINAL,21.98,16.0
22/05/2024 13:00:00 - 22/05/2024 14:00:00,SCA|NO1,mFRR,Not Specified,Not Specified,MARGINAL,40.0,16.21
22/05/2024 14:00:00 - 22/05/2024 15:00:00,SCA|NO1,mFRR,Not Specified,Not Specified,MARGINAL,40.0,15.07
22/05/2024 15:00:00 - 22/05/2024 16:00:00,SCA|NO1,mFRR,Not Specified,Not Specified,MARGINAL,42.0,27.87
22/05/2024 16:00:00 - 22/05/2024 17:00:00,SCA|NO1,mFRR,Not Specified,Not Specified,MARGINAL,41.5,29.89
22/05/2024 17:00:00 - 22/05/2024 18:00:00,SCA|NO1,mFRR,Not Specified,Not Specified,MARGINAL,32.41,32.41
22/05/2024 18:00:00 - 22/05/2024 19:00:00,SCA|NO1,mFRR,Not Specified,Not Specified,MARGINAL,32.51,32.51
22/05/2024 19:00:00 - 22/05/2024 20:00:00,SCA|NO1,mFRR,Not Specified,Not Specified,MARGINAL,41.0,32.08
22/05/2024 20:00:00 - 22/05/2024 21:00:00,SCA|NO1,mFRR,Not Specified,Not Specified,MARGINAL,39.0,31.67
22/05/2024 21:00:00 - 22/05/2024 22:00:00,SCA|NO1,mFRR,Not Specified,Not Specified,MARGINAL,39.0,32.16
22/05/2024 22:00:00 - 22/05/2024 23:00:00,SCA|NO1,mFRR,Not Specified,Not Specified,MARGINAL,32.18,3.0
22/05/2024 23:00:00 - 23/05/2024 00:00:00,SCA|NO1,mFRR,Not Specified,Not Specified,MARGINAL,30.82,-1.5
23/05/2024 00:00:00 - 23/05/2024 01:00:00,SCA|NO1,mFRR,Not Specified,Not Specified,MARGINAL,32.53,0.0
23/05/2024 01:00:00 - 23/05/2024 02:00:00,SCA|NO1,mFRR,Not Specified,Not Specified,MARGINAL,32.02,-4.0
23/05/2024 02:00:00 - 23/05/2024 03:00:00,SCA|NO1,mFRR,Not Specified,Not Specified,MARGINAL,32.02,-4.0
23/05/2024 03:00:00 - 23/05/2024 04:00:00,SCA|NO1,mFRR,Not Specified,Not Specified,MARGINAL,32.01,-4.0
23/05/2024 04:00:00 - 23/05/2024 05:00:00,SCA|NO1,mFRR,Not Specified,Not Specified,MARGINAL,32.02,-5.0
23/05/2024 05:00:00 - 23/05/2024 06:00:00,SCA|NO1,mFRR,Not Specified,Not Specified,MARGINAL,32.24,-5.0
23/05/2024 06:00:00 - 23/05/2024 07:00:00,SCA|NO1,mFRR,Not Specified,Not Specified,MARGINAL,32.46,-5.0
23/05/2024 07:00:00 - 23/05/2024 08:00:00,SCA|NO1,mFRR,Not Specified,Not Specified,MARGINAL,38.5,0.0
23/05/2024 08:00:00 - 23/05/2024 09:00:00,SCA|NO1,mFRR,Not Specified,Not Specified,MARGINAL,42.0,33.36
23/05/2024 09:00:00 - 23/05/2024 10:00:00,SCA|NO1,mFRR,Not Specified,Not Specified,MARGINAL,37.5,33.63
23/05/2024 10:00:00 - 23/05/2024 11:00:00,SCA|NO1,mFRR,Not Specified,Not Specified,MARGINAL,33.03,33.03
23/05/2024 11:00:00 - 23/05/2024 12:00:00,SCA|NO1,mFRR,Not Specified,Not Specified,MARGINAL,32.51,32.51
23/05/2024 12:00:00 - 23/05/2024 13:00:00,SCA|NO1,mFRR,Not Specified,Not Specified,MARGINAL,32.24,32.24
23/05/2024 13:00:00 - 23/05/2024 14:00:00,SCA|NO1,mFRR,Not Specified,Not Specified,MARGINAL,32.02,32.02
23/05/2024 14:00:00 - 23/05/2024 15:00:00,SCA|NO1,mFRR,Not Specified,Not Specified,MARGINAL,32.02,32.02
23/05/2024 15:00:00 - 23/05/2024 16:00:00,SCA|NO1,mFRR,Not Specified,Not Specified,MARGINAL,43.5,32.49
23/05/2024 16:00:00 - 23/05/2024 17:00:00,SCA|NO1,mFRR,Not Specified,Not Specified,MARGINAL,43.0,34.26
23/05/2024 17:00:00 - 23/05/2024 18:00:00,SCA|NO1,mFRR,Not Specified,Not Specified,MARGINAL,34.18,34.18
23/05/2024 18:00:00 - 23/05/2024 19:00:00,SCA|NO1,mFRR,Not Specified,Not Specified,MARGINAL,33.34,33.34
23/05/2024 19:00:00 - 23/05/2024 20:00:00,SCA|NO1,mFRR,Not Specified,Not Specified,MARGINAL,44.0,33.57
23/05/2024 20:00:00 - 23/05/2024 21:00:00,SCA|NO1,mFRR,Not Specified,Not Specified,MARGINAL,45.0,33.66
23/05/2024 21:00:00 - 23/05/2024 22:00:00,SCA|NO1,mFRR,Not Specified,Not Specified,MARGINAL,55.0,33.82
23/05/2024 22:00:00 - 23/05/2024 23:00:00,SCA|NO1,mFRR,Not Specified,Not Specified,MARGINAL,34.18,17.0
23/05/2024 23:00:00 - 24/05/2024 00:00:00,SCA|NO1,mFRR,Not Specified,Not Specified,MARGINAL,33.63,17.0
24/05/2024 00:00:00 - 24/05/2024 01:00:00,SCA|NO1,mFRR,Not Specified,Not Specified,MARGINAL,32.22,21.5
24/05/2024 01:00:00 - 24/05/2024 02:00:00,SCA|NO1,mFRR,Not Specified,Not Specified,MARGINAL,31.91,21.5
24/05/2024 02:00:00 - 24/05/2024 03:00:00,SCA|NO1,mFRR,Not Specified,Not Specified,MARGINAL,31.52,21.5
24/05/2024 03:00:00 - 24/05/2024 04:00:00,SCA|NO1,mFRR,Not Specified,Not Specified,MARGINAL,31.52,31.52
24/05/2024 04:00:00 - 24/05/2024 05:00:00,SCA|NO1,mFRR,Not Specified,Not Specified,MARGINAL,61.0,31.52
24/05/2024 05:00:00 - 24/05/2024 06:00:00,SCA|NO1,mFRR,Not Specified,Not Specified,MARGINAL,61.0,32.02
24/05/2024 06:00:00 - 24/05/2024 07:00:00,SCA|NO1,mFRR,Not Specified,Not Specified,MARGINAL,64.0,32.37
24/05/2024 07:00:00 - 24/05/2024 08:00:00,SCA|NO1,mFRR,Not Specified,Not Specified,MARGINAL,82.0,33.83
24/05/2024 08:00:00 - 24/05/2024 09:00:00,SCA|NO1,mFRR,Not Specified,Not Specified,MARGINAL,82.0,65.0
24/05/2024 09:00:00 - 24/05/2024 10:00:00,SCA|NO1,mFRR,Not Specified,Not Specified,MARGINAL,82.0,57.41
24/05/2024 10:00:00 - 24/05/2024 11:00:00,SCA|NO1,mFRR,Not Specified,Not Specified,MARGINAL,82.0,56.08
24/05/2024 11:00:00 - 24/05/2024 12:00:00,SCA|NO1,mFRR,Not Specified,Not Specified,MARGINAL,93.0,37.07
24/05/2024 12:00:00 - 24/05/2024 13:00:00,SCA|NO1,mFRR,Not Specified,Not Specified,MARGINAL,93.0,34.45
24/05/2024 13:00:00 - 24/05/2024 14:00:00,SCA|NO1,mFRR,Not Specified,Not Specified,MARGINAL,82.0,33.54
24/05/2024 14:00:00 - 24/05/2024 15:00:00,SCA|NO1,mFRR,Not Specified,Not Specified,,,
24/05/2024 15:00:00 - 24/05/2024 16:00:00,SCA|NO1,mFRR,Not Specified,Not Specified,MARGINAL,75.0,33.12
24/05/2024 16:00:00 - 24/05/2024 17:00:00,SCA|NO1,mFRR,Not Specified,Not Specified,MARGINAL,75.0,32.25
24/05/2024 17:00:00 - 24/05/2024 18:00:00,SCA|NO1,mFRR,Not Specified,Not Specified,MARGINAL,75.0,32.02
24/05/2024 18:00:00 - 24/05/2024 19:00:00,SCA|NO1,mFRR,Not Specified,Not Specified,MARGINAL,32.02,32.02
24/05/2024 19:00:00 - 24/05/2024 20:00:00,SCA|NO1,mFRR,Not Specified,Not Specified,MARGINAL,32.01,32.01
24/05/2024 20:00:00 - 24/05/2024 21:00:00,SCA|NO1,mFRR,Not Specified,Not Specified,MARGINAL,31.32,31.32
24/05/2024 21:00:00 - 24/05/2024 22:00:00,SCA|NO1,mFRR,Not Specified,Not Specified,MARGINAL,32.01,32.01
24/05/2024 22:00:00 - 24/05/2024 23:00:00,SCA|NO1,mFRR,Not Specified,Not Specified,MARGINAL,32.25,32.25
24/05/2024 23:00:00 - 25/05/2024 00:00:00,SCA|NO1,mFRR,Not Specified,Not Specified,MARGINAL,31.52,31.52
25/05/2024 00:00:00 - 25/05/2024 01:00:00,SCA|NO1,mFRR,Not Specified,Not Specified,MARGINAL,30.34,30.34
25/05/2024 01:00:00 - 25/05/2024 02:00:00,SCA|NO1,mFRR,Not Specified,Not Specified,MARGINAL,29.88,29.88
25/05/2024 02:00:00 - 25/05/2024 03:00:00,SCA|NO1,mFRR,Not Specified,Not Specified,MARGINAL,30.0,29.27
25/05/2024 03:00:00 - 25/05/2024 04:00:00,SCA|NO1,mFRR,Not Specified,Not Specified,MARGINAL,30.0,29.06
25/05/2024 04:00:00 - 25/05/2024 05:00:00,SCA|NO1,mFRR,Not Specified,Not Specified,MARGINAL,28.9,28.9
25/05/2024 05:00:00 - 25/05/2024 06:00:00,SCA|NO1,mFRR,Not Specified,Not Specified,MARGINAL,28.18,24.0
25/05/2024 06:00:00 - 25/05/2024 07:00:00,SCA|NO1,mFRR,Not Specified,Not Specified,MARGINAL,27.03,27.03
25/05/2024 07:00:00 - 25/05/2024 08:00:00,SCA|NO1,mFRR,Not Specified,Not Specified,MARGINAL,30.0,27.69
25/05/2024 08:00:00 - 25/05/2024 09:00:00,SCA|NO1,mFRR,Not Specified,Not Specified,MARGINAL,33.41,29.78
25/05/2024 09:00:00 - 25/05/2024 10:00:00,SCA|NO1,mFRR,Not Specified,Not Specified,MARGINAL,40.0,30.33
25/05/2024 10:00:00 - 25/05/2024 11:00:00,SCA|NO1,mFRR,Not Specified,Not Specified,MARGINAL,36.0,31.08
25/05/2024 11:00:00 - 25/05/2024 12:00:00,SCA|NO1,mFRR,Not Specified,Not Specified,MARGINAL,23.0,17.19
25/05/2024 12:00:00 - 25/05/2024 13:00:00,SCA|NO1,mFRR,Not Specified,Not Specified,MARGINAL,3.24,3.24
25/05/2024 13:00:00 - 25/05/2024 14:00:00,SCA|NO1,mFRR,Not Specified,Not Specified,MARGINAL,11.67,0.04
25/05/2024 14:00:00 - 25/05/2024 15:00:00,SCA|NO1,mFRR,Not Specified,Not Specified,MARGINAL,11.67,0.0
25/05/2024 15:00:00 - 25/05/2024 16:00:00,SCA|NO1,mFRR,Not Specified,Not Specified,MARGINAL,1.05,1.05
25/05/2024 16:00:00 - 25/05/2024 17:00:00,SCA|NO1,mFRR,Not Specified,Not Specified,MARGINAL,32.0,14.85
25/05/2024 17:00:00 - 25/05/2024 18:00:00,SCA|NO1,mFRR,Not Specified,Not Specified,MARGINAL,30.0,29.02
25/05/2024 18:00:00 - 25/05/2024 19:00:00,SCA|NO1,mFRR,Not Specified,Not Specified,MARGINAL,30.0,28.9
25/05/2024 19:00:00 - 25/05/2024 20:00:00,SCA|NO1,mFRR,Not Specified,Not Specified,MARGINAL,28.89,28.89
25/05/2024 20:00:00 - 25/05/2024 21:00:00,SCA|NO1,mFRR,Not Specified,Not Specified,MARGINAL,28.42,28.42
25/05/2024 21:00:00 - 25/05/2024 22:00:00,SCA|NO1,mFRR,Not Specified,Not Specified,MARGINAL,29.67,13.54
25/05/2024 22:00:00 - 25/05/2024 23:00:00,SCA|NO1,mFRR,Not Specified,Not Specified,MARGINAL,30.15,5.0
25/05/2024 23:00:00 - 26/05/2024 00:00:00,SCA|NO1,mFRR,Not Specified,Not Specified,MARGINAL,28.9,-4.0
26/05/2024 00:00:00 - 26/05/2024 01:00:00,SCA|NO1,mFRR,Not Specified,Not Specified,MARGINAL,24.1,-4.0
26/05/2024 01:00:00 - 26/05/2024 02:00:00,SCA|NO1,mFRR,Not Specified,Not Specified,MARGINAL,23.01,-5.0
26/05/2024 02:00:00 - 26/05/2024 03:00:00,SCA|NO1,mFRR,Not Specified,Not Specified,MARGINAL,22.98,-5.0
26/05/2024 03:00:00 - 26/05/2024 04:00:00,SCA|NO1,mFRR,Not Specified,Not Specified,MARGINAL,22.51,-5.0
26/05/2024 04:00:00 - 26/05/2024 05:00:00,SCA|NO1,mFRR,Not Specified,Not Specified,MARGINAL,22.51,-5.0
26/05/2024 05:00:00 - 26/05/2024 06:00:00,SCA|NO1,mFRR,Not Specified,Not Specified,MARGINAL,20.17,-5.0
26/05/2024 06:00:00 - 26/05/2024 07:00:00,SCA|NO1,mFRR,Not Specified,Not Specified,MARGINAL,18.12,-1.0
26/05/2024 07:00:00 - 26/05/2024 08:00:00,SCA|NO1,mFRR,Not Specified,Not Specified,MARGINAL,20.17,4.02
26/05/2024 08:00:00 - 26/05/2024 09:00:00,SCA|NO1,mFRR,Not Specified,Not Specified,MARGINAL,12.02,0.0
26/05/2024 09:00:00 - 26/05/2024 10:00:00,SCA|NO1,mFRR,Not Specified,Not Specified,MARGINAL,1.25,-6.5
26/05/2024 10:00:00 - 26/05/2024 11:00:00,SCA|NO1,mFRR,Not Specified,Not Specified,MARGINAL,0.0,-13.4
26/05/2024 11:00:00 - 26/05/2024 12:00:00,SCA|NO1,mFRR,Not Specified,Not Specified,MARGINAL,-0.09,-13.4
26/05/2024 12:00:00 - 26/05/2024 13:00:00,SCA|NO1,mFRR,Not Specified,Not Specified,MARGINAL,3.0,-2.12
26/05/2024 13:00:00 - 26/05/2024 14:00:00,SCA|NO1,mFRR,Not Specified,Not Specified,MARGINAL,1.0,-6.05
26/05/2024 14:00:00 - 26/05/2024 15:00:00,SCA|NO1,mFRR,Not Specified,Not Specified,MARGINAL,-5.1,-6.0
26/05/2024 15:00:00 - 26/05/2024 16:00:00,SCA|NO1,mFRR,Not Specified,Not Specified,MARGINAL,-0.38,-4.0
26/05/2024 16:00:00 - 26/05/2024 17:00:00,SCA|NO1,mFRR,Not Specified,Not Specified,MARGINAL,19.65,19.65
26/05/2024 17:00:00 - 26/05/2024 18:00:00,SCA|NO1,mFRR,Not Specified,Not Specified,MARGINAL,25.86,12.0
26/05/2024 18:00:00 - 26/05/2024 19:00:00,SCA|NO1,mFRR,Not Specified,Not Specified,MARGINAL,25.15,25.15
26/05/2024 19:00:00 - 26/05/2024 20:00:00,SCA|NO1,mFRR,Not Specified,Not Specified,MARGINAL,25.75,25.75
26/05/2024 20:00:00 - 26/05/2024 21:00:00,SCA|NO1,mFRR,Not Specified,Not Specified,MARGINAL,26.46,26.46
26/05/2024 21:00:00 - 26/05/2024 22:00:00,SCA|NO1,mFRR,Not Specified,Not Specified,MARGINAL,27.43,27.43
26/05/2024 22:00:00 - 26/05/2024 23:00:00,SCA|NO1,mFRR,Not Specified,Not Specified,MARGINAL,28.02,15.0
26/05/2024 23:00:00 - 27/05/2024 00:00:00,SCA|NO1,mFRR,Not Specified,Not Specified,MARGINAL,26.97,0.0
27/05/2024 00:00:00 - 27/05/2024 01:00:00,SCA|NO1,mFRR,Not Specified,Not Specified,MARGINAL,26.52,4.0
27/05/2024 01:00:00 - 27/05/2024 02:00:00,SCA|NO1,mFRR,Not Specified,Not Specified,MARGINAL,25.13,5.0
27/05/2024 02:00:00 - 27/05/2024 03:00:00,SCA|NO1,mFRR,Not Specified,Not Specified,MARGINAL,24.05,0.0
27/05/2024 03:00:00 - 27/05/2024 04:00:00,SCA|NO1,mFRR,Not Specified,Not Specified,MARGINAL,24.09,0.0
27/05/2024 04:00:00 - 27/05/2024 05:00:00,SCA|NO1,mFRR,Not Specified,Not Specified,MARGINAL,24.04,0.0
27/05/2024 05:00:00 - 27/05/2024 06:00:00,SCA|NO1,mFRR,Not Specified,Not Specified,MARGINAL,24.05,20.5
27/05/2024 06:00:00 - 27/05/2024 07:00:00,SCA|NO1,mFRR,Not Specified,Not Specified,MARGINAL,33.0,27.01
27/05/2024 07:00:00 - 27/05/2024 08:00:00,SCA|NO1,mFRR,Not Specified,Not Specified,MARGINAL,33.61,31.56
27/05/2024 08:00:00 - 27/05/2024 09:00:00,SCA|NO1,mFRR,Not Specified,Not Specified,MARGINAL,48.92,48.92
27/05/2024 09:00:00 - 27/05/2024 10:00:00,SCA|NO1,mFRR,Not Specified,Not Specified,MARGINAL,40.98,26.5
27/05/2024 10:00:00 - 27/05/2024 11:00:00,SCA|NO1,mFRR,Not Specified,Not Specified,MARGINAL,40.97,26.5
27/05/2024 11:00:00 - 27/05/2024 12:00:00,SCA|NO1,mFRR,Not Specified,Not Specified,MARGINAL,35.92,35.92
27/05/2024 12:00:00 - 27/05/2024 13:00:00,SCA|NO1,mFRR,Not Specified,Not Specified,MARGINAL,32.91,10.0
27/05/2024 13:00:00 - 27/05/2024 14:00:00,SCA|NO1,mFRR,Not Specified,Not Specified,MARGINAL,31.49,10.0
27/05/2024 14:00:00 - 27/05/2024 15:00:00,SCA|NO1,mFRR,Not Specified,Not Specified,MARGINAL,31.52,11.0
27/05/2024 15:00:00 - 27/05/2024 16:00:00,SCA|NO1,mFRR,Not Specified,Not Specified,,,
27/05/2024 16:00:00 - 27/05/2024 17:00:00,SCA|NO1,mFRR,Not Specified,Not Specified,MARGINAL,55.0,31.91
27/05/2024 17:00:00 - 27/05/2024 18:00:00,SCA|NO1,mFRR,Not Specified,Not Specified,MARGINAL,59.0,31.69
27/05/2024 18:00:00 - 27/05/2024 19:00:00,SCA|NO1,mFRR,Not Specified,Not Specified,MARGINAL,63.5,31.96
27/05/2024 19:00:00 - 27/05/2024 20:00:00,SCA|NO1,mFRR,Not Specified,Not Specified,MARGINAL,59.0,31.31
27/05/2024 20:00:00 - 27/05/2024 21:00:00,SCA|NO1,mFRR,Not Specified,Not Specified,MARGINAL,59.0,31.25
27/05/2024 21:00:00 - 27/05/2024 22:00:00,SCA|NO1,mFRR,Not Specified,Not Specified,MARGINAL,59.0,35.01
27/05/2024 22:00:00 - 27/05/2024 23:00:00,SCA|NO1,mFRR,Not Specified,Not Specified,MARGINAL,34.67,34.67
27/05/2024 23:00:00 - 28/05/2024 00:00:00,SCA|NO1,mFRR,Not Specified,Not Specified,MARGINAL,30.71,30.71
28/05/2024 00:00:00 - 28/05/2024 01:00:00,SCA|NO1,mFRR,Not Specified,Not Specified,MARGINAL,65.5,28.99
28/05/2024 01:00:00 - 28/05/2024 02:00:00,SCA|NO1,mFRR,Not Specified,Not Specified,MARGINAL,65.5,28.2
28/05/2024 02:00:00 - 28/05/2024 03:00:00,SCA|NO1,mFRR,Not Specified,Not Specified,MARGINAL,65.5,27.54
28/05/2024 03:00:00 - 28/05/2024 04:00:00,SCA|NO1,mFRR,Not Specified,Not Specified,MARGINAL,42.5,27.4
28/05/2024 04:00:00 - 28/05/2024 05:00:00,SCA|NO1,mFRR,Not Specified,Not Specified,MARGINAL,42.5,27.58
28/05/2024 05:00:00 - 28/05/2024 06:00:00,SCA|NO1,mFRR,Not Specified,Not Specified,MARGINAL,31.5,28.34
28/05/2024 06:00:00 - 28/05/2024 07:00:00,SCA|NO1,mFRR,Not Specified,Not Specified,MARGINAL,42.5,29.92
28/05/2024 07:00:00 - 28/05/2024 08:00:00,SCA|NO1,mFRR,Not Specified,Not Specified,MARGINAL,43.5,35.02
28/05/2024 08:00:00 - 28/05/2024 09:00:00,SCA|NO1,mFRR,Not Specified,Not Specified,MARGINAL,44.0,38.7
28/05/2024 09:00:00 - 28/05/2024 10:00:00,SCA|NO1,mFRR,Not Specified,Not Specified,MARGINAL,44.0,42.0
28/05/2024 10:00:00 - 28/05/2024 11:00:00,SCA|NO1,mFRR,Not Specified,Not Specified,MARGINAL,35.02,35.02
28/05/2024 11:00:00 - 28/05/2024 12:00:00,SCA|NO1,mFRR,Not Specified,Not Specified,MARGINAL,35.01,35.01
28/05/2024 12:00:00 - 28/05/2024 13:00:00,SCA|NO1,mFRR,Not Specified,Not Specified,MARGINAL,33.84,33.84
28/05/2024 13:00:00 - 28/05/2024 14:00:00,SCA|NO1,mFRR,Not Specified,Not Specified,MARGINAL,33.91,33.91
28/05/2024 14:00:00 - 28/05/2024 15:00:00,SCA|NO1,mFRR,Not Specified,Not Specified,MARGINAL,34.13,34.13
28/05/2024 15:00:00 - 28/05/2024 16:00:00,SCA|NO1,mFRR,Not Specified,Not Specified,MARGINAL,33.65,33.65
28/05/2024 16:00:00 - 28/05/2024 17:00:00,SCA|NO1,mFRR,Not Specified,Not Specified,MARGINAL,33.1,33.1
28/05/2024 17:00:00 - 28/05/2024 18:00:00,SCA|NO1,mFRR,Not Specified,Not Specified,MARGINAL,33.01,14.0
28/05/2024 18:00:00 - 28/05/2024 19:00:00,SCA|NO1,mFRR,Not Specified,Not Specified,MARGINAL,32.4,14.0
28/05/2024 19:00:00 - 28/05/2024 20:00:00,SCA|NO1,mFRR,Not Specified,Not Specified,MARGINAL,30.65,14.0
28/05/2024 20:00:00 - 28/05/2024 21:00:00,SCA|NO1,mFRR,Not Specified,Not Specified,MARGINAL,30.52,30.52
28/05/2024 21:00:00 - 28/05/2024 22:00:00,SCA|NO1,mFRR,Not Specified,Not Specified,MARGINAL,31.22,31.22
28/05/2024 22:00:00 - 28/05/2024 23:00:00,SCA|NO1,mFRR,Not Specified,Not Specified,MARGINAL,32.48,32.48
28/05/2024 23:00:00 - 29/05/2024 00:00:00,SCA|NO1,mFRR,Not Specified,Not Specified,MARGINAL,30.34,30.34
29/05/2024 00:00:00 - 29/05/2024 01:00:00,SCA|NO1,mFRR,Not Specified,Not Specified,MARGINAL,31.56,31.56
29/05/2024 01:00:00 - 29/05/2024 02:00:00,SCA|NO1,mFRR,Not Specified,Not Specified,MARGINAL,29.75,19.0
29/05/2024 02:00:00 - 29/05/2024 03:00:00,SCA|NO1,mFRR,Not Specified,Not Specified,MARGINAL,29.2,18.5
29/05/2024 03:00:00 - 29/05/2024 04:00:00,SCA|NO1,mFRR,Not Specified,Not Specified,MARGINAL,28.93,10.0
29/05/2024 04:00:00 - 29/05/2024 05:00:00,SCA|NO1,mFRR,Not Specified,Not Specified,MARGINAL,28.83,5.5
29/05/2024 05:00:00 - 29/05/2024 06:00:00,SCA|NO1,mFRR,Not Specified,Not Specified,MARGINAL,29.16,8.5
29/05/2024 06:00:00 - 29/05/2024 07:00:00,SCA|NO1,mFRR,Not Specified,Not Specified,MARGINAL,30.96,13.0
29/05/2024 07:00:00 - 29/05/2024 08:00:00,SCA|NO1,mFRR,Not Specified,Not Specified,MARGINAL,61.98,40.0
29/05/2024 08:00:00 - 29/05/2024 09:00:00,SCA|NO1,mFRR,Not Specified,Not Specified,MARGINAL,61.04,30.0
29/05/2024 09:00:00 - 29/05/2024 10:00:00,SCA|NO1,mFRR,Not Specified,Not Specified,MARGINAL,53.05,30.0
29/05/2024 10:00:00 - 29/05/2024 11:00:00,SCA|NO1,mFRR,Not Specified,Not Specified,MARGINAL,40.87,17.0
29/05/2024 11:00:00 - 29/05/2024 12:00:00,SCA|NO1,mFRR,Not Specified,Not Specified,MARGINAL,40.38,11.0
29/05/2024 12:00:00 - 29/05/2024 13:00:00,SCA|NO1,mFRR,Not Specified,Not Specified,MARGINAL,34.14,0.0
29/05/2024 13:00:00 - 29/05/2024 14:00:00,SCA|NO1,mFRR,Not Specified,Not Specified,MARGINAL,32.14,-2.0
29/05/2024 14:00:00 - 29/05/2024 15:00:00,SCA|NO1,mFRR,Not Specified,Not Specified,MARGINAL,33.28,-1.34
29/05/2024 15:00:00 - 29/05/2024 16:00:00,SCA|NO1,mFRR,Not Specified,Not Specified,MARGINAL,35.48,0.0
29/05/2024 16:00:00 - 29/05/2024 17:00:00,SCA|NO1,mFRR,Not Specified,Not Specified,MARGINAL,42.65,10.0
29/05/2024 17:00:00 - 29/05/2024 18:00:00,SCA|NO1,mFRR,Not Specified,Not Specified,MARGINAL,52.9,23.0
29/05/2024 18:00:00 - 29/05/2024 19:00:00,SCA|NO1,mFRR,Not Specified,Not Specified,MARGINAL,71.0,37.5
29/05/2024 19:00:00 - 29/05/2024 20:00:00,SCA|NO1,mFRR,Not Specified,Not Specified,MARGINAL,76.02,40.0
29/05/2024 20:00:00 - 29/05/2024 21:00:00,SCA|NO1,mFRR,Not Specified,Not Specified,MARGINAL,61.21,61.21
29/05/2024 21:00:00 - 29/05/2024 22:00:00,SCA|NO1,mFRR,Not Specified,Not Specified,MARGINAL,58.82,58.82
29/05/2024 22:00:00 - 29/05/2024 23:00:00,SCA|NO1,mFRR,Not Specified,Not Specified,MARGINAL,57.53,57.53
29/05/2024 23:00:00 - 30/05/2024 00:00:00,SCA|NO1,mFRR,Not Specified,Not Specified,MARGINAL,41.14,41.14
30/05/2024 00:00:00 - 30/05/2024 01:00:00,SCA|NO1,mFRR,Not Specified,Not Specified,MARGINAL,34.93,34.93
30/05/2024 01:00:00 - 30/05/2024 02:00:00,SCA|NO1,mFRR,Not Specified,Not Specified,MARGINAL,34.29,34.29
30/05/2024 02:00:00 - 30/05/2024 03:00:00,SCA|NO1,mFRR,Not Specified,Not Specified,MARGINAL,34.13,34.13
30/05/2024 03:00:00 - 30/05/2024 04:00:00,SCA|NO1,mFRR,Not Specified,Not Specified,MARGINAL,33.41,33.41
30/05/2024 04:00:00 - 30/05/2024 05:00:00,SCA|NO1,mFRR,Not Specified,Not Specified,MARGINAL,33.06,33.06
30/05/2024 05:00:00 - 30/05/2024 06:00:00,SCA|NO1,mFRR,Not Specified,Not Specified,MARGINAL,34.09,34.09
30/05/2024 06:00:00 - 30/05/2024 07:00:00,SCA|NO1,mFRR,Not Specified,Not Specified,MARGINAL,35.04,35.04
30/05/2024 07:00:00 - 30/05/2024 08:00:00,SCA|NO1,mFRR,Not Specified,Not Specified,MARGINAL,58.66,58.66
30/05/2024 08:00:00 - 30/05/2024 09:00:00,SCA|NO1,mFRR,Not Specified,Not Specified,MARGINAL,61.71,40.0
30/05/2024 09:00:00 - 30/05/2024 10:00:00,SCA|NO1,mFRR,Not Specified,Not Specified,MARGINAL,63.97,40.0
30/05/2024 10:00:00 - 30/05/2024 11:00:00,SCA|NO1,mFRR,Not Specified,Not Specified,MARGINAL,69.99,43.0
30/05/2024 11:00:00 - 30/05/2024 12:00:00,SCA|NO1,mFRR,Not Specified,Not Specified,MARGINAL,45.0,45.0
30/05/2024 12:00:00 - 30/05/2024 13:00:00,SCA|NO1,mFRR,Not Specified,Not Specified,MARGINAL,50.55,50.55
30/05/2024 13:00:00 - 30/05/2024 14:00:00,SCA|NO1,mFRR,Not Specified,Not Specified,MARGINAL,35.7,35.7
30/05/2024 14:00:00 - 30/05/2024 15:00:00,SCA|NO1,mFRR,Not Specified,Not Specified,MARGINAL,35.43,31.0
30/05/2024 15:00:00 - 30/05/2024 16:00:00,SCA|NO1,mFRR,Not Specified,Not Specified,MARGINAL,35.28,31.0
30/05/2024 16:00:00 - 30/05/2024 17:00:00,SCA|NO1,mFRR,Not Specified,Not Specified,MARGINAL,36.04,31.0
30/05/2024 17:00:00 - 30/05/2024 18:00:00,SCA|NO1,mFRR,Not Specified,Not Specified,MARGINAL,57.66,31.5
30/05/2024 18:00:00 - 30/05/2024 19:00:00,SCA|NO1,mFRR,Not Specified,Not Specified,MARGINAL,75.09,31.5
30/05/2024 19:00:00 - 30/05/2024 20:00:00,SCA|NO1,mFRR,Not Specified,Not Specified,MARGINAL,75.3,31.5
30/05/2024 20:00:00 - 30/05/2024 21:00:00,SCA|NO1,mFRR,Not Specified,Not Specified,MARGINAL,60.95,31.5
30/05/2024 21:00:00 - 30/05/2024 22:00:00,SCA|NO1,mFRR,Not Specified,Not Specified,MARGINAL,60.71,60.71
30/05/2024 22:00:00 - 30/05/2024 23:00:00,SCA|NO1,mFRR,Not Specified,Not Specified,MARGINAL,59.69,18.0
30/05/2024 23:00:00 - 31/05/2024 00:00:00,SCA|NO1,mFRR,Not Specified,Not Specified,MARGINAL,56.96,7.0
31/05/2024 00:00:00 - 31/05/2024 01:00:00,SCA|NO1,mFRR,Not Specified,Not Specified,MARGINAL,34.96,7.0
31/05/2024 01:00:00 - 31/05/2024 02:00:00,SCA|NO1,mFRR,Not Specified,Not Specified,MARGINAL,34.51,34.51
31/05/2024 02:00:00 - 31/05/2024 03:00:00,SCA|NO1,mFRR,Not Specified,Not Specified,MARGINAL,34.24,34.24
31/05/2024 03:00:00 - 31/05/2024 04:00:00,SCA|NO1,mFRR,Not Specified,Not Specified,MARGINAL,34.18,34.18
31/05/2024 04:00:00 - 31/05/2024 05:00:00,SCA|NO1,mFRR,Not Specified,Not Specified,MARGINAL,34.1,34.1
31/05/2024 05:00:00 - 31/05/2024 06:00:00,SCA|NO1,mFRR,Not Specified,Not Specified,MARGINAL,33.96,33.96
31/05/2024 06:00:00 - 31/05/2024 07:00:00,SCA|NO1,mFRR,Not Specified,Not Specified,MARGINAL,36.0,35.59
31/05/2024 07:00:00 - 31/05/2024 08:00:00,SCA|NO1,mFRR,Not Specified,Not Specified,MARGINAL,71.72,71.72
31/05/2024 08:00:00 - 31/05/2024 09:00:00,SCA|NO1,mFRR,Not Specified,Not Specified,MARGINAL,77.0,76.2
31/05/2024 09:00:00 - 31/05/2024 10:00:00,SCA|NO1,mFRR,Not Specified,Not Specified,MARGINAL,77.0,76.02
31/05/2024 10:00:00 - 31/05/2024 11:00:00,SCA|NO1,mFRR,Not Specified,Not Specified,MARGINAL,74.68,74.68
31/05/2024 11:00:00 - 31/05/2024 12:00:00,SCA|NO1,mFRR,Not Specified,Not Specified,MARGINAL,70.0,68.85
31/05/2024 12:00:00 - 31/05/2024 13:00:00,SCA|NO1,mFRR,Not Specified,Not Specified,MARGINAL,63.0,60.65
31/05/2024 13:00:00 - 31/05/2024 14:00:00,SCA|NO1,mFRR,Not Specified,Not Specified,MARGINAL,47.01,47.01
31/05/2024 14:00:00 - 31/05/2024 15:00:00,SCA|NO1,mFRR,Not Specified,Not Specified,MARGINAL,37.16,37.16
31/05/2024 15:00:00 - 31/05/2024 16:00:00,SCA|NO1,mFRR,Not Specified,Not Specified,MARGINAL,35.03,35.03
31/05/2024 16:00:00 - 31/05/2024 17:00:00,SCA|NO1,mFRR,Not Specified,Not Specified,MARGINAL,35.3,35.3
31/05/2024 17:00:00 - 31/05/2024 18:00:00,SCA|NO1,mFRR,Not Specified,Not Specified,MARGINAL,35.16,35.16
31/05/2024 18:00:00 - 31/05/2024 19:00:00,SCA|NO1,mFRR,Not Specified,Not Specified,MARGINAL,35.61,35.61
31/05/2024 19:00:00 - 31/05/2024 20:00:00,SCA|NO1,mFRR,Not Specified,Not Specified,MARGINAL,35.96,35.96
31/05/2024 20:00:00 - 31/05/2024 21:00:00,SCA|NO1,mFRR,Not Specified,Not Specified,MARGINAL,35.15,35.15
31/05/2024 21:00:00 - 31/05/2024 22:00:00,SCA|NO1,mFRR,Not Specified,Not Specified,MARGINAL,35.86,35.86
31/05/2024 22:00:00 - 31/05/2024 23:00:00,SCA|NO1,mFRR,Not Specified,Not Specified,MARGINAL,35.23,35.23
31/05/2024 23:00:00 - 01/06/2024 00:00:00,SCA|NO1,mFRR,Not Specified,Not Specified,MARGINAL,33.7,33.7
01/06/2024 00:00:00 - 01/06/2024 01:00:00,SCA|NO1,mFRR,Not Specified,Not Specified,MARGINAL,33.58,33.58
01/06/2024 01:00:00 - 01/06/2024 02:00:00,SCA|NO1,mFRR,Not Specified,Not Specified,MARGINAL,32.94,32.94
01/06/2024 02:00:00 - 01/06/2024 03:00:00,SCA|NO1,mFRR,Not Specified,Not Specified,MARGINAL,32.62,32.62
01/06/2024 03:00:00 - 01/06/2024 04:00:00,SCA|NO1,mFRR,Not Specified,Not Specified,MARGINAL,32.34,32.34
01/06/2024 04:00:00 - 01/06/2024 05:00:00,SCA|NO1,mFRR,Not Specified,Not Specified,MARGINAL,32.29,32.29
01/06/2024 05:00:00 - 01/06/2024 06:00:00,SCA|NO1,mFRR,Not Specified,Not Specified,MARGINAL,32.35,32.35
01/06/2024 06:00:00 - 01/06/2024 07:00:00,SCA|NO1,mFRR,Not Specified,Not Specified,MARGINAL,32.3,32.3
01/06/2024 07:00:00 - 01/06/2024 08:00:00,SCA|NO1,mFRR,Not Specified,Not Specified,MARGINAL,32.9,32.9
01/06/2024 08:00:00 - 01/06/2024 09:00:00,SCA|NO1,mFRR,Not Specified,Not Specified,MARGINAL,33.14,33.14
01/06/2024 09:00:00 - 01/06/2024 10:00:00,SCA|NO1,mFRR,Not Specified,Not Specified,MARGINAL,33.81,33.81
01/06/2024 10:00:00 - 01/06/2024 11:00:00,SCA|NO1,mFRR,Not Specified,Not Specified,MARGINAL,35.48,35.48
01/06/2024 11:00:00 - 01/06/2024 12:00:00,SCA|NO1,mFRR,Not Specified,Not Specified,MARGINAL,35.0,35.0
01/06/2024 12:00:00 - 01/06/2024 13:00:00,SCA|NO1,mFRR,Not Specified,Not Specified,MARGINAL,24.54,7.0
01/06/2024 13:00:00 - 01/06/2024 14:00:00,SCA|NO1,mFRR,Not Specified,Not Specified,MARGINAL,7.44,4.0
01/06/2024 14:00:00 - 01/06/2024 15:00:00,SCA|NO1,mFRR,Not Specified,Not Specified,MARGINAL,2.92,2.92
01/06/2024 15:00:00 - 01/06/2024 16:00:00,SCA|NO1,mFRR,Not Specified,Not Specified,MARGINAL,5.8,2.0
01/06/2024 16:00:00 - 01/06/2024 17:00:00,SCA|NO1,mFRR,Not Specified,Not Specified,MARGINAL,25.27,1.0
01/06/2024 17:00:00 - 01/06/2024 18:00:00,SCA|NO1,mFRR,Not Specified,Not Specified,MARGINAL,33.69,27.5
01/06/2024 18:00:00 - 01/06/2024 19:00:00,SCA|NO1,mFRR,Not Specified,Not Specified,MARGINAL,33.91,33.91
01/06/2024 19:00:00 - 01/06/2024 20:00:00,SCA|NO1,mFRR,Not Specified,Not Specified,MARGINAL,35.01,35.01
01/06/2024 20:00:00 - 01/06/2024 21:00:00,SCA|NO1,mFRR,Not Specified,Not Specified,MARGINAL,35.78,35.78
01/06/2024 21:00:00 - 01/06/2024 22:00:00,SCA|NO1,mFRR,Not Specified,Not Specified,MARGINAL,38.22,30.0
01/06/2024 22:00:00 - 01/06/2024 23:00:00,SCA|NO1,mFRR,Not Specified,Not Specified,MARGINAL,34.93,28.0
01/06/2024 23:00:00 - 02/06/2024 00:00:00,SCA|NO1,mFRR,Not Specified,Not Specified,MARGINAL,34.06,26.5
02/06/2024 00:00:00 - 02/06/2024 01:00:00,SCA|NO1,mFRR,Not Specified,Not Specified,MARGINAL,32.76,24.5
02/06/2024 01:00:00 - 02/06/2024 02:00:00,SCA|NO1,mFRR,Not Specified,Not Specified,MARGINAL,30.21,0.0
02/06/2024 02:00:00 - 02/06/2024 03:00:00,SCA|NO1,mFRR,Not Specified,Not Specified,MARGINAL,15.39,-1.0
02/06/2024 03:00:00 - 02/06/2024 04:00:00,SCA|NO1,mFRR,Not Specified,Not Specified,MARGINAL,7.01,-6.0
02/06/2024 04:00:00 - 02/06/2024 05:00:00,SCA|NO1,mFRR,Not Specified,Not Specified,MARGINAL,8.7,-6.0
02/06/2024 05:00:00 - 02/06/2024 06:00:00,SCA|NO1,mFRR,Not Specified,Not Specified,MARGINAL,4.98,-7.0
02/06/2024 06:00:00 - 02/06/2024 07:00:00,SCA|NO1,mFRR,Not Specified,Not Specified,MARGINAL,4.91,-7.0
02/06/2024 07:00:00 - 02/06/2024 08:00:00,SCA|NO1,mFRR,Not Specified,Not Specified,MARGINAL,4.11,-7.0
02/06/2024 08:00:00 - 02/06/2024 09:00:00,SCA|NO1,mFRR,Not Specified,Not Specified,MARGINAL,0.97,-7.0
02/06/2024 09:00:00 - 02/06/2024 10:00:00,SCA|NO1,mFRR,Not Specified,Not Specified,MARGINAL,0.0,-5.0
02/06/2024 10:00:00 - 02/06/2024 11:00:00,SCA|NO1,mFRR,Not Specified,Not Specified,MARGINAL,1.56,1.56
02/06/2024 11:00:00 - 02/06/2024 12:00:00,SCA|NO1,mFRR,Not Specified,Not Specified,MARGINAL,10.4,0.77
02/06/2024 12:00:00 - 02/06/2024 13:00:00,SCA|NO1,mFRR,Not Specified,Not Specified,MARGINAL,10.42,-0.1
02/06/2024 13:00:00 - 02/06/2024 14:00:00,SCA|NO1,mFRR,Not Specified,Not Specified,MARGINAL,3.0,-6.0
02/06/2024 14:00:00 - 02/06/2024 15:00:00,SCA|NO1,mFRR,Not Specified,Not Specified,MARGINAL,-5.0,-6.0
02/06/2024 15:00:00 - 02/06/2024 16:00:00,SCA|NO1,mFRR,Not Specified,Not Specified,MARGINAL,-4.36,-5.0
02/06/2024 16:00:00 - 02/06/2024 17:00:00,SCA|NO1,mFRR,Not Specified,Not Specified,MARGINAL,4.0,-0.08
02/06/2024 17:00:00 - 02/06/2024 18:00:00,SCA|NO1,mFRR,Not Specified,Not Specified,MARGINAL,26.28,4.93
02/06/2024 18:00:00 - 02/06/2024 19:00:00,SCA|NO1,mFRR,Not Specified,Not Specified,MARGINAL,39.0,29.21
02/06/2024 19:00:00 - 02/06/2024 20:00:00,SCA|NO1,mFRR,Not Specified,Not Specified,MARGINAL,39.0,35.37
02/06/2024 20:00:00 - 02/06/2024 21:00:00,SCA|NO1,mFRR,Not Specified,Not Specified,MARGINAL,42.73,42.73
02/06/2024 21:00:00 - 02/06/2024 22:00:00,SCA|NO1,mFRR,Not Specified,Not Specified,MARGINAL,44.99,44.99
02/06/2024 22:00:00 - 02/06/2024 23:00:00,SCA|NO1,mFRR,Not Specified,Not Specified,MARGINAL,37.62,37.62
02/06/2024 23:00:00 - 03/06/2024 00:00:00,SCA|NO1,mFRR,Not Specified,Not Specified,MARGINAL,33.99,33.99
03/06/2024 00:00:00 - 03/06/2024 01:00:00,SCA|NO1,mFRR,Not Specified,Not Specified,MARGINAL,33.52,30.5
03/06/2024 01:00:00 - 03/06/2024 02:00:00,SCA|NO1,mFRR,Not Specified,Not Specified,MARGINAL,33.09,28.0
03/06/2024 02:00:00 - 03/06/2024 03:00:00,SCA|NO1,mFRR,Not Specified,Not Specified,MARGINAL,32.93,28.0
03/06/2024 03:00:00 - 03/06/2024 04:00:00,SCA|NO1,mFRR,Not Specified,Not Specified,MARGINAL,32.85,28.0
03/06/2024 04:00:00 - 03/06/2024 05:00:00,SCA|NO1,mFRR,Not Specified,Not Specified,MARGINAL,32.82,28.0
03/06/2024 05:00:00 - 03/06/2024 06:00:00,SCA|NO1,mFRR,Not Specified,Not Specified,MARGINAL,33.23,28.0
03/06/2024 06:00:00 - 03/06/2024 07:00:00,SCA|NO1,mFRR,Not Specified,Not Specified,MARGINAL,35.4,35.4
03/06/2024 07:00:00 - 03/06/2024 08:00:00,SCA|NO1,mFRR,Not Specified,Not Specified,MARGINAL,50.02,50.02
03/06/2024 08:00:00 - 03/06/2024 09:00:00,SCA|NO1,mFRR,Not Specified,Not Specified,MARGINAL,64.93,34.0
03/06/2024 09:00:00 - 03/06/2024 10:00:00,SCA|NO1,mFRR,Not Specified,Not Specified,MARGINAL,60.67,30.0
03/06/2024 10:00:00 - 03/06/2024 11:00:00,SCA|NO1,mFRR,Not Specified,Not Specified,MARGINAL,59.72,30.0
03/06/2024 11:00:00 - 03/06/2024 12:00:00,SCA|NO1,mFRR,Not Specified,Not Specified,MARGINAL,60.63,30.5
03/06/2024 12:00:00 - 03/06/2024 13:00:00,SCA|NO1,mFRR,Not Specified,Not Specified,MARGINAL,59.55,59.55
03/06/2024 13:00:00 - 03/06/2024 14:00:00,SCA|NO1,mFRR,Not Specified,Not Specified,MARGINAL,46.39,46.39
03/06/2024 14:00:00 - 03/06/2024 15:00:00,SCA|NO1,mFRR,Not Specified,Not Specified,MARGINAL,44.99,42.0
03/06/2024 15:00:00 - 03/06/2024 16:00:00,SCA|NO1,mFRR,Not Specified,Not Specified,MARGINAL,41.34,41.34
03/06/2024 16:00:00 - 03/06/2024 17:00:00,SCA|NO1,mFRR,Not Specified,Not Specified,MARGINAL,44.95,44.95
03/06/2024 17:00:00 - 03/06/2024 18:00:00,SCA|NO1,mFRR,Not Specified,Not Specified,MARGINAL,44.92,44.92
03/06/2024 18:00:00 - 03/06/2024 19:00:00,SCA|NO1,mFRR,Not Specified,Not Specified,MARGINAL,48.39,48.39
03/06/2024 19:00:00 - 03/06/2024 20:00:00,SCA|NO1,mFRR,Not Specified,Not Specified,MARGINAL,45.91,45.91
03/06/2024 20:00:00 - 03/06/2024 21:00:00,SCA|NO1,mFRR,Not Specified,Not Specified,MARGINAL,51.76,51.76
03/06/2024 21:00:00 - 03/06/2024 22:00:00,SCA|NO1,mFRR,Not Specified,Not Specified,MARGINAL,55.51,55.51
03/06/2024 22:00:00 - 03/06/2024 23:00:00,SCA|NO1,mFRR,Not Specified,Not Specified,MARGINAL,53.21,30.0
03/06/2024 23:00:00 - 04/06/2024 00:00:00,SCA|NO1,mFRR,Not Specified,Not Specified,MARGINAL,41.91,30.0
04/06/2024 00:00:00 - 04/06/2024 01:00:00,SCA|NO1,mFRR,Not Specified,Not Specified,MARGINAL,37.53,31.0
04/06/2024 01:00:00 - 04/06/2024 02:00:00,SCA|NO1,mFRR,Not Specified,Not Specified,MARGINAL,37.0,31.0
04/06/2024 02:00:00 - 04/06/2024 03:00:00,SCA|NO1,mFRR,Not Specified,Not Specified,MARGINAL,36.66,36.66
04/06/2024 03:00:00 - 04/06/2024 04:00:00,SCA|NO1,mFRR,Not Specified,Not Specified,MARGINAL,36.55,36.55
04/06/2024 04:00:00 - 04/06/2024 05:00:00,SCA|NO1,mFRR,Not Specified,Not Specified,MARGINAL,36.47,36.47
04/06/2024 05:00:00 - 04/06/2024 06:00:00,SCA|NO1,mFRR,Not Specified,Not Specified,MARGINAL,37.0,37.0
04/06/2024 06:00:00 - 04/06/2024 07:00:00,SCA|NO1,mFRR,Not Specified,Not Specified,MARGINAL,38.87,38.87
04/06/2024 07:00:00 - 04/06/2024 08:00:00,SCA|NO1,mFRR,Not Specified,Not Specified,MARGINAL,46.5,46.5
04/06/2024 08:00:00 - 04/06/2024 09:00:00,SCA|NO1,mFRR,Not Specified,Not Specified,MARGINAL,69.36,69.36
04/06/2024 09:00:00 - 04/06/2024 10:00:00,SCA|NO1,mFRR,Not Specified,Not Specified,MARGINAL,60.45,40.0
04/06/2024 10:00:00 - 04/06/2024 11:00:00,SCA|NO1,mFRR,Not Specified,Not Specified,MARGINAL,54.83,33.5
04/06/2024 11:00:00 - 04/06/2024 12:00:00,SCA|NO1,mFRR,Not Specified,Not Specified,MARGINAL,58.65,33.5
04/06/2024 12:00:00 - 04/06/2024 13:00:00,SCA|NO1,mFRR,Not Specified,Not Specified,MARGINAL,52.07,33.0
04/06/2024 13:00:00 - 04/06/2024 14:00:00,SCA|NO1,mFRR,Not Specified,Not Specified,MARGINAL,42.08,25.0
04/06/2024 14:00:00 - 04/06/2024 15:00:00,SCA|NO1,mFRR,Not Specified,Not Specified,MARGINAL,36.02,13.41
04/06/2024 15:00:00 - 04/06/2024 16:00:00,SCA|NO1,mFRR,Not Specified,Not Specified,MARGINAL,37.08,13.41
04/06/2024 16:00:00 - 04/06/2024 17:00:00,SCA|NO1,mFRR,Not Specified,Not Specified,MARGINAL,42.01,31.5
04/06/2024 17:00:00 - 04/06/2024 18:00:00,SCA|NO1,mFRR,Not Specified,Not Specified,MARGINAL,40.7,32.0
04/06/2024 18:00:00 - 04/06/2024 19:00:00,SCA|NO1,mFRR,Not Specified,Not Specified,MARGINAL,42.08,32.0
04/06/2024 19:00:00 - 04/06/2024 20:00:00,SCA|NO1,mFRR,Not Specified,Not Specified,MARGINAL,42.63,34.0
04/06/2024 20:00:00 - 04/06/2024 21:00:00,SCA|NO1,mFRR,Not Specified,Not Specified,MARGINAL,42.65,42.65
04/06/2024 21:00:00 - 04/06/2024 22:00:00,SCA|NO1,mFRR,Not Specified,Not Specified,MARGINAL,42.03,42.03
04/06/2024 22:00:00 - 04/06/2024 23:00:00,SCA|NO1,mFRR,Not Specified,Not Specified,MARGINAL,42.1,42.1
04/06/2024 23:00:00 - 05/06/2024 00:00:00,SCA|NO1,mFRR,Not Specified,Not Specified,MARGINAL,38.89,32.0
05/06/2024 00:00:00 - 05/06/2024 01:00:00,SCA|NO1,mFRR,Not Specified,Not Specified,MARGINAL,32.06,32.06
05/06/2024 01:00:00 - 05/06/2024 02:00:00,SCA|NO1,mFRR,Not Specified,Not Specified,MARGINAL,26.0,26.0
05/06/2024 02:00:00 - 05/06/2024 03:00:00,SCA|NO1,mFRR,Not Specified,Not Specified,MARGINAL,24.6,24.6
05/06/2024 03:00:00 - 05/06/2024 04:00:00,SCA|NO1,mFRR,Not Specified,Not Specified,MARGINAL,22.92,22.92
05/06/2024 04:00:00 - 05/06/2024 05:00:00,SCA|NO1,mFRR,Not Specified,Not Specified,MARGINAL,22.0,22.0
05/06/2024 05:00:00 - 05/06/2024 06:00:00,SCA|NO1,mFRR,Not Specified,Not Specified,,,
05/06/2024 06:00:00 - 05/06/2024 07:00:00,SCA|NO1,mFRR,Not Specified,Not Specified,MARGINAL,35.5,23.46
05/06/2024 07:00:00 - 05/06/2024 08:00:00,SCA|NO1,mFRR,Not Specified,Not Specified,MARGINAL,52.0,32.5
05/06/2024 08:00:00 - 05/06/2024 09:00:00,SCA|NO1,mFRR,Not Specified,Not Specified,MARGINAL,52.0,29.5
05/06/2024 09:00:00 - 05/06/2024 10:00:00,SCA|NO1,mFRR,Not Specified,Not Specified,MARGINAL,41.13,11.0
05/06/2024 10:00:00 - 05/06/2024 11:00:00,SCA|NO1,mFRR,Not Specified,Not Specified,MARGINAL,40.01,2.0
05/06/2024 11:00:00 - 05/06/2024 12:00:00,SCA|NO1,mFRR,Not Specified,Not Specified,MARGINAL,40.7,0.5
05/06/2024 12:00:00 - 05/06/2024 13:00:00,SCA|NO1,mFRR,Not Specified,Not Specified,MARGINAL,35.97,16.5
05/06/2024 13:00:00 - 05/06/2024 14:00:00,SCA|NO1,mFRR,Not Specified,Not Specified,MARGINAL,29.23,-4.0
05/06/2024 14:00:00 - 05/06/2024 15:00:00,SCA|NO1,mFRR,Not Specified,Not Specified,MARGINAL,25.48,-4.5
05/06/2024 15:00:00 - 05/06/2024 16:00:00,SCA|NO1,mFRR,Not Specified,Not Specified,MARGINAL,31.27,-3.0
05/06/2024 16:00:00 - 05/06/2024 17:00:00,SCA|NO1,mFRR,Not Specified,Not Specified,MARGINAL,38.55,5.0
05/06/2024 17:00:00 - 05/06/2024 18:00:00,SCA|NO1,mFRR,Not Specified,Not Specified,MARGINAL,41.14,10.0
05/06/2024 18:00:00 - 05/06/2024 19:00:00,SCA|NO1,mFRR,Not Specified,Not Specified,MARGINAL,42.03,14.0
05/06/2024 19:00:00 - 05/06/2024 20:00:00,SCA|NO1,mFRR,Not Specified,Not Specified,MARGINAL,43.69,30.0
05/06/2024 20:00:00 - 05/06/2024 21:00:00,SCA|NO1,mFRR,Not Specified,Not Specified,MARGINAL,42.04,32.0
05/06/2024 21:00:00 - 05/06/2024 22:00:00,SCA|NO1,mFRR,Not Specified,Not Specified,MARGINAL,63.98,32.0
05/06/2024 22:00:00 - 05/06/2024 23:00:00,SCA|NO1,mFRR,Not Specified,Not Specified,MARGINAL,43.44,40.0
05/06/2024 23:00:00 - 06/06/2024 00:00:00,SCA|NO1,mFRR,Not Specified,Not Specified,MARGINAL,41.07,31.0
06/06/2024 00:00:00 - 06/06/2024 01:00:00,SCA|NO1,mFRR,Not Specified,Not Specified,MARGINAL,34.7,31.0
06/06/2024 01:00:00 - 06/06/2024 02:00:00,SCA|NO1,mFRR,Not Specified,Not Specified,MARGINAL,33.93,33.93
06/06/2024 02:00:00 - 06/06/2024 03:00:00,SCA|NO1,mFRR,Not Specified,Not Specified,MARGINAL,33.44,33.44
06/06/2024 03:00:00 - 06/06/2024 04:00:00,SCA|NO1,mFRR,Not Specified,Not Specified,MARGINAL,33.22,33.22
06/06/2024 04:00:00 - 06/06/2024 05:00:00,SCA|NO1,mFRR,Not Specified,Not Specified,MARGINAL,33.12,33.12
06/06/2024 05:00:00 - 06/06/2024 06:00:00,SCA|NO1,mFRR,Not Specified,Not Specified,MARGINAL,33.25,33.25
06/06/2024 06:00:00 - 06/06/2024 07:00:00,SCA|NO1,mFRR,Not Specified,Not Specified,MARGINAL,38.29,38.29
06/06/2024 07:00:00 - 06/06/2024 08:00:00,SCA|NO1,mFRR,Not Specified,Not Specified,MARGINAL,45.69,45.69
06/06/2024 08:00:00 - 06/06/2024 09:00:00,SCA|NO1,mFRR,Not Specified,Not Specified,MARGINAL,47.09,47.09
06/06/2024 09:00:00 - 06/06/2024 10:00:00,SCA|NO1,mFRR,Not Specified,Not Specified,MARGINAL,45.25,45.25
06/06/2024 10:00:00 - 06/06/2024 11:00:00,SCA|NO1,mFRR,Not Specified,Not Specified,MARGINAL,42.91,42.91
06/06/2024 11:00:00 - 06/06/2024 12:00:00,SCA|NO1,mFRR,Not Specified,Not Specified,MARGINAL,33.6,33.6
06/06/2024 12:00:00 - 06/06/2024 13:00:00,SCA|NO1,mFRR,Not Specified,Not Specified,MARGINAL,25.11,10.5
06/06/2024 13:00:00 - 06/06/2024 14:00:00,SCA|NO1,mFRR,Not Specified,Not Specified,MARGINAL,20.12,6.7
06/06/2024 14:00:00 - 06/06/2024 15:00:00,SCA|NO1,mFRR,Not Specified,Not Specified,MARGINAL,25.0,7.0
06/06/2024 15:00:00 - 06/06/2024 16:00:00,SCA|NO1,mFRR,Not Specified,Not Specified,MARGINAL,35.51,22.5
06/06/2024 16:00:00 - 06/06/2024 17:00:00,SCA|NO1,mFRR,Not Specified,Not Specified,MARGINAL,44.33,22.5
06/06/2024 17:00:00 - 06/06/2024 18:00:00,SCA|NO1,mFRR,Not Specified,Not Specified,MARGINAL,42.52,41.0
06/06/2024 18:00:00 - 06/06/2024 19:00:00,SCA|NO1,mFRR,Not Specified,Not Specified,MARGINAL,45.5,29.0
06/06/2024 19:00:00 - 06/06/2024 20:00:00,SCA|NO1,mFRR,Not Specified,Not Specified,MARGINAL,45.56,38.5
06/06/2024 20:00:00 - 06/06/2024 21:00:00,SCA|NO1,mFRR,Not Specified,Not Specified,MARGINAL,43.12,43.12
06/06/2024 21:00:00 - 06/06/2024 22:00:00,SCA|NO1,mFRR,Not Specified,Not Specified,MARGINAL,45.48,42.0
06/06/2024 22:00:00 - 06/06/2024 23:00:00,SCA|NO1,mFRR,Not Specified,Not Specified,MARGINAL,43.32,42.0
06/06/2024 23:00:00 - 07/06/2024 00:00:00,SCA|NO1,mFRR,Not Specified,Not Specified,MARGINAL,38.25,38.25
07/06/2024 00:00:00 - 07/06/2024 01:00:00,SCA|NO1,mFRR,Not Specified,Not Specified,MARGINAL,39.12,39.12
07/06/2024 01:00:00 - 07/06/2024 02:00:00,SCA|NO1,mFRR,Not Specified,Not Specified,MARGINAL,38.26,38.26
07/06/2024 02:00:00 - 07/06/2024 03:00:00,SCA|NO1,mFRR,Not Specified,Not Specified,MARGINAL,37.6,27.0
07/06/2024 03:00:00 - 07/06/2024 04:00:00,SCA|NO1,mFRR,Not Specified,Not Specified,MARGINAL,36.09,27.0
07/06/2024 04:00:00 - 07/06/2024 05:00:00,SCA|NO1,mFRR,Not Specified,Not Specified,MARGINAL,35.98,28.5
07/06/2024 05:00:00 - 07/06/2024 06:00:00,SCA|NO1,mFRR,Not Specified,Not Specified,MARGINAL,37.91,17.0
07/06/2024 06:00:00 - 07/06/2024 07:00:00,SCA|NO1,mFRR,Not Specified,Not Specified,MARGINAL,39.12,28.0
07/06/2024 07:00:00 - 07/06/2024 08:00:00,SCA|NO1,mFRR,Not Specified,Not Specified,MARGINAL,45.68,45.68
07/06/2024 08:00:00 - 07/06/2024 09:00:00,SCA|NO1,mFRR,Not Specified,Not Specified,MARGINAL,52.22,40.22
07/06/2024 09:00:00 - 07/06/2024 10:00:00,SCA|NO1,mFRR,Not Specified,Not Specified,MARGINAL,54.91,39.0
07/06/2024 10:00:00 - 07/06/2024 11:00:00,SCA|NO1,mFRR,Not Specified,Not Specified,MARGINAL,51.59,32.0
07/06/2024 11:00:00 - 07/06/2024 12:00:00,SCA|NO1,mFRR,Not Specified,Not Specified,MARGINAL,42.91,29.5
07/06/2024 12:00:00 - 07/06/2024 13:00:00,SCA|NO1,mFRR,Not Specified,Not Specified,MARGINAL,33.91,6.0
07/06/2024 13:00:00 - 07/06/2024 14:00:00,SCA|NO1,mFRR,Not Specified,Not Specified,MARGINAL,26.19,6.0
07/06/2024 14:00:00 - 07/06/2024 15:00:00,SCA|NO1,mFRR,Not Specified,Not Specified,MARGINAL,17.97,2.0
07/06/2024 15:00:00 - 07/06/2024 16:00:00,SCA|NO1,mFRR,Not Specified,Not Specified,MARGINAL,19.47,-0.5
07/06/2024 16:00:00 - 07/06/2024 17:00:00,SCA|NO1,mFRR,Not Specified,Not Specified,MARGINAL,33.13,10.0
07/06/2024 17:00:00 - 07/06/2024 18:00:00,SCA|NO1,mFRR,Not Specified,Not Specified,MARGINAL,44.03,25.0
07/06/2024 18:00:00 - 07/06/2024 19:00:00,SCA|NO1,mFRR,Not Specified,Not Specified,MARGINAL,44.03,29.5
07/06/2024 19:00:00 - 07/06/2024 20:00:00,SCA|NO1,mFRR,Not Specified,Not Specified,MARGINAL,45.24,30.0
07/06/2024 20:00:00 - 07/06/2024 21:00:00,SCA|NO1,mFRR,Not Specified,Not Specified,MARGINAL,44.96,32.0
07/06/2024 21:00:00 - 07/06/2024 22:00:00,SCA|NO1,mFRR,Not Specified,Not Specified,MARGINAL,44.07,34.0
07/06/2024 22:00:00 - 07/06/2024 23:00:00,SCA|NO1,mFRR,Not Specified,Not Specified,MARGINAL,40.7,40.7
07/06/2024 23:00:00 - 08/06/2024 00:00:00,SCA|NO1,mFRR,Not Specified,Not Specified,MARGINAL,40.26,33.86
08/06/2024 00:00:00 - 08/06/2024 01:00:00,SCA|NO1,mFRR,Not Specified,Not Specified,MARGINAL,38.7,38.0
08/06/2024 01:00:00 - 08/06/2024 02:00:00,SCA|NO1,mFRR,Not Specified,Not Specified,MARGINAL,38.18,38.18
08/06/2024 02:00:00 - 08/06/2024 03:00:00,SCA|NO1,mFRR,Not Specified,Not Specified,MARGINAL,37.76,31.0
08/06/2024 03:00:00 - 08/06/2024 04:00:00,SCA|NO1,mFRR,Not Specified,Not Specified,MARGINAL,35.6,18.59
08/06/2024 04:00:00 - 08/06/2024 05:00:00,SCA|NO1,mFRR,Not Specified,Not Specified,MARGINAL,33.15,16.0
08/06/2024 05:00:00 - 08/06/2024 06:00:00,SCA|NO1,mFRR,Not Specified,Not Specified,MARGINAL,31.95,16.0
08/06/2024 06:00:00 - 08/06/2024 07:00:00,SCA|NO1,mFRR,Not Specified,Not Specified,MARGINAL,34.16,16.0
08/06/2024 07:00:00 - 08/06/2024 08:00:00,SCA|NO1,mFRR,Not Specified,Not Specified,MARGINAL,35.35,32.0
08/06/2024 08:00:00 - 08/06/2024 09:00:00,SCA|NO1,mFRR,Not Specified,Not Specified,MARGINAL,29.47,29.47
08/06/2024 09:00:00 - 08/06/2024 10:00:00,SCA|NO1,mFRR,Not Specified,Not Specified,MARGINAL,22.26,4.07
08/06/2024 10:00:00 - 08/06/2024 11:00:00,SCA|NO1,mFRR,Not Specified,Not Specified,MARGINAL,1.51,0.0
08/06/2024 11:00:00 - 08/06/2024 12:00:00,SCA|NO1,mFRR,Not Specified,Not Specified,MARGINAL,-2.2,-2.2
08/06/2024 12:00:00 - 08/06/2024 13:00:00,SCA|NO1,mFRR,Not Specified,Not Specified,MARGINAL,-6.0,-10.05
08/06/2024 13:00:00 - 08/06/2024 14:00:00,SCA|NO1,mFRR,Not Specified,Not Specified,MARGINAL,-14.29,-16.0
08/06/2024 14:00:00 - 08/06/2024 15:00:00,SCA|NO1,mFRR,Not Specified,Not Specified,MARGINAL,-15.07,-15.07
08/06/2024 15:00:00 - 08/06/2024 16:00:00,SCA|NO1,mFRR,Not Specified,Not Specified,MARGINAL,4.42,-13.91
08/06/2024 16:00:00 - 08/06/2024 17:00:00,SCA|NO1,mFRR,Not Specified,Not Specified,MARGINAL,4.42,-2.54
08/06/2024 17:00:00 - 08/06/2024 18:00:00,SCA|NO1,mFRR,Not Specified,Not Specified,MARGINAL,30.82,14.35
08/06/2024 18:00:00 - 08/06/2024 19:00:00,SCA|NO1,mFRR,Not Specified,Not Specified,MARGINAL,31.99,27.01
08/06/2024 19:00:00 - 08/06/2024 20:00:00,SCA|NO1,mFRR,Not Specified,Not Specified,MARGINAL,34.23,31.0
08/06/2024 20:00:00 - 08/06/2024 21:00:00,SCA|NO1,mFRR,Not Specified,Not Specified,MARGINAL,32.57,28.0
08/06/2024 21:00:00 - 08/06/2024 22:00:00,SCA|NO1,mFRR,Not Specified,Not Specified,MARGINAL,31.73,25.0
08/06/2024 22:00:00 - 08/06/2024 23:00:00,SCA|NO1,mFRR,Not Specified,Not Specified,MARGINAL,35.0,31.11
08/06/2024 23:00:00 - 09/06/2024 00:00:00,SCA|NO1,mFRR,Not Specified,Not Specified,MARGINAL,35.0,30.12
09/06/2024 00:00:00 - 09/06/2024 01:00:00,SCA|NO1,mFRR,Not Specified,Not Specified,MARGINAL,32.64,7.0
09/06/2024 01:00:00 - 09/06/2024 02:00:00,SCA|NO1,mFRR,Not Specified,Not Specified,MARGINAL,27.48,0.0
09/06/2024 02:00:00 - 09/06/2024 03:00:00,SCA|NO1,mFRR,Not Specified,Not Specified,MARGINAL,17.02,0.0
09/06/2024 03:00:00 - 09/06/2024 04:00:00,SCA|NO1,mFRR,Not Specified,Not Specified,MARGINAL,9.11,0.07
09/06/2024 04:00:00 - 09/06/2024 05:00:00,SCA|NO1,mFRR,Not Specified,Not Specified,MARGINAL,4.09,3.0
09/06/2024 05:00:00 - 09/06/2024 06:00:00,SCA|NO1,mFRR,Not Specified,Not Specified,MARGINAL,1.87,1.87
09/06/2024 06:00:00 - 09/06/2024 07:00:00,SCA|NO1,mFRR,Not Specified,Not Specified,MARGINAL,4.73,4.73
09/06/2024 07:00:00 - 09/06/2024 08:00:00,SCA|NO1,mFRR,Not Specified,Not Specified,MARGINAL,15.0,2.22
09/06/2024 08:00:00 - 09/06/2024 09:00:00,SCA|NO1,mFRR,Not Specified,Not Specified,MARGINAL,-0.08,-1.0
09/06/2024 09:00:00 - 09/06/2024 10:00:00,SCA|NO1,mFRR,Not Specified,Not Specified,MARGINAL,-2.01,-2.01
09/06/2024 10:00:00 - 09/06/2024 11:00:00,SCA|NO1,mFRR,Not Specified,Not Specified,MARGINAL,-7.6,-7.6
09/06/2024 11:00:00 - 09/06/2024 12:00:00,SCA|NO1,mFRR,Not Specified,Not Specified,MARGINAL,3.75,-15.0
09/06/2024 12:00:00 - 09/06/2024 13:00:00,SCA|NO1,mFRR,Not Specified,Not Specified,MARGINAL,3.75,-24.77
09/06/2024 13:00:00 - 09/06/2024 14:00:00,SCA|NO1,mFRR,Not Specified,Not Specified,MARGINAL,3.75,-32.69
09/06/2024 14:00:00 - 09/06/2024 15:00:00,SCA|NO1,mFRR,Not Specified,Not Specified,MARGINAL,3.75,-37.13
09/06/2024 15:00:00 - 09/06/2024 16:00:00,SCA|NO1,mFRR,Not Specified,Not Specified,MARGINAL,-28.68,-28.68
09/06/2024 16:00:00 - 09/06/2024 17:00:00,SCA|NO1,mFRR,Not Specified,Not Specified,MARGINAL,4.42,-4.99
09/06/2024 17:00:00 - 09/06/2024 18:00:00,SCA|NO1,mFRR,Not Specified,Not Specified,MARGINAL,15.91,-0.6
09/06/2024 18:00:00 - 09/06/2024 19:00:00,SCA|NO1,mFRR,Not Specified,Not Specified,MARGINAL,26.57,26.57
09/06/2024 19:00:00 - 09/06/2024 20:00:00,SCA|NO1,mFRR,Not Specified,Not Specified,MARGINAL,35.97,35.97
09/06/2024 20:00:00 - 09/06/2024 21:00:00,SCA|NO1,mFRR,Not Specified,Not Specified,MARGINAL,38.14,38.14
09/06/2024 21:00:00 - 09/06/2024 22:00:00,SCA|NO1,mFRR,Not Specified,Not Specified,MARGINAL,39.58,32.0
09/06/2024 22:00:00 - 09/06/2024 23:00:00,SCA|NO1,mFRR,Not Specified,Not Specified,MARGINAL,40.0,32.0
09/06/2024 23:00:00 - 10/06/2024 00:00:00,SCA|NO1,mFRR,Not Specified,Not Specified,MARGINAL,39.09,31.0
10/06/2024 00:00:00 - 10/06/2024 01:00:00,SCA|NO1,mFRR,Not Specified,Not Specified,MARGINAL,37.15,37.15
10/06/2024 01:00:00 - 10/06/2024 02:00:00,SCA|NO1,mFRR,Not Specified,Not Specified,MARGINAL,35.11,32.0
10/06/2024 02:00:00 - 10/06/2024 03:00:00,SCA|NO1,mFRR,Not Specified,Not Specified,MARGINAL,34.42,34.42
10/06/2024 03:00:00 - 10/06/2024 04:00:00,SCA|NO1,mFRR,Not Specified,Not Specified,MARGINAL,34.83,34.83
10/06/2024 04:00:00 - 10/06/2024 05:00:00,SCA|NO1,mFRR,Not Specified,Not Specified,MARGINAL,33.29,14.79
10/06/2024 05:00:00 - 10/06/2024 06:00:00,SCA|NO1,mFRR,Not Specified,Not Specified,MARGINAL,34.19,14.0
10/06/2024 06:00:00 - 10/06/2024 07:00:00,SCA|NO1,mFRR,Not Specified,Not Specified,MARGINAL,45.0,38.44
10/06/2024 07:00:00 - 10/06/2024 08:00:00,SCA|NO1,mFRR,Not Specified,Not Specified,MARGINAL,44.23,41.12
10/06/2024 08:00:00 - 10/06/2024 09:00:00,SCA|NO1,mFRR,Not Specified,Not Specified,MARGINAL,45.0,41.2
10/06/2024 09:00:00 - 10/06/2024 10:00:00,SCA|NO1,mFRR,Not Specified,Not Specified,MARGINAL,47.0,38.86
10/06/2024 10:00:00 - 10/06/2024 11:00:00,SCA|NO1,mFRR,Not Specified,Not Specified,MARGINAL,50.0,35.51
10/06/2024 11:00:00 - 10/06/2024 12:00:00,SCA|NO1,mFRR,Not Specified,Not Specified,MARGINAL,50.0,37.4
10/06/2024 12:00:00 - 10/06/2024 13:00:00,SCA|NO1,mFRR,Not Specified,Not Specified,MARGINAL,47.0,33.52
10/06/2024 13:00:00 - 10/06/2024 14:00:00,SCA|NO1,mFRR,Not Specified,Not Specified,MARGINAL,39.18,27.0
10/06/2024 14:00:00 - 10/06/2024 15:00:00,SCA|NO1,mFRR,Not Specified,Not Specified,MARGINAL,38.84,22.28
10/06/2024 15:00:00 - 10/06/2024 16:00:00,SCA|NO1,mFRR,Not Specified,Not Specified,MARGINAL,39.16,22.28
10/06/2024 16:00:00 - 10/06/2024 17:00:00,SCA|NO1,mFRR,Not Specified,Not Specified,MARGINAL,42.0,30.16
10/06/2024 17:00:00 - 10/06/2024 18:00:00,SCA|NO1,mFRR,Not Specified,Not Specified,MARGINAL,42.86,42.86
10/06/2024 18:00:00 - 10/06/2024 19:00:00,SCA|NO1,mFRR,Not Specified,Not Specified,MARGINAL,50.69,50.69
10/06/2024 19:00:00 - 10/06/2024 20:00:00,SCA|NO1,mFRR,Not Specified,Not Specified,MARGINAL,57.0,55.01
10/06/2024 20:00:00 - 10/06/2024 21:00:00,SCA|NO1,mFRR,Not Specified,Not Specified,MARGINAL,57.5,36.0
10/06/2024 21:00:00 - 10/06/2024 22:00:00,SCA|NO1,mFRR,Not Specified,Not Specified,MARGINAL,55.93,36.0
10/06/2024 22:00:00 - 10/06/2024 23:00:00,SCA|NO1,mFRR,Not Specified,Not Specified,MARGINAL,47.0,32.0
10/06/2024 23:00:00 - 11/06/2024 00:00:00,SCA|NO1,mFRR,Not Specified,Not Specified,MARGINAL,44.4,32.0
11/06/2024 00:00:00 - 11/06/2024 01:00:00,SCA|NO1,mFRR,Not Specified,Not Specified,MARGINAL,36.69,31.0
11/06/2024 01:00:00 - 11/06/2024 02:00:00,SCA|NO1,mFRR,Not Specified,Not Specified,MARGINAL,36.93,29.0
11/06/2024 02:00:00 - 11/06/2024 03:00:00,SCA|NO1,mFRR,Not Specified,Not Specified,MARGINAL,36.72,26.0
11/06/2024 03:00:00 - 11/06/2024 04:00:00,SCA|NO1,mFRR,Not Specified,Not Specified,MARGINAL,36.4,20.0
11/06/2024 04:00:00 - 11/06/2024 05:00:00,SCA|NO1,mFRR,Not Specified,Not Specified,MARGINAL,36.69,20.0
11/06/2024 05:00:00 - 11/06/2024 06:00:00,SCA|NO1,mFRR,Not Specified,Not Specified,MARGINAL,37.5,20.0
11/06/2024 06:00:00 - 11/06/2024 07:00:00,SCA|NO1,mFRR,Not Specified,Not Specified,MARGINAL,53.3,30.0
11/06/2024 07:00:00 - 11/06/2024 08:00:00,SCA|NO1,mFRR,Not Specified,Not Specified,MARGINAL,97.15,34.0
11/06/2024 08:00:00 - 11/06/2024 09:00:00,SCA|NO1,mFRR,Not Specified,Not Specified,MARGINAL,84.94,35.0
11/06/2024 09:00:00 - 11/06/2024 10:00:00,SCA|NO1,mFRR,Not Specified,Not Specified,MARGINAL,56.87,34.0
11/06/2024 10:00:00 - 11/06/2024 11:00:00,SCA|NO1,mFRR,Not Specified,Not Specified,MARGINAL,42.07,30.0
11/06/2024 11:00:00 - 11/06/2024 12:00:00,SCA|NO1,mFRR,Not Specified,Not Specified,MARGINAL,32.96,30.0
11/06/2024 12:00:00 - 11/06/2024 13:00:00,SCA|NO1,mFRR,Not Specified,Not Specified,MARGINAL,29.49,27.5
11/06/2024 13:00:00 - 11/06/2024 14:00:00,SCA|NO1,mFRR,Not Specified,Not Specified,MARGINAL,21.67,20.0
11/06/2024 14:00:00 - 11/06/2024 15:00:00,SCA|NO1,mFRR,Not Specified,Not Specified,MARGINAL,25.04,5.5
11/06/2024 15:00:00 - 11/06/2024 16:00:00,SCA|NO1,mFRR,Not Specified,Not Specified,MARGINAL,27.14,6.02
11/06/2024 16:00:00 - 11/06/2024 17:00:00,SCA|NO1,mFRR,Not Specified,Not Specified,MARGINAL,31.19,25.0
11/06/2024 17:00:00 - 11/06/2024 18:00:00,SCA|NO1,mFRR,Not Specified,Not Specified,MARGINAL,41.0,33.0
11/06/2024 18:00:00 - 11/06/2024 19:00:00,SCA|NO1,mFRR,Not Specified,Not Specified,MARGINAL,44.54,44.54
11/06/2024 19:00:00 - 11/06/2024 20:00:00,SCA|NO1,mFRR,Not Specified,Not Specified,MARGINAL,53.35,53.35
11/06/2024 20:00:00 - 11/06/2024 21:00:00,SCA|NO1,mFRR,Not Specified,Not Specified,MARGINAL,53.35,53.35
11/06/2024 21:00:00 - 11/06/2024 22:00:00,SCA|NO1,mFRR,Not Specified,Not Specified,MARGINAL,53.37,53.37
11/06/2024 22:00:00 - 11/06/2024 23:00:00,SCA|NO1,mFRR,Not Specified,Not Specified,MARGINAL,51.9,51.9
11/06/2024 23:00:00 - 12/06/2024 00:00:00,SCA|NO1,mFRR,Not Specified,Not Specified,MARGINAL,47.98,45.25
12/06/2024 00:00:00 - 12/06/2024 01:00:00,SCA|NO1,mFRR,Not Specified,Not Specified,MARGINAL,42.49,42.49
12/06/2024 01:00:00 - 12/06/2024 02:00:00,SCA|NO1,mFRR,Not Specified,Not Specified,MARGINAL,41.05,41.05
12/06/2024 02:00:00 - 12/06/2024 03:00:00,SCA|NO1,mFRR,Not Specified,Not Specified,MARGINAL,40.81,40.81
12/06/2024 03:00:00 - 12/06/2024 04:00:00,SCA|NO1,mFRR,Not Specified,Not Specified,MARGINAL,40.54,40.54
12/06/2024 04:00:00 - 12/06/2024 05:00:00,SCA|NO1,mFRR,Not Specified,Not Specified,MARGINAL,40.46,35.0
12/06/2024 05:00:00 - 12/06/2024 06:00:00,SCA|NO1,mFRR,Not Specified,Not Specified,MARGINAL,40.42,35.0
12/06/2024 06:00:00 - 12/06/2024 07:00:00,SCA|NO1,mFRR,Not Specified,Not Specified,MARGINAL,49.81,45.21
12/06/2024 07:00:00 - 12/06/2024 08:00:00,SCA|NO1,mFRR,Not Specified,Not Specified,MARGINAL,111.57,111.57
12/06/2024 08:00:00 - 12/06/2024 09:00:00,SCA|NO1,mFRR,Not Specified,Not Specified,MARGINAL,100.68,100.68
12/06/2024 09:00:00 - 12/06/2024 10:00:00,SCA|NO1,mFRR,Not Specified,Not Specified,MARGINAL,67.87,40.0
12/06/2024 10:00:00 - 12/06/2024 11:00:00,SCA|NO1,mFRR,Not Specified,Not Specified,MARGINAL,51.3,28.0
12/06/2024 11:00:00 - 12/06/2024 12:00:00,SCA|NO1,mFRR,Not Specified,Not Specified,MARGINAL,45.67,26.0
12/06/2024 12:00:00 - 12/06/2024 13:00:00,SCA|NO1,mFRR,Not Specified,Not Specified,MARGINAL,40.94,24.0
12/06/2024 13:00:00 - 12/06/2024 14:00:00,SCA|NO1,mFRR,Not Specified,Not Specified,MARGINAL,39.46,24.0
12/06/2024 14:00:00 - 12/06/2024 15:00:00,SCA|NO1,mFRR,Not Specified,Not Specified,MARGINAL,38.73,22.36
12/06/2024 15:00:00 - 12/06/2024 16:00:00,SCA|NO1,mFRR,Not Specified,Not Specified,MARGINAL,41.4,25.0
12/06/2024 16:00:00 - 12/06/2024 17:00:00,SCA|NO1,mFRR,Not Specified,Not Specified,MARGINAL,44.39,28.0
12/06/2024 17:00:00 - 12/06/2024 18:00:00,SCA|NO1,mFRR,Not Specified,Not Specified,MARGINAL,44.9,38.0
12/06/2024 18:00:00 - 12/06/2024 19:00:00,SCA|NO1,mFRR,Not Specified,Not Specified,MARGINAL,46.21,37.0
12/06/2024 19:00:00 - 12/06/2024 20:00:00,SCA|NO1,mFRR,Not Specified,Not Specified,MARGINAL,46.81,43.0
12/06/2024 20:00:00 - 12/06/2024 21:00:00,SCA|NO1,mFRR,Not Specified,Not Specified,MARGINAL,47.71,45.77
12/06/2024 21:00:00 - 12/06/2024 22:00:00,SCA|NO1,mFRR,Not Specified,Not Specified,MARGINAL,45.91,38.0
12/06/2024 22:00:00 - 12/06/2024 23:00:00,SCA|NO1,mFRR,Not Specified,Not Specified,MARGINAL,44.73,44.73
12/06/2024 23:00:00 - 13/06/2024 00:00:00,SCA|NO1,mFRR,Not Specified,Not Specified,MARGINAL,46.0,41.26
13/06/2024 00:00:00 - 13/06/2024 01:00:00,SCA|NO1,mFRR,Not Specified,Not Specified,MARGINAL,45.0,36.5
13/06/2024 01:00:00 - 13/06/2024 02:00:00,SCA|NO1,mFRR,Not Specified,Not Specified,MARGINAL,40.52,31.0
13/06/2024 02:00:00 - 13/06/2024 03:00:00,SCA|NO1,mFRR,Not Specified,Not Specified,MARGINAL,40.1,30.5
13/06/2024 03:00:00 - 13/06/2024 04:00:00,SCA|NO1,mFRR,Not Specified,Not Specified,MARGINAL,40.19,27.0
13/06/2024 04:00:00 - 13/06/2024 05:00:00,SCA|NO1,mFRR,Not Specified,Not Specified,MARGINAL,39.93,26.0
13/06/2024 05:00:00 - 13/06/2024 06:00:00,SCA|NO1,mFRR,Not Specified,Not Specified,MARGINAL,41.08,27.0
13/06/2024 06:00:00 - 13/06/2024 07:00:00,SCA|NO1,mFRR,Not Specified,Not Specified,MARGINAL,43.95,31.5
13/06/2024 07:00:00 - 13/06/2024 08:00:00,SCA|NO1,mFRR,Not Specified,Not Specified,MARGINAL,76.08,39.5
13/06/2024 08:00:00 - 13/06/2024 09:00:00,SCA|NO1,mFRR,Not Specified,Not Specified,MARGINAL,102.99,39.83
13/06/2024 09:00:00 - 13/06/2024 10:00:00,SCA|NO1,mFRR,Not Specified,Not Specified,MARGINAL,71.43,43.0
13/06/2024 10:00:00 - 13/06/2024 11:00:00,SCA|NO1,mFRR,Not Specified,Not Specified,MARGINAL,55.13,39.0
13/06/2024 11:00:00 - 13/06/2024 12:00:00,SCA|NO1,mFRR,Not Specified,Not Specified,MARGINAL,48.26,34.0
13/06/2024 12:00:00 - 13/06/2024 13:00:00,SCA|NO1,mFRR,Not Specified,Not Specified,MARGINAL,44.15,31.0
13/06/2024 13:00:00 - 13/06/2024 14:00:00,SCA|NO1,mFRR,Not Specified,Not Specified,MARGINAL,42.62,25.0
13/06/2024 14:00:00 - 13/06/2024 15:00:00,SCA|NO1,mFRR,Not Specified,Not Specified,MARGINAL,42.0,27.0
13/06/2024 15:00:00 - 13/06/2024 16:00:00,SCA|NO1,mFRR,Not Specified,Not Specified,MARGINAL,44.06,33.52
13/06/2024 16:00:00 - 13/06/2024 17:00:00,SCA|NO1,mFRR,Not Specified,Not Specified,MARGINAL,42.99,28.0
13/06/2024 17:00:00 - 13/06/2024 18:00:00,SCA|NO1,mFRR,Not Specified,Not Specified,MARGINAL,43.3,25.48
13/06/2024 18:00:00 - 13/06/2024 19:00:00,SCA|NO1,mFRR,Not Specified,Not Specified,MARGINAL,46.33,25.78
13/06/2024 19:00:00 - 13/06/2024 20:00:00,SCA|NO1,mFRR,Not Specified,Not Specified,MARGINAL,49.0,46.22
13/06/2024 20:00:00 - 13/06/2024 21:00:00,SCA|NO1,mFRR,Not Specified,Not Specified,MARGINAL,50.0,45.08
13/06/2024 21:00:00 - 13/06/2024 22:00:00,SCA|NO1,mFRR,Not Specified,Not Specified,MARGINAL,50.0,42.97
13/06/2024 22:00:00 - 13/06/2024 23:00:00,SCA|NO1,mFRR,Not Specified,Not Specified,MARGINAL,50.0,42.26
13/06/2024 23:00:00 - 14/06/2024 00:00:00,SCA|NO1,mFRR,Not Specified,Not Specified,MARGINAL,43.0,40.43
14/06/2024 00:00:00 - 14/06/2024 01:00:00,SCA|NO1,mFRR,Not Specified,Not Specified,MARGINAL,41.0,36.89
14/06/2024 01:00:00 - 14/06/2024 02:00:00,SCA|NO1,mFRR,Not Specified,Not Specified,MARGINAL,41.0,36.65
14/06/2024 02:00:00 - 14/06/2024 03:00:00,SCA|NO1,mFRR,Not Specified,Not Specified,MARGINAL,40.0,36.42
14/06/2024 03:00:00 - 14/06/2024 04:00:00,SCA|NO1,mFRR,Not Specified,Not Specified,MARGINAL,40.0,36.42
14/06/2024 04:00:00 - 14/06/2024 05:00:00,SCA|NO1,mFRR,Not Specified,Not Specified,MARGINAL,39.5,36.08
14/06/2024 05:00:00 - 14/06/2024 06:00:00,SCA|NO1,mFRR,Not Specified,Not Specified,MARGINAL,40.0,36.01
14/06/2024 06:00:00 - 14/06/2024 07:00:00,SCA|NO1,mFRR,Not Specified,Not Specified,MARGINAL,54.26,39.35
14/06/2024 07:00:00 - 14/06/2024 08:00:00,SCA|NO1,mFRR,Not Specified,Not Specified,MARGINAL,57.63,42.68
14/06/2024 08:00:00 - 14/06/2024 09:00:00,SCA|NO1,mFRR,Not Specified,Not Specified,MARGINAL,66.0,43.6
14/06/2024 09:00:00 - 14/06/2024 10:00:00,SCA|NO1,mFRR,Not Specified,Not Specified,MARGINAL,66.0,42.82
14/06/2024 10:00:00 - 14/06/2024 11:00:00,SCA|NO1,mFRR,Not Specified,Not Specified,MARGINAL,60.0,42.42
14/06/2024 11:00:00 - 14/06/2024 12:00:00,SCA|NO1,mFRR,Not Specified,Not Specified,MARGINAL,51.5,41.7
14/06/2024 12:00:00 - 14/06/2024 13:00:00,SCA|NO1,mFRR,Not Specified,Not Specified,MARGINAL,40.96,40.96
14/06/2024 13:00:00 - 14/06/2024 14:00:00,SCA|NO1,mFRR,Not Specified,Not Specified,MARGINAL,39.37,36.0
14/06/2024 14:00:00 - 14/06/2024 15:00:00,SCA|NO1,mFRR,Not Specified,Not Specified,MARGINAL,36.55,32.5
14/06/2024 15:00:00 - 14/06/2024 16:00:00,SCA|NO1,mFRR,Not Specified,Not Specified,MARGINAL,36.95,32.0
14/06/2024 16:00:00 - 14/06/2024 17:00:00,SCA|NO1,mFRR,Not Specified,Not Specified,MARGINAL,39.25,34.0
14/06/2024 17:00:00 - 14/06/2024 18:00:00,SCA|NO1,mFRR,Not Specified,Not Specified,MARGINAL,39.5,34.0
14/06/2024 18:00:00 - 14/06/2024 19:00:00,SCA|NO1,mFRR,Not Specified,Not Specified,MARGINAL,52.5,39.58
14/06/2024 19:00:00 - 14/06/2024 20:00:00,SCA|NO1,mFRR,Not Specified,Not Specified,MARGINAL,39.54,33.19
14/06/2024 20:00:00 - 14/06/2024 21:00:00,SCA|NO1,mFRR,Not Specified,Not Specified,MARGINAL,38.42,32.53
14/06/2024 21:00:00 - 14/06/2024 22:00:00,SCA|NO1,mFRR,Not Specified,Not Specified,MARGINAL,37.3,33.5
14/06/2024 22:00:00 - 14/06/2024 23:00:00,SCA|NO1,mFRR,Not Specified,Not Specified,MARGINAL,36.8,33.14
14/06/2024 23:00:00 - 15/06/2024 00:00:00,SCA|NO1,mFRR,Not Specified,Not Specified,MARGINAL,36.63,33.5
15/06/2024 00:00:00 - 15/06/2024 01:00:00,SCA|NO1,mFRR,Not Specified,Not Specified,MARGINAL,36.43,36.43
15/06/2024 01:00:00 - 15/06/2024 02:00:00,SCA|NO1,mFRR,Not Specified,Not Specified,MARGINAL,38.0,36.33
15/06/2024 02:00:00 - 15/06/2024 03:00:00,SCA|NO1,mFRR,Not Specified,Not Specified,MARGINAL,39.0,31.66
15/06/2024 03:00:00 - 15/06/2024 04:00:00,SCA|NO1,mFRR,Not Specified,Not Specified,MARGINAL,38.0,28.86
15/06/2024 04:00:00 - 15/06/2024 05:00:00,SCA|NO1,mFRR,Not Specified,Not Specified,MARGINAL,38.0,22.51
15/06/2024 05:00:00 - 15/06/2024 06:00:00,SCA|NO1,mFRR,Not Specified,Not Specified,MARGINAL,29.0,10.04
15/06/2024 06:00:00 - 15/06/2024 07:00:00,SCA|NO1,mFRR,Not Specified,Not Specified,MARGINAL,22.0,1.79
15/06/2024 07:00:00 - 15/06/2024 08:00:00,SCA|NO1,mFRR,Not Specified,Not Specified,MARGINAL,22.5,0.24
15/06/2024 08:00:00 - 15/06/2024 09:00:00,SCA|NO1,mFRR,Not Specified,Not Specified,MARGINAL,18.0,0.0
15/06/2024 09:00:00 - 15/06/2024 10:00:00,SCA|NO1,mFRR,Not Specified,Not Specified,MARGINAL,-0.05,-0.05
15/06/2024 10:00:00 - 15/06/2024 11:00:00,SCA|NO1,mFRR,Not Specified,Not Specified,MARGINAL,-0.03,-0.03
15/06/2024 11:00:00 - 15/06/2024 12:00:00,SCA|NO1,mFRR,Not Specified,Not Specified,MARGINAL,-0.05,-0.05
15/06/2024 12:00:00 - 15/06/2024 13:00:00,SCA|NO1,mFRR,Not Specified,Not Specified,MARGINAL,-0.22,-0.22
15/06/2024 13:00:00 - 15/06/2024 14:00:00,SCA|NO1,mFRR,Not Specified,Not Specified,MARGINAL,-0.64,-0.64
15/06/2024 14:00:00 - 15/06/2024 15:00:00,SCA|NO1,mFRR,Not Specified,Not Specified,MARGINAL,-0.95,-0.95
15/06/2024 15:00:00 - 15/06/2024 16:00:00,SCA|NO1,mFRR,Not Specified,Not Specified,MARGINAL,4.42,-0.02
15/06/2024 16:00:00 - 15/06/2024 17:00:00,SCA|NO1,mFRR,Not Specified,Not Specified,MARGINAL,4.42,1.19
15/06/2024 17:00:00 - 15/06/2024 18:00:00,SCA|NO1,mFRR,Not Specified,Not Specified,MARGINAL,9.47,9.47
15/06/2024 18:00:00 - 15/06/2024 19:00:00,SCA|NO1,mFRR,Not Specified,Not Specified,MARGINAL,20.51,5.0
15/06/2024 19:00:00 - 15/06/2024 20:00:00,SCA|NO1,mFRR,Not Specified,Not Specified,MARGINAL,33.02,22.5
15/06/2024 20:00:00 - 15/06/2024 21:00:00,SCA|NO1,mFRR,Not Specified,Not Specified,MARGINAL,36.33,28.5
15/06/2024 21:00:00 - 15/06/2024 22:00:00,SCA|NO1,mFRR,Not Specified,Not Specified,MARGINAL,36.09,34.5
15/06/2024 22:00:00 - 15/06/2024 23:00:00,SCA|NO1,mFRR,Not Specified,Not Specified,MARGINAL,35.83,35.0
15/06/2024 23:00:00 - 16/06/2024 00:00:00,SCA|NO1,mFRR,Not Specified,Not Specified,MARGINAL,35.47,35.47
16/06/2024 00:00:00 - 16/06/2024 01:00:00,SCA|NO1,mFRR,Not Specified,Not Specified,MARGINAL,25.7,25.7
16/06/2024 01:00:00 - 16/06/2024 02:00:00,SCA|NO1,mFRR,Not Specified,Not Specified,MARGINAL,10.36,10.36
16/06/2024 02:00:00 - 16/06/2024 03:00:00,SCA|NO1,mFRR,Not Specified,Not Specified,MARGINAL,4.92,4.92
16/06/2024 03:00:00 - 16/06/2024 04:00:00,SCA|NO1,mFRR,Not Specified,Not Specified,MARGINAL,2.92,2.92
16/06/2024 04:00:00 - 16/06/2024 05:00:00,SCA|NO1,mFRR,Not Specified,Not Specified,MARGINAL,2.19,2.19
16/06/2024 05:00:00 - 16/06/2024 06:00:00,SCA|NO1,mFRR,Not Specified,Not Specified,MARGINAL,2.53,2.13
16/06/2024 06:00:00 - 16/06/2024 07:00:00,SCA|NO1,mFRR,Not Specified,Not Specified,MARGINAL,2.95,2.95
16/06/2024 07:00:00 - 16/06/2024 08:00:00,SCA|NO1,mFRR,Not Specified,Not Specified,MARGINAL,0.69,-1.0
16/06/2024 08:00:00 - 16/06/2024 09:00:00,SCA|NO1,mFRR,Not Specified,Not Specified,MARGINAL,-0.02,-1.0
16/06/2024 09:00:00 - 16/06/2024 10:00:00,SCA|NO1,mFRR,Not Specified,Not Specified,MARGINAL,-0.8,-1.0
16/06/2024 10:00:00 - 16/06/2024 11:00:00,SCA|NO1,mFRR,Not Specified,Not Specified,MARGINAL,-0.58,-1.0
16/06/2024 11:00:00 - 16/06/2024 12:00:00,SCA|NO1,mFRR,Not Specified,Not Specified,MARGINAL,-0.59,-1.0
16/06/2024 12:00:00 - 16/06/2024 13:00:00,SCA|NO1,mFRR,Not Specified,Not Specified,MARGINAL,-0.89,-1.0
16/06/2024 13:00:00 - 16/06/2024 14:00:00,SCA|NO1,mFRR,Not Specified,Not Specified,MARGINAL,-0.8,-2.0
16/06/2024 14:00:00 - 16/06/2024 15:00:00,SCA|NO1,mFRR,Not Specified,Not Specified,MARGINAL,-0.11,-3.0
16/06/2024 15:00:00 - 16/06/2024 16:00:00,SCA|NO1,mFRR,Not Specified,Not Specified,MARGINAL,0.0,-3.0
16/06/2024 16:00:00 - 16/06/2024 17:00:00,SCA|NO1,mFRR,Not Specified,Not Specified,MARGINAL,6.7,-2.0
16/06/2024 17:00:00 - 16/06/2024 18:00:00,SCA|NO1,mFRR,Not Specified,Not Specified,MARGINAL,26.34,11.0
16/06/2024 18:00:00 - 16/06/2024 19:00:00,SCA|NO1,mFRR,Not Specified,Not Specified,MARGINAL,35.07,30.0
16/06/2024 19:00:00 - 16/06/2024 20:00:00,SCA|NO1,mFRR,Not Specified,Not Specified,MARGINAL,40.0,37.85
16/06/2024 20:00:00 - 16/06/2024 21:00:00,SCA|NO1,mFRR,Not Specified,Not Specified,MARGINAL,40.0,37.63
16/06/2024 21:00:00 - 16/06/2024 22:00:00,SCA|NO1,mFRR,Not Specified,Not Specified,MARGINAL,40.0,37.09
16/06/2024 22:00:00 - 16/06/2024 23:00:00,SCA|NO1,mFRR,Not Specified,Not Specified,MARGINAL,40.0,36.63
16/06/2024 23:00:00 - 17/06/2024 00:00:00,SCA|NO1,mFRR,Not Specified,Not Specified,MARGINAL,36.26,33.5
17/06/2024 00:00:00 - 17/06/2024 01:00:00,SCA|NO1,mFRR,Not Specified,Not Specified,MARGINAL,35.39,33.5
17/06/2024 01:00:00 - 17/06/2024 02:00:00,SCA|NO1,mFRR,Not Specified,Not Specified,MARGINAL,35.19,32.0
17/06/2024 02:00:00 - 17/06/2024 03:00:00,SCA|NO1,mFRR,Not Specified,Not Specified,MARGINAL,35.05,33.0
17/06/2024 03:00:00 - 17/06/2024 04:00:00,SCA|NO1,mFRR,Not Specified,Not Specified,MARGINAL,34.99,30.29
17/06/2024 04:00:00 - 17/06/2024 05:00:00,SCA|NO1,mFRR,Not Specified,Not Specified,MARGINAL,34.4,31.68
17/06/2024 05:00:00 - 17/06/2024 06:00:00,SCA|NO1,mFRR,Not Specified,Not Specified,MARGINAL,35.0,35.0
17/06/2024 06:00:00 - 17/06/2024 07:00:00,SCA|NO1,mFRR,Not Specified,Not Specified,MARGINAL,39.58,39.58
17/06/2024 07:00:00 - 17/06/2024 08:00:00,SCA|NO1,mFRR,Not Specified,Not Specified,MARGINAL,72.05,72.05
17/06/2024 08:00:00 - 17/06/2024 09:00:00,SCA|NO1,mFRR,Not Specified,Not Specified,MARGINAL,107.41,107.41
17/06/2024 09:00:00 - 17/06/2024 10:00:00,SCA|NO1,mFRR,Not Specified,Not Specified,MARGINAL,82.1,82.1
17/06/2024 10:00:00 - 17/06/2024 11:00:00,SCA|NO1,mFRR,Not Specified,Not Specified,MARGINAL,60.18,60.18
17/06/2024 11:00:00 - 17/06/2024 12:00:00,SCA|NO1,mFRR,Not Specified,Not Specified,MARGINAL,46.95,46.95
17/06/2024 12:00:00 - 17/06/2024 13:00:00,SCA|NO1,mFRR,Not Specified,Not Specified,MARGINAL,40.56,40.56
17/06/2024 13:00:00 - 17/06/2024 14:00:00,SCA|NO1,mFRR,Not Specified,Not Specified,MARGINAL,38.79,34.0
17/06/2024 14:00:00 - 17/06/2024 15:00:00,SCA|NO1,mFRR,Not Specified,Not Specified,MARGINAL,40.35,31.5
17/06/2024 15:00:00 - 17/06/2024 16:00:00,SCA|NO1,mFRR,Not Specified,Not Specified,MARGINAL,44.82,31.5
17/06/2024 16:00:00 - 17/06/2024 17:00:00,SCA|NO1,mFRR,Not Specified,Not Specified,MARGINAL,52.34,33.0
17/06/2024 17:00:00 - 17/06/2024 18:00:00,SCA|NO1,mFRR,Not Specified,Not Specified,MARGINAL,80.1,37.0
17/06/2024 18:00:00 - 17/06/2024 19:00:00,SCA|NO1,mFRR,Not Specified,Not Specified,MARGINAL,104.71,104.71
17/06/2024 19:00:00 - 17/06/2024 20:00:00,SCA|NO1,mFRR,Not Specified,Not Specified,MARGINAL,134.97,134.97
17/06/2024 20:00:00 - 17/06/2024 21:00:00,SCA|NO1,mFRR,Not Specified,Not Specified,MARGINAL,47.98,47.98
17/06/2024 21:00:00 - 17/06/2024 22:00:00,SCA|NO1,mFRR,Not Specified,Not Specified,MARGINAL,42.85,41.02
17/06/2024 22:00:00 - 17/06/2024 23:00:00,SCA|NO1,mFRR,Not Specified,Not Specified,MARGINAL,42.5,39.64
17/06/2024 23:00:00 - 18/06/2024 00:00:00,SCA|NO1,mFRR,Not Specified,Not Specified,MARGINAL,47.39,36.72
18/06/2024 00:00:00 - 18/06/2024 01:00:00,SCA|NO1,mFRR,Not Specified,Not Specified,MARGINAL,45.0,35.52
18/06/2024 01:00:00 - 18/06/2024 02:00:00,SCA|NO1,mFRR,Not Specified,Not Specified,MARGINAL,35.05,35.05
18/06/2024 02:00:00 - 18/06/2024 03:00:00,SCA|NO1,mFRR,Not Specified,Not Specified,MARGINAL,35.08,35.08
18/06/2024 03:00:00 - 18/06/2024 04:00:00,SCA|NO1,mFRR,Not Specified,Not Specified,MARGINAL,35.12,34.0
18/06/2024 04:00:00 - 18/06/2024 05:00:00,SCA|NO1,mFRR,Not Specified,Not Specified,MARGINAL,35.51,33.0
18/06/2024 05:00:00 - 18/06/2024 06:00:00,SCA|NO1,mFRR,Not Specified,Not Specified,MARGINAL,38.68,33.0
18/06/2024 06:00:00 - 18/06/2024 07:00:00,SCA|NO1,mFRR,Not Specified,Not Specified,MARGINAL,47.0,39.53
18/06/2024 07:00:00 - 18/06/2024 08:00:00,SCA|NO1,mFRR,Not Specified,Not Specified,MARGINAL,49.0,48.91
18/06/2024 08:00:00 - 18/06/2024 09:00:00,SCA|NO1,mFRR,Not Specified,Not Specified,MARGINAL,92.99,92.99
18/06/2024 09:00:00 - 18/06/2024 10:00:00,SCA|NO1,mFRR,Not Specified,Not Specified,MARGINAL,75.38,75.38
18/06/2024 10:00:00 - 18/06/2024 11:00:00,SCA|NO1,mFRR,Not Specified,Not Specified,MARGINAL,59.97,59.97
18/06/2024 11:00:00 - 18/06/2024 12:00:00,SCA|NO1,mFRR,Not Specified,Not Specified,MARGINAL,45.0,42.89
18/06/2024 12:00:00 - 18/06/2024 13:00:00,SCA|NO1,mFRR,Not Specified,Not Specified,MARGINAL,49.0,42.48
18/06/2024 13:00:00 - 18/06/2024 14:00:00,SCA|NO1,mFRR,Not Specified,Not Specified,MARGINAL,40.0,39.83
18/06/2024 14:00:00 - 18/06/2024 15:00:00,SCA|NO1,mFRR,Not Specified,Not Specified,MARGINAL,45.0,39.26
18/06/2024 15:00:00 - 18/06/2024 16:00:00,SCA|NO1,mFRR,Not Specified,Not Specified,MARGINAL,46.37,38.5
18/06/2024 16:00:00 - 18/06/2024 17:00:00,SCA|NO1,mFRR,Not Specified,Not Specified,MARGINAL,46.49,37.72
18/06/2024 17:00:00 - 18/06/2024 18:00:00,SCA|NO1,mFRR,Not Specified,Not Specified,MARGINAL,39.02,39.02
18/06/2024 18:00:00 - 18/06/2024 19:00:00,SCA|NO1,mFRR,Not Specified,Not Specified,MARGINAL,39.66,39.66
18/06/2024 19:00:00 - 18/06/2024 20:00:00,SCA|NO1,mFRR,Not Specified,Not Specified,MARGINAL,44.46,39.65
18/06/2024 20:00:00 - 18/06/2024 21:00:00,SCA|NO1,mFRR,Not Specified,Not Specified,MARGINAL,39.18,39.18
18/06/2024 21:00:00 - 18/06/2024 22:00:00,SCA|NO1,mFRR,Not Specified,Not Specified,MARGINAL,37.24,37.24
18/06/2024 22:00:00 - 18/06/2024 23:00:00,SCA|NO1,mFRR,Not Specified,Not Specified,MARGINAL,35.84,32.5
18/06/2024 23:00:00 - 19/06/2024 00:00:00,SCA|NO1,mFRR,Not Specified,Not Specified,MARGINAL,35.75,31.0
19/06/2024 00:00:00 - 19/06/2024 01:00:00,SCA|NO1,mFRR,Not Specified,Not Specified,MARGINAL,35.96,31.5
19/06/2024 01:00:00 - 19/06/2024 02:00:00,SCA|NO1,mFRR,Not Specified,Not Specified,MARGINAL,35.52,31.5
19/06/2024 02:00:00 - 19/06/2024 03:00:00,SCA|NO1,mFRR,Not Specified,Not Specified,MARGINAL,35.22,31.5
19/06/2024 03:00:00 - 19/06/2024 04:00:00,SCA|NO1,mFRR,Not Specified,Not Specified,MARGINAL,35.09,31.5
19/06/2024 04:00:00 - 19/06/2024 05:00:00,SCA|NO1,mFRR,Not Specified,Not Specified,MARGINAL,35.19,31.5
19/06/2024 05:00:00 - 19/06/2024 06:00:00,SCA|NO1,mFRR,Not Specified,Not Specified,MARGINAL,35.2,34.0
19/06/2024 06:00:00 - 19/06/2024 07:00:00,SCA|NO1,mFRR,Not Specified,Not Specified,MARGINAL,42.0,34.0
19/06/2024 07:00:00 - 19/06/2024 08:00:00,SCA|NO1,mFRR,Not Specified,Not Specified,MARGINAL,108.55,108.55
19/06/2024 08:00:00 - 19/06/2024 09:00:00,SCA|NO1,mFRR,Not Specified,Not Specified,MARGINAL,100.9,35.0
19/06/2024 09:00:00 - 19/06/2024 10:00:00,SCA|NO1,mFRR,Not Specified,Not Specified,MARGINAL,76.19,34.0
19/06/2024 10:00:00 - 19/06/2024 11:00:00,SCA|NO1,mFRR,Not Specified,Not Specified,MARGINAL,53.33,32.0
19/06/2024 11:00:00 - 19/06/2024 12:00:00,SCA|NO1,mFRR,Not Specified,Not Specified,MARGINAL,44.48,25.0
19/06/2024 12:00:00 - 19/06/2024 13:00:00,SCA|NO1,mFRR,Not Specified,Not Specified,MARGINAL,40.13,25.0
19/06/2024 13:00:00 - 19/06/2024 14:00:00,SCA|NO1,mFRR,Not Specified,Not Specified,MARGINAL,34.56,24.9
19/06/2024 14:00:00 - 19/06/2024 15:00:00,SCA|NO1,mFRR,Not Specified,Not Specified,MARGINAL,21.87,12.0
19/06/2024 15:00:00 - 19/06/2024 16:00:00,SCA|NO1,mFRR,Not Specified,Not Specified,MARGINAL,18.95,10.0
19/06/2024 16:00:00 - 19/06/2024 17:00:00,SCA|NO1,mFRR,Not Specified,Not Specified,MARGINAL,28.94,4.0
19/06/2024 17:00:00 - 19/06/2024 18:00:00,SCA|NO1,mFRR,Not Specified,Not Specified,MARGINAL,35.52,17.0
19/06/2024 18:00:00 - 19/06/2024 19:00:00,SCA|NO1,mFRR,Not Specified,Not Specified,MARGINAL,37.09,20.5
19/06/2024 19:00:00 - 19/06/2024 20:00:00,SCA|NO1,mFRR,Not Specified,Not Specified,MARGINAL,38.48,29.0
19/06/2024 20:00:00 - 19/06/2024 21:00:00,SCA|NO1,mFRR,Not Specified,Not Specified,MARGINAL,43.01,30.5
19/06/2024 21:00:00 - 19/06/2024 22:00:00,SCA|NO1,mFRR,Not Specified,Not Specified,MARGINAL,40.01,40.01
19/06/2024 22:00:00 - 19/06/2024 23:00:00,SCA|NO1,mFRR,Not Specified,Not Specified,MARGINAL,40.0,39.57
19/06/2024 23:00:00 - 20/06/2024 00:00:00,SCA|NO1,mFRR,Not Specified,Not Specified,MARGINAL,38.62,38.62
20/06/2024 00:00:00 - 20/06/2024 01:00:00,SCA|NO1,mFRR,Not Specified,Not Specified,MARGINAL,37.15,36.87
20/06/2024 01:00:00 - 20/06/2024 02:00:00,SCA|NO1,mFRR,Not Specified,Not Specified,MARGINAL,36.84,36.84
20/06/2024 02:00:00 - 20/06/2024 03:00:00,SCA|NO1,mFRR,Not Specified,Not Specified,MARGINAL,36.5,36.5
20/06/2024 03:00:00 - 20/06/2024 04:00:00,SCA|NO1,mFRR,Not Specified,Not Specified,MARGINAL,36.22,36.22
20/06/2024 04:00:00 - 20/06/2024 05:00:00,SCA|NO1,mFRR,Not Specified,Not Specified,MARGINAL,36.09,26.68
20/06/2024 05:00:00 - 20/06/2024 06:00:00,SCA|NO1,mFRR,Not Specified,Not Specified,MARGINAL,36.12,20.11
20/06/2024 06:00:00 - 20/06/2024 07:00:00,SCA|NO1,mFRR,Not Specified,Not Specified,MARGINAL,36.41,36.41
20/06/2024 07:00:00 - 20/06/2024 08:00:00,SCA|NO1,mFRR,Not Specified,Not Specified,MARGINAL,41.2,41.2
20/06/2024 08:00:00 - 20/06/2024 09:00:00,SCA|NO1,mFRR,Not Specified,Not Specified,MARGINAL,69.31,69.31
20/06/2024 09:00:00 - 20/06/2024 10:00:00,SCA|NO1,mFRR,Not Specified,Not Specified,MARGINAL,60.02,46.0
20/06/2024 10:00:00 - 20/06/2024 11:00:00,SCA|NO1,mFRR,Not Specified,Not Specified,MARGINAL,53.79,45.0
20/06/2024 11:00:00 - 20/06/2024 12:00:00,SCA|NO1,mFRR,Not Specified,Not Specified,MARGINAL,53.72,33.0
20/06/2024 12:00:00 - 20/06/2024 13:00:00,SCA|NO1,mFRR,Not Specified,Not Specified,MARGINAL,53.74,33.0
20/06/2024 13:00:00 - 20/06/2024 14:00:00,SCA|NO1,mFRR,Not Specified,Not Specified,MARGINAL,45.86,45.86
20/06/2024 14:00:00 - 20/06/2024 15:00:00,SCA|NO1,mFRR,Not Specified,Not Specified,MARGINAL,41.98,41.98
20/06/2024 15:00:00 - 20/06/2024 16:00:00,SCA|NO1,mFRR,Not Specified,Not Specified,MARGINAL,40.73,40.73
20/06/2024 16:00:00 - 20/06/2024 17:00:00,SCA|NO1,mFRR,Not Specified,Not Specified,MARGINAL,41.05,34.5
20/06/2024 17:00:00 - 20/06/2024 18:00:00,SCA|NO1,mFRR,Not Specified,Not Specified,MARGINAL,41.75,33.0
20/06/2024 18:00:00 - 20/06/2024 19:00:00,SCA|NO1,mFRR,Not Specified,Not Specified,MARGINAL,41.99,32.5
20/06/2024 19:00:00 - 20/06/2024 20:00:00,SCA|NO1,mFRR,Not Specified,Not Specified,MARGINAL,41.96,32.0
20/06/2024 20:00:00 - 20/06/2024 21:00:00,SCA|NO1,mFRR,Not Specified,Not Specified,MARGINAL,41.72,41.72
20/06/2024 21:00:00 - 20/06/2024 22:00:00,SCA|NO1,mFRR,Not Specified,Not Specified,MARGINAL,41.0,41.0
20/06/2024 22:00:00 - 20/06/2024 23:00:00,SCA|NO1,mFRR,Not Specified,Not Specified,MARGINAL,40.52,40.52
20/06/2024 23:00:00 - 21/06/2024 00:00:00,SCA|NO1,mFRR,Not Specified,Not Specified,MARGINAL,37.97,37.97
21/06/2024 00:00:00 - 21/06/2024 01:00:00,SCA|NO1,mFRR,Not Specified,Not Specified,MARGINAL,39.22,32.0
21/06/2024 01:00:00 - 21/06/2024 02:00:00,SCA|NO1,mFRR,Not Specified,Not Specified,MARGINAL,38.76,32.0
21/06/2024 02:00:00 - 21/06/2024 03:00:00,SCA|NO1,mFRR,Not Specified,Not Specified,MARGINAL,38.43,32.0
21/06/2024 03:00:00 - 21/06/2024 04:00:00,SCA|NO1,mFRR,Not Specified,Not Specified,MARGINAL,38.2,32.0
21/06/2024 04:00:00 - 21/06/2024 05:00:00,SCA|NO1,mFRR,Not Specified,Not Specified,MARGINAL,38.04,33.5
21/06/2024 05:00:00 - 21/06/2024 06:00:00,SCA|NO1,mFRR,Not Specified,Not Specified,MARGINAL,38.14,38.14
21/06/2024 06:00:00 - 21/06/2024 07:00:00,SCA|NO1,mFRR,Not Specified,Not Specified,MARGINAL,38.88,38.88
21/06/2024 07:00:00 - 21/06/2024 08:00:00,SCA|NO1,mFRR,Not Specified,Not Specified,MARGINAL,39.48,39.48
21/06/2024 08:00:00 - 21/06/2024 09:00:00,SCA|NO1,mFRR,Not Specified,Not Specified,MARGINAL,40.28,33.5
21/06/2024 09:00:00 - 21/06/2024 10:00:00,SCA|NO1,mFRR,Not Specified,Not Specified,MARGINAL,40.66,33.5
21/06/2024 10:00:00 - 21/06/2024 11:00:00,SCA|NO1,mFRR,Not Specified,Not Specified,MARGINAL,40.56,33.5
21/06/2024 11:00:00 - 21/06/2024 12:00:00,SCA|NO1,mFRR,Not Specified,Not Specified,MARGINAL,39.44,34.5
21/06/2024 12:00:00 - 21/06/2024 13:00:00,SCA|NO1,mFRR,Not Specified,Not Specified,MARGINAL,39.56,34.5
21/06/2024 13:00:00 - 21/06/2024 14:00:00,SCA|NO1,mFRR,Not Specified,Not Specified,MARGINAL,39.57,35.0
21/06/2024 14:00:00 - 21/06/2024 15:00:00,SCA|NO1,mFRR,Not Specified,Not Specified,MARGINAL,39.32,34.5
21/06/2024 15:00:00 - 21/06/2024 16:00:00,SCA|NO1,mFRR,Not Specified,Not Specified,MARGINAL,39.28,36.0
21/06/2024 16:00:00 - 21/06/2024 17:00:00,SCA|NO1,mFRR,Not Specified,Not Specified,MARGINAL,37.93,37.0
21/06/2024 17:00:00 - 21/06/2024 18:00:00,SCA|NO1,mFRR,Not Specified,Not Specified,MARGINAL,38.04,38.04
21/06/2024 18:00:00 - 21/06/2024 19:00:00,SCA|NO1,mFRR,Not Specified,Not Specified,MARGINAL,37.82,37.82
21/06/2024 19:00:00 - 21/06/2024 20:00:00,SCA|NO1,mFRR,Not Specified,Not Specified,MARGINAL,37.73,37.73
21/06/2024 20:00:00 - 21/06/2024 21:00:00,SCA|NO1,mFRR,Not Specified,Not Specified,MARGINAL,37.48,37.48
21/06/2024 21:00:00 - 21/06/2024 22:00:00,SCA|NO1,mFRR,Not Specified,Not Specified,MARGINAL,42.5,37.45
21/06/2024 22:00:00 - 21/06/2024 23:00:00,SCA|NO1,mFRR,Not Specified,Not Specified,MARGINAL,42.5,37.25
21/06/2024 23:00:00 - 22/06/2024 00:00:00,SCA|NO1,mFRR,Not Specified,Not Specified,MARGINAL,41.0,36.9
22/06/2024 00:00:00 - 22/06/2024 01:00:00,SCA|NO1,mFRR,Not Specified,Not Specified,MARGINAL,45.0,37.9
22/06/2024 01:00:00 - 22/06/2024 02:00:00,SCA|NO1,mFRR,Not Specified,Not Specified,MARGINAL,44.0,37.9
22/06/2024 02:00:00 - 22/06/2024 03:00:00,SCA|NO1,mFRR,Not Specified,Not Specified,MARGINAL,44.0,37.62
22/06/2024 03:00:00 - 22/06/2024 04:00:00,SCA|NO1,mFRR,Not Specified,Not Specified,MARGINAL,37.46,34.0
22/06/2024 04:00:00 - 22/06/2024 05:00:00,SCA|NO1,mFRR,Not Specified,Not Specified,MARGINAL,37.32,22.0
22/06/2024 05:00:00 - 22/06/2024 06:00:00,SCA|NO1,mFRR,Not Specified,Not Specified,MARGINAL,37.12,20.0
22/06/2024 06:00:00 - 22/06/2024 07:00:00,SCA|NO1,mFRR,Not Specified,Not Specified,MARGINAL,37.12,15.5
22/06/2024 07:00:00 - 22/06/2024 08:00:00,SCA|NO1,mFRR,Not Specified,Not Specified,MARGINAL,37.12,23.0
22/06/2024 08:00:00 - 22/06/2024 09:00:00,SCA|NO1,mFRR,Not Specified,Not Specified,MARGINAL,37.48,25.0
22/06/2024 09:00:00 - 22/06/2024 10:00:00,SCA|NO1,mFRR,Not Specified,Not Specified,MARGINAL,34.8,15.0
22/06/2024 10:00:00 - 22/06/2024 11:00:00,SCA|NO1,mFRR,Not Specified,Not Specified,MARGINAL,16.89,0.0
22/06/2024 11:00:00 - 22/06/2024 12:00:00,SCA|NO1,mFRR,Not Specified,Not Specified,MARGINAL,3.69,0.0
22/06/2024 12:00:00 - 22/06/2024 13:00:00,SCA|NO1,mFRR,Not Specified,Not Specified,MARGINAL,2.72,-2.5
22/06/2024 13:00:00 - 22/06/2024 14:00:00,SCA|NO1,mFRR,Not Specified,Not Specified,MARGINAL,0.1,-4.5
22/06/2024 14:00:00 - 22/06/2024 15:00:00,SCA|NO1,mFRR,Not Specified,Not Specified,MARGINAL,0.22,-5.0
22/06/2024 15:00:00 - 22/06/2024 16:00:00,SCA|NO1,mFRR,Not Specified,Not Specified,MARGINAL,3.7,-5.0
22/06/2024 16:00:00 - 22/06/2024 17:00:00,SCA|NO1,mFRR,Not Specified,Not Specified,MARGINAL,32.97,0.0
22/06/2024 17:00:00 - 22/06/2024 18:00:00,SCA|NO1,mFRR,Not Specified,Not Specified,MARGINAL,36.71,36.71
22/06/2024 18:00:00 - 22/06/2024 19:00:00,SCA|NO1,mFRR,Not Specified,Not Specified,MARGINAL,38.24,38.24
22/06/2024 19:00:00 - 22/06/2024 20:00:00,SCA|NO1,mFRR,Not Specified,Not Specified,MARGINAL,38.06,38.06
22/06/2024 20:00:00 - 22/06/2024 21:00:00,SCA|NO1,mFRR,Not Specified,Not Specified,MARGINAL,37.96,37.96
22/06/2024 21:00:00 - 22/06/2024 22:00:00,SCA|NO1,mFRR,Not Specified,Not Specified,MARGINAL,37.86,37.86
22/06/2024 22:00:00 - 22/06/2024 23:00:00,SCA|NO1,mFRR,Not Specified,Not Specified,MARGINAL,37.63,37.63
22/06/2024 23:00:00 - 23/06/2024 00:00:00,SCA|NO1,mFRR,Not Specified,Not Specified,MARGINAL,37.36,33.5
23/06/2024 00:00:00 - 23/06/2024 01:00:00,SCA|NO1,mFRR,Not Specified,Not Specified,MARGINAL,39.4,33.5
23/06/2024 01:00:00 - 23/06/2024 02:00:00,SCA|NO1,mFRR,Not Specified,Not Specified,MARGINAL,39.3,19.0
23/06/2024 02:00:00 - 23/06/2024 03:00:00,SCA|NO1,mFRR,Not Specified,Not Specified,MARGINAL,39.19,3.0
23/06/2024 03:00:00 - 23/06/2024 04:00:00,SCA|NO1,mFRR,Not Specified,Not Specified,MARGINAL,39.03,-1.0
23/06/2024 04:00:00 - 23/06/2024 05:00:00,SCA|NO1,mFRR,Not Specified,Not Specified,MARGINAL,38.9,-5.58
23/06/2024 05:00:00 - 23/06/2024 06:00:00,SCA|NO1,mFRR,Not Specified,Not Specified,MARGINAL,38.69,-5.57
23/06/2024 06:00:00 - 23/06/2024 07:00:00,SCA|NO1,mFRR,Not Specified,Not Specified,MARGINAL,38.57,-5.54
23/06/2024 07:00:00 - 23/06/2024 08:00:00,SCA|NO1,mFRR,Not Specified,Not Specified,MARGINAL,36.15,1.0
23/06/2024 08:00:00 - 23/06/2024 09:00:00,SCA|NO1,mFRR,Not Specified,Not Specified,MARGINAL,29.97,-4.0
23/06/2024 09:00:00 - 23/06/2024 10:00:00,SCA|NO1,mFRR,Not Specified,Not Specified,MARGINAL,9.94,-4.0
23/06/2024 10:00:00 - 23/06/2024 11:00:00,SCA|NO1,mFRR,Not Specified,Not Specified,MARGINAL,4.07,-1.0
23/06/2024 11:00:00 - 23/06/2024 12:00:00,SCA|NO1,mFRR,Not Specified,Not Specified,MARGINAL,18.0,1.6
23/06/2024 12:00:00 - 23/06/2024 13:00:00,SCA|NO1,mFRR,Not Specified,Not Specified,MARGINAL,7.0,-0.5
23/06/2024 13:00:00 - 23/06/2024 14:00:00,SCA|NO1,mFRR,Not Specified,Not Specified,MARGINAL,0.44,-0.5
23/06/2024 14:00:00 - 23/06/2024 15:00:00,SCA|NO1,mFRR,Not Specified,Not Specified,MARGINAL,0.09,-0.5
23/06/2024 15:00:00 - 23/06/2024 16:00:00,SCA|NO1,mFRR,Not Specified,Not Specified,MARGINAL,1.74,-0.5
23/06/2024 16:00:00 - 23/06/2024 17:00:00,SCA|NO1,mFRR,Not Specified,Not Specified,MARGINAL,14.05,0.0
23/06/2024 17:00:00 - 23/06/2024 18:00:00,SCA|NO1,mFRR,Not Specified,Not Specified,MARGINAL,35.46,9.0
23/06/2024 18:00:00 - 23/06/2024 19:00:00,SCA|NO1,mFRR,Not Specified,Not Specified,MARGINAL,39.19,23.0
23/06/2024 19:00:00 - 23/06/2024 20:00:00,SCA|NO1,mFRR,Not Specified,Not Specified,MARGINAL,39.27,28.0
23/06/2024 20:00:00 - 23/06/2024 21:00:00,SCA|NO1,mFRR,Not Specified,Not Specified,MARGINAL,39.35,25.5
23/06/2024 21:00:00 - 23/06/2024 22:00:00,SCA|NO1,mFRR,Not Specified,Not Specified,MARGINAL,39.19,39.19
23/06/2024 22:00:00 - 23/06/2024 23:00:00,SCA|NO1,mFRR,Not Specified,Not Specified,MARGINAL,39.09,21.0
23/06/2024 23:00:00 - 24/06/2024 00:00:00,SCA|NO1,mFRR,Not Specified,Not Specified,MARGINAL,38.83,16.0
24/06/2024 00:00:00 - 24/06/2024 01:00:00,SCA|NO1,mFRR,Not Specified,Not Specified,MARGINAL,38.68,0.5
24/06/2024 01:00:00 - 24/06/2024 02:00:00,SCA|NO1,mFRR,Not Specified,Not Specified,MARGINAL,38.33,0.0
24/06/2024 02:00:00 - 24/06/2024 03:00:00,SCA|NO1,mFRR,Not Specified,Not Specified,MARGINAL,38.08,38.08
24/06/2024 03:00:00 - 24/06/2024 04:00:00,SCA|NO1,mFRR,Not Specified,Not Specified,MARGINAL,38.04,38.04
24/06/2024 04:00:00 - 24/06/2024 05:00:00,SCA|NO1,mFRR,Not Specified,Not Specified,MARGINAL,37.94,37.94
24/06/2024 05:00:00 - 24/06/2024 06:00:00,SCA|NO1,mFRR,Not Specified,Not Specified,MARGINAL,37.56,37.56
24/06/2024 06:00:00 - 24/06/2024 07:00:00,SCA|NO1,mFRR,Not Specified,Not Specified,MARGINAL,37.24,2.0
24/06/2024 07:00:00 - 24/06/2024 08:00:00,SCA|NO1,mFRR,Not Specified,Not Specified,MARGINAL,47.0,38.04
24/06/2024 08:00:00 - 24/06/2024 09:00:00,SCA|NO1,mFRR,Not Specified,Not Specified,MARGINAL,47.0,39.15
24/06/2024 09:00:00 - 24/06/2024 10:00:00,SCA|NO1,mFRR,Not Specified,Not Specified,MARGINAL,47.0,38.86
24/06/2024 10:00:00 - 24/06/2024 11:00:00,SCA|NO1,mFRR,Not Specified,Not Specified,MARGINAL,47.0,38.43
24/06/2024 11:00:00 - 24/06/2024 12:00:00,SCA|NO1,mFRR,Not Specified,Not Specified,MARGINAL,45.5,37.17
24/06/2024 12:00:00 - 24/06/2024 13:00:00,SCA|NO1,mFRR,Not Specified,Not Specified,MARGINAL,37.0,32.19
24/06/2024 13:00:00 - 24/06/2024 14:00:00,SCA|NO1,mFRR,Not Specified,Not Specified,MARGINAL,37.0,29.96
24/06/2024 14:00:00 - 24/06/2024 15:00:00,SCA|NO1,mFRR,Not Specified,Not Specified,MARGINAL,37.0,28.0
24/06/2024 15:00:00 - 24/06/2024 16:00:00,SCA|NO1,mFRR,Not Specified,Not Specified,MARGINAL,36.83,30.0
24/06/2024 16:00:00 - 24/06/2024 17:00:00,SCA|NO1,mFRR,Not Specified,Not Specified,MARGINAL,37.12,30.0
24/06/2024 17:00:00 - 24/06/2024 18:00:00,SCA|NO1,mFRR,Not Specified,Not Specified,MARGINAL,37.62,34.5
24/06/2024 18:00:00 - 24/06/2024 19:00:00,SCA|NO1,mFRR,Not Specified,Not Specified,MARGINAL,37.13,37.13
24/06/2024 19:00:00 - 24/06/2024 20:00:00,SCA|NO1,mFRR,Not Specified,Not Specified,MARGINAL,41.0,37.0
24/06/2024 20:00:00 - 24/06/2024 21:00:00,SCA|NO1,mFRR,Not Specified,Not Specified,MARGINAL,47.5,37.93
24/06/2024 21:00:00 - 24/06/2024 22:00:00,SCA|NO1,mFRR,Not Specified,Not Specified,MARGINAL,48.5,37.52
24/06/2024 22:00:00 - 24/06/2024 23:00:00,SCA|NO1,mFRR,Not Specified,Not Specified,MARGINAL,47.5,37.33
24/06/2024 23:00:00 - 25/06/2024 00:00:00,SCA|NO1,mFRR,Not Specified,Not Specified,MARGINAL,47.5,36.71
25/06/2024 00:00:00 - 25/06/2024 01:00:00,SCA|NO1,mFRR,Not Specified,Not Specified,MARGINAL,32.41,32.41
25/06/2024 01:00:00 - 25/06/2024 02:00:00,SCA|NO1,mFRR,Not Specified,Not Specified,MARGINAL,32.09,32.09
25/06/2024 02:00:00 - 25/06/2024 03:00:00,SCA|NO1,mFRR,Not Specified,Not Specified,MARGINAL,30.86,30.86
25/06/2024 03:00:00 - 25/06/2024 04:00:00,SCA|NO1,mFRR,Not Specified,Not Specified,MARGINAL,30.17,30.17
25/06/2024 04:00:00 - 25/06/2024 05:00:00,SCA|NO1,mFRR,Not Specified,Not Specified,MARGINAL,30.17,30.17
25/06/2024 05:00:00 - 25/06/2024 06:00:00,SCA|NO1,mFRR,Not Specified,Not Specified,MARGINAL,31.02,31.02
25/06/2024 06:00:00 - 25/06/2024 07:00:00,SCA|NO1,mFRR,Not Specified,Not Specified,MARGINAL,34.36,34.36
25/06/2024 07:00:00 - 25/06/2024 08:00:00,SCA|NO1,mFRR,Not Specified,Not Specified,MARGINAL,36.45,36.45
25/06/2024 08:00:00 - 25/06/2024 09:00:00,SCA|NO1,mFRR,Not Specified,Not Specified,MARGINAL,37.27,37.27
25/06/2024 09:00:00 - 25/06/2024 10:00:00,SCA|NO1,mFRR,Not Specified,Not Specified,MARGINAL,36.77,33.0
25/06/2024 10:00:00 - 25/06/2024 11:00:00,SCA|NO1,mFRR,Not Specified,Not Specified,MARGINAL,34.26,31.26
25/06/2024 11:00:00 - 25/06/2024 12:00:00,SCA|NO1,mFRR,Not Specified,Not Specified,MARGINAL,28.38,28.38
25/06/2024 12:00:00 - 25/06/2024 13:00:00,SCA|NO1,mFRR,Not Specified,Not Specified,MARGINAL,26.1,0.5
25/06/2024 13:00:00 - 25/06/2024 14:00:00,SCA|NO1,mFRR,Not Specified,Not Specified,MARGINAL,22.08,-3.89
25/06/2024 14:00:00 - 25/06/2024 15:00:00,SCA|NO1,mFRR,Not Specified,Not Specified,MARGINAL,22.77,-6.7
25/06/2024 15:00:00 - 25/06/2024 16:00:00,SCA|NO1,mFRR,Not Specified,Not Specified,MARGINAL,25.95,-6.7
25/06/2024 16:00:00 - 25/06/2024 17:00:00,SCA|NO1,mFRR,Not Specified,Not Specified,MARGINAL,60.0,3.0
25/06/2024 17:00:00 - 25/06/2024 18:00:00,SCA|NO1,mFRR,Not Specified,Not Specified,MARGINAL,68.0,34.52
25/06/2024 18:00:00 - 25/06/2024 19:00:00,SCA|NO1,mFRR,Not Specified,Not Specified,MARGINAL,68.0,35.42
25/06/2024 19:00:00 - 25/06/2024 20:00:00,SCA|NO1,mFRR,Not Specified,Not Specified,MARGINAL,45.0,35.34
25/06/2024 20:00:00 - 25/06/2024 21:00:00,SCA|NO1,mFRR,Not Specified,Not Specified,MARGINAL,35.03,35.03
25/06/2024 21:00:00 - 25/06/2024 22:00:00,SCA|NO1,mFRR,Not Specified,Not Specified,MARGINAL,34.18,34.18
25/06/2024 22:00:00 - 25/06/2024 23:00:00,SCA|NO1,mFRR,Not Specified,Not Specified,MARGINAL,32.94,32.94
25/06/2024 23:00:00 - 26/06/2024 00:00:00,SCA|NO1,mFRR,Not Specified,Not Specified,MARGINAL,32.84,32.84
26/06/2024 00:00:00 - 26/06/2024 01:00:00,SCA|NO1,mFRR,Not Specified,Not Specified,MARGINAL,30.64,30.64
26/06/2024 01:00:00 - 26/06/2024 02:00:00,SCA|NO1,mFRR,Not Specified,Not Specified,MARGINAL,30.48,27.5
26/06/2024 02:00:00 - 26/06/2024 03:00:00,SCA|NO1,mFRR,Not Specified,Not Specified,MARGINAL,29.91,27.5
26/06/2024 03:00:00 - 26/06/2024 04:00:00,SCA|NO1,mFRR,Not Specified,Not Specified,MARGINAL,29.98,27.5
26/06/2024 04:00:00 - 26/06/2024 05:00:00,SCA|NO1,mFRR,Not Specified,Not Specified,MARGINAL,29.93,25.0
26/06/2024 05:00:00 - 26/06/2024 06:00:00,SCA|NO1,mFRR,Not Specified,Not Specified,MARGINAL,29.92,25.0
26/06/2024 06:00:00 - 26/06/2024 07:00:00,SCA|NO1,mFRR,Not Specified,Not Specified,MARGINAL,31.29,25.0
26/06/2024 07:00:00 - 26/06/2024 08:00:00,SCA|NO1,mFRR,Not Specified,Not Specified,MARGINAL,39.0,34.0
26/06/2024 08:00:00 - 26/06/2024 09:00:00,SCA|NO1,mFRR,Not Specified,Not Specified,MARGINAL,39.0,35.55
26/06/2024 09:00:00 - 26/06/2024 10:00:00,SCA|NO1,mFRR,Not Specified,Not Specified,MARGINAL,42.0,35.14
26/06/2024 10:00:00 - 26/06/2024 11:00:00,SCA|NO1,mFRR,Not Specified,Not Specified,MARGINAL,42.0,35.31
26/06/2024 11:00:00 - 26/06/2024 12:00:00,SCA|NO1,mFRR,Not Specified,Not Specified,MARGINAL,33.8,33.8
26/06/2024 12:00:00 - 26/06/2024 13:00:00,SCA|NO1,mFRR,Not Specified,Not Specified,MARGINAL,32.9,24.0
26/06/2024 13:00:00 - 26/06/2024 14:00:00,SCA|NO1,mFRR,Not Specified,Not Specified,MARGINAL,32.64,10.0
26/06/2024 14:00:00 - 26/06/2024 15:00:00,SCA|NO1,mFRR,Not Specified,Not Specified,MARGINAL,32.57,10.0
26/06/2024 15:00:00 - 26/06/2024 16:00:00,SCA|NO1,mFRR,Not Specified,Not Specified,MARGINAL,43.0,32.65
26/06/2024 16:00:00 - 26/06/2024 17:00:00,SCA|NO1,mFRR,Not Specified,Not Specified,MARGINAL,46.58,36.08
26/06/2024 17:00:00 - 26/06/2024 18:00:00,SCA|NO1,mFRR,Not Specified,Not Specified,MARGINAL,48.0,34.91
26/06/2024 18:00:00 - 26/06/2024 19:00:00,SCA|NO1,mFRR,Not Specified,Not Specified,MARGINAL,48.0,34.93
26/06/2024 19:00:00 - 26/06/2024 20:00:00,SCA|NO1,mFRR,Not Specified,Not Specified,MARGINAL,50.0,34.96
26/06/2024 20:00:00 - 26/06/2024 21:00:00,SCA|NO1,mFRR,Not Specified,Not Specified,MARGINAL,51.5,34.61
26/06/2024 21:00:00 - 26/06/2024 22:00:00,SCA|NO1,mFRR,Not Specified,Not Specified,MARGINAL,51.5,33.7
26/06/2024 22:00:00 - 26/06/2024 23:00:00,SCA|NO1,mFRR,Not Specified,Not Specified,MARGINAL,48.42,33.12
26/06/2024 23:00:00 - 27/06/2024 00:00:00,SCA|NO1,mFRR,Not Specified,Not Specified,MARGINAL,40.0,32.41
27/06/2024 00:00:00 - 27/06/2024 01:00:00,SCA|NO1,mFRR,Not Specified,Not Specified,MARGINAL,40.0,31.95
27/06/2024 01:00:00 - 27/06/2024 02:00:00,SCA|NO1,mFRR,Not Specified,Not Specified,MARGINAL,38.0,32.58
27/06/2024 02:00:00 - 27/06/2024 03:00:00,SCA|NO1,mFRR,Not Specified,Not Specified,MARGINAL,36.0,32.03
27/06/2024 03:00:00 - 27/06/2024 04:00:00,SCA|NO1,mFRR,Not Specified,Not Specified,MARGINAL,31.77,31.77
27/06/2024 04:00:00 - 27/06/2024 05:00:00,SCA|NO1,mFRR,Not Specified,Not Specified,MARGINAL,31.55,22.0
27/06/2024 05:00:00 - 27/06/2024 06:00:00,SCA|NO1,mFRR,Not Specified,Not Specified,MARGINAL,31.95,22.0
27/06/2024 06:00:00 - 27/06/2024 07:00:00,SCA|NO1,mFRR,Not Specified,Not Specified,MARGINAL,33.7,26.68
27/06/2024 07:00:00 - 27/06/2024 08:00:00,SCA|NO1,mFRR,Not Specified,Not Specified,MARGINAL,37.0,34.14
27/06/2024 08:00:00 - 27/06/2024 09:00:00,SCA|NO1,mFRR,Not Specified,Not Specified,MARGINAL,37.0,36.61
27/06/2024 09:00:00 - 27/06/2024 10:00:00,SCA|NO1,mFRR,Not Specified,Not Specified,MARGINAL,38.0,36.35
27/06/2024 10:00:00 - 27/06/2024 11:00:00,SCA|NO1,mFRR,Not Specified,Not Specified,MARGINAL,36.21,36.21
27/06/2024 11:00:00 - 27/06/2024 12:00:00,SCA|NO1,mFRR,Not Specified,Not Specified,MARGINAL,35.32,35.32
27/06/2024 12:00:00 - 27/06/2024 13:00:00,SCA|NO1,mFRR,Not Specified,Not Specified,MARGINAL,32.15,32.15
27/06/2024 13:00:00 - 27/06/2024 14:00:00,SCA|NO1,mFRR,Not Specified,Not Specified,MARGINAL,29.96,29.96
27/06/2024 14:00:00 - 27/06/2024 15:00:00,SCA|NO1,mFRR,Not Specified,Not Specified,MARGINAL,27.08,27.08
27/06/2024 15:00:00 - 27/06/2024 16:00:00,SCA|NO1,mFRR,Not Specified,Not Specified,MARGINAL,29.08,29.08
27/06/2024 16:00:00 - 27/06/2024 17:00:00,SCA|NO1,mFRR,Not Specified,Not Specified,MARGINAL,38.0,31.05
27/06/2024 17:00:00 - 27/06/2024 18:00:00,SCA|NO1,mFRR,Not Specified,Not Specified,MARGINAL,39.0,33.86
27/06/2024 18:00:00 - 27/06/2024 19:00:00,SCA|NO1,mFRR,Not Specified,Not Specified,MARGINAL,34.49,34.49
27/06/2024 19:00:00 - 27/06/2024 20:00:00,SCA|NO1,mFRR,Not Specified,Not Specified,MARGINAL,36.0,34.1
27/06/2024 20:00:00 - 27/06/2024 21:00:00,SCA|NO1,mFRR,Not Specified,Not Specified,MARGINAL,45.0,34.04
27/06/2024 21:00:00 - 27/06/2024 22:00:00,SCA|NO1,mFRR,Not Specified,Not Specified,MARGINAL,42.0,33.12
27/06/2024 22:00:00 - 27/06/2024 23:00:00,SCA|NO1,mFRR,Not Specified,Not Specified,MARGINAL,40.0,32.99
27/06/2024 23:00:00 - 28/06/2024 00:00:00,SCA|NO1,mFRR,Not Specified,Not Specified,MARGINAL,33.28,33.28
28/06/2024 00:00:00 - 28/06/2024 01:00:00,SCA|NO1,mFRR,Not Specified,Not Specified,MARGINAL,34.0,32.73
28/06/2024 01:00:00 - 28/06/2024 02:00:00,SCA|NO1,mFRR,Not Specified,Not Specified,MARGINAL,34.0,31.36
28/06/2024 02:00:00 - 28/06/2024 03:00:00,SCA|NO1,mFRR,Not Specified,Not Specified,MARGINAL,30.45,30.45
28/06/2024 03:00:00 - 28/06/2024 04:00:00,SCA|NO1,mFRR,Not Specified,Not Specified,MARGINAL,28.56,12.0
28/06/2024 04:00:00 - 28/06/2024 05:00:00,SCA|NO1,mFRR,Not Specified,Not Specified,MARGINAL,27.53,27.53
28/06/2024 05:00:00 - 28/06/2024 06:00:00,SCA|NO1,mFRR,Not Specified,Not Specified,MARGINAL,27.13,27.13
28/06/2024 06:00:00 - 28/06/2024 07:00:00,SCA|NO1,mFRR,Not Specified,Not Specified,MARGINAL,29.9,29.9
28/06/2024 07:00:00 - 28/06/2024 08:00:00,SCA|NO1,mFRR,Not Specified,Not Specified,MARGINAL,40.0,33.13
28/06/2024 08:00:00 - 28/06/2024 09:00:00,SCA|NO1,mFRR,Not Specified,Not Specified,MARGINAL,40.0,33.13
28/06/2024 09:00:00 - 28/06/2024 10:00:00,SCA|NO1,mFRR,Not Specified,Not Specified,MARGINAL,40.0,29.2
28/06/2024 10:00:00 - 28/06/2024 11:00:00,SCA|NO1,mFRR,Not Specified,Not Specified,MARGINAL,40.0,22.09
28/06/2024 11:00:00 - 28/06/2024 12:00:00,SCA|NO1,mFRR,Not Specified,Not Specified,MARGINAL,4.39,4.39
28/06/2024 12:00:00 - 28/06/2024 13:00:00,SCA|NO1,mFRR,Not Specified,Not Specified,MARGINAL,1.19,1.19
28/06/2024 13:00:00 - 28/06/2024 14:00:00,SCA|NO1,mFRR,Not Specified,Not Specified,MARGINAL,7.2,-1.02
28/06/2024 14:00:00 - 28/06/2024 15:00:00,SCA|NO1,mFRR,Not Specified,Not Specified,MARGINAL,5.0,-0.8
28/06/2024 15:00:00 - 28/06/2024 16:00:00,SCA|NO1,mFRR,Not Specified,Not Specified,MARGINAL,4.42,-0.9
28/06/2024 16:00:00 - 28/06/2024 17:00:00,SCA|NO1,mFRR,Not Specified,Not Specified,MARGINAL,1.0,1.0
28/06/2024 17:00:00 - 28/06/2024 18:00:00,SCA|NO1,mFRR,Not Specified,Not Specified,MARGINAL,25.41,25.41
28/06/2024 18:00:00 - 28/06/2024 19:00:00,SCA|NO1,mFRR,Not Specified,Not Specified,MARGINAL,31.17,22.0
28/06/2024 19:00:00 - 28/06/2024 20:00:00,SCA|NO1,mFRR,Not Specified,Not Specified,MARGINAL,32.78,22.0
28/06/2024 20:00:00 - 28/06/2024 21:00:00,SCA|NO1,mFRR,Not Specified,Not Specified,MARGINAL,40.0,31.62
28/06/2024 21:00:00 - 28/06/2024 22:00:00,SCA|NO1,mFRR,Not Specified,Not Specified,MARGINAL,40.0,29.98
28/06/2024 22:00:00 - 28/06/2024 23:00:00,SCA|NO1,mFRR,Not Specified,Not Specified,MARGINAL,29.92,29.92
28/06/2024 23:00:00 - 29/06/2024 00:00:00,SCA|NO1,mFRR,Not Specified,Not Specified,MARGINAL,37.0,29.65
29/06/2024 00:00:00 - 29/06/2024 01:00:00,SCA|NO1,mFRR,Not Specified,Not Specified,MARGINAL,37.0,26.93
29/06/2024 01:00:00 - 29/06/2024 02:00:00,SCA|NO1,mFRR,Not Specified,Not Specified,MARGINAL,26.53,26.53
29/06/2024 02:00:00 - 29/06/2024 03:00:00,SCA|NO1,mFRR,Not Specified,Not Specified,MARGINAL,35.0,22.67
29/06/2024 03:00:00 - 29/06/2024 04:00:00,SCA|NO1,mFRR,Not Specified,Not Specified,MARGINAL,33.0,22.45
29/06/2024 04:00:00 - 29/06/2024 05:00:00,SCA|NO1,mFRR,Not Specified,Not Specified,MARGINAL,21.92,10.0
29/06/2024 05:00:00 - 29/06/2024 06:00:00,SCA|NO1,mFRR,Not Specified,Not Specified,MARGINAL,20.76,10.0
29/06/2024 06:00:00 - 29/06/2024 07:00:00,SCA|NO1,mFRR,Not Specified,Not Specified,MARGINAL,21.91,21.91
29/06/2024 07:00:00 - 29/06/2024 08:00:00,SCA|NO1,mFRR,Not Specified,Not Specified,MARGINAL,26.05,26.05
29/06/2024 08:00:00 - 29/06/2024 09:00:00,SCA|NO1,mFRR,Not Specified,Not Specified,MARGINAL,28.41,28.41
29/06/2024 09:00:00 - 29/06/2024 10:00:00,SCA|NO1,mFRR,Not Specified,Not Specified,MARGINAL,28.91,13.0
29/06/2024 10:00:00 - 29/06/2024 11:00:00,SCA|NO1,mFRR,Not Specified,Not Specified,MARGINAL,25.04,-3.7
29/06/2024 11:00:00 - 29/06/2024 12:00:00,SCA|NO1,mFRR,Not Specified,Not Specified,MARGINAL,13.01,-7.91
29/06/2024 12:00:00 - 29/06/2024 13:00:00,SCA|NO1,mFRR,Not Specified,Not Specified,MARGINAL,0.01,-10.0
29/06/2024 13:00:00 - 29/06/2024 14:00:00,SCA|NO1,mFRR,Not Specified,Not Specified,MARGINAL,-0.01,-10.0
29/06/2024 14:00:00 - 29/06/2024 15:00:00,SCA|NO1,mFRR,Not Specified,Not Specified,MARGINAL,15.05,-6.0
29/06/2024 15:00:00 - 29/06/2024 16:00:00,SCA|NO1,mFRR,Not Specified,Not Specified,MARGINAL,26.41,-4.5
29/06/2024 16:00:00 - 29/06/2024 17:00:00,SCA|NO1,mFRR,Not Specified,Not Specified,MARGINAL,30.52,10.0
29/06/2024 17:00:00 - 29/06/2024 18:00:00,SCA|NO1,mFRR,Not Specified,Not Specified,MARGINAL,30.41,28.0
29/06/2024 18:00:00 - 29/06/2024 19:00:00,SCA|NO1,mFRR,Not Specified,Not Specified,MARGINAL,29.3,29.3
29/06/2024 19:00:00 - 29/06/2024 20:00:00,SCA|NO1,mFRR,Not Specified,Not Specified,MARGINAL,28.42,28.42
29/06/2024 20:00:00 - 29/06/2024 21:00:00,SCA|NO1,mFRR,Not Specified,Not Specified,MARGINAL,27.03,27.03
29/06/2024 21:00:00 - 29/06/2024 22:00:00,SCA|NO1,mFRR,Not Specified,Not Specified,MARGINAL,26.99,26.99
29/06/2024 22:00:00 - 29/06/2024 23:00:00,SCA|NO1,mFRR,Not Specified,Not Specified,MARGINAL,26.49,26.49
29/06/2024 23:00:00 - 30/06/2024 00:00:00,SCA|NO1,mFRR,Not Specified,Not Specified,MARGINAL,27.56,27.56
30/06/2024 00:00:00 - 30/06/2024 01:00:00,SCA|NO1,mFRR,Not Specified,Not Specified,MARGINAL,27.48,27.48
30/06/2024 01:00:00 - 30/06/2024 02:00:00,SCA|NO1,mFRR,Not Specified,Not Specified,MARGINAL,27.49,27.49
30/06/2024 02:00:00 - 30/06/2024 03:00:00,SCA|NO1,mFRR,Not Specified,Not Specified,MARGINAL,26.94,26.94
30/06/2024 03:00:00 - 30/06/2024 04:00:00,SCA|NO1,mFRR,Not Specified,Not Specified,MARGINAL,26.85,16.23
30/06/2024 04:00:00 - 30/06/2024 05:00:00,SCA|NO1,mFRR,Not Specified,Not Specified,MARGINAL,26.63,11.0
30/06/2024 05:00:00 - 30/06/2024 06:00:00,SCA|NO1,mFRR,Not Specified,Not Specified,MARGINAL,26.44,4.83
30/06/2024 06:00:00 - 30/06/2024 07:00:00,SCA|NO1,mFRR,Not Specified,Not Specified,MARGINAL,26.87,4.83
30/06/2024 07:00:00 - 30/06/2024 08:00:00,SCA|NO1,mFRR,Not Specified,Not Specified,MARGINAL,25.45,8.0
30/06/2024 08:00:00 - 30/06/2024 09:00:00,SCA|NO1,mFRR,Not Specified,Not Specified,MARGINAL,18.84,8.0
30/06/2024 09:00:00 - 30/06/2024 10:00:00,SCA|NO1,mFRR,Not Specified,Not Specified,MARGINAL,18.0,6.11
30/06/2024 10:00:00 - 30/06/2024 11:00:00,SCA|NO1,mFRR,Not Specified,Not Specified,MARGINAL,0.85,0.85
30/06/2024 11:00:00 - 30/06/2024 12:00:00,SCA|NO1,mFRR,Not Specified,Not Specified,MARGINAL,0.0,0.0
30/06/2024 12:00:00 - 30/06/2024 13:00:00,SCA|NO1,mFRR,Not Specified,Not Specified,MARGINAL,32.0,0.0
30/06/2024 13:00:00 - 30/06/2024 14:00:00,SCA|NO1,mFRR,Not Specified,Not Specified,MARGINAL,32.0,0.0
30/06/2024 14:00:00 - 30/06/2024 15:00:00,SCA|NO1,mFRR,Not Specified,Not Specified,MARGINAL,26.0,0.97
30/06/2024 15:00:00 - 30/06/2024 16:00:00,SCA|NO1,mFRR,Not Specified,Not Specified,MARGINAL,33.0,19.29
30/06/2024 16:00:00 - 30/06/2024 17:00:00,SCA|NO1,mFRR,Not Specified,Not Specified,MARGINAL,40.83,27.68
30/06/2024 17:00:00 - 30/06/2024 18:00:00,SCA|NO1,mFRR,Not Specified,Not Specified,MARGINAL,45.0,30.03
30/06/2024 18:00:00 - 30/06/2024 19:00:00,SCA|NO1,mFRR,Not Specified,Not Specified,MARGINAL,45.0,32.77
30/06/2024 19:00:00 - 30/06/2024 20:00:00,SCA|NO1,mFRR,Not Specified,Not Specified,MARGINAL,50.0,32.73
30/06/2024 20:00:00 - 30/06/2024 21:00:00,SCA|NO1,mFRR,Not Specified,Not Specified,MARGINAL,49.18,32.71
30/06/2024 21:00:00 - 30/06/2024 22:00:00,SCA|NO1,mFRR,Not Specified,Not Specified,MARGINAL,39.0,32.62
30/06/2024 22:00:00 - 30/06/2024 23:00:00,SCA|NO1,mFRR,Not Specified,Not Specified,MARGINAL,34.75,34.75
30/06/2024 23:00:00 - 01/07/2024 00:00:00,SCA|NO1,mFRR,Not Specified,Not Specified,MARGINAL,35.09,28.0
01/07/2024 00:00:00 - 01/07/2024 01:00:00,SCA|NO1,mFRR,Not Specified,Not Specified,MARGINAL,35.44,28.0
01/07/2024 01:00:00 - 01/07/2024 02:00:00,SCA|NO1,mFRR,Not Specified,Not Specified,MARGINAL,35.06,35.06
01/07/2024 02:00:00 - 01/07/2024 03:00:00,SCA|NO1,mFRR,Not Specified,Not Specified,MARGINAL,34.91,34.91
01/07/2024 03:00:00 - 01/07/2024 04:00:00,SCA|NO1,mFRR,Not Specified,Not Specified,MARGINAL,34.82,34.82
01/07/2024 04:00:00 - 01/07/2024 05:00:00,SCA|NO1,mFRR,Not Specified,Not Specified,MARGINAL,34.75,34.75
01/07/2024 05:00:00 - 01/07/2024 06:00:00,SCA|NO1,mFRR,Not Specified,Not Specified,MARGINAL,34.92,34.92
01/07/2024 06:00:00 - 01/07/2024 07:00:00,SCA|NO1,mFRR,Not Specified,Not Specified,MARGINAL,35.19,35.19
01/07/2024 07:00:00 - 01/07/2024 08:00:00,SCA|NO1,mFRR,Not Specified,Not Specified,MARGINAL,35.93,35.93
01/07/2024 08:00:00 - 01/07/2024 09:00:00,SCA|NO1,mFRR,Not Specified,Not Specified,MARGINAL,36.44,36.44
01/07/2024 09:00:00 - 01/07/2024 10:00:00,SCA|NO1,mFRR,Not Specified,Not Specified,MARGINAL,39.0,35.82
01/07/2024 10:00:00 - 01/07/2024 11:00:00,SCA|NO1,mFRR,Not Specified,Not Specified,MARGINAL,42.09,36.04
01/07/2024 11:00:00 - 01/07/2024 12:00:00,SCA|NO1,mFRR,Not Specified,Not Specified,MARGINAL,46.0,35.95
01/07/2024 12:00:00 - 01/07/2024 13:00:00,SCA|NO1,mFRR,Not Specified,Not Specified,MARGINAL,46.0,36.28
01/07/2024 13:00:00 - 01/07/2024 14:00:00,SCA|NO1,mFRR,Not Specified,Not Specified,MARGINAL,42.46,36.12
01/07/2024 14:00:00 - 01/07/2024 15:00:00,SCA|NO1,mFRR,Not Specified,Not Specified,MARGINAL,42.53,34.66
01/07/2024 15:00:00 - 01/07/2024 16:00:00,SCA|NO1,mFRR,Not Specified,Not Specified,MARGINAL,32.55,32.55
01/07/2024 16:00:00 - 01/07/2024 17:00:00,SCA|NO1,mFRR,Not Specified,Not Specified,MARGINAL,34.87,34.87
01/07/2024 17:00:00 - 01/07/2024 18:00:00,SCA|NO1,mFRR,Not Specified,Not Specified,MARGINAL,36.05,36.05
01/07/2024 18:00:00 - 01/07/2024 19:00:00,SCA|NO1,mFRR,Not Specified,Not Specified,MARGINAL,35.88,35.88
01/07/2024 19:00:00 - 01/07/2024 20:00:00,SCA|NO1,mFRR,Not Specified,Not Specified,MARGINAL,38.5,35.44
01/07/2024 20:00:00 - 01/07/2024 21:00:00,SCA|NO1,mFRR,Not Specified,Not Specified,MARGINAL,35.67,35.67
01/07/2024 21:00:00 - 01/07/2024 22:00:00,SCA|NO1,mFRR,Not Specified,Not Specified,MARGINAL,35.38,35.38
01/07/2024 22:00:00 - 01/07/2024 23:00:00,SCA|NO1,mFRR,Not Specified,Not Specified,MARGINAL,35.6,35.6
01/07/2024 23:00:00 - 02/07/2024 00:00:00,SCA|NO1,mFRR,Not Specified,Not Specified,MARGINAL,35.47,35.47
02/07/2024 00:00:00 - 02/07/2024 01:00:00,SCA|NO1,mFRR,Not Specified,Not Specified,MARGINAL,35.62,35.62
02/07/2024 01:00:00 - 02/07/2024 02:00:00,SCA|NO1,mFRR,Not Specified,Not Specified,MARGINAL,35.17,35.17
02/07/2024 02:00:00 - 02/07/2024 03:00:00,SCA|NO1,mFRR,Not Specified,Not Specified,MARGINAL,35.0,35.0
02/07/2024 03:00:00 - 02/07/2024 04:00:00,SCA|NO1,mFRR,Not Specified,Not Specified,MARGINAL,34.82,34.82
02/07/2024 04:00:00 - 02/07/2024 05:00:00,SCA|NO1,mFRR,Not Specified,Not Specified,MARGINAL,34.79,34.79
02/07/2024 05:00:00 - 02/07/2024 06:00:00,SCA|NO1,mFRR,Not Specified,Not Specified,MARGINAL,34.98,31.5
02/07/2024 06:00:00 - 02/07/2024 07:00:00,SCA|NO1,mFRR,Not Specified,Not Specified,MARGINAL,35.69,31.5
02/07/2024 07:00:00 - 02/07/2024 08:00:00,SCA|NO1,mFRR,Not Specified,Not Specified,MARGINAL,37.16,37.16
02/07/2024 08:00:00 - 02/07/2024 09:00:00,SCA|NO1,mFRR,Not Specified,Not Specified,MARGINAL,37.95,37.95
02/07/2024 09:00:00 - 02/07/2024 10:00:00,SCA|NO1,mFRR,Not Specified,Not Specified,MARGINAL,37.91,37.91
02/07/2024 10:00:00 - 02/07/2024 11:00:00,SCA|NO1,mFRR,Not Specified,Not Specified,MARGINAL,37.0,36.21
02/07/2024 11:00:00 - 02/07/2024 12:00:00,SCA|NO1,mFRR,Not Specified,Not Specified,MARGINAL,37.0,35.58
02/07/2024 12:00:00 - 02/07/2024 13:00:00,SCA|NO1,mFRR,Not Specified,Not Specified,MARGINAL,35.33,35.33
02/07/2024 13:00:00 - 02/07/2024 14:00:00,SCA|NO1,mFRR,Not Specified,Not Specified,MARGINAL,40.0,34.59
02/07/2024 14:00:00 - 02/07/2024 15:00:00,SCA|NO1,mFRR,Not Specified,Not Specified,MARGINAL,40.0,33.92
02/07/2024 15:00:00 - 02/07/2024 16:00:00,SCA|NO1,mFRR,Not Specified,Not Specified,MARGINAL,37.0,32.59
02/07/2024 16:00:00 - 02/07/2024 17:00:00,SCA|NO1,mFRR,Not Specified,Not Specified,MARGINAL,37.0,33.44
02/07/2024 17:00:00 - 02/07/2024 18:00:00,SCA|NO1,mFRR,Not Specified,Not Specified,MARGINAL,35.15,35.15
02/07/2024 18:00:00 - 02/07/2024 19:00:00,SCA|NO1,mFRR,Not Specified,Not Specified,MARGINAL,35.09,35.09
02/07/2024 19:00:00 - 02/07/2024 20:00:00,SCA|NO1,mFRR,Not Specified,Not Specified,MARGINAL,35.82,35.82
02/07/2024 20:00:00 - 02/07/2024 21:00:00,SCA|NO1,mFRR,Not Specified,Not Specified,MARGINAL,37.54,37.54
02/07/2024 21:00:00 - 02/07/2024 22:00:00,SCA|NO1,mFRR,Not Specified,Not Specified,MARGINAL,36.98,36.98
02/07/2024 22:00:00 - 02/07/2024 23:00:00,SCA|NO1,mFRR,Not Specified,Not Specified,MARGINAL,37.76,37.76
02/07/2024 23:00:00 - 03/07/2024 00:00:00,SCA|NO1,mFRR,Not Specified,Not Specified,MARGINAL,36.18,36.18
03/07/2024 00:00:00 - 03/07/2024 01:00:00,SCA|NO1,mFRR,Not Specified,Not Specified,MARGINAL,36.12,36.12
03/07/2024 01:00:00 - 03/07/2024 02:00:00,SCA|NO1,mFRR,Not Specified,Not Specified,MARGINAL,35.0,35.0
03/07/2024 02:00:00 - 03/07/2024 03:00:00,SCA|NO1,mFRR,Not Specified,Not Specified,MARGINAL,34.79,34.79
03/07/2024 03:00:00 - 03/07/2024 04:00:00,SCA|NO1,mFRR,Not Specified,Not Specified,MARGINAL,35.2,35.2
03/07/2024 04:00:00 - 03/07/2024 05:00:00,SCA|NO1,mFRR,Not Specified,Not Specified,MARGINAL,35.19,29.0
03/07/2024 05:00:00 - 03/07/2024 06:00:00,SCA|NO1,mFRR,Not Specified,Not Specified,MARGINAL,35.27,29.0
03/07/2024 06:00:00 - 03/07/2024 07:00:00,SCA|NO1,mFRR,Not Specified,Not Specified,MARGINAL,36.38,36.38
03/07/2024 07:00:00 - 03/07/2024 08:00:00,SCA|NO1,mFRR,Not Specified,Not Specified,MARGINAL,201.11,38.58
03/07/2024 08:00:00 - 03/07/2024 09:00:00,SCA|NO1,mFRR,Not Specified,Not Specified,MARGINAL,59.5,39.31
03/07/2024 09:00:00 - 03/07/2024 10:00:00,SCA|NO1,mFRR,Not Specified,Not Specified,MARGINAL,57.0,39.6
03/07/2024 10:00:00 - 03/07/2024 11:00:00,SCA|NO1,mFRR,Not Specified,Not Specified,MARGINAL,39.31,35.0
03/07/2024 11:00:00 - 03/07/2024 12:00:00,SCA|NO1,mFRR,Not Specified,Not Specified,MARGINAL,39.12,34.0
03/07/2024 12:00:00 - 03/07/2024 13:00:00,SCA|NO1,mFRR,Not Specified,Not Specified,MARGINAL,38.0,38.0
03/07/2024 13:00:00 - 03/07/2024 14:00:00,SCA|NO1,mFRR,Not Specified,Not Specified,MARGINAL,38.5,33.5
03/07/2024 14:00:00 - 03/07/2024 15:00:00,SCA|NO1,mFRR,Not Specified,Not Specified,MARGINAL,37.95,28.0
03/07/2024 15:00:00 - 03/07/2024 16:00:00,SCA|NO1,mFRR,Not Specified,Not Specified,MARGINAL,37.49,25.0
03/07/2024 16:00:00 - 03/07/2024 17:00:00,SCA|NO1,mFRR,Not Specified,Not Specified,MARGINAL,37.93,25.0
03/07/2024 17:00:00 - 03/07/2024 18:00:00,SCA|NO1,mFRR,Not Specified,Not Specified,MARGINAL,37.6,32.0
03/07/2024 18:00:00 - 03/07/2024 19:00:00,SCA|NO1,mFRR,Not Specified,Not Specified,MARGINAL,37.15,37.15
03/07/2024 19:00:00 - 03/07/2024 20:00:00,SCA|NO1,mFRR,Not Specified,Not Specified,MARGINAL,40.0,37.05
03/07/2024 20:00:00 - 03/07/2024 21:00:00,SCA|NO1,mFRR,Not Specified,Not Specified,MARGINAL,45.0,36.95
03/07/2024 21:00:00 - 03/07/2024 22:00:00,SCA|NO1,mFRR,Not Specified,Not Specified,MARGINAL,45.0,37.11
03/07/2024 22:00:00 - 03/07/2024 23:00:00,SCA|NO1,mFRR,Not Specified,Not Specified,MARGINAL,39.0,37.47
03/07/2024 23:00:00 - 04/07/2024 00:00:00,SCA|NO1,mFRR,Not Specified,Not Specified,MARGINAL,37.33,34.5
04/07/2024 00:00:00 - 04/07/2024 01:00:00,SCA|NO1,mFRR,Not Specified,Not Specified,MARGINAL,37.59,37.59
04/07/2024 01:00:00 - 04/07/2024 02:00:00,SCA|NO1,mFRR,Not Specified,Not Specified,MARGINAL,31.67,31.67
04/07/2024 02:00:00 - 04/07/2024 03:00:00,SCA|NO1,mFRR,Not Specified,Not Specified,MARGINAL,25.64,25.64
04/07/2024 03:00:00 - 04/07/2024 04:00:00,SCA|NO1,mFRR,Not Specified,Not Specified,MARGINAL,24.0,17.45
04/07/2024 04:00:00 - 04/07/2024 05:00:00,SCA|NO1,mFRR,Not Specified,Not Specified,MARGINAL,18.0,9.77
04/07/2024 05:00:00 - 04/07/2024 06:00:00,SCA|NO1,mFRR,Not Specified,Not Specified,MARGINAL,18.0,9.95
04/07/2024 06:00:00 - 04/07/2024 07:00:00,SCA|NO1,mFRR,Not Specified,Not Specified,MARGINAL,26.47,26.47
04/07/2024 07:00:00 - 04/07/2024 08:00:00,SCA|NO1,mFRR,Not Specified,Not Specified,MARGINAL,32.0,30.0
04/07/2024 08:00:00 - 04/07/2024 09:00:00,SCA|NO1,mFRR,Not Specified,Not Specified,MARGINAL,34.0,30.33
04/07/2024 09:00:00 - 04/07/2024 10:00:00,SCA|NO1,mFRR,Not Specified,Not Specified,MARGINAL,31.0,23.95
04/07/2024 10:00:00 - 04/07/2024 11:00:00,SCA|NO1,mFRR,Not Specified,Not Specified,MARGINAL,33.0,3.58
04/07/2024 11:00:00 - 04/07/2024 12:00:00,SCA|NO1,mFRR,Not Specified,Not Specified,MARGINAL,33.0,0.0
04/07/2024 12:00:00 - 04/07/2024 13:00:00,SCA|NO1,mFRR,Not Specified,Not Specified,MARGINAL,-0.04,-0.04
04/07/2024 13:00:00 - 04/07/2024 14:00:00,SCA|NO1,mFRR,Not Specified,Not Specified,MARGINAL,-5.18,-5.18
04/07/2024 14:00:00 - 04/07/2024 15:00:00,SCA|NO1,mFRR,Not Specified,Not Specified,MARGINAL,-19.66,-19.66
04/07/2024 15:00:00 - 04/07/2024 16:00:00,SCA|NO1,mFRR,Not Specified,Not Specified,MARGINAL,-18.6,-18.6
04/07/2024 16:00:00 - 04/07/2024 17:00:00,SCA|NO1,mFRR,Not Specified,Not Specified,MARGINAL,-0.06,-0.06
04/07/2024 17:00:00 - 04/07/2024 18:00:00,SCA|NO1,mFRR,Not Specified,Not Specified,MARGINAL,1.51,1.51
04/07/2024 18:00:00 - 04/07/2024 19:00:00,SCA|NO1,mFRR,Not Specified,Not Specified,MARGINAL,11.72,6.0
04/07/2024 19:00:00 - 04/07/2024 20:00:00,SCA|NO1,mFRR,Not Specified,Not Specified,MARGINAL,30.84,20.0
04/07/2024 20:00:00 - 04/07/2024 21:00:00,SCA|NO1,mFRR,Not Specified,Not Specified,MARGINAL,36.48,30.0
04/07/2024 21:00:00 - 04/07/2024 22:00:00,SCA|NO1,mFRR,Not Specified,Not Specified,MARGINAL,37.67,33.0
04/07/2024 22:00:00 - 04/07/2024 23:00:00,SCA|NO1,mFRR,Not Specified,Not Specified,MARGINAL,37.55,33.0
04/07/2024 23:00:00 - 05/07/2024 00:00:00,SCA|NO1,mFRR,Not Specified,Not Specified,MARGINAL,36.99,33.0
05/07/2024 00:00:00 - 05/07/2024 01:00:00,SCA|NO1,mFRR,Not Specified,Not Specified,MARGINAL,30.44,9.0
05/07/2024 01:00:00 - 05/07/2024 02:00:00,SCA|NO1,mFRR,Not Specified,Not Specified,MARGINAL,19.51,5.0
05/07/2024 02:00:00 - 05/07/2024 03:00:00,SCA|NO1,mFRR,Not Specified,Not Specified,MARGINAL,4.12,1.0
05/07/2024 03:00:00 - 05/07/2024 04:00:00,SCA|NO1,mFRR,Not Specified,Not Specified,MARGINAL,2.67,1.0
05/07/2024 04:00:00 - 05/07/2024 05:00:00,SCA|NO1,mFRR,Not Specified,Not Specified,MARGINAL,2.92,2.92
05/07/2024 05:00:00 - 05/07/2024 06:00:00,SCA|NO1,mFRR,Not Specified,Not Specified,MARGINAL,5.72,5.72
05/07/2024 06:00:00 - 05/07/2024 07:00:00,SCA|NO1,mFRR,Not Specified,Not Specified,MARGINAL,20.84,20.84
05/07/2024 07:00:00 - 05/07/2024 08:00:00,SCA|NO1,mFRR,Not Specified,Not Specified,MARGINAL,32.0,29.96
05/07/2024 08:00:00 - 05/07/2024 09:00:00,SCA|NO1,mFRR,Not Specified,Not Specified,MARGINAL,32.0,31.47
05/07/2024 09:00:00 - 05/07/2024 10:00:00,SCA|NO1,mFRR,Not Specified,Not Specified,MARGINAL,30.0,24.55
05/07/2024 10:00:00 - 05/07/2024 11:00:00,SCA|NO1,mFRR,Not Specified,Not Specified,MARGINAL,30.0,4.38
05/07/2024 11:00:00 - 05/07/2024 12:00:00,SCA|NO1,mFRR,Not Specified,Not Specified,MARGINAL,28.0,0.44
05/07/2024 12:00:00 - 05/07/2024 13:00:00,SCA|NO1,mFRR,Not Specified,Not Specified,MARGINAL,23.0,0.44
05/07/2024 13:00:00 - 05/07/2024 14:00:00,SCA|NO1,mFRR,Not Specified,Not Specified,MARGINAL,23.0,-0.04
05/07/2024 14:00:00 - 05/07/2024 15:00:00,SCA|NO1,mFRR,Not Specified,Not Specified,MARGINAL,23.0,-0.05
05/07/2024 15:00:00 - 05/07/2024 16:00:00,SCA|NO1,mFRR,Not Specified,Not Specified,MARGINAL,9.42,9.42
05/07/2024 16:00:00 - 05/07/2024 17:00:00,SCA|NO1,mFRR,Not Specified,Not Specified,MARGINAL,27.5,26.98
05/07/2024 17:00:00 - 05/07/2024 18:00:00,SCA|NO1,mFRR,Not Specified,Not Specified,MARGINAL,29.49,29.49
05/07/2024 18:00:00 - 05/07/2024 19:00:00,SCA|NO1,mFRR,Not Specified,Not Specified,MARGINAL,33.63,33.63
05/07/2024 19:00:00 - 05/07/2024 20:00:00,SCA|NO1,mFRR,Not Specified,Not Specified,MARGINAL,36.7,33.0
05/07/2024 20:00:00 - 05/07/2024 21:00:00,SCA|NO1,mFRR,Not Specified,Not Specified,MARGINAL,37.81,33.0
05/07/2024 21:00:00 - 05/07/2024 22:00:00,SCA|NO1,mFRR,Not Specified,Not Specified,MARGINAL,38.11,33.0
05/07/2024 22:00:00 - 05/07/2024 23:00:00,SCA|NO1,mFRR,Not Specified,Not Specified,MARGINAL,37.99,29.0
05/07/2024 23:00:00 - 06/07/2024 00:00:00,SCA|NO1,mFRR,Not Specified,Not Specified,MARGINAL,37.68,29.0
06/07/2024 00:00:00 - 06/07/2024 01:00:00,SCA|NO1,mFRR,Not Specified,Not Specified,MARGINAL,37.72,30.5
06/07/2024 01:00:00 - 06/07/2024 02:00:00,SCA|NO1,mFRR,Not Specified,Not Specified,MARGINAL,36.93,36.93
06/07/2024 02:00:00 - 06/07/2024 03:00:00,SCA|NO1,mFRR,Not Specified,Not Specified,MARGINAL,36.71,36.71
06/07/2024 03:00:00 - 06/07/2024 04:00:00,SCA|NO1,mFRR,Not Specified,Not Specified,MARGINAL,36.55,36.55
06/07/2024 04:00:00 - 06/07/2024 05:00:00,SCA|NO1,mFRR,Not Specified,Not Specified,MARGINAL,34.36,22.0
06/07/2024 05:00:00 - 06/07/2024 06:00:00,SCA|NO1,mFRR,Not Specified,Not Specified,MARGINAL,19.95,15.0
06/07/2024 06:00:00 - 06/07/2024 07:00:00,SCA|NO1,mFRR,Not Specified,Not Specified,MARGINAL,30.0,6.13
06/07/2024 07:00:00 - 06/07/2024 08:00:00,SCA|NO1,mFRR,Not Specified,Not Specified,MARGINAL,30.0,5.54
06/07/2024 08:00:00 - 06/07/2024 09:00:00,SCA|NO1,mFRR,Not Specified,Not Specified,MARGINAL,28.0,3.5
06/07/2024 09:00:00 - 06/07/2024 10:00:00,SCA|NO1,mFRR,Not Specified,Not Specified,MARGINAL,22.0,0.33
06/07/2024 10:00:00 - 06/07/2024 11:00:00,SCA|NO1,mFRR,Not Specified,Not Specified,MARGINAL,8.0,-0.04
06/07/2024 11:00:00 - 06/07/2024 12:00:00,SCA|NO1,mFRR,Not Specified,Not Specified,MARGINAL,8.0,-0.02
06/07/2024 12:00:00 - 06/07/2024 13:00:00,SCA|NO1,mFRR,Not Specified,Not Specified,MARGINAL,7.0,-1.0
06/07/2024 13:00:00 - 06/07/2024 14:00:00,SCA|NO1,mFRR,Not Specified,Not Specified,MARGINAL,-0.12,-4.0
06/07/2024 14:00:00 - 06/07/2024 15:00:00,SCA|NO1,mFRR,Not Specified,Not Specified,MARGINAL,-2.18,-8.0
06/07/2024 15:00:00 - 06/07/2024 16:00:00,SCA|NO1,mFRR,Not Specified,Not Specified,MARGINAL,-2.71,-8.0
06/07/2024 16:00:00 - 06/07/2024 17:00:00,SCA|NO1,mFRR,Not Specified,Not Specified,MARGINAL,-0.6,-4.2
06/07/2024 17:00:00 - 06/07/2024 18:00:00,SCA|NO1,mFRR,Not Specified,Not Specified,MARGINAL,28.0,0.01
06/07/2024 18:00:00 - 06/07/2024 19:00:00,SCA|NO1,mFRR,Not Specified,Not Specified,MARGINAL,28.0,1.94
06/07/2024 19:00:00 - 06/07/2024 20:00:00,SCA|NO1,mFRR,Not Specified,Not Specified,MARGINAL,30.0,0.44
06/07/2024 20:00:00 - 06/07/2024 21:00:00,SCA|NO1,mFRR,Not Specified,Not Specified,MARGINAL,25.0,6.69
06/07/2024 21:00:00 - 06/07/2024 22:00:00,SCA|NO1,mFRR,Not Specified,Not Specified,MARGINAL,19.0,9.91
06/07/2024 22:00:00 - 06/07/2024 23:00:00,SCA|NO1,mFRR,Not Specified,Not Specified,MARGINAL,18.3,0.0
06/07/2024 23:00:00 - 07/07/2024 00:00:00,SCA|NO1,mFRR,Not Specified,Not Specified,MARGINAL,14.44,0.0
07/07/2024 00:00:00 - 07/07/2024 01:00:00,SCA|NO1,mFRR,Not Specified,Not Specified,MARGINAL,20.0,-0.02
07/07/2024 01:00:00 - 07/07/2024 02:00:00,SCA|NO1,mFRR,Not Specified,Not Specified,MARGINAL,20.0,-0.1
07/07/2024 02:00:00 - 07/07/2024 03:00:00,SCA|NO1,mFRR,Not Specified,Not Specified,MARGINAL,19.2,-0.8
07/07/2024 03:00:00 - 07/07/2024 04:00:00,SCA|NO1,mFRR,Not Specified,Not Specified,MARGINAL,-0.48,-0.48
07/07/2024 04:00:00 - 07/07/2024 05:00:00,SCA|NO1,mFRR,Not Specified,Not Specified,MARGINAL,-0.06,-0.33
07/07/2024 05:00:00 - 07/07/2024 06:00:00,SCA|NO1,mFRR,Not Specified,Not Specified,MARGINAL,6.7,-0.01
07/07/2024 06:00:00 - 07/07/2024 07:00:00,SCA|NO1,mFRR,Not Specified,Not Specified,MARGINAL,6.7,-0.01
07/07/2024 07:00:00 - 07/07/2024 08:00:00,SCA|NO1,mFRR,Not Specified,Not Specified,MARGINAL,6.7,-0.01
07/07/2024 08:00:00 - 07/07/2024 09:00:00,SCA|NO1,mFRR,Not Specified,Not Specified,MARGINAL,-0.61,-3.0
07/07/2024 09:00:00 - 07/07/2024 10:00:00,SCA|NO1,mFRR,Not Specified,Not Specified,MARGINAL,-6.47,-9.5
07/07/2024 10:00:00 - 07/07/2024 11:00:00,SCA|NO1,mFRR,Not Specified,Not Specified,MARGINAL,-9.98,-9.98
07/07/2024 11:00:00 - 07/07/2024 12:00:00,SCA|NO1,mFRR,Not Specified,Not Specified,MARGINAL,-12.04,-12.04
07/07/2024 12:00:00 - 07/07/2024 13:00:00,SCA|NO1,mFRR,Not Specified,Not Specified,MARGINAL,3.35,-13.49
07/07/2024 13:00:00 - 07/07/2024 14:00:00,SCA|NO1,mFRR,Not Specified,Not Specified,MARGINAL,3.35,-15.02
07/07/2024 14:00:00 - 07/07/2024 15:00:00,SCA|NO1,mFRR,Not Specified,Not Specified,MARGINAL,3.35,-19.9
07/07/2024 15:00:00 - 07/07/2024 16:00:00,SCA|NO1,mFRR,Not Specified,Not Specified,MARGINAL,1.0,1.0
07/07/2024 16:00:00 - 07/07/2024 17:00:00,SCA|NO1,mFRR,Not Specified,Not Specified,MARGINAL,17.92,17.92
07/07/2024 17:00:00 - 07/07/2024 18:00:00,SCA|NO1,mFRR,Not Specified,Not Specified,MARGINAL,29.0,29.0
07/07/2024 18:00:00 - 07/07/2024 19:00:00,SCA|NO1,mFRR,Not Specified,Not Specified,MARGINAL,34.9,33.0
07/07/2024 19:00:00 - 07/07/2024 20:00:00,SCA|NO1,mFRR,Not Specified,Not Specified,MARGINAL,36.33,33.0
07/07/2024 20:00:00 - 07/07/2024 21:00:00,SCA|NO1,mFRR,Not Specified,Not Specified,MARGINAL,36.29,36.29
07/07/2024 21:00:00 - 07/07/2024 22:00:00,SCA|NO1,mFRR,Not Specified,Not Specified,MARGINAL,36.4,36.4
07/07/2024 22:00:00 - 07/07/2024 23:00:00,SCA|NO1,mFRR,Not Specified,Not Specified,MARGINAL,36.44,36.44
07/07/2024 23:00:00 - 08/07/2024 00:00:00,SCA|NO1,mFRR,Not Specified,Not Specified,MARGINAL,36.35,36.35
08/07/2024 00:00:00 - 08/07/2024 01:00:00,SCA|NO1,mFRR,Not Specified,Not Specified,MARGINAL,36.18,35.0
08/07/2024 01:00:00 - 08/07/2024 02:00:00,SCA|NO1,mFRR,Not Specified,Not Specified,MARGINAL,35.49,35.0
08/07/2024 02:00:00 - 08/07/2024 03:00:00,SCA|NO1,mFRR,Not Specified,Not Specified,MARGINAL,35.07,35.0
08/07/2024 03:00:00 - 08/07/2024 04:00:00,SCA|NO1,mFRR,Not Specified,Not Specified,MARGINAL,34.91,34.91
08/07/2024 04:00:00 - 08/07/2024 05:00:00,SCA|NO1,mFRR,Not Specified,Not Specified,MARGINAL,34.54,34.54
08/07/2024 05:00:00 - 08/07/2024 06:00:00,SCA|NO1,mFRR,Not Specified,Not Specified,MARGINAL,34.94,34.94
08/07/2024 06:00:00 - 08/07/2024 07:00:00,SCA|NO1,mFRR,Not Specified,Not Specified,MARGINAL,36.16,36.16
08/07/2024 07:00:00 - 08/07/2024 08:00:00,SCA|NO1,mFRR,Not Specified,Not Specified,MARGINAL,36.93,36.93
08/07/2024 08:00:00 - 08/07/2024 09:00:00,SCA|NO1,mFRR,Not Specified,Not Specified,MARGINAL,36.71,36.71
08/07/2024 09:00:00 - 08/07/2024 10:00:00,SCA|NO1,mFRR,Not Specified,Not Specified,MARGINAL,36.83,36.83
08/07/2024 10:00:00 - 08/07/2024 11:00:00,SCA|NO1,mFRR,Not Specified,Not Specified,MARGINAL,36.87,36.87
08/07/2024 11:00:00 - 08/07/2024 12:00:00,SCA|NO1,mFRR,Not Specified,Not Specified,MARGINAL,36.82,34.0
08/07/2024 12:00:00 - 08/07/2024 13:00:00,SCA|NO1,mFRR,Not Specified,Not Specified,MARGINAL,31.93,18.0
08/07/2024 13:00:00 - 08/07/2024 14:00:00,SCA|NO1,mFRR,Not Specified,Not Specified,MARGINAL,29.45,14.0
08/07/2024 14:00:00 - 08/07/2024 15:00:00,SCA|NO1,mFRR,Not Specified,Not Specified,MARGINAL,30.23,20.0
08/07/2024 15:00:00 - 08/07/2024 16:00:00,SCA|NO1,mFRR,Not Specified,Not Specified,MARGINAL,36.08,30.0
08/07/2024 16:00:00 - 08/07/2024 17:00:00,SCA|NO1,mFRR,Not Specified,Not Specified,MARGINAL,36.89,33.5
08/07/2024 17:00:00 - 08/07/2024 18:00:00,SCA|NO1,mFRR,Not Specified,Not Specified,MARGINAL,36.77,36.77
08/07/2024 18:00:00 - 08/07/2024 19:00:00,SCA|NO1,mFRR,Not Specified,Not Specified,MARGINAL,36.72,33.0
08/07/2024 19:00:00 - 08/07/2024 20:00:00,SCA|NO1,mFRR,Not Specified,Not Specified,MARGINAL,36.69,33.0
08/07/2024 20:00:00 - 08/07/2024 21:00:00,SCA|NO1,mFRR,Not Specified,Not Specified,MARGINAL,36.53,33.0
08/07/2024 21:00:00 - 08/07/2024 22:00:00,SCA|NO1,mFRR,Not Specified,Not Specified,MARGINAL,36.62,26.0
08/07/2024 22:00:00 - 08/07/2024 23:00:00,SCA|NO1,mFRR,Not Specified,Not Specified,MARGINAL,36.77,26.0
08/07/2024 23:00:00 - 09/07/2024 00:00:00,SCA|NO1,mFRR,Not Specified,Not Specified,MARGINAL,36.42,28.0
09/07/2024 00:00:00 - 09/07/2024 01:00:00,SCA|NO1,mFRR,Not Specified,Not Specified,MARGINAL,36.37,27.0
09/07/2024 01:00:00 - 09/07/2024 02:00:00,SCA|NO1,mFRR,Not Specified,Not Specified,MARGINAL,35.65,35.65
09/07/2024 02:00:00 - 09/07/2024 03:00:00,SCA|NO1,mFRR,Not Specified,Not Specified,MARGINAL,35.14,35.14
09/07/2024 03:00:00 - 09/07/2024 04:00:00,SCA|NO1,mFRR,Not Specified,Not Specified,MARGINAL,34.72,34.72
09/07/2024 04:00:00 - 09/07/2024 05:00:00,SCA|NO1,mFRR,Not Specified,Not Specified,MARGINAL,34.64,34.64
09/07/2024 05:00:00 - 09/07/2024 06:00:00,SCA|NO1,mFRR,Not Specified,Not Specified,MARGINAL,35.41,35.41
09/07/2024 06:00:00 - 09/07/2024 07:00:00,SCA|NO1,mFRR,Not Specified,Not Specified,MARGINAL,37.0,36.03
09/07/2024 07:00:00 - 09/07/2024 08:00:00,SCA|NO1,mFRR,Not Specified,Not Specified,MARGINAL,38.54,38.54
09/07/2024 08:00:00 - 09/07/2024 09:00:00,SCA|NO1,mFRR,Not Specified,Not Specified,MARGINAL,38.67,38.67
09/07/2024 09:00:00 - 09/07/2024 10:00:00,SCA|NO1,mFRR,Not Specified,Not Specified,MARGINAL,38.57,35.5
09/07/2024 10:00:00 - 09/07/2024 11:00:00,SCA|NO1,mFRR,Not Specified,Not Specified,MARGINAL,37.98,25.0
09/07/2024 11:00:00 - 09/07/2024 12:00:00,SCA|NO1,mFRR,Not Specified,Not Specified,MARGINAL,34.61,20.0
09/07/2024 12:00:00 - 09/07/2024 13:00:00,SCA|NO1,mFRR,Not Specified,Not Specified,MARGINAL,29.25,20.0
09/07/2024 13:00:00 - 09/07/2024 14:00:00,SCA|NO1,mFRR,Not Specified,Not Specified,MARGINAL,25.27,15.0
09/07/2024 14:00:00 - 09/07/2024 15:00:00,SCA|NO1,mFRR,Not Specified,Not Specified,MARGINAL,26.68,23.0
09/07/2024 15:00:00 - 09/07/2024 16:00:00,SCA|NO1,mFRR,Not Specified,Not Specified,MARGINAL,32.9,10.0
09/07/2024 16:00:00 - 09/07/2024 17:00:00,SCA|NO1,mFRR,Not Specified,Not Specified,MARGINAL,36.39,17.0
09/07/2024 17:00:00 - 09/07/2024 18:00:00,SCA|NO1,mFRR,Not Specified,Not Specified,MARGINAL,38.4,25.0
09/07/2024 18:00:00 - 09/07/2024 19:00:00,SCA|NO1,mFRR,Not Specified,Not Specified,MARGINAL,38.39,29.0
09/07/2024 19:00:00 - 09/07/2024 20:00:00,SCA|NO1,mFRR,Not Specified,Not Specified,MARGINAL,38.46,29.0
09/07/2024 20:00:00 - 09/07/2024 21:00:00,SCA|NO1,mFRR,Not Specified,Not Specified,MARGINAL,43.76,38.45
09/07/2024 21:00:00 - 09/07/2024 22:00:00,SCA|NO1,mFRR,Not Specified,Not Specified,MARGINAL,43.71,38.39
09/07/2024 22:00:00 - 09/07/2024 23:00:00,SCA|NO1,mFRR,Not Specified,Not Specified,MARGINAL,38.4,30.0
09/07/2024 23:00:00 - 10/07/2024 00:00:00,SCA|NO1,mFRR,Not Specified,Not Specified,MARGINAL,38.21,26.0
10/07/2024 00:00:00 - 10/07/2024 01:00:00,SCA|NO1,mFRR,Not Specified,Not Specified,MARGINAL,34.94,34.94
10/07/2024 01:00:00 - 10/07/2024 02:00:00,SCA|NO1,mFRR,Not Specified,Not Specified,MARGINAL,36.0,32.99
10/07/2024 02:00:00 - 10/07/2024 03:00:00,SCA|NO1,mFRR,Not Specified,Not Specified,MARGINAL,36.0,30.03
10/07/2024 03:00:00 - 10/07/2024 04:00:00,SCA|NO1,mFRR,Not Specified,Not Specified,MARGINAL,33.0,28.73
10/07/2024 04:00:00 - 10/07/2024 05:00:00,SCA|NO1,mFRR,Not Specified,Not Specified,MARGINAL,31.95,30.0
10/07/2024 05:00:00 - 10/07/2024 06:00:00,SCA|NO1,mFRR,Not Specified,Not Specified,MARGINAL,32.68,32.68
10/07/2024 06:00:00 - 10/07/2024 07:00:00,SCA|NO1,mFRR,Not Specified,Not Specified,MARGINAL,36.49,36.49
10/07/2024 07:00:00 - 10/07/2024 08:00:00,SCA|NO1,mFRR,Not Specified,Not Specified,MARGINAL,37.47,22.0
10/07/2024 08:00:00 - 10/07/2024 09:00:00,SCA|NO1,mFRR,Not Specified,Not Specified,MARGINAL,37.71,22.0
10/07/2024 09:00:00 - 10/07/2024 10:00:00,SCA|NO1,mFRR,Not Specified,Not Specified,MARGINAL,38.06,28.39
10/07/2024 10:00:00 - 10/07/2024 11:00:00,SCA|NO1,mFRR,Not Specified,Not Specified,MARGINAL,38.06,38.06
10/07/2024 11:00:00 - 10/07/2024 12:00:00,SCA|NO1,mFRR,Not Specified,Not Specified,MARGINAL,38.47,34.5
10/07/2024 12:00:00 - 10/07/2024 13:00:00,SCA|NO1,mFRR,Not Specified,Not Specified,MARGINAL,37.77,34.5
10/07/2024 13:00:00 - 10/07/2024 14:00:00,SCA|NO1,mFRR,Not Specified,Not Specified,MARGINAL,37.2,37.2
10/07/2024 14:00:00 - 10/07/2024 15:00:00,SCA|NO1,mFRR,Not Specified,Not Specified,MARGINAL,36.87,36.87
10/07/2024 15:00:00 - 10/07/2024 16:00:00,SCA|NO1,mFRR,Not Specified,Not Specified,MARGINAL,36.46,36.46
10/07/2024 16:00:00 - 10/07/2024 17:00:00,SCA|NO1,mFRR,Not Specified,Not Specified,MARGINAL,38.0,37.27
10/07/2024 17:00:00 - 10/07/2024 18:00:00,SCA|NO1,mFRR,Not Specified,Not Specified,MARGINAL,38.36,38.36
10/07/2024 18:00:00 - 10/07/2024 19:00:00,SCA|NO1,mFRR,Not Specified,Not Specified,MARGINAL,38.16,38.16
10/07/2024 19:00:00 - 10/07/2024 20:00:00,SCA|NO1,mFRR,Not Specified,Not Specified,MARGINAL,38.03,38.03
10/07/2024 20:00:00 - 10/07/2024 21:00:00,SCA|NO1,mFRR,Not Specified,Not Specified,MARGINAL,37.91,18.0
10/07/2024 21:00:00 - 10/07/2024 22:00:00,SCA|NO1,mFRR,Not Specified,Not Specified,MARGINAL,37.98,18.0
10/07/2024 22:00:00 - 10/07/2024 23:00:00,SCA|NO1,mFRR,Not Specified,Not Specified,MARGINAL,37.81,33.5
10/07/2024 23:00:00 - 11/07/2024 00:00:00,SCA|NO1,mFRR,Not Specified,Not Specified,MARGINAL,37.56,33.5
11/07/2024 00:00:00 - 11/07/2024 01:00:00,SCA|NO1,mFRR,Not Specified,Not Specified,MARGINAL,36.17,31.0
11/07/2024 01:00:00 - 11/07/2024 02:00:00,SCA|NO1,mFRR,Not Specified,Not Specified,MARGINAL,36.02,31.0
11/07/2024 02:00:00 - 11/07/2024 03:00:00,SCA|NO1,mFRR,Not Specified,Not Specified,MARGINAL,35.71,30.0
11/07/2024 03:00:00 - 11/07/2024 04:00:00,SCA|NO1,mFRR,Not Specified,Not Specified,MARGINAL,35.55,29.0
11/07/2024 04:00:00 - 11/07/2024 05:00:00,SCA|NO1,mFRR,Not Specified,Not Specified,MARGINAL,35.44,29.0
11/07/2024 05:00:00 - 11/07/2024 06:00:00,SCA|NO1,mFRR,Not Specified,Not Specified,MARGINAL,35.25,29.0
11/07/2024 06:00:00 - 11/07/2024 07:00:00,SCA|NO1,mFRR,Not Specified,Not Specified,MARGINAL,36.27,31.5
11/07/2024 07:00:00 - 11/07/2024 08:00:00,SCA|NO1,mFRR,Not Specified,Not Specified,MARGINAL,36.82,36.82
11/07/2024 08:00:00 - 11/07/2024 09:00:00,SCA|NO1,mFRR,Not Specified,Not Specified,MARGINAL,37.19,37.19
11/07/2024 09:00:00 - 11/07/2024 10:00:00,SCA|NO1,mFRR,Not Specified,Not Specified,MARGINAL,37.34,37.34
11/07/2024 10:00:00 - 11/07/2024 11:00:00,SCA|NO1,mFRR,Not Specified,Not Specified,MARGINAL,37.5,37.5
11/07/2024 11:00:00 - 11/07/2024 12:00:00,SCA|NO1,mFRR,Not Specified,Not Specified,MARGINAL,37.51,37.51
11/07/2024 12:00:00 - 11/07/2024 13:00:00,SCA|NO1,mFRR,Not Specified,Not Specified,MARGINAL,37.35,20.0
11/07/2024 13:00:00 - 11/07/2024 14:00:00,SCA|NO1,mFRR,Not Specified,Not Specified,MARGINAL,37.29,33.5
11/07/2024 14:00:00 - 11/07/2024 15:00:00,SCA|NO1,mFRR,Not Specified,Not Specified,MARGINAL,37.16,37.16
11/07/2024 15:00:00 - 11/07/2024 16:00:00,SCA|NO1,mFRR,Not Specified,Not Specified,MARGINAL,37.24,37.24
11/07/2024 16:00:00 - 11/07/2024 17:00:00,SCA|NO1,mFRR,Not Specified,Not Specified,MARGINAL,37.22,25.0
11/07/2024 17:00:00 - 11/07/2024 18:00:00,SCA|NO1,mFRR,Not Specified,Not Specified,MARGINAL,37.0,20.0
11/07/2024 18:00:00 - 11/07/2024 19:00:00,SCA|NO1,mFRR,Not Specified,Not Specified,MARGINAL,37.03,33.5
11/07/2024 19:00:00 - 11/07/2024 20:00:00,SCA|NO1,mFRR,Not Specified,Not Specified,MARGINAL,36.88,36.88
11/07/2024 20:00:00 - 11/07/2024 21:00:00,SCA|NO1,mFRR,Not Specified,Not Specified,MARGINAL,36.79,34.5
11/07/2024 21:00:00 - 11/07/2024 22:00:00,SCA|NO1,mFRR,Not Specified,Not Specified,MARGINAL,36.67,35.0
11/07/2024 22:00:00 - 11/07/2024 23:00:00,SCA|NO1,mFRR,Not Specified,Not Specified,MARGINAL,36.87,35.0
11/07/2024 23:00:00 - 12/07/2024 00:00:00,SCA|NO1,mFRR,Not Specified,Not Specified,MARGINAL,36.38,35.0
12/07/2024 00:00:00 - 12/07/2024 01:00:00,SCA|NO1,mFRR,Not Specified,Not Specified,MARGINAL,35.09,32.0
12/07/2024 01:00:00 - 12/07/2024 02:00:00,SCA|NO1,mFRR,Not Specified,Not Specified,MARGINAL,35.0,31.5
12/07/2024 02:00:00 - 12/07/2024 03:00:00,SCA|NO1,mFRR,Not Specified,Not Specified,MARGINAL,34.93,31.5
12/07/2024 03:00:00 - 12/07/2024 04:00:00,SCA|NO1,mFRR,Not Specified,Not Specified,MARGINAL,34.93,30.5
12/07/2024 04:00:00 - 12/07/2024 05:00:00,SCA|NO1,mFRR,Not Specified,Not Specified,MARGINAL,34.91,19.0
12/07/2024 05:00:00 - 12/07/2024 06:00:00,SCA|NO1,mFRR,Not Specified,Not Specified,MARGINAL,34.91,19.0
12/07/2024 06:00:00 - 12/07/2024 07:00:00,SCA|NO1,mFRR,Not Specified,Not Specified,MARGINAL,35.18,31.5
12/07/2024 07:00:00 - 12/07/2024 08:00:00,SCA|NO1,mFRR,Not Specified,Not Specified,MARGINAL,35.62,33.0
12/07/2024 08:00:00 - 12/07/2024 09:00:00,SCA|NO1,mFRR,Not Specified,Not Specified,MARGINAL,35.98,33.0
12/07/2024 09:00:00 - 12/07/2024 10:00:00,SCA|NO1,mFRR,Not Specified,Not Specified,MARGINAL,35.97,32.0
12/07/2024 10:00:00 - 12/07/2024 11:00:00,SCA|NO1,mFRR,Not Specified,Not Specified,MARGINAL,35.93,32.0
12/07/2024 11:00:00 - 12/07/2024 12:00:00,SCA|NO1,mFRR,Not Specified,Not Specified,MARGINAL,35.99,31.5
12/07/2024 12:00:00 - 12/07/2024 13:00:00,SCA|NO1,mFRR,Not Specified,Not Specified,MARGINAL,35.87,31.5
12/07/2024 13:00:00 - 12/07/2024 14:00:00,SCA|NO1,mFRR,Not Specified,Not Specified,MARGINAL,35.7,32.0
12/07/2024 14:00:00 - 12/07/2024 15:00:00,SCA|NO1,mFRR,Not Specified,Not Specified,MARGINAL,35.62,32.0
12/07/2024 15:00:00 - 12/07/2024 16:00:00,SCA|NO1,mFRR,Not Specified,Not Specified,MARGINAL,35.59,31.5
12/07/2024 16:00:00 - 12/07/2024 17:00:00,SCA|NO1,mFRR,Not Specified,Not Specified,MARGINAL,35.79,31.5
12/07/2024 17:00:00 - 12/07/2024 18:00:00,SCA|NO1,mFRR,Not Specified,Not Specified,MARGINAL,35.51,32.0
12/07/2024 18:00:00 - 12/07/2024 19:00:00,SCA|NO1,mFRR,Not Specified,Not Specified,MARGINAL,35.51,35.51
12/07/2024 19:00:00 - 12/07/2024 20:00:00,SCA|NO1,mFRR,Not Specified,Not Specified,MARGINAL,35.42,35.42
12/07/2024 20:00:00 - 12/07/2024 21:00:00,SCA|NO1,mFRR,Not Specified,Not Specified,MARGINAL,35.27,35.27
12/07/2024 21:00:00 - 12/07/2024 22:00:00,SCA|NO1,mFRR,Not Specified,Not Specified,MARGINAL,35.19,35.19
12/07/2024 22:00:00 - 12/07/2024 23:00:00,SCA|NO1,mFRR,Not Specified,Not Specified,MARGINAL,34.94,34.94
12/07/2024 23:00:00 - 13/07/2024 00:00:00,SCA|NO1,mFRR,Not Specified,Not Specified,MARGINAL,34.72,34.72
13/07/2024 00:00:00 - 13/07/2024 01:00:00,SCA|NO1,mFRR,Not Specified,Not Specified,MARGINAL,32.76,32.76
13/07/2024 01:00:00 - 13/07/2024 02:00:00,SCA|NO1,mFRR,Not Specified,Not Specified,MARGINAL,32.83,32.56
13/07/2024 02:00:00 - 13/07/2024 03:00:00,SCA|NO1,mFRR,Not Specified,Not Specified,MARGINAL,32.43,32.43
13/07/2024 03:00:00 - 13/07/2024 04:00:00,SCA|NO1,mFRR,Not Specified,Not Specified,MARGINAL,32.24,32.24
13/07/2024 04:00:00 - 13/07/2024 05:00:00,SCA|NO1,mFRR,Not Specified,Not Specified,MARGINAL,31.71,31.71
13/07/2024 05:00:00 - 13/07/2024 06:00:00,SCA|NO1,mFRR,Not Specified,Not Specified,MARGINAL,30.09,30.09
13/07/2024 06:00:00 - 13/07/2024 07:00:00,SCA|NO1,mFRR,Not Specified,Not Specified,MARGINAL,29.65,24.0
13/07/2024 07:00:00 - 13/07/2024 08:00:00,SCA|NO1,mFRR,Not Specified,Not Specified,MARGINAL,32.88,27.01
13/07/2024 08:00:00 - 13/07/2024 09:00:00,SCA|NO1,mFRR,Not Specified,Not Specified,MARGINAL,34.0,25.83
13/07/2024 09:00:00 - 13/07/2024 10:00:00,SCA|NO1,mFRR,Not Specified,Not Specified,MARGINAL,30.02,20.97
13/07/2024 10:00:00 - 13/07/2024 11:00:00,SCA|NO1,mFRR,Not Specified,Not Specified,MARGINAL,5.93,5.93
13/07/2024 11:00:00 - 13/07/2024 12:00:00,SCA|NO1,mFRR,Not Specified,Not Specified,MARGINAL,17.0,0.04
13/07/2024 12:00:00 - 13/07/2024 13:00:00,SCA|NO1,mFRR,Not Specified,Not Specified,MARGINAL,31.35,-0.01
13/07/2024 13:00:00 - 13/07/2024 14:00:00,SCA|NO1,mFRR,Not Specified,Not Specified,MARGINAL,30.0,-0.87
13/07/2024 14:00:00 - 13/07/2024 15:00:00,SCA|NO1,mFRR,Not Specified,Not Specified,MARGINAL,29.0,-0.81
13/07/2024 15:00:00 - 13/07/2024 16:00:00,SCA|NO1,mFRR,Not Specified,Not Specified,MARGINAL,23.76,-0.06
13/07/2024 16:00:00 - 13/07/2024 17:00:00,SCA|NO1,mFRR,Not Specified,Not Specified,MARGINAL,25.0,1.52
13/07/2024 17:00:00 - 13/07/2024 18:00:00,SCA|NO1,mFRR,Not Specified,Not Specified,MARGINAL,34.0,18.69
13/07/2024 18:00:00 - 13/07/2024 19:00:00,SCA|NO1,mFRR,Not Specified,Not Specified,MARGINAL,38.5,27.38
13/07/2024 19:00:00 - 13/07/2024 20:00:00,SCA|NO1,mFRR,Not Specified,Not Specified,MARGINAL,37.0,33.02
13/07/2024 20:00:00 - 13/07/2024 21:00:00,SCA|NO1,mFRR,Not Specified,Not Specified,MARGINAL,37.0,33.03
13/07/2024 21:00:00 - 13/07/2024 22:00:00,SCA|NO1,mFRR,Not Specified,Not Specified,MARGINAL,34.0,32.91
13/07/2024 22:00:00 - 13/07/2024 23:00:00,SCA|NO1,mFRR,Not Specified,Not Specified,MARGINAL,32.96,32.96
13/07/2024 23:00:00 - 14/07/2024 00:00:00,SCA|NO1,mFRR,Not Specified,Not Specified,MARGINAL,32.94,32.94
14/07/2024 00:00:00 - 14/07/2024 01:00:00,SCA|NO1,mFRR,Not Specified,Not Specified,MARGINAL,32.82,32.82
14/07/2024 01:00:00 - 14/07/2024 02:00:00,SCA|NO1,mFRR,Not Specified,Not Specified,MARGINAL,32.56,23.0
14/07/2024 02:00:00 - 14/07/2024 03:00:00,SCA|NO1,mFRR,Not Specified,Not Specified,MARGINAL,31.92,10.0
14/07/2024 03:00:00 - 14/07/2024 04:00:00,SCA|NO1,mFRR,Not Specified,Not Specified,MARGINAL,32.07,10.0
14/07/2024 04:00:00 - 14/07/2024 05:00:00,SCA|NO1,mFRR,Not Specified,Not Specified,MARGINAL,32.67,12.0
14/07/2024 05:00:00 - 14/07/2024 06:00:00,SCA|NO1,mFRR,Not Specified,Not Specified,MARGINAL,32.56,12.0
14/07/2024 06:00:00 - 14/07/2024 07:00:00,SCA|NO1,mFRR,Not Specified,Not Specified,MARGINAL,27.77,12.0
14/07/2024 07:00:00 - 14/07/2024 08:00:00,SCA|NO1,mFRR,Not Specified,Not Specified,MARGINAL,17.58,17.58
14/07/2024 08:00:00 - 14/07/2024 09:00:00,SCA|NO1,mFRR,Not Specified,Not Specified,MARGINAL,0.29,-2.0
14/07/2024 09:00:00 - 14/07/2024 10:00:00,SCA|NO1,mFRR,Not Specified,Not Specified,MARGINAL,-2.29,-5.5
14/07/2024 10:00:00 - 14/07/2024 11:00:00,SCA|NO1,mFRR,Not Specified,Not Specified,MARGINAL,-3.02,-5.76
14/07/2024 11:00:00 - 14/07/2024 12:00:00,SCA|NO1,mFRR,Not Specified,Not Specified,MARGINAL,-3.4,-5.0
14/07/2024 12:00:00 - 14/07/2024 13:00:00,SCA|NO1,mFRR,Not Specified,Not Specified,MARGINAL,-4.22,-4.22
14/07/2024 13:00:00 - 14/07/2024 14:00:00,SCA|NO1,mFRR,Not Specified,Not Specified,MARGINAL,-5.16,-5.16
14/07/2024 14:00:00 - 14/07/2024 15:00:00,SCA|NO1,mFRR,Not Specified,Not Specified,MARGINAL,-6.41,-6.41
14/07/2024 15:00:00 - 14/07/2024 16:00:00,SCA|NO1,mFRR,Not Specified,Not Specified,MARGINAL,-4.78,-5.0
14/07/2024 16:00:00 - 14/07/2024 17:00:00,SCA|NO1,mFRR,Not Specified,Not Specified,MARGINAL,7.65,7.65
14/07/2024 17:00:00 - 14/07/2024 18:00:00,SCA|NO1,mFRR,Not Specified,Not Specified,MARGINAL,24.47,24.47
14/07/2024 18:00:00 - 14/07/2024 19:00:00,SCA|NO1,mFRR,Not Specified,Not Specified,MARGINAL,31.97,19.24
14/07/2024 19:00:00 - 14/07/2024 20:00:00,SCA|NO1,mFRR,Not Specified,Not Specified,MARGINAL,33.6,33.6
14/07/2024 20:00:00 - 14/07/2024 21:00:00,SCA|NO1,mFRR,Not Specified,Not Specified,MARGINAL,33.6,33.6
14/07/2024 21:00:00 - 14/07/2024 22:00:00,SCA|NO1,mFRR,Not Specified,Not Specified,MARGINAL,33.56,33.56
14/07/2024 22:00:00 - 14/07/2024 23:00:00,SCA|NO1,mFRR,Not Specified,Not Specified,MARGINAL,33.63,33.63
14/07/2024 23:00:00 - 15/07/2024 00:00:00,SCA|NO1,mFRR,Not Specified,Not Specified,MARGINAL,33.37,30.0
15/07/2024 00:00:00 - 15/07/2024 01:00:00,SCA|NO1,mFRR,Not Specified,Not Specified,MARGINAL,32.94,30.0
15/07/2024 01:00:00 - 15/07/2024 02:00:00,SCA|NO1,mFRR,Not Specified,Not Specified,MARGINAL,32.78,30.0
15/07/2024 02:00:00 - 15/07/2024 03:00:00,SCA|NO1,mFRR,Not Specified,Not Specified,MARGINAL,32.59,32.59
15/07/2024 03:00:00 - 15/07/2024 04:00:00,SCA|NO1,mFRR,Not Specified,Not Specified,MARGINAL,32.84,32.33
15/07/2024 04:00:00 - 15/07/2024 05:00:00,SCA|NO1,mFRR,Not Specified,Not Specified,MARGINAL,32.5,32.01
15/07/2024 05:00:00 - 15/07/2024 06:00:00,SCA|NO1,mFRR,Not Specified,Not Specified,MARGINAL,32.4,31.33
15/07/2024 06:00:00 - 15/07/2024 07:00:00,SCA|NO1,mFRR,Not Specified,Not Specified,MARGINAL,32.0,32.0
15/07/2024 07:00:00 - 15/07/2024 08:00:00,SCA|NO1,mFRR,Not Specified,Not Specified,MARGINAL,32.98,20.0
15/07/2024 08:00:00 - 15/07/2024 09:00:00,SCA|NO1,mFRR,Not Specified,Not Specified,MARGINAL,32.94,20.0
15/07/2024 09:00:00 - 15/07/2024 10:00:00,SCA|NO1,mFRR,Not Specified,Not Specified,MARGINAL,34.0,28.0
15/07/2024 10:00:00 - 15/07/2024 11:00:00,SCA|NO1,mFRR,Not Specified,Not Specified,MARGINAL,31.62,20.0
15/07/2024 11:00:00 - 15/07/2024 12:00:00,SCA|NO1,mFRR,Not Specified,Not Specified,MARGINAL,21.29,10.0
15/07/2024 12:00:00 - 15/07/2024 13:00:00,SCA|NO1,mFRR,Not Specified,Not Specified,MARGINAL,15.87,9.0
15/07/2024 13:00:00 - 15/07/2024 14:00:00,SCA|NO1,mFRR,Not Specified,Not Specified,MARGINAL,10.0,10.0
15/07/2024 14:00:00 - 15/07/2024 15:00:00,SCA|NO1,mFRR,Not Specified,Not Specified,MARGINAL,18.39,18.39
15/07/2024 15:00:00 - 15/07/2024 16:00:00,SCA|NO1,mFRR,Not Specified,Not Specified,MARGINAL,26.61,25.99
15/07/2024 16:00:00 - 15/07/2024 17:00:00,SCA|NO1,mFRR,Not Specified,Not Specified,MARGINAL,31.7,31.7
15/07/2024 17:00:00 - 15/07/2024 18:00:00,SCA|NO1,mFRR,Not Specified,Not Specified,MARGINAL,32.65,29.0
15/07/2024 18:00:00 - 15/07/2024 19:00:00,SCA|NO1,mFRR,Not Specified,Not Specified,MARGINAL,32.65,29.0
15/07/2024 19:00:00 - 15/07/2024 20:00:00,SCA|NO1,mFRR,Not Specified,Not Specified,MARGINAL,32.64,32.64
15/07/2024 20:00:00 - 15/07/2024 21:00:00,SCA|NO1,mFRR,Not Specified,Not Specified,MARGINAL,32.68,32.68
15/07/2024 21:00:00 - 15/07/2024 22:00:00,SCA|NO1,mFRR,Not Specified,Not Specified,MARGINAL,32.55,32.55
15/07/2024 22:00:00 - 15/07/2024 23:00:00,SCA|NO1,mFRR,Not Specified,Not Specified,MARGINAL,32.5,32.5
15/07/2024 23:00:00 - 16/07/2024 00:00:00,SCA|NO1,mFRR,Not Specified,Not Specified,MARGINAL,32.8,32.8
16/07/2024 00:00:00 - 16/07/2024 01:00:00,SCA|NO1,mFRR,Not Specified,Not Specified,MARGINAL,29.34,29.34
16/07/2024 01:00:00 - 16/07/2024 02:00:00,SCA|NO1,mFRR,Not Specified,Not Specified,MARGINAL,29.25,29.25
16/07/2024 02:00:00 - 16/07/2024 03:00:00,SCA|NO1,mFRR,Not Specified,Not Specified,MARGINAL,29.03,29.03
16/07/2024 03:00:00 - 16/07/2024 04:00:00,SCA|NO1,mFRR,Not Specified,Not Specified,MARGINAL,29.02,29.02
16/07/2024 04:00:00 - 16/07/2024 05:00:00,SCA|NO1,mFRR,Not Specified,Not Specified,MARGINAL,28.82,28.82
16/07/2024 05:00:00 - 16/07/2024 06:00:00,SCA|NO1,mFRR,Not Specified,Not Specified,MARGINAL,28.73,28.73
16/07/2024 06:00:00 - 16/07/2024 07:00:00,SCA|NO1,mFRR,Not Specified,Not Specified,MARGINAL,29.02,29.02
16/07/2024 07:00:00 - 16/07/2024 08:00:00,SCA|NO1,mFRR,Not Specified,Not Specified,MARGINAL,31.65,25.0
16/07/2024 08:00:00 - 16/07/2024 09:00:00,SCA|NO1,mFRR,Not Specified,Not Specified,MARGINAL,32.01,27.0
16/07/2024 09:00:00 - 16/07/2024 10:00:00,SCA|NO1,mFRR,Not Specified,Not Specified,MARGINAL,32.46,32.46
16/07/2024 10:00:00 - 16/07/2024 11:00:00,SCA|NO1,mFRR,Not Specified,Not Specified,MARGINAL,29.39,29.39
16/07/2024 11:00:00 - 16/07/2024 12:00:00,SCA|NO1,mFRR,Not Specified,Not Specified,MARGINAL,21.26,21.26
16/07/2024 12:00:00 - 16/07/2024 13:00:00,SCA|NO1,mFRR,Not Specified,Not Specified,MARGINAL,28.54,15.84
16/07/2024 13:00:00 - 16/07/2024 14:00:00,SCA|NO1,mFRR,Not Specified,Not Specified,MARGINAL,24.0,13.59
16/07/2024 14:00:00 - 16/07/2024 15:00:00,SCA|NO1,mFRR,Not Specified,Not Specified,MARGINAL,14.05,14.05
16/07/2024 15:00:00 - 16/07/2024 16:00:00,SCA|NO1,mFRR,Not Specified,Not Specified,MARGINAL,19.11,19.11
16/07/2024 16:00:00 - 16/07/2024 17:00:00,SCA|NO1,mFRR,Not Specified,Not Specified,MARGINAL,23.82,23.82
16/07/2024 17:00:00 - 16/07/2024 18:00:00,SCA|NO1,mFRR,Not Specified,Not Specified,MARGINAL,29.3,29.3
16/07/2024 18:00:00 - 16/07/2024 19:00:00,SCA|NO1,mFRR,Not Specified,Not Specified,MARGINAL,33.12,32.01
16/07/2024 19:00:00 - 16/07/2024 20:00:00,SCA|NO1,mFRR,Not Specified,Not Specified,MARGINAL,36.28,31.9
16/07/2024 20:00:00 - 16/07/2024 21:00:00,SCA|NO1,mFRR,Not Specified,Not Specified,MARGINAL,42.32,31.81
16/07/2024 21:00:00 - 16/07/2024 22:00:00,SCA|NO1,mFRR,Not Specified,Not Specified,MARGINAL,35.04,31.72
16/07/2024 22:00:00 - 16/07/2024 23:00:00,SCA|NO1,mFRR,Not Specified,Not Specified,MARGINAL,35.97,31.74
16/07/2024 23:00:00 - 17/07/2024 00:00:00,SCA|NO1,mFRR,Not Specified,Not Specified,MARGINAL,32.01,32.01
17/07/2024 00:00:00 - 17/07/2024 01:00:00,SCA|NO1,mFRR,Not Specified,Not Specified,MARGINAL,29.94,29.94
17/07/2024 01:00:00 - 17/07/2024 02:00:00,SCA|NO1,mFRR,Not Specified,Not Specified,MARGINAL,29.0,26.8
17/07/2024 02:00:00 - 17/07/2024 03:00:00,SCA|NO1,mFRR,Not Specified,Not Specified,MARGINAL,28.03,26.5
17/07/2024 03:00:00 - 17/07/2024 04:00:00,SCA|NO1,mFRR,Not Specified,Not Specified,MARGINAL,27.91,25.5
17/07/2024 04:00:00 - 17/07/2024 05:00:00,SCA|NO1,mFRR,Not Specified,Not Specified,MARGINAL,27.78,27.78
17/07/2024 05:00:00 - 17/07/2024 06:00:00,SCA|NO1,mFRR,Not Specified,Not Specified,MARGINAL,27.37,27.37
17/07/2024 06:00:00 - 17/07/2024 07:00:00,SCA|NO1,mFRR,Not Specified,Not Specified,MARGINAL,28.02,19.5
17/07/2024 07:00:00 - 17/07/2024 08:00:00,SCA|NO1,mFRR,Not Specified,Not Specified,MARGINAL,28.76,18.5
17/07/2024 08:00:00 - 17/07/2024 09:00:00,SCA|NO1,mFRR,Not Specified,Not Specified,MARGINAL,29.9,21.0
17/07/2024 09:00:00 - 17/07/2024 10:00:00,SCA|NO1,mFRR,Not Specified,Not Specified,MARGINAL,30.28,28.0
17/07/2024 10:00:00 - 17/07/2024 11:00:00,SCA|NO1,mFRR,Not Specified,Not Specified,MARGINAL,30.02,30.02
17/07/2024 11:00:00 - 17/07/2024 12:00:00,SCA|NO1,mFRR,Not Specified,Not Specified,MARGINAL,31.64,31.64
17/07/2024 12:00:00 - 17/07/2024 13:00:00,SCA|NO1,mFRR,Not Specified,Not Specified,MARGINAL,30.69,30.69
17/07/2024 13:00:00 - 17/07/2024 14:00:00,SCA|NO1,mFRR,Not Specified,Not Specified,MARGINAL,23.95,23.95
17/07/2024 14:00:00 - 17/07/2024 15:00:00,SCA|NO1,mFRR,Not Specified,Not Specified,MARGINAL,26.5,12.28
17/07/2024 15:00:00 - 17/07/2024 16:00:00,SCA|NO1,mFRR,Not Specified,Not Specified,MARGINAL,24.95,24.95
17/07/2024 16:00:00 - 17/07/2024 17:00:00,SCA|NO1,mFRR,Not Specified,Not Specified,MARGINAL,29.95,19.0
17/07/2024 17:00:00 - 17/07/2024 18:00:00,SCA|NO1,mFRR,Not Specified,Not Specified,MARGINAL,28.03,19.0
17/07/2024 18:00:00 - 17/07/2024 19:00:00,SCA|NO1,mFRR,Not Specified,Not Specified,MARGINAL,28.03,16.0
17/07/2024 19:00:00 - 17/07/2024 20:00:00,SCA|NO1,mFRR,Not Specified,Not Specified,MARGINAL,27.99,16.0
17/07/2024 20:00:00 - 17/07/2024 21:00:00,SCA|NO1,mFRR,Not Specified,Not Specified,MARGINAL,27.92,18.0
17/07/2024 21:00:00 - 17/07/2024 22:00:00,SCA|NO1,mFRR,Not Specified,Not Specified,MARGINAL,27.79,20.0
17/07/2024 22:00:00 - 17/07/2024 23:00:00,SCA|NO1,mFRR,Not Specified,Not Specified,MARGINAL,29.91,20.0
17/07/2024 23:00:00 - 18/07/2024 00:00:00,SCA|NO1,mFRR,Not Specified,Not Specified,MARGINAL,28.7,28.0
18/07/2024 00:00:00 - 18/07/2024 01:00:00,SCA|NO1,mFRR,Not Specified,Not Specified,MARGINAL,27.61,22.5
18/07/2024 01:00:00 - 18/07/2024 02:00:00,SCA|NO1,mFRR,Not Specified,Not Specified,MARGINAL,26.0,25.87
18/07/2024 02:00:00 - 18/07/2024 03:00:00,SCA|NO1,mFRR,Not Specified,Not Specified,MARGINAL,26.0,25.91
18/07/2024 03:00:00 - 18/07/2024 04:00:00,SCA|NO1,mFRR,Not Specified,Not Specified,MARGINAL,25.39,25.39
18/07/2024 04:00:00 - 18/07/2024 05:00:00,SCA|NO1,mFRR,Not Specified,Not Specified,MARGINAL,25.62,25.62
18/07/2024 05:00:00 - 18/07/2024 06:00:00,SCA|NO1,mFRR,Not Specified,Not Specified,MARGINAL,25.29,25.29
18/07/2024 06:00:00 - 18/07/2024 07:00:00,SCA|NO1,mFRR,Not Specified,Not Specified,MARGINAL,25.59,25.59
18/07/2024 07:00:00 - 18/07/2024 08:00:00,SCA|NO1,mFRR,Not Specified,Not Specified,MARGINAL,27.83,27.83
18/07/2024 08:00:00 - 18/07/2024 09:00:00,SCA|NO1,mFRR,Not Specified,Not Specified,MARGINAL,27.82,27.82
18/07/2024 09:00:00 - 18/07/2024 10:00:00,SCA|NO1,mFRR,Not Specified,Not Specified,MARGINAL,28.66,16.0
18/07/2024 10:00:00 - 18/07/2024 11:00:00,SCA|NO1,mFRR,Not Specified,Not Specified,MARGINAL,28.49,17.0
18/07/2024 11:00:00 - 18/07/2024 12:00:00,SCA|NO1,mFRR,Not Specified,Not Specified,MARGINAL,29.11,19.0
18/07/2024 12:00:00 - 18/07/2024 13:00:00,SCA|NO1,mFRR,Not Specified,Not Specified,MARGINAL,28.47,14.1
18/07/2024 13:00:00 - 18/07/2024 14:00:00,SCA|NO1,mFRR,Not Specified,Not Specified,MARGINAL,30.8,2.0
18/07/2024 14:00:00 - 18/07/2024 15:00:00,SCA|NO1,mFRR,Not Specified,Not Specified,MARGINAL,32.16,2.0
18/07/2024 15:00:00 - 18/07/2024 16:00:00,SCA|NO1,mFRR,Not Specified,Not Specified,MARGINAL,29.82,10.0
18/07/2024 16:00:00 - 18/07/2024 17:00:00,SCA|NO1,mFRR,Not Specified,Not Specified,MARGINAL,26.42,26.42
18/07/2024 17:00:00 - 18/07/2024 18:00:00,SCA|NO1,mFRR,Not Specified,Not Specified,MARGINAL,27.82,27.82
18/07/2024 18:00:00 - 18/07/2024 19:00:00,SCA|NO1,mFRR,Not Specified,Not Specified,MARGINAL,27.82,27.82
18/07/2024 19:00:00 - 18/07/2024 20:00:00,SCA|NO1,mFRR,Not Specified,Not Specified,MARGINAL,26.68,26.68
18/07/2024 20:00:00 - 18/07/2024 21:00:00,SCA|NO1,mFRR,Not Specified,Not Specified,MARGINAL,25.97,25.97
18/07/2024 21:00:00 - 18/07/2024 22:00:00,SCA|NO1,mFRR,Not Specified,Not Specified,MARGINAL,25.58,25.58
18/07/2024 22:00:00 - 18/07/2024 23:00:00,SCA|NO1,mFRR,Not Specified,Not Specified,MARGINAL,28.0,28.0
18/07/2024 23:00:00 - 19/07/2024 00:00:00,SCA|NO1,mFRR,Not Specified,Not Specified,MARGINAL,27.61,27.61
19/07/2024 00:00:00 - 19/07/2024 01:00:00,SCA|NO1,mFRR,Not Specified,Not Specified,MARGINAL,26.46,26.46
19/07/2024 01:00:00 - 19/07/2024 02:00:00,SCA|NO1,mFRR,Not Specified,Not Specified,MARGINAL,25.22,25.22
19/07/2024 02:00:00 - 19/07/2024 03:00:00,SCA|NO1,mFRR,Not Specified,Not Specified,MARGINAL,26.0,25.01
19/07/2024 03:00:00 - 19/07/2024 04:00:00,SCA|NO1,mFRR,Not Specified,Not Specified,MARGINAL,25.5,24.64
19/07/2024 04:00:00 - 19/07/2024 05:00:00,SCA|NO1,mFRR,Not Specified,Not Specified,MARGINAL,25.5,24.7
19/07/2024 05:00:00 - 19/07/2024 06:00:00,SCA|NO1,mFRR,Not Specified,Not Specified,MARGINAL,25.5,24.34
19/07/2024 06:00:00 - 19/07/2024 07:00:00,SCA|NO1,mFRR,Not Specified,Not Specified,MARGINAL,23.96,23.96
19/07/2024 07:00:00 - 19/07/2024 08:00:00,SCA|NO1,mFRR,Not Specified,Not Specified,MARGINAL,24.54,24.54
19/07/2024 08:00:00 - 19/07/2024 09:00:00,SCA|NO1,mFRR,Not Specified,Not Specified,MARGINAL,25.86,24.0
19/07/2024 09:00:00 - 19/07/2024 10:00:00,SCA|NO1,mFRR,Not Specified,Not Specified,MARGINAL,25.21,23.46
19/07/2024 10:00:00 - 19/07/2024 11:00:00,SCA|NO1,mFRR,Not Specified,Not Specified,MARGINAL,25.83,20.0
19/07/2024 11:00:00 - 19/07/2024 12:00:00,SCA|NO1,mFRR,Not Specified,Not Specified,MARGINAL,24.55,20.0
19/07/2024 12:00:00 - 19/07/2024 13:00:00,SCA|NO1,mFRR,Not Specified,Not Specified,MARGINAL,24.99,21.96
19/07/2024 13:00:00 - 19/07/2024 14:00:00,SCA|NO1,mFRR,Not Specified,Not Specified,MARGINAL,25.26,17.0
19/07/2024 14:00:00 - 19/07/2024 15:00:00,SCA|NO1,mFRR,Not Specified,Not Specified,MARGINAL,25.57,15.5
19/07/2024 15:00:00 - 19/07/2024 16:00:00,SCA|NO1,mFRR,Not Specified,Not Specified,MARGINAL,25.79,24.0
19/07/2024 16:00:00 - 19/07/2024 17:00:00,SCA|NO1,mFRR,Not Specified,Not Specified,MARGINAL,25.68,25.68
19/07/2024 17:00:00 - 19/07/2024 18:00:00,SCA|NO1,mFRR,Not Specified,Not Specified,MARGINAL,25.82,20.0
19/07/2024 18:00:00 - 19/07/2024 19:00:00,SCA|NO1,mFRR,Not Specified,Not Specified,MARGINAL,25.21,25.21
19/07/2024 19:00:00 - 19/07/2024 20:00:00,SCA|NO1,mFRR,Not Specified,Not Specified,MARGINAL,25.28,25.28
19/07/2024 20:00:00 - 19/07/2024 21:00:00,SCA|NO1,mFRR,Not Specified,Not Specified,MARGINAL,28.0,25.51
19/07/2024 21:00:00 - 19/07/2024 22:00:00,SCA|NO1,mFRR,Not Specified,Not Specified,MARGINAL,27.78,26.93
19/07/2024 22:00:00 - 19/07/2024 23:00:00,SCA|NO1,mFRR,Not Specified,Not Specified,MARGINAL,27.13,27.13
19/07/2024 23:00:00 - 20/07/2024 00:00:00,SCA|NO1,mFRR,Not Specified,Not Specified,MARGINAL,27.0,26.82
20/07/2024 00:00:00 - 20/07/2024 01:00:00,SCA|NO1,mFRR,Not Specified,Not Specified,MARGINAL,27.0,24.54
20/07/2024 01:00:00 - 20/07/2024 02:00:00,SCA|NO1,mFRR,Not Specified,Not Specified,MARGINAL,24.0,23.52
20/07/2024 02:00:00 - 20/07/2024 03:00:00,SCA|NO1,mFRR,Not Specified,Not Specified,MARGINAL,23.04,23.04
20/07/2024 03:00:00 - 20/07/2024 04:00:00,SCA|NO1,mFRR,Not Specified,Not Specified,MARGINAL,22.97,16.0
20/07/2024 04:00:00 - 20/07/2024 05:00:00,SCA|NO1,mFRR,Not Specified,Not Specified,MARGINAL,21.24,16.0
20/07/2024 05:00:00 - 20/07/2024 06:00:00,SCA|NO1,mFRR,Not Specified,Not Specified,MARGINAL,20.94,16.0
20/07/2024 06:00:00 - 20/07/2024 07:00:00,SCA|NO1,mFRR,Not Specified,Not Specified,MARGINAL,21.93,21.93
20/07/2024 07:00:00 - 20/07/2024 08:00:00,SCA|NO1,mFRR,Not Specified,Not Specified,MARGINAL,23.15,23.15
20/07/2024 08:00:00 - 20/07/2024 09:00:00,SCA|NO1,mFRR,Not Specified,Not Specified,MARGINAL,25.0,23.57
20/07/2024 09:00:00 - 20/07/2024 10:00:00,SCA|NO1,mFRR,Not Specified,Not Specified,MARGINAL,25.41,25.41
20/07/2024 10:00:00 - 20/07/2024 11:00:00,SCA|NO1,mFRR,Not Specified,Not Specified,MARGINAL,23.52,23.52
20/07/2024 11:00:00 - 20/07/2024 12:00:00,SCA|NO1,mFRR,Not Specified,Not Specified,MARGINAL,11.71,11.71
20/07/2024 12:00:00 - 20/07/2024 13:00:00,SCA|NO1,mFRR,Not Specified,Not Specified,MARGINAL,1.37,0.0
20/07/2024 13:00:00 - 20/07/2024 14:00:00,SCA|NO1,mFRR,Not Specified,Not Specified,MARGINAL,0.02,-3.0
20/07/2024 14:00:00 - 20/07/2024 15:00:00,SCA|NO1,mFRR,Not Specified,Not Specified,MARGINAL,0.44,-3.0
20/07/2024 15:00:00 - 20/07/2024 16:00:00,SCA|NO1,mFRR,Not Specified,Not Specified,MARGINAL,10.6,-3.0
20/07/2024 16:00:00 - 20/07/2024 17:00:00,SCA|NO1,mFRR,Not Specified,Not Specified,MARGINAL,22.47,0.0
20/07/2024 17:00:00 - 20/07/2024 18:00:00,SCA|NO1,mFRR,Not Specified,Not Specified,MARGINAL,25.25,16.5
20/07/2024 18:00:00 - 20/07/2024 19:00:00,SCA|NO1,mFRR,Not Specified,Not Specified,MARGINAL,25.21,25.21
20/07/2024 19:00:00 - 20/07/2024 20:00:00,SCA|NO1,mFRR,Not Specified,Not Specified,MARGINAL,25.21,25.21
20/07/2024 20:00:00 - 20/07/2024 21:00:00,SCA|NO1,mFRR,Not Specified,Not Specified,MARGINAL,24.52,16.0
20/07/2024 21:00:00 - 20/07/2024 22:00:00,SCA|NO1,mFRR,Not Specified,Not Specified,MARGINAL,23.77,18.0
20/07/2024 22:00:00 - 20/07/2024 23:00:00,SCA|NO1,mFRR,Not Specified,Not Specified,MARGINAL,23.95,23.95
20/07/2024 23:00:00 - 21/07/2024 00:00:00,SCA|NO1,mFRR,Not Specified,Not Specified,MARGINAL,23.72,16.0
21/07/2024 00:00:00 - 21/07/2024 01:00:00,SCA|NO1,mFRR,Not Specified,Not Specified,MARGINAL,23.73,16.38
21/07/2024 01:00:00 - 21/07/2024 02:00:00,SCA|NO1,mFRR,Not Specified,Not Specified,MARGINAL,23.52,23.52
21/07/2024 02:00:00 - 21/07/2024 03:00:00,SCA|NO1,mFRR,Not Specified,Not Specified,MARGINAL,23.51,23.51
21/07/2024 03:00:00 - 21/07/2024 04:00:00,SCA|NO1,mFRR,Not Specified,Not Specified,MARGINAL,22.99,14.48
21/07/2024 04:00:00 - 21/07/2024 05:00:00,SCA|NO1,mFRR,Not Specified,Not Specified,MARGINAL,21.88,0.5
21/07/2024 05:00:00 - 21/07/2024 06:00:00,SCA|NO1,mFRR,Not Specified,Not Specified,MARGINAL,21.41,-0.5
21/07/2024 06:00:00 - 21/07/2024 07:00:00,SCA|NO1,mFRR,Not Specified,Not Specified,MARGINAL,21.93,-0.5
21/07/2024 07:00:00 - 21/07/2024 08:00:00,SCA|NO1,mFRR,Not Specified,Not Specified,MARGINAL,23.51,23.51
21/07/2024 08:00:00 - 21/07/2024 09:00:00,SCA|NO1,mFRR,Not Specified,Not Specified,MARGINAL,28.97,28.97
21/07/2024 09:00:00 - 21/07/2024 10:00:00,SCA|NO1,mFRR,Not Specified,Not Specified,MARGINAL,20.43,20.43
21/07/2024 10:00:00 - 21/07/2024 11:00:00,SCA|NO1,mFRR,Not Specified,Not Specified,MARGINAL,9.93,3.0
21/07/2024 11:00:00 - 21/07/2024 12:00:00,SCA|NO1,mFRR,Not Specified,Not Specified,MARGINAL,0.62,-1.0
21/07/2024 12:00:00 - 21/07/2024 13:00:00,SCA|NO1,mFRR,Not Specified,Not Specified,MARGINAL,0.02,-0.48
21/07/2024 13:00:00 - 21/07/2024 14:00:00,SCA|NO1,mFRR,Not Specified,Not Specified,MARGINAL,-0.06,-0.06
21/07/2024 14:00:00 - 21/07/2024 15:00:00,SCA|NO1,mFRR,Not Specified,Not Specified,MARGINAL,2.03,2.03
21/07/2024 15:00:00 - 21/07/2024 16:00:00,SCA|NO1,mFRR,Not Specified,Not Specified,MARGINAL,15.71,2.5
21/07/2024 16:00:00 - 21/07/2024 17:00:00,SCA|NO1,mFRR,Not Specified,Not Specified,MARGINAL,23.51,16.0
21/07/2024 17:00:00 - 21/07/2024 18:00:00,SCA|NO1,mFRR,Not Specified,Not Specified,MARGINAL,30.0,28.92
21/07/2024 18:00:00 - 21/07/2024 19:00:00,SCA|NO1,mFRR,Not Specified,Not Specified,MARGINAL,29.59,23.96
21/07/2024 19:00:00 - 21/07/2024 20:00:00,SCA|NO1,mFRR,Not Specified,Not Specified,MARGINAL,27.5,23.73
21/07/2024 20:00:00 - 21/07/2024 21:00:00,SCA|NO1,mFRR,Not Specified,Not Specified,MARGINAL,27.0,23.72
21/07/2024 21:00:00 - 21/07/2024 22:00:00,SCA|NO1,mFRR,Not Specified,Not Specified,MARGINAL,27.0,23.51
21/07/2024 22:00:00 - 21/07/2024 23:00:00,SCA|NO1,mFRR,Not Specified,Not Specified,MARGINAL,28.0,23.73
21/07/2024 23:00:00 - 22/07/2024 00:00:00,SCA|NO1,mFRR,Not Specified,Not Specified,MARGINAL,23.25,15.0
22/07/2024 00:00:00 - 22/07/2024 01:00:00,SCA|NO1,mFRR,Not Specified,Not Specified,MARGINAL,21.99,15.0
22/07/2024 01:00:00 - 22/07/2024 02:00:00,SCA|NO1,mFRR,Not Specified,Not Specified,MARGINAL,21.26,19.0
22/07/2024 02:00:00 - 22/07/2024 03:00:00,SCA|NO1,mFRR,Not Specified,Not Specified,MARGINAL,27.0,20.15
22/07/2024 03:00:00 - 22/07/2024 04:00:00,SCA|NO1,mFRR,Not Specified,Not Specified,MARGINAL,27.0,20.03
22/07/2024 04:00:00 - 22/07/2024 05:00:00,SCA|NO1,mFRR,Not Specified,Not Specified,MARGINAL,27.0,20.17
22/07/2024 05:00:00 - 22/07/2024 06:00:00,SCA|NO1,mFRR,Not Specified,Not Specified,MARGINAL,21.71,19.0
22/07/2024 06:00:00 - 22/07/2024 07:00:00,SCA|NO1,mFRR,Not Specified,Not Specified,MARGINAL,23.67,13.4
22/07/2024 07:00:00 - 22/07/2024 08:00:00,SCA|NO1,mFRR,Not Specified,Not Specified,MARGINAL,24.46,20.0
22/07/2024 08:00:00 - 22/07/2024 09:00:00,SCA|NO1,mFRR,Not Specified,Not Specified,MARGINAL,24.96,21.0
22/07/2024 09:00:00 - 22/07/2024 10:00:00,SCA|NO1,mFRR,Not Specified,Not Specified,MARGINAL,24.63,23.0
22/07/2024 10:00:00 - 22/07/2024 11:00:00,SCA|NO1,mFRR,Not Specified,Not Specified,MARGINAL,24.54,23.46
22/07/2024 11:00:00 - 22/07/2024 12:00:00,SCA|NO1,mFRR,Not Specified,Not Specified,MARGINAL,28.0,23.96
22/07/2024 12:00:00 - 22/07/2024 13:00:00,SCA|NO1,mFRR,Not Specified,Not Specified,MARGINAL,28.0,23.97
22/07/2024 13:00:00 - 22/07/2024 14:00:00,SCA|NO1,mFRR,Not Specified,Not Specified,MARGINAL,25.58,16.0
22/07/2024 14:00:00 - 22/07/2024 15:00:00,SCA|NO1,mFRR,Not Specified,Not Specified,MARGINAL,19.41,2.0
22/07/2024 15:00:00 - 22/07/2024 16:00:00,SCA|NO1,mFRR,Not Specified,Not Specified,MARGINAL,20.38,2.0
22/07/2024 16:00:00 - 22/07/2024 17:00:00,SCA|NO1,mFRR,Not Specified,Not Specified,MARGINAL,22.82,18.0
22/07/2024 17:00:00 - 22/07/2024 18:00:00,SCA|NO1,mFRR,Not Specified,Not Specified,MARGINAL,24.17,19.0
22/07/2024 18:00:00 - 22/07/2024 19:00:00,SCA|NO1,mFRR,Not Specified,Not Specified,MARGINAL,25.02,20.5
22/07/2024 19:00:00 - 22/07/2024 20:00:00,SCA|NO1,mFRR,Not Specified,Not Specified,MARGINAL,24.94,24.94
22/07/2024 20:00:00 - 22/07/2024 21:00:00,SCA|NO1,mFRR,Not Specified,Not Specified,MARGINAL,24.98,24.98
22/07/2024 21:00:00 - 22/07/2024 22:00:00,SCA|NO1,mFRR,Not Specified,Not Specified,MARGINAL,24.97,24.97
22/07/2024 22:00:00 - 22/07/2024 23:00:00,SCA|NO1,mFRR,Not Specified,Not Specified,MARGINAL,23.59,23.59
22/07/2024 23:00:00 - 23/07/2024 00:00:00,SCA|NO1,mFRR,Not Specified,Not Specified,MARGINAL,22.75,22.75
23/07/2024 00:00:00 - 23/07/2024 01:00:00,SCA|NO1,mFRR,Not Specified,Not Specified,MARGINAL,26.4,26.4
23/07/2024 01:00:00 - 23/07/2024 02:00:00,SCA|NO1,mFRR,Not Specified,Not Specified,MARGINAL,24.95,24.95
23/07/2024 02:00:00 - 23/07/2024 03:00:00,SCA|NO1,mFRR,Not Specified,Not Specified,MARGINAL,23.79,23.79
23/07/2024 03:00:00 - 23/07/2024 04:00:00,SCA|NO1,mFRR,Not Specified,Not Specified,MARGINAL,23.72,23.72
23/07/2024 04:00:00 - 23/07/2024 05:00:00,SCA|NO1,mFRR,Not Specified,Not Specified,MARGINAL,27.0,23.56
23/07/2024 05:00:00 - 23/07/2024 06:00:00,SCA|NO1,mFRR,Not Specified,Not Specified,MARGINAL,27.0,22.72
23/07/2024 06:00:00 - 23/07/2024 07:00:00,SCA|NO1,mFRR,Not Specified,Not Specified,MARGINAL,26.0,21.9
23/07/2024 07:00:00 - 23/07/2024 08:00:00,SCA|NO1,mFRR,Not Specified,Not Specified,MARGINAL,23.93,23.93
23/07/2024 08:00:00 - 23/07/2024 09:00:00,SCA|NO1,mFRR,Not Specified,Not Specified,MARGINAL,24.51,24.51
23/07/2024 09:00:00 - 23/07/2024 10:00:00,SCA|NO1,mFRR,Not Specified,Not Specified,MARGINAL,24.12,24.12
23/07/2024 10:00:00 - 23/07/2024 11:00:00,SCA|NO1,mFRR,Not Specified,Not Specified,MARGINAL,23.73,21.54
23/07/2024 11:00:00 - 23/07/2024 12:00:00,SCA|NO1,mFRR,Not Specified,Not Specified,MARGINAL,23.44,21.02
23/07/2024 12:00:00 - 23/07/2024 13:00:00,SCA|NO1,mFRR,Not Specified,Not Specified,MARGINAL,23.43,23.43
23/07/2024 13:00:00 - 23/07/2024 14:00:00,SCA|NO1,mFRR,Not Specified,Not Specified,MARGINAL,23.35,23.35
23/07/2024 14:00:00 - 23/07/2024 15:00:00,SCA|NO1,mFRR,Not Specified,Not Specified,MARGINAL,23.4,23.4
23/07/2024 15:00:00 - 23/07/2024 16:00:00,SCA|NO1,mFRR,Not Specified,Not Specified,MARGINAL,23.22,23.22
23/07/2024 16:00:00 - 23/07/2024 17:00:00,SCA|NO1,mFRR,Not Specified,Not Specified,MARGINAL,22.9,22.9
23/07/2024 17:00:00 - 23/07/2024 18:00:00,SCA|NO1,mFRR,Not Specified,Not Specified,MARGINAL,23.52,23.52
23/07/2024 18:00:00 - 23/07/2024 19:00:00,SCA|NO1,mFRR,Not Specified,Not Specified,MARGINAL,23.99,23.99
23/07/2024 19:00:00 - 23/07/2024 20:00:00,SCA|NO1,mFRR,Not Specified,Not Specified,MARGINAL,24.46,24.46
23/07/2024 20:00:00 - 23/07/2024 21:00:00,SCA|NO1,mFRR,Not Specified,Not Specified,MARGINAL,23.72,23.72
23/07/2024 21:00:00 - 23/07/2024 22:00:00,SCA|NO1,mFRR,Not Specified,Not Specified,MARGINAL,23.39,23.39
23/07/2024 22:00:00 - 23/07/2024 23:00:00,SCA|NO1,mFRR,Not Specified,Not Specified,MARGINAL,25.27,25.27
23/07/2024 23:00:00 - 24/07/2024 00:00:00,SCA|NO1,mFRR,Not Specified,Not Specified,MARGINAL,23.83,19.0
24/07/2024 00:00:00 - 24/07/2024 01:00:00,SCA|NO1,mFRR,Not Specified,Not Specified,MARGINAL,22.92,19.7
24/07/2024 01:00:00 - 24/07/2024 02:00:00,SCA|NO1,mFRR,Not Specified,Not Specified,MARGINAL,21.87,18.0
24/07/2024 02:00:00 - 24/07/2024 03:00:00,SCA|NO1,mFRR,Not Specified,Not Specified,MARGINAL,20.98,1.0
24/07/2024 03:00:00 - 24/07/2024 04:00:00,SCA|NO1,mFRR,Not Specified,Not Specified,MARGINAL,20.94,1.0
24/07/2024 04:00:00 - 24/07/2024 05:00:00,SCA|NO1,mFRR,Not Specified,Not Specified,MARGINAL,20.91,1.0
24/07/2024 05:00:00 - 24/07/2024 06:00:00,SCA|NO1,mFRR,Not Specified,Not Specified,MARGINAL,20.58,1.0
24/07/2024 06:00:00 - 24/07/2024 07:00:00,SCA|NO1,mFRR,Not Specified,Not Specified,MARGINAL,22.04,10.5
24/07/2024 07:00:00 - 24/07/2024 08:00:00,SCA|NO1,mFRR,Not Specified,Not Specified,MARGINAL,22.96,14.0
24/07/2024 08:00:00 - 24/07/2024 09:00:00,SCA|NO1,mFRR,Not Specified,Not Specified,MARGINAL,24.0,14.0
24/07/2024 09:00:00 - 24/07/2024 10:00:00,SCA|NO1,mFRR,Not Specified,Not Specified,MARGINAL,24.59,14.0
24/07/2024 10:00:00 - 24/07/2024 11:00:00,SCA|NO1,mFRR,Not Specified,Not Specified,MARGINAL,24.95,14.5
24/07/2024 11:00:00 - 24/07/2024 12:00:00,SCA|NO1,mFRR,Not Specified,Not Specified,MARGINAL,26.18,20.1
24/07/2024 12:00:00 - 24/07/2024 13:00:00,SCA|NO1,mFRR,Not Specified,Not Specified,MARGINAL,25.11,15.51
24/07/2024 13:00:00 - 24/07/2024 14:00:00,SCA|NO1,mFRR,Not Specified,Not Specified,MARGINAL,5.17,5.17
24/07/2024 14:00:00 - 24/07/2024 15:00:00,SCA|NO1,mFRR,Not Specified,Not Specified,MARGINAL,5.68,1.0
24/07/2024 15:00:00 - 24/07/2024 16:00:00,SCA|NO1,mFRR,Not Specified,Not Specified,MARGINAL,15.29,1.0
24/07/2024 16:00:00 - 24/07/2024 17:00:00,SCA|NO1,mFRR,Not Specified,Not Specified,MARGINAL,25.0,19.45
24/07/2024 17:00:00 - 24/07/2024 18:00:00,SCA|NO1,mFRR,Not Specified,Not Specified,MARGINAL,24.78,17.0
24/07/2024 18:00:00 - 24/07/2024 19:00:00,SCA|NO1,mFRR,Not Specified,Not Specified,MARGINAL,25.68,17.0
24/07/2024 19:00:00 - 24/07/2024 20:00:00,SCA|NO1,mFRR,Not Specified,Not Specified,MARGINAL,25.92,25.92
24/07/2024 20:00:00 - 24/07/2024 21:00:00,SCA|NO1,mFRR,Not Specified,Not Specified,MARGINAL,24.99,24.99
24/07/2024 21:00:00 - 24/07/2024 22:00:00,SCA|NO1,mFRR,Not Specified,Not Specified,MARGINAL,24.19,24.19
24/07/2024 22:00:00 - 24/07/2024 23:00:00,SCA|NO1,mFRR,Not Specified,Not Specified,MARGINAL,23.62,23.62
24/07/2024 23:00:00 - 25/07/2024 00:00:00,SCA|NO1,mFRR,Not Specified,Not Specified,MARGINAL,25.0,22.21
25/07/2024 00:00:00 - 25/07/2024 01:00:00,SCA|NO1,mFRR,Not Specified,Not Specified,MARGINAL,24.0,21.91
25/07/2024 01:00:00 - 25/07/2024 02:00:00,SCA|NO1,mFRR,Not Specified,Not Specified,MARGINAL,24.0,21.54
25/07/2024 02:00:00 - 25/07/2024 03:00:00,SCA|NO1,mFRR,Not Specified,Not Specified,MARGINAL,21.24,21.24
25/07/2024 03:00:00 - 25/07/2024 04:00:00,SCA|NO1,mFRR,Not Specified,Not Specified,MARGINAL,21.08,21.08
25/07/2024 04:00:00 - 25/07/2024 05:00:00,SCA|NO1,mFRR,Not Specified,Not Specified,MARGINAL,21.15,21.15
25/07/2024 05:00:00 - 25/07/2024 06:00:00,SCA|NO1,mFRR,Not Specified,Not Specified,MARGINAL,21.04,21.04
25/07/2024 06:00:00 - 25/07/2024 07:00:00,SCA|NO1,mFRR,Not Specified,Not Specified,MARGINAL,22.3,22.3
25/07/2024 07:00:00 - 25/07/2024 08:00:00,SCA|NO1,mFRR,Not Specified,Not Specified,MARGINAL,24.06,24.06
25/07/2024 08:00:00 - 25/07/2024 09:00:00,SCA|NO1,mFRR,Not Specified,Not Specified,MARGINAL,24.79,24.79
25/07/2024 09:00:00 - 25/07/2024 10:00:00,SCA|NO1,mFRR,Not Specified,Not Specified,MARGINAL,25.15,25.15
25/07/2024 10:00:00 - 25/07/2024 11:00:00,SCA|NO1,mFRR,Not Specified,Not Specified,MARGINAL,25.13,25.0
25/07/2024 11:00:00 - 25/07/2024 12:00:00,SCA|NO1,mFRR,Not Specified,Not Specified,MARGINAL,24.34,17.0
25/07/2024 12:00:00 - 25/07/2024 13:00:00,SCA|NO1,mFRR,Not Specified,Not Specified,MARGINAL,23.73,18.0
25/07/2024 13:00:00 - 25/07/2024 14:00:00,SCA|NO1,mFRR,Not Specified,Not Specified,MARGINAL,17.94,2.0
25/07/2024 14:00:00 - 25/07/2024 15:00:00,SCA|NO1,mFRR,Not Specified,Not Specified,MARGINAL,17.22,2.0
25/07/2024 15:00:00 - 25/07/2024 16:00:00,SCA|NO1,mFRR,Not Specified,Not Specified,MARGINAL,22.25,13.0
25/07/2024 16:00:00 - 25/07/2024 17:00:00,SCA|NO1,mFRR,Not Specified,Not Specified,MARGINAL,23.51,13.5
25/07/2024 17:00:00 - 25/07/2024 18:00:00,SCA|NO1,mFRR,Not Specified,Not Specified,MARGINAL,23.99,14.0
25/07/2024 18:00:00 - 25/07/2024 19:00:00,SCA|NO1,mFRR,Not Specified,Not Specified,MARGINAL,24.48,14.0
25/07/2024 19:00:00 - 25/07/2024 20:00:00,SCA|NO1,mFRR,Not Specified,Not Specified,MARGINAL,24.79,14.0
25/07/2024 20:00:00 - 25/07/2024 21:00:00,SCA|NO1,mFRR,Not Specified,Not Specified,MARGINAL,24.0,13.0
25/07/2024 21:00:00 - 25/07/2024 22:00:00,SCA|NO1,mFRR,Not Specified,Not Specified,MARGINAL,23.32,8.12
25/07/2024 22:00:00 - 25/07/2024 23:00:00,SCA|NO1,mFRR,Not Specified,Not Specified,MARGINAL,23.62,10.0
25/07/2024 23:00:00 - 26/07/2024 00:00:00,SCA|NO1,mFRR,Not Specified,Not Specified,MARGINAL,21.67,14.0
26/07/2024 00:00:00 - 26/07/2024 01:00:00,SCA|NO1,mFRR,Not Specified,Not Specified,MARGINAL,25.0,20.55
26/07/2024 01:00:00 - 26/07/2024 02:00:00,SCA|NO1,mFRR,Not Specified,Not Specified,MARGINAL,25.0,19.92
26/07/2024 02:00:00 - 26/07/2024 03:00:00,SCA|NO1,mFRR,Not Specified,Not Specified,MARGINAL,19.08,19.08
26/07/2024 03:00:00 - 26/07/2024 04:00:00,SCA|NO1,mFRR,Not Specified,Not Specified,MARGINAL,18.92,18.92
26/07/2024 04:00:00 - 26/07/2024 05:00:00,SCA|NO1,mFRR,Not Specified,Not Specified,MARGINAL,22.0,18.8
26/07/2024 05:00:00 - 26/07/2024 06:00:00,SCA|NO1,mFRR,Not Specified,Not Specified,MARGINAL,22.0,18.92
26/07/2024 06:00:00 - 26/07/2024 07:00:00,SCA|NO1,mFRR,Not Specified,Not Specified,MARGINAL,22.5,19.17
26/07/2024 07:00:00 - 26/07/2024 08:00:00,SCA|NO1,mFRR,Not Specified,Not Specified,MARGINAL,22.5,20.07
26/07/2024 08:00:00 - 26/07/2024 09:00:00,SCA|NO1,mFRR,Not Specified,Not Specified,MARGINAL,20.85,20.0
26/07/2024 09:00:00 - 26/07/2024 10:00:00,SCA|NO1,mFRR,Not Specified,Not Specified,MARGINAL,20.8,20.0
26/07/2024 10:00:00 - 26/07/2024 11:00:00,SCA|NO1,mFRR,Not Specified,Not Specified,MARGINAL,20.22,20.22
26/07/2024 11:00:00 - 26/07/2024 12:00:00,SCA|NO1,mFRR,Not Specified,Not Specified,MARGINAL,19.56,19.56
26/07/2024 12:00:00 - 26/07/2024 13:00:00,SCA|NO1,mFRR,Not Specified,Not Specified,MARGINAL,19.51,19.51
26/07/2024 13:00:00 - 26/07/2024 14:00:00,SCA|NO1,mFRR,Not Specified,Not Specified,MARGINAL,25.5,19.11
26/07/2024 14:00:00 - 26/07/2024 15:00:00,SCA|NO1,mFRR,Not Specified,Not Specified,MARGINAL,25.5,19.12
26/07/2024 15:00:00 - 26/07/2024 16:00:00,SCA|NO1,mFRR,Not Specified,Not Specified,MARGINAL,21.23,19.23
26/07/2024 16:00:00 - 26/07/2024 17:00:00,SCA|NO1,mFRR,Not Specified,Not Specified,MARGINAL,23.0,19.29
26/07/2024 17:00:00 - 26/07/2024 18:00:00,SCA|NO1,mFRR,Not Specified,Not Specified,MARGINAL,25.5,20.4
26/07/2024 18:00:00 - 26/07/2024 19:00:00,SCA|NO1,mFRR,Not Specified,Not Specified,MARGINAL,20.74,20.74
26/07/2024 19:00:00 - 26/07/2024 20:00:00,SCA|NO1,mFRR,Not Specified,Not Specified,MARGINAL,20.93,20.93
26/07/2024 20:00:00 - 26/07/2024 21:00:00,SCA|NO1,mFRR,Not Specified,Not Specified,MARGINAL,21.06,21.06
26/07/2024 21:00:00 - 26/07/2024 22:00:00,SCA|NO1,mFRR,Not Specified,Not Specified,MARGINAL,20.58,20.58
26/07/2024 22:00:00 - 26/07/2024 23:00:00,SCA|NO1,mFRR,Not Specified,Not Specified,MARGINAL,20.3,20.3
26/07/2024 23:00:00 - 27/07/2024 00:00:00,SCA|NO1,mFRR,Not Specified,Not Specified,MARGINAL,19.55,19.55
27/07/2024 00:00:00 - 27/07/2024 01:00:00,SCA|NO1,mFRR,Not Specified,Not Specified,MARGINAL,27.0,20.04
27/07/2024 01:00:00 - 27/07/2024 02:00:00,SCA|NO1,mFRR,Not Specified,Not Specified,MARGINAL,27.77,19.62
27/07/2024 02:00:00 - 27/07/2024 03:00:00,SCA|NO1,mFRR,Not Specified,Not Specified,MARGINAL,24.5,19.34
27/07/2024 03:00:00 - 27/07/2024 04:00:00,SCA|NO1,mFRR,Not Specified,Not Specified,MARGINAL,19.39,19.39
27/07/2024 04:00:00 - 27/07/2024 05:00:00,SCA|NO1,mFRR,Not Specified,Not Specified,MARGINAL,19.63,19.63
27/07/2024 05:00:00 - 27/07/2024 06:00:00,SCA|NO1,mFRR,Not Specified,Not Specified,MARGINAL,19.79,19.79
27/07/2024 06:00:00 - 27/07/2024 07:00:00,SCA|NO1,mFRR,Not Specified,Not Specified,MARGINAL,20.46,20.46
27/07/2024 07:00:00 - 27/07/2024 08:00:00,SCA|NO1,mFRR,Not Specified,Not Specified,MARGINAL,20.97,20.97
27/07/2024 08:00:00 - 27/07/2024 09:00:00,SCA|NO1,mFRR,Not Specified,Not Specified,MARGINAL,21.88,21.88
27/07/2024 09:00:00 - 27/07/2024 10:00:00,SCA|NO1,mFRR,Not Specified,Not Specified,MARGINAL,22.48,22.48
27/07/2024 10:00:00 - 27/07/2024 11:00:00,SCA|NO1,mFRR,Not Specified,Not Specified,MARGINAL,21.99,21.99
27/07/2024 11:00:00 - 27/07/2024 12:00:00,SCA|NO1,mFRR,Not Specified,Not Specified,MARGINAL,21.55,21.55
27/07/2024 12:00:00 - 27/07/2024 13:00:00,SCA|NO1,mFRR,Not Specified,Not Specified,MARGINAL,20.99,20.99
27/07/2024 13:00:00 - 27/07/2024 14:00:00,SCA|NO1,mFRR,Not Specified,Not Specified,MARGINAL,17.8,17.8
27/07/2024 14:00:00 - 27/07/2024 15:00:00,SCA|NO1,mFRR,Not Specified,Not Specified,MARGINAL,17.92,17.92
27/07/2024 15:00:00 - 27/07/2024 16:00:00,SCA|NO1,mFRR,Not Specified,Not Specified,MARGINAL,20.24,20.24
27/07/2024 16:00:00 - 27/07/2024 17:00:00,SCA|NO1,mFRR,Not Specified,Not Specified,MARGINAL,20.63,14.0
27/07/2024 17:00:00 - 27/07/2024 18:00:00,SCA|NO1,mFRR,Not Specified,Not Specified,MARGINAL,20.98,14.0
27/07/2024 18:00:00 - 27/07/2024 19:00:00,SCA|NO1,mFRR,Not Specified,Not Specified,MARGINAL,21.79,16.0
27/07/2024 19:00:00 - 27/07/2024 20:00:00,SCA|NO1,mFRR,Not Specified,Not Specified,MARGINAL,22.54,16.0
27/07/2024 20:00:00 - 27/07/2024 21:00:00,SCA|NO1,mFRR,Not Specified,Not Specified,MARGINAL,22.23,18.0
27/07/2024 21:00:00 - 27/07/2024 22:00:00,SCA|NO1,mFRR,Not Specified,Not Specified,MARGINAL,21.77,21.77
27/07/2024 22:00:00 - 27/07/2024 23:00:00,SCA|NO1,mFRR,Not Specified,Not Specified,MARGINAL,21.63,21.63
27/07/2024 23:00:00 - 28/07/2024 00:00:00,SCA|NO1,mFRR,Not Specified,Not Specified,MARGINAL,25.63,20.75
28/07/2024 00:00:00 - 28/07/2024 01:00:00,SCA|NO1,mFRR,Not Specified,Not Specified,MARGINAL,25.0,21.75
28/07/2024 01:00:00 - 28/07/2024 02:00:00,SCA|NO1,mFRR,Not Specified,Not Specified,MARGINAL,21.32,21.32
28/07/2024 02:00:00 - 28/07/2024 03:00:00,SCA|NO1,mFRR,Not Specified,Not Specified,MARGINAL,20.76,20.76
28/07/2024 03:00:00 - 28/07/2024 04:00:00,SCA|NO1,mFRR,Not Specified,Not Specified,MARGINAL,20.25,20.25
28/07/2024 04:00:00 - 28/07/2024 05:00:00,SCA|NO1,mFRR,Not Specified,Not Specified,MARGINAL,20.01,20.01
28/07/2024 05:00:00 - 28/07/2024 06:00:00,SCA|NO1,mFRR,Not Specified,Not Specified,MARGINAL,19.9,19.9
28/07/2024 06:00:00 - 28/07/2024 07:00:00,SCA|NO1,mFRR,Not Specified,Not Specified,MARGINAL,20.97,20.97
28/07/2024 07:00:00 - 28/07/2024 08:00:00,SCA|NO1,mFRR,Not Specified,Not Specified,MARGINAL,21.68,21.5
28/07/2024 08:00:00 - 28/07/2024 09:00:00,SCA|NO1,mFRR,Not Specified,Not Specified,MARGINAL,22.14,22.14
28/07/2024 09:00:00 - 28/07/2024 10:00:00,SCA|NO1,mFRR,Not Specified,Not Specified,MARGINAL,4.99,4.99
28/07/2024 10:00:00 - 28/07/2024 11:00:00,SCA|NO1,mFRR,Not Specified,Not Specified,MARGINAL,0.0,-10.0
28/07/2024 11:00:00 - 28/07/2024 12:00:00,SCA|NO1,mFRR,Not Specified,Not Specified,MARGINAL,-2.43,-16.0
28/07/2024 12:00:00 - 28/07/2024 13:00:00,SCA|NO1,mFRR,Not Specified,Not Specified,MARGINAL,-15.04,-50.0
28/07/2024 13:00:00 - 28/07/2024 14:00:00,SCA|NO1,mFRR,Not Specified,Not Specified,MARGINAL,-29.8,-45.0
28/07/2024 14:00:00 - 28/07/2024 15:00:00,SCA|NO1,mFRR,Not Specified,Not Specified,MARGINAL,-48.69,-49.69
28/07/2024 15:00:00 - 28/07/2024 16:00:00,SCA|NO1,mFRR,Not Specified,Not Specified,MARGINAL,-33.53,-33.8
28/07/2024 16:00:00 - 28/07/2024 17:00:00,SCA|NO1,mFRR,Not Specified,Not Specified,MARGINAL,-13.28,-13.78
28/07/2024 17:00:00 - 28/07/2024 18:00:00,SCA|NO1,mFRR,Not Specified,Not Specified,MARGINAL,1.0,1.0
28/07/2024 18:00:00 - 28/07/2024 19:00:00,SCA|NO1,mFRR,Not Specified,Not Specified,MARGINAL,21.33,21.33
28/07/2024 19:00:00 - 28/07/2024 20:00:00,SCA|NO1,mFRR,Not Specified,Not Specified,MARGINAL,21.95,19.0
28/07/2024 20:00:00 - 28/07/2024 21:00:00,SCA|NO1,mFRR,Not Specified,Not Specified,MARGINAL,27.0,21.5
28/07/2024 21:00:00 - 28/07/2024 22:00:00,SCA|NO1,mFRR,Not Specified,Not Specified,MARGINAL,27.0,21.88
28/07/2024 22:00:00 - 28/07/2024 23:00:00,SCA|NO1,mFRR,Not Specified,Not Specified,MARGINAL,25.0,22.38
28/07/2024 23:00:00 - 29/07/2024 00:00:00,SCA|NO1,mFRR,Not Specified,Not Specified,MARGINAL,21.81,21.81
29/07/2024 00:00:00 - 29/07/2024 01:00:00,SCA|NO1,mFRR,Not Specified,Not Specified,MARGINAL,21.26,10.0
29/07/2024 01:00:00 - 29/07/2024 02:00:00,SCA|NO1,mFRR,Not Specified,Not Specified,MARGINAL,21.01,10.0
29/07/2024 02:00:00 - 29/07/2024 03:00:00,SCA|NO1,mFRR,Not Specified,Not Specified,MARGINAL,20.95,8.5
29/07/2024 03:00:00 - 29/07/2024 04:00:00,SCA|NO1,mFRR,Not Specified,Not Specified,MARGINAL,20.94,8.5
29/07/2024 04:00:00 - 29/07/2024 05:00:00,SCA|NO1,mFRR,Not Specified,Not Specified,MARGINAL,20.95,8.5
29/07/2024 05:00:00 - 29/07/2024 06:00:00,SCA|NO1,mFRR,Not Specified,Not Specified,MARGINAL,20.95,12.0
29/07/2024 06:00:00 - 29/07/2024 07:00:00,SCA|NO1,mFRR,Not Specified,Not Specified,MARGINAL,22.18,22.18
29/07/2024 07:00:00 - 29/07/2024 08:00:00,SCA|NO1,mFRR,Not Specified,Not Specified,MARGINAL,24.59,24.59
29/07/2024 08:00:00 - 29/07/2024 09:00:00,SCA|NO1,mFRR,Not Specified,Not Specified,MARGINAL,26.34,26.34
29/07/2024 09:00:00 - 29/07/2024 10:00:00,SCA|NO1,mFRR,Not Specified,Not Specified,MARGINAL,27.43,17.5
29/07/2024 10:00:00 - 29/07/2024 11:00:00,SCA|NO1,mFRR,Not Specified,Not Specified,MARGINAL,23.77,13.0
29/07/2024 11:00:00 - 29/07/2024 12:00:00,SCA|NO1,mFRR,Not Specified,Not Specified,MARGINAL,20.97,12.0
29/07/2024 12:00:00 - 29/07/2024 13:00:00,SCA|NO1,mFRR,Not Specified,Not Specified,MARGINAL,4.18,0.0
29/07/2024 13:00:00 - 29/07/2024 14:00:00,SCA|NO1,mFRR,Not Specified,Not Specified,MARGINAL,-1.7,-2.0
29/07/2024 14:00:00 - 29/07/2024 15:00:00,SCA|NO1,mFRR,Not Specified,Not Specified,MARGINAL,-0.02,-2.0
29/07/2024 15:00:00 - 29/07/2024 16:00:00,SCA|NO1,mFRR,Not Specified,Not Specified,MARGINAL,20.82,13.0
29/07/2024 16:00:00 - 29/07/2024 17:00:00,SCA|NO1,mFRR,Not Specified,Not Specified,MARGINAL,22.7,13.0
29/07/2024 17:00:00 - 29/07/2024 18:00:00,SCA|NO1,mFRR,Not Specified,Not Specified,MARGINAL,26.11,26.11
29/07/2024 18:00:00 - 29/07/2024 19:00:00,SCA|NO1,mFRR,Not Specified,Not Specified,MARGINAL,26.12,26.12
29/07/2024 19:00:00 - 29/07/2024 20:00:00,SCA|NO1,mFRR,Not Specified,Not Specified,MARGINAL,28.0,25.69
29/07/2024 20:00:00 - 29/07/2024 21:00:00,SCA|NO1,mFRR,Not Specified,Not Specified,MARGINAL,28.0,26.19
29/07/2024 21:00:00 - 29/07/2024 22:00:00,SCA|NO1,mFRR,Not Specified,Not Specified,MARGINAL,28.0,25.26
29/07/2024 22:00:00 - 29/07/2024 23:00:00,SCA|NO1,mFRR,Not Specified,Not Specified,MARGINAL,25.89,25.89
29/07/2024 23:00:00 - 30/07/2024 00:00:00,SCA|NO1,mFRR,Not Specified,Not Specified,MARGINAL,25.0,24.3
30/07/2024 00:00:00 - 30/07/2024 01:00:00,SCA|NO1,mFRR,Not Specified,Not Specified,MARGINAL,28.0,23.05
30/07/2024 01:00:00 - 30/07/2024 02:00:00,SCA|NO1,mFRR,Not Specified,Not Specified,MARGINAL,28.0,22.74
30/07/2024 02:00:00 - 30/07/2024 03:00:00,SCA|NO1,mFRR,Not Specified,Not Specified,MARGINAL,27.5,22.73
30/07/2024 03:00:00 - 30/07/2024 04:00:00,SCA|NO1,mFRR,Not Specified,Not Specified,MARGINAL,25.62,22.63
30/07/2024 04:00:00 - 30/07/2024 05:00:00,SCA|NO1,mFRR,Not Specified,Not Specified,MARGINAL,25.62,22.59
30/07/2024 05:00:00 - 30/07/2024 06:00:00,SCA|NO1,mFRR,Not Specified,Not Specified,MARGINAL,25.62,22.43
30/07/2024 06:00:00 - 30/07/2024 07:00:00,SCA|NO1,mFRR,Not Specified,Not Specified,MARGINAL,28.0,22.76
30/07/2024 07:00:00 - 30/07/2024 08:00:00,SCA|NO1,mFRR,Not Specified,Not Specified,MARGINAL,28.0,23.02
30/07/2024 08:00:00 - 30/07/2024 09:00:00,SCA|NO1,mFRR,Not Specified,Not Specified,MARGINAL,28.0,23.21
30/07/2024 09:00:00 - 30/07/2024 10:00:00,SCA|NO1,mFRR,Not Specified,Not Specified,MARGINAL,28.0,23.43
30/07/2024 10:00:00 - 30/07/2024 11:00:00,SCA|NO1,mFRR,Not Specified,Not Specified,MARGINAL,27.0,23.46
30/07/2024 11:00:00 - 30/07/2024 12:00:00,SCA|NO1,mFRR,Not Specified,Not Specified,MARGINAL,23.96,21.91
30/07/2024 12:00:00 - 30/07/2024 13:00:00,SCA|NO1,mFRR,Not Specified,Not Specified,MARGINAL,8.0,1.09
30/07/2024 13:00:00 - 30/07/2024 14:00:00,SCA|NO1,mFRR,Not Specified,Not Specified,MARGINAL,0.01,0.01
30/07/2024 14:00:00 - 30/07/2024 15:00:00,SCA|NO1,mFRR,Not Specified,Not Specified,MARGINAL,19.0,1.0
30/07/2024 15:00:00 - 30/07/2024 16:00:00,SCA|NO1,mFRR,Not Specified,Not Specified,MARGINAL,24.69,22.11
30/07/2024 16:00:00 - 30/07/2024 17:00:00,SCA|NO1,mFRR,Not Specified,Not Specified,MARGINAL,25.0,23.08
30/07/2024 17:00:00 - 30/07/2024 18:00:00,SCA|NO1,mFRR,Not Specified,Not Specified,MARGINAL,23.13,23.13
30/07/2024 18:00:00 - 30/07/2024 19:00:00,SCA|NO1,mFRR,Not Specified,Not Specified,MARGINAL,24.72,23.35
30/07/2024 19:00:00 - 30/07/2024 20:00:00,SCA|NO1,mFRR,Not Specified,Not Specified,MARGINAL,28.0,23.13
30/07/2024 20:00:00 - 30/07/2024 21:00:00,SCA|NO1,mFRR,Not Specified,Not Specified,MARGINAL,30.0,23.15
30/07/2024 21:00:00 - 30/07/2024 22:00:00,SCA|NO1,mFRR,Not Specified,Not Specified,MARGINAL,30.0,23.0
30/07/2024 22:00:00 - 30/07/2024 23:00:00,SCA|NO1,mFRR,Not Specified,Not Specified,MARGINAL,25.0,23.22
30/07/2024 23:00:00 - 31/07/2024 00:00:00,SCA|NO1,mFRR,Not Specified,Not Specified,MARGINAL,23.18,23.18
31/07/2024 00:00:00 - 31/07/2024 01:00:00,SCA|NO1,mFRR,Not Specified,Not Specified,MARGINAL,23.27,23.27
31/07/2024 01:00:00 - 31/07/2024 02:00:00,SCA|NO1,mFRR,Not Specified,Not Specified,MARGINAL,22.98,22.98
31/07/2024 02:00:00 - 31/07/2024 03:00:00,SCA|NO1,mFRR,Not Specified,Not Specified,MARGINAL,22.9,22.9
31/07/2024 03:00:00 - 31/07/2024 04:00:00,SCA|NO1,mFRR,Not Specified,Not Specified,MARGINAL,22.33,22.33
31/07/2024 04:00:00 - 31/07/2024 05:00:00,SCA|NO1,mFRR,Not Specified,Not Specified,MARGINAL,22.24,22.24
31/07/2024 05:00:00 - 31/07/2024 06:00:00,SCA|NO1,mFRR,Not Specified,Not Specified,MARGINAL,22.12,22.12
31/07/2024 06:00:00 - 31/07/2024 07:00:00,SCA|NO1,mFRR,Not Specified,Not Specified,MARGINAL,22.5,22.5
31/07/2024 07:00:00 - 31/07/2024 08:00:00,SCA|NO1,mFRR,Not Specified,Not Specified,MARGINAL,23.77,23.77
31/07/2024 08:00:00 - 31/07/2024 09:00:00,SCA|NO1,mFRR,Not Specified,Not Specified,MARGINAL,23.92,23.92
31/07/2024 09:00:00 - 31/07/2024 10:00:00,SCA|NO1,mFRR,Not Specified,Not Specified,MARGINAL,24.18,24.18
31/07/2024 10:00:00 - 31/07/2024 11:00:00,SCA|NO1,mFRR,Not Specified,Not Specified,MARGINAL,25.24,24.0
31/07/2024 11:00:00 - 31/07/2024 12:00:00,SCA|NO1,mFRR,Not Specified,Not Specified,MARGINAL,24.94,24.0
31/07/2024 12:00:00 - 31/07/2024 13:00:00,SCA|NO1,mFRR,Not Specified,Not Specified,MARGINAL,21.74,20.0
31/07/2024 13:00:00 - 31/07/2024 14:00:00,SCA|NO1,mFRR,Not Specified,Not Specified,MARGINAL,11.73,11.73
31/07/2024 14:00:00 - 31/07/2024 15:00:00,SCA|NO1,mFRR,Not Specified,Not Specified,MARGINAL,20.11,19.0
31/07/2024 15:00:00 - 31/07/2024 16:00:00,SCA|NO1,mFRR,Not Specified,Not Specified,MARGINAL,24.18,13.5
31/07/2024 16:00:00 - 31/07/2024 17:00:00,SCA|NO1,mFRR,Not Specified,Not Specified,MARGINAL,22.99,13.5
31/07/2024 17:00:00 - 31/07/2024 18:00:00,SCA|NO1,mFRR,Not Specified,Not Specified,MARGINAL,22.95,10.0
31/07/2024 18:00:00 - 31/07/2024 19:00:00,SCA|NO1,mFRR,Not Specified,Not Specified,MARGINAL,22.77,10.0
31/07/2024 19:00:00 - 31/07/2024 20:00:00,SCA|NO1,mFRR,Not Specified,Not Specified,MARGINAL,22.34,22.34
31/07/2024 20:00:00 - 31/07/2024 21:00:00,SCA|NO1,mFRR,Not Specified,Not Specified,MARGINAL,26.0,22.97
31/07/2024 21:00:00 - 31/07/2024 22:00:00,SCA|NO1,mFRR,Not Specified,Not Specified,MARGINAL,26.0,22.91
31/07/2024 22:00:00 - 31/07/2024 23:00:00,SCA|NO1,mFRR,Not Specified,Not Specified,MARGINAL,23.11,23.11
31/07/2024 23:00:00 - 01/08/2024 00:00:00,SCA|NO1,mFRR,Not Specified,Not Specified,MARGINAL,23.36,23.36
01/08/2024 00:00:00 - 01/08/2024 01:00:00,SCA|NO1,mFRR,Not Specified,Not Specified,MARGINAL,23.48,23.48
01/08/2024 01:00:00 - 01/08/2024 02:00:00,SCA|NO1,mFRR,Not Specified,Not Specified,MARGINAL,23.24,19.0
01/08/2024 02:00:00 - 01/08/2024 03:00:00,SCA|NO1,mFRR,Not Specified,Not Specified,MARGINAL,23.19,19.0
01/08/2024 03:00:00 - 01/08/2024 04:00:00,SCA|NO1,mFRR,Not Specified,Not Specified,MARGINAL,22.99,20.0
01/08/2024 04:00:00 - 01/08/2024 05:00:00,SCA|NO1,mFRR,Not Specified,Not Specified,MARGINAL,22.99,8.04
01/08/2024 05:00:00 - 01/08/2024 06:00:00,SCA|NO1,mFRR,Not Specified,Not Specified,MARGINAL,22.99,2.0
01/08/2024 06:00:00 - 01/08/2024 07:00:00,SCA|NO1,mFRR,Not Specified,Not Specified,MARGINAL,23.92,2.0
01/08/2024 07:00:00 - 01/08/2024 08:00:00,SCA|NO1,mFRR,Not Specified,Not Specified,MARGINAL,24.99,24.99
01/08/2024 08:00:00 - 01/08/2024 09:00:00,SCA|NO1,mFRR,Not Specified,Not Specified,MARGINAL,25.52,25.52
01/08/2024 09:00:00 - 01/08/2024 10:00:00,SCA|NO1,mFRR,Not Specified,Not Specified,MARGINAL,25.52,25.52
01/08/2024 10:00:00 - 01/08/2024 11:00:00,SCA|NO1,mFRR,Not Specified,Not Specified,MARGINAL,25.49,21.0
01/08/2024 11:00:00 - 01/08/2024 12:00:00,SCA|NO1,mFRR,Not Specified,Not Specified,MARGINAL,25.2,16.0
01/08/2024 12:00:00 - 01/08/2024 13:00:00,SCA|NO1,mFRR,Not Specified,Not Specified,MARGINAL,25.16,15.0
01/08/2024 13:00:00 - 01/08/2024 14:00:00,SCA|NO1,mFRR,Not Specified,Not Specified,MARGINAL,24.94,15.0
01/08/2024 14:00:00 - 01/08/2024 15:00:00,SCA|NO1,mFRR,Not Specified,Not Specified,MARGINAL,24.52,19.0
01/08/2024 15:00:00 - 01/08/2024 16:00:00,SCA|NO1,mFRR,Not Specified,Not Specified,MARGINAL,24.24,20.0
01/08/2024 16:00:00 - 01/08/2024 17:00:00,SCA|NO1,mFRR,Not Specified,Not Specified,MARGINAL,24.19,19.0
01/08/2024 17:00:00 - 01/08/2024 18:00:00,SCA|NO1,mFRR,Not Specified,Not Specified,MARGINAL,24.23,20.0
01/08/2024 18:00:00 - 01/08/2024 19:00:00,SCA|NO1,mFRR,Not Specified,Not Specified,MARGINAL,24.23,24.23
01/08/2024 19:00:00 - 01/08/2024 20:00:00,SCA|NO1,mFRR,Not Specified,Not Specified,MARGINAL,24.98,24.2
01/08/2024 20:00:00 - 01/08/2024 21:00:00,SCA|NO1,mFRR,Not Specified,Not Specified,MARGINAL,24.98,24.19
01/08/2024 21:00:00 - 01/08/2024 22:00:00,SCA|NO1,mFRR,Not Specified,Not Specified,MARGINAL,23.94,23.94
01/08/2024 22:00:00 - 01/08/2024 23:00:00,SCA|NO1,mFRR,Not Specified,Not Specified,MARGINAL,24.68,24.5
01/08/2024 23:00:00 - 02/08/2024 00:00:00,SCA|NO1,mFRR,Not Specified,Not Specified,MARGINAL,24.42,24.42
02/08/2024 00:00:00 - 02/08/2024 01:00:00,SCA|NO1,mFRR,Not Specified,Not Specified,MARGINAL,24.28,23.7
02/08/2024 01:00:00 - 02/08/2024 02:00:00,SCA|NO1,mFRR,Not Specified,Not Specified,MARGINAL,23.21,23.21
02/08/2024 02:00:00 - 02/08/2024 03:00:00,SCA|NO1,mFRR,Not Specified,Not Specified,MARGINAL,24.67,22.98
02/08/2024 03:00:00 - 02/08/2024 04:00:00,SCA|NO1,mFRR,Not Specified,Not Specified,MARGINAL,24.67,22.85
02/08/2024 04:00:00 - 02/08/2024 05:00:00,SCA|NO1,mFRR,Not Specified,Not Specified,MARGINAL,24.67,22.74
02/08/2024 05:00:00 - 02/08/2024 06:00:00,SCA|NO1,mFRR,Not Specified,Not Specified,MARGINAL,22.75,22.75
02/08/2024 06:00:00 - 02/08/2024 07:00:00,SCA|NO1,mFRR,Not Specified,Not Specified,MARGINAL,24.18,24.18
02/08/2024 07:00:00 - 02/08/2024 08:00:00,SCA|NO1,mFRR,Not Specified,Not Specified,MARGINAL,24.34,24.34
02/08/2024 08:00:00 - 02/08/2024 09:00:00,SCA|NO1,mFRR,Not Specified,Not Specified,MARGINAL,25.38,25.38
02/08/2024 09:00:00 - 02/08/2024 10:00:00,SCA|NO1,mFRR,Not Specified,Not Specified,MARGINAL,25.5,25.18
02/08/2024 10:00:00 - 02/08/2024 11:00:00,SCA|NO1,mFRR,Not Specified,Not Specified,MARGINAL,27.59,25.25
02/08/2024 11:00:00 - 02/08/2024 12:00:00,SCA|NO1,mFRR,Not Specified,Not Specified,MARGINAL,27.59,24.98
02/08/2024 12:00:00 - 02/08/2024 13:00:00,SCA|NO1,mFRR,Not Specified,Not Specified,MARGINAL,24.57,24.57
02/08/2024 13:00:00 - 02/08/2024 14:00:00,SCA|NO1,mFRR,Not Specified,Not Specified,MARGINAL,24.66,24.66
02/08/2024 14:00:00 - 02/08/2024 15:00:00,SCA|NO1,mFRR,Not Specified,Not Specified,MARGINAL,24.4,24.22
02/08/2024 15:00:00 - 02/08/2024 16:00:00,SCA|NO1,mFRR,Not Specified,Not Specified,MARGINAL,24.4,24.39
02/08/2024 16:00:00 - 02/08/2024 17:00:00,SCA|NO1,mFRR,Not Specified,Not Specified,MARGINAL,24.23,21.95
02/08/2024 17:00:00 - 02/08/2024 18:00:00,SCA|NO1,mFRR,Not Specified,Not Specified,MARGINAL,23.36,18.0
02/08/2024 18:00:00 - 02/08/2024 19:00:00,SCA|NO1,mFRR,Not Specified,Not Specified,MARGINAL,23.53,18.0
02/08/2024 19:00:00 - 02/08/2024 20:00:00,SCA|NO1,mFRR,Not Specified,Not Specified,MARGINAL,23.64,21.0
02/08/2024 20:00:00 - 02/08/2024 21:00:00,SCA|NO1,mFRR,Not Specified,Not Specified,MARGINAL,23.66,23.66
02/08/2024 21:00:00 - 02/08/2024 22:00:00,SCA|NO1,mFRR,Not Specified,Not Specified,MARGINAL,23.16,23.16
02/08/2024 22:00:00 - 02/08/2024 23:00:00,SCA|NO1,mFRR,Not Specified,Not Specified,MARGINAL,23.76,23.76
02/08/2024 23:00:00 - 03/08/2024 00:00:00,SCA|NO1,mFRR,Not Specified,Not Specified,MARGINAL,23.36,23.36
03/08/2024 00:00:00 - 03/08/2024 01:00:00,SCA|NO1,mFRR,Not Specified,Not Specified,MARGINAL,24.0,22.11
03/08/2024 01:00:00 - 03/08/2024 02:00:00,SCA|NO1,mFRR,Not Specified,Not Specified,MARGINAL,22.94,21.63
03/08/2024 02:00:00 - 03/08/2024 03:00:00,SCA|NO1,mFRR,Not Specified,Not Specified,MARGINAL,22.94,21.34
03/08/2024 03:00:00 - 03/08/2024 04:00:00,SCA|NO1,mFRR,Not Specified,Not Specified,MARGINAL,23.5,20.64
03/08/2024 04:00:00 - 03/08/2024 05:00:00,SCA|NO1,mFRR,Not Specified,Not Specified,MARGINAL,23.5,20.33
03/08/2024 05:00:00 - 03/08/2024 06:00:00,SCA|NO1,mFRR,Not Specified,Not Specified,MARGINAL,23.5,20.23
03/08/2024 06:00:00 - 03/08/2024 07:00:00,SCA|NO1,mFRR,Not Specified,Not Specified,MARGINAL,20.48,20.48
03/08/2024 07:00:00 - 03/08/2024 08:00:00,SCA|NO1,mFRR,Not Specified,Not Specified,MARGINAL,21.63,21.63
03/08/2024 08:00:00 - 03/08/2024 09:00:00,SCA|NO1,mFRR,Not Specified,Not Specified,MARGINAL,22.25,22.25
03/08/2024 09:00:00 - 03/08/2024 10:00:00,SCA|NO1,mFRR,Not Specified,Not Specified,MARGINAL,22.26,22.26
03/08/2024 10:00:00 - 03/08/2024 11:00:00,SCA|NO1,mFRR,Not Specified,Not Specified,MARGINAL,23.03,13.4
03/08/2024 11:00:00 - 03/08/2024 12:00:00,SCA|NO1,mFRR,Not Specified,Not Specified,MARGINAL,21.75,1.5
03/08/2024 12:00:00 - 03/08/2024 13:00:00,SCA|NO1,mFRR,Not Specified,Not Specified,MARGINAL,15.15,1.5
03/08/2024 13:00:00 - 03/08/2024 14:00:00,SCA|NO1,mFRR,Not Specified,Not Specified,MARGINAL,6.41,-2.0
03/08/2024 14:00:00 - 03/08/2024 15:00:00,SCA|NO1,mFRR,Not Specified,Not Specified,MARGINAL,4.1,-2.0
03/08/2024 15:00:00 - 03/08/2024 16:00:00,SCA|NO1,mFRR,Not Specified,Not Specified,MARGINAL,20.98,14.0
03/08/2024 16:00:00 - 03/08/2024 17:00:00,SCA|NO1,mFRR,Not Specified,Not Specified,MARGINAL,23.03,23.03
03/08/2024 17:00:00 - 03/08/2024 18:00:00,SCA|NO1,mFRR,Not Specified,Not Specified,MARGINAL,26.7,23.75
03/08/2024 18:00:00 - 03/08/2024 19:00:00,SCA|NO1,mFRR,Not Specified,Not Specified,MARGINAL,26.7,23.22
03/08/2024 19:00:00 - 03/08/2024 20:00:00,SCA|NO1,mFRR,Not Specified,Not Specified,MARGINAL,27.0,23.03
03/08/2024 20:00:00 - 03/08/2024 21:00:00,SCA|NO1,mFRR,Not Specified,Not Specified,MARGINAL,26.0,22.9
03/08/2024 21:00:00 - 03/08/2024 22:00:00,SCA|NO1,mFRR,Not Specified,Not Specified,MARGINAL,22.26,19.0
03/08/2024 22:00:00 - 03/08/2024 23:00:00,SCA|NO1,mFRR,Not Specified,Not Specified,MARGINAL,24.94,22.35
03/08/2024 23:00:00 - 04/08/2024 00:00:00,SCA|NO1,mFRR,Not Specified,Not Specified,,,
04/08/2024 00:00:00 - 04/08/2024 01:00:00,SCA|NO1,mFRR,Not Specified,Not Specified,MARGINAL,19.74,19.74
04/08/2024 01:00:00 - 04/08/2024 02:00:00,SCA|NO1,mFRR,Not Specified,Not Specified,MARGINAL,19.57,19.57
04/08/2024 02:00:00 - 04/08/2024 03:00:00,SCA|NO1,mFRR,Not Specified,Not Specified,MARGINAL,19.43,19.43
04/08/2024 03:00:00 - 04/08/2024 04:00:00,SCA|NO1,mFRR,Not Specified,Not Specified,MARGINAL,19.73,19.73
04/08/2024 04:00:00 - 04/08/2024 05:00:00,SCA|NO1,mFRR,Not Specified,Not Specified,MARGINAL,19.51,19.51
04/08/2024 05:00:00 - 04/08/2024 06:00:00,SCA|NO1,mFRR,Not Specified,Not Specified,MARGINAL,19.43,17.0
04/08/2024 06:00:00 - 04/08/2024 07:00:00,SCA|NO1,mFRR,Not Specified,Not Specified,MARGINAL,19.57,17.0
04/08/2024 07:00:00 - 04/08/2024 08:00:00,SCA|NO1,mFRR,Not Specified,Not Specified,MARGINAL,20.78,20.78
04/08/2024 08:00:00 - 04/08/2024 09:00:00,SCA|NO1,mFRR,Not Specified,Not Specified,MARGINAL,22.25,22.25
04/08/2024 09:00:00 - 04/08/2024 10:00:00,SCA|NO1,mFRR,Not Specified,Not Specified,MARGINAL,20.93,20.0
04/08/2024 10:00:00 - 04/08/2024 11:00:00,SCA|NO1,mFRR,Not Specified,Not Specified,MARGINAL,18.21,14.0
04/08/2024 11:00:00 - 04/08/2024 12:00:00,SCA|NO1,mFRR,Not Specified,Not Specified,MARGINAL,4.97,4.97
04/08/2024 12:00:00 - 04/08/2024 13:00:00,SCA|NO1,mFRR,Not Specified,Not Specified,MARGINAL,4.26,4.26
04/08/2024 13:00:00 - 04/08/2024 14:00:00,SCA|NO1,mFRR,Not Specified,Not Specified,MARGINAL,-0.02,-0.02
04/08/2024 14:00:00 - 04/08/2024 15:00:00,SCA|NO1,mFRR,Not Specified,Not Specified,MARGINAL,1.92,1.92
04/08/2024 15:00:00 - 04/08/2024 16:00:00,SCA|NO1,mFRR,Not Specified,Not Specified,MARGINAL,4.98,4.98
04/08/2024 16:00:00 - 04/08/2024 17:00:00,SCA|NO1,mFRR,Not Specified,Not Specified,MARGINAL,16.54,16.54
04/08/2024 17:00:00 - 04/08/2024 18:00:00,SCA|NO1,mFRR,Not Specified,Not Specified,MARGINAL,21.92,21.92
04/08/2024 18:00:00 - 04/08/2024 19:00:00,SCA|NO1,mFRR,Not Specified,Not Specified,MARGINAL,32.0,25.88
04/08/2024 19:00:00 - 04/08/2024 20:00:00,SCA|NO1,mFRR,Not Specified,Not Specified,,,
04/08/2024 20:00:00 - 04/08/2024 21:00:00,SCA|NO1,mFRR,Not Specified,Not Specified,MARGINAL,28.89,25.12
04/08/2024 21:00:00 - 04/08/2024 22:00:00,SCA|NO1,mFRR,Not Specified,Not Specified,MARGINAL,24.91,24.91
04/08/2024 22:00:00 - 04/08/2024 23:00:00,SCA|NO1,mFRR,Not Specified,Not Specified,MARGINAL,24.02,24.02
04/08/2024 23:00:00 - 05/08/2024 00:00:00,SCA|NO1,mFRR,Not Specified,Not Specified,MARGINAL,22.58,22.58
05/08/2024 00:00:00 - 05/08/2024 01:00:00,SCA|NO1,mFRR,Not Specified,Not Specified,MARGINAL,23.19,20.0
05/08/2024 01:00:00 - 05/08/2024 02:00:00,SCA|NO1,mFRR,Not Specified,Not Specified,MARGINAL,21.94,19.69
05/08/2024 02:00:00 - 05/08/2024 03:00:00,SCA|NO1,mFRR,Not Specified,Not Specified,MARGINAL,21.78,19.69
05/08/2024 03:00:00 - 05/08/2024 04:00:00,SCA|NO1,mFRR,Not Specified,Not Specified,MARGINAL,21.77,21.77
05/08/2024 04:00:00 - 05/08/2024 05:00:00,SCA|NO1,mFRR,Not Specified,Not Specified,MARGINAL,21.72,21.72
05/08/2024 05:00:00 - 05/08/2024 06:00:00,SCA|NO1,mFRR,Not Specified,Not Specified,MARGINAL,23.58,23.58
05/08/2024 06:00:00 - 05/08/2024 07:00:00,SCA|NO1,mFRR,Not Specified,Not Specified,MARGINAL,24.99,24.99
05/08/2024 07:00:00 - 05/08/2024 08:00:00,SCA|NO1,mFRR,Not Specified,Not Specified,MARGINAL,29.84,25.96
05/08/2024 08:00:00 - 05/08/2024 09:00:00,SCA|NO1,mFRR,Not Specified,Not Specified,MARGINAL,29.84,27.32
05/08/2024 09:00:00 - 05/08/2024 10:00:00,SCA|NO1,mFRR,Not Specified,Not Specified,MARGINAL,29.84,27.62
05/08/2024 10:00:00 - 05/08/2024 11:00:00,SCA|NO1,mFRR,Not Specified,Not Specified,MARGINAL,27.92,27.92
05/08/2024 11:00:00 - 05/08/2024 12:00:00,SCA|NO1,mFRR,Not Specified,Not Specified,MARGINAL,27.67,27.67
05/08/2024 12:00:00 - 05/08/2024 13:00:00,SCA|NO1,mFRR,Not Specified,Not Specified,MARGINAL,27.6,23.5
05/08/2024 13:00:00 - 05/08/2024 14:00:00,SCA|NO1,mFRR,Not Specified,Not Specified,MARGINAL,27.01,23.5
05/08/2024 14:00:00 - 05/08/2024 15:00:00,SCA|NO1,mFRR,Not Specified,Not Specified,MARGINAL,26.51,20.0
05/08/2024 15:00:00 - 05/08/2024 16:00:00,SCA|NO1,mFRR,Not Specified,Not Specified,MARGINAL,25.88,20.0
05/08/2024 16:00:00 - 05/08/2024 17:00:00,SCA|NO1,mFRR,Not Specified,Not Specified,MARGINAL,26.0,26.0
05/08/2024 17:00:00 - 05/08/2024 18:00:00,SCA|NO1,mFRR,Not Specified,Not Specified,MARGINAL,26.0,26.0
05/08/2024 18:00:00 - 05/08/2024 19:00:00,SCA|NO1,mFRR,Not Specified,Not Specified,MARGINAL,26.65,26.65
05/08/2024 19:00:00 - 05/08/2024 20:00:00,SCA|NO1,mFRR,Not Specified,Not Specified,MARGINAL,26.0,26.0
05/08/2024 20:00:00 - 05/08/2024 21:00:00,SCA|NO1,mFRR,Not Specified,Not Specified,MARGINAL,25.75,25.75
05/08/2024 21:00:00 - 05/08/2024 22:00:00,SCA|NO1,mFRR,Not Specified,Not Specified,MARGINAL,25.2,25.2
05/08/2024 22:00:00 - 05/08/2024 23:00:00,SCA|NO1,mFRR,Not Specified,Not Specified,MARGINAL,24.58,20.1
05/08/2024 23:00:00 - 06/08/2024 00:00:00,SCA|NO1,mFRR,Not Specified,Not Specified,MARGINAL,24.48,20.5
06/08/2024 00:00:00 - 06/08/2024 01:00:00,SCA|NO1,mFRR,Not Specified,Not Specified,MARGINAL,21.62,21.62
06/08/2024 01:00:00 - 06/08/2024 02:00:00,SCA|NO1,mFRR,Not Specified,Not Specified,MARGINAL,21.46,21.46
06/08/2024 02:00:00 - 06/08/2024 03:00:00,SCA|NO1,mFRR,Not Specified,Not Specified,MARGINAL,21.18,21.18
06/08/2024 03:00:00 - 06/08/2024 04:00:00,SCA|NO1,mFRR,Not Specified,Not Specified,MARGINAL,21.1,21.1
06/08/2024 04:00:00 - 06/08/2024 05:00:00,SCA|NO1,mFRR,Not Specified,Not Specified,MARGINAL,21.07,21.07
06/08/2024 05:00:00 - 06/08/2024 06:00:00,SCA|NO1,mFRR,Not Specified,Not Specified,MARGINAL,21.1,21.1
06/08/2024 06:00:00 - 06/08/2024 07:00:00,SCA|NO1,mFRR,Not Specified,Not Specified,MARGINAL,22.87,22.87
06/08/2024 07:00:00 - 06/08/2024 08:00:00,SCA|NO1,mFRR,Not Specified,Not Specified,MARGINAL,25.39,25.39
06/08/2024 08:00:00 - 06/08/2024 09:00:00,SCA|NO1,mFRR,Not Specified,Not Specified,MARGINAL,26.25,26.25
06/08/2024 09:00:00 - 06/08/2024 10:00:00,SCA|NO1,mFRR,Not Specified,Not Specified,MARGINAL,27.53,27.53
06/08/2024 10:00:00 - 06/08/2024 11:00:00,SCA|NO1,mFRR,Not Specified,Not Specified,MARGINAL,28.17,28.17
06/08/2024 11:00:00 - 06/08/2024 12:00:00,SCA|NO1,mFRR,Not Specified,Not Specified,MARGINAL,22.75,18.0
06/08/2024 12:00:00 - 06/08/2024 13:00:00,SCA|NO1,mFRR,Not Specified,Not Specified,MARGINAL,29.0,20.3
06/08/2024 13:00:00 - 06/08/2024 14:00:00,SCA|NO1,mFRR,Not Specified,Not Specified,MARGINAL,29.0,16.33
06/08/2024 14:00:00 - 06/08/2024 15:00:00,SCA|NO1,mFRR,Not Specified,Not Specified,MARGINAL,25.0,20.43
06/08/2024 15:00:00 - 06/08/2024 16:00:00,SCA|NO1,mFRR,Not Specified,Not Specified,MARGINAL,28.6,23.23
06/08/2024 16:00:00 - 06/08/2024 17:00:00,SCA|NO1,mFRR,Not Specified,Not Specified,MARGINAL,35.0,27.51
06/08/2024 17:00:00 - 06/08/2024 18:00:00,SCA|NO1,mFRR,Not Specified,Not Specified,MARGINAL,35.0,28.04
06/08/2024 18:00:00 - 06/08/2024 19:00:00,SCA|NO1,mFRR,Not Specified,Not Specified,MARGINAL,29.83,27.67
06/08/2024 19:00:00 - 06/08/2024 20:00:00,SCA|NO1,mFRR,Not Specified,Not Specified,MARGINAL,29.38,26.0
06/08/2024 20:00:00 - 06/08/2024 21:00:00,SCA|NO1,mFRR,Not Specified,Not Specified,MARGINAL,35.0,25.48
06/08/2024 21:00:00 - 06/08/2024 22:00:00,SCA|NO1,mFRR,Not Specified,Not Specified,MARGINAL,32.0,24.65
06/08/2024 22:00:00 - 06/08/2024 23:00:00,SCA|NO1,mFRR,Not Specified,Not Specified,MARGINAL,30.0,24.1
06/08/2024 23:00:00 - 07/08/2024 00:00:00,SCA|NO1,mFRR,Not Specified,Not Specified,MARGINAL,24.07,15.0
07/08/2024 00:00:00 - 07/08/2024 01:00:00,SCA|NO1,mFRR,Not Specified,Not Specified,MARGINAL,22.82,22.82
07/08/2024 01:00:00 - 07/08/2024 02:00:00,SCA|NO1,mFRR,Not Specified,Not Specified,MARGINAL,22.09,22.09
07/08/2024 02:00:00 - 07/08/2024 03:00:00,SCA|NO1,mFRR,Not Specified,Not Specified,MARGINAL,21.92,21.92
07/08/2024 03:00:00 - 07/08/2024 04:00:00,SCA|NO1,mFRR,Not Specified,Not Specified,MARGINAL,21.22,21.22
07/08/2024 04:00:00 - 07/08/2024 05:00:00,SCA|NO1,mFRR,Not Specified,Not Specified,MARGINAL,21.24,21.24
07/08/2024 05:00:00 - 07/08/2024 06:00:00,SCA|NO1,mFRR,Not Specified,Not Specified,MARGINAL,21.84,21.84
07/08/2024 06:00:00 - 07/08/2024 07:00:00,SCA|NO1,mFRR,Not Specified,Not Specified,MARGINAL,23.12,13.0
07/08/2024 07:00:00 - 07/08/2024 08:00:00,SCA|NO1,mFRR,Not Specified,Not Specified,MARGINAL,23.84,23.84
07/08/2024 08:00:00 - 07/08/2024 09:00:00,SCA|NO1,mFRR,Not Specified,Not Specified,MARGINAL,27.0,24.0
07/08/2024 09:00:00 - 07/08/2024 10:00:00,SCA|NO1,mFRR,Not Specified,Not Specified,MARGINAL,27.0,24.0
07/08/2024 10:00:00 - 07/08/2024 11:00:00,SCA|NO1,mFRR,Not Specified,Not Specified,MARGINAL,28.5,23.99
07/08/2024 11:00:00 - 07/08/2024 12:00:00,SCA|NO1,mFRR,Not Specified,Not Specified,MARGINAL,28.5,23.99
07/08/2024 12:00:00 - 07/08/2024 13:00:00,SCA|NO1,mFRR,Not Specified,Not Specified,MARGINAL,26.5,23.87
07/08/2024 13:00:00 - 07/08/2024 14:00:00,SCA|NO1,mFRR,Not Specified,Not Specified,MARGINAL,23.84,23.84
07/08/2024 14:00:00 - 07/08/2024 15:00:00,SCA|NO1,mFRR,Not Specified,Not Specified,MARGINAL,23.37,23.37
07/08/2024 15:00:00 - 07/08/2024 16:00:00,SCA|NO1,mFRR,Not Specified,Not Specified,MARGINAL,23.29,23.29
07/08/2024 16:00:00 - 07/08/2024 17:00:00,SCA|NO1,mFRR,Not Specified,Not Specified,MARGINAL,23.13,23.13
07/08/2024 17:00:00 - 07/08/2024 18:00:00,SCA|NO1,mFRR,Not Specified,Not Specified,MARGINAL,23.21,23.21
07/08/2024 18:00:00 - 07/08/2024 19:00:00,SCA|NO1,mFRR,Not Specified,Not Specified,MARGINAL,23.0,23.0
07/08/2024 19:00:00 - 07/08/2024 20:00:00,SCA|NO1,mFRR,Not Specified,Not Specified,MARGINAL,24.0,22.73
07/08/2024 20:00:00 - 07/08/2024 21:00:00,SCA|NO1,mFRR,Not Specified,Not Specified,MARGINAL,22.66,18.0
07/08/2024 21:00:00 - 07/08/2024 22:00:00,SCA|NO1,mFRR,Not Specified,Not Specified,MARGINAL,22.27,16.0
07/08/2024 22:00:00 - 07/08/2024 23:00:00,SCA|NO1,mFRR,Not Specified,Not Specified,MARGINAL,22.87,16.0
07/08/2024 23:00:00 - 08/08/2024 00:00:00,SCA|NO1,mFRR,Not Specified,Not Specified,MARGINAL,22.31,16.0
08/08/2024 00:00:00 - 08/08/2024 01:00:00,SCA|NO1,mFRR,Not Specified,Not Specified,MARGINAL,21.98,16.0
08/08/2024 01:00:00 - 08/08/2024 02:00:00,SCA|NO1,mFRR,Not Specified,Not Specified,MARGINAL,20.92,10.0
08/08/2024 02:00:00 - 08/08/2024 03:00:00,SCA|NO1,mFRR,Not Specified,Not Specified,MARGINAL,20.43,10.0
08/08/2024 03:00:00 - 08/08/2024 04:00:00,SCA|NO1,mFRR,Not Specified,Not Specified,MARGINAL,19.98,11.0
08/08/2024 04:00:00 - 08/08/2024 05:00:00,SCA|NO1,mFRR,Not Specified,Not Specified,MARGINAL,19.93,11.0
08/08/2024 05:00:00 - 08/08/2024 06:00:00,SCA|NO1,mFRR,Not Specified,Not Specified,MARGINAL,19.96,10.0
08/08/2024 06:00:00 - 08/08/2024 07:00:00,SCA|NO1,mFRR,Not Specified,Not Specified,MARGINAL,22.01,10.0
08/08/2024 07:00:00 - 08/08/2024 08:00:00,SCA|NO1,mFRR,Not Specified,Not Specified,MARGINAL,30.0,23.01
08/08/2024 08:00:00 - 08/08/2024 09:00:00,SCA|NO1,mFRR,Not Specified,Not Specified,MARGINAL,30.0,23.6
08/08/2024 09:00:00 - 08/08/2024 10:00:00,SCA|NO1,mFRR,Not Specified,Not Specified,MARGINAL,29.87,23.73
08/08/2024 10:00:00 - 08/08/2024 11:00:00,SCA|NO1,mFRR,Not Specified,Not Specified,MARGINAL,28.98,23.81
08/08/2024 11:00:00 - 08/08/2024 12:00:00,SCA|NO1,mFRR,Not Specified,Not Specified,MARGINAL,23.6,18.76
08/08/2024 12:00:00 - 08/08/2024 13:00:00,SCA|NO1,mFRR,Not Specified,Not Specified,MARGINAL,23.51,19.0
08/08/2024 13:00:00 - 08/08/2024 14:00:00,SCA|NO1,mFRR,Not Specified,Not Specified,MARGINAL,23.33,16.0
08/08/2024 14:00:00 - 08/08/2024 15:00:00,SCA|NO1,mFRR,Not Specified,Not Specified,MARGINAL,23.12,16.0
08/08/2024 15:00:00 - 08/08/2024 16:00:00,SCA|NO1,mFRR,Not Specified,Not Specified,MARGINAL,22.98,19.0
08/08/2024 16:00:00 - 08/08/2024 17:00:00,SCA|NO1,mFRR,Not Specified,Not Specified,MARGINAL,23.25,23.25
08/08/2024 17:00:00 - 08/08/2024 18:00:00,SCA|NO1,mFRR,Not Specified,Not Specified,MARGINAL,23.06,23.06
08/08/2024 18:00:00 - 08/08/2024 19:00:00,SCA|NO1,mFRR,Not Specified,Not Specified,MARGINAL,23.07,23.07
08/08/2024 19:00:00 - 08/08/2024 20:00:00,SCA|NO1,mFRR,Not Specified,Not Specified,MARGINAL,25.0,22.93
08/08/2024 20:00:00 - 08/08/2024 21:00:00,SCA|NO1,mFRR,Not Specified,Not Specified,MARGINAL,25.0,22.87
08/08/2024 21:00:00 - 08/08/2024 22:00:00,SCA|NO1,mFRR,Not Specified,Not Specified,MARGINAL,22.96,22.64
08/08/2024 22:00:00 - 08/08/2024 23:00:00,SCA|NO1,mFRR,Not Specified,Not Specified,MARGINAL,22.91,22.91
08/08/2024 23:00:00 - 09/08/2024 00:00:00,SCA|NO1,mFRR,Not Specified,Not Specified,MARGINAL,22.44,17.0
09/08/2024 00:00:00 - 09/08/2024 01:00:00,SCA|NO1,mFRR,Not Specified,Not Specified,MARGINAL,19.91,16.0
09/08/2024 01:00:00 - 09/08/2024 02:00:00,SCA|NO1,mFRR,Not Specified,Not Specified,MARGINAL,19.75,12.5
09/08/2024 02:00:00 - 09/08/2024 03:00:00,SCA|NO1,mFRR,Not Specified,Not Specified,MARGINAL,19.74,4.0
09/08/2024 03:00:00 - 09/08/2024 04:00:00,SCA|NO1,mFRR,Not Specified,Not Specified,MARGINAL,19.74,-2.0
09/08/2024 04:00:00 - 09/08/2024 05:00:00,SCA|NO1,mFRR,Not Specified,Not Specified,MARGINAL,10.99,-2.5
09/08/2024 05:00:00 - 09/08/2024 06:00:00,SCA|NO1,mFRR,Not Specified,Not Specified,MARGINAL,4.21,-2.5
09/08/2024 06:00:00 - 09/08/2024 07:00:00,SCA|NO1,mFRR,Not Specified,Not Specified,MARGINAL,12.65,-4.0
09/08/2024 07:00:00 - 09/08/2024 08:00:00,SCA|NO1,mFRR,Not Specified,Not Specified,MARGINAL,16.33,1.0
09/08/2024 08:00:00 - 09/08/2024 09:00:00,SCA|NO1,mFRR,Not Specified,Not Specified,MARGINAL,20.29,10.0
09/08/2024 09:00:00 - 09/08/2024 10:00:00,SCA|NO1,mFRR,Not Specified,Not Specified,MARGINAL,20.04,10.0
09/08/2024 10:00:00 - 09/08/2024 11:00:00,SCA|NO1,mFRR,Not Specified,Not Specified,MARGINAL,16.31,0.0
09/08/2024 11:00:00 - 09/08/2024 12:00:00,SCA|NO1,mFRR,Not Specified,Not Specified,MARGINAL,3.88,0.0
09/08/2024 12:00:00 - 09/08/2024 13:00:00,SCA|NO1,mFRR,Not Specified,Not Specified,MARGINAL,0.05,-0.45
09/08/2024 13:00:00 - 09/08/2024 14:00:00,SCA|NO1,mFRR,Not Specified,Not Specified,MARGINAL,-0.16,-0.16
09/08/2024 14:00:00 - 09/08/2024 15:00:00,SCA|NO1,mFRR,Not Specified,Not Specified,MARGINAL,-0.83,-0.83
09/08/2024 15:00:00 - 09/08/2024 16:00:00,SCA|NO1,mFRR,Not Specified,Not Specified,MARGINAL,-0.11,-4.0
09/08/2024 16:00:00 - 09/08/2024 17:00:00,SCA|NO1,mFRR,Not Specified,Not Specified,MARGINAL,-0.01,-9.0
09/08/2024 17:00:00 - 09/08/2024 18:00:00,SCA|NO1,mFRR,Not Specified,Not Specified,MARGINAL,2.63,-4.8
09/08/2024 18:00:00 - 09/08/2024 19:00:00,SCA|NO1,mFRR,Not Specified,Not Specified,MARGINAL,16.65,-3.5
09/08/2024 19:00:00 - 09/08/2024 20:00:00,SCA|NO1,mFRR,Not Specified,Not Specified,MARGINAL,19.75,0.0
09/08/2024 20:00:00 - 09/08/2024 21:00:00,SCA|NO1,mFRR,Not Specified,Not Specified,MARGINAL,19.74,-1.0
09/08/2024 21:00:00 - 09/08/2024 22:00:00,SCA|NO1,mFRR,Not Specified,Not Specified,MARGINAL,19.63,-1.0
09/08/2024 22:00:00 - 09/08/2024 23:00:00,SCA|NO1,mFRR,Not Specified,Not Specified,MARGINAL,19.31,0.0
09/08/2024 23:00:00 - 10/08/2024 00:00:00,SCA|NO1,mFRR,Not Specified,Not Specified,MARGINAL,19.07,0.0
10/08/2024 00:00:00 - 10/08/2024 01:00:00,SCA|NO1,mFRR,Not Specified,Not Specified,MARGINAL,3.81,-1.0
10/08/2024 01:00:00 - 10/08/2024 02:00:00,SCA|NO1,mFRR,Not Specified,Not Specified,MARGINAL,6.11,6.11
10/08/2024 02:00:00 - 10/08/2024 03:00:00,SCA|NO1,mFRR,Not Specified,Not Specified,MARGINAL,1.12,1.12
10/08/2024 03:00:00 - 10/08/2024 04:00:00,SCA|NO1,mFRR,Not Specified,Not Specified,MARGINAL,1.01,1.01
10/08/2024 04:00:00 - 10/08/2024 05:00:00,SCA|NO1,mFRR,Not Specified,Not Specified,MARGINAL,1.0,-2.0
10/08/2024 05:00:00 - 10/08/2024 06:00:00,SCA|NO1,mFRR,Not Specified,Not Specified,MARGINAL,0.88,-2.0
10/08/2024 06:00:00 - 10/08/2024 07:00:00,SCA|NO1,mFRR,Not Specified,Not Specified,MARGINAL,1.0,-2.0
10/08/2024 07:00:00 - 10/08/2024 08:00:00,SCA|NO1,mFRR,Not Specified,Not Specified,MARGINAL,2.95,-2.0
10/08/2024 08:00:00 - 10/08/2024 09:00:00,SCA|NO1,mFRR,Not Specified,Not Specified,MARGINAL,9.82,9.82
10/08/2024 09:00:00 - 10/08/2024 10:00:00,SCA|NO1,mFRR,Not Specified,Not Specified,MARGINAL,0.12,0.12
10/08/2024 10:00:00 - 10/08/2024 11:00:00,SCA|NO1,mFRR,Not Specified,Not Specified,MARGINAL,-3.0,-3.0
10/08/2024 11:00:00 - 10/08/2024 12:00:00,SCA|NO1,mFRR,Not Specified,Not Specified,MARGINAL,-12.2,-12.2
10/08/2024 12:00:00 - 10/08/2024 13:00:00,SCA|NO1,mFRR,Not Specified,Not Specified,MARGINAL,-22.49,-22.49
10/08/2024 13:00:00 - 10/08/2024 14:00:00,SCA|NO1,mFRR,Not Specified,Not Specified,MARGINAL,-40.77,-40.77
10/08/2024 14:00:00 - 10/08/2024 15:00:00,SCA|NO1,mFRR,Not Specified,Not Specified,MARGINAL,-40.09,-40.09
10/08/2024 15:00:00 - 10/08/2024 16:00:00,SCA|NO1,mFRR,Not Specified,Not Specified,MARGINAL,-29.67,-29.67
10/08/2024 16:00:00 - 10/08/2024 17:00:00,SCA|NO1,mFRR,Not Specified,Not Specified,MARGINAL,-1.89,-5.0
10/08/2024 17:00:00 - 10/08/2024 18:00:00,SCA|NO1,mFRR,Not Specified,Not Specified,MARGINAL,1.94,-3.89
10/08/2024 18:00:00 - 10/08/2024 19:00:00,SCA|NO1,mFRR,Not Specified,Not Specified,MARGINAL,14.32,0.5
10/08/2024 19:00:00 - 10/08/2024 20:00:00,SCA|NO1,mFRR,Not Specified,Not Specified,MARGINAL,14.35,0.5
10/08/2024 20:00:00 - 10/08/2024 21:00:00,SCA|NO1,mFRR,Not Specified,Not Specified,MARGINAL,14.29,14.29
10/08/2024 21:00:00 - 10/08/2024 22:00:00,SCA|NO1,mFRR,Not Specified,Not Specified,MARGINAL,15.0,11.31
10/08/2024 22:00:00 - 10/08/2024 23:00:00,SCA|NO1,mFRR,Not Specified,Not Specified,MARGINAL,10.59,10.59
10/08/2024 23:00:00 - 11/08/2024 00:00:00,SCA|NO1,mFRR,Not Specified,Not Specified,MARGINAL,9.87,9.87
11/08/2024 00:00:00 - 11/08/2024 01:00:00,SCA|NO1,mFRR,Not Specified,Not Specified,MARGINAL,0.99,0.99
11/08/2024 01:00:00 - 11/08/2024 02:00:00,SCA|NO1,mFRR,Not Specified,Not Specified,MARGINAL,5.0,0.99
11/08/2024 02:00:00 - 11/08/2024 03:00:00,SCA|NO1,mFRR,Not Specified,Not Specified,MARGINAL,7.0,-0.01
11/08/2024 03:00:00 - 11/08/2024 04:00:00,SCA|NO1,mFRR,Not Specified,Not Specified,MARGINAL,7.0,-0.01
11/08/2024 04:00:00 - 11/08/2024 05:00:00,SCA|NO1,mFRR,Not Specified,Not Specified,MARGINAL,7.0,-0.01
11/08/2024 05:00:00 - 11/08/2024 06:00:00,SCA|NO1,mFRR,Not Specified,Not Specified,MARGINAL,7.0,-0.01
11/08/2024 06:00:00 - 11/08/2024 07:00:00,SCA|NO1,mFRR,Not Specified,Not Specified,MARGINAL,6.0,-0.01
11/08/2024 07:00:00 - 11/08/2024 08:00:00,SCA|NO1,mFRR,Not Specified,Not Specified,MARGINAL,9.0,0.47
11/08/2024 08:00:00 - 11/08/2024 09:00:00,SCA|NO1,mFRR,Not Specified,Not Specified,MARGINAL,9.0,1.0
11/08/2024 09:00:00 - 11/08/2024 10:00:00,SCA|NO1,mFRR,Not Specified,Not Specified,MARGINAL,9.95,9.95
11/08/2024 10:00:00 - 11/08/2024 11:00:00,SCA|NO1,mFRR,Not Specified,Not Specified,MARGINAL,-0.88,-4.0
11/08/2024 11:00:00 - 11/08/2024 12:00:00,SCA|NO1,mFRR,Not Specified,Not Specified,MARGINAL,-14.99,-14.99
11/08/2024 12:00:00 - 11/08/2024 13:00:00,SCA|NO1,mFRR,Not Specified,Not Specified,MARGINAL,-32.04,-32.04
11/08/2024 13:00:00 - 11/08/2024 14:00:00,SCA|NO1,mFRR,Not Specified,Not Specified,MARGINAL,-59.96,-59.96
11/08/2024 14:00:00 - 11/08/2024 15:00:00,SCA|NO1,mFRR,Not Specified,Not Specified,MARGINAL,-39.94,-39.94
11/08/2024 15:00:00 - 11/08/2024 16:00:00,SCA|NO1,mFRR,Not Specified,Not Specified,MARGINAL,-0.07,-6.0
11/08/2024 16:00:00 - 11/08/2024 17:00:00,SCA|NO1,mFRR,Not Specified,Not Specified,MARGINAL,13.76,-0.5
11/08/2024 17:00:00 - 11/08/2024 18:00:00,SCA|NO1,mFRR,Not Specified,Not Specified,MARGINAL,13.33,13.33
11/08/2024 18:00:00 - 11/08/2024 19:00:00,SCA|NO1,mFRR,Not Specified,Not Specified,MARGINAL,16.0,12.59
11/08/2024 19:00:00 - 11/08/2024 20:00:00,SCA|NO1,mFRR,Not Specified,Not Specified,MARGINAL,16.0,13.04
11/08/2024 20:00:00 - 11/08/2024 21:00:00,SCA|NO1,mFRR,Not Specified,Not Specified,MARGINAL,16.0,13.04
11/08/2024 21:00:00 - 11/08/2024 22:00:00,SCA|NO1,mFRR,Not Specified,Not Specified,MARGINAL,10.08,10.08
11/08/2024 22:00:00 - 11/08/2024 23:00:00,SCA|NO1,mFRR,Not Specified,Not Specified,MARGINAL,10.09,10.09
11/08/2024 23:00:00 - 12/08/2024 00:00:00,SCA|NO1,mFRR,Not Specified,Not Specified,MARGINAL,5.81,5.81
12/08/2024 00:00:00 - 12/08/2024 01:00:00,SCA|NO1,mFRR,Not Specified,Not Specified,MARGINAL,3.99,3.99
12/08/2024 01:00:00 - 12/08/2024 02:00:00,SCA|NO1,mFRR,Not Specified,Not Specified,MARGINAL,1.41,1.41
12/08/2024 02:00:00 - 12/08/2024 03:00:00,SCA|NO1,mFRR,Not Specified,Not Specified,MARGINAL,1.01,1.01
12/08/2024 03:00:00 - 12/08/2024 04:00:00,SCA|NO1,mFRR,Not Specified,Not Specified,MARGINAL,1.01,1.01
12/08/2024 04:00:00 - 12/08/2024 05:00:00,SCA|NO1,mFRR,Not Specified,Not Specified,MARGINAL,2.06,2.06
12/08/2024 05:00:00 - 12/08/2024 06:00:00,SCA|NO1,mFRR,Not Specified,Not Specified,MARGINAL,3.04,3.04
12/08/2024 06:00:00 - 12/08/2024 07:00:00,SCA|NO1,mFRR,Not Specified,Not Specified,MARGINAL,6.78,6.78
12/08/2024 07:00:00 - 12/08/2024 08:00:00,SCA|NO1,mFRR,Not Specified,Not Specified,MARGINAL,19.0,13.49
12/08/2024 08:00:00 - 12/08/2024 09:00:00,SCA|NO1,mFRR,Not Specified,Not Specified,MARGINAL,21.0,18.71
12/08/2024 09:00:00 - 12/08/2024 10:00:00,SCA|NO1,mFRR,Not Specified,Not Specified,MARGINAL,15.36,15.36
12/08/2024 10:00:00 - 12/08/2024 11:00:00,SCA|NO1,mFRR,Not Specified,Not Specified,MARGINAL,14.9,14.9
12/08/2024 11:00:00 - 12/08/2024 12:00:00,SCA|NO1,mFRR,Not Specified,Not Specified,MARGINAL,14.49,14.49
12/08/2024 12:00:00 - 12/08/2024 13:00:00,SCA|NO1,mFRR,Not Specified,Not Specified,MARGINAL,11.19,5.5
12/08/2024 13:00:00 - 12/08/2024 14:00:00,SCA|NO1,mFRR,Not Specified,Not Specified,MARGINAL,7.21,5.5
12/08/2024 14:00:00 - 12/08/2024 15:00:00,SCA|NO1,mFRR,Not Specified,Not Specified,MARGINAL,13.47,9.47
12/08/2024 15:00:00 - 12/08/2024 16:00:00,SCA|NO1,mFRR,Not Specified,Not Specified,MARGINAL,14.76,14.76
12/08/2024 16:00:00 - 12/08/2024 17:00:00,SCA|NO1,mFRR,Not Specified,Not Specified,MARGINAL,17.93,17.93
12/08/2024 17:00:00 - 12/08/2024 18:00:00,SCA|NO1,mFRR,Not Specified,Not Specified,MARGINAL,20.07,14.5
12/08/2024 18:00:00 - 12/08/2024 19:00:00,SCA|NO1,mFRR,Not Specified,Not Specified,MARGINAL,22.22,14.5
12/08/2024 19:00:00 - 12/08/2024 20:00:00,SCA|NO1,mFRR,Not Specified,Not Specified,MARGINAL,25.0,17.0
12/08/2024 20:00:00 - 12/08/2024 21:00:00,SCA|NO1,mFRR,Not Specified,Not Specified,MARGINAL,25.0,20.46
12/08/2024 21:00:00 - 12/08/2024 22:00:00,SCA|NO1,mFRR,Not Specified,Not Specified,MARGINAL,18.0,10.0
12/08/2024 22:00:00 - 12/08/2024 23:00:00,SCA|NO1,mFRR,Not Specified,Not Specified,MARGINAL,16.43,7.0
12/08/2024 23:00:00 - 13/08/2024 00:00:00,SCA|NO1,mFRR,Not Specified,Not Specified,MARGINAL,13.96,7.0
13/08/2024 00:00:00 - 13/08/2024 01:00:00,SCA|NO1,mFRR,Not Specified,Not Specified,MARGINAL,15.68,10.0
13/08/2024 01:00:00 - 13/08/2024 02:00:00,SCA|NO1,mFRR,Not Specified,Not Specified,MARGINAL,15.78,15.78
13/08/2024 02:00:00 - 13/08/2024 03:00:00,SCA|NO1,mFRR,Not Specified,Not Specified,MARGINAL,15.98,13.0
13/08/2024 03:00:00 - 13/08/2024 04:00:00,SCA|NO1,mFRR,Not Specified,Not Specified,MARGINAL,26.0,16.59
13/08/2024 04:00:00 - 13/08/2024 05:00:00,SCA|NO1,mFRR,Not Specified,Not Specified,MARGINAL,26.0,17.45
13/08/2024 05:00:00 - 13/08/2024 06:00:00,SCA|NO1,mFRR,Not Specified,Not Specified,MARGINAL,26.0,18.98
13/08/2024 06:00:00 - 13/08/2024 07:00:00,SCA|NO1,mFRR,Not Specified,Not Specified,MARGINAL,35.0,20.71
13/08/2024 07:00:00 - 13/08/2024 08:00:00,SCA|NO1,mFRR,Not Specified,Not Specified,MARGINAL,38.0,25.69
13/08/2024 08:00:00 - 13/08/2024 09:00:00,SCA|NO1,mFRR,Not Specified,Not Specified,MARGINAL,38.01,25.98
13/08/2024 09:00:00 - 13/08/2024 10:00:00,SCA|NO1,mFRR,Not Specified,Not Specified,MARGINAL,30.0,25.91
13/08/2024 10:00:00 - 13/08/2024 11:00:00,SCA|NO1,mFRR,Not Specified,Not Specified,MARGINAL,30.0,23.09
13/08/2024 11:00:00 - 13/08/2024 12:00:00,SCA|NO1,mFRR,Not Specified,Not Specified,MARGINAL,20.47,20.47
13/08/2024 12:00:00 - 13/08/2024 13:00:00,SCA|NO1,mFRR,Not Specified,Not Specified,MARGINAL,18.4,18.4
13/08/2024 13:00:00 - 13/08/2024 14:00:00,SCA|NO1,mFRR,Not Specified,Not Specified,MARGINAL,17.93,11.0
13/08/2024 14:00:00 - 13/08/2024 15:00:00,SCA|NO1,mFRR,Not Specified,Not Specified,MARGINAL,18.72,10.0
13/08/2024 15:00:00 - 13/08/2024 16:00:00,SCA|NO1,mFRR,Not Specified,Not Specified,MARGINAL,21.19,10.0
13/08/2024 16:00:00 - 13/08/2024 17:00:00,SCA|NO1,mFRR,Not Specified,Not Specified,MARGINAL,23.31,23.31
13/08/2024 17:00:00 - 13/08/2024 18:00:00,SCA|NO1,mFRR,Not Specified,Not Specified,MARGINAL,23.34,23.34
13/08/2024 18:00:00 - 13/08/2024 19:00:00,SCA|NO1,mFRR,Not Specified,Not Specified,MARGINAL,29.0,23.83
13/08/2024 19:00:00 - 13/08/2024 20:00:00,SCA|NO1,mFRR,Not Specified,Not Specified,MARGINAL,29.0,21.99
13/08/2024 20:00:00 - 13/08/2024 21:00:00,SCA|NO1,mFRR,Not Specified,Not Specified,MARGINAL,29.0,20.8
13/08/2024 21:00:00 - 13/08/2024 22:00:00,SCA|NO1,mFRR,Not Specified,Not Specified,MARGINAL,29.0,18.08
13/08/2024 22:00:00 - 13/08/2024 23:00:00,SCA|NO1,mFRR,Not Specified,Not Specified,MARGINAL,18.4,18.4
13/08/2024 23:00:00 - 14/08/2024 00:00:00,SCA|NO1,mFRR,Not Specified,Not Specified,MARGINAL,14.96,14.96
14/08/2024 00:00:00 - 14/08/2024 01:00:00,SCA|NO1,mFRR,Not Specified,Not Specified,MARGINAL,17.3,10.0
14/08/2024 01:00:00 - 14/08/2024 02:00:00,SCA|NO1,mFRR,Not Specified,Not Specified,MARGINAL,16.6,10.0
14/08/2024 02:00:00 - 14/08/2024 03:00:00,SCA|NO1,mFRR,Not Specified,Not Specified,MARGINAL,15.33,10.0
14/08/2024 03:00:00 - 14/08/2024 04:00:00,SCA|NO1,mFRR,Not Specified,Not Specified,MARGINAL,15.01,12.0
14/08/2024 04:00:00 - 14/08/2024 05:00:00,SCA|NO1,mFRR,Not Specified,Not Specified,MARGINAL,15.46,12.0
14/08/2024 05:00:00 - 14/08/2024 06:00:00,SCA|NO1,mFRR,Not Specified,Not Specified,MARGINAL,16.22,12.0
14/08/2024 06:00:00 - 14/08/2024 07:00:00,SCA|NO1,mFRR,Not Specified,Not Specified,MARGINAL,16.37,10.0
14/08/2024 07:00:00 - 14/08/2024 08:00:00,SCA|NO1,mFRR,Not Specified,Not Specified,MARGINAL,17.3,10.0
14/08/2024 08:00:00 - 14/08/2024 09:00:00,SCA|NO1,mFRR,Not Specified,Not Specified,MARGINAL,19.69,19.69
14/08/2024 09:00:00 - 14/08/2024 10:00:00,SCA|NO1,mFRR,Not Specified,Not Specified,MARGINAL,33.0,20.86
14/08/2024 10:00:00 - 14/08/2024 11:00:00,SCA|NO1,mFRR,Not Specified,Not Specified,MARGINAL,36.0,20.31
14/08/2024 11:00:00 - 14/08/2024 12:00:00,SCA|NO1,mFRR,Not Specified,Not Specified,MARGINAL,22.5,17.97
14/08/2024 12:00:00 - 14/08/2024 13:00:00,SCA|NO1,mFRR,Not Specified,Not Specified,MARGINAL,17.46,17.46
14/08/2024 13:00:00 - 14/08/2024 14:00:00,SCA|NO1,mFRR,Not Specified,Not Specified,MARGINAL,16.96,12.0
14/08/2024 14:00:00 - 14/08/2024 15:00:00,SCA|NO1,mFRR,Not Specified,Not Specified,MARGINAL,16.77,12.0
14/08/2024 15:00:00 - 14/08/2024 16:00:00,SCA|NO1,mFRR,Not Specified,Not Specified,MARGINAL,16.83,13.0
14/08/2024 16:00:00 - 14/08/2024 17:00:00,SCA|NO1,mFRR,Not Specified,Not Specified,MARGINAL,22.5,17.0
14/08/2024 17:00:00 - 14/08/2024 18:00:00,SCA|NO1,mFRR,Not Specified,Not Specified,MARGINAL,29.0,18.96
14/08/2024 18:00:00 - 14/08/2024 19:00:00,SCA|NO1,mFRR,Not Specified,Not Specified,MARGINAL,28.0,20.94
14/08/2024 19:00:00 - 14/08/2024 20:00:00,SCA|NO1,mFRR,Not Specified,Not Specified,MARGINAL,33.0,19.88
14/08/2024 20:00:00 - 14/08/2024 21:00:00,SCA|NO1,mFRR,Not Specified,Not Specified,MARGINAL,25.0,17.97
14/08/2024 21:00:00 - 14/08/2024 22:00:00,SCA|NO1,mFRR,Not Specified,Not Specified,MARGINAL,16.98,16.98
14/08/2024 22:00:00 - 14/08/2024 23:00:00,SCA|NO1,mFRR,Not Specified,Not Specified,MARGINAL,18.7,18.7
14/08/2024 23:00:00 - 15/08/2024 00:00:00,SCA|NO1,mFRR,Not Specified,Not Specified,MARGINAL,15.15,6.0
15/08/2024 00:00:00 - 15/08/2024 01:00:00,SCA|NO1,mFRR,Not Specified,Not Specified,MARGINAL,18.16,11.0
15/08/2024 01:00:00 - 15/08/2024 02:00:00,SCA|NO1,mFRR,Not Specified,Not Specified,MARGINAL,16.74,16.74
15/08/2024 02:00:00 - 15/08/2024 03:00:00,SCA|NO1,mFRR,Not Specified,Not Specified,MARGINAL,15.86,15.86
15/08/2024 03:00:00 - 15/08/2024 04:00:00,SCA|NO1,mFRR,Not Specified,Not Specified,MARGINAL,15.78,15.78
15/08/2024 04:00:00 - 15/08/2024 05:00:00,SCA|NO1,mFRR,Not Specified,Not Specified,MARGINAL,15.62,7.5
15/08/2024 05:00:00 - 15/08/2024 06:00:00,SCA|NO1,mFRR,Not Specified,Not Specified,MARGINAL,15.87,3.0
15/08/2024 06:00:00 - 15/08/2024 07:00:00,SCA|NO1,mFRR,Not Specified,Not Specified,MARGINAL,18.06,10.0
15/08/2024 07:00:00 - 15/08/2024 08:00:00,SCA|NO1,mFRR,Not Specified,Not Specified,MARGINAL,23.0,9.5
15/08/2024 08:00:00 - 15/08/2024 09:00:00,SCA|NO1,mFRR,Not Specified,Not Specified,MARGINAL,23.0,19.96
15/08/2024 09:00:00 - 15/08/2024 10:00:00,SCA|NO1,mFRR,Not Specified,Not Specified,MARGINAL,23.0,19.94
15/08/2024 10:00:00 - 15/08/2024 11:00:00,SCA|NO1,mFRR,Not Specified,Not Specified,MARGINAL,20.0,19.67
15/08/2024 11:00:00 - 15/08/2024 12:00:00,SCA|NO1,mFRR,Not Specified,Not Specified,MARGINAL,19.94,19.94
15/08/2024 12:00:00 - 15/08/2024 13:00:00,SCA|NO1,mFRR,Not Specified,Not Specified,MARGINAL,15.11,5.0
15/08/2024 13:00:00 - 15/08/2024 14:00:00,SCA|NO1,mFRR,Not Specified,Not Specified,MARGINAL,9.94,3.0
15/08/2024 14:00:00 - 15/08/2024 15:00:00,SCA|NO1,mFRR,Not Specified,Not Specified,MARGINAL,10.01,10.01
15/08/2024 15:00:00 - 15/08/2024 16:00:00,SCA|NO1,mFRR,Not Specified,Not Specified,MARGINAL,16.0,15.8
15/08/2024 16:00:00 - 15/08/2024 17:00:00,SCA|NO1,mFRR,Not Specified,Not Specified,MARGINAL,22.64,22.64
15/08/2024 17:00:00 - 15/08/2024 18:00:00,SCA|NO1,mFRR,Not Specified,Not Specified,MARGINAL,23.53,18.98
15/08/2024 18:00:00 - 15/08/2024 19:00:00,SCA|NO1,mFRR,Not Specified,Not Specified,MARGINAL,23.53,18.67
15/08/2024 19:00:00 - 15/08/2024 20:00:00,SCA|NO1,mFRR,Not Specified,Not Specified,MARGINAL,21.0,18.33
15/08/2024 20:00:00 - 15/08/2024 21:00:00,SCA|NO1,mFRR,Not Specified,Not Specified,MARGINAL,18.35,18.35
15/08/2024 21:00:00 - 15/08/2024 22:00:00,SCA|NO1,mFRR,Not Specified,Not Specified,MARGINAL,18.19,18.19
15/08/2024 22:00:00 - 15/08/2024 23:00:00,SCA|NO1,mFRR,Not Specified,Not Specified,MARGINAL,18.2,18.2
15/08/2024 23:00:00 - 16/08/2024 00:00:00,SCA|NO1,mFRR,Not Specified,Not Specified,MARGINAL,16.4,-0.57
16/08/2024 00:00:00 - 16/08/2024 01:00:00,SCA|NO1,mFRR,Not Specified,Not Specified,MARGINAL,14.12,-1.0
16/08/2024 01:00:00 - 16/08/2024 02:00:00,SCA|NO1,mFRR,Not Specified,Not Specified,MARGINAL,11.72,-2.0
16/08/2024 02:00:00 - 16/08/2024 03:00:00,SCA|NO1,mFRR,Not Specified,Not Specified,MARGINAL,9.5,-4.0
16/08/2024 03:00:00 - 16/08/2024 04:00:00,SCA|NO1,mFRR,Not Specified,Not Specified,MARGINAL,9.49,-4.0
16/08/2024 04:00:00 - 16/08/2024 05:00:00,SCA|NO1,mFRR,Not Specified,Not Specified,MARGINAL,9.49,-7.0
16/08/2024 05:00:00 - 16/08/2024 06:00:00,SCA|NO1,mFRR,Not Specified,Not Specified,MARGINAL,8.24,-7.0
16/08/2024 06:00:00 - 16/08/2024 07:00:00,SCA|NO1,mFRR,Not Specified,Not Specified,MARGINAL,12.65,-3.0
16/08/2024 07:00:00 - 16/08/2024 08:00:00,SCA|NO1,mFRR,Not Specified,Not Specified,MARGINAL,16.98,-0.5
16/08/2024 08:00:00 - 16/08/2024 09:00:00,SCA|NO1,mFRR,Not Specified,Not Specified,MARGINAL,17.71,-0.5
16/08/2024 09:00:00 - 16/08/2024 10:00:00,SCA|NO1,mFRR,Not Specified,Not Specified,MARGINAL,18.43,5.5
16/08/2024 10:00:00 - 16/08/2024 11:00:00,SCA|NO1,mFRR,Not Specified,Not Specified,MARGINAL,20.29,20.29
16/08/2024 11:00:00 - 16/08/2024 12:00:00,SCA|NO1,mFRR,Not Specified,Not Specified,MARGINAL,24.99,24.99
16/08/2024 12:00:00 - 16/08/2024 13:00:00,SCA|NO1,mFRR,Not Specified,Not Specified,MARGINAL,41.93,33.5
16/08/2024 13:00:00 - 16/08/2024 14:00:00,SCA|NO1,mFRR,Not Specified,Not Specified,MARGINAL,30.46,30.46
16/08/2024 14:00:00 - 16/08/2024 15:00:00,SCA|NO1,mFRR,Not Specified,Not Specified,MARGINAL,24.99,24.99
16/08/2024 15:00:00 - 16/08/2024 16:00:00,SCA|NO1,mFRR,Not Specified,Not Specified,MARGINAL,14.62,8.0
16/08/2024 16:00:00 - 16/08/2024 17:00:00,SCA|NO1,mFRR,Not Specified,Not Specified,MARGINAL,14.78,8.0
16/08/2024 17:00:00 - 16/08/2024 18:00:00,SCA|NO1,mFRR,Not Specified,Not Specified,MARGINAL,14.58,8.0
16/08/2024 18:00:00 - 16/08/2024 19:00:00,SCA|NO1,mFRR,Not Specified,Not Specified,MARGINAL,14.35,1.0
16/08/2024 19:00:00 - 16/08/2024 20:00:00,SCA|NO1,mFRR,Not Specified,Not Specified,MARGINAL,14.85,1.0
16/08/2024 20:00:00 - 16/08/2024 21:00:00,SCA|NO1,mFRR,Not Specified,Not Specified,MARGINAL,14.88,14.88
16/08/2024 21:00:00 - 16/08/2024 22:00:00,SCA|NO1,mFRR,Not Specified,Not Specified,MARGINAL,14.39,14.39
16/08/2024 22:00:00 - 16/08/2024 23:00:00,SCA|NO1,mFRR,Not Specified,Not Specified,MARGINAL,13.66,8.0
16/08/2024 23:00:00 - 17/08/2024 00:00:00,SCA|NO1,mFRR,Not Specified,Not Specified,MARGINAL,11.32,8.0
17/08/2024 00:00:00 - 17/08/2024 01:00:00,SCA|NO1,mFRR,Not Specified,Not Specified,MARGINAL,11.77,8.0
17/08/2024 01:00:00 - 17/08/2024 02:00:00,SCA|NO1,mFRR,Not Specified,Not Specified,MARGINAL,9.6,9.6
17/08/2024 02:00:00 - 17/08/2024 03:00:00,SCA|NO1,mFRR,Not Specified,Not Specified,MARGINAL,8.06,8.06
17/08/2024 03:00:00 - 17/08/2024 04:00:00,SCA|NO1,mFRR,Not Specified,Not Specified,MARGINAL,7.93,7.93
17/08/2024 04:00:00 - 17/08/2024 05:00:00,SCA|NO1,mFRR,Not Specified,Not Specified,MARGINAL,7.71,5.0
17/08/2024 05:00:00 - 17/08/2024 06:00:00,SCA|NO1,mFRR,Not Specified,Not Specified,MARGINAL,7.98,5.0
17/08/2024 06:00:00 - 17/08/2024 07:00:00,SCA|NO1,mFRR,Not Specified,Not Specified,MARGINAL,8.38,4.0
17/08/2024 07:00:00 - 17/08/2024 08:00:00,SCA|NO1,mFRR,Not Specified,Not Specified,MARGINAL,10.11,6.7
17/08/2024 08:00:00 - 17/08/2024 09:00:00,SCA|NO1,mFRR,Not Specified,Not Specified,MARGINAL,11.89,4.82
17/08/2024 09:00:00 - 17/08/2024 10:00:00,SCA|NO1,mFRR,Not Specified,Not Specified,MARGINAL,12.41,12.41
17/08/2024 10:00:00 - 17/08/2024 11:00:00,SCA|NO1,mFRR,Not Specified,Not Specified,MARGINAL,11.96,7.0
17/08/2024 11:00:00 - 17/08/2024 12:00:00,SCA|NO1,mFRR,Not Specified,Not Specified,MARGINAL,11.08,2.5
17/08/2024 12:00:00 - 17/08/2024 13:00:00,SCA|NO1,mFRR,Not Specified,Not Specified,MARGINAL,10.13,1.0
17/08/2024 13:00:00 - 17/08/2024 14:00:00,SCA|NO1,mFRR,Not Specified,Not Specified,MARGINAL,9.57,1.0
17/08/2024 14:00:00 - 17/08/2024 15:00:00,SCA|NO1,mFRR,Not Specified,Not Specified,MARGINAL,9.49,1.0
17/08/2024 15:00:00 - 17/08/2024 16:00:00,SCA|NO1,mFRR,Not Specified,Not Specified,MARGINAL,10.45,10.45
17/08/2024 16:00:00 - 17/08/2024 17:00:00,SCA|NO1,mFRR,Not Specified,Not Specified,MARGINAL,12.37,12.37
17/08/2024 17:00:00 - 17/08/2024 18:00:00,SCA|NO1,mFRR,Not Specified,Not Specified,MARGINAL,14.21,5.0
17/08/2024 18:00:00 - 17/08/2024 19:00:00,SCA|NO1,mFRR,Not Specified,Not Specified,MARGINAL,14.06,5.0
17/08/2024 19:00:00 - 17/08/2024 20:00:00,SCA|NO1,mFRR,Not Specified,Not Specified,MARGINAL,14.35,5.0
17/08/2024 20:00:00 - 17/08/2024 21:00:00,SCA|NO1,mFRR,Not Specified,Not Specified,MARGINAL,14.37,7.5
17/08/2024 21:00:00 - 17/08/2024 22:00:00,SCA|NO1,mFRR,Not Specified,Not Specified,MARGINAL,14.18,7.5
17/08/2024 22:00:00 - 17/08/2024 23:00:00,SCA|NO1,mFRR,Not Specified,Not Specified,MARGINAL,13.77,6.5
17/08/2024 23:00:00 - 18/08/2024 00:00:00,SCA|NO1,mFRR,Not Specified,Not Specified,MARGINAL,11.92,6.5
18/08/2024 00:00:00 - 18/08/2024 01:00:00,SCA|NO1,mFRR,Not Specified,Not Specified,MARGINAL,15.0,6.5
18/08/2024 01:00:00 - 18/08/2024 02:00:00,SCA|NO1,mFRR,Not Specified,Not Specified,MARGINAL,15.0,8.23
18/08/2024 02:00:00 - 18/08/2024 03:00:00,SCA|NO1,mFRR,Not Specified,Not Specified,MARGINAL,15.0,9.2
18/08/2024 03:00:00 - 18/08/2024 04:00:00,SCA|NO1,mFRR,Not Specified,Not Specified,MARGINAL,15.0,9.99
18/08/2024 04:00:00 - 18/08/2024 05:00:00,SCA|NO1,mFRR,Not Specified,Not Specified,MARGINAL,15.0,10.15
18/08/2024 05:00:00 - 18/08/2024 06:00:00,SCA|NO1,mFRR,Not Specified,Not Specified,MARGINAL,15.0,10.27
18/08/2024 06:00:00 - 18/08/2024 07:00:00,SCA|NO1,mFRR,Not Specified,Not Specified,MARGINAL,15.0,10.0
18/08/2024 07:00:00 - 18/08/2024 08:00:00,SCA|NO1,mFRR,Not Specified,Not Specified,MARGINAL,15.0,10.29
18/08/2024 08:00:00 - 18/08/2024 09:00:00,SCA|NO1,mFRR,Not Specified,Not Specified,MARGINAL,10.87,6.87
18/08/2024 09:00:00 - 18/08/2024 10:00:00,SCA|NO1,mFRR,Not Specified,Not Specified,MARGINAL,10.88,5.0
18/08/2024 10:00:00 - 18/08/2024 11:00:00,SCA|NO1,mFRR,Not Specified,Not Specified,MARGINAL,10.63,5.0
18/08/2024 11:00:00 - 18/08/2024 12:00:00,SCA|NO1,mFRR,Not Specified,Not Specified,MARGINAL,10.0,3.0
18/08/2024 12:00:00 - 18/08/2024 13:00:00,SCA|NO1,mFRR,Not Specified,Not Specified,MARGINAL,10.0,6.0
18/08/2024 13:00:00 - 18/08/2024 14:00:00,SCA|NO1,mFRR,Not Specified,Not Specified,MARGINAL,10.07,5.0
18/08/2024 14:00:00 - 18/08/2024 15:00:00,SCA|NO1,mFRR,Not Specified,Not Specified,MARGINAL,12.53,9.53
18/08/2024 15:00:00 - 18/08/2024 16:00:00,SCA|NO1,mFRR,Not Specified,Not Specified,MARGINAL,11.0,9.72
18/08/2024 16:00:00 - 18/08/2024 17:00:00,SCA|NO1,mFRR,Not Specified,Not Specified,MARGINAL,16.0,10.19
18/08/2024 17:00:00 - 18/08/2024 18:00:00,SCA|NO1,mFRR,Not Specified,Not Specified,MARGINAL,16.0,10.46
18/08/2024 18:00:00 - 18/08/2024 19:00:00,SCA|NO1,mFRR,Not Specified,Not Specified,MARGINAL,13.5,10.67
18/08/2024 19:00:00 - 18/08/2024 20:00:00,SCA|NO1,mFRR,Not Specified,Not Specified,MARGINAL,10.69,10.69
18/08/2024 20:00:00 - 18/08/2024 21:00:00,SCA|NO1,mFRR,Not Specified,Not Specified,MARGINAL,9.02,3.5
18/08/2024 21:00:00 - 18/08/2024 22:00:00,SCA|NO1,mFRR,Not Specified,Not Specified,MARGINAL,7.44,3.5
18/08/2024 22:00:00 - 18/08/2024 23:00:00,SCA|NO1,mFRR,Not Specified,Not Specified,MARGINAL,7.44,3.5
18/08/2024 23:00:00 - 19/08/2024 00:00:00,SCA|NO1,mFRR,Not Specified,Not Specified,MARGINAL,7.16,3.5
19/08/2024 00:00:00 - 19/08/2024 01:00:00,SCA|NO1,mFRR,Not Specified,Not Specified,MARGINAL,6.94,6.94
19/08/2024 01:00:00 - 19/08/2024 02:00:00,SCA|NO1,mFRR,Not Specified,Not Specified,MARGINAL,6.64,6.64
19/08/2024 02:00:00 - 19/08/2024 03:00:00,SCA|NO1,mFRR,Not Specified,Not Specified,MARGINAL,6.5,6.5
19/08/2024 03:00:00 - 19/08/2024 04:00:00,SCA|NO1,mFRR,Not Specified,Not Specified,MARGINAL,6.27,6.27
19/08/2024 04:00:00 - 19/08/2024 05:00:00,SCA|NO1,mFRR,Not Specified,Not Specified,MARGINAL,6.31,6.31
19/08/2024 05:00:00 - 19/08/2024 06:00:00,SCA|NO1,mFRR,Not Specified,Not Specified,MARGINAL,6.64,2.6
19/08/2024 06:00:00 - 19/08/2024 07:00:00,SCA|NO1,mFRR,Not Specified,Not Specified,MARGINAL,6.57,6.57
19/08/2024 07:00:00 - 19/08/2024 08:00:00,SCA|NO1,mFRR,Not Specified,Not Specified,MARGINAL,21.0,7.0
19/08/2024 08:00:00 - 19/08/2024 09:00:00,SCA|NO1,mFRR,Not Specified,Not Specified,MARGINAL,21.0,11.98
19/08/2024 09:00:00 - 19/08/2024 10:00:00,SCA|NO1,mFRR,Not Specified,Not Specified,MARGINAL,9.89,1.0
19/08/2024 10:00:00 - 19/08/2024 11:00:00,SCA|NO1,mFRR,Not Specified,Not Specified,MARGINAL,9.98,1.0
19/08/2024 11:00:00 - 19/08/2024 12:00:00,SCA|NO1,mFRR,Not Specified,Not Specified,MARGINAL,10.0,0.5
19/08/2024 12:00:00 - 19/08/2024 13:00:00,SCA|NO1,mFRR,Not Specified,Not Specified,MARGINAL,9.84,0.5
19/08/2024 13:00:00 - 19/08/2024 14:00:00,SCA|NO1,mFRR,Not Specified,Not Specified,MARGINAL,9.64,0.5
19/08/2024 14:00:00 - 19/08/2024 15:00:00,SCA|NO1,mFRR,Not Specified,Not Specified,MARGINAL,9.93,1.0
19/08/2024 15:00:00 - 19/08/2024 16:00:00,SCA|NO1,mFRR,Not Specified,Not Specified,MARGINAL,9.92,1.0
19/08/2024 16:00:00 - 19/08/2024 17:00:00,SCA|NO1,mFRR,Not Specified,Not Specified,MARGINAL,9.97,1.0
19/08/2024 17:00:00 - 19/08/2024 18:00:00,SCA|NO1,mFRR,Not Specified,Not Specified,MARGINAL,12.06,2.5
19/08/2024 18:00:00 - 19/08/2024 19:00:00,SCA|NO1,mFRR,Not Specified,Not Specified,MARGINAL,22.9,13.36
19/08/2024 19:00:00 - 19/08/2024 20:00:00,SCA|NO1,mFRR,Not Specified,Not Specified,MARGINAL,28.0,13.97
19/08/2024 20:00:00 - 19/08/2024 21:00:00,SCA|NO1,mFRR,Not Specified,Not Specified,MARGINAL,23.5,12.67
19/08/2024 21:00:00 - 19/08/2024 22:00:00,SCA|NO1,mFRR,Not Specified,Not Specified,MARGINAL,11.9,6.0
19/08/2024 22:00:00 - 19/08/2024 23:00:00,SCA|NO1,mFRR,Not Specified,Not Specified,MARGINAL,9.91,4.0
19/08/2024 23:00:00 - 20/08/2024 00:00:00,SCA|NO1,mFRR,Not Specified,Not Specified,MARGINAL,8.24,4.0
20/08/2024 00:00:00 - 20/08/2024 01:00:00,SCA|NO1,mFRR,Not Specified,Not Specified,MARGINAL,4.22,4.22
20/08/2024 01:00:00 - 20/08/2024 02:00:00,SCA|NO1,mFRR,Not Specified,Not Specified,MARGINAL,9.0,3.89
20/08/2024 02:00:00 - 20/08/2024 03:00:00,SCA|NO1,mFRR,Not Specified,Not Specified,MARGINAL,9.0,3.8
20/08/2024 03:00:00 - 20/08/2024 04:00:00,SCA|NO1,mFRR,Not Specified,Not Specified,MARGINAL,9.0,3.79
20/08/2024 04:00:00 - 20/08/2024 05:00:00,SCA|NO1,mFRR,Not Specified,Not Specified,MARGINAL,9.0,3.99
20/08/2024 05:00:00 - 20/08/2024 06:00:00,SCA|NO1,mFRR,Not Specified,Not Specified,MARGINAL,4.14,4.14
20/08/2024 06:00:00 - 20/08/2024 07:00:00,SCA|NO1,mFRR,Not Specified,Not Specified,MARGINAL,5.18,2.5
20/08/2024 07:00:00 - 20/08/2024 08:00:00,SCA|NO1,mFRR,Not Specified,Not Specified,MARGINAL,7.48,2.0
20/08/2024 08:00:00 - 20/08/2024 09:00:00,SCA|NO1,mFRR,Not Specified,Not Specified,MARGINAL,8.91,2.0
20/08/2024 09:00:00 - 20/08/2024 10:00:00,SCA|NO1,mFRR,Not Specified,Not Specified,MARGINAL,8.97,3.5
20/08/2024 10:00:00 - 20/08/2024 11:00:00,SCA|NO1,mFRR,Not Specified,Not Specified,MARGINAL,7.71,7.71
20/08/2024 11:00:00 - 20/08/2024 12:00:00,SCA|NO1,mFRR,Not Specified,Not Specified,MARGINAL,6.97,2.0
20/08/2024 12:00:00 - 20/08/2024 13:00:00,SCA|NO1,mFRR,Not Specified,Not Specified,MARGINAL,7.39,2.0
20/08/2024 13:00:00 - 20/08/2024 14:00:00,SCA|NO1,mFRR,Not Specified,Not Specified,MARGINAL,5.78,2.0
20/08/2024 14:00:00 - 20/08/2024 15:00:00,SCA|NO1,mFRR,Not Specified,Not Specified,MARGINAL,5.33,1.0
20/08/2024 15:00:00 - 20/08/2024 16:00:00,SCA|NO1,mFRR,Not Specified,Not Specified,MARGINAL,5.1,1.0
20/08/2024 16:00:00 - 20/08/2024 17:00:00,SCA|NO1,mFRR,Not Specified,Not Specified,MARGINAL,6.15,6.0
20/08/2024 17:00:00 - 20/08/2024 18:00:00,SCA|NO1,mFRR,Not Specified,Not Specified,MARGINAL,6.57,6.57
20/08/2024 18:00:00 - 20/08/2024 19:00:00,SCA|NO1,mFRR,Not Specified,Not Specified,MARGINAL,7.0,3.0
20/08/2024 19:00:00 - 20/08/2024 20:00:00,SCA|NO1,mFRR,Not Specified,Not Specified,MARGINAL,6.54,2.5
20/08/2024 20:00:00 - 20/08/2024 21:00:00,SCA|NO1,mFRR,Not Specified,Not Specified,MARGINAL,5.06,5.06
20/08/2024 21:00:00 - 20/08/2024 22:00:00,SCA|NO1,mFRR,Not Specified,Not Specified,MARGINAL,3.59,3.59
20/08/2024 22:00:00 - 20/08/2024 23:00:00,SCA|NO1,mFRR,Not Specified,Not Specified,MARGINAL,3.25,1.0
20/08/2024 23:00:00 - 21/08/2024 00:00:00,SCA|NO1,mFRR,Not Specified,Not Specified,MARGINAL,3.05,1.0
21/08/2024 00:00:00 - 21/08/2024 01:00:00,SCA|NO1,mFRR,Not Specified,Not Specified,MARGINAL,1.18,-2.0
21/08/2024 01:00:00 - 21/08/2024 02:00:00,SCA|NO1,mFRR,Not Specified,Not Specified,MARGINAL,1.06,-2.0
21/08/2024 02:00:00 - 21/08/2024 03:00:00,SCA|NO1,mFRR,Not Specified,Not Specified,MARGINAL,1.01,-2.0
21/08/2024 03:00:00 - 21/08/2024 04:00:00,SCA|NO1,mFRR,Not Specified,Not Specified,MARGINAL,1.01,-5.0
21/08/2024 04:00:00 - 21/08/2024 05:00:00,SCA|NO1,mFRR,Not Specified,Not Specified,MARGINAL,1.01,-5.0
21/08/2024 05:00:00 - 21/08/2024 06:00:00,SCA|NO1,mFRR,Not Specified,Not Specified,MARGINAL,1.11,-10.0
21/08/2024 06:00:00 - 21/08/2024 07:00:00,SCA|NO1,mFRR,Not Specified,Not Specified,MARGINAL,2.23,-4.0
21/08/2024 07:00:00 - 21/08/2024 08:00:00,SCA|NO1,mFRR,Not Specified,Not Specified,MARGINAL,17.0,1.0
21/08/2024 08:00:00 - 21/08/2024 09:00:00,SCA|NO1,mFRR,Not Specified,Not Specified,MARGINAL,23.97,8.35
21/08/2024 09:00:00 - 21/08/2024 10:00:00,SCA|NO1,mFRR,Not Specified,Not Specified,MARGINAL,30.0,8.36
21/08/2024 10:00:00 - 21/08/2024 11:00:00,SCA|NO1,mFRR,Not Specified,Not Specified,MARGINAL,22.49,2.95
21/08/2024 11:00:00 - 21/08/2024 12:00:00,SCA|NO1,mFRR,Not Specified,Not Specified,MARGINAL,7.86,1.86
21/08/2024 12:00:00 - 21/08/2024 13:00:00,SCA|NO1,mFRR,Not Specified,Not Specified,MARGINAL,5.5,0.43
21/08/2024 13:00:00 - 21/08/2024 14:00:00,SCA|NO1,mFRR,Not Specified,Not Specified,MARGINAL,0.0,0.0
21/08/2024 14:00:00 - 21/08/2024 15:00:00,SCA|NO1,mFRR,Not Specified,Not Specified,MARGINAL,-0.07,-0.07
21/08/2024 15:00:00 - 21/08/2024 16:00:00,SCA|NO1,mFRR,Not Specified,Not Specified,MARGINAL,-0.01,-0.01
21/08/2024 16:00:00 - 21/08/2024 17:00:00,SCA|NO1,mFRR,Not Specified,Not Specified,MARGINAL,1.4,1.4
21/08/2024 17:00:00 - 21/08/2024 18:00:00,SCA|NO1,mFRR,Not Specified,Not Specified,MARGINAL,3.96,3.96
21/08/2024 18:00:00 - 21/08/2024 19:00:00,SCA|NO1,mFRR,Not Specified,Not Specified,MARGINAL,8.58,8.58
21/08/2024 19:00:00 - 21/08/2024 20:00:00,SCA|NO1,mFRR,Not Specified,Not Specified,MARGINAL,7.4,7.4
21/08/2024 20:00:00 - 21/08/2024 21:00:00,SCA|NO1,mFRR,Not Specified,Not Specified,MARGINAL,5.38,1.0
21/08/2024 21:00:00 - 21/08/2024 22:00:00,SCA|NO1,mFRR,Not Specified,Not Specified,MARGINAL,5.37,-3.0
21/08/2024 22:00:00 - 21/08/2024 23:00:00,SCA|NO1,mFRR,Not Specified,Not Specified,MARGINAL,5.74,-2.0
21/08/2024 23:00:00 - 22/08/2024 00:00:00,SCA|NO1,mFRR,Not Specified,Not Specified,MARGINAL,5.21,-2.0
22/08/2024 00:00:00 - 22/08/2024 01:00:00,SCA|NO1,mFRR,Not Specified,Not Specified,MARGINAL,3.18,-2.0
22/08/2024 01:00:00 - 22/08/2024 02:00:00,SCA|NO1,mFRR,Not Specified,Not Specified,MARGINAL,2.56,-2.0
22/08/2024 02:00:00 - 22/08/2024 03:00:00,SCA|NO1,mFRR,Not Specified,Not Specified,MARGINAL,2.11,-5.0
22/08/2024 03:00:00 - 22/08/2024 04:00:00,SCA|NO1,mFRR,Not Specified,Not Specified,MARGINAL,2.2,-3.0
22/08/2024 04:00:00 - 22/08/2024 05:00:00,SCA|NO1,mFRR,Not Specified,Not Specified,MARGINAL,2.69,-3.0
22/08/2024 05:00:00 - 22/08/2024 06:00:00,SCA|NO1,mFRR,Not Specified,Not Specified,MARGINAL,3.07,-4.5
22/08/2024 06:00:00 - 22/08/2024 07:00:00,SCA|NO1,mFRR,Not Specified,Not Specified,MARGINAL,4.92,-4.5
22/08/2024 07:00:00 - 22/08/2024 08:00:00,SCA|NO1,mFRR,Not Specified,Not Specified,MARGINAL,11.07,0.0
22/08/2024 08:00:00 - 22/08/2024 09:00:00,SCA|NO1,mFRR,Not Specified,Not Specified,MARGINAL,15.37,3.0
22/08/2024 09:00:00 - 22/08/2024 10:00:00,SCA|NO1,mFRR,Not Specified,Not Specified,MARGINAL,13.94,1.0
22/08/2024 10:00:00 - 22/08/2024 11:00:00,SCA|NO1,mFRR,Not Specified,Not Specified,MARGINAL,6.99,0.0
22/08/2024 11:00:00 - 22/08/2024 12:00:00,SCA|NO1,mFRR,Not Specified,Not Specified,MARGINAL,3.79,0.0
22/08/2024 12:00:00 - 22/08/2024 13:00:00,SCA|NO1,mFRR,Not Specified,Not Specified,MARGINAL,1.14,-1.0
22/08/2024 13:00:00 - 22/08/2024 14:00:00,SCA|NO1,mFRR,Not Specified,Not Specified,MARGINAL,-0.61,-1.0
22/08/2024 14:00:00 - 22/08/2024 15:00:00,SCA|NO1,mFRR,Not Specified,Not Specified,MARGINAL,-0.07,-1.0
22/08/2024 15:00:00 - 22/08/2024 16:00:00,SCA|NO1,mFRR,Not Specified,Not Specified,MARGINAL,1.15,-3.5
22/08/2024 16:00:00 - 22/08/2024 17:00:00,SCA|NO1,mFRR,Not Specified,Not Specified,MARGINAL,3.73,3.73
22/08/2024 17:00:00 - 22/08/2024 18:00:00,SCA|NO1,mFRR,Not Specified,Not Specified,MARGINAL,8.35,8.35
22/08/2024 18:00:00 - 22/08/2024 19:00:00,SCA|NO1,mFRR,Not Specified,Not Specified,MARGINAL,7.56,7.56
22/08/2024 19:00:00 - 22/08/2024 20:00:00,SCA|NO1,mFRR,Not Specified,Not Specified,MARGINAL,5.55,0.0
22/08/2024 20:00:00 - 22/08/2024 21:00:00,SCA|NO1,mFRR,Not Specified,Not Specified,MARGINAL,4.84,-0.16
22/08/2024 21:00:00 - 22/08/2024 22:00:00,SCA|NO1,mFRR,Not Specified,Not Specified,MARGINAL,4.92,0.0
22/08/2024 22:00:00 - 22/08/2024 23:00:00,SCA|NO1,mFRR,Not Specified,Not Specified,MARGINAL,4.7,-3.0
22/08/2024 23:00:00 - 23/08/2024 00:00:00,SCA|NO1,mFRR,Not Specified,Not Specified,MARGINAL,2.69,-6.01
23/08/2024 00:00:00 - 23/08/2024 01:00:00,SCA|NO1,mFRR,Not Specified,Not Specified,MARGINAL,2.94,-8.0
23/08/2024 01:00:00 - 23/08/2024 02:00:00,SCA|NO1,mFRR,Not Specified,Not Specified,MARGINAL,2.04,-2.0
23/08/2024 02:00:00 - 23/08/2024 03:00:00,SCA|NO1,mFRR,Not Specified,Not Specified,MARGINAL,1.6,1.6
23/08/2024 03:00:00 - 23/08/2024 04:00:00,SCA|NO1,mFRR,Not Specified,Not Specified,MARGINAL,1.01,1.01
23/08/2024 04:00:00 - 23/08/2024 05:00:00,SCA|NO1,mFRR,Not Specified,Not Specified,MARGINAL,1.25,1.25
23/08/2024 05:00:00 - 23/08/2024 06:00:00,SCA|NO1,mFRR,Not Specified,Not Specified,MARGINAL,0.8,-2.0
23/08/2024 06:00:00 - 23/08/2024 07:00:00,SCA|NO1,mFRR,Not Specified,Not Specified,MARGINAL,2.18,-2.0
23/08/2024 07:00:00 - 23/08/2024 08:00:00,SCA|NO1,mFRR,Not Specified,Not Specified,MARGINAL,11.0,4.32
23/08/2024 08:00:00 - 23/08/2024 09:00:00,SCA|NO1,mFRR,Not Specified,Not Specified,MARGINAL,12.5,5.73
23/08/2024 09:00:00 - 23/08/2024 10:00:00,SCA|NO1,mFRR,Not Specified,Not Specified,MARGINAL,10.0,4.06
23/08/2024 10:00:00 - 23/08/2024 11:00:00,SCA|NO1,mFRR,Not Specified,Not Specified,MARGINAL,1.22,1.22
23/08/2024 11:00:00 - 23/08/2024 12:00:00,SCA|NO1,mFRR,Not Specified,Not Specified,MARGINAL,6.0,0.01
23/08/2024 12:00:00 - 23/08/2024 13:00:00,SCA|NO1,mFRR,Not Specified,Not Specified,MARGINAL,5.5,-0.07
23/08/2024 13:00:00 - 23/08/2024 14:00:00,SCA|NO1,mFRR,Not Specified,Not Specified,MARGINAL,5.5,-0.8
23/08/2024 14:00:00 - 23/08/2024 15:00:00,SCA|NO1,mFRR,Not Specified,Not Specified,MARGINAL,-1.76,-1.76
23/08/2024 15:00:00 - 23/08/2024 16:00:00,SCA|NO1,mFRR,Not Specified,Not Specified,MARGINAL,-0.81,-0.81
23/08/2024 16:00:00 - 23/08/2024 17:00:00,SCA|NO1,mFRR,Not Specified,Not Specified,MARGINAL,5.0,0.32
23/08/2024 17:00:00 - 23/08/2024 18:00:00,SCA|NO1,mFRR,Not Specified,Not Specified,MARGINAL,7.5,2.64
23/08/2024 18:00:00 - 23/08/2024 19:00:00,SCA|NO1,mFRR,Not Specified,Not Specified,MARGINAL,5.83,-2.0
23/08/2024 19:00:00 - 23/08/2024 20:00:00,SCA|NO1,mFRR,Not Specified,Not Specified,MARGINAL,5.0,-2.5
23/08/2024 20:00:00 - 23/08/2024 21:00:00,SCA|NO1,mFRR,Not Specified,Not Specified,MARGINAL,4.96,-3.89
23/08/2024 21:00:00 - 23/08/2024 22:00:00,SCA|NO1,mFRR,Not Specified,Not Specified,MARGINAL,6.11,-2.0
23/08/2024 22:00:00 - 23/08/2024 23:00:00,SCA|NO1,mFRR,Not Specified,Not Specified,MARGINAL,6.13,0.5
23/08/2024 23:00:00 - 24/08/2024 00:00:00,SCA|NO1,mFRR,Not Specified,Not Specified,MARGINAL,4.92,4.92
24/08/2024 00:00:00 - 24/08/2024 01:00:00,SCA|NO1,mFRR,Not Specified,Not Specified,MARGINAL,4.0,2.11
24/08/2024 01:00:00 - 24/08/2024 02:00:00,SCA|NO1,mFRR,Not Specified,Not Specified,MARGINAL,5.2,1.61
24/08/2024 02:00:00 - 24/08/2024 03:00:00,SCA|NO1,mFRR,Not Specified,Not Specified,MARGINAL,5.2,1.06
24/08/2024 03:00:00 - 24/08/2024 04:00:00,SCA|NO1,mFRR,Not Specified,Not Specified,MARGINAL,5.0,1.01
24/08/2024 04:00:00 - 24/08/2024 05:00:00,SCA|NO1,mFRR,Not Specified,Not Specified,MARGINAL,4.5,1.01
24/08/2024 05:00:00 - 24/08/2024 06:00:00,SCA|NO1,mFRR,Not Specified,Not Specified,MARGINAL,4.0,1.12
24/08/2024 06:00:00 - 24/08/2024 07:00:00,SCA|NO1,mFRR,Not Specified,Not Specified,MARGINAL,3.0,1.1
24/08/2024 07:00:00 - 24/08/2024 08:00:00,SCA|NO1,mFRR,Not Specified,Not Specified,MARGINAL,4.0,2.03
24/08/2024 08:00:00 - 24/08/2024 09:00:00,SCA|NO1,mFRR,Not Specified,Not Specified,MARGINAL,5.0,2.29
24/08/2024 09:00:00 - 24/08/2024 10:00:00,SCA|NO1,mFRR,Not Specified,Not Specified,MARGINAL,5.0,2.96
24/08/2024 10:00:00 - 24/08/2024 11:00:00,SCA|NO1,mFRR,Not Specified,Not Specified,MARGINAL,4.0,1.23
24/08/2024 11:00:00 - 24/08/2024 12:00:00,SCA|NO1,mFRR,Not Specified,Not Specified,MARGINAL,-0.03,-0.03
24/08/2024 12:00:00 - 24/08/2024 13:00:00,SCA|NO1,mFRR,Not Specified,Not Specified,MARGINAL,-2.55,-2.55
24/08/2024 13:00:00 - 24/08/2024 14:00:00,SCA|NO1,mFRR,Not Specified,Not Specified,MARGINAL,1.0,-5.09
24/08/2024 14:00:00 - 24/08/2024 15:00:00,SCA|NO1,mFRR,Not Specified,Not Specified,MARGINAL,1.0,-5.09
24/08/2024 15:00:00 - 24/08/2024 16:00:00,SCA|NO1,mFRR,Not Specified,Not Specified,MARGINAL,-1.5,-1.5
24/08/2024 16:00:00 - 24/08/2024 17:00:00,SCA|NO1,mFRR,Not Specified,Not Specified,MARGINAL,4.0,1.0
24/08/2024 17:00:00 - 24/08/2024 18:00:00,SCA|NO1,mFRR,Not Specified,Not Specified,MARGINAL,5.0,1.18
24/08/2024 18:00:00 - 24/08/2024 19:00:00,SCA|NO1,mFRR,Not Specified,Not Specified,MARGINAL,8.0,3.12
24/08/2024 19:00:00 - 24/08/2024 20:00:00,SCA|NO1,mFRR,Not Specified,Not Specified,MARGINAL,11.0,2.93
24/08/2024 20:00:00 - 24/08/2024 21:00:00,SCA|NO1,mFRR,Not Specified,Not Specified,MARGINAL,6.6,2.85
24/08/2024 21:00:00 - 24/08/2024 22:00:00,SCA|NO1,mFRR,Not Specified,Not Specified,MARGINAL,2.67,2.67
24/08/2024 22:00:00 - 24/08/2024 23:00:00,SCA|NO1,mFRR,Not Specified,Not Specified,MARGINAL,2.33,-0.5
24/08/2024 23:00:00 - 25/08/2024 00:00:00,SCA|NO1,mFRR,Not Specified,Not Specified,MARGINAL,1.87,-0.5
25/08/2024 00:00:00 - 25/08/2024 01:00:00,SCA|NO1,mFRR,Not Specified,Not Specified,MARGINAL,0.37,0.37
25/08/2024 01:00:00 - 25/08/2024 02:00:00,SCA|NO1,mFRR,Not Specified,Not Specified,MARGINAL,-0.02,-0.02
25/08/2024 02:00:00 - 25/08/2024 03:00:00,SCA|NO1,mFRR,Not Specified,Not Specified,MARGINAL,-0.33,-3.02
25/08/2024 03:00:00 - 25/08/2024 04:00:00,SCA|NO1,mFRR,Not Specified,Not Specified,MARGINAL,-1.0,-4.0
25/08/2024 04:00:00 - 25/08/2024 05:00:00,SCA|NO1,mFRR,Not Specified,Not Specified,MARGINAL,-0.92,-0.92
25/08/2024 05:00:00 - 25/08/2024 06:00:00,SCA|NO1,mFRR,Not Specified,Not Specified,MARGINAL,-0.43,-3.0
25/08/2024 06:00:00 - 25/08/2024 07:00:00,SCA|NO1,mFRR,Not Specified,Not Specified,MARGINAL,-0.05,-4.5
25/08/2024 07:00:00 - 25/08/2024 08:00:00,SCA|NO1,mFRR,Not Specified,Not Specified,MARGINAL,-0.01,-3.0
25/08/2024 08:00:00 - 25/08/2024 09:00:00,SCA|NO1,mFRR,Not Specified,Not Specified,MARGINAL,-0.06,-1.5
25/08/2024 09:00:00 - 25/08/2024 10:00:00,SCA|NO1,mFRR,Not Specified,Not Specified,MARGINAL,1.0,-1.54
25/08/2024 10:00:00 - 25/08/2024 11:00:00,SCA|NO1,mFRR,Not Specified,Not Specified,MARGINAL,1.0,-6.07
25/08/2024 11:00:00 - 25/08/2024 12:00:00,SCA|NO1,mFRR,Not Specified,Not Specified,MARGINAL,1.0,-10.1
25/08/2024 12:00:00 - 25/08/2024 13:00:00,SCA|NO1,mFRR,Not Specified,Not Specified,MARGINAL,-15.5,-15.5
25/08/2024 13:00:00 - 25/08/2024 14:00:00,SCA|NO1,mFRR,Not Specified,Not Specified,MARGINAL,-20.01,-20.41
25/08/2024 14:00:00 - 25/08/2024 15:00:00,SCA|NO1,mFRR,Not Specified,Not Specified,MARGINAL,-19.83,-20.33
25/08/2024 15:00:00 - 25/08/2024 16:00:00,SCA|NO1,mFRR,Not Specified,Not Specified,MARGINAL,-10.15,-10.15
25/08/2024 16:00:00 - 25/08/2024 17:00:00,SCA|NO1,mFRR,Not Specified,Not Specified,MARGINAL,2.0,-3.0
25/08/2024 17:00:00 - 25/08/2024 18:00:00,SCA|NO1,mFRR,Not Specified,Not Specified,MARGINAL,1.0,-2.0
25/08/2024 18:00:00 - 25/08/2024 19:00:00,SCA|NO1,mFRR,Not Specified,Not Specified,MARGINAL,1.01,-3.5
25/08/2024 19:00:00 - 25/08/2024 20:00:00,SCA|NO1,mFRR,Not Specified,Not Specified,MARGINAL,1.01,-3.0
25/08/2024 20:00:00 - 25/08/2024 21:00:00,SCA|NO1,mFRR,Not Specified,Not Specified,MARGINAL,1.15,1.15
25/08/2024 21:00:00 - 25/08/2024 22:00:00,SCA|NO1,mFRR,Not Specified,Not Specified,MARGINAL,5.0,1.01
25/08/2024 22:00:00 - 25/08/2024 23:00:00,SCA|NO1,mFRR,Not Specified,Not Specified,MARGINAL,5.0,1.01
25/08/2024 23:00:00 - 26/08/2024 00:00:00,SCA|NO1,mFRR,Not Specified,Not Specified,MARGINAL,0.99,-2.0
26/08/2024 00:00:00 - 26/08/2024 01:00:00,SCA|NO1,mFRR,Not Specified,Not Specified,MARGINAL,1.0,-2.0
26/08/2024 01:00:00 - 26/08/2024 02:00:00,SCA|NO1,mFRR,Not Specified,Not Specified,MARGINAL,0.85,-3.0
26/08/2024 02:00:00 - 26/08/2024 03:00:00,SCA|NO1,mFRR,Not Specified,Not Specified,MARGINAL,0.43,-4.5
26/08/2024 03:00:00 - 26/08/2024 04:00:00,SCA|NO1,mFRR,Not Specified,Not Specified,MARGINAL,0.49,-4.2
26/08/2024 04:00:00 - 26/08/2024 05:00:00,SCA|NO1,mFRR,Not Specified,Not Specified,MARGINAL,0.45,-4.2
26/08/2024 05:00:00 - 26/08/2024 06:00:00,SCA|NO1,mFRR,Not Specified,Not Specified,MARGINAL,0.39,-4.2
26/08/2024 06:00:00 - 26/08/2024 07:00:00,SCA|NO1,mFRR,Not Specified,Not Specified,MARGINAL,0.95,-3.0
26/08/2024 07:00:00 - 26/08/2024 08:00:00,SCA|NO1,mFRR,Not Specified,Not Specified,MARGINAL,7.0,1.33
26/08/2024 08:00:00 - 26/08/2024 09:00:00,SCA|NO1,mFRR,Not Specified,Not Specified,MARGINAL,7.0,2.03
26/08/2024 09:00:00 - 26/08/2024 10:00:00,SCA|NO1,mFRR,Not Specified,Not Specified,MARGINAL,2.11,0.0
26/08/2024 10:00:00 - 26/08/2024 11:00:00,SCA|NO1,mFRR,Not Specified,Not Specified,MARGINAL,3.38,0.0
26/08/2024 11:00:00 - 26/08/2024 12:00:00,SCA|NO1,mFRR,Not Specified,Not Specified,MARGINAL,3.26,0.0
26/08/2024 12:00:00 - 26/08/2024 13:00:00,SCA|NO1,mFRR,Not Specified,Not Specified,MARGINAL,3.19,-3.0
26/08/2024 13:00:00 - 26/08/2024 14:00:00,SCA|NO1,mFRR,Not Specified,Not Specified,MARGINAL,2.8,-3.0
26/08/2024 14:00:00 - 26/08/2024 15:00:00,SCA|NO1,mFRR,Not Specified,Not Specified,MARGINAL,2.94,-2.5
26/08/2024 15:00:00 - 26/08/2024 16:00:00,SCA|NO1,mFRR,Not Specified,Not Specified,MARGINAL,2.93,-1.5
26/08/2024 16:00:00 - 26/08/2024 17:00:00,SCA|NO1,mFRR,Not Specified,Not Specified,MARGINAL,3.47,-1.5
26/08/2024 17:00:00 - 26/08/2024 18:00:00,SCA|NO1,mFRR,Not Specified,Not Specified,MARGINAL,3.47,-1.5
26/08/2024 18:00:00 - 26/08/2024 19:00:00,SCA|NO1,mFRR,Not Specified,Not Specified,MARGINAL,2.03,-1.5
26/08/2024 19:00:00 - 26/08/2024 20:00:00,SCA|NO1,mFRR,Not Specified,Not Specified,MARGINAL,2.33,-1.5
26/08/2024 20:00:00 - 26/08/2024 21:00:00,SCA|NO1,mFRR,Not Specified,Not Specified,MARGINAL,2.05,-1.5
26/08/2024 21:00:00 - 26/08/2024 22:00:00,SCA|NO1,mFRR,Not Specified,Not Specified,MARGINAL,3.5,2.04
26/08/2024 22:00:00 - 26/08/2024 23:00:00,SCA|NO1,mFRR,Not Specified,Not Specified,MARGINAL,2.8,2.8
26/08/2024 23:00:00 - 27/08/2024 00:00:00,SCA|NO1,mFRR,Not Specified,Not Specified,MARGINAL,1.27,1.27
27/08/2024 00:00:00 - 27/08/2024 01:00:00,SCA|NO1,mFRR,Not Specified,Not Specified,MARGINAL,0.0,0.0
27/08/2024 01:00:00 - 27/08/2024 02:00:00,SCA|NO1,mFRR,Not Specified,Not Specified,MARGINAL,-0.03,-0.03
27/08/2024 02:00:00 - 27/08/2024 03:00:00,SCA|NO1,mFRR,Not Specified,Not Specified,MARGINAL,-0.06,-0.06
27/08/2024 03:00:00 - 27/08/2024 04:00:00,SCA|NO1,mFRR,Not Specified,Not Specified,MARGINAL,-0.07,-0.07
27/08/2024 04:00:00 - 27/08/2024 05:00:00,SCA|NO1,mFRR,Not Specified,Not Specified,MARGINAL,-0.05,-0.05
27/08/2024 05:00:00 - 27/08/2024 06:00:00,SCA|NO1,mFRR,Not Specified,Not Specified,MARGINAL,0.09,0.09
27/08/2024 06:00:00 - 27/08/2024 07:00:00,SCA|NO1,mFRR,Not Specified,Not Specified,MARGINAL,1.95,1.95
27/08/2024 07:00:00 - 27/08/2024 08:00:00,SCA|NO1,mFRR,Not Specified,Not Specified,MARGINAL,3.68,3.68
27/08/2024 08:00:00 - 27/08/2024 09:00:00,SCA|NO1,mFRR,Not Specified,Not Specified,MARGINAL,6.05,-1.0
27/08/2024 09:00:00 - 27/08/2024 10:00:00,SCA|NO1,mFRR,Not Specified,Not Specified,MARGINAL,9.97,6.6
27/08/2024 10:00:00 - 27/08/2024 11:00:00,SCA|NO1,mFRR,Not Specified,Not Specified,MARGINAL,4.41,-2.0
27/08/2024 11:00:00 - 27/08/2024 12:00:00,SCA|NO1,mFRR,Not Specified,Not Specified,MARGINAL,4.1,-3.0
27/08/2024 12:00:00 - 27/08/2024 13:00:00,SCA|NO1,mFRR,Not Specified,Not Specified,MARGINAL,3.96,-4.0
27/08/2024 13:00:00 - 27/08/2024 14:00:00,SCA|NO1,mFRR,Not Specified,Not Specified,MARGINAL,1.18,-6.0
27/08/2024 14:00:00 - 27/08/2024 15:00:00,SCA|NO1,mFRR,Not Specified,Not Specified,MARGINAL,2.28,-6.0
27/08/2024 15:00:00 - 27/08/2024 16:00:00,SCA|NO1,mFRR,Not Specified,Not Specified,MARGINAL,3.08,-4.0
27/08/2024 16:00:00 - 27/08/2024 17:00:00,SCA|NO1,mFRR,Not Specified,Not Specified,MARGINAL,3.6,3.6
27/08/2024 17:00:00 - 27/08/2024 18:00:00,SCA|NO1,mFRR,Not Specified,Not Specified,MARGINAL,4.18,-1.0
27/08/2024 18:00:00 - 27/08/2024 19:00:00,SCA|NO1,mFRR,Not Specified,Not Specified,MARGINAL,4.58,0.0
27/08/2024 19:00:00 - 27/08/2024 20:00:00,SCA|NO1,mFRR,Not Specified,Not Specified,MARGINAL,4.21,0.5
27/08/2024 20:00:00 - 27/08/2024 21:00:00,SCA|NO1,mFRR,Not Specified,Not Specified,MARGINAL,3.31,-1.0
27/08/2024 21:00:00 - 27/08/2024 22:00:00,SCA|NO1,mFRR,Not Specified,Not Specified,MARGINAL,2.52,-2.0
27/08/2024 22:00:00 - 27/08/2024 23:00:00,SCA|NO1,mFRR,Not Specified,Not Specified,MARGINAL,1.11,-3.0
27/08/2024 23:00:00 - 28/08/2024 00:00:00,SCA|NO1,mFRR,Not Specified,Not Specified,MARGINAL,0.15,-6.0
28/08/2024 00:00:00 - 28/08/2024 01:00:00,SCA|NO1,mFRR,Not Specified,Not Specified,MARGINAL,-0.04,-6.0
28/08/2024 01:00:00 - 28/08/2024 02:00:00,SCA|NO1,mFRR,Not Specified,Not Specified,MARGINAL,-0.07,-9.0
28/08/2024 02:00:00 - 28/08/2024 03:00:00,SCA|NO1,mFRR,Not Specified,Not Specified,MARGINAL,-0.09,-9.0
28/08/2024 03:00:00 - 28/08/2024 04:00:00,SCA|NO1,mFRR,Not Specified,Not Specified,MARGINAL,-0.13,-9.0
28/08/2024 04:00:00 - 28/08/2024 05:00:00,SCA|NO1,mFRR,Not Specified,Not Specified,MARGINAL,-0.1,-8.0
28/08/2024 05:00:00 - 28/08/2024 06:00:00,SCA|NO1,mFRR,Not Specified,Not Specified,MARGINAL,0.0,-8.0
28/08/2024 06:00:00 - 28/08/2024 07:00:00,SCA|NO1,mFRR,Not Specified,Not Specified,MARGINAL,1.63,-5.0
28/08/2024 07:00:00 - 28/08/2024 08:00:00,SCA|NO1,mFRR,Not Specified,Not Specified,MARGINAL,13.45,3.79
28/08/2024 08:00:00 - 28/08/2024 09:00:00,SCA|NO1,mFRR,Not Specified,Not Specified,MARGINAL,13.88,4.43
28/08/2024 09:00:00 - 28/08/2024 10:00:00,SCA|NO1,mFRR,Not Specified,Not Specified,MARGINAL,13.63,4.55
28/08/2024 10:00:00 - 28/08/2024 11:00:00,SCA|NO1,mFRR,Not Specified,Not Specified,MARGINAL,13.61,4.33
28/08/2024 11:00:00 - 28/08/2024 12:00:00,SCA|NO1,mFRR,Not Specified,Not Specified,MARGINAL,12.0,4.19
28/08/2024 12:00:00 - 28/08/2024 13:00:00,SCA|NO1,mFRR,Not Specified,Not Specified,MARGINAL,12.0,3.94
28/08/2024 13:00:00 - 28/08/2024 14:00:00,SCA|NO1,mFRR,Not Specified,Not Specified,MARGINAL,4.1,4.1
28/08/2024 14:00:00 - 28/08/2024 15:00:00,SCA|NO1,mFRR,Not Specified,Not Specified,MARGINAL,4.02,-3.0
28/08/2024 15:00:00 - 28/08/2024 16:00:00,SCA|NO1,mFRR,Not Specified,Not Specified,MARGINAL,4.0,-3.0
28/08/2024 16:00:00 - 28/08/2024 17:00:00,SCA|NO1,mFRR,Not Specified,Not Specified,MARGINAL,4.97,-0.5
28/08/2024 17:00:00 - 28/08/2024 18:00:00,SCA|NO1,mFRR,Not Specified,Not Specified,MARGINAL,7.59,7.59
28/08/2024 18:00:00 - 28/08/2024 19:00:00,SCA|NO1,mFRR,Not Specified,Not Specified,MARGINAL,8.09,8.09
28/08/2024 19:00:00 - 28/08/2024 20:00:00,SCA|NO1,mFRR,Not Specified,Not Specified,MARGINAL,7.67,7.67
28/08/2024 20:00:00 - 28/08/2024 21:00:00,SCA|NO1,mFRR,Not Specified,Not Specified,MARGINAL,6.37,6.37
28/08/2024 21:00:00 - 28/08/2024 22:00:00,SCA|NO1,mFRR,Not Specified,Not Specified,MARGINAL,5.0,5.0
28/08/2024 22:00:00 - 28/08/2024 23:00:00,SCA|NO1,mFRR,Not Specified,Not Specified,MARGINAL,3.79,-0.5
28/08/2024 23:00:00 - 29/08/2024 00:00:00,SCA|NO1,mFRR,Not Specified,Not Specified,MARGINAL,2.51,-0.5
29/08/2024 00:00:00 - 29/08/2024 01:00:00,SCA|NO1,mFRR,Not Specified,Not Specified,MARGINAL,1.15,-0.5
29/08/2024 01:00:00 - 29/08/2024 02:00:00,SCA|NO1,mFRR,Not Specified,Not Specified,MARGINAL,0.97,-1.0
29/08/2024 02:00:00 - 29/08/2024 03:00:00,SCA|NO1,mFRR,Not Specified,Not Specified,MARGINAL,0.99,-1.0
29/08/2024 03:00:00 - 29/08/2024 04:00:00,SCA|NO1,mFRR,Not Specified,Not Specified,MARGINAL,1.01,-1.0
29/08/2024 04:00:00 - 29/08/2024 05:00:00,SCA|NO1,mFRR,Not Specified,Not Specified,MARGINAL,3.5,-0.5
29/08/2024 05:00:00 - 29/08/2024 06:00:00,SCA|NO1,mFRR,Not Specified,Not Specified,MARGINAL,3.5,2.97
29/08/2024 06:00:00 - 29/08/2024 07:00:00,SCA|NO1,mFRR,Not Specified,Not Specified,MARGINAL,5.63,5.63
29/08/2024 07:00:00 - 29/08/2024 08:00:00,SCA|NO1,mFRR,Not Specified,Not Specified,MARGINAL,6.98,6.98
29/08/2024 08:00:00 - 29/08/2024 09:00:00,SCA|NO1,mFRR,Not Specified,Not Specified,MARGINAL,9.89,9.89
29/08/2024 09:00:00 - 29/08/2024 10:00:00,SCA|NO1,mFRR,Not Specified,Not Specified,MARGINAL,11.38,11.38
29/08/2024 10:00:00 - 29/08/2024 11:00:00,SCA|NO1,mFRR,Not Specified,Not Specified,MARGINAL,9.42,9.42
29/08/2024 11:00:00 - 29/08/2024 12:00:00,SCA|NO1,mFRR,Not Specified,Not Specified,MARGINAL,5.35,1.0
29/08/2024 12:00:00 - 29/08/2024 13:00:00,SCA|NO1,mFRR,Not Specified,Not Specified,MARGINAL,4.93,-0.5
29/08/2024 13:00:00 - 29/08/2024 14:00:00,SCA|NO1,mFRR,Not Specified,Not Specified,MARGINAL,4.9,-0.5
29/08/2024 14:00:00 - 29/08/2024 15:00:00,SCA|NO1,mFRR,Not Specified,Not Specified,MARGINAL,4.25,0.0
29/08/2024 15:00:00 - 29/08/2024 16:00:00,SCA|NO1,mFRR,Not Specified,Not Specified,MARGINAL,4.27,0.0
29/08/2024 16:00:00 - 29/08/2024 17:00:00,SCA|NO1,mFRR,Not Specified,Not Specified,MARGINAL,4.42,4.42
29/08/2024 17:00:00 - 29/08/2024 18:00:00,SCA|NO1,mFRR,Not Specified,Not Specified,MARGINAL,4.95,4.95
29/08/2024 18:00:00 - 29/08/2024 19:00:00,SCA|NO1,mFRR,Not Specified,Not Specified,MARGINAL,4.91,4.91
29/08/2024 19:00:00 - 29/08/2024 20:00:00,SCA|NO1,mFRR,Not Specified,Not Specified,MARGINAL,4.12,4.12
29/08/2024 20:00:00 - 29/08/2024 21:00:00,SCA|NO1,mFRR,Not Specified,Not Specified,MARGINAL,3.17,3.17
29/08/2024 21:00:00 - 29/08/2024 22:00:00,SCA|NO1,mFRR,Not Specified,Not Specified,MARGINAL,1.98,-1.0
29/08/2024 22:00:00 - 29/08/2024 23:00:00,SCA|NO1,mFRR,Not Specified,Not Specified,MARGINAL,0.93,-1.0
29/08/2024 23:00:00 - 30/08/2024 00:00:00,SCA|NO1,mFRR,Not Specified,Not Specified,MARGINAL,0.03,0.0
30/08/2024 00:00:00 - 30/08/2024 01:00:00,SCA|NO1,mFRR,Not Specified,Not Specified,MARGINAL,-0.01,-0.01
30/08/2024 01:00:00 - 30/08/2024 02:00:00,SCA|NO1,mFRR,Not Specified,Not Specified,MARGINAL,-0.04,-0.04
30/08/2024 02:00:00 - 30/08/2024 03:00:00,SCA|NO1,mFRR,Not Specified,Not Specified,MARGINAL,14.0,-0.07
30/08/2024 03:00:00 - 30/08/2024 04:00:00,SCA|NO1,mFRR,Not Specified,Not Specified,MARGINAL,14.0,-0.07
30/08/2024 04:00:00 - 30/08/2024 05:00:00,SCA|NO1,mFRR,Not Specified,Not Specified,MARGINAL,14.0,-0.07
30/08/2024 05:00:00 - 30/08/2024 06:00:00,SCA|NO1,mFRR,Not Specified,Not Specified,MARGINAL,14.0,-0.06
30/08/2024 06:00:00 - 30/08/2024 07:00:00,SCA|NO1,mFRR,Not Specified,Not Specified,MARGINAL,9.5,0.66
30/08/2024 07:00:00 - 30/08/2024 08:00:00,SCA|NO1,mFRR,Not Specified,Not Specified,MARGINAL,19.0,2.91
30/08/2024 08:00:00 - 30/08/2024 09:00:00,SCA|NO1,mFRR,Not Specified,Not Specified,MARGINAL,19.0,3.55
30/08/2024 09:00:00 - 30/08/2024 10:00:00,SCA|NO1,mFRR,Not Specified,Not Specified,MARGINAL,9.98,3.85
30/08/2024 10:00:00 - 30/08/2024 11:00:00,SCA|NO1,mFRR,Not Specified,Not Specified,MARGINAL,9.98,3.59
30/08/2024 11:00:00 - 30/08/2024 12:00:00,SCA|NO1,mFRR,Not Specified,Not Specified,MARGINAL,16.0,2.99
30/08/2024 12:00:00 - 30/08/2024 13:00:00,SCA|NO1,mFRR,Not Specified,Not Specified,MARGINAL,19.46,2.94
30/08/2024 13:00:00 - 30/08/2024 14:00:00,SCA|NO1,mFRR,Not Specified,Not Specified,MARGINAL,14.0,2.91
30/08/2024 14:00:00 - 30/08/2024 15:00:00,SCA|NO1,mFRR,Not Specified,Not Specified,MARGINAL,13.0,2.63
30/08/2024 15:00:00 - 30/08/2024 16:00:00,SCA|NO1,mFRR,Not Specified,Not Specified,MARGINAL,13.0,2.35
30/08/2024 16:00:00 - 30/08/2024 17:00:00,SCA|NO1,mFRR,Not Specified,Not Specified,MARGINAL,12.0,3.24
30/08/2024 17:00:00 - 30/08/2024 18:00:00,SCA|NO1,mFRR,Not Specified,Not Specified,MARGINAL,12.0,4.14
30/08/2024 18:00:00 - 30/08/2024 19:00:00,SCA|NO1,mFRR,Not Specified,Not Specified,MARGINAL,4.94,4.94
30/08/2024 19:00:00 - 30/08/2024 20:00:00,SCA|NO1,mFRR,Not Specified,Not Specified,MARGINAL,5.9,5.9
30/08/2024 20:00:00 - 30/08/2024 21:00:00,SCA|NO1,mFRR,Not Specified,Not Specified,MARGINAL,4.41,1.0
30/08/2024 21:00:00 - 30/08/2024 22:00:00,SCA|NO1,mFRR,Not Specified,Not Specified,MARGINAL,3.7,1.0
30/08/2024 22:00:00 - 30/08/2024 23:00:00,SCA|NO1,mFRR,Not Specified,Not Specified,MARGINAL,2.96,2.96
30/08/2024 23:00:00 - 31/08/2024 00:00:00,SCA|NO1,mFRR,Not Specified,Not Specified,MARGINAL,1.99,-0.5
31/08/2024 00:00:00 - 31/08/2024 01:00:00,SCA|NO1,mFRR,Not Specified,Not Specified,MARGINAL,3.97,3.97
31/08/2024 01:00:00 - 31/08/2024 02:00:00,SCA|NO1,mFRR,Not Specified,Not Specified,MARGINAL,3.89,0.0
31/08/2024 02:00:00 - 31/08/2024 03:00:00,SCA|NO1,mFRR,Not Specified,Not Specified,MARGINAL,3.85,0.0
31/08/2024 03:00:00 - 31/08/2024 04:00:00,SCA|NO1,mFRR,Not Specified,Not Specified,MARGINAL,3.75,-1.0
31/08/2024 04:00:00 - 31/08/2024 05:00:00,SCA|NO1,mFRR,Not Specified,Not Specified,MARGINAL,3.63,-1.0
31/08/2024 05:00:00 - 31/08/2024 06:00:00,SCA|NO1,mFRR,Not Specified,Not Specified,MARGINAL,3.49,-1.0
31/08/2024 06:00:00 - 31/08/2024 07:00:00,SCA|NO1,mFRR,Not Specified,Not Specified,MARGINAL,3.82,-1.0
31/08/2024 07:00:00 - 31/08/2024 08:00:00,SCA|NO1,mFRR,Not Specified,Not Specified,MARGINAL,4.07,-1.0
31/08/2024 08:00:00 - 31/08/2024 09:00:00,SCA|NO1,mFRR,Not Specified,Not Specified,MARGINAL,4.18,-0.5
31/08/2024 09:00:00 - 31/08/2024 10:00:00,SCA|NO1,mFRR,Not Specified,Not Specified,MARGINAL,8.0,4.4
31/08/2024 10:00:00 - 31/08/2024 11:00:00,SCA|NO1,mFRR,Not Specified,Not Specified,MARGINAL,4.79,4.79
31/08/2024 11:00:00 - 31/08/2024 12:00:00,SCA|NO1,mFRR,Not Specified,Not Specified,MARGINAL,4.92,0.0
31/08/2024 12:00:00 - 31/08/2024 13:00:00,SCA|NO1,mFRR,Not Specified,Not Specified,MARGINAL,4.32,-3.89
31/08/2024 13:00:00 - 31/08/2024 14:00:00,SCA|NO1,mFRR,Not Specified,Not Specified,MARGINAL,-0.04,-7.0
31/08/2024 14:00:00 - 31/08/2024 15:00:00,SCA|NO1,mFRR,Not Specified,Not Specified,,,
31/08/2024 15:00:00 - 31/08/2024 16:00:00,SCA|NO1,mFRR,Not Specified,Not Specified,MARGINAL,4.33,0.0
31/08/2024 16:00:00 - 31/08/2024 17:00:00,SCA|NO1,mFRR,Not Specified,Not Specified,MARGINAL,5.01,1.0
31/08/2024 17:00:00 - 31/08/2024 18:00:00,SCA|NO1,mFRR,Not Specified,Not Specified,MARGINAL,5.01,0.0
31/08/2024 18:00:00 - 31/08/2024 19:00:00,SCA|NO1,mFRR,Not Specified,Not Specified,MARGINAL,5.25,2.5
31/08/2024 19:00:00 - 31/08/2024 20:00:00,SCA|NO1,mFRR,Not Specified,Not Specified,MARGINAL,5.56,5.56
31/08/2024 20:00:00 - 31/08/2024 21:00:00,SCA|NO1,mFRR,Not Specified,Not Specified,MARGINAL,5.96,5.96
31/08/2024 21:00:00 - 31/08/2024 22:00:00,SCA|NO1,mFRR,Not Specified,Not Specified,MARGINAL,6.83,6.83
31/08/2024 22:00:00 - 31/08/2024 23:00:00,SCA|NO1,mFRR,Not Specified,Not Specified,MARGINAL,9.84,5.25
31/08/2024 23:00:00 - 01/09/2024 00:00:00,SCA|NO1,mFRR,Not Specified,Not Specified,MARGINAL,5.5,4.91
01/09/2024 00:00:00 - 01/09/2024 01:00:00,SCA|NO1,mFRR,Not Specified,Not Specified,MARGINAL,11.26,9.59
01/09/2024 01:00:00 - 01/09/2024 02:00:00,SCA|NO1,mFRR,Not Specified,Not Specified,MARGINAL,9.17,9.17
01/09/2024 02:00:00 - 01/09/2024 03:00:00,SCA|NO1,mFRR,Not Specified,Not Specified,MARGINAL,8.91,8.91
01/09/2024 03:00:00 - 01/09/2024 04:00:00,SCA|NO1,mFRR,Not Specified,Not Specified,MARGINAL,8.83,8.83
01/09/2024 04:00:00 - 01/09/2024 05:00:00,SCA|NO1,mFRR,Not Specified,Not Specified,MARGINAL,8.79,8.79
01/09/2024 05:00:00 - 01/09/2024 06:00:00,SCA|NO1,mFRR,Not Specified,Not Specified,MARGINAL,11.24,8.76
01/09/2024 06:00:00 - 01/09/2024 07:00:00,SCA|NO1,mFRR,Not Specified,Not Specified,MARGINAL,11.24,9.1
01/09/2024 07:00:00 - 01/09/2024 08:00:00,SCA|NO1,mFRR,Not Specified,Not Specified,MARGINAL,11.75,11.75
01/09/2024 08:00:00 - 01/09/2024 09:00:00,SCA|NO1,mFRR,Not Specified,Not Specified,MARGINAL,14.99,14.99
01/09/2024 09:00:00 - 01/09/2024 10:00:00,SCA|NO1,mFRR,Not Specified,Not Specified,MARGINAL,26.0,17.91
01/09/2024 10:00:00 - 01/09/2024 11:00:00,SCA|NO1,mFRR,Not Specified,Not Specified,MARGINAL,26.0,10.03
01/09/2024 11:00:00 - 01/09/2024 12:00:00,SCA|NO1,mFRR,Not Specified,Not Specified,MARGINAL,4.82,4.82
01/09/2024 12:00:00 - 01/09/2024 13:00:00,SCA|NO1,mFRR,Not Specified,Not Specified,MARGINAL,0.23,0.23
01/09/2024 13:00:00 - 01/09/2024 14:00:00,SCA|NO1,mFRR,Not Specified,Not Specified,MARGINAL,0.23,0.23
01/09/2024 14:00:00 - 01/09/2024 15:00:00,SCA|NO1,mFRR,Not Specified,Not Specified,MARGINAL,1.6,1.6
01/09/2024 15:00:00 - 01/09/2024 16:00:00,SCA|NO1,mFRR,Not Specified,Not Specified,MARGINAL,8.34,8.34
01/09/2024 16:00:00 - 01/09/2024 17:00:00,SCA|NO1,mFRR,Not Specified,Not Specified,MARGINAL,17.83,12.23
01/09/2024 17:00:00 - 01/09/2024 18:00:00,SCA|NO1,mFRR,Not Specified,Not Specified,MARGINAL,34.92,34.92
01/09/2024 18:00:00 - 01/09/2024 19:00:00,SCA|NO1,mFRR,Not Specified,Not Specified,MARGINAL,35.92,35.92
01/09/2024 19:00:00 - 01/09/2024 20:00:00,SCA|NO1,mFRR,Not Specified,Not Specified,MARGINAL,54.23,17.0
01/09/2024 20:00:00 - 01/09/2024 21:00:00,SCA|NO1,mFRR,Not Specified,Not Specified,MARGINAL,54.76,17.0
01/09/2024 21:00:00 - 01/09/2024 22:00:00,SCA|NO1,mFRR,Not Specified,Not Specified,MARGINAL,54.22,17.0
01/09/2024 22:00:00 - 01/09/2024 23:00:00,SCA|NO1,mFRR,Not Specified,Not Specified,MARGINAL,52.22,7.0
01/09/2024 23:00:00 - 02/09/2024 00:00:00,SCA|NO1,mFRR,Not Specified,Not Specified,MARGINAL,48.19,7.0
02/09/2024 00:00:00 - 02/09/2024 01:00:00,SCA|NO1,mFRR,Not Specified,Not Specified,MARGINAL,13.5,13.47
02/09/2024 01:00:00 - 02/09/2024 02:00:00,SCA|NO1,mFRR,Not Specified,Not Specified,MARGINAL,13.5,12.68
02/09/2024 02:00:00 - 02/09/2024 03:00:00,SCA|NO1,mFRR,Not Specified,Not Specified,MARGINAL,13.5,10.88
02/09/2024 03:00:00 - 02/09/2024 04:00:00,SCA|NO1,mFRR,Not Specified,Not Specified,MARGINAL,10.47,10.47
02/09/2024 04:00:00 - 02/09/2024 05:00:00,SCA|NO1,mFRR,Not Specified,Not Specified,MARGINAL,11.71,10.5
02/09/2024 05:00:00 - 02/09/2024 06:00:00,SCA|NO1,mFRR,Not Specified,Not Specified,MARGINAL,25.0,10.76
02/09/2024 06:00:00 - 02/09/2024 07:00:00,SCA|NO1,mFRR,Not Specified,Not Specified,MARGINAL,66.0,13.19
02/09/2024 07:00:00 - 02/09/2024 08:00:00,SCA|NO1,mFRR,Not Specified,Not Specified,MARGINAL,66.0,55.56
02/09/2024 08:00:00 - 02/09/2024 09:00:00,SCA|NO1,mFRR,Not Specified,Not Specified,MARGINAL,90.0,90.0
02/09/2024 09:00:00 - 02/09/2024 10:00:00,SCA|NO1,mFRR,Not Specified,Not Specified,MARGINAL,67.0,65.35
02/09/2024 10:00:00 - 02/09/2024 11:00:00,SCA|NO1,mFRR,Not Specified,Not Specified,MARGINAL,66.0,57.88
02/09/2024 11:00:00 - 02/09/2024 12:00:00,SCA|NO1,mFRR,Not Specified,Not Specified,MARGINAL,55.86,55.86
02/09/2024 12:00:00 - 02/09/2024 13:00:00,SCA|NO1,mFRR,Not Specified,Not Specified,MARGINAL,55.03,55.03
02/09/2024 13:00:00 - 02/09/2024 14:00:00,SCA|NO1,mFRR,Not Specified,Not Specified,MARGINAL,54.62,54.62
02/09/2024 14:00:00 - 02/09/2024 15:00:00,SCA|NO1,mFRR,Not Specified,Not Specified,MARGINAL,54.43,40.0
02/09/2024 15:00:00 - 02/09/2024 16:00:00,SCA|NO1,mFRR,Not Specified,Not Specified,MARGINAL,64.0,40.0
02/09/2024 16:00:00 - 02/09/2024 17:00:00,SCA|NO1,mFRR,Not Specified,Not Specified,MARGINAL,64.0,54.07
02/09/2024 17:00:00 - 02/09/2024 18:00:00,SCA|NO1,mFRR,Not Specified,Not Specified,MARGINAL,69.5,54.53
02/09/2024 18:00:00 - 02/09/2024 19:00:00,SCA|NO1,mFRR,Not Specified,Not Specified,MARGINAL,70.0,55.34
02/09/2024 19:00:00 - 02/09/2024 20:00:00,SCA|NO1,mFRR,Not Specified,Not Specified,MARGINAL,67.0,50.52
02/09/2024 20:00:00 - 02/09/2024 21:00:00,SCA|NO1,mFRR,Not Specified,Not Specified,MARGINAL,65.0,43.92
02/09/2024 21:00:00 - 02/09/2024 22:00:00,SCA|NO1,mFRR,Not Specified,Not Specified,MARGINAL,60.0,20.94
02/09/2024 22:00:00 - 02/09/2024 23:00:00,SCA|NO1,mFRR,Not Specified,Not Specified,MARGINAL,31.5,13.97
02/09/2024 23:00:00 - 03/09/2024 00:00:00,SCA|NO1,mFRR,Not Specified,Not Specified,MARGINAL,25.0,13.28
03/09/2024 00:00:00 - 03/09/2024 01:00:00,SCA|NO1,mFRR,Not Specified,Not Specified,MARGINAL,19.22,19.22
03/09/2024 01:00:00 - 03/09/2024 02:00:00,SCA|NO1,mFRR,Not Specified,Not Specified,MARGINAL,18.7,18.7
03/09/2024 02:00:00 - 03/09/2024 03:00:00,SCA|NO1,mFRR,Not Specified,Not Specified,MARGINAL,18.38,18.38
03/09/2024 03:00:00 - 03/09/2024 04:00:00,SCA|NO1,mFRR,Not Specified,Not Specified,MARGINAL,18.07,18.07
03/09/2024 04:00:00 - 03/09/2024 05:00:00,SCA|NO1,mFRR,Not Specified,Not Specified,MARGINAL,17.94,17.0
03/09/2024 05:00:00 - 03/09/2024 06:00:00,SCA|NO1,mFRR,Not Specified,Not Specified,MARGINAL,18.19,17.0
03/09/2024 06:00:00 - 03/09/2024 07:00:00,SCA|NO1,mFRR,Not Specified,Not Specified,MARGINAL,19.67,19.67
03/09/2024 07:00:00 - 03/09/2024 08:00:00,SCA|NO1,mFRR,Not Specified,Not Specified,MARGINAL,51.41,34.0
03/09/2024 08:00:00 - 03/09/2024 09:00:00,SCA|NO1,mFRR,Not Specified,Not Specified,MARGINAL,56.74,40.0
03/09/2024 09:00:00 - 03/09/2024 10:00:00,SCA|NO1,mFRR,Not Specified,Not Specified,MARGINAL,54.42,40.0
03/09/2024 10:00:00 - 03/09/2024 11:00:00,SCA|NO1,mFRR,Not Specified,Not Specified,MARGINAL,56.14,40.0
03/09/2024 11:00:00 - 03/09/2024 12:00:00,SCA|NO1,mFRR,Not Specified,Not Specified,MARGINAL,56.81,56.81
03/09/2024 12:00:00 - 03/09/2024 13:00:00,SCA|NO1,mFRR,Not Specified,Not Specified,MARGINAL,60.5,50.77
03/09/2024 13:00:00 - 03/09/2024 14:00:00,SCA|NO1,mFRR,Not Specified,Not Specified,MARGINAL,60.5,28.74
03/09/2024 14:00:00 - 03/09/2024 15:00:00,SCA|NO1,mFRR,Not Specified,Not Specified,MARGINAL,60.0,26.43
03/09/2024 15:00:00 - 03/09/2024 16:00:00,SCA|NO1,mFRR,Not Specified,Not Specified,MARGINAL,28.33,17.0
03/09/2024 16:00:00 - 03/09/2024 17:00:00,SCA|NO1,mFRR,Not Specified,Not Specified,MARGINAL,30.3,17.0
03/09/2024 17:00:00 - 03/09/2024 18:00:00,SCA|NO1,mFRR,Not Specified,Not Specified,MARGINAL,50.35,22.0
03/09/2024 18:00:00 - 03/09/2024 19:00:00,SCA|NO1,mFRR,Not Specified,Not Specified,MARGINAL,54.51,54.0
03/09/2024 19:00:00 - 03/09/2024 20:00:00,SCA|NO1,mFRR,Not Specified,Not Specified,MARGINAL,21.96,21.96
03/09/2024 20:00:00 - 03/09/2024 21:00:00,SCA|NO1,mFRR,Not Specified,Not Specified,MARGINAL,19.9,19.9
03/09/2024 21:00:00 - 03/09/2024 22:00:00,SCA|NO1,mFRR,Not Specified,Not Specified,MARGINAL,19.71,19.71
03/09/2024 22:00:00 - 03/09/2024 23:00:00,SCA|NO1,mFRR,Not Specified,Not Specified,MARGINAL,18.79,18.79
03/09/2024 23:00:00 - 04/09/2024 00:00:00,SCA|NO1,mFRR,Not Specified,Not Specified,MARGINAL,17.92,4.0
04/09/2024 00:00:00 - 04/09/2024 01:00:00,SCA|NO1,mFRR,Not Specified,Not Specified,MARGINAL,15.52,4.0
04/09/2024 01:00:00 - 04/09/2024 02:00:00,SCA|NO1,mFRR,Not Specified,Not Specified,MARGINAL,15.62,0.0
04/09/2024 02:00:00 - 04/09/2024 03:00:00,SCA|NO1,mFRR,Not Specified,Not Specified,MARGINAL,15.19,0.0
04/09/2024 03:00:00 - 04/09/2024 04:00:00,SCA|NO1,mFRR,Not Specified,Not Specified,MARGINAL,15.01,-3.0
04/09/2024 04:00:00 - 04/09/2024 05:00:00,SCA|NO1,mFRR,Not Specified,Not Specified,MARGINAL,14.22,-4.0
04/09/2024 05:00:00 - 04/09/2024 06:00:00,SCA|NO1,mFRR,Not Specified,Not Specified,MARGINAL,15.23,-4.0
04/09/2024 06:00:00 - 04/09/2024 07:00:00,SCA|NO1,mFRR,Not Specified,Not Specified,MARGINAL,23.44,0.0
04/09/2024 07:00:00 - 04/09/2024 08:00:00,SCA|NO1,mFRR,Not Specified,Not Specified,MARGINAL,47.03,20.11
04/09/2024 08:00:00 - 04/09/2024 09:00:00,SCA|NO1,mFRR,Not Specified,Not Specified,MARGINAL,53.94,46.93
04/09/2024 09:00:00 - 04/09/2024 10:00:00,SCA|NO1,mFRR,Not Specified,Not Specified,MARGINAL,61.0,47.55
04/09/2024 10:00:00 - 04/09/2024 11:00:00,SCA|NO1,mFRR,Not Specified,Not Specified,MARGINAL,61.0,40.6
04/09/2024 11:00:00 - 04/09/2024 12:00:00,SCA|NO1,mFRR,Not Specified,Not Specified,MARGINAL,67.0,48.07
04/09/2024 12:00:00 - 04/09/2024 13:00:00,SCA|NO1,mFRR,Not Specified,Not Specified,MARGINAL,65.0,45.7
04/09/2024 13:00:00 - 04/09/2024 14:00:00,SCA|NO1,mFRR,Not Specified,Not Specified,MARGINAL,30.0,30.0
04/09/2024 14:00:00 - 04/09/2024 15:00:00,SCA|NO1,mFRR,Not Specified,Not Specified,MARGINAL,30.0,30.0
04/09/2024 15:00:00 - 04/09/2024 16:00:00,SCA|NO1,mFRR,Not Specified,Not Specified,MARGINAL,30.0,30.0
04/09/2024 16:00:00 - 04/09/2024 17:00:00,SCA|NO1,mFRR,Not Specified,Not Specified,MARGINAL,31.56,31.56
04/09/2024 17:00:00 - 04/09/2024 18:00:00,SCA|NO1,mFRR,Not Specified,Not Specified,MARGINAL,50.63,50.63
04/09/2024 18:00:00 - 04/09/2024 19:00:00,SCA|NO1,mFRR,Not Specified,Not Specified,MARGINAL,49.42,49.42
04/09/2024 19:00:00 - 04/09/2024 20:00:00,SCA|NO1,mFRR,Not Specified,Not Specified,MARGINAL,29.99,29.99
04/09/2024 20:00:00 - 04/09/2024 21:00:00,SCA|NO1,mFRR,Not Specified,Not Specified,MARGINAL,24.99,24.13
04/09/2024 21:00:00 - 04/09/2024 22:00:00,SCA|NO1,mFRR,Not Specified,Not Specified,MARGINAL,25.1,25.1
04/09/2024 22:00:00 - 04/09/2024 23:00:00,SCA|NO1,mFRR,Not Specified,Not Specified,MARGINAL,24.84,10.0
04/09/2024 23:00:00 - 05/09/2024 00:00:00,SCA|NO1,mFRR,Not Specified,Not Specified,MARGINAL,23.91,10.0
05/09/2024 00:00:00 - 05/09/2024 01:00:00,SCA|NO1,mFRR,Not Specified,Not Specified,MARGINAL,17.04,17.04
05/09/2024 01:00:00 - 05/09/2024 02:00:00,SCA|NO1,mFRR,Not Specified,Not Specified,MARGINAL,15.24,15.24
05/09/2024 02:00:00 - 05/09/2024 03:00:00,SCA|NO1,mFRR,Not Specified,Not Specified,MARGINAL,14.45,14.45
05/09/2024 03:00:00 - 05/09/2024 04:00:00,SCA|NO1,mFRR,Not Specified,Not Specified,MARGINAL,13.91,13.91
05/09/2024 04:00:00 - 05/09/2024 05:00:00,SCA|NO1,mFRR,Not Specified,Not Specified,MARGINAL,14.61,14.61
05/09/2024 05:00:00 - 05/09/2024 06:00:00,SCA|NO1,mFRR,Not Specified,Not Specified,MARGINAL,15.24,15.24
05/09/2024 06:00:00 - 05/09/2024 07:00:00,SCA|NO1,mFRR,Not Specified,Not Specified,MARGINAL,20.91,20.91
05/09/2024 07:00:00 - 05/09/2024 08:00:00,SCA|NO1,mFRR,Not Specified,Not Specified,MARGINAL,42.98,23.0
05/09/2024 08:00:00 - 05/09/2024 09:00:00,SCA|NO1,mFRR,Not Specified,Not Specified,MARGINAL,49.99,49.99
05/09/2024 09:00:00 - 05/09/2024 10:00:00,SCA|NO1,mFRR,Not Specified,Not Specified,MARGINAL,39.86,39.86
05/09/2024 10:00:00 - 05/09/2024 11:00:00,SCA|NO1,mFRR,Not Specified,Not Specified,MARGINAL,36.63,36.63
05/09/2024 11:00:00 - 05/09/2024 12:00:00,SCA|NO1,mFRR,Not Specified,Not Specified,MARGINAL,18.17,13.0
05/09/2024 12:00:00 - 05/09/2024 13:00:00,SCA|NO1,mFRR,Not Specified,Not Specified,MARGINAL,4.32,4.32
05/09/2024 13:00:00 - 05/09/2024 14:00:00,SCA|NO1,mFRR,Not Specified,Not Specified,MARGINAL,3.24,0.0
05/09/2024 14:00:00 - 05/09/2024 15:00:00,SCA|NO1,mFRR,Not Specified,Not Specified,MARGINAL,3.03,0.0
05/09/2024 15:00:00 - 05/09/2024 16:00:00,SCA|NO1,mFRR,Not Specified,Not Specified,MARGINAL,3.96,0.0
05/09/2024 16:00:00 - 05/09/2024 17:00:00,SCA|NO1,mFRR,Not Specified,Not Specified,MARGINAL,12.78,6.0
05/09/2024 17:00:00 - 05/09/2024 18:00:00,SCA|NO1,mFRR,Not Specified,Not Specified,MARGINAL,26.79,26.79
05/09/2024 18:00:00 - 05/09/2024 19:00:00,SCA|NO1,mFRR,Not Specified,Not Specified,MARGINAL,42.73,42.73
05/09/2024 19:00:00 - 05/09/2024 20:00:00,SCA|NO1,mFRR,Not Specified,Not Specified,MARGINAL,29.89,13.0
05/09/2024 20:00:00 - 05/09/2024 21:00:00,SCA|NO1,mFRR,Not Specified,Not Specified,MARGINAL,28.88,13.0
05/09/2024 21:00:00 - 05/09/2024 22:00:00,SCA|NO1,mFRR,Not Specified,Not Specified,MARGINAL,28.19,13.0
05/09/2024 22:00:00 - 05/09/2024 23:00:00,SCA|NO1,mFRR,Not Specified,Not Specified,MARGINAL,26.84,6.0
05/09/2024 23:00:00 - 06/09/2024 00:00:00,SCA|NO1,mFRR,Not Specified,Not Specified,MARGINAL,24.74,8.0
06/09/2024 00:00:00 - 06/09/2024 01:00:00,SCA|NO1,mFRR,Not Specified,Not Specified,MARGINAL,14.3,8.0
06/09/2024 01:00:00 - 06/09/2024 02:00:00,SCA|NO1,mFRR,Not Specified,Not Specified,MARGINAL,13.62,8.0
06/09/2024 02:00:00 - 06/09/2024 03:00:00,SCA|NO1,mFRR,Not Specified,Not Specified,MARGINAL,13.06,8.0
06/09/2024 03:00:00 - 06/09/2024 04:00:00,SCA|NO1,mFRR,Not Specified,Not Specified,MARGINAL,12.74,6.5
06/09/2024 04:00:00 - 06/09/2024 05:00:00,SCA|NO1,mFRR,Not Specified,Not Specified,MARGINAL,12.93,6.5
06/09/2024 05:00:00 - 06/09/2024 06:00:00,SCA|NO1,mFRR,Not Specified,Not Specified,MARGINAL,13.05,7.0
06/09/2024 06:00:00 - 06/09/2024 07:00:00,SCA|NO1,mFRR,Not Specified,Not Specified,MARGINAL,14.42,13.0
06/09/2024 07:00:00 - 06/09/2024 08:00:00,SCA|NO1,mFRR,Not Specified,Not Specified,MARGINAL,16.5,15.83
06/09/2024 08:00:00 - 06/09/2024 09:00:00,SCA|NO1,mFRR,Not Specified,Not Specified,MARGINAL,29.0,17.99
06/09/2024 09:00:00 - 06/09/2024 10:00:00,SCA|NO1,mFRR,Not Specified,Not Specified,MARGINAL,29.0,18.93
06/09/2024 10:00:00 - 06/09/2024 11:00:00,SCA|NO1,mFRR,Not Specified,Not Specified,MARGINAL,29.0,16.33
06/09/2024 11:00:00 - 06/09/2024 12:00:00,SCA|NO1,mFRR,Not Specified,Not Specified,MARGINAL,16.0,4.0
06/09/2024 12:00:00 - 06/09/2024 13:00:00,SCA|NO1,mFRR,Not Specified,Not Specified,MARGINAL,14.01,-1.0
06/09/2024 13:00:00 - 06/09/2024 14:00:00,SCA|NO1,mFRR,Not Specified,Not Specified,MARGINAL,12.48,-1.5
06/09/2024 14:00:00 - 06/09/2024 15:00:00,SCA|NO1,mFRR,Not Specified,Not Specified,MARGINAL,14.53,-0.5
06/09/2024 15:00:00 - 06/09/2024 16:00:00,SCA|NO1,mFRR,Not Specified,Not Specified,MARGINAL,15.01,0.0
06/09/2024 16:00:00 - 06/09/2024 17:00:00,SCA|NO1,mFRR,Not Specified,Not Specified,MARGINAL,15.06,11.0
06/09/2024 17:00:00 - 06/09/2024 18:00:00,SCA|NO1,mFRR,Not Specified,Not Specified,MARGINAL,17.0,15.42
06/09/2024 18:00:00 - 06/09/2024 19:00:00,SCA|NO1,mFRR,Not Specified,Not Specified,MARGINAL,17.0,15.39
06/09/2024 19:00:00 - 06/09/2024 20:00:00,SCA|NO1,mFRR,Not Specified,Not Specified,MARGINAL,17.0,15.25
06/09/2024 20:00:00 - 06/09/2024 21:00:00,SCA|NO1,mFRR,Not Specified,Not Specified,MARGINAL,17.0,15.01
06/09/2024 21:00:00 - 06/09/2024 22:00:00,SCA|NO1,mFRR,Not Specified,Not Specified,MARGINAL,14.98,0.0
06/09/2024 22:00:00 - 06/09/2024 23:00:00,SCA|NO1,mFRR,Not Specified,Not Specified,MARGINAL,14.74,-1.0
06/09/2024 23:00:00 - 07/09/2024 00:00:00,SCA|NO1,mFRR,Not Specified,Not Specified,MARGINAL,14.01,-1.0
07/09/2024 00:00:00 - 07/09/2024 01:00:00,SCA|NO1,mFRR,Not Specified,Not Specified,MARGINAL,5.18,-1.0
07/09/2024 01:00:00 - 07/09/2024 02:00:00,SCA|NO1,mFRR,Not Specified,Not Specified,MARGINAL,5.15,-0.5
07/09/2024 02:00:00 - 07/09/2024 03:00:00,SCA|NO1,mFRR,Not Specified,Not Specified,MARGINAL,5.12,-2.0
07/09/2024 03:00:00 - 07/09/2024 04:00:00,SCA|NO1,mFRR,Not Specified,Not Specified,MARGINAL,5.15,-2.0
07/09/2024 04:00:00 - 07/09/2024 05:00:00,SCA|NO1,mFRR,Not Specified,Not Specified,MARGINAL,5.17,-1.0
07/09/2024 05:00:00 - 07/09/2024 06:00:00,SCA|NO1,mFRR,Not Specified,Not Specified,MARGINAL,5.19,5.19
07/09/2024 06:00:00 - 07/09/2024 07:00:00,SCA|NO1,mFRR,Not Specified,Not Specified,MARGINAL,5.21,5.21
07/09/2024 07:00:00 - 07/09/2024 08:00:00,SCA|NO1,mFRR,Not Specified,Not Specified,MARGINAL,8.0,5.62
07/09/2024 08:00:00 - 07/09/2024 09:00:00,SCA|NO1,mFRR,Not Specified,Not Specified,MARGINAL,17.5,8.61
07/09/2024 09:00:00 - 07/09/2024 10:00:00,SCA|NO1,mFRR,Not Specified,Not Specified,MARGINAL,18.0,10.59
07/09/2024 10:00:00 - 07/09/2024 11:00:00,SCA|NO1,mFRR,Not Specified,Not Specified,MARGINAL,18.0,9.96
07/09/2024 11:00:00 - 07/09/2024 12:00:00,SCA|NO1,mFRR,Not Specified,Not Specified,MARGINAL,7.56,6.0
07/09/2024 12:00:00 - 07/09/2024 13:00:00,SCA|NO1,mFRR,Not Specified,Not Specified,MARGINAL,5.27,1.5
07/09/2024 13:00:00 - 07/09/2024 14:00:00,SCA|NO1,mFRR,Not Specified,Not Specified,MARGINAL,1.24,0.0
07/09/2024 14:00:00 - 07/09/2024 15:00:00,SCA|NO1,mFRR,Not Specified,Not Specified,MARGINAL,3.1,1.0
07/09/2024 15:00:00 - 07/09/2024 16:00:00,SCA|NO1,mFRR,Not Specified,Not Specified,MARGINAL,5.75,2.0
07/09/2024 16:00:00 - 07/09/2024 17:00:00,SCA|NO1,mFRR,Not Specified,Not Specified,MARGINAL,14.0,8.99
07/09/2024 17:00:00 - 07/09/2024 18:00:00,SCA|NO1,mFRR,Not Specified,Not Specified,MARGINAL,18.0,9.95
07/09/2024 18:00:00 - 07/09/2024 19:00:00,SCA|NO1,mFRR,Not Specified,Not Specified,MARGINAL,23.0,10.3
07/09/2024 19:00:00 - 07/09/2024 20:00:00,SCA|NO1,mFRR,Not Specified,Not Specified,MARGINAL,23.0,10.01
07/09/2024 20:00:00 - 07/09/2024 21:00:00,SCA|NO1,mFRR,Not Specified,Not Specified,MARGINAL,7.97,7.97
07/09/2024 21:00:00 - 07/09/2024 22:00:00,SCA|NO1,mFRR,Not Specified,Not Specified,MARGINAL,7.55,1.0
07/09/2024 22:00:00 - 07/09/2024 23:00:00,SCA|NO1,mFRR,Not Specified,Not Specified,MARGINAL,6.41,1.0
07/09/2024 23:00:00 - 08/09/2024 00:00:00,SCA|NO1,mFRR,Not Specified,Not Specified,MARGINAL,5.87,0.44
08/09/2024 00:00:00 - 08/09/2024 01:00:00,SCA|NO1,mFRR,Not Specified,Not Specified,MARGINAL,5.19,-1.0
08/09/2024 01:00:00 - 08/09/2024 02:00:00,SCA|NO1,mFRR,Not Specified,Not Specified,MARGINAL,4.54,-2.5
08/09/2024 02:00:00 - 08/09/2024 03:00:00,SCA|NO1,mFRR,Not Specified,Not Specified,MARGINAL,3.97,-2.5
08/09/2024 03:00:00 - 08/09/2024 04:00:00,SCA|NO1,mFRR,Not Specified,Not Specified,MARGINAL,3.88,-2.5
08/09/2024 04:00:00 - 08/09/2024 05:00:00,SCA|NO1,mFRR,Not Specified,Not Specified,MARGINAL,3.75,-0.5
08/09/2024 05:00:00 - 08/09/2024 06:00:00,SCA|NO1,mFRR,Not Specified,Not Specified,MARGINAL,3.88,-0.5
08/09/2024 06:00:00 - 08/09/2024 07:00:00,SCA|NO1,mFRR,Not Specified,Not Specified,MARGINAL,3.9,-3.0
08/09/2024 07:00:00 - 08/09/2024 08:00:00,SCA|NO1,mFRR,Not Specified,Not Specified,MARGINAL,4.7,-5.0
08/09/2024 08:00:00 - 08/09/2024 09:00:00,SCA|NO1,mFRR,Not Specified,Not Specified,MARGINAL,5.11,-5.0
08/09/2024 09:00:00 - 08/09/2024 10:00:00,SCA|NO1,mFRR,Not Specified,Not Specified,MARGINAL,5.55,-3.0
08/09/2024 10:00:00 - 08/09/2024 11:00:00,SCA|NO1,mFRR,Not Specified,Not Specified,MARGINAL,5.92,0.0
08/09/2024 11:00:00 - 08/09/2024 12:00:00,SCA|NO1,mFRR,Not Specified,Not Specified,MARGINAL,2.49,-1.0
08/09/2024 12:00:00 - 08/09/2024 13:00:00,SCA|NO1,mFRR,Not Specified,Not Specified,MARGINAL,0.04,-3.0
08/09/2024 13:00:00 - 08/09/2024 14:00:00,SCA|NO1,mFRR,Not Specified,Not Specified,MARGINAL,0.01,-3.0
08/09/2024 14:00:00 - 08/09/2024 15:00:00,SCA|NO1,mFRR,Not Specified,Not Specified,MARGINAL,1.19,-2.0
08/09/2024 15:00:00 - 08/09/2024 16:00:00,SCA|NO1,mFRR,Not Specified,Not Specified,MARGINAL,3.14,-1.0
08/09/2024 16:00:00 - 08/09/2024 17:00:00,SCA|NO1,mFRR,Not Specified,Not Specified,MARGINAL,5.34,-0.5
08/09/2024 17:00:00 - 08/09/2024 18:00:00,SCA|NO1,mFRR,Not Specified,Not Specified,MARGINAL,11.0,5.61
08/09/2024 18:00:00 - 08/09/2024 19:00:00,SCA|NO1,mFRR,Not Specified,Not Specified,MARGINAL,11.0,5.9
08/09/2024 19:00:00 - 08/09/2024 20:00:00,SCA|NO1,mFRR,Not Specified,Not Specified,MARGINAL,5.13,5.13
08/09/2024 20:00:00 - 08/09/2024 21:00:00,SCA|NO1,mFRR,Not Specified,Not Specified,MARGINAL,3.85,-1.0
08/09/2024 21:00:00 - 08/09/2024 22:00:00,SCA|NO1,mFRR,Not Specified,Not Specified,MARGINAL,3.19,-3.0
08/09/2024 22:00:00 - 08/09/2024 23:00:00,SCA|NO1,mFRR,Not Specified,Not Specified,,,
08/09/2024 23:00:00 - 09/09/2024 00:00:00,SCA|NO1,mFRR,Not Specified,Not Specified,MARGINAL,1.52,-11.0
09/09/2024 00:00:00 - 09/09/2024 01:00:00,SCA|NO1,mFRR,Not Specified,Not Specified,MARGINAL,0.43,-15.0
09/09/2024 01:00:00 - 09/09/2024 02:00:00,SCA|NO1,mFRR,Not Specified,Not Specified,MARGINAL,0.34,-8.0
09/09/2024 02:00:00 - 09/09/2024 03:00:00,SCA|NO1,mFRR,Not Specified,Not Specified,MARGINAL,0.04,-8.0
09/09/2024 03:00:00 - 09/09/2024 04:00:00,SCA|NO1,mFRR,Not Specified,Not Specified,MARGINAL,0.04,-8.0
09/09/2024 04:00:00 - 09/09/2024 05:00:00,SCA|NO1,mFRR,Not Specified,Not Specified,MARGINAL,0.11,-8.0
09/09/2024 05:00:00 - 09/09/2024 06:00:00,SCA|NO1,mFRR,Not Specified,Not Specified,MARGINAL,0.43,-5.0
09/09/2024 06:00:00 - 09/09/2024 07:00:00,SCA|NO1,mFRR,Not Specified,Not Specified,MARGINAL,1.83,-5.0
09/09/2024 07:00:00 - 09/09/2024 08:00:00,SCA|NO1,mFRR,Not Specified,Not Specified,MARGINAL,2.98,-3.8
09/09/2024 08:00:00 - 09/09/2024 09:00:00,SCA|NO1,mFRR,Not Specified,Not Specified,MARGINAL,6.1,-3.5
09/09/2024 09:00:00 - 09/09/2024 10:00:00,SCA|NO1,mFRR,Not Specified,Not Specified,MARGINAL,6.2,-3.5
09/09/2024 10:00:00 - 09/09/2024 11:00:00,SCA|NO1,mFRR,Not Specified,Not Specified,MARGINAL,6.03,-1.0
09/09/2024 11:00:00 - 09/09/2024 12:00:00,SCA|NO1,mFRR,Not Specified,Not Specified,MARGINAL,5.05,-1.0
09/09/2024 12:00:00 - 09/09/2024 13:00:00,SCA|NO1,mFRR,Not Specified,Not Specified,MARGINAL,4.99,-1.0
09/09/2024 13:00:00 - 09/09/2024 14:00:00,SCA|NO1,mFRR,Not Specified,Not Specified,MARGINAL,7.0,2.49
09/09/2024 14:00:00 - 09/09/2024 15:00:00,SCA|NO1,mFRR,Not Specified,Not Specified,MARGINAL,2.6,2.6
09/09/2024 15:00:00 - 09/09/2024 16:00:00,SCA|NO1,mFRR,Not Specified,Not Specified,MARGINAL,2.98,2.98
09/09/2024 16:00:00 - 09/09/2024 17:00:00,SCA|NO1,mFRR,Not Specified,Not Specified,MARGINAL,3.76,3.76
09/09/2024 17:00:00 - 09/09/2024 18:00:00,SCA|NO1,mFRR,Not Specified,Not Specified,MARGINAL,10.0,-1.0
09/09/2024 18:00:00 - 09/09/2024 19:00:00,SCA|NO1,mFRR,Not Specified,Not Specified,MARGINAL,10.0,3.52
09/09/2024 19:00:00 - 09/09/2024 20:00:00,SCA|NO1,mFRR,Not Specified,Not Specified,MARGINAL,8.0,3.29
09/09/2024 20:00:00 - 09/09/2024 21:00:00,SCA|NO1,mFRR,Not Specified,Not Specified,MARGINAL,8.0,3.31
09/09/2024 21:00:00 - 09/09/2024 22:00:00,SCA|NO1,mFRR,Not Specified,Not Specified,MARGINAL,4.5,2.46
09/09/2024 22:00:00 - 09/09/2024 23:00:00,SCA|NO1,mFRR,Not Specified,Not Specified,MARGINAL,1.0,-0.5
09/09/2024 23:00:00 - 10/09/2024 00:00:00,SCA|NO1,mFRR,Not Specified,Not Specified,MARGINAL,0.42,-0.5
10/09/2024 00:00:00 - 10/09/2024 01:00:00,SCA|NO1,mFRR,Not Specified,Not Specified,MARGINAL,7.85,0.0
10/09/2024 01:00:00 - 10/09/2024 02:00:00,SCA|NO1,mFRR,Not Specified,Not Specified,MARGINAL,10.0,-0.06
10/09/2024 02:00:00 - 10/09/2024 03:00:00,SCA|NO1,mFRR,Not Specified,Not Specified,MARGINAL,7.0,-0.15
10/09/2024 03:00:00 - 10/09/2024 04:00:00,SCA|NO1,mFRR,Not Specified,Not Specified,MARGINAL,7.0,-0.22
10/09/2024 04:00:00 - 10/09/2024 05:00:00,SCA|NO1,mFRR,Not Specified,Not Specified,MARGINAL,2.5,-0.2
10/09/2024 05:00:00 - 10/09/2024 06:00:00,SCA|NO1,mFRR,Not Specified,Not Specified,MARGINAL,2.5,-0.08
10/09/2024 06:00:00 - 10/09/2024 07:00:00,SCA|NO1,mFRR,Not Specified,Not Specified,MARGINAL,5.0,0.01
10/09/2024 07:00:00 - 10/09/2024 08:00:00,SCA|NO1,mFRR,Not Specified,Not Specified,MARGINAL,6.5,2.01
10/09/2024 08:00:00 - 10/09/2024 09:00:00,SCA|NO1,mFRR,Not Specified,Not Specified,MARGINAL,2.43,-1.0
10/09/2024 09:00:00 - 10/09/2024 10:00:00,SCA|NO1,mFRR,Not Specified,Not Specified,MARGINAL,2.17,-4.0
10/09/2024 10:00:00 - 10/09/2024 11:00:00,SCA|NO1,mFRR,Not Specified,Not Specified,MARGINAL,2.08,-4.0
10/09/2024 11:00:00 - 10/09/2024 12:00:00,SCA|NO1,mFRR,Not Specified,Not Specified,MARGINAL,1.19,-3.0
10/09/2024 12:00:00 - 10/09/2024 13:00:00,SCA|NO1,mFRR,Not Specified,Not Specified,MARGINAL,0.04,-3.0
10/09/2024 13:00:00 - 10/09/2024 14:00:00,SCA|NO1,mFRR,Not Specified,Not Specified,MARGINAL,-0.07,-1.0
10/09/2024 14:00:00 - 10/09/2024 15:00:00,SCA|NO1,mFRR,Not Specified,Not Specified,MARGINAL,-0.16,-3.0
10/09/2024 15:00:00 - 10/09/2024 16:00:00,SCA|NO1,mFRR,Not Specified,Not Specified,MARGINAL,2.5,-3.0
10/09/2024 16:00:00 - 10/09/2024 17:00:00,SCA|NO1,mFRR,Not Specified,Not Specified,MARGINAL,10.0,0.22
10/09/2024 17:00:00 - 10/09/2024 18:00:00,SCA|NO1,mFRR,Not Specified,Not Specified,MARGINAL,9.0,3.03
10/09/2024 18:00:00 - 10/09/2024 19:00:00,SCA|NO1,mFRR,Not Specified,Not Specified,MARGINAL,9.0,3.12
10/09/2024 19:00:00 - 10/09/2024 20:00:00,SCA|NO1,mFRR,Not Specified,Not Specified,MARGINAL,9.0,3.04
10/09/2024 20:00:00 - 10/09/2024 21:00:00,SCA|NO1,mFRR,Not Specified,Not Specified,MARGINAL,3.0,0.0
10/09/2024 21:00:00 - 10/09/2024 22:00:00,SCA|NO1,mFRR,Not Specified,Not Specified,MARGINAL,2.03,0.0
10/09/2024 22:00:00 - 10/09/2024 23:00:00,SCA|NO1,mFRR,Not Specified,Not Specified,MARGINAL,1.07,-3.0
10/09/2024 23:00:00 - 11/09/2024 00:00:00,SCA|NO1,mFRR,Not Specified,Not Specified,MARGINAL,1.97,-3.0
11/09/2024 00:00:00 - 11/09/2024 01:00:00,SCA|NO1,mFRR,Not Specified,Not Specified,MARGINAL,1.01,1.01
11/09/2024 01:00:00 - 11/09/2024 02:00:00,SCA|NO1,mFRR,Not Specified,Not Specified,MARGINAL,0.5,0.5
11/09/2024 02:00:00 - 11/09/2024 03:00:00,SCA|NO1,mFRR,Not Specified,Not Specified,MARGINAL,0.12,-1.57
11/09/2024 03:00:00 - 11/09/2024 04:00:00,SCA|NO1,mFRR,Not Specified,Not Specified,MARGINAL,0.07,-1.57
11/09/2024 04:00:00 - 11/09/2024 05:00:00,SCA|NO1,mFRR,Not Specified,Not Specified,MARGINAL,0.93,-2.0
11/09/2024 05:00:00 - 11/09/2024 06:00:00,SCA|NO1,mFRR,Not Specified,Not Specified,MARGINAL,2.25,-1.5
11/09/2024 06:00:00 - 11/09/2024 07:00:00,SCA|NO1,mFRR,Not Specified,Not Specified,MARGINAL,3.33,0.0
11/09/2024 07:00:00 - 11/09/2024 08:00:00,SCA|NO1,mFRR,Not Specified,Not Specified,MARGINAL,19.0,8.92
11/09/2024 08:00:00 - 11/09/2024 09:00:00,SCA|NO1,mFRR,Not Specified,Not Specified,MARGINAL,55.0,36.17
11/09/2024 09:00:00 - 11/09/2024 10:00:00,SCA|NO1,mFRR,Not Specified,Not Specified,MARGINAL,55.0,36.34
11/09/2024 10:00:00 - 11/09/2024 11:00:00,SCA|NO1,mFRR,Not Specified,Not Specified,MARGINAL,36.05,36.05
11/09/2024 11:00:00 - 11/09/2024 12:00:00,SCA|NO1,mFRR,Not Specified,Not Specified,MARGINAL,35.84,35.84
11/09/2024 12:00:00 - 11/09/2024 13:00:00,SCA|NO1,mFRR,Not Specified,Not Specified,MARGINAL,22.62,22.62
11/09/2024 13:00:00 - 11/09/2024 14:00:00,SCA|NO1,mFRR,Not Specified,Not Specified,MARGINAL,20.23,20.23
11/09/2024 14:00:00 - 11/09/2024 15:00:00,SCA|NO1,mFRR,Not Specified,Not Specified,MARGINAL,17.05,17.05
11/09/2024 15:00:00 - 11/09/2024 16:00:00,SCA|NO1,mFRR,Not Specified,Not Specified,,,
11/09/2024 16:00:00 - 11/09/2024 17:00:00,SCA|NO1,mFRR,Not Specified,Not Specified,MARGINAL,12.0,10.0
11/09/2024 17:00:00 - 11/09/2024 18:00:00,SCA|NO1,mFRR,Not Specified,Not Specified,MARGINAL,18.92,9.0
11/09/2024 18:00:00 - 11/09/2024 19:00:00,SCA|NO1,mFRR,Not Specified,Not Specified,MARGINAL,15.24,15.24
11/09/2024 19:00:00 - 11/09/2024 20:00:00,SCA|NO1,mFRR,Not Specified,Not Specified,MARGINAL,8.92,8.92
11/09/2024 20:00:00 - 11/09/2024 21:00:00,SCA|NO1,mFRR,Not Specified,Not Specified,MARGINAL,4.14,0.0
11/09/2024 21:00:00 - 11/09/2024 22:00:00,SCA|NO1,mFRR,Not Specified,Not Specified,MARGINAL,3.27,-0.5
11/09/2024 22:00:00 - 11/09/2024 23:00:00,SCA|NO1,mFRR,Not Specified,Not Specified,MARGINAL,3.0,-5.0
11/09/2024 23:00:00 - 12/09/2024 00:00:00,SCA|NO1,mFRR,Not Specified,Not Specified,MARGINAL,1.98,-4.0
12/09/2024 00:00:00 - 12/09/2024 01:00:00,SCA|NO1,mFRR,Not Specified,Not Specified,MARGINAL,1.02,-4.0
12/09/2024 01:00:00 - 12/09/2024 02:00:00,SCA|NO1,mFRR,Not Specified,Not Specified,MARGINAL,0.07,-2.0
12/09/2024 02:00:00 - 12/09/2024 03:00:00,SCA|NO1,mFRR,Not Specified,Not Specified,MARGINAL,0.0,-2.0
12/09/2024 03:00:00 - 12/09/2024 04:00:00,SCA|NO1,mFRR,Not Specified,Not Specified,MARGINAL,0.0,-2.0
12/09/2024 04:00:00 - 12/09/2024 05:00:00,SCA|NO1,mFRR,Not Specified,Not Specified,MARGINAL,0.45,-2.0
12/09/2024 05:00:00 - 12/09/2024 06:00:00,SCA|NO1,mFRR,Not Specified,Not Specified,MARGINAL,2.24,-7.0
12/09/2024 06:00:00 - 12/09/2024 07:00:00,SCA|NO1,mFRR,Not Specified,Not Specified,MARGINAL,3.52,-4.0
12/09/2024 07:00:00 - 12/09/2024 08:00:00,SCA|NO1,mFRR,Not Specified,Not Specified,MARGINAL,6.66,-2.0
12/09/2024 08:00:00 - 12/09/2024 09:00:00,SCA|NO1,mFRR,Not Specified,Not Specified,MARGINAL,8.04,8.04
12/09/2024 09:00:00 - 12/09/2024 10:00:00,SCA|NO1,mFRR,Not Specified,Not Specified,MARGINAL,6.71,6.71
12/09/2024 10:00:00 - 12/09/2024 11:00:00,SCA|NO1,mFRR,Not Specified,Not Specified,MARGINAL,9.82,9.82
12/09/2024 11:00:00 - 12/09/2024 12:00:00,SCA|NO1,mFRR,Not Specified,Not Specified,MARGINAL,8.5,3.0
12/09/2024 12:00:00 - 12/09/2024 13:00:00,SCA|NO1,mFRR,Not Specified,Not Specified,MARGINAL,4.97,-4.0
12/09/2024 13:00:00 - 12/09/2024 14:00:00,SCA|NO1,mFRR,Not Specified,Not Specified,MARGINAL,5.42,-3.0
12/09/2024 14:00:00 - 12/09/2024 15:00:00,SCA|NO1,mFRR,Not Specified,Not Specified,MARGINAL,5.66,-3.0
12/09/2024 15:00:00 - 12/09/2024 16:00:00,SCA|NO1,mFRR,Not Specified,Not Specified,MARGINAL,6.04,-3.0
12/09/2024 16:00:00 - 12/09/2024 17:00:00,SCA|NO1,mFRR,Not Specified,Not Specified,MARGINAL,7.22,0.0
12/09/2024 17:00:00 - 12/09/2024 18:00:00,SCA|NO1,mFRR,Not Specified,Not Specified,MARGINAL,9.03,1.5
12/09/2024 18:00:00 - 12/09/2024 19:00:00,SCA|NO1,mFRR,Not Specified,Not Specified,MARGINAL,19.92,19.92
12/09/2024 19:00:00 - 12/09/2024 20:00:00,SCA|NO1,mFRR,Not Specified,Not Specified,MARGINAL,21.95,21.95
12/09/2024 20:00:00 - 12/09/2024 21:00:00,SCA|NO1,mFRR,Not Specified,Not Specified,MARGINAL,10.0,10.0
12/09/2024 21:00:00 - 12/09/2024 22:00:00,SCA|NO1,mFRR,Not Specified,Not Specified,MARGINAL,8.04,8.04
12/09/2024 22:00:00 - 12/09/2024 23:00:00,SCA|NO1,mFRR,Not Specified,Not Specified,MARGINAL,6.03,-2.5
12/09/2024 23:00:00 - 13/09/2024 00:00:00,SCA|NO1,mFRR,Not Specified,Not Specified,MARGINAL,4.98,-1.0
13/09/2024 00:00:00 - 13/09/2024 01:00:00,SCA|NO1,mFRR,Not Specified,Not Specified,MARGINAL,3.78,3.78
13/09/2024 01:00:00 - 13/09/2024 02:00:00,SCA|NO1,mFRR,Not Specified,Not Specified,MARGINAL,5.0,3.69
13/09/2024 02:00:00 - 13/09/2024 03:00:00,SCA|NO1,mFRR,Not Specified,Not Specified,MARGINAL,5.0,3.85
13/09/2024 03:00:00 - 13/09/2024 04:00:00,SCA|NO1,mFRR,Not Specified,Not Specified,MARGINAL,5.0,3.91
13/09/2024 04:00:00 - 13/09/2024 05:00:00,SCA|NO1,mFRR,Not Specified,Not Specified,MARGINAL,8.58,4.17
13/09/2024 05:00:00 - 13/09/2024 06:00:00,SCA|NO1,mFRR,Not Specified,Not Specified,MARGINAL,9.5,4.93
13/09/2024 06:00:00 - 13/09/2024 07:00:00,SCA|NO1,mFRR,Not Specified,Not Specified,MARGINAL,18.0,5.85
13/09/2024 07:00:00 - 13/09/2024 08:00:00,SCA|NO1,mFRR,Not Specified,Not Specified,MARGINAL,50.0,49.99
13/09/2024 08:00:00 - 13/09/2024 09:00:00,SCA|NO1,mFRR,Not Specified,Not Specified,MARGINAL,89.89,89.89
13/09/2024 09:00:00 - 13/09/2024 10:00:00,SCA|NO1,mFRR,Not Specified,Not Specified,MARGINAL,51.9,51.9
13/09/2024 10:00:00 - 13/09/2024 11:00:00,SCA|NO1,mFRR,Not Specified,Not Specified,MARGINAL,50.3,50.3
13/09/2024 11:00:00 - 13/09/2024 12:00:00,SCA|NO1,mFRR,Not Specified,Not Specified,MARGINAL,11.33,11.33
13/09/2024 12:00:00 - 13/09/2024 13:00:00,SCA|NO1,mFRR,Not Specified,Not Specified,MARGINAL,9.97,5.0
13/09/2024 13:00:00 - 13/09/2024 14:00:00,SCA|NO1,mFRR,Not Specified,Not Specified,MARGINAL,11.07,5.0
13/09/2024 14:00:00 - 13/09/2024 15:00:00,SCA|NO1,mFRR,Not Specified,Not Specified,MARGINAL,9.33,9.33
13/09/2024 15:00:00 - 13/09/2024 16:00:00,SCA|NO1,mFRR,Not Specified,Not Specified,MARGINAL,9.31,9.31
13/09/2024 16:00:00 - 13/09/2024 17:00:00,SCA|NO1,mFRR,Not Specified,Not Specified,MARGINAL,9.99,9.99
13/09/2024 17:00:00 - 13/09/2024 18:00:00,SCA|NO1,mFRR,Not Specified,Not Specified,MARGINAL,14.0,14.0
13/09/2024 18:00:00 - 13/09/2024 19:00:00,SCA|NO1,mFRR,Not Specified,Not Specified,MARGINAL,15.0,13.96
13/09/2024 19:00:00 - 13/09/2024 20:00:00,SCA|NO1,mFRR,Not Specified,Not Specified,MARGINAL,18.0,10.51
13/09/2024 20:00:00 - 13/09/2024 21:00:00,SCA|NO1,mFRR,Not Specified,Not Specified,MARGINAL,18.0,8.81
13/09/2024 21:00:00 - 13/09/2024 22:00:00,SCA|NO1,mFRR,Not Specified,Not Specified,MARGINAL,18.0,6.91
13/09/2024 22:00:00 - 13/09/2024 23:00:00,SCA|NO1,mFRR,Not Specified,Not Specified,MARGINAL,15.0,5.54
13/09/2024 23:00:00 - 14/09/2024 00:00:00,SCA|NO1,mFRR,Not Specified,Not Specified,MARGINAL,12.0,4.95
14/09/2024 00:00:00 - 14/09/2024 01:00:00,SCA|NO1,mFRR,Not Specified,Not Specified,MARGINAL,8.4,5.31
14/09/2024 01:00:00 - 14/09/2024 02:00:00,SCA|NO1,mFRR,Not Specified,Not Specified,MARGINAL,9.0,4.94
14/09/2024 02:00:00 - 14/09/2024 03:00:00,SCA|NO1,mFRR,Not Specified,Not Specified,MARGINAL,9.0,4.58
14/09/2024 03:00:00 - 14/09/2024 04:00:00,SCA|NO1,mFRR,Not Specified,Not Specified,MARGINAL,7.5,4.3
14/09/2024 04:00:00 - 14/09/2024 05:00:00,SCA|NO1,mFRR,Not Specified,Not Specified,MARGINAL,7.5,4.29
14/09/2024 05:00:00 - 14/09/2024 06:00:00,SCA|NO1,mFRR,Not Specified,Not Specified,MARGINAL,8.0,4.6
14/09/2024 06:00:00 - 14/09/2024 07:00:00,SCA|NO1,mFRR,Not Specified,Not Specified,MARGINAL,11.0,4.86
14/09/2024 07:00:00 - 14/09/2024 08:00:00,SCA|NO1,mFRR,Not Specified,Not Specified,MARGINAL,11.0,5.1
14/09/2024 08:00:00 - 14/09/2024 09:00:00,SCA|NO1,mFRR,Not Specified,Not Specified,MARGINAL,16.44,6.34
14/09/2024 09:00:00 - 14/09/2024 10:00:00,SCA|NO1,mFRR,Not Specified,Not Specified,MARGINAL,18.0,7.93
14/09/2024 10:00:00 - 14/09/2024 11:00:00,SCA|NO1,mFRR,Not Specified,Not Specified,MARGINAL,18.0,8.14
14/09/2024 11:00:00 - 14/09/2024 12:00:00,SCA|NO1,mFRR,Not Specified,Not Specified,MARGINAL,12.0,3.0
14/09/2024 12:00:00 - 14/09/2024 13:00:00,SCA|NO1,mFRR,Not Specified,Not Specified,MARGINAL,2.94,-6.0
14/09/2024 13:00:00 - 14/09/2024 14:00:00,SCA|NO1,mFRR,Not Specified,Not Specified,MARGINAL,0.42,-8.0
14/09/2024 14:00:00 - 14/09/2024 15:00:00,SCA|NO1,mFRR,Not Specified,Not Specified,MARGINAL,0.83,-11.0
14/09/2024 15:00:00 - 14/09/2024 16:00:00,SCA|NO1,mFRR,Not Specified,Not Specified,MARGINAL,2.97,-9.0
14/09/2024 16:00:00 - 14/09/2024 17:00:00,SCA|NO1,mFRR,Not Specified,Not Specified,MARGINAL,6.51,0.97
14/09/2024 17:00:00 - 14/09/2024 18:00:00,SCA|NO1,mFRR,Not Specified,Not Specified,MARGINAL,11.47,11.47
14/09/2024 18:00:00 - 14/09/2024 19:00:00,SCA|NO1,mFRR,Not Specified,Not Specified,MARGINAL,15.0,7.0
14/09/2024 19:00:00 - 14/09/2024 20:00:00,SCA|NO1,mFRR,Not Specified,Not Specified,MARGINAL,15.0,11.29
14/09/2024 20:00:00 - 14/09/2024 21:00:00,SCA|NO1,mFRR,Not Specified,Not Specified,MARGINAL,15.0,10.47
14/09/2024 21:00:00 - 14/09/2024 22:00:00,SCA|NO1,mFRR,Not Specified,Not Specified,MARGINAL,15.0,8.88
14/09/2024 22:00:00 - 14/09/2024 23:00:00,SCA|NO1,mFRR,Not Specified,Not Specified,MARGINAL,15.0,7.94
14/09/2024 23:00:00 - 15/09/2024 00:00:00,SCA|NO1,mFRR,Not Specified,Not Specified,MARGINAL,15.0,7.04
15/09/2024 00:00:00 - 15/09/2024 01:00:00,SCA|NO1,mFRR,Not Specified,Not Specified,MARGINAL,9.27,9.27
15/09/2024 01:00:00 - 15/09/2024 02:00:00,SCA|NO1,mFRR,Not Specified,Not Specified,MARGINAL,7.94,7.94
15/09/2024 02:00:00 - 15/09/2024 03:00:00,SCA|NO1,mFRR,Not Specified,Not Specified,MARGINAL,7.4,7.4
15/09/2024 03:00:00 - 15/09/2024 04:00:00,SCA|NO1,mFRR,Not Specified,Not Specified,MARGINAL,7.19,7.19
15/09/2024 04:00:00 - 15/09/2024 05:00:00,SCA|NO1,mFRR,Not Specified,Not Specified,MARGINAL,7.22,7.22
15/09/2024 05:00:00 - 15/09/2024 06:00:00,SCA|NO1,mFRR,Not Specified,Not Specified,MARGINAL,14.0,7.6
15/09/2024 06:00:00 - 15/09/2024 07:00:00,SCA|NO1,mFRR,Not Specified,Not Specified,MARGINAL,15.72,7.93
15/09/2024 07:00:00 - 15/09/2024 08:00:00,SCA|NO1,mFRR,Not Specified,Not Specified,MARGINAL,15.67,9.18
15/09/2024 08:00:00 - 15/09/2024 09:00:00,SCA|NO1,mFRR,Not Specified,Not Specified,MARGINAL,9.94,9.94
15/09/2024 09:00:00 - 15/09/2024 10:00:00,SCA|NO1,mFRR,Not Specified,Not Specified,MARGINAL,16.0,10.37
15/09/2024 10:00:00 - 15/09/2024 11:00:00,SCA|NO1,mFRR,Not Specified,Not Specified,MARGINAL,16.0,7.35
15/09/2024 11:00:00 - 15/09/2024 12:00:00,SCA|NO1,mFRR,Not Specified,Not Specified,MARGINAL,3.65,1.76
15/09/2024 12:00:00 - 15/09/2024 13:00:00,SCA|NO1,mFRR,Not Specified,Not Specified,MARGINAL,2.86,1.76
15/09/2024 13:00:00 - 15/09/2024 14:00:00,SCA|NO1,mFRR,Not Specified,Not Specified,MARGINAL,1.96,1.76
15/09/2024 14:00:00 - 15/09/2024 15:00:00,SCA|NO1,mFRR,Not Specified,Not Specified,MARGINAL,3.09,1.76
15/09/2024 15:00:00 - 15/09/2024 16:00:00,SCA|NO1,mFRR,Not Specified,Not Specified,MARGINAL,5.43,2.9
15/09/2024 16:00:00 - 15/09/2024 17:00:00,SCA|NO1,mFRR,Not Specified,Not Specified,MARGINAL,11.28,11.28
15/09/2024 17:00:00 - 15/09/2024 18:00:00,SCA|NO1,mFRR,Not Specified,Not Specified,MARGINAL,13.69,13.69
15/09/2024 18:00:00 - 15/09/2024 19:00:00,SCA|NO1,mFRR,Not Specified,Not Specified,MARGINAL,15.0,15.0
15/09/2024 19:00:00 - 15/09/2024 20:00:00,SCA|NO1,mFRR,Not Specified,Not Specified,MARGINAL,14.21,14.21
15/09/2024 20:00:00 - 15/09/2024 21:00:00,SCA|NO1,mFRR,Not Specified,Not Specified,MARGINAL,12.48,12.48
15/09/2024 21:00:00 - 15/09/2024 22:00:00,SCA|NO1,mFRR,Not Specified,Not Specified,MARGINAL,10.9,10.9
15/09/2024 22:00:00 - 15/09/2024 23:00:00,SCA|NO1,mFRR,Not Specified,Not Specified,MARGINAL,9.01,9.01
15/09/2024 23:00:00 - 16/09/2024 00:00:00,SCA|NO1,mFRR,Not Specified,Not Specified,MARGINAL,7.53,7.53
16/09/2024 00:00:00 - 16/09/2024 01:00:00,SCA|NO1,mFRR,Not Specified,Not Specified,MARGINAL,14.5,9.29
16/09/2024 01:00:00 - 16/09/2024 02:00:00,SCA|NO1,mFRR,Not Specified,Not Specified,MARGINAL,14.0,6.9
16/09/2024 02:00:00 - 16/09/2024 03:00:00,SCA|NO1,mFRR,Not Specified,Not Specified,MARGINAL,14.0,7.42
16/09/2024 03:00:00 - 16/09/2024 04:00:00,SCA|NO1,mFRR,Not Specified,Not Specified,MARGINAL,8.81,8.81
16/09/2024 04:00:00 - 16/09/2024 05:00:00,SCA|NO1,mFRR,Not Specified,Not Specified,MARGINAL,9.98,9.98
16/09/2024 05:00:00 - 16/09/2024 06:00:00,SCA|NO1,mFRR,Not Specified,Not Specified,MARGINAL,12.18,12.18
16/09/2024 06:00:00 - 16/09/2024 07:00:00,SCA|NO1,mFRR,Not Specified,Not Specified,MARGINAL,13.92,13.92
16/09/2024 07:00:00 - 16/09/2024 08:00:00,SCA|NO1,mFRR,Not Specified,Not Specified,MARGINAL,51.08,51.08
16/09/2024 08:00:00 - 16/09/2024 09:00:00,SCA|NO1,mFRR,Not Specified,Not Specified,MARGINAL,124.47,124.47
16/09/2024 09:00:00 - 16/09/2024 10:00:00,SCA|NO1,mFRR,Not Specified,Not Specified,MARGINAL,85.93,85.93
16/09/2024 10:00:00 - 16/09/2024 11:00:00,SCA|NO1,mFRR,Not Specified,Not Specified,MARGINAL,50.1,50.1
16/09/2024 11:00:00 - 16/09/2024 12:00:00,SCA|NO1,mFRR,Not Specified,Not Specified,MARGINAL,41.69,40.1
16/09/2024 12:00:00 - 16/09/2024 13:00:00,SCA|NO1,mFRR,Not Specified,Not Specified,MARGINAL,42.31,42.31
16/09/2024 13:00:00 - 16/09/2024 14:00:00,SCA|NO1,mFRR,Not Specified,Not Specified,MARGINAL,40.14,40.14
16/09/2024 14:00:00 - 16/09/2024 15:00:00,SCA|NO1,mFRR,Not Specified,Not Specified,MARGINAL,59.0,41.85
16/09/2024 15:00:00 - 16/09/2024 16:00:00,SCA|NO1,mFRR,Not Specified,Not Specified,MARGINAL,59.0,42.96
16/09/2024 16:00:00 - 16/09/2024 17:00:00,SCA|NO1,mFRR,Not Specified,Not Specified,MARGINAL,59.0,43.05
16/09/2024 17:00:00 - 16/09/2024 18:00:00,SCA|NO1,mFRR,Not Specified,Not Specified,MARGINAL,45.74,45.74
16/09/2024 18:00:00 - 16/09/2024 19:00:00,SCA|NO1,mFRR,Not Specified,Not Specified,MARGINAL,55.5,45.97
16/09/2024 19:00:00 - 16/09/2024 20:00:00,SCA|NO1,mFRR,Not Specified,Not Specified,MARGINAL,60.0,45.53
16/09/2024 20:00:00 - 16/09/2024 21:00:00,SCA|NO1,mFRR,Not Specified,Not Specified,MARGINAL,60.0,44.04
16/09/2024 21:00:00 - 16/09/2024 22:00:00,SCA|NO1,mFRR,Not Specified,Not Specified,MARGINAL,59.0,23.9
16/09/2024 22:00:00 - 16/09/2024 23:00:00,SCA|NO1,mFRR,Not Specified,Not Specified,MARGINAL,49.5,18.21
16/09/2024 23:00:00 - 17/09/2024 00:00:00,SCA|NO1,mFRR,Not Specified,Not Specified,MARGINAL,14.02,9.0
17/09/2024 00:00:00 - 17/09/2024 01:00:00,SCA|NO1,mFRR,Not Specified,Not Specified,MARGINAL,15.97,9.0
17/09/2024 01:00:00 - 17/09/2024 02:00:00,SCA|NO1,mFRR,Not Specified,Not Specified,MARGINAL,15.14,8.0
17/09/2024 02:00:00 - 17/09/2024 03:00:00,SCA|NO1,mFRR,Not Specified,Not Specified,MARGINAL,14.7,9.5
17/09/2024 03:00:00 - 17/09/2024 04:00:00,SCA|NO1,mFRR,Not Specified,Not Specified,MARGINAL,13.93,9.5
17/09/2024 04:00:00 - 17/09/2024 05:00:00,SCA|NO1,mFRR,Not Specified,Not Specified,MARGINAL,14.28,9.5
17/09/2024 05:00:00 - 17/09/2024 06:00:00,SCA|NO1,mFRR,Not Specified,Not Specified,MARGINAL,15.66,11.0
17/09/2024 06:00:00 - 17/09/2024 07:00:00,SCA|NO1,mFRR,Not Specified,Not Specified,MARGINAL,23.66,16.0
17/09/2024 07:00:00 - 17/09/2024 08:00:00,SCA|NO1,mFRR,Not Specified,Not Specified,MARGINAL,50.65,50.65
17/09/2024 08:00:00 - 17/09/2024 09:00:00,SCA|NO1,mFRR,Not Specified,Not Specified,MARGINAL,52.46,52.46
17/09/2024 09:00:00 - 17/09/2024 10:00:00,SCA|NO1,mFRR,Not Specified,Not Specified,MARGINAL,50.43,50.43
17/09/2024 10:00:00 - 17/09/2024 11:00:00,SCA|NO1,mFRR,Not Specified,Not Specified,MARGINAL,39.0,19.72
17/09/2024 11:00:00 - 17/09/2024 12:00:00,SCA|NO1,mFRR,Not Specified,Not Specified,MARGINAL,39.0,18.79
17/09/2024 12:00:00 - 17/09/2024 13:00:00,SCA|NO1,mFRR,Not Specified,Not Specified,MARGINAL,53.5,18.59
17/09/2024 13:00:00 - 17/09/2024 14:00:00,SCA|NO1,mFRR,Not Specified,Not Specified,MARGINAL,57.41,18.27
17/09/2024 14:00:00 - 17/09/2024 15:00:00,SCA|NO1,mFRR,Not Specified,Not Specified,MARGINAL,53.48,18.27
17/09/2024 15:00:00 - 17/09/2024 16:00:00,SCA|NO1,mFRR,Not Specified,Not Specified,MARGINAL,25.0,18.29
17/09/2024 16:00:00 - 17/09/2024 17:00:00,SCA|NO1,mFRR,Not Specified,Not Specified,MARGINAL,44.15,44.15
17/09/2024 17:00:00 - 17/09/2024 18:00:00,SCA|NO1,mFRR,Not Specified,Not Specified,MARGINAL,51.28,51.28
17/09/2024 18:00:00 - 17/09/2024 19:00:00,SCA|NO1,mFRR,Not Specified,Not Specified,MARGINAL,53.25,53.25
17/09/2024 19:00:00 - 17/09/2024 20:00:00,SCA|NO1,mFRR,Not Specified,Not Specified,MARGINAL,51.49,51.49
17/09/2024 20:00:00 - 17/09/2024 21:00:00,SCA|NO1,mFRR,Not Specified,Not Specified,MARGINAL,52.32,52.32
17/09/2024 21:00:00 - 17/09/2024 22:00:00,SCA|NO1,mFRR,Not Specified,Not Specified,MARGINAL,49.9,20.0
17/09/2024 22:00:00 - 17/09/2024 23:00:00,SCA|NO1,mFRR,Not Specified,Not Specified,MARGINAL,17.93,5.0
17/09/2024 23:00:00 - 18/09/2024 00:00:00,SCA|NO1,mFRR,Not Specified,Not Specified,MARGINAL,12.12,4.0
18/09/2024 00:00:00 - 18/09/2024 01:00:00,SCA|NO1,mFRR,Not Specified,Not Specified,MARGINAL,11.34,11.34
18/09/2024 01:00:00 - 18/09/2024 02:00:00,SCA|NO1,mFRR,Not Specified,Not Specified,MARGINAL,10.04,10.04
18/09/2024 02:00:00 - 18/09/2024 03:00:00,SCA|NO1,mFRR,Not Specified,Not Specified,MARGINAL,8.02,8.02
18/09/2024 03:00:00 - 18/09/2024 04:00:00,SCA|NO1,mFRR,Not Specified,Not Specified,MARGINAL,7.03,7.03
18/09/2024 04:00:00 - 18/09/2024 05:00:00,SCA|NO1,mFRR,Not Specified,Not Specified,MARGINAL,7.04,7.04
18/09/2024 05:00:00 - 18/09/2024 06:00:00,SCA|NO1,mFRR,Not Specified,Not Specified,MARGINAL,10.53,10.53
18/09/2024 06:00:00 - 18/09/2024 07:00:00,SCA|NO1,mFRR,Not Specified,Not Specified,MARGINAL,17.91,17.91
18/09/2024 07:00:00 - 18/09/2024 08:00:00,SCA|NO1,mFRR,Not Specified,Not Specified,MARGINAL,49.42,49.42
18/09/2024 08:00:00 - 18/09/2024 09:00:00,SCA|NO1,mFRR,Not Specified,Not Specified,MARGINAL,53.39,28.0
18/09/2024 09:00:00 - 18/09/2024 10:00:00,SCA|NO1,mFRR,Not Specified,Not Specified,MARGINAL,48.08,18.0
18/09/2024 10:00:00 - 18/09/2024 11:00:00,SCA|NO1,mFRR,Not Specified,Not Specified,MARGINAL,42.6,18.0
18/09/2024 11:00:00 - 18/09/2024 12:00:00,SCA|NO1,mFRR,Not Specified,Not Specified,MARGINAL,19.99,18.0
18/09/2024 12:00:00 - 18/09/2024 13:00:00,SCA|NO1,mFRR,Not Specified,Not Specified,MARGINAL,12.99,12.99
18/09/2024 13:00:00 - 18/09/2024 14:00:00,SCA|NO1,mFRR,Not Specified,Not Specified,MARGINAL,12.02,12.0
18/09/2024 14:00:00 - 18/09/2024 15:00:00,SCA|NO1,mFRR,Not Specified,Not Specified,MARGINAL,12.68,0.0
18/09/2024 15:00:00 - 18/09/2024 16:00:00,SCA|NO1,mFRR,Not Specified,Not Specified,MARGINAL,14.87,2.0
18/09/2024 16:00:00 - 18/09/2024 17:00:00,SCA|NO1,mFRR,Not Specified,Not Specified,MARGINAL,23.0,18.0
18/09/2024 17:00:00 - 18/09/2024 18:00:00,SCA|NO1,mFRR,Not Specified,Not Specified,MARGINAL,44.0,42.08
18/09/2024 18:00:00 - 18/09/2024 19:00:00,SCA|NO1,mFRR,Not Specified,Not Specified,MARGINAL,47.81,47.81
18/09/2024 19:00:00 - 18/09/2024 20:00:00,SCA|NO1,mFRR,Not Specified,Not Specified,MARGINAL,49.93,49.93
18/09/2024 20:00:00 - 18/09/2024 21:00:00,SCA|NO1,mFRR,Not Specified,Not Specified,MARGINAL,49.27,49.27
18/09/2024 21:00:00 - 18/09/2024 22:00:00,SCA|NO1,mFRR,Not Specified,Not Specified,MARGINAL,19.28,19.28
18/09/2024 22:00:00 - 18/09/2024 23:00:00,SCA|NO1,mFRR,Not Specified,Not Specified,MARGINAL,18.52,18.52
18/09/2024 23:00:00 - 19/09/2024 00:00:00,SCA|NO1,mFRR,Not Specified,Not Specified,MARGINAL,15.02,15.02
19/09/2024 00:00:00 - 19/09/2024 01:00:00,SCA|NO1,mFRR,Not Specified,Not Specified,MARGINAL,16.02,16.02
19/09/2024 01:00:00 - 19/09/2024 02:00:00,SCA|NO1,mFRR,Not Specified,Not Specified,MARGINAL,14.94,14.94
19/09/2024 02:00:00 - 19/09/2024 03:00:00,SCA|NO1,mFRR,Not Specified,Not Specified,MARGINAL,13.55,13.55
19/09/2024 03:00:00 - 19/09/2024 04:00:00,SCA|NO1,mFRR,Not Specified,Not Specified,MARGINAL,12.88,12.88
19/09/2024 04:00:00 - 19/09/2024 05:00:00,SCA|NO1,mFRR,Not Specified,Not Specified,MARGINAL,12.83,12.83
19/09/2024 05:00:00 - 19/09/2024 06:00:00,SCA|NO1,mFRR,Not Specified,Not Specified,MARGINAL,13.56,13.56
19/09/2024 06:00:00 - 19/09/2024 07:00:00,SCA|NO1,mFRR,Not Specified,Not Specified,MARGINAL,17.37,17.37
19/09/2024 07:00:00 - 19/09/2024 08:00:00,SCA|NO1,mFRR,Not Specified,Not Specified,MARGINAL,28.92,28.92
19/09/2024 08:00:00 - 19/09/2024 09:00:00,SCA|NO1,mFRR,Not Specified,Not Specified,MARGINAL,29.22,26.67
19/09/2024 09:00:00 - 19/09/2024 10:00:00,SCA|NO1,mFRR,Not Specified,Not Specified,MARGINAL,19.99,19.99
19/09/2024 10:00:00 - 19/09/2024 11:00:00,SCA|NO1,mFRR,Not Specified,Not Specified,MARGINAL,18.29,18.29
19/09/2024 11:00:00 - 19/09/2024 12:00:00,SCA|NO1,mFRR,Not Specified,Not Specified,MARGINAL,17.94,12.0
19/09/2024 12:00:00 - 19/09/2024 13:00:00,SCA|NO1,mFRR,Not Specified,Not Specified,MARGINAL,13.8,3.0
19/09/2024 13:00:00 - 19/09/2024 14:00:00,SCA|NO1,mFRR,Not Specified,Not Specified,MARGINAL,12.3,-2.91
19/09/2024 14:00:00 - 19/09/2024 15:00:00,SCA|NO1,mFRR,Not Specified,Not Specified,MARGINAL,12.53,-5.0
19/09/2024 15:00:00 - 19/09/2024 16:00:00,SCA|NO1,mFRR,Not Specified,Not Specified,MARGINAL,14.14,-1.0
19/09/2024 16:00:00 - 19/09/2024 17:00:00,SCA|NO1,mFRR,Not Specified,Not Specified,MARGINAL,18.0,13.4
19/09/2024 17:00:00 - 19/09/2024 18:00:00,SCA|NO1,mFRR,Not Specified,Not Specified,MARGINAL,18.66,13.0
19/09/2024 18:00:00 - 19/09/2024 19:00:00,SCA|NO1,mFRR,Not Specified,Not Specified,MARGINAL,19.33,19.33
19/09/2024 19:00:00 - 19/09/2024 20:00:00,SCA|NO1,mFRR,Not Specified,Not Specified,MARGINAL,19.78,14.0
19/09/2024 20:00:00 - 19/09/2024 21:00:00,SCA|NO1,mFRR,Not Specified,Not Specified,MARGINAL,17.49,17.49
19/09/2024 21:00:00 - 19/09/2024 22:00:00,SCA|NO1,mFRR,Not Specified,Not Specified,MARGINAL,17.24,17.24
19/09/2024 22:00:00 - 19/09/2024 23:00:00,SCA|NO1,mFRR,Not Specified,Not Specified,MARGINAL,14.97,10.0
19/09/2024 23:00:00 - 20/09/2024 00:00:00,SCA|NO1,mFRR,Not Specified,Not Specified,MARGINAL,13.58,10.5
20/09/2024 00:00:00 - 20/09/2024 01:00:00,SCA|NO1,mFRR,Not Specified,Not Specified,MARGINAL,12.47,9.0
20/09/2024 01:00:00 - 20/09/2024 02:00:00,SCA|NO1,mFRR,Not Specified,Not Specified,MARGINAL,11.47,5.0
20/09/2024 02:00:00 - 20/09/2024 03:00:00,SCA|NO1,mFRR,Not Specified,Not Specified,MARGINAL,11.23,5.0
20/09/2024 03:00:00 - 20/09/2024 04:00:00,SCA|NO1,mFRR,Not Specified,Not Specified,MARGINAL,11.9,5.0
20/09/2024 04:00:00 - 20/09/2024 05:00:00,SCA|NO1,mFRR,Not Specified,Not Specified,MARGINAL,13.0,5.0
20/09/2024 05:00:00 - 20/09/2024 06:00:00,SCA|NO1,mFRR,Not Specified,Not Specified,MARGINAL,15.8,5.0
20/09/2024 06:00:00 - 20/09/2024 07:00:00,SCA|NO1,mFRR,Not Specified,Not Specified,MARGINAL,17.27,5.0
20/09/2024 07:00:00 - 20/09/2024 08:00:00,SCA|NO1,mFRR,Not Specified,Not Specified,MARGINAL,19.73,11.0
20/09/2024 08:00:00 - 20/09/2024 09:00:00,SCA|NO1,mFRR,Not Specified,Not Specified,MARGINAL,25.26,12.5
20/09/2024 09:00:00 - 20/09/2024 10:00:00,SCA|NO1,mFRR,Not Specified,Not Specified,MARGINAL,23.86,23.86
20/09/2024 10:00:00 - 20/09/2024 11:00:00,SCA|NO1,mFRR,Not Specified,Not Specified,MARGINAL,19.16,19.16
20/09/2024 11:00:00 - 20/09/2024 12:00:00,SCA|NO1,mFRR,Not Specified,Not Specified,MARGINAL,17.7,12.0
20/09/2024 12:00:00 - 20/09/2024 13:00:00,SCA|NO1,mFRR,Not Specified,Not Specified,MARGINAL,15.24,5.0
20/09/2024 13:00:00 - 20/09/2024 14:00:00,SCA|NO1,mFRR,Not Specified,Not Specified,MARGINAL,11.77,5.0
20/09/2024 14:00:00 - 20/09/2024 15:00:00,SCA|NO1,mFRR,Not Specified,Not Specified,MARGINAL,11.92,-1.0
20/09/2024 15:00:00 - 20/09/2024 16:00:00,SCA|NO1,mFRR,Not Specified,Not Specified,MARGINAL,13.94,-2.0
20/09/2024 16:00:00 - 20/09/2024 17:00:00,SCA|NO1,mFRR,Not Specified,Not Specified,MARGINAL,17.42,10.0
20/09/2024 17:00:00 - 20/09/2024 18:00:00,SCA|NO1,mFRR,Not Specified,Not Specified,MARGINAL,17.62,17.62
20/09/2024 18:00:00 - 20/09/2024 19:00:00,SCA|NO1,mFRR,Not Specified,Not Specified,MARGINAL,23.0,17.72
20/09/2024 19:00:00 - 20/09/2024 20:00:00,SCA|NO1,mFRR,Not Specified,Not Specified,MARGINAL,19.58,13.5
20/09/2024 20:00:00 - 20/09/2024 21:00:00,SCA|NO1,mFRR,Not Specified,Not Specified,MARGINAL,16.85,13.5
20/09/2024 21:00:00 - 20/09/2024 22:00:00,SCA|NO1,mFRR,Not Specified,Not Specified,MARGINAL,15.03,11.5
20/09/2024 22:00:00 - 20/09/2024 23:00:00,SCA|NO1,mFRR,Not Specified,Not Specified,MARGINAL,13.52,13.52
20/09/2024 23:00:00 - 21/09/2024 00:00:00,SCA|NO1,mFRR,Not Specified,Not Specified,MARGINAL,11.47,11.47
21/09/2024 00:00:00 - 21/09/2024 01:00:00,SCA|NO1,mFRR,Not Specified,Not Specified,MARGINAL,7.53,7.5
21/09/2024 01:00:00 - 21/09/2024 02:00:00,SCA|NO1,mFRR,Not Specified,Not Specified,MARGINAL,4.94,0.8
21/09/2024 02:00:00 - 21/09/2024 03:00:00,SCA|NO1,mFRR,Not Specified,Not Specified,MARGINAL,4.66,0.8
21/09/2024 03:00:00 - 21/09/2024 04:00:00,SCA|NO1,mFRR,Not Specified,Not Specified,MARGINAL,4.45,0.8
21/09/2024 04:00:00 - 21/09/2024 05:00:00,SCA|NO1,mFRR,Not Specified,Not Specified,MARGINAL,4.34,0.2
21/09/2024 05:00:00 - 21/09/2024 06:00:00,SCA|NO1,mFRR,Not Specified,Not Specified,MARGINAL,4.37,1.0
21/09/2024 06:00:00 - 21/09/2024 07:00:00,SCA|NO1,mFRR,Not Specified,Not Specified,MARGINAL,10.01,3.0
21/09/2024 07:00:00 - 21/09/2024 08:00:00,SCA|NO1,mFRR,Not Specified,Not Specified,MARGINAL,10.01,3.0
21/09/2024 08:00:00 - 21/09/2024 09:00:00,SCA|NO1,mFRR,Not Specified,Not Specified,MARGINAL,12.53,3.0
21/09/2024 09:00:00 - 21/09/2024 10:00:00,SCA|NO1,mFRR,Not Specified,Not Specified,MARGINAL,23.0,13.95
21/09/2024 10:00:00 - 21/09/2024 11:00:00,SCA|NO1,mFRR,Not Specified,Not Specified,MARGINAL,23.0,15.0
21/09/2024 11:00:00 - 21/09/2024 12:00:00,SCA|NO1,mFRR,Not Specified,Not Specified,MARGINAL,10.15,10.15
21/09/2024 12:00:00 - 21/09/2024 13:00:00,SCA|NO1,mFRR,Not Specified,Not Specified,MARGINAL,5.04,-1.0
21/09/2024 13:00:00 - 21/09/2024 14:00:00,SCA|NO1,mFRR,Not Specified,Not Specified,MARGINAL,4.28,-3.8
21/09/2024 14:00:00 - 21/09/2024 15:00:00,SCA|NO1,mFRR,Not Specified,Not Specified,MARGINAL,12.0,10.01
21/09/2024 15:00:00 - 21/09/2024 16:00:00,SCA|NO1,mFRR,Not Specified,Not Specified,MARGINAL,10.01,10.01
21/09/2024 16:00:00 - 21/09/2024 17:00:00,SCA|NO1,mFRR,Not Specified,Not Specified,MARGINAL,15.72,15.72
21/09/2024 17:00:00 - 21/09/2024 18:00:00,SCA|NO1,mFRR,Not Specified,Not Specified,MARGINAL,25.0,16.8
21/09/2024 18:00:00 - 21/09/2024 19:00:00,SCA|NO1,mFRR,Not Specified,Not Specified,MARGINAL,25.0,16.97
21/09/2024 19:00:00 - 21/09/2024 20:00:00,SCA|NO1,mFRR,Not Specified,Not Specified,MARGINAL,21.0,17.03
21/09/2024 20:00:00 - 21/09/2024 21:00:00,SCA|NO1,mFRR,Not Specified,Not Specified,MARGINAL,21.0,16.81
21/09/2024 21:00:00 - 21/09/2024 22:00:00,SCA|NO1,mFRR,Not Specified,Not Specified,MARGINAL,16.29,16.29
21/09/2024 22:00:00 - 21/09/2024 23:00:00,SCA|NO1,mFRR,Not Specified,Not Specified,MARGINAL,15.71,15.71
21/09/2024 23:00:00 - 22/09/2024 00:00:00,SCA|NO1,mFRR,Not Specified,Not Specified,MARGINAL,14.95,14.95
22/09/2024 00:00:00 - 22/09/2024 01:00:00,SCA|NO1,mFRR,Not Specified,Not Specified,MARGINAL,15.57,15.57
22/09/2024 01:00:00 - 22/09/2024 02:00:00,SCA|NO1,mFRR,Not Specified,Not Specified,MARGINAL,15.58,12.07
22/09/2024 02:00:00 - 22/09/2024 03:00:00,SCA|NO1,mFRR,Not Specified,Not Specified,MARGINAL,15.54,12.54
22/09/2024 03:00:00 - 22/09/2024 04:00:00,SCA|NO1,mFRR,Not Specified,Not Specified,MARGINAL,15.48,15.48
22/09/2024 04:00:00 - 22/09/2024 05:00:00,SCA|NO1,mFRR,Not Specified,Not Specified,MARGINAL,15.49,15.49
22/09/2024 05:00:00 - 22/09/2024 06:00:00,SCA|NO1,mFRR,Not Specified,Not Specified,MARGINAL,15.65,15.65
22/09/2024 06:00:00 - 22/09/2024 07:00:00,SCA|NO1,mFRR,Not Specified,Not Specified,MARGINAL,15.41,15.41
22/09/2024 07:00:00 - 22/09/2024 08:00:00,SCA|NO1,mFRR,Not Specified,Not Specified,MARGINAL,15.83,13.0
22/09/2024 08:00:00 - 22/09/2024 09:00:00,SCA|NO1,mFRR,Not Specified,Not Specified,MARGINAL,16.33,13.0
22/09/2024 09:00:00 - 22/09/2024 10:00:00,SCA|NO1,mFRR,Not Specified,Not Specified,MARGINAL,16.78,13.0
22/09/2024 10:00:00 - 22/09/2024 11:00:00,SCA|NO1,mFRR,Not Specified,Not Specified,MARGINAL,16.96,14.0
22/09/2024 11:00:00 - 22/09/2024 12:00:00,SCA|NO1,mFRR,Not Specified,Not Specified,MARGINAL,14.67,14.0
22/09/2024 12:00:00 - 22/09/2024 13:00:00,SCA|NO1,mFRR,Not Specified,Not Specified,MARGINAL,17.0,10.93
22/09/2024 13:00:00 - 22/09/2024 14:00:00,SCA|NO1,mFRR,Not Specified,Not Specified,MARGINAL,19.0,8.0
22/09/2024 14:00:00 - 22/09/2024 15:00:00,SCA|NO1,mFRR,Not Specified,Not Specified,MARGINAL,19.0,10.86
22/09/2024 15:00:00 - 22/09/2024 16:00:00,SCA|NO1,mFRR,Not Specified,Not Specified,MARGINAL,19.0,15.26
22/09/2024 16:00:00 - 22/09/2024 17:00:00,SCA|NO1,mFRR,Not Specified,Not Specified,MARGINAL,17.2,17.2
22/09/2024 17:00:00 - 22/09/2024 18:00:00,SCA|NO1,mFRR,Not Specified,Not Specified,MARGINAL,17.64,17.64
22/09/2024 18:00:00 - 22/09/2024 19:00:00,SCA|NO1,mFRR,Not Specified,Not Specified,MARGINAL,17.83,17.83
22/09/2024 19:00:00 - 22/09/2024 20:00:00,SCA|NO1,mFRR,Not Specified,Not Specified,MARGINAL,18.65,18.65
22/09/2024 20:00:00 - 22/09/2024 21:00:00,SCA|NO1,mFRR,Not Specified,Not Specified,MARGINAL,18.21,14.5
22/09/2024 21:00:00 - 22/09/2024 22:00:00,SCA|NO1,mFRR,Not Specified,Not Specified,MARGINAL,17.28,14.28
22/09/2024 22:00:00 - 22/09/2024 23:00:00,SCA|NO1,mFRR,Not Specified,Not Specified,MARGINAL,16.71,14.48
22/09/2024 23:00:00 - 23/09/2024 00:00:00,SCA|NO1,mFRR,Not Specified,Not Specified,MARGINAL,16.16,12.0
23/09/2024 00:00:00 - 23/09/2024 01:00:00,SCA|NO1,mFRR,Not Specified,Not Specified,MARGINAL,15.86,9.5
23/09/2024 01:00:00 - 23/09/2024 02:00:00,SCA|NO1,mFRR,Not Specified,Not Specified,MARGINAL,15.61,9.5
23/09/2024 02:00:00 - 23/09/2024 03:00:00,SCA|NO1,mFRR,Not Specified,Not Specified,MARGINAL,15.56,10.0
23/09/2024 03:00:00 - 23/09/2024 04:00:00,SCA|NO1,mFRR,Not Specified,Not Specified,MARGINAL,18.0,15.45
23/09/2024 04:00:00 - 23/09/2024 05:00:00,SCA|NO1,mFRR,Not Specified,Not Specified,MARGINAL,18.5,15.58
23/09/2024 05:00:00 - 23/09/2024 06:00:00,SCA|NO1,mFRR,Not Specified,Not Specified,MARGINAL,18.5,15.92
23/09/2024 06:00:00 - 23/09/2024 07:00:00,SCA|NO1,mFRR,Not Specified,Not Specified,MARGINAL,22.5,17.16
23/09/2024 07:00:00 - 23/09/2024 08:00:00,SCA|NO1,mFRR,Not Specified,Not Specified,MARGINAL,26.0,20.07
23/09/2024 08:00:00 - 23/09/2024 09:00:00,SCA|NO1,mFRR,Not Specified,Not Specified,MARGINAL,42.0,41.82
23/09/2024 09:00:00 - 23/09/2024 10:00:00,SCA|NO1,mFRR,Not Specified,Not Specified,MARGINAL,42.0,41.0
23/09/2024 10:00:00 - 23/09/2024 11:00:00,SCA|NO1,mFRR,Not Specified,Not Specified,MARGINAL,21.96,21.96
23/09/2024 11:00:00 - 23/09/2024 12:00:00,SCA|NO1,mFRR,Not Specified,Not Specified,MARGINAL,52.5,19.21
23/09/2024 12:00:00 - 23/09/2024 13:00:00,SCA|NO1,mFRR,Not Specified,Not Specified,MARGINAL,54.0,18.49
23/09/2024 13:00:00 - 23/09/2024 14:00:00,SCA|NO1,mFRR,Not Specified,Not Specified,MARGINAL,48.0,18.33
23/09/2024 14:00:00 - 23/09/2024 15:00:00,SCA|NO1,mFRR,Not Specified,Not Specified,MARGINAL,48.0,18.24
23/09/2024 15:00:00 - 23/09/2024 16:00:00,SCA|NO1,mFRR,Not Specified,Not Specified,MARGINAL,36.5,17.21
23/09/2024 16:00:00 - 23/09/2024 17:00:00,SCA|NO1,mFRR,Not Specified,Not Specified,MARGINAL,54.0,18.31
23/09/2024 17:00:00 - 23/09/2024 18:00:00,SCA|NO1,mFRR,Not Specified,Not Specified,MARGINAL,54.0,19.6
23/09/2024 18:00:00 - 23/09/2024 19:00:00,SCA|NO1,mFRR,Not Specified,Not Specified,MARGINAL,54.0,20.31
23/09/2024 19:00:00 - 23/09/2024 20:00:00,SCA|NO1,mFRR,Not Specified,Not Specified,MARGINAL,42.0,18.92
23/09/2024 20:00:00 - 23/09/2024 21:00:00,SCA|NO1,mFRR,Not Specified,Not Specified,MARGINAL,17.7,17.7
23/09/2024 21:00:00 - 23/09/2024 22:00:00,SCA|NO1,mFRR,Not Specified,Not Specified,MARGINAL,17.84,17.84
23/09/2024 22:00:00 - 23/09/2024 23:00:00,SCA|NO1,mFRR,Not Specified,Not Specified,MARGINAL,17.13,12.0
23/09/2024 23:00:00 - 24/09/2024 00:00:00,SCA|NO1,mFRR,Not Specified,Not Specified,MARGINAL,16.71,11.0
24/09/2024 00:00:00 - 24/09/2024 01:00:00,SCA|NO1,mFRR,Not Specified,Not Specified,MARGINAL,16.09,10.0
24/09/2024 01:00:00 - 24/09/2024 02:00:00,SCA|NO1,mFRR,Not Specified,Not Specified,MARGINAL,15.54,11.0
24/09/2024 02:00:00 - 24/09/2024 03:00:00,SCA|NO1,mFRR,Not Specified,Not Specified,MARGINAL,15.37,7.0
24/09/2024 03:00:00 - 24/09/2024 04:00:00,SCA|NO1,mFRR,Not Specified,Not Specified,MARGINAL,15.26,7.0
24/09/2024 04:00:00 - 24/09/2024 05:00:00,SCA|NO1,mFRR,Not Specified,Not Specified,MARGINAL,15.26,7.0
24/09/2024 05:00:00 - 24/09/2024 06:00:00,SCA|NO1,mFRR,Not Specified,Not Specified,MARGINAL,15.92,9.0
24/09/2024 06:00:00 - 24/09/2024 07:00:00,SCA|NO1,mFRR,Not Specified,Not Specified,MARGINAL,16.93,12.0
24/09/2024 07:00:00 - 24/09/2024 08:00:00,SCA|NO1,mFRR,Not Specified,Not Specified,MARGINAL,20.81,20.81
24/09/2024 08:00:00 - 24/09/2024 09:00:00,SCA|NO1,mFRR,Not Specified,Not Specified,MARGINAL,25.82,25.0
24/09/2024 09:00:00 - 24/09/2024 10:00:00,SCA|NO1,mFRR,Not Specified,Not Specified,MARGINAL,32.0,25.01
24/09/2024 10:00:00 - 24/09/2024 11:00:00,SCA|NO1,mFRR,Not Specified,Not Specified,MARGINAL,32.0,20.11
24/09/2024 11:00:00 - 24/09/2024 12:00:00,SCA|NO1,mFRR,Not Specified,Not Specified,MARGINAL,28.0,19.42
24/09/2024 12:00:00 - 24/09/2024 13:00:00,SCA|NO1,mFRR,Not Specified,Not Specified,MARGINAL,27.0,19.25
24/09/2024 13:00:00 - 24/09/2024 14:00:00,SCA|NO1,mFRR,Not Specified,Not Specified,MARGINAL,25.0,19.0
24/09/2024 14:00:00 - 24/09/2024 15:00:00,SCA|NO1,mFRR,Not Specified,Not Specified,MARGINAL,30.0,19.35
24/09/2024 15:00:00 - 24/09/2024 16:00:00,SCA|NO1,mFRR,Not Specified,Not Specified,MARGINAL,30.0,19.35
24/09/2024 16:00:00 - 24/09/2024 17:00:00,SCA|NO1,mFRR,Not Specified,Not Specified,MARGINAL,30.0,20.79
24/09/2024 17:00:00 - 24/09/2024 18:00:00,SCA|NO1,mFRR,Not Specified,Not Specified,MARGINAL,30.0,25.43
24/09/2024 18:00:00 - 24/09/2024 19:00:00,SCA|NO1,mFRR,Not Specified,Not Specified,MARGINAL,25.59,25.59
24/09/2024 19:00:00 - 24/09/2024 20:00:00,SCA|NO1,mFRR,Not Specified,Not Specified,MARGINAL,25.16,16.0
24/09/2024 20:00:00 - 24/09/2024 21:00:00,SCA|NO1,mFRR,Not Specified,Not Specified,MARGINAL,19.24,14.5
24/09/2024 21:00:00 - 24/09/2024 22:00:00,SCA|NO1,mFRR,Not Specified,Not Specified,MARGINAL,18.58,14.0
24/09/2024 22:00:00 - 24/09/2024 23:00:00,SCA|NO1,mFRR,Not Specified,Not Specified,MARGINAL,18.05,10.5
24/09/2024 23:00:00 - 25/09/2024 00:00:00,SCA|NO1,mFRR,Not Specified,Not Specified,MARGINAL,17.0,2.94
25/09/2024 00:00:00 - 25/09/2024 01:00:00,SCA|NO1,mFRR,Not Specified,Not Specified,MARGINAL,17.91,3.0
25/09/2024 01:00:00 - 25/09/2024 02:00:00,SCA|NO1,mFRR,Not Specified,Not Specified,MARGINAL,17.16,7.0
25/09/2024 02:00:00 - 25/09/2024 03:00:00,SCA|NO1,mFRR,Not Specified,Not Specified,MARGINAL,16.49,7.0
25/09/2024 03:00:00 - 25/09/2024 04:00:00,SCA|NO1,mFRR,Not Specified,Not Specified,MARGINAL,17.16,7.0
25/09/2024 04:00:00 - 25/09/2024 05:00:00,SCA|NO1,mFRR,Not Specified,Not Specified,MARGINAL,16.24,10.0
25/09/2024 05:00:00 - 25/09/2024 06:00:00,SCA|NO1,mFRR,Not Specified,Not Specified,MARGINAL,16.31,10.0
25/09/2024 06:00:00 - 25/09/2024 07:00:00,SCA|NO1,mFRR,Not Specified,Not Specified,MARGINAL,18.33,15.5
25/09/2024 07:00:00 - 25/09/2024 08:00:00,SCA|NO1,mFRR,Not Specified,Not Specified,MARGINAL,19.84,16.0
25/09/2024 08:00:00 - 25/09/2024 09:00:00,SCA|NO1,mFRR,Not Specified,Not Specified,MARGINAL,20.51,16.0
25/09/2024 09:00:00 - 25/09/2024 10:00:00,SCA|NO1,mFRR,Not Specified,Not Specified,MARGINAL,20.48,16.5
25/09/2024 10:00:00 - 25/09/2024 11:00:00,SCA|NO1,mFRR,Not Specified,Not Specified,MARGINAL,20.42,20.42
25/09/2024 11:00:00 - 25/09/2024 12:00:00,SCA|NO1,mFRR,Not Specified,Not Specified,MARGINAL,20.19,20.19
25/09/2024 12:00:00 - 25/09/2024 13:00:00,SCA|NO1,mFRR,Not Specified,Not Specified,MARGINAL,20.0,19.1
25/09/2024 13:00:00 - 25/09/2024 14:00:00,SCA|NO1,mFRR,Not Specified,Not Specified,MARGINAL,20.0,18.89
25/09/2024 14:00:00 - 25/09/2024 15:00:00,SCA|NO1,mFRR,Not Specified,Not Specified,MARGINAL,18.99,12.0
25/09/2024 15:00:00 - 25/09/2024 16:00:00,SCA|NO1,mFRR,Not Specified,Not Specified,MARGINAL,18.84,12.0
25/09/2024 16:00:00 - 25/09/2024 17:00:00,SCA|NO1,mFRR,Not Specified,Not Specified,MARGINAL,19.0,19.0
25/09/2024 17:00:00 - 25/09/2024 18:00:00,SCA|NO1,mFRR,Not Specified,Not Specified,MARGINAL,19.12,19.12
25/09/2024 18:00:00 - 25/09/2024 19:00:00,SCA|NO1,mFRR,Not Specified,Not Specified,MARGINAL,19.46,19.46
25/09/2024 19:00:00 - 25/09/2024 20:00:00,SCA|NO1,mFRR,Not Specified,Not Specified,MARGINAL,19.61,18.0
25/09/2024 20:00:00 - 25/09/2024 21:00:00,SCA|NO1,mFRR,Not Specified,Not Specified,MARGINAL,19.64,17.0
25/09/2024 21:00:00 - 25/09/2024 22:00:00,SCA|NO1,mFRR,Not Specified,Not Specified,MARGINAL,19.17,17.0
25/09/2024 22:00:00 - 25/09/2024 23:00:00,SCA|NO1,mFRR,Not Specified,Not Specified,MARGINAL,18.32,17.0
25/09/2024 23:00:00 - 26/09/2024 00:00:00,SCA|NO1,mFRR,Not Specified,Not Specified,MARGINAL,17.53,17.0
26/09/2024 00:00:00 - 26/09/2024 01:00:00,SCA|NO1,mFRR,Not Specified,Not Specified,MARGINAL,18.57,18.57
26/09/2024 01:00:00 - 26/09/2024 02:00:00,SCA|NO1,mFRR,Not Specified,Not Specified,MARGINAL,18.3,18.3
26/09/2024 02:00:00 - 26/09/2024 03:00:00,SCA|NO1,mFRR,Not Specified,Not Specified,MARGINAL,18.17,18.17
26/09/2024 03:00:00 - 26/09/2024 04:00:00,SCA|NO1,mFRR,Not Specified,Not Specified,MARGINAL,18.25,18.25
26/09/2024 04:00:00 - 26/09/2024 05:00:00,SCA|NO1,mFRR,Not Specified,Not Specified,MARGINAL,18.35,18.35
26/09/2024 05:00:00 - 26/09/2024 06:00:00,SCA|NO1,mFRR,Not Specified,Not Specified,MARGINAL,19.0,19.0
26/09/2024 06:00:00 - 26/09/2024 07:00:00,SCA|NO1,mFRR,Not Specified,Not Specified,MARGINAL,25.0,20.49
26/09/2024 07:00:00 - 26/09/2024 08:00:00,SCA|NO1,mFRR,Not Specified,Not Specified,MARGINAL,31.0,22.25
26/09/2024 08:00:00 - 26/09/2024 09:00:00,SCA|NO1,mFRR,Not Specified,Not Specified,MARGINAL,31.0,22.61
26/09/2024 09:00:00 - 26/09/2024 10:00:00,SCA|NO1,mFRR,Not Specified,Not Specified,MARGINAL,22.49,22.49
26/09/2024 10:00:00 - 26/09/2024 11:00:00,SCA|NO1,mFRR,Not Specified,Not Specified,MARGINAL,22.38,22.38
26/09/2024 11:00:00 - 26/09/2024 12:00:00,SCA|NO1,mFRR,Not Specified,Not Specified,MARGINAL,22.24,20.0
26/09/2024 12:00:00 - 26/09/2024 13:00:00,SCA|NO1,mFRR,Not Specified,Not Specified,MARGINAL,20.24,16.5
26/09/2024 13:00:00 - 26/09/2024 14:00:00,SCA|NO1,mFRR,Not Specified,Not Specified,MARGINAL,16.93,16.93
26/09/2024 14:00:00 - 26/09/2024 15:00:00,SCA|NO1,mFRR,Not Specified,Not Specified,MARGINAL,19.86,19.86
26/09/2024 15:00:00 - 26/09/2024 16:00:00,SCA|NO1,mFRR,Not Specified,Not Specified,MARGINAL,20.95,18.0
26/09/2024 16:00:00 - 26/09/2024 17:00:00,SCA|NO1,mFRR,Not Specified,Not Specified,MARGINAL,22.06,17.0
26/09/2024 17:00:00 - 26/09/2024 18:00:00,SCA|NO1,mFRR,Not Specified,Not Specified,MARGINAL,21.98,21.0
26/09/2024 18:00:00 - 26/09/2024 19:00:00,SCA|NO1,mFRR,Not Specified,Not Specified,MARGINAL,21.74,15.5
26/09/2024 19:00:00 - 26/09/2024 20:00:00,SCA|NO1,mFRR,Not Specified,Not Specified,MARGINAL,21.77,18.5
26/09/2024 20:00:00 - 26/09/2024 21:00:00,SCA|NO1,mFRR,Not Specified,Not Specified,MARGINAL,21.77,21.6
26/09/2024 21:00:00 - 26/09/2024 22:00:00,SCA|NO1,mFRR,Not Specified,Not Specified,MARGINAL,21.72,19.0
26/09/2024 22:00:00 - 26/09/2024 23:00:00,SCA|NO1,mFRR,Not Specified,Not Specified,MARGINAL,20.56,16.0
26/09/2024 23:00:00 - 27/09/2024 00:00:00,SCA|NO1,mFRR,Not Specified,Not Specified,MARGINAL,19.68,13.5
27/09/2024 00:00:00 - 27/09/2024 01:00:00,SCA|NO1,mFRR,Not Specified,Not Specified,MARGINAL,20.0,13.76
27/09/2024 01:00:00 - 27/09/2024 02:00:00,SCA|NO1,mFRR,Not Specified,Not Specified,,,
27/09/2024 02:00:00 - 27/09/2024 03:00:00,SCA|NO1,mFRR,Not Specified,Not Specified,MARGINAL,0.67,0.67
27/09/2024 03:00:00 - 27/09/2024 04:00:00,SCA|NO1,mFRR,Not Specified,Not Specified,MARGINAL,0.0,0.0
27/09/2024 04:00:00 - 27/09/2024 05:00:00,SCA|NO1,mFRR,Not Specified,Not Specified,MARGINAL,-0.2,-4.86
27/09/2024 05:00:00 - 27/09/2024 06:00:00,SCA|NO1,mFRR,Not Specified,Not Specified,MARGINAL,-0.03,-4.86
27/09/2024 06:00:00 - 27/09/2024 07:00:00,SCA|NO1,mFRR,Not Specified,Not Specified,MARGINAL,19.0,3.0
27/09/2024 07:00:00 - 27/09/2024 08:00:00,SCA|NO1,mFRR,Not Specified,Not Specified,MARGINAL,25.0,21.28
27/09/2024 08:00:00 - 27/09/2024 09:00:00,SCA|NO1,mFRR,Not Specified,Not Specified,MARGINAL,23.9,23.9
27/09/2024 09:00:00 - 27/09/2024 10:00:00,SCA|NO1,mFRR,Not Specified,Not Specified,MARGINAL,19.19,19.19
27/09/2024 10:00:00 - 27/09/2024 11:00:00,SCA|NO1,mFRR,Not Specified,Not Specified,MARGINAL,12.01,12.01
27/09/2024 11:00:00 - 27/09/2024 12:00:00,SCA|NO1,mFRR,Not Specified,Not Specified,MARGINAL,20.0,11.99
27/09/2024 12:00:00 - 27/09/2024 13:00:00,SCA|NO1,mFRR,Not Specified,Not Specified,MARGINAL,9.92,9.12
27/09/2024 13:00:00 - 27/09/2024 14:00:00,SCA|NO1,mFRR,Not Specified,Not Specified,MARGINAL,10.94,9.0
27/09/2024 14:00:00 - 27/09/2024 15:00:00,SCA|NO1,mFRR,Not Specified,Not Specified,MARGINAL,14.83,7.0
27/09/2024 15:00:00 - 27/09/2024 16:00:00,SCA|NO1,mFRR,Not Specified,Not Specified,MARGINAL,20.5,17.27
27/09/2024 16:00:00 - 27/09/2024 17:00:00,SCA|NO1,mFRR,Not Specified,Not Specified,MARGINAL,20.95,20.95
27/09/2024 17:00:00 - 27/09/2024 18:00:00,SCA|NO1,mFRR,Not Specified,Not Specified,MARGINAL,21.89,21.88
27/09/2024 18:00:00 - 27/09/2024 19:00:00,SCA|NO1,mFRR,Not Specified,Not Specified,MARGINAL,21.89,21.83
27/09/2024 19:00:00 - 27/09/2024 20:00:00,SCA|NO1,mFRR,Not Specified,Not Specified,MARGINAL,21.83,19.5
27/09/2024 20:00:00 - 27/09/2024 21:00:00,SCA|NO1,mFRR,Not Specified,Not Specified,MARGINAL,21.38,18.0
27/09/2024 21:00:00 - 27/09/2024 22:00:00,SCA|NO1,mFRR,Not Specified,Not Specified,MARGINAL,20.99,15.0
27/09/2024 22:00:00 - 27/09/2024 23:00:00,SCA|NO1,mFRR,Not Specified,Not Specified,MARGINAL,20.45,13.0
27/09/2024 23:00:00 - 28/09/2024 00:00:00,SCA|NO1,mFRR,Not Specified,Not Specified,MARGINAL,20.76,16.0
28/09/2024 00:00:00 - 28/09/2024 01:00:00,SCA|NO1,mFRR,Not Specified,Not Specified,,,
28/09/2024 01:00:00 - 28/09/2024 02:00:00,SCA|NO1,mFRR,Not Specified,Not Specified,MARGINAL,21.0,14.84
28/09/2024 02:00:00 - 28/09/2024 03:00:00,SCA|NO1,mFRR,Not Specified,Not Specified,MARGINAL,20.0,3.4
28/09/2024 03:00:00 - 28/09/2024 04:00:00,SCA|NO1,mFRR,Not Specified,Not Specified,MARGINAL,17.08,3.26
28/09/2024 04:00:00 - 28/09/2024 05:00:00,SCA|NO1,mFRR,Not Specified,Not Specified,MARGINAL,19.0,3.38
28/09/2024 05:00:00 - 28/09/2024 06:00:00,SCA|NO1,mFRR,Not Specified,Not Specified,MARGINAL,22.0,4.28
28/09/2024 06:00:00 - 28/09/2024 07:00:00,SCA|NO1,mFRR,Not Specified,Not Specified,MARGINAL,28.0,12.34
28/09/2024 07:00:00 - 28/09/2024 08:00:00,SCA|NO1,mFRR,Not Specified,Not Specified,MARGINAL,29.0,22.92
28/09/2024 08:00:00 - 28/09/2024 09:00:00,SCA|NO1,mFRR,Not Specified,Not Specified,MARGINAL,34.0,24.25
28/09/2024 09:00:00 - 28/09/2024 10:00:00,SCA|NO1,mFRR,Not Specified,Not Specified,MARGINAL,32.5,20.78
28/09/2024 10:00:00 - 28/09/2024 11:00:00,SCA|NO1,mFRR,Not Specified,Not Specified,MARGINAL,27.0,-2.0
28/09/2024 11:00:00 - 28/09/2024 12:00:00,SCA|NO1,mFRR,Not Specified,Not Specified,MARGINAL,12.0,-6.0
28/09/2024 12:00:00 - 28/09/2024 13:00:00,SCA|NO1,mFRR,Not Specified,Not Specified,MARGINAL,4.17,-6.0
28/09/2024 13:00:00 - 28/09/2024 14:00:00,SCA|NO1,mFRR,Not Specified,Not Specified,MARGINAL,3.62,-1.0
28/09/2024 14:00:00 - 28/09/2024 15:00:00,SCA|NO1,mFRR,Not Specified,Not Specified,MARGINAL,5.73,-4.0
28/09/2024 15:00:00 - 28/09/2024 16:00:00,SCA|NO1,mFRR,Not Specified,Not Specified,MARGINAL,19.96,-4.0
28/09/2024 16:00:00 - 28/09/2024 17:00:00,SCA|NO1,mFRR,Not Specified,Not Specified,MARGINAL,24.5,0.0
28/09/2024 17:00:00 - 28/09/2024 18:00:00,SCA|NO1,mFRR,Not Specified,Not Specified,MARGINAL,31.0,28.27
28/09/2024 18:00:00 - 28/09/2024 19:00:00,SCA|NO1,mFRR,Not Specified,Not Specified,MARGINAL,34.0,28.61
28/09/2024 19:00:00 - 28/09/2024 20:00:00,SCA|NO1,mFRR,Not Specified,Not Specified,MARGINAL,34.0,28.89
28/09/2024 20:00:00 - 28/09/2024 21:00:00,SCA|NO1,mFRR,Not Specified,Not Specified,MARGINAL,30.0,28.84
28/09/2024 21:00:00 - 28/09/2024 22:00:00,SCA|NO1,mFRR,Not Specified,Not Specified,MARGINAL,29.0,28.5
28/09/2024 22:00:00 - 28/09/2024 23:00:00,SCA|NO1,mFRR,Not Specified,Not Specified,MARGINAL,28.19,28.19
28/09/2024 23:00:00 - 29/09/2024 00:00:00,SCA|NO1,mFRR,Not Specified,Not Specified,MARGINAL,26.66,26.66
29/09/2024 00:00:00 - 29/09/2024 01:00:00,SCA|NO1,mFRR,Not Specified,Not Specified,MARGINAL,28.41,28.41
29/09/2024 01:00:00 - 29/09/2024 02:00:00,SCA|NO1,mFRR,Not Specified,Not Specified,MARGINAL,27.97,27.97
29/09/2024 02:00:00 - 29/09/2024 03:00:00,SCA|NO1,mFRR,Not Specified,Not Specified,MARGINAL,27.9,27.9
29/09/2024 03:00:00 - 29/09/2024 04:00:00,SCA|NO1,mFRR,Not Specified,Not Specified,MARGINAL,27.77,27.77
29/09/2024 04:00:00 - 29/09/2024 05:00:00,SCA|NO1,mFRR,Not Specified,Not Specified,MARGINAL,27.78,27.78
29/09/2024 05:00:00 - 29/09/2024 06:00:00,SCA|NO1,mFRR,Not Specified,Not Specified,MARGINAL,27.87,27.87
29/09/2024 06:00:00 - 29/09/2024 07:00:00,SCA|NO1,mFRR,Not Specified,Not Specified,MARGINAL,28.84,28.84
29/09/2024 07:00:00 - 29/09/2024 08:00:00,SCA|NO1,mFRR,Not Specified,Not Specified,MARGINAL,30.15,30.15
29/09/2024 08:00:00 - 29/09/2024 09:00:00,SCA|NO1,mFRR,Not Specified,Not Specified,MARGINAL,30.62,30.62
29/09/2024 09:00:00 - 29/09/2024 10:00:00,SCA|NO1,mFRR,Not Specified,Not Specified,MARGINAL,31.47,31.47
29/09/2024 10:00:00 - 29/09/2024 11:00:00,SCA|NO1,mFRR,Not Specified,Not Specified,MARGINAL,30.03,15.0
29/09/2024 11:00:00 - 29/09/2024 12:00:00,SCA|NO1,mFRR,Not Specified,Not Specified,MARGINAL,25.0,-6.0
29/09/2024 12:00:00 - 29/09/2024 13:00:00,SCA|NO1,mFRR,Not Specified,Not Specified,MARGINAL,20.99,-6.0
29/09/2024 13:00:00 - 29/09/2024 14:00:00,SCA|NO1,mFRR,Not Specified,Not Specified,MARGINAL,21.68,-6.0
29/09/2024 14:00:00 - 29/09/2024 15:00:00,SCA|NO1,mFRR,Not Specified,Not Specified,MARGINAL,24.92,0.0
29/09/2024 15:00:00 - 29/09/2024 16:00:00,SCA|NO1,mFRR,Not Specified,Not Specified,MARGINAL,30.41,5.0
29/09/2024 16:00:00 - 29/09/2024 17:00:00,SCA|NO1,mFRR,Not Specified,Not Specified,MARGINAL,33.27,21.5
29/09/2024 17:00:00 - 29/09/2024 18:00:00,SCA|NO1,mFRR,Not Specified,Not Specified,MARGINAL,85.0,33.73
29/09/2024 18:00:00 - 29/09/2024 19:00:00,SCA|NO1,mFRR,Not Specified,Not Specified,MARGINAL,95.5,36.26
29/09/2024 19:00:00 - 29/09/2024 20:00:00,SCA|NO1,mFRR,Not Specified,Not Specified,MARGINAL,95.5,36.65
29/09/2024 20:00:00 - 29/09/2024 21:00:00,SCA|NO1,mFRR,Not Specified,Not Specified,MARGINAL,95.5,36.83
29/09/2024 21:00:00 - 29/09/2024 22:00:00,SCA|NO1,mFRR,Not Specified,Not Specified,MARGINAL,80.0,36.5
29/09/2024 22:00:00 - 29/09/2024 23:00:00,SCA|NO1,mFRR,Not Specified,Not Specified,MARGINAL,77.0,36.0
29/09/2024 23:00:00 - 30/09/2024 00:00:00,SCA|NO1,mFRR,Not Specified,Not Specified,MARGINAL,31.08,9.0
30/09/2024 00:00:00 - 30/09/2024 01:00:00,SCA|NO1,mFRR,Not Specified,Not Specified,MARGINAL,26.56,0.0
30/09/2024 01:00:00 - 30/09/2024 02:00:00,SCA|NO1,mFRR,Not Specified,Not Specified,MARGINAL,17.55,0.0
30/09/2024 02:00:00 - 30/09/2024 03:00:00,SCA|NO1,mFRR,Not Specified,Not Specified,MARGINAL,8.4,-1.0
30/09/2024 03:00:00 - 30/09/2024 04:00:00,SCA|NO1,mFRR,Not Specified,Not Specified,MARGINAL,5.53,-2.3
30/09/2024 04:00:00 - 30/09/2024 05:00:00,SCA|NO1,mFRR,Not Specified,Not Specified,MARGINAL,9.02,-2.3
30/09/2024 05:00:00 - 30/09/2024 06:00:00,SCA|NO1,mFRR,Not Specified,Not Specified,MARGINAL,22.41,9.0
30/09/2024 06:00:00 - 30/09/2024 07:00:00,SCA|NO1,mFRR,Not Specified,Not Specified,MARGINAL,36.09,20.0
30/09/2024 07:00:00 - 30/09/2024 08:00:00,SCA|NO1,mFRR,Not Specified,Not Specified,MARGINAL,56.51,56.51
30/09/2024 08:00:00 - 30/09/2024 09:00:00,SCA|NO1,mFRR,Not Specified,Not Specified,MARGINAL,65.0,57.07
30/09/2024 09:00:00 - 30/09/2024 10:00:00,SCA|NO1,mFRR,Not Specified,Not Specified,MARGINAL,49.0,35.0
30/09/2024 10:00:00 - 30/09/2024 11:00:00,SCA|NO1,mFRR,Not Specified,Not Specified,MARGINAL,36.11,34.0
30/09/2024 11:00:00 - 30/09/2024 12:00:00,SCA|NO1,mFRR,Not Specified,Not Specified,MARGINAL,24.39,12.0
30/09/2024 12:00:00 - 30/09/2024 13:00:00,SCA|NO1,mFRR,Not Specified,Not Specified,MARGINAL,19.92,2.0
30/09/2024 13:00:00 - 30/09/2024 14:00:00,SCA|NO1,mFRR,Not Specified,Not Specified,MARGINAL,13.72,-2.0
30/09/2024 14:00:00 - 30/09/2024 15:00:00,SCA|NO1,mFRR,Not Specified,Not Specified,MARGINAL,14.99,-2.0
30/09/2024 15:00:00 - 30/09/2024 16:00:00,SCA|NO1,mFRR,Not Specified,Not Specified,MARGINAL,22.61,2.0
30/09/2024 16:00:00 - 30/09/2024 17:00:00,SCA|NO1,mFRR,Not Specified,Not Specified,MARGINAL,26.97,16.0
30/09/2024 17:00:00 - 30/09/2024 18:00:00,SCA|NO1,mFRR,Not Specified,Not Specified,MARGINAL,32.72,32.72
30/09/2024 18:00:00 - 30/09/2024 19:00:00,SCA|NO1,mFRR,Not Specified,Not Specified,MARGINAL,35.99,25.0
30/09/2024 19:00:00 - 30/09/2024 20:00:00,SCA|NO1,mFRR,Not Specified,Not Specified,MARGINAL,36.63,25.0
30/09/2024 20:00:00 - 30/09/2024 21:00:00,SCA|NO1,mFRR,Not Specified,Not Specified,MARGINAL,34.14,34.14
30/09/2024 21:00:00 - 30/09/2024 22:00:00,SCA|NO1,mFRR,Not Specified,Not Specified,MARGINAL,25.78,25.78
30/09/2024 22:00:00 - 30/09/2024 23:00:00,SCA|NO1,mFRR,Not Specified,Not Specified,MARGINAL,20.65,20.65
30/09/2024 23:00:00 - 01/10/2024 00:00:00,SCA|NO1,mFRR,Not Specified,Not Specified,MARGINAL,10.16,10.16
01/10/2024 00:00:00 - 01/10/2024 01:00:00,SCA|NO1,mFRR,Not Specified,Not Specified,MARGINAL,3.31,3.31
01/10/2024 01:00:00 - 01/10/2024 02:00:00,SCA|NO1,mFRR,Not Specified,Not Specified,MARGINAL,0.08,0.08
01/10/2024 02:00:00 - 01/10/2024 03:00:00,SCA|NO1,mFRR,Not Specified,Not Specified,MARGINAL,0.05,-1.0
01/10/2024 03:00:00 - 01/10/2024 04:00:00,SCA|NO1,mFRR,Not Specified,Not Specified,MARGINAL,0.02,0.0
01/10/2024 04:00:00 - 01/10/2024 05:00:00,SCA|NO1,mFRR,Not Specified,Not Specified,MARGINAL,8.0,8.0
01/10/2024 05:00:00 - 01/10/2024 06:00:00,SCA|NO1,mFRR,Not Specified,Not Specified,MARGINAL,25.25,25.25
01/10/2024 06:00:00 - 01/10/2024 07:00:00,SCA|NO1,mFRR,Not Specified,Not Specified,MARGINAL,33.35,33.35
01/10/2024 07:00:00 - 01/10/2024 08:00:00,SCA|NO1,mFRR,Not Specified,Not Specified,MARGINAL,38.03,38.03
01/10/2024 08:00:00 - 01/10/2024 09:00:00,SCA|NO1,mFRR,Not Specified,Not Specified,MARGINAL,41.32,41.32
01/10/2024 09:00:00 - 01/10/2024 10:00:00,SCA|NO1,mFRR,Not Specified,Not Specified,MARGINAL,41.51,41.51
01/10/2024 10:00:00 - 01/10/2024 11:00:00,SCA|NO1,mFRR,Not Specified,Not Specified,MARGINAL,38.65,38.65
01/10/2024 11:00:00 - 01/10/2024 12:00:00,SCA|NO1,mFRR,Not Specified,Not Specified,MARGINAL,36.04,29.0
01/10/2024 12:00:00 - 01/10/2024 13:00:00,SCA|NO1,mFRR,Not Specified,Not Specified,MARGINAL,36.0,29.0
01/10/2024 13:00:00 - 01/10/2024 14:00:00,SCA|NO1,mFRR,Not Specified,Not Specified,MARGINAL,36.03,29.0
01/10/2024 14:00:00 - 01/10/2024 15:00:00,SCA|NO1,mFRR,Not Specified,Not Specified,MARGINAL,36.01,28.5
01/10/2024 15:00:00 - 01/10/2024 16:00:00,SCA|NO1,mFRR,Not Specified,Not Specified,MARGINAL,39.71,28.5
01/10/2024 16:00:00 - 01/10/2024 17:00:00,SCA|NO1,mFRR,Not Specified,Not Specified,MARGINAL,43.56,40.0
01/10/2024 17:00:00 - 01/10/2024 18:00:00,SCA|NO1,mFRR,Not Specified,Not Specified,MARGINAL,53.0,49.92
01/10/2024 18:00:00 - 01/10/2024 19:00:00,SCA|NO1,mFRR,Not Specified,Not Specified,MARGINAL,53.0,52.83
01/10/2024 19:00:00 - 01/10/2024 20:00:00,SCA|NO1,mFRR,Not Specified,Not Specified,MARGINAL,55.0,54.88
01/10/2024 20:00:00 - 01/10/2024 21:00:00,SCA|NO1,mFRR,Not Specified,Not Specified,MARGINAL,54.88,47.77
01/10/2024 21:00:00 - 01/10/2024 22:00:00,SCA|NO1,mFRR,Not Specified,Not Specified,MARGINAL,54.0,44.99
01/10/2024 22:00:00 - 01/10/2024 23:00:00,SCA|NO1,mFRR,Not Specified,Not Specified,MARGINAL,46.9,41.89
01/10/2024 23:00:00 - 02/10/2024 00:00:00,SCA|NO1,mFRR,Not Specified,Not Specified,MARGINAL,36.36,36.36
02/10/2024 00:00:00 - 02/10/2024 01:00:00,SCA|NO1,mFRR,Not Specified,Not Specified,MARGINAL,43.0,40.03
02/10/2024 01:00:00 - 02/10/2024 02:00:00,SCA|NO1,mFRR,Not Specified,Not Specified,MARGINAL,39.6,32.0
02/10/2024 02:00:00 - 02/10/2024 03:00:00,SCA|NO1,mFRR,Not Specified,Not Specified,MARGINAL,38.99,30.0
02/10/2024 03:00:00 - 02/10/2024 04:00:00,SCA|NO1,mFRR,Not Specified,Not Specified,MARGINAL,39.73,29.73
02/10/2024 04:00:00 - 02/10/2024 05:00:00,SCA|NO1,mFRR,Not Specified,Not Specified,MARGINAL,40.26,27.5
02/10/2024 05:00:00 - 02/10/2024 06:00:00,SCA|NO1,mFRR,Not Specified,Not Specified,MARGINAL,42.35,27.5
02/10/2024 06:00:00 - 02/10/2024 07:00:00,SCA|NO1,mFRR,Not Specified,Not Specified,MARGINAL,50.72,36.0
02/10/2024 07:00:00 - 02/10/2024 08:00:00,SCA|NO1,mFRR,Not Specified,Not Specified,MARGINAL,82.0,81.12
02/10/2024 08:00:00 - 02/10/2024 09:00:00,SCA|NO1,mFRR,Not Specified,Not Specified,MARGINAL,122.54,55.0
02/10/2024 09:00:00 - 02/10/2024 10:00:00,SCA|NO1,mFRR,Not Specified,Not Specified,MARGINAL,91.3,55.0
02/10/2024 10:00:00 - 02/10/2024 11:00:00,SCA|NO1,mFRR,Not Specified,Not Specified,MARGINAL,61.93,47.5
02/10/2024 11:00:00 - 02/10/2024 12:00:00,SCA|NO1,mFRR,Not Specified,Not Specified,MARGINAL,51.36,35.0
02/10/2024 12:00:00 - 02/10/2024 13:00:00,SCA|NO1,mFRR,Not Specified,Not Specified,MARGINAL,54.9,30.0
02/10/2024 13:00:00 - 02/10/2024 14:00:00,SCA|NO1,mFRR,Not Specified,Not Specified,MARGINAL,50.47,28.0
02/10/2024 14:00:00 - 02/10/2024 15:00:00,SCA|NO1,mFRR,Not Specified,Not Specified,MARGINAL,50.34,34.5
02/10/2024 15:00:00 - 02/10/2024 16:00:00,SCA|NO1,mFRR,Not Specified,Not Specified,MARGINAL,50.01,37.0
02/10/2024 16:00:00 - 02/10/2024 17:00:00,SCA|NO1,mFRR,Not Specified,Not Specified,MARGINAL,51.75,45.0
02/10/2024 17:00:00 - 02/10/2024 18:00:00,SCA|NO1,mFRR,Not Specified,Not Specified,MARGINAL,59.87,45.0
02/10/2024 18:00:00 - 02/10/2024 19:00:00,SCA|NO1,mFRR,Not Specified,Not Specified,MARGINAL,57.29,53.68
02/10/2024 19:00:00 - 02/10/2024 20:00:00,SCA|NO1,mFRR,Not Specified,Not Specified,MARGINAL,53.32,53.32
02/10/2024 20:00:00 - 02/10/2024 21:00:00,SCA|NO1,mFRR,Not Specified,Not Specified,MARGINAL,51.11,51.11
02/10/2024 21:00:00 - 02/10/2024 22:00:00,SCA|NO1,mFRR,Not Specified,Not Specified,MARGINAL,46.99,46.99
02/10/2024 22:00:00 - 02/10/2024 23:00:00,SCA|NO1,mFRR,Not Specified,Not Specified,MARGINAL,43.09,43.09
02/10/2024 23:00:00 - 03/10/2024 00:00:00,SCA|NO1,mFRR,Not Specified,Not Specified,MARGINAL,41.41,40.0
03/10/2024 00:00:00 - 03/10/2024 01:00:00,SCA|NO1,mFRR,Not Specified,Not Specified,MARGINAL,42.44,37.5
03/10/2024 01:00:00 - 03/10/2024 02:00:00,SCA|NO1,mFRR,Not Specified,Not Specified,MARGINAL,41.89,37.0
03/10/2024 02:00:00 - 03/10/2024 03:00:00,SCA|NO1,mFRR,Not Specified,Not Specified,MARGINAL,41.45,37.0
03/10/2024 03:00:00 - 03/10/2024 04:00:00,SCA|NO1,mFRR,Not Specified,Not Specified,MARGINAL,41.35,39.0
03/10/2024 04:00:00 - 03/10/2024 05:00:00,SCA|NO1,mFRR,Not Specified,Not Specified,MARGINAL,41.35,29.5
03/10/2024 05:00:00 - 03/10/2024 06:00:00,SCA|NO1,mFRR,Not Specified,Not Specified,MARGINAL,42.42,29.5
03/10/2024 06:00:00 - 03/10/2024 07:00:00,SCA|NO1,mFRR,Not Specified,Not Specified,MARGINAL,49.03,36.0
03/10/2024 07:00:00 - 03/10/2024 08:00:00,SCA|NO1,mFRR,Not Specified,Not Specified,MARGINAL,71.09,42.5
03/10/2024 08:00:00 - 03/10/2024 09:00:00,SCA|NO1,mFRR,Not Specified,Not Specified,MARGINAL,74.29,74.0
03/10/2024 09:00:00 - 03/10/2024 10:00:00,SCA|NO1,mFRR,Not Specified,Not Specified,MARGINAL,64.97,55.0
03/10/2024 10:00:00 - 03/10/2024 11:00:00,SCA|NO1,mFRR,Not Specified,Not Specified,MARGINAL,51.06,50.06
03/10/2024 11:00:00 - 03/10/2024 12:00:00,SCA|NO1,mFRR,Not Specified,Not Specified,MARGINAL,49.15,40.0
03/10/2024 12:00:00 - 03/10/2024 13:00:00,SCA|NO1,mFRR,Not Specified,Not Specified,MARGINAL,45.13,40.0
03/10/2024 13:00:00 - 03/10/2024 14:00:00,SCA|NO1,mFRR,Not Specified,Not Specified,MARGINAL,35.58,35.0
03/10/2024 14:00:00 - 03/10/2024 15:00:00,SCA|NO1,mFRR,Not Specified,Not Specified,MARGINAL,39.6,37.0
03/10/2024 15:00:00 - 03/10/2024 16:00:00,SCA|NO1,mFRR,Not Specified,Not Specified,MARGINAL,48.1,40.0
03/10/2024 16:00:00 - 03/10/2024 17:00:00,SCA|NO1,mFRR,Not Specified,Not Specified,MARGINAL,49.32,40.0
03/10/2024 17:00:00 - 03/10/2024 18:00:00,SCA|NO1,mFRR,Not Specified,Not Specified,MARGINAL,51.09,42.5
03/10/2024 18:00:00 - 03/10/2024 19:00:00,SCA|NO1,mFRR,Not Specified,Not Specified,MARGINAL,58.83,58.83
03/10/2024 19:00:00 - 03/10/2024 20:00:00,SCA|NO1,mFRR,Not Specified,Not Specified,MARGINAL,60.0,60.0
03/10/2024 20:00:00 - 03/10/2024 21:00:00,SCA|NO1,mFRR,Not Specified,Not Specified,MARGINAL,65.55,65.55
03/10/2024 21:00:00 - 03/10/2024 22:00:00,SCA|NO1,mFRR,Not Specified,Not Specified,MARGINAL,53.0,53.0
03/10/2024 22:00:00 - 03/10/2024 23:00:00,SCA|NO1,mFRR,Not Specified,Not Specified,MARGINAL,49.88,49.88
03/10/2024 23:00:00 - 04/10/2024 00:00:00,SCA|NO1,mFRR,Not Specified,Not Specified,MARGINAL,46.11,46.11
04/10/2024 00:00:00 - 04/10/2024 01:00:00,SCA|NO1,mFRR,Not Specified,Not Specified,MARGINAL,44.96,44.96
04/10/2024 01:00:00 - 04/10/2024 02:00:00,SCA|NO1,mFRR,Not Specified,Not Specified,MARGINAL,42.53,42.53
04/10/2024 02:00:00 - 04/10/2024 03:00:00,SCA|NO1,mFRR,Not Specified,Not Specified,MARGINAL,41.69,41.69
04/10/2024 03:00:00 - 04/10/2024 04:00:00,SCA|NO1,mFRR,Not Specified,Not Specified,MARGINAL,41.53,41.53
04/10/2024 04:00:00 - 04/10/2024 05:00:00,SCA|NO1,mFRR,Not Specified,Not Specified,MARGINAL,41.16,41.16
04/10/2024 05:00:00 - 04/10/2024 06:00:00,SCA|NO1,mFRR,Not Specified,Not Specified,MARGINAL,44.58,44.58
04/10/2024 06:00:00 - 04/10/2024 07:00:00,SCA|NO1,mFRR,Not Specified,Not Specified,MARGINAL,58.0,48.99
04/10/2024 07:00:00 - 04/10/2024 08:00:00,SCA|NO1,mFRR,Not Specified,Not Specified,MARGINAL,122.61,122.61
04/10/2024 08:00:00 - 04/10/2024 09:00:00,SCA|NO1,mFRR,Not Specified,Not Specified,MARGINAL,136.89,136.89
04/10/2024 09:00:00 - 04/10/2024 10:00:00,SCA|NO1,mFRR,Not Specified,Not Specified,MARGINAL,112.66,52.5
04/10/2024 10:00:00 - 04/10/2024 11:00:00,SCA|NO1,mFRR,Not Specified,Not Specified,MARGINAL,56.95,56.95
04/10/2024 11:00:00 - 04/10/2024 12:00:00,SCA|NO1,mFRR,Not Specified,Not Specified,MARGINAL,49.77,49.77
04/10/2024 12:00:00 - 04/10/2024 13:00:00,SCA|NO1,mFRR,Not Specified,Not Specified,MARGINAL,47.0,47.0
04/10/2024 13:00:00 - 04/10/2024 14:00:00,SCA|NO1,mFRR,Not Specified,Not Specified,MARGINAL,45.55,45.55
04/10/2024 14:00:00 - 04/10/2024 15:00:00,SCA|NO1,mFRR,Not Specified,Not Specified,MARGINAL,44.57,40.0
04/10/2024 15:00:00 - 04/10/2024 16:00:00,SCA|NO1,mFRR,Not Specified,Not Specified,MARGINAL,42.14,39.0
04/10/2024 16:00:00 - 04/10/2024 17:00:00,SCA|NO1,mFRR,Not Specified,Not Specified,MARGINAL,43.72,39.5
04/10/2024 17:00:00 - 04/10/2024 18:00:00,SCA|NO1,mFRR,Not Specified,Not Specified,MARGINAL,49.18,49.18
04/10/2024 18:00:00 - 04/10/2024 19:00:00,SCA|NO1,mFRR,Not Specified,Not Specified,MARGINAL,79.98,79.98
04/10/2024 19:00:00 - 04/10/2024 20:00:00,SCA|NO1,mFRR,Not Specified,Not Specified,MARGINAL,123.05,123.05
04/10/2024 20:00:00 - 04/10/2024 21:00:00,SCA|NO1,mFRR,Not Specified,Not Specified,MARGINAL,48.94,44.0
04/10/2024 21:00:00 - 04/10/2024 22:00:00,SCA|NO1,mFRR,Not Specified,Not Specified,MARGINAL,46.14,44.0
04/10/2024 22:00:00 - 04/10/2024 23:00:00,SCA|NO1,mFRR,Not Specified,Not Specified,MARGINAL,42.59,42.59
04/10/2024 23:00:00 - 05/10/2024 00:00:00,SCA|NO1,mFRR,Not Specified,Not Specified,MARGINAL,41.99,41.99
05/10/2024 00:00:00 - 05/10/2024 01:00:00,SCA|NO1,mFRR,Not Specified,Not Specified,MARGINAL,40.08,40.08
05/10/2024 01:00:00 - 05/10/2024 02:00:00,SCA|NO1,mFRR,Not Specified,Not Specified,MARGINAL,39.72,39.72
05/10/2024 02:00:00 - 05/10/2024 03:00:00,SCA|NO1,mFRR,Not Specified,Not Specified,MARGINAL,39.56,39.56
05/10/2024 03:00:00 - 05/10/2024 04:00:00,SCA|NO1,mFRR,Not Specified,Not Specified,MARGINAL,39.37,39.37
05/10/2024 04:00:00 - 05/10/2024 05:00:00,SCA|NO1,mFRR,Not Specified,Not Specified,MARGINAL,39.28,39.28
05/10/2024 05:00:00 - 05/10/2024 06:00:00,SCA|NO1,mFRR,Not Specified,Not Specified,MARGINAL,39.54,39.54
05/10/2024 06:00:00 - 05/10/2024 07:00:00,SCA|NO1,mFRR,Not Specified,Not Specified,MARGINAL,40.12,40.12
05/10/2024 07:00:00 - 05/10/2024 08:00:00,SCA|NO1,mFRR,Not Specified,Not Specified,MARGINAL,40.19,40.19
05/10/2024 08:00:00 - 05/10/2024 09:00:00,SCA|NO1,mFRR,Not Specified,Not Specified,MARGINAL,41.01,41.01
05/10/2024 09:00:00 - 05/10/2024 10:00:00,SCA|NO1,mFRR,Not Specified,Not Specified,MARGINAL,41.97,41.97
05/10/2024 10:00:00 - 05/10/2024 11:00:00,SCA|NO1,mFRR,Not Specified,Not Specified,MARGINAL,43.0,42.72
05/10/2024 11:00:00 - 05/10/2024 12:00:00,SCA|NO1,mFRR,Not Specified,Not Specified,MARGINAL,43.0,42.66
05/10/2024 12:00:00 - 05/10/2024 13:00:00,SCA|NO1,mFRR,Not Specified,Not Specified,MARGINAL,42.63,42.63
05/10/2024 13:00:00 - 05/10/2024 14:00:00,SCA|NO1,mFRR,Not Specified,Not Specified,MARGINAL,39.23,39.23
05/10/2024 14:00:00 - 05/10/2024 15:00:00,SCA|NO1,mFRR,Not Specified,Not Specified,MARGINAL,41.25,41.25
05/10/2024 15:00:00 - 05/10/2024 16:00:00,SCA|NO1,mFRR,Not Specified,Not Specified,MARGINAL,41.0,41.0
05/10/2024 16:00:00 - 05/10/2024 17:00:00,SCA|NO1,mFRR,Not Specified,Not Specified,MARGINAL,41.24,41.24
05/10/2024 17:00:00 - 05/10/2024 18:00:00,SCA|NO1,mFRR,Not Specified,Not Specified,MARGINAL,41.17,41.17
05/10/2024 18:00:00 - 05/10/2024 19:00:00,SCA|NO1,mFRR,Not Specified,Not Specified,MARGINAL,44.1,44.1
05/10/2024 19:00:00 - 05/10/2024 20:00:00,SCA|NO1,mFRR,Not Specified,Not Specified,MARGINAL,42.33,42.33
05/10/2024 20:00:00 - 05/10/2024 21:00:00,SCA|NO1,mFRR,Not Specified,Not Specified,MARGINAL,40.97,40.97
05/10/2024 21:00:00 - 05/10/2024 22:00:00,SCA|NO1,mFRR,Not Specified,Not Specified,MARGINAL,40.49,40.49
05/10/2024 22:00:00 - 05/10/2024 23:00:00,SCA|NO1,mFRR,Not Specified,Not Specified,MARGINAL,39.64,39.64
05/10/2024 23:00:00 - 06/10/2024 00:00:00,SCA|NO1,mFRR,Not Specified,Not Specified,MARGINAL,39.47,39.47
06/10/2024 00:00:00 - 06/10/2024 01:00:00,SCA|NO1,mFRR,Not Specified,Not Specified,MARGINAL,38.97,38.97
06/10/2024 01:00:00 - 06/10/2024 02:00:00,SCA|NO1,mFRR,Not Specified,Not Specified,MARGINAL,37.97,37.97
06/10/2024 02:00:00 - 06/10/2024 03:00:00,SCA|NO1,mFRR,Not Specified,Not Specified,MARGINAL,37.92,37.92
06/10/2024 03:00:00 - 06/10/2024 04:00:00,SCA|NO1,mFRR,Not Specified,Not Specified,MARGINAL,37.62,37.62
06/10/2024 04:00:00 - 06/10/2024 05:00:00,SCA|NO1,mFRR,Not Specified,Not Specified,MARGINAL,37.5,37.5
06/10/2024 05:00:00 - 06/10/2024 06:00:00,SCA|NO1,mFRR,Not Specified,Not Specified,MARGINAL,37.73,37.73
06/10/2024 06:00:00 - 06/10/2024 07:00:00,SCA|NO1,mFRR,Not Specified,Not Specified,MARGINAL,37.93,34.0
06/10/2024 07:00:00 - 06/10/2024 08:00:00,SCA|NO1,mFRR,Not Specified,Not Specified,MARGINAL,39.11,34.0
06/10/2024 08:00:00 - 06/10/2024 09:00:00,SCA|NO1,mFRR,Not Specified,Not Specified,MARGINAL,37.81,17.0
06/10/2024 09:00:00 - 06/10/2024 10:00:00,SCA|NO1,mFRR,Not Specified,Not Specified,MARGINAL,37.97,18.0
06/10/2024 10:00:00 - 06/10/2024 11:00:00,SCA|NO1,mFRR,Not Specified,Not Specified,MARGINAL,37.14,18.73
06/10/2024 11:00:00 - 06/10/2024 12:00:00,SCA|NO1,mFRR,Not Specified,Not Specified,MARGINAL,32.5,32.25
06/10/2024 12:00:00 - 06/10/2024 13:00:00,SCA|NO1,mFRR,Not Specified,Not Specified,MARGINAL,32.5,27.36
06/10/2024 13:00:00 - 06/10/2024 14:00:00,SCA|NO1,mFRR,Not Specified,Not Specified,MARGINAL,26.22,18.0
06/10/2024 14:00:00 - 06/10/2024 15:00:00,SCA|NO1,mFRR,Not Specified,Not Specified,MARGINAL,28.76,16.0
06/10/2024 15:00:00 - 06/10/2024 16:00:00,SCA|NO1,mFRR,Not Specified,Not Specified,MARGINAL,33.71,26.0
06/10/2024 16:00:00 - 06/10/2024 17:00:00,SCA|NO1,mFRR,Not Specified,Not Specified,MARGINAL,38.03,38.03
06/10/2024 17:00:00 - 06/10/2024 18:00:00,SCA|NO1,mFRR,Not Specified,Not Specified,MARGINAL,38.82,38.82
06/10/2024 18:00:00 - 06/10/2024 19:00:00,SCA|NO1,mFRR,Not Specified,Not Specified,MARGINAL,44.96,44.96
06/10/2024 19:00:00 - 06/10/2024 20:00:00,SCA|NO1,mFRR,Not Specified,Not Specified,MARGINAL,46.99,46.99
06/10/2024 20:00:00 - 06/10/2024 21:00:00,SCA|NO1,mFRR,Not Specified,Not Specified,MARGINAL,43.95,38.0
06/10/2024 21:00:00 - 06/10/2024 22:00:00,SCA|NO1,mFRR,Not Specified,Not Specified,MARGINAL,41.32,33.0
06/10/2024 22:00:00 - 06/10/2024 23:00:00,SCA|NO1,mFRR,Not Specified,Not Specified,MARGINAL,40.63,29.51
06/10/2024 23:00:00 - 07/10/2024 00:00:00,SCA|NO1,mFRR,Not Specified,Not Specified,MARGINAL,39.98,29.51
07/10/2024 00:00:00 - 07/10/2024 01:00:00,SCA|NO1,mFRR,Not Specified,Not Specified,MARGINAL,36.58,30.0
07/10/2024 01:00:00 - 07/10/2024 02:00:00,SCA|NO1,mFRR,Not Specified,Not Specified,MARGINAL,35.34,35.34
07/10/2024 02:00:00 - 07/10/2024 03:00:00,SCA|NO1,mFRR,Not Specified,Not Specified,MARGINAL,33.25,28.0
07/10/2024 03:00:00 - 07/10/2024 04:00:00,SCA|NO1,mFRR,Not Specified,Not Specified,MARGINAL,30.15,30.0
07/10/2024 04:00:00 - 07/10/2024 05:00:00,SCA|NO1,mFRR,Not Specified,Not Specified,MARGINAL,34.95,30.0
07/10/2024 05:00:00 - 07/10/2024 06:00:00,SCA|NO1,mFRR,Not Specified,Not Specified,MARGINAL,39.16,33.0
07/10/2024 06:00:00 - 07/10/2024 07:00:00,SCA|NO1,mFRR,Not Specified,Not Specified,MARGINAL,42.85,38.5
07/10/2024 07:00:00 - 07/10/2024 08:00:00,SCA|NO1,mFRR,Not Specified,Not Specified,MARGINAL,54.0,48.98
07/10/2024 08:00:00 - 07/10/2024 09:00:00,SCA|NO1,mFRR,Not Specified,Not Specified,MARGINAL,54.0,53.94
07/10/2024 09:00:00 - 07/10/2024 10:00:00,SCA|NO1,mFRR,Not Specified,Not Specified,MARGINAL,49.99,49.99
07/10/2024 10:00:00 - 07/10/2024 11:00:00,SCA|NO1,mFRR,Not Specified,Not Specified,MARGINAL,48.51,48.51
07/10/2024 11:00:00 - 07/10/2024 12:00:00,SCA|NO1,mFRR,Not Specified,Not Specified,MARGINAL,46.41,38.5
07/10/2024 12:00:00 - 07/10/2024 13:00:00,SCA|NO1,mFRR,Not Specified,Not Specified,MARGINAL,44.41,37.0
07/10/2024 13:00:00 - 07/10/2024 14:00:00,SCA|NO1,mFRR,Not Specified,Not Specified,MARGINAL,41.95,37.5
07/10/2024 14:00:00 - 07/10/2024 15:00:00,SCA|NO1,mFRR,Not Specified,Not Specified,MARGINAL,45.0,38.0
07/10/2024 15:00:00 - 07/10/2024 16:00:00,SCA|NO1,mFRR,Not Specified,Not Specified,MARGINAL,48.34,43.59
07/10/2024 16:00:00 - 07/10/2024 17:00:00,SCA|NO1,mFRR,Not Specified,Not Specified,MARGINAL,48.34,46.1
07/10/2024 17:00:00 - 07/10/2024 18:00:00,SCA|NO1,mFRR,Not Specified,Not Specified,MARGINAL,49.17,48.29
07/10/2024 18:00:00 - 07/10/2024 19:00:00,SCA|NO1,mFRR,Not Specified,Not Specified,MARGINAL,49.34,48.46
07/10/2024 19:00:00 - 07/10/2024 20:00:00,SCA|NO1,mFRR,Not Specified,Not Specified,MARGINAL,48.01,48.01
07/10/2024 20:00:00 - 07/10/2024 21:00:00,SCA|NO1,mFRR,Not Specified,Not Specified,MARGINAL,43.97,43.97
07/10/2024 21:00:00 - 07/10/2024 22:00:00,SCA|NO1,mFRR,Not Specified,Not Specified,MARGINAL,42.55,42.55
07/10/2024 22:00:00 - 07/10/2024 23:00:00,SCA|NO1,mFRR,Not Specified,Not Specified,MARGINAL,41.15,37.5
07/10/2024 23:00:00 - 08/10/2024 00:00:00,SCA|NO1,mFRR,Not Specified,Not Specified,MARGINAL,39.96,32.5
08/10/2024 00:00:00 - 08/10/2024 01:00:00,SCA|NO1,mFRR,Not Specified,Not Specified,MARGINAL,40.92,37.0
08/10/2024 01:00:00 - 08/10/2024 02:00:00,SCA|NO1,mFRR,Not Specified,Not Specified,MARGINAL,40.54,32.5
08/10/2024 02:00:00 - 08/10/2024 03:00:00,SCA|NO1,mFRR,Not Specified,Not Specified,MARGINAL,40.39,32.5
08/10/2024 03:00:00 - 08/10/2024 04:00:00,SCA|NO1,mFRR,Not Specified,Not Specified,MARGINAL,40.37,30.0
08/10/2024 04:00:00 - 08/10/2024 05:00:00,SCA|NO1,mFRR,Not Specified,Not Specified,MARGINAL,40.33,28.5
08/10/2024 05:00:00 - 08/10/2024 06:00:00,SCA|NO1,mFRR,Not Specified,Not Specified,MARGINAL,40.84,30.0
08/10/2024 06:00:00 - 08/10/2024 07:00:00,SCA|NO1,mFRR,Not Specified,Not Specified,MARGINAL,42.0,36.5
08/10/2024 07:00:00 - 08/10/2024 08:00:00,SCA|NO1,mFRR,Not Specified,Not Specified,MARGINAL,47.94,39.0
08/10/2024 08:00:00 - 08/10/2024 09:00:00,SCA|NO1,mFRR,Not Specified,Not Specified,MARGINAL,68.85,39.0
08/10/2024 09:00:00 - 08/10/2024 10:00:00,SCA|NO1,mFRR,Not Specified,Not Specified,MARGINAL,82.37,38.5
08/10/2024 10:00:00 - 08/10/2024 11:00:00,SCA|NO1,mFRR,Not Specified,Not Specified,MARGINAL,51.45,36.0
08/10/2024 11:00:00 - 08/10/2024 12:00:00,SCA|NO1,mFRR,Not Specified,Not Specified,MARGINAL,47.8,38.0
08/10/2024 12:00:00 - 08/10/2024 13:00:00,SCA|NO1,mFRR,Not Specified,Not Specified,MARGINAL,42.96,42.96
08/10/2024 13:00:00 - 08/10/2024 14:00:00,SCA|NO1,mFRR,Not Specified,Not Specified,MARGINAL,42.0,42.0
08/10/2024 14:00:00 - 08/10/2024 15:00:00,SCA|NO1,mFRR,Not Specified,Not Specified,MARGINAL,41.99,41.99
08/10/2024 15:00:00 - 08/10/2024 16:00:00,SCA|NO1,mFRR,Not Specified,Not Specified,MARGINAL,42.03,42.03
08/10/2024 16:00:00 - 08/10/2024 17:00:00,SCA|NO1,mFRR,Not Specified,Not Specified,MARGINAL,42.9,42.9
08/10/2024 17:00:00 - 08/10/2024 18:00:00,SCA|NO1,mFRR,Not Specified,Not Specified,MARGINAL,42.06,42.06
08/10/2024 18:00:00 - 08/10/2024 19:00:00,SCA|NO1,mFRR,Not Specified,Not Specified,MARGINAL,42.52,42.52
08/10/2024 19:00:00 - 08/10/2024 20:00:00,SCA|NO1,mFRR,Not Specified,Not Specified,MARGINAL,42.99,40.0
08/10/2024 20:00:00 - 08/10/2024 21:00:00,SCA|NO1,mFRR,Not Specified,Not Specified,MARGINAL,42.58,40.0
08/10/2024 21:00:00 - 08/10/2024 22:00:00,SCA|NO1,mFRR,Not Specified,Not Specified,MARGINAL,42.0,39.5
08/10/2024 22:00:00 - 08/10/2024 23:00:00,SCA|NO1,mFRR,Not Specified,Not Specified,MARGINAL,41.71,38.0
08/10/2024 23:00:00 - 09/10/2024 00:00:00,SCA|NO1,mFRR,Not Specified,Not Specified,MARGINAL,41.13,40.0
09/10/2024 00:00:00 - 09/10/2024 01:00:00,SCA|NO1,mFRR,Not Specified,Not Specified,MARGINAL,40.27,40.27
09/10/2024 01:00:00 - 09/10/2024 02:00:00,SCA|NO1,mFRR,Not Specified,Not Specified,MARGINAL,40.09,40.09
09/10/2024 02:00:00 - 09/10/2024 03:00:00,SCA|NO1,mFRR,Not Specified,Not Specified,MARGINAL,39.37,39.37
09/10/2024 03:00:00 - 09/10/2024 04:00:00,SCA|NO1,mFRR,Not Specified,Not Specified,MARGINAL,39.27,39.27
09/10/2024 04:00:00 - 09/10/2024 05:00:00,SCA|NO1,mFRR,Not Specified,Not Specified,MARGINAL,39.56,39.56
09/10/2024 05:00:00 - 09/10/2024 06:00:00,SCA|NO1,mFRR,Not Specified,Not Specified,MARGINAL,40.04,40.04
09/10/2024 06:00:00 - 09/10/2024 07:00:00,SCA|NO1,mFRR,Not Specified,Not Specified,MARGINAL,40.76,40.76
09/10/2024 07:00:00 - 09/10/2024 08:00:00,SCA|NO1,mFRR,Not Specified,Not Specified,MARGINAL,41.39,41.39
09/10/2024 08:00:00 - 09/10/2024 09:00:00,SCA|NO1,mFRR,Not Specified,Not Specified,MARGINAL,41.79,41.79
09/10/2024 09:00:00 - 09/10/2024 10:00:00,SCA|NO1,mFRR,Not Specified,Not Specified,MARGINAL,41.71,41.71
09/10/2024 10:00:00 - 09/10/2024 11:00:00,SCA|NO1,mFRR,Not Specified,Not Specified,MARGINAL,41.67,41.67
09/10/2024 11:00:00 - 09/10/2024 12:00:00,SCA|NO1,mFRR,Not Specified,Not Specified,MARGINAL,41.6,41.6
09/10/2024 12:00:00 - 09/10/2024 13:00:00,SCA|NO1,mFRR,Not Specified,Not Specified,MARGINAL,41.55,41.55
09/10/2024 13:00:00 - 09/10/2024 14:00:00,SCA|NO1,mFRR,Not Specified,Not Specified,MARGINAL,41.35,41.35
09/10/2024 14:00:00 - 09/10/2024 15:00:00,SCA|NO1,mFRR,Not Specified,Not Specified,MARGINAL,41.17,41.17
09/10/2024 15:00:00 - 09/10/2024 16:00:00,SCA|NO1,mFRR,Not Specified,Not Specified,MARGINAL,41.17,41.17
09/10/2024 16:00:00 - 09/10/2024 17:00:00,SCA|NO1,mFRR,Not Specified,Not Specified,MARGINAL,41.16,41.16
09/10/2024 17:00:00 - 09/10/2024 18:00:00,SCA|NO1,mFRR,Not Specified,Not Specified,MARGINAL,41.47,41.47
09/10/2024 18:00:00 - 09/10/2024 19:00:00,SCA|NO1,mFRR,Not Specified,Not Specified,MARGINAL,41.71,41.71
09/10/2024 19:00:00 - 09/10/2024 20:00:00,SCA|NO1,mFRR,Not Specified,Not Specified,MARGINAL,41.93,38.0
09/10/2024 20:00:00 - 09/10/2024 21:00:00,SCA|NO1,mFRR,Not Specified,Not Specified,MARGINAL,41.68,38.0
09/10/2024 21:00:00 - 09/10/2024 22:00:00,SCA|NO1,mFRR,Not Specified,Not Specified,MARGINAL,41.6,38.0
09/10/2024 22:00:00 - 09/10/2024 23:00:00,SCA|NO1,mFRR,Not Specified,Not Specified,MARGINAL,41.01,41.01
09/10/2024 23:00:00 - 10/10/2024 00:00:00,SCA|NO1,mFRR,Not Specified,Not Specified,MARGINAL,40.65,39.0
10/10/2024 00:00:00 - 10/10/2024 01:00:00,SCA|NO1,mFRR,Not Specified,Not Specified,MARGINAL,39.99,39.0
10/10/2024 01:00:00 - 10/10/2024 02:00:00,SCA|NO1,mFRR,Not Specified,Not Specified,MARGINAL,39.55,39.55
10/10/2024 02:00:00 - 10/10/2024 03:00:00,SCA|NO1,mFRR,Not Specified,Not Specified,MARGINAL,37.75,37.75
10/10/2024 03:00:00 - 10/10/2024 04:00:00,SCA|NO1,mFRR,Not Specified,Not Specified,MARGINAL,32.0,32.0
10/10/2024 04:00:00 - 10/10/2024 05:00:00,SCA|NO1,mFRR,Not Specified,Not Specified,MARGINAL,30.2,30.2
10/10/2024 05:00:00 - 10/10/2024 06:00:00,SCA|NO1,mFRR,Not Specified,Not Specified,MARGINAL,38.95,38.95
10/10/2024 06:00:00 - 10/10/2024 07:00:00,SCA|NO1,mFRR,Not Specified,Not Specified,MARGINAL,42.21,42.21
10/10/2024 07:00:00 - 10/10/2024 08:00:00,SCA|NO1,mFRR,Not Specified,Not Specified,MARGINAL,43.53,43.53
10/10/2024 08:00:00 - 10/10/2024 09:00:00,SCA|NO1,mFRR,Not Specified,Not Specified,MARGINAL,44.44,44.44
10/10/2024 09:00:00 - 10/10/2024 10:00:00,SCA|NO1,mFRR,Not Specified,Not Specified,MARGINAL,43.79,43.79
10/10/2024 10:00:00 - 10/10/2024 11:00:00,SCA|NO1,mFRR,Not Specified,Not Specified,MARGINAL,42.09,42.09
10/10/2024 11:00:00 - 10/10/2024 12:00:00,SCA|NO1,mFRR,Not Specified,Not Specified,MARGINAL,38.0,38.0
10/10/2024 12:00:00 - 10/10/2024 13:00:00,SCA|NO1,mFRR,Not Specified,Not Specified,MARGINAL,31.58,31.58
10/10/2024 13:00:00 - 10/10/2024 14:00:00,SCA|NO1,mFRR,Not Specified,Not Specified,MARGINAL,30.0,19.9
10/10/2024 14:00:00 - 10/10/2024 15:00:00,SCA|NO1,mFRR,Not Specified,Not Specified,MARGINAL,30.0,28.75
10/10/2024 15:00:00 - 10/10/2024 16:00:00,SCA|NO1,mFRR,Not Specified,Not Specified,MARGINAL,37.18,37.18
10/10/2024 16:00:00 - 10/10/2024 17:00:00,SCA|NO1,mFRR,Not Specified,Not Specified,MARGINAL,37.18,37.18
10/10/2024 17:00:00 - 10/10/2024 18:00:00,SCA|NO1,mFRR,Not Specified,Not Specified,MARGINAL,38.23,38.23
10/10/2024 18:00:00 - 10/10/2024 19:00:00,SCA|NO1,mFRR,Not Specified,Not Specified,MARGINAL,39.48,39.48
10/10/2024 19:00:00 - 10/10/2024 20:00:00,SCA|NO1,mFRR,Not Specified,Not Specified,MARGINAL,38.64,38.64
10/10/2024 20:00:00 - 10/10/2024 21:00:00,SCA|NO1,mFRR,Not Specified,Not Specified,MARGINAL,37.92,37.92
10/10/2024 21:00:00 - 10/10/2024 22:00:00,SCA|NO1,mFRR,Not Specified,Not Specified,MARGINAL,36.44,36.44
10/10/2024 22:00:00 - 10/10/2024 23:00:00,SCA|NO1,mFRR,Not Specified,Not Specified,MARGINAL,32.99,32.99
10/10/2024 23:00:00 - 11/10/2024 00:00:00,SCA|NO1,mFRR,Not Specified,Not Specified,MARGINAL,32.63,32.63
11/10/2024 00:00:00 - 11/10/2024 01:00:00,SCA|NO1,mFRR,Not Specified,Not Specified,MARGINAL,34.71,34.71
11/10/2024 01:00:00 - 11/10/2024 02:00:00,SCA|NO1,mFRR,Not Specified,Not Specified,MARGINAL,34.72,34.72
11/10/2024 02:00:00 - 11/10/2024 03:00:00,SCA|NO1,mFRR,Not Specified,Not Specified,MARGINAL,35.09,35.09
11/10/2024 03:00:00 - 11/10/2024 04:00:00,SCA|NO1,mFRR,Not Specified,Not Specified,MARGINAL,35.88,35.88
11/10/2024 04:00:00 - 11/10/2024 05:00:00,SCA|NO1,mFRR,Not Specified,Not Specified,MARGINAL,35.91,35.91
11/10/2024 05:00:00 - 11/10/2024 06:00:00,SCA|NO1,mFRR,Not Specified,Not Specified,MARGINAL,36.76,36.76
11/10/2024 06:00:00 - 11/10/2024 07:00:00,SCA|NO1,mFRR,Not Specified,Not Specified,MARGINAL,41.32,37.0
11/10/2024 07:00:00 - 11/10/2024 08:00:00,SCA|NO1,mFRR,Not Specified,Not Specified,MARGINAL,46.44,46.44
11/10/2024 08:00:00 - 11/10/2024 09:00:00,SCA|NO1,mFRR,Not Specified,Not Specified,MARGINAL,49.0,48.99
11/10/2024 09:00:00 - 11/10/2024 10:00:00,SCA|NO1,mFRR,Not Specified,Not Specified,,,
11/10/2024 10:00:00 - 11/10/2024 11:00:00,SCA|NO1,mFRR,Not Specified,Not Specified,MARGINAL,54.0,46.62
11/10/2024 11:00:00 - 11/10/2024 12:00:00,SCA|NO1,mFRR,Not Specified,Not Specified,MARGINAL,55.0,43.57
11/10/2024 12:00:00 - 11/10/2024 13:00:00,SCA|NO1,mFRR,Not Specified,Not Specified,MARGINAL,47.0,42.43
11/10/2024 13:00:00 - 11/10/2024 14:00:00,SCA|NO1,mFRR,Not Specified,Not Specified,MARGINAL,41.59,41.59
11/10/2024 14:00:00 - 11/10/2024 15:00:00,SCA|NO1,mFRR,Not Specified,Not Specified,MARGINAL,40.13,40.13
11/10/2024 15:00:00 - 11/10/2024 16:00:00,SCA|NO1,mFRR,Not Specified,Not Specified,MARGINAL,39.97,39.97
11/10/2024 16:00:00 - 11/10/2024 17:00:00,SCA|NO1,mFRR,Not Specified,Not Specified,MARGINAL,40.97,40.97
11/10/2024 17:00:00 - 11/10/2024 18:00:00,SCA|NO1,mFRR,Not Specified,Not Specified,MARGINAL,43.94,43.94
11/10/2024 18:00:00 - 11/10/2024 19:00:00,SCA|NO1,mFRR,Not Specified,Not Specified,MARGINAL,43.72,43.72
11/10/2024 19:00:00 - 11/10/2024 20:00:00,SCA|NO1,mFRR,Not Specified,Not Specified,MARGINAL,43.58,43.58
11/10/2024 20:00:00 - 11/10/2024 21:00:00,SCA|NO1,mFRR,Not Specified,Not Specified,MARGINAL,43.12,39.0
11/10/2024 21:00:00 - 11/10/2024 22:00:00,SCA|NO1,mFRR,Not Specified,Not Specified,MARGINAL,43.09,38.21
11/10/2024 22:00:00 - 11/10/2024 23:00:00,SCA|NO1,mFRR,Not Specified,Not Specified,MARGINAL,42.77,38.0
11/10/2024 23:00:00 - 12/10/2024 00:00:00,SCA|NO1,mFRR,Not Specified,Not Specified,MARGINAL,42.11,40.0
12/10/2024 00:00:00 - 12/10/2024 01:00:00,SCA|NO1,mFRR,Not Specified,Not Specified,MARGINAL,37.93,37.93
12/10/2024 01:00:00 - 12/10/2024 02:00:00,SCA|NO1,mFRR,Not Specified,Not Specified,MARGINAL,37.24,37.24
12/10/2024 02:00:00 - 12/10/2024 03:00:00,SCA|NO1,mFRR,Not Specified,Not Specified,MARGINAL,37.15,37.15
12/10/2024 03:00:00 - 12/10/2024 04:00:00,SCA|NO1,mFRR,Not Specified,Not Specified,MARGINAL,37.04,37.04
12/10/2024 04:00:00 - 12/10/2024 05:00:00,SCA|NO1,mFRR,Not Specified,Not Specified,MARGINAL,37.09,37.09
12/10/2024 05:00:00 - 12/10/2024 06:00:00,SCA|NO1,mFRR,Not Specified,Not Specified,MARGINAL,37.49,37.49
12/10/2024 06:00:00 - 12/10/2024 07:00:00,SCA|NO1,mFRR,Not Specified,Not Specified,MARGINAL,37.69,37.69
12/10/2024 07:00:00 - 12/10/2024 08:00:00,SCA|NO1,mFRR,Not Specified,Not Specified,MARGINAL,39.77,39.77
12/10/2024 08:00:00 - 12/10/2024 09:00:00,SCA|NO1,mFRR,Not Specified,Not Specified,MARGINAL,39.95,39.95
12/10/2024 09:00:00 - 12/10/2024 10:00:00,SCA|NO1,mFRR,Not Specified,Not Specified,MARGINAL,39.94,39.94
12/10/2024 10:00:00 - 12/10/2024 11:00:00,SCA|NO1,mFRR,Not Specified,Not Specified,MARGINAL,41.0,37.03
12/10/2024 11:00:00 - 12/10/2024 12:00:00,SCA|NO1,mFRR,Not Specified,Not Specified,MARGINAL,41.0,34.28
12/10/2024 12:00:00 - 12/10/2024 13:00:00,SCA|NO1,mFRR,Not Specified,Not Specified,MARGINAL,40.0,26.68
12/10/2024 13:00:00 - 12/10/2024 14:00:00,SCA|NO1,mFRR,Not Specified,Not Specified,MARGINAL,38.5,18.16
12/10/2024 14:00:00 - 12/10/2024 15:00:00,SCA|NO1,mFRR,Not Specified,Not Specified,MARGINAL,40.0,30.62
12/10/2024 15:00:00 - 12/10/2024 16:00:00,SCA|NO1,mFRR,Not Specified,Not Specified,MARGINAL,42.0,35.31
12/10/2024 16:00:00 - 12/10/2024 17:00:00,SCA|NO1,mFRR,Not Specified,Not Specified,MARGINAL,47.0,37.63
12/10/2024 17:00:00 - 12/10/2024 18:00:00,SCA|NO1,mFRR,Not Specified,Not Specified,MARGINAL,48.0,39.5
12/10/2024 18:00:00 - 12/10/2024 19:00:00,SCA|NO1,mFRR,Not Specified,Not Specified,MARGINAL,45.0,40.71
12/10/2024 19:00:00 - 12/10/2024 20:00:00,SCA|NO1,mFRR,Not Specified,Not Specified,MARGINAL,46.0,40.08
12/10/2024 20:00:00 - 12/10/2024 21:00:00,SCA|NO1,mFRR,Not Specified,Not Specified,MARGINAL,42.0,34.0
12/10/2024 21:00:00 - 12/10/2024 22:00:00,SCA|NO1,mFRR,Not Specified,Not Specified,MARGINAL,38.52,28.0
12/10/2024 22:00:00 - 12/10/2024 23:00:00,SCA|NO1,mFRR,Not Specified,Not Specified,MARGINAL,34.99,28.0
12/10/2024 23:00:00 - 13/10/2024 00:00:00,SCA|NO1,mFRR,Not Specified,Not Specified,MARGINAL,26.18,26.18
13/10/2024 00:00:00 - 13/10/2024 01:00:00,SCA|NO1,mFRR,Not Specified,Not Specified,MARGINAL,0.0,0.0
13/10/2024 01:00:00 - 13/10/2024 02:00:00,SCA|NO1,mFRR,Not Specified,Not Specified,MARGINAL,25.0,-0.01
13/10/2024 02:00:00 - 13/10/2024 03:00:00,SCA|NO1,mFRR,Not Specified,Not Specified,MARGINAL,25.0,-0.07
13/10/2024 03:00:00 - 13/10/2024 04:00:00,SCA|NO1,mFRR,Not Specified,Not Specified,MARGINAL,-0.37,-0.37
13/10/2024 04:00:00 - 13/10/2024 05:00:00,SCA|NO1,mFRR,Not Specified,Not Specified,MARGINAL,-0.51,-0.51
13/10/2024 05:00:00 - 13/10/2024 06:00:00,SCA|NO1,mFRR,Not Specified,Not Specified,MARGINAL,-0.09,-0.09
13/10/2024 06:00:00 - 13/10/2024 07:00:00,SCA|NO1,mFRR,Not Specified,Not Specified,MARGINAL,-0.01,-0.01
13/10/2024 07:00:00 - 13/10/2024 08:00:00,SCA|NO1,mFRR,Not Specified,Not Specified,MARGINAL,30.0,1.77
13/10/2024 08:00:00 - 13/10/2024 09:00:00,SCA|NO1,mFRR,Not Specified,Not Specified,MARGINAL,36.0,18.5
13/10/2024 09:00:00 - 13/10/2024 10:00:00,SCA|NO1,mFRR,Not Specified,Not Specified,MARGINAL,31.5,10.15
13/10/2024 10:00:00 - 13/10/2024 11:00:00,SCA|NO1,mFRR,Not Specified,Not Specified,MARGINAL,5.06,5.06
13/10/2024 11:00:00 - 13/10/2024 12:00:00,SCA|NO1,mFRR,Not Specified,Not Specified,MARGINAL,17.02,6.4
13/10/2024 12:00:00 - 13/10/2024 13:00:00,SCA|NO1,mFRR,Not Specified,Not Specified,MARGINAL,17.02,6.57
13/10/2024 13:00:00 - 13/10/2024 14:00:00,SCA|NO1,mFRR,Not Specified,Not Specified,MARGINAL,17.0,7.31
13/10/2024 14:00:00 - 13/10/2024 15:00:00,SCA|NO1,mFRR,Not Specified,Not Specified,MARGINAL,19.0,8.16
13/10/2024 15:00:00 - 13/10/2024 16:00:00,SCA|NO1,mFRR,Not Specified,Not Specified,MARGINAL,19.0,13.06
13/10/2024 16:00:00 - 13/10/2024 17:00:00,SCA|NO1,mFRR,Not Specified,Not Specified,MARGINAL,25.44,25.44
13/10/2024 17:00:00 - 13/10/2024 18:00:00,SCA|NO1,mFRR,Not Specified,Not Specified,MARGINAL,31.21,31.21
13/10/2024 18:00:00 - 13/10/2024 19:00:00,SCA|NO1,mFRR,Not Specified,Not Specified,MARGINAL,34.97,34.97
13/10/2024 19:00:00 - 13/10/2024 20:00:00,SCA|NO1,mFRR,Not Specified,Not Specified,MARGINAL,47.0,40.2
13/10/2024 20:00:00 - 13/10/2024 21:00:00,SCA|NO1,mFRR,Not Specified,Not Specified,MARGINAL,47.0,39.51
13/10/2024 21:00:00 - 13/10/2024 22:00:00,SCA|NO1,mFRR,Not Specified,Not Specified,MARGINAL,47.0,38.43
13/10/2024 22:00:00 - 13/10/2024 23:00:00,SCA|NO1,mFRR,Not Specified,Not Specified,MARGINAL,38.4,38.4
13/10/2024 23:00:00 - 14/10/2024 00:00:00,SCA|NO1,mFRR,Not Specified,Not Specified,MARGINAL,36.81,36.81
14/10/2024 00:00:00 - 14/10/2024 01:00:00,SCA|NO1,mFRR,Not Specified,Not Specified,,,
14/10/2024 01:00:00 - 14/10/2024 02:00:00,SCA|NO1,mFRR,Not Specified,Not Specified,MARGINAL,35.25,35.0
14/10/2024 02:00:00 - 14/10/2024 03:00:00,SCA|NO1,mFRR,Not Specified,Not Specified,MARGINAL,35.17,33.0
14/10/2024 03:00:00 - 14/10/2024 04:00:00,SCA|NO1,mFRR,Not Specified,Not Specified,MARGINAL,35.46,32.0
14/10/2024 04:00:00 - 14/10/2024 05:00:00,SCA|NO1,mFRR,Not Specified,Not Specified,MARGINAL,38.4,33.0
14/10/2024 05:00:00 - 14/10/2024 06:00:00,SCA|NO1,mFRR,Not Specified,Not Specified,MARGINAL,41.46,32.0
14/10/2024 06:00:00 - 14/10/2024 07:00:00,SCA|NO1,mFRR,Not Specified,Not Specified,MARGINAL,44.22,32.0
14/10/2024 07:00:00 - 14/10/2024 08:00:00,SCA|NO1,mFRR,Not Specified,Not Specified,MARGINAL,49.93,40.0
14/10/2024 08:00:00 - 14/10/2024 09:00:00,SCA|NO1,mFRR,Not Specified,Not Specified,MARGINAL,53.28,53.28
14/10/2024 09:00:00 - 14/10/2024 10:00:00,SCA|NO1,mFRR,Not Specified,Not Specified,MARGINAL,52.49,52.49
14/10/2024 10:00:00 - 14/10/2024 11:00:00,SCA|NO1,mFRR,Not Specified,Not Specified,MARGINAL,49.53,49.53
14/10/2024 11:00:00 - 14/10/2024 12:00:00,SCA|NO1,mFRR,Not Specified,Not Specified,MARGINAL,46.33,40.0
14/10/2024 12:00:00 - 14/10/2024 13:00:00,SCA|NO1,mFRR,Not Specified,Not Specified,MARGINAL,45.35,38.5
14/10/2024 13:00:00 - 14/10/2024 14:00:00,SCA|NO1,mFRR,Not Specified,Not Specified,MARGINAL,44.39,36.0
14/10/2024 14:00:00 - 14/10/2024 15:00:00,SCA|NO1,mFRR,Not Specified,Not Specified,MARGINAL,44.4,36.0
14/10/2024 15:00:00 - 14/10/2024 16:00:00,SCA|NO1,mFRR,Not Specified,Not Specified,MARGINAL,45.03,36.0
14/10/2024 16:00:00 - 14/10/2024 17:00:00,SCA|NO1,mFRR,Not Specified,Not Specified,MARGINAL,46.27,36.0
14/10/2024 17:00:00 - 14/10/2024 18:00:00,SCA|NO1,mFRR,Not Specified,Not Specified,MARGINAL,48.63,39.5
14/10/2024 18:00:00 - 14/10/2024 19:00:00,SCA|NO1,mFRR,Not Specified,Not Specified,MARGINAL,51.34,41.0
14/10/2024 19:00:00 - 14/10/2024 20:00:00,SCA|NO1,mFRR,Not Specified,Not Specified,MARGINAL,53.47,53.47
14/10/2024 20:00:00 - 14/10/2024 21:00:00,SCA|NO1,mFRR,Not Specified,Not Specified,MARGINAL,47.73,47.73
14/10/2024 21:00:00 - 14/10/2024 22:00:00,SCA|NO1,mFRR,Not Specified,Not Specified,MARGINAL,44.96,41.5
14/10/2024 22:00:00 - 14/10/2024 23:00:00,SCA|NO1,mFRR,Not Specified,Not Specified,MARGINAL,44.1,37.0
14/10/2024 23:00:00 - 15/10/2024 00:00:00,SCA|NO1,mFRR,Not Specified,Not Specified,MARGINAL,42.37,35.0
15/10/2024 00:00:00 - 15/10/2024 01:00:00,SCA|NO1,mFRR,Not Specified,Not Specified,MARGINAL,43.67,37.5
15/10/2024 01:00:00 - 15/10/2024 02:00:00,SCA|NO1,mFRR,Not Specified,Not Specified,MARGINAL,43.18,37.5
15/10/2024 02:00:00 - 15/10/2024 03:00:00,SCA|NO1,mFRR,Not Specified,Not Specified,MARGINAL,42.98,37.5
15/10/2024 03:00:00 - 15/10/2024 04:00:00,SCA|NO1,mFRR,Not Specified,Not Specified,MARGINAL,42.98,37.5
15/10/2024 04:00:00 - 15/10/2024 05:00:00,SCA|NO1,mFRR,Not Specified,Not Specified,MARGINAL,43.07,37.5
15/10/2024 05:00:00 - 15/10/2024 06:00:00,SCA|NO1,mFRR,Not Specified,Not Specified,MARGINAL,43.67,37.5
15/10/2024 06:00:00 - 15/10/2024 07:00:00,SCA|NO1,mFRR,Not Specified,Not Specified,MARGINAL,48.5,40.0
15/10/2024 07:00:00 - 15/10/2024 08:00:00,SCA|NO1,mFRR,Not Specified,Not Specified,MARGINAL,131.0,129.35
15/10/2024 08:00:00 - 15/10/2024 09:00:00,SCA|NO1,mFRR,Not Specified,Not Specified,MARGINAL,167.0,165.65
15/10/2024 09:00:00 - 15/10/2024 10:00:00,SCA|NO1,mFRR,Not Specified,Not Specified,MARGINAL,108.0,106.38
15/10/2024 10:00:00 - 15/10/2024 11:00:00,SCA|NO1,mFRR,Not Specified,Not Specified,MARGINAL,60.0,59.51
15/10/2024 11:00:00 - 15/10/2024 12:00:00,SCA|NO1,mFRR,Not Specified,Not Specified,MARGINAL,48.38,48.38
15/10/2024 12:00:00 - 15/10/2024 13:00:00,SCA|NO1,mFRR,Not Specified,Not Specified,MARGINAL,47.61,47.61
15/10/2024 13:00:00 - 15/10/2024 14:00:00,SCA|NO1,mFRR,Not Specified,Not Specified,MARGINAL,46.92,42.0
15/10/2024 14:00:00 - 15/10/2024 15:00:00,SCA|NO1,mFRR,Not Specified,Not Specified,MARGINAL,45.24,42.0
15/10/2024 15:00:00 - 15/10/2024 16:00:00,SCA|NO1,mFRR,Not Specified,Not Specified,MARGINAL,45.17,40.5
15/10/2024 16:00:00 - 15/10/2024 17:00:00,SCA|NO1,mFRR,Not Specified,Not Specified,MARGINAL,45.52,43.0
15/10/2024 17:00:00 - 15/10/2024 18:00:00,SCA|NO1,mFRR,Not Specified,Not Specified,MARGINAL,48.46,48.46
15/10/2024 18:00:00 - 15/10/2024 19:00:00,SCA|NO1,mFRR,Not Specified,Not Specified,MARGINAL,60.62,43.0
15/10/2024 19:00:00 - 15/10/2024 20:00:00,SCA|NO1,mFRR,Not Specified,Not Specified,MARGINAL,61.56,43.0
15/10/2024 20:00:00 - 15/10/2024 21:00:00,SCA|NO1,mFRR,Not Specified,Not Specified,MARGINAL,48.47,43.0
15/10/2024 21:00:00 - 15/10/2024 22:00:00,SCA|NO1,mFRR,Not Specified,Not Specified,MARGINAL,48.51,48.51
15/10/2024 22:00:00 - 15/10/2024 23:00:00,SCA|NO1,mFRR,Not Specified,Not Specified,MARGINAL,45.21,45.21
15/10/2024 23:00:00 - 16/10/2024 00:00:00,SCA|NO1,mFRR,Not Specified,Not Specified,MARGINAL,40.78,40.78
16/10/2024 00:00:00 - 16/10/2024 01:00:00,SCA|NO1,mFRR,Not Specified,Not Specified,MARGINAL,34.56,34.56
16/10/2024 01:00:00 - 16/10/2024 02:00:00,SCA|NO1,mFRR,Not Specified,Not Specified,MARGINAL,13.22,13.22
16/10/2024 02:00:00 - 16/10/2024 03:00:00,SCA|NO1,mFRR,Not Specified,Not Specified,MARGINAL,5.46,5.46
16/10/2024 03:00:00 - 16/10/2024 04:00:00,SCA|NO1,mFRR,Not Specified,Not Specified,MARGINAL,3.72,3.34
16/10/2024 04:00:00 - 16/10/2024 05:00:00,SCA|NO1,mFRR,Not Specified,Not Specified,MARGINAL,3.25,3.25
16/10/2024 05:00:00 - 16/10/2024 06:00:00,SCA|NO1,mFRR,Not Specified,Not Specified,MARGINAL,15.01,15.0
16/10/2024 06:00:00 - 16/10/2024 07:00:00,SCA|NO1,mFRR,Not Specified,Not Specified,MARGINAL,34.72,25.5
16/10/2024 07:00:00 - 16/10/2024 08:00:00,SCA|NO1,mFRR,Not Specified,Not Specified,MARGINAL,44.12,36.86
16/10/2024 08:00:00 - 16/10/2024 09:00:00,SCA|NO1,mFRR,Not Specified,Not Specified,MARGINAL,46.43,27.0
16/10/2024 09:00:00 - 16/10/2024 10:00:00,SCA|NO1,mFRR,Not Specified,Not Specified,MARGINAL,40.2,25.5
16/10/2024 10:00:00 - 16/10/2024 11:00:00,SCA|NO1,mFRR,Not Specified,Not Specified,MARGINAL,34.03,23.0
16/10/2024 11:00:00 - 16/10/2024 12:00:00,SCA|NO1,mFRR,Not Specified,Not Specified,MARGINAL,19.96,1.34
16/10/2024 12:00:00 - 16/10/2024 13:00:00,SCA|NO1,mFRR,Not Specified,Not Specified,MARGINAL,4.23,-3.0
16/10/2024 13:00:00 - 16/10/2024 14:00:00,SCA|NO1,mFRR,Not Specified,Not Specified,MARGINAL,2.95,-3.0
16/10/2024 14:00:00 - 16/10/2024 15:00:00,SCA|NO1,mFRR,Not Specified,Not Specified,MARGINAL,4.13,-3.0
16/10/2024 15:00:00 - 16/10/2024 16:00:00,SCA|NO1,mFRR,Not Specified,Not Specified,MARGINAL,18.81,-0.5
16/10/2024 16:00:00 - 16/10/2024 17:00:00,SCA|NO1,mFRR,Not Specified,Not Specified,MARGINAL,31.95,23.0
16/10/2024 17:00:00 - 16/10/2024 18:00:00,SCA|NO1,mFRR,Not Specified,Not Specified,MARGINAL,35.25,23.0
16/10/2024 18:00:00 - 16/10/2024 19:00:00,SCA|NO1,mFRR,Not Specified,Not Specified,MARGINAL,37.19,19.0
16/10/2024 19:00:00 - 16/10/2024 20:00:00,SCA|NO1,mFRR,Not Specified,Not Specified,MARGINAL,36.52,21.0
16/10/2024 20:00:00 - 16/10/2024 21:00:00,SCA|NO1,mFRR,Not Specified,Not Specified,MARGINAL,35.85,9.0
16/10/2024 21:00:00 - 16/10/2024 22:00:00,SCA|NO1,mFRR,Not Specified,Not Specified,MARGINAL,34.53,10.0
16/10/2024 22:00:00 - 16/10/2024 23:00:00,SCA|NO1,mFRR,Not Specified,Not Specified,MARGINAL,32.44,19.5
16/10/2024 23:00:00 - 17/10/2024 00:00:00,SCA|NO1,mFRR,Not Specified,Not Specified,MARGINAL,27.27,7.5
17/10/2024 00:00:00 - 17/10/2024 01:00:00,SCA|NO1,mFRR,Not Specified,Not Specified,MARGINAL,17.59,4.0
17/10/2024 01:00:00 - 17/10/2024 02:00:00,SCA|NO1,mFRR,Not Specified,Not Specified,MARGINAL,12.51,6.0
17/10/2024 02:00:00 - 17/10/2024 03:00:00,SCA|NO1,mFRR,Not Specified,Not Specified,MARGINAL,10.79,6.0
17/10/2024 03:00:00 - 17/10/2024 04:00:00,SCA|NO1,mFRR,Not Specified,Not Specified,MARGINAL,5.78,5.34
17/10/2024 04:00:00 - 17/10/2024 05:00:00,SCA|NO1,mFRR,Not Specified,Not Specified,MARGINAL,10.31,9.74
17/10/2024 05:00:00 - 17/10/2024 06:00:00,SCA|NO1,mFRR,Not Specified,Not Specified,MARGINAL,28.97,28.97
17/10/2024 06:00:00 - 17/10/2024 07:00:00,SCA|NO1,mFRR,Not Specified,Not Specified,MARGINAL,36.13,22.0
17/10/2024 07:00:00 - 17/10/2024 08:00:00,SCA|NO1,mFRR,Not Specified,Not Specified,MARGINAL,38.87,29.0
17/10/2024 08:00:00 - 17/10/2024 09:00:00,SCA|NO1,mFRR,Not Specified,Not Specified,MARGINAL,39.93,26.0
17/10/2024 09:00:00 - 17/10/2024 10:00:00,SCA|NO1,mFRR,Not Specified,Not Specified,MARGINAL,39.29,22.0
17/10/2024 10:00:00 - 17/10/2024 11:00:00,SCA|NO1,mFRR,Not Specified,Not Specified,MARGINAL,38.46,12.0
17/10/2024 11:00:00 - 17/10/2024 12:00:00,SCA|NO1,mFRR,Not Specified,Not Specified,MARGINAL,38.48,6.0
17/10/2024 12:00:00 - 17/10/2024 13:00:00,SCA|NO1,mFRR,Not Specified,Not Specified,MARGINAL,38.96,10.0
17/10/2024 13:00:00 - 17/10/2024 14:00:00,SCA|NO1,mFRR,Not Specified,Not Specified,MARGINAL,39.7,10.0
17/10/2024 14:00:00 - 17/10/2024 15:00:00,SCA|NO1,mFRR,Not Specified,Not Specified,MARGINAL,40.94,23.0
17/10/2024 15:00:00 - 17/10/2024 16:00:00,SCA|NO1,mFRR,Not Specified,Not Specified,MARGINAL,39.94,30.5
17/10/2024 16:00:00 - 17/10/2024 17:00:00,SCA|NO1,mFRR,Not Specified,Not Specified,MARGINAL,39.69,39.69
17/10/2024 17:00:00 - 17/10/2024 18:00:00,SCA|NO1,mFRR,Not Specified,Not Specified,MARGINAL,39.88,30.0
17/10/2024 18:00:00 - 17/10/2024 19:00:00,SCA|NO1,mFRR,Not Specified,Not Specified,MARGINAL,40.37,30.0
17/10/2024 19:00:00 - 17/10/2024 20:00:00,SCA|NO1,mFRR,Not Specified,Not Specified,MARGINAL,41.46,24.5
17/10/2024 20:00:00 - 17/10/2024 21:00:00,SCA|NO1,mFRR,Not Specified,Not Specified,MARGINAL,41.09,23.0
17/10/2024 21:00:00 - 17/10/2024 22:00:00,SCA|NO1,mFRR,Not Specified,Not Specified,MARGINAL,40.85,23.0
17/10/2024 22:00:00 - 17/10/2024 23:00:00,SCA|NO1,mFRR,Not Specified,Not Specified,MARGINAL,41.19,20.0
17/10/2024 23:00:00 - 18/10/2024 00:00:00,SCA|NO1,mFRR,Not Specified,Not Specified,MARGINAL,39.64,15.0
18/10/2024 00:00:00 - 18/10/2024 01:00:00,SCA|NO1,mFRR,Not Specified,Not Specified,MARGINAL,39.45,30.0
18/10/2024 01:00:00 - 18/10/2024 02:00:00,SCA|NO1,mFRR,Not Specified,Not Specified,MARGINAL,39.35,31.5
18/10/2024 02:00:00 - 18/10/2024 03:00:00,SCA|NO1,mFRR,Not Specified,Not Specified,MARGINAL,39.23,31.0
18/10/2024 03:00:00 - 18/10/2024 04:00:00,SCA|NO1,mFRR,Not Specified,Not Specified,MARGINAL,39.15,31.0
18/10/2024 04:00:00 - 18/10/2024 05:00:00,SCA|NO1,mFRR,Not Specified,Not Specified,MARGINAL,39.2,39.2
18/10/2024 05:00:00 - 18/10/2024 06:00:00,SCA|NO1,mFRR,Not Specified,Not Specified,MARGINAL,39.93,34.0
18/10/2024 06:00:00 - 18/10/2024 07:00:00,SCA|NO1,mFRR,Not Specified,Not Specified,MARGINAL,42.27,35.0
18/10/2024 07:00:00 - 18/10/2024 08:00:00,SCA|NO1,mFRR,Not Specified,Not Specified,MARGINAL,43.25,43.25
18/10/2024 08:00:00 - 18/10/2024 09:00:00,SCA|NO1,mFRR,Not Specified,Not Specified,MARGINAL,43.33,43.33
18/10/2024 09:00:00 - 18/10/2024 10:00:00,SCA|NO1,mFRR,Not Specified,Not Specified,MARGINAL,42.39,42.39
18/10/2024 10:00:00 - 18/10/2024 11:00:00,SCA|NO1,mFRR,Not Specified,Not Specified,MARGINAL,41.82,41.82
18/10/2024 11:00:00 - 18/10/2024 12:00:00,SCA|NO1,mFRR,Not Specified,Not Specified,MARGINAL,42.39,42.39
18/10/2024 12:00:00 - 18/10/2024 13:00:00,SCA|NO1,mFRR,Not Specified,Not Specified,MARGINAL,42.18,42.18
18/10/2024 13:00:00 - 18/10/2024 14:00:00,SCA|NO1,mFRR,Not Specified,Not Specified,MARGINAL,41.84,41.84
18/10/2024 14:00:00 - 18/10/2024 15:00:00,SCA|NO1,mFRR,Not Specified,Not Specified,MARGINAL,41.74,41.74
18/10/2024 15:00:00 - 18/10/2024 16:00:00,SCA|NO1,mFRR,Not Specified,Not Specified,MARGINAL,40.83,40.83
18/10/2024 16:00:00 - 18/10/2024 17:00:00,SCA|NO1,mFRR,Not Specified,Not Specified,MARGINAL,42.01,42.01
18/10/2024 17:00:00 - 18/10/2024 18:00:00,SCA|NO1,mFRR,Not Specified,Not Specified,MARGINAL,44.0,42.83
18/10/2024 18:00:00 - 18/10/2024 19:00:00,SCA|NO1,mFRR,Not Specified,Not Specified,MARGINAL,44.0,43.01
18/10/2024 19:00:00 - 18/10/2024 20:00:00,SCA|NO1,mFRR,Not Specified,Not Specified,MARGINAL,42.66,42.66
18/10/2024 20:00:00 - 18/10/2024 21:00:00,SCA|NO1,mFRR,Not Specified,Not Specified,MARGINAL,42.18,42.18
18/10/2024 21:00:00 - 18/10/2024 22:00:00,SCA|NO1,mFRR,Not Specified,Not Specified,MARGINAL,41.54,31.0
18/10/2024 22:00:00 - 18/10/2024 23:00:00,SCA|NO1,mFRR,Not Specified,Not Specified,MARGINAL,39.73,29.0
18/10/2024 23:00:00 - 19/10/2024 00:00:00,SCA|NO1,mFRR,Not Specified,Not Specified,MARGINAL,38.4,28.0
19/10/2024 00:00:00 - 19/10/2024 01:00:00,SCA|NO1,mFRR,Not Specified,Not Specified,MARGINAL,39.45,33.0
19/10/2024 01:00:00 - 19/10/2024 02:00:00,SCA|NO1,mFRR,Not Specified,Not Specified,MARGINAL,39.24,33.0
19/10/2024 02:00:00 - 19/10/2024 03:00:00,SCA|NO1,mFRR,Not Specified,Not Specified,MARGINAL,39.04,33.0
19/10/2024 03:00:00 - 19/10/2024 04:00:00,SCA|NO1,mFRR,Not Specified,Not Specified,MARGINAL,38.93,33.0
19/10/2024 04:00:00 - 19/10/2024 05:00:00,SCA|NO1,mFRR,Not Specified,Not Specified,MARGINAL,38.53,38.53
19/10/2024 05:00:00 - 19/10/2024 06:00:00,SCA|NO1,mFRR,Not Specified,Not Specified,MARGINAL,38.84,38.84
19/10/2024 06:00:00 - 19/10/2024 07:00:00,SCA|NO1,mFRR,Not Specified,Not Specified,MARGINAL,38.83,38.83
19/10/2024 07:00:00 - 19/10/2024 08:00:00,SCA|NO1,mFRR,Not Specified,Not Specified,MARGINAL,39.18,39.18
19/10/2024 08:00:00 - 19/10/2024 09:00:00,SCA|NO1,mFRR,Not Specified,Not Specified,MARGINAL,39.92,39.92
19/10/2024 09:00:00 - 19/10/2024 10:00:00,SCA|NO1,mFRR,Not Specified,Not Specified,MARGINAL,40.43,40.43
19/10/2024 10:00:00 - 19/10/2024 11:00:00,SCA|NO1,mFRR,Not Specified,Not Specified,MARGINAL,40.93,40.93
19/10/2024 11:00:00 - 19/10/2024 12:00:00,SCA|NO1,mFRR,Not Specified,Not Specified,MARGINAL,40.86,40.86
19/10/2024 12:00:00 - 19/10/2024 13:00:00,SCA|NO1,mFRR,Not Specified,Not Specified,MARGINAL,40.94,33.0
19/10/2024 13:00:00 - 19/10/2024 14:00:00,SCA|NO1,mFRR,Not Specified,Not Specified,MARGINAL,40.92,33.0
19/10/2024 14:00:00 - 19/10/2024 15:00:00,SCA|NO1,mFRR,Not Specified,Not Specified,MARGINAL,40.9,33.0
19/10/2024 15:00:00 - 19/10/2024 16:00:00,SCA|NO1,mFRR,Not Specified,Not Specified,MARGINAL,40.77,33.0
19/10/2024 16:00:00 - 19/10/2024 17:00:00,SCA|NO1,mFRR,Not Specified,Not Specified,MARGINAL,41.4,41.4
19/10/2024 17:00:00 - 19/10/2024 18:00:00,SCA|NO1,mFRR,Not Specified,Not Specified,MARGINAL,43.24,43.24
19/10/2024 18:00:00 - 19/10/2024 19:00:00,SCA|NO1,mFRR,Not Specified,Not Specified,MARGINAL,43.81,43.81
19/10/2024 19:00:00 - 19/10/2024 20:00:00,SCA|NO1,mFRR,Not Specified,Not Specified,MARGINAL,44.11,35.0
19/10/2024 20:00:00 - 19/10/2024 21:00:00,SCA|NO1,mFRR,Not Specified,Not Specified,MARGINAL,43.35,35.0
19/10/2024 21:00:00 - 19/10/2024 22:00:00,SCA|NO1,mFRR,Not Specified,Not Specified,MARGINAL,41.95,33.0
19/10/2024 22:00:00 - 19/10/2024 23:00:00,SCA|NO1,mFRR,Not Specified,Not Specified,MARGINAL,41.27,33.0
19/10/2024 23:00:00 - 20/10/2024 00:00:00,SCA|NO1,mFRR,Not Specified,Not Specified,MARGINAL,40.24,33.0
20/10/2024 00:00:00 - 20/10/2024 01:00:00,SCA|NO1,mFRR,Not Specified,Not Specified,MARGINAL,35.14,35.14
20/10/2024 01:00:00 - 20/10/2024 02:00:00,SCA|NO1,mFRR,Not Specified,Not Specified,MARGINAL,34.8,34.8
20/10/2024 02:00:00 - 20/10/2024 03:00:00,SCA|NO1,mFRR,Not Specified,Not Specified,MARGINAL,34.59,34.59
20/10/2024 03:00:00 - 20/10/2024 04:00:00,SCA|NO1,mFRR,Not Specified,Not Specified,MARGINAL,33.78,30.5
20/10/2024 04:00:00 - 20/10/2024 05:00:00,SCA|NO1,mFRR,Not Specified,Not Specified,MARGINAL,33.56,29.0
20/10/2024 05:00:00 - 20/10/2024 06:00:00,SCA|NO1,mFRR,Not Specified,Not Specified,MARGINAL,32.43,29.0
20/10/2024 06:00:00 - 20/10/2024 07:00:00,SCA|NO1,mFRR,Not Specified,Not Specified,MARGINAL,32.23,32.23
20/10/2024 07:00:00 - 20/10/2024 08:00:00,SCA|NO1,mFRR,Not Specified,Not Specified,MARGINAL,35.48,35.48
20/10/2024 08:00:00 - 20/10/2024 09:00:00,SCA|NO1,mFRR,Not Specified,Not Specified,MARGINAL,35.95,31.0
20/10/2024 09:00:00 - 20/10/2024 10:00:00,SCA|NO1,mFRR,Not Specified,Not Specified,MARGINAL,33.1,26.82
20/10/2024 10:00:00 - 20/10/2024 11:00:00,SCA|NO1,mFRR,Not Specified,Not Specified,MARGINAL,24.62,22.0
20/10/2024 11:00:00 - 20/10/2024 12:00:00,SCA|NO1,mFRR,Not Specified,Not Specified,MARGINAL,0.08,0.08
20/10/2024 12:00:00 - 20/10/2024 13:00:00,SCA|NO1,mFRR,Not Specified,Not Specified,MARGINAL,0.0,0.0
20/10/2024 13:00:00 - 20/10/2024 14:00:00,SCA|NO1,mFRR,Not Specified,Not Specified,MARGINAL,-0.98,-0.98
20/10/2024 14:00:00 - 20/10/2024 15:00:00,SCA|NO1,mFRR,Not Specified,Not Specified,MARGINAL,9.0,-2.01
20/10/2024 15:00:00 - 20/10/2024 16:00:00,SCA|NO1,mFRR,Not Specified,Not Specified,MARGINAL,9.0,-3.0
20/10/2024 16:00:00 - 20/10/2024 17:00:00,SCA|NO1,mFRR,Not Specified,Not Specified,MARGINAL,26.56,26.56
20/10/2024 17:00:00 - 20/10/2024 18:00:00,SCA|NO1,mFRR,Not Specified,Not Specified,MARGINAL,33.99,33.99
20/10/2024 18:00:00 - 20/10/2024 19:00:00,SCA|NO1,mFRR,Not Specified,Not Specified,MARGINAL,38.19,38.19
20/10/2024 19:00:00 - 20/10/2024 20:00:00,SCA|NO1,mFRR,Not Specified,Not Specified,MARGINAL,36.06,18.88
20/10/2024 20:00:00 - 20/10/2024 21:00:00,SCA|NO1,mFRR,Not Specified,Not Specified,MARGINAL,33.28,-0.49
20/10/2024 21:00:00 - 20/10/2024 22:00:00,SCA|NO1,mFRR,Not Specified,Not Specified,MARGINAL,21.58,-2.0
20/10/2024 22:00:00 - 20/10/2024 23:00:00,SCA|NO1,mFRR,Not Specified,Not Specified,MARGINAL,12.26,-1.02
20/10/2024 23:00:00 - 21/10/2024 00:00:00,SCA|NO1,mFRR,Not Specified,Not Specified,MARGINAL,1.95,-2.5
21/10/2024 00:00:00 - 21/10/2024 01:00:00,SCA|NO1,mFRR,Not Specified,Not Specified,MARGINAL,-0.09,-2.5
21/10/2024 01:00:00 - 21/10/2024 02:00:00,SCA|NO1,mFRR,Not Specified,Not Specified,MARGINAL,-0.1,-2.0
21/10/2024 02:00:00 - 21/10/2024 03:00:00,SCA|NO1,mFRR,Not Specified,Not Specified,MARGINAL,-0.14,-3.8
21/10/2024 03:00:00 - 21/10/2024 04:00:00,SCA|NO1,mFRR,Not Specified,Not Specified,MARGINAL,-0.08,-6.0
21/10/2024 04:00:00 - 21/10/2024 05:00:00,SCA|NO1,mFRR,Not Specified,Not Specified,MARGINAL,-0.04,-5.62
21/10/2024 05:00:00 - 21/10/2024 06:00:00,SCA|NO1,mFRR,Not Specified,Not Specified,MARGINAL,3.34,-7.91
21/10/2024 06:00:00 - 21/10/2024 07:00:00,SCA|NO1,mFRR,Not Specified,Not Specified,MARGINAL,25.96,-5.0
21/10/2024 07:00:00 - 21/10/2024 08:00:00,SCA|NO1,mFRR,Not Specified,Not Specified,MARGINAL,27.47,15.0
21/10/2024 08:00:00 - 21/10/2024 09:00:00,SCA|NO1,mFRR,Not Specified,Not Specified,MARGINAL,30.89,30.89
21/10/2024 09:00:00 - 21/10/2024 10:00:00,SCA|NO1,mFRR,Not Specified,Not Specified,MARGINAL,31.27,15.0
21/10/2024 10:00:00 - 21/10/2024 11:00:00,SCA|NO1,mFRR,Not Specified,Not Specified,MARGINAL,29.74,15.0
21/10/2024 11:00:00 - 21/10/2024 12:00:00,SCA|NO1,mFRR,Not Specified,Not Specified,MARGINAL,28.82,15.0
21/10/2024 12:00:00 - 21/10/2024 13:00:00,SCA|NO1,mFRR,Not Specified,Not Specified,MARGINAL,29.9,21.0
21/10/2024 13:00:00 - 21/10/2024 14:00:00,SCA|NO1,mFRR,Not Specified,Not Specified,MARGINAL,30.89,21.0
21/10/2024 14:00:00 - 21/10/2024 15:00:00,SCA|NO1,mFRR,Not Specified,Not Specified,MARGINAL,33.97,25.0
21/10/2024 15:00:00 - 21/10/2024 16:00:00,SCA|NO1,mFRR,Not Specified,Not Specified,MARGINAL,35.62,25.0
21/10/2024 16:00:00 - 21/10/2024 17:00:00,SCA|NO1,mFRR,Not Specified,Not Specified,MARGINAL,35.7,25.0
21/10/2024 17:00:00 - 21/10/2024 18:00:00,SCA|NO1,mFRR,Not Specified,Not Specified,MARGINAL,36.32,29.0
21/10/2024 18:00:00 - 21/10/2024 19:00:00,SCA|NO1,mFRR,Not Specified,Not Specified,MARGINAL,36.4,36.4
21/10/2024 19:00:00 - 21/10/2024 20:00:00,SCA|NO1,mFRR,Not Specified,Not Specified,MARGINAL,35.78,35.78
21/10/2024 20:00:00 - 21/10/2024 21:00:00,SCA|NO1,mFRR,Not Specified,Not Specified,MARGINAL,36.0,36.0
21/10/2024 21:00:00 - 21/10/2024 22:00:00,SCA|NO1,mFRR,Not Specified,Not Specified,MARGINAL,35.6,35.6
21/10/2024 22:00:00 - 21/10/2024 23:00:00,SCA|NO1,mFRR,Not Specified,Not Specified,MARGINAL,34.55,34.55
21/10/2024 23:00:00 - 22/10/2024 00:00:00,SCA|NO1,mFRR,Not Specified,Not Specified,MARGINAL,34.15,26.0
22/10/2024 00:00:00 - 22/10/2024 01:00:00,SCA|NO1,mFRR,Not Specified,Not Specified,MARGINAL,31.13,21.5
22/10/2024 01:00:00 - 22/10/2024 02:00:00,SCA|NO1,mFRR,Not Specified,Not Specified,MARGINAL,30.7,21.5
22/10/2024 02:00:00 - 22/10/2024 03:00:00,SCA|NO1,mFRR,Not Specified,Not Specified,MARGINAL,30.9,30.9
22/10/2024 03:00:00 - 22/10/2024 04:00:00,SCA|NO1,mFRR,Not Specified,Not Specified,MARGINAL,30.89,30.89
22/10/2024 04:00:00 - 22/10/2024 05:00:00,SCA|NO1,mFRR,Not Specified,Not Specified,MARGINAL,30.78,30.78
22/10/2024 05:00:00 - 22/10/2024 06:00:00,SCA|NO1,mFRR,Not Specified,Not Specified,MARGINAL,31.23,31.23
22/10/2024 06:00:00 - 22/10/2024 07:00:00,SCA|NO1,mFRR,Not Specified,Not Specified,MARGINAL,43.5,32.86
22/10/2024 07:00:00 - 22/10/2024 08:00:00,SCA|NO1,mFRR,Not Specified,Not Specified,MARGINAL,43.5,34.86
22/10/2024 08:00:00 - 22/10/2024 09:00:00,SCA|NO1,mFRR,Not Specified,Not Specified,MARGINAL,43.5,35.5
22/10/2024 09:00:00 - 22/10/2024 10:00:00,SCA|NO1,mFRR,Not Specified,Not Specified,MARGINAL,37.0,35.51
22/10/2024 10:00:00 - 22/10/2024 11:00:00,SCA|NO1,mFRR,Not Specified,Not Specified,MARGINAL,40.0,35.53
22/10/2024 11:00:00 - 22/10/2024 12:00:00,SCA|NO1,mFRR,Not Specified,Not Specified,MARGINAL,40.0,35.2
22/10/2024 12:00:00 - 22/10/2024 13:00:00,SCA|NO1,mFRR,Not Specified,Not Specified,MARGINAL,33.08,33.08
22/10/2024 13:00:00 - 22/10/2024 14:00:00,SCA|NO1,mFRR,Not Specified,Not Specified,MARGINAL,31.18,2.33
22/10/2024 14:00:00 - 22/10/2024 15:00:00,SCA|NO1,mFRR,Not Specified,Not Specified,MARGINAL,29.88,0.08
22/10/2024 15:00:00 - 22/10/2024 16:00:00,SCA|NO1,mFRR,Not Specified,Not Specified,MARGINAL,30.81,0.67
22/10/2024 16:00:00 - 22/10/2024 17:00:00,SCA|NO1,mFRR,Not Specified,Not Specified,MARGINAL,32.85,27.0
22/10/2024 17:00:00 - 22/10/2024 18:00:00,SCA|NO1,mFRR,Not Specified,Not Specified,MARGINAL,40.0,35.49
22/10/2024 18:00:00 - 22/10/2024 19:00:00,SCA|NO1,mFRR,Not Specified,Not Specified,MARGINAL,40.0,35.5
22/10/2024 19:00:00 - 22/10/2024 20:00:00,SCA|NO1,mFRR,Not Specified,Not Specified,MARGINAL,35.54,19.0
22/10/2024 20:00:00 - 22/10/2024 21:00:00,SCA|NO1,mFRR,Not Specified,Not Specified,MARGINAL,35.51,19.0
22/10/2024 21:00:00 - 22/10/2024 22:00:00,SCA|NO1,mFRR,Not Specified,Not Specified,MARGINAL,35.23,20.0
22/10/2024 22:00:00 - 22/10/2024 23:00:00,SCA|NO1,mFRR,Not Specified,Not Specified,MARGINAL,34.29,34.29
22/10/2024 23:00:00 - 23/10/2024 00:00:00,SCA|NO1,mFRR,Not Specified,Not Specified,MARGINAL,32.28,23.5
23/10/2024 00:00:00 - 23/10/2024 01:00:00,SCA|NO1,mFRR,Not Specified,Not Specified,MARGINAL,30.06,1.0
23/10/2024 01:00:00 - 23/10/2024 02:00:00,SCA|NO1,mFRR,Not Specified,Not Specified,MARGINAL,26.29,1.0
23/10/2024 02:00:00 - 23/10/2024 03:00:00,SCA|NO1,mFRR,Not Specified,Not Specified,MARGINAL,24.08,20.0
23/10/2024 03:00:00 - 23/10/2024 04:00:00,SCA|NO1,mFRR,Not Specified,Not Specified,MARGINAL,23.83,1.0
23/10/2024 04:00:00 - 23/10/2024 05:00:00,SCA|NO1,mFRR,Not Specified,Not Specified,MARGINAL,24.02,-3.0
23/10/2024 05:00:00 - 23/10/2024 06:00:00,SCA|NO1,mFRR,Not Specified,Not Specified,MARGINAL,26.85,-3.0
23/10/2024 06:00:00 - 23/10/2024 07:00:00,SCA|NO1,mFRR,Not Specified,Not Specified,MARGINAL,31.03,31.03
23/10/2024 07:00:00 - 23/10/2024 08:00:00,SCA|NO1,mFRR,Not Specified,Not Specified,MARGINAL,34.0,32.18
23/10/2024 08:00:00 - 23/10/2024 09:00:00,SCA|NO1,mFRR,Not Specified,Not Specified,MARGINAL,34.0,32.5
23/10/2024 09:00:00 - 23/10/2024 10:00:00,SCA|NO1,mFRR,Not Specified,Not Specified,MARGINAL,32.28,32.28
23/10/2024 10:00:00 - 23/10/2024 11:00:00,SCA|NO1,mFRR,Not Specified,Not Specified,MARGINAL,32.24,32.24
23/10/2024 11:00:00 - 23/10/2024 12:00:00,SCA|NO1,mFRR,Not Specified,Not Specified,MARGINAL,32.23,32.23
23/10/2024 12:00:00 - 23/10/2024 13:00:00,SCA|NO1,mFRR,Not Specified,Not Specified,MARGINAL,31.63,31.63
23/10/2024 13:00:00 - 23/10/2024 14:00:00,SCA|NO1,mFRR,Not Specified,Not Specified,MARGINAL,31.41,31.41
23/10/2024 14:00:00 - 23/10/2024 15:00:00,SCA|NO1,mFRR,Not Specified,Not Specified,MARGINAL,31.51,31.51
23/10/2024 15:00:00 - 23/10/2024 16:00:00,SCA|NO1,mFRR,Not Specified,Not Specified,MARGINAL,31.04,31.04
23/10/2024 16:00:00 - 23/10/2024 17:00:00,SCA|NO1,mFRR,Not Specified,Not Specified,MARGINAL,31.49,31.49
23/10/2024 17:00:00 - 23/10/2024 18:00:00,SCA|NO1,mFRR,Not Specified,Not Specified,MARGINAL,31.64,31.64
23/10/2024 18:00:00 - 23/10/2024 19:00:00,SCA|NO1,mFRR,Not Specified,Not Specified,MARGINAL,31.9,31.9
23/10/2024 19:00:00 - 23/10/2024 20:00:00,SCA|NO1,mFRR,Not Specified,Not Specified,MARGINAL,31.79,31.79
23/10/2024 20:00:00 - 23/10/2024 21:00:00,SCA|NO1,mFRR,Not Specified,Not Specified,MARGINAL,31.75,-0.5
23/10/2024 21:00:00 - 23/10/2024 22:00:00,SCA|NO1,mFRR,Not Specified,Not Specified,MARGINAL,31.74,-2.19
23/10/2024 22:00:00 - 23/10/2024 23:00:00,SCA|NO1,mFRR,Not Specified,Not Specified,MARGINAL,30.99,-2.19
23/10/2024 23:00:00 - 24/10/2024 00:00:00,SCA|NO1,mFRR,Not Specified,Not Specified,MARGINAL,30.59,-2.19
24/10/2024 00:00:00 - 24/10/2024 01:00:00,SCA|NO1,mFRR,Not Specified,Not Specified,MARGINAL,23.69,-1.1
24/10/2024 01:00:00 - 24/10/2024 02:00:00,SCA|NO1,mFRR,Not Specified,Not Specified,MARGINAL,22.46,22.46
24/10/2024 02:00:00 - 24/10/2024 03:00:00,SCA|NO1,mFRR,Not Specified,Not Specified,MARGINAL,19.24,19.24
24/10/2024 03:00:00 - 24/10/2024 04:00:00,SCA|NO1,mFRR,Not Specified,Not Specified,MARGINAL,19.24,19.24
24/10/2024 04:00:00 - 24/10/2024 05:00:00,SCA|NO1,mFRR,Not Specified,Not Specified,,,
24/10/2024 05:00:00 - 24/10/2024 06:00:00,SCA|NO1,mFRR,Not Specified,Not Specified,MARGINAL,19.24,-2.0
24/10/2024 06:00:00 - 24/10/2024 07:00:00,SCA|NO1,mFRR,Not Specified,Not Specified,MARGINAL,17.24,-2.0
24/10/2024 07:00:00 - 24/10/2024 08:00:00,SCA|NO1,mFRR,Not Specified,Not Specified,MARGINAL,27.59,3.0
24/10/2024 08:00:00 - 24/10/2024 09:00:00,SCA|NO1,mFRR,Not Specified,Not Specified,MARGINAL,31.86,22.0
24/10/2024 09:00:00 - 24/10/2024 10:00:00,SCA|NO1,mFRR,Not Specified,Not Specified,MARGINAL,36.97,25.0
24/10/2024 10:00:00 - 24/10/2024 11:00:00,SCA|NO1,mFRR,Not Specified,Not Specified,MARGINAL,32.96,32.96
24/10/2024 11:00:00 - 24/10/2024 12:00:00,SCA|NO1,mFRR,Not Specified,Not Specified,MARGINAL,31.14,31.14
24/10/2024 12:00:00 - 24/10/2024 13:00:00,SCA|NO1,mFRR,Not Specified,Not Specified,MARGINAL,29.92,20.0
24/10/2024 13:00:00 - 24/10/2024 14:00:00,SCA|NO1,mFRR,Not Specified,Not Specified,MARGINAL,29.55,18.0
24/10/2024 14:00:00 - 24/10/2024 15:00:00,SCA|NO1,mFRR,Not Specified,Not Specified,MARGINAL,29.71,20.0
24/10/2024 15:00:00 - 24/10/2024 16:00:00,SCA|NO1,mFRR,Not Specified,Not Specified,MARGINAL,29.76,25.0
24/10/2024 16:00:00 - 24/10/2024 17:00:00,SCA|NO1,mFRR,Not Specified,Not Specified,MARGINAL,29.98,29.98
24/10/2024 17:00:00 - 24/10/2024 18:00:00,SCA|NO1,mFRR,Not Specified,Not Specified,MARGINAL,32.86,22.0
24/10/2024 18:00:00 - 24/10/2024 19:00:00,SCA|NO1,mFRR,Not Specified,Not Specified,MARGINAL,35.15,20.0
24/10/2024 19:00:00 - 24/10/2024 20:00:00,SCA|NO1,mFRR,Not Specified,Not Specified,MARGINAL,34.92,19.0
24/10/2024 20:00:00 - 24/10/2024 21:00:00,SCA|NO1,mFRR,Not Specified,Not Specified,MARGINAL,29.93,17.33
24/10/2024 21:00:00 - 24/10/2024 22:00:00,SCA|NO1,mFRR,Not Specified,Not Specified,MARGINAL,27.68,19.0
24/10/2024 22:00:00 - 24/10/2024 23:00:00,SCA|NO1,mFRR,Not Specified,Not Specified,MARGINAL,24.95,18.0
24/10/2024 23:00:00 - 25/10/2024 00:00:00,SCA|NO1,mFRR,Not Specified,Not Specified,MARGINAL,13.27,13.27
25/10/2024 00:00:00 - 25/10/2024 01:00:00,SCA|NO1,mFRR,Not Specified,Not Specified,MARGINAL,10.0,5.77
25/10/2024 01:00:00 - 25/10/2024 02:00:00,SCA|NO1,mFRR,Not Specified,Not Specified,MARGINAL,27.5,5.02
25/10/2024 02:00:00 - 25/10/2024 03:00:00,SCA|NO1,mFRR,Not Specified,Not Specified,MARGINAL,23.0,4.02
25/10/2024 03:00:00 - 25/10/2024 04:00:00,SCA|NO1,mFRR,Not Specified,Not Specified,MARGINAL,15.0,3.25
25/10/2024 04:00:00 - 25/10/2024 05:00:00,SCA|NO1,mFRR,Not Specified,Not Specified,MARGINAL,23.0,4.02
25/10/2024 05:00:00 - 25/10/2024 06:00:00,SCA|NO1,mFRR,Not Specified,Not Specified,MARGINAL,5.06,5.06
25/10/2024 06:00:00 - 25/10/2024 07:00:00,SCA|NO1,mFRR,Not Specified,Not Specified,MARGINAL,32.0,22.06
25/10/2024 07:00:00 - 25/10/2024 08:00:00,SCA|NO1,mFRR,Not Specified,Not Specified,MARGINAL,32.12,31.32
25/10/2024 08:00:00 - 25/10/2024 09:00:00,SCA|NO1,mFRR,Not Specified,Not Specified,MARGINAL,42.0,40.17
25/10/2024 09:00:00 - 25/10/2024 10:00:00,SCA|NO1,mFRR,Not Specified,Not Specified,MARGINAL,46.0,34.51
25/10/2024 10:00:00 - 25/10/2024 11:00:00,SCA|NO1,mFRR,Not Specified,Not Specified,MARGINAL,46.0,31.67
25/10/2024 11:00:00 - 25/10/2024 12:00:00,SCA|NO1,mFRR,Not Specified,Not Specified,MARGINAL,28.98,28.98
25/10/2024 12:00:00 - 25/10/2024 13:00:00,SCA|NO1,mFRR,Not Specified,Not Specified,MARGINAL,27.51,27.51
25/10/2024 13:00:00 - 25/10/2024 14:00:00,SCA|NO1,mFRR,Not Specified,Not Specified,MARGINAL,25.31,25.31
25/10/2024 14:00:00 - 25/10/2024 15:00:00,SCA|NO1,mFRR,Not Specified,Not Specified,MARGINAL,23.96,23.96
25/10/2024 15:00:00 - 25/10/2024 16:00:00,SCA|NO1,mFRR,Not Specified,Not Specified,MARGINAL,22.9,22.9
25/10/2024 16:00:00 - 25/10/2024 17:00:00,SCA|NO1,mFRR,Not Specified,Not Specified,MARGINAL,25.91,25.91
25/10/2024 17:00:00 - 25/10/2024 18:00:00,SCA|NO1,mFRR,Not Specified,Not Specified,MARGINAL,27.49,27.49
25/10/2024 18:00:00 - 25/10/2024 19:00:00,SCA|NO1,mFRR,Not Specified,Not Specified,MARGINAL,30.2,30.2
25/10/2024 19:00:00 - 25/10/2024 20:00:00,SCA|NO1,mFRR,Not Specified,Not Specified,MARGINAL,25.7,15.0
25/10/2024 20:00:00 - 25/10/2024 21:00:00,SCA|NO1,mFRR,Not Specified,Not Specified,MARGINAL,22.71,15.0
25/10/2024 21:00:00 - 25/10/2024 22:00:00,SCA|NO1,mFRR,Not Specified,Not Specified,MARGINAL,22.06,15.0
25/10/2024 22:00:00 - 25/10/2024 23:00:00,SCA|NO1,mFRR,Not Specified,Not Specified,MARGINAL,21.11,15.0
25/10/2024 23:00:00 - 26/10/2024 00:00:00,SCA|NO1,mFRR,Not Specified,Not Specified,MARGINAL,20.65,15.0
26/10/2024 00:00:00 - 26/10/2024 01:00:00,SCA|NO1,mFRR,Not Specified,Not Specified,MARGINAL,12.91,12.91
26/10/2024 01:00:00 - 26/10/2024 02:00:00,SCA|NO1,mFRR,Not Specified,Not Specified,MARGINAL,9.98,9.98
26/10/2024 02:00:00 - 26/10/2024 03:00:00,SCA|NO1,mFRR,Not Specified,Not Specified,MARGINAL,7.66,7.66
26/10/2024 03:00:00 - 26/10/2024 04:00:00,SCA|NO1,mFRR,Not Specified,Not Specified,MARGINAL,7.48,7.48
26/10/2024 04:00:00 - 26/10/2024 05:00:00,SCA|NO1,mFRR,Not Specified,Not Specified,MARGINAL,5.68,5.68
26/10/2024 05:00:00 - 26/10/2024 06:00:00,SCA|NO1,mFRR,Not Specified,Not Specified,MARGINAL,9.69,9.69
26/10/2024 06:00:00 - 26/10/2024 07:00:00,SCA|NO1,mFRR,Not Specified,Not Specified,MARGINAL,14.17,14.17
26/10/2024 07:00:00 - 26/10/2024 08:00:00,SCA|NO1,mFRR,Not Specified,Not Specified,MARGINAL,19.37,19.37
26/10/2024 08:00:00 - 26/10/2024 09:00:00,SCA|NO1,mFRR,Not Specified,Not Specified,MARGINAL,24.62,24.62
26/10/2024 09:00:00 - 26/10/2024 10:00:00,SCA|NO1,mFRR,Not Specified,Not Specified,MARGINAL,27.99,27.99
26/10/2024 10:00:00 - 26/10/2024 11:00:00,SCA|NO1,mFRR,Not Specified,Not Specified,MARGINAL,28.33,28.33
26/10/2024 11:00:00 - 26/10/2024 12:00:00,SCA|NO1,mFRR,Not Specified,Not Specified,MARGINAL,28.34,28.34
26/10/2024 12:00:00 - 26/10/2024 13:00:00,SCA|NO1,mFRR,Not Specified,Not Specified,MARGINAL,28.54,20.0
26/10/2024 13:00:00 - 26/10/2024 14:00:00,SCA|NO1,mFRR,Not Specified,Not Specified,MARGINAL,28.21,8.0
26/10/2024 14:00:00 - 26/10/2024 15:00:00,SCA|NO1,mFRR,Not Specified,Not Specified,MARGINAL,28.27,8.0
26/10/2024 15:00:00 - 26/10/2024 16:00:00,SCA|NO1,mFRR,Not Specified,Not Specified,MARGINAL,28.35,8.0
26/10/2024 16:00:00 - 26/10/2024 17:00:00,SCA|NO1,mFRR,Not Specified,Not Specified,MARGINAL,26.89,8.0
26/10/2024 17:00:00 - 26/10/2024 18:00:00,SCA|NO1,mFRR,Not Specified,Not Specified,MARGINAL,28.05,8.0
26/10/2024 18:00:00 - 26/10/2024 19:00:00,SCA|NO1,mFRR,Not Specified,Not Specified,MARGINAL,28.68,8.0
26/10/2024 19:00:00 - 26/10/2024 20:00:00,SCA|NO1,mFRR,Not Specified,Not Specified,MARGINAL,28.23,6.0
26/10/2024 20:00:00 - 26/10/2024 21:00:00,SCA|NO1,mFRR,Not Specified,Not Specified,MARGINAL,23.81,3.0
26/10/2024 21:00:00 - 26/10/2024 22:00:00,SCA|NO1,mFRR,Not Specified,Not Specified,MARGINAL,19.46,3.0
26/10/2024 22:00:00 - 26/10/2024 23:00:00,SCA|NO1,mFRR,Not Specified,Not Specified,MARGINAL,12.08,3.0
26/10/2024 23:00:00 - 27/10/2024 00:00:00,SCA|NO1,mFRR,Not Specified,Not Specified,MARGINAL,4.68,4.68
27/10/2024 00:00:00 - 27/10/2024 01:00:00,SCA|NO1,mFRR,Not Specified,Not Specified,MARGINAL,7.0,4.21
27/10/2024 01:00:00 - 27/10/2024 02:00:00,SCA|NO1,mFRR,Not Specified,Not Specified,MARGINAL,7.0,4.05
27/10/2024 02:00:00 - 27/10/2024 02:00:00,SCA|NO1,mFRR,Not Specified,Not Specified,MARGINAL,7.0,1.19
27/10/2024 02:00:00 - 27/10/2024 03:00:00,SCA|NO1,mFRR,Not Specified,Not Specified,MARGINAL,7.0,1.01
27/10/2024 03:00:00 - 27/10/2024 04:00:00,SCA|NO1,mFRR,Not Specified,Not Specified,MARGINAL,1.0,1.0
27/10/2024 04:00:00 - 27/10/2024 05:00:00,SCA|NO1,mFRR,Not Specified,Not Specified,MARGINAL,1.0,1.0
27/10/2024 05:00:00 - 27/10/2024 06:00:00,SCA|NO1,mFRR,Not Specified,Not Specified,MARGINAL,1.0,1.0
27/10/2024 06:00:00 - 27/10/2024 07:00:00,SCA|NO1,mFRR,Not Specified,Not Specified,MARGINAL,1.0,1.0
27/10/2024 07:00:00 - 27/10/2024 08:00:00,SCA|NO1,mFRR,Not Specified,Not Specified,MARGINAL,3.75,3.75
27/10/2024 08:00:00 - 27/10/2024 09:00:00,SCA|NO1,mFRR,Not Specified,Not Specified,MARGINAL,4.45,4.45
27/10/2024 09:00:00 - 27/10/2024 10:00:00,SCA|NO1,mFRR,Not Specified,Not Specified,MARGINAL,4.92,4.92
27/10/2024 10:00:00 - 27/10/2024 11:00:00,SCA|NO1,mFRR,Not Specified,Not Specified,MARGINAL,5.0,5.0
27/10/2024 11:00:00 - 27/10/2024 12:00:00,SCA|NO1,mFRR,Not Specified,Not Specified,MARGINAL,4.94,4.94
27/10/2024 12:00:00 - 27/10/2024 13:00:00,SCA|NO1,mFRR,Not Specified,Not Specified,MARGINAL,4.38,4.38
27/10/2024 13:00:00 - 27/10/2024 14:00:00,SCA|NO1,mFRR,Not Specified,Not Specified,MARGINAL,4.47,4.47
27/10/2024 14:00:00 - 27/10/2024 15:00:00,SCA|NO1,mFRR,Not Specified,Not Specified,MARGINAL,4.58,4.58
27/10/2024 15:00:00 - 27/10/2024 16:00:00,SCA|NO1,mFRR,Not Specified,Not Specified,MARGINAL,4.51,4.51
27/10/2024 16:00:00 - 27/10/2024 17:00:00,SCA|NO1,mFRR,Not Specified,Not Specified,MARGINAL,4.8,4.8
27/10/2024 17:00:00 - 27/10/2024 18:00:00,SCA|NO1,mFRR,Not Specified,Not Specified,MARGINAL,7.0,5.97
27/10/2024 18:00:00 - 27/10/2024 19:00:00,SCA|NO1,mFRR,Not Specified,Not Specified,MARGINAL,10.96,10.96
27/10/2024 19:00:00 - 27/10/2024 20:00:00,SCA|NO1,mFRR,Not Specified,Not Specified,MARGINAL,10.2,10.2
27/10/2024 20:00:00 - 27/10/2024 21:00:00,SCA|NO1,mFRR,Not Specified,Not Specified,MARGINAL,6.71,6.71
27/10/2024 21:00:00 - 27/10/2024 22:00:00,SCA|NO1,mFRR,Not Specified,Not Specified,MARGINAL,4.78,0.0
27/10/2024 22:00:00 - 27/10/2024 23:00:00,SCA|NO1,mFRR,Not Specified,Not Specified,MARGINAL,17.67,0.0
27/10/2024 23:00:00 - 28/10/2024 00:00:00,SCA|NO1,mFRR,Not Specified,Not Specified,MARGINAL,16.42,0.0
28/10/2024 00:00:00 - 28/10/2024 01:00:00,SCA|NO1,mFRR,Not Specified,Not Specified,MARGINAL,10.2,10.2
28/10/2024 01:00:00 - 28/10/2024 02:00:00,SCA|NO1,mFRR,Not Specified,Not Specified,MARGINAL,10.09,10.09
28/10/2024 02:00:00 - 28/10/2024 03:00:00,SCA|NO1,mFRR,Not Specified,Not Specified,MARGINAL,10.09,10.09
28/10/2024 03:00:00 - 28/10/2024 04:00:00,SCA|NO1,mFRR,Not Specified,Not Specified,MARGINAL,10.12,10.12
28/10/2024 04:00:00 - 28/10/2024 05:00:00,SCA|NO1,mFRR,Not Specified,Not Specified,MARGINAL,10.21,10.21
28/10/2024 05:00:00 - 28/10/2024 06:00:00,SCA|NO1,mFRR,Not Specified,Not Specified,MARGINAL,10.47,10.47
28/10/2024 06:00:00 - 28/10/2024 07:00:00,SCA|NO1,mFRR,Not Specified,Not Specified,MARGINAL,17.01,17.01
28/10/2024 07:00:00 - 28/10/2024 08:00:00,SCA|NO1,mFRR,Not Specified,Not Specified,MARGINAL,22.66,22.66
28/10/2024 08:00:00 - 28/10/2024 09:00:00,SCA|NO1,mFRR,Not Specified,Not Specified,MARGINAL,21.41,21.41
28/10/2024 09:00:00 - 28/10/2024 10:00:00,SCA|NO1,mFRR,Not Specified,Not Specified,MARGINAL,21.27,21.27
28/10/2024 10:00:00 - 28/10/2024 11:00:00,SCA|NO1,mFRR,Not Specified,Not Specified,MARGINAL,20.02,20.02
28/10/2024 11:00:00 - 28/10/2024 12:00:00,SCA|NO1,mFRR,Not Specified,Not Specified,MARGINAL,19.36,19.36
28/10/2024 12:00:00 - 28/10/2024 13:00:00,SCA|NO1,mFRR,Not Specified,Not Specified,MARGINAL,18.77,18.77
28/10/2024 13:00:00 - 28/10/2024 14:00:00,SCA|NO1,mFRR,Not Specified,Not Specified,MARGINAL,18.03,18.03
28/10/2024 14:00:00 - 28/10/2024 15:00:00,SCA|NO1,mFRR,Not Specified,Not Specified,MARGINAL,18.15,18.15
28/10/2024 15:00:00 - 28/10/2024 16:00:00,SCA|NO1,mFRR,Not Specified,Not Specified,MARGINAL,20.03,20.03
28/10/2024 16:00:00 - 28/10/2024 17:00:00,SCA|NO1,mFRR,Not Specified,Not Specified,MARGINAL,53.0,22.82
28/10/2024 17:00:00 - 28/10/2024 18:00:00,SCA|NO1,mFRR,Not Specified,Not Specified,MARGINAL,53.0,27.45
28/10/2024 18:00:00 - 28/10/2024 19:00:00,SCA|NO1,mFRR,Not Specified,Not Specified,MARGINAL,53.0,29.9
28/10/2024 19:00:00 - 28/10/2024 20:00:00,SCA|NO1,mFRR,Not Specified,Not Specified,MARGINAL,53.0,24.61
28/10/2024 20:00:00 - 28/10/2024 21:00:00,SCA|NO1,mFRR,Not Specified,Not Specified,MARGINAL,53.0,23.22
28/10/2024 21:00:00 - 28/10/2024 22:00:00,SCA|NO1,mFRR,Not Specified,Not Specified,MARGINAL,45.0,20.18
28/10/2024 22:00:00 - 28/10/2024 23:00:00,SCA|NO1,mFRR,Not Specified,Not Specified,MARGINAL,30.0,18.14
28/10/2024 23:00:00 - 29/10/2024 00:00:00,SCA|NO1,mFRR,Not Specified,Not Specified,MARGINAL,13.93,13.93
29/10/2024 00:00:00 - 29/10/2024 01:00:00,SCA|NO1,mFRR,Not Specified,Not Specified,MARGINAL,26.0,17.67
29/10/2024 01:00:00 - 29/10/2024 02:00:00,SCA|NO1,mFRR,Not Specified,Not Specified,MARGINAL,14.78,14.78
29/10/2024 02:00:00 - 29/10/2024 03:00:00,SCA|NO1,mFRR,Not Specified,Not Specified,MARGINAL,14.49,14.49
29/10/2024 03:00:00 - 29/10/2024 04:00:00,SCA|NO1,mFRR,Not Specified,Not Specified,MARGINAL,14.77,14.77
29/10/2024 04:00:00 - 29/10/2024 05:00:00,SCA|NO1,mFRR,Not Specified,Not Specified,MARGINAL,15.06,15.06
29/10/2024 05:00:00 - 29/10/2024 06:00:00,SCA|NO1,mFRR,Not Specified,Not Specified,MARGINAL,20.26,14.0
29/10/2024 06:00:00 - 29/10/2024 07:00:00,SCA|NO1,mFRR,Not Specified,Not Specified,MARGINAL,40.0,29.25
29/10/2024 07:00:00 - 29/10/2024 08:00:00,SCA|NO1,mFRR,Not Specified,Not Specified,MARGINAL,153.0,152.84
29/10/2024 08:00:00 - 29/10/2024 09:00:00,SCA|NO1,mFRR,Not Specified,Not Specified,MARGINAL,141.0,140.07
29/10/2024 09:00:00 - 29/10/2024 10:00:00,SCA|NO1,mFRR,Not Specified,Not Specified,MARGINAL,125.67,68.5
29/10/2024 10:00:00 - 29/10/2024 11:00:00,SCA|NO1,mFRR,Not Specified,Not Specified,MARGINAL,116.96,75.0
29/10/2024 11:00:00 - 29/10/2024 12:00:00,SCA|NO1,mFRR,Not Specified,Not Specified,MARGINAL,105.2,105.2
29/10/2024 12:00:00 - 29/10/2024 13:00:00,SCA|NO1,mFRR,Not Specified,Not Specified,MARGINAL,96.78,69.5
29/10/2024 13:00:00 - 29/10/2024 14:00:00,SCA|NO1,mFRR,Not Specified,Not Specified,MARGINAL,50.13,50.13
29/10/2024 14:00:00 - 29/10/2024 15:00:00,SCA|NO1,mFRR,Not Specified,Not Specified,MARGINAL,30.06,30.06
29/10/2024 15:00:00 - 29/10/2024 16:00:00,SCA|NO1,mFRR,Not Specified,Not Specified,MARGINAL,23.27,23.27
29/10/2024 16:00:00 - 29/10/2024 17:00:00,SCA|NO1,mFRR,Not Specified,Not Specified,MARGINAL,22.8,22.8
29/10/2024 17:00:00 - 29/10/2024 18:00:00,SCA|NO1,mFRR,Not Specified,Not Specified,MARGINAL,23.27,23.27
29/10/2024 18:00:00 - 29/10/2024 19:00:00,SCA|NO1,mFRR,Not Specified,Not Specified,MARGINAL,22.4,22.4
29/10/2024 19:00:00 - 29/10/2024 20:00:00,SCA|NO1,mFRR,Not Specified,Not Specified,MARGINAL,22.23,14.0
29/10/2024 20:00:00 - 29/10/2024 21:00:00,SCA|NO1,mFRR,Not Specified,Not Specified,MARGINAL,21.89,14.0
29/10/2024 21:00:00 - 29/10/2024 22:00:00,SCA|NO1,mFRR,Not Specified,Not Specified,MARGINAL,21.06,21.06
29/10/2024 22:00:00 - 29/10/2024 23:00:00,SCA|NO1,mFRR,Not Specified,Not Specified,MARGINAL,20.34,5.0
29/10/2024 23:00:00 - 30/10/2024 00:00:00,SCA|NO1,mFRR,Not Specified,Not Specified,MARGINAL,17.91,5.0
30/10/2024 00:00:00 - 30/10/2024 01:00:00,SCA|NO1,mFRR,Not Specified,Not Specified,MARGINAL,1.23,-2.0
30/10/2024 01:00:00 - 30/10/2024 02:00:00,SCA|NO1,mFRR,Not Specified,Not Specified,MARGINAL,1.19,-2.0
30/10/2024 02:00:00 - 30/10/2024 03:00:00,SCA|NO1,mFRR,Not Specified,Not Specified,MARGINAL,1.0,-2.5
30/10/2024 03:00:00 - 30/10/2024 04:00:00,SCA|NO1,mFRR,Not Specified,Not Specified,MARGINAL,1.02,-2.5
30/10/2024 04:00:00 - 30/10/2024 05:00:00,SCA|NO1,mFRR,Not Specified,Not Specified,MARGINAL,1.15,-2.5
30/10/2024 05:00:00 - 30/10/2024 06:00:00,SCA|NO1,mFRR,Not Specified,Not Specified,MARGINAL,2.23,-2.5
30/10/2024 06:00:00 - 30/10/2024 07:00:00,SCA|NO1,mFRR,Not Specified,Not Specified,MARGINAL,3.16,-1.5
30/10/2024 07:00:00 - 30/10/2024 08:00:00,SCA|NO1,mFRR,Not Specified,Not Specified,MARGINAL,6.24,0.5
30/10/2024 08:00:00 - 30/10/2024 09:00:00,SCA|NO1,mFRR,Not Specified,Not Specified,MARGINAL,17.08,-1.0
30/10/2024 09:00:00 - 30/10/2024 10:00:00,SCA|NO1,mFRR,Not Specified,Not Specified,MARGINAL,8.67,-2.26
30/10/2024 10:00:00 - 30/10/2024 11:00:00,SCA|NO1,mFRR,Not Specified,Not Specified,MARGINAL,6.35,-2.0
30/10/2024 11:00:00 - 30/10/2024 12:00:00,SCA|NO1,mFRR,Not Specified,Not Specified,MARGINAL,6.19,-2.5
30/10/2024 12:00:00 - 30/10/2024 13:00:00,SCA|NO1,mFRR,Not Specified,Not Specified,MARGINAL,10.99,-2.5
30/10/2024 13:00:00 - 30/10/2024 14:00:00,SCA|NO1,mFRR,Not Specified,Not Specified,MARGINAL,12.17,-2.0
30/10/2024 14:00:00 - 30/10/2024 15:00:00,SCA|NO1,mFRR,Not Specified,Not Specified,MARGINAL,11.95,-2.0
30/10/2024 15:00:00 - 30/10/2024 16:00:00,SCA|NO1,mFRR,Not Specified,Not Specified,MARGINAL,8.39,0.5
30/10/2024 16:00:00 - 30/10/2024 17:00:00,SCA|NO1,mFRR,Not Specified,Not Specified,MARGINAL,27.06,0.5
30/10/2024 17:00:00 - 30/10/2024 18:00:00,SCA|NO1,mFRR,Not Specified,Not Specified,MARGINAL,26.98,26.98
30/10/2024 18:00:00 - 30/10/2024 19:00:00,SCA|NO1,mFRR,Not Specified,Not Specified,MARGINAL,29.14,29.14
30/10/2024 19:00:00 - 30/10/2024 20:00:00,SCA|NO1,mFRR,Not Specified,Not Specified,MARGINAL,32.98,32.98
30/10/2024 20:00:00 - 30/10/2024 21:00:00,SCA|NO1,mFRR,Not Specified,Not Specified,MARGINAL,32.19,32.19
30/10/2024 21:00:00 - 30/10/2024 22:00:00,SCA|NO1,mFRR,Not Specified,Not Specified,MARGINAL,22.05,22.05
30/10/2024 22:00:00 - 30/10/2024 23:00:00,SCA|NO1,mFRR,Not Specified,Not Specified,MARGINAL,11.98,11.98
30/10/2024 23:00:00 - 31/10/2024 00:00:00,SCA|NO1,mFRR,Not Specified,Not Specified,MARGINAL,9.42,9.42
31/10/2024 00:00:00 - 31/10/2024 01:00:00,SCA|NO1,mFRR,Not Specified,Not Specified,MARGINAL,3.32,3.32
31/10/2024 01:00:00 - 31/10/2024 02:00:00,SCA|NO1,mFRR,Not Specified,Not Specified,MARGINAL,3.45,3.45
31/10/2024 02:00:00 - 31/10/2024 03:00:00,SCA|NO1,mFRR,Not Specified,Not Specified,MARGINAL,4.09,4.09
31/10/2024 03:00:00 - 31/10/2024 04:00:00,SCA|NO1,mFRR,Not Specified,Not Specified,MARGINAL,4.72,3.0
31/10/2024 04:00:00 - 31/10/2024 05:00:00,SCA|NO1,mFRR,Not Specified,Not Specified,MARGINAL,5.25,3.0
31/10/2024 05:00:00 - 31/10/2024 06:00:00,SCA|NO1,mFRR,Not Specified,Not Specified,MARGINAL,6.25,6.25
31/10/2024 06:00:00 - 31/10/2024 07:00:00,SCA|NO1,mFRR,Not Specified,Not Specified,MARGINAL,23.27,10.0
31/10/2024 07:00:00 - 31/10/2024 08:00:00,SCA|NO1,mFRR,Not Specified,Not Specified,MARGINAL,25.07,19.0
31/10/2024 08:00:00 - 31/10/2024 09:00:00,SCA|NO1,mFRR,Not Specified,Not Specified,MARGINAL,24.06,15.0
31/10/2024 09:00:00 - 31/10/2024 10:00:00,SCA|NO1,mFRR,Not Specified,Not Specified,MARGINAL,20.36,20.0
31/10/2024 10:00:00 - 31/10/2024 11:00:00,SCA|NO1,mFRR,Not Specified,Not Specified,MARGINAL,20.44,18.95
31/10/2024 11:00:00 - 31/10/2024 12:00:00,SCA|NO1,mFRR,Not Specified,Not Specified,MARGINAL,20.25,15.5
31/10/2024 12:00:00 - 31/10/2024 13:00:00,SCA|NO1,mFRR,Not Specified,Not Specified,MARGINAL,20.14,10.56
31/10/2024 13:00:00 - 31/10/2024 14:00:00,SCA|NO1,mFRR,Not Specified,Not Specified,MARGINAL,18.17,9.78
31/10/2024 14:00:00 - 31/10/2024 15:00:00,SCA|NO1,mFRR,Not Specified,Not Specified,MARGINAL,16.31,9.74
31/10/2024 15:00:00 - 31/10/2024 16:00:00,SCA|NO1,mFRR,Not Specified,Not Specified,MARGINAL,14.0,9.54
31/10/2024 16:00:00 - 31/10/2024 17:00:00,SCA|NO1,mFRR,Not Specified,Not Specified,MARGINAL,9.61,9.61
31/10/2024 17:00:00 - 31/10/2024 18:00:00,SCA|NO1,mFRR,Not Specified,Not Specified,MARGINAL,12.0,11.19
31/10/2024 18:00:00 - 31/10/2024 19:00:00,SCA|NO1,mFRR,Not Specified,Not Specified,MARGINAL,12.0,9.71
31/10/2024 19:00:00 - 31/10/2024 20:00:00,SCA|NO1,mFRR,Not Specified,Not Specified,MARGINAL,9.01,7.0
31/10/2024 20:00:00 - 31/10/2024 21:00:00,SCA|NO1,mFRR,Not Specified,Not Specified,MARGINAL,7.89,7.89
31/10/2024 21:00:00 - 31/10/2024 22:00:00,SCA|NO1,mFRR,Not Specified,Not Specified,MARGINAL,5.59,5.59
31/10/2024 22:00:00 - 31/10/2024 23:00:00,SCA|NO1,mFRR,Not Specified,Not Specified,MARGINAL,4.48,4.48
31/10/2024 23:00:00 - 01/11/2024 00:00:00,SCA|NO1,mFRR,Not Specified,Not Specified,MARGINAL,3.49,3.49
01/11/2024 00:00:00 - 01/11/2024 01:00:00,SCA|NO1,mFRR,Not Specified,Not Specified,MARGINAL,1.71,1.71
01/11/2024 01:00:00 - 01/11/2024 02:00:00,SCA|NO1,mFRR,Not Specified,Not Specified,MARGINAL,1.36,-0.97
01/11/2024 02:00:00 - 01/11/2024 03:00:00,SCA|NO1,mFRR,Not Specified,Not Specified,MARGINAL,1.02,-0.97
01/11/2024 03:00:00 - 01/11/2024 04:00:00,SCA|NO1,mFRR,Not Specified,Not Specified,MARGINAL,0.9,-0.98
01/11/2024 04:00:00 - 01/11/2024 05:00:00,SCA|NO1,mFRR,Not Specified,Not Specified,MARGINAL,3.5,0.88
01/11/2024 05:00:00 - 01/11/2024 06:00:00,SCA|NO1,mFRR,Not Specified,Not Specified,MARGINAL,0.99,0.99
01/11/2024 06:00:00 - 01/11/2024 07:00:00,SCA|NO1,mFRR,Not Specified,Not Specified,MARGINAL,3.5,1.92
01/11/2024 07:00:00 - 01/11/2024 08:00:00,SCA|NO1,mFRR,Not Specified,Not Specified,MARGINAL,3.0,0.0
01/11/2024 08:00:00 - 01/11/2024 09:00:00,SCA|NO1,mFRR,Not Specified,Not Specified,MARGINAL,3.24,-2.0
01/11/2024 09:00:00 - 01/11/2024 10:00:00,SCA|NO1,mFRR,Not Specified,Not Specified,MARGINAL,2.51,-2.0
01/11/2024 10:00:00 - 01/11/2024 11:00:00,SCA|NO1,mFRR,Not Specified,Not Specified,MARGINAL,2.33,-2.0
01/11/2024 11:00:00 - 01/11/2024 12:00:00,SCA|NO1,mFRR,Not Specified,Not Specified,MARGINAL,1.97,-1.5
01/11/2024 12:00:00 - 01/11/2024 13:00:00,SCA|NO1,mFRR,Not Specified,Not Specified,MARGINAL,1.95,0.0
01/11/2024 13:00:00 - 01/11/2024 14:00:00,SCA|NO1,mFRR,Not Specified,Not Specified,MARGINAL,1.91,0.0
01/11/2024 14:00:00 - 01/11/2024 15:00:00,SCA|NO1,mFRR,Not Specified,Not Specified,MARGINAL,1.95,0.0
01/11/2024 15:00:00 - 01/11/2024 16:00:00,SCA|NO1,mFRR,Not Specified,Not Specified,MARGINAL,2.35,0.0
01/11/2024 16:00:00 - 01/11/2024 17:00:00,SCA|NO1,mFRR,Not Specified,Not Specified,MARGINAL,12.0,6.4
01/11/2024 17:00:00 - 01/11/2024 18:00:00,SCA|NO1,mFRR,Not Specified,Not Specified,MARGINAL,18.0,9.13
01/11/2024 18:00:00 - 01/11/2024 19:00:00,SCA|NO1,mFRR,Not Specified,Not Specified,MARGINAL,20.0,12.11
01/11/2024 19:00:00 - 01/11/2024 20:00:00,SCA|NO1,mFRR,Not Specified,Not Specified,MARGINAL,7.82,7.82
01/11/2024 20:00:00 - 01/11/2024 21:00:00,SCA|NO1,mFRR,Not Specified,Not Specified,MARGINAL,8.39,8.39
01/11/2024 21:00:00 - 01/11/2024 22:00:00,SCA|NO1,mFRR,Not Specified,Not Specified,MARGINAL,1.98,1.98
01/11/2024 22:00:00 - 01/11/2024 23:00:00,SCA|NO1,mFRR,Not Specified,Not Specified,MARGINAL,7.0,1.86
01/11/2024 23:00:00 - 02/11/2024 00:00:00,SCA|NO1,mFRR,Not Specified,Not Specified,MARGINAL,6.0,1.65
02/11/2024 00:00:00 - 02/11/2024 01:00:00,SCA|NO1,mFRR,Not Specified,Not Specified,MARGINAL,6.0,2.85
02/11/2024 01:00:00 - 02/11/2024 02:00:00,SCA|NO1,mFRR,Not Specified,Not Specified,MARGINAL,3.5,2.59
02/11/2024 02:00:00 - 02/11/2024 03:00:00,SCA|NO1,mFRR,Not Specified,Not Specified,MARGINAL,6.0,2.52
02/11/2024 03:00:00 - 02/11/2024 04:00:00,SCA|NO1,mFRR,Not Specified,Not Specified,MARGINAL,6.0,2.39
02/11/2024 04:00:00 - 02/11/2024 05:00:00,SCA|NO1,mFRR,Not Specified,Not Specified,MARGINAL,6.0,2.25
02/11/2024 05:00:00 - 02/11/2024 06:00:00,SCA|NO1,mFRR,Not Specified,Not Specified,MARGINAL,6.0,2.38
02/11/2024 06:00:00 - 02/11/2024 07:00:00,SCA|NO1,mFRR,Not Specified,Not Specified,MARGINAL,6.0,2.93
02/11/2024 07:00:00 - 02/11/2024 08:00:00,SCA|NO1,mFRR,Not Specified,Not Specified,MARGINAL,14.0,7.55
02/11/2024 08:00:00 - 02/11/2024 09:00:00,SCA|NO1,mFRR,Not Specified,Not Specified,MARGINAL,14.0,12.72
02/11/2024 09:00:00 - 02/11/2024 10:00:00,SCA|NO1,mFRR,Not Specified,Not Specified,MARGINAL,13.25,13.25
02/11/2024 10:00:00 - 02/11/2024 11:00:00,SCA|NO1,mFRR,Not Specified,Not Specified,MARGINAL,13.14,13.14
02/11/2024 11:00:00 - 02/11/2024 12:00:00,SCA|NO1,mFRR,Not Specified,Not Specified,MARGINAL,24.65,24.65
02/11/2024 12:00:00 - 02/11/2024 13:00:00,SCA|NO1,mFRR,Not Specified,Not Specified,MARGINAL,25.18,25.18
02/11/2024 13:00:00 - 02/11/2024 14:00:00,SCA|NO1,mFRR,Not Specified,Not Specified,MARGINAL,26.15,26.15
02/11/2024 14:00:00 - 02/11/2024 15:00:00,SCA|NO1,mFRR,Not Specified,Not Specified,MARGINAL,27.66,27.66
02/11/2024 15:00:00 - 02/11/2024 16:00:00,SCA|NO1,mFRR,Not Specified,Not Specified,MARGINAL,30.39,30.39
02/11/2024 16:00:00 - 02/11/2024 17:00:00,SCA|NO1,mFRR,Not Specified,Not Specified,MARGINAL,44.68,44.68
02/11/2024 17:00:00 - 02/11/2024 18:00:00,SCA|NO1,mFRR,Not Specified,Not Specified,MARGINAL,39.41,39.41
02/11/2024 18:00:00 - 02/11/2024 19:00:00,SCA|NO1,mFRR,Not Specified,Not Specified,MARGINAL,34.49,34.49
02/11/2024 19:00:00 - 02/11/2024 20:00:00,SCA|NO1,mFRR,Not Specified,Not Specified,MARGINAL,26.93,26.93
02/11/2024 20:00:00 - 02/11/2024 21:00:00,SCA|NO1,mFRR,Not Specified,Not Specified,MARGINAL,12.6,12.6
02/11/2024 21:00:00 - 02/11/2024 22:00:00,SCA|NO1,mFRR,Not Specified,Not Specified,MARGINAL,10.0,6.74
02/11/2024 22:00:00 - 02/11/2024 23:00:00,SCA|NO1,mFRR,Not Specified,Not Specified,MARGINAL,20.0,5.35
02/11/2024 23:00:00 - 03/11/2024 00:00:00,SCA|NO1,mFRR,Not Specified,Not Specified,,,
03/11/2024 00:00:00 - 03/11/2024 01:00:00,SCA|NO1,mFRR,Not Specified,Not Specified,MARGINAL,6.21,6.21
03/11/2024 01:00:00 - 03/11/2024 02:00:00,SCA|NO1,mFRR,Not Specified,Not Specified,MARGINAL,6.03,6.03
03/11/2024 02:00:00 - 03/11/2024 03:00:00,SCA|NO1,mFRR,Not Specified,Not Specified,MARGINAL,5.67,5.67
03/11/2024 03:00:00 - 03/11/2024 04:00:00,SCA|NO1,mFRR,Not Specified,Not Specified,MARGINAL,5.64,5.64
03/11/2024 04:00:00 - 03/11/2024 05:00:00,SCA|NO1,mFRR,Not Specified,Not Specified,MARGINAL,5.62,5.62
03/11/2024 05:00:00 - 03/11/2024 06:00:00,SCA|NO1,mFRR,Not Specified,Not Specified,MARGINAL,5.64,5.64
03/11/2024 06:00:00 - 03/11/2024 07:00:00,SCA|NO1,mFRR,Not Specified,Not Specified,MARGINAL,6.07,6.07
03/11/2024 07:00:00 - 03/11/2024 08:00:00,SCA|NO1,mFRR,Not Specified,Not Specified,MARGINAL,8.0,8.0
03/11/2024 08:00:00 - 03/11/2024 09:00:00,SCA|NO1,mFRR,Not Specified,Not Specified,MARGINAL,8.33,8.33
03/11/2024 09:00:00 - 03/11/2024 10:00:00,SCA|NO1,mFRR,Not Specified,Not Specified,MARGINAL,10.0,6.66
03/11/2024 10:00:00 - 03/11/2024 11:00:00,SCA|NO1,mFRR,Not Specified,Not Specified,MARGINAL,10.0,6.63
03/11/2024 11:00:00 - 03/11/2024 12:00:00,SCA|NO1,mFRR,Not Specified,Not Specified,MARGINAL,6.57,0.0
03/11/2024 12:00:00 - 03/11/2024 13:00:00,SCA|NO1,mFRR,Not Specified,Not Specified,MARGINAL,6.33,0.0
03/11/2024 13:00:00 - 03/11/2024 14:00:00,SCA|NO1,mFRR,Not Specified,Not Specified,MARGINAL,6.0,0.5
03/11/2024 14:00:00 - 03/11/2024 15:00:00,SCA|NO1,mFRR,Not Specified,Not Specified,MARGINAL,6.37,0.5
03/11/2024 15:00:00 - 03/11/2024 16:00:00,SCA|NO1,mFRR,Not Specified,Not Specified,MARGINAL,6.47,6.47
03/11/2024 16:00:00 - 03/11/2024 17:00:00,SCA|NO1,mFRR,Not Specified,Not Specified,MARGINAL,10.0,7.02
03/11/2024 17:00:00 - 03/11/2024 18:00:00,SCA|NO1,mFRR,Not Specified,Not Specified,MARGINAL,10.0,8.53
03/11/2024 18:00:00 - 03/11/2024 19:00:00,SCA|NO1,mFRR,Not Specified,Not Specified,MARGINAL,17.87,16.68
03/11/2024 19:00:00 - 03/11/2024 20:00:00,SCA|NO1,mFRR,Not Specified,Not Specified,MARGINAL,17.46,17.46
03/11/2024 20:00:00 - 03/11/2024 21:00:00,SCA|NO1,mFRR,Not Specified,Not Specified,MARGINAL,11.21,11.21
03/11/2024 21:00:00 - 03/11/2024 22:00:00,SCA|NO1,mFRR,Not Specified,Not Specified,MARGINAL,11.03,11.03
03/11/2024 22:00:00 - 03/11/2024 23:00:00,SCA|NO1,mFRR,Not Specified,Not Specified,MARGINAL,9.93,9.93
03/11/2024 23:00:00 - 04/11/2024 00:00:00,SCA|NO1,mFRR,Not Specified,Not Specified,MARGINAL,10.0,9.17
04/11/2024 00:00:00 - 04/11/2024 01:00:00,SCA|NO1,mFRR,Not Specified,Not Specified,MARGINAL,11.55,11.55
04/11/2024 01:00:00 - 04/11/2024 02:00:00,SCA|NO1,mFRR,Not Specified,Not Specified,MARGINAL,12.3,12.3
04/11/2024 02:00:00 - 04/11/2024 03:00:00,SCA|NO1,mFRR,Not Specified,Not Specified,MARGINAL,11.84,11.84
04/11/2024 03:00:00 - 04/11/2024 04:00:00,SCA|NO1,mFRR,Not Specified,Not Specified,MARGINAL,26.23,22.5
04/11/2024 04:00:00 - 04/11/2024 05:00:00,SCA|NO1,mFRR,Not Specified,Not Specified,MARGINAL,27.05,22.5
04/11/2024 05:00:00 - 04/11/2024 06:00:00,SCA|NO1,mFRR,Not Specified,Not Specified,MARGINAL,28.41,28.41
04/11/2024 06:00:00 - 04/11/2024 07:00:00,SCA|NO1,mFRR,Not Specified,Not Specified,MARGINAL,31.72,31.72
04/11/2024 07:00:00 - 04/11/2024 08:00:00,SCA|NO1,mFRR,Not Specified,Not Specified,MARGINAL,144.0,86.41
04/11/2024 08:00:00 - 04/11/2024 09:00:00,SCA|NO1,mFRR,Not Specified,Not Specified,MARGINAL,142.0,84.5
04/11/2024 09:00:00 - 04/11/2024 10:00:00,SCA|NO1,mFRR,Not Specified,Not Specified,MARGINAL,80.34,80.34
04/11/2024 10:00:00 - 04/11/2024 11:00:00,SCA|NO1,mFRR,Not Specified,Not Specified,MARGINAL,40.23,40.23
04/11/2024 11:00:00 - 04/11/2024 12:00:00,SCA|NO1,mFRR,Not Specified,Not Specified,MARGINAL,36.47,36.47
04/11/2024 12:00:00 - 04/11/2024 13:00:00,SCA|NO1,mFRR,Not Specified,Not Specified,MARGINAL,35.91,35.91
04/11/2024 13:00:00 - 04/11/2024 14:00:00,SCA|NO1,mFRR,Not Specified,Not Specified,MARGINAL,55.0,34.75
04/11/2024 14:00:00 - 04/11/2024 15:00:00,SCA|NO1,mFRR,Not Specified,Not Specified,MARGINAL,50.5,34.34
04/11/2024 15:00:00 - 04/11/2024 16:00:00,SCA|NO1,mFRR,Not Specified,Not Specified,MARGINAL,50.5,35.67
04/11/2024 16:00:00 - 04/11/2024 17:00:00,SCA|NO1,mFRR,Not Specified,Not Specified,MARGINAL,43.97,43.97
04/11/2024 17:00:00 - 04/11/2024 18:00:00,SCA|NO1,mFRR,Not Specified,Not Specified,MARGINAL,72.65,72.65
04/11/2024 18:00:00 - 04/11/2024 19:00:00,SCA|NO1,mFRR,Not Specified,Not Specified,MARGINAL,60.41,10.5
04/11/2024 19:00:00 - 04/11/2024 20:00:00,SCA|NO1,mFRR,Not Specified,Not Specified,MARGINAL,90.2,90.2
04/11/2024 20:00:00 - 04/11/2024 21:00:00,SCA|NO1,mFRR,Not Specified,Not Specified,MARGINAL,54.19,54.19
04/11/2024 21:00:00 - 04/11/2024 22:00:00,SCA|NO1,mFRR,Not Specified,Not Specified,MARGINAL,38.95,38.95
04/11/2024 22:00:00 - 04/11/2024 23:00:00,SCA|NO1,mFRR,Not Specified,Not Specified,MARGINAL,35.43,35.43
04/11/2024 23:00:00 - 05/11/2024 00:00:00,SCA|NO1,mFRR,Not Specified,Not Specified,MARGINAL,29.33,29.33
05/11/2024 00:00:00 - 05/11/2024 01:00:00,SCA|NO1,mFRR,Not Specified,Not Specified,MARGINAL,29.12,29.12
05/11/2024 01:00:00 - 05/11/2024 02:00:00,SCA|NO1,mFRR,Not Specified,Not Specified,MARGINAL,29.17,29.17
05/11/2024 02:00:00 - 05/11/2024 03:00:00,SCA|NO1,mFRR,Not Specified,Not Specified,MARGINAL,29.47,29.47
05/11/2024 03:00:00 - 05/11/2024 04:00:00,SCA|NO1,mFRR,Not Specified,Not Specified,MARGINAL,28.96,28.96
05/11/2024 04:00:00 - 05/11/2024 05:00:00,SCA|NO1,mFRR,Not Specified,Not Specified,MARGINAL,29.14,29.14
05/11/2024 05:00:00 - 05/11/2024 06:00:00,SCA|NO1,mFRR,Not Specified,Not Specified,MARGINAL,30.68,30.68
05/11/2024 06:00:00 - 05/11/2024 07:00:00,SCA|NO1,mFRR,Not Specified,Not Specified,MARGINAL,32.48,32.48
05/11/2024 07:00:00 - 05/11/2024 08:00:00,SCA|NO1,mFRR,Not Specified,Not Specified,MARGINAL,36.91,36.91
05/11/2024 08:00:00 - 05/11/2024 09:00:00,SCA|NO1,mFRR,Not Specified,Not Specified,MARGINAL,37.23,37.23
05/11/2024 09:00:00 - 05/11/2024 10:00:00,SCA|NO1,mFRR,Not Specified,Not Specified,MARGINAL,38.91,38.91
05/11/2024 10:00:00 - 05/11/2024 11:00:00,SCA|NO1,mFRR,Not Specified,Not Specified,MARGINAL,48.0,37.45
05/11/2024 11:00:00 - 05/11/2024 12:00:00,SCA|NO1,mFRR,Not Specified,Not Specified,MARGINAL,50.0,34.27
05/11/2024 12:00:00 - 05/11/2024 13:00:00,SCA|NO1,mFRR,Not Specified,Not Specified,MARGINAL,48.5,33.57
05/11/2024 13:00:00 - 05/11/2024 14:00:00,SCA|NO1,mFRR,Not Specified,Not Specified,MARGINAL,51.0,33.7
05/11/2024 14:00:00 - 05/11/2024 15:00:00,SCA|NO1,mFRR,Not Specified,Not Specified,MARGINAL,51.0,33.37
05/11/2024 15:00:00 - 05/11/2024 16:00:00,SCA|NO1,mFRR,Not Specified,Not Specified,MARGINAL,51.0,32.6
05/11/2024 16:00:00 - 05/11/2024 17:00:00,SCA|NO1,mFRR,Not Specified,Not Specified,MARGINAL,51.0,33.51
05/11/2024 17:00:00 - 05/11/2024 18:00:00,SCA|NO1,mFRR,Not Specified,Not Specified,MARGINAL,52.0,34.47
05/11/2024 18:00:00 - 05/11/2024 19:00:00,SCA|NO1,mFRR,Not Specified,Not Specified,MARGINAL,47.0,35.25
05/11/2024 19:00:00 - 05/11/2024 20:00:00,SCA|NO1,mFRR,Not Specified,Not Specified,MARGINAL,42.0,32.82
05/11/2024 20:00:00 - 05/11/2024 21:00:00,SCA|NO1,mFRR,Not Specified,Not Specified,MARGINAL,34.35,34.35
05/11/2024 21:00:00 - 05/11/2024 22:00:00,SCA|NO1,mFRR,Not Specified,Not Specified,,,
05/11/2024 22:00:00 - 05/11/2024 23:00:00,SCA|NO1,mFRR,Not Specified,Not Specified,MARGINAL,32.09,32.09
05/11/2024 23:00:00 - 06/11/2024 00:00:00,SCA|NO1,mFRR,Not Specified,Not Specified,MARGINAL,31.58,31.58
06/11/2024 00:00:00 - 06/11/2024 01:00:00,SCA|NO1,mFRR,Not Specified,Not Specified,MARGINAL,42.0,28.85
06/11/2024 01:00:00 - 06/11/2024 02:00:00,SCA|NO1,mFRR,Not Specified,Not Specified,MARGINAL,42.0,28.71
06/11/2024 02:00:00 - 06/11/2024 03:00:00,SCA|NO1,mFRR,Not Specified,Not Specified,MARGINAL,42.0,28.57
06/11/2024 03:00:00 - 06/11/2024 04:00:00,SCA|NO1,mFRR,Not Specified,Not Specified,MARGINAL,42.0,28.47
06/11/2024 04:00:00 - 06/11/2024 05:00:00,SCA|NO1,mFRR,Not Specified,Not Specified,MARGINAL,42.0,29.06
06/11/2024 05:00:00 - 06/11/2024 06:00:00,SCA|NO1,mFRR,Not Specified,Not Specified,MARGINAL,37.0,28.9
06/11/2024 06:00:00 - 06/11/2024 07:00:00,SCA|NO1,mFRR,Not Specified,Not Specified,MARGINAL,34.0,30.6
06/11/2024 07:00:00 - 06/11/2024 08:00:00,SCA|NO1,mFRR,Not Specified,Not Specified,MARGINAL,40.0,36.74
06/11/2024 08:00:00 - 06/11/2024 09:00:00,SCA|NO1,mFRR,Not Specified,Not Specified,MARGINAL,40.0,37.68
06/11/2024 09:00:00 - 06/11/2024 10:00:00,SCA|NO1,mFRR,Not Specified,Not Specified,MARGINAL,40.0,35.93
06/11/2024 10:00:00 - 06/11/2024 11:00:00,SCA|NO1,mFRR,Not Specified,Not Specified,MARGINAL,40.0,32.6
06/11/2024 11:00:00 - 06/11/2024 12:00:00,SCA|NO1,mFRR,Not Specified,Not Specified,MARGINAL,50.5,31.11
06/11/2024 12:00:00 - 06/11/2024 13:00:00,SCA|NO1,mFRR,Not Specified,Not Specified,MARGINAL,50.0,31.6
06/11/2024 13:00:00 - 06/11/2024 14:00:00,SCA|NO1,mFRR,Not Specified,Not Specified,MARGINAL,46.0,33.95
06/11/2024 14:00:00 - 06/11/2024 15:00:00,SCA|NO1,mFRR,Not Specified,Not Specified,MARGINAL,46.0,32.87
06/11/2024 15:00:00 - 06/11/2024 16:00:00,SCA|NO1,mFRR,Not Specified,Not Specified,MARGINAL,47.0,29.74
06/11/2024 16:00:00 - 06/11/2024 17:00:00,SCA|NO1,mFRR,Not Specified,Not Specified,MARGINAL,46.0,34.9
06/11/2024 17:00:00 - 06/11/2024 18:00:00,SCA|NO1,mFRR,Not Specified,Not Specified,MARGINAL,46.0,29.29
06/11/2024 18:00:00 - 06/11/2024 19:00:00,SCA|NO1,mFRR,Not Specified,Not Specified,MARGINAL,45.0,30.82
06/11/2024 19:00:00 - 06/11/2024 20:00:00,SCA|NO1,mFRR,Not Specified,Not Specified,MARGINAL,45.0,31.69
06/11/2024 20:00:00 - 06/11/2024 21:00:00,SCA|NO1,mFRR,Not Specified,Not Specified,MARGINAL,38.0,31.55
06/11/2024 21:00:00 - 06/11/2024 22:00:00,SCA|NO1,mFRR,Not Specified,Not Specified,MARGINAL,44.0,30.96
06/11/2024 22:00:00 - 06/11/2024 23:00:00,SCA|NO1,mFRR,Not Specified,Not Specified,MARGINAL,42.0,30.95
06/11/2024 23:00:00 - 07/11/2024 00:00:00,SCA|NO1,mFRR,Not Specified,Not Specified,MARGINAL,40.0,29.63
07/11/2024 00:00:00 - 07/11/2024 01:00:00,SCA|NO1,mFRR,Not Specified,Not Specified,MARGINAL,44.0,29.11
07/11/2024 01:00:00 - 07/11/2024 02:00:00,SCA|NO1,mFRR,Not Specified,Not Specified,MARGINAL,44.0,28.61
07/11/2024 02:00:00 - 07/11/2024 03:00:00,SCA|NO1,mFRR,Not Specified,Not Specified,MARGINAL,42.0,28.51
07/11/2024 03:00:00 - 07/11/2024 04:00:00,SCA|NO1,mFRR,Not Specified,Not Specified,MARGINAL,40.0,28.69
07/11/2024 04:00:00 - 07/11/2024 05:00:00,SCA|NO1,mFRR,Not Specified,Not Specified,MARGINAL,40.0,28.88
07/11/2024 05:00:00 - 07/11/2024 06:00:00,SCA|NO1,mFRR,Not Specified,Not Specified,MARGINAL,33.0,29.76
07/11/2024 06:00:00 - 07/11/2024 07:00:00,SCA|NO1,mFRR,Not Specified,Not Specified,MARGINAL,31.58,31.58
07/11/2024 07:00:00 - 07/11/2024 08:00:00,SCA|NO1,mFRR,Not Specified,Not Specified,MARGINAL,45.0,37.4
07/11/2024 08:00:00 - 07/11/2024 09:00:00,SCA|NO1,mFRR,Not Specified,Not Specified,MARGINAL,54.0,44.17
07/11/2024 09:00:00 - 07/11/2024 10:00:00,SCA|NO1,mFRR,Not Specified,Not Specified,MARGINAL,50.0,44.0
07/11/2024 10:00:00 - 07/11/2024 11:00:00,SCA|NO1,mFRR,Not Specified,Not Specified,MARGINAL,50.0,40.34
07/11/2024 11:00:00 - 07/11/2024 12:00:00,SCA|NO1,mFRR,Not Specified,Not Specified,MARGINAL,45.0,39.64
07/11/2024 12:00:00 - 07/11/2024 13:00:00,SCA|NO1,mFRR,Not Specified,Not Specified,MARGINAL,45.0,33.77
07/11/2024 13:00:00 - 07/11/2024 14:00:00,SCA|NO1,mFRR,Not Specified,Not Specified,MARGINAL,45.0,33.37
07/11/2024 14:00:00 - 07/11/2024 15:00:00,SCA|NO1,mFRR,Not Specified,Not Specified,MARGINAL,53.0,32.51
07/11/2024 15:00:00 - 07/11/2024 16:00:00,SCA|NO1,mFRR,Not Specified,Not Specified,MARGINAL,55.0,33.28
07/11/2024 16:00:00 - 07/11/2024 17:00:00,SCA|NO1,mFRR,Not Specified,Not Specified,MARGINAL,57.0,33.42
07/11/2024 17:00:00 - 07/11/2024 18:00:00,SCA|NO1,mFRR,Not Specified,Not Specified,MARGINAL,70.0,32.82
07/11/2024 18:00:00 - 07/11/2024 19:00:00,SCA|NO1,mFRR,Not Specified,Not Specified,MARGINAL,46.0,36.75
07/11/2024 19:00:00 - 07/11/2024 20:00:00,SCA|NO1,mFRR,Not Specified,Not Specified,MARGINAL,45.0,38.37
07/11/2024 20:00:00 - 07/11/2024 21:00:00,SCA|NO1,mFRR,Not Specified,Not Specified,MARGINAL,45.0,36.12
07/11/2024 21:00:00 - 07/11/2024 22:00:00,SCA|NO1,mFRR,Not Specified,Not Specified,MARGINAL,43.0,34.72
07/11/2024 22:00:00 - 07/11/2024 23:00:00,SCA|NO1,mFRR,Not Specified,Not Specified,MARGINAL,43.0,30.79
07/11/2024 23:00:00 - 08/11/2024 00:00:00,SCA|NO1,mFRR,Not Specified,Not Specified,MARGINAL,40.0,29.07
08/11/2024 00:00:00 - 08/11/2024 01:00:00,SCA|NO1,mFRR,Not Specified,Not Specified,MARGINAL,28.85,28.85
08/11/2024 01:00:00 - 08/11/2024 02:00:00,SCA|NO1,mFRR,Not Specified,Not Specified,MARGINAL,28.58,28.58
08/11/2024 02:00:00 - 08/11/2024 03:00:00,SCA|NO1,mFRR,Not Specified,Not Specified,MARGINAL,28.47,28.47
08/11/2024 03:00:00 - 08/11/2024 04:00:00,SCA|NO1,mFRR,Not Specified,Not Specified,MARGINAL,29.21,29.21
08/11/2024 04:00:00 - 08/11/2024 05:00:00,SCA|NO1,mFRR,Not Specified,Not Specified,MARGINAL,28.6,28.6
08/11/2024 05:00:00 - 08/11/2024 06:00:00,SCA|NO1,mFRR,Not Specified,Not Specified,MARGINAL,29.08,29.08
08/11/2024 06:00:00 - 08/11/2024 07:00:00,SCA|NO1,mFRR,Not Specified,Not Specified,MARGINAL,30.29,30.29
08/11/2024 07:00:00 - 08/11/2024 08:00:00,SCA|NO1,mFRR,Not Specified,Not Specified,MARGINAL,46.0,43.08
08/11/2024 08:00:00 - 08/11/2024 09:00:00,SCA|NO1,mFRR,Not Specified,Not Specified,MARGINAL,48.0,46.29
08/11/2024 09:00:00 - 08/11/2024 10:00:00,SCA|NO1,mFRR,Not Specified,Not Specified,MARGINAL,48.0,44.16
08/11/2024 10:00:00 - 08/11/2024 11:00:00,SCA|NO1,mFRR,Not Specified,Not Specified,MARGINAL,47.0,43.88
08/11/2024 11:00:00 - 08/11/2024 12:00:00,SCA|NO1,mFRR,Not Specified,Not Specified,MARGINAL,45.0,42.21
08/11/2024 12:00:00 - 08/11/2024 13:00:00,SCA|NO1,mFRR,Not Specified,Not Specified,MARGINAL,45.0,40.36
08/11/2024 13:00:00 - 08/11/2024 14:00:00,SCA|NO1,mFRR,Not Specified,Not Specified,MARGINAL,34.36,34.36
08/11/2024 14:00:00 - 08/11/2024 15:00:00,SCA|NO1,mFRR,Not Specified,Not Specified,MARGINAL,33.16,33.16
08/11/2024 15:00:00 - 08/11/2024 16:00:00,SCA|NO1,mFRR,Not Specified,Not Specified,MARGINAL,46.0,30.95
08/11/2024 16:00:00 - 08/11/2024 17:00:00,SCA|NO1,mFRR,Not Specified,Not Specified,MARGINAL,46.0,31.34
08/11/2024 17:00:00 - 08/11/2024 18:00:00,SCA|NO1,mFRR,Not Specified,Not Specified,MARGINAL,32.48,32.48
08/11/2024 18:00:00 - 08/11/2024 19:00:00,SCA|NO1,mFRR,Not Specified,Not Specified,MARGINAL,48.0,32.56
08/11/2024 19:00:00 - 08/11/2024 20:00:00,SCA|NO1,mFRR,Not Specified,Not Specified,MARGINAL,45.5,33.26
08/11/2024 20:00:00 - 08/11/2024 21:00:00,SCA|NO1,mFRR,Not Specified,Not Specified,MARGINAL,32.58,32.58
08/11/2024 21:00:00 - 08/11/2024 22:00:00,SCA|NO1,mFRR,Not Specified,Not Specified,MARGINAL,44.0,31.86
08/11/2024 22:00:00 - 08/11/2024 23:00:00,SCA|NO1,mFRR,Not Specified,Not Specified,MARGINAL,44.0,31.03
08/11/2024 23:00:00 - 09/11/2024 00:00:00,SCA|NO1,mFRR,Not Specified,Not Specified,MARGINAL,30.32,30.32
09/11/2024 00:00:00 - 09/11/2024 01:00:00,SCA|NO1,mFRR,Not Specified,Not Specified,MARGINAL,32.63,32.63
09/11/2024 01:00:00 - 09/11/2024 02:00:00,SCA|NO1,mFRR,Not Specified,Not Specified,MARGINAL,22.83,22.83
09/11/2024 02:00:00 - 09/11/2024 03:00:00,SCA|NO1,mFRR,Not Specified,Not Specified,MARGINAL,17.53,17.53
09/11/2024 03:00:00 - 09/11/2024 04:00:00,SCA|NO1,mFRR,Not Specified,Not Specified,MARGINAL,18.24,18.24
09/11/2024 04:00:00 - 09/11/2024 05:00:00,SCA|NO1,mFRR,Not Specified,Not Specified,MARGINAL,17.35,17.35
09/11/2024 05:00:00 - 09/11/2024 06:00:00,SCA|NO1,mFRR,Not Specified,Not Specified,MARGINAL,31.83,31.83
09/11/2024 06:00:00 - 09/11/2024 07:00:00,SCA|NO1,mFRR,Not Specified,Not Specified,MARGINAL,33.71,33.71
09/11/2024 07:00:00 - 09/11/2024 08:00:00,SCA|NO1,mFRR,Not Specified,Not Specified,MARGINAL,32.92,32.92
09/11/2024 08:00:00 - 09/11/2024 09:00:00,SCA|NO1,mFRR,Not Specified,Not Specified,MARGINAL,33.88,33.88
09/11/2024 09:00:00 - 09/11/2024 10:00:00,SCA|NO1,mFRR,Not Specified,Not Specified,MARGINAL,34.21,34.21
09/11/2024 10:00:00 - 09/11/2024 11:00:00,SCA|NO1,mFRR,Not Specified,Not Specified,MARGINAL,33.78,33.78
09/11/2024 11:00:00 - 09/11/2024 12:00:00,SCA|NO1,mFRR,Not Specified,Not Specified,MARGINAL,32.76,32.76
09/11/2024 12:00:00 - 09/11/2024 13:00:00,SCA|NO1,mFRR,Not Specified,Not Specified,MARGINAL,55.0,33.65
09/11/2024 13:00:00 - 09/11/2024 14:00:00,SCA|NO1,mFRR,Not Specified,Not Specified,MARGINAL,55.0,33.68
09/11/2024 14:00:00 - 09/11/2024 15:00:00,SCA|NO1,mFRR,Not Specified,Not Specified,MARGINAL,50.0,33.75
09/11/2024 15:00:00 - 09/11/2024 16:00:00,SCA|NO1,mFRR,Not Specified,Not Specified,MARGINAL,50.0,34.5
09/11/2024 16:00:00 - 09/11/2024 17:00:00,SCA|NO1,mFRR,Not Specified,Not Specified,MARGINAL,34.41,34.41
09/11/2024 17:00:00 - 09/11/2024 18:00:00,SCA|NO1,mFRR,Not Specified,Not Specified,MARGINAL,35.11,35.11
09/11/2024 18:00:00 - 09/11/2024 19:00:00,SCA|NO1,mFRR,Not Specified,Not Specified,MARGINAL,34.48,34.48
09/11/2024 19:00:00 - 09/11/2024 20:00:00,SCA|NO1,mFRR,Not Specified,Not Specified,MARGINAL,68.46,68.46
09/11/2024 20:00:00 - 09/11/2024 21:00:00,SCA|NO1,mFRR,Not Specified,Not Specified,MARGINAL,66.6,66.6
09/11/2024 21:00:00 - 09/11/2024 22:00:00,SCA|NO1,mFRR,Not Specified,Not Specified,MARGINAL,67.0,67.0
09/11/2024 22:00:00 - 09/11/2024 23:00:00,SCA|NO1,mFRR,Not Specified,Not Specified,,,
09/11/2024 23:00:00 - 10/11/2024 00:00:00,SCA|NO1,mFRR,Not Specified,Not Specified,MARGINAL,36.66,36.66
10/11/2024 00:00:00 - 10/11/2024 01:00:00,SCA|NO1,mFRR,Not Specified,Not Specified,MARGINAL,22.03,22.03
10/11/2024 01:00:00 - 10/11/2024 02:00:00,SCA|NO1,mFRR,Not Specified,Not Specified,MARGINAL,34.01,34.01
10/11/2024 02:00:00 - 10/11/2024 03:00:00,SCA|NO1,mFRR,Not Specified,Not Specified,MARGINAL,33.69,33.69
10/11/2024 03:00:00 - 10/11/2024 04:00:00,SCA|NO1,mFRR,Not Specified,Not Specified,MARGINAL,33.66,33.66
10/11/2024 04:00:00 - 10/11/2024 05:00:00,SCA|NO1,mFRR,Not Specified,Not Specified,MARGINAL,34.04,34.04
10/11/2024 05:00:00 - 10/11/2024 06:00:00,SCA|NO1,mFRR,Not Specified,Not Specified,MARGINAL,19.88,19.88
10/11/2024 06:00:00 - 10/11/2024 07:00:00,SCA|NO1,mFRR,Not Specified,Not Specified,MARGINAL,17.59,17.59
10/11/2024 07:00:00 - 10/11/2024 08:00:00,SCA|NO1,mFRR,Not Specified,Not Specified,MARGINAL,44.0,21.16
10/11/2024 08:00:00 - 10/11/2024 09:00:00,SCA|NO1,mFRR,Not Specified,Not Specified,MARGINAL,42.0,35.0
10/11/2024 09:00:00 - 10/11/2024 10:00:00,SCA|NO1,mFRR,Not Specified,Not Specified,MARGINAL,42.0,35.58
10/11/2024 10:00:00 - 10/11/2024 11:00:00,SCA|NO1,mFRR,Not Specified,Not Specified,MARGINAL,55.0,35.98
10/11/2024 11:00:00 - 10/11/2024 12:00:00,SCA|NO1,mFRR,Not Specified,Not Specified,MARGINAL,55.0,36.22
10/11/2024 12:00:00 - 10/11/2024 13:00:00,SCA|NO1,mFRR,Not Specified,Not Specified,MARGINAL,50.0,36.04
10/11/2024 13:00:00 - 10/11/2024 14:00:00,SCA|NO1,mFRR,Not Specified,Not Specified,MARGINAL,45.0,27.37
10/11/2024 14:00:00 - 10/11/2024 15:00:00,SCA|NO1,mFRR,Not Specified,Not Specified,MARGINAL,45.0,34.97
10/11/2024 15:00:00 - 10/11/2024 16:00:00,SCA|NO1,mFRR,Not Specified,Not Specified,MARGINAL,31.14,31.14
10/11/2024 16:00:00 - 10/11/2024 17:00:00,SCA|NO1,mFRR,Not Specified,Not Specified,MARGINAL,35.71,35.71
10/11/2024 17:00:00 - 10/11/2024 18:00:00,SCA|NO1,mFRR,Not Specified,Not Specified,MARGINAL,36.18,36.18
10/11/2024 18:00:00 - 10/11/2024 19:00:00,SCA|NO1,mFRR,Not Specified,Not Specified,MARGINAL,55.0,36.01
10/11/2024 19:00:00 - 10/11/2024 20:00:00,SCA|NO1,mFRR,Not Specified,Not Specified,MARGINAL,100.0,38.46
10/11/2024 20:00:00 - 10/11/2024 21:00:00,SCA|NO1,mFRR,Not Specified,Not Specified,MARGINAL,74.0,38.22
10/11/2024 21:00:00 - 10/11/2024 22:00:00,SCA|NO1,mFRR,Not Specified,Not Specified,MARGINAL,37.75,37.75
10/11/2024 22:00:00 - 10/11/2024 23:00:00,SCA|NO1,mFRR,Not Specified,Not Specified,MARGINAL,36.0,35.98
10/11/2024 23:00:00 - 11/11/2024 00:00:00,SCA|NO1,mFRR,Not Specified,Not Specified,MARGINAL,36.35,31.86
11/11/2024 00:00:00 - 11/11/2024 01:00:00,SCA|NO1,mFRR,Not Specified,Not Specified,MARGINAL,35.0,35.0
11/11/2024 01:00:00 - 11/11/2024 02:00:00,SCA|NO1,mFRR,Not Specified,Not Specified,MARGINAL,25.64,25.64
11/11/2024 02:00:00 - 11/11/2024 03:00:00,SCA|NO1,mFRR,Not Specified,Not Specified,MARGINAL,25.51,24.3
11/11/2024 03:00:00 - 11/11/2024 04:00:00,SCA|NO1,mFRR,Not Specified,Not Specified,MARGINAL,26.47,23.91
11/11/2024 04:00:00 - 11/11/2024 05:00:00,SCA|NO1,mFRR,Not Specified,Not Specified,MARGINAL,25.15,25.15
11/11/2024 05:00:00 - 11/11/2024 06:00:00,SCA|NO1,mFRR,Not Specified,Not Specified,MARGINAL,35.97,35.97
11/11/2024 06:00:00 - 11/11/2024 07:00:00,SCA|NO1,mFRR,Not Specified,Not Specified,MARGINAL,39.53,39.53
11/11/2024 07:00:00 - 11/11/2024 08:00:00,SCA|NO1,mFRR,Not Specified,Not Specified,MARGINAL,71.77,71.77
11/11/2024 08:00:00 - 11/11/2024 09:00:00,SCA|NO1,mFRR,Not Specified,Not Specified,MARGINAL,78.52,78.52
11/11/2024 09:00:00 - 11/11/2024 10:00:00,SCA|NO1,mFRR,Not Specified,Not Specified,MARGINAL,57.38,57.38
11/11/2024 10:00:00 - 11/11/2024 11:00:00,SCA|NO1,mFRR,Not Specified,Not Specified,MARGINAL,48.27,48.27
11/11/2024 11:00:00 - 11/11/2024 12:00:00,SCA|NO1,mFRR,Not Specified,Not Specified,MARGINAL,43.81,43.81
11/11/2024 12:00:00 - 11/11/2024 13:00:00,SCA|NO1,mFRR,Not Specified,Not Specified,MARGINAL,46.0,43.54
11/11/2024 13:00:00 - 11/11/2024 14:00:00,SCA|NO1,mFRR,Not Specified,Not Specified,MARGINAL,55.0,37.79
11/11/2024 14:00:00 - 11/11/2024 15:00:00,SCA|NO1,mFRR,Not Specified,Not Specified,MARGINAL,50.0,37.07
11/11/2024 15:00:00 - 11/11/2024 16:00:00,SCA|NO1,mFRR,Not Specified,Not Specified,MARGINAL,51.0,37.32
11/11/2024 16:00:00 - 11/11/2024 17:00:00,SCA|NO1,mFRR,Not Specified,Not Specified,MARGINAL,55.0,38.29
11/11/2024 17:00:00 - 11/11/2024 18:00:00,SCA|NO1,mFRR,Not Specified,Not Specified,MARGINAL,55.0,40.05
11/11/2024 18:00:00 - 11/11/2024 19:00:00,SCA|NO1,mFRR,Not Specified,Not Specified,MARGINAL,46.0,43.62
11/11/2024 19:00:00 - 11/11/2024 20:00:00,SCA|NO1,mFRR,Not Specified,Not Specified,MARGINAL,40.0,38.69
11/11/2024 20:00:00 - 11/11/2024 21:00:00,SCA|NO1,mFRR,Not Specified,Not Specified,MARGINAL,38.01,38.01
11/11/2024 21:00:00 - 11/11/2024 22:00:00,SCA|NO1,mFRR,Not Specified,Not Specified,MARGINAL,38.02,38.02
11/11/2024 22:00:00 - 11/11/2024 23:00:00,SCA|NO1,mFRR,Not Specified,Not Specified,MARGINAL,37.55,37.55
11/11/2024 23:00:00 - 12/11/2024 00:00:00,SCA|NO1,mFRR,Not Specified,Not Specified,MARGINAL,35.63,35.63
12/11/2024 00:00:00 - 12/11/2024 01:00:00,SCA|NO1,mFRR,Not Specified,Not Specified,MARGINAL,37.34,37.34
12/11/2024 01:00:00 - 12/11/2024 02:00:00,SCA|NO1,mFRR,Not Specified,Not Specified,MARGINAL,37.04,37.04
12/11/2024 02:00:00 - 12/11/2024 03:00:00,SCA|NO1,mFRR,Not Specified,Not Specified,MARGINAL,36.8,36.8
12/11/2024 03:00:00 - 12/11/2024 04:00:00,SCA|NO1,mFRR,Not Specified,Not Specified,MARGINAL,36.92,36.92
12/11/2024 04:00:00 - 12/11/2024 05:00:00,SCA|NO1,mFRR,Not Specified,Not Specified,MARGINAL,36.97,36.0
12/11/2024 05:00:00 - 12/11/2024 06:00:00,SCA|NO1,mFRR,Not Specified,Not Specified,MARGINAL,37.55,36.0
12/11/2024 06:00:00 - 12/11/2024 07:00:00,SCA|NO1,mFRR,Not Specified,Not Specified,MARGINAL,49.0,36.0
12/11/2024 07:00:00 - 12/11/2024 08:00:00,SCA|NO1,mFRR,Not Specified,Not Specified,MARGINAL,108.0,102.84
12/11/2024 08:00:00 - 12/11/2024 09:00:00,SCA|NO1,mFRR,Not Specified,Not Specified,MARGINAL,174.0,173.26
12/11/2024 09:00:00 - 12/11/2024 10:00:00,SCA|NO1,mFRR,Not Specified,Not Specified,MARGINAL,147.83,147.83
12/11/2024 10:00:00 - 12/11/2024 11:00:00,SCA|NO1,mFRR,Not Specified,Not Specified,MARGINAL,142.24,139.0
12/11/2024 11:00:00 - 12/11/2024 12:00:00,SCA|NO1,mFRR,Not Specified,Not Specified,MARGINAL,120.77,120.77
12/11/2024 12:00:00 - 12/11/2024 13:00:00,SCA|NO1,mFRR,Not Specified,Not Specified,MARGINAL,101.69,101.69
12/11/2024 13:00:00 - 12/11/2024 14:00:00,SCA|NO1,mFRR,Not Specified,Not Specified,MARGINAL,60.72,60.72
12/11/2024 14:00:00 - 12/11/2024 15:00:00,SCA|NO1,mFRR,Not Specified,Not Specified,MARGINAL,69.79,69.79
12/11/2024 15:00:00 - 12/11/2024 16:00:00,SCA|NO1,mFRR,Not Specified,Not Specified,MARGINAL,60.77,60.77
12/11/2024 16:00:00 - 12/11/2024 17:00:00,SCA|NO1,mFRR,Not Specified,Not Specified,MARGINAL,70.26,70.26
12/11/2024 17:00:00 - 12/11/2024 18:00:00,SCA|NO1,mFRR,Not Specified,Not Specified,MARGINAL,59.25,59.25
12/11/2024 18:00:00 - 12/11/2024 19:00:00,SCA|NO1,mFRR,Not Specified,Not Specified,MARGINAL,62.58,62.58
12/11/2024 19:00:00 - 12/11/2024 20:00:00,SCA|NO1,mFRR,Not Specified,Not Specified,MARGINAL,48.26,48.26
12/11/2024 20:00:00 - 12/11/2024 21:00:00,SCA|NO1,mFRR,Not Specified,Not Specified,MARGINAL,50.0,43.98
12/11/2024 21:00:00 - 12/11/2024 22:00:00,SCA|NO1,mFRR,Not Specified,Not Specified,MARGINAL,51.0,41.42
12/11/2024 22:00:00 - 12/11/2024 23:00:00,SCA|NO1,mFRR,Not Specified,Not Specified,MARGINAL,50.0,40.66
12/11/2024 23:00:00 - 13/11/2024 00:00:00,SCA|NO1,mFRR,Not Specified,Not Specified,MARGINAL,37.52,37.52
13/11/2024 00:00:00 - 13/11/2024 01:00:00,SCA|NO1,mFRR,Not Specified,Not Specified,MARGINAL,39.87,39.0
13/11/2024 01:00:00 - 13/11/2024 02:00:00,SCA|NO1,mFRR,Not Specified,Not Specified,MARGINAL,39.0,39.0
13/11/2024 02:00:00 - 13/11/2024 03:00:00,SCA|NO1,mFRR,Not Specified,Not Specified,MARGINAL,38.88,38.88
13/11/2024 03:00:00 - 13/11/2024 04:00:00,SCA|NO1,mFRR,Not Specified,Not Specified,MARGINAL,38.74,38.74
13/11/2024 04:00:00 - 13/11/2024 05:00:00,SCA|NO1,mFRR,Not Specified,Not Specified,MARGINAL,38.69,38.69
13/11/2024 05:00:00 - 13/11/2024 06:00:00,SCA|NO1,mFRR,Not Specified,Not Specified,MARGINAL,38.91,38.91
13/11/2024 06:00:00 - 13/11/2024 07:00:00,SCA|NO1,mFRR,Not Specified,Not Specified,MARGINAL,45.81,45.81
13/11/2024 07:00:00 - 13/11/2024 08:00:00,SCA|NO1,mFRR,Not Specified,Not Specified,MARGINAL,49.29,49.29
13/11/2024 08:00:00 - 13/11/2024 09:00:00,SCA|NO1,mFRR,Not Specified,Not Specified,MARGINAL,50.3,50.3
13/11/2024 09:00:00 - 13/11/2024 10:00:00,SCA|NO1,mFRR,Not Specified,Not Specified,MARGINAL,47.3,47.3
13/11/2024 10:00:00 - 13/11/2024 11:00:00,SCA|NO1,mFRR,Not Specified,Not Specified,MARGINAL,43.99,38.0
13/11/2024 11:00:00 - 13/11/2024 12:00:00,SCA|NO1,mFRR,Not Specified,Not Specified,MARGINAL,42.59,35.0
13/11/2024 12:00:00 - 13/11/2024 13:00:00,SCA|NO1,mFRR,Not Specified,Not Specified,MARGINAL,42.04,35.0
13/11/2024 13:00:00 - 13/11/2024 14:00:00,SCA|NO1,mFRR,Not Specified,Not Specified,MARGINAL,40.02,34.5
13/11/2024 14:00:00 - 13/11/2024 15:00:00,SCA|NO1,mFRR,Not Specified,Not Specified,MARGINAL,39.71,33.5
13/11/2024 15:00:00 - 13/11/2024 16:00:00,SCA|NO1,mFRR,Not Specified,Not Specified,MARGINAL,39.48,33.5
13/11/2024 16:00:00 - 13/11/2024 17:00:00,SCA|NO1,mFRR,Not Specified,Not Specified,MARGINAL,40.03,40.03
13/11/2024 17:00:00 - 13/11/2024 18:00:00,SCA|NO1,mFRR,Not Specified,Not Specified,MARGINAL,47.11,40.5
13/11/2024 18:00:00 - 13/11/2024 19:00:00,SCA|NO1,mFRR,Not Specified,Not Specified,MARGINAL,58.75,58.75
13/11/2024 19:00:00 - 13/11/2024 20:00:00,SCA|NO1,mFRR,Not Specified,Not Specified,MARGINAL,46.93,41.0
13/11/2024 20:00:00 - 13/11/2024 21:00:00,SCA|NO1,mFRR,Not Specified,Not Specified,MARGINAL,42.65,41.0
13/11/2024 21:00:00 - 13/11/2024 22:00:00,SCA|NO1,mFRR,Not Specified,Not Specified,MARGINAL,41.24,41.24
13/11/2024 22:00:00 - 13/11/2024 23:00:00,SCA|NO1,mFRR,Not Specified,Not Specified,MARGINAL,37.92,37.92
13/11/2024 23:00:00 - 14/11/2024 00:00:00,SCA|NO1,mFRR,Not Specified,Not Specified,MARGINAL,36.42,36.42
14/11/2024 00:00:00 - 14/11/2024 01:00:00,SCA|NO1,mFRR,Not Specified,Not Specified,MARGINAL,39.48,39.48
14/11/2024 01:00:00 - 14/11/2024 02:00:00,SCA|NO1,mFRR,Not Specified,Not Specified,MARGINAL,36.04,36.04
14/11/2024 02:00:00 - 14/11/2024 03:00:00,SCA|NO1,mFRR,Not Specified,Not Specified,MARGINAL,34.74,34.74
14/11/2024 03:00:00 - 14/11/2024 04:00:00,SCA|NO1,mFRR,Not Specified,Not Specified,MARGINAL,34.16,34.16
14/11/2024 04:00:00 - 14/11/2024 05:00:00,SCA|NO1,mFRR,Not Specified,Not Specified,MARGINAL,35.44,35.44
14/11/2024 05:00:00 - 14/11/2024 06:00:00,SCA|NO1,mFRR,Not Specified,Not Specified,MARGINAL,38.02,38.02
14/11/2024 06:00:00 - 14/11/2024 07:00:00,SCA|NO1,mFRR,Not Specified,Not Specified,MARGINAL,41.32,35.0
14/11/2024 07:00:00 - 14/11/2024 08:00:00,SCA|NO1,mFRR,Not Specified,Not Specified,MARGINAL,43.77,40.5
14/11/2024 08:00:00 - 14/11/2024 09:00:00,SCA|NO1,mFRR,Not Specified,Not Specified,MARGINAL,49.94,49.94
14/11/2024 09:00:00 - 14/11/2024 10:00:00,SCA|NO1,mFRR,Not Specified,Not Specified,MARGINAL,47.06,42.0
14/11/2024 10:00:00 - 14/11/2024 11:00:00,SCA|NO1,mFRR,Not Specified,Not Specified,MARGINAL,43.5,42.0
14/11/2024 11:00:00 - 14/11/2024 12:00:00,SCA|NO1,mFRR,Not Specified,Not Specified,MARGINAL,42.94,42.94
14/11/2024 12:00:00 - 14/11/2024 13:00:00,SCA|NO1,mFRR,Not Specified,Not Specified,MARGINAL,42.06,42.06
14/11/2024 13:00:00 - 14/11/2024 14:00:00,SCA|NO1,mFRR,Not Specified,Not Specified,MARGINAL,45.0,41.19
14/11/2024 14:00:00 - 14/11/2024 15:00:00,SCA|NO1,mFRR,Not Specified,Not Specified,MARGINAL,45.0,41.1
14/11/2024 15:00:00 - 14/11/2024 16:00:00,SCA|NO1,mFRR,Not Specified,Not Specified,MARGINAL,58.0,40.85
14/11/2024 16:00:00 - 14/11/2024 17:00:00,SCA|NO1,mFRR,Not Specified,Not Specified,MARGINAL,65.5,43.98
14/11/2024 17:00:00 - 14/11/2024 18:00:00,SCA|NO1,mFRR,Not Specified,Not Specified,MARGINAL,91.0,45.44
14/11/2024 18:00:00 - 14/11/2024 19:00:00,SCA|NO1,mFRR,Not Specified,Not Specified,MARGINAL,61.0,48.55
14/11/2024 19:00:00 - 14/11/2024 20:00:00,SCA|NO1,mFRR,Not Specified,Not Specified,MARGINAL,59.0,53.14
14/11/2024 20:00:00 - 14/11/2024 21:00:00,SCA|NO1,mFRR,Not Specified,Not Specified,MARGINAL,48.95,48.95
14/11/2024 21:00:00 - 14/11/2024 22:00:00,SCA|NO1,mFRR,Not Specified,Not Specified,MARGINAL,48.0,46.58
14/11/2024 22:00:00 - 14/11/2024 23:00:00,SCA|NO1,mFRR,Not Specified,Not Specified,MARGINAL,48.0,41.95
14/11/2024 23:00:00 - 15/11/2024 00:00:00,SCA|NO1,mFRR,Not Specified,Not Specified,MARGINAL,35.91,35.91
15/11/2024 00:00:00 - 15/11/2024 01:00:00,SCA|NO1,mFRR,Not Specified,Not Specified,MARGINAL,47.0,40.96
15/11/2024 01:00:00 - 15/11/2024 02:00:00,SCA|NO1,mFRR,Not Specified,Not Specified,MARGINAL,47.0,38.7
15/11/2024 02:00:00 - 15/11/2024 03:00:00,SCA|NO1,mFRR,Not Specified,Not Specified,MARGINAL,40.0,31.89
15/11/2024 03:00:00 - 15/11/2024 04:00:00,SCA|NO1,mFRR,Not Specified,Not Specified,MARGINAL,39.5,30.82
15/11/2024 04:00:00 - 15/11/2024 05:00:00,SCA|NO1,mFRR,Not Specified,Not Specified,MARGINAL,39.0,30.84
15/11/2024 05:00:00 - 15/11/2024 06:00:00,SCA|NO1,mFRR,Not Specified,Not Specified,MARGINAL,40.5,39.29
15/11/2024 06:00:00 - 15/11/2024 07:00:00,SCA|NO1,mFRR,Not Specified,Not Specified,MARGINAL,44.5,43.12
15/11/2024 07:00:00 - 15/11/2024 08:00:00,SCA|NO1,mFRR,Not Specified,Not Specified,MARGINAL,50.0,45.71
15/11/2024 08:00:00 - 15/11/2024 09:00:00,SCA|NO1,mFRR,Not Specified,Not Specified,MARGINAL,50.0,47.16
15/11/2024 09:00:00 - 15/11/2024 10:00:00,SCA|NO1,mFRR,Not Specified,Not Specified,MARGINAL,54.0,50.0
15/11/2024 10:00:00 - 15/11/2024 11:00:00,SCA|NO1,mFRR,Not Specified,Not Specified,MARGINAL,54.0,46.98
15/11/2024 11:00:00 - 15/11/2024 12:00:00,SCA|NO1,mFRR,Not Specified,Not Specified,MARGINAL,48.5,44.98
15/11/2024 12:00:00 - 15/11/2024 13:00:00,SCA|NO1,mFRR,Not Specified,Not Specified,MARGINAL,46.5,44.9
15/11/2024 13:00:00 - 15/11/2024 14:00:00,SCA|NO1,mFRR,Not Specified,Not Specified,MARGINAL,46.5,43.64
15/11/2024 14:00:00 - 15/11/2024 15:00:00,SCA|NO1,mFRR,Not Specified,Not Specified,MARGINAL,45.5,42.91
15/11/2024 15:00:00 - 15/11/2024 16:00:00,SCA|NO1,mFRR,Not Specified,Not Specified,MARGINAL,42.04,42.04
15/11/2024 16:00:00 - 15/11/2024 17:00:00,SCA|NO1,mFRR,Not Specified,Not Specified,MARGINAL,42.19,42.19
15/11/2024 17:00:00 - 15/11/2024 18:00:00,SCA|NO1,mFRR,Not Specified,Not Specified,MARGINAL,42.09,42.09
15/11/2024 18:00:00 - 15/11/2024 19:00:00,SCA|NO1,mFRR,Not Specified,Not Specified,MARGINAL,41.25,34.0
15/11/2024 19:00:00 - 15/11/2024 20:00:00,SCA|NO1,mFRR,Not Specified,Not Specified,MARGINAL,39.15,39.15
15/11/2024 20:00:00 - 15/11/2024 21:00:00,SCA|NO1,mFRR,Not Specified,Not Specified,MARGINAL,39.55,39.55
15/11/2024 21:00:00 - 15/11/2024 22:00:00,SCA|NO1,mFRR,Not Specified,Not Specified,MARGINAL,39.06,39.06
15/11/2024 22:00:00 - 15/11/2024 23:00:00,SCA|NO1,mFRR,Not Specified,Not Specified,MARGINAL,34.34,32.0
15/11/2024 23:00:00 - 16/11/2024 00:00:00,SCA|NO1,mFRR,Not Specified,Not Specified,MARGINAL,32.05,30.0
16/11/2024 00:00:00 - 16/11/2024 01:00:00,SCA|NO1,mFRR,Not Specified,Not Specified,MARGINAL,40.0,33.16
16/11/2024 01:00:00 - 16/11/2024 02:00:00,SCA|NO1,mFRR,Not Specified,Not Specified,MARGINAL,40.0,32.13
16/11/2024 02:00:00 - 16/11/2024 03:00:00,SCA|NO1,mFRR,Not Specified,Not Specified,MARGINAL,31.96,28.0
16/11/2024 03:00:00 - 16/11/2024 04:00:00,SCA|NO1,mFRR,Not Specified,Not Specified,MARGINAL,31.8,28.0
16/11/2024 04:00:00 - 16/11/2024 05:00:00,SCA|NO1,mFRR,Not Specified,Not Specified,MARGINAL,32.42,28.0
16/11/2024 05:00:00 - 16/11/2024 06:00:00,SCA|NO1,mFRR,Not Specified,Not Specified,MARGINAL,32.23,28.0
16/11/2024 06:00:00 - 16/11/2024 07:00:00,SCA|NO1,mFRR,Not Specified,Not Specified,MARGINAL,32.11,28.0
16/11/2024 07:00:00 - 16/11/2024 08:00:00,SCA|NO1,mFRR,Not Specified,Not Specified,MARGINAL,35.02,28.0
16/11/2024 08:00:00 - 16/11/2024 09:00:00,SCA|NO1,mFRR,Not Specified,Not Specified,MARGINAL,37.8,28.0
16/11/2024 09:00:00 - 16/11/2024 10:00:00,SCA|NO1,mFRR,Not Specified,Not Specified,MARGINAL,39.64,32.0
16/11/2024 10:00:00 - 16/11/2024 11:00:00,SCA|NO1,mFRR,Not Specified,Not Specified,MARGINAL,40.67,40.67
16/11/2024 11:00:00 - 16/11/2024 12:00:00,SCA|NO1,mFRR,Not Specified,Not Specified,MARGINAL,40.54,40.54
16/11/2024 12:00:00 - 16/11/2024 13:00:00,SCA|NO1,mFRR,Not Specified,Not Specified,MARGINAL,40.36,40.36
16/11/2024 13:00:00 - 16/11/2024 14:00:00,SCA|NO1,mFRR,Not Specified,Not Specified,MARGINAL,40.32,28.0
16/11/2024 14:00:00 - 16/11/2024 15:00:00,SCA|NO1,mFRR,Not Specified,Not Specified,MARGINAL,40.32,28.0
16/11/2024 15:00:00 - 16/11/2024 16:00:00,SCA|NO1,mFRR,Not Specified,Not Specified,MARGINAL,40.44,28.0
16/11/2024 16:00:00 - 16/11/2024 17:00:00,SCA|NO1,mFRR,Not Specified,Not Specified,MARGINAL,41.05,32.0
16/11/2024 17:00:00 - 16/11/2024 18:00:00,SCA|NO1,mFRR,Not Specified,Not Specified,MARGINAL,41.75,35.5
16/11/2024 18:00:00 - 16/11/2024 19:00:00,SCA|NO1,mFRR,Not Specified,Not Specified,MARGINAL,41.18,41.18
16/11/2024 19:00:00 - 16/11/2024 20:00:00,SCA|NO1,mFRR,Not Specified,Not Specified,MARGINAL,40.44,40.44
16/11/2024 20:00:00 - 16/11/2024 21:00:00,SCA|NO1,mFRR,Not Specified,Not Specified,MARGINAL,40.03,25.0
16/11/2024 21:00:00 - 16/11/2024 22:00:00,SCA|NO1,mFRR,Not Specified,Not Specified,MARGINAL,39.26,25.0
16/11/2024 22:00:00 - 16/11/2024 23:00:00,SCA|NO1,mFRR,Not Specified,Not Specified,MARGINAL,39.23,39.23
16/11/2024 23:00:00 - 17/11/2024 00:00:00,SCA|NO1,mFRR,Not Specified,Not Specified,MARGINAL,39.56,39.56
17/11/2024 00:00:00 - 17/11/2024 01:00:00,SCA|NO1,mFRR,Not Specified,Not Specified,MARGINAL,40.5,33.76
17/11/2024 01:00:00 - 17/11/2024 02:00:00,SCA|NO1,mFRR,Not Specified,Not Specified,MARGINAL,42.0,32.09
17/11/2024 02:00:00 - 17/11/2024 03:00:00,SCA|NO1,mFRR,Not Specified,Not Specified,MARGINAL,42.0,31.03
17/11/2024 03:00:00 - 17/11/2024 04:00:00,SCA|NO1,mFRR,Not Specified,Not Specified,MARGINAL,41.0,31.57
17/11/2024 04:00:00 - 17/11/2024 05:00:00,SCA|NO1,mFRR,Not Specified,Not Specified,MARGINAL,41.0,31.18
17/11/2024 05:00:00 - 17/11/2024 06:00:00,SCA|NO1,mFRR,Not Specified,Not Specified,MARGINAL,41.0,31.12
17/11/2024 06:00:00 - 17/11/2024 07:00:00,SCA|NO1,mFRR,Not Specified,Not Specified,MARGINAL,41.0,30.51
17/11/2024 07:00:00 - 17/11/2024 08:00:00,SCA|NO1,mFRR,Not Specified,Not Specified,MARGINAL,41.0,31.68
17/11/2024 08:00:00 - 17/11/2024 09:00:00,SCA|NO1,mFRR,Not Specified,Not Specified,MARGINAL,37.56,37.56
17/11/2024 09:00:00 - 17/11/2024 10:00:00,SCA|NO1,mFRR,Not Specified,Not Specified,MARGINAL,42.0,38.11
17/11/2024 10:00:00 - 17/11/2024 11:00:00,SCA|NO1,mFRR,Not Specified,Not Specified,MARGINAL,39.5,36.92
17/11/2024 11:00:00 - 17/11/2024 12:00:00,SCA|NO1,mFRR,Not Specified,Not Specified,MARGINAL,45.0,32.97
17/11/2024 12:00:00 - 17/11/2024 13:00:00,SCA|NO1,mFRR,Not Specified,Not Specified,MARGINAL,43.0,30.42
17/11/2024 13:00:00 - 17/11/2024 14:00:00,SCA|NO1,mFRR,Not Specified,Not Specified,MARGINAL,40.5,31.1
17/11/2024 14:00:00 - 17/11/2024 15:00:00,SCA|NO1,mFRR,Not Specified,Not Specified,MARGINAL,40.0,38.43
17/11/2024 15:00:00 - 17/11/2024 16:00:00,SCA|NO1,mFRR,Not Specified,Not Specified,MARGINAL,39.46,39.46
17/11/2024 16:00:00 - 17/11/2024 17:00:00,SCA|NO1,mFRR,Not Specified,Not Specified,MARGINAL,49.5,41.91
17/11/2024 17:00:00 - 17/11/2024 18:00:00,SCA|NO1,mFRR,Not Specified,Not Specified,MARGINAL,50.5,42.19
17/11/2024 18:00:00 - 17/11/2024 19:00:00,SCA|NO1,mFRR,Not Specified,Not Specified,MARGINAL,50.5,41.66
17/11/2024 19:00:00 - 17/11/2024 20:00:00,SCA|NO1,mFRR,Not Specified,Not Specified,MARGINAL,50.5,41.53
17/11/2024 20:00:00 - 17/11/2024 21:00:00,SCA|NO1,mFRR,Not Specified,Not Specified,MARGINAL,50.5,40.48
17/11/2024 21:00:00 - 17/11/2024 22:00:00,SCA|NO1,mFRR,Not Specified,Not Specified,MARGINAL,49.5,39.1
17/11/2024 22:00:00 - 17/11/2024 23:00:00,SCA|NO1,mFRR,Not Specified,Not Specified,MARGINAL,48.0,38.76
17/11/2024 23:00:00 - 18/11/2024 00:00:00,SCA|NO1,mFRR,Not Specified,Not Specified,MARGINAL,48.0,38.41
18/11/2024 00:00:00 - 18/11/2024 01:00:00,SCA|NO1,mFRR,Not Specified,Not Specified,MARGINAL,49.0,41.57
18/11/2024 01:00:00 - 18/11/2024 02:00:00,SCA|NO1,mFRR,Not Specified,Not Specified,MARGINAL,41.11,41.11
18/11/2024 02:00:00 - 18/11/2024 03:00:00,SCA|NO1,mFRR,Not Specified,Not Specified,MARGINAL,40.78,40.78
18/11/2024 03:00:00 - 18/11/2024 04:00:00,SCA|NO1,mFRR,Not Specified,Not Specified,,,
18/11/2024 04:00:00 - 18/11/2024 05:00:00,SCA|NO1,mFRR,Not Specified,Not Specified,MARGINAL,41.25,41.25
18/11/2024 05:00:00 - 18/11/2024 06:00:00,SCA|NO1,mFRR,Not Specified,Not Specified,MARGINAL,44.78,44.78
18/11/2024 06:00:00 - 18/11/2024 07:00:00,SCA|NO1,mFRR,Not Specified,Not Specified,MARGINAL,62.0,49.61
18/11/2024 07:00:00 - 18/11/2024 08:00:00,SCA|NO1,mFRR,Not Specified,Not Specified,MARGINAL,64.0,61.01
18/11/2024 08:00:00 - 18/11/2024 09:00:00,SCA|NO1,mFRR,Not Specified,Not Specified,MARGINAL,120.0,108.2
18/11/2024 09:00:00 - 18/11/2024 10:00:00,SCA|NO1,mFRR,Not Specified,Not Specified,MARGINAL,90.3,90.3
18/11/2024 10:00:00 - 18/11/2024 11:00:00,SCA|NO1,mFRR,Not Specified,Not Specified,MARGINAL,75.53,75.53
18/11/2024 11:00:00 - 18/11/2024 12:00:00,SCA|NO1,mFRR,Not Specified,Not Specified,MARGINAL,71.37,71.37
18/11/2024 12:00:00 - 18/11/2024 13:00:00,SCA|NO1,mFRR,Not Specified,Not Specified,MARGINAL,67.58,67.58
18/11/2024 13:00:00 - 18/11/2024 14:00:00,SCA|NO1,mFRR,Not Specified,Not Specified,MARGINAL,101.24,61.41
18/11/2024 14:00:00 - 18/11/2024 15:00:00,SCA|NO1,mFRR,Not Specified,Not Specified,MARGINAL,180.0,60.72
18/11/2024 15:00:00 - 18/11/2024 16:00:00,SCA|NO1,mFRR,Not Specified,Not Specified,MARGINAL,200.0,55.26
18/11/2024 16:00:00 - 18/11/2024 17:00:00,SCA|NO1,mFRR,Not Specified,Not Specified,MARGINAL,75.0,61.14
18/11/2024 17:00:00 - 18/11/2024 18:00:00,SCA|NO1,mFRR,Not Specified,Not Specified,MARGINAL,75.9,75.9
18/11/2024 18:00:00 - 18/11/2024 19:00:00,SCA|NO1,mFRR,Not Specified,Not Specified,MARGINAL,144.25,89.5
18/11/2024 19:00:00 - 18/11/2024 20:00:00,SCA|NO1,mFRR,Not Specified,Not Specified,MARGINAL,136.33,84.5
18/11/2024 20:00:00 - 18/11/2024 21:00:00,SCA|NO1,mFRR,Not Specified,Not Specified,MARGINAL,114.54,114.54
18/11/2024 21:00:00 - 18/11/2024 22:00:00,SCA|NO1,mFRR,Not Specified,Not Specified,MARGINAL,104.53,104.53
18/11/2024 22:00:00 - 18/11/2024 23:00:00,SCA|NO1,mFRR,Not Specified,Not Specified,MARGINAL,103.66,103.66
18/11/2024 23:00:00 - 19/11/2024 00:00:00,SCA|NO1,mFRR,Not Specified,Not Specified,MARGINAL,95.77,95.77
19/11/2024 00:00:00 - 19/11/2024 01:00:00,SCA|NO1,mFRR,Not Specified,Not Specified,MARGINAL,95.73,95.73
19/11/2024 01:00:00 - 19/11/2024 02:00:00,SCA|NO1,mFRR,Not Specified,Not Specified,MARGINAL,89.59,68.0
19/11/2024 02:00:00 - 19/11/2024 03:00:00,SCA|NO1,mFRR,Not Specified,Not Specified,MARGINAL,85.07,59.01
19/11/2024 03:00:00 - 19/11/2024 04:00:00,SCA|NO1,mFRR,Not Specified,Not Specified,MARGINAL,81.5,59.02
19/11/2024 04:00:00 - 19/11/2024 05:00:00,SCA|NO1,mFRR,Not Specified,Not Specified,MARGINAL,77.67,60.61
19/11/2024 05:00:00 - 19/11/2024 06:00:00,SCA|NO1,mFRR,Not Specified,Not Specified,MARGINAL,84.44,68.0
19/11/2024 06:00:00 - 19/11/2024 07:00:00,SCA|NO1,mFRR,Not Specified,Not Specified,MARGINAL,95.06,70.0
19/11/2024 07:00:00 - 19/11/2024 08:00:00,SCA|NO1,mFRR,Not Specified,Not Specified,MARGINAL,133.66,133.66
19/11/2024 08:00:00 - 19/11/2024 09:00:00,SCA|NO1,mFRR,Not Specified,Not Specified,MARGINAL,145.69,145.69
19/11/2024 09:00:00 - 19/11/2024 10:00:00,SCA|NO1,mFRR,Not Specified,Not Specified,MARGINAL,145.98,145.98
19/11/2024 10:00:00 - 19/11/2024 11:00:00,SCA|NO1,mFRR,Not Specified,Not Specified,MARGINAL,144.3,144.3
19/11/2024 11:00:00 - 19/11/2024 12:00:00,SCA|NO1,mFRR,Not Specified,Not Specified,MARGINAL,141.13,141.13
19/11/2024 12:00:00 - 19/11/2024 13:00:00,SCA|NO1,mFRR,Not Specified,Not Specified,MARGINAL,135.78,135.78
19/11/2024 13:00:00 - 19/11/2024 14:00:00,SCA|NO1,mFRR,Not Specified,Not Specified,MARGINAL,132.17,132.17
19/11/2024 14:00:00 - 19/11/2024 15:00:00,SCA|NO1,mFRR,Not Specified,Not Specified,MARGINAL,170.0,128.21
19/11/2024 15:00:00 - 19/11/2024 16:00:00,SCA|NO1,mFRR,Not Specified,Not Specified,MARGINAL,920.0,117.96
19/11/2024 16:00:00 - 19/11/2024 17:00:00,SCA|NO1,mFRR,Not Specified,Not Specified,MARGINAL,920.0,121.92
19/11/2024 17:00:00 - 19/11/2024 18:00:00,SCA|NO1,mFRR,Not Specified,Not Specified,MARGINAL,190.0,131.42
19/11/2024 18:00:00 - 19/11/2024 19:00:00,SCA|NO1,mFRR,Not Specified,Not Specified,MARGINAL,132.96,80.5
19/11/2024 19:00:00 - 19/11/2024 20:00:00,SCA|NO1,mFRR,Not Specified,Not Specified,MARGINAL,117.49,68.38
19/11/2024 20:00:00 - 19/11/2024 21:00:00,SCA|NO1,mFRR,Not Specified,Not Specified,MARGINAL,117.5,110.67
19/11/2024 21:00:00 - 19/11/2024 22:00:00,SCA|NO1,mFRR,Not Specified,Not Specified,MARGINAL,106.72,98.88
19/11/2024 22:00:00 - 19/11/2024 23:00:00,SCA|NO1,mFRR,Not Specified,Not Specified,MARGINAL,106.72,94.62
19/11/2024 23:00:00 - 20/11/2024 00:00:00,SCA|NO1,mFRR,Not Specified,Not Specified,MARGINAL,66.52,66.52
20/11/2024 00:00:00 - 20/11/2024 01:00:00,SCA|NO1,mFRR,Not Specified,Not Specified,MARGINAL,73.2,73.2
20/11/2024 01:00:00 - 20/11/2024 02:00:00,SCA|NO1,mFRR,Not Specified,Not Specified,MARGINAL,64.15,64.15
20/11/2024 02:00:00 - 20/11/2024 03:00:00,SCA|NO1,mFRR,Not Specified,Not Specified,MARGINAL,57.62,57.62
20/11/2024 03:00:00 - 20/11/2024 04:00:00,SCA|NO1,mFRR,Not Specified,Not Specified,MARGINAL,53.89,53.89
20/11/2024 04:00:00 - 20/11/2024 05:00:00,SCA|NO1,mFRR,Not Specified,Not Specified,MARGINAL,52.38,52.38
20/11/2024 05:00:00 - 20/11/2024 06:00:00,SCA|NO1,mFRR,Not Specified,Not Specified,MARGINAL,57.43,57.43
20/11/2024 06:00:00 - 20/11/2024 07:00:00,SCA|NO1,mFRR,Not Specified,Not Specified,MARGINAL,86.73,86.73
20/11/2024 07:00:00 - 20/11/2024 08:00:00,SCA|NO1,mFRR,Not Specified,Not Specified,MARGINAL,119.47,119.47
20/11/2024 08:00:00 - 20/11/2024 09:00:00,SCA|NO1,mFRR,Not Specified,Not Specified,MARGINAL,129.63,129.63
20/11/2024 09:00:00 - 20/11/2024 10:00:00,SCA|NO1,mFRR,Not Specified,Not Specified,MARGINAL,125.2,125.2
20/11/2024 10:00:00 - 20/11/2024 11:00:00,SCA|NO1,mFRR,Not Specified,Not Specified,MARGINAL,108.38,108.38
20/11/2024 11:00:00 - 20/11/2024 12:00:00,SCA|NO1,mFRR,Not Specified,Not Specified,MARGINAL,105.0,95.47
20/11/2024 12:00:00 - 20/11/2024 13:00:00,SCA|NO1,mFRR,Not Specified,Not Specified,MARGINAL,106.41,87.1
20/11/2024 13:00:00 - 20/11/2024 14:00:00,SCA|NO1,mFRR,Not Specified,Not Specified,MARGINAL,76.86,76.86
20/11/2024 14:00:00 - 20/11/2024 15:00:00,SCA|NO1,mFRR,Not Specified,Not Specified,MARGINAL,84.31,84.31
20/11/2024 15:00:00 - 20/11/2024 16:00:00,SCA|NO1,mFRR,Not Specified,Not Specified,MARGINAL,99.37,99.37
20/11/2024 16:00:00 - 20/11/2024 17:00:00,SCA|NO1,mFRR,Not Specified,Not Specified,MARGINAL,104.23,104.23
20/11/2024 17:00:00 - 20/11/2024 18:00:00,SCA|NO1,mFRR,Not Specified,Not Specified,MARGINAL,127.78,127.78
20/11/2024 18:00:00 - 20/11/2024 19:00:00,SCA|NO1,mFRR,Not Specified,Not Specified,MARGINAL,128.46,128.46
20/11/2024 19:00:00 - 20/11/2024 20:00:00,SCA|NO1,mFRR,Not Specified,Not Specified,MARGINAL,126.29,126.29
20/11/2024 20:00:00 - 20/11/2024 21:00:00,SCA|NO1,mFRR,Not Specified,Not Specified,MARGINAL,121.95,121.95
20/11/2024 21:00:00 - 20/11/2024 22:00:00,SCA|NO1,mFRR,Not Specified,Not Specified,MARGINAL,110.6,110.6
20/11/2024 22:00:00 - 20/11/2024 23:00:00,SCA|NO1,mFRR,Not Specified,Not Specified,MARGINAL,95.29,95.29
20/11/2024 23:00:00 - 21/11/2024 00:00:00,SCA|NO1,mFRR,Not Specified,Not Specified,MARGINAL,70.08,50.0
21/11/2024 00:00:00 - 21/11/2024 01:00:00,SCA|NO1,mFRR,Not Specified,Not Specified,MARGINAL,63.52,63.52
21/11/2024 01:00:00 - 21/11/2024 02:00:00,SCA|NO1,mFRR,Not Specified,Not Specified,MARGINAL,54.97,54.97
21/11/2024 02:00:00 - 21/11/2024 03:00:00,SCA|NO1,mFRR,Not Specified,Not Specified,MARGINAL,55.15,55.15
21/11/2024 03:00:00 - 21/11/2024 04:00:00,SCA|NO1,mFRR,Not Specified,Not Specified,MARGINAL,59.39,59.39
21/11/2024 04:00:00 - 21/11/2024 05:00:00,SCA|NO1,mFRR,Not Specified,Not Specified,MARGINAL,63.3,63.3
21/11/2024 05:00:00 - 21/11/2024 06:00:00,SCA|NO1,mFRR,Not Specified,Not Specified,MARGINAL,64.3,64.3
21/11/2024 06:00:00 - 21/11/2024 07:00:00,SCA|NO1,mFRR,Not Specified,Not Specified,MARGINAL,110.0,96.27
21/11/2024 07:00:00 - 21/11/2024 08:00:00,SCA|NO1,mFRR,Not Specified,Not Specified,MARGINAL,113.54,109.92
21/11/2024 08:00:00 - 21/11/2024 09:00:00,SCA|NO1,mFRR,Not Specified,Not Specified,MARGINAL,130.0,120.31
21/11/2024 09:00:00 - 21/11/2024 10:00:00,SCA|NO1,mFRR,Not Specified,Not Specified,MARGINAL,132.0,122.11
21/11/2024 10:00:00 - 21/11/2024 11:00:00,SCA|NO1,mFRR,Not Specified,Not Specified,MARGINAL,124.0,115.81
21/11/2024 11:00:00 - 21/11/2024 12:00:00,SCA|NO1,mFRR,Not Specified,Not Specified,MARGINAL,113.0,104.86
21/11/2024 12:00:00 - 21/11/2024 13:00:00,SCA|NO1,mFRR,Not Specified,Not Specified,MARGINAL,109.5,103.23
21/11/2024 13:00:00 - 21/11/2024 14:00:00,SCA|NO1,mFRR,Not Specified,Not Specified,MARGINAL,170.0,109.13
21/11/2024 14:00:00 - 21/11/2024 15:00:00,SCA|NO1,mFRR,Not Specified,Not Specified,MARGINAL,170.0,123.75
21/11/2024 15:00:00 - 21/11/2024 16:00:00,SCA|NO1,mFRR,Not Specified,Not Specified,MARGINAL,185.0,134.5
21/11/2024 16:00:00 - 21/11/2024 17:00:00,SCA|NO1,mFRR,Not Specified,Not Specified,MARGINAL,1000.0,118.19
21/11/2024 17:00:00 - 21/11/2024 18:00:00,SCA|NO1,mFRR,Not Specified,Not Specified,MARGINAL,1000.0,157.71
21/11/2024 18:00:00 - 21/11/2024 19:00:00,SCA|NO1,mFRR,Not Specified,Not Specified,MARGINAL,335.16,142.3
21/11/2024 19:00:00 - 21/11/2024 20:00:00,SCA|NO1,mFRR,Not Specified,Not Specified,MARGINAL,135.91,135.91
21/11/2024 20:00:00 - 21/11/2024 21:00:00,SCA|NO1,mFRR,Not Specified,Not Specified,MARGINAL,124.0,117.17
21/11/2024 21:00:00 - 21/11/2024 22:00:00,SCA|NO1,mFRR,Not Specified,Not Specified,MARGINAL,120.0,110.98
21/11/2024 22:00:00 - 21/11/2024 23:00:00,SCA|NO1,mFRR,Not Specified,Not Specified,MARGINAL,122.5,110.81
21/11/2024 23:00:00 - 22/11/2024 00:00:00,SCA|NO1,mFRR,Not Specified,Not Specified,MARGINAL,120.0,87.95
22/11/2024 00:00:00 - 22/11/2024 01:00:00,SCA|NO1,mFRR,Not Specified,Not Specified,MARGINAL,110.0,75.67
22/11/2024 01:00:00 - 22/11/2024 02:00:00,SCA|NO1,mFRR,Not Specified,Not Specified,MARGINAL,75.0,64.21
22/11/2024 02:00:00 - 22/11/2024 03:00:00,SCA|NO1,mFRR,Not Specified,Not Specified,MARGINAL,68.0,64.42
22/11/2024 03:00:00 - 22/11/2024 04:00:00,SCA|NO1,mFRR,Not Specified,Not Specified,MARGINAL,68.0,64.26
22/11/2024 04:00:00 - 22/11/2024 05:00:00,SCA|NO1,mFRR,Not Specified,Not Specified,MARGINAL,71.0,64.08
22/11/2024 05:00:00 - 22/11/2024 06:00:00,SCA|NO1,mFRR,Not Specified,Not Specified,MARGINAL,71.0,68.21
22/11/2024 06:00:00 - 22/11/2024 07:00:00,SCA|NO1,mFRR,Not Specified,Not Specified,MARGINAL,114.0,103.59
22/11/2024 07:00:00 - 22/11/2024 08:00:00,SCA|NO1,mFRR,Not Specified,Not Specified,MARGINAL,122.44,122.44
22/11/2024 08:00:00 - 22/11/2024 09:00:00,SCA|NO1,mFRR,Not Specified,Not Specified,MARGINAL,131.14,131.14
22/11/2024 09:00:00 - 22/11/2024 10:00:00,SCA|NO1,mFRR,Not Specified,Not Specified,MARGINAL,129.89,129.89
22/11/2024 10:00:00 - 22/11/2024 11:00:00,SCA|NO1,mFRR,Not Specified,Not Specified,MARGINAL,132.0,122.61
22/11/2024 11:00:00 - 22/11/2024 12:00:00,SCA|NO1,mFRR,Not Specified,Not Specified,MARGINAL,114.0,105.53
22/11/2024 12:00:00 - 22/11/2024 13:00:00,SCA|NO1,mFRR,Not Specified,Not Specified,MARGINAL,104.0,95.13
22/11/2024 13:00:00 - 22/11/2024 14:00:00,SCA|NO1,mFRR,Not Specified,Not Specified,MARGINAL,94.5,85.54
22/11/2024 14:00:00 - 22/11/2024 15:00:00,SCA|NO1,mFRR,Not Specified,Not Specified,MARGINAL,85.63,85.63
22/11/2024 15:00:00 - 22/11/2024 16:00:00,SCA|NO1,mFRR,Not Specified,Not Specified,MARGINAL,69.56,69.56
22/11/2024 16:00:00 - 22/11/2024 17:00:00,SCA|NO1,mFRR,Not Specified,Not Specified,MARGINAL,72.47,72.47
22/11/2024 17:00:00 - 22/11/2024 18:00:00,SCA|NO1,mFRR,Not Specified,Not Specified,MARGINAL,78.77,78.77
22/11/2024 18:00:00 - 22/11/2024 19:00:00,SCA|NO1,mFRR,Not Specified,Not Specified,MARGINAL,109.25,109.25
22/11/2024 19:00:00 - 22/11/2024 20:00:00,SCA|NO1,mFRR,Not Specified,Not Specified,MARGINAL,127.0,107.14
22/11/2024 20:00:00 - 22/11/2024 21:00:00,SCA|NO1,mFRR,Not Specified,Not Specified,MARGINAL,90.0,75.06
22/11/2024 21:00:00 - 22/11/2024 22:00:00,SCA|NO1,mFRR,Not Specified,Not Specified,MARGINAL,96.5,74.97
22/11/2024 22:00:00 - 22/11/2024 23:00:00,SCA|NO1,mFRR,Not Specified,Not Specified,MARGINAL,132.0,65.69
22/11/2024 23:00:00 - 23/11/2024 00:00:00,SCA|NO1,mFRR,Not Specified,Not Specified,MARGINAL,73.0,58.24
23/11/2024 00:00:00 - 23/11/2024 01:00:00,SCA|NO1,mFRR,Not Specified,Not Specified,MARGINAL,68.0,52.23
23/11/2024 01:00:00 - 23/11/2024 02:00:00,SCA|NO1,mFRR,Not Specified,Not Specified,MARGINAL,63.0,48.05
23/11/2024 02:00:00 - 23/11/2024 03:00:00,SCA|NO1,mFRR,Not Specified,Not Specified,MARGINAL,52.0,46.88
23/11/2024 03:00:00 - 23/11/2024 04:00:00,SCA|NO1,mFRR,Not Specified,Not Specified,MARGINAL,50.0,46.12
23/11/2024 04:00:00 - 23/11/2024 05:00:00,SCA|NO1,mFRR,Not Specified,Not Specified,MARGINAL,52.0,46.36
23/11/2024 05:00:00 - 23/11/2024 06:00:00,SCA|NO1,mFRR,Not Specified,Not Specified,MARGINAL,63.0,47.1
23/11/2024 06:00:00 - 23/11/2024 07:00:00,SCA|NO1,mFRR,Not Specified,Not Specified,MARGINAL,63.0,48.34
23/11/2024 07:00:00 - 23/11/2024 08:00:00,SCA|NO1,mFRR,Not Specified,Not Specified,MARGINAL,67.5,53.31
23/11/2024 08:00:00 - 23/11/2024 09:00:00,SCA|NO1,mFRR,Not Specified,Not Specified,MARGINAL,67.5,57.54
23/11/2024 09:00:00 - 23/11/2024 10:00:00,SCA|NO1,mFRR,Not Specified,Not Specified,MARGINAL,70.0,60.89
23/11/2024 10:00:00 - 23/11/2024 11:00:00,SCA|NO1,mFRR,Not Specified,Not Specified,MARGINAL,70.0,61.93
23/11/2024 11:00:00 - 23/11/2024 12:00:00,SCA|NO1,mFRR,Not Specified,Not Specified,MARGINAL,68.5,61.21
23/11/2024 12:00:00 - 23/11/2024 13:00:00,SCA|NO1,mFRR,Not Specified,Not Specified,MARGINAL,63.5,61.5
23/11/2024 13:00:00 - 23/11/2024 14:00:00,SCA|NO1,mFRR,Not Specified,Not Specified,MARGINAL,62.5,61.77
23/11/2024 14:00:00 - 23/11/2024 15:00:00,SCA|NO1,mFRR,Not Specified,Not Specified,MARGINAL,63.5,62.82
23/11/2024 15:00:00 - 23/11/2024 16:00:00,SCA|NO1,mFRR,Not Specified,Not Specified,MARGINAL,62.23,51.62
23/11/2024 16:00:00 - 23/11/2024 17:00:00,SCA|NO1,mFRR,Not Specified,Not Specified,MARGINAL,66.9,42.0
23/11/2024 17:00:00 - 23/11/2024 18:00:00,SCA|NO1,mFRR,Not Specified,Not Specified,MARGINAL,69.24,40.0
23/11/2024 18:00:00 - 23/11/2024 19:00:00,SCA|NO1,mFRR,Not Specified,Not Specified,MARGINAL,64.28,37.5
23/11/2024 19:00:00 - 23/11/2024 20:00:00,SCA|NO1,mFRR,Not Specified,Not Specified,MARGINAL,60.79,33.5
23/11/2024 20:00:00 - 23/11/2024 21:00:00,SCA|NO1,mFRR,Not Specified,Not Specified,MARGINAL,50.98,33.5
23/11/2024 21:00:00 - 23/11/2024 22:00:00,SCA|NO1,mFRR,Not Specified,Not Specified,MARGINAL,45.43,30.0
23/11/2024 22:00:00 - 23/11/2024 23:00:00,SCA|NO1,mFRR,Not Specified,Not Specified,MARGINAL,42.35,30.0
23/11/2024 23:00:00 - 24/11/2024 00:00:00,SCA|NO1,mFRR,Not Specified,Not Specified,MARGINAL,30.92,30.92
24/11/2024 00:00:00 - 24/11/2024 01:00:00,SCA|NO1,mFRR,Not Specified,Not Specified,MARGINAL,29.27,29.27
24/11/2024 01:00:00 - 24/11/2024 02:00:00,SCA|NO1,mFRR,Not Specified,Not Specified,MARGINAL,34.0,15.95
24/11/2024 02:00:00 - 24/11/2024 03:00:00,SCA|NO1,mFRR,Not Specified,Not Specified,MARGINAL,34.0,14.61
24/11/2024 03:00:00 - 24/11/2024 04:00:00,SCA|NO1,mFRR,Not Specified,Not Specified,MARGINAL,10.35,10.35
24/11/2024 04:00:00 - 24/11/2024 05:00:00,SCA|NO1,mFRR,Not Specified,Not Specified,MARGINAL,34.0,14.18
24/11/2024 05:00:00 - 24/11/2024 06:00:00,SCA|NO1,mFRR,Not Specified,Not Specified,MARGINAL,39.0,12.48
24/11/2024 06:00:00 - 24/11/2024 07:00:00,SCA|NO1,mFRR,Not Specified,Not Specified,MARGINAL,33.5,8.84
24/11/2024 07:00:00 - 24/11/2024 08:00:00,SCA|NO1,mFRR,Not Specified,Not Specified,MARGINAL,33.5,9.51
24/11/2024 08:00:00 - 24/11/2024 09:00:00,SCA|NO1,mFRR,Not Specified,Not Specified,MARGINAL,31.0,13.0
24/11/2024 09:00:00 - 24/11/2024 10:00:00,SCA|NO1,mFRR,Not Specified,Not Specified,MARGINAL,14.66,14.66
24/11/2024 10:00:00 - 24/11/2024 11:00:00,SCA|NO1,mFRR,Not Specified,Not Specified,MARGINAL,33.5,21.64
24/11/2024 11:00:00 - 24/11/2024 12:00:00,SCA|NO1,mFRR,Not Specified,Not Specified,MARGINAL,42.0,25.66
24/11/2024 12:00:00 - 24/11/2024 13:00:00,SCA|NO1,mFRR,Not Specified,Not Specified,MARGINAL,43.0,28.26
24/11/2024 13:00:00 - 24/11/2024 14:00:00,SCA|NO1,mFRR,Not Specified,Not Specified,MARGINAL,43.0,28.23
24/11/2024 14:00:00 - 24/11/2024 15:00:00,SCA|NO1,mFRR,Not Specified,Not Specified,MARGINAL,43.0,28.36
24/11/2024 15:00:00 - 24/11/2024 16:00:00,SCA|NO1,mFRR,Not Specified,Not Specified,MARGINAL,46.0,31.75
24/11/2024 16:00:00 - 24/11/2024 17:00:00,SCA|NO1,mFRR,Not Specified,Not Specified,MARGINAL,44.0,33.23
24/11/2024 17:00:00 - 24/11/2024 18:00:00,SCA|NO1,mFRR,Not Specified,Not Specified,MARGINAL,46.0,34.51
24/11/2024 18:00:00 - 24/11/2024 19:00:00,SCA|NO1,mFRR,Not Specified,Not Specified,MARGINAL,46.0,36.25
24/11/2024 19:00:00 - 24/11/2024 20:00:00,SCA|NO1,mFRR,Not Specified,Not Specified,MARGINAL,44.0,34.65
24/11/2024 20:00:00 - 24/11/2024 21:00:00,SCA|NO1,mFRR,Not Specified,Not Specified,MARGINAL,41.0,33.61
24/11/2024 21:00:00 - 24/11/2024 22:00:00,SCA|NO1,mFRR,Not Specified,Not Specified,MARGINAL,31.5,29.15
24/11/2024 22:00:00 - 24/11/2024 23:00:00,SCA|NO1,mFRR,Not Specified,Not Specified,MARGINAL,22.62,22.62
24/11/2024 23:00:00 - 25/11/2024 00:00:00,SCA|NO1,mFRR,Not Specified,Not Specified,MARGINAL,11.56,11.56
25/11/2024 00:00:00 - 25/11/2024 01:00:00,SCA|NO1,mFRR,Not Specified,Not Specified,MARGINAL,11.04,11.04
25/11/2024 01:00:00 - 25/11/2024 02:00:00,SCA|NO1,mFRR,Not Specified,Not Specified,MARGINAL,9.07,9.07
25/11/2024 02:00:00 - 25/11/2024 03:00:00,SCA|NO1,mFRR,Not Specified,Not Specified,MARGINAL,6.76,6.76
25/11/2024 03:00:00 - 25/11/2024 04:00:00,SCA|NO1,mFRR,Not Specified,Not Specified,MARGINAL,7.54,5.0
25/11/2024 04:00:00 - 25/11/2024 05:00:00,SCA|NO1,mFRR,Not Specified,Not Specified,MARGINAL,9.13,1.0
25/11/2024 05:00:00 - 25/11/2024 06:00:00,SCA|NO1,mFRR,Not Specified,Not Specified,MARGINAL,14.19,5.0
25/11/2024 06:00:00 - 25/11/2024 07:00:00,SCA|NO1,mFRR,Not Specified,Not Specified,MARGINAL,33.0,28.91
25/11/2024 07:00:00 - 25/11/2024 08:00:00,SCA|NO1,mFRR,Not Specified,Not Specified,MARGINAL,40.94,36.0
25/11/2024 08:00:00 - 25/11/2024 09:00:00,SCA|NO1,mFRR,Not Specified,Not Specified,MARGINAL,44.99,33.0
25/11/2024 09:00:00 - 25/11/2024 10:00:00,SCA|NO1,mFRR,Not Specified,Not Specified,MARGINAL,44.88,26.5
25/11/2024 10:00:00 - 25/11/2024 11:00:00,SCA|NO1,mFRR,Not Specified,Not Specified,MARGINAL,42.43,32.5
25/11/2024 11:00:00 - 25/11/2024 12:00:00,SCA|NO1,mFRR,Not Specified,Not Specified,MARGINAL,41.48,32.5
25/11/2024 12:00:00 - 25/11/2024 13:00:00,SCA|NO1,mFRR,Not Specified,Not Specified,MARGINAL,42.11,34.0
25/11/2024 13:00:00 - 25/11/2024 14:00:00,SCA|NO1,mFRR,Not Specified,Not Specified,MARGINAL,43.76,35.0
25/11/2024 14:00:00 - 25/11/2024 15:00:00,SCA|NO1,mFRR,Not Specified,Not Specified,MARGINAL,43.77,35.0
25/11/2024 15:00:00 - 25/11/2024 16:00:00,SCA|NO1,mFRR,Not Specified,Not Specified,MARGINAL,43.6,35.0
25/11/2024 16:00:00 - 25/11/2024 17:00:00,SCA|NO1,mFRR,Not Specified,Not Specified,MARGINAL,43.84,32.0
25/11/2024 17:00:00 - 25/11/2024 18:00:00,SCA|NO1,mFRR,Not Specified,Not Specified,MARGINAL,44.55,32.0
25/11/2024 18:00:00 - 25/11/2024 19:00:00,SCA|NO1,mFRR,Not Specified,Not Specified,MARGINAL,43.77,32.0
25/11/2024 19:00:00 - 25/11/2024 20:00:00,SCA|NO1,mFRR,Not Specified,Not Specified,MARGINAL,43.59,30.0
25/11/2024 20:00:00 - 25/11/2024 21:00:00,SCA|NO1,mFRR,Not Specified,Not Specified,MARGINAL,42.64,30.0
25/11/2024 21:00:00 - 25/11/2024 22:00:00,SCA|NO1,mFRR,Not Specified,Not Specified,MARGINAL,42.56,30.5
25/11/2024 22:00:00 - 25/11/2024 23:00:00,SCA|NO1,mFRR,Not Specified,Not Specified,MARGINAL,42.07,23.0
25/11/2024 23:00:00 - 26/11/2024 00:00:00,SCA|NO1,mFRR,Not Specified,Not Specified,MARGINAL,41.61,23.0
26/11/2024 00:00:00 - 26/11/2024 01:00:00,SCA|NO1,mFRR,Not Specified,Not Specified,MARGINAL,36.44,25.0
26/11/2024 01:00:00 - 26/11/2024 02:00:00,SCA|NO1,mFRR,Not Specified,Not Specified,MARGINAL,36.49,36.49
26/11/2024 02:00:00 - 26/11/2024 03:00:00,SCA|NO1,mFRR,Not Specified,Not Specified,MARGINAL,34.73,27.5
26/11/2024 03:00:00 - 26/11/2024 04:00:00,SCA|NO1,mFRR,Not Specified,Not Specified,MARGINAL,35.22,27.5
26/11/2024 04:00:00 - 26/11/2024 05:00:00,SCA|NO1,mFRR,Not Specified,Not Specified,MARGINAL,35.48,27.5
26/11/2024 05:00:00 - 26/11/2024 06:00:00,SCA|NO1,mFRR,Not Specified,Not Specified,MARGINAL,35.32,27.5
26/11/2024 06:00:00 - 26/11/2024 07:00:00,SCA|NO1,mFRR,Not Specified,Not Specified,MARGINAL,41.01,41.01
26/11/2024 07:00:00 - 26/11/2024 08:00:00,SCA|NO1,mFRR,Not Specified,Not Specified,MARGINAL,42.8,32.0
26/11/2024 08:00:00 - 26/11/2024 09:00:00,SCA|NO1,mFRR,Not Specified,Not Specified,MARGINAL,44.31,32.0
26/11/2024 09:00:00 - 26/11/2024 10:00:00,SCA|NO1,mFRR,Not Specified,Not Specified,MARGINAL,43.78,30.0
26/11/2024 10:00:00 - 26/11/2024 11:00:00,SCA|NO1,mFRR,Not Specified,Not Specified,MARGINAL,43.01,28.5
26/11/2024 11:00:00 - 26/11/2024 12:00:00,SCA|NO1,mFRR,Not Specified,Not Specified,MARGINAL,42.51,28.5
26/11/2024 12:00:00 - 26/11/2024 13:00:00,SCA|NO1,mFRR,Not Specified,Not Specified,MARGINAL,42.52,28.0
26/11/2024 13:00:00 - 26/11/2024 14:00:00,SCA|NO1,mFRR,Not Specified,Not Specified,MARGINAL,42.67,25.0
26/11/2024 14:00:00 - 26/11/2024 15:00:00,SCA|NO1,mFRR,Not Specified,Not Specified,MARGINAL,43.45,28.0
26/11/2024 15:00:00 - 26/11/2024 16:00:00,SCA|NO1,mFRR,Not Specified,Not Specified,MARGINAL,45.06,42.0
26/11/2024 16:00:00 - 26/11/2024 17:00:00,SCA|NO1,mFRR,Not Specified,Not Specified,MARGINAL,45.65,45.65
26/11/2024 17:00:00 - 26/11/2024 18:00:00,SCA|NO1,mFRR,Not Specified,Not Specified,MARGINAL,46.09,46.09
26/11/2024 18:00:00 - 26/11/2024 19:00:00,SCA|NO1,mFRR,Not Specified,Not Specified,MARGINAL,46.18,41.0
26/11/2024 19:00:00 - 26/11/2024 20:00:00,SCA|NO1,mFRR,Not Specified,Not Specified,MARGINAL,45.87,41.0
26/11/2024 20:00:00 - 26/11/2024 21:00:00,SCA|NO1,mFRR,Not Specified,Not Specified,MARGINAL,45.49,36.0
26/11/2024 21:00:00 - 26/11/2024 22:00:00,SCA|NO1,mFRR,Not Specified,Not Specified,MARGINAL,45.71,36.5
26/11/2024 22:00:00 - 26/11/2024 23:00:00,SCA|NO1,mFRR,Not Specified,Not Specified,MARGINAL,44.89,44.89
26/11/2024 23:00:00 - 27/11/2024 00:00:00,SCA|NO1,mFRR,Not Specified,Not Specified,MARGINAL,44.79,44.79
27/11/2024 00:00:00 - 27/11/2024 01:00:00,SCA|NO1,mFRR,Not Specified,Not Specified,MARGINAL,42.82,42.82
27/11/2024 01:00:00 - 27/11/2024 02:00:00,SCA|NO1,mFRR,Not Specified,Not Specified,MARGINAL,42.34,42.34
27/11/2024 02:00:00 - 27/11/2024 03:00:00,SCA|NO1,mFRR,Not Specified,Not Specified,MARGINAL,42.49,42.49
27/11/2024 03:00:00 - 27/11/2024 04:00:00,SCA|NO1,mFRR,Not Specified,Not Specified,MARGINAL,42.5,42.5
27/11/2024 04:00:00 - 27/11/2024 05:00:00,SCA|NO1,mFRR,Not Specified,Not Specified,MARGINAL,43.39,43.39
27/11/2024 05:00:00 - 27/11/2024 06:00:00,SCA|NO1,mFRR,Not Specified,Not Specified,MARGINAL,44.34,44.34
27/11/2024 06:00:00 - 27/11/2024 07:00:00,SCA|NO1,mFRR,Not Specified,Not Specified,MARGINAL,48.1,48.1
27/11/2024 07:00:00 - 27/11/2024 08:00:00,SCA|NO1,mFRR,Not Specified,Not Specified,MARGINAL,67.21,67.21
27/11/2024 08:00:00 - 27/11/2024 09:00:00,SCA|NO1,mFRR,Not Specified,Not Specified,MARGINAL,71.77,71.77
27/11/2024 09:00:00 - 27/11/2024 10:00:00,SCA|NO1,mFRR,Not Specified,Not Specified,MARGINAL,70.18,70.18
27/11/2024 10:00:00 - 27/11/2024 11:00:00,SCA|NO1,mFRR,Not Specified,Not Specified,MARGINAL,72.32,72.32
27/11/2024 11:00:00 - 27/11/2024 12:00:00,SCA|NO1,mFRR,Not Specified,Not Specified,MARGINAL,72.19,70.97
27/11/2024 12:00:00 - 27/11/2024 13:00:00,SCA|NO1,mFRR,Not Specified,Not Specified,MARGINAL,73.34,73.34
27/11/2024 13:00:00 - 27/11/2024 14:00:00,SCA|NO1,mFRR,Not Specified,Not Specified,MARGINAL,68.65,68.65
27/11/2024 14:00:00 - 27/11/2024 15:00:00,SCA|NO1,mFRR,Not Specified,Not Specified,MARGINAL,66.22,55.83
27/11/2024 15:00:00 - 27/11/2024 16:00:00,SCA|NO1,mFRR,Not Specified,Not Specified,MARGINAL,68.69,55.0
27/11/2024 16:00:00 - 27/11/2024 17:00:00,SCA|NO1,mFRR,Not Specified,Not Specified,MARGINAL,73.15,55.0
27/11/2024 17:00:00 - 27/11/2024 18:00:00,SCA|NO1,mFRR,Not Specified,Not Specified,MARGINAL,102.41,73.5
27/11/2024 18:00:00 - 27/11/2024 19:00:00,SCA|NO1,mFRR,Not Specified,Not Specified,MARGINAL,103.47,61.81
27/11/2024 19:00:00 - 27/11/2024 20:00:00,SCA|NO1,mFRR,Not Specified,Not Specified,MARGINAL,93.16,61.81
27/11/2024 20:00:00 - 27/11/2024 21:00:00,SCA|NO1,mFRR,Not Specified,Not Specified,MARGINAL,71.74,55.0
27/11/2024 21:00:00 - 27/11/2024 22:00:00,SCA|NO1,mFRR,Not Specified,Not Specified,MARGINAL,65.81,49.0
27/11/2024 22:00:00 - 27/11/2024 23:00:00,SCA|NO1,mFRR,Not Specified,Not Specified,MARGINAL,61.08,47.5
27/11/2024 23:00:00 - 28/11/2024 00:00:00,SCA|NO1,mFRR,Not Specified,Not Specified,MARGINAL,46.31,42.0
28/11/2024 00:00:00 - 28/11/2024 01:00:00,SCA|NO1,mFRR,Not Specified,Not Specified,MARGINAL,46.39,41.5
28/11/2024 01:00:00 - 28/11/2024 02:00:00,SCA|NO1,mFRR,Not Specified,Not Specified,MARGINAL,39.89,38.0
28/11/2024 02:00:00 - 28/11/2024 03:00:00,SCA|NO1,mFRR,Not Specified,Not Specified,MARGINAL,33.85,32.5
28/11/2024 03:00:00 - 28/11/2024 04:00:00,SCA|NO1,mFRR,Not Specified,Not Specified,MARGINAL,32.99,31.0
28/11/2024 04:00:00 - 28/11/2024 05:00:00,SCA|NO1,mFRR,Not Specified,Not Specified,MARGINAL,37.11,32.5
28/11/2024 05:00:00 - 28/11/2024 06:00:00,SCA|NO1,mFRR,Not Specified,Not Specified,MARGINAL,45.18,45.18
28/11/2024 06:00:00 - 28/11/2024 07:00:00,SCA|NO1,mFRR,Not Specified,Not Specified,MARGINAL,57.79,57.79
28/11/2024 07:00:00 - 28/11/2024 08:00:00,SCA|NO1,mFRR,Not Specified,Not Specified,MARGINAL,88.0,79.44
28/11/2024 08:00:00 - 28/11/2024 09:00:00,SCA|NO1,mFRR,Not Specified,Not Specified,MARGINAL,102.0,98.15
28/11/2024 09:00:00 - 28/11/2024 10:00:00,SCA|NO1,mFRR,Not Specified,Not Specified,MARGINAL,91.65,91.65
28/11/2024 10:00:00 - 28/11/2024 11:00:00,SCA|NO1,mFRR,Not Specified,Not Specified,MARGINAL,81.71,81.71
28/11/2024 11:00:00 - 28/11/2024 12:00:00,SCA|NO1,mFRR,Not Specified,Not Specified,MARGINAL,69.39,69.39
28/11/2024 12:00:00 - 28/11/2024 13:00:00,SCA|NO1,mFRR,Not Specified,Not Specified,MARGINAL,66.37,66.37
28/11/2024 13:00:00 - 28/11/2024 14:00:00,SCA|NO1,mFRR,Not Specified,Not Specified,MARGINAL,65.11,65.11
28/11/2024 14:00:00 - 28/11/2024 15:00:00,SCA|NO1,mFRR,Not Specified,Not Specified,MARGINAL,185.0,81.6
28/11/2024 15:00:00 - 28/11/2024 16:00:00,SCA|NO1,mFRR,Not Specified,Not Specified,MARGINAL,125.0,77.81
28/11/2024 16:00:00 - 28/11/2024 17:00:00,SCA|NO1,mFRR,Not Specified,Not Specified,MARGINAL,106.71,106.71
28/11/2024 17:00:00 - 28/11/2024 18:00:00,SCA|NO1,mFRR,Not Specified,Not Specified,MARGINAL,118.21,80.0
28/11/2024 18:00:00 - 28/11/2024 19:00:00,SCA|NO1,mFRR,Not Specified,Not Specified,MARGINAL,129.26,80.0
28/11/2024 19:00:00 - 28/11/2024 20:00:00,SCA|NO1,mFRR,Not Specified,Not Specified,MARGINAL,125.11,125.11
28/11/2024 20:00:00 - 28/11/2024 21:00:00,SCA|NO1,mFRR,Not Specified,Not Specified,MARGINAL,111.9,111.9
28/11/2024 21:00:00 - 28/11/2024 22:00:00,SCA|NO1,mFRR,Not Specified,Not Specified,MARGINAL,100.53,100.53
28/11/2024 22:00:00 - 28/11/2024 23:00:00,SCA|NO1,mFRR,Not Specified,Not Specified,MARGINAL,100.0,87.77
28/11/2024 23:00:00 - 29/11/2024 00:00:00,SCA|NO1,mFRR,Not Specified,Not Specified,MARGINAL,65.0,54.77
29/11/2024 00:00:00 - 29/11/2024 01:00:00,SCA|NO1,mFRR,Not Specified,Not Specified,MARGINAL,60.5,45.52
29/11/2024 01:00:00 - 29/11/2024 02:00:00,SCA|NO1,mFRR,Not Specified,Not Specified,MARGINAL,60.5,44.06
29/11/2024 02:00:00 - 29/11/2024 03:00:00,SCA|NO1,mFRR,Not Specified,Not Specified,MARGINAL,60.5,44.06
29/11/2024 03:00:00 - 29/11/2024 04:00:00,SCA|NO1,mFRR,Not Specified,Not Specified,MARGINAL,60.5,43.75
29/11/2024 04:00:00 - 29/11/2024 05:00:00,SCA|NO1,mFRR,Not Specified,Not Specified,MARGINAL,60.5,43.59
29/11/2024 05:00:00 - 29/11/2024 06:00:00,SCA|NO1,mFRR,Not Specified,Not Specified,MARGINAL,60.0,44.22
29/11/2024 06:00:00 - 29/11/2024 07:00:00,SCA|NO1,mFRR,Not Specified,Not Specified,MARGINAL,58.0,55.26
29/11/2024 07:00:00 - 29/11/2024 08:00:00,SCA|NO1,mFRR,Not Specified,Not Specified,MARGINAL,73.0,69.55
29/11/2024 08:00:00 - 29/11/2024 09:00:00,SCA|NO1,mFRR,Not Specified,Not Specified,MARGINAL,73.0,72.87
29/11/2024 09:00:00 - 29/11/2024 10:00:00,SCA|NO1,mFRR,Not Specified,Not Specified,MARGINAL,68.0,62.91
29/11/2024 10:00:00 - 29/11/2024 11:00:00,SCA|NO1,mFRR,Not Specified,Not Specified,MARGINAL,62.0,55.3
29/11/2024 11:00:00 - 29/11/2024 12:00:00,SCA|NO1,mFRR,Not Specified,Not Specified,MARGINAL,60.5,51.56
29/11/2024 12:00:00 - 29/11/2024 13:00:00,SCA|NO1,mFRR,Not Specified,Not Specified,MARGINAL,60.5,48.29
29/11/2024 13:00:00 - 29/11/2024 14:00:00,SCA|NO1,mFRR,Not Specified,Not Specified,MARGINAL,61.0,46.94
29/11/2024 14:00:00 - 29/11/2024 15:00:00,SCA|NO1,mFRR,Not Specified,Not Specified,MARGINAL,61.0,46.35
29/11/2024 15:00:00 - 29/11/2024 16:00:00,SCA|NO1,mFRR,Not Specified,Not Specified,MARGINAL,46.49,46.49
29/11/2024 16:00:00 - 29/11/2024 17:00:00,SCA|NO1,mFRR,Not Specified,Not Specified,MARGINAL,48.8,48.8
29/11/2024 17:00:00 - 29/11/2024 18:00:00,SCA|NO1,mFRR,Not Specified,Not Specified,MARGINAL,48.74,48.74
29/11/2024 18:00:00 - 29/11/2024 19:00:00,SCA|NO1,mFRR,Not Specified,Not Specified,MARGINAL,44.18,44.18
29/11/2024 19:00:00 - 29/11/2024 20:00:00,SCA|NO1,mFRR,Not Specified,Not Specified,MARGINAL,43.62,43.62
29/11/2024 20:00:00 - 29/11/2024 21:00:00,SCA|NO1,mFRR,Not Specified,Not Specified,MARGINAL,42.71,42.71
29/11/2024 21:00:00 - 29/11/2024 22:00:00,SCA|NO1,mFRR,Not Specified,Not Specified,MARGINAL,42.39,42.39
29/11/2024 22:00:00 - 29/11/2024 23:00:00,SCA|NO1,mFRR,Not Specified,Not Specified,MARGINAL,42.27,42.27
29/11/2024 23:00:00 - 30/11/2024 00:00:00,SCA|NO1,mFRR,Not Specified,Not Specified,MARGINAL,41.25,41.25
30/11/2024 00:00:00 - 30/11/2024 01:00:00,SCA|NO1,mFRR,Not Specified,Not Specified,MARGINAL,39.46,39.46
30/11/2024 01:00:00 - 30/11/2024 02:00:00,SCA|NO1,mFRR,Not Specified,Not Specified,MARGINAL,38.9,29.0
30/11/2024 02:00:00 - 30/11/2024 03:00:00,SCA|NO1,mFRR,Not Specified,Not Specified,MARGINAL,38.98,30.0
30/11/2024 03:00:00 - 30/11/2024 04:00:00,SCA|NO1,mFRR,Not Specified,Not Specified,MARGINAL,37.86,37.86
30/11/2024 04:00:00 - 30/11/2024 05:00:00,SCA|NO1,mFRR,Not Specified,Not Specified,MARGINAL,35.57,32.5
30/11/2024 05:00:00 - 30/11/2024 06:00:00,SCA|NO1,mFRR,Not Specified,Not Specified,MARGINAL,35.15,32.5
30/11/2024 06:00:00 - 30/11/2024 07:00:00,SCA|NO1,mFRR,Not Specified,Not Specified,MARGINAL,35.77,29.0
30/11/2024 07:00:00 - 30/11/2024 08:00:00,SCA|NO1,mFRR,Not Specified,Not Specified,MARGINAL,38.4,25.5
30/11/2024 08:00:00 - 30/11/2024 09:00:00,SCA|NO1,mFRR,Not Specified,Not Specified,MARGINAL,39.06,25.5
30/11/2024 09:00:00 - 30/11/2024 10:00:00,SCA|NO1,mFRR,Not Specified,Not Specified,MARGINAL,39.74,25.5
30/11/2024 10:00:00 - 30/11/2024 11:00:00,SCA|NO1,mFRR,Not Specified,Not Specified,MARGINAL,39.79,25.5
30/11/2024 11:00:00 - 30/11/2024 12:00:00,SCA|NO1,mFRR,Not Specified,Not Specified,MARGINAL,40.38,26.0
30/11/2024 12:00:00 - 30/11/2024 13:00:00,SCA|NO1,mFRR,Not Specified,Not Specified,MARGINAL,40.48,30.0
30/11/2024 13:00:00 - 30/11/2024 14:00:00,SCA|NO1,mFRR,Not Specified,Not Specified,MARGINAL,40.95,40.95
30/11/2024 14:00:00 - 30/11/2024 15:00:00,SCA|NO1,mFRR,Not Specified,Not Specified,MARGINAL,40.62,40.62
30/11/2024 15:00:00 - 30/11/2024 16:00:00,SCA|NO1,mFRR,Not Specified,Not Specified,MARGINAL,41.08,41.08
30/11/2024 16:00:00 - 30/11/2024 17:00:00,SCA|NO1,mFRR,Not Specified,Not Specified,MARGINAL,41.87,41.87
30/11/2024 17:00:00 - 30/11/2024 18:00:00,SCA|NO1,mFRR,Not Specified,Not Specified,MARGINAL,41.81,41.81
30/11/2024 18:00:00 - 30/11/2024 19:00:00,SCA|NO1,mFRR,Not Specified,Not Specified,MARGINAL,41.61,41.61
30/11/2024 19:00:00 - 30/11/2024 20:00:00,SCA|NO1,mFRR,Not Specified,Not Specified,MARGINAL,41.35,36.0
30/11/2024 20:00:00 - 30/11/2024 21:00:00,SCA|NO1,mFRR,Not Specified,Not Specified,MARGINAL,41.15,36.0
30/11/2024 21:00:00 - 30/11/2024 22:00:00,SCA|NO1,mFRR,Not Specified,Not Specified,MARGINAL,40.56,40.56
30/11/2024 22:00:00 - 30/11/2024 23:00:00,SCA|NO1,mFRR,Not Specified,Not Specified,MARGINAL,40.1,40.1
30/11/2024 23:00:00 - 01/12/2024 00:00:00,SCA|NO1,mFRR,Not Specified,Not Specified,MARGINAL,39.42,39.42
01/12/2024 00:00:00 - 01/12/2024 01:00:00,SCA|NO1,mFRR,Not Specified,Not Specified,MARGINAL,37.41,33.0
01/12/2024 01:00:00 - 01/12/2024 02:00:00,SCA|NO1,mFRR,Not Specified,Not Specified,MARGINAL,36.06,33.0
01/12/2024 02:00:00 - 01/12/2024 03:00:00,SCA|NO1,mFRR,Not Specified,Not Specified,MARGINAL,35.95,30.0
01/12/2024 03:00:00 - 01/12/2024 04:00:00,SCA|NO1,mFRR,Not Specified,Not Specified,MARGINAL,35.78,30.0
01/12/2024 04:00:00 - 01/12/2024 05:00:00,SCA|NO1,mFRR,Not Specified,Not Specified,MARGINAL,35.75,30.0
01/12/2024 05:00:00 - 01/12/2024 06:00:00,SCA|NO1,mFRR,Not Specified,Not Specified,MARGINAL,36.06,30.0
01/12/2024 06:00:00 - 01/12/2024 07:00:00,SCA|NO1,mFRR,Not Specified,Not Specified,MARGINAL,36.31,30.0
01/12/2024 07:00:00 - 01/12/2024 08:00:00,SCA|NO1,mFRR,Not Specified,Not Specified,MARGINAL,38.21,30.0
01/12/2024 08:00:00 - 01/12/2024 09:00:00,SCA|NO1,mFRR,Not Specified,Not Specified,MARGINAL,38.15,30.0
01/12/2024 09:00:00 - 01/12/2024 10:00:00,SCA|NO1,mFRR,Not Specified,Not Specified,MARGINAL,38.52,29.0
01/12/2024 10:00:00 - 01/12/2024 11:00:00,SCA|NO1,mFRR,Not Specified,Not Specified,MARGINAL,38.61,30.0
01/12/2024 11:00:00 - 01/12/2024 12:00:00,SCA|NO1,mFRR,Not Specified,Not Specified,MARGINAL,38.6,30.5
01/12/2024 12:00:00 - 01/12/2024 13:00:00,SCA|NO1,mFRR,Not Specified,Not Specified,MARGINAL,38.39,31.0
01/12/2024 13:00:00 - 01/12/2024 14:00:00,SCA|NO1,mFRR,Not Specified,Not Specified,MARGINAL,38.37,32.0
01/12/2024 14:00:00 - 01/12/2024 15:00:00,SCA|NO1,mFRR,Not Specified,Not Specified,MARGINAL,38.5,30.5
01/12/2024 15:00:00 - 01/12/2024 16:00:00,SCA|NO1,mFRR,Not Specified,Not Specified,MARGINAL,38.46,31.5
01/12/2024 16:00:00 - 01/12/2024 17:00:00,SCA|NO1,mFRR,Not Specified,Not Specified,MARGINAL,38.84,38.84
01/12/2024 17:00:00 - 01/12/2024 18:00:00,SCA|NO1,mFRR,Not Specified,Not Specified,MARGINAL,38.93,38.93
01/12/2024 18:00:00 - 01/12/2024 19:00:00,SCA|NO1,mFRR,Not Specified,Not Specified,MARGINAL,38.7,38.7
01/12/2024 19:00:00 - 01/12/2024 20:00:00,SCA|NO1,mFRR,Not Specified,Not Specified,MARGINAL,38.28,35.8
01/12/2024 20:00:00 - 01/12/2024 21:00:00,SCA|NO1,mFRR,Not Specified,Not Specified,MARGINAL,38.1,34.0
01/12/2024 21:00:00 - 01/12/2024 22:00:00,SCA|NO1,mFRR,Not Specified,Not Specified,MARGINAL,37.71,30.84
01/12/2024 22:00:00 - 01/12/2024 23:00:00,SCA|NO1,mFRR,Not Specified,Not Specified,MARGINAL,37.55,30.84
01/12/2024 23:00:00 - 02/12/2024 00:00:00,SCA|NO1,mFRR,Not Specified,Not Specified,MARGINAL,37.01,35.0
02/12/2024 00:00:00 - 02/12/2024 01:00:00,SCA|NO1,mFRR,Not Specified,Not Specified,MARGINAL,39.0,29.16
02/12/2024 01:00:00 - 02/12/2024 02:00:00,SCA|NO1,mFRR,Not Specified,Not Specified,MARGINAL,39.0,28.64
02/12/2024 02:00:00 - 02/12/2024 03:00:00,SCA|NO1,mFRR,Not Specified,Not Specified,MARGINAL,37.0,29.0
02/12/2024 03:00:00 - 02/12/2024 04:00:00,SCA|NO1,mFRR,Not Specified,Not Specified,MARGINAL,37.0,29.09
02/12/2024 04:00:00 - 02/12/2024 05:00:00,SCA|NO1,mFRR,Not Specified,Not Specified,MARGINAL,34.5,28.53
02/12/2024 05:00:00 - 02/12/2024 06:00:00,SCA|NO1,mFRR,Not Specified,Not Specified,MARGINAL,34.0,28.44
02/12/2024 06:00:00 - 02/12/2024 07:00:00,SCA|NO1,mFRR,Not Specified,Not Specified,MARGINAL,40.5,39.37
02/12/2024 07:00:00 - 02/12/2024 08:00:00,SCA|NO1,mFRR,Not Specified,Not Specified,MARGINAL,47.0,40.5
02/12/2024 08:00:00 - 02/12/2024 09:00:00,SCA|NO1,mFRR,Not Specified,Not Specified,MARGINAL,47.0,41.66
02/12/2024 09:00:00 - 02/12/2024 10:00:00,SCA|NO1,mFRR,Not Specified,Not Specified,MARGINAL,47.0,41.5
02/12/2024 10:00:00 - 02/12/2024 11:00:00,SCA|NO1,mFRR,Not Specified,Not Specified,MARGINAL,47.0,41.1
02/12/2024 11:00:00 - 02/12/2024 12:00:00,SCA|NO1,mFRR,Not Specified,Not Specified,MARGINAL,53.0,40.92
02/12/2024 12:00:00 - 02/12/2024 13:00:00,SCA|NO1,mFRR,Not Specified,Not Specified,MARGINAL,53.0,40.72
02/12/2024 13:00:00 - 02/12/2024 14:00:00,SCA|NO1,mFRR,Not Specified,Not Specified,MARGINAL,53.0,40.63
02/12/2024 14:00:00 - 02/12/2024 15:00:00,SCA|NO1,mFRR,Not Specified,Not Specified,MARGINAL,55.5,40.49
02/12/2024 15:00:00 - 02/12/2024 16:00:00,SCA|NO1,mFRR,Not Specified,Not Specified,MARGINAL,60.5,40.94
02/12/2024 16:00:00 - 02/12/2024 17:00:00,SCA|NO1,mFRR,Not Specified,Not Specified,MARGINAL,60.5,41.9
02/12/2024 17:00:00 - 02/12/2024 18:00:00,SCA|NO1,mFRR,Not Specified,Not Specified,MARGINAL,60.5,41.76
02/12/2024 18:00:00 - 02/12/2024 19:00:00,SCA|NO1,mFRR,Not Specified,Not Specified,MARGINAL,53.0,41.94
02/12/2024 19:00:00 - 02/12/2024 20:00:00,SCA|NO1,mFRR,Not Specified,Not Specified,MARGINAL,50.0,41.27
02/12/2024 20:00:00 - 02/12/2024 21:00:00,SCA|NO1,mFRR,Not Specified,Not Specified,MARGINAL,49.0,40.63
02/12/2024 21:00:00 - 02/12/2024 22:00:00,SCA|NO1,mFRR,Not Specified,Not Specified,MARGINAL,48.0,40.26
02/12/2024 22:00:00 - 02/12/2024 23:00:00,SCA|NO1,mFRR,Not Specified,Not Specified,MARGINAL,48.0,39.88
02/12/2024 23:00:00 - 03/12/2024 00:00:00,SCA|NO1,mFRR,Not Specified,Not Specified,MARGINAL,45.5,39.7
03/12/2024 00:00:00 - 03/12/2024 01:00:00,SCA|NO1,mFRR,Not Specified,Not Specified,MARGINAL,45.0,37.07
03/12/2024 01:00:00 - 03/12/2024 02:00:00,SCA|NO1,mFRR,Not Specified,Not Specified,MARGINAL,39.0,32.73
03/12/2024 02:00:00 - 03/12/2024 03:00:00,SCA|NO1,mFRR,Not Specified,Not Specified,MARGINAL,39.0,31.18
03/12/2024 03:00:00 - 03/12/2024 04:00:00,SCA|NO1,mFRR,Not Specified,Not Specified,MARGINAL,39.0,30.39
03/12/2024 04:00:00 - 03/12/2024 05:00:00,SCA|NO1,mFRR,Not Specified,Not Specified,MARGINAL,41.0,31.63
03/12/2024 05:00:00 - 03/12/2024 06:00:00,SCA|NO1,mFRR,Not Specified,Not Specified,MARGINAL,41.14,41.14
03/12/2024 06:00:00 - 03/12/2024 07:00:00,SCA|NO1,mFRR,Not Specified,Not Specified,MARGINAL,46.46,46.46
03/12/2024 07:00:00 - 03/12/2024 08:00:00,SCA|NO1,mFRR,Not Specified,Not Specified,MARGINAL,61.73,61.73
03/12/2024 08:00:00 - 03/12/2024 09:00:00,SCA|NO1,mFRR,Not Specified,Not Specified,MARGINAL,69.51,69.51
03/12/2024 09:00:00 - 03/12/2024 10:00:00,SCA|NO1,mFRR,Not Specified,Not Specified,MARGINAL,74.8,74.8
03/12/2024 10:00:00 - 03/12/2024 11:00:00,SCA|NO1,mFRR,Not Specified,Not Specified,MARGINAL,96.95,96.95
03/12/2024 11:00:00 - 03/12/2024 12:00:00,SCA|NO1,mFRR,Not Specified,Not Specified,MARGINAL,64.65,64.65
03/12/2024 12:00:00 - 03/12/2024 13:00:00,SCA|NO1,mFRR,Not Specified,Not Specified,MARGINAL,62.0,62.0
03/12/2024 13:00:00 - 03/12/2024 14:00:00,SCA|NO1,mFRR,Not Specified,Not Specified,MARGINAL,54.92,41.0
03/12/2024 14:00:00 - 03/12/2024 15:00:00,SCA|NO1,mFRR,Not Specified,Not Specified,MARGINAL,61.01,41.0
03/12/2024 15:00:00 - 03/12/2024 16:00:00,SCA|NO1,mFRR,Not Specified,Not Specified,MARGINAL,63.01,43.5
03/12/2024 16:00:00 - 03/12/2024 17:00:00,SCA|NO1,mFRR,Not Specified,Not Specified,MARGINAL,75.26,75.09
03/12/2024 17:00:00 - 03/12/2024 18:00:00,SCA|NO1,mFRR,Not Specified,Not Specified,MARGINAL,138.1,99.5
03/12/2024 18:00:00 - 03/12/2024 19:00:00,SCA|NO1,mFRR,Not Specified,Not Specified,MARGINAL,131.72,100.0
03/12/2024 19:00:00 - 03/12/2024 20:00:00,SCA|NO1,mFRR,Not Specified,Not Specified,MARGINAL,124.0,90.0
03/12/2024 20:00:00 - 03/12/2024 21:00:00,SCA|NO1,mFRR,Not Specified,Not Specified,MARGINAL,109.49,109.49
03/12/2024 21:00:00 - 03/12/2024 22:00:00,SCA|NO1,mFRR,Not Specified,Not Specified,MARGINAL,102.15,102.15
03/12/2024 22:00:00 - 03/12/2024 23:00:00,SCA|NO1,mFRR,Not Specified,Not Specified,MARGINAL,90.6,90.6
03/12/2024 23:00:00 - 04/12/2024 00:00:00,SCA|NO1,mFRR,Not Specified,Not Specified,MARGINAL,51.21,51.21
04/12/2024 00:00:00 - 04/12/2024 01:00:00,SCA|NO1,mFRR,Not Specified,Not Specified,MARGINAL,59.0,53.95
04/12/2024 01:00:00 - 04/12/2024 02:00:00,SCA|NO1,mFRR,Not Specified,Not Specified,MARGINAL,59.0,50.93
04/12/2024 02:00:00 - 04/12/2024 03:00:00,SCA|NO1,mFRR,Not Specified,Not Specified,MARGINAL,61.0,51.86
04/12/2024 03:00:00 - 04/12/2024 04:00:00,SCA|NO1,mFRR,Not Specified,Not Specified,MARGINAL,61.0,51.67
04/12/2024 04:00:00 - 04/12/2024 05:00:00,SCA|NO1,mFRR,Not Specified,Not Specified,MARGINAL,61.0,51.45
04/12/2024 05:00:00 - 04/12/2024 06:00:00,SCA|NO1,mFRR,Not Specified,Not Specified,MARGINAL,59.34,59.34
04/12/2024 06:00:00 - 04/12/2024 07:00:00,SCA|NO1,mFRR,Not Specified,Not Specified,MARGINAL,103.19,51.0
04/12/2024 07:00:00 - 04/12/2024 08:00:00,SCA|NO1,mFRR,Not Specified,Not Specified,MARGINAL,169.73,80.0
04/12/2024 08:00:00 - 04/12/2024 09:00:00,SCA|NO1,mFRR,Not Specified,Not Specified,MARGINAL,232.44,195.0
04/12/2024 09:00:00 - 04/12/2024 10:00:00,SCA|NO1,mFRR,Not Specified,Not Specified,MARGINAL,197.18,197.18
04/12/2024 10:00:00 - 04/12/2024 11:00:00,SCA|NO1,mFRR,Not Specified,Not Specified,MARGINAL,166.09,166.09
04/12/2024 11:00:00 - 04/12/2024 12:00:00,SCA|NO1,mFRR,Not Specified,Not Specified,MARGINAL,155.15,155.15
04/12/2024 12:00:00 - 04/12/2024 13:00:00,SCA|NO1,mFRR,Not Specified,Not Specified,MARGINAL,105.24,87.28
04/12/2024 13:00:00 - 04/12/2024 14:00:00,SCA|NO1,mFRR,Not Specified,Not Specified,MARGINAL,129.55,88.71
04/12/2024 14:00:00 - 04/12/2024 15:00:00,SCA|NO1,mFRR,Not Specified,Not Specified,MARGINAL,102.98,102.98
04/12/2024 15:00:00 - 04/12/2024 16:00:00,SCA|NO1,mFRR,Not Specified,Not Specified,MARGINAL,105.24,105.24
04/12/2024 16:00:00 - 04/12/2024 17:00:00,SCA|NO1,mFRR,Not Specified,Not Specified,MARGINAL,104.28,104.28
04/12/2024 17:00:00 - 04/12/2024 18:00:00,SCA|NO1,mFRR,Not Specified,Not Specified,MARGINAL,90.32,90.32
04/12/2024 18:00:00 - 04/12/2024 19:00:00,SCA|NO1,mFRR,Not Specified,Not Specified,MARGINAL,85.99,85.99
04/12/2024 19:00:00 - 04/12/2024 20:00:00,SCA|NO1,mFRR,Not Specified,Not Specified,MARGINAL,65.81,65.81
04/12/2024 20:00:00 - 04/12/2024 21:00:00,SCA|NO1,mFRR,Not Specified,Not Specified,MARGINAL,72.56,70.02
04/12/2024 21:00:00 - 04/12/2024 22:00:00,SCA|NO1,mFRR,Not Specified,Not Specified,MARGINAL,74.7,70.45
04/12/2024 22:00:00 - 04/12/2024 23:00:00,SCA|NO1,mFRR,Not Specified,Not Specified,MARGINAL,86.52,86.52
04/12/2024 23:00:00 - 05/12/2024 00:00:00,SCA|NO1,mFRR,Not Specified,Not Specified,MARGINAL,58.74,58.74
05/12/2024 00:00:00 - 05/12/2024 01:00:00,SCA|NO1,mFRR,Not Specified,Not Specified,MARGINAL,56.0,46.53
05/12/2024 01:00:00 - 05/12/2024 02:00:00,SCA|NO1,mFRR,Not Specified,Not Specified,MARGINAL,56.0,45.89
05/12/2024 02:00:00 - 05/12/2024 03:00:00,SCA|NO1,mFRR,Not Specified,Not Specified,MARGINAL,60.0,46.2
05/12/2024 03:00:00 - 05/12/2024 04:00:00,SCA|NO1,mFRR,Not Specified,Not Specified,MARGINAL,60.0,45.57
05/12/2024 04:00:00 - 05/12/2024 05:00:00,SCA|NO1,mFRR,Not Specified,Not Specified,MARGINAL,66.0,45.55
05/12/2024 05:00:00 - 05/12/2024 06:00:00,SCA|NO1,mFRR,Not Specified,Not Specified,MARGINAL,66.0,46.89
05/12/2024 06:00:00 - 05/12/2024 07:00:00,SCA|NO1,mFRR,Not Specified,Not Specified,MARGINAL,81.0,65.24
05/12/2024 07:00:00 - 05/12/2024 08:00:00,SCA|NO1,mFRR,Not Specified,Not Specified,MARGINAL,97.0,91.78
05/12/2024 08:00:00 - 05/12/2024 09:00:00,SCA|NO1,mFRR,Not Specified,Not Specified,MARGINAL,116.0,105.79
05/12/2024 09:00:00 - 05/12/2024 10:00:00,SCA|NO1,mFRR,Not Specified,Not Specified,MARGINAL,88.0,82.95
05/12/2024 10:00:00 - 05/12/2024 11:00:00,SCA|NO1,mFRR,Not Specified,Not Specified,MARGINAL,77.0,76.41
05/12/2024 11:00:00 - 05/12/2024 12:00:00,SCA|NO1,mFRR,Not Specified,Not Specified,MARGINAL,66.83,66.83
05/12/2024 12:00:00 - 05/12/2024 13:00:00,SCA|NO1,mFRR,Not Specified,Not Specified,MARGINAL,62.95,62.95
05/12/2024 13:00:00 - 05/12/2024 14:00:00,SCA|NO1,mFRR,Not Specified,Not Specified,MARGINAL,59.27,59.27
05/12/2024 14:00:00 - 05/12/2024 15:00:00,SCA|NO1,mFRR,Not Specified,Not Specified,MARGINAL,60.0,52.79
05/12/2024 15:00:00 - 05/12/2024 16:00:00,SCA|NO1,mFRR,Not Specified,Not Specified,MARGINAL,60.0,51.94
05/12/2024 16:00:00 - 05/12/2024 17:00:00,SCA|NO1,mFRR,Not Specified,Not Specified,MARGINAL,50.94,50.94
05/12/2024 17:00:00 - 05/12/2024 18:00:00,SCA|NO1,mFRR,Not Specified,Not Specified,MARGINAL,50.83,50.83
05/12/2024 18:00:00 - 05/12/2024 19:00:00,SCA|NO1,mFRR,Not Specified,Not Specified,MARGINAL,64.0,47.25
05/12/2024 19:00:00 - 05/12/2024 20:00:00,SCA|NO1,mFRR,Not Specified,Not Specified,MARGINAL,52.0,46.42
05/12/2024 20:00:00 - 05/12/2024 21:00:00,SCA|NO1,mFRR,Not Specified,Not Specified,MARGINAL,52.0,45.73
05/12/2024 21:00:00 - 05/12/2024 22:00:00,SCA|NO1,mFRR,Not Specified,Not Specified,MARGINAL,50.0,46.37
05/12/2024 22:00:00 - 05/12/2024 23:00:00,SCA|NO1,mFRR,Not Specified,Not Specified,MARGINAL,49.0,43.74
05/12/2024 23:00:00 - 06/12/2024 00:00:00,SCA|NO1,mFRR,Not Specified,Not Specified,MARGINAL,47.0,43.37
06/12/2024 00:00:00 - 06/12/2024 01:00:00,SCA|NO1,mFRR,Not Specified,Not Specified,MARGINAL,38.0,37.91
06/12/2024 01:00:00 - 06/12/2024 02:00:00,SCA|NO1,mFRR,Not Specified,Not Specified,MARGINAL,29.27,29.27
06/12/2024 02:00:00 - 06/12/2024 03:00:00,SCA|NO1,mFRR,Not Specified,Not Specified,MARGINAL,18.61,18.61
06/12/2024 03:00:00 - 06/12/2024 04:00:00,SCA|NO1,mFRR,Not Specified,Not Specified,MARGINAL,13.45,13.45
06/12/2024 04:00:00 - 06/12/2024 05:00:00,SCA|NO1,mFRR,Not Specified,Not Specified,MARGINAL,24.4,24.4
06/12/2024 05:00:00 - 06/12/2024 06:00:00,SCA|NO1,mFRR,Not Specified,Not Specified,MARGINAL,35.6,35.6
06/12/2024 06:00:00 - 06/12/2024 07:00:00,SCA|NO1,mFRR,Not Specified,Not Specified,MARGINAL,42.54,42.54
06/12/2024 07:00:00 - 06/12/2024 08:00:00,SCA|NO1,mFRR,Not Specified,Not Specified,MARGINAL,58.39,58.39
06/12/2024 08:00:00 - 06/12/2024 09:00:00,SCA|NO1,mFRR,Not Specified,Not Specified,MARGINAL,93.56,93.56
06/12/2024 09:00:00 - 06/12/2024 10:00:00,SCA|NO1,mFRR,Not Specified,Not Specified,MARGINAL,84.12,84.12
06/12/2024 10:00:00 - 06/12/2024 11:00:00,SCA|NO1,mFRR,Not Specified,Not Specified,MARGINAL,80.59,80.59
06/12/2024 11:00:00 - 06/12/2024 12:00:00,SCA|NO1,mFRR,Not Specified,Not Specified,MARGINAL,78.07,51.0
06/12/2024 12:00:00 - 06/12/2024 13:00:00,SCA|NO1,mFRR,Not Specified,Not Specified,MARGINAL,84.53,54.0
06/12/2024 13:00:00 - 06/12/2024 14:00:00,SCA|NO1,mFRR,Not Specified,Not Specified,MARGINAL,78.67,78.67
06/12/2024 14:00:00 - 06/12/2024 15:00:00,SCA|NO1,mFRR,Not Specified,Not Specified,MARGINAL,82.97,82.97
06/12/2024 15:00:00 - 06/12/2024 16:00:00,SCA|NO1,mFRR,Not Specified,Not Specified,MARGINAL,85.0,70.52
06/12/2024 16:00:00 - 06/12/2024 17:00:00,SCA|NO1,mFRR,Not Specified,Not Specified,MARGINAL,94.06,94.06
06/12/2024 17:00:00 - 06/12/2024 18:00:00,SCA|NO1,mFRR,Not Specified,Not Specified,MARGINAL,101.08,101.08
06/12/2024 18:00:00 - 06/12/2024 19:00:00,SCA|NO1,mFRR,Not Specified,Not Specified,MARGINAL,105.5,75.0
06/12/2024 19:00:00 - 06/12/2024 20:00:00,SCA|NO1,mFRR,Not Specified,Not Specified,MARGINAL,98.72,70.0
06/12/2024 20:00:00 - 06/12/2024 21:00:00,SCA|NO1,mFRR,Not Specified,Not Specified,MARGINAL,90.75,47.5
06/12/2024 21:00:00 - 06/12/2024 22:00:00,SCA|NO1,mFRR,Not Specified,Not Specified,MARGINAL,84.54,45.0
06/12/2024 22:00:00 - 06/12/2024 23:00:00,SCA|NO1,mFRR,Not Specified,Not Specified,MARGINAL,68.85,45.0
06/12/2024 23:00:00 - 07/12/2024 00:00:00,SCA|NO1,mFRR,Not Specified,Not Specified,MARGINAL,48.63,48.63
07/12/2024 00:00:00 - 07/12/2024 01:00:00,SCA|NO1,mFRR,Not Specified,Not Specified,MARGINAL,50.0,46.93
07/12/2024 01:00:00 - 07/12/2024 02:00:00,SCA|NO1,mFRR,Not Specified,Not Specified,MARGINAL,47.0,45.61
07/12/2024 02:00:00 - 07/12/2024 03:00:00,SCA|NO1,mFRR,Not Specified,Not Specified,MARGINAL,43.57,43.57
07/12/2024 03:00:00 - 07/12/2024 04:00:00,SCA|NO1,mFRR,Not Specified,Not Specified,MARGINAL,42.64,37.0
07/12/2024 04:00:00 - 07/12/2024 05:00:00,SCA|NO1,mFRR,Not Specified,Not Specified,MARGINAL,41.19,37.0
07/12/2024 05:00:00 - 07/12/2024 06:00:00,SCA|NO1,mFRR,Not Specified,Not Specified,MARGINAL,39.41,39.41
07/12/2024 06:00:00 - 07/12/2024 07:00:00,SCA|NO1,mFRR,Not Specified,Not Specified,MARGINAL,40.24,40.24
07/12/2024 07:00:00 - 07/12/2024 08:00:00,SCA|NO1,mFRR,Not Specified,Not Specified,MARGINAL,42.4,42.4
07/12/2024 08:00:00 - 07/12/2024 09:00:00,SCA|NO1,mFRR,Not Specified,Not Specified,MARGINAL,45.18,45.18
07/12/2024 09:00:00 - 07/12/2024 10:00:00,SCA|NO1,mFRR,Not Specified,Not Specified,MARGINAL,44.71,37.5
07/12/2024 10:00:00 - 07/12/2024 11:00:00,SCA|NO1,mFRR,Not Specified,Not Specified,MARGINAL,44.93,37.5
07/12/2024 11:00:00 - 07/12/2024 12:00:00,SCA|NO1,mFRR,Not Specified,Not Specified,MARGINAL,45.59,38.5
07/12/2024 12:00:00 - 07/12/2024 13:00:00,SCA|NO1,mFRR,Not Specified,Not Specified,MARGINAL,45.94,45.94
07/12/2024 13:00:00 - 07/12/2024 14:00:00,SCA|NO1,mFRR,Not Specified,Not Specified,MARGINAL,46.21,46.21
07/12/2024 14:00:00 - 07/12/2024 15:00:00,SCA|NO1,mFRR,Not Specified,Not Specified,MARGINAL,50.0,47.94
07/12/2024 15:00:00 - 07/12/2024 16:00:00,SCA|NO1,mFRR,Not Specified,Not Specified,MARGINAL,50.0,49.27
07/12/2024 16:00:00 - 07/12/2024 17:00:00,SCA|NO1,mFRR,Not Specified,Not Specified,MARGINAL,50.81,50.81
07/12/2024 17:00:00 - 07/12/2024 18:00:00,SCA|NO1,mFRR,Not Specified,Not Specified,MARGINAL,52.42,52.42
07/12/2024 18:00:00 - 07/12/2024 19:00:00,SCA|NO1,mFRR,Not Specified,Not Specified,MARGINAL,60.0,51.74
07/12/2024 19:00:00 - 07/12/2024 20:00:00,SCA|NO1,mFRR,Not Specified,Not Specified,MARGINAL,60.0,51.28
07/12/2024 20:00:00 - 07/12/2024 21:00:00,SCA|NO1,mFRR,Not Specified,Not Specified,MARGINAL,54.0,48.54
07/12/2024 21:00:00 - 07/12/2024 22:00:00,SCA|NO1,mFRR,Not Specified,Not Specified,MARGINAL,53.0,48.09
07/12/2024 22:00:00 - 07/12/2024 23:00:00,SCA|NO1,mFRR,Not Specified,Not Specified,MARGINAL,48.46,48.46
07/12/2024 23:00:00 - 08/12/2024 00:00:00,SCA|NO1,mFRR,Not Specified,Not Specified,MARGINAL,43.71,43.71
08/12/2024 00:00:00 - 08/12/2024 01:00:00,SCA|NO1,mFRR,Not Specified,Not Specified,MARGINAL,50.0,43.18
08/12/2024 01:00:00 - 08/12/2024 02:00:00,SCA|NO1,mFRR,Not Specified,Not Specified,MARGINAL,51.0,44.12
08/12/2024 02:00:00 - 08/12/2024 03:00:00,SCA|NO1,mFRR,Not Specified,Not Specified,MARGINAL,51.0,42.83
08/12/2024 03:00:00 - 08/12/2024 04:00:00,SCA|NO1,mFRR,Not Specified,Not Specified,MARGINAL,45.0,42.18
08/12/2024 04:00:00 - 08/12/2024 05:00:00,SCA|NO1,mFRR,Not Specified,Not Specified,MARGINAL,45.0,41.42
08/12/2024 05:00:00 - 08/12/2024 06:00:00,SCA|NO1,mFRR,Not Specified,Not Specified,MARGINAL,40.58,40.58
08/12/2024 06:00:00 - 08/12/2024 07:00:00,SCA|NO1,mFRR,Not Specified,Not Specified,MARGINAL,41.23,41.23
08/12/2024 07:00:00 - 08/12/2024 08:00:00,SCA|NO1,mFRR,Not Specified,Not Specified,MARGINAL,43.52,33.53
08/12/2024 08:00:00 - 08/12/2024 09:00:00,SCA|NO1,mFRR,Not Specified,Not Specified,MARGINAL,45.22,33.52
08/12/2024 09:00:00 - 08/12/2024 10:00:00,SCA|NO1,mFRR,Not Specified,Not Specified,MARGINAL,49.66,35.0
08/12/2024 10:00:00 - 08/12/2024 11:00:00,SCA|NO1,mFRR,Not Specified,Not Specified,MARGINAL,56.01,37.5
08/12/2024 11:00:00 - 08/12/2024 12:00:00,SCA|NO1,mFRR,Not Specified,Not Specified,MARGINAL,55.94,55.94
08/12/2024 12:00:00 - 08/12/2024 13:00:00,SCA|NO1,mFRR,Not Specified,Not Specified,MARGINAL,58.0,58.0
08/12/2024 13:00:00 - 08/12/2024 14:00:00,SCA|NO1,mFRR,Not Specified,Not Specified,MARGINAL,55.84,55.84
08/12/2024 14:00:00 - 08/12/2024 15:00:00,SCA|NO1,mFRR,Not Specified,Not Specified,MARGINAL,63.97,63.97
08/12/2024 15:00:00 - 08/12/2024 16:00:00,SCA|NO1,mFRR,Not Specified,Not Specified,MARGINAL,64.1,64.1
08/12/2024 16:00:00 - 08/12/2024 17:00:00,SCA|NO1,mFRR,Not Specified,Not Specified,MARGINAL,66.01,43.0
08/12/2024 17:00:00 - 08/12/2024 18:00:00,SCA|NO1,mFRR,Not Specified,Not Specified,MARGINAL,62.91,51.0
08/12/2024 18:00:00 - 08/12/2024 19:00:00,SCA|NO1,mFRR,Not Specified,Not Specified,MARGINAL,56.73,56.73
08/12/2024 19:00:00 - 08/12/2024 20:00:00,SCA|NO1,mFRR,Not Specified,Not Specified,MARGINAL,52.49,52.49
08/12/2024 20:00:00 - 08/12/2024 21:00:00,SCA|NO1,mFRR,Not Specified,Not Specified,MARGINAL,49.0,48.09
08/12/2024 21:00:00 - 08/12/2024 22:00:00,SCA|NO1,mFRR,Not Specified,Not Specified,MARGINAL,50.0,45.23
08/12/2024 22:00:00 - 08/12/2024 23:00:00,SCA|NO1,mFRR,Not Specified,Not Specified,MARGINAL,50.0,42.1
08/12/2024 23:00:00 - 09/12/2024 00:00:00,SCA|NO1,mFRR,Not Specified,Not Specified,MARGINAL,48.5,41.61
09/12/2024 00:00:00 - 09/12/2024 01:00:00,SCA|NO1,mFRR,Not Specified,Not Specified,MARGINAL,41.44,33.52
09/12/2024 01:00:00 - 09/12/2024 02:00:00,SCA|NO1,mFRR,Not Specified,Not Specified,MARGINAL,40.43,31.0
09/12/2024 02:00:00 - 09/12/2024 03:00:00,SCA|NO1,mFRR,Not Specified,Not Specified,MARGINAL,38.29,38.29
09/12/2024 03:00:00 - 09/12/2024 04:00:00,SCA|NO1,mFRR,Not Specified,Not Specified,MARGINAL,35.05,35.05
09/12/2024 04:00:00 - 09/12/2024 05:00:00,SCA|NO1,mFRR,Not Specified,Not Specified,MARGINAL,39.07,32.0
09/12/2024 05:00:00 - 09/12/2024 06:00:00,SCA|NO1,mFRR,Not Specified,Not Specified,MARGINAL,41.52,36.0
09/12/2024 06:00:00 - 09/12/2024 07:00:00,SCA|NO1,mFRR,Not Specified,Not Specified,MARGINAL,44.95,35.5
09/12/2024 07:00:00 - 09/12/2024 08:00:00,SCA|NO1,mFRR,Not Specified,Not Specified,MARGINAL,55.28,39.5
09/12/2024 08:00:00 - 09/12/2024 09:00:00,SCA|NO1,mFRR,Not Specified,Not Specified,MARGINAL,67.09,67.09
09/12/2024 09:00:00 - 09/12/2024 10:00:00,SCA|NO1,mFRR,Not Specified,Not Specified,MARGINAL,59.64,59.64
09/12/2024 10:00:00 - 09/12/2024 11:00:00,SCA|NO1,mFRR,Not Specified,Not Specified,MARGINAL,59.59,59.59
09/12/2024 11:00:00 - 09/12/2024 12:00:00,SCA|NO1,mFRR,Not Specified,Not Specified,MARGINAL,60.48,60.48
09/12/2024 12:00:00 - 09/12/2024 13:00:00,SCA|NO1,mFRR,Not Specified,Not Specified,MARGINAL,61.23,61.23
09/12/2024 13:00:00 - 09/12/2024 14:00:00,SCA|NO1,mFRR,Not Specified,Not Specified,MARGINAL,66.71,66.71
09/12/2024 14:00:00 - 09/12/2024 15:00:00,SCA|NO1,mFRR,Not Specified,Not Specified,MARGINAL,75.32,75.32
09/12/2024 15:00:00 - 09/12/2024 16:00:00,SCA|NO1,mFRR,Not Specified,Not Specified,MARGINAL,93.0,90.64
09/12/2024 16:00:00 - 09/12/2024 17:00:00,SCA|NO1,mFRR,Not Specified,Not Specified,MARGINAL,93.0,92.57
09/12/2024 17:00:00 - 09/12/2024 18:00:00,SCA|NO1,mFRR,Not Specified,Not Specified,MARGINAL,99.0,98.66
09/12/2024 18:00:00 - 09/12/2024 19:00:00,SCA|NO1,mFRR,Not Specified,Not Specified,MARGINAL,99.0,96.93
09/12/2024 19:00:00 - 09/12/2024 20:00:00,SCA|NO1,mFRR,Not Specified,Not Specified,MARGINAL,99.0,93.26
09/12/2024 20:00:00 - 09/12/2024 21:00:00,SCA|NO1,mFRR,Not Specified,Not Specified,MARGINAL,87.11,87.11
09/12/2024 21:00:00 - 09/12/2024 22:00:00,SCA|NO1,mFRR,Not Specified,Not Specified,MARGINAL,78.67,78.67
09/12/2024 22:00:00 - 09/12/2024 23:00:00,SCA|NO1,mFRR,Not Specified,Not Specified,MARGINAL,74.64,74.64
09/12/2024 23:00:00 - 10/12/2024 00:00:00,SCA|NO1,mFRR,Not Specified,Not Specified,MARGINAL,67.46,67.46
10/12/2024 00:00:00 - 10/12/2024 01:00:00,SCA|NO1,mFRR,Not Specified,Not Specified,MARGINAL,61.84,61.84
10/12/2024 01:00:00 - 10/12/2024 02:00:00,SCA|NO1,mFRR,Not Specified,Not Specified,MARGINAL,60.0,55.79
10/12/2024 02:00:00 - 10/12/2024 03:00:00,SCA|NO1,mFRR,Not Specified,Not Specified,MARGINAL,60.0,53.69
10/12/2024 03:00:00 - 10/12/2024 04:00:00,SCA|NO1,mFRR,Not Specified,Not Specified,MARGINAL,60.0,54.29
10/12/2024 04:00:00 - 10/12/2024 05:00:00,SCA|NO1,mFRR,Not Specified,Not Specified,MARGINAL,55.93,55.93
10/12/2024 05:00:00 - 10/12/2024 06:00:00,SCA|NO1,mFRR,Not Specified,Not Specified,MARGINAL,64.13,64.13
10/12/2024 06:00:00 - 10/12/2024 07:00:00,SCA|NO1,mFRR,Not Specified,Not Specified,MARGINAL,86.06,86.06
10/12/2024 07:00:00 - 10/12/2024 08:00:00,SCA|NO1,mFRR,Not Specified,Not Specified,MARGINAL,117.0,114.74
10/12/2024 08:00:00 - 10/12/2024 09:00:00,SCA|NO1,mFRR,Not Specified,Not Specified,MARGINAL,134.23,134.23
10/12/2024 09:00:00 - 10/12/2024 10:00:00,SCA|NO1,mFRR,Not Specified,Not Specified,MARGINAL,162.35,162.35
10/12/2024 10:00:00 - 10/12/2024 11:00:00,SCA|NO1,mFRR,Not Specified,Not Specified,MARGINAL,159.25,159.25
10/12/2024 11:00:00 - 10/12/2024 12:00:00,SCA|NO1,mFRR,Not Specified,Not Specified,MARGINAL,162.09,162.09
10/12/2024 12:00:00 - 10/12/2024 13:00:00,SCA|NO1,mFRR,Not Specified,Not Specified,MARGINAL,151.5,141.86
10/12/2024 13:00:00 - 10/12/2024 14:00:00,SCA|NO1,mFRR,Not Specified,Not Specified,MARGINAL,160.92,150.13
10/12/2024 14:00:00 - 10/12/2024 15:00:00,SCA|NO1,mFRR,Not Specified,Not Specified,MARGINAL,168.91,168.91
10/12/2024 15:00:00 - 10/12/2024 16:00:00,SCA|NO1,mFRR,Not Specified,Not Specified,MARGINAL,183.47,183.47
10/12/2024 16:00:00 - 10/12/2024 17:00:00,SCA|NO1,mFRR,Not Specified,Not Specified,MARGINAL,187.78,187.78
10/12/2024 17:00:00 - 10/12/2024 18:00:00,SCA|NO1,mFRR,Not Specified,Not Specified,MARGINAL,162.76,162.76
10/12/2024 18:00:00 - 10/12/2024 19:00:00,SCA|NO1,mFRR,Not Specified,Not Specified,MARGINAL,140.11,140.11
10/12/2024 19:00:00 - 10/12/2024 20:00:00,SCA|NO1,mFRR,Not Specified,Not Specified,MARGINAL,130.0,129.35
10/12/2024 20:00:00 - 10/12/2024 21:00:00,SCA|NO1,mFRR,Not Specified,Not Specified,MARGINAL,130.0,106.22
10/12/2024 21:00:00 - 10/12/2024 22:00:00,SCA|NO1,mFRR,Not Specified,Not Specified,MARGINAL,88.3,88.3
10/12/2024 22:00:00 - 10/12/2024 23:00:00,SCA|NO1,mFRR,Not Specified,Not Specified,MARGINAL,84.5,67.14
10/12/2024 23:00:00 - 11/12/2024 00:00:00,SCA|NO1,mFRR,Not Specified,Not Specified,MARGINAL,80.0,59.47
11/12/2024 00:00:00 - 11/12/2024 01:00:00,SCA|NO1,mFRR,Not Specified,Not Specified,,,
11/12/2024 01:00:00 - 11/12/2024 02:00:00,SCA|NO1,mFRR,Not Specified,Not Specified,MARGINAL,75.0,51.72
11/12/2024 02:00:00 - 11/12/2024 03:00:00,SCA|NO1,mFRR,Not Specified,Not Specified,MARGINAL,75.0,49.67
11/12/2024 03:00:00 - 11/12/2024 04:00:00,SCA|NO1,mFRR,Not Specified,Not Specified,MARGINAL,75.0,49.34
11/12/2024 04:00:00 - 11/12/2024 05:00:00,SCA|NO1,mFRR,Not Specified,Not Specified,MARGINAL,63.0,49.4
11/12/2024 05:00:00 - 11/12/2024 06:00:00,SCA|NO1,mFRR,Not Specified,Not Specified,MARGINAL,60.0,54.87
11/12/2024 06:00:00 - 11/12/2024 07:00:00,SCA|NO1,mFRR,Not Specified,Not Specified,MARGINAL,81.0,72.36
11/12/2024 07:00:00 - 11/12/2024 08:00:00,SCA|NO1,mFRR,Not Specified,Not Specified,MARGINAL,179.0,173.59
11/12/2024 08:00:00 - 11/12/2024 09:00:00,SCA|NO1,mFRR,Not Specified,Not Specified,MARGINAL,292.0,282.91
11/12/2024 09:00:00 - 11/12/2024 10:00:00,SCA|NO1,mFRR,Not Specified,Not Specified,MARGINAL,293.71,293.71
11/12/2024 10:00:00 - 11/12/2024 11:00:00,SCA|NO1,mFRR,Not Specified,Not Specified,MARGINAL,274.62,274.62
11/12/2024 11:00:00 - 11/12/2024 12:00:00,SCA|NO1,mFRR,Not Specified,Not Specified,MARGINAL,257.16,257.16
11/12/2024 12:00:00 - 11/12/2024 13:00:00,SCA|NO1,mFRR,Not Specified,Not Specified,MARGINAL,251.86,251.86
11/12/2024 13:00:00 - 11/12/2024 14:00:00,SCA|NO1,mFRR,Not Specified,Not Specified,MARGINAL,239.75,239.75
11/12/2024 14:00:00 - 11/12/2024 15:00:00,SCA|NO1,mFRR,Not Specified,Not Specified,MARGINAL,292.25,292.25
11/12/2024 15:00:00 - 11/12/2024 16:00:00,SCA|NO1,mFRR,Not Specified,Not Specified,MARGINAL,299.02,299.02
11/12/2024 16:00:00 - 11/12/2024 17:00:00,SCA|NO1,mFRR,Not Specified,Not Specified,MARGINAL,343.77,343.77
11/12/2024 17:00:00 - 11/12/2024 18:00:00,SCA|NO1,mFRR,Not Specified,Not Specified,MARGINAL,349.4,349.4
11/12/2024 18:00:00 - 11/12/2024 19:00:00,SCA|NO1,mFRR,Not Specified,Not Specified,MARGINAL,246.0,229.71
11/12/2024 19:00:00 - 11/12/2024 20:00:00,SCA|NO1,mFRR,Not Specified,Not Specified,MARGINAL,205.93,205.93
11/12/2024 20:00:00 - 11/12/2024 21:00:00,SCA|NO1,mFRR,Not Specified,Not Specified,MARGINAL,134.64,134.64
11/12/2024 21:00:00 - 11/12/2024 22:00:00,SCA|NO1,mFRR,Not Specified,Not Specified,MARGINAL,113.27,113.27
11/12/2024 22:00:00 - 11/12/2024 23:00:00,SCA|NO1,mFRR,Not Specified,Not Specified,MARGINAL,103.32,103.32
11/12/2024 23:00:00 - 12/12/2024 00:00:00,SCA|NO1,mFRR,Not Specified,Not Specified,MARGINAL,94.51,94.51
12/12/2024 00:00:00 - 12/12/2024 01:00:00,SCA|NO1,mFRR,Not Specified,Not Specified,MARGINAL,88.15,60.0
12/12/2024 01:00:00 - 12/12/2024 02:00:00,SCA|NO1,mFRR,Not Specified,Not Specified,MARGINAL,82.05,70.0
12/12/2024 02:00:00 - 12/12/2024 03:00:00,SCA|NO1,mFRR,Not Specified,Not Specified,MARGINAL,79.17,70.0
12/12/2024 03:00:00 - 12/12/2024 04:00:00,SCA|NO1,mFRR,Not Specified,Not Specified,MARGINAL,77.83,77.83
12/12/2024 04:00:00 - 12/12/2024 05:00:00,SCA|NO1,mFRR,Not Specified,Not Specified,MARGINAL,80.5,80.5
12/12/2024 05:00:00 - 12/12/2024 06:00:00,SCA|NO1,mFRR,Not Specified,Not Specified,MARGINAL,82.01,75.0
12/12/2024 06:00:00 - 12/12/2024 07:00:00,SCA|NO1,mFRR,Not Specified,Not Specified,MARGINAL,118.08,75.0
12/12/2024 07:00:00 - 12/12/2024 08:00:00,SCA|NO1,mFRR,Not Specified,Not Specified,MARGINAL,422.37,422.37
12/12/2024 08:00:00 - 12/12/2024 09:00:00,SCA|NO1,mFRR,Not Specified,Not Specified,MARGINAL,386.16,386.16
12/12/2024 09:00:00 - 12/12/2024 10:00:00,SCA|NO1,mFRR,Not Specified,Not Specified,MARGINAL,375.43,375.43
12/12/2024 10:00:00 - 12/12/2024 11:00:00,SCA|NO1,mFRR,Not Specified,Not Specified,MARGINAL,329.85,329.85
12/12/2024 11:00:00 - 12/12/2024 12:00:00,SCA|NO1,mFRR,Not Specified,Not Specified,MARGINAL,273.54,273.54
12/12/2024 12:00:00 - 12/12/2024 13:00:00,SCA|NO1,mFRR,Not Specified,Not Specified,MARGINAL,243.28,184.5
12/12/2024 13:00:00 - 12/12/2024 14:00:00,SCA|NO1,mFRR,Not Specified,Not Specified,MARGINAL,248.45,184.5
12/12/2024 14:00:00 - 12/12/2024 15:00:00,SCA|NO1,mFRR,Not Specified,Not Specified,MARGINAL,277.55,208.0
12/12/2024 15:00:00 - 12/12/2024 16:00:00,SCA|NO1,mFRR,Not Specified,Not Specified,MARGINAL,374.28,220.0
12/12/2024 16:00:00 - 12/12/2024 17:00:00,SCA|NO1,mFRR,Not Specified,Not Specified,MARGINAL,510.47,310.0
12/12/2024 17:00:00 - 12/12/2024 18:00:00,SCA|NO1,mFRR,Not Specified,Not Specified,MARGINAL,532.26,411.5
12/12/2024 18:00:00 - 12/12/2024 19:00:00,SCA|NO1,mFRR,Not Specified,Not Specified,MARGINAL,386.04,141.24
12/12/2024 19:00:00 - 12/12/2024 20:00:00,SCA|NO1,mFRR,Not Specified,Not Specified,MARGINAL,317.05,65.71
12/12/2024 20:00:00 - 12/12/2024 21:00:00,SCA|NO1,mFRR,Not Specified,Not Specified,MARGINAL,182.58,80.0
12/12/2024 21:00:00 - 12/12/2024 22:00:00,SCA|NO1,mFRR,Not Specified,Not Specified,MARGINAL,114.46,68.5
12/12/2024 22:00:00 - 12/12/2024 23:00:00,SCA|NO1,mFRR,Not Specified,Not Specified,MARGINAL,104.23,64.0
12/12/2024 23:00:00 - 13/12/2024 00:00:00,SCA|NO1,mFRR,Not Specified,Not Specified,MARGINAL,81.58,50.5
13/12/2024 00:00:00 - 13/12/2024 01:00:00,SCA|NO1,mFRR,Not Specified,Not Specified,MARGINAL,57.0,50.0
13/12/2024 01:00:00 - 13/12/2024 02:00:00,SCA|NO1,mFRR,Not Specified,Not Specified,MARGINAL,50.25,50.25
13/12/2024 02:00:00 - 13/12/2024 03:00:00,SCA|NO1,mFRR,Not Specified,Not Specified,MARGINAL,46.98,46.98
13/12/2024 03:00:00 - 13/12/2024 04:00:00,SCA|NO1,mFRR,Not Specified,Not Specified,MARGINAL,44.72,42.0
13/12/2024 04:00:00 - 13/12/2024 05:00:00,SCA|NO1,mFRR,Not Specified,Not Specified,MARGINAL,45.8,41.0
13/12/2024 05:00:00 - 13/12/2024 06:00:00,SCA|NO1,mFRR,Not Specified,Not Specified,MARGINAL,46.89,37.5
13/12/2024 06:00:00 - 13/12/2024 07:00:00,SCA|NO1,mFRR,Not Specified,Not Specified,MARGINAL,57.75,37.5
13/12/2024 07:00:00 - 13/12/2024 08:00:00,SCA|NO1,mFRR,Not Specified,Not Specified,MARGINAL,94.68,50.0
13/12/2024 08:00:00 - 13/12/2024 09:00:00,SCA|NO1,mFRR,Not Specified,Not Specified,MARGINAL,182.56,76.0
13/12/2024 09:00:00 - 13/12/2024 10:00:00,SCA|NO1,mFRR,Not Specified,Not Specified,MARGINAL,158.94,80.0
13/12/2024 10:00:00 - 13/12/2024 11:00:00,SCA|NO1,mFRR,Not Specified,Not Specified,MARGINAL,138.51,80.0
13/12/2024 11:00:00 - 13/12/2024 12:00:00,SCA|NO1,mFRR,Not Specified,Not Specified,MARGINAL,120.06,53.5
13/12/2024 12:00:00 - 13/12/2024 13:00:00,SCA|NO1,mFRR,Not Specified,Not Specified,MARGINAL,115.35,50.0
13/12/2024 13:00:00 - 13/12/2024 14:00:00,SCA|NO1,mFRR,Not Specified,Not Specified,MARGINAL,114.31,50.0
13/12/2024 14:00:00 - 13/12/2024 15:00:00,SCA|NO1,mFRR,Not Specified,Not Specified,MARGINAL,122.5,52.0
13/12/2024 15:00:00 - 13/12/2024 16:00:00,SCA|NO1,mFRR,Not Specified,Not Specified,MARGINAL,122.34,85.0
13/12/2024 16:00:00 - 13/12/2024 17:00:00,SCA|NO1,mFRR,Not Specified,Not Specified,MARGINAL,88.63,70.0
13/12/2024 17:00:00 - 13/12/2024 18:00:00,SCA|NO1,mFRR,Not Specified,Not Specified,MARGINAL,95.5,70.0
13/12/2024 18:00:00 - 13/12/2024 19:00:00,SCA|NO1,mFRR,Not Specified,Not Specified,MARGINAL,96.26,50.0
13/12/2024 19:00:00 - 13/12/2024 20:00:00,SCA|NO1,mFRR,Not Specified,Not Specified,MARGINAL,53.16,43.0
13/12/2024 20:00:00 - 13/12/2024 21:00:00,SCA|NO1,mFRR,Not Specified,Not Specified,MARGINAL,51.57,40.0
13/12/2024 21:00:00 - 13/12/2024 22:00:00,SCA|NO1,mFRR,Not Specified,Not Specified,MARGINAL,51.8,40.0
13/12/2024 22:00:00 - 13/12/2024 23:00:00,SCA|NO1,mFRR,Not Specified,Not Specified,MARGINAL,47.74,40.36
13/12/2024 23:00:00 - 14/12/2024 00:00:00,SCA|NO1,mFRR,Not Specified,Not Specified,MARGINAL,44.27,37.5
14/12/2024 00:00:00 - 14/12/2024 01:00:00,SCA|NO1,mFRR,Not Specified,Not Specified,MARGINAL,46.0,37.74
14/12/2024 01:00:00 - 14/12/2024 02:00:00,SCA|NO1,mFRR,Not Specified,Not Specified,MARGINAL,46.0,36.83
14/12/2024 02:00:00 - 14/12/2024 03:00:00,SCA|NO1,mFRR,Not Specified,Not Specified,MARGINAL,36.39,36.39
14/12/2024 03:00:00 - 14/12/2024 04:00:00,SCA|NO1,mFRR,Not Specified,Not Specified,MARGINAL,36.15,36.15
14/12/2024 04:00:00 - 14/12/2024 05:00:00,SCA|NO1,mFRR,Not Specified,Not Specified,MARGINAL,35.9,35.9
14/12/2024 05:00:00 - 14/12/2024 06:00:00,SCA|NO1,mFRR,Not Specified,Not Specified,MARGINAL,45.0,30.35
14/12/2024 06:00:00 - 14/12/2024 07:00:00,SCA|NO1,mFRR,Not Specified,Not Specified,MARGINAL,45.0,31.16
14/12/2024 07:00:00 - 14/12/2024 08:00:00,SCA|NO1,mFRR,Not Specified,Not Specified,MARGINAL,45.0,36.71
14/12/2024 08:00:00 - 14/12/2024 09:00:00,SCA|NO1,mFRR,Not Specified,Not Specified,MARGINAL,42.0,38.22
14/12/2024 09:00:00 - 14/12/2024 10:00:00,SCA|NO1,mFRR,Not Specified,Not Specified,MARGINAL,46.0,38.92
14/12/2024 10:00:00 - 14/12/2024 11:00:00,SCA|NO1,mFRR,Not Specified,Not Specified,MARGINAL,46.0,38.95
14/12/2024 11:00:00 - 14/12/2024 12:00:00,SCA|NO1,mFRR,Not Specified,Not Specified,MARGINAL,46.0,37.74
14/12/2024 12:00:00 - 14/12/2024 13:00:00,SCA|NO1,mFRR,Not Specified,Not Specified,MARGINAL,45.0,36.98
14/12/2024 13:00:00 - 14/12/2024 14:00:00,SCA|NO1,mFRR,Not Specified,Not Specified,MARGINAL,43.0,36.08
14/12/2024 14:00:00 - 14/12/2024 15:00:00,SCA|NO1,mFRR,Not Specified,Not Specified,MARGINAL,43.5,35.15
14/12/2024 15:00:00 - 14/12/2024 16:00:00,SCA|NO1,mFRR,Not Specified,Not Specified,MARGINAL,43.0,34.44
14/12/2024 16:00:00 - 14/12/2024 17:00:00,SCA|NO1,mFRR,Not Specified,Not Specified,MARGINAL,44.0,35.9
14/12/2024 17:00:00 - 14/12/2024 18:00:00,SCA|NO1,mFRR,Not Specified,Not Specified,MARGINAL,46.0,36.57
14/12/2024 18:00:00 - 14/12/2024 19:00:00,SCA|NO1,mFRR,Not Specified,Not Specified,MARGINAL,46.0,35.08
14/12/2024 19:00:00 - 14/12/2024 20:00:00,SCA|NO1,mFRR,Not Specified,Not Specified,MARGINAL,43.0,33.91
14/12/2024 20:00:00 - 14/12/2024 21:00:00,SCA|NO1,mFRR,Not Specified,Not Specified,MARGINAL,41.0,31.57
14/12/2024 21:00:00 - 14/12/2024 22:00:00,SCA|NO1,mFRR,Not Specified,Not Specified,MARGINAL,42.0,30.02
14/12/2024 22:00:00 - 14/12/2024 23:00:00,SCA|NO1,mFRR,Not Specified,Not Specified,MARGINAL,43.0,29.88
14/12/2024 23:00:00 - 15/12/2024 00:00:00,SCA|NO1,mFRR,Not Specified,Not Specified,MARGINAL,43.0,29.61
15/12/2024 00:00:00 - 15/12/2024 01:00:00,SCA|NO1,mFRR,Not Specified,Not Specified,MARGINAL,42.5,28.73
15/12/2024 01:00:00 - 15/12/2024 02:00:00,SCA|NO1,mFRR,Not Specified,Not Specified,MARGINAL,42.5,30.31
15/12/2024 02:00:00 - 15/12/2024 03:00:00,SCA|NO1,mFRR,Not Specified,Not Specified,MARGINAL,42.0,30.01
15/12/2024 03:00:00 - 15/12/2024 04:00:00,SCA|NO1,mFRR,Not Specified,Not Specified,MARGINAL,40.0,30.19
15/12/2024 04:00:00 - 15/12/2024 05:00:00,SCA|NO1,mFRR,Not Specified,Not Specified,MARGINAL,41.0,31.94
15/12/2024 05:00:00 - 15/12/2024 06:00:00,SCA|NO1,mFRR,Not Specified,Not Specified,MARGINAL,41.0,33.08
15/12/2024 06:00:00 - 15/12/2024 07:00:00,SCA|NO1,mFRR,Not Specified,Not Specified,MARGINAL,41.0,34.19
15/12/2024 07:00:00 - 15/12/2024 08:00:00,SCA|NO1,mFRR,Not Specified,Not Specified,MARGINAL,38.0,37.29
15/12/2024 08:00:00 - 15/12/2024 09:00:00,SCA|NO1,mFRR,Not Specified,Not Specified,MARGINAL,39.87,30.5
15/12/2024 09:00:00 - 15/12/2024 10:00:00,SCA|NO1,mFRR,Not Specified,Not Specified,MARGINAL,40.75,35.0
15/12/2024 10:00:00 - 15/12/2024 11:00:00,SCA|NO1,mFRR,Not Specified,Not Specified,MARGINAL,40.02,37.0
15/12/2024 11:00:00 - 15/12/2024 12:00:00,SCA|NO1,mFRR,Not Specified,Not Specified,MARGINAL,37.65,37.65
15/12/2024 12:00:00 - 15/12/2024 13:00:00,SCA|NO1,mFRR,Not Specified,Not Specified,MARGINAL,39.5,36.63
15/12/2024 13:00:00 - 15/12/2024 14:00:00,SCA|NO1,mFRR,Not Specified,Not Specified,MARGINAL,35.88,35.88
15/12/2024 14:00:00 - 15/12/2024 15:00:00,SCA|NO1,mFRR,Not Specified,Not Specified,MARGINAL,34.46,25.0
15/12/2024 15:00:00 - 15/12/2024 16:00:00,SCA|NO1,mFRR,Not Specified,Not Specified,MARGINAL,32.86,27.0
15/12/2024 16:00:00 - 15/12/2024 17:00:00,SCA|NO1,mFRR,Not Specified,Not Specified,MARGINAL,32.24,32.24
15/12/2024 17:00:00 - 15/12/2024 18:00:00,SCA|NO1,mFRR,Not Specified,Not Specified,MARGINAL,41.0,30.35
15/12/2024 18:00:00 - 15/12/2024 19:00:00,SCA|NO1,mFRR,Not Specified,Not Specified,MARGINAL,41.0,27.99
15/12/2024 19:00:00 - 15/12/2024 20:00:00,SCA|NO1,mFRR,Not Specified,Not Specified,MARGINAL,40.5,24.65
15/12/2024 20:00:00 - 15/12/2024 21:00:00,SCA|NO1,mFRR,Not Specified,Not Specified,MARGINAL,37.0,19.25
15/12/2024 21:00:00 - 15/12/2024 22:00:00,SCA|NO1,mFRR,Not Specified,Not Specified,MARGINAL,39.0,14.42
15/12/2024 22:00:00 - 15/12/2024 23:00:00,SCA|NO1,mFRR,Not Specified,Not Specified,MARGINAL,38.0,10.24
15/12/2024 23:00:00 - 16/12/2024 00:00:00,SCA|NO1,mFRR,Not Specified,Not Specified,MARGINAL,15.02,2.4
16/12/2024 00:00:00 - 16/12/2024 01:00:00,SCA|NO1,mFRR,Not Specified,Not Specified,MARGINAL,6.84,-1.98
16/12/2024 01:00:00 - 16/12/2024 02:00:00,SCA|NO1,mFRR,Not Specified,Not Specified,MARGINAL,0.39,-1.98
16/12/2024 02:00:00 - 16/12/2024 03:00:00,SCA|NO1,mFRR,Not Specified,Not Specified,MARGINAL,0.27,-1.0
16/12/2024 03:00:00 - 16/12/2024 04:00:00,SCA|NO1,mFRR,Not Specified,Not Specified,MARGINAL,0.28,-1.0
16/12/2024 04:00:00 - 16/12/2024 05:00:00,SCA|NO1,mFRR,Not Specified,Not Specified,MARGINAL,0.54,-1.0
16/12/2024 05:00:00 - 16/12/2024 06:00:00,SCA|NO1,mFRR,Not Specified,Not Specified,MARGINAL,2.18,0.0
16/12/2024 06:00:00 - 16/12/2024 07:00:00,SCA|NO1,mFRR,Not Specified,Not Specified,MARGINAL,16.19,2.0
16/12/2024 07:00:00 - 16/12/2024 08:00:00,SCA|NO1,mFRR,Not Specified,Not Specified,MARGINAL,33.5,28.59
16/12/2024 08:00:00 - 16/12/2024 09:00:00,SCA|NO1,mFRR,Not Specified,Not Specified,MARGINAL,33.0,30.47
16/12/2024 09:00:00 - 16/12/2024 10:00:00,SCA|NO1,mFRR,Not Specified,Not Specified,MARGINAL,30.49,30.49
16/12/2024 10:00:00 - 16/12/2024 11:00:00,SCA|NO1,mFRR,Not Specified,Not Specified,MARGINAL,30.57,23.5
16/12/2024 11:00:00 - 16/12/2024 12:00:00,SCA|NO1,mFRR,Not Specified,Not Specified,MARGINAL,30.16,23.5
16/12/2024 12:00:00 - 16/12/2024 13:00:00,SCA|NO1,mFRR,Not Specified,Not Specified,MARGINAL,29.74,23.5
16/12/2024 13:00:00 - 16/12/2024 14:00:00,SCA|NO1,mFRR,Not Specified,Not Specified,MARGINAL,29.42,23.5
16/12/2024 14:00:00 - 16/12/2024 15:00:00,SCA|NO1,mFRR,Not Specified,Not Specified,MARGINAL,29.99,23.0
16/12/2024 15:00:00 - 16/12/2024 16:00:00,SCA|NO1,mFRR,Not Specified,Not Specified,MARGINAL,34.0,31.45
16/12/2024 16:00:00 - 16/12/2024 17:00:00,SCA|NO1,mFRR,Not Specified,Not Specified,MARGINAL,34.0,32.19
16/12/2024 17:00:00 - 16/12/2024 18:00:00,SCA|NO1,mFRR,Not Specified,Not Specified,MARGINAL,34.0,31.12
16/12/2024 18:00:00 - 16/12/2024 19:00:00,SCA|NO1,mFRR,Not Specified,Not Specified,MARGINAL,30.63,30.63
16/12/2024 19:00:00 - 16/12/2024 20:00:00,SCA|NO1,mFRR,Not Specified,Not Specified,MARGINAL,28.81,28.81
16/12/2024 20:00:00 - 16/12/2024 21:00:00,SCA|NO1,mFRR,Not Specified,Not Specified,MARGINAL,28.04,28.04
16/12/2024 21:00:00 - 16/12/2024 22:00:00,SCA|NO1,mFRR,Not Specified,Not Specified,MARGINAL,25.66,25.66
16/12/2024 22:00:00 - 16/12/2024 23:00:00,SCA|NO1,mFRR,Not Specified,Not Specified,,,
16/12/2024 23:00:00 - 17/12/2024 00:00:00,SCA|NO1,mFRR,Not Specified,Not Specified,MARGINAL,27.5,16.71
17/12/2024 00:00:00 - 17/12/2024 01:00:00,SCA|NO1,mFRR,Not Specified,Not Specified,MARGINAL,26.0,19.45
17/12/2024 01:00:00 - 17/12/2024 02:00:00,SCA|NO1,mFRR,Not Specified,Not Specified,MARGINAL,26.0,20.31
17/12/2024 02:00:00 - 17/12/2024 03:00:00,SCA|NO1,mFRR,Not Specified,Not Specified,MARGINAL,25.5,19.71
17/12/2024 03:00:00 - 17/12/2024 04:00:00,SCA|NO1,mFRR,Not Specified,Not Specified,MARGINAL,21.45,21.45
17/12/2024 04:00:00 - 17/12/2024 05:00:00,SCA|NO1,mFRR,Not Specified,Not Specified,MARGINAL,22.32,22.32
17/12/2024 05:00:00 - 17/12/2024 06:00:00,SCA|NO1,mFRR,Not Specified,Not Specified,MARGINAL,26.5,26.22
17/12/2024 06:00:00 - 17/12/2024 07:00:00,SCA|NO1,mFRR,Not Specified,Not Specified,MARGINAL,36.0,30.96
17/12/2024 07:00:00 - 17/12/2024 08:00:00,SCA|NO1,mFRR,Not Specified,Not Specified,MARGINAL,38.5,35.67
17/12/2024 08:00:00 - 17/12/2024 09:00:00,SCA|NO1,mFRR,Not Specified,Not Specified,MARGINAL,42.0,40.71
17/12/2024 09:00:00 - 17/12/2024 10:00:00,SCA|NO1,mFRR,Not Specified,Not Specified,MARGINAL,46.0,41.25
17/12/2024 10:00:00 - 17/12/2024 11:00:00,SCA|NO1,mFRR,Not Specified,Not Specified,MARGINAL,46.0,41.32
17/12/2024 11:00:00 - 17/12/2024 12:00:00,SCA|NO1,mFRR,Not Specified,Not Specified,MARGINAL,43.0,40.61
17/12/2024 12:00:00 - 17/12/2024 13:00:00,SCA|NO1,mFRR,Not Specified,Not Specified,MARGINAL,39.43,39.43
17/12/2024 13:00:00 - 17/12/2024 14:00:00,SCA|NO1,mFRR,Not Specified,Not Specified,MARGINAL,41.66,41.66
17/12/2024 14:00:00 - 17/12/2024 15:00:00,SCA|NO1,mFRR,Not Specified,Not Specified,MARGINAL,59.0,55.11
17/12/2024 15:00:00 - 17/12/2024 16:00:00,SCA|NO1,mFRR,Not Specified,Not Specified,MARGINAL,70.0,67.88
17/12/2024 16:00:00 - 17/12/2024 17:00:00,SCA|NO1,mFRR,Not Specified,Not Specified,MARGINAL,64.0,62.32
17/12/2024 17:00:00 - 17/12/2024 18:00:00,SCA|NO1,mFRR,Not Specified,Not Specified,MARGINAL,85.87,85.87
17/12/2024 18:00:00 - 17/12/2024 19:00:00,SCA|NO1,mFRR,Not Specified,Not Specified,MARGINAL,61.42,61.42
17/12/2024 19:00:00 - 17/12/2024 20:00:00,SCA|NO1,mFRR,Not Specified,Not Specified,MARGINAL,56.52,56.52
17/12/2024 20:00:00 - 17/12/2024 21:00:00,SCA|NO1,mFRR,Not Specified,Not Specified,MARGINAL,69.53,69.53
17/12/2024 21:00:00 - 17/12/2024 22:00:00,SCA|NO1,mFRR,Not Specified,Not Specified,MARGINAL,55.0,54.66
17/12/2024 22:00:00 - 17/12/2024 23:00:00,SCA|NO1,mFRR,Not Specified,Not Specified,MARGINAL,48.0,41.58
17/12/2024 23:00:00 - 18/12/2024 00:00:00,SCA|NO1,mFRR,Not Specified,Not Specified,MARGINAL,44.0,37.47
18/12/2024 00:00:00 - 18/12/2024 01:00:00,SCA|NO1,mFRR,Not Specified,Not Specified,MARGINAL,31.47,31.47
18/12/2024 01:00:00 - 18/12/2024 02:00:00,SCA|NO1,mFRR,Not Specified,Not Specified,MARGINAL,28.62,28.62
18/12/2024 02:00:00 - 18/12/2024 03:00:00,SCA|NO1,mFRR,Not Specified,Not Specified,MARGINAL,25.51,19.22
18/12/2024 03:00:00 - 18/12/2024 04:00:00,SCA|NO1,mFRR,Not Specified,Not Specified,MARGINAL,23.07,18.0
18/12/2024 04:00:00 - 18/12/2024 05:00:00,SCA|NO1,mFRR,Not Specified,Not Specified,MARGINAL,21.9,15.0
18/12/2024 05:00:00 - 18/12/2024 06:00:00,SCA|NO1,mFRR,Not Specified,Not Specified,MARGINAL,23.12,15.0
18/12/2024 06:00:00 - 18/12/2024 07:00:00,SCA|NO1,mFRR,Not Specified,Not Specified,MARGINAL,27.76,17.0
18/12/2024 07:00:00 - 18/12/2024 08:00:00,SCA|NO1,mFRR,Not Specified,Not Specified,MARGINAL,31.76,26.81
18/12/2024 08:00:00 - 18/12/2024 09:00:00,SCA|NO1,mFRR,Not Specified,Not Specified,MARGINAL,36.29,27.0
18/12/2024 09:00:00 - 18/12/2024 10:00:00,SCA|NO1,mFRR,Not Specified,Not Specified,MARGINAL,32.72,26.81
18/12/2024 10:00:00 - 18/12/2024 11:00:00,SCA|NO1,mFRR,Not Specified,Not Specified,MARGINAL,32.21,26.82
18/12/2024 11:00:00 - 18/12/2024 12:00:00,SCA|NO1,mFRR,Not Specified,Not Specified,MARGINAL,32.02,26.82
18/12/2024 12:00:00 - 18/12/2024 13:00:00,SCA|NO1,mFRR,Not Specified,Not Specified,MARGINAL,35.5,31.45
18/12/2024 13:00:00 - 18/12/2024 14:00:00,SCA|NO1,mFRR,Not Specified,Not Specified,MARGINAL,30.45,24.5
18/12/2024 14:00:00 - 18/12/2024 15:00:00,SCA|NO1,mFRR,Not Specified,Not Specified,MARGINAL,30.45,22.0
18/12/2024 15:00:00 - 18/12/2024 16:00:00,SCA|NO1,mFRR,Not Specified,Not Specified,MARGINAL,30.98,22.0
18/12/2024 16:00:00 - 18/12/2024 17:00:00,SCA|NO1,mFRR,Not Specified,Not Specified,MARGINAL,29.21,22.0
18/12/2024 17:00:00 - 18/12/2024 18:00:00,SCA|NO1,mFRR,Not Specified,Not Specified,MARGINAL,29.91,22.0
18/12/2024 18:00:00 - 18/12/2024 19:00:00,SCA|NO1,mFRR,Not Specified,Not Specified,MARGINAL,29.09,18.5
18/12/2024 19:00:00 - 18/12/2024 20:00:00,SCA|NO1,mFRR,Not Specified,Not Specified,MARGINAL,26.51,16.5
18/12/2024 20:00:00 - 18/12/2024 21:00:00,SCA|NO1,mFRR,Not Specified,Not Specified,MARGINAL,23.72,16.5
18/12/2024 21:00:00 - 18/12/2024 22:00:00,SCA|NO1,mFRR,Not Specified,Not Specified,MARGINAL,23.73,16.5
18/12/2024 22:00:00 - 18/12/2024 23:00:00,SCA|NO1,mFRR,Not Specified,Not Specified,MARGINAL,23.01,17.0
18/12/2024 23:00:00 - 19/12/2024 00:00:00,SCA|NO1,mFRR,Not Specified,Not Specified,MARGINAL,20.33,10.0
19/12/2024 00:00:00 - 19/12/2024 01:00:00,SCA|NO1,mFRR,Not Specified,Not Specified,MARGINAL,18.08,10.0
19/12/2024 01:00:00 - 19/12/2024 02:00:00,SCA|NO1,mFRR,Not Specified,Not Specified,MARGINAL,22.5,13.36
19/12/2024 02:00:00 - 19/12/2024 03:00:00,SCA|NO1,mFRR,Not Specified,Not Specified,MARGINAL,22.5,5.58
19/12/2024 03:00:00 - 19/12/2024 04:00:00,SCA|NO1,mFRR,Not Specified,Not Specified,MARGINAL,20.0,2.9
19/12/2024 04:00:00 - 19/12/2024 05:00:00,SCA|NO1,mFRR,Not Specified,Not Specified,MARGINAL,18.0,6.55
19/12/2024 05:00:00 - 19/12/2024 06:00:00,SCA|NO1,mFRR,Not Specified,Not Specified,MARGINAL,17.0,15.66
19/12/2024 06:00:00 - 19/12/2024 07:00:00,SCA|NO1,mFRR,Not Specified,Not Specified,MARGINAL,19.95,19.95
19/12/2024 07:00:00 - 19/12/2024 08:00:00,SCA|NO1,mFRR,Not Specified,Not Specified,MARGINAL,29.44,22.0
19/12/2024 08:00:00 - 19/12/2024 09:00:00,SCA|NO1,mFRR,Not Specified,Not Specified,MARGINAL,32.57,21.0
19/12/2024 09:00:00 - 19/12/2024 10:00:00,SCA|NO1,mFRR,Not Specified,Not Specified,MARGINAL,31.16,20.0
19/12/2024 10:00:00 - 19/12/2024 11:00:00,SCA|NO1,mFRR,Not Specified,Not Specified,MARGINAL,31.21,25.0
19/12/2024 11:00:00 - 19/12/2024 12:00:00,SCA|NO1,mFRR,Not Specified,Not Specified,MARGINAL,30.94,25.0
19/12/2024 12:00:00 - 19/12/2024 13:00:00,SCA|NO1,mFRR,Not Specified,Not Specified,MARGINAL,37.0,25.0
19/12/2024 13:00:00 - 19/12/2024 14:00:00,SCA|NO1,mFRR,Not Specified,Not Specified,MARGINAL,37.0,30.3
19/12/2024 14:00:00 - 19/12/2024 15:00:00,SCA|NO1,mFRR,Not Specified,Not Specified,MARGINAL,34.0,29.68
19/12/2024 15:00:00 - 19/12/2024 16:00:00,SCA|NO1,mFRR,Not Specified,Not Specified,MARGINAL,38.0,30.18
19/12/2024 16:00:00 - 19/12/2024 17:00:00,SCA|NO1,mFRR,Not Specified,Not Specified,MARGINAL,38.0,29.99
19/12/2024 17:00:00 - 19/12/2024 18:00:00,SCA|NO1,mFRR,Not Specified,Not Specified,MARGINAL,39.0,30.07
19/12/2024 18:00:00 - 19/12/2024 19:00:00,SCA|NO1,mFRR,Not Specified,Not Specified,MARGINAL,39.0,30.24
19/12/2024 19:00:00 - 19/12/2024 20:00:00,SCA|NO1,mFRR,Not Specified,Not Specified,MARGINAL,38.5,30.38
19/12/2024 20:00:00 - 19/12/2024 21:00:00,SCA|NO1,mFRR,Not Specified,Not Specified,MARGINAL,39.0,28.82
19/12/2024 21:00:00 - 19/12/2024 22:00:00,SCA|NO1,mFRR,Not Specified,Not Specified,MARGINAL,38.0,27.62
19/12/2024 22:00:00 - 19/12/2024 23:00:00,SCA|NO1,mFRR,Not Specified,Not Specified,MARGINAL,37.5,25.86
19/12/2024 23:00:00 - 20/12/2024 00:00:00,SCA|NO1,mFRR,Not Specified,Not Specified,MARGINAL,32.0,25.16
20/12/2024 00:00:00 - 20/12/2024 01:00:00,SCA|NO1,mFRR,Not Specified,Not Specified,MARGINAL,26.0,22.43
20/12/2024 01:00:00 - 20/12/2024 02:00:00,SCA|NO1,mFRR,Not Specified,Not Specified,MARGINAL,21.82,21.82
20/12/2024 02:00:00 - 20/12/2024 03:00:00,SCA|NO1,mFRR,Not Specified,Not Specified,MARGINAL,24.0,16.88
20/12/2024 03:00:00 - 20/12/2024 04:00:00,SCA|NO1,mFRR,Not Specified,Not Specified,MARGINAL,24.0,16.77
20/12/2024 04:00:00 - 20/12/2024 05:00:00,SCA|NO1,mFRR,Not Specified,Not Specified,MARGINAL,24.0,18.29
20/12/2024 05:00:00 - 20/12/2024 06:00:00,SCA|NO1,mFRR,Not Specified,Not Specified,MARGINAL,24.0,21.71
20/12/2024 06:00:00 - 20/12/2024 07:00:00,SCA|NO1,mFRR,Not Specified,Not Specified,MARGINAL,25.87,24.37
20/12/2024 07:00:00 - 20/12/2024 08:00:00,SCA|NO1,mFRR,Not Specified,Not Specified,MARGINAL,33.0,26.02
20/12/2024 08:00:00 - 20/12/2024 09:00:00,SCA|NO1,mFRR,Not Specified,Not Specified,MARGINAL,35.0,26.99
20/12/2024 09:00:00 - 20/12/2024 10:00:00,SCA|NO1,mFRR,Not Specified,Not Specified,MARGINAL,35.0,28.23
20/12/2024 10:00:00 - 20/12/2024 11:00:00,SCA|NO1,mFRR,Not Specified,Not Specified,MARGINAL,28.31,28.31
20/12/2024 11:00:00 - 20/12/2024 12:00:00,SCA|NO1,mFRR,Not Specified,Not Specified,MARGINAL,28.24,28.24
20/12/2024 12:00:00 - 20/12/2024 13:00:00,SCA|NO1,mFRR,Not Specified,Not Specified,MARGINAL,28.14,28.14
20/12/2024 13:00:00 - 20/12/2024 14:00:00,SCA|NO1,mFRR,Not Specified,Not Specified,MARGINAL,33.0,28.36
20/12/2024 14:00:00 - 20/12/2024 15:00:00,SCA|NO1,mFRR,Not Specified,Not Specified,MARGINAL,36.72,29.61
20/12/2024 15:00:00 - 20/12/2024 16:00:00,SCA|NO1,mFRR,Not Specified,Not Specified,MARGINAL,45.0,32.07
20/12/2024 16:00:00 - 20/12/2024 17:00:00,SCA|NO1,mFRR,Not Specified,Not Specified,MARGINAL,45.0,32.23
20/12/2024 17:00:00 - 20/12/2024 18:00:00,SCA|NO1,mFRR,Not Specified,Not Specified,MARGINAL,45.5,32.03
20/12/2024 18:00:00 - 20/12/2024 19:00:00,SCA|NO1,mFRR,Not Specified,Not Specified,MARGINAL,45.5,30.88
20/12/2024 19:00:00 - 20/12/2024 20:00:00,SCA|NO1,mFRR,Not Specified,Not Specified,MARGINAL,44.5,29.84
20/12/2024 20:00:00 - 20/12/2024 21:00:00,SCA|NO1,mFRR,Not Specified,Not Specified,MARGINAL,40.5,28.33
20/12/2024 21:00:00 - 20/12/2024 22:00:00,SCA|NO1,mFRR,Not Specified,Not Specified,MARGINAL,39.5,26.58
20/12/2024 22:00:00 - 20/12/2024 23:00:00,SCA|NO1,mFRR,Not Specified,Not Specified,MARGINAL,37.5,25.37
20/12/2024 23:00:00 - 21/12/2024 00:00:00,SCA|NO1,mFRR,Not Specified,Not Specified,MARGINAL,32.5,23.79
21/12/2024 00:00:00 - 21/12/2024 01:00:00,SCA|NO1,mFRR,Not Specified,Not Specified,MARGINAL,28.0,25.42
21/12/2024 01:00:00 - 21/12/2024 02:00:00,SCA|NO1,mFRR,Not Specified,Not Specified,MARGINAL,26.0,23.9
21/12/2024 02:00:00 - 21/12/2024 03:00:00,SCA|NO1,mFRR,Not Specified,Not Specified,MARGINAL,22.93,9.0
21/12/2024 03:00:00 - 21/12/2024 04:00:00,SCA|NO1,mFRR,Not Specified,Not Specified,MARGINAL,21.26,9.0
21/12/2024 04:00:00 - 21/12/2024 05:00:00,SCA|NO1,mFRR,Not Specified,Not Specified,MARGINAL,19.8,9.0
21/12/2024 05:00:00 - 21/12/2024 06:00:00,SCA|NO1,mFRR,Not Specified,Not Specified,MARGINAL,22.03,10.0
21/12/2024 06:00:00 - 21/12/2024 07:00:00,SCA|NO1,mFRR,Not Specified,Not Specified,MARGINAL,21.19,5.82
21/12/2024 07:00:00 - 21/12/2024 08:00:00,SCA|NO1,mFRR,Not Specified,Not Specified,MARGINAL,23.21,11.0
21/12/2024 08:00:00 - 21/12/2024 09:00:00,SCA|NO1,mFRR,Not Specified,Not Specified,MARGINAL,25.0,17.16
21/12/2024 09:00:00 - 21/12/2024 10:00:00,SCA|NO1,mFRR,Not Specified,Not Specified,MARGINAL,28.98,21.0
21/12/2024 10:00:00 - 21/12/2024 11:00:00,SCA|NO1,mFRR,Not Specified,Not Specified,MARGINAL,29.93,20.0
21/12/2024 11:00:00 - 21/12/2024 12:00:00,SCA|NO1,mFRR,Not Specified,Not Specified,MARGINAL,29.75,17.5
21/12/2024 12:00:00 - 21/12/2024 13:00:00,SCA|NO1,mFRR,Not Specified,Not Specified,MARGINAL,29.44,15.5
21/12/2024 13:00:00 - 21/12/2024 14:00:00,SCA|NO1,mFRR,Not Specified,Not Specified,MARGINAL,28.87,15.5
21/12/2024 14:00:00 - 21/12/2024 15:00:00,SCA|NO1,mFRR,Not Specified,Not Specified,MARGINAL,26.94,17.5
21/12/2024 15:00:00 - 21/12/2024 16:00:00,SCA|NO1,mFRR,Not Specified,Not Specified,MARGINAL,27.24,17.5
21/12/2024 16:00:00 - 21/12/2024 17:00:00,SCA|NO1,mFRR,Not Specified,Not Specified,MARGINAL,29.01,20.5
21/12/2024 17:00:00 - 21/12/2024 18:00:00,SCA|NO1,mFRR,Not Specified,Not Specified,MARGINAL,32.0,29.19
21/12/2024 18:00:00 - 21/12/2024 19:00:00,SCA|NO1,mFRR,Not Specified,Not Specified,MARGINAL,28.0,27.15
21/12/2024 19:00:00 - 21/12/2024 20:00:00,SCA|NO1,mFRR,Not Specified,Not Specified,MARGINAL,24.5,17.5
21/12/2024 20:00:00 - 21/12/2024 21:00:00,SCA|NO1,mFRR,Not Specified,Not Specified,MARGINAL,19.56,10.0
21/12/2024 21:00:00 - 21/12/2024 22:00:00,SCA|NO1,mFRR,Not Specified,Not Specified,MARGINAL,13.06,4.0
21/12/2024 22:00:00 - 21/12/2024 23:00:00,SCA|NO1,mFRR,Not Specified,Not Specified,MARGINAL,10.48,4.0
21/12/2024 23:00:00 - 22/12/2024 00:00:00,SCA|NO1,mFRR,Not Specified,Not Specified,MARGINAL,4.86,2.0
22/12/2024 00:00:00 - 22/12/2024 01:00:00,SCA|NO1,mFRR,Not Specified,Not Specified,MARGINAL,7.62,7.62
22/12/2024 01:00:00 - 22/12/2024 02:00:00,SCA|NO1,mFRR,Not Specified,Not Specified,MARGINAL,7.77,5.0
22/12/2024 02:00:00 - 22/12/2024 03:00:00,SCA|NO1,mFRR,Not Specified,Not Specified,MARGINAL,5.85,2.5
22/12/2024 03:00:00 - 22/12/2024 04:00:00,SCA|NO1,mFRR,Not Specified,Not Specified,MARGINAL,5.63,0.0
22/12/2024 04:00:00 - 22/12/2024 05:00:00,SCA|NO1,mFRR,Not Specified,Not Specified,MARGINAL,5.77,2.0
22/12/2024 05:00:00 - 22/12/2024 06:00:00,SCA|NO1,mFRR,Not Specified,Not Specified,MARGINAL,5.42,2.0
22/12/2024 06:00:00 - 22/12/2024 07:00:00,SCA|NO1,mFRR,Not Specified,Not Specified,MARGINAL,4.94,4.0
22/12/2024 07:00:00 - 22/12/2024 08:00:00,SCA|NO1,mFRR,Not Specified,Not Specified,MARGINAL,4.67,2.5
22/12/2024 08:00:00 - 22/12/2024 09:00:00,SCA|NO1,mFRR,Not Specified,Not Specified,MARGINAL,7.04,3.0
22/12/2024 09:00:00 - 22/12/2024 10:00:00,SCA|NO1,mFRR,Not Specified,Not Specified,MARGINAL,22.46,17.5
22/12/2024 10:00:00 - 22/12/2024 11:00:00,SCA|NO1,mFRR,Not Specified,Not Specified,MARGINAL,22.1,19.0
22/12/2024 11:00:00 - 22/12/2024 12:00:00,SCA|NO1,mFRR,Not Specified,Not Specified,MARGINAL,24.34,21.44
22/12/2024 12:00:00 - 22/12/2024 13:00:00,SCA|NO1,mFRR,Not Specified,Not Specified,MARGINAL,24.33,24.33
22/12/2024 13:00:00 - 22/12/2024 14:00:00,SCA|NO1,mFRR,Not Specified,Not Specified,MARGINAL,25.96,23.0
22/12/2024 14:00:00 - 22/12/2024 15:00:00,SCA|NO1,mFRR,Not Specified,Not Specified,MARGINAL,29.9,23.0
22/12/2024 15:00:00 - 22/12/2024 16:00:00,SCA|NO1,mFRR,Not Specified,Not Specified,MARGINAL,32.55,26.0
22/12/2024 16:00:00 - 22/12/2024 17:00:00,SCA|NO1,mFRR,Not Specified,Not Specified,MARGINAL,38.41,26.5
22/12/2024 17:00:00 - 22/12/2024 18:00:00,SCA|NO1,mFRR,Not Specified,Not Specified,MARGINAL,44.01,24.5
22/12/2024 18:00:00 - 22/12/2024 19:00:00,SCA|NO1,mFRR,Not Specified,Not Specified,MARGINAL,43.1,26.81
22/12/2024 19:00:00 - 22/12/2024 20:00:00,SCA|NO1,mFRR,Not Specified,Not Specified,MARGINAL,37.52,37.52
22/12/2024 20:00:00 - 22/12/2024 21:00:00,SCA|NO1,mFRR,Not Specified,Not Specified,MARGINAL,34.9,27.0
22/12/2024 21:00:00 - 22/12/2024 22:00:00,SCA|NO1,mFRR,Not Specified,Not Specified,MARGINAL,32.18,27.0
22/12/2024 22:00:00 - 22/12/2024 23:00:00,SCA|NO1,mFRR,Not Specified,Not Specified,MARGINAL,31.57,26.0
22/12/2024 23:00:00 - 23/12/2024 00:00:00,SCA|NO1,mFRR,Not Specified,Not Specified,MARGINAL,27.4,21.5
23/12/2024 00:00:00 - 23/12/2024 01:00:00,SCA|NO1,mFRR,Not Specified,Not Specified,MARGINAL,26.54,19.5
23/12/2024 01:00:00 - 23/12/2024 02:00:00,SCA|NO1,mFRR,Not Specified,Not Specified,MARGINAL,22.73,20.0
23/12/2024 02:00:00 - 23/12/2024 03:00:00,SCA|NO1,mFRR,Not Specified,Not Specified,MARGINAL,15.66,15.66
23/12/2024 03:00:00 - 23/12/2024 04:00:00,SCA|NO1,mFRR,Not Specified,Not Specified,MARGINAL,9.44,9.44
23/12/2024 04:00:00 - 23/12/2024 05:00:00,SCA|NO1,mFRR,Not Specified,Not Specified,MARGINAL,10.5,6.47
23/12/2024 05:00:00 - 23/12/2024 06:00:00,SCA|NO1,mFRR,Not Specified,Not Specified,MARGINAL,18.88,10.0
23/12/2024 06:00:00 - 23/12/2024 07:00:00,SCA|NO1,mFRR,Not Specified,Not Specified,MARGINAL,25.74,22.0
23/12/2024 07:00:00 - 23/12/2024 08:00:00,SCA|NO1,mFRR,Not Specified,Not Specified,MARGINAL,36.56,22.0
23/12/2024 08:00:00 - 23/12/2024 09:00:00,SCA|NO1,mFRR,Not Specified,Not Specified,MARGINAL,47.02,24.0
23/12/2024 09:00:00 - 23/12/2024 10:00:00,SCA|NO1,mFRR,Not Specified,Not Specified,MARGINAL,47.18,27.0
23/12/2024 10:00:00 - 23/12/2024 11:00:00,SCA|NO1,mFRR,Not Specified,Not Specified,MARGINAL,43.15,27.0
23/12/2024 11:00:00 - 23/12/2024 12:00:00,SCA|NO1,mFRR,Not Specified,Not Specified,MARGINAL,42.64,27.0
23/12/2024 12:00:00 - 23/12/2024 13:00:00,SCA|NO1,mFRR,Not Specified,Not Specified,MARGINAL,44.39,27.0
23/12/2024 13:00:00 - 23/12/2024 14:00:00,SCA|NO1,mFRR,Not Specified,Not Specified,MARGINAL,45.01,27.0
23/12/2024 14:00:00 - 23/12/2024 15:00:00,SCA|NO1,mFRR,Not Specified,Not Specified,MARGINAL,50.08,28.5
23/12/2024 15:00:00 - 23/12/2024 16:00:00,SCA|NO1,mFRR,Not Specified,Not Specified,MARGINAL,59.53,32.5
23/12/2024 16:00:00 - 23/12/2024 17:00:00,SCA|NO1,mFRR,Not Specified,Not Specified,MARGINAL,66.67,66.67
23/12/2024 17:00:00 - 23/12/2024 18:00:00,SCA|NO1,mFRR,Not Specified,Not Specified,MARGINAL,78.18,78.18
23/12/2024 18:00:00 - 23/12/2024 19:00:00,SCA|NO1,mFRR,Not Specified,Not Specified,MARGINAL,80.64,48.0
23/12/2024 19:00:00 - 23/12/2024 20:00:00,SCA|NO1,mFRR,Not Specified,Not Specified,MARGINAL,76.43,39.54
23/12/2024 20:00:00 - 23/12/2024 21:00:00,SCA|NO1,mFRR,Not Specified,Not Specified,MARGINAL,70.15,40.0
23/12/2024 21:00:00 - 23/12/2024 22:00:00,SCA|NO1,mFRR,Not Specified,Not Specified,MARGINAL,69.21,40.0
23/12/2024 22:00:00 - 23/12/2024 23:00:00,SCA|NO1,mFRR,Not Specified,Not Specified,MARGINAL,49.79,40.0
23/12/2024 23:00:00 - 24/12/2024 00:00:00,SCA|NO1,mFRR,Not Specified,Not Specified,MARGINAL,39.15,39.15
24/12/2024 00:00:00 - 24/12/2024 01:00:00,SCA|NO1,mFRR,Not Specified,Not Specified,MARGINAL,35.0,33.16
24/12/2024 01:00:00 - 24/12/2024 02:00:00,SCA|NO1,mFRR,Not Specified,Not Specified,MARGINAL,39.5,32.29
24/12/2024 02:00:00 - 24/12/2024 03:00:00,SCA|NO1,mFRR,Not Specified,Not Specified,MARGINAL,39.5,31.71
24/12/2024 03:00:00 - 24/12/2024 04:00:00,SCA|NO1,mFRR,Not Specified,Not Specified,MARGINAL,39.0,31.8
24/12/2024 04:00:00 - 24/12/2024 05:00:00,SCA|NO1,mFRR,Not Specified,Not Specified,MARGINAL,39.0,31.34
24/12/2024 05:00:00 - 24/12/2024 06:00:00,SCA|NO1,mFRR,Not Specified,Not Specified,MARGINAL,31.26,31.26
24/12/2024 06:00:00 - 24/12/2024 07:00:00,SCA|NO1,mFRR,Not Specified,Not Specified,MARGINAL,36.0,32.78
24/12/2024 07:00:00 - 24/12/2024 08:00:00,SCA|NO1,mFRR,Not Specified,Not Specified,MARGINAL,35.01,35.01
24/12/2024 08:00:00 - 24/12/2024 09:00:00,SCA|NO1,mFRR,Not Specified,Not Specified,MARGINAL,33.91,33.91
24/12/2024 09:00:00 - 24/12/2024 10:00:00,SCA|NO1,mFRR,Not Specified,Not Specified,MARGINAL,36.13,36.13
24/12/2024 10:00:00 - 24/12/2024 11:00:00,SCA|NO1,mFRR,Not Specified,Not Specified,MARGINAL,37.9,37.9
24/12/2024 11:00:00 - 24/12/2024 12:00:00,SCA|NO1,mFRR,Not Specified,Not Specified,MARGINAL,39.68,39.68
24/12/2024 12:00:00 - 24/12/2024 13:00:00,SCA|NO1,mFRR,Not Specified,Not Specified,MARGINAL,39.0,37.23
24/12/2024 13:00:00 - 24/12/2024 14:00:00,SCA|NO1,mFRR,Not Specified,Not Specified,MARGINAL,36.0,34.85
24/12/2024 14:00:00 - 24/12/2024 15:00:00,SCA|NO1,mFRR,Not Specified,Not Specified,MARGINAL,34.5,34.5
24/12/2024 15:00:00 - 24/12/2024 16:00:00,SCA|NO1,mFRR,Not Specified,Not Specified,MARGINAL,36.0,33.95
24/12/2024 16:00:00 - 24/12/2024 17:00:00,SCA|NO1,mFRR,Not Specified,Not Specified,MARGINAL,35.0,33.14
24/12/2024 17:00:00 - 24/12/2024 18:00:00,SCA|NO1,mFRR,Not Specified,Not Specified,MARGINAL,31.29,31.29
24/12/2024 18:00:00 - 24/12/2024 19:00:00,SCA|NO1,mFRR,Not Specified,Not Specified,MARGINAL,27.06,26.81
24/12/2024 19:00:00 - 24/12/2024 20:00:00,SCA|NO1,mFRR,Not Specified,Not Specified,MARGINAL,26.23,26.23
24/12/2024 20:00:00 - 24/12/2024 21:00:00,SCA|NO1,mFRR,Not Specified,Not Specified,MARGINAL,30.08,30.08
24/12/2024 21:00:00 - 24/12/2024 22:00:00,SCA|NO1,mFRR,Not Specified,Not Specified,MARGINAL,30.22,30.22
24/12/2024 22:00:00 - 24/12/2024 23:00:00,SCA|NO1,mFRR,Not Specified,Not Specified,MARGINAL,24.02,24.02
24/12/2024 23:00:00 - 25/12/2024 00:00:00,SCA|NO1,mFRR,Not Specified,Not Specified,MARGINAL,23.77,23.77
25/12/2024 00:00:00 - 25/12/2024 01:00:00,SCA|NO1,mFRR,Not Specified,Not Specified,MARGINAL,22.91,22.0
25/12/2024 01:00:00 - 25/12/2024 02:00:00,SCA|NO1,mFRR,Not Specified,Not Specified,MARGINAL,21.19,20.5
25/12/2024 02:00:00 - 25/12/2024 03:00:00,SCA|NO1,mFRR,Not Specified,Not Specified,MARGINAL,15.2,15.2
25/12/2024 03:00:00 - 25/12/2024 04:00:00,SCA|NO1,mFRR,Not Specified,Not Specified,MARGINAL,16.66,16.66
25/12/2024 04:00:00 - 25/12/2024 05:00:00,SCA|NO1,mFRR,Not Specified,Not Specified,MARGINAL,17.82,17.82
25/12/2024 05:00:00 - 25/12/2024 06:00:00,SCA|NO1,mFRR,Not Specified,Not Specified,MARGINAL,16.73,16.73
25/12/2024 06:00:00 - 25/12/2024 07:00:00,SCA|NO1,mFRR,Not Specified,Not Specified,MARGINAL,19.72,19.72
25/12/2024 07:00:00 - 25/12/2024 08:00:00,SCA|NO1,mFRR,Not Specified,Not Specified,MARGINAL,25.55,24.0
25/12/2024 08:00:00 - 25/12/2024 09:00:00,SCA|NO1,mFRR,Not Specified,Not Specified,MARGINAL,21.42,21.42
25/12/2024 09:00:00 - 25/12/2024 10:00:00,SCA|NO1,mFRR,Not Specified,Not Specified,MARGINAL,26.0,24.0
25/12/2024 10:00:00 - 25/12/2024 11:00:00,SCA|NO1,mFRR,Not Specified,Not Specified,MARGINAL,28.97,23.5
25/12/2024 11:00:00 - 25/12/2024 12:00:00,SCA|NO1,mFRR,Not Specified,Not Specified,MARGINAL,29.76,23.5
25/12/2024 12:00:00 - 25/12/2024 13:00:00,SCA|NO1,mFRR,Not Specified,Not Specified,MARGINAL,29.63,22.0
25/12/2024 13:00:00 - 25/12/2024 14:00:00,SCA|NO1,mFRR,Not Specified,Not Specified,MARGINAL,28.41,24.0
25/12/2024 14:00:00 - 25/12/2024 15:00:00,SCA|NO1,mFRR,Not Specified,Not Specified,MARGINAL,26.25,24.0
25/12/2024 15:00:00 - 25/12/2024 16:00:00,SCA|NO1,mFRR,Not Specified,Not Specified,MARGINAL,27.44,27.44
25/12/2024 16:00:00 - 25/12/2024 17:00:00,SCA|NO1,mFRR,Not Specified,Not Specified,MARGINAL,29.09,23.0
25/12/2024 17:00:00 - 25/12/2024 18:00:00,SCA|NO1,mFRR,Not Specified,Not Specified,MARGINAL,28.95,22.0
25/12/2024 18:00:00 - 25/12/2024 19:00:00,SCA|NO1,mFRR,Not Specified,Not Specified,MARGINAL,29.77,22.0
25/12/2024 19:00:00 - 25/12/2024 20:00:00,SCA|NO1,mFRR,Not Specified,Not Specified,MARGINAL,26.01,22.0
25/12/2024 20:00:00 - 25/12/2024 21:00:00,SCA|NO1,mFRR,Not Specified,Not Specified,MARGINAL,26.89,-5.0
25/12/2024 21:00:00 - 25/12/2024 22:00:00,SCA|NO1,mFRR,Not Specified,Not Specified,MARGINAL,23.71,-5.0
25/12/2024 22:00:00 - 25/12/2024 23:00:00,SCA|NO1,mFRR,Not Specified,Not Specified,MARGINAL,23.45,-5.0
25/12/2024 23:00:00 - 26/12/2024 00:00:00,SCA|NO1,mFRR,Not Specified,Not Specified,MARGINAL,22.6,22.5
26/12/2024 00:00:00 - 26/12/2024 01:00:00,SCA|NO1,mFRR,Not Specified,Not Specified,MARGINAL,29.0,18.14
26/12/2024 01:00:00 - 26/12/2024 02:00:00,SCA|NO1,mFRR,Not Specified,Not Specified,MARGINAL,29.0,17.47
26/12/2024 02:00:00 - 26/12/2024 03:00:00,SCA|NO1,mFRR,Not Specified,Not Specified,MARGINAL,16.72,16.72
26/12/2024 03:00:00 - 26/12/2024 04:00:00,SCA|NO1,mFRR,Not Specified,Not Specified,MARGINAL,23.73,20.0
26/12/2024 04:00:00 - 26/12/2024 05:00:00,SCA|NO1,mFRR,Not Specified,Not Specified,MARGINAL,24.1,20.0
26/12/2024 05:00:00 - 26/12/2024 06:00:00,SCA|NO1,mFRR,Not Specified,Not Specified,MARGINAL,23.37,20.0
26/12/2024 06:00:00 - 26/12/2024 07:00:00,SCA|NO1,mFRR,Not Specified,Not Specified,MARGINAL,11.89,11.89
26/12/2024 07:00:00 - 26/12/2024 08:00:00,SCA|NO1,mFRR,Not Specified,Not Specified,MARGINAL,19.5,19.5
26/12/2024 08:00:00 - 26/12/2024 09:00:00,SCA|NO1,mFRR,Not Specified,Not Specified,MARGINAL,17.38,17.38
26/12/2024 09:00:00 - 26/12/2024 10:00:00,SCA|NO1,mFRR,Not Specified,Not Specified,MARGINAL,20.76,20.76
26/12/2024 10:00:00 - 26/12/2024 11:00:00,SCA|NO1,mFRR,Not Specified,Not Specified,MARGINAL,23.32,22.0
26/12/2024 11:00:00 - 26/12/2024 12:00:00,SCA|NO1,mFRR,Not Specified,Not Specified,MARGINAL,27.8,23.0
26/12/2024 12:00:00 - 26/12/2024 13:00:00,SCA|NO1,mFRR,Not Specified,Not Specified,MARGINAL,25.23,25.23
26/12/2024 13:00:00 - 26/12/2024 14:00:00,SCA|NO1,mFRR,Not Specified,Not Specified,MARGINAL,25.3,25.3
26/12/2024 14:00:00 - 26/12/2024 15:00:00,SCA|NO1,mFRR,Not Specified,Not Specified,MARGINAL,28.5,28.5
26/12/2024 15:00:00 - 26/12/2024 16:00:00,SCA|NO1,mFRR,Not Specified,Not Specified,MARGINAL,30.07,30.07
26/12/2024 16:00:00 - 26/12/2024 17:00:00,SCA|NO1,mFRR,Not Specified,Not Specified,MARGINAL,34.02,34.02
26/12/2024 17:00:00 - 26/12/2024 18:00:00,SCA|NO1,mFRR,Not Specified,Not Specified,MARGINAL,32.91,32.91
26/12/2024 18:00:00 - 26/12/2024 19:00:00,SCA|NO1,mFRR,Not Specified,Not Specified,MARGINAL,32.79,32.79
26/12/2024 19:00:00 - 26/12/2024 20:00:00,SCA|NO1,mFRR,Not Specified,Not Specified,MARGINAL,32.22,32.22
26/12/2024 20:00:00 - 26/12/2024 21:00:00,SCA|NO1,mFRR,Not Specified,Not Specified,MARGINAL,29.95,29.95
26/12/2024 21:00:00 - 26/12/2024 22:00:00,SCA|NO1,mFRR,Not Specified,Not Specified,MARGINAL,27.95,27.95
26/12/2024 22:00:00 - 26/12/2024 23:00:00,SCA|NO1,mFRR,Not Specified,Not Specified,MARGINAL,26.98,26.98
26/12/2024 23:00:00 - 27/12/2024 00:00:00,SCA|NO1,mFRR,Not Specified,Not Specified,MARGINAL,25.91,25.91
27/12/2024 00:00:00 - 27/12/2024 01:00:00,SCA|NO1,mFRR,Not Specified,Not Specified,MARGINAL,36.0,25.74
27/12/2024 01:00:00 - 27/12/2024 02:00:00,SCA|NO1,mFRR,Not Specified,Not Specified,MARGINAL,35.0,25.3
27/12/2024 02:00:00 - 27/12/2024 03:00:00,SCA|NO1,mFRR,Not Specified,Not Specified,MARGINAL,34.0,25.31
27/12/2024 03:00:00 - 27/12/2024 04:00:00,SCA|NO1,mFRR,Not Specified,Not Specified,MARGINAL,33.0,22.3
27/12/2024 04:00:00 - 27/12/2024 05:00:00,SCA|NO1,mFRR,Not Specified,Not Specified,MARGINAL,28.0,19.36
27/12/2024 05:00:00 - 27/12/2024 06:00:00,SCA|NO1,mFRR,Not Specified,Not Specified,MARGINAL,29.35,29.35
27/12/2024 06:00:00 - 27/12/2024 07:00:00,SCA|NO1,mFRR,Not Specified,Not Specified,MARGINAL,31.52,31.52
27/12/2024 07:00:00 - 27/12/2024 08:00:00,SCA|NO1,mFRR,Not Specified,Not Specified,MARGINAL,34.07,34.07
27/12/2024 08:00:00 - 27/12/2024 09:00:00,SCA|NO1,mFRR,Not Specified,Not Specified,MARGINAL,36.63,36.63
27/12/2024 09:00:00 - 27/12/2024 10:00:00,SCA|NO1,mFRR,Not Specified,Not Specified,MARGINAL,36.67,36.67
27/12/2024 10:00:00 - 27/12/2024 11:00:00,SCA|NO1,mFRR,Not Specified,Not Specified,MARGINAL,36.99,36.99
27/12/2024 11:00:00 - 27/12/2024 12:00:00,SCA|NO1,mFRR,Not Specified,Not Specified,MARGINAL,37.05,37.05
27/12/2024 12:00:00 - 27/12/2024 13:00:00,SCA|NO1,mFRR,Not Specified,Not Specified,MARGINAL,37.08,37.08
27/12/2024 13:00:00 - 27/12/2024 14:00:00,SCA|NO1,mFRR,Not Specified,Not Specified,MARGINAL,37.22,37.22
27/12/2024 14:00:00 - 27/12/2024 15:00:00,SCA|NO1,mFRR,Not Specified,Not Specified,MARGINAL,40.0,37.44
27/12/2024 15:00:00 - 27/12/2024 16:00:00,SCA|NO1,mFRR,Not Specified,Not Specified,MARGINAL,41.0,37.67
27/12/2024 16:00:00 - 27/12/2024 17:00:00,SCA|NO1,mFRR,Not Specified,Not Specified,MARGINAL,44.0,37.83
27/12/2024 17:00:00 - 27/12/2024 18:00:00,SCA|NO1,mFRR,Not Specified,Not Specified,MARGINAL,44.0,37.95
27/12/2024 18:00:00 - 27/12/2024 19:00:00,SCA|NO1,mFRR,Not Specified,Not Specified,MARGINAL,44.0,36.13
27/12/2024 19:00:00 - 27/12/2024 20:00:00,SCA|NO1,mFRR,Not Specified,Not Specified,MARGINAL,44.0,34.4
27/12/2024 20:00:00 - 27/12/2024 21:00:00,SCA|NO1,mFRR,Not Specified,Not Specified,MARGINAL,43.5,33.39
27/12/2024 21:00:00 - 27/12/2024 22:00:00,SCA|NO1,mFRR,Not Specified,Not Specified,MARGINAL,39.5,31.59
27/12/2024 22:00:00 - 27/12/2024 23:00:00,SCA|NO1,mFRR,Not Specified,Not Specified,MARGINAL,39.5,31.06
27/12/2024 23:00:00 - 28/12/2024 00:00:00,SCA|NO1,mFRR,Not Specified,Not Specified,MARGINAL,39.5,29.07
28/12/2024 00:00:00 - 28/12/2024 01:00:00,SCA|NO1,mFRR,Not Specified,Not Specified,MARGINAL,34.0,29.16
28/12/2024 01:00:00 - 28/12/2024 02:00:00,SCA|NO1,mFRR,Not Specified,Not Specified,MARGINAL,30.0,26.78
28/12/2024 02:00:00 - 28/12/2024 03:00:00,SCA|NO1,mFRR,Not Specified,Not Specified,MARGINAL,30.0,24.77
28/12/2024 03:00:00 - 28/12/2024 04:00:00,SCA|NO1,mFRR,Not Specified,Not Specified,MARGINAL,30.0,23.66
28/12/2024 04:00:00 - 28/12/2024 05:00:00,SCA|NO1,mFRR,Not Specified,Not Specified,MARGINAL,30.0,23.92
28/12/2024 05:00:00 - 28/12/2024 06:00:00,SCA|NO1,mFRR,Not Specified,Not Specified,MARGINAL,30.0,23.58
28/12/2024 06:00:00 - 28/12/2024 07:00:00,SCA|NO1,mFRR,Not Specified,Not Specified,MARGINAL,29.0,24.74
28/12/2024 07:00:00 - 28/12/2024 08:00:00,SCA|NO1,mFRR,Not Specified,Not Specified,MARGINAL,29.0,26.77
28/12/2024 08:00:00 - 28/12/2024 09:00:00,SCA|NO1,mFRR,Not Specified,Not Specified,MARGINAL,29.68,29.68
28/12/2024 09:00:00 - 28/12/2024 10:00:00,SCA|NO1,mFRR,Not Specified,Not Specified,MARGINAL,31.17,31.17
28/12/2024 10:00:00 - 28/12/2024 11:00:00,SCA|NO1,mFRR,Not Specified,Not Specified,MARGINAL,33.0,31.27
28/12/2024 11:00:00 - 28/12/2024 12:00:00,SCA|NO1,mFRR,Not Specified,Not Specified,MARGINAL,38.0,31.39
28/12/2024 12:00:00 - 28/12/2024 13:00:00,SCA|NO1,mFRR,Not Specified,Not Specified,MARGINAL,38.0,33.04
28/12/2024 13:00:00 - 28/12/2024 14:00:00,SCA|NO1,mFRR,Not Specified,Not Specified,MARGINAL,38.0,31.04
28/12/2024 14:00:00 - 28/12/2024 15:00:00,SCA|NO1,mFRR,Not Specified,Not Specified,MARGINAL,38.5,31.39
28/12/2024 15:00:00 - 28/12/2024 16:00:00,SCA|NO1,mFRR,Not Specified,Not Specified,MARGINAL,38.5,31.59
28/12/2024 16:00:00 - 28/12/2024 17:00:00,SCA|NO1,mFRR,Not Specified,Not Specified,MARGINAL,38.5,31.67
28/12/2024 17:00:00 - 28/12/2024 18:00:00,SCA|NO1,mFRR,Not Specified,Not Specified,MARGINAL,38.0,31.62
28/12/2024 18:00:00 - 28/12/2024 19:00:00,SCA|NO1,mFRR,Not Specified,Not Specified,MARGINAL,38.0,31.32
28/12/2024 19:00:00 - 28/12/2024 20:00:00,SCA|NO1,mFRR,Not Specified,Not Specified,MARGINAL,36.5,27.92
28/12/2024 20:00:00 - 28/12/2024 21:00:00,SCA|NO1,mFRR,Not Specified,Not Specified,MARGINAL,35.5,25.4
28/12/2024 21:00:00 - 28/12/2024 22:00:00,SCA|NO1,mFRR,Not Specified,Not Specified,MARGINAL,35.0,25.04
28/12/2024 22:00:00 - 28/12/2024 23:00:00,SCA|NO1,mFRR,Not Specified,Not Specified,MARGINAL,33.0,24.49
28/12/2024 23:00:00 - 29/12/2024 00:00:00,SCA|NO1,mFRR,Not Specified,Not Specified,MARGINAL,31.0,23.42
29/12/2024 00:00:00 - 29/12/2024 01:00:00,SCA|NO1,mFRR,Not Specified,Not Specified,MARGINAL,28.16,28.16
29/12/2024 01:00:00 - 29/12/2024 02:00:00,SCA|NO1,mFRR,Not Specified,Not Specified,MARGINAL,18.36,18.36
29/12/2024 02:00:00 - 29/12/2024 03:00:00,SCA|NO1,mFRR,Not Specified,Not Specified,MARGINAL,18.2,18.2
29/12/2024 03:00:00 - 29/12/2024 04:00:00,SCA|NO1,mFRR,Not Specified,Not Specified,MARGINAL,17.99,17.99
29/12/2024 04:00:00 - 29/12/2024 05:00:00,SCA|NO1,mFRR,Not Specified,Not Specified,MARGINAL,18.31,18.31
29/12/2024 05:00:00 - 29/12/2024 06:00:00,SCA|NO1,mFRR,Not Specified,Not Specified,MARGINAL,16.45,16.45
29/12/2024 06:00:00 - 29/12/2024 07:00:00,SCA|NO1,mFRR,Not Specified,Not Specified,MARGINAL,16.72,16.72
29/12/2024 07:00:00 - 29/12/2024 08:00:00,SCA|NO1,mFRR,Not Specified,Not Specified,MARGINAL,20.71,20.71
29/12/2024 08:00:00 - 29/12/2024 09:00:00,SCA|NO1,mFRR,Not Specified,Not Specified,MARGINAL,27.7,21.5
29/12/2024 09:00:00 - 29/12/2024 10:00:00,SCA|NO1,mFRR,Not Specified,Not Specified,MARGINAL,28.21,21.5
29/12/2024 10:00:00 - 29/12/2024 11:00:00,SCA|NO1,mFRR,Not Specified,Not Specified,MARGINAL,28.01,23.0
29/12/2024 11:00:00 - 29/12/2024 12:00:00,SCA|NO1,mFRR,Not Specified,Not Specified,MARGINAL,27.77,27.77
29/12/2024 12:00:00 - 29/12/2024 13:00:00,SCA|NO1,mFRR,Not Specified,Not Specified,MARGINAL,27.16,27.16
29/12/2024 13:00:00 - 29/12/2024 14:00:00,SCA|NO1,mFRR,Not Specified,Not Specified,MARGINAL,26.51,26.51
29/12/2024 14:00:00 - 29/12/2024 15:00:00,SCA|NO1,mFRR,Not Specified,Not Specified,MARGINAL,28.5,25.97
29/12/2024 15:00:00 - 29/12/2024 16:00:00,SCA|NO1,mFRR,Not Specified,Not Specified,MARGINAL,29.0,25.92
29/12/2024 16:00:00 - 29/12/2024 17:00:00,SCA|NO1,mFRR,Not Specified,Not Specified,MARGINAL,30.0,27.33
29/12/2024 17:00:00 - 29/12/2024 18:00:00,SCA|NO1,mFRR,Not Specified,Not Specified,MARGINAL,30.0,27.94
29/12/2024 18:00:00 - 29/12/2024 19:00:00,SCA|NO1,mFRR,Not Specified,Not Specified,MARGINAL,29.0,26.34
29/12/2024 19:00:00 - 29/12/2024 20:00:00,SCA|NO1,mFRR,Not Specified,Not Specified,MARGINAL,32.0,25.53
29/12/2024 20:00:00 - 29/12/2024 21:00:00,SCA|NO1,mFRR,Not Specified,Not Specified,MARGINAL,32.0,24.75
29/12/2024 21:00:00 - 29/12/2024 22:00:00,SCA|NO1,mFRR,Not Specified,Not Specified,MARGINAL,28.0,24.37
29/12/2024 22:00:00 - 29/12/2024 23:00:00,SCA|NO1,mFRR,Not Specified,Not Specified,MARGINAL,28.0,23.54
29/12/2024 23:00:00 - 30/12/2024 00:00:00,SCA|NO1,mFRR,Not Specified,Not Specified,MARGINAL,28.0,22.52
30/12/2024 00:00:00 - 30/12/2024 01:00:00,SCA|NO1,mFRR,Not Specified,Not Specified,MARGINAL,32.0,27.0
30/12/2024 01:00:00 - 30/12/2024 02:00:00,SCA|NO1,mFRR,Not Specified,Not Specified,MARGINAL,29.0,25.54
30/12/2024 02:00:00 - 30/12/2024 03:00:00,SCA|NO1,mFRR,Not Specified,Not Specified,MARGINAL,24.41,24.41
30/12/2024 03:00:00 - 30/12/2024 04:00:00,SCA|NO1,mFRR,Not Specified,Not Specified,MARGINAL,26.54,26.54
30/12/2024 04:00:00 - 30/12/2024 05:00:00,SCA|NO1,mFRR,Not Specified,Not Specified,MARGINAL,25.41,25.41
30/12/2024 05:00:00 - 30/12/2024 06:00:00,SCA|NO1,mFRR,Not Specified,Not Specified,MARGINAL,27.36,27.36
30/12/2024 06:00:00 - 30/12/2024 07:00:00,SCA|NO1,mFRR,Not Specified,Not Specified,MARGINAL,29.15,29.15
30/12/2024 07:00:00 - 30/12/2024 08:00:00,SCA|NO1,mFRR,Not Specified,Not Specified,MARGINAL,30.25,30.25
30/12/2024 08:00:00 - 30/12/2024 09:00:00,SCA|NO1,mFRR,Not Specified,Not Specified,MARGINAL,31.83,24.13
30/12/2024 09:00:00 - 30/12/2024 10:00:00,SCA|NO1,mFRR,Not Specified,Not Specified,MARGINAL,32.88,24.13
30/12/2024 10:00:00 - 30/12/2024 11:00:00,SCA|NO1,mFRR,Not Specified,Not Specified,MARGINAL,35.19,35.19
30/12/2024 11:00:00 - 30/12/2024 12:00:00,SCA|NO1,mFRR,Not Specified,Not Specified,MARGINAL,35.61,35.61
30/12/2024 12:00:00 - 30/12/2024 13:00:00,SCA|NO1,mFRR,Not Specified,Not Specified,MARGINAL,33.77,33.77
30/12/2024 13:00:00 - 30/12/2024 14:00:00,SCA|NO1,mFRR,Not Specified,Not Specified,MARGINAL,33.49,33.49
30/12/2024 14:00:00 - 30/12/2024 15:00:00,SCA|NO1,mFRR,Not Specified,Not Specified,MARGINAL,33.64,33.64
30/12/2024 15:00:00 - 30/12/2024 16:00:00,SCA|NO1,mFRR,Not Specified,Not Specified,MARGINAL,34.98,34.98
30/12/2024 16:00:00 - 30/12/2024 17:00:00,SCA|NO1,mFRR,Not Specified,Not Specified,MARGINAL,37.04,37.04
30/12/2024 17:00:00 - 30/12/2024 18:00:00,SCA|NO1,mFRR,Not Specified,Not Specified,MARGINAL,36.52,36.52
30/12/2024 18:00:00 - 30/12/2024 19:00:00,SCA|NO1,mFRR,Not Specified,Not Specified,MARGINAL,34.35,34.35
30/12/2024 19:00:00 - 30/12/2024 20:00:00,SCA|NO1,mFRR,Not Specified,Not Specified,MARGINAL,32.0,31.33
30/12/2024 20:00:00 - 30/12/2024 21:00:00,SCA|NO1,mFRR,Not Specified,Not Specified,MARGINAL,35.0,31.65
30/12/2024 21:00:00 - 30/12/2024 22:00:00,SCA|NO1,mFRR,Not Specified,Not Specified,MARGINAL,35.0,31.91
30/12/2024 22:00:00 - 30/12/2024 23:00:00,SCA|NO1,mFRR,Not Specified,Not Specified,MARGINAL,33.5,32.0
30/12/2024 23:00:00 - 31/12/2024 00:00:00,SCA|NO1,mFRR,Not Specified,Not Specified,MARGINAL,32.0,31.95
31/12/2024 00:00:00 - 31/12/2024 01:00:00,SCA|NO1,mFRR,Not Specified,Not Specified,MARGINAL,32.0,27.82
31/12/2024 01:00:00 - 31/12/2024 02:00:00,SCA|NO1,mFRR,Not Specified,Not Specified,MARGINAL,31.0,27.59
31/12/2024 02:00:00 - 31/12/2024 03:00:00,SCA|NO1,mFRR,Not Specified,Not Specified,MARGINAL,30.0,26.64
31/12/2024 03:00:00 - 31/12/2024 04:00:00,SCA|NO1,mFRR,Not Specified,Not Specified,MARGINAL,30.0,28.46
31/12/2024 04:00:00 - 31/12/2024 05:00:00,SCA|NO1,mFRR,Not Specified,Not Specified,MARGINAL,30.0,29.67
31/12/2024 05:00:00 - 31/12/2024 06:00:00,SCA|NO1,mFRR,Not Specified,Not Specified,MARGINAL,29.35,29.35
31/12/2024 06:00:00 - 31/12/2024 07:00:00,SCA|NO1,mFRR,Not Specified,Not Specified,MARGINAL,27.69,27.69
31/12/2024 07:00:00 - 31/12/2024 08:00:00,SCA|NO1,mFRR,Not Specified,Not Specified,MARGINAL,32.08,23.0
31/12/2024 08:00:00 - 31/12/2024 09:00:00,SCA|NO1,mFRR,Not Specified,Not Specified,MARGINAL,34.98,23.0
31/12/2024 09:00:00 - 31/12/2024 10:00:00,SCA|NO1,mFRR,Not Specified,Not Specified,MARGINAL,37.62,23.5
31/12/2024 10:00:00 - 31/12/2024 11:00:00,SCA|NO1,mFRR,Not Specified,Not Specified,MARGINAL,38.67,25.0
31/12/2024 11:00:00 - 31/12/2024 12:00:00,SCA|NO1,mFRR,Not Specified,Not Specified,MARGINAL,36.7,27.0
31/12/2024 12:00:00 - 31/12/2024 13:00:00,SCA|NO1,mFRR,Not Specified,Not Specified,MARGINAL,35.0,32.59
31/12/2024 13:00:00 - 31/12/2024 14:00:00,SCA|NO1,mFRR,Not Specified,Not Specified,MARGINAL,36.0,32.46
31/12/2024 14:00:00 - 31/12/2024 15:00:00,SCA|NO1,mFRR,Not Specified,Not Specified,MARGINAL,39.0,31.22
31/12/2024 15:00:00 - 31/12/2024 16:00:00,SCA|NO1,mFRR,Not Specified,Not Specified,MARGINAL,45.0,32.48
31/12/2024 16:00:00 - 31/12/2024 17:00:00,SCA|NO1,mFRR,Not Specified,Not Specified,MARGINAL,45.0,32.44
31/12/2024 17:00:00 - 31/12/2024 18:00:00,SCA|NO1,mFRR,Not Specified,Not Specified,MARGINAL,45.0,32.46
31/12/2024 18:00:00 - 31/12/2024 19:00:00,SCA|NO1,mFRR,Not Specified,Not Specified,MARGINAL,42.0,31.36
31/12/2024 19:00:00 - 31/12/2024 20:00:00,SCA|NO1,mFRR,Not Specified,Not Specified,MARGINAL,40.0,31.1
31/12/2024 20:00:00 - 31/12/2024 21:00:00,SCA|NO1,mFRR,Not Specified,Not Specified,MARGINAL,32.0,29.37
31/12/2024 21:00:00 - 31/12/2024 22:00:00,SCA|NO1,mFRR,Not Specified,Not Specified,MARGINAL,24.08,24.08
31/12/2024 22:00:00 - 31/12/2024 23:00:00,SCA|NO1,mFRR,Not Specified,Not Specified,MARGINAL,20.62,20.62
